% time_sec delay_sec
0.149711 0.0496806
0.16269 0.0626594
0.167208 0.067178
0.168026 0.0679952
0.175437 0.0754064
0.176814 0.0767834
0.177227 0.0771962
0.177546 0.0775158
0.179203 0.0791727
0.179523 0.0794922
0.18006 0.0800295
0.181997 0.0819664
0.182316 0.0822859
0.182636 0.0826054
0.183982 0.0839513
0.184301 0.0842708
0.184621 0.0845904
0.18494 0.0849099
0.185571 0.0855404
0.18589 0.0858599
0.186241 0.0862105
0.186809 0.0867789
0.187129 0.0870984
0.187448 0.0874179
0.187448 0.0874179
0.188452 0.0884217
0.188772 0.0887412
0.188772 0.0887412
0.188772 0.0887412
0.189091 0.0890607
0.189091 0.0890607
0.189411 0.0893802
0.18973 0.0896997
0.190081 0.0900503
0.1904 0.0903698
0.19072 0.0906893
0.191039 0.0910088
0.191763 0.0917327
0.192083 0.0920522
0.192589 0.0925583
0.192908 0.0928778
0.193321 0.0932907
0.193641 0.0936102
0.193641 0.0936102
0.19396 0.0939297
0.19428 0.0942492
0.19428 0.0942492
0.19463 0.0945998
0.19495 0.0949193
0.195269 0.0952388
0.195269 0.0952388
0.196646 0.0966158
0.197308 0.0972775
0.197627 0.097597
0.198289 0.0982587
0.198671 0.0986404
0.199644 0.0996131
0.200678 0.100648
0.201091 0.101061
0.202406 0.102376
0.205338 0.105308
0.205658 0.105627
0.206288 0.106258
0.209127 0.109097
0.216383 0.116353
0.216889 0.116859
0.219697 0.119666
0.233142 0.133112
0.240678 0.140648
0.242428 0.142398
0.244614 0.144584
0.245369 0.145339
0.248674 0.148644
0.249678 0.0496711
0.252424 0.152393
0.253832 0.153802
0.258382 0.158351
0.260785 0.160755
0.261105 0.161074
0.261105 0.161074
0.262731 0.0627234
0.263206 0.163175
0.267164 0.0671571
0.268013 0.0680053
0.274833 0.174802
0.275463 0.0754561
0.276809 0.0768021
0.277222 0.0772149
0.277542 0.0775344
0.279167 0.0791603
0.279487 0.0794798
0.280024 0.080017
0.281961 0.0819539
0.282281 0.0822734
0.2826 0.0825929
0.283977 0.08397
0.284297 0.0842895
0.284616 0.084609
0.284936 0.0849285
0.285535 0.085528
0.285855 0.0858475
0.286267 0.0862603
0.286774 0.0867664
0.287093 0.0870859
0.287413 0.0874054
0.287413 0.0874054
0.288385 0.0883781
0.288705 0.0886976
0.288705 0.0886976
0.288705 0.0886976
0.289024 0.0890171
0.289024 0.0890171
0.289344 0.0893366
0.289663 0.0896561
0.290045 0.0900379
0.290365 0.0903574
0.290684 0.0906769
0.291004 0.0909964
0.291727 0.0917202
0.292047 0.0920397
0.292553 0.0925459
0.292873 0.0928654
0.293316 0.0933093
0.293636 0.0936288
0.293956 0.0939483
0.293956 0.0939483
0.294275 0.0942678
0.294275 0.0942678
0.294626 0.0946184
0.294945 0.0949379
0.295265 0.0952575
0.295265 0.0952575
0.296611 0.0966034
0.297303 0.0972961
0.297623 0.0976157
0.298191 0.098184
0.29876 0.0987523
0.29967 0.0996628
0.300674 0.100667
0.301087 0.101079
0.30237 0.102363
0.305303 0.105295
0.305622 0.105615
0.306408 0.106401
0.309092 0.109084
0.316347 0.11634
0.316853 0.116846
0.319692 0.119685
0.332951 0.132944
0.340704 0.140697
0.342393 0.142385
0.344672 0.144664
0.345395 0.145388
0.348639 0.148632
0.349705 0.0496897
0.352544 0.152536
0.353827 0.15382
0.358408 0.158401
0.360812 0.160804
0.361131 0.161124
0.361131 0.161124
0.362757 0.062742
0.363201 0.163194
0.367191 0.0671757
0.368008 0.0679929
0.374828 0.174821
0.375396 0.0753815
0.376805 0.0767896
0.377217 0.0772024
0.377537 0.0775219
0.379194 0.0791789
0.379513 0.0794984
0.380051 0.0800357
0.381956 0.0819415
0.382276 0.082261
0.382596 0.0825805
0.383973 0.0839575
0.384292 0.084277
0.384612 0.0845965
0.384931 0.0849161
0.385562 0.0855466
0.385881 0.0858661
0.386232 0.0862167
0.386769 0.086754
0.387088 0.0870735
0.387408 0.087393
0.387408 0.087393
0.388412 0.0883968
0.388731 0.0887163
0.388731 0.0887163
0.389051 0.0890358
0.389051 0.0890358
0.389051 0.0890358
0.38937 0.0893553
0.38969 0.0896748
0.390072 0.0900565
0.390391 0.090376
0.390711 0.0906955
0.39103 0.091015
0.391754 0.0917389
0.392073 0.0920584
0.392548 0.0925334
0.392868 0.0928529
0.393281 0.0932657
0.3936 0.0935853
0.3936 0.0935853
0.39392 0.0939048
0.394239 0.0942243
0.394239 0.0942243
0.394621 0.094606
0.394941 0.0949255
0.39526 0.095245
0.39526 0.095245
0.396637 0.096622
0.397299 0.0972837
0.397618 0.0976032
0.398187 0.0981715
0.398786 0.098771
0.399696 0.0996815
0.400607 0.100592
0.401082 0.101067
0.402366 0.102351
0.405329 0.105314
0.405649 0.105634
0.406279 0.106264
0.409274 0.109259
0.416374 0.116359
0.41688 0.116865
0.419688 0.119673
0.432946 0.132931
0.440669 0.140654
0.442481 0.142466
0.444605 0.14459
0.44536 0.145345
0.448665 0.14865
0.4497 0.0496773
0.452539 0.152524
0.453823 0.153808
0.458404 0.158389
0.460807 0.160792
0.461127 0.161112
0.461127 0.161112
0.462721 0.0626985
0.463196 0.163181
0.467186 0.0671633
0.468034 0.0680115
0.474792 0.174777
0.475454 0.0754312
0.4768 0.0767772
0.477244 0.0772211
0.477563 0.0775406
0.479189 0.0791665
0.479509 0.079486
0.480046 0.0800232
0.481983 0.0819601
0.482302 0.0822796
0.482622 0.0825991
0.483999 0.0839762
0.484319 0.0842957
0.484638 0.0846152
0.484958 0.0849347
0.485557 0.0855341
0.485876 0.0858537
0.486258 0.0862354
0.486858 0.0868348
0.487177 0.0871543
0.487497 0.0874738
0.487497 0.0874738
0.488407 0.0883843
0.488727 0.0887038
0.488727 0.0887038
0.489046 0.0890233
0.489046 0.0890233
0.489046 0.0890233
0.489366 0.0893428
0.489685 0.0896623
0.490098 0.0900752
0.490418 0.0903947
0.490737 0.0907142
0.491057 0.0910337
0.491749 0.0917264
0.492069 0.0920459
0.492575 0.0925521
0.492894 0.0928716
0.493338 0.0933155
0.493658 0.093635
0.493658 0.093635
0.493977 0.0939545
0.494297 0.094274
0.494297 0.094274
0.494616 0.0945935
0.494936 0.094913
0.495255 0.0952325
0.495255 0.0952325
0.496632 0.0966096
0.497294 0.0972712
0.497614 0.0975907
0.498337 0.0983146
0.498875 0.0988518
0.499661 0.0996379
0.50054 0.100517
0.501108 0.101086
0.502392 0.102369
0.505324 0.105302
0.505644 0.105621
0.506337 0.106314
0.509207 0.109184
0.516369 0.116346
0.516937 0.116915
0.519714 0.119691
0.533004 0.132981
0.540789 0.140766
0.542414 0.142392
0.544631 0.144608
0.545386 0.145363
0.548661 0.148638
0.549727 0.0496959
0.552534 0.152512
0.553818 0.153795
0.558399 0.158376
0.560802 0.16078
0.561122 0.161099
0.561122 0.161099
0.562717 0.062686
0.563223 0.1632
0.567213 0.0671819
0.56803 0.0679991
0.57485 0.174827
0.575481 0.0754499
0.576826 0.0767958
0.577239 0.0772086
0.577559 0.0775281
0.579216 0.0791851
0.579535 0.0795046
0.580041 0.0800108
0.581978 0.0819477
0.582298 0.0822672
0.582617 0.0825867
0.583994 0.0839637
0.584314 0.0842832
0.584633 0.0846027
0.584953 0.0849222
0.585552 0.0855217
0.585872 0.0858412
0.586254 0.0862229
0.586884 0.0868535
0.587204 0.087173
0.587523 0.0874925
0.587523 0.0874925
0.588403 0.0883719
0.588722 0.0886914
0.588722 0.0886914
0.588722 0.0886914
0.589042 0.0890109
0.589042 0.0890109
0.589361 0.0893304
0.589681 0.0896499
0.590093 0.0900627
0.590413 0.0903822
0.590732 0.0907017
0.591052 0.0910212
0.591745 0.091714
0.592064 0.0920335
0.59257 0.0925396
0.59289 0.0928591
0.593334 0.093303
0.593653 0.0936225
0.593973 0.0939421
0.593973 0.0939421
0.594292 0.0942616
0.594292 0.0942616
0.594643 0.0946122
0.594962 0.0949317
0.594962 0.0949317
0.595282 0.0952512
0.596659 0.0966282
0.597321 0.0972899
0.59764 0.0976094
0.598364 0.0983332
0.59887 0.0988394
0.599656 0.0996254
0.600691 0.10066
0.601104 0.101073
0.602388 0.102357
0.605351 0.10532
0.60567 0.10564
0.606332 0.106301
0.609202 0.109171
0.616396 0.116365
0.616933 0.116902
0.61971 0.119679
0.632968 0.132938
0.640691 0.14066
0.642503 0.142472
0.644627 0.144596
0.645382 0.145351
0.648656 0.148625
0.649691 0.0496835
0.652468 0.152437
0.653845 0.153814
0.658394 0.158364
0.660798 0.160767
0.661117 0.161087
0.661117 0.161087
0.662743 0.0627358
0.663218 0.163188
0.667177 0.0671695
0.668025 0.0680177
0.674814 0.174784
0.675383 0.0753752
0.676791 0.0767834
0.677204 0.0771962
0.677523 0.0775157
0.67918 0.0791727
0.6795 0.0794922
0.680037 0.0800294
0.681974 0.0819663
0.682293 0.0822858
0.682613 0.0826053
0.683959 0.0839513
0.684278 0.0842708
0.684598 0.0845903
0.684917 0.0849098
0.685548 0.0855403
0.685867 0.0858598
0.686218 0.0862105
0.686786 0.0867788
0.687106 0.0870983
0.687425 0.0874178
0.687425 0.0874178
0.688398 0.0883905
0.688717 0.08871
0.688717 0.08871
0.688717 0.08871
0.689037 0.0890295
0.689037 0.0890295
0.689356 0.089349
0.689676 0.0896685
0.690089 0.0900813
0.690408 0.0904009
0.690728 0.0907204
0.691047 0.0910399
0.69174 0.0917326
0.69206 0.0920521
0.692566 0.0925583
0.692885 0.0928778
0.693298 0.0932906
0.693617 0.0936101
0.693937 0.0939296
0.693937 0.0939296
0.694256 0.0942491
0.694256 0.0942491
0.694607 0.0945997
0.694927 0.0949192
0.695246 0.0952387
0.695246 0.0952387
0.696654 0.0966469
0.697285 0.0972774
0.697604 0.0975969
0.698266 0.0982586
0.698772 0.0987647
0.699683 0.0996752
0.700655 0.100648
0.701099 0.101092
0.702383 0.102376
0.705253 0.105246
0.705572 0.105565
0.706421 0.106413
0.709104 0.109097
0.71636 0.116352
0.716866 0.116859
0.719674 0.119666
0.732964 0.132956
0.740686 0.140679
0.742405 0.142398
0.744653 0.144646
0.745408 0.145401
0.748651 0.148644
0.749686 0.049671
0.752525 0.152518
0.753809 0.153802
0.758421 0.158413
0.760824 0.160817
0.761144 0.161136
0.761144 0.161136
0.762739 0.0627233
0.763182 0.163175
0.767172 0.067157
0.76802 0.0680053
0.77481 0.174802
0.775378 0.0753628
0.776817 0.076802
0.77723 0.0772148
0.77755 0.0775343
0.779175 0.0791602
0.779495 0.0794797
0.780032 0.0800169
0.781969 0.0819539
0.782289 0.0822734
0.782608 0.0825929
0.783985 0.0839699
0.784305 0.0842894
0.784624 0.0846089
0.784944 0.0849284
0.785543 0.0855279
0.785863 0.0858474
0.786244 0.0862291
0.786782 0.0867663
0.787101 0.0870858
0.787421 0.0874054
0.787421 0.0874054
0.788424 0.0884091
0.788744 0.0887287
0.788744 0.0887287
0.789063 0.0890482
0.789063 0.0890482
0.789063 0.0890482
0.789383 0.0893677
0.789702 0.0896872
0.790084 0.0900689
0.790404 0.0903884
0.790723 0.0907079
0.791043 0.0910274
0.791735 0.0917202
0.792055 0.0920397
0.792561 0.0925458
0.792881 0.0928653
0.793324 0.0933092
0.793644 0.0936287
0.793963 0.0939482
0.793963 0.0939482
0.794283 0.0942678
0.794283 0.0942678
0.794634 0.0946184
0.794953 0.0949379
0.794953 0.0949379
0.795273 0.0952574
0.796619 0.0966033
0.797311 0.0972961
0.797631 0.0976156
0.798324 0.0983083
0.798705 0.0986901
0.799647 0.0996316
0.800682 0.100667
0.801095 0.101079
0.802378 0.102363
0.805311 0.105295
0.80563 0.105615
0.806323 0.106308
0.809193 0.109178
0.816355 0.11634
0.816924 0.116908
0.8197 0.119685
0.83299 0.132975
0.840806 0.140791
0.842401 0.142385
0.84468 0.144664
0.845372 0.145357
0.848647 0.148631
0.849713 0.0496897
0.852521 0.152505
0.853835 0.15382
0.858385 0.15837
0.860789 0.160773
0.861108 0.161093
0.861108 0.161093
0.862734 0.0627108
0.863209 0.163194
0.867199 0.0671756
0.868016 0.0679928
0.874836 0.174821
0.875467 0.0754436
0.876813 0.0767895
0.877225 0.0772024
0.877545 0.0775219
0.879202 0.0791789
0.879521 0.0794984
0.880059 0.0800356
0.881964 0.0819414
0.882284 0.0822609
0.882603 0.0825804
0.883981 0.0839575
0.8843 0.084277
0.88462 0.0845965
0.884939 0.084916
0.88557 0.0855465
0.885889 0.085866
0.88624 0.0862166
0.88687 0.0868472
0.88719 0.0871667
0.887509 0.0874862
0.887509 0.0874862
0.888389 0.0883656
0.888708 0.0886851
0.888708 0.0886851
0.888708 0.0886851
0.889028 0.0890046
0.889347 0.0893241
0.889347 0.0893241
0.889667 0.0896436
0.890079 0.0900564
0.890399 0.0903759
0.890718 0.0906954
0.891038 0.091015
0.891762 0.0917388
0.892081 0.0920583
0.892556 0.0925333
0.892876 0.0928529
0.893289 0.0932657
0.893608 0.0935852
0.893928 0.0939047
0.893928 0.0939047
0.894247 0.0942242
0.894247 0.0942242
0.894629 0.0946059
0.894948 0.0949254
0.895268 0.0952449
0.895268 0.0952449
0.896645 0.096622
0.897307 0.0972836
0.897626 0.0976031
0.89835 0.098327
0.898887 0.0988642
0.899704 0.0996814
0.900615 0.100592
0.90109 0.101067
0.902374 0.102351
0.905337 0.105314
0.905657 0.105633
0.906287 0.106264
0.909282 0.109258
0.916382 0.116359
0.916888 0.116865
0.919696 0.119673
0.933017 0.132994
0.940801 0.140778
0.942427 0.142404
0.944706 0.144683
0.945368 0.145345
0.948673 0.14865
0.949708 0.0496772
0.952516 0.152493
0.953831 0.153808
0.958412 0.158388
0.960815 0.160792
0.961134 0.161111
0.961134 0.161111
0.962729 0.0626984
0.963204 0.163181
0.967194 0.0671632
0.968042 0.0680115
0.974831 0.174808
0.975462 0.0754312
0.976808 0.0767771
0.977252 0.077221
0.977571 0.0775405
0.979197 0.0791664
0.979517 0.0794859
0.980054 0.0800231
0.981991 0.0819601
0.98231 0.0822796
0.98263 0.0825991
0.984007 0.0839761
0.984326 0.0842956
0.984646 0.0846151
0.984966 0.0849346
0.985565 0.0855341
0.985884 0.0858536
0.986266 0.0862353
0.986866 0.0868347
0.987185 0.0871542
0.987505 0.0874738
0.987505 0.0874738
0.988415 0.0883842
0.988735 0.0887037
0.988735 0.0887037
0.988735 0.0887037
0.989054 0.0890232
0.989054 0.0890232
0.989374 0.0893428
0.989693 0.0896623
0.990106 0.0900751
0.990425 0.0903946
0.990745 0.0907141
0.991064 0.0910336
0.991757 0.0917264
0.992077 0.0920459
0.992583 0.092552
0.992902 0.0928715
0.99344 0.0934087
0.993759 0.0937282
0.993759 0.0937282
0.994079 0.0940478
0.994079 0.0940478
0.994398 0.0943673
0.994718 0.0946868
0.995037 0.0950063
0.995037 0.0950063
0.995357 0.0953258
0.99664 0.0966095
0.997302 0.0972712
0.997622 0.0975907
0.998345 0.0983145
0.998883 0.0988518
0.999669 0.0996378
1.00055 0.100517
1.00112 0.101086
1.0024 0.102369
1.00533 0.105302
1.00565 0.105621
1.00628 0.106252
1.00928 0.109246
1.01638 0.116346
1.01688 0.116853
1.01972 0.119691
1.03298 0.13295
1.0407 0.140673
1.04252 0.142485
1.04464 0.144609
1.04539 0.145364
1.04867 0.148638
1.04967 0.049665
1.05245 0.152418
1.05383 0.153795
1.05841 0.158376
1.06081 0.16078
1.06113 0.161099
1.06113 0.161099
1.06276 0.0627484
1.0632 0.163169
1.06719 0.0671821
1.06801 0.0679992
1.0748 0.174765
1.0754 0.0753878
1.07677 0.0767649
1.07719 0.0771777
1.0775 0.0774972
1.07916 0.0791542
1.07948 0.0794737
1.08002 0.0800109
1.08196 0.0819478
1.08227 0.0822673
1.08259 0.0825868
1.08388 0.0838706
1.0842 0.0841901
1.08452 0.0845096
1.0849 0.0848913
1.08553 0.0855218
1.08585 0.0858413
1.08623 0.0862231
1.08677 0.0867603
1.08709 0.0870798
1.08741 0.0873993
1.08741 0.0873993
1.08841 0.0884031
1.08873 0.0887226
1.08873 0.0887226
1.08873 0.0887226
1.08905 0.0890421
1.08905 0.0890421
1.08937 0.0893616
1.08969 0.0896811
1.09001 0.0499924
1.09001 0.0499924
1.09001 0.0499924
1.09001 0.0499924
1.09033 0.0903202
1.09033 0.0903202
1.09065 0.0906397
1.09097 0.0909592
1.09129 0.0512705
1.09129 0.050951
1.09129 0.050951
1.09173 0.0917226
1.09205 0.0920421
1.09252 0.0925171
1.09284 0.0928366
1.09338 0.0933739
1.0937 0.0936934
1.0937 0.0936934
1.09402 0.0940129
1.09402 0.0940129
1.09434 0.0943324
1.09469 0.094683
1.09501 0.0950025
1.09501 0.0950025
1.09533 0.095322
1.09668 0.096668
1.09731 0.0972985
1.09763 0.097618
1.09826 0.0982486
1.09867 0.0986614
1.09967 0.0996652
1.10068 0.100669
1.10115 0.101144
1.10237 0.102366
1.10521 0.105204
1.10553 0.105524
1.10635 0.106341
1.10909 0.109087
1.1095 0.0495012
1.1095 0.0495012
1.1095 0.0495012
1.10982 0.0498162
1.10982 0.0494967
1.10982 0.0494967
1.11636 0.11635
1.11686 0.116857
1.1197 0.119695
1.1295 0.0494865
1.1295 0.0494865
1.1295 0.0494865
1.12982 0.0498015
1.12982 0.049482
1.12982 0.049482
1.13297 0.132962
1.14079 0.140778
1.14241 0.142404
1.14463 0.14462
1.14538 0.145375
1.14866 0.14865
1.14969 0.0496883
1.14982 0.0494972
1.14982 0.0494972
1.14982 0.0494972
1.15014 0.0498122
1.15014 0.0494927
1.15014 0.0494927
1.15251 0.1525
1.15379 0.153784
1.1584 0.158396
1.16081 0.1608
1.16113 0.161119
1.16113 0.161119
1.16275 0.0627485
1.1632 0.163189
1.16719 0.0671822
1.168 0.0679994
1.16953 0.0495022
1.16953 0.0495022
1.16953 0.0495022
1.16985 0.0498172
1.16985 0.0494977
1.16985 0.0494977
1.1748 0.174793
1.17537 0.0753648
1.17678 0.076773
1.17719 0.0771858
1.17751 0.0775053
1.17917 0.0791623
1.17949 0.0794818
1.18002 0.080019
1.18193 0.0819248
1.18225 0.0822443
1.18257 0.0825638
1.18385 0.0838476
1.18417 0.0841671
1.18449 0.0844866
1.18487 0.0848683
1.18553 0.0855299
1.18585 0.0858495
1.18624 0.0862115
1.18677 0.0867715
1.18709 0.0870879
1.18741 0.0873877
1.18741 0.0874074
1.18842 0.0884112
1.18873 0.0887307
1.18873 0.0887307
1.18873 0.0887307
1.18905 0.0890305
1.18905 0.0890502
1.18937 0.08935
1.18969 0.0896892
1.18982 0.0498067
1.18982 0.0498067
1.18982 0.0498067
1.18982 0.0498067
1.18982 0.0494872
1.18982 0.0494872
1.19014 0.0901371
1.19014 0.0498067
1.19046 0.0904566
1.19078 0.0907565
1.19078 0.0907762
1.19175 0.0917437
1.19207 0.0920487
1.19255 0.0925237
1.19287 0.0928629
1.19331 0.0933068
1.19363 0.0936263
1.19363 0.0936066
1.19395 0.0939458
1.19427 0.0942653
1.19427 0.0942399
1.19468 0.0946781
1.195 0.0949977
1.195 0.094978
1.19532 0.0953172
1.1967 0.0966942
1.19727 0.0972625
1.19759 0.0975821
1.19815 0.0981504
1.19882 0.098812
1.19963 0.0996292
1.20051 0.100509
1.20108 0.101077
1.20236 0.102361
1.2052 0.1052
1.20552 0.105519
1.20628 0.106254
1.20927 0.109249
1.20949 0.0494935
1.20949 0.0494935
1.20949 0.0494935
1.20981 0.0498086
1.20981 0.049489
1.20981 0.049489
1.21629 0.116283
1.21689 0.116883
1.21969 0.119691
1.2295 0.0494788
1.2295 0.0494788
1.2295 0.0494788
1.22981 0.0497939
1.22981 0.0494744
1.22981 0.0494744
1.23309 0.133056
1.24078 0.140773
1.2424 0.142399
1.24465 0.144647
1.24537 0.145371
1.24865 0.148645
1.24968 0.0496807
1.24981 0.0494896
1.24981 0.0494896
1.24981 0.0494896
1.25013 0.0498046
1.25013 0.0494851
1.25013 0.0494851
1.25241 0.152402
1.25378 0.153779
1.2584 0.158391
1.26077 0.160764
1.26109 0.161083
1.26109 0.161083
1.26271 0.0627098
1.26319 0.163184
1.26715 0.0671435
1.26799 0.0679918
1.26952 0.0494946
1.26952 0.0494946
1.26952 0.0494946
1.26984 0.0498096
1.26984 0.0494901
1.26984 0.0494901
1.27482 0.174819
1.27542 0.0754194
1.27671 0.0767031
1.27712 0.077116
1.27744 0.0774355
1.2791 0.0790924
1.27942 0.0794119
1.27992 0.0799181
1.28186 0.081855
1.28218 0.0821745
1.2825 0.082494
1.28378 0.0837777
1.2841 0.0840972
1.28442 0.0844168
1.28483 0.0848296
1.28546 0.0854601
1.28578 0.0857796
1.2861 0.0860965
1.28642 0.0863939
1.28683 0.0868315
1.28715 0.0871484
1.28747 0.0874705
1.28829 0.0882876
1.28861 0.0886072
1.28861 0.0886072
1.28893 0.0889267
1.28893 0.0889241
1.28893 0.0889267
1.28925 0.0892436
1.28957 0.0895657
1.2897 0.0496831
1.2897 0.0496831
1.2897 0.0496831
1.29002 0.0900136
1.29034 0.0903331
1.29034 0.0903305
1.29066 0.0906526
1.29078 0.05077
1.29078 0.0504505
1.29078 0.0504505
1.2911 0.0910848
1.29142 0.0914174
1.29233 0.0923279
1.29281 0.0928055
1.29313 0.093125
1.29345 0.0934419
1.29377 0.093764
1.29377 0.093764
1.29409 0.0940835
1.29409 0.0940581
1.29459 0.0945871
1.29491 0.0949092
1.29491 0.0949092
1.29523 0.0952287
1.29658 0.0965746
1.29721 0.0972052
1.29753 0.0975247
1.29819 0.0981863
1.29876 0.0987547
1.2997 0.0996962
1.30049 0.100482
1.30108 0.101082
1.30237 0.102365
1.30521 0.105204
1.30553 0.105524
1.30603 0.106027
1.30897 0.10896
1.30953 0.0494984
1.30953 0.0494984
1.30953 0.0494984
1.30984 0.0498134
1.30984 0.0494939
1.30984 0.0494939
1.31617 0.116164
1.31677 0.116763
1.31954 0.11954
1.3295 0.0494837
1.3295 0.0494837
1.3295 0.0494837
1.32982 0.0497987
1.32982 0.0494792
1.32982 0.0494792
1.33281 0.132781
1.3405 0.140498
1.34219 0.142186
1.34444 0.144434
1.34519 0.145189
1.3485 0.148494
1.34969 0.0496855
1.34982 0.0494944
1.34982 0.0494944
1.34982 0.0494944
1.35013 0.0498094
1.35013 0.0494899
1.35013 0.0494899
1.35232 0.152314
1.35363 0.153629
1.35821 0.158209
1.36083 0.160831
1.36115 0.16115
1.36115 0.16115
1.36278 0.0627768
1.3631 0.163096
1.36724 0.0672416
1.36812 0.068121
1.36953 0.0494994
1.36953 0.0494994
1.36953 0.0494994
1.36984 0.0498144
1.36984 0.0494949
1.36984 0.0494949
1.37458 0.174575
1.37561 0.0756109
1.37699 0.0769879
1.3774 0.0774007
1.37772 0.0777202
1.37941 0.0794083
1.37973 0.0797278
1.38027 0.080265
1.38202 0.0820153
1.38234 0.0823348
1.38266 0.0826544
1.38416 0.0841558
1.38448 0.0844753
1.3848 0.0847948
1.38512 0.0851143
1.38572 0.0857138
1.38604 0.0860333
1.3871 0.0870827
1.38742 0.0874188
1.3878 0.0877839
1.38828 0.0882541
1.3886 0.088595
1.3886 0.088595
1.38892 0.0889145
1.38892 0.0889145
1.38924 0.0892341
1.38956 0.089537
1.38956 0.0895536
1.38988 0.0898731
1.39019 0.0901796
1.39019 0.0498621
1.39051 0.0905121
1.39083 0.0908316
1.39083 0.0908316
1.39096 0.050949
1.39096 0.050949
1.39096 0.050949
1.39096 0.050949
1.39096 0.0506295
1.39096 0.0506295
1.39144 0.0914184
1.39219 0.0921734
1.39317 0.0931461
1.3937 0.0936999
1.39427 0.094242
1.39459 0.0945877
1.39459 0.0945877
1.39459 0.0945877
1.39491 0.0948907
1.39491 0.0948818
1.39491 0.0949072
1.39523 0.0952268
1.39523 0.0952268
1.3957 0.0956852
1.39602 0.0960213
1.39718 0.0971806
1.39763 0.0976245
1.39795 0.097944
1.39827 0.0982635
1.39868 0.0986764
1.39962 0.0996179
1.40038 0.100373
1.40097 0.100972
1.40229 0.102287
1.40519 0.105188
1.40582 0.105819
1.4072 0.107179
1.4095 0.0494738
1.4095 0.0494738
1.4095 0.0494738
1.40995 0.109929
1.41008 0.0500461
1.41008 0.0497266
1.41008 0.0497266
1.41671 0.116708
1.41728 0.117276
1.42012 0.120115
1.42951 0.0494987
1.42951 0.0494987
1.42951 0.0494987
1.42983 0.0498137
1.42983 0.0494942
1.42983 0.0494942
1.43354 0.133512
1.44129 0.14129
1.44286 0.142854
1.44517 0.145164
1.44592 0.145919
1.44913 0.149131
1.44967 0.0496694
1.4498 0.0494783
1.4498 0.0494783
1.4498 0.0494783
1.45011 0.0497933
1.45011 0.0494738
1.45011 0.0494738
1.45298 0.152982
1.45439 0.15439
1.45891 0.158909
1.4606 0.160597
1.4616 0.161601
1.46192 0.16192
1.46274 0.0627381
1.46387 0.163865
1.46727 0.0672651
1.46808 0.0680823
1.46952 0.0494918
1.46952 0.0494918
1.46952 0.0494918
1.46983 0.0498068
1.46983 0.0494873
1.46983 0.0494873
1.47544 0.175438
1.47576 0.0757588
1.47698 0.0769803
1.47739 0.0773931
1.47771 0.0777126
1.4794 0.0794007
1.47972 0.0797202
1.48026 0.0802574
1.48201 0.0820077
1.48242 0.0824205
1.48274 0.08274
1.48409 0.084086
1.48441 0.0844055
1.48473 0.084725
1.48511 0.0851067
1.48571 0.0857062
1.48603 0.0860257
1.48697 0.0869593
1.48729 0.0872868
1.48776 0.0877538
1.4883 0.0882724
1.48862 0.0886185
1.48862 0.0886185
1.48894 0.088938
1.48894 0.088938
1.48926 0.0892575
1.48958 0.0895691
1.48958 0.089577
1.4899 0.0898966
1.49022 0.090195
1.49022 0.0498856
1.49054 0.0905356
1.49086 0.0908551
1.49086 0.0908551
1.49099 0.0509725
1.49099 0.0509725
1.49099 0.0509725
1.49099 0.0509725
1.49099 0.050653
1.49099 0.050653
1.49143 0.0914194
1.49218 0.0921744
1.49328 0.0932715
1.49404 0.0940344
1.49448 0.0944642
1.4948 0.0947979
1.4948 0.0947979
1.4948 0.0947979
1.49512 0.0951094
1.49512 0.095092
1.49512 0.0951174
1.49544 0.0954369
1.49544 0.0954369
1.49576 0.0957484
1.49608 0.0960759
1.49714 0.0971419
1.49762 0.0976169
1.49762 0.0976169
1.49859 0.0985896
1.49913 0.0991268
1.49991 0.0999129
1.50073 0.10073
1.50133 0.10133
1.50274 0.102738
1.50561 0.105608
1.50593 0.105927
1.50709 0.107079
1.50952 0.0494888
1.50952 0.0494888
1.50952 0.0494888
1.50996 0.109953
1.51009 0.0500611
1.51009 0.0497416
1.51009 0.0497416
1.51669 0.116691
1.51723 0.117229
1.5201 0.120099
1.5295 0.0494826
1.5295 0.0494826
1.5295 0.0494826
1.52981 0.0497976
1.52981 0.0494781
1.52981 0.0494781
1.53371 0.133682
1.54121 0.141212
1.54284 0.142838
1.54515 0.145148
1.54581 0.14581
1.54912 0.149115
1.54969 0.0496844
1.54981 0.0494933
1.54981 0.0494933
1.54981 0.0494933
1.55013 0.0498083
1.55013 0.0494888
1.55013 0.0494888
1.553 0.152997
1.55444 0.154436
1.55908 0.159079
1.56133 0.161327
1.56165 0.161647
1.56197 0.161966
1.56272 0.062722
1.56379 0.163787
1.56725 0.067249
1.56807 0.0680662
1.5695 0.0494757
1.5695 0.0494757
1.5695 0.0494757
1.56985 0.0498218
1.56985 0.0495023
1.56985 0.0495023
1.57542 0.175422
1.57574 0.0757427
1.577 0.0769953
1.57741 0.0774081
1.57773 0.0777276
1.57939 0.0793846
1.5797 0.0797041
1.58027 0.0802724
1.58202 0.0820227
1.58241 0.0824045
1.58272 0.082724
1.5841 0.084101
1.58442 0.0844205
1.58474 0.08474
1.58509 0.0850906
1.58572 0.0857212
1.58604 0.0860407
1.58698 0.086983
1.5873 0.0873018
1.58775 0.0877464
1.58825 0.0882512
1.58857 0.0885713
1.58857 0.0885713
1.58889 0.0888908
1.58889 0.0888908
1.58921 0.0892103
1.58953 0.0895306
1.58953 0.0895299
1.58966 0.0496473
1.58966 0.0496473
1.58966 0.0496473
1.58998 0.0899778
1.5903 0.0902681
1.59062 0.0906168
1.59062 0.0906168
1.59094 0.0909363
1.59107 0.0510537
1.59107 0.0507342
1.59107 0.0507342
1.59145 0.0914471
1.5922 0.092202
1.59302 0.0930192
1.59405 0.0940534
1.59437 0.0943709
1.59437 0.0943729
1.59469 0.0946924
1.59469 0.0946924
1.59469 0.0946931
1.59501 0.0949865
1.59501 0.0950119
1.59501 0.0950119
1.59533 0.0953314
1.59568 0.0956828
1.596 0.0960016
1.59716 0.0971609
1.59761 0.0976048
1.59793 0.0979243
1.59862 0.0986171
1.59906 0.099061
1.59985 0.099847
1.60076 0.100758
1.60133 0.101326
1.60273 0.102734
1.6057 0.105697
1.60602 0.106017
1.60708 0.107084
1.60951 0.0494852
1.60951 0.0494852
1.60951 0.0494852
1.60993 0.109926
1.61005 0.0500264
1.61005 0.0497069
1.61005 0.0497069
1.61691 0.116906
1.61732 0.117318
1.6201 0.120095
1.62949 0.049479
1.62949 0.049479
1.62949 0.049479
1.62981 0.049794
1.62981 0.0494745
1.62981 0.0494745
1.63352 0.133492
1.64124 0.14124
1.64305 0.143052
1.64515 0.145144
1.64587 0.145868
1.64911 0.149112
1.64971 0.0496808
1.64984 0.0494897
1.64984 0.0494897
1.64984 0.0494897
1.65016 0.0498047
1.65016 0.0494852
1.65016 0.0494852
1.65299 0.152993
1.65443 0.154433
1.65908 0.159076
1.66132 0.161324
1.66164 0.161643
1.66196 0.161963
1.66278 0.0627495
1.66378 0.163784
1.66728 0.0672454
1.66809 0.0680626
1.66953 0.0495031
1.66953 0.0495031
1.66953 0.0495031
1.66984 0.0498182
1.66984 0.0494987
1.66984 0.0494987
1.67533 0.175325
1.67565 0.0756146
1.67702 0.0769916
1.67744 0.0774045
1.67776 0.077724
1.67941 0.079381
1.67973 0.0797005
1.6803 0.0802688
1.68205 0.0820191
1.68246 0.0824319
1.68278 0.0827514
1.68413 0.0840974
1.68445 0.0844169
1.68477 0.0847364
1.68509 0.0850559
1.68575 0.0857175
1.68607 0.086037
1.68707 0.0870502
1.68739 0.0873603
1.6878 0.0877825
1.68828 0.0882734
1.6886 0.0885677
1.68892 0.0888872
1.68892 0.0888872
1.68924 0.0892067
1.68924 0.0892067
1.68956 0.0895356
1.68956 0.0895262
1.68969 0.0496747
1.68969 0.0496747
1.68969 0.0496747
1.69001 0.089999
1.69001 0.0899741
1.69013 0.0501226
1.69013 0.0498031
1.69013 0.0498031
1.69045 0.090422
1.69077 0.0907415
1.69109 0.091061
1.69141 0.0913899
1.69223 0.092207
1.69326 0.0932419
1.69408 0.0940498
1.6944 0.0943794
1.6944 0.0943693
1.69472 0.0946888
1.69472 0.0946888
1.69472 0.0946981
1.69504 0.095014
1.69504 0.0950083
1.69504 0.0950083
1.69536 0.0953278
1.69574 0.0957189
1.69606 0.096029
1.69716 0.0971261
1.69763 0.0976012
1.69795 0.0979207
1.69858 0.0985512
1.69915 0.0991195
1.69997 0.0999367
1.70078 0.100754
1.70138 0.101353
1.70267 0.102637
1.70563 0.1056
1.70595 0.10592
1.70711 0.107089
1.70951 0.0494815
1.70951 0.0494815
1.70951 0.0494815
1.70995 0.109931
1.71008 0.0500538
1.71008 0.0497343
1.71008 0.0497343
1.71681 0.116777
1.71728 0.117252
1.72012 0.120091
1.72949 0.0494753
1.72949 0.0494753
1.72949 0.0494753
1.72983 0.0498214
1.72983 0.0495019
1.72983 0.0495019
1.73354 0.133519
1.74124 0.141205
1.74299 0.142955
1.74514 0.14511
1.7459 0.145865
1.74917 0.149139
1.74971 0.0496771
1.74984 0.049486
1.74984 0.049486
1.74984 0.049486
1.75015 0.049801
1.75015 0.0494815
1.75015 0.0494815
1.75302 0.15299
1.7544 0.154367
1.7591 0.159072
1.76144 0.161413
1.76176 0.161733
1.76208 0.162052
1.76278 0.0627458
1.76381 0.16378
1.7673 0.0672728
1.76809 0.0680589
1.76952 0.0494995
1.76952 0.0494995
1.76952 0.0494995
1.76984 0.0498145
1.76984 0.049495
1.76984 0.049495
1.77535 0.175322
1.77567 0.0756421
1.77702 0.076988
1.77743 0.0774008
1.77775 0.0777203
1.77944 0.0794084
1.77976 0.0797279
1.7803 0.0802652
1.78205 0.0820154
1.78246 0.0824283
1.78278 0.0827478
1.78412 0.0840937
1.78444 0.0844132
1.78476 0.0847327
1.78511 0.0850833
1.78574 0.0857139
1.78606 0.0860334
1.78697 0.0869619
1.78729 0.0872634
1.78777 0.0877564
1.78831 0.0882957
1.78863 0.0885951
1.78894 0.0889147
1.78894 0.0889147
1.78894 0.0889147
1.78926 0.0892342
1.78958 0.0895717
1.78958 0.0895537
1.7899 0.0898732
1.79022 0.0902155
1.79022 0.0498933
1.79054 0.0905122
1.79086 0.0908317
1.79086 0.0908317
1.79099 0.0509802
1.79099 0.0509802
1.79099 0.0509802
1.79099 0.0509802
1.79099 0.0506607
1.79099 0.0506607
1.79134 0.0913287
1.79222 0.0922081
1.79322 0.0932119
1.79407 0.0940421
1.79439 0.0943838
1.79439 0.0943617
1.79471 0.0946812
1.79471 0.0946812
1.79471 0.0946991
1.79503 0.0950064
1.79503 0.0950007
1.79503 0.0950007
1.79535 0.0953202
1.7957 0.0956888
1.79602 0.0959903
1.79718 0.0971496
1.79765 0.0976246
1.79765 0.0976246
1.7986 0.0985662
1.79926 0.0992279
1.79992 0.0998895
1.8008 0.100769
1.80137 0.101337
1.80278 0.102745
1.80571 0.105678
1.80603 0.105997
1.80709 0.107081
1.80952 0.0494966
1.80952 0.0494966
1.80952 0.0494966
1.80997 0.109955
1.8101 0.0500689
1.8101 0.0497494
1.8101 0.0497494
1.81692 0.116886
1.81727 0.117236
1.82014 0.120106
1.8295 0.0494903
1.8295 0.0494903
1.8295 0.0494903
1.82982 0.0498053
1.82982 0.0494858
1.82982 0.0494858
1.83356 0.133534
1.84128 0.141251
1.84294 0.142908
1.84515 0.145125
1.84588 0.145849
1.84915 0.149123
1.84972 0.0496922
1.84985 0.049501
1.84985 0.049501
1.84985 0.049501
1.85016 0.0498161
1.85016 0.0494966
1.85016 0.0494966
1.85294 0.152911
1.85444 0.154413
1.85909 0.159056
1.86133 0.161304
1.86165 0.161623
1.86197 0.161943
1.86276 0.0627297
1.86383 0.163795
1.86726 0.0672257
1.8681 0.0680739
1.86951 0.0494834
1.86951 0.0494834
1.86951 0.0494834
1.86982 0.0497984
1.86982 0.0494789
1.86982 0.0494789
1.87543 0.175399
1.87575 0.0757193
1.877 0.0769719
1.87741 0.0773847
1.87773 0.0777042
1.87942 0.0793923
1.87974 0.0797118
1.88028 0.0802491
1.88206 0.0820305
1.88244 0.0824122
1.88276 0.0827317
1.88414 0.0841087
1.88446 0.0844282
1.88478 0.0847477
1.8851 0.0850673
1.88573 0.0856978
1.88605 0.0860173
1.88699 0.0869855
1.88731 0.0872784
1.88778 0.0877801
1.88829 0.0882745
1.88861 0.0885791
1.88861 0.0885791
1.88893 0.0888986
1.88925 0.0892181
1.88925 0.0892181
1.88957 0.0895642
1.88957 0.0895376
1.8897 0.0496861
1.8897 0.0496861
1.8897 0.0496861
1.89001 0.0899855
1.89001 0.0900062
1.89014 0.050134
1.89014 0.0498145
1.89014 0.0498145
1.89049 0.0904645
1.89081 0.090784
1.89113 0.0911035
1.89145 0.0914496
1.89221 0.0922046
1.8933 0.0933017
1.89406 0.09403
1.89438 0.0943527
1.89438 0.0943495
1.8947 0.0946691
1.8947 0.0946691
1.8947 0.0946957
1.89502 0.0949943
1.89502 0.0949886
1.89502 0.0949886
1.89534 0.0953081
1.89575 0.0957475
1.89607 0.0960404
1.8972 0.0971686
1.89767 0.0976436
1.89799 0.0979631
1.89859 0.0985626
1.89925 0.0992242
1.89995 0.099917
1.90076 0.100734
1.90136 0.101334
1.90277 0.102742
1.9057 0.105674
1.90602 0.105993
1.90709 0.107086
1.90952 0.0494929
1.90952 0.0494929
1.90952 0.0494929
1.90993 0.109929
1.91006 0.0500341
1.91006 0.0497146
1.91006 0.0497146
1.91691 0.116882
1.91726 0.117233
1.92016 0.120134
1.9295 0.0494867
1.9295 0.0494867
1.9295 0.0494867
1.92981 0.0498017
1.92981 0.0494822
1.92981 0.0494822
1.93343 0.133406
1.94125 0.141216
1.94309 0.14306
1.94515 0.145121
1.94584 0.145814
1.94915 0.149119
1.94972 0.0496885
1.94985 0.0494974
1.94985 0.0494974
1.94985 0.0494974
1.95016 0.0498124
1.95016 0.0494929
1.95016 0.0494929
1.953 0.15297
1.95444 0.154409
1.95899 0.158959
1.96142 0.161394
1.96174 0.161713
1.96206 0.162033
1.96275 0.0627261
1.96382 0.163791
1.96728 0.0672531
1.9681 0.0680703
1.9695 0.0494798
1.9695 0.0494798
1.9695 0.0494798
1.96982 0.0497948
1.96982 0.0494753
1.96982 0.0494753
1.97536 0.175333
1.97568 0.0756534
1.977 0.0769683
1.97744 0.0774122
1.97776 0.0777317
1.97942 0.0793887
1.97974 0.0797082
1.98027 0.0802454
1.98206 0.0820268
1.98244 0.0824085
1.98276 0.082728
1.98413 0.0841051
1.98445 0.0844246
1.98477 0.0847441
1.98512 0.0850947
1.98575 0.0857253
1.98607 0.0860448
1.98698 0.0869594
1.9873 0.0872748
1.98778 0.0877539
1.98828 0.0882656
1.9886 0.0885754
1.98892 0.0888949
1.98892 0.0888949
1.98892 0.0888949
1.98924 0.0892144
1.98956 0.0895381
1.98956 0.0895339
1.98969 0.0496825
1.98969 0.0496825
1.98969 0.0496825
1.99001 0.0899818
1.99001 0.0900005
1.99014 0.0501304
1.99014 0.0498108
1.99014 0.0498108
1.99046 0.0904297
1.99078 0.0907492
1.9911 0.0910687
1.99142 0.0913924
1.99223 0.0922096
1.9933 0.0932756
1.99405 0.0940264
1.99437 0.0943612
1.99437 0.0943459
1.99469 0.0946654
1.99469 0.0946654
1.99469 0.0946696
1.99501 0.0949906
1.99501 0.0949849
1.99501 0.0949849
1.99533 0.0953044
1.99578 0.0957525
1.9961 0.0960678
1.99713 0.0971027
1.99764 0.0976089
1.99796 0.0979284
1.99859 0.0985589
1.99916 0.0991273
1.99994 0.0999133
2.00076 0.100731
2.00139 0.101361
2.00264 0.102614
2.00564 0.105608
2.00596 0.105928
2.00712 0.107091
2.00951 0.0494896
2.00951 0.0494896
2.00951 0.0494896
2.00996 0.109934
2.01009 0.0500619
2.01009 0.0497424
2.01009 0.0497424
2.01675 0.116723
2.01726 0.117229
2.02016 0.120131
2.02949 0.0494834
2.02949 0.0494834
2.02949 0.0494834
2.02981 0.0497984
2.02981 0.0494789
2.02981 0.0494789
2.03355 0.133527
2.04133 0.141306
2.04309 0.143056
2.04515 0.145118
2.0459 0.145873
2.04918 0.149147
2.04971 0.0496852
2.04984 0.0494941
2.04984 0.0494941
2.04984 0.0494941
2.05016 0.0498091
2.05016 0.0494896
2.05016 0.0494896
2.05303 0.152998
2.05447 0.154437
2.05911 0.15908
2.06133 0.161297
2.06165 0.161616
2.06196 0.161936
2.06275 0.0627228
2.06382 0.163788
2.06725 0.0672187
2.06809 0.068067
2.0695 0.0494765
2.0695 0.0494765
2.0695 0.0494765
2.06981 0.0497915
2.06981 0.049472
2.06981 0.049472
2.07536 0.17533
2.07568 0.0756501
2.07699 0.076965
2.07741 0.0773778
2.07773 0.0776973
2.07941 0.0793854
2.07973 0.0797049
2.08027 0.0802421
2.08205 0.0820235
2.08243 0.0824052
2.08275 0.0827247
2.0841 0.0840707
2.08442 0.0843902
2.08474 0.0847097
2.08509 0.0850603
2.08572 0.0856909
2.08604 0.0860104
2.08698 0.0869648
2.0873 0.0872715
2.08781 0.0877904
2.08834 0.0883194
2.08866 0.0886343
2.08866 0.0886343
2.08898 0.0889538
2.08898 0.0889538
2.08898 0.0889538
2.0893 0.0892861
2.08962 0.0895928
2.08994 0.0899124
2.09026 0.0902485
2.09026 0.0499325
2.09058 0.0905514
2.0909 0.0908709
2.0909 0.0908709
2.09103 0.0510194
2.09103 0.0510194
2.09103 0.0510194
2.09103 0.0510194
2.09103 0.0506999
2.09103 0.0506999
2.09135 0.0913316
2.09235 0.0923354
2.0932 0.0931836
2.09408 0.0940502
2.0944 0.0943971
2.0944 0.0943697
2.09472 0.0946892
2.09472 0.0946892
2.09472 0.094702
2.09504 0.0950144
2.09504 0.0950087
2.09504 0.0950087
2.09536 0.0953282
2.09574 0.0957228
2.09606 0.0960295
2.09719 0.0971577
2.09763 0.0976016
2.09795 0.0979211
2.09858 0.0985517
2.09915 0.09912
2.09993 0.0999061
2.10075 0.100723
2.10135 0.101323
2.10267 0.102638
2.10566 0.105632
2.10598 0.105951
2.10711 0.107092
2.10951 0.049482
2.10951 0.049482
2.10951 0.049482
2.10995 0.109935
2.11008 0.0500543
2.11008 0.0497348
2.11008 0.0497348
2.11681 0.116778
2.11728 0.117253
2.12015 0.120123
2.12949 0.0494758
2.12949 0.0494758
2.12949 0.0494758
2.12983 0.0498219
2.12983 0.0495024
2.12983 0.0495024
2.13342 0.133395
2.1412 0.141174
2.14292 0.142893
2.14517 0.145141
2.14583 0.145803
2.14917 0.14914
2.1497 0.0496776
2.14983 0.0494865
2.14983 0.0494865
2.14983 0.0494865
2.15015 0.0498015
2.15015 0.049482
2.15015 0.049482
2.1532 0.153177
2.15443 0.154398
2.15907 0.159041
2.16135 0.16132
2.16167 0.16164
2.16199 0.161959
2.16277 0.0627463
2.16393 0.163905
2.16727 0.0672422
2.16809 0.0680594
2.16952 0.0495
2.16952 0.0495
2.16952 0.0495
2.16984 0.049815
2.16984 0.0494955
2.16984 0.0494955
2.17557 0.17554
2.17589 0.0758602
2.17698 0.0769574
2.1774 0.0773702
2.17772 0.0776897
2.1794 0.0793778
2.17972 0.0796973
2.18026 0.0802345
2.18204 0.0820159
2.18242 0.0823976
2.18274 0.0827171
2.18409 0.0840631
2.18441 0.0843826
2.18473 0.0847021
2.18511 0.0850838
2.18574 0.0857143
2.18606 0.0860338
2.18697 0.0869658
2.18729 0.0872638
2.18777 0.0877603
2.1883 0.0882755
2.18862 0.0885956
2.18862 0.0885956
2.18894 0.0889151
2.18894 0.0889151
2.18926 0.0892346
2.18958 0.0895756
2.18958 0.0895541
2.18971 0.0497026
2.18971 0.0497026
2.18971 0.0497026
2.19003 0.090002
2.19003 0.0900105
2.19016 0.0501505
2.19016 0.049831
2.19016 0.049831
2.19051 0.090481
2.19083 0.0908005
2.19083 0.0908005
2.19124 0.0912348
2.19218 0.0921764
2.19325 0.0932424
2.1941 0.0940692
2.19442 0.0943971
2.19442 0.0943887
2.19474 0.0947082
2.19474 0.0947082
2.19474 0.0947297
2.19505 0.0950277
2.19505 0.0950334
2.19505 0.0950277
2.19537 0.0953472
2.19579 0.0957815
2.19611 0.0960796
2.1972 0.0971767
2.19762 0.0975895
2.19794 0.097909
2.19854 0.0985084
2.19907 0.0990457
2.19995 0.0999251
2.2008 0.100773
2.20146 0.101435
2.20271 0.102688
2.20577 0.105744
2.20609 0.106064
2.20709 0.107089
2.20952 0.049501
2.20952 0.049501
2.20952 0.049501
2.20994 0.109932
2.21007 0.0500422
2.21007 0.0497227
2.21007 0.0497227
2.21679 0.116766
2.21727 0.117241
2.22014 0.120111
2.2295 0.0494948
2.2295 0.0494948
2.2295 0.0494948
2.22982 0.0498098
2.22982 0.0494903
2.22982 0.0494903
2.23344 0.133414
2.24131 0.141286
2.24306 0.143037
2.24519 0.14516
2.24591 0.145884
2.24915 0.149127
2.24969 0.0496655
2.24982 0.0494744
2.24982 0.0494744
2.24982 0.0494744
2.25017 0.0498205
2.25017 0.049501
2.25017 0.049501
2.25307 0.15304
2.25441 0.154386
2.25899 0.158967
2.26134 0.161308
2.26165 0.161628
2.26197 0.161947
2.26276 0.0627342
2.26392 0.163893
2.26726 0.0672301
2.2681 0.0680784
2.26951 0.0494878
2.26951 0.0494878
2.26951 0.0494878
2.26982 0.0498029
2.26982 0.0494833
2.26982 0.0494833
2.27537 0.175341
2.27569 0.0756615
2.277 0.0769763
2.27742 0.0773892
2.27773 0.0777087
2.27939 0.0793656
2.27971 0.0796852
2.28028 0.0802535
2.28203 0.0820038
2.28241 0.0823855
2.28273 0.082705
2.28411 0.0840821
2.28443 0.0844016
2.28475 0.0847211
2.2851 0.0850717
2.28573 0.0857022
2.28605 0.0860217
2.28699 0.0869623
2.28731 0.0872828
2.28782 0.0877879
2.28829 0.0882893
2.28861 0.0885835
2.28861 0.0885835
2.28893 0.088903
2.28893 0.088903
2.28925 0.0892225
2.28957 0.089541
2.28957 0.089542
2.2897 0.0496905
2.2897 0.0496905
2.2897 0.0496905
2.29002 0.0899899
2.29002 0.09001
2.29014 0.0501384
2.29014 0.0498189
2.29014 0.0498189
2.29046 0.0904378
2.29078 0.0907573
2.2911 0.0910768
2.29142 0.0913953
2.29218 0.0921503
2.29315 0.093123
2.29409 0.0940656
2.29441 0.0944056
2.29441 0.0943851
2.29473 0.0947046
2.29473 0.0947046
2.29473 0.0947036
2.29505 0.0950298
2.29505 0.0950241
2.29505 0.0950241
2.29537 0.0953436
2.29572 0.0956932
2.29604 0.0960137
2.2972 0.097173
2.29761 0.0975858
2.29793 0.0979054
2.29859 0.098567
2.29907 0.099042
2.29995 0.0999214
2.30076 0.100739
2.3014 0.101369
2.30265 0.102622
2.30567 0.105647
2.30599 0.105967
2.30712 0.107094
2.30952 0.0494973
2.30952 0.0494973
2.30952 0.0494973
2.30996 0.109937
2.31009 0.0500696
2.31009 0.0497501
2.31009 0.0497501
2.31688 0.116855
2.31729 0.117268
2.32013 0.120107
2.3295 0.0494911
2.3295 0.0494911
2.3295 0.0494911
2.32981 0.0498061
2.32981 0.0494866
2.32981 0.0494866
2.33343 0.133411
2.34134 0.141314
2.3429 0.142878
2.34515 0.145126
2.34581 0.145787
2.34915 0.149124
2.34972 0.0496929
2.34985 0.0495018
2.34985 0.0495018
2.34985 0.0495018
2.35016 0.0498168
2.35016 0.0494973
2.35016 0.0494973
2.35322 0.153192
2.35444 0.154414
2.35911 0.159088
2.36133 0.161305
2.36165 0.161624
2.36197 0.161944
2.36276 0.0627305
2.36395 0.16392
2.36725 0.0672264
2.3681 0.0680747
2.3695 0.0494842
2.3695 0.0494842
2.3695 0.0494842
2.36982 0.0497992
2.36982 0.0494797
2.36982 0.0494797
2.37536 0.175338
2.37568 0.0756579
2.377 0.0769727
2.37741 0.0773855
2.37773 0.077705
2.37942 0.0793931
2.37974 0.0797126
2.38028 0.0802499
2.38206 0.0820312
2.38241 0.0823819
2.38273 0.0827014
2.3841 0.0840784
2.38442 0.0843979
2.38474 0.0847174
2.38509 0.085068
2.38572 0.0856986
2.38604 0.0860181
2.38699 0.0869673
2.3873 0.0872792
2.38778 0.0877618
2.38832 0.0883116
2.38864 0.0886109
2.38864 0.0886109
2.38896 0.0889305
2.38896 0.0889305
2.38928 0.08925
2.38959 0.0895771
2.38959 0.0895695
2.38972 0.049718
2.38972 0.049718
2.38972 0.049718
2.39004 0.0900174
2.39004 0.0900271
2.39017 0.0501659
2.39017 0.0498464
2.39017 0.0498464
2.39049 0.0904653
2.39081 0.0907848
2.39113 0.0911043
2.39145 0.0914314
2.39236 0.0923419
2.39305 0.0930347
2.39409 0.0940619
2.39441 0.0943829
2.39441 0.0943814
2.39473 0.0947009
2.39473 0.0947009
2.39473 0.0947086
2.39505 0.0950261
2.39505 0.0950204
2.39505 0.0950204
2.39537 0.09534
2.39572 0.0956982
2.39604 0.0960101
2.39719 0.0971694
2.39764 0.0976133
2.39796 0.0979328
2.39859 0.0985634
2.39906 0.0990384
2.39994 0.0999178
2.40076 0.100735
2.40136 0.101334
2.40267 0.102649
2.40564 0.105613
2.40596 0.105932
2.40709 0.107068
2.40952 0.0494937
2.40952 0.0494937
2.40952 0.0494937
2.40996 0.109942
2.41009 0.050066
2.41009 0.0497465
2.41009 0.0497465
2.41691 0.116883
2.41726 0.117234
2.42013 0.120104
2.4295 0.0494875
2.4295 0.0494875
2.4295 0.0494875
2.42981 0.0498025
2.42981 0.049483
2.42981 0.049483
2.43358 0.133563
2.44124 0.141217
2.44296 0.142936
2.44515 0.145122
2.4459 0.145877
2.44918 0.149151
2.44971 0.0496893
2.44984 0.0494982
2.44984 0.0494982
2.44984 0.0494982
2.45016 0.0498132
2.45016 0.0494937
2.45016 0.0494937
2.45303 0.153002
2.45447 0.154441
2.45911 0.159084
2.46133 0.161301
2.46165 0.16162
2.46197 0.16194
2.46275 0.0627269
2.46394 0.163916
2.46728 0.0672539
2.4681 0.0680711
2.4695 0.0494806
2.4695 0.0494806
2.4695 0.0494806
2.46981 0.0497956
2.46981 0.0494761
2.46981 0.0494761
2.47536 0.175334
2.47568 0.0756542
2.47699 0.0769691
2.47741 0.0773819
2.47773 0.0777014
2.47941 0.0793895
2.47973 0.079709
2.48027 0.0802462
2.48205 0.0820276
2.48243 0.0824093
2.48275 0.0827288
2.4841 0.0840748
2.48442 0.0843943
2.48474 0.0847138
2.48509 0.0850644
2.48572 0.0856949
2.48604 0.0860144
2.48698 0.0869723
2.4873 0.0872755
2.48778 0.0877668
2.48831 0.0883027
2.48863 0.0886073
2.48863 0.0886073
2.48895 0.0889268
2.48895 0.0889268
2.48927 0.0892463
2.48927 0.0892626
2.48959 0.0895658
2.48991 0.0898853
2.49023 0.0901997
2.49023 0.0499055
2.49055 0.0905243
2.49087 0.0908439
2.49087 0.0908439
2.491 0.0509924
2.491 0.0509924
2.491 0.0509924
2.491 0.0509924
2.491 0.0506729
2.491 0.0506729
2.49132 0.091308
2.4922 0.0921874
2.49323 0.0932223
2.49408 0.0940543
2.4944 0.0943874
2.4944 0.0943738
2.49472 0.0946933
2.49472 0.0946933
2.49472 0.0947096
2.49504 0.0950185
2.49504 0.0950128
2.49504 0.0950128
2.49536 0.0953323
2.49574 0.0957303
2.49606 0.0960336
2.49719 0.0971618
2.49763 0.0976057
2.49763 0.0976057
2.49854 0.0985162
2.49905 0.0990223
2.49993 0.0999017
2.50081 0.100781
2.50147 0.101443
2.50269 0.102664
2.50562 0.105596
2.50594 0.105916
2.5071 0.107092
2.5095 0.0494776
2.5095 0.0494776
2.5095 0.0494776
2.50994 0.109934
2.51007 0.0500499
2.51007 0.0497304
2.51007 0.0497304
2.5168 0.116774
2.51727 0.117249
2.52011 0.120087
2.52951 0.0495025
2.52951 0.0495025
2.52951 0.0495025
2.52982 0.0498175
2.52982 0.049498
2.52982 0.049498
2.53341 0.133391
2.54129 0.141263
2.54291 0.142889
2.54516 0.145137
2.54589 0.145861
2.54916 0.149135
2.5497 0.0496732
2.54983 0.0494821
2.54983 0.0494821
2.54983 0.0494821
2.55014 0.0497971
2.55014 0.0494776
2.55014 0.0494776
2.55301 0.152986
2.55442 0.154394
2.55909 0.159068
2.56134 0.161316
2.56166 0.161636
2.56198 0.161955
2.56277 0.0627419
2.56392 0.1639
2.56729 0.0672689
2.56811 0.0680861
2.56951 0.0494956
2.56951 0.0494956
2.56951 0.0494956
2.56983 0.0498106
2.56983 0.0494911
2.56983 0.0494911
2.57537 0.175349
2.57569 0.0756692
2.57698 0.076953
2.57739 0.0773658
2.57771 0.0776853
2.57905 0.0790312
2.57962 0.0795996
2.58025 0.0802301
2.58204 0.0820115
2.58242 0.0823932
2.58274 0.0827127
2.58408 0.0840587
2.58443 0.0844093
2.58475 0.0847288
2.5851 0.0850794
2.58573 0.08571
2.58605 0.0860295
2.58699 0.0869649
2.58731 0.0872906
2.58776 0.0877283
2.5883 0.0882815
2.58861 0.0885912
2.58861 0.0885912
2.58893 0.0889107
2.58893 0.0889107
2.58925 0.0892302
2.58957 0.0895435
2.58957 0.0895497
2.58989 0.0898692
2.59021 0.0901938
2.59021 0.0498894
2.59053 0.0905083
2.59085 0.0908278
2.59085 0.0908278
2.59098 0.0509763
2.59098 0.0509763
2.59098 0.0509763
2.59098 0.0509763
2.59098 0.0506568
2.59098 0.0506568
2.59145 0.091425
2.59218 0.0921489
2.59315 0.0931215
2.59403 0.0940071
2.59435 0.0943212
2.59435 0.0943266
2.59467 0.0946461
2.59467 0.0946461
2.59467 0.0946399
2.59499 0.0949713
2.59499 0.0949656
2.59531 0.0952851
2.59531 0.0952851
2.59572 0.0956918
2.59604 0.0960175
2.5972 0.0971768
2.59761 0.0975896
2.59793 0.0979091
2.59859 0.0985708
2.59907 0.0990458
2.59995 0.0999252
2.60077 0.100742
2.6014 0.101373
2.60265 0.102626
2.60564 0.10562
2.60596 0.105939
2.60712 0.107093
2.60952 0.0495011
2.60952 0.0495011
2.60952 0.0495011
2.60997 0.109935
2.61009 0.0500734
2.61009 0.0497539
2.61009 0.0497539
2.61673 0.116704
2.6173 0.117272
2.62013 0.120111
2.6295 0.0494949
2.6295 0.0494949
2.6295 0.0494949
2.62982 0.0498099
2.62982 0.0494904
2.62982 0.0494904
2.63359 0.13357
2.64128 0.141255
2.64306 0.143037
2.64515 0.145129
2.64588 0.145853
2.64924 0.149221
2.64969 0.0496656
2.64982 0.0494745
2.64982 0.0494745
2.64982 0.0494745
2.65016 0.0498206
2.65016 0.0495011
2.65016 0.0495011
2.653 0.152978
2.65444 0.154417
2.65912 0.159092
2.66143 0.161402
2.66174 0.161721
2.66206 0.162041
2.66276 0.0627343
2.66395 0.163924
2.66725 0.0672302
2.6681 0.0680785
2.66951 0.049488
2.66951 0.049488
2.66951 0.049488
2.66982 0.049803
2.66982 0.0494835
2.66982 0.0494835
2.67537 0.175341
2.67568 0.0756616
2.67669 0.0766654
2.67741 0.0773893
2.67773 0.0777088
2.67905 0.0790236
2.67961 0.079592
2.67993 0.0799115
2.68203 0.0820039
2.68241 0.0823856
2.68273 0.0827051
2.68411 0.0840822
2.68442 0.0844017
2.68474 0.0847212
2.68509 0.0850718
2.68573 0.0857023
2.68604 0.0860218
2.68699 0.0869659
2.68731 0.0872829
2.68781 0.0877915
2.68829 0.0882687
2.68861 0.0885836
2.68861 0.0885836
2.68893 0.0889031
2.68893 0.0889031
2.68925 0.0892226
2.68957 0.0895446
2.68957 0.0895421
2.68969 0.0496906
2.68969 0.0496906
2.68969 0.0496906
2.69001 0.08999
2.69033 0.0903268
2.69065 0.090629
2.69065 0.090629
2.69097 0.0909485
2.6911 0.0510971
2.6911 0.0507775
2.6911 0.0507775
2.69142 0.0913989
2.69236 0.0923405
2.69318 0.0931576
2.69409 0.0940657
2.69441 0.0943919
2.69441 0.0943852
2.69473 0.0947047
2.69473 0.0947047
2.69473 0.0947071
2.69505 0.0950299
2.69505 0.0950242
2.69505 0.0950242
2.69537 0.0953437
2.69569 0.0956657
2.69601 0.0959827
2.69716 0.097142
2.69761 0.097586
2.69793 0.0979055
2.69859 0.0985671
2.69891 0.0988866
2.69991 0.0998904
2.70076 0.100739
2.70136 0.101338
2.70264 0.102622
2.70561 0.105585
2.70593 0.105905
2.70709 0.107066
2.70949 0.10947
2.70962 0.0495992
2.70962 0.0495992
2.70962 0.0495992
2.70984 0.0498209
2.70984 0.0495014
2.70984 0.0495014
2.71688 0.116856
2.71751 0.117486
2.72013 0.120107
2.7295 0.0494912
2.7295 0.0494912
2.7295 0.0494912
2.72981 0.0498062
2.72981 0.0494867
2.72981 0.0494867
2.73343 0.133411
2.74127 0.141252
2.74296 0.14294
2.74521 0.145188
2.74587 0.14585
2.74915 0.149124
2.74972 0.0496931
2.74984 0.0495019
2.74984 0.0495019
2.74984 0.0495019
2.75016 0.0498169
2.75016 0.0494974
2.75016 0.0494974
2.753 0.152975
2.75444 0.154414
2.75908 0.159057
2.76133 0.161305
2.76165 0.161624
2.76197 0.161944
2.76275 0.0627306
2.76394 0.16392
2.76728 0.0672576
2.7681 0.0680748
2.7695 0.0494843
2.7695 0.0494843
2.7695 0.0494843
2.76982 0.0497993
2.76982 0.0494798
2.76982 0.0494798
2.77542 0.1754
2.77574 0.0757202
2.77668 0.0766618
2.77741 0.0773856
2.77773 0.0777051
2.77904 0.07902
2.77961 0.0795883
2.77993 0.0799078
2.78205 0.0820314
2.7824 0.082382
2.78272 0.0827015
2.78413 0.0841096
2.78413 0.0841096
2.78467 0.0846469
2.78511 0.0850908
2.78571 0.0856902
2.78603 0.0860097
2.787 0.0869935
2.78732 0.0873019
2.78777 0.0877569
2.78831 0.0882825
2.78862 0.0886026
2.78862 0.0886026
2.78894 0.0889221
2.78894 0.0889221
2.78894 0.0889221
2.78929 0.0892838
2.78961 0.0895922
2.78993 0.0899117
2.79025 0.0902465
2.79025 0.0499319
2.79057 0.0905507
2.79057 0.0905507
2.79089 0.0908702
2.79102 0.0510188
2.79102 0.0510188
2.79102 0.0510188
2.79102 0.0510188
2.79102 0.0506993
2.79102 0.0506993
2.79137 0.0913603
2.79182 0.091812
2.7922 0.092186
2.79329 0.0932831
2.79361 0.0935915
2.79393 0.093911
2.79393 0.093911
2.79425 0.0942305
2.79457 0.0945611
2.79457 0.0945557
2.79457 0.09455
2.79498 0.0949628
2.7953 0.0952823
2.79572 0.0957063
2.79604 0.0960147
2.79716 0.0971429
2.79761 0.0975868
2.79793 0.0979063
2.79859 0.098568
2.79891 0.0988875
2.80004 0.100016
2.80076 0.10074
2.80145 0.101432
2.80264 0.102623
2.8057 0.105679
2.80602 0.105999
2.80665 0.106641
2.80952 0.0494983
2.80952 0.0494983
2.80952 0.0494983
2.80993 0.109927
2.81006 0.0500395
2.81006 0.04972
2.81006 0.04972
2.81688 0.116856
2.81742 0.117394
2.82013 0.120108
2.8295 0.0494921
2.8295 0.0494921
2.8295 0.0494921
2.82981 0.0498071
2.82981 0.0494876
2.82981 0.0494876
2.83355 0.133536
2.84118 0.141159
2.84293 0.14291
2.84521 0.145189
2.84581 0.145788
2.84915 0.149125
2.84972 0.0496939
2.84984 0.0495028
2.84984 0.0495028
2.84984 0.0495028
2.85016 0.0498178
2.85016 0.0494983
2.85016 0.0494983
2.853 0.152975
2.85447 0.154446
2.85908 0.159058
2.86142 0.161399
2.86174 0.161718
2.86206 0.162038
2.86275 0.0627315
2.86391 0.16389
2.86728 0.0672585
2.8681 0.0680757
2.8695 0.0494852
2.8695 0.0494852
2.8695 0.0494852
2.86982 0.0498002
2.86982 0.0494807
2.86982 0.0494807
2.87536 0.175339
2.87568 0.0756588
2.87668 0.0766626
2.87741 0.0773865
2.87773 0.077706
2.87904 0.0790208
2.87961 0.0795892
2.88027 0.0802508
2.88202 0.0820011
2.8824 0.0823828
2.88272 0.0827023
2.88413 0.0841105
2.88413 0.0841105
2.8847 0.0846788
2.88511 0.0850916
2.88571 0.0856911
2.88603 0.0860106
2.88697 0.0869719
2.88729 0.0872717
2.88777 0.0877664
2.88827 0.0882471
2.88859 0.0885723
2.88859 0.0885723
2.88891 0.0888918
2.88923 0.0892113
2.88923 0.0892113
2.88955 0.0895506
2.88955 0.0895309
2.88968 0.0496794
2.88968 0.0496794
2.88968 0.0496794
2.89 0.0899788
2.89032 0.0903166
2.89064 0.0906178
2.89064 0.0906178
2.89096 0.0909373
2.89109 0.0510858
2.89109 0.0507663
2.89109 0.0507663
2.89141 0.0914049
2.89182 0.0918063
2.8922 0.0921994
2.89314 0.093141
2.89346 0.0934408
2.89378 0.0937603
2.89378 0.0937603
2.8941 0.0940798
2.89442 0.0944191
2.89442 0.094405
2.89474 0.0947188
2.89506 0.0950383
2.89506 0.0950383
2.89578 0.0957819
2.8961 0.0960817
2.89714 0.0971166
2.89761 0.0975916
2.89793 0.0979111
2.89859 0.0985728
2.89922 0.0992033
2.89998 0.0999583
2.90077 0.100744
2.90143 0.101406
2.90277 0.102752
2.90561 0.105591
2.90593 0.10591
2.90666 0.106631
2.90949 0.049472
2.90949 0.049472
2.90949 0.049472
2.90996 0.109941
2.91009 0.0500754
2.91009 0.0497559
2.91009 0.0497559
2.91679 0.116768
2.91726 0.117243
2.92013 0.120113
2.9295 0.0494969
2.9295 0.0494969
2.9295 0.0494969
2.92982 0.0498119
2.92982 0.0494924
2.92982 0.0494924
2.93356 0.133541
2.94122 0.141195
2.94294 0.142914
2.94521 0.145194
2.94591 0.145886
2.94915 0.14913
2.94969 0.0496676
2.94982 0.0494765
2.94982 0.0494765
2.94982 0.0494765
2.95013 0.0497915
2.95013 0.049472
2.95013 0.049472
2.953 0.15298
2.95447 0.154451
2.95911 0.159094
2.96133 0.16131
2.96165 0.16163
2.96197 0.161949
2.96276 0.0627363
2.96392 0.163895
2.96728 0.0672633
2.96801 0.0679872
2.9695 0.04949
2.9695 0.04949
2.9695 0.04949
2.96982 0.049805
2.96982 0.0494855
2.96982 0.0494855
2.97536 0.175343
2.97568 0.0756636
2.977 0.0769785
2.97741 0.0773913
2.97773 0.0777108
2.97905 0.0790256
2.97961 0.079594
2.98024 0.0802245
2.98203 0.0820059
2.98241 0.0823876
2.98273 0.0827071
2.9841 0.0840842
2.98442 0.0844037
2.98474 0.0847232
2.98509 0.0850738
2.98572 0.0857044
2.98604 0.0860239
2.98699 0.0869627
2.98731 0.0873051
2.98731 0.087285
2.98762 0.0876045
2.98794 0.0879212
2.98854 0.0885234
2.98886 0.0888429
2.98918 0.0891624
2.98918 0.0891624
2.9895 0.0894792
2.9895 0.0894819
2.98963 0.0496305
2.98963 0.0496305
2.98963 0.0496305
2.98995 0.0899298
2.99027 0.0902397
2.99059 0.0905688
2.99059 0.0905688
2.99091 0.0908884
2.99104 0.0510369
2.99104 0.0507174
2.99104 0.0507174
2.99136 0.0913335
2.99183 0.091809
2.99237 0.0923458
2.99275 0.0927275
2.99319 0.0931742
2.99367 0.0936492
2.99399 0.0939687
2.99399 0.093966
2.99431 0.0942882
2.99463 0.0946134
2.99463 0.0946077
2.99495 0.0949272
2.99527 0.0952467
2.99568 0.0956568
2.996 0.095979
2.9971 0.0970761
2.99763 0.0976134
2.99795 0.0979329
2.99827 0.0982524
2.99934 0.0993184
2.99994 0.0999178
3.00051 0.100486
3.00142 0.101397
3.0027 0.10268
3.0057 0.105675
3.00602 0.105995
3.00655 0.106546
3.00951 0.0494942
3.00951 0.0494942
3.00951 0.0494942
3.00996 0.109941
3.01008 0.0500665
3.01008 0.049747
3.01008 0.049747
3.0169 0.116883
3.01729 0.117265
3.02016 0.120135
3.02949 0.049488
3.02949 0.049488
3.02949 0.049488
3.02981 0.049803
3.02981 0.0494835
3.02981 0.0494835
3.03355 0.133532
3.04114 0.141124
3.04305 0.14303
3.04517 0.145154
3.04584 0.145815
3.04914 0.149121
3.04971 0.0496898
3.05015 0.0494902
3.05015 0.0494902
3.05302 0.152998
3.05446 0.154438
3.0591 0.159081
3.06132 0.161298
3.06164 0.161617
3.06196 0.161937
3.06274 0.0627234
3.06393 0.163913
3.06724 0.0672194
3.06799 0.0679743
3.06949 0.0494771
3.06949 0.0494771
3.06949 0.0494771
3.06981 0.0497921
3.06981 0.0494726
3.06981 0.0494726
3.07535 0.17533
3.07567 0.0756508
3.07699 0.0769656
3.0774 0.0773784
3.07772 0.0776979
3.07906 0.0790439
3.0796 0.0795811
3.08026 0.0802428
3.08204 0.0820242
3.08239 0.0823748
3.08271 0.0826943
3.08409 0.0840713
3.08441 0.0843908
3.08473 0.0847103
3.08511 0.0850921
3.08571 0.0856915
3.08603 0.086011
3.08697 0.0869585
3.08729 0.0872644
3.08729 0.0872721
3.08761 0.0875916
3.08793 0.087917
3.08872 0.0886972
3.08904 0.0890167
3.08904 0.0890167
3.08904 0.0890167
3.08936 0.0893421
3.08968 0.0896557
3.08999 0.0899752
3.09031 0.0902953
3.09031 0.0499642
3.09063 0.0906142
3.09063 0.0906142
3.09095 0.0909337
3.09127 0.0912591
3.0914 0.0513707
3.0914 0.0513707
3.0914 0.0513707
3.0914 0.0513707
3.0914 0.0510511
3.0914 0.0510511
3.09172 0.091707
3.09241 0.0924122
3.09273 0.0927278
3.09318 0.0931573
3.09362 0.0936012
3.09394 0.0939351
3.09394 0.0939207
3.09426 0.0942403
3.09426 0.094246
3.09458 0.0945598
3.0949 0.0948793
3.09522 0.0951988
3.09566 0.0956486
3.09598 0.0959622
3.09717 0.0971526
3.09765 0.0976277
3.09797 0.0979472
3.09829 0.0982667
3.09898 0.0989594
3.09995 0.0999321
3.10052 0.1005
3.10143 0.101411
3.10265 0.102632
3.10565 0.105627
3.10597 0.105946
3.10672 0.106702
3.10949 0.0494769
3.10949 0.0494769
3.10949 0.0494769
3.10994 0.109932
3.11007 0.0500492
3.11007 0.0497297
3.11007 0.0497297
3.11689 0.116866
3.11727 0.117248
3.12011 0.120087
3.1295 0.0495018
3.1295 0.0495018
3.1295 0.0495018
3.12982 0.0498168
3.12982 0.0494973
3.12982 0.0494973
3.13347 0.133453
3.14131 0.141294
3.14288 0.142857
3.14516 0.145136
3.14582 0.145798
3.14915 0.149134
3.14969 0.0496725
3.14982 0.0494814
3.14982 0.0494814
3.14982 0.0494814
3.15013 0.0497964
3.15013 0.0494769
3.15013 0.0494769
3.153 0.152985
3.15441 0.154393
3.15906 0.159036
3.16133 0.161315
3.16165 0.161635
3.16197 0.161954
3.16276 0.0627412
3.16392 0.1639
3.16729 0.0672682
3.16801 0.0679921
3.16951 0.0494949
3.16951 0.0494949
3.16951 0.0494949
3.16982 0.0498099
3.16982 0.0494904
3.16982 0.0494904
3.17546 0.175442
3.17578 0.0757619
3.17697 0.0769523
3.17738 0.0773651
3.1777 0.0776846
3.17905 0.0790306
3.17962 0.0795989
3.18025 0.0802294
3.18203 0.0820108
3.18238 0.0823615
3.1827 0.082681
3.18373 0.0837159
3.18446 0.0844397
3.18478 0.0847592
3.1851 0.0850787
3.1857 0.0856782
3.18602 0.0859977
3.18702 0.087016
3.18734 0.0873166
3.18734 0.087321
3.18769 0.0876862
3.18801 0.0879911
3.18833 0.0883106
3.18865 0.0886301
3.18897 0.0889496
3.18897 0.0889496
3.18929 0.0892837
3.18961 0.0895886
3.18993 0.0899081
3.19025 0.0902405
3.19025 0.0498972
3.19057 0.0905472
3.19057 0.0905472
3.19089 0.0908667
3.19101 0.0509841
3.19101 0.0509841
3.19101 0.0509841
3.19101 0.0509841
3.19101 0.0506646
3.19101 0.0506646
3.19133 0.0913291
3.19172 0.0916882
3.19244 0.0924279
3.19276 0.09274
3.19323 0.0932147
3.19374 0.0937208
3.19406 0.0940403
3.19438 0.0943602
3.19438 0.0943598
3.1947 0.094685
3.1947 0.0946793
3.19502 0.0949988
3.19534 0.0953329
3.19534 0.0953183
3.19569 0.0956689
3.19716 0.0971393
3.1976 0.0975832
3.19792 0.0979027
3.19824 0.0982222
3.199 0.0989772
3.19991 0.0998877
3.20044 0.100425
3.20142 0.101398
3.20264 0.102619
3.20557 0.105551
3.20589 0.105871
3.20668 0.106674
3.20951 0.0494947
3.20951 0.0494947
3.20951 0.0494947
3.20995 0.109927
3.21008 0.050067
3.21008 0.0497475
3.21008 0.0497475
3.21687 0.116853
3.21728 0.117266
3.22012 0.120105
3.22949 0.0494885
3.22949 0.0494885
3.22949 0.0494885
3.2298 0.0498035
3.2298 0.049484
3.2298 0.049484
3.23355 0.133533
3.24124 0.141218
3.24292 0.142906
3.24517 0.145154
3.24583 0.145816
3.24923 0.149214
3.24971 0.0496903
3.24984 0.0494992
3.24984 0.0494992
3.24984 0.0494992
3.25015 0.0498142
3.25015 0.0494947
3.25015 0.0494947
3.25299 0.152972
3.25449 0.154473
3.25907 0.159054
3.26135 0.161333
3.26167 0.161653
3.26199 0.161972
3.26275 0.0627279
3.26384 0.163824
3.26727 0.0672549
3.26809 0.0680721
3.26949 0.0494816
3.26949 0.0494816
3.26949 0.0494816
3.26981 0.0497966
3.26981 0.0494771
3.26981 0.0494771
3.27535 0.175335
3.27567 0.0756552
3.27696 0.076939
3.27737 0.0773518
3.27769 0.0776713
3.27904 0.0790172
3.2796 0.0795856
3.28023 0.0802161
3.28202 0.0819975
3.2824 0.0823792
3.28272 0.0826987
3.28372 0.0837025
3.28444 0.0844264
3.28476 0.0847459
3.28511 0.0850965
3.28571 0.085696
3.28603 0.0860155
3.28701 0.0869802
3.28733 0.0873066
3.28733 0.0873077
3.28777 0.0877437
3.28809 0.0880711
3.28841 0.0883906
3.28873 0.0887101
3.28905 0.0890296
3.28905 0.0890296
3.28937 0.0893412
3.28969 0.0896686
3.29001 0.0899881
3.29001 0.089977
3.29013 0.0501055
3.29013 0.0501055
3.29013 0.0501055
3.29013 0.0501055
3.29013 0.049786
3.29013 0.049786
3.29045 0.090436
3.29045 0.0501055
3.29077 0.0907555
3.29109 0.091075
3.29141 0.0913866
3.29198 0.0919602
3.2923 0.0922914
3.29324 0.0932415
3.29356 0.0935435
3.29388 0.093863
3.29388 0.093863
3.29388 0.093863
3.29429 0.0942933
3.29461 0.094601
3.29461 0.0945953
3.29493 0.0949148
3.29525 0.0952349
3.29557 0.0955538
3.29592 0.0959045
3.29711 0.0970949
3.29762 0.097601
3.29794 0.0979205
3.29826 0.09824
3.29908 0.0990572
3.29999 0.0999677
3.30052 0.100505
3.3014 0.101384
3.30225 0.102233
3.30562 0.1056
3.30594 0.10592
3.30626 0.106243
3.3095 0.0494814
3.3095 0.0494814
3.3095 0.0494814
3.30981 0.0497964
3.30981 0.0494769
3.30981 0.0494769
3.31013 0.110113
3.31695 0.116933
3.31727 0.117252
3.3202 0.120185
3.32948 0.0494752
3.32948 0.0494752
3.32948 0.0494752
3.32982 0.0498213
3.32982 0.0495018
3.32982 0.0495018
3.33344 0.133426
3.34122 0.141205
3.34288 0.142862
3.34516 0.145141
3.34582 0.145802
3.34919 0.14917
3.34969 0.049677
3.34982 0.0494859
3.34982 0.0494859
3.34982 0.0494859
3.35014 0.0498009
3.35014 0.0494814
3.35014 0.0494814
3.35301 0.15299
3.35445 0.154429
3.35906 0.159041
3.36134 0.16132
3.36166 0.161639
3.36198 0.161959
3.36273 0.0627146
3.36383 0.163811
3.36726 0.0672416
3.36808 0.0680588
3.36951 0.0494994
3.36951 0.0494994
3.36951 0.0494994
3.36983 0.0498144
3.36983 0.0494949
3.36983 0.0494949
3.37556 0.175539
3.37588 0.0758597
3.37697 0.0769568
3.37739 0.0773696
3.37771 0.0776891
3.37902 0.0790039
3.37962 0.0796034
3.38025 0.0802339
3.38203 0.0820153
3.38238 0.0823659
3.3827 0.0826854
3.38374 0.0837203
3.38468 0.0846619
3.38468 0.0846619
3.38506 0.0850436
3.38569 0.0856742
3.38601 0.0859937
3.38698 0.0869671
3.3873 0.0872881
3.3873 0.0872859
3.38778 0.0877616
3.3881 0.0880804
3.38842 0.0883999
3.38874 0.0887194
3.38906 0.0890389
3.38906 0.0890389
3.38938 0.0893592
3.3897 0.0896779
3.39001 0.0899975
3.39001 0.0899873
3.39033 0.090317
3.39033 0.0499865
3.39065 0.0906365
3.39097 0.090956
3.39129 0.0912762
3.39142 0.0513929
3.39142 0.0513929
3.39142 0.0513929
3.39142 0.0513929
3.39142 0.0510734
3.39142 0.0510734
3.39174 0.0917184
3.39206 0.0920296
3.39322 0.0931972
3.39354 0.0935217
3.39386 0.0938412
3.39386 0.0938412
3.39386 0.0938412
3.39433 0.0943113
3.39465 0.0946357
3.39465 0.0946414
3.39497 0.0949553
3.39529 0.0952613
3.39561 0.0955943
3.39593 0.0959138
3.39712 0.0971042
3.39763 0.0976103
3.39795 0.0979298
3.39827 0.0982493
3.39908 0.0990665
3.39996 0.0999459
3.4005 0.100483
3.40132 0.1013
3.40263 0.102615
3.40578 0.105765
3.4061 0.106085
3.40642 0.106393
3.4095 0.0494907
3.4095 0.0494907
3.4095 0.0494907
3.41001 0.110003
3.41014 0.0501252
3.41014 0.0498057
3.41014 0.0498057
3.41693 0.116911
3.4174 0.117386
3.42015 0.120132
3.42952 0.0494845
3.42952 0.0494845
3.42952 0.0494845
3.42983 0.0497995
3.42983 0.04948
3.42983 0.04948
3.43348 0.133466
3.44129 0.141276
3.44295 0.142933
3.44517 0.14515
3.44586 0.145843
3.44913 0.149117
3.4497 0.0496863
3.44983 0.0494952
3.44983 0.0494952
3.44983 0.0494952
3.45015 0.0498102
3.45015 0.0494907
3.45015 0.0494907
3.45302 0.152999
3.45442 0.154407
3.45901 0.158988
3.46135 0.161329
3.46167 0.161649
3.46199 0.161968
3.46274 0.0627239
3.46384 0.16382
3.46727 0.0672509
3.46808 0.0680681
3.46949 0.0494776
3.46949 0.0494776
3.46949 0.0494776
3.4698 0.0497926
3.4698 0.0494731
3.4698 0.0494731
3.47557 0.0755495
3.47589 0.175868
3.47698 0.0769661
3.4774 0.0773789
3.47771 0.0776984
3.47937 0.0793554
3.47969 0.0796749
3.48023 0.0802121
3.48204 0.0820246
3.48239 0.0823752
3.48271 0.0826947
3.48371 0.0836985
3.48441 0.0843913
3.48473 0.0847108
3.48511 0.0850925
3.48571 0.085692
3.48603 0.0860115
3.48697 0.0869624
3.48729 0.087278
3.48729 0.0872726
3.48776 0.087757
3.48808 0.0880671
3.48853 0.088511
3.48885 0.0888305
3.48917 0.08915
3.48917 0.08915
3.48949 0.0894789
3.48949 0.0894695
3.48961 0.0495869
3.48961 0.0495869
3.48961 0.0495869
3.48993 0.0899174
3.49025 0.0902391
3.49025 0.0902369
3.49025 0.0902369
3.49038 0.0503543
3.49038 0.0500348
3.49038 0.0500348
3.49079 0.0907781
3.49124 0.0912314
3.49165 0.091647
3.492 0.0919928
3.49319 0.0931796
3.49351 0.0934954
3.49383 0.0938149
3.49383 0.0938149
3.49415 0.0941344
3.49447 0.0944576
3.49447 0.0944596
3.49479 0.0947734
3.49511 0.095093
3.49511 0.0950966
3.49543 0.0954125
3.49575 0.095732
3.49709 0.0970779
3.4976 0.097584
3.49792 0.0979035
3.49824 0.0982231
3.4994 0.0993824
3.49994 0.0999196
3.50054 0.100519
3.50132 0.101305
3.50264 0.10262
3.50563 0.105614
3.50595 0.105934
3.50627 0.10626
3.50951 0.0494955
3.50951 0.0494955
3.50951 0.0494955
3.50998 0.109954
3.51011 0.0500989
3.51011 0.0497794
3.51011 0.0497794
3.51703 0.117009
3.51735 0.117329
3.52015 0.120137
3.52952 0.0494893
3.52952 0.0494893
3.52952 0.0494893
3.52983 0.0498043
3.52983 0.0494848
3.52983 0.0494848
3.53345 0.13344
3.5412 0.141188
3.54305 0.143031
3.54517 0.145155
3.54583 0.145816
3.54914 0.149122
3.54971 0.0496911
3.54984 0.0495
3.54984 0.0495
3.54984 0.0495
3.55015 0.049815
3.55015 0.0494955
3.55015 0.0494955
3.55305 0.153035
3.55443 0.154412
3.55904 0.159024
3.56135 0.161334
3.56167 0.161653
3.56199 0.161973
3.56274 0.0627287
3.56384 0.163825
3.56727 0.0672557
3.56809 0.0680729
3.56949 0.0494824
3.56949 0.0494824
3.56949 0.0494824
3.56981 0.0497974
3.56981 0.0494779
3.56981 0.0494779
3.57545 0.175429
3.57576 0.0757494
3.57696 0.0769398
3.57737 0.0773526
3.57769 0.0776721
3.57938 0.0793602
3.5797 0.0796797
3.58023 0.0802169
3.58201 0.0819983
3.5824 0.0823801
3.58272 0.0826996
3.58406 0.0840455
3.58441 0.0843961
3.58473 0.0847156
3.58505 0.0850351
3.58571 0.0856968
3.58603 0.0860163
3.58697 0.0869448
3.58729 0.0872862
3.58729 0.0872774
3.58777 0.0877393
3.58809 0.0880719
3.58853 0.0885158
3.58885 0.0888353
3.58917 0.0891548
3.58917 0.0891548
3.58949 0.0894613
3.58949 0.0894744
3.58962 0.0495918
3.58962 0.0495918
3.58962 0.0495918
3.58994 0.0899222
3.59026 0.0902449
3.59026 0.0902418
3.59058 0.0905613
3.5909 0.0908808
3.59102 0.0509982
3.59102 0.0506787
3.59102 0.0506787
3.59144 0.0914089
3.59176 0.0917383
3.59176 0.0917396
3.59323 0.0932242
3.59355 0.0935313
3.59387 0.0938509
3.59387 0.0938509
3.59419 0.0941704
3.59451 0.0945022
3.59451 0.0944956
3.59482 0.0948094
3.59514 0.0951289
3.59546 0.0954381
3.59546 0.0954484
3.59578 0.0957679
3.59716 0.0971449
3.5976 0.0975889
3.59792 0.0979084
3.59824 0.0982279
3.59906 0.099045
3.59997 0.0999555
3.60054 0.100524
3.60139 0.101372
3.60264 0.102625
3.60563 0.105619
3.60595 0.105939
3.60674 0.106717
3.60951 0.0495003
3.60951 0.0495003
3.60951 0.0495003
3.60999 0.109967
3.61012 0.0501038
3.61012 0.0497843
3.61012 0.0497843
3.61684 0.116827
3.61726 0.11724
3.62013 0.12011
3.62952 0.0494941
3.62952 0.0494941
3.62952 0.0494941
3.62984 0.0498091
3.62984 0.0494896
3.62984 0.0494896
3.63342 0.133414
3.6413 0.141286
3.6429 0.142881
3.64518 0.14516
3.64584 0.145821
3.64914 0.149127
3.64968 0.0496649
3.64981 0.0494737
3.64981 0.0494737
3.64981 0.0494737
3.65015 0.0498199
3.65015 0.0495003
3.65015 0.0495003
3.65306 0.15304
3.65443 0.154417
3.65904 0.159029
3.66132 0.161308
3.66164 0.161627
3.66196 0.161947
3.66275 0.0627335
3.66385 0.16383
3.66728 0.0672606
3.66809 0.0680777
3.6695 0.0494872
3.6695 0.0494872
3.6695 0.0494872
3.66981 0.0498022
3.66981 0.0494827
3.66981 0.0494827
3.67536 0.175341
3.67568 0.0756609
3.67696 0.0769446
3.67737 0.0773574
3.67769 0.0776769
3.67938 0.079365
3.6797 0.0796845
3.68024 0.0802218
3.68202 0.0820032
3.68237 0.0823538
3.68269 0.0826733
3.68407 0.0840503
3.68442 0.0844009
3.68474 0.0847204
3.68512 0.0851022
3.68572 0.0857016
3.68604 0.0860211
3.68701 0.0869894
3.68733 0.0873254
3.68733 0.0873133
3.68777 0.0877528
3.68809 0.0880767
3.68854 0.0885207
3.68885 0.0888402
3.68917 0.0891597
3.68917 0.0891597
3.68949 0.0894747
3.68949 0.0894792
3.68962 0.0495966
3.68962 0.0495966
3.68962 0.0495966
3.68994 0.0899271
3.69026 0.0902477
3.69026 0.0902466
3.69058 0.0905661
3.6909 0.0908856
3.69103 0.051003
3.69103 0.0506835
3.69103 0.0506835
3.69135 0.091329
3.69173 0.0916994
3.6932 0.0931754
3.69396 0.0939405
3.69427 0.0942463
3.69459 0.0945795
3.69459 0.0945795
3.69459 0.0945795
3.69491 0.0948889
3.69491 0.0949047
3.69491 0.094899
3.69523 0.0952185
3.69523 0.0952253
3.69555 0.0955381
3.69587 0.0958576
3.69716 0.0971413
3.6976 0.0975852
3.69792 0.0979047
3.69824 0.0982242
3.69912 0.0991036
3.69994 0.0999208
3.70047 0.100458
3.70132 0.101306
3.70273 0.102714
3.70557 0.105553
3.70589 0.105873
3.70708 0.107073
3.70951 0.0494967
3.70951 0.0494967
3.70951 0.0494967
3.70998 0.109972
3.71011 0.0501001
3.71011 0.0497806
3.71011 0.0497806
3.71675 0.11673
3.71725 0.117237
3.72018 0.120169
3.72952 0.0494905
3.72952 0.0494905
3.72952 0.0494905
3.72983 0.0498055
3.72983 0.049486
3.72983 0.049486
3.73354 0.133535
3.7413 0.141282
3.74305 0.143032
3.74517 0.145156
3.74583 0.145818
3.74914 0.149123
3.74971 0.0496923
3.74983 0.0495012
3.74983 0.0495012
3.74983 0.0495012
3.75015 0.0498162
3.75015 0.0494967
3.75015 0.0494967
3.75299 0.152974
3.75446 0.154444
3.75904 0.159025
3.76132 0.161304
3.76164 0.161624
3.76196 0.161943
3.76274 0.0627299
3.76384 0.163826
3.7673 0.067288
3.76809 0.0680741
3.76949 0.0494836
3.76949 0.0494836
3.76949 0.0494836
3.76981 0.0497986
3.76981 0.0494791
3.76981 0.0494791
3.77541 0.175399
3.77573 0.0757194
3.77695 0.076941
3.77737 0.0773538
3.77769 0.0776733
3.77938 0.0793614
3.77969 0.0796809
3.78023 0.0802181
3.78201 0.0819995
3.7824 0.0823812
3.78271 0.0827007
3.78406 0.0840467
3.78447 0.0844595
3.78479 0.084779
3.78511 0.0850985
3.78571 0.0856979
3.78603 0.0860175
3.78697 0.0869632
3.78729 0.0872628
3.78761 0.0875981
3.78793 0.0879218
3.78793 0.0879176
3.78853 0.088517
3.78885 0.0888365
3.78917 0.089156
3.78917 0.089156
3.78949 0.0894797
3.78949 0.0894755
3.78962 0.0495929
3.78962 0.0495929
3.78962 0.0495929
3.78994 0.0899234
3.79026 0.090242
3.79058 0.0905624
3.79058 0.0905624
3.7909 0.0908819
3.79102 0.0509994
3.79102 0.0506799
3.79102 0.0506799
3.79144 0.0914274
3.79176 0.0917439
3.7927 0.0926827
3.79364 0.0936258
3.79458 0.0945658
3.7949 0.0948869
3.7949 0.0948869
3.7949 0.0948869
3.79522 0.0952049
3.79522 0.0952121
3.79522 0.0952064
3.79554 0.0955259
3.79554 0.0955187
3.79554 0.0955259
3.79586 0.0958455
3.79714 0.0971292
3.79762 0.0976042
3.79794 0.0979237
3.79826 0.0982432
3.79917 0.0991537
3.79995 0.0999398
3.80037 0.100353
3.80134 0.101325
3.80278 0.102765
3.80568 0.105666
3.806 0.105985
3.8071 0.107069
3.8095 0.0494846
3.8095 0.0494846
3.8095 0.0494846
3.80994 0.109938
3.81007 0.0500569
3.81007 0.0497374
3.81007 0.0497374
3.81686 0.116843
3.81736 0.117349
3.8202 0.120188
3.82951 0.0494784
3.82951 0.0494784
3.82951 0.0494784
3.82982 0.0497934
3.82982 0.0494739
3.82982 0.0494739
3.83341 0.133398
3.84116 0.141146
3.84288 0.142865
3.84516 0.145144
3.84588 0.145868
3.84916 0.149142
3.84969 0.0496802
3.84982 0.0494891
3.84982 0.0494891
3.84982 0.0494891
3.85014 0.0498041
3.85014 0.0494846
3.85014 0.0494846
3.85301 0.152993
3.85445 0.154432
3.85909 0.159075
3.86131 0.161292
3.86163 0.161611
3.86194 0.161931
3.86273 0.0627178
3.86383 0.163814
3.86726 0.0672448
3.86808 0.068062
3.86948 0.0494715
3.86948 0.0494715
3.86948 0.0494715
3.86982 0.0498176
3.86982 0.0494981
3.86982 0.0494981
3.87556 0.175543
3.87588 0.0758629
3.87697 0.07696
3.87739 0.0773728
3.87771 0.0776923
3.87936 0.0793493
3.87968 0.0796688
3.88022 0.080206
3.88203 0.0820185
3.88238 0.0823691
3.8827 0.0826886
3.88405 0.0840346
3.88446 0.0844474
3.88478 0.0847669
3.8851 0.0850864
3.8857 0.0856858
3.88602 0.0860053
3.88696 0.0869598
3.88728 0.0872664
3.88775 0.0877543
3.88832 0.0882974
3.88864 0.0886293
3.88864 0.0886293
3.88896 0.0889488
3.88896 0.0889488
3.88896 0.0889488
3.88928 0.0892812
3.8896 0.0895878
3.88992 0.0899073
3.89024 0.090229
3.89024 0.0498964
3.89056 0.0905464
3.89056 0.0905464
3.89088 0.0908659
3.89101 0.0509833
3.89101 0.0509833
3.89101 0.0509833
3.89101 0.0509833
3.89101 0.0506638
3.89101 0.0506638
3.89133 0.0913266
3.89214 0.0921182
3.89318 0.0931503
3.89406 0.0940452
3.89438 0.0943752
3.89438 0.0943647
3.8947 0.0946842
3.8947 0.0946842
3.8947 0.0946914
3.89502 0.0950094
3.89502 0.0950037
3.89502 0.0950037
3.89534 0.0953232
3.89569 0.0956837
3.89601 0.0959934
3.89717 0.0971527
3.89761 0.0975966
3.89761 0.0975966
3.89805 0.0980405
3.89903 0.0990132
3.89994 0.0999237
3.90054 0.100523
3.90138 0.101371
3.90264 0.102624
3.90576 0.105743
3.90608 0.106062
3.90714 0.107124
3.90951 0.0494996
3.90951 0.0494996
3.90951 0.0494996
3.90982 0.0498146
3.90982 0.0494951
3.90982 0.0494951
3.91014 0.110121
3.91684 0.116827
3.91725 0.117239
3.92012 0.120109
3.92952 0.0494934
3.92952 0.0494934
3.92952 0.0494934
3.92984 0.0498084
3.92984 0.0494889
3.92984 0.0494889
3.93342 0.133413
3.9413 0.141285
3.94289 0.14288
3.94517 0.145159
3.94586 0.145852
3.94914 0.149126
3.94968 0.0496641
3.9498 0.049473
3.9498 0.049473
3.9498 0.049473
3.95015 0.0498191
3.95015 0.0494996
3.95015 0.0494996
3.95299 0.152977
3.95443 0.154416
3.95907 0.159059
3.96132 0.161307
3.96164 0.161626
3.96196 0.161946
3.96275 0.0627328
3.96384 0.163829
3.96724 0.0672287
3.96809 0.068077
3.96949 0.0494865
3.96949 0.0494865
3.96949 0.0494865
3.96981 0.0498015
3.96981 0.049482
3.96981 0.049482
3.97535 0.17534
3.97567 0.0756601
3.97696 0.0769439
3.97737 0.0773567
3.97769 0.0776762
3.97938 0.0793643
3.9797 0.0796838
3.98023 0.080221
3.98201 0.0820024
3.98237 0.082353
3.98268 0.0826725
3.98406 0.0840496
3.98441 0.0844002
3.98473 0.0847197
3.98511 0.0851014
3.98571 0.0857009
3.98603 0.0860204
3.98697 0.0869523
3.98729 0.0872815
3.98777 0.0877469
3.98827 0.088245
3.98859 0.0885821
3.98859 0.0885821
3.98891 0.0889016
3.98891 0.0889016
3.98891 0.0889016
3.9893 0.0892737
3.98962 0.0896029
3.98993 0.0899224
3.99025 0.0902336
3.99025 0.0499114
3.99057 0.0905614
3.99057 0.0905614
3.99089 0.0908809
3.99102 0.0509983
3.99102 0.0509983
3.99102 0.0509983
3.99102 0.0509983
3.99102 0.0506788
3.99102 0.0506788
3.99134 0.0913192
3.99216 0.0921419
3.99313 0.0931118
3.99401 0.093998
3.99433 0.094309
3.99465 0.094637
3.99465 0.094637
3.99465 0.094637
3.99497 0.0949412
3.99497 0.0949622
3.99497 0.0949565
3.99529 0.095276
3.99529 0.095276
3.99567 0.0956452
3.99599 0.0959773
3.99718 0.0971677
3.99759 0.0975805
3.99791 0.0979
3.99851 0.0984995
3.99917 0.0991611
3.99993 0.0999161
4.00075 0.100733
4.00138 0.101364
4.00263 0.102616
4.00556 0.105549
4.00588 0.105869
4.0071 0.107095
4.0095 0.0494926
4.0095 0.0494926
4.0095 0.0494926
4.00998 0.109963
4.0101 0.050096
4.0101 0.0497765
4.0101 0.0497765
4.01686 0.116851
4.01724 0.117232
4.02011 0.120102
4.02951 0.0494864
4.02951 0.0494864
4.02951 0.0494864
4.02983 0.0498014
4.02983 0.0494819
4.02983 0.0494819
4.0336 0.133593
4.04126 0.141247
4.04285 0.142842
4.04516 0.145152
4.04589 0.145876
4.04913 0.149119
4.0497 0.0496882
4.05014 0.0494886
4.05014 0.0494886
4.05307 0.153059
4.05451 0.154498
4.05906 0.159048
4.06131 0.161296
4.06163 0.161615
4.06195 0.161935
4.06273 0.0627218
4.06383 0.163818
4.06726 0.0672488
4.06808 0.068066
4.06948 0.0494755
4.06948 0.0494755
4.06948 0.0494755
4.0698 0.0497905
4.0698 0.049471
4.0698 0.049471
4.07534 0.175329
4.07566 0.0756491
4.07698 0.076964
4.07739 0.0773768
4.07771 0.0776963
4.07936 0.0793533
4.07968 0.0796728
4.08022 0.08021
4.08203 0.0820225
4.08238 0.0823731
4.0827 0.0826926
4.08405 0.0840386
4.08446 0.0844514
4.08478 0.0847709
4.0851 0.0850904
4.0857 0.0856898
4.08602 0.0860094
4.08699 0.0869811
4.08731 0.0873015
4.08776 0.0877445
4.08823 0.0882288
4.08855 0.08854
4.08855 0.08854
4.08887 0.0888595
4.08919 0.089179
4.08919 0.089179
4.08951 0.0894975
4.08951 0.0894985
4.08964 0.0496159
4.08964 0.0496159
4.08964 0.0496159
4.08996 0.0899464
4.09028 0.0902693
4.0906 0.0905854
4.0906 0.0905854
4.09092 0.0909049
4.09104 0.0510224
4.09104 0.0507029
4.09104 0.0507029
4.09136 0.0913519
4.09212 0.0921124
4.09309 0.0930823
4.09403 0.0940221
4.09435 0.0943452
4.09467 0.0946611
4.09467 0.0946611
4.09467 0.0946611
4.09499 0.0949739
4.09499 0.0949863
4.09499 0.0949806
4.09531 0.0953001
4.09531 0.0953001
4.09569 0.0956779
4.09601 0.0960013
4.09714 0.0971295
4.09762 0.0976046
4.09794 0.0979241
4.0985 0.0984924
4.09917 0.0991541
4.09995 0.0999401
4.10077 0.100757
4.1014 0.101388
4.10271 0.102703
4.10562 0.105604
4.10593 0.105923
4.10709 0.107065
4.10949 0.049485
4.10949 0.049485
4.10949 0.049485
4.10981 0.0498
4.10981 0.0494805
4.10981 0.0494805
4.11013 0.110124
4.11685 0.116843
4.11724 0.117225
4.12011 0.120095
4.1295 0.0494787
4.1295 0.0494787
4.1295 0.0494787
4.12982 0.0497937
4.12982 0.0494742
4.12982 0.0494742
4.13362 0.133616
4.14122 0.141208
4.14291 0.142896
4.14531 0.1453
4.14594 0.14593
4.14912 0.149111
4.14969 0.0496806
4.14982 0.0494894
4.14982 0.0494894
4.14982 0.0494894
4.15013 0.0498045
4.15013 0.049485
4.15013 0.049485
4.153 0.152993
4.15444 0.154432
4.15909 0.159075
4.1613 0.161292
4.16165 0.161643
4.16197 0.161962
4.16273 0.0627181
4.16383 0.163814
4.16722 0.0672141
4.16807 0.0680623
4.16948 0.0494718
4.16948 0.0494718
4.16948 0.0494718
4.16982 0.0498179
4.16982 0.0494984
4.16982 0.0494984
4.17555 0.175543
4.17587 0.0758632
4.17694 0.0769292
4.17735 0.077342
4.17767 0.0776615
4.17936 0.0793496
4.17968 0.0796691
4.18022 0.0802064
4.182 0.0819878
4.18235 0.0823384
4.18267 0.0826579
4.18401 0.0840038
4.18446 0.0844477
4.18478 0.0847672
4.1851 0.0850868
4.1857 0.0856862
4.18602 0.0860057
4.18696 0.086955
4.18728 0.0872668
4.18766 0.0876562
4.18823 0.08822
4.18855 0.0885364
4.18855 0.0885364
4.18887 0.0888559
4.18919 0.0891754
4.18919 0.0891754
4.18951 0.0895025
4.18951 0.0894949
4.18963 0.0496123
4.18963 0.0496123
4.18963 0.0496123
4.18995 0.0899428
4.19027 0.0902461
4.19059 0.0905818
4.19059 0.0905818
4.19091 0.0909013
4.19123 0.0912285
4.19136 0.0513382
4.19136 0.0510187
4.19136 0.0510187
4.19211 0.0920862
4.19309 0.0930873
4.19403 0.0940184
4.19435 0.0943225
4.19435 0.0943379
4.19467 0.0946575
4.19467 0.0946575
4.19467 0.0946594
4.19499 0.094977
4.19499 0.0949827
4.19499 0.094977
4.19531 0.0952965
4.19569 0.0956829
4.19601 0.0959977
4.1972 0.0971881
4.19758 0.0975698
4.1979 0.0978893
4.1985 0.0984888
4.19904 0.099026
4.19995 0.0999365
4.20073 0.100723
4.20133 0.101322
4.20262 0.102606
4.20558 0.105569
4.2059 0.105889
4.20709 0.10707
4.20949 0.0494813
4.20949 0.0494813
4.20949 0.0494813
4.20996 0.109938
4.21009 0.0500847
4.21009 0.0497652
4.21009 0.0497652
4.21682 0.116808
4.21723 0.117221
4.2201 0.120091
4.2295 0.0494751
4.2295 0.0494751
4.2295 0.0494751
4.22981 0.0497901
4.22981 0.0494706
4.22981 0.0494706
4.23365 0.133644
4.24122 0.141205
4.24293 0.142924
4.24521 0.145203
4.24588 0.145864
4.24915 0.149139
4.24969 0.0496769
4.24982 0.0494858
4.24982 0.0494858
4.24982 0.0494858
4.25013 0.0498008
4.25013 0.0494813
4.25013 0.0494813
4.25294 0.152927
4.25441 0.154398
4.25911 0.159103
4.26136 0.161351
4.26168 0.16167
4.262 0.16199
4.26272 0.0627145
4.26382 0.163811
4.26722 0.0672104
4.26807 0.0680587
4.2695 0.0494993
4.2695 0.0494993
4.2695 0.0494993
4.26982 0.0498143
4.26982 0.0494948
4.26982 0.0494948
4.27536 0.175353
4.27568 0.0756729
4.27694 0.0769256
4.27735 0.0773384
4.27767 0.0776579
4.27936 0.079346
4.27968 0.0796655
4.28021 0.0802027
4.28203 0.0820152
4.28234 0.0823347
4.28266 0.0826542
4.28401 0.0840002
4.28445 0.0844441
4.28477 0.0847636
4.28509 0.0850831
4.28569 0.0856826
4.28601 0.0860021
4.28695 0.0869289
4.28727 0.0872632
4.28775 0.0877234
4.28825 0.0882423
4.28857 0.0885638
4.28857 0.0885638
4.28889 0.0888833
4.28889 0.0888833
4.28921 0.0892028
4.28953 0.0895075
4.28953 0.0895223
4.28966 0.0496398
4.28966 0.0496398
4.28966 0.0496398
4.28998 0.0899702
4.28998 0.0899499
4.29011 0.0500877
4.29011 0.0497681
4.29011 0.0497681
4.29049 0.0904803
4.29081 0.0907999
4.29081 0.0907999
4.29125 0.091229
4.29213 0.0921139
4.29295 0.0929283
4.29399 0.0939752
4.2943 0.0942914
4.29462 0.0946142
4.29462 0.0946142
4.29462 0.0946142
4.29494 0.0949132
4.29494 0.0949394
4.29494 0.0949337
4.29526 0.0952532
4.29526 0.0952532
4.29568 0.0956483
4.296 0.0959856
4.29719 0.097176
4.2976 0.0975888
4.29792 0.0979083
4.29849 0.0984767
4.29915 0.0991383
4.29997 0.0999555
4.30072 0.10071
4.30132 0.10131
4.30282 0.102811
4.30566 0.10565
4.30598 0.10597
4.30708 0.107066
4.30951 0.0495003
4.30951 0.0495003
4.30951 0.0495003
4.30995 0.109935
4.31008 0.0500726
4.31008 0.0497531
4.31008 0.0497531
4.31684 0.116827
4.31734 0.117333
4.32009 0.120079
4.32952 0.0494941
4.32952 0.0494941
4.32952 0.0494941
4.32983 0.0498091
4.32983 0.0494896
4.32983 0.0494896
4.33342 0.133414
4.3413 0.141286
4.34289 0.142881
4.34517 0.14516
4.34583 0.145821
4.34914 0.149127
4.34967 0.0496648
4.3498 0.0494737
4.3498 0.0494737
4.3498 0.0494737
4.35015 0.0498198
4.35015 0.0495003
4.35015 0.0495003
4.35293 0.152915
4.35443 0.154417
4.3591 0.159091
4.36135 0.161339
4.36167 0.161658
4.36199 0.161978
4.36274 0.0627335
4.36384 0.16383
4.36724 0.0672294
4.36809 0.0680777
4.36949 0.0494872
4.36949 0.0494872
4.36949 0.0494872
4.36981 0.0498022
4.36981 0.0494827
4.36981 0.0494827
4.37538 0.175372
4.3757 0.0756919
4.37695 0.0769446
4.37737 0.0773574
4.37769 0.0776769
4.37937 0.079365
4.37969 0.0796845
4.3802 0.0801906
4.38201 0.0820031
4.38236 0.0823537
4.38268 0.0826732
4.38403 0.0840192
4.38444 0.084432
4.38476 0.0847515
4.38511 0.0851021
4.38568 0.0856704
4.386 0.0859899
4.38697 0.0869565
4.38729 0.0872821
4.38777 0.087751
4.38824 0.088225
4.38856 0.0885517
4.38856 0.0885517
4.38888 0.0888712
4.38888 0.0888712
4.3892 0.0891907
4.38952 0.0895041
4.38952 0.0895102
4.38965 0.0496276
4.38965 0.0496276
4.38965 0.0496276
4.38997 0.0899581
4.38997 0.0899449
4.3901 0.0500755
4.3901 0.049756
4.3901 0.049756
4.39042 0.090406
4.39073 0.0907255
4.39105 0.091045
4.39137 0.0913584
4.39213 0.0921189
4.3931 0.0930888
4.39404 0.0940338
4.39436 0.0943621
4.39436 0.0943533
4.39468 0.0946728
4.39468 0.0946728
4.39468 0.0946609
4.395 0.094998
4.395 0.0949923
4.395 0.0949923
4.39532 0.0953118
4.39567 0.0956533
4.39599 0.0959819
4.39712 0.0971101
4.39759 0.0975852
4.39791 0.0979047
4.39848 0.098473
4.3993 0.0992902
4.39993 0.0999207
4.40072 0.100707
4.40141 0.1014
4.40263 0.102621
4.40566 0.105647
4.40598 0.105966
4.40707 0.107071
4.4095 0.0494967
4.4095 0.0494967
4.4095 0.0494967
4.41001 0.110002
4.41014 0.0501312
4.41014 0.0498117
4.41014 0.0498117
4.41689 0.116886
4.41737 0.117361
4.42008 0.120075
4.42951 0.0494904
4.42951 0.0494904
4.42951 0.0494904
4.42983 0.0498054
4.42983 0.0494859
4.42983 0.0494859
4.43363 0.133628
4.44123 0.14122
4.44292 0.142908
4.44517 0.145156
4.44598 0.145973
4.44913 0.149123
4.44967 0.0496612
4.4498 0.04947
4.4498 0.04947
4.4498 0.04947
4.45014 0.0498162
4.45014 0.0494967
4.45014 0.0494967
4.45292 0.152912
4.45439 0.154382
4.4591 0.159087
4.46138 0.161366
4.46169 0.161686
4.46201 0.162005
4.46274 0.0627298
4.46384 0.163826
4.46723 0.0672258
4.46808 0.068074
4.46949 0.0494835
4.46949 0.0494835
4.46949 0.0494835
4.4698 0.0497985
4.4698 0.049479
4.4698 0.049479
4.47556 0.0755554
4.47588 0.175874
4.47695 0.0769409
4.47736 0.0773537
4.47768 0.0776732
4.47937 0.0793613
4.47969 0.0796808
4.48023 0.0802181
4.48201 0.0819995
4.48236 0.0823501
4.48268 0.0826696
4.48402 0.0840155
4.48444 0.0844283
4.48476 0.0847478
4.48511 0.0850985
4.48568 0.0856668
4.48599 0.0859863
4.48697 0.0869615
4.48729 0.0872785
4.48776 0.087756
4.48827 0.0882472
4.48859 0.0885792
4.48859 0.0885792
4.48891 0.0888987
4.48891 0.0888987
4.48891 0.0888987
4.48926 0.0892518
4.48958 0.0895688
4.4899 0.0898883
4.49022 0.0901934
4.49022 0.0498773
4.49054 0.0905273
4.49054 0.0905273
4.49086 0.0908468
4.49098 0.0509642
4.49098 0.0509642
4.49098 0.0509642
4.49098 0.0509642
4.49098 0.0506447
4.49098 0.0506447
4.4913 0.0912972
4.49212 0.0921199
4.49294 0.0929343
4.49397 0.093964
4.49429 0.0942733
4.49461 0.094603
4.49461 0.094603
4.49461 0.094603
4.49493 0.0949193
4.49493 0.0949282
4.49493 0.0949225
4.49525 0.095242
4.49525 0.095242
4.49569 0.0956855
4.49601 0.0960054
4.49711 0.0971025
4.49759 0.0975775
4.49791 0.0978971
4.49847 0.0984654
4.49904 0.0990337
4.49989 0.099882
4.50074 0.10073
4.50134 0.10133
4.50268 0.102676
4.50555 0.105546
4.50587 0.105865
4.50709 0.107072
4.50949 0.049489
4.50949 0.049489
4.50949 0.049489
4.51 0.109972
4.51013 0.0501236
4.51013 0.0498041
4.51013 0.0498041
4.51682 0.116816
4.51736 0.117353
4.52011 0.120099
4.5295 0.0494828
4.5295 0.0494828
4.5295 0.0494828
4.52982 0.0497978
4.52982 0.0494783
4.52982 0.0494783
4.53344 0.133434
4.54122 0.141212
4.54294 0.142931
4.54522 0.145211
4.54582 0.14581
4.54912 0.149115
4.54969 0.0496846
4.54982 0.0494935
4.54982 0.0494935
4.54982 0.0494935
4.55014 0.0498085
4.55014 0.049489
4.55014 0.049489
4.55294 0.152935
4.55438 0.154374
4.55909 0.159079
4.56137 0.161359
4.56169 0.161678
4.56201 0.161998
4.56273 0.0627222
4.56383 0.163819
4.56723 0.0672181
4.56807 0.0680664
4.56948 0.0494759
4.56948 0.0494759
4.56948 0.0494759
4.56979 0.0497909
4.56979 0.0494714
4.56979 0.0494714
4.57556 0.0755478
4.57587 0.175866
4.57694 0.0769333
4.57735 0.0773461
4.57767 0.0776656
4.57936 0.0793537
4.57968 0.0796732
4.58022 0.0802105
4.582 0.0819918
4.58235 0.0823425
4.58267 0.082662
4.58402 0.0840079
4.58443 0.0844207
4.58475 0.0847402
4.5851 0.0850908
4.5857 0.0856903
4.58602 0.0860098
4.58708 0.0870558
4.5874 0.0873953
4.58775 0.0877259
4.58826 0.0882344
4.58858 0.0885715
4.5889 0.0888911
4.5889 0.0888911
4.5889 0.0888911
4.58922 0.0892106
4.58922 0.0892106
4.58954 0.0895101
4.58967 0.0496475
4.58967 0.0496475
4.58967 0.0496475
4.58999 0.089978
4.58999 0.0899843
4.59011 0.0500954
4.59011 0.0497759
4.59011 0.0497759
4.59043 0.0904259
4.59075 0.0907454
4.59075 0.0907454
4.59126 0.0912315
4.59214 0.0921164
4.59308 0.0930553
4.59399 0.0939829
4.59431 0.0943044
4.59463 0.094622
4.59463 0.094622
4.59463 0.094622
4.59495 0.0949469
4.59495 0.0949415
4.59495 0.0949472
4.59527 0.095261
4.59527 0.095261
4.59568 0.0956509
4.596 0.0959933
4.59713 0.0971215
4.5976 0.0975965
4.59792 0.097916
4.59849 0.0984844
4.59943 0.099426
4.59997 0.0999632
4.60079 0.10078
4.60129 0.101287
4.6027 0.102695
4.60554 0.105534
4.60589 0.105884
4.60708 0.107069
4.60948 0.0494769
4.60948 0.0494769
4.60948 0.0494769
4.60999 0.109968
4.61012 0.0501114
4.61012 0.0497919
4.61012 0.0497919
4.61684 0.116835
4.61735 0.117341
4.62009 0.120087
4.62949 0.0494707
4.62949 0.0494707
4.62949 0.0494707
4.62984 0.0498168
4.62984 0.0494973
4.62984 0.0494973
4.63342 0.133421
4.6413 0.141294
4.64293 0.142919
4.64517 0.145167
4.64584 0.145829
4.64911 0.149103
4.64968 0.0496725
4.64981 0.0494814
4.64981 0.0494814
4.64981 0.0494814
4.65012 0.0497964
4.65012 0.0494769
4.65012 0.0494769
4.65293 0.152923
4.65453 0.154518
4.65907 0.159067
4.66138 0.161378
4.6617 0.161697
4.66202 0.162017
4.66275 0.0627412
4.66384 0.163838
4.66724 0.0672371
4.66809 0.0680854
4.6695 0.0494949
4.6695 0.0494949
4.6695 0.0494949
4.66981 0.0498099
4.66981 0.0494904
4.66981 0.0494904
4.67557 0.0755668
4.67589 0.175885
4.67696 0.0769523
4.67734 0.077334
4.67766 0.0776535
4.67935 0.0793416
4.67967 0.0796611
4.6802 0.0801983
4.68202 0.0820108
4.68234 0.0823303
4.68266 0.0826499
4.68403 0.0840269
4.68445 0.0844397
4.68477 0.0847592
4.68509 0.0850787
4.68568 0.0856782
4.686 0.0859977
4.68698 0.086959
4.6873 0.0872899
4.68774 0.0877225
4.68828 0.0882483
4.6886 0.0885905
4.6886 0.0885905
4.68892 0.08891
4.68892 0.08891
4.68892 0.08891
4.68927 0.0892493
4.68959 0.0895802
4.68991 0.0898997
4.69023 0.0902243
4.69023 0.0498887
4.69055 0.0905387
4.69055 0.0905387
4.69086 0.0908582
4.69099 0.0509756
4.69099 0.0509756
4.69099 0.0509756
4.69099 0.0509756
4.69099 0.0506561
4.69099 0.0506561
4.69131 0.0912948
4.69213 0.0921175
4.6931 0.0930874
4.69404 0.0940375
4.69436 0.0943399
4.69436 0.094357
4.69468 0.0946766
4.69468 0.0946766
4.69468 0.0946595
4.695 0.0950018
4.695 0.0949961
4.695 0.0949961
4.69532 0.0953156
4.6957 0.095683
4.69602 0.0960168
4.69712 0.0971139
4.6976 0.0975889
4.69792 0.0979084
4.69848 0.0984768
4.69905 0.0990451
4.69987 0.0998623
4.70072 0.100711
4.70141 0.101403
4.7026 0.102594
4.70566 0.10565
4.70598 0.10597
4.70707 0.10707
4.7095 0.0495004
4.7095 0.0495004
4.7095 0.0495004
4.71001 0.11
4.71014 0.0501349
4.71014 0.0498154
4.71014 0.0498154
4.71693 0.116921
4.71737 0.117365
4.72009 0.120079
4.72951 0.0494942
4.72951 0.0494942
4.72951 0.0494942
4.72983 0.0498092
4.72983 0.0494897
4.72983 0.0494897
4.73341 0.133414
4.74129 0.141286
4.74295 0.142943
4.7452 0.145191
4.74589 0.145884
4.74913 0.149127
4.74967 0.0496649
4.7498 0.0494738
4.7498 0.0494738
4.7498 0.0494738
4.75015 0.0498199
4.75015 0.0495004
4.75015 0.0495004
4.75292 0.152915
4.75442 0.154417
4.7591 0.159091
4.76138 0.16137
4.7617 0.161689
4.76202 0.162009
4.76274 0.0627336
4.76384 0.16383
4.76724 0.0672295
4.76808 0.0680778
4.76952 0.0494873
4.76952 0.0494873
4.76952 0.0494873
4.76983 0.0498023
4.76983 0.0494828
4.76983 0.0494828
4.77556 0.0755592
4.77588 0.175878
4.77695 0.0769447
4.77736 0.0773575
4.77768 0.077677
4.77937 0.0793651
4.77969 0.0796846
4.7802 0.0801907
4.78201 0.0820032
4.78236 0.0823538
4.78268 0.0826733
4.78403 0.0840193
4.78447 0.0844632
4.78479 0.0847827
4.78511 0.0851022
4.78568 0.0856706
4.786 0.0859901
4.78697 0.0869601
4.78729 0.0872823
4.78776 0.0877546
4.78824 0.0882355
4.78856 0.0885518
4.78856 0.0885518
4.78888 0.0888713
4.78888 0.0888713
4.7892 0.0891908
4.78952 0.0895076
4.78952 0.0895103
4.78964 0.0496278
4.78964 0.0496278
4.78964 0.0496278
4.78996 0.0899582
4.79028 0.0902528
4.7906 0.0905972
4.7906 0.0905972
4.79092 0.0909168
4.79124 0.0912336
4.79137 0.0513537
4.79137 0.0510342
4.79137 0.0510342
4.79213 0.0921225
4.79294 0.0929369
4.79398 0.0939717
4.7943 0.0942862
4.79462 0.0946107
4.79462 0.0946107
4.79462 0.0946107
4.79494 0.0949218
4.79494 0.0949302
4.79494 0.0949359
4.79526 0.0952497
4.79526 0.0952497
4.79567 0.0956569
4.79599 0.095982
4.79718 0.0971725
4.79759 0.0975853
4.79791 0.0979048
4.79848 0.0984731
4.79948 0.0994769
4.79993 0.0999208
4.80074 0.100738
4.80141 0.1014
4.80284 0.102839
4.80562 0.105616
4.80594 0.105935
4.8071 0.107075
4.8095 0.0494968
4.8095 0.0494968
4.8095 0.0494968
4.80981 0.0498118
4.80981 0.0494923
4.80981 0.0494923
4.81013 0.110134
4.81683 0.116824
4.81724 0.117237
4.82008 0.120076
4.82951 0.0494905
4.82951 0.0494905
4.82951 0.0494905
4.82982 0.0498056
4.82982 0.049486
4.82982 0.049486
4.83341 0.13341
4.84123 0.14122
4.84291 0.142908
4.84519 0.145187
4.84582 0.145818
4.84913 0.149123
4.84967 0.0496613
4.84979 0.0494702
4.84979 0.0494702
4.84979 0.0494702
4.85014 0.0498163
4.85014 0.0494968
4.85014 0.0494968
4.85292 0.152912
4.85442 0.154413
4.85909 0.159087
4.86137 0.161366
4.86169 0.161686
4.86201 0.162005
4.86273 0.06273
4.86383 0.163826
4.86723 0.0672259
4.86808 0.0680741
4.86951 0.0494836
4.86951 0.0494836
4.86951 0.0494836
4.86983 0.0497986
4.86983 0.0494791
4.86983 0.0494791
4.87556 0.0755555
4.87588 0.175874
4.87695 0.076941
4.87736 0.0773538
4.87768 0.0776734
4.87902 0.0790193
4.87959 0.0795876
4.88022 0.0802182
4.882 0.0819996
4.88236 0.0823502
4.88267 0.0826697
4.88402 0.0840156
4.88443 0.0844284
4.88475 0.084748
4.8851 0.0850986
4.88567 0.0856669
4.88599 0.0859864
4.88696 0.0869339
4.88728 0.0872786
4.88776 0.0877285
4.88823 0.0882266
4.88855 0.0885482
4.88855 0.0885482
4.88887 0.0888677
4.88887 0.0888677
4.88919 0.0891872
4.88951 0.0894815
4.88951 0.0895067
4.88964 0.0496241
4.88964 0.0496241
4.88964 0.0496241
4.88996 0.0899546
4.88996 0.0899587
4.89028 0.0902741
4.8906 0.0905936
4.89092 0.0909131
4.89124 0.0912075
4.89137 0.05135
4.89137 0.0510305
4.89137 0.0510305
4.89212 0.0920963
4.89309 0.0930663
4.89404 0.0940302
4.89435 0.0943258
4.89467 0.0946693
4.89467 0.0946693
4.89467 0.0946693
4.89499 0.094989
4.89499 0.0949634
4.89499 0.0949888
4.89531 0.0953083
4.89531 0.0953083
4.89569 0.095693
4.89601 0.0960095
4.89711 0.0971066
4.89759 0.0975816
4.89791 0.0979011
4.89847 0.0984695
4.89942 0.0994111
4.89995 0.0999483
4.90071 0.100703
4.90131 0.101303
4.90272 0.102711
4.90524 0.105239
4.90566 0.105652
4.9066 0.106582
4.90949 0.0494931
4.90949 0.0494931
4.90949 0.0494931
4.90981 0.0498081
4.90981 0.0494886
4.90981 0.0494886
4.91013 0.110108
4.91683 0.11682
4.91724 0.117233
4.92011 0.120103
4.92951 0.0494869
4.92951 0.0494869
4.92951 0.0494869
4.92982 0.0498019
4.92982 0.0494824
4.92982 0.0494824
4.93359 0.133562
4.94131 0.14131
4.94294 0.142936
4.94516 0.145152
4.94582 0.145814
4.94916 0.149151
4.94969 0.0496887
4.94982 0.0494976
4.94982 0.0494976
4.94982 0.0494976
4.95014 0.0498126
4.95014 0.0494931
4.95014 0.0494931
4.95298 0.15297
4.95445 0.154441
4.95912 0.159115
4.96134 0.161332
4.96166 0.161651
4.96198 0.161971
4.96276 0.0627574
4.96383 0.163823
4.96723 0.0672222
4.96807 0.0680705
4.96951 0.04948
4.96951 0.04948
4.96951 0.04948
4.96982 0.049795
4.96982 0.0494755
4.96982 0.0494755
4.97556 0.0755519
4.97588 0.175871
4.97694 0.0769374
4.97735 0.0773502
4.97767 0.0776697
4.97902 0.0790156
4.97959 0.079584
4.98022 0.0802145
4.982 0.0819959
4.98235 0.0823465
4.98267 0.082666
4.98402 0.084012
4.98443 0.0844248
4.98475 0.0847443
4.9851 0.0850949
4.98567 0.0856633
4.98599 0.0859828
4.98696 0.0869389
4.98728 0.087275
4.98775 0.0877335
4.98826 0.0882489
4.98858 0.0885756
4.98858 0.0885756
4.9889 0.0888951
4.9889 0.0888951
4.98922 0.0892146
4.98954 0.0895176
4.98954 0.0895342
4.98967 0.0496516
4.98967 0.0496516
4.98967 0.0496516
4.98999 0.089982
4.98999 0.0899673
4.99031 0.0903016
4.99063 0.0906211
4.99094 0.0909406
4.99126 0.0912436
4.99139 0.0513775
4.99139 0.051058
4.99139 0.051058
4.99184 0.0918205
4.99216 0.0921409
4.9931 0.0930797
4.99342 0.093413
4.99374 0.0937325
4.99406 0.094052
4.99406 0.094052
4.99438 0.0943493
4.99438 0.0943461
4.9947 0.094691
4.99501 0.0950105
4.99501 0.0950105
4.99571 0.0956838
4.99603 0.0960228
4.99712 0.0971199
4.99769 0.0976882
4.99801 0.0980077
4.99849 0.0984828
4.99906 0.0990511
4.99993 0.0999305
5.00072 0.100717
5.00141 0.101409
5.0026 0.1026
5.00526 0.105253
5.00561 0.105603
5.00608 0.106053
5.00948 0.049476
5.00948 0.049476
5.00948 0.049476
5.00979 0.049791
5.00979 0.0494715
5.00979 0.0494715
5.01011 0.110099
5.01681 0.116803
5.01734 0.11734
5.02009 0.120086
5.02952 0.0495009
5.02952 0.0495009
5.02952 0.0495009
5.02983 0.0498159
5.02983 0.0494964
5.02983 0.0494964
5.03357 0.133545
5.04127 0.141261
5.04292 0.142918
5.0452 0.145198
5.04583 0.145828
5.04914 0.149134
5.04967 0.0496716
5.05011 0.049472
5.05011 0.049472
5.05292 0.152918
5.05442 0.15442
5.05907 0.159062
5.06138 0.161373
5.0617 0.161692
5.06202 0.162012
5.06274 0.0627363
5.06381 0.163802
5.0673 0.0672944
5.06808 0.0680805
5.06952 0.04949
5.06952 0.04949
5.06952 0.04949
5.06983 0.049805
5.06983 0.0494855
5.06983 0.0494855
5.07557 0.0755619
5.07588 0.175881
5.07695 0.0769474
5.07736 0.0773602
5.07768 0.0776797
5.07934 0.0793367
5.07966 0.0796562
5.0802 0.0801934
5.08201 0.0820059
5.08233 0.0823254
5.08265 0.082645
5.08399 0.0839909
5.08444 0.0844348
5.08476 0.0847543
5.08511 0.0851049
5.08568 0.0856733
5.086 0.0859928
5.087 0.0869887
5.08732 0.0873161
5.08776 0.0877521
5.08824 0.0882227
5.08856 0.0885545
5.08856 0.0885545
5.08888 0.088874
5.08888 0.088874
5.0892 0.0891936
5.08952 0.0895052
5.08952 0.0895131
5.08964 0.0496305
5.08964 0.0496305
5.08964 0.0496305
5.08996 0.089961
5.08996 0.0899585
5.09028 0.0902805
5.0906 0.0906
5.09092 0.0909195
5.09105 0.0510369
5.09105 0.0507174
5.09105 0.0507174
5.09137 0.0913595
5.092 0.0919755
5.09232 0.0923151
5.09308 0.0930673
5.0934 0.0933919
5.09371 0.0937114
5.09371 0.0937114
5.09403 0.0940309
5.09435 0.0943368
5.09467 0.0946445
5.09467 0.0946699
5.09499 0.0949894
5.09531 0.0953089
5.09569 0.0956798
5.09601 0.0960102
5.09711 0.0971073
5.09759 0.0975823
5.09791 0.0979018
5.09847 0.0984701
5.09917 0.0991629
5.09989 0.0998868
5.10077 0.100766
5.1014 0.101397
5.10262 0.102618
5.10527 0.105271
5.10559 0.10559
5.10601 0.105995
5.10949 0.0494938
5.10949 0.0494938
5.10949 0.0494938
5.10997 0.109966
5.1101 0.0500972
5.1101 0.0497777
5.1101 0.0497777
5.11692 0.116914
5.11724 0.117234
5.12011 0.120104
5.1295 0.0494876
5.1295 0.0494876
5.1295 0.0494876
5.12982 0.0498026
5.12982 0.0494831
5.12982 0.0494831
5.13356 0.133532
5.14125 0.141248
5.14291 0.142905
5.14519 0.145184
5.14582 0.145815
5.14915 0.149151
5.14969 0.0496894
5.14982 0.0494983
5.14982 0.0494983
5.14982 0.0494983
5.15014 0.0498133
5.15014 0.0494938
5.15014 0.0494938
5.15307 0.153064
5.15438 0.154379
5.15909 0.159084
5.1613 0.161301
5.16169 0.161683
5.16201 0.162002
5.16273 0.062727
5.16383 0.163823
5.16723 0.0672229
5.16807 0.0680712
5.16951 0.0494806
5.16951 0.0494806
5.16951 0.0494806
5.16982 0.0497957
5.16982 0.0494762
5.16982 0.0494762
5.17556 0.175552
5.17587 0.075872
5.17694 0.076938
5.17732 0.0773198
5.17764 0.0776393
5.17933 0.0793274
5.17965 0.0796469
5.18019 0.0801841
5.182 0.0819966
5.18232 0.0823161
5.18264 0.0826356
5.18398 0.0839815
5.18443 0.0844255
5.18475 0.084745
5.1851 0.0850956
5.18567 0.0856639
5.18599 0.0859834
5.18696 0.0869569
5.18728 0.0872756
5.18766 0.0876581
5.18826 0.0882392
5.18858 0.0885763
5.18858 0.0885763
5.1889 0.0888958
5.1889 0.0888958
5.18922 0.0892153
5.18954 0.0895356
5.18954 0.0895348
5.18967 0.0496522
5.18967 0.0496522
5.18967 0.0496522
5.18999 0.0899827
5.18999 0.0899833
5.1903 0.0903022
5.19062 0.0906217
5.19094 0.0909412
5.19126 0.0912615
5.19139 0.0513782
5.19139 0.0510586
5.19139 0.0510586
5.19187 0.0918623
5.19219 0.0921589
5.19307 0.0930355
5.19339 0.0933826
5.19339 0.0933826
5.1937 0.0937021
5.19402 0.0940216
5.19434 0.0943361
5.19466 0.0946606
5.19466 0.0946352
5.19498 0.0949801
5.1953 0.0952996
5.19568 0.0956791
5.196 0.0960008
5.1971 0.0970979
5.19764 0.0976352
5.19764 0.0976352
5.19849 0.0984834
5.19905 0.0990518
5.19996 0.0999623
5.20081 0.100811
5.20141 0.10141
5.2026 0.1026
5.20526 0.105253
5.20561 0.105603
5.20593 0.105901
5.20951 0.049476
5.20951 0.049476
5.20951 0.049476
5.20982 0.049791
5.20982 0.0494715
5.20982 0.0494715
5.21014 0.110116
5.2169 0.116896
5.21734 0.11734
5.22009 0.120086
5.22949 0.0494697
5.22949 0.0494697
5.22949 0.0494697
5.22983 0.0498159
5.22983 0.0494964
5.22983 0.0494964
5.23364 0.133607
5.24133 0.141324
5.24286 0.142856
5.2452 0.145197
5.24589 0.14589
5.2491 0.149102
5.24967 0.0496716
5.2498 0.0494805
5.2498 0.0494805
5.2498 0.0494805
5.25012 0.0497955
5.25012 0.049476
5.25012 0.049476
5.25292 0.152922
5.25452 0.154517
5.2591 0.159098
5.26141 0.161408
5.26173 0.161727
5.26205 0.162047
5.26274 0.0627403
5.26384 0.163837
5.26721 0.0672051
5.26809 0.0680845
5.26952 0.0494939
5.26952 0.0494939
5.26952 0.0494939
5.26984 0.0498089
5.26984 0.0494894
5.26984 0.0494894
5.27535 0.175347
5.27567 0.0756676
5.27692 0.0769202
5.27733 0.0773331
5.27765 0.0776526
5.27934 0.0793406
5.27966 0.0796601
5.2802 0.0801974
5.28201 0.0820099
5.28233 0.0823294
5.28265 0.0826489
5.284 0.0839948
5.28444 0.0844388
5.28476 0.0847583
5.28508 0.0850778
5.2854 0.0853973
5.28591 0.0859034
5.28697 0.0869477
5.28729 0.0872889
5.28777 0.0877423
5.28824 0.0882162
5.28856 0.0885585
5.28856 0.0885585
5.28888 0.088878
5.28888 0.088878
5.2892 0.0891975
5.28952 0.0894953
5.28952 0.089517
5.28965 0.0496344
5.28965 0.0496344
5.28965 0.0496344
5.28997 0.0899649
5.29029 0.090257
5.29029 0.0902844
5.29029 0.0902844
5.29041 0.0504018
5.29041 0.0500823
5.29041 0.0500823
5.29083 0.0908256
5.29127 0.0912478
5.29187 0.0918566
5.29219 0.0921723
5.29307 0.0930489
5.29339 0.0933874
5.29339 0.0933874
5.29371 0.0937069
5.29403 0.0940264
5.29435 0.0943185
5.29435 0.0943205
5.29467 0.0946654
5.29499 0.0949849
5.29531 0.0953044
5.29569 0.0956615
5.29601 0.0960056
5.29707 0.0970716
5.29764 0.09764
5.29796 0.0979595
5.29859 0.09859
5.29904 0.099034
5.29998 0.0999755
5.30083 0.100824
5.3013 0.101299
5.30262 0.102614
5.30524 0.105235
5.30562 0.105617
5.30659 0.106584
5.30952 0.0494893
5.30952 0.0494893
5.30952 0.0494893
5.30996 0.109948
5.31009 0.0500616
5.31009 0.0497421
5.31009 0.0497421
5.31685 0.116847
5.31732 0.117322
5.32013 0.12013
5.3295 0.049483
5.3295 0.049483
5.3295 0.049483
5.32981 0.0497981
5.32981 0.0494785
5.32981 0.0494785
5.33362 0.133589
5.34131 0.141306
5.34287 0.14287
5.34527 0.145273
5.34581 0.14581
5.34912 0.149116
5.34969 0.0496849
5.34981 0.0494937
5.34981 0.0494937
5.34981 0.0494937
5.35013 0.0498088
5.35013 0.0494893
5.35013 0.0494893
5.35294 0.152935
5.35441 0.154406
5.35908 0.15908
5.3613 0.161297
5.36165 0.161647
5.36197 0.161967
5.36275 0.0627536
5.36385 0.16385
5.36722 0.0672184
5.36807 0.0680666
5.3695 0.0494761
5.3695 0.0494761
5.3695 0.0494761
5.36982 0.0497911
5.36982 0.0494716
5.36982 0.0494716
5.37533 0.175329
5.37565 0.0756498
5.37693 0.0769335
5.37735 0.0773463
5.37767 0.0776658
5.37932 0.0793228
5.37964 0.0796423
5.38018 0.0801796
5.38199 0.0819921
5.38231 0.0823116
5.38231 0.0823116
5.384 0.0839997
5.38444 0.0844436
5.38476 0.0847631
5.38508 0.0850826
5.38565 0.0856509
5.38597 0.0859704
5.3866 0.0865731
5.38698 0.0869697
5.3873 0.0873022
5.38775 0.0877331
5.38807 0.0880656
5.38839 0.0883851
5.38871 0.0887047
5.38871 0.0887047
5.38903 0.0890242
5.38903 0.0890242
5.38934 0.0893306
5.3895 0.0494922
5.3895 0.0494922
5.3895 0.0494922
5.38992 0.089916
5.39024 0.0902112
5.39024 0.0902355
5.39056 0.090555
5.39088 0.0908745
5.391 0.0509919
5.391 0.0506724
5.391 0.0506724
5.39132 0.0913093
5.39208 0.0920698
5.39262 0.0925917
5.39306 0.0930482
5.39338 0.093378
5.39338 0.093378
5.3937 0.0936975
5.39402 0.094017
5.39434 0.0943178
5.39434 0.0943365
5.39466 0.0946307
5.39498 0.0949756
5.3953 0.0952951
5.39568 0.0956608
5.396 0.0959963
5.39709 0.0970934
5.39757 0.0975684
5.39789 0.0978879
5.39858 0.0985807
5.39893 0.0989313
5.39997 0.0999662
5.40082 0.100814
5.40129 0.101289
5.40276 0.10276
5.4051 0.105101
5.40542 0.105421
5.40658 0.106561
5.40951 0.0494799
5.40951 0.0494799
5.40951 0.0494799
5.40995 0.109947
5.41008 0.0500522
5.41008 0.0497327
5.41008 0.0497327
5.41681 0.116807
5.41728 0.117282
5.42009 0.12009
5.42949 0.0494737
5.42949 0.0494737
5.42949 0.0494737
5.42983 0.0498198
5.42983 0.0495003
5.42983 0.0495003
5.43345 0.133424
5.44133 0.141328
5.44286 0.14286
5.4452 0.145201
5.4458 0.145801
5.44914 0.149137
5.44968 0.0496755
5.4498 0.0494844
5.4498 0.0494844
5.4498 0.0494844
5.45012 0.0497994
5.45012 0.0494799
5.45012 0.0494799
5.45293 0.152926
5.45443 0.154427
5.45901 0.159008
5.46135 0.161349
5.46167 0.161669
5.46199 0.161988
5.46278 0.0627753
5.46381 0.163809
5.4673 0.0673023
5.46809 0.0680884
5.46952 0.0494979
5.46952 0.0494979
5.46952 0.0494979
5.46984 0.0498129
5.46984 0.0494934
5.46984 0.0494934
5.47535 0.175351
5.47567 0.0756715
5.47692 0.0769242
5.47734 0.077337
5.47766 0.0776565
5.47934 0.0793446
5.47966 0.0796641
5.48017 0.0801702
5.48198 0.0819827
5.4823 0.0823022
5.4823 0.0823022
5.48399 0.0839903
5.48443 0.0844342
5.48443 0.0844342
5.4851 0.0850959
5.48566 0.0856642
5.48598 0.0859837
5.48658 0.0865585
5.48696 0.0869605
5.48728 0.0872844
5.48767 0.0876617
5.48799 0.0879856
5.48831 0.0883051
5.48862 0.0886246
5.48894 0.0889441
5.48894 0.0889441
5.48894 0.0889397
5.48926 0.0892636
5.48949 0.0494744
5.48949 0.0494744
5.48949 0.0494744
5.4899 0.0898982
5.49022 0.0901914
5.49022 0.0902177
5.49054 0.0905372
5.49086 0.0908567
5.49099 0.0509741
5.49099 0.0506546
5.49099 0.0506546
5.4913 0.0913002
5.49187 0.0918706
5.49219 0.0921624
5.49313 0.0931324
5.49345 0.0934535
5.49345 0.0934535
5.49377 0.093773
5.49377 0.093773
5.49415 0.0941446
5.49447 0.0944489
5.49447 0.0944743
5.49479 0.0947938
5.49511 0.0951133
5.49571 0.0957054
5.49603 0.0960322
5.4971 0.0970982
5.49764 0.0976355
5.49764 0.0976355
5.49858 0.098577
5.49905 0.0990521
5.49996 0.0999626
5.50103 0.101029
5.50141 0.10141
5.50269 0.102694
5.505 0.105004
5.50532 0.105324
5.50658 0.106574
5.5095 0.0494763
5.5095 0.0494763
5.5095 0.0494763
5.50982 0.0497913
5.50982 0.0494718
5.50982 0.0494718
5.51017 0.110143
5.51696 0.116959
5.51728 0.117278
5.52015 0.120148
5.52948 0.04947
5.52948 0.04947
5.52948 0.04947
5.52983 0.0498162
5.52983 0.0494967
5.52983 0.0494967
5.53348 0.133452
5.54132 0.141324
5.54286 0.142857
5.5452 0.145198
5.54583 0.145828
5.54917 0.149165
5.5497 0.0496719
5.54983 0.0494808
5.54983 0.0494808
5.54983 0.0494808
5.55015 0.0497958
5.55015 0.0494763
5.55015 0.0494763
5.55305 0.153047
5.55442 0.154424
5.55904 0.159036
5.56131 0.161315
5.56167 0.161665
5.56198 0.161985
5.56277 0.0627406
5.56384 0.163837
5.56724 0.0672054
5.56812 0.0680847
5.56952 0.0494942
5.56952 0.0494942
5.56952 0.0494942
5.56983 0.0498092
5.56983 0.0494897
5.56983 0.0494897
5.57547 0.175472
5.57579 0.0757612
5.57695 0.0769205
5.57736 0.0773333
5.57768 0.0776529
5.57903 0.0789988
5.5796 0.0795671
5.58023 0.0801977
5.58204 0.0820102
5.58236 0.0823297
5.58236 0.0823297
5.58402 0.0839867
5.58446 0.0844306
5.58478 0.0847501
5.5851 0.0850696
5.5857 0.085669
5.58602 0.0859886
5.58699 0.0869655
5.58731 0.0872905
5.58731 0.0872807
5.58766 0.0876356
5.58798 0.0879509
5.5883 0.0882704
5.58862 0.0885899
5.58894 0.0889094
5.58894 0.0889221
5.58894 0.0889094
5.58926 0.0892289
5.58948 0.0494707
5.58948 0.0494707
5.58948 0.0494707
5.58989 0.0898634
5.59021 0.0902
5.59021 0.0901829
5.59053 0.0905024
5.59085 0.0908219
5.59098 0.0509705
5.59098 0.0506509
5.59098 0.0506509
5.5913 0.0912741
5.59184 0.0918253
5.59216 0.0921363
5.59316 0.0931374
5.59348 0.0934499
5.59348 0.0934499
5.5938 0.093799
5.5938 0.0937694
5.59412 0.0940889
5.59444 0.0944084
5.59444 0.0944141
5.59479 0.094759
5.59511 0.0950785
5.59574 0.0957104
5.59606 0.0960286
5.59712 0.0970946
5.59769 0.0976629
5.59769 0.0976629
5.59851 0.0984801
5.59908 0.0990484
5.59999 0.0999589
5.60099 0.100963
5.60137 0.101344
5.60263 0.102597
5.6054 0.105374
5.60572 0.105693
5.6066 0.106588
5.6095 0.0494726
5.6095 0.0494726
5.6095 0.0494726
5.60985 0.0498187
5.60985 0.0494992
5.60985 0.0494992
5.6102 0.110179
5.61695 0.116924
5.61737 0.117337
5.62014 0.120114
5.62951 0.0494975
5.62951 0.0494975
5.62951 0.0494975
5.62983 0.0498125
5.62983 0.049493
5.62983 0.049493
5.63344 0.133417
5.64123 0.141196
5.64291 0.142884
5.64541 0.145381
5.64582 0.145794
5.64922 0.149192
5.6497 0.0496682
5.64983 0.0494771
5.64983 0.0494771
5.64983 0.0494771
5.65014 0.0497921
5.65014 0.0494726
5.65014 0.0494726
5.65307 0.153043
5.65442 0.154389
5.65922 0.159187
5.66134 0.161311
5.66166 0.161631
5.66198 0.16195
5.66277 0.0627369
5.66386 0.163833
5.66726 0.0672328
5.66811 0.0680811
5.66951 0.0494906
5.66951 0.0494906
5.66951 0.0494906
5.66983 0.0498056
5.66983 0.0494861
5.66983 0.0494861
5.67541 0.175375
5.67572 0.0756954
5.67695 0.0769169
5.67736 0.0773297
5.67768 0.0776492
5.67902 0.0789951
5.67959 0.0795635
5.68022 0.080194
5.68204 0.0820065
5.68236 0.082326
5.68236 0.082326
5.68401 0.083983
5.68446 0.0844269
5.68446 0.0844269
5.68512 0.0850886
5.68569 0.0856569
5.68601 0.0859764
5.68701 0.0869931
5.68733 0.0873128
5.68733 0.0872997
5.68765 0.0876321
5.68797 0.0879388
5.68829 0.0882583
5.68861 0.0885778
5.68893 0.0888973
5.68893 0.0888973
5.68928 0.0892466
5.6896 0.0895674
5.68992 0.0898869
5.69024 0.0902266
5.69024 0.0902064
5.69056 0.0905259
5.69056 0.0502265
5.69087 0.0908454
5.691 0.0509939
5.691 0.0509939
5.691 0.0509939
5.691 0.0509939
5.691 0.0506744
5.691 0.0506744
5.69132 0.0913062
5.69189 0.0918694
5.69221 0.0921996
5.6929 0.0928896
5.69329 0.0932556
5.6936 0.0935908
5.69392 0.0938946
5.69392 0.0938946
5.69424 0.0942142
5.69424 0.0942142
5.69456 0.0945394
5.69488 0.0948532
5.69536 0.0953282
5.69571 0.0956887
5.69603 0.0959983
5.69712 0.0970954
5.69766 0.0976327
5.69766 0.0976327
5.69848 0.0984498
5.69905 0.0990182
5.69996 0.0999286
5.70081 0.100777
5.70144 0.101407
5.70263 0.102598
5.70519 0.105157
5.70563 0.105601
5.7066 0.106575
5.7095 0.0494735
5.7095 0.0494735
5.7095 0.0494735
5.70994 0.109935
5.71007 0.0500458
5.71007 0.0497263
5.71007 0.0497263
5.71689 0.116863
5.71737 0.117338
5.72011 0.120083
5.72951 0.0494984
5.72951 0.0494984
5.72951 0.0494984
5.72983 0.0498134
5.72983 0.0494939
5.72983 0.0494939
5.73347 0.133449
5.74123 0.141197
5.74291 0.142885
5.74522 0.145195
5.74582 0.145794
5.74913 0.1491
5.7497 0.0496691
5.74983 0.049478
5.74983 0.049478
5.74983 0.049478
5.75014 0.049793
5.75014 0.0494735
5.75014 0.0494735
5.75295 0.152919
5.75451 0.154483
5.75909 0.159064
5.7614 0.161374
5.76172 0.161694
5.76204 0.162013
5.76277 0.0627378
5.76386 0.163834
5.76726 0.0672337
5.76811 0.068082
5.76951 0.0494914
5.76951 0.0494914
5.76951 0.0494914
5.76983 0.0498064
5.76983 0.0494869
5.76983 0.0494869
5.77541 0.175376
5.77572 0.0756962
5.77695 0.0769177
5.77736 0.0773305
5.77768 0.0776501
5.77937 0.0793381
5.77969 0.0796576
5.78022 0.0801949
5.78204 0.0820074
5.78236 0.0823269
5.78236 0.0823269
5.78401 0.0839839
5.78446 0.0844278
5.78478 0.0847473
5.78513 0.0850979
5.78569 0.0856662
5.78601 0.0859858
5.78699 0.08698
5.78731 0.0872943
5.78731 0.087278
5.78766 0.0876501
5.78798 0.0879481
5.7883 0.0882676
5.78862 0.0885871
5.78894 0.0889066
5.78894 0.0889066
5.78925 0.0892334
5.78957 0.0895456
5.78989 0.0898651
5.79021 0.0902058
5.79021 0.0498852
5.79053 0.0905041
5.79053 0.0905041
5.79085 0.0908236
5.79098 0.0509722
5.79098 0.0509722
5.79098 0.0509722
5.79098 0.0509722
5.79098 0.0506526
5.79098 0.0506526
5.7913 0.0912931
5.79184 0.091837
5.79216 0.0921553
5.79291 0.0929075
5.79323 0.0932027
5.79364 0.0936172
5.79396 0.0939351
5.79396 0.0939351
5.79428 0.0942546
5.7946 0.0945741
5.7946 0.0945798
5.79492 0.0948936
5.79524 0.0952131
5.79569 0.0956756
5.79601 0.0959765
5.7971 0.0970736
5.79767 0.097642
5.79799 0.0979615
5.7985 0.0984676
5.79882 0.0987871
5.80001 0.0999775
5.80073 0.100701
5.80142 0.101394
5.80264 0.102616
5.80523 0.105206
5.80565 0.105619
5.80622 0.106205
5.80952 0.0494913
5.80952 0.0494913
5.80952 0.0494913
5.80996 0.109931
5.81009 0.0500636
5.81009 0.0497441
5.81009 0.0497441
5.81688 0.116849
5.81726 0.117231
5.82013 0.120101
5.8295 0.049485
5.8295 0.049485
5.8295 0.049485
5.82981 0.0498
5.82981 0.0494805
5.82981 0.0494805
5.83346 0.133436
5.84131 0.141277
5.8429 0.142872
5.84524 0.145213
5.84584 0.145812
5.84918 0.149149
5.84971 0.0496869
5.84984 0.0494957
5.84984 0.0494957
5.84984 0.0494957
5.85016 0.0498108
5.85016 0.0494912
5.85016 0.0494912
5.85293 0.152906
5.85453 0.154501
5.85914 0.159113
5.86133 0.161299
5.86171 0.16168
5.86203 0.162
5.86275 0.0627244
5.86385 0.163821
5.86725 0.0672204
5.8681 0.0680686
5.8695 0.0494781
5.8695 0.0494781
5.8695 0.0494781
5.86982 0.0497931
5.86982 0.0494736
5.86982 0.0494736
5.87558 0.175549
5.8759 0.0758695
5.87696 0.0769355
5.87738 0.0773483
5.8777 0.0776678
5.87935 0.0793248
5.87967 0.0796443
5.88021 0.0801816
5.88202 0.0819941
5.88234 0.0823136
5.88234 0.0823136
5.88403 0.0840016
5.8846 0.08457
5.8846 0.08457
5.8851 0.0850761
5.8857 0.0856756
5.88602 0.0859951
5.887 0.0869668
5.88732 0.0872873
5.88767 0.0876575
5.88799 0.0879564
5.88799 0.0879574
5.8883 0.0882769
5.88862 0.0885964
5.88894 0.0889159
5.88894 0.0889159
5.88926 0.0892514
5.88958 0.0895549
5.8899 0.0898744
5.89022 0.0902183
5.89022 0.0498946
5.89054 0.0905134
5.89054 0.0905134
5.89086 0.0908329
5.89099 0.0509815
5.89099 0.0509815
5.89099 0.0509815
5.89099 0.0509815
5.89099 0.050662
5.89099 0.050662
5.8914 0.0913732
5.89237 0.0923514
5.89316 0.0931347
5.89398 0.0939501
5.8943 0.0942873
5.89462 0.0945891
5.89462 0.0946079
5.89462 0.0945891
5.89494 0.0949086
5.89494 0.0949086
5.89494 0.0949143
5.89526 0.0952281
5.89526 0.0952281
5.89567 0.0956682
5.89599 0.0959604
5.89715 0.0971198
5.89765 0.0976259
5.89797 0.0979454
5.89848 0.0984515
5.89883 0.0988021
5.89999 0.0999614
5.90074 0.100716
5.90134 0.101316
5.90269 0.102662
5.90565 0.105625
5.90597 0.105945
5.90719 0.107171
5.9095 0.0494752
5.9095 0.0494752
5.9095 0.0494752
5.90981 0.0497902
5.90981 0.0494707
5.90981 0.0494707
5.91013 0.110114
5.91686 0.116833
5.91746 0.117433
5.92011 0.120085
5.92951 0.0495
5.92951 0.0495
5.92951 0.0495
5.92983 0.0498151
5.92983 0.0494956
5.92983 0.0494956
5.9335 0.133482
5.94123 0.141198
5.94304 0.143011
5.94532 0.14529
5.94582 0.145796
5.94916 0.149133
5.9497 0.0496708
5.94983 0.0494797
5.94983 0.0494797
5.94983 0.0494797
5.95014 0.0497947
5.95014 0.0494752
5.95014 0.0494752
5.95307 0.153046
5.95442 0.154392
5.95912 0.159097
5.96137 0.161345
5.96169 0.161664
5.96201 0.161984
5.96274 0.0627084
5.96396 0.163929
5.96723 0.0672043
5.96811 0.0680836
5.96951 0.0494931
5.96951 0.0494931
5.96951 0.0494931
5.96983 0.0498081
5.96983 0.0494886
5.96983 0.0494886
5.97544 0.175409
5.97576 0.075729
5.97695 0.0769194
5.97736 0.0773322
5.97768 0.0776518
5.97937 0.0793398
5.97969 0.0796593
5.98022 0.0801966
5.98204 0.0820091
5.98236 0.0823286
5.98236 0.0823286
5.98401 0.0839856
5.98449 0.0844606
5.98481 0.0847801
5.98513 0.0850996
5.9857 0.0856679
5.98601 0.0859874
5.98696 0.0869367
5.98728 0.0872485
5.98784 0.0878398
5.98816 0.0881441
5.98816 0.0881364
5.98848 0.0884559
5.98848 0.0884559
5.9888 0.0887754
5.98912 0.0890949
5.98944 0.0894391
5.98944 0.0894144
5.98957 0.0495629
5.98957 0.0495629
5.98957 0.0495629
5.98992 0.0898934
5.99024 0.0902352
5.99056 0.0905324
5.99056 0.0905324
5.99069 0.050681
5.99069 0.0503614
5.99069 0.0503614
5.99101 0.0909803
5.99139 0.0913697
5.99205 0.0920369
5.99302 0.0930069
5.99393 0.0939069
5.99425 0.0942251
5.99457 0.0945459
5.99457 0.0945506
5.99457 0.0945459
5.99489 0.0948654
5.99489 0.0948711
5.99489 0.0948654
5.99521 0.0951849
5.99521 0.0951849
5.99569 0.0956647
5.99601 0.0959794
5.99713 0.0971076
5.99764 0.0976138
5.99796 0.0979333
5.9985 0.0984705
5.99882 0.09879
5.99995 0.0999182
6.00073 0.100704
6.00149 0.101459
6.00227 0.102245
6.00561 0.105583
6.00593 0.105902
6.00712 0.107106
6.00952 0.049495
6.00952 0.049495
6.00952 0.049495
6.00996 0.109952
6.01009 0.0500673
6.01009 0.0497478
6.01009 0.0497478
6.01688 0.116853
6.01736 0.117328
6.0201 0.120074
6.0295 0.0494888
6.0295 0.0494888
6.0295 0.0494888
6.02981 0.0498038
6.02981 0.0494843
6.02981 0.0494843
6.03355 0.133533
6.04115 0.141125
6.04306 0.143031
6.04531 0.145279
6.04584 0.145816
6.04915 0.149121
6.04972 0.0496906
6.05016 0.049491
6.05016 0.049491
6.05293 0.152906
6.05443 0.154407
6.05902 0.158988
6.06139 0.161361
6.06174 0.161711
6.06174 0.161711
6.06274 0.0627157
6.06399 0.163968
6.06724 0.0672116
6.06812 0.068091
6.06949 0.0494694
6.06949 0.0494694
6.06949 0.0494694
6.06984 0.0498155
6.06984 0.049496
6.06984 0.049496
6.07547 0.175447
6.07579 0.0757675
6.07695 0.0769268
6.07737 0.0773396
6.07769 0.0776591
6.07937 0.0793472
6.07969 0.0796667
6.0802 0.0801728
6.08204 0.0820164
6.08236 0.082336
6.08236 0.082336
6.08402 0.0839929
6.08446 0.0844369
6.08478 0.0847564
6.0851 0.0850759
6.0857 0.0856753
6.08602 0.0859948
6.08693 0.0869216
6.08725 0.0872248
6.0877 0.0876949
6.08801 0.0880046
6.08801 0.0879882
6.08849 0.0884633
6.08881 0.0887828
6.08913 0.0891023
6.08913 0.0891023
6.08945 0.089424
6.08945 0.0894218
6.08958 0.0495703
6.08958 0.0495703
6.08958 0.0495703
6.0899 0.0898697
6.09022 0.0902033
6.09053 0.0905087
6.09053 0.0905087
6.09085 0.0908282
6.09098 0.0509767
6.09098 0.0506572
6.09098 0.0506572
6.0913 0.0912924
6.09162 0.0916175
6.09309 0.0930851
6.09397 0.0939453
6.09429 0.0942757
6.09461 0.0946062
6.09461 0.0945844
6.09461 0.0945844
6.09493 0.0949039
6.09493 0.0949096
6.09493 0.0949039
6.09525 0.0952234
6.09525 0.0952234
6.09579 0.095774
6.09611 0.0960801
6.09711 0.0970839
6.09759 0.0975589
6.0979 0.0978784
6.0985 0.0984779
6.09882 0.0987974
6.09992 0.0998945
6.10096 0.100929
6.10149 0.101467
6.10228 0.102253
6.10558 0.105558
6.1059 0.105878
6.10709 0.10709
6.10949 0.0494704
6.10949 0.0494704
6.10949 0.0494704
6.10997 0.109967
6.1101 0.0500738
6.1101 0.0497543
6.1101 0.0497543
6.11679 0.116766
6.11727 0.117241
6.12017 0.120143
6.1295 0.0494953
6.1295 0.0494953
6.1295 0.0494953
6.12982 0.0498103
6.12982 0.0494908
6.12982 0.0494908
6.13347 0.133446
6.14125 0.141225
6.14297 0.142944
6.14522 0.145192
6.14585 0.145822
6.14912 0.149097
6.14969 0.049666
6.14982 0.0494749
6.14982 0.0494749
6.14982 0.0494749
6.15013 0.0497899
6.15013 0.0494704
6.15013 0.0494704
6.15307 0.153041
6.15441 0.154387
6.15912 0.159092
6.16134 0.161309
6.16175 0.161722
6.16175 0.161722
6.16275 0.0627262
6.16385 0.163823
6.16725 0.0672222
6.1681 0.0680704
6.1695 0.0494799
6.1695 0.0494799
6.1695 0.0494799
6.16981 0.0497949
6.16981 0.0494754
6.16981 0.0494754
6.17558 0.0755518
6.1759 0.175871
6.17693 0.0769062
6.17734 0.077319
6.17766 0.0776385
6.17935 0.0793266
6.17967 0.0796461
6.18021 0.0801834
6.18202 0.0819959
6.18234 0.0823154
6.18266 0.0826349
6.18398 0.0839497
6.18457 0.0845492
6.18489 0.0848687
6.18521 0.0851882
6.18569 0.0856632
6.18601 0.0859827
6.18692 0.0869182
6.18724 0.0872127
6.18774 0.0877172
6.18806 0.0880633
6.18806 0.0880383
6.18845 0.08842
6.18877 0.0887396
6.18908 0.0890591
6.18908 0.0890591
6.1894 0.0893894
6.1894 0.0893786
6.18953 0.0495271
6.18953 0.0495271
6.18953 0.0495271
6.18991 0.0898887
6.19023 0.0902189
6.19055 0.0905277
6.19055 0.0905277
6.19087 0.0908472
6.191 0.0509957
6.191 0.0506762
6.191 0.0506762
6.19132 0.0913201
6.19164 0.0916225
6.19302 0.0929883
6.19396 0.0939332
6.19434 0.0943228
6.19466 0.0946574
6.19466 0.0946345
6.19498 0.094954
6.19498 0.094954
6.19498 0.0949597
6.1953 0.0952735
6.1953 0.0952735
6.1953 0.0952735
6.19571 0.0957083
6.19603 0.0960058
6.1971 0.0970718
6.19757 0.0975468
6.19789 0.0978663
6.19849 0.0984658
6.19881 0.0987853
6.20009 0.100069
6.20076 0.100731
6.20129 0.101268
6.2023 0.102272
6.20554 0.105515
6.20586 0.105834
6.20721 0.10718
6.20951 0.0494894
6.20951 0.0494894
6.20951 0.0494894
6.20996 0.109932
6.21008 0.0500617
6.21008 0.0497422
6.21008 0.0497422
6.21678 0.116754
6.21744 0.117416
6.22009 0.120068
6.22949 0.0494832
6.22949 0.0494832
6.22949 0.0494832
6.22981 0.0497982
6.22981 0.0494787
6.22981 0.0494787
6.23342 0.133403
6.2413 0.141275
6.24296 0.142932
6.24539 0.145366
6.24584 0.14581
6.24917 0.149147
6.24971 0.049685
6.24984 0.0494939
6.24984 0.0494939
6.24984 0.0494939
6.25015 0.0498089
6.25015 0.0494894
6.25015 0.0494894
6.25293 0.152904
6.25443 0.154406
6.25907 0.159049
6.26132 0.161297
6.26167 0.161647
6.26199 0.161967
6.26275 0.0627226
6.26384 0.163819
6.26731 0.0672807
6.26809 0.0680668
6.2695 0.0494763
6.2695 0.0494763
6.2695 0.0494763
6.26981 0.0497913
6.26981 0.0494718
6.26981 0.0494718
6.27545 0.175423
6.27577 0.0757433
6.27693 0.0769026
6.27734 0.0773154
6.27766 0.0776349
6.27935 0.079323
6.27967 0.0796425
6.2802 0.0801797
6.28202 0.0819922
6.28234 0.0823117
6.28266 0.0826312
6.28397 0.0839461
6.28445 0.0844211
6.28477 0.0847406
6.28512 0.0850912
6.28568 0.0856596
6.286 0.0859791
6.28695 0.0869232
6.28726 0.0872402
6.28765 0.0876244
6.28825 0.088223
6.28857 0.0885408
6.28857 0.0885408
6.28888 0.0888603
6.28888 0.0888603
6.2892 0.0891798
6.28952 0.0895188
6.28952 0.0894993
6.28965 0.0496479
6.28965 0.0496479
6.28965 0.0496479
6.28997 0.0899472
6.28997 0.0899559
6.2901 0.0500958
6.2901 0.0497763
6.2901 0.0497763
6.29042 0.0903951
6.29074 0.0907146
6.29106 0.0910341
6.29141 0.0913873
6.2921 0.0920714
6.29289 0.0928689
6.29402 0.0939918
6.29434 0.0943153
6.29466 0.0946308
6.29466 0.0946308
6.29466 0.0946308
6.29497 0.0949442
6.29497 0.094956
6.29497 0.0949503
6.29529 0.0952698
6.29529 0.0952698
6.29571 0.0956822
6.29603 0.0960021
6.29709 0.0970682
6.2976 0.0975743
6.29792 0.0978938
6.29849 0.0984621
6.29899 0.0989683
6.29997 0.0999409
6.30078 0.100758
6.30141 0.101389
6.30273 0.102704
6.30563 0.105605
6.30595 0.105924
6.30708 0.10706
6.30951 0.0494858
6.30951 0.0494858
6.30951 0.0494858
6.31001 0.11
6.31014 0.0501203
6.31014 0.0498008
6.31014 0.0498008
6.3169 0.116875
6.31734 0.117319
6.32012 0.120096
6.32949 0.0494795
6.32949 0.0494795
6.32949 0.0494795
6.3298 0.0497946
6.3298 0.0494751
6.3298 0.0494751
6.33351 0.133492
6.3412 0.141178
6.34289 0.142866
6.34523 0.145207
6.34599 0.145962
6.34914 0.149112
6.34971 0.0496814
6.34983 0.0494903
6.34983 0.0494903
6.34983 0.0494903
6.35015 0.0498053
6.35015 0.0494858
6.35015 0.0494858
6.35293 0.152901
6.35446 0.154433
6.35913 0.159107
6.36132 0.161293
6.36167 0.161644
6.36199 0.161963
6.36274 0.062719
6.36387 0.163846
6.36724 0.0672149
6.36809 0.0680631
6.36949 0.0494726
6.36949 0.0494726
6.36949 0.0494726
6.36984 0.0498187
6.36984 0.0494992
6.36984 0.0494992
6.37538 0.175357
6.3757 0.0756774
6.37692 0.0768989
6.37734 0.0773117
6.37766 0.0776313
6.37934 0.0793193
6.37966 0.0796388
6.3802 0.0801761
6.38201 0.0819886
6.38233 0.0823081
6.38265 0.0826276
6.384 0.0839735
6.38457 0.0845419
6.38457 0.0845419
6.3851 0.0850791
6.38567 0.0856474
6.38599 0.0859669
6.38696 0.0869508
6.38728 0.0872591
6.38763 0.0876209
6.38826 0.0882368
6.38858 0.0885598
6.38858 0.0885598
6.3889 0.0888793
6.3889 0.0888793
6.3889 0.0888793
6.38925 0.0892269
6.38957 0.0895494
6.3897 0.049698
6.3897 0.049698
6.3897 0.049698
6.39002 0.090007
6.39002 0.0899973
6.39034 0.0903168
6.39047 0.0504654
6.39047 0.0501459
6.39047 0.0501459
6.39079 0.0907647
6.39111 0.0910842
6.39143 0.0914149
6.39209 0.0920679
6.39288 0.0928654
6.39397 0.0939486
6.39429 0.0942842
6.39461 0.0945876
6.39461 0.0945876
6.39461 0.0945876
6.39493 0.0949096
6.39493 0.0949128
6.39493 0.0949071
6.39525 0.0952266
6.39525 0.0952266
6.39569 0.0956788
6.39601 0.09599
6.39708 0.097056
6.39759 0.0975622
6.39791 0.0978817
6.3986 0.0985744
6.39907 0.0990495
6.39992 0.0998977
6.40074 0.100715
6.40137 0.101345
6.40272 0.102691
6.40555 0.10553
6.40587 0.10585
6.4071 0.107088
6.40949 0.0494737
6.40949 0.0494737
6.40949 0.0494737
6.41 0.109996
6.41013 0.0501082
6.41013 0.0497887
6.41013 0.0497887
6.41679 0.11677
6.4173 0.117276
6.42011 0.120084
6.4295 0.0494985
6.4295 0.0494985
6.4295 0.0494985
6.42982 0.0498136
6.42982 0.049494
6.42982 0.049494
6.4335 0.13348
6.44119 0.141166
6.44291 0.142885
6.44531 0.145288
6.44588 0.145857
6.44912 0.1491
6.44969 0.0496693
6.44982 0.0494781
6.44982 0.0494781
6.44982 0.0494781
6.45014 0.0497932
6.45014 0.0494737
6.45014 0.0494737
6.45294 0.15292
6.45444 0.154421
6.45924 0.15922
6.46134 0.161312
6.46169 0.161663
6.46201 0.161982
6.46273 0.0627068
6.46386 0.163834
6.46723 0.0672028
6.46811 0.0680821
6.46951 0.0494916
6.46951 0.0494916
6.46951 0.0494916
6.46982 0.0498066
6.46982 0.0494871
6.46982 0.0494871
6.47556 0.175532
6.47587 0.0758519
6.47694 0.0769179
6.47735 0.0773307
6.47767 0.0776502
6.47933 0.0793072
6.47965 0.0796267
6.48019 0.080164
6.482 0.0819765
6.48232 0.082296
6.48264 0.0826155
6.48398 0.0839614
6.48446 0.0844364
6.48478 0.084756
6.4851 0.0850755
6.48567 0.0856438
6.48599 0.0859633
6.48693 0.0869247
6.48725 0.0872244
6.48763 0.0876259
6.48826 0.0882591
6.48858 0.0885562
6.48858 0.0885562
6.4889 0.0888757
6.4889 0.0888757
6.4889 0.0888757
6.48925 0.0892319
6.48957 0.0895458
6.4897 0.0496943
6.4897 0.0496943
6.4897 0.0496943
6.49002 0.089993
6.49034 0.0903132
6.49034 0.0903132
6.49066 0.0906327
6.49098 0.0909522
6.4911 0.0511007
6.4911 0.0507812
6.4911 0.0507812
6.49142 0.0914199
6.49208 0.0920729
6.49287 0.0928704
6.49397 0.0939449
6.49438 0.0943548
6.4947 0.0946773
6.4947 0.0946773
6.4947 0.0946773
6.49502 0.0950079
6.49502 0.0950025
6.49502 0.0949968
6.49534 0.0953163
6.49534 0.0953163
6.49569 0.0956837
6.49601 0.0959864
6.49708 0.0970524
6.49758 0.0975585
6.4979 0.097878
6.49859 0.0985708
6.49926 0.0992324
6.49995 0.0999252
6.50073 0.100711
6.50136 0.101342
6.50284 0.102812
6.50567 0.105651
6.50599 0.105971
6.50709 0.107062
6.50949 0.04947
6.50949 0.04947
6.50949 0.04947
6.51 0.10997
6.51012 0.0501045
6.51012 0.049785
6.51012 0.049785
6.51685 0.116828
6.51733 0.117303
6.5201 0.12008
6.5295 0.0494949
6.5295 0.0494949
6.5295 0.0494949
6.52982 0.0498099
6.52982 0.0494904
6.52982 0.0494904
6.53365 0.133632
6.54119 0.141162
6.54294 0.142912
6.54521 0.145192
6.54588 0.145853
6.54924 0.149221
6.54969 0.0496656
6.54982 0.0494745
6.54982 0.0494745
6.54982 0.0494745
6.55013 0.0497895
6.55013 0.04947
6.55013 0.04947
6.55294 0.152916
6.55444 0.154417
6.55911 0.159092
6.56133 0.161308
6.56165 0.161628
6.56197 0.161947
6.56276 0.0627343
6.56385 0.163831
6.56731 0.0672924
6.5681 0.0680785
6.5695 0.049488
6.5695 0.049488
6.5695 0.049488
6.56982 0.049803
6.56982 0.0494835
6.56982 0.0494835
6.57555 0.0755288
6.57587 0.175847
6.57694 0.0769143
6.57735 0.0773271
6.57767 0.0776466
6.57936 0.0793347
6.57968 0.0796542
6.58018 0.0801603
6.58203 0.0820039
6.58235 0.0823234
6.58267 0.0826429
6.58398 0.0839578
6.58458 0.0845572
6.58458 0.0845572
6.58502 0.0850011
6.58569 0.0856628
6.586 0.0859823
6.58695 0.0869212
6.58727 0.0872434
6.58765 0.0876224
6.58825 0.0882418
6.58857 0.0885441
6.58857 0.0885441
6.58889 0.0888636
6.58889 0.0888636
6.58921 0.0891831
6.58952 0.0895169
6.58952 0.0895026
6.58965 0.0496511
6.58965 0.0496511
6.58965 0.0496511
6.58997 0.0899463
6.59029 0.09027
6.59061 0.0905895
6.59093 0.090909
6.59093 0.090909
6.59106 0.0510575
6.59106 0.050738
6.59106 0.050738
6.59138 0.0913542
6.5921 0.0921006
6.59289 0.0928669
6.59402 0.093995
6.59434 0.0943237
6.59466 0.094634
6.59466 0.094634
6.59466 0.094634
6.59498 0.0949734
6.59498 0.0949593
6.59498 0.0949535
6.5953 0.0952731
6.5953 0.0952731
6.59571 0.0956803
6.59603 0.0960054
6.59709 0.0970714
6.5976 0.0975775
6.59792 0.097897
6.59846 0.0984343
6.59906 0.0990337
6.59997 0.0999442
6.60072 0.100699
6.60141 0.101392
6.60273 0.102707
6.60557 0.105546
6.60589 0.105865
6.60708 0.107058
6.60951 0.049489
6.60951 0.049489
6.60951 0.049489
6.61001 0.109998
6.61014 0.0501235
6.61014 0.049804
6.61014 0.049804
6.6169 0.116878
6.61734 0.117322
6.62012 0.120099
6.62949 0.0494828
6.62949 0.0494828
6.62949 0.0494828
6.6298 0.0497978
6.6298 0.0494783
6.6298 0.0494783
6.63342 0.133402
6.64117 0.14115
6.64289 0.142869
6.64523 0.145211
6.64589 0.145872
6.64926 0.14924
6.64971 0.0496846
6.64983 0.0494935
6.64983 0.0494935
6.64983 0.0494935
6.65015 0.0498085
6.65015 0.049489
6.65015 0.049489
6.65293 0.152904
6.65443 0.154405
6.65913 0.159111
6.66135 0.161327
6.66167 0.161647
6.66199 0.161966
6.66274 0.0627222
6.66387 0.16385
6.6673 0.0672803
6.66809 0.0680664
6.66949 0.0494759
6.66949 0.0494759
6.66949 0.0494759
6.66981 0.0497909
6.66981 0.0494714
6.66981 0.0494714
6.67557 0.175547
6.67589 0.0758673
6.67692 0.0769022
6.67734 0.077315
6.67766 0.0776345
6.67934 0.0793226
6.67966 0.0796421
6.6802 0.0801793
6.68201 0.0819918
6.68233 0.0823113
6.68265 0.0826308
6.684 0.0839768
6.68457 0.0845451
6.68457 0.0845451
6.68504 0.0850201
6.68567 0.0856507
6.68599 0.0859702
6.68693 0.0869178
6.68725 0.0872313
6.68763 0.087619
6.68826 0.0882556
6.68858 0.088563
6.68858 0.088563
6.6889 0.0888826
6.6889 0.0888826
6.6889 0.0888826
6.68925 0.089225
6.68957 0.0895527
6.6897 0.0497012
6.6897 0.0497012
6.6897 0.0497012
6.69002 0.0900171
6.69002 0.0900006
6.69034 0.0903201
6.69066 0.0906396
6.69098 0.0909591
6.69111 0.0511076
6.69111 0.0507881
6.69111 0.0507881
6.69143 0.091413
6.69209 0.092066
6.69288 0.0928635
6.69397 0.0939518
6.69429 0.0942926
6.69461 0.0945908
6.69461 0.0945908
6.69461 0.0945908
6.69493 0.0949077
6.69493 0.094916
6.69493 0.0949103
6.69525 0.0952298
6.69525 0.0952298
6.6957 0.0956768
6.69601 0.0959933
6.69711 0.0970904
6.69759 0.0975654
6.69791 0.0978849
6.69847 0.0984533
6.69907 0.0990527
6.69992 0.099901
6.70071 0.100687
6.7014 0.10138
6.70284 0.102819
6.70559 0.105565
6.70591 0.105884
6.70706 0.107055
6.70949 0.0494769
6.70949 0.0494769
6.70949 0.0494769
6.71 0.109994
6.71013 0.0501114
6.71013 0.0497919
6.71013 0.0497919
6.71686 0.116835
6.71733 0.11731
6.72011 0.120087
6.72947 0.0494707
6.72947 0.0494707
6.72947 0.0494707
6.72982 0.0498168
6.72982 0.0494973
6.72982 0.0494973
6.7335 0.133484
6.74119 0.141169
6.74294 0.142919
6.74522 0.145198
6.74585 0.145829
6.74912 0.149103
6.74969 0.0496725
6.74982 0.0494814
6.74982 0.0494814
6.74982 0.0494814
6.75014 0.0497964
6.75014 0.0494769
6.75014 0.0494769
6.75291 0.152892
6.75445 0.154424
6.75915 0.15913
6.7614 0.161377
6.76172 0.161697
6.76204 0.162017
6.76273 0.0627101
6.76386 0.163837
6.76732 0.0672993
6.76811 0.0680854
6.76951 0.0494949
6.76951 0.0494949
6.76951 0.0494949
6.76982 0.0498099
6.76982 0.0494904
6.76982 0.0494904
6.7754 0.175379
6.77572 0.0756996
6.77694 0.0769212
6.77732 0.0773029
6.77764 0.0776224
6.77933 0.0793105
6.77965 0.07963
6.78019 0.0801672
6.782 0.0819797
6.78232 0.0822992
6.78264 0.0826187
6.78399 0.0839647
6.78443 0.0844086
6.78475 0.0847281
6.7851 0.0850787
6.78567 0.085647
6.78599 0.0859665
6.78693 0.0869228
6.78725 0.0872276
6.78763 0.087624
6.78823 0.0882157
6.78855 0.0885283
6.78855 0.0885283
6.78887 0.0888478
6.78887 0.0888478
6.78919 0.0891673
6.78951 0.0894873
6.78951 0.0894868
6.78964 0.0496353
6.78964 0.0496353
6.78964 0.0496353
6.78999 0.089972
6.79031 0.0902853
6.79063 0.0906048
6.79063 0.0906048
6.79094 0.0909243
6.79126 0.0912585
6.79139 0.0513924
6.79139 0.0510729
6.79139 0.0510729
6.79209 0.092071
6.79287 0.0928685
6.794 0.0939793
6.79432 0.0943011
6.79464 0.0946183
6.79464 0.0946183
6.79464 0.0946183
6.79496 0.0949438
6.79496 0.0949435
6.79496 0.0949378
6.79528 0.0952573
6.79528 0.0952573
6.79569 0.0956818
6.79601 0.0959896
6.79711 0.0970867
6.79764 0.097624
6.79764 0.097624
6.79849 0.0984722
6.79922 0.0991961
6.8001 0.100075
6.80073 0.100706
6.80136 0.101337
6.80283 0.102807
6.80557 0.105553
6.80589 0.105872
6.80708 0.107082
6.80951 0.0494959
6.80951 0.0494959
6.80951 0.0494959
6.80999 0.10996
6.81012 0.0500993
6.81012 0.0497798
6.81012 0.0497798
6.81691 0.116885
6.81729 0.117267
6.8201 0.120075
6.82949 0.0494897
6.82949 0.0494897
6.82949 0.0494897
6.82981 0.0498047
6.82981 0.0494852
6.82981 0.0494852
6.83352 0.133503
6.84124 0.141219
6.8429 0.142876
6.84539 0.145373
6.84587 0.145848
6.84911 0.149091
6.84968 0.0496604
6.84981 0.0494693
6.84981 0.0494693
6.84981 0.0494693
6.85015 0.0498154
6.85015 0.0494959
6.85015 0.0494959
6.85293 0.152911
6.85443 0.154412
6.85914 0.159117
6.86132 0.161303
6.86167 0.161654
6.86199 0.161973
6.86275 0.0627291
6.86388 0.163856
6.86724 0.067225
6.86809 0.0680733
6.8695 0.0494827
6.8695 0.0494827
6.8695 0.0494827
6.86981 0.0497978
6.86981 0.0494783
6.86981 0.0494783
6.87557 0.175554
6.87589 0.0758741
6.87693 0.076909
6.87734 0.0773219
6.87766 0.0776414
6.87935 0.0793294
6.87967 0.079649
6.88017 0.0801551
6.88202 0.0819987
6.88234 0.0823182
6.88266 0.0826377
6.88397 0.0839525
6.88448 0.0844587
6.8848 0.0847782
6.88512 0.0850977
6.88569 0.085666
6.88601 0.0859855
6.88695 0.0869193
6.88727 0.0872466
6.88765 0.0876205
6.88825 0.0882295
6.88857 0.0885473
6.88857 0.0885473
6.88889 0.0888668
6.88889 0.0888668
6.88921 0.0891863
6.88953 0.0895149
6.88953 0.0895058
6.88965 0.0496232
6.88965 0.0496232
6.88965 0.0496232
6.88997 0.0899537
6.88997 0.0899495
6.8901 0.0500711
6.8901 0.0497516
6.8901 0.0497516
6.89042 0.0904016
6.89074 0.0907211
6.89106 0.0910406
6.89141 0.0913834
6.89207 0.0920675
6.89289 0.092865
6.89402 0.0939983
6.89434 0.0943322
6.89466 0.0946373
6.89466 0.0946373
6.89466 0.0946373
6.89498 0.0949714
6.89498 0.0949625
6.89498 0.0949568
6.8953 0.0952763
6.8953 0.0952763
6.89571 0.0956783
6.89603 0.0960086
6.89713 0.0971057
6.89757 0.0975496
6.89789 0.0978692
6.89846 0.0984375
6.89906 0.0990369
6.8999 0.0998852
6.90072 0.100702
6.90138 0.101364
6.90282 0.102803
6.90557 0.105549
6.90589 0.105868
6.90711 0.107087
6.90951 0.0494922
6.90951 0.0494922
6.90951 0.0494922
6.90998 0.109965
6.91011 0.0500957
6.91011 0.0497761
6.91011 0.0497761
6.91687 0.11685
6.91735 0.117325
6.92012 0.120102
6.92949 0.049486
6.92949 0.049486
6.92949 0.049486
6.9298 0.049801
6.9298 0.0494815
6.9298 0.0494815
6.93364 0.133623
6.94117 0.141153
6.94289 0.142872
6.94536 0.145338
6.94586 0.145844
6.94923 0.149212
6.94971 0.0496878
6.94984 0.0494967
6.94984 0.0494967
6.94984 0.0494967
6.95015 0.0498117
6.95015 0.0494922
6.95015 0.0494922
6.95293 0.152907
6.95443 0.154409
6.95913 0.159114
6.96138 0.161362
6.9617 0.161681
6.96202 0.162001
6.96274 0.0627254
6.96387 0.163853
6.96724 0.0672213
6.96809 0.0680696
6.96949 0.0494791
6.96949 0.0494791
6.96949 0.0494791
6.96981 0.0497941
6.96981 0.0494746
6.96981 0.0494746
6.97557 0.17555
6.97589 0.0758705
6.97692 0.0769054
6.97734 0.0773182
6.97766 0.0776377
6.97934 0.0793258
6.97966 0.0796453
6.9802 0.0801825
6.98201 0.081995
6.98233 0.0823146
6.98265 0.0826341
6.98397 0.0839489
6.98457 0.0845483
6.98457 0.0845483
6.98504 0.0850234
6.98567 0.0856539
6.98599 0.0859734
6.98693 0.0869158
6.98725 0.0872345
6.98767 0.0876481
6.9883 0.0882744
6.98862 0.0885974
6.98862 0.0885974
6.98894 0.0889169
6.98894 0.0889169
6.98894 0.0889169
6.98926 0.0892541
6.98957 0.0895559
6.98989 0.0898754
6.99021 0.0902023
6.99021 0.0498644
6.99053 0.0905144
6.99085 0.0908339
6.99085 0.0908339
6.99098 0.0509513
6.99098 0.0509513
6.99098 0.0509513
6.99098 0.0509513
6.99098 0.0506318
6.99098 0.0506318
6.99136 0.0913448
6.99209 0.0920601
6.99287 0.0928575
6.99397 0.0939511
6.99429 0.094266
6.99461 0.0945901
6.99461 0.0945901
6.99461 0.0945901
6.99493 0.0949018
6.99493 0.0949153
6.99493 0.0949096
6.99525 0.0952291
6.99525 0.0952291
6.99569 0.0956709
6.99601 0.0959925
6.99708 0.0970585
6.99758 0.0975647
6.9979 0.0978842
6.9986 0.0985769
6.9991 0.0990831
6.99995 0.0999313
7.00071 0.100686
7.0014 0.101379
7.00274 0.102725
7.00558 0.105565
7.0059 0.105884
7.00709 0.107081
7.00949 0.0494771
7.00949 0.0494771
7.00949 0.0494771
7.01 0.109989
7.01013 0.0501116
7.01013 0.0497921
7.01013 0.0497921
7.01689 0.116866
7.0173 0.117279
7.02011 0.120087
7.02947 0.0494709
7.02947 0.0494709
7.02947 0.0494709
7.02982 0.049817
7.02982 0.0494975
7.02982 0.0494975
7.0335 0.133484
7.04119 0.141169
7.04291 0.142888
7.04531 0.145292
7.04591 0.145891
7.04912 0.149104
7.04969 0.0496727
7.05013 0.0494731
7.05013 0.0494731
7.05294 0.152919
7.05444 0.154421
7.05911 0.159095
7.06136 0.161343
7.06168 0.161662
7.062 0.161982
7.06276 0.0627374
7.06385 0.163834
7.06725 0.0672333
7.0681 0.0680816
7.0695 0.0494911
7.0695 0.0494911
7.0695 0.0494911
7.06982 0.0498061
7.06982 0.0494866
7.06982 0.0494866
7.07555 0.175531
7.07587 0.0758514
7.07694 0.0769174
7.07735 0.0773302
7.07767 0.0776497
7.07932 0.0793067
7.07964 0.0796262
7.08018 0.0801634
7.08203 0.082007
7.08234 0.0823265
7.08266 0.082646
7.08398 0.0839609
7.08442 0.0844048
7.08474 0.0847243
7.08506 0.0850438
7.08566 0.0856433
7.08598 0.0859628
7.08702 0.0870071
7.08734 0.0873172
7.08765 0.0876461
7.08825 0.0882275
7.08857 0.0885556
7.08857 0.0885556
7.08889 0.0888751
7.08889 0.0888751
7.08921 0.0891899
7.08921 0.0891946
7.08921 0.0891946
7.08953 0.0494987
7.08953 0.0494987
7.08953 0.0494987
7.08991 0.0898914
7.09023 0.0901988
7.09055 0.0905304
7.09087 0.0908499
7.09087 0.0908499
7.091 0.0509673
7.091 0.0506478
7.091 0.0506478
7.09132 0.0913072
7.09207 0.0920536
7.09289 0.0928821
7.09399 0.093967
7.0943 0.094294
7.09462 0.094606
7.09462 0.094606
7.09462 0.094606
7.09494 0.0949264
7.09494 0.0949312
7.09494 0.0949255
7.09526 0.0952451
7.09526 0.0952451
7.09571 0.0956955
7.09603 0.0960085
7.09706 0.0970434
7.09763 0.0976117
7.09795 0.0979312
7.09846 0.0984374
7.09893 0.0989124
7.1 0.0999784
7.10075 0.100733
7.10138 0.101364
7.10273 0.10271
7.1056 0.10558
7.10592 0.105899
7.10726 0.10726
7.10951 0.0494921
7.10951 0.0494921
7.10951 0.0494921
7.10998 0.109982
7.11011 0.0500955
7.11011 0.049776
7.11011 0.049776
7.11678 0.116757
7.11734 0.117325
7.12009 0.120071
7.12949 0.0494859
7.12949 0.0494859
7.12949 0.0494859
7.1298 0.0498009
7.1298 0.0494814
7.1298 0.0494814
7.13345 0.133437
7.1412 0.141184
7.14289 0.142872
7.1452 0.145183
7.14599 0.145969
7.14911 0.149087
7.14971 0.0496877
7.14983 0.0494966
7.14983 0.0494966
7.14983 0.0494966
7.15015 0.0498116
7.15015 0.0494921
7.15015 0.0494921
7.15293 0.152907
7.15452 0.154502
7.15916 0.159145
7.16135 0.161331
7.16167 0.16165
7.16199 0.16197
7.16274 0.0627253
7.16387 0.163853
7.1673 0.0672834
7.16809 0.0680695
7.16949 0.049479
7.16949 0.049479
7.16949 0.049479
7.16981 0.049794
7.16981 0.0494745
7.16981 0.0494745
7.17557 0.17555
7.17589 0.0758704
7.17692 0.0769053
7.1773 0.077287
7.17762 0.0776065
7.17897 0.0789524
7.17957 0.0795519
7.18017 0.0801513
7.18201 0.0819949
7.18233 0.0823144
7.18265 0.0826339
7.18397 0.0839488
7.18447 0.0844549
7.18479 0.0847744
7.18511 0.0850939
7.18565 0.0856311
7.18597 0.0859506
7.18694 0.0869103
7.18726 0.0872428
7.18758 0.0875493
7.18824 0.0882413
7.18856 0.0885435
7.18856 0.0885435
7.18888 0.088863
7.18888 0.088863
7.1892 0.0891825
7.1892 0.0891949
7.1892 0.0891825
7.18951 0.0494866
7.18951 0.0494866
7.18951 0.0494866
7.19002 0.0900037
7.19002 0.0900146
7.19034 0.0903232
7.19034 0.0903232
7.19047 0.0504406
7.19047 0.0501211
7.19047 0.0501211
7.19079 0.0907711
7.19142 0.0913886
7.19174 0.0917096
7.19206 0.0920501
7.19288 0.0928476
7.19323 0.0932084
7.19364 0.0936212
7.19396 0.0939407
7.19396 0.0939407
7.19431 0.0943008
7.19463 0.0946166
7.19463 0.0946109
7.19463 0.0946109
7.19495 0.0949304
7.1957 0.0957005
7.19602 0.0960048
7.19709 0.0970708
7.19763 0.0976081
7.19794 0.0979276
7.19854 0.098527
7.19886 0.0988465
7.1999 0.0998814
7.20072 0.100699
7.20122 0.101205
7.2026 0.102582
7.20553 0.105514
7.20585 0.105834
7.20617 0.106145
7.20948 0.109454
7.2096 0.0495902
7.2096 0.0495902
7.2096 0.0495902
7.20983 0.0498119
7.20983 0.0494924
7.20983 0.0494924
7.21677 0.116753
7.21731 0.117291
7.22012 0.120098
7.22951 0.0494822
7.22951 0.0494822
7.22951 0.0494822
7.22983 0.0497973
7.22983 0.0494777
7.22983 0.0494777
7.23341 0.133402
7.2412 0.141181
7.24292 0.1429
7.24535 0.145334
7.24586 0.145841
7.24913 0.149115
7.2497 0.0496841
7.24983 0.049493
7.24983 0.049493
7.24983 0.049493
7.25014 0.049808
7.25014 0.0494885
7.25014 0.0494885
7.25292 0.152903
7.25442 0.154405
7.2591 0.159079
7.26141 0.161389
7.26173 0.161709
7.26205 0.162028
7.26274 0.0627217
7.26387 0.163849
7.26723 0.0672176
7.26808 0.0680658
7.26949 0.0494753
7.26949 0.0494753
7.26949 0.0494753
7.2698 0.0497903
7.2698 0.0494708
7.2698 0.0494708
7.27556 0.0755472
7.27588 0.175866
7.27692 0.0769016
7.27733 0.0773144
7.27765 0.0776339
7.27931 0.0792909
7.27963 0.0796104
7.28016 0.0801477
7.28201 0.0819913
7.28233 0.0823108
7.28265 0.0826303
7.28396 0.0839451
7.28447 0.0844512
7.28479 0.0847708
7.28511 0.0850903
7.28568 0.0856586
7.28599 0.0859781
7.28694 0.0869153
7.28726 0.0872392
7.28758 0.0875628
7.28821 0.0882014
7.28853 0.0885088
7.28853 0.0885088
7.28884 0.0888283
7.28884 0.0888283
7.28916 0.0891478
7.28916 0.0891462
7.28916 0.0891478
7.28951 0.0494829
7.28951 0.0494829
7.28951 0.0494829
7.28999 0.0899777
7.2903 0.0902884
7.2903 0.0902884
7.2903 0.0902884
7.29043 0.0504058
7.29043 0.0500863
7.29043 0.0500863
7.29078 0.0907674
7.29129 0.0912692
7.29161 0.0916021
7.29205 0.092024
7.29287 0.0928526
7.29322 0.0932048
7.29363 0.0936176
7.29395 0.0939371
7.29395 0.0939371
7.2943 0.0942747
7.29462 0.0946129
7.29462 0.0946072
7.29462 0.0946072
7.29494 0.0949267
7.29573 0.0957055
7.29605 0.0960323
7.29708 0.0970672
7.29762 0.0976044
7.29794 0.0979239
7.29851 0.0984923
7.29883 0.0988118
7.30033 0.100313
7.3008 0.100788
7.30128 0.101263
7.30259 0.102578
7.30553 0.10551
7.30585 0.10583
7.30617 0.106159
7.30932 0.109312
7.30951 0.0494933
7.30951 0.0494933
7.30951 0.0494933
7.30982 0.0498083
7.30982 0.0494888
7.30982 0.0494888
7.31677 0.11675
7.31724 0.117225
7.3202 0.120188
7.32951 0.0494786
7.32951 0.0494786
7.32951 0.0494786
7.32982 0.0497936
7.32982 0.0494741
7.32982 0.0494741
7.3335 0.133492
7.34132 0.141301
7.34291 0.142896
7.34519 0.145175
7.34592 0.145899
7.34925 0.149236
7.3497 0.0496804
7.34982 0.0494893
7.34982 0.0494893
7.34982 0.0494893
7.35014 0.0498043
7.35014 0.0494848
7.35014 0.0494848
7.35313 0.153117
7.35448 0.154463
7.35925 0.159231
7.36134 0.161323
7.36166 0.161643
7.36198 0.161962
7.36273 0.062718
7.36386 0.163845
7.36723 0.0672139
7.36808 0.0680622
7.36948 0.0494717
7.36948 0.0494717
7.36948 0.0494717
7.36983 0.0498178
7.36983 0.0494983
7.36983 0.0494983
7.37556 0.175543
7.37588 0.0758631
7.37691 0.076898
7.37733 0.0773108
7.37765 0.0776303
7.37933 0.0793184
7.37965 0.0796379
7.38016 0.080144
7.382 0.0819876
7.38232 0.0823071
7.38264 0.0826266
7.38396 0.0839415
7.38449 0.0844787
7.38481 0.0847982
7.38513 0.0851177
7.38567 0.085655
7.38599 0.0859745
7.38693 0.0869203
7.38725 0.0872356
7.38757 0.0875452
7.38829 0.0882859
7.38861 0.0885984
7.38861 0.0885984
7.38893 0.0889179
7.38893 0.0889179
7.38893 0.0889179
7.38925 0.0892529
7.38957 0.089557
7.3897 0.0496744
7.3897 0.0496744
7.3897 0.0496744
7.39002 0.0900048
7.39034 0.0903092
7.39034 0.0903244
7.39034 0.0903244
7.39047 0.0504418
7.39047 0.0501223
7.39047 0.0501223
7.39085 0.0908345
7.39129 0.0912827
7.39161 0.0915964
7.39206 0.0920374
7.39284 0.0928349
7.39323 0.0932096
7.39364 0.0936224
7.39396 0.0939419
7.39396 0.0939419
7.39431 0.0942882
7.39463 0.0946177
7.39463 0.094612
7.39463 0.094612
7.39495 0.0949315
7.3957 0.0956878
7.39602 0.096006
7.39709 0.097072
7.39741 0.0973915
7.39773 0.097711
7.39854 0.0985282
7.39886 0.0988477
7.40033 0.100318
7.40072 0.1007
7.40138 0.101361
7.4026 0.102583
7.40522 0.105204
7.40557 0.105555
7.40601 0.105994
7.4095 0.0494896
7.4095 0.0494896
7.4095 0.0494896
7.40982 0.0498047
7.40982 0.0494851
7.40982 0.0494851
7.41014 0.110119
7.41677 0.116754
7.41728 0.117261
7.42012 0.1201
7.42951 0.0494834
7.42951 0.0494834
7.42951 0.0494834
7.42983 0.0497984
7.42983 0.0494789
7.42983 0.0494789
7.43341 0.133403
7.44123 0.141213
7.44292 0.142901
7.44535 0.145336
7.44586 0.145842
7.44932 0.149303
7.4497 0.0496852
7.44983 0.0494941
7.44983 0.0494941
7.44983 0.0494941
7.45014 0.0498091
7.45014 0.0494896
7.45014 0.0494896
7.45311 0.153091
7.45448 0.154468
7.45916 0.159142
7.46134 0.161328
7.46169 0.161679
7.46201 0.161998
7.46274 0.0627228
7.46387 0.16385
7.46723 0.0672187
7.46808 0.068067
7.46949 0.0494765
7.46949 0.0494765
7.46949 0.0494765
7.4698 0.0497915
7.4698 0.049472
7.4698 0.049472
7.47556 0.0755484
7.47588 0.175867
7.47661 0.0765918
7.47733 0.0773156
7.47765 0.0776351
7.47931 0.0792921
7.47963 0.0796116
7.48016 0.0801488
7.48201 0.0819924
7.48233 0.082312
7.48265 0.0826315
7.48396 0.0839463
7.48453 0.0845146
7.48485 0.0848341
7.48517 0.0851536
7.48564 0.0856287
7.48596 0.0859482
7.48694 0.0869338
7.48726 0.0872404
7.48757 0.0875671
7.48824 0.0882233
7.48856 0.088541
7.48856 0.088541
7.48888 0.0888606
7.48888 0.0888606
7.48888 0.0888606
7.48919 0.0891801
7.48951 0.0894926
7.48964 0.049617
7.48964 0.049617
7.48964 0.049617
7.48996 0.0899475
7.48996 0.0899445
7.49028 0.090267
7.4906 0.0905865
7.49092 0.090906
7.49105 0.0510234
7.49105 0.0507039
7.49105 0.0507039
7.49137 0.0913668
7.49169 0.0916614
7.49207 0.0920594
7.49286 0.0928257
7.49324 0.0932229
7.49362 0.0936046
7.49394 0.0939241
7.49394 0.0939241
7.49429 0.094279
7.49461 0.0945999
7.49461 0.0945942
7.49493 0.0949137
7.49525 0.0952332
7.49575 0.0957493
7.49607 0.0960589
7.49705 0.0970316
7.49737 0.0973511
7.49769 0.0976706
7.4985 0.0984878
7.49882 0.0988073
7.5002 0.100184
7.50071 0.10069
7.50118 0.101165
7.50259 0.102574
7.50555 0.105537
7.50587 0.105856
7.50619 0.106189
7.50949 0.0494803
7.50949 0.0494803
7.50949 0.0494803
7.50981 0.0497953
7.50981 0.0494758
7.50981 0.0494758
7.51013 0.110119
7.51676 0.116745
7.51733 0.117313
7.52017 0.120152
7.5295 0.0494741
7.5295 0.0494741
7.5295 0.0494741
7.52982 0.0497891
7.52982 0.0494696
7.52982 0.0494696
7.5334 0.133394
7.54116 0.141141
7.54291 0.142892
7.54522 0.145202
7.54588 0.145863
7.54931 0.149293
7.54969 0.0496759
7.54982 0.0494848
7.54982 0.0494848
7.54982 0.0494848
7.55013 0.0497998
7.55013 0.0494803
7.55013 0.0494803
7.5531 0.153082
7.55444 0.154428
7.55915 0.159133
7.5614 0.161381
7.56172 0.1617
7.56203 0.16202
7.56273 0.0627135
7.56389 0.163872
7.56722 0.0672094
7.5681 0.0680888
7.56951 0.0494983
7.56951 0.0494983
7.56951 0.0494983
7.56982 0.0498133
7.56982 0.0494938
7.56982 0.0494938
7.57555 0.175538
7.57587 0.0758585
7.57663 0.0766135
7.57732 0.0773063
7.57764 0.0776258
7.57933 0.0793139
7.57965 0.0796334
7.58015 0.0801395
7.582 0.0819831
7.58232 0.0823026
7.58264 0.0826221
7.58395 0.0839369
7.58443 0.084412
7.58475 0.0847315
7.58507 0.085051
7.58566 0.0856504
7.58598 0.0859699
7.58699 0.0869642
7.58731 0.0872932
7.58766 0.0876371
7.58823 0.0882088
7.58855 0.0885317
7.58855 0.0885317
7.58887 0.0888512
7.58887 0.0888512
7.58887 0.0888512
7.58931 0.0892968
7.58963 0.0896146
7.58995 0.0899341
7.59027 0.0902538
7.59027 0.0902536
7.59059 0.0905732
7.59059 0.0502427
7.59091 0.0908927
7.59104 0.0510101
7.59104 0.0510101
7.59104 0.0510101
7.59104 0.0510101
7.59104 0.0506906
7.59104 0.0506906
7.59151 0.0914865
7.59183 0.0918242
7.59215 0.092148
7.59309 0.0930699
7.59341 0.0933962
7.59373 0.0937157
7.59373 0.0937157
7.59405 0.0940352
7.59437 0.0943676
7.59437 0.0943547
7.59469 0.0946799
7.59501 0.0949937
7.59533 0.0953132
7.59571 0.0956825
7.59603 0.0960145
7.59706 0.0970493
7.59757 0.0975555
7.59789 0.097875
7.59846 0.0984433
7.59878 0.0987628
7.6 0.0999844
7.60072 0.100708
7.60138 0.10137
7.60261 0.102591
7.60554 0.105524
7.60589 0.105874
7.60621 0.106192
7.60951 0.109484
7.60964 0.049631
7.60964 0.049631
7.60964 0.049631
7.6098 0.0497904
7.6098 0.0494709
7.6098 0.0494709
7.61693 0.116918
7.61728 0.117269
7.62012 0.120108
7.62952 0.0494918
7.62952 0.0494918
7.62952 0.0494918
7.62983 0.0498069
7.62983 0.0494874
7.62983 0.0494874
7.63342 0.133411
7.64117 0.141159
7.64292 0.142909
7.6452 0.145188
7.64586 0.14585
7.64911 0.149093
7.64968 0.0496626
7.6498 0.0494715
7.6498 0.0494715
7.6498 0.0494715
7.65015 0.0498176
7.65015 0.0494981
7.65015 0.0494981
7.65218 0.152166
7.65449 0.154477
7.65913 0.15912
7.66132 0.161305
7.6617 0.161687
7.66202 0.162007
7.66274 0.0627313
7.66387 0.163859
7.66724 0.0672272
7.66809 0.0680754
7.66949 0.0494849
7.66949 0.0494849
7.66949 0.0494849
7.66981 0.0497999
7.66981 0.0494804
7.66981 0.0494804
7.67554 0.0755257
7.67586 0.175844
7.67661 0.0766002
7.67731 0.0772929
7.67763 0.0776125
7.67931 0.0793005
7.67963 0.07962
7.68017 0.0801573
7.68198 0.0819698
7.6823 0.0822893
7.68262 0.0826088
7.68394 0.0839236
7.68454 0.0845231
7.68486 0.0848426
7.68518 0.0851621
7.68565 0.0856371
7.68597 0.0859566
7.68694 0.0869284
7.68726 0.0872488
7.68764 0.0876324
7.68821 0.0881903
7.68853 0.0885184
7.68853 0.0885184
7.68885 0.0888379
7.68885 0.0888379
7.68917 0.0891574
7.68949 0.0894872
7.68949 0.0894769
7.68962 0.0495943
7.68962 0.0495943
7.68962 0.0495943
7.68994 0.0899248
7.69026 0.0902424
7.69026 0.0902443
7.69058 0.0905638
7.6909 0.0908833
7.69102 0.0510007
7.69102 0.0506812
7.69102 0.0506812
7.69134 0.0913303
7.69166 0.0916488
7.69205 0.0920229
7.69286 0.0928515
7.69324 0.0932313
7.69356 0.0935508
7.69388 0.0938703
7.69388 0.0938703
7.6942 0.0941803
7.69452 0.094515
7.69452 0.0945093
7.69484 0.0948289
7.69516 0.0951484
7.6957 0.0956817
7.69602 0.0960051
7.69705 0.09704
7.69756 0.0975461
7.69788 0.0978656
7.69851 0.0984962
7.69883 0.0988157
7.69999 0.099975
7.70071 0.100699
7.70137 0.101361
7.7026 0.102582
7.70559 0.105576
7.70591 0.105896
7.70623 0.1062
7.7095 0.0494887
7.7095 0.0494887
7.7095 0.0494887
7.70997 0.109962
7.7101 0.0500921
7.7101 0.0497726
7.7101 0.0497726
7.71683 0.116816
7.71727 0.11726
7.72011 0.120099
7.72951 0.0494825
7.72951 0.0494825
7.72951 0.0494825
7.72982 0.0497975
7.72982 0.049478
7.72982 0.049478
7.7335 0.133495
7.74119 0.141181
7.74291 0.1429
7.74519 0.145179
7.74585 0.145841
7.74925 0.14924
7.7497 0.0496843
7.74983 0.0494932
7.74983 0.0494932
7.74983 0.0494932
7.75014 0.0498082
7.75014 0.0494887
7.75014 0.0494887
7.75307 0.153059
7.75442 0.154405
7.75915 0.159141
7.76131 0.161296
7.76169 0.161678
7.76201 0.161997
7.76273 0.0627219
7.76386 0.163849
7.76723 0.0672178
7.76808 0.0680661
7.76948 0.0494756
7.76948 0.0494756
7.76948 0.0494756
7.7698 0.0497906
7.7698 0.0494711
7.7698 0.0494711
7.77556 0.175547
7.77588 0.075867
7.77691 0.0769019
7.77733 0.0773147
7.77765 0.0776342
7.7793 0.0792912
7.77962 0.0796107
7.78016 0.0801479
7.782 0.0819915
7.78232 0.082311
7.78264 0.0826305
7.78396 0.0839454
7.78453 0.0845137
7.78485 0.0848332
7.78517 0.0851527
7.78567 0.0856589
7.78599 0.0859784
7.78659 0.086564
7.78703 0.0870295
7.78735 0.0873412
7.78767 0.0876713
7.78799 0.0879803
7.78841 0.0883931
7.78876 0.0887437
7.78908 0.0890632
7.78908 0.0890632
7.78908 0.0890632
7.7894 0.0893706
7.78952 0.0495001
7.78952 0.0495001
7.78952 0.0495001
7.78997 0.0899654
7.79029 0.0902745
7.79029 0.0902745
7.79061 0.090594
7.79093 0.0909135
7.79105 0.051031
7.79105 0.0507114
7.79105 0.0507114
7.79137 0.0913692
7.79137 0.091349
7.79207 0.0920533
7.79285 0.0928508
7.79317 0.0931598
7.79349 0.0934793
7.79381 0.0937979
7.79381 0.0937988
7.79381 0.0937988
7.79416 0.0941494
7.79448 0.0944746
7.7948 0.0947884
7.79512 0.0951127
7.79544 0.0954274
7.79585 0.0958402
7.79704 0.0970307
7.79758 0.0975679
7.7979 0.0978874
7.7985 0.0984868
7.79882 0.0988063
7.79998 0.0999657
7.8007 0.10069
7.80124 0.101227
7.80231 0.102293
7.80558 0.105567
7.8059 0.105887
7.80622 0.106208
7.80949 0.0494794
7.80949 0.0494794
7.80949 0.0494794
7.80996 0.109962
7.81009 0.0500828
7.81009 0.0497633
7.81009 0.0497633
7.81682 0.116806
7.81739 0.117375
7.8201 0.120089
7.8295 0.0494732
7.8295 0.0494732
7.8295 0.0494732
7.82981 0.0497882
7.82981 0.0494687
7.82981 0.0494687
7.83349 0.133486
7.84118 0.141172
7.8429 0.142891
7.84521 0.145201
7.84584 0.145831
7.84915 0.149137
7.84969 0.049675
7.84981 0.0494839
7.84981 0.0494839
7.84981 0.0494839
7.85013 0.0497989
7.85013 0.0494794
7.85013 0.0494794
7.853 0.152988
7.8545 0.154489
7.85914 0.159132
7.8613 0.161287
7.86165 0.161637
7.86197 0.161957
7.86272 0.0627126
7.86385 0.16384
7.86728 0.0672707
7.8681 0.0680879
7.8695 0.0494973
7.8695 0.0494973
7.8695 0.0494973
7.86982 0.0498124
7.86982 0.0494928
7.86982 0.0494928
7.87555 0.175537
7.87587 0.0758576
7.8769 0.0768925
7.87732 0.0773054
7.87764 0.0776249
7.87932 0.0793129
7.87964 0.0796324
7.88015 0.0801386
7.88199 0.0819822
7.88231 0.0823017
7.88263 0.0826212
7.88395 0.083936
7.88442 0.0844111
7.88474 0.0847306
7.88506 0.0850501
7.88566 0.0856495
7.88598 0.085969
7.88658 0.086558
7.88696 0.0869355
7.88728 0.0872697
7.88763 0.0876083
7.88795 0.0879398
7.88849 0.088477
7.88881 0.0887965
7.88913 0.0891161
7.88913 0.0891161
7.88945 0.0894321
7.88945 0.0894356
7.88958 0.049553
7.88958 0.049553
7.88958 0.049553
7.89002 0.0900079
7.89034 0.0903098
7.89034 0.0903274
7.89034 0.0903274
7.89047 0.0504448
7.89047 0.0501253
7.89047 0.0501253
7.89085 0.0908375
7.89132 0.0912978
7.89164 0.0916401
7.89206 0.0920526
7.89309 0.0930678
7.89341 0.0933992
7.89373 0.0937188
7.89373 0.0937188
7.89405 0.0940383
7.89437 0.0943429
7.89437 0.0943635
7.89469 0.0946773
7.89469 0.0946773
7.8951 0.0950901
7.8957 0.0956803
7.89602 0.096009
7.89709 0.097075
7.89766 0.0976434
7.89797 0.0979629
7.89854 0.0985312
7.89886 0.0988507
7.89996 0.0999478
7.90071 0.100703
7.90141 0.101396
7.90229 0.102275
7.90559 0.10558
7.90591 0.1059
7.90657 0.106549
7.9095 0.0494927
7.9095 0.0494927
7.9095 0.0494927
7.90982 0.0498077
7.90982 0.0494882
7.90982 0.0494882
7.91014 0.110112
7.91671 0.116695
7.91724 0.117233
7.92011 0.120103
7.92951 0.0494864
7.92951 0.0494864
7.92951 0.0494864
7.92983 0.0498015
7.92983 0.0494819
7.92983 0.0494819
7.93351 0.133499
7.94123 0.141216
7.94292 0.142904
7.94535 0.145339
7.94595 0.145938
7.9491 0.149088
7.9497 0.0496883
7.94983 0.0494972
7.94983 0.0494972
7.94983 0.0494972
7.95014 0.0498122
7.95014 0.0494927
7.95014 0.0494927
7.95311 0.153094
7.95442 0.154409
7.95913 0.159114
7.96131 0.1613
7.96166 0.161651
7.96198 0.16197
7.96274 0.0627259
7.96386 0.163853
7.96723 0.0672218
7.96808 0.06807
7.96948 0.0494795
7.96948 0.0494795
7.96948 0.0494795
7.9698 0.0497945
7.9698 0.049475
7.9698 0.049475
7.97556 0.175551
7.97588 0.0758709
7.97692 0.0769058
7.9773 0.0772875
7.97762 0.077607
7.97931 0.0792951
7.97963 0.0796146
7.98016 0.0801519
7.98201 0.0819955
7.98233 0.082315
7.98265 0.0826345
7.98396 0.0839493
7.98453 0.0845177
7.98485 0.0848372
7.98517 0.0851567
7.98564 0.0856317
7.98596 0.0859512
7.98693 0.0869178
7.98725 0.0872362
7.98725 0.0872434
7.98764 0.0876218
7.98796 0.0879446
7.98846 0.0884508
7.98878 0.0887703
7.9891 0.0890898
7.9891 0.0890898
7.98942 0.0894144
7.98942 0.0894093
7.98955 0.0495267
7.98955 0.0495267
7.98955 0.0495267
7.98996 0.0899559
7.99028 0.09027
7.99028 0.09027
7.99028 0.09027
7.99041 0.0503874
7.99041 0.0500679
7.99041 0.0500679
7.99079 0.0907801
7.9913 0.0912801
7.99162 0.0916033
7.99206 0.0920349
7.99285 0.0928324
7.99329 0.0932797
7.99364 0.0936303
7.99396 0.0939498
7.99396 0.0939498
7.99428 0.094263
7.9946 0.0945888
7.9946 0.0945945
7.99492 0.0949083
7.99524 0.0952278
7.99571 0.0957023
7.99603 0.0960223
7.99704 0.0970261
7.99757 0.0975634
7.99789 0.0978829
7.99852 0.0985134
7.99884 0.0988329
7.99997 0.0999611
8.00076 0.100747
8.00126 0.101253
8.0023 0.102288
8.00557 0.105564
8.00589 0.105883
8.00656 0.10655
8.00943 0.109412
8.00955 0.0495466
8.00955 0.0495466
8.00955 0.0495466
8.00981 0.0497994
8.00981 0.0494799
8.00981 0.0494799
8.01678 0.116772
8.01729 0.117278
8.02013 0.120117
8.02949 0.0494697
8.02949 0.0494697
8.02949 0.0494697
8.02984 0.0498158
8.02984 0.0494963
8.02984 0.0494963
8.03352 0.133514
8.04121 0.141199
8.0429 0.142887
8.04521 0.145197
8.04584 0.145828
8.04924 0.149227
8.04968 0.0496715
8.05012 0.0494719
8.05012 0.0494719
8.05305 0.153042
8.05446 0.154451
8.0591 0.159093
8.06129 0.161279
8.06164 0.16163
8.06196 0.161949
8.06272 0.0627051
8.06387 0.163864
8.0673 0.0672943
8.06809 0.0680804
8.06949 0.0494899
8.06949 0.0494899
8.06949 0.0494899
8.06981 0.0498049
8.06981 0.0494854
8.06981 0.0494854
8.07554 0.17553
8.07586 0.0758502
8.0769 0.0768851
8.07731 0.0772979
8.07763 0.0776174
8.07932 0.0793055
8.07963 0.079625
8.08017 0.0801622
8.08198 0.0819747
8.0823 0.0822942
8.08262 0.0826137
8.08394 0.0839286
8.08451 0.0844969
8.08483 0.0848164
8.08515 0.0851359
8.08565 0.0856421
8.08597 0.0859616
8.08657 0.0865571
8.08695 0.0869453
8.08727 0.0872622
8.08762 0.0876182
8.08794 0.0879324
8.08848 0.0884696
8.0888 0.0887891
8.08912 0.0891086
8.08912 0.0891086
8.08912 0.0891086
8.08944 0.0894108
8.08957 0.0495455
8.08957 0.0495455
8.08957 0.0495455
8.08998 0.0899778
8.0903 0.0902888
8.0903 0.0902888
8.09043 0.0504062
8.09043 0.0500867
8.09043 0.0500867
8.09075 0.0907367
8.09107 0.0910562
8.09139 0.0913783
8.09171 0.0916892
8.09283 0.0928288
8.0935 0.0934851
8.09437 0.0943515
8.09469 0.094684
8.09469 0.094684
8.09469 0.094684
8.09501 0.0950059
8.09501 0.0950035
8.09501 0.0950035
8.09533 0.0953287
8.09533 0.095323
8.09571 0.0957128
8.09603 0.0960242
8.0971 0.0970902
8.09758 0.0975653
8.09789 0.0978848
8.09843 0.098422
8.09875 0.0987415
8.10013 0.100119
8.10079 0.10078
8.10127 0.101255
8.10221 0.102197
8.10551 0.105502
8.10583 0.105822
8.10708 0.107065
8.10948 0.0494767
8.10948 0.0494767
8.10948 0.0494767
8.1098 0.0497918
8.1098 0.0494723
8.1098 0.0494723
8.11012 0.110091
8.11684 0.116835
8.11732 0.11731
8.1201 0.120087
8.12949 0.0494705
8.12949 0.0494705
8.12949 0.0494705
8.12984 0.0498166
8.12984 0.0494971
8.12984 0.0494971
8.13339 0.13339
8.14121 0.1412
8.14293 0.142919
8.14527 0.14526
8.14587 0.14586
8.14911 0.149103
8.14968 0.0496724
8.14981 0.0494812
8.14981 0.0494812
8.14981 0.0494812
8.15012 0.0497963
8.15012 0.0494767
8.15012 0.0494767
8.15309 0.153078
8.15443 0.154424
8.1592 0.159192
8.16129 0.161284
8.16164 0.161635
8.16196 0.161954
8.16272 0.0627099
8.16385 0.163837
8.16728 0.0672681
8.16809 0.0680852
8.1695 0.0494947
8.1695 0.0494947
8.1695 0.0494947
8.16981 0.0498097
8.16981 0.0494902
8.16981 0.0494902
8.17554 0.0755355
8.17586 0.175854
8.1769 0.0768899
8.17728 0.0772716
8.1776 0.0775911
8.17929 0.0792792
8.17961 0.0795987
8.18015 0.080136
8.18199 0.0819796
8.18231 0.0822991
8.18263 0.0826186
8.1836 0.0835913
8.18442 0.0844084
8.18474 0.0847279
8.18506 0.0850474
8.18566 0.0856469
8.18598 0.0859664
8.1863 0.0862853
8.18699 0.0869588
8.18731 0.0872982
8.18763 0.0876005
8.18795 0.0879372
8.18861 0.0885988
8.18893 0.0889183
8.18893 0.0889183
8.18893 0.0889183
8.18925 0.0892378
8.18925 0.0892292
8.1895 0.0494797
8.1895 0.0494797
8.1895 0.0494797
8.18997 0.0899721
8.19029 0.0902852
8.19029 0.0902852
8.19061 0.0906047
8.19093 0.0909242
8.19106 0.0510416
8.19106 0.0507221
8.19106 0.0507221
8.19138 0.0913522
8.19204 0.0920137
8.19283 0.0928027
8.19396 0.093948
8.19428 0.0942667
8.1946 0.094587
8.1946 0.094587
8.1946 0.094587
8.19492 0.0948865
8.19492 0.0949065
8.19492 0.0949122
8.19524 0.0952261
8.19524 0.0952261
8.19574 0.0957178
8.19606 0.0960517
8.1971 0.0970866
8.19754 0.0975305
8.19786 0.09785
8.19849 0.0984806
8.19881 0.0988001
8.19991 0.0998972
8.20075 0.100745
8.20123 0.10122
8.20226 0.102255
8.20557 0.105561
8.20589 0.10588
8.20727 0.107257
8.20948 0.0494731
8.20948 0.0494731
8.20948 0.0494731
8.20979 0.0497881
8.20979 0.0494686
8.20979 0.0494686
8.21011 0.110096
8.21681 0.1168
8.21725 0.117244
8.22012 0.120114
8.22952 0.049498
8.22952 0.049498
8.22952 0.049498
8.22984 0.049813
8.22984 0.0494935
8.22984 0.0494935
8.23339 0.133387
8.24121 0.141196
8.24289 0.142884
8.24527 0.145257
8.2458 0.145794
8.24917 0.149162
8.24968 0.0496687
8.24981 0.0494776
8.24981 0.0494776
8.24981 0.0494776
8.25012 0.0497926
8.25012 0.0494731
8.25012 0.0494731
8.25299 0.152981
8.25449 0.154483
8.25913 0.159126
8.26132 0.161312
8.26164 0.161631
8.26196 0.161951
8.26271 0.0627063
8.26384 0.163834
8.26721 0.0672022
8.26809 0.0680816
8.26949 0.0494911
8.26949 0.0494911
8.26949 0.0494911
8.26981 0.0498061
8.26981 0.0494866
8.26981 0.0494866
8.27554 0.175531
8.27586 0.0758514
8.27689 0.0768863
8.27731 0.0772991
8.27763 0.0776186
8.27932 0.0793067
8.27963 0.0796262
8.28014 0.0801323
8.28189 0.0818826
8.2823 0.0822954
8.28262 0.0826149
8.28391 0.0838987
8.28435 0.0843426
8.28467 0.0846621
8.28499 0.0849816
8.28565 0.0856432
8.28597 0.0859628
8.28694 0.0869242
8.28726 0.0872576
8.28726 0.0872549
8.28761 0.0875971
8.28793 0.0879251
8.28844 0.0884312
8.28876 0.0887507
8.28908 0.0890702
8.28908 0.0890702
8.2894 0.0893897
8.2894 0.0893897
8.28953 0.0495071
8.28953 0.0495071
8.28953 0.0495071
8.29 0.0899931
8.29032 0.090317
8.29032 0.0903126
8.29064 0.0906322
8.29096 0.0909517
8.29109 0.0510691
8.29109 0.0507496
8.29109 0.0507496
8.29159 0.0915749
8.29204 0.0920187
8.29282 0.0928077
8.29349 0.0934778
8.29437 0.0943373
8.29469 0.0946767
8.29469 0.0946767
8.29469 0.0946653
8.295 0.0949962
8.295 0.0949962
8.295 0.0950019
8.29532 0.0953157
8.29532 0.0953157
8.29571 0.0956917
8.29603 0.0960169
8.29712 0.097114
8.29757 0.097558
8.29789 0.0978775
8.29852 0.098508
8.29884 0.0988275
8.2999 0.0998935
8.30078 0.100773
8.30113 0.101124
8.30232 0.102314
8.30557 0.105557
8.30589 0.105877
8.3072 0.1072
8.30947 0.0494695
8.30947 0.0494695
8.30947 0.0494695
8.31001 0.110003
8.31014 0.0501351
8.31014 0.0498156
8.31014 0.0498156
8.31687 0.116859
8.31728 0.117272
8.32012 0.12011
8.32952 0.0494943
8.32952 0.0494943
8.32952 0.0494943
8.32983 0.0498094
8.32983 0.0494898
8.32983 0.0494898
8.33339 0.133383
8.34117 0.141162
8.34289 0.142881
8.34529 0.145284
8.34583 0.145822
8.34926 0.149251
8.34967 0.0496651
8.3498 0.0494739
8.3498 0.0494739
8.3498 0.0494739
8.35012 0.049789
8.35012 0.0494695
8.35012 0.0494695
8.35299 0.152978
8.35446 0.154448
8.3591 0.159091
8.36132 0.161308
8.36164 0.161627
8.36196 0.161947
8.36271 0.0627027
8.36387 0.163861
8.3673 0.0672919
8.36809 0.0680779
8.36949 0.0494874
8.36949 0.0494874
8.36949 0.0494874
8.3698 0.0498024
8.3698 0.0494829
8.3698 0.0494829
8.37554 0.175527
8.37586 0.0758477
8.37689 0.0768826
8.3773 0.0772954
8.37762 0.0776149
8.37931 0.079303
8.37963 0.0796225
8.38014 0.0801287
8.38179 0.0817856
8.3823 0.0822918
8.38262 0.0826113
8.3839 0.083895
8.38435 0.0843389
8.38467 0.0846584
8.38502 0.0850091
8.38565 0.0856396
8.38597 0.0859591
8.38657 0.0865645
8.38695 0.0869376
8.38727 0.0872598
8.38762 0.0876105
8.38794 0.0879299
8.38847 0.0884671
8.38879 0.0887866
8.38911 0.0891061
8.38911 0.0891061
8.38911 0.0891061
8.38943 0.0894032
8.38956 0.0495431
8.38956 0.0495431
8.38956 0.0495431
8.38997 0.0899743
8.39029 0.0902864
8.39029 0.0902864
8.39061 0.0906059
8.39093 0.0909254
8.39125 0.0912423
8.39138 0.0513623
8.39138 0.0510428
8.39138 0.0510428
8.39195 0.0919388
8.39292 0.0929144
8.39352 0.0935137
8.39434 0.0943232
8.39466 0.0946504
8.39466 0.0946504
8.39466 0.0946504
8.39498 0.0949671
8.39498 0.0949699
8.39498 0.0949699
8.3953 0.0952951
8.3953 0.0952894
8.39571 0.0957052
8.39603 0.0960218
8.3971 0.0970878
8.39754 0.0975317
8.39786 0.0978512
8.39843 0.0984195
8.39878 0.0987701
8.40019 0.100178
8.40072 0.100716
8.40123 0.101222
8.40223 0.102225
8.40551 0.1055
8.40583 0.105819
8.40717 0.107151
8.40948 0.0494743
8.40948 0.0494743
8.40948 0.0494743
8.40979 0.0497893
8.40979 0.0494698
8.40979 0.0494698
8.41011 0.110083
8.41687 0.116864
8.41725 0.117245
8.42012 0.120115
8.42949 0.0494681
8.42949 0.0494681
8.42949 0.0494681
8.42984 0.0498142
8.42984 0.0494947
8.42984 0.0494947
8.43342 0.133419
8.44124 0.141229
8.44289 0.142886
8.44527 0.145258
8.4458 0.145795
8.44923 0.149225
8.44968 0.0496699
8.44981 0.0494788
8.44981 0.0494788
8.44981 0.0494788
8.45012 0.0497938
8.45012 0.0494743
8.45012 0.0494743
8.45305 0.153045
8.45446 0.154453
8.45923 0.15922
8.46129 0.161282
8.46164 0.161632
8.46196 0.161952
8.46271 0.0627075
8.46384 0.163835
8.4673 0.0672967
8.46809 0.0680828
8.46949 0.0494922
8.46949 0.0494922
8.46949 0.0494922
8.46981 0.0498073
8.46981 0.0494878
8.46981 0.0494878
8.47554 0.175532
8.47586 0.0758525
8.47689 0.0768874
8.47731 0.0773003
8.47763 0.0776198
8.47928 0.0792767
8.4796 0.0795963
8.48014 0.0801335
8.48177 0.0817594
8.48224 0.0822344
8.48256 0.0825539
8.48391 0.0838998
8.48435 0.0843438
8.48467 0.0846633
8.48508 0.0850761
8.48565 0.0856444
8.48597 0.0859639
8.48657 0.0865415
8.48705 0.0870444
8.48736 0.0873579
8.48768 0.0876551
8.488 0.0879969
8.48832 0.0883164
8.48864 0.0886359
8.48896 0.0889554
8.48896 0.0889554
8.48896 0.0889554
8.48928 0.0892611
8.4895 0.0494857
8.4895 0.0494857
8.4895 0.0494857
8.48998 0.0899757
8.48998 0.0899717
8.4903 0.0902912
8.4903 0.0902912
8.49062 0.0906107
8.49075 0.0507281
8.49075 0.0504086
8.49075 0.0504086
8.49125 0.0912512
8.49198 0.0919749
8.49289 0.0928572
8.49352 0.0935101
8.49433 0.0943316
8.49465 0.0946468
8.49465 0.0946468
8.49465 0.0946468
8.49497 0.0949721
8.49497 0.0949663
8.49497 0.094972
8.49529 0.0952858
8.49529 0.0952858
8.49574 0.0957102
8.49606 0.0960492
8.49712 0.0971152
8.4976 0.0975903
8.49792 0.0979098
8.49848 0.0984781
8.49884 0.0988287
8.4999 0.0998947
8.50072 0.100712
8.50132 0.101311
8.50226 0.102253
8.5055 0.105496
8.50582 0.105816
8.50708 0.107063
8.50947 0.0494706
8.50947 0.0494706
8.50947 0.0494706
8.51001 0.109991
8.51014 0.0501363
8.51014 0.0498168
8.51014 0.0498168
8.51699 0.116984
8.51734 0.117335
8.52015 0.120143
8.52952 0.0494955
8.52952 0.0494955
8.52952 0.0494955
8.52983 0.0498105
8.52983 0.049491
8.52983 0.049491
8.53351 0.133508
8.5412 0.141194
8.54289 0.142882
8.54526 0.145254
8.5458 0.145792
8.54917 0.149159
8.54967 0.0496662
8.5498 0.0494751
8.5498 0.0494751
8.5498 0.0494751
8.55012 0.0497901
8.55012 0.0494706
8.55012 0.0494706
8.55292 0.152917
8.55449 0.15448
8.5591 0.159092
8.56138 0.161371
8.5617 0.161691
8.56202 0.16201
8.56271 0.0627038
8.56387 0.163862
8.56721 0.0671997
8.56809 0.0680791
8.56949 0.0494886
8.56949 0.0494886
8.56949 0.0494886
8.5698 0.0498036
8.5698 0.0494841
8.5698 0.0494841
8.57554 0.175529
8.57585 0.0758489
8.57689 0.0768838
8.5773 0.0772966
8.57762 0.0776161
8.57931 0.0793042
8.57963 0.0796237
8.58014 0.0801298
8.58201 0.0820045
8.58233 0.0823241
8.58265 0.0826436
8.5839 0.0838962
8.58435 0.0843401
8.5847 0.0846907
8.58508 0.0850724
8.58565 0.0856408
8.58597 0.0859603
8.58694 0.0869165
8.58726 0.0872339
8.58726 0.0872525
8.58764 0.0876205
8.58796 0.0879537
8.58843 0.0884287
8.58875 0.0887482
8.58907 0.0890677
8.58907 0.0890677
8.58907 0.0890677
8.58939 0.089382
8.58952 0.0495047
8.58952 0.0495047
8.58952 0.0495047
8.59 0.0899907
8.59032 0.0902902
8.59032 0.0903102
8.59064 0.0906297
8.59096 0.0909492
8.59108 0.0510666
8.59108 0.0507471
8.59108 0.0507471
8.5914 0.0913806
8.59206 0.0920421
8.59282 0.0928
8.59392 0.0939108
8.59433 0.094309
8.59465 0.0946431
8.59465 0.0946431
8.59465 0.0946265
8.59497 0.0949626
8.59497 0.0949626
8.59497 0.0949683
8.59529 0.0952821
8.59529 0.0952821
8.59573 0.0957152
8.59605 0.0960456
8.59706 0.0970494
8.59756 0.0975555
8.59788 0.097875
8.59857 0.0985678
8.59889 0.0988873
8.5999 0.0998911
8.60078 0.10077
8.60125 0.101245
8.60269 0.102685
8.6055 0.105493
8.60582 0.105812
8.60726 0.107254
8.6095 0.0494981
8.6095 0.0494981
8.6095 0.0494981
8.61001 0.109996
8.61014 0.0501326
8.61014 0.0498131
8.61014 0.0498131
8.61683 0.116825
8.61731 0.1173
8.62011 0.120108
8.62951 0.0494919
8.62951 0.0494919
8.62951 0.0494919
8.62983 0.0498069
8.62983 0.0494874
8.62983 0.0494874
8.63338 0.13338
8.6412 0.14119
8.64288 0.142878
8.64529 0.145282
8.64579 0.145788
8.64925 0.149249
8.64967 0.0496626
8.6498 0.0494715
8.6498 0.0494715
8.6498 0.0494715
8.65014 0.0498176
8.65014 0.0494981
8.65014 0.0494981
8.65292 0.152913
8.65442 0.154414
8.65913 0.15912
8.66134 0.161336
8.66166 0.161656
8.66198 0.161976
8.66274 0.0627313
8.66386 0.163859
8.6672 0.0671961
8.66808 0.0680755
8.66952 0.049485
8.66952 0.049485
8.66952 0.049485
8.66983 0.0498
8.66983 0.0494805
8.66983 0.0494805
8.67553 0.175525
8.67585 0.0758453
8.67689 0.0768801
8.6773 0.077293
8.67762 0.0776125
8.67931 0.0793006
8.67963 0.0796201
8.68013 0.0801262
8.68197 0.0819698
8.68229 0.0822893
8.68261 0.0826088
8.6839 0.0838925
8.6844 0.0843987
8.68472 0.0847182
8.6851 0.0850999
8.68564 0.0856371
8.68596 0.0859566
8.68693 0.0869215
8.68725 0.0872488
8.68764 0.0876255
8.68824 0.0882147
8.68855 0.0885495
8.68855 0.0885495
8.68887 0.088869
8.68887 0.088869
8.68919 0.0891885
8.68919 0.0891885
8.68951 0.0895115
8.68964 0.0496254
8.68964 0.0496254
8.68964 0.0496254
8.68999 0.089987
8.68999 0.089965
8.69031 0.0903065
8.69063 0.090626
8.69095 0.0909455
8.69108 0.051063
8.69108 0.0507435
8.69108 0.0507435
8.6914 0.0913856
8.69206 0.0920471
8.69282 0.092805
8.69348 0.0934717
8.69429 0.0942863
8.69461 0.0946084
8.69461 0.0946084
8.69461 0.0946084
8.69493 0.0949199
8.69493 0.0949279
8.69493 0.0949025
8.69525 0.0952474
8.69525 0.0952474
8.69573 0.0957202
8.69605 0.0960419
8.69705 0.0970457
8.69756 0.0975519
8.69788 0.0978714
8.69841 0.0984086
8.69876 0.0987592
8.69989 0.0998874
8.70077 0.100767
8.70137 0.101366
8.70272 0.102712
8.70549 0.105489
8.70581 0.105808
8.70716 0.107135
8.7095 0.0494945
8.7095 0.0494945
8.7095 0.0494945
8.71 0.110001
8.71013 0.050129
8.71013 0.0498095
8.71013 0.0498095
8.7168 0.11679
8.71727 0.117265
8.72011 0.120104
8.72951 0.0494882
8.72951 0.0494882
8.72951 0.0494882
8.72982 0.0498032
8.72982 0.0494837
8.72982 0.0494837
8.73366 0.133626
8.74132 0.141311
8.74291 0.142906
8.74525 0.145247
8.74591 0.145909
8.74925 0.149245
8.74966 0.049659
8.74979 0.0494678
8.74979 0.0494678
8.74979 0.0494678
8.75014 0.049814
8.75014 0.0494944
8.75014 0.0494944
8.75291 0.152909
8.75445 0.154442
8.75912 0.159116
8.76131 0.161302
8.76163 0.161621
8.76195 0.161941
8.76273 0.0627276
8.76386 0.163855
8.76729 0.0672858
8.76808 0.0680718
8.76951 0.0494813
8.76951 0.0494813
8.76951 0.0494813
8.76983 0.0497963
8.76983 0.0494768
8.76983 0.0494768
8.77556 0.175552
8.77588 0.0758727
8.77688 0.0768765
8.77729 0.0772893
8.77761 0.0776088
8.7793 0.0792969
8.77962 0.0796164
8.78013 0.0801226
8.782 0.0819973
8.78232 0.0823168
8.78264 0.0826363
8.78392 0.08392
8.78449 0.0844883
8.78481 0.0848078
8.78513 0.0851274
8.78564 0.0856335
8.78596 0.085953
8.78699 0.0869887
8.78731 0.0873074
8.78763 0.0876305
8.78823 0.0882059
8.78855 0.0885459
8.78887 0.0888654
8.78887 0.0888654
8.78887 0.0888654
8.78919 0.0891849
8.78919 0.0891849
8.78951 0.0894853
8.78964 0.0496218
8.78964 0.0496218
8.78964 0.0496218
8.78999 0.0899843
8.78999 0.0899834
8.79031 0.0903029
8.79044 0.0504203
8.79044 0.0501008
8.79044 0.0501008
8.79076 0.0907508
8.79076 0.0907508
8.7912 0.0911956
8.79205 0.0920437
8.7928 0.0928016
8.79349 0.0934907
8.79431 0.0942863
8.79463 0.0946274
8.79463 0.0946274
8.79463 0.0946274
8.79495 0.0949476
8.79495 0.0949469
8.79495 0.0949215
8.79527 0.0952664
8.79527 0.0952664
8.79575 0.0957167
8.79607 0.0960609
8.7971 0.0970958
8.79767 0.0976642
8.79799 0.0979837
8.79843 0.0984276
8.79891 0.0989026
8.79994 0.0999375
8.80076 0.100755
8.80136 0.101354
8.8027 0.1027
8.80548 0.105477
8.80586 0.105859
8.80724 0.107225
8.80948 0.0494823
8.80948 0.0494823
8.80948 0.0494823
8.8098 0.0497974
8.8098 0.0494778
8.8098 0.0494778
8.81012 0.110095
8.81675 0.116747
8.81723 0.117222
8.82013 0.120123
8.82949 0.0494761
8.82949 0.0494761
8.82949 0.0494761
8.82981 0.0497911
8.82981 0.0494716
8.82981 0.0494716
8.83367 0.133645
8.84121 0.141206
8.8429 0.142894
8.84527 0.145266
8.8459 0.145897
8.84924 0.149233
8.84968 0.0496779
8.84981 0.0494868
8.84981 0.0494868
8.84981 0.0494868
8.85012 0.0498018
8.85012 0.0494823
8.85012 0.0494823
8.85296 0.152959
8.85447 0.154461
8.85911 0.159104
8.86133 0.161321
8.86164 0.16164
8.86196 0.16196
8.86272 0.0627155
8.86385 0.163843
8.86721 0.0672114
8.86809 0.0680908
8.8695 0.0494692
8.8695 0.0494692
8.8695 0.0494692
8.86984 0.0498153
8.86984 0.0494958
8.86984 0.0494958
8.87554 0.17554
8.87586 0.0758606
8.8769 0.0768955
8.87728 0.0772772
8.8776 0.0775967
8.87929 0.0792848
8.87961 0.0796043
8.88015 0.0801415
8.88199 0.0819851
8.88231 0.0823047
8.88263 0.0826242
8.88391 0.0839079
8.88436 0.0843518
8.88467 0.0846713
8.88503 0.0850219
8.88562 0.0856214
8.88594 0.0859409
8.88695 0.0869231
8.88727 0.0872642
8.88762 0.0875959
8.88822 0.0881886
8.88854 0.0885337
8.88854 0.0885337
8.88886 0.0888533
8.88886 0.0888533
8.88918 0.0891728
8.88918 0.0891728
8.8895 0.0894819
8.88962 0.0496097
8.88962 0.0496097
8.88962 0.0496097
8.88997 0.0899713
8.89029 0.0902677
8.89029 0.0902908
8.89042 0.0504082
8.89042 0.0500887
8.89042 0.0500887
8.89074 0.0907387
8.89074 0.0907387
8.89131 0.0912854
8.89203 0.0920091
8.89282 0.0927981
8.89395 0.0939451
8.89439 0.0943796
8.89471 0.0947086
8.89471 0.0947086
8.89471 0.0947086
8.89503 0.0950063
8.89503 0.0950281
8.89503 0.0950027
8.89535 0.0953476
8.89535 0.0953476
8.89573 0.0957132
8.89605 0.0960488
8.89706 0.0970526
8.89756 0.0975587
8.89788 0.0978782
8.89854 0.0985399
8.89886 0.0988594
8.90021 0.100205
8.90071 0.100711
8.90125 0.101249
8.90269 0.102688
8.90553 0.105527
8.90585 0.105846
8.90713 0.107128
8.90947 0.0494702
8.90947 0.0494702
8.90947 0.0494702
8.90982 0.0498163
8.90982 0.0494968
8.90982 0.0494968
8.91014 0.110122
8.91693 0.116922
8.91724 0.117241
8.92011 0.120111
8.92951 0.0494951
8.92951 0.0494951
8.92951 0.0494951
8.92983 0.0498101
8.92983 0.0494906
8.92983 0.0494906
8.93357 0.133539
8.9412 0.141193
8.94289 0.142882
8.94529 0.145285
8.94589 0.145885
8.94922 0.149221
8.94967 0.0496658
8.9498 0.0494747
8.9498 0.0494747
8.9498 0.0494747
8.95011 0.0497897
8.95011 0.0494702
8.95011 0.0494702
8.95298 0.152978
8.95442 0.154418
8.95913 0.159123
8.96128 0.161278
8.96163 0.161628
8.96195 0.161948
8.96271 0.0627034
8.96387 0.163862
8.9673 0.0672926
8.96808 0.0680787
8.96952 0.0494882
8.96952 0.0494882
8.96952 0.0494882
8.96983 0.0498032
8.96983 0.0494837
8.96983 0.0494837
8.97553 0.175528
8.97585 0.0758485
8.97689 0.0768834
8.9773 0.0772962
8.97762 0.0776157
8.97931 0.0793038
8.97963 0.0796233
8.98013 0.0801294
8.98198 0.081973
8.9823 0.0822925
8.98261 0.082612
8.9839 0.0838958
8.9845 0.0844952
8.98482 0.0848147
8.98514 0.0851342
8.98564 0.0856404
8.98596 0.0859599
8.98694 0.0869196
8.98725 0.0872521
8.98764 0.0876236
8.9882 0.0882024
8.98852 0.0885216
8.98852 0.0885216
8.98884 0.0888411
8.98884 0.0888411
8.98916 0.0891606
8.98916 0.0891606
8.98948 0.0894784
8.98961 0.0495976
8.98961 0.0495976
8.98961 0.0495976
8.98999 0.0899903
8.99031 0.0902982
8.99031 0.0903098
8.99063 0.0906293
8.99095 0.0909488
8.99108 0.0510662
8.99108 0.0507467
8.99108 0.0507467
8.9914 0.0913837
8.99206 0.0920452
8.99282 0.0928031
8.99348 0.0934749
8.99436 0.0943259
8.99468 0.0946738
8.99468 0.0946738
8.99468 0.0946738
8.995 0.0949802
8.995 0.0949933
8.995 0.0949933
8.99532 0.0952874
8.99532 0.0953128
8.99573 0.0957182
8.99605 0.0960452
8.99708 0.0970801
8.99765 0.0976484
8.99797 0.0979679
8.99841 0.0984118
8.99883 0.0988247
8.99996 0.0999529
9.00068 0.100677
9.00137 0.101369
9.00269 0.102684
9.00553 0.105524
9.00585 0.105844
9.00713 0.107103
9.00953 0.0494989
9.00953 0.0494989
9.00953 0.0494989
9.00984 0.0498139
9.00984 0.0494944
9.00984 0.0494944
9.01016 0.110159
9.01686 0.116857
9.0173 0.117301
9.02011 0.120109
9.02951 0.0494926
9.02951 0.0494926
9.02951 0.0494926
9.02982 0.0498076
9.02982 0.0494881
9.02982 0.0494881
9.03366 0.13363
9.04116 0.14116
9.04291 0.14291
9.04532 0.145314
9.04588 0.145882
9.04925 0.14925
9.04967 0.0496634
9.05014 0.0494949
9.05014 0.0494949
9.05297 0.152972
9.05445 0.154442
9.05909 0.159085
9.0613 0.161302
9.06162 0.161622
9.06194 0.161941
9.06273 0.0627281
9.06386 0.163855
9.06729 0.0672862
9.06807 0.0680723
9.06951 0.0494817
9.06951 0.0494817
9.06951 0.0494817
9.06982 0.0497968
9.06982 0.0494773
9.06982 0.0494773
9.07556 0.175553
9.07587 0.0758731
9.07688 0.0768769
9.07729 0.0772898
9.07761 0.0776093
9.0793 0.0792973
9.07962 0.0796169
9.08012 0.080123
9.082 0.0819977
9.08232 0.0823172
9.08264 0.0826367
9.08389 0.0838893
9.08434 0.0843333
9.08465 0.0846528
9.08501 0.0850034
9.08564 0.0856339
9.08596 0.0859534
9.08693 0.0869218
9.08725 0.0872456
9.0876 0.0875947
9.08826 0.088253
9.08858 0.0885774
9.08858 0.0885774
9.0889 0.0888969
9.0889 0.0888969
9.08922 0.0892164
9.08922 0.0892164
9.08954 0.0895117
9.08967 0.0496533
9.08967 0.0496533
9.08967 0.0496533
9.08999 0.0899839
9.08999 0.0899838
9.09031 0.0903033
9.09043 0.0504207
9.09043 0.0501012
9.09043 0.0501012
9.09075 0.0907512
9.09075 0.0907512
9.09138 0.0913774
9.09205 0.0920389
9.0928 0.0927968
9.09359 0.0935844
9.09453 0.0945097
9.09485 0.0948455
9.09485 0.0948455
9.09485 0.094841
9.09517 0.095165
9.09517 0.095165
9.09517 0.0951396
9.09549 0.0954846
9.09549 0.0954846
9.09581 0.0958053
9.09613 0.0961236
9.0971 0.0970963
9.09754 0.0975402
9.09786 0.0978597
9.0984 0.0983969
9.09872 0.0987164
9.09997 0.0999691
9.10073 0.100724
9.10111 0.101106
9.1027 0.102701
9.10545 0.105446
9.10577 0.105766
9.10711 0.107095
9.10951 0.0494828
9.10951 0.0494828
9.10951 0.0494828
9.10983 0.0497978
9.10983 0.0494783
9.10983 0.0494783
9.11015 0.110121
9.1169 0.116903
9.11726 0.117254
9.12006 0.120062
9.12949 0.0494765
9.12949 0.0494765
9.12949 0.0494765
9.12981 0.0497916
9.12981 0.0494721
9.12981 0.0494721
9.13358 0.133552
9.14118 0.141175
9.1429 0.142894
9.14527 0.145266
9.14587 0.145866
9.14924 0.149234
9.14968 0.0496784
9.14981 0.0494873
9.14981 0.0494873
9.14981 0.0494873
9.15012 0.0498023
9.15012 0.0494828
9.15012 0.0494828
9.15302 0.153022
9.15443 0.15443
9.15911 0.159104
9.16129 0.16129
9.16164 0.161641
9.16196 0.16196
9.16272 0.062716
9.16385 0.163843
9.16728 0.0672741
9.16809 0.0680913
9.1695 0.0494696
9.1695 0.0494696
9.1695 0.0494696
9.16984 0.0498157
9.16984 0.0494962
9.16984 0.0494962
9.17554 0.175541
9.17586 0.075861
9.17687 0.0768648
9.17728 0.0772776
9.1776 0.0775972
9.17929 0.0792852
9.17961 0.0796047
9.18011 0.0801109
9.18199 0.0819856
9.18231 0.0823051
9.18263 0.0826246
9.18388 0.0838772
9.18432 0.0843211
9.18464 0.0846406
9.18499 0.0849913
9.18562 0.0856218
9.18594 0.0859413
9.18692 0.0868872
9.18723 0.0872335
9.18762 0.0875912
9.18822 0.0882046
9.18854 0.0885342
9.18854 0.0885342
9.18885 0.0888537
9.18885 0.0888537
9.18917 0.0891732
9.18917 0.0891732
9.18949 0.0894771
9.18962 0.0496101
9.18962 0.0496101
9.18962 0.0496101
9.18997 0.0899717
9.18997 0.0899522
9.19029 0.0902912
9.19042 0.0504086
9.19042 0.0500891
9.19042 0.0500891
9.19074 0.0907391
9.19106 0.0910586
9.19138 0.0913513
9.19201 0.0919817
9.1928 0.0927707
9.19389 0.0938918
9.19434 0.0943316
9.19466 0.0946553
9.19466 0.0946553
9.19466 0.0946283
9.19498 0.0949748
9.19498 0.0949748
9.19498 0.0949494
9.1953 0.0952943
9.1953 0.0952943
9.19574 0.0957169
9.19606 0.0960577
9.19709 0.0970926
9.19757 0.0975676
9.19789 0.0978871
9.19852 0.0985177
9.19884 0.0988372
9.1999 0.0999032
9.20072 0.10072
9.2011 0.101102
9.2027 0.102697
9.20547 0.105474
9.20579 0.105793
9.20714 0.107132
9.20951 0.0494791
9.20951 0.0494791
9.20951 0.0494791
9.20982 0.0497941
9.20982 0.0494746
9.20982 0.0494746
9.21014 0.110126
9.21681 0.116806
9.21728 0.117281
9.22015 0.120151
9.22949 0.0494729
9.22949 0.0494729
9.22949 0.0494729
9.2298 0.0497879
9.2298 0.0494684
9.2298 0.0494684
9.23364 0.13361
9.24114 0.14114
9.24298 0.142984
9.24523 0.145232
9.24589 0.145893
9.24923 0.14923
9.24967 0.0496747
9.2498 0.0494836
9.2498 0.0494836
9.2498 0.0494836
9.25012 0.0497986
9.25012 0.0494791
9.25012 0.0494791
9.25296 0.152956
9.25446 0.154458
9.25913 0.159132
9.26138 0.16138
9.2617 0.161699
9.26202 0.162019
9.26262 0.062619
9.26387 0.163871
9.26727 0.0672704
9.26809 0.0680876
9.26952 0.0494971
9.26952 0.0494971
9.26952 0.0494971
9.26984 0.0498121
9.26984 0.0494926
9.26984 0.0494926
9.27541 0.175413
9.27573 0.075733
9.27686 0.0768612
9.27727 0.077274
9.27759 0.0775935
9.27928 0.0792816
9.2796 0.0796011
9.28011 0.0801072
9.28208 0.0820752
9.28239 0.0823948
9.28271 0.0827143
9.28387 0.0838736
9.28435 0.0843486
9.28467 0.0846681
9.28502 0.0850187
9.28562 0.0856182
9.28594 0.0859377
9.28691 0.0868922
9.28723 0.0872299
9.28761 0.0875962
9.28821 0.0881958
9.28853 0.0885305
9.28853 0.0885305
9.28885 0.08885
9.28885 0.0888431
9.28885 0.08885
9.28917 0.0891695
9.28917 0.0891695
9.28948 0.0494736
9.28948 0.0494736
9.28948 0.0494736
9.28996 0.0899596
9.29028 0.0902576
9.29028 0.0902791
9.2906 0.0905986
9.29092 0.0909181
9.29105 0.0510355
9.29105 0.050716
9.29105 0.050716
9.29137 0.0913479
9.29203 0.0920093
9.29278 0.0927672
9.29344 0.0934443
9.29432 0.0943004
9.29464 0.0946432
9.29464 0.0946432
9.29464 0.0946432
9.29496 0.0949443
9.29496 0.0949373
9.29496 0.0949627
9.29528 0.0952822
9.29528 0.0952822
9.29573 0.0957135
9.29605 0.0960456
9.29708 0.0970805
9.29752 0.0975244
9.29784 0.0978439
9.29844 0.0984434
9.29876 0.0987629
9.30005 0.100047
9.30077 0.10077
9.30134 0.101339
9.30268 0.102685
9.30552 0.105524
9.30584 0.105843
9.30725 0.107221
9.30953 0.0494981
9.30953 0.0494981
9.30953 0.0494981
9.30984 0.0498131
9.30984 0.0494936
9.30984 0.0494936
9.31016 0.110153
9.31679 0.116794
9.31727 0.117269
9.32014 0.120139
9.32951 0.0494919
9.32951 0.0494919
9.32951 0.0494919
9.32982 0.0498069
9.32982 0.0494874
9.32982 0.0494874
9.33362 0.133598
9.34116 0.141159
9.34294 0.142941
9.34522 0.14522
9.34588 0.145881
9.34925 0.149249
9.34969 0.0496626
9.34982 0.0494715
9.34982 0.0494715
9.34982 0.0494715
9.35017 0.0498176
9.35017 0.0494981
9.35017 0.0494981
9.3522 0.152198
9.35445 0.154446
9.35909 0.159089
9.36131 0.161305
9.36163 0.161625
9.36194 0.161944
9.36264 0.0626069
9.36386 0.163859
9.36729 0.0672583
9.36811 0.0680755
9.36951 0.049485
9.36951 0.049485
9.36951 0.049485
9.36982 0.0498
9.36982 0.0494805
9.36982 0.0494805
9.3754 0.175401
9.37572 0.0756898
9.37691 0.0768802
9.37729 0.0772619
9.37761 0.0775814
9.37896 0.0789273
9.37937 0.0793402
9.38016 0.0801262
9.382 0.0819698
9.38232 0.0822893
9.38264 0.0826088
9.38392 0.0838926
9.38437 0.0843365
9.38469 0.084656
9.3851 0.0850688
9.38567 0.0856372
9.38599 0.0859567
9.3869 0.0868887
9.38722 0.0871867
9.3876 0.0875927
9.3882 0.0881785
9.38852 0.0884873
9.38852 0.0884873
9.38884 0.0888068
9.38884 0.088817
9.38916 0.0891263
9.38916 0.0891263
9.38916 0.0891263
9.3895 0.0494926
9.3895 0.0494926
9.3895 0.0494926
9.39001 0.0899786
9.39033 0.0902995
9.39033 0.0902981
9.39033 0.0902981
9.39046 0.0504466
9.39046 0.0501271
9.39046 0.0501271
9.39078 0.090746
9.39125 0.0912426
9.39157 0.0915605
9.39192 0.0919125
9.39289 0.0928882
9.39324 0.0932144
9.39356 0.0935339
9.39356 0.0935339
9.39388 0.0938534
9.3942 0.0941944
9.39452 0.0944982
9.39452 0.0944925
9.39484 0.094812
9.39484 0.094812
9.39572 0.0957185
9.39604 0.0960109
9.39708 0.0970458
9.39761 0.097583
9.39793 0.0979025
9.39844 0.0984086
9.39891 0.0988837
9.39998 0.0999497
9.4007 0.100674
9.40124 0.101211
9.40268 0.10265
9.40555 0.10552
9.40587 0.10584
9.40619 0.106169
9.40952 0.0494945
9.40952 0.0494945
9.40952 0.0494945
9.40984 0.0498095
9.40984 0.04949
9.40984 0.04949
9.41016 0.110127
9.41682 0.11679
9.41714 0.11711
9.42013 0.120104
9.4295 0.0494882
9.4295 0.0494882
9.4295 0.0494882
9.42982 0.0498033
9.42982 0.0494838
9.42982 0.0494838
9.43349 0.13347
9.44137 0.141342
9.44297 0.142937
9.44528 0.145247
9.44585 0.145815
9.44915 0.149121
9.44969 0.049659
9.44982 0.0494679
9.44982 0.0494679
9.44982 0.0494679
9.45016 0.049814
9.45016 0.0494945
9.45016 0.0494945
9.45222 0.152194
9.45457 0.154535
9.45908 0.159054
9.46133 0.161302
9.46171 0.161683
9.46203 0.162003
9.46266 0.0626344
9.46392 0.163886
9.46725 0.0672236
9.4681 0.0680718
9.46951 0.0494813
9.46951 0.0494813
9.46951 0.0494813
9.46982 0.0497963
9.46982 0.0494768
9.46982 0.0494768
9.4754 0.175366
9.47572 0.0756861
9.47691 0.0768765
9.47729 0.0772582
9.47761 0.0775777
9.47895 0.0789237
9.47937 0.0793365
9.48015 0.0801226
9.482 0.0819662
9.48232 0.0822857
9.48263 0.0826052
9.48392 0.0838889
9.48439 0.0843639
9.48471 0.0846835
9.48503 0.085003
9.48566 0.0856335
9.48598 0.085953
9.48699 0.0869559
9.48731 0.0872763
9.48763 0.0875977
9.48822 0.0882008
9.48854 0.0885148
9.48886 0.0888343
9.48886 0.0888616
9.48886 0.0888343
9.48918 0.0891538
9.48918 0.0891538
9.48918 0.0891538
9.4895 0.0494889
9.4895 0.0494889
9.4895 0.0494889
9.49 0.089988
9.49 0.0899749
9.49032 0.0902944
9.49064 0.0906139
9.49096 0.0909335
9.49128 0.0912521
9.4916 0.0915819
9.49192 0.0918909
9.49205 0.0520405
9.49205 0.051721
9.49205 0.051721
9.4929 0.0928705
9.49325 0.0932193
9.4936 0.0935699
9.49392 0.0938894
9.49392 0.0938894
9.49424 0.0942078
9.49456 0.0945341
9.49456 0.0945284
9.49488 0.0948479
9.49488 0.0948479
9.49588 0.0958563
9.4962 0.0961712
9.49708 0.0970506
9.49762 0.0975878
9.49794 0.0979073
9.49844 0.0984134
9.49901 0.0989818
9.49995 0.0999234
9.50071 0.100678
9.50125 0.101216
9.50259 0.102562
9.50518 0.105152
9.5055 0.105471
9.50601 0.106004
9.50949 0.0494682
9.50949 0.0494682
9.50949 0.0494682
9.50984 0.0498143
9.50984 0.0494948
9.50984 0.0494948
9.51016 0.110141
9.51682 0.116795
9.51727 0.117239
9.52011 0.120078
9.52951 0.0494931
9.52951 0.0494931
9.52951 0.0494931
9.52982 0.0498081
9.52982 0.0494886
9.52982 0.0494886
9.5335 0.133475
9.54116 0.141129
9.54294 0.142911
9.54531 0.145283
9.54591 0.145882
9.54931 0.149281
9.54969 0.0496638
9.54982 0.0494727
9.54982 0.0494727
9.54982 0.0494727
9.55014 0.0497877
9.55014 0.0494682
9.55014 0.0494682
9.5531 0.15307
9.55448 0.154447
9.55906 0.159028
9.56134 0.161307
9.56166 0.161626
9.56198 0.161946
9.56273 0.0627014
9.56389 0.16386
9.56732 0.0672906
9.56811 0.0680767
9.56951 0.0494862
9.56951 0.0494862
9.56951 0.0494862
9.56982 0.0498012
9.56982 0.0494817
9.56982 0.0494817
9.5754 0.175371
9.57572 0.0756909
9.57691 0.0768813
9.57729 0.0772631
9.57761 0.0775826
9.57896 0.0789285
9.57937 0.0793413
9.58016 0.0801274
9.582 0.081971
9.58232 0.0822905
9.58264 0.08261
9.58392 0.0838937
9.58437 0.0843377
9.58469 0.0846572
9.58501 0.0849767
9.58539 0.0853584
9.58589 0.0858645
9.58693 0.0869072
9.58725 0.0872189
9.58757 0.087549
9.58826 0.0882315
9.58858 0.0885507
9.58858 0.0885507
9.5889 0.0888702
9.5889 0.0888702
9.58922 0.089203
9.58922 0.0891897
9.58922 0.0891897
9.5895 0.0494938
9.5895 0.0494938
9.5895 0.0494938
9.59001 0.0899798
9.59033 0.0902974
9.59033 0.0902993
9.59033 0.0902993
9.59046 0.0504478
9.59046 0.0501283
9.59046 0.0501283
9.59078 0.0907472
9.59128 0.0912611
9.5916 0.0915717
9.59192 0.0918999
9.59289 0.0928755
9.59324 0.0932156
9.59356 0.0935351
9.59388 0.0938546
9.59388 0.0938546
9.5942 0.0941817
9.59452 0.0944993
9.59452 0.0944936
9.59452 0.0944936
9.59484 0.0948131
9.59572 0.0957058
9.59604 0.096012
9.59711 0.097078
9.59755 0.097522
9.59787 0.0978415
9.59847 0.0984409
9.59894 0.0989159
9.60035 0.100324
9.60073 0.100706
9.60137 0.101336
9.60262 0.102589
9.6053 0.105272
9.60562 0.105592
9.60662 0.106609
9.60952 0.0494956
9.60952 0.0494956
9.60952 0.0494956
9.60984 0.0498107
9.60984 0.0494912
9.60984 0.0494912
9.61016 0.110146
9.61682 0.116792
9.61726 0.117235
9.62017 0.120137
9.6295 0.0494894
9.6295 0.0494894
9.6295 0.0494894
9.62982 0.0498044
9.62982 0.0494849
9.62982 0.0494849
9.63349 0.133471
9.64122 0.141188
9.64294 0.142907
9.64525 0.145217
9.64588 0.145848
9.64928 0.149247
9.64969 0.0496602
9.64982 0.049469
9.64982 0.049469
9.64982 0.049469
9.65016 0.0498152
9.65016 0.0494956
9.65016 0.0494956
9.65313 0.153097
9.65447 0.154443
9.65915 0.159117
9.66146 0.161427
9.66178 0.161747
9.6621 0.162066
9.66276 0.0627288
9.66392 0.163887
9.66732 0.067287
9.6681 0.068073
9.6695 0.0494825
9.6695 0.0494825
9.6695 0.0494825
9.66982 0.0497975
9.66982 0.049478
9.66982 0.049478
9.6754 0.175367
9.67572 0.0756873
9.67691 0.0768777
9.67729 0.0772594
9.67761 0.0775789
9.6793 0.079267
9.67961 0.0795865
9.68015 0.0801237
9.682 0.0819674
9.68231 0.0822869
9.68263 0.0826064
9.68392 0.0838901
9.68436 0.084334
9.68468 0.0846535
9.685 0.084973
9.68566 0.0856347
9.68598 0.0859542
9.68692 0.0869122
9.68724 0.0872153
9.68756 0.0875624
9.68819 0.0881916
9.68851 0.0884848
9.68851 0.0884848
9.68883 0.0888044
9.68883 0.0888044
9.68915 0.0891232
9.68915 0.0891239
9.68915 0.0891239
9.6895 0.0494901
9.6895 0.0494901
9.6895 0.0494901
9.69 0.0899866
9.69032 0.0902956
9.69032 0.0902956
9.69032 0.0902956
9.69045 0.0504441
9.69045 0.0501246
9.69045 0.0501246
9.69077 0.0907435
9.69131 0.0912972
9.69163 0.0916198
9.69195 0.091936
9.69289 0.0928805
9.69321 0.0931809
9.69365 0.0936248
9.69397 0.0939443
9.69397 0.0939443
9.69429 0.09428
9.69429 0.0942695
9.69461 0.0945833
9.69461 0.0945833
9.69493 0.0949028
9.69572 0.0957108
9.69604 0.0960084
9.6971 0.0970744
9.69761 0.0975805
9.69793 0.0979
9.69843 0.0984062
9.69885 0.098819
9.70038 0.100352
9.7007 0.100671
9.70124 0.101208
9.70261 0.102585
9.7053 0.105269
9.70562 0.105588
9.70662 0.106591
9.70933 0.109334
9.70949 0.0494694
9.70949 0.0494694
9.70949 0.0494694
9.70984 0.0498155
9.70984 0.049496
9.70984 0.049496
9.71682 0.116788
9.71726 0.117232
9.72013 0.120102
9.7295 0.0494858
9.7295 0.0494858
9.7295 0.0494858
9.72981 0.0498008
9.72981 0.0494813
9.72981 0.0494813
9.73349 0.133468
9.74121 0.141184
9.74293 0.142903
9.7453 0.145276
9.74587 0.145844
9.74927 0.149243
9.74971 0.0496876
9.74984 0.0494965
9.74984 0.0494965
9.74984 0.0494965
9.75016 0.0498115
9.75016 0.049492
9.75016 0.049492
9.753 0.152969
9.75447 0.154439
9.75914 0.159114
9.76136 0.16133
9.76168 0.16165
9.762 0.161969
9.76275 0.0627252
9.76401 0.163977
9.76731 0.0672833
9.7681 0.0680694
9.7695 0.0494789
9.7695 0.0494789
9.7695 0.0494789
9.76982 0.0497939
9.76982 0.0494744
9.76982 0.0494744
9.77539 0.175363
9.77571 0.0756836
9.77659 0.076563
9.77728 0.0772558
9.7776 0.0775753
9.77929 0.0792634
9.77961 0.0795829
9.78015 0.0801201
9.78199 0.0819637
9.78231 0.0822832
9.78263 0.0826027
9.78391 0.0838865
9.78451 0.0844859
9.78483 0.0848054
9.78483 0.0848054
9.78565 0.0856226
9.78597 0.0859421
9.787 0.087002
9.78732 0.0872965
9.78732 0.0873101
9.7882 0.0881969
9.78852 0.0884954
9.78852 0.0884954
9.78884 0.0888149
9.78884 0.0888149
9.78916 0.0891344
9.78916 0.0891508
9.78916 0.0891344
9.78948 0.0494695
9.78948 0.0494695
9.78948 0.0494695
9.78995 0.0899244
9.79027 0.0902554
9.79027 0.0902439
9.79059 0.0905634
9.79091 0.0908829
9.79123 0.0912275
9.79155 0.0915309
9.79168 0.0516705
9.79168 0.051351
9.79168 0.051351
9.792 0.0919947
9.79288 0.092846
9.7932 0.0931687
9.79361 0.0935816
9.79393 0.0939011
9.79393 0.0939011
9.79425 0.0942455
9.79425 0.0942206
9.79457 0.0945458
9.79489 0.0948596
9.79489 0.0948596
9.79574 0.0957073
9.79605 0.0960274
9.79712 0.0970934
9.79744 0.0974129
9.79776 0.0977324
9.79842 0.098394
9.79874 0.0987135
9.79996 0.0999351
9.80072 0.10069
9.80125 0.101227
9.8026 0.102573
9.80519 0.105163
9.80554 0.105514
9.80717 0.107156
9.80935 0.109339
9.80951 0.0494884
9.80951 0.0494884
9.80951 0.0494884
9.80983 0.0498034
9.80983 0.0494839
9.80983 0.0494839
9.81687 0.116838
9.81728 0.117251
9.82015 0.120121
9.82948 0.0494737
9.82948 0.0494737
9.82948 0.0494737
9.8298 0.0497887
9.8298 0.0494692
9.8298 0.0494692
9.83348 0.133456
9.84123 0.141203
9.84292 0.142891
9.84526 0.145233
9.84589 0.145863
9.84926 0.149231
9.8497 0.0496755
9.84983 0.0494844
9.84983 0.0494844
9.84983 0.0494844
9.85015 0.0497994
9.85015 0.0494799
9.85015 0.0494799
9.85305 0.153019
9.85449 0.154458
9.85913 0.159101
9.86135 0.161318
9.86167 0.161638
9.86198 0.161957
9.86274 0.0627131
9.8639 0.163872
9.8673 0.0672712
9.86811 0.0680884
9.86952 0.0494979
9.86952 0.0494979
9.86952 0.0494979
9.86983 0.0498129
9.86983 0.0494934
9.86983 0.0494934
9.87557 0.175538
9.87588 0.0758582
9.87661 0.076582
9.8773 0.0772748
9.87762 0.0775943
9.87931 0.0792824
9.87963 0.0796019
9.88013 0.080108
9.88201 0.0819827
9.88233 0.0823022
9.88265 0.0826217
9.8839 0.0838743
9.88434 0.0843183
9.88466 0.0846378
9.88498 0.0849573
9.88565 0.0856189
9.88596 0.0859384
9.88694 0.0869137
9.88726 0.0872306
9.88758 0.0875498
9.88821 0.0881966
9.88853 0.0885002
9.88853 0.0885002
9.88885 0.0888197
9.88885 0.0888197
9.88917 0.0891392
9.88917 0.0891416
9.88917 0.0891392
9.88948 0.0494744
9.88948 0.0494744
9.88948 0.0494744
9.88996 0.0899293
9.89028 0.0902454
9.89028 0.0902488
9.89059 0.0905683
9.89091 0.0908878
9.89104 0.0510363
9.89104 0.0507168
9.89104 0.0507168
9.89136 0.0913383
9.89136 0.0913341
9.89193 0.0919064
9.8929 0.0928821
9.89322 0.0931962
9.89354 0.0935157
9.89386 0.0938352
9.89386 0.0938352
9.89418 0.0941571
9.8945 0.0944799
9.8945 0.0944742
9.89482 0.0947937
9.89514 0.0951132
9.89574 0.0957208
9.89606 0.0960322
9.89712 0.0970982
9.89744 0.0974177
9.89776 0.0977372
9.89846 0.09843
9.89893 0.098905
9.90031 0.100282
9.90069 0.100664
9.90138 0.101357
9.9026 0.102578
9.90532 0.105293
9.90564 0.105612
9.90717 0.107169
9.90957 0.109548
9.9097 0.0496798
9.9097 0.0496798
9.9097 0.0496798
9.90983 0.0498082
9.90983 0.0494887
9.90983 0.0494887
9.9169 0.116874
9.91728 0.117256
9.92015 0.120126
9.92949 0.0494785
9.92949 0.0494785
9.92949 0.0494785
9.9298 0.0497935
9.9298 0.049474
9.9298 0.049474
9.93348 0.13346
9.94114 0.141115
9.94292 0.142896
9.94529 0.145268
9.94589 0.145868
9.94926 0.149236
9.94971 0.0496803
9.94983 0.0494892
9.94983 0.0494892
9.94983 0.0494892
9.95015 0.0498042
9.95015 0.0494847
9.95015 0.0494847
9.95299 0.152962
9.95312 0.0497375
9.95449 0.154467
9.95667 0.0494927
9.95914 0.159114
9.96133 0.1613
9.96165 0.161619
9.96197 0.161939
9.96275 0.0627259
9.96288 0.0496238
9.96388 0.163857
9.96644 0.0494723
9.96732 0.0672919
9.9681 0.068078
9.96951 0.0494847
9.96951 0.0494847
9.96951 0.0494847
9.96982 0.0497997
9.96982 0.0494802
9.96982 0.0494802
9.97088 0.0494757
9.97556 0.175531
9.97588 0.0758517
9.9766 0.0765756
9.97729 0.0772684
9.97761 0.0775879
9.9793 0.0792759
9.97962 0.0795954
9.98013 0.0801016
9.982 0.0819763
9.98232 0.0822958
9.98264 0.0826153
9.98283 0.0494711
9.9839 0.0838719
9.98434 0.0843158
9.98466 0.0846353
9.98498 0.0849548
9.98564 0.0856165
9.98596 0.085936
9.98697 0.086951
9.98728 0.0872593
9.9876 0.0875956
9.9876 0.0496943
9.9882 0.088189
9.98852 0.0884978
9.98852 0.0884978
9.98884 0.0888173
9.98884 0.0888173
9.98916 0.0891368
9.98916 0.0891563
9.98916 0.0891368
9.98948 0.0494749
9.98948 0.0494749
9.98948 0.0494749
9.98998 0.0899579
9.98998 0.0899668
9.9903 0.0902774
9.99062 0.0905969
9.99094 0.0909164
9.99107 0.0510679
9.99107 0.0507484
9.99107 0.0507484
9.99139 0.0913756
9.99139 0.0913834
9.99199 0.0919748
9.99287 0.0928572
9.99319 0.0931627
9.99366 0.0936377
9.99398 0.0939572
9.99398 0.0939572
9.9943 0.0942878
9.9943 0.0942767
9.99462 0.0946019
9.99494 0.0949157
9.99526 0.0952352
9.99526 0.0497671
9.99574 0.095727
9.99606 0.0960298
9.99712 0.0970958
9.99744 0.0974153
9.99776 0.0977348
9.99852 0.0984897
9.99883 0.0988092
9.99996 0.0999375

