% time_sec delay_sec
0.115557 0.0155262
0.11908 0.0190495
0.119399 0.019369
0.120497 0.0204661
0.121034 0.0210033
0.122784 0.0227536
0.128422 0.0283919
0.129706 0.0296756
0.131332 0.0313015
0.131651 0.031621
0.131971 0.0319405
0.134343 0.0343129
0.134818 0.0347879
0.13576 0.0357295
0.138257 0.0382263
0.142215 0.042185
0.145365 0.0453349
0.147365 0.0473341
0.150701 0.0506706
0.151425 0.0513945
0.152211 0.0521806
0.159809 0.0597784
0.162026 0.0619953
0.164834 0.0648031
0.165153 0.0651226
0.167152 0.0671217
0.170395 0.070365
0.175598 0.0755678
0.177038 0.0770071
0.180467 0.080437
0.188998 0.088968
0.1919 0.0918691
0.19788 0.0978495
0.1982 0.098169
0.1982 0.098169
0.1982 0.098169
0.198675 0.0986441
0.199243 0.0992124
0.200651 0.100621
0.202588 0.102557
0.203218 0.103188
0.203538 0.103508
0.203538 0.103508
0.203857 0.103827
0.205701 0.105671
0.206892 0.106861
0.207211 0.107181
0.208681 0.108651
0.209001 0.10897
0.211933 0.111903
0.212439 0.112409
0.212759 0.112728
0.213078 0.113048
0.213491 0.113461
0.213904 0.113873
0.214223 0.114193
0.214698 0.114668
0.215516 0.0155084
0.215928 0.115898
0.21715 0.11712
0.217905 0.117874
0.218598 0.118567
0.219042 0.0190344
0.219361 0.119331
0.219361 0.0193539
0.219361 0.119331
0.220085 0.120055
0.220467 0.0204595
0.220786 0.120756
0.221106 0.0210985
0.222763 0.0227555
0.225104 0.125073
0.227476 0.127446
0.228387 0.0283796
0.229142 0.129111
0.229679 0.0296718
0.230963 0.130932
0.231313 0.0313062
0.231633 0.131602
0.231633 0.0316257
0.231952 0.0319452
0.232894 0.132863
0.234427 0.0344193
0.234746 0.134716
0.235066 0.0350583
0.235727 0.03572
0.238255 0.0382479
0.238917 0.138886
0.240356 0.140325
0.240675 0.140645
0.241524 0.141493
0.241843 0.141813
0.242194 0.0421867
0.244006 0.143976
0.245228 0.145197
0.245547 0.0455402
0.24736 0.0473527
0.247679 0.147649
0.249305 0.149275
0.250651 0.050644
0.251406 0.051399
0.252192 0.0521851
0.25979 0.0597829
0.261914 0.0619064
0.264784 0.0647765
0.265103 0.065096
0.267102 0.0670951
0.270346 0.0703384
0.275548 0.0755412
0.277019 0.0770116
0.280449 0.0804415
0.28898 0.0889724
0.291881 0.0918736
0.29783 0.0978229
0.29815 0.0981424
0.29815 0.0981424
0.29815 0.0981424
0.298656 0.0986486
0.299224 0.0992169
0.300632 0.100625
0.302569 0.102562
0.3032 0.103193
0.303519 0.103512
0.303839 0.103832
0.303839 0.103832
0.305682 0.105675
0.306873 0.106866
0.307192 0.107185
0.308663 0.108655
0.308982 0.108975
0.311914 0.111907
0.31242 0.112413
0.312771 0.112764
0.313091 0.113083
0.313503 0.113496
0.313885 0.113878
0.314236 0.114229
0.31468 0.114672
0.315528 0.0155129
0.316034 0.116027
0.3171 0.117093
0.317886 0.117879
0.318517 0.118509
0.319054 0.0190389
0.319373 0.119366
0.319373 0.0193584
0.319373 0.119366
0.320066 0.120059
0.320479 0.020464
0.320798 0.120791
0.321118 0.021103
0.322775 0.02276
0.325116 0.125109
0.327458 0.12745
0.328399 0.0283841
0.329278 0.129271
0.329691 0.0296763
0.330944 0.130937
0.331326 0.0313106
0.331645 0.131638
0.331645 0.0316301
0.331965 0.0319496
0.332844 0.132837
0.334408 0.0343927
0.334727 0.13472
0.335047 0.0350317
0.335739 0.0357245
0.338236 0.0382212
0.33896 0.138953
0.340337 0.14033
0.340657 0.140649
0.341412 0.141404
0.341731 0.141724
0.342206 0.0421912
0.344112 0.144105
0.345209 0.145202
0.345529 0.0455136
0.347372 0.0473572
0.347692 0.147685
0.349286 0.149279
0.350664 0.0506485
0.351418 0.0514035
0.352267 0.0522517
0.359802 0.0597874
0.362019 0.0620042
0.364765 0.0647498
0.365084 0.0650694
0.367177 0.0671618
0.370358 0.0703429
0.375561 0.0755457
0.377031 0.0770161
0.38043 0.0804149
0.388992 0.0889769
0.391893 0.0918781
0.397842 0.0978274
0.398162 0.0981469
0.398162 0.0981469
0.398162 0.0981469
0.398637 0.0986219
0.399236 0.0992214
0.400645 0.10063
0.402581 0.102566
0.403243 0.103228
0.403563 0.103548
0.403563 0.103548
0.403882 0.103867
0.405695 0.10568
0.406854 0.106839
0.407173 0.107158
0.408675 0.10866
0.408994 0.108979
0.411927 0.111912
0.412433 0.112418
0.412752 0.112737
0.413072 0.113057
0.413485 0.11347
0.413929 0.113914
0.414248 0.114233
0.414692 0.114677
0.41554 0.0155174
0.415922 0.115907
0.417112 0.117097
0.417898 0.117883
0.418591 0.118576
0.419066 0.0190434
0.419386 0.119371
0.419386 0.0193629
0.419386 0.119371
0.420078 0.120063
0.420491 0.0204685
0.420811 0.120796
0.42113 0.0211075
0.422787 0.0227644
0.425066 0.125051
0.42747 0.127455
0.428411 0.0283886
0.429135 0.12912
0.429704 0.0296808
0.430956 0.130941
0.431338 0.0313151
0.431657 0.131642
0.431657 0.0316346
0.431977 0.0319541
0.432856 0.132841
0.43442 0.0343972
0.43474 0.134725
0.435059 0.0350362
0.435752 0.0357289
0.438249 0.0382257
0.43891 0.138895
0.440349 0.140334
0.440669 0.140654
0.441455 0.14144
0.441775 0.14176
0.442187 0.0421645
0.444 0.143985
0.445346 0.145331
0.445665 0.0456425
0.447353 0.0473306
0.447673 0.147658
0.449299 0.149284
0.450676 0.050653
0.451431 0.0514079
0.452248 0.0522251
0.459815 0.0597919
0.461938 0.0619154
0.464808 0.0647854
0.465128 0.0651049
0.467127 0.0671041
0.47037 0.0703473
0.475573 0.0755502
0.477043 0.0770205
0.480442 0.0804193
0.488973 0.0889503
0.491905 0.0918825
0.497855 0.0978319
0.498174 0.0981514
0.498174 0.0981514
0.498174 0.0981514
0.498649 0.0986264
0.499249 0.0992258
0.500657 0.100634
0.502656 0.102633
0.503193 0.10317
0.503513 0.10349
0.503513 0.10349
0.503832 0.103809
0.505707 0.105684
0.506866 0.106843
0.507186 0.107163
0.508687 0.108664
0.509007 0.108984
0.511908 0.111885
0.512445 0.112422
0.512796 0.112773
0.513115 0.113092
0.513528 0.113505
0.514034 0.114011
0.514354 0.114331
0.514704 0.114681
0.515553 0.0155219
0.515934 0.115911
0.517125 0.117102
0.51788 0.117857
0.51851 0.118487
0.519079 0.0190479
0.519398 0.119375
0.519398 0.0193674
0.519398 0.119375
0.52006 0.120037
0.520472 0.0204418
0.520792 0.120769
0.521112 0.0210808
0.5228 0.0227689
0.525079 0.125056
0.527451 0.127428
0.528424 0.028393
0.529148 0.129125
0.529716 0.0296852
0.530969 0.130946
0.531319 0.131296
0.531319 0.0312885
0.531639 0.031608
0.531958 0.0319275
0.532869 0.132846
0.534339 0.0343083
0.534659 0.134636
0.534978 0.0349473
0.535764 0.0357334
0.538261 0.0382302
0.538923 0.1389
0.540362 0.140339
0.540681 0.140658
0.541498 0.141476
0.541818 0.141795
0.5422 0.042169
0.544012 0.143989
0.545234 0.145211
0.545553 0.0455225
0.547366 0.047335
0.547685 0.147662
0.549311 0.149288
0.550688 0.0506575
0.551443 0.0514124
0.55226 0.0522296
0.559827 0.0597963
0.561951 0.0619199
0.564789 0.0647588
0.565109 0.0650783
0.567139 0.0671085
0.570382 0.0703518
0.575585 0.0755547
0.577056 0.077025
0.580454 0.0804238
0.588985 0.0889548
0.591887 0.0918559
0.597867 0.0978363
0.598187 0.0981559
0.598187 0.0981559
0.598187 0.0981559
0.598662 0.0986309
0.599261 0.0992303
0.600638 0.100607
0.602668 0.102638
0.603205 0.103175
0.603525 0.103494
0.603525 0.103494
0.603845 0.103814
0.605719 0.105689
0.606879 0.106848
0.607198 0.107167
0.608699 0.108669
0.609019 0.108988
0.61192 0.111889
0.612457 0.112427
0.612777 0.112746
0.613096 0.113066
0.613509 0.113479
0.613922 0.113891
0.614242 0.114211
0.614717 0.114686
0.615534 0.0155263
0.615947 0.115916
0.617137 0.117106
0.617892 0.117861
0.618522 0.118492
0.61906 0.0190523
0.619379 0.119349
0.619379 0.0193718
0.619379 0.119349
0.620072 0.120041
0.620454 0.0204463
0.620773 0.120743
0.621093 0.0210853
0.622781 0.0227734
0.625091 0.12506
0.627463 0.127433
0.628405 0.0283975
0.62916 0.129129
0.629697 0.0296897
0.63095 0.130919
0.6313 0.031293
0.63162 0.131589
0.63162 0.0316125
0.631939 0.031932
0.632881 0.13285
0.634351 0.0343439
0.634671 0.13464
0.63499 0.0349829
0.635714 0.0357068
0.638242 0.0382347
0.638935 0.138904
0.640343 0.140312
0.640662 0.140632
0.641511 0.14148
0.64183 0.1418
0.642181 0.0421735
0.643993 0.143963
0.645246 0.145215
0.645566 0.0455581
0.647347 0.0473395
0.647666 0.147636
0.649323 0.149293
0.650669 0.0506619
0.651393 0.0513858
0.652179 0.0521719
0.659808 0.0598008
0.661932 0.0619243
0.664771 0.0647633
0.66509 0.0650828
0.66712 0.067113
0.670364 0.0703563
0.675567 0.0755591
0.677006 0.0769984
0.680436 0.0804283
0.688967 0.0889593
0.691868 0.0918604
0.697848 0.0978408
0.698168 0.0981603
0.698168 0.0981603
0.698168 0.0981603
0.698643 0.0986354
0.699211 0.0992037
0.700619 0.100612
0.702556 0.102549
0.703218 0.10321
0.703537 0.10353
0.703537 0.10353
0.703857 0.103849
0.705669 0.105662
0.70686 0.106852
0.707179 0.107172
0.708681 0.108673
0.709 0.108993
0.711901 0.111894
0.712439 0.112431
0.71282 0.112813
0.71314 0.113132
0.713459 0.113452
0.713903 0.113896
0.714254 0.114246
0.714729 0.114721
0.715515 0.0154997
0.716021 0.116014
0.717118 0.117111
0.717873 0.117866
0.718504 0.118496
0.719041 0.0190257
0.71936 0.119353
0.71936 0.0193452
0.71936 0.119353
0.720084 0.120077
0.720466 0.0204508
0.720786 0.120778
0.721105 0.0210898
0.722793 0.0227779
0.725072 0.125065
0.727476 0.127468
0.728386 0.0283709
0.72911 0.129103
0.729709 0.0296942
0.730931 0.130924
0.731313 0.0312974
0.731632 0.131625
0.731632 0.0316169
0.731952 0.0319365
0.732924 0.132917
0.734488 0.0344728
0.734808 0.1348
0.735127 0.0351118
0.735726 0.0357113
0.738254 0.0382392
0.738947 0.13894
0.740324 0.140317
0.740644 0.140636
0.741492 0.141485
0.741492 0.141485
0.742185 0.0421695
0.744091 0.144083
0.745219 0.145211
0.745538 0.045523
0.747351 0.0473355
0.74767 0.147663
0.749296 0.149289
0.750673 0.0506579
0.751428 0.0514129
0.752245 0.0522301
0.759812 0.0597968
0.761936 0.0619204
0.764868 0.0648526
0.765187 0.0651721
0.767124 0.067109
0.770368 0.0703523
0.77557 0.0755551
0.777041 0.0770255
0.78044 0.0804243
0.78897 0.0889553
0.791872 0.0918564
0.797852 0.0978368
0.798172 0.0981563
0.798172 0.0981563
0.798172 0.0981563
0.798647 0.0986314
0.799246 0.0992308
0.800623 0.100608
0.802591 0.102576
0.803222 0.103206
0.803541 0.103526
0.803541 0.103526
0.803861 0.103845
0.805704 0.105689
0.806864 0.106848
0.807183 0.107168
0.808685 0.108669
0.809004 0.108989
0.811905 0.11189
0.812442 0.112427
0.812793 0.112778
0.813113 0.113097
0.813525 0.11351
0.813907 0.113892
0.814258 0.114242
0.814702 0.114686
0.81555 0.0155268
0.815932 0.115916
0.817122 0.117107
0.817877 0.117862
0.818508 0.118492
0.819076 0.0190528
0.819395 0.11938
0.819395 0.0193723
0.819395 0.11938
0.820057 0.120042
0.82047 0.0204468
0.820789 0.120774
0.821109 0.0210858
0.822797 0.0227739
0.825138 0.125123
0.827448 0.127433
0.828421 0.028398
0.829207 0.129192
0.829713 0.0296902
0.830935 0.13092
0.831316 0.0312935
0.831636 0.131621
0.831636 0.031613
0.831956 0.0319325
0.832928 0.132913
0.834336 0.0343133
0.834656 0.134641
0.834975 0.0349523
0.83573 0.0357073
0.838258 0.0382352
0.83892 0.138905
0.840328 0.140313
0.840648 0.140632
0.841434 0.141418
0.841753 0.141738
0.842197 0.042174
0.844103 0.144088
0.845231 0.145216
0.845551 0.0455275
0.847363 0.04734
0.847683 0.147667
0.849308 0.149293
0.850685 0.0506624
0.851409 0.0513863
0.852289 0.0522657
0.859824 0.0598013
0.862041 0.0620181
0.86488 0.0648571
0.8652 0.0651766
0.867199 0.0671757
0.87038 0.0703568
0.875583 0.0755596
0.877022 0.0769989
0.880452 0.0804288
0.888983 0.0889597
0.891884 0.0918609
0.897864 0.0978413
0.898184 0.0981608
0.898184 0.0981608
0.898184 0.0981608
0.898659 0.0986358
0.899227 0.0992042
0.900635 0.100612
0.902666 0.102643
0.903203 0.10318
0.903522 0.103499
0.903522 0.103499
0.903842 0.103819
0.905685 0.105662
0.906876 0.106853
0.907195 0.107172
0.908697 0.108674
0.909016 0.108993
0.911917 0.111894
0.912455 0.112432
0.912774 0.112751
0.913094 0.113071
0.913507 0.113484
0.913919 0.113896
0.914239 0.114216
0.914714 0.114691
0.915531 0.0155002
0.915944 0.115921
0.917134 0.117111
0.917889 0.117866
0.91852 0.118497
0.919057 0.0190262
0.919377 0.119354
0.919377 0.0193457
0.919377 0.119354
0.920069 0.120046
0.920482 0.0204513
0.920802 0.120779
0.921121 0.0210903
0.922809 0.0227784
0.925151 0.125127
0.927461 0.127438
0.928402 0.0283714
0.929188 0.129165
0.929726 0.0296947
0.930947 0.130924
0.931298 0.131275
0.931617 0.0315863
0.931617 0.0315863
0.931937 0.0319058
0.932847 0.132824
0.934349 0.0343178
0.934668 0.134645
0.934988 0.0349568
0.935743 0.0357118
0.938271 0.0382396
0.938932 0.138909
0.94034 0.140317
0.94066 0.140637
0.941384 0.141361
0.941703 0.14168
0.942209 0.0421784
0.944084 0.144061
0.945337 0.145314
0.945656 0.0456253
0.947375 0.0473445
0.947695 0.147672
0.949321 0.149298
0.950698 0.0506669
0.951422 0.0513908
0.952301 0.0522701
0.959806 0.0597747
0.962053 0.0620226
0.964799 0.0647682
0.965119 0.0650878
0.967149 0.067118
0.970392 0.0703613
0.975595 0.0755641
0.977034 0.0770033
0.980464 0.0804333
0.988995 0.0889642
0.991896 0.0918654
0.997877 0.0978458
0.998196 0.0981653
0.998196 0.0981653
0.998196 0.0981653
0.998671 0.0986403
0.99924 0.0992087
1.00065 0.100617
1.00265 0.102616
1.00328 0.103246
1.0036 0.103566
1.0036 0.103566
1.00392 0.103885
1.0057 0.105669
1.00689 0.106859
1.00721 0.107179
1.00868 0.108649
1.009 0.108968
1.01193 0.111901
1.01247 0.112438
1.01279 0.112757
1.01311 0.113077
1.01349 0.113459
1.014 0.113965
1.01432 0.114284
1.01473 0.114697
1.01551 0.0155065
1.01593 0.115896
1.01715 0.117118
1.0179 0.117872
1.0186 0.118565
1.01904 0.0190324
1.01936 0.119329
1.01936 0.0193519
1.01936 0.119329
1.02008 0.120053
1.02047 0.0204575
1.02078 0.120754
1.0211 0.0210965
1.02279 0.0227846
1.0251 0.125071
1.02747 0.127444
1.02842 0.0284087
1.02914 0.129109
1.02968 0.0296698
1.03096 0.13093
1.03131 0.0313042
1.03131 0.131281
1.03163 0.0316237
1.03195 0.0319432
1.03286 0.13283
1.03449 0.0344795
1.03481 0.134776
1.03513 0.0351186
1.03573 0.035718
1.03825 0.0382459
1.03895 0.138915
1.04035 0.140324
1.04067 0.140643
1.04152 0.141491
1.04152 0.141491
1.04221 0.0422073
1.044 0.143965
1.04525 0.0452413
1.04557 0.145538
1.04735 0.0473423
1.04767 0.147638
1.04933 0.149295
1.05058 0.0505714
1.0514 0.0513885
1.05221 0.0522057
1.05552 0.015503
1.05552 0.015503
1.05552 0.015503
1.05584 0.0158225
1.05584 0.015503
1.05584 0.015503
1.0598 0.0597894
1.06195 0.061944
1.06479 0.064783
1.06511 0.0651025
1.06711 0.0671016
1.07035 0.0703449
1.07552 0.0155227
1.07552 0.0155227
1.07552 0.0155227
1.07584 0.0758361
1.07616 0.0161617
1.07616 0.0158422
1.07616 0.0158422
1.07701 0.0770039
1.08044 0.0804338
1.08897 0.0889648
1.09187 0.0918659
1.09552 0.0155028
1.09552 0.0155028
1.09552 0.0155028
1.09584 0.0158223
1.09584 0.0155028
1.09584 0.0155028
1.09784 0.0978322
1.09816 0.0981517
1.09816 0.0981517
1.09816 0.0981517
1.09863 0.0986267
1.09923 0.0992261
1.10064 0.100634
1.10255 0.10254
1.10321 0.103202
1.10353 0.103521
1.10353 0.103521
1.10385 0.103841
1.10572 0.105715
1.10685 0.106844
1.10717 0.107163
1.10867 0.108665
1.10899 0.108984
1.11186 0.111854
1.11243 0.112423
1.11275 0.112742
1.11307 0.113062
1.11351 0.113505
1.11402 0.114012
1.11434 0.114331
1.11469 0.114682
1.11551 0.0155025
1.11563 0.0153113
1.11563 0.0153113
1.11563 0.0153113
1.11602 0.116009
1.11614 0.0158215
1.11614 0.0155019
1.11614 0.0155019
1.11715 0.117141
1.11787 0.117865
1.1186 0.118589
1.11904 0.0190364
1.11936 0.119352
1.11936 0.0193362
1.11936 0.119352
1.12005 0.120045
1.12047 0.0204615
1.12078 0.120777
1.1211 0.0211005
1.12279 0.0227834
1.12507 0.125064
1.12741 0.127405
1.12842 0.028393
1.12911 0.129102
1.12968 0.0296738
1.13093 0.130923
1.13131 0.0312884
1.13163 0.131624
1.13163 0.0316276
1.13195 0.0319274
1.13289 0.132885
1.13433 0.034328
1.13465 0.134644
1.13497 0.0349473
1.13535 0.0153189
1.13535 0.0153189
1.13535 0.0153189
1.13573 0.0357259
1.13586 0.015829
1.13586 0.0155095
1.13586 0.0155095
1.13823 0.0382298
1.13892 0.138916
1.14033 0.140324
1.14065 0.140644
1.14147 0.141461
1.14179 0.14178
1.14223 0.042208
1.14401 0.144006
1.14527 0.0452617
1.14559 0.145578
1.14734 0.0473315
1.14734 0.147328
1.1493 0.149296
1.15059 0.0505833
1.1514 0.0514004
1.15219 0.0521865
1.15534 0.015321
1.15534 0.015321
1.15534 0.015321
1.15565 0.015636
1.15565 0.0153165
1.15565 0.0153165
1.15977 0.0597612
1.16192 0.0619158
1.16479 0.0647859
1.16511 0.0651054
1.16711 0.0671045
1.17035 0.0703478
1.17533 0.0153317
1.17533 0.0153317
1.17533 0.0153317
1.17565 0.0756479
1.17578 0.0157796
1.17578 0.0154601
1.17578 0.0154601
1.177 0.0769978
1.18046 0.0804334
1.18896 0.0889587
1.19186 0.0918598
1.19535 0.015334
1.19535 0.015334
1.19535 0.015334
1.19567 0.015649
1.19567 0.0153295
1.19567 0.0153295
1.19785 0.0978482
1.19817 0.0981677
1.19817 0.0981677
1.19817 0.0981677
1.19865 0.0986427
1.19925 0.0992225
1.20062 0.100619
1.20262 0.102599
1.20325 0.103229
1.20357 0.103549
1.20357 0.103568
1.20389 0.103888
1.2057 0.1057
1.20686 0.10686
1.20718 0.107179
1.20868 0.108681
1.209 0.109
1.21194 0.111907
1.2125 0.112501
1.21282 0.11282
1.21314 0.11314
1.21346 0.113459
1.21394 0.113934
1.21426 0.114234
1.2147 0.114698
1.21552 0.0155158
1.21565 0.0153246
1.21565 0.0153246
1.21565 0.0153246
1.21597 0.115963
1.2161 0.0157725
1.2161 0.015453
1.2161 0.015453
1.21707 0.117064
1.21789 0.117881
1.21855 0.118543
1.21905 0.0190497
1.21937 0.119368
1.21937 0.0193666
1.21937 0.119368
1.22003 0.12003
1.22045 0.0204437
1.22077 0.120762
1.22109 0.0210827
1.22271 0.0226928
1.22508 0.12508
1.22743 0.127421
1.22837 0.0283612
1.22918 0.12918
1.22966 0.029656
1.23091 0.130908
1.23126 0.0312566
1.23158 0.131578
1.23158 0.0315787
1.2319 0.0318956
1.23284 0.132839
1.23438 0.0343724
1.2347 0.134691
1.23501 0.0350088
1.23536 0.0153322
1.23536 0.0153322
1.23536 0.0153322
1.23571 0.0357081
1.23584 0.0158112
1.23584 0.0154917
1.23584 0.0154917
1.23812 0.0380909
1.2389 0.138901
1.2405 0.140496
1.2405 0.140496
1.24147 0.141468
1.24179 0.141788
1.24214 0.0421366
1.24405 0.144044
1.24521 0.0452043
1.24553 0.145523
1.24731 0.0473052
1.24763 0.147624
1.24928 0.149281
1.2506 0.0505966
1.25139 0.0513826
1.25214 0.0521376
1.25535 0.0153343
1.25535 0.0153343
1.25535 0.0153343
1.25566 0.0156493
1.25566 0.0153298
1.25566 0.0153298
1.25975 0.0597434
1.26196 0.0619602
1.26474 0.064737
1.26506 0.0650565
1.26706 0.0670556
1.2703 0.0702989
1.2755 0.0755017
1.27563 0.0156023
1.27563 0.0156023
1.27563 0.0156023
1.27576 0.0157307
1.27576 0.0154112
1.27576 0.0154112
1.27695 0.0769489
1.28041 0.0803845
1.28894 0.0889409
1.29178 0.0917798
1.29533 0.0153162
1.29533 0.0153162
1.29533 0.0153162
1.29565 0.0156312
1.29565 0.0153117
1.29565 0.0153117
1.29774 0.0977371
1.29806 0.0980566
1.29806 0.0980566
1.29806 0.0980566
1.29853 0.0985316
1.29904 0.0990352
1.30048 0.100477
1.30226 0.102256
1.30311 0.103104
1.30343 0.103424
1.30343 0.103426
1.30343 0.103426
1.30565 0.105643
1.30674 0.10674
1.30706 0.10706
1.30856 0.108561
1.30888 0.108881
1.31185 0.111819
1.31232 0.112319
1.3128 0.112794
1.31312 0.113114
1.3135 0.113495
1.31388 0.113877
1.3142 0.114194
1.31452 0.114516
1.31552 0.0155206
1.31565 0.0153295
1.31565 0.0153295
1.31565 0.0153295
1.31597 0.115968
1.3161 0.0157774
1.3161 0.0154578
1.3161 0.0154578
1.31707 0.117069
1.31776 0.117761
1.31846 0.118454
1.31906 0.0190545
1.31938 0.119373
1.31938 0.0193574
1.31938 0.119373
1.31988 0.119879
1.32048 0.0204796
1.3208 0.120798
1.32112 0.0211186
1.32309 0.0230604
1.32506 0.125054
1.32734 0.127333
1.32856 0.0285423
1.32897 0.128967
1.32976 0.0297541
1.33092 0.130913
1.33124 0.131232
1.33155 0.0315524
1.33187 0.0318554
1.33219 0.0321749
1.3327 0.132697
1.33429 0.134292
1.33461 0.0346119
1.33496 0.0349459
1.33534 0.0153144
1.33534 0.0153144
1.33534 0.0153144
1.33579 0.0357836
1.33591 0.0158867
1.33591 0.0155672
1.33591 0.0155672
1.33878 0.0387606
1.3391 0.139101
1.34023 0.140229
1.34055 0.140548
1.34143 0.141428
1.34175 0.141747
1.34247 0.0424554
1.34407 0.144066
1.34526 0.145256
1.34558 0.0455767
1.3473 0.147295
1.34762 0.0476154
1.34931 0.149303
1.35068 0.0506805
1.3515 0.0514977
1.35244 0.0524393
1.35534 0.015325
1.35534 0.015325
1.35534 0.015325
1.35565 0.01564
1.35565 0.0153205
1.35565 0.0153205
1.35992 0.0599207
1.36205 0.0620442
1.36513 0.065132
1.36545 0.0654515
1.3673 0.0672951
1.37051 0.0705072
1.37537 0.0153357
1.37537 0.0153357
1.37537 0.0153357
1.37575 0.0757452
1.37588 0.0158458
1.37588 0.0155263
1.37588 0.0155263
1.37719 0.0771884
1.38075 0.0807173
1.38924 0.0892426
1.39215 0.0921437
1.39535 0.0153379
1.39535 0.0153379
1.39535 0.0153379
1.39567 0.0156529
1.39567 0.0153334
1.39567 0.0153334
1.39813 0.0981321
1.39845 0.0984516
1.39845 0.0984516
1.39877 0.0987711
1.39909 0.0990906
1.39982 0.0997979
1.40113 0.101129
1.40357 0.103547
1.40389 0.103867
1.40421 0.104203
1.40452 0.104506
1.40452 0.104522
1.40612 0.106117
1.40669 0.106686
1.40726 0.107254
1.40894 0.108942
1.40926 0.109261
1.41232 0.112293
1.41264 0.112638
1.41296 0.112957
1.41328 0.113277
1.41328 0.113277
1.41375 0.113752
1.41516 0.115143
1.41548 0.115479
1.4158 0.0157996
1.41593 0.0156085
1.41593 0.0156085
1.41593 0.0156085
1.41625 0.116247
1.41638 0.0160564
1.41638 0.0157369
1.41638 0.0157369
1.41735 0.117348
1.41826 0.118258
1.41883 0.118827
1.41915 0.119146
1.41915 0.0191469
1.41947 0.0194585
1.41979 0.119785
1.42048 0.0204787
1.4208 0.120797
1.42112 0.121117
1.42112 0.0211177
1.42318 0.0231649
1.42502 0.125022
1.4278 0.127799
1.42868 0.0286577
1.42959 0.129588
1.42991 0.0299087
1.43073 0.130725
1.43142 0.0314187
1.43174 0.0317302
1.43174 0.131737
1.43206 0.0320497
1.4335 0.133496
1.43447 0.0344696
1.43488 0.134882
1.4352 0.035194
1.43536 0.0153362
1.43536 0.0153362
1.43536 0.0153362
1.43578 0.0357743
1.4359 0.0158774
1.4359 0.0155579
1.4359 0.0155579
1.43877 0.0387461
1.43925 0.139247
1.44069 0.140686
1.44101 0.141006
1.44133 0.141325
1.44165 0.141645
1.44246 0.0424547
1.44397 0.143963
1.44525 0.145247
1.44557 0.0455674
1.4476 0.0475976
1.44792 0.147916
1.44911 0.149107
1.45067 0.0506712
1.45149 0.0514883
1.45246 0.052461
1.45533 0.0153156
1.45533 0.0153156
1.45533 0.0153156
1.45564 0.0156306
1.45564 0.0153111
1.45564 0.0153111
1.45998 0.0599735
1.46197 0.0619726
1.46506 0.0650604
1.46538 0.0653799
1.46729 0.0672857
1.4705 0.0704979
1.47536 0.0153263
1.47536 0.0153263
1.47536 0.0153263
1.47574 0.0757358
1.47587 0.0158364
1.47587 0.0155169
1.47587 0.0155169
1.47721 0.0772101
1.4808 0.0807702
1.48927 0.0892643
1.49217 0.0921655
1.49534 0.0153286
1.49534 0.0153286
1.49534 0.0153286
1.49566 0.0156436
1.49566 0.0153241
1.49566 0.0153241
1.49812 0.0981227
1.49844 0.0984422
1.49844 0.0984422
1.49876 0.0987618
1.49908 0.0990813
1.49981 0.0997972
1.50112 0.10112
1.50356 0.103547
1.50388 0.103866
1.5042 0.104194
1.5042 0.104194
1.50451 0.104505
1.50602 0.106015
1.50724 0.107236
1.50756 0.107556
1.50893 0.108933
1.50925 0.109252
1.51231 0.112283
1.51282 0.112815
1.5132 0.113197
1.51352 0.113516
1.51396 0.11396
1.51441 0.114404
1.51519 0.115182
1.51551 0.11551
1.51551 0.0155103
1.51564 0.0153192
1.51564 0.0153192
1.51564 0.0153192
1.51595 0.0156342
1.51595 0.0153147
1.51595 0.0153147
1.51627 0.116272
1.51734 0.117338
1.51834 0.118342
1.51885 0.118848
1.51917 0.0191687
1.51917 0.0191694
1.51952 0.119518
1.51984 0.119838
1.5205 0.0205005
1.52082 0.120819
1.52082 0.120819
1.52114 0.0211395
1.52308 0.0230744
1.52567 0.125666
1.52779 0.127789
1.52867 0.0286402
1.52949 0.129486
1.52981 0.0298061
1.5314 0.0314009
1.53172 0.0317211
1.53172 0.13172
1.53172 0.13172
1.53204 0.0320406
1.53326 0.133261
1.53445 0.0344518
1.53487 0.0348653
1.53487 0.134864
1.53537 0.015341
1.53537 0.015341
1.53537 0.015341
1.53578 0.0357791
1.53591 0.0158822
1.53591 0.0155627
1.53591 0.0155627
1.53875 0.0387457
1.53928 0.139283
1.54069 0.140691
1.54101 0.14101
1.54183 0.141828
1.54215 0.142147
1.54247 0.0424682
1.54462 0.144621
1.54544 0.0454393
1.54579 0.145789
1.54757 0.0475713
1.54789 0.14789
1.5498 0.149796
1.55068 0.050676
1.55149 0.0514932
1.55237 0.0523725
1.55533 0.0153204
1.55533 0.0153204
1.55533 0.0153204
1.55565 0.0156354
1.55565 0.0153159
1.55565 0.0153159
1.55995 0.0599472
1.56198 0.0619775
1.56503 0.0650341
1.56535 0.0653536
1.56729 0.0672905
1.5705 0.0705027
1.57536 0.0153311
1.57536 0.0153311
1.57536 0.0153311
1.57574 0.0757406
1.57587 0.0158412
1.57587 0.0155217
1.57587 0.0155217
1.57722 0.077215
1.5808 0.080775
1.5893 0.0893003
1.59214 0.0921392
1.59535 0.0153334
1.59535 0.0153334
1.59535 0.0153334
1.59566 0.0156484
1.59566 0.0153289
1.59566 0.0153289
1.59813 0.0981276
1.59845 0.0984471
1.59845 0.0984471
1.59877 0.0987666
1.59909 0.0990861
1.59978 0.0997795
1.60109 0.101094
1.60356 0.10356
1.60388 0.10388
1.6042 0.104198
1.60452 0.104519
1.60452 0.104518
1.60599 0.105988
1.6073 0.107303
1.60762 0.107623
1.60894 0.108937
1.60926 0.109257
1.61228 0.112257
1.61282 0.11282
1.61317 0.11317
1.61349 0.11349
1.61393 0.113934
1.61441 0.114409
1.61516 0.115164
1.61548 0.115483
1.6158 0.0157725
1.61593 0.0155813
1.61593 0.0155813
1.61593 0.0155813
1.61606 0.0157097
1.61606 0.0153902
1.61606 0.0153902
1.61638 0.116379
1.61735 0.117352
1.61829 0.118293
1.61883 0.118831
1.61915 0.0191198
1.61947 0.0194486
1.61979 0.119789
1.61979 0.119789
1.62051 0.0204826
1.62083 0.120832
1.62083 0.120832
1.62115 0.0211217
1.62309 0.0230687
1.62568 0.125679
1.62777 0.127771
1.62856 0.0285521
1.62956 0.129561
1.62988 0.0298505
1.63145 0.0314141
1.63176 0.031743
1.63176 0.131764
1.63176 0.131764
1.63208 0.0320625
1.63349 0.133492
1.63443 0.0344029
1.63482 0.134815
1.63514 0.0351135
1.63536 0.0153316
1.63536 0.0153316
1.63536 0.0153316
1.6358 0.0357697
1.63593 0.015904
1.63593 0.0155845
1.63593 0.0155845
1.63874 0.0387312
1.63931 0.139305
1.64071 0.140713
1.64103 0.141032
1.64182 0.141818
1.64214 0.142138
1.64258 0.0425608
1.64461 0.144612
1.64543 0.0453988
1.64609 0.146091
1.6475 0.0474686
1.64782 0.147818
1.64979 0.149786
1.6507 0.0506667
1.65155 0.0515149
1.65243 0.0523943
1.65532 0.0153111
1.65532 0.0153111
1.65532 0.0153111
1.65567 0.0156572
1.65567 0.0153377
1.65567 0.0153377
1.65994 0.0599068
1.66203 0.0619992
1.66506 0.0650248
1.66538 0.0653443
1.66737 0.0673434
1.67056 0.0705245
1.67535 0.0153218
1.67535 0.0153218
1.67535 0.0153218
1.67576 0.0757313
1.67589 0.015863
1.67589 0.0155435
1.67589 0.0155435
1.67724 0.0772056
1.6807 0.0806723
1.68929 0.0892598
1.69219 0.0921609
1.69534 0.015324
1.69534 0.015324
1.69534 0.015324
1.69565 0.0156391
1.69565 0.0153195
1.69565 0.0153195
1.69815 0.0981182
1.69847 0.0984377
1.69847 0.0984377
1.69879 0.0987572
1.69911 0.0990767
1.69983 0.0998099
1.70112 0.101084
1.70367 0.103653
1.70399 0.103972
1.70399 0.103963
1.70431 0.104282
1.70463 0.104611
1.70604 0.10601
1.70736 0.107325
1.70768 0.107644
1.70921 0.109177
1.70953 0.109496
1.71224 0.112217
1.71284 0.11281
1.71332 0.113285
1.71364 0.113605
1.71396 0.113924
1.71452 0.114493
1.71519 0.115164
1.7155 0.115474
1.71582 0.0157942
1.71595 0.0156031
1.71595 0.0156031
1.71595 0.0156031
1.71627 0.116241
1.7164 0.016051
1.7164 0.0157315
1.7164 0.0157315
1.71737 0.117342
1.71832 0.118284
1.71888 0.118852
1.7192 0.0191726
1.7192 0.0191906
1.71952 0.119491
1.71984 0.119811
1.72053 0.0205044
1.72085 0.120823
1.72117 0.121143
1.72117 0.0211434
1.72308 0.0230714
1.7257 0.12567
1.72795 0.127918
1.72858 0.0285718
1.72958 0.129552
1.7299 0.0298722
1.73144 0.0314048
1.73175 0.0317423
1.73175 0.131723
1.73175 0.131723
1.73207 0.0320618
1.73354 0.133513
1.73445 0.0344246
1.73487 0.134837
1.73519 0.035175
1.73535 0.0153223
1.73535 0.0153223
1.73535 0.0153223
1.73582 0.0357915
1.73595 0.0159257
1.73595 0.0156062
1.73595 0.0156062
1.73876 0.0387478
1.73936 0.139326
1.74073 0.140703
1.74105 0.141023
1.74184 0.141809
1.74216 0.142128
1.74248 0.0424668
1.74466 0.144634
1.74564 0.0456072
1.74596 0.145926
1.74758 0.0475526
1.7479 0.147871
1.74987 0.149839
1.75069 0.0506573
1.7515 0.0514745
1.75245 0.0524161
1.75534 0.0153328
1.75534 0.0153328
1.75534 0.0153328
1.75566 0.0156479
1.75566 0.0153283
1.75566 0.0153283
1.75996 0.0599285
1.76202 0.0619899
1.76505 0.0650154
1.76537 0.0653349
1.7674 0.0673652
1.77055 0.0705151
1.77534 0.0153124
1.77534 0.0153124
1.77534 0.0153124
1.77578 0.075753
1.77591 0.0158848
1.77591 0.0155652
1.77591 0.0155652
1.77723 0.0771963
1.78072 0.0806941
1.78931 0.0892816
1.79218 0.0921516
1.79533 0.0153147
1.79533 0.0153147
1.79533 0.0153147
1.79567 0.0156608
1.79567 0.0153413
1.79567 0.0153413
1.79814 0.0981089
1.79846 0.0984284
1.79846 0.0984284
1.79878 0.0987479
1.7991 0.0990674
1.79979 0.0997781
1.80111 0.101075
1.80354 0.103528
1.80386 0.103847
1.80418 0.104149
1.80418 0.104149
1.8045 0.104486
1.80612 0.106094
1.80735 0.107315
1.80767 0.107635
1.80898 0.10895
1.8093 0.109269
1.81233 0.112301
1.81292 0.112894
1.81324 0.113214
1.81356 0.113533
1.81398 0.113946
1.81442 0.11439
1.81511 0.115101
1.81543 0.115402
1.81575 0.0157227
1.81588 0.0155315
1.81588 0.0155315
1.81588 0.0155315
1.81601 0.0156599
1.81601 0.0153404
1.81601 0.0153404
1.81633 0.116298
1.81736 0.117333
1.81827 0.118244
1.81887 0.118843
1.81919 0.0191633
1.81919 0.0191899
1.81951 0.119482
1.81983 0.119801
1.82052 0.0204951
1.82084 0.120814
1.82116 0.121133
1.82116 0.0211341
1.8231 0.0230742
1.82581 0.125785
1.82797 0.127939
1.82857 0.0285603
1.82957 0.129543
1.82989 0.0298629
1.83142 0.0313954
1.83174 0.0317416
1.83174 0.131714
1.83174 0.131714
1.83206 0.0320611
1.83329 0.133255
1.83441 0.0343842
1.83492 0.034917
1.83524 0.135209
1.83537 0.0153441
1.83537 0.0153441
1.83537 0.0153441
1.83581 0.0357821
1.83594 0.0159164
1.83594 0.0155969
1.83594 0.0155969
1.83875 0.0387333
1.83935 0.139317
1.84072 0.140694
1.84104 0.141014
1.84186 0.141831
1.84218 0.14215
1.8425 0.0424972
1.84465 0.144624
1.84557 0.0455357
1.84595 0.145917
1.84751 0.047481
1.84783 0.1478
1.84983 0.149799
1.85071 0.0506791
1.85153 0.0514962
1.85244 0.0524067
1.85533 0.0153235
1.85533 0.0153235
1.85533 0.0153235
1.85565 0.0156385
1.85565 0.015319
1.85565 0.015319
1.85995 0.0599192
1.86201 0.0619805
1.86522 0.0651927
1.86554 0.0655122
1.86739 0.0673558
1.87054 0.0705058
1.87536 0.0153342
1.87536 0.0153342
1.87536 0.0153342
1.87577 0.0757437
1.8759 0.0158754
1.8759 0.0155559
1.8759 0.0155559
1.87725 0.077218
1.8808 0.0807781
1.88927 0.0892411
1.89217 0.0921422
1.89535 0.0153364
1.89535 0.0153364
1.89535 0.0153364
1.89566 0.0156515
1.89566 0.015332
1.89566 0.015332
1.89816 0.0981306
1.89848 0.0984501
1.89848 0.0984501
1.8988 0.0987696
1.89912 0.0990891
1.89978 0.0997774
1.90113 0.101097
1.90353 0.103527
1.90385 0.103846
1.90417 0.104139
1.90417 0.104139
1.90449 0.104485
1.90605 0.106022
1.90737 0.107337
1.90769 0.107657
1.90897 0.10894
1.90929 0.10926
1.91231 0.112291
1.91291 0.112885
1.91323 0.113204
1.91355 0.113524
1.91394 0.113906
1.91441 0.114381
1.91517 0.115162
1.91548 0.115455
1.9158 0.0157755
1.91593 0.0155844
1.91593 0.0155844
1.91593 0.0155844
1.91606 0.0157128
1.91606 0.0153933
1.91606 0.0153933
1.91638 0.116351
1.91735 0.117324
1.91833 0.118296
1.91886 0.118834
1.91918 0.0191539
1.9195 0.0194776
1.9195 0.119473
1.91982 0.119792
1.92051 0.0204857
1.92083 0.120804
1.92115 0.121124
1.92115 0.0211247
1.92306 0.0230458
1.92568 0.125651
1.92783 0.127806
1.92859 0.02858
1.92959 0.129564
1.92991 0.0298846
1.93145 0.0314172
1.93177 0.0317409
1.93177 0.131736
1.93177 0.131736
1.93208 0.0320604
1.93343 0.133401
1.93447 0.0344371
1.93491 0.0348851
1.93523 0.1352
1.93536 0.0153347
1.93536 0.0153347
1.93536 0.0153347
1.9358 0.0357728
1.93593 0.015907
1.93593 0.0155875
1.93593 0.0155875
1.93877 0.0387498
1.93934 0.139308
1.94071 0.140685
1.94103 0.141004
1.94185 0.141821
1.94217 0.142141
1.94249 0.0424654
1.94464 0.144615
1.94546 0.045433
1.94594 0.145907
1.94753 0.0475028
1.94785 0.147821
1.94982 0.14979
1.9507 0.0506697
1.95152 0.0514869
1.95246 0.0524285
1.95532 0.0153141
1.95532 0.0153141
1.95532 0.0153141
1.95567 0.0156603
1.95567 0.0153408
1.95567 0.0153408
1.95994 0.0599098
1.962 0.0619712
1.96524 0.0652145
1.96556 0.065534
1.96731 0.0672843
1.97056 0.0705275
1.97535 0.0153249
1.97535 0.0153249
1.97535 0.0153249
1.97576 0.0757343
1.97589 0.0158661
1.97589 0.0155466
1.97589 0.0155466
1.97724 0.0772087
1.9807 0.0806754
1.98932 0.089294
1.99219 0.092164
1.99534 0.0153271
1.99534 0.0153271
1.99534 0.0153271
1.99565 0.0156421
1.99565 0.0153226
1.99565 0.0153226
1.99815 0.0981213
1.99847 0.0984408
1.99847 0.0984408
1.99879 0.0987603
1.99911 0.0990798
1.9998 0.0997767
2.00112 0.101087
2.00355 0.103526
2.00387 0.103846
2.00419 0.104161
2.00419 0.104161
2.00451 0.104487
2.00604 0.106015
2.00736 0.10733
2.00768 0.107649
2.00896 0.108933
2.00928 0.109253
2.01231 0.112284
2.01284 0.112815
2.01319 0.113166
2.01351 0.113485
2.01396 0.113929
2.01443 0.114404
2.01513 0.115101
2.01545 0.115417
2.01576 0.015737
2.01589 0.0155458
2.01589 0.0155458
2.01589 0.0155458
2.01602 0.0156742
2.01602 0.0153547
2.01602 0.0153547
2.01634 0.116312
2.01738 0.117347
2.01832 0.118289
2.01889 0.118857
2.01921 0.0191776
2.01921 0.0191904
2.01952 0.119496
2.01984 0.119816
2.02051 0.0204782
2.02083 0.120797
2.02115 0.121116
2.02115 0.0211173
2.02305 0.0230505
2.0257 0.125675
2.02783 0.127798
2.02858 0.0285705
2.02959 0.129557
2.0299 0.0298772
2.0315 0.0314847
2.03182 0.0317914
2.03182 0.131791
2.03182 0.131791
2.03214 0.0321238
2.03355 0.133518
2.03446 0.0344296
2.03487 0.134842
2.03519 0.0351747
2.03535 0.0153272
2.03535 0.0153272
2.03535 0.0153272
2.03579 0.0357653
2.03592 0.0158996
2.03592 0.01558
2.03592 0.01558
2.03876 0.0387372
2.03933 0.1393
2.04074 0.140708
2.04106 0.141028
2.04184 0.141814
2.04216 0.142133
2.04248 0.0424665
2.04464 0.144608
2.04548 0.0454566
2.04611 0.146086
2.04752 0.0474953
2.04784 0.147814
2.04994 0.149906
2.05069 0.0506622
2.05151 0.0514794
2.05245 0.052421
2.05535 0.0153378
2.05535 0.0153378
2.05535 0.0153378
2.05566 0.0156528
2.05566 0.0153333
2.05566 0.0153333
2.05993 0.0599024
2.06202 0.0619948
2.06533 0.0653003
2.06565 0.0656198
2.0673 0.0672768
2.07052 0.070489
2.07534 0.0153174
2.07534 0.0153174
2.07534 0.0153174
2.07579 0.075758
2.07591 0.0158897
2.07591 0.0155702
2.07591 0.0155702
2.07723 0.0772012
2.08072 0.080699
2.08931 0.0892865
2.09215 0.0921254
2.09533 0.0153196
2.09533 0.0153196
2.09533 0.0153196
2.09564 0.0156346
2.09564 0.0153151
2.09564 0.0153151
2.09823 0.0982071
2.09855 0.0985266
2.09855 0.0985266
2.09887 0.0988461
2.09887 0.0988461
2.09978 0.0997694
2.10113 0.101103
2.10356 0.10355
2.10388 0.103869
2.1042 0.104176
2.1042 0.104176
2.10452 0.104508
2.10606 0.106028
2.10728 0.10725
2.1076 0.107569
2.10919 0.109164
2.10951 0.109484
2.11226 0.112235
2.11283 0.112797
2.11321 0.113179
2.11353 0.113499
2.11394 0.113912
2.11441 0.114387
2.11517 0.115154
2.11549 0.115461
2.11581 0.0157813
2.11594 0.0155902
2.11594 0.0155902
2.11594 0.0155902
2.11607 0.0157186
2.11607 0.0153991
2.11607 0.0153991
2.11638 0.116357
2.11761 0.117578
2.11839 0.118364
2.1189 0.118871
2.11922 0.0191909
2.11922 0.0192123
2.11954 0.11951
2.11986 0.119829
2.12052 0.0204915
2.12084 0.12081
2.12116 0.12113
2.12116 0.0211305
2.12309 0.0230759
2.12568 0.125657
2.12784 0.127811
2.12859 0.0285757
2.12957 0.129539
2.12989 0.0298594
2.13148 0.0314756
2.1318 0.0317736
2.1318 0.131773
2.1318 0.131773
2.13212 0.0321146
2.13337 0.133345
2.1345 0.034474
2.13491 0.0349082
2.13523 0.135205
2.13536 0.0153405
2.13536 0.0153405
2.13536 0.0153405
2.13581 0.0357786
2.13593 0.0159128
2.13593 0.0155933
2.13593 0.0155933
2.13877 0.0387453
2.13922 0.139189
2.14072 0.140691
2.14104 0.14101
2.14182 0.141796
2.14214 0.142116
2.14249 0.0424885
2.14465 0.144621
2.14547 0.0454388
2.14585 0.14582
2.14747 0.0474464
2.14779 0.147765
2.14985 0.149826
2.1507 0.0506755
2.15152 0.0514927
2.15243 0.0524032
2.15533 0.01532
2.15533 0.01532
2.15533 0.01532
2.15564 0.015635
2.15564 0.0153155
2.15564 0.0153155
2.15994 0.0599157
2.162 0.061977
2.16531 0.0652825
2.16563 0.065602
2.16738 0.0673523
2.17053 0.0705023
2.17535 0.0153307
2.17535 0.0153307
2.17535 0.0153307
2.17577 0.0757402
2.1759 0.0158719
2.1759 0.0155524
2.1759 0.0155524
2.17721 0.0771834
2.18083 0.0808056
2.1892 0.0891754
2.19217 0.0921387
2.19534 0.0153329
2.19534 0.0153329
2.19534 0.0153329
2.19566 0.0156479
2.19566 0.0153284
2.19566 0.0153284
2.19815 0.0981271
2.19847 0.0984466
2.19847 0.0984466
2.19879 0.0987661
2.19911 0.0990856
2.19977 0.0997687
2.20112 0.101093
2.20355 0.103549
2.20387 0.103869
2.20419 0.104167
2.20419 0.104167
2.20451 0.104508
2.20614 0.106112
2.20736 0.107334
2.20768 0.107653
2.20918 0.109155
2.2095 0.109474
2.21225 0.112226
2.21288 0.11285
2.21335 0.113325
2.21367 0.113645
2.21399 0.113964
2.2144 0.114377
2.21516 0.115154
2.21548 0.115452
2.2158 0.015772
2.21593 0.0155809
2.21593 0.0155809
2.21593 0.0155809
2.21605 0.0157093
2.21605 0.0153898
2.21605 0.0153898
2.21637 0.116347
2.21766 0.117631
2.21835 0.118324
2.21892 0.118892
2.21924 0.0192126
2.21924 0.0192116
2.21956 0.119531
2.21988 0.119851
2.22051 0.120481
2.22083 0.0208017
2.22115 0.12112
2.22115 0.0211212
2.22308 0.0230786
2.22571 0.125678
2.2278 0.127771
2.22871 0.0287023
2.22956 0.12953
2.22988 0.02985
2.2315 0.0314749
2.23182 0.0317954
2.23182 0.131795
2.23182 0.131795
2.23214 0.0321139
2.23349 0.13346
2.23443 0.0344024
2.2349 0.134877
2.2349 0.0348764
2.23534 0.0153227
2.23534 0.0153227
2.23534 0.0153227
2.23579 0.0357608
2.23592 0.015895
2.23592 0.0155755
2.23592 0.0155755
2.23875 0.0387534
2.23923 0.139202
2.24073 0.140704
2.24105 0.141023
2.24184 0.141809
2.24216 0.142129
2.2426 0.0425726
2.24463 0.144603
2.24545 0.045421
2.24589 0.145864
2.24752 0.0474908
2.24784 0.14781
2.24993 0.149902
2.25068 0.0506577
2.25159 0.0515682
2.25247 0.0524476
2.25534 0.0153332
2.25534 0.0153332
2.25534 0.0153332
2.25565 0.0156483
2.25565 0.0153288
2.25565 0.0153288
2.25992 0.0598978
2.26214 0.0621147
2.26507 0.0650469
2.26539 0.0653665
2.2673 0.0672723
2.27054 0.0705155
2.27537 0.015344
2.27537 0.015344
2.27537 0.015344
2.27578 0.0757535
2.27591 0.0158852
2.27591 0.0155657
2.27591 0.0155657
2.27725 0.0772278
2.28071 0.0806945
2.28928 0.0892509
2.29218 0.092152
2.29532 0.0153151
2.29532 0.0153151
2.29532 0.0153151
2.29567 0.0156612
2.29567 0.0153417
2.29567 0.0153417
2.29814 0.0981093
2.29845 0.0984288
2.29845 0.0984288
2.29877 0.0987483
2.29909 0.0990678
2.29982 0.0997906
2.30113 0.101106
2.30357 0.10354
2.30389 0.10386
2.30421 0.10418
2.30421 0.10418
2.30453 0.104499
2.30621 0.106188
2.30737 0.107347
2.30769 0.107667
2.30901 0.108981
2.30933 0.109301
2.31226 0.112239
2.31286 0.112833
2.3133 0.113276
2.31362 0.113596
2.31394 0.113915
2.31439 0.114359
2.31511 0.115082
2.31543 0.115403
2.31575 0.0157231
2.31588 0.015532
2.31588 0.015532
2.31588 0.015532
2.31601 0.0156604
2.31601 0.0153408
2.31601 0.0153408
2.31632 0.116299
2.31758 0.117551
2.31839 0.118368
2.3189 0.118874
2.31922 0.0191948
2.31922 0.0192024
2.31954 0.119513
2.31986 0.119833
2.32052 0.0204955
2.32084 0.120814
2.32116 0.121134
2.32116 0.0211345
2.3231 0.0230729
2.32569 0.125661
2.32793 0.127909
2.3286 0.0285808
2.32957 0.129543
2.32989 0.0298633
2.33151 0.0314968
2.33183 0.0318087
2.33183 0.131808
2.33183 0.131808
2.33215 0.0321358
2.33347 0.133442
2.33444 0.0344157
2.33492 0.0348984
2.33524 0.135209
2.33536 0.0153445
2.33536 0.0153445
2.33536 0.0153445
2.33581 0.0357826
2.33594 0.0159168
2.33594 0.0155973
2.33594 0.0155973
2.33874 0.0387389
2.33922 0.139193
2.34072 0.140694
2.34104 0.141014
2.34183 0.1418
2.34215 0.14212
2.34256 0.0425408
2.34468 0.144656
2.34544 0.0454117
2.34585 0.145824
2.34754 0.0475126
2.34786 0.147831
2.34986 0.14983
2.3507 0.0506795
2.35155 0.0515277
2.35246 0.0524382
2.35533 0.0153239
2.35533 0.0153239
2.35533 0.0153239
2.35564 0.0156389
2.35564 0.0153194
2.35564 0.0153194
2.35991 0.0598885
2.36213 0.0621054
2.36531 0.0652864
2.36563 0.0656059
2.36729 0.0672629
2.37053 0.0705062
2.37536 0.0153346
2.37536 0.0153346
2.37536 0.0153346
2.37577 0.0757441
2.3759 0.0158758
2.3759 0.0155563
2.3759 0.0155563
2.37721 0.0771873
2.38074 0.0807163
2.38927 0.0892415
2.39217 0.0921427
2.39534 0.0153369
2.39534 0.0153369
2.39534 0.0153369
2.39566 0.0156519
2.39566 0.0153324
2.39566 0.0153324
2.39813 0.0980999
2.39844 0.0984194
2.39844 0.0984194
2.39876 0.0987389
2.39908 0.0990585
2.39981 0.0997899
2.40112 0.101097
2.40356 0.103539
2.40388 0.103859
2.4042 0.104171
2.4042 0.104171
2.40452 0.104498
2.40614 0.106116
2.40736 0.107338
2.40768 0.107657
2.409 0.108972
2.40932 0.109291
2.41225 0.112229
2.41282 0.112792
2.41332 0.113298
2.41364 0.113618
2.41396 0.113937
2.41441 0.114381
2.41513 0.115113
2.41545 0.115425
2.41577 0.0157448
2.4159 0.0155537
2.4159 0.0155537
2.4159 0.0155537
2.41603 0.0156821
2.41603 0.0153626
2.41603 0.0153626
2.41635 0.11632
2.41769 0.117666
2.41826 0.118235
2.41892 0.118896
2.41924 0.0192166
2.41924 0.0192328
2.41956 0.119535
2.41988 0.119855
2.42051 0.0204861
2.42083 0.120805
2.42115 0.121124
2.42115 0.0211251
2.42309 0.0230757
2.42571 0.125682
2.42777 0.127744
2.42871 0.028681
2.42956 0.129534
2.42988 0.029854
2.4315 0.0314961
2.43182 0.0317993
2.43182 0.131799
2.43182 0.131799
2.43214 0.0321351
2.43364 0.133619
2.43452 0.0344997
2.43491 0.0348977
2.43523 0.1352
2.43535 0.0153351
2.43535 0.0153351
2.43535 0.0153351
2.4358 0.0357732
2.43593 0.0159074
2.43593 0.0155879
2.43593 0.0155879
2.43873 0.0387244
2.43921 0.139184
2.44071 0.140685
2.44103 0.141005
2.44188 0.141853
2.4422 0.142172
2.44252 0.042509
2.44467 0.144647
2.44546 0.0454334
2.44584 0.145814
2.44747 0.047441
2.44782 0.147791
2.44985 0.149821
2.45069 0.0506701
2.45151 0.0514873
2.45242 0.0523978
2.45532 0.0153146
2.45532 0.0153146
2.45532 0.0153146
2.45567 0.0156607
2.45567 0.0153412
2.45567 0.0153412
2.45997 0.0599414
2.46203 0.0620027
2.46505 0.0650282
2.46537 0.0653478
2.46728 0.0672536
2.47052 0.0704968
2.47535 0.0153253
2.47535 0.0153253
2.47535 0.0153253
2.47579 0.0757659
2.47592 0.0158976
2.47592 0.0155781
2.47592 0.0155781
2.4772 0.077178
2.48073 0.0807069
2.48923 0.0892011
2.49216 0.0921333
2.49533 0.0153275
2.49533 0.0153275
2.49533 0.0153275
2.49565 0.0156425
2.49565 0.015323
2.49565 0.015323
2.49815 0.0981217
2.49847 0.0984412
2.49847 0.0984412
2.49879 0.0987607
2.4991 0.0990802
2.4998 0.0997892
2.50114 0.101119
2.50355 0.103539
2.50387 0.103858
2.50419 0.104161
2.50419 0.104161
2.50451 0.104497
2.50619 0.106169
2.50735 0.107328
2.50767 0.107648
2.50902 0.108994
2.50934 0.109313
2.51224 0.11222
2.51284 0.112814
2.51331 0.113289
2.51363 0.113608
2.51395 0.113928
2.5144 0.114372
2.51512 0.115112
2.51544 0.115415
2.51576 0.0157355
2.51589 0.0155444
2.51589 0.0155444
2.51589 0.0155444
2.51602 0.0156728
2.51602 0.0153533
2.51602 0.0153533
2.51634 0.116311
2.51749 0.11747
2.51834 0.118319
2.51891 0.118887
2.51923 0.0192072
2.51923 0.019201
2.51955 0.119526
2.51987 0.119845
2.5205 0.0204768
2.52082 0.120795
2.52114 0.121115
2.52114 0.0211158
2.52311 0.0230784
2.5257 0.125673
2.52782 0.127797
2.5287 0.0286819
2.52955 0.129524
2.52987 0.0298446
2.53153 0.0314954
2.53184 0.0318211
2.53184 0.13182
2.53184 0.13182
2.53216 0.0321344
2.53348 0.133455
2.53442 0.034397
2.53493 0.034897
2.53525 0.135222
2.53537 0.0153569
2.53537 0.0153569
2.53537 0.0153569
2.53579 0.0357639
2.53592 0.0158981
2.53592 0.0155786
2.53592 0.0155786
2.53875 0.0387409
2.53923 0.139205
2.54076 0.140738
2.54108 0.141057
2.5419 0.141875
2.54222 0.142194
2.5426 0.0425705
2.54463 0.144606
2.54545 0.0454241
2.54586 0.145836
2.54746 0.0474317
2.54777 0.14775
2.54993 0.149905
2.55068 0.0506608
2.55159 0.0515713
2.55244 0.0524195
2.55534 0.0153363
2.55534 0.0153363
2.55534 0.0153363
2.55565 0.0156513
2.55565 0.0153318
2.55565 0.0153318
2.55983 0.0598076
2.56214 0.0621178
2.56504 0.0650189
2.56536 0.0653384
2.5673 0.0672753
2.57051 0.0704875
2.57534 0.0153159
2.57534 0.0153159
2.57534 0.0153159
2.57578 0.0757565
2.57591 0.0158882
2.57591 0.0155687
2.57591 0.0155687
2.57722 0.0771997
2.58075 0.0807287
2.58925 0.0892228
2.59215 0.092124
2.59532 0.0153182
2.59532 0.0153182
2.59532 0.0153182
2.59564 0.0156332
2.59564 0.0153137
2.59564 0.0153137
2.59814 0.0981123
2.59846 0.0984318
2.59846 0.0984318
2.59878 0.0987514
2.59909 0.0990709
2.59982 0.0997885
2.60113 0.10111
2.60357 0.103538
2.60389 0.103857
2.60421 0.104183
2.60421 0.104183
2.60453 0.104496
2.60621 0.106191
2.60737 0.10735
2.60769 0.10767
2.60919 0.109171
2.60951 0.109491
2.61223 0.112211
2.61283 0.112804
2.61333 0.113311
2.61365 0.11363
2.61397 0.11395
2.61442 0.114394
2.61511 0.11508
2.61543 0.115406
2.61575 0.0157261
2.61588 0.015535
2.61588 0.015535
2.61588 0.015535
2.61601 0.0156634
2.61601 0.0153439
2.61601 0.0153439
2.61633 0.116302
2.61748 0.117461
2.6184 0.118371
2.6189 0.118878
2.61922 0.0191979
2.61922 0.0192003
2.61954 0.119517
2.61986 0.119836
2.62052 0.0204985
2.62084 0.120817
2.62116 0.121137
2.62116 0.0211375
2.6231 0.0230812
2.62569 0.125664
2.62778 0.127756
2.62857 0.0285604
2.62954 0.129515
2.62986 0.0298353
2.63152 0.0314947
2.63183 0.0318117
2.63183 0.131811
2.63183 0.131811
2.63215 0.0321337
2.63387 0.13385
2.63447 0.0344499
2.63485 0.034834
2.63517 0.13515
2.63533 0.0153164
2.63533 0.0153164
2.63533 0.0153164
2.63581 0.0357856
2.63594 0.0159198
2.63594 0.0156003
2.63594 0.0156003
2.63874 0.0387264
2.63922 0.139196
2.64072 0.140698
2.64104 0.141017
2.64189 0.141865
2.64221 0.142185
2.64253 0.0425076
2.64465 0.144628
2.64544 0.0454147
2.64582 0.145796
2.64757 0.0475467
2.64789 0.147865
2.64986 0.149833
2.65067 0.0506514
2.65152 0.0514997
2.6524 0.0523791
2.65533 0.015327
2.65533 0.015327
2.65533 0.015327
2.65564 0.015642
2.65564 0.0153225
2.65564 0.0153225
2.65973 0.0597049
2.66204 0.0620151
2.66531 0.0652895
2.66563 0.065609
2.66707 0.0670482
2.67028 0.0702604
2.67536 0.0153377
2.67536 0.0153377
2.67536 0.0153377
2.67577 0.0757472
2.6759 0.0158789
2.6759 0.0155594
2.6759 0.0155594
2.67721 0.0771904
2.68074 0.0807193
2.68921 0.0891824
2.69217 0.0921457
2.69535 0.0153399
2.69535 0.0153399
2.69535 0.0153399
2.69566 0.0156549
2.69566 0.0153354
2.69566 0.0153354
2.69813 0.098103
2.69845 0.0984225
2.69845 0.0984225
2.69876 0.098742
2.69908 0.0990615
2.69981 0.0997878
2.70112 0.1011
2.7035 0.103475
2.70385 0.103826
2.70417 0.104143
2.70417 0.104143
2.70449 0.104465
2.70614 0.106119
2.70733 0.10731
2.70765 0.107629
2.709 0.108975
2.70932 0.109295
2.71225 0.112233
2.71282 0.112795
2.71323 0.113208
2.71355 0.113527
2.71393 0.113909
2.71441 0.114384
2.7151 0.115079
2.71542 0.115396
2.71574 0.0157168
2.71587 0.0155257
2.71587 0.0155257
2.71587 0.0155257
2.716 0.0156541
2.716 0.0153346
2.716 0.0153346
2.71632 0.116292
2.71763 0.117607
2.71835 0.118331
2.71895 0.11893
2.71927 0.0192507
2.71927 0.0192618
2.71959 0.119569
2.71991 0.119889
2.72051 0.0204892
2.72083 0.120808
2.72115 0.121127
2.72115 0.0211282
2.72281 0.022804
2.72571 0.125685
2.7278 0.127778
2.72871 0.0287045
2.72956 0.129537
2.72988 0.029857
2.7315 0.031494
2.73182 0.0318024
2.73182 0.131802
2.73182 0.131802
2.73214 0.032133
2.73352 0.133498
2.73446 0.0344405
2.73491 0.034904
2.73523 0.135203
2.73535 0.0153382
2.73535 0.0153382
2.73535 0.0153382
2.7358 0.0357763
2.73593 0.0159105
2.73593 0.015591
2.73593 0.015591
2.73877 0.038743
2.73921 0.139187
2.74071 0.140688
2.74103 0.141008
2.74185 0.141825
2.74217 0.142144
2.74249 0.0424758
2.74467 0.14465
2.74546 0.0454365
2.7459 0.14588
2.74747 0.0474441
2.74779 0.147763
2.74985 0.149824
2.7507 0.0506732
2.75151 0.0514904
2.75242 0.0524008
2.75532 0.0153176
2.75532 0.0153176
2.75532 0.0153176
2.75567 0.0156637
2.75567 0.0153442
2.75567 0.0153442
2.75975 0.0597267
2.76209 0.062068
2.76484 0.0648136
2.76525 0.0652264
2.76706 0.0670389
2.7703 0.0702822
2.77535 0.0153283
2.77535 0.0153283
2.77535 0.0153283
2.77576 0.0757378
2.77589 0.0158695
2.77589 0.01555
2.77589 0.01555
2.7772 0.077181
2.78063 0.0806167
2.78923 0.0892041
2.79219 0.0921675
2.79534 0.0153306
2.79534 0.0153306
2.79534 0.0153306
2.79565 0.0156456
2.79565 0.0153261
2.79565 0.0153261
2.79815 0.0981247
2.79847 0.0984443
2.79847 0.0984443
2.79879 0.0987638
2.79911 0.0990833
2.7998 0.0997871
2.80118 0.101153
2.80352 0.103505
2.80384 0.103825
2.80416 0.104133
2.80416 0.104133
2.80447 0.104464
2.80619 0.106172
2.80726 0.107238
2.80758 0.107558
2.80902 0.108997
2.80934 0.109316
2.81224 0.112223
2.8129 0.112879
2.81331 0.113292
2.81363 0.113611
2.81395 0.113931
2.8144 0.114375
2.81509 0.115079
2.81541 0.115387
2.81573 0.0157074
2.81586 0.0155163
2.81586 0.0155163
2.81586 0.0155163
2.81599 0.0156447
2.81599 0.0153252
2.81599 0.0153252
2.81643 0.116407
2.81743 0.117411
2.81834 0.118322
2.81897 0.118952
2.81929 0.0192725
2.81929 0.0192922
2.81961 0.119591
2.81961 0.119591
2.82052 0.0205025
2.82084 0.120821
2.82116 0.121141
2.82116 0.0211415
2.82282 0.0228068
2.82569 0.125668
2.82781 0.127791
2.82869 0.0286898
2.82957 0.12955
2.82989 0.0298703
2.83149 0.0314848
2.83181 0.0317846
2.83181 0.131784
2.83181 0.131784
2.83213 0.0321012
2.83344 0.133418
2.83441 0.0343916
2.83492 0.0348948
2.83524 0.135216
2.83537 0.0153515
2.83537 0.0153515
2.83537 0.0153515
2.83578 0.0357585
2.83591 0.0158927
2.83591 0.0155732
2.83591 0.0155732
2.83878 0.0387511
2.83922 0.1392
2.84075 0.140733
2.84107 0.141052
2.84186 0.141838
2.84218 0.142158
2.8425 0.0424977
2.84468 0.144663
2.84544 0.0454187
2.84585 0.145831
2.84754 0.0475196
2.84786 0.147838
2.84995 0.149931
2.85068 0.0506554
2.85149 0.0514725
2.8524 0.052383
2.85533 0.0153309
2.85533 0.0153309
2.85533 0.0153309
2.85565 0.0156459
2.85565 0.0153264
2.85565 0.0153264
2.85973 0.0597089
2.86216 0.0621435
2.86522 0.0652001
2.86554 0.0655196
2.86738 0.0673632
2.87025 0.0702333
2.87536 0.0153416
2.87536 0.0153416
2.87536 0.0153416
2.87577 0.0757511
2.8759 0.0158828
2.8759 0.0155633
2.8759 0.0155633
2.87722 0.0771943
2.88061 0.0805988
2.88921 0.0891863
2.89217 0.0921497
2.89535 0.0153439
2.89535 0.0153439
2.89535 0.0153439
2.89566 0.0156589
2.89566 0.0153394
2.89566 0.0153394
2.89813 0.0981069
2.89845 0.0984264
2.89845 0.0984264
2.89877 0.0987459
2.89909 0.0990655
2.89978 0.0997779
2.90116 0.101135
2.90353 0.103527
2.90385 0.103847
2.90417 0.104147
2.90417 0.104147
2.90449 0.104486
2.90621 0.106185
2.90733 0.107314
2.90765 0.107633
2.909 0.108979
2.90932 0.109298
2.91222 0.112205
2.91282 0.112799
2.91333 0.113305
2.91365 0.113625
2.91397 0.113944
2.91441 0.114388
2.9151 0.115101
2.91542 0.1154
2.91574 0.0157207
2.91587 0.0155296
2.91587 0.0155296
2.91587 0.0155296
2.916 0.015658
2.916 0.0153385
2.916 0.0153385
2.91632 0.116296
2.91748 0.117456
2.91839 0.118366
2.91889 0.118872
2.91921 0.0191925
2.91921 0.0191897
2.91953 0.119511
2.91985 0.119831
2.92051 0.0204931
2.92083 0.120812
2.92115 0.121131
2.92115 0.0211321
2.92281 0.0227869
2.92568 0.125658
2.92777 0.127751
2.92868 0.0286524
2.92956 0.129541
2.92988 0.029861
2.93151 0.0314841
2.93183 0.0318063
2.93183 0.131806
2.93183 0.131806
2.93215 0.03214
2.93365 0.133626
2.9345 0.0344756
2.93491 0.0348941
2.93523 0.135207
2.93536 0.0153421
2.93536 0.0153421
2.93536 0.0153421
2.9358 0.0357802
2.93593 0.0159144
2.93593 0.0155949
2.93593 0.0155949
2.93836 0.0383633
2.93921 0.139191
2.94071 0.140692
2.94103 0.141012
2.94185 0.141829
2.94217 0.142148
2.94258 0.0425592
2.94464 0.144622
2.94531 0.0452849
2.94581 0.14579
2.94753 0.0475102
2.94785 0.147829
2.94985 0.149828
2.9507 0.0506771
2.95158 0.0515565
2.95243 0.0524048
2.95532 0.0153216
2.95532 0.0153216
2.95532 0.0153216
2.95564 0.0156366
2.95564 0.0153171
2.95564 0.0153171
2.95978 0.0597617
2.96209 0.0620719
2.96515 0.0651286
2.96547 0.0654481
2.96728 0.0672606
2.97052 0.0705038
2.97535 0.0153323
2.97535 0.0153323
2.97535 0.0153323
2.97576 0.0757418
2.97589 0.0158735
2.97589 0.015554
2.97589 0.015554
2.97721 0.077185
2.9806 0.0805895
2.9892 0.089177
2.99216 0.0921403
2.99534 0.0153345
2.99534 0.0153345
2.99534 0.0153345
2.99565 0.0156495
2.99565 0.01533
2.99565 0.01533
2.99815 0.0981287
2.99847 0.0984482
2.99847 0.0984482
2.99879 0.0987677
2.99911 0.0990872
2.9998 0.0997772
3.00112 0.101095
3.00352 0.103496
3.00387 0.103846
3.00419 0.104166
3.00419 0.104168
3.00419 0.104168
3.00616 0.106138
3.00688 0.106862
3.00736 0.107337
3.00901 0.108994
3.00933 0.109314
3.01227 0.112252
3.01283 0.112814
3.01325 0.113227
3.01357 0.113547
3.01392 0.113897
3.01439 0.114372
3.01471 0.114689
3.01506 0.115042
3.01554 0.0155183
3.01567 0.0153272
3.01567 0.0153272
3.01567 0.0153272
3.01598 0.0156422
3.01598 0.0153227
3.01598 0.0153227
3.0163 0.11628
3.01758 0.117564
3.0184 0.118381
3.01891 0.118887
3.01923 0.0192077
3.01923 0.0192137
3.01958 0.119558
3.0199 0.119877
3.0205 0.120476
3.02082 0.0207968
3.02114 0.121115
3.02114 0.0211163
3.02286 0.0228538
3.0256 0.12558
3.02779 0.127766
3.0287 0.0286779
3.02955 0.129525
3.02986 0.0298451
3.03093 0.13091
3.0315 0.0314854
3.03182 0.031799
3.03182 0.131798
3.03214 0.0321187
3.03333 0.133308
3.03443 0.034406
3.03484 0.134818
3.03516 0.0351527
3.03535 0.0153348
3.03535 0.0153348
3.03535 0.0153348
3.03579 0.0357729
3.03592 0.0159071
3.03592 0.0155876
3.03592 0.0155876
3.03839 0.0383593
3.03936 0.139339
3.04027 0.140249
3.04074 0.140724
3.04184 0.141821
3.04216 0.142141
3.04251 0.0424983
3.04467 0.144646
3.0453 0.0452775
3.04596 0.145938
3.04758 0.0475651
3.0479 0.147884
3.04993 0.149914
3.05069 0.0506698
3.05151 0.0514869
3.05242 0.0523974
3.05538 0.0153453
3.05538 0.0153453
3.05538 0.0153453
3.05569 0.0156603
3.05569 0.0153408
3.05569 0.0153408
3.05981 0.0597855
3.06215 0.0621268
3.06505 0.0650279
3.06537 0.0653474
3.06727 0.0672532
3.07052 0.0704965
3.07534 0.0153249
3.07534 0.0153249
3.07534 0.0153249
3.07579 0.0757655
3.07591 0.0158972
3.07591 0.0155777
3.07591 0.0155777
3.07723 0.0772087
3.08066 0.0806443
3.08925 0.0892318
3.09215 0.092133
3.09533 0.0153272
3.09533 0.0153272
3.09533 0.0153272
3.09564 0.0156422
3.09564 0.0153227
3.09564 0.0153227
3.09814 0.0981213
3.09846 0.0984408
3.09846 0.0984408
3.09878 0.0987604
3.0991 0.0990799
3.09979 0.0997785
3.10132 0.101305
3.10283 0.102813
3.10377 0.103754
3.10409 0.104082
3.10409 0.104068
3.10441 0.104387
3.10619 0.106169
3.10666 0.106644
3.10732 0.107305
3.10923 0.109211
3.10955 0.109531
3.11223 0.11222
3.11283 0.112813
3.11328 0.113257
3.1136 0.113577
3.11392 0.113896
3.11439 0.114371
3.11471 0.114705
3.11519 0.115166
3.11554 0.0155174
3.11566 0.0153263
3.11566 0.0153263
3.11566 0.0153263
3.11598 0.0156413
3.11598 0.0153218
3.11598 0.0153218
3.11642 0.116404
3.11752 0.117501
3.11837 0.118349
3.11894 0.118918
3.11926 0.019238
3.11926 0.0192525
3.11958 0.119557
3.1199 0.119876
3.12053 0.0205075
3.12085 0.120826
3.12117 0.121146
3.12117 0.0211465
3.12288 0.0228735
3.1256 0.125579
3.12791 0.12789
3.1286 0.028596
3.12954 0.129524
3.12986 0.0298443
3.13084 0.130816
3.1315 0.0314931
3.13182 0.0317981
3.13182 0.131797
3.13214 0.0321349
3.13345 0.133432
3.13442 0.0344051
3.13487 0.134848
3.13519 0.0351605
3.13535 0.0153339
3.13535 0.0153339
3.13535 0.0153339
3.13579 0.035772
3.13592 0.0159062
3.13592 0.0155867
3.13592 0.0155867
3.13838 0.0383617
3.13939 0.139369
3.14073 0.140715
3.14105 0.141034
3.14184 0.141821
3.14216 0.14214
3.14248 0.0424749
3.14463 0.144614
3.14548 0.0454633
3.1458 0.145782
3.14752 0.047502
3.14784 0.147821
3.14993 0.149913
3.15069 0.0506689
3.1515 0.0514861
3.1522 0.0521788
3.15537 0.0153444
3.15537 0.0153444
3.15537 0.0153444
3.15569 0.0156594
3.15569 0.0153399
3.15569 0.0153399
3.15977 0.0597535
3.16236 0.0623436
3.16529 0.0652758
3.16561 0.0655954
3.1673 0.0672834
3.17051 0.0704956
3.17534 0.015324
3.17534 0.015324
3.17534 0.015324
3.17578 0.0757646
3.17591 0.0158963
3.17591 0.0155768
3.17591 0.0155768
3.17723 0.0772079
3.18063 0.0806124
3.18919 0.0891687
3.19215 0.0921321
3.19533 0.0153263
3.19533 0.0153263
3.19533 0.0153263
3.19564 0.0156413
3.19564 0.0153218
3.19564 0.0153218
3.1977 0.097685
3.19812 0.0980978
3.19844 0.0984173
3.19876 0.0987368
3.19908 0.0990563
3.19977 0.0997637
3.20121 0.101188
3.2028 0.102775
3.20377 0.10377
3.20409 0.104076
3.20409 0.104075
3.20441 0.104395
3.20616 0.106145
3.20673 0.106713
3.20724 0.10722
3.20905 0.109032
3.20937 0.109352
3.21224 0.112227
3.21293 0.112914
3.21331 0.113296
3.21363 0.113616
3.21395 0.113935
3.2144 0.114379
3.21472 0.114699
3.2151 0.11508
3.21554 0.015525
3.21567 0.0153339
3.21567 0.0153339
3.21567 0.0153339
3.21599 0.0156489
3.21599 0.0153294
3.21599 0.0153294
3.2164 0.11638
3.2179 0.117882
3.21844 0.118419
3.21894 0.118925
3.21926 0.0192455
3.21926 0.0192376
3.21958 0.119564
3.2199 0.119884
3.2205 0.020484
3.22082 0.120803
3.22114 0.121122
3.22114 0.021123
3.22289 0.0228706
3.22557 0.125556
3.22792 0.127897
3.2287 0.0286729
3.22952 0.1295
3.22984 0.0298207
3.23066 0.130637
3.2315 0.0314783
3.23182 0.0318057
3.23182 0.131805
3.23214 0.0321285
3.23371 0.133688
3.23449 0.0344749
3.23487 0.134856
3.23519 0.0351767
3.23535 0.0153415
3.23535 0.0153415
3.23535 0.0153415
3.2358 0.0357796
3.23593 0.0159138
3.23593 0.0155943
3.23593 0.0155943
3.23839 0.0383726
3.2394 0.139377
3.24031 0.140287
3.24075 0.140731
3.24182 0.141797
3.24214 0.142117
3.24245 0.0424374
3.24464 0.144622
3.24543 0.0454087
3.24587 0.145852
3.24756 0.0475407
3.24788 0.147859
3.24978 0.149765
3.25069 0.0506765
3.25151 0.0514936
3.25214 0.0521242
3.25535 0.0153209
3.25535 0.0153209
3.25535 0.0153209
3.2557 0.015667
3.2557 0.0153475
3.2557 0.0153475
3.25978 0.0597611
3.26203 0.062009
3.26505 0.0650346
3.26537 0.0653541
3.26728 0.0672599
3.27052 0.0705032
3.27535 0.0153316
3.27535 0.0153316
3.27535 0.0153316
3.27579 0.0757722
3.27592 0.0159039
3.27592 0.0155844
3.27592 0.0155844
3.2772 0.0771843
3.28063 0.0806199
3.28919 0.0891763
3.29213 0.0921086
3.29533 0.0153339
3.29533 0.0153339
3.29533 0.0153339
3.29565 0.0156489
3.29565 0.0153294
3.29565 0.0153294
3.29771 0.0976926
3.29812 0.0981054
3.29844 0.0984249
3.29876 0.0987444
3.29908 0.0990639
3.29981 0.0997799
3.30118 0.101165
3.30278 0.102769
3.30384 0.103818
3.30416 0.104145
3.30416 0.104145
3.30448 0.104482
3.30617 0.106153
3.30665 0.106628
3.3074 0.107383
3.30906 0.10904
3.30938 0.109359
3.31222 0.112204
3.31291 0.112891
3.31329 0.113273
3.31361 0.113592
3.31393 0.113912
3.3144 0.114387
3.31516 0.115159
3.31548 0.115461
3.3158 0.0157814
3.31593 0.0155903
3.31593 0.0155903
3.31593 0.0155903
3.31606 0.0157187
3.31606 0.0153992
3.31606 0.0153992
3.31637 0.116357
3.31763 0.11761
3.31832 0.118302
3.31895 0.118933
3.31927 0.0192531
3.31927 0.0192539
3.31959 0.119572
3.31991 0.119891
3.32048 0.12046
3.3208 0.02078
3.32112 0.121099
3.32112 0.0210995
3.3229 0.0228676
3.32558 0.125563
3.3278 0.12778
3.32871 0.0286815
3.32959 0.12957
3.32991 0.0298905
3.33091 0.130894
3.33151 0.0314945
3.33183 0.0318133
3.33183 0.131812
3.33215 0.0321221
3.33331 0.133291
3.33444 0.0344203
3.33485 0.134832
3.33517 0.0351618
3.33533 0.015318
3.33533 0.015318
3.33533 0.015318
3.33577 0.035756
3.3359 0.0158903
3.3359 0.0155708
3.3359 0.0155708
3.3384 0.0383834
3.33925 0.139229
3.34072 0.140699
3.34104 0.141019
3.34182 0.141805
3.34214 0.142124
3.34246 0.042431
3.34359 0.143572
3.34556 0.0455407
3.34597 0.145953
3.34753 0.0475172
3.34785 0.147836
3.34995 0.149928
3.35067 0.050653
3.35152 0.0515012
3.35215 0.0521318
3.35536 0.0153285
3.35536 0.0153285
3.35536 0.0153285
3.35567 0.0156435
3.35567 0.015324
3.35567 0.015324
3.35979 0.0597687
3.36216 0.062141
3.36518 0.0651666
3.3655 0.0654861
3.36725 0.0672364
3.3705 0.0704797
3.37535 0.0153392
3.37535 0.0153392
3.37535 0.0153392
3.37577 0.0757487
3.37589 0.0158804
3.37589 0.0155609
3.37589 0.0155609
3.37721 0.0771919
3.38064 0.0806275
3.38926 0.0892461
3.39213 0.0921161
3.39537 0.0153414
3.39537 0.0153414
3.39537 0.0153414
3.39569 0.0156565
3.39569 0.015337
3.39569 0.015337
3.39778 0.0977624
3.39813 0.098113
3.39845 0.0984325
3.39877 0.098752
3.39909 0.0990715
3.39978 0.099765
3.40119 0.101172
3.40285 0.102824
3.40385 0.103834
3.40417 0.104153
3.40417 0.104153
3.40449 0.104467
3.40608 0.106067
3.40665 0.106635
3.40725 0.107235
3.4086 0.108581
3.4092 0.10918
3.41222 0.112211
3.41288 0.112867
3.41345 0.113436
3.41377 0.113755
3.41409 0.114075
3.41441 0.114394
3.41507 0.115051
3.41539 0.115375
3.41571 0.0156957
3.41584 0.0155046
3.41584 0.0155046
3.41584 0.0155046
3.416 0.0156641
3.416 0.0153446
3.416 0.0153446
3.41632 0.116302
3.4177 0.117679
3.41833 0.11831
3.41896 0.11894
3.41928 0.0192607
3.41928 0.0192701
3.41963 0.119611
3.41995 0.11993
3.42042 0.120405
3.42074 0.0207254
3.42106 0.121044
3.42138 0.0213644
3.42288 0.0228732
3.42557 0.125548
3.42781 0.127796
3.4286 0.0285854
3.42948 0.129462
3.4298 0.0297822
3.43062 0.130599
3.4315 0.0314881
3.43181 0.0317982
3.43181 0.131797
3.43213 0.0321242
3.4336 0.133587
3.43451 0.0344986
3.43493 0.0348981
3.43525 0.13523
3.43538 0.0153651
3.43538 0.0153651
3.43538 0.0153651
3.43579 0.0357721
3.43592 0.0159063
3.43592 0.0155868
3.43592 0.0155868
3.43838 0.0383717
3.43923 0.139214
3.4407 0.140684
3.44102 0.141003
3.44181 0.14179
3.44213 0.142109
3.44245 0.0424331
3.4446 0.144583
3.44548 0.0454634
3.44583 0.145813
3.44752 0.0475021
3.44784 0.147821
3.44984 0.14982
3.45069 0.050669
3.4515 0.0514862
3.45241 0.0523967
3.45537 0.0153445
3.45537 0.0153445
3.45537 0.0153445
3.45569 0.0156596
3.45569 0.0153401
3.45569 0.0153401
3.45989 0.059878
3.46205 0.0620327
3.46507 0.0650582
3.46539 0.0653777
3.46727 0.0672525
3.47051 0.0704957
3.47534 0.0153242
3.47534 0.0153242
3.47534 0.0153242
3.47578 0.0757648
3.47591 0.0158965
3.47591 0.015577
3.47591 0.015577
3.47719 0.0771769
3.48062 0.0806125
3.48928 0.0892622
3.49215 0.0921322
3.49536 0.0153264
3.49536 0.0153264
3.49536 0.0153264
3.49567 0.0156414
3.49567 0.0153219
3.49567 0.0153219
3.4977 0.0976851
3.49811 0.0980979
3.49843 0.0984174
3.49875 0.098737
3.49907 0.0990565
3.49977 0.0997586
3.5013 0.101282
3.5028 0.102795
3.5038 0.103796
3.50412 0.104107
3.50412 0.104107
3.50444 0.10443
3.5061 0.106083
3.50667 0.106651
3.50733 0.107313
3.50868 0.108659
3.50906 0.109041
3.51224 0.112227
3.51296 0.112946
3.51328 0.113265
3.5136 0.113585
3.51395 0.113935
3.51436 0.114348
3.51512 0.115107
3.51544 0.115423
3.51576 0.0157428
3.51589 0.0155517
3.51589 0.0155517
3.51589 0.0155517
3.51602 0.0156801
3.51602 0.0153606
3.51602 0.0153606
3.5164 0.116381
3.51762 0.117602
3.51834 0.118326
3.51894 0.118925
3.51926 0.0192457
3.51926 0.0192326
3.51958 0.119564
3.5199 0.119884
3.52041 0.12039
3.52073 0.0207103
3.52105 0.121029
3.52136 0.0213493
3.52284 0.0228165
3.52558 0.125564
3.52777 0.12775
3.52858 0.0285714
3.52962 0.129602
3.52994 0.0299226
3.53063 0.130615
3.53151 0.0314817
3.53183 0.0318143
3.53183 0.131813
3.53215 0.0321262
3.53381 0.13379
3.53447 0.0344524
3.53491 0.0348917
3.53523 0.135215
3.53536 0.0153501
3.53536 0.0153501
3.53536 0.0153501
3.53577 0.035757
3.5359 0.0158913
3.5359 0.0155718
3.5359 0.0155718
3.53837 0.0383599
3.53925 0.13923
3.54072 0.1407
3.54104 0.14102
3.54185 0.141837
3.54217 0.142156
3.54249 0.0424662
3.54455 0.144537
3.54556 0.0455417
3.54588 0.14586
3.54753 0.0475182
3.54785 0.147837
3.54979 0.149774
3.55067 0.050654
3.55152 0.0515022
3.55249 0.0524749
3.55536 0.0153295
3.55536 0.0153295
3.55536 0.0153295
3.55567 0.0156445
3.55567 0.015325
3.55567 0.015325
3.55991 0.0598941
3.562 0.0619865
3.56506 0.0650432
3.56538 0.0653627
3.56725 0.0672374
3.5705 0.0704807
3.57535 0.0153402
3.57535 0.0153402
3.57535 0.0153402
3.57577 0.0757497
3.57589 0.0158814
3.57589 0.0155619
3.57589 0.0155619
3.57718 0.0771618
3.58061 0.0805974
3.58926 0.0892471
3.59213 0.0921171
3.59537 0.0153425
3.59537 0.0153425
3.59537 0.0153425
3.59569 0.0156575
3.59569 0.015338
3.59569 0.015338
3.59812 0.0981055
3.59844 0.098425
3.59844 0.098425
3.59876 0.0987445
3.59908 0.099064
3.5998 0.0997748
3.60118 0.101165
3.60284 0.10282
3.60387 0.103844
3.60419 0.104176
3.60419 0.104176
3.60451 0.104508
3.6062 0.106184
3.60664 0.106628
3.6074 0.107383
3.60865 0.108635
3.60903 0.109017
3.61221 0.112204
3.61284 0.112829
3.61329 0.113273
3.61361 0.113592
3.61393 0.113912
3.6144 0.114387
3.6151 0.115092
3.61541 0.115399
3.61573 0.0157193
3.61586 0.0155282
3.61586 0.0155282
3.61586 0.0155282
3.61599 0.0156566
3.61599 0.0153371
3.61599 0.0153371
3.61631 0.116295
3.61756 0.117547
3.61838 0.118365
3.61895 0.118933
3.61927 0.0192533
3.61927 0.0192488
3.61959 0.119572
3.61991 0.119891
3.62041 0.120398
3.62073 0.0207179
3.62105 0.121037
3.62137 0.0213569
3.62318 0.0231557
3.62559 0.125572
3.6278 0.127789
3.62859 0.0285769
3.62953 0.129517
3.62985 0.0298369
3.63079 0.130778
3.63152 0.0314979
3.63184 0.0318219
3.63184 0.131821
3.63216 0.0321509
3.63335 0.133331
3.63444 0.0344289
3.63492 0.0349079
3.63524 0.135223
3.63537 0.0153576
3.63537 0.0153576
3.63537 0.0153576
3.63578 0.0357646
3.63591 0.0158989
3.63591 0.0155794
3.63591 0.0155794
3.63837 0.0383708
3.63925 0.139237
3.64075 0.140739
3.64107 0.141058
3.64183 0.141813
3.64215 0.142133
3.64247 0.0424598
3.64456 0.144545
3.64544 0.0454248
3.64585 0.145837
3.64754 0.0475257
3.64786 0.147844
3.64995 0.149937
3.65068 0.0506615
3.65162 0.0516031
3.6524 0.0523892
3.65536 0.0153371
3.65536 0.0153371
3.65536 0.0153371
3.65568 0.0156521
3.65568 0.0153326
3.65568 0.0153326
3.65992 0.0599017
3.66226 0.0622429
3.66503 0.0650197
3.66535 0.0653392
3.66732 0.0673072
3.6705 0.0704883
3.67533 0.0153167
3.67533 0.0153167
3.67533 0.0153167
3.67577 0.0757573
3.6759 0.015889
3.6759 0.0155695
3.6759 0.0155695
3.67722 0.0772005
3.68061 0.080605
3.68927 0.0892547
3.69214 0.0921247
3.69535 0.0153189
3.69535 0.0153189
3.69535 0.0153189
3.69569 0.0156651
3.69569 0.0153455
3.69569 0.0153455
3.69813 0.0981131
3.69845 0.0984326
3.69845 0.0984326
3.69877 0.0987521
3.69909 0.0990716
3.69978 0.0997599
3.70119 0.101173
3.70281 0.102783
3.70385 0.103829
3.70417 0.104153
3.70417 0.104153
3.70449 0.104462
3.70618 0.10616
3.70668 0.106667
3.70741 0.10739
3.70863 0.108612
3.70904 0.109025
3.71225 0.112243
3.71285 0.112836
3.7133 0.11328
3.71361 0.1136
3.71393 0.113919
3.71438 0.114363
3.71507 0.115046
3.71539 0.115375
3.71571 0.0156958
3.71584 0.0155047
3.71584 0.0155047
3.71584 0.0155047
3.716 0.0156642
3.716 0.0153447
3.716 0.0153447
3.71632 0.116302
3.71776 0.117742
3.71836 0.118341
3.71896 0.118941
3.71927 0.0192608
3.71927 0.019265
3.71959 0.11958
3.71991 0.119899
3.72039 0.120374
3.72071 0.0206944
3.72103 0.121013
3.72135 0.0213334
3.72319 0.0231754
3.72569 0.125673
3.72778 0.127765
3.72869 0.0286757
3.72954 0.129524
3.72986 0.0298445
3.7308 0.130785
3.7314 0.0313855
3.73172 0.0317092
3.73172 0.131704
3.73204 0.0320116
3.73366 0.13365
3.73451 0.0344987
3.73489 0.0348931
3.73521 0.135199
3.73534 0.0153341
3.73534 0.0153341
3.73534 0.0153341
3.73579 0.0357722
3.73591 0.0159064
3.73591 0.0155869
3.73591 0.0155869
3.73841 0.0383817
3.73942 0.1394
3.7407 0.140684
3.74102 0.141004
3.74184 0.141821
3.74216 0.14214
3.74247 0.0424534
3.7446 0.144583
3.74545 0.0454324
3.74586 0.145844
3.74752 0.0475022
3.74784 0.147821
3.7499 0.149882
3.75068 0.0506691
3.75162 0.0516107
3.75241 0.0523968
3.75537 0.0153447
3.75537 0.0153447
3.75537 0.0153447
3.75568 0.0156597
3.75568 0.0153402
3.75568 0.0153402
3.75989 0.0598782
3.76202 0.0620017
3.76523 0.0652139
3.76555 0.0655334
3.76727 0.0672526
3.77051 0.0704959
3.77533 0.0153243
3.77533 0.0153243
3.77533 0.0153243
3.77578 0.0757649
3.77591 0.0158966
3.77591 0.0155771
3.77591 0.0155771
3.77719 0.077177
3.78062 0.0806126
3.78928 0.0892623
3.79215 0.0921323
3.79535 0.0153265
3.79535 0.0153265
3.79535 0.0153265
3.79567 0.0156415
3.79567 0.015322
3.79567 0.015322
3.79813 0.0981207
3.79845 0.0984402
3.79845 0.0984402
3.79877 0.0987597
3.79909 0.0990792
3.79979 0.0997762
3.80116 0.101149
3.80282 0.102807
3.80379 0.103783
3.80411 0.104098
3.80411 0.104098
3.80443 0.104416
3.80618 0.106168
3.80694 0.106923
3.80741 0.107398
3.80904 0.109024
3.80936 0.109343
3.81223 0.112219
3.81286 0.112844
3.8133 0.113288
3.81362 0.113607
3.81394 0.113927
3.81438 0.114371
3.8147 0.114689
3.81512 0.115103
3.81553 0.0155168
3.81566 0.0153257
3.81566 0.0153257
3.81566 0.0153257
3.81597 0.0156407
3.81597 0.0153212
3.81597 0.0153212
3.81629 0.116279
3.81751 0.1175
3.81836 0.118349
3.81893 0.118917
3.81925 0.0192373
3.81925 0.0192502
3.81957 0.119556
3.81989 0.119876
3.8204 0.120382
3.82072 0.020702
3.82103 0.121021
3.82135 0.021341
3.82307 0.0230706
3.82557 0.125556
3.82779 0.127773
3.8286 0.0285931
3.82955 0.129532
3.82987 0.0298521
3.83084 0.130824
3.8315 0.0314993
3.83182 0.0318059
3.83182 0.131805
3.83214 0.0321212
3.83348 0.133471
3.83443 0.034413
3.83481 0.134794
3.83513 0.0351044
3.83535 0.0153417
3.83535 0.0153417
3.83535 0.0153417
3.83579 0.0357798
3.83592 0.015914
3.83592 0.0155945
3.83592 0.0155945
3.83876 0.0387347
3.83927 0.139252
3.84071 0.140692
3.84103 0.141011
3.84181 0.141797
3.84213 0.142117
3.84257 0.0425714
3.84454 0.144529
3.84545 0.04544
3.84596 0.145945
3.84743 0.0474165
3.84775 0.147735
3.84984 0.149828
3.85069 0.0506767
3.85157 0.0515561
3.85242 0.0524044
3.85535 0.0153211
3.85535 0.0153211
3.85535 0.0153211
3.85566 0.0156362
3.85566 0.0153167
3.85566 0.0153167
3.8599 0.0598857
3.86215 0.0621337
3.86533 0.0653148
3.86565 0.0656343
3.86727 0.0672602
3.87049 0.0704723
3.87534 0.0153319
3.87534 0.0153319
3.87534 0.0153319
3.87579 0.0757725
3.87591 0.0159042
3.87591 0.0155847
3.87591 0.0155847
3.8772 0.0771846
3.88075 0.0807446
3.88925 0.0892388
3.89212 0.0921088
3.89536 0.0153341
3.89536 0.0153341
3.89536 0.0153341
3.89568 0.0156491
3.89568 0.0153296
3.89568 0.0153296
3.89811 0.0980972
3.89843 0.0984167
3.89843 0.0984167
3.89875 0.0987362
3.89907 0.0990557
3.89976 0.0997613
3.90117 0.101157
3.90348 0.103454
3.90386 0.103861
3.90418 0.104168
3.90418 0.104168
3.9045 0.104495
3.90619 0.106176
3.90669 0.106682
3.90726 0.10725
3.90904 0.109031
3.90936 0.109351
3.91223 0.112227
3.9128 0.112789
3.91325 0.113233
3.91357 0.113553
3.91392 0.113903
3.91439 0.114378
3.91518 0.115149
3.9155 0.115484
3.91582 0.0158043
3.91594 0.0156132
3.91594 0.0156132
3.91594 0.0156132
3.91626 0.116251
3.91639 0.0160611
3.91639 0.0157416
3.91639 0.0157416
3.91749 0.117477
3.91837 0.118356
3.91894 0.118925
3.91926 0.0192449
3.91926 0.0192353
3.91958 0.119564
3.9199 0.119883
3.9205 0.0204834
3.92082 0.120802
3.92113 0.121122
3.92113 0.0211224
3.92313 0.023113
3.92557 0.125555
3.92779 0.127772
3.9287 0.0286752
3.92954 0.129531
3.92986 0.0298512
3.93081 0.130792
3.9315 0.0314759
3.93182 0.031805
3.93182 0.131804
3.93214 0.0321289
3.93339 0.133376
3.93442 0.0344121
3.93474 0.134731
3.93506 0.0350499
3.93535 0.0153408
3.93535 0.0153408
3.93535 0.0153408
3.93579 0.0357789
3.93592 0.0159131
3.93592 0.0155936
3.93592 0.0155936
3.93876 0.0387286
3.93923 0.13922
3.9407 0.140691
3.94102 0.14101
3.94181 0.141796
3.94213 0.142116
3.94267 0.0426414
3.94457 0.144559
3.94545 0.0454391
3.94586 0.145851
3.94749 0.0474778
3.94781 0.147797
3.94993 0.14992
3.95069 0.0506758
3.95151 0.051493
3.95248 0.0524657
3.95534 0.0153203
3.95534 0.0153203
3.95534 0.0153203
3.95569 0.0156664
3.95569 0.0153469
3.95569 0.0153469
3.9599 0.0598849
3.96227 0.0622572
3.96508 0.0650651
3.9654 0.0653846
3.96727 0.0672593
3.97051 0.0705026
3.97534 0.015331
3.97534 0.015331
3.97534 0.015331
3.97578 0.0757716
3.97591 0.0159033
3.97591 0.0155838
3.97591 0.0155838
3.97723 0.0772148
3.98081 0.0808059
3.98919 0.0891757
3.99212 0.0921079
3.99536 0.0153332
3.99536 0.0153332
3.99536 0.0153332
3.99567 0.0156482
3.99567 0.0153287
3.99567 0.0153287
3.99811 0.0980963
3.99843 0.0984158
3.99843 0.0984158
3.99875 0.0987353
3.99907 0.0990548
3.99979 0.0997691
4.00117 0.101156
4.0036 0.103586
4.00392 0.1039
4.00424 0.104229
4.00424 0.104229
4.00456 0.104536
4.0061 0.106083
4.00722 0.107212
4.00754 0.107531
4.00904 0.109033
4.00936 0.109352
4.01223 0.112228
4.01283 0.112822
4.01328 0.113266
4.0136 0.113585
4.01392 0.113905
4.01442 0.114411
4.01508 0.115066
4.0154 0.115392
4.01572 0.0157122
4.01585 0.0155211
4.01585 0.0155211
4.01585 0.0155211
4.01598 0.0156495
4.01598 0.01533
4.01598 0.01533
4.01633 0.116319
4.01774 0.117727
4.01828 0.118264
4.01894 0.118926
4.01926 0.0192461
4.01926 0.0192452
4.01958 0.119565
4.0199 0.119884
4.0205 0.0204846
4.02082 0.120803
4.02114 0.121123
4.02114 0.0211236
4.02317 0.0231574
4.02569 0.125681
4.02782 0.127804
4.0287 0.028688
4.02954 0.129532
4.02986 0.0298524
4.03143 0.0314161
4.03175 0.0317346
4.03175 0.131735
4.03175 0.131735
4.03207 0.032037
4.03351 0.133494
4.03442 0.0344048
4.03492 0.0349185
4.03524 0.13523
4.03537 0.0153647
4.03537 0.0153647
4.03537 0.0153647
4.03578 0.0357717
4.03591 0.0159059
4.03591 0.0155864
4.03591 0.0155864
4.03875 0.0387473
4.03923 0.139213
4.04073 0.140715
4.04105 0.141034
4.04183 0.14182
4.04215 0.14214
4.04253 0.0425184
4.04453 0.144521
4.04557 0.0455563
4.04595 0.145937
4.04745 0.0474395
4.04777 0.147758
4.04989 0.149882
4.05068 0.0506686
4.05153 0.0515169
4.05241 0.0523963
4.05537 0.0153441
4.05537 0.0153441
4.05537 0.0153441
4.05568 0.0156591
4.05568 0.0153396
4.05568 0.0153396
4.05989 0.0598776
4.06201 0.0620012
4.06504 0.0650267
4.06536 0.0653462
4.06729 0.0672831
4.07051 0.0704953
4.07533 0.0153237
4.07533 0.0153237
4.07533 0.0153237
4.07578 0.0757643
4.0759 0.0158961
4.0759 0.0155765
4.0759 0.0155765
4.07719 0.0771765
4.08084 0.0808298
4.08927 0.0892618
4.09214 0.0921318
4.09535 0.015326
4.09535 0.015326
4.09535 0.015326
4.09567 0.015641
4.09567 0.0153215
4.09567 0.0153215
4.09813 0.0981202
4.09845 0.0984397
4.09845 0.0984397
4.09877 0.0987592
4.09909 0.0990787
4.09978 0.0997705
4.10119 0.10118
4.10344 0.103432
4.10385 0.103839
4.10417 0.10416
4.10417 0.10416
4.10449 0.104473
4.10624 0.10623
4.1074 0.107389
4.10772 0.107708
4.10907 0.109054
4.10939 0.109374
4.11222 0.112219
4.11282 0.112812
4.11327 0.113256
4.11359 0.113576
4.11391 0.113895
4.11438 0.11437
4.11507 0.115065
4.11539 0.115383
4.11571 0.0157029
4.11584 0.0155117
4.11584 0.0155117
4.11584 0.0155117
4.11597 0.0156401
4.11597 0.0153206
4.11597 0.0153206
4.11629 0.116278
4.1176 0.117593
4.1183 0.118286
4.11896 0.118948
4.11928 0.0192679
4.11928 0.0192756
4.1196 0.119587
4.1196 0.119587
4.12051 0.120497
4.12083 0.0208174
4.12115 0.121136
4.12115 0.0211369
4.12312 0.0230895
4.12558 0.12557
4.12783 0.127818
4.12868 0.0286507
4.12956 0.129545
4.12988 0.0298657
4.1315 0.0314993
4.13182 0.0318111
4.13182 0.13181
4.13182 0.13181
4.13214 0.0321212
4.13352 0.133507
4.13443 0.0344181
4.1349 0.0348782
4.13522 0.135212
4.13535 0.0153469
4.13535 0.0153469
4.13535 0.0153469
4.13576 0.0357539
4.13589 0.0158881
4.13589 0.0155686
4.13589 0.0155686
4.13873 0.0387243
4.13921 0.139195
4.14074 0.140728
4.14106 0.141047
4.14181 0.141802
4.14213 0.142122
4.14252 0.0425092
4.14461 0.144596
4.14542 0.0454141
4.14587 0.145857
4.14753 0.047515
4.14785 0.147834
4.14997 0.149957
4.15069 0.0506819
4.1516 0.0515924
4.15242 0.0524095
4.15535 0.0153263
4.15535 0.0153263
4.15535 0.0153263
4.15566 0.0156413
4.15566 0.0153218
4.15566 0.0153218
4.1599 0.0598909
4.16224 0.0622322
4.16505 0.06504
4.16537 0.0653595
4.16724 0.0672342
4.17049 0.0704775
4.17534 0.015337
4.17534 0.015337
4.17534 0.015337
4.17579 0.0757776
4.17592 0.0159093
4.17592 0.0155898
4.17592 0.0155898
4.1772 0.0771898
4.18079 0.0807809
4.18916 0.0891506
4.19212 0.092114
4.19536 0.0153393
4.19536 0.0153393
4.19536 0.0153393
4.19568 0.0156543
4.19568 0.0153348
4.19568 0.0153348
4.19811 0.0981024
4.19843 0.0984219
4.19843 0.0984219
4.19875 0.0987414
4.19907 0.0990609
4.19976 0.0997613
4.20117 0.101162
4.20345 0.103423
4.20386 0.103861
4.20418 0.104173
4.20418 0.104173
4.2045 0.104495
4.20622 0.106212
4.20741 0.107402
4.20773 0.107722
4.2092 0.109192
4.20952 0.109512
4.21224 0.112232
4.21281 0.112794
4.21334 0.113332
4.21366 0.113651
4.21398 0.113971
4.21436 0.114352
4.21509 0.115087
4.21541 0.115396
4.21573 0.0157161
4.21585 0.015525
4.21585 0.015525
4.21585 0.015525
4.21598 0.0156534
4.21598 0.0153339
4.21598 0.0153339
4.2163 0.116292
4.21768 0.117669
4.21837 0.118361
4.21897 0.118961
4.21929 0.0192812
4.21929 0.0192664
4.21961 0.1196
4.21993 0.119919
4.2205 0.120488
4.22082 0.020808
4.22114 0.121127
4.22114 0.0211276
4.22317 0.0231545
4.22557 0.12556
4.22776 0.127746
4.2287 0.0286683
4.22955 0.129536
4.22987 0.0298564
4.23143 0.131419
4.23175 0.0317395
4.23175 0.0317247
4.23175 0.131739
4.23207 0.0320582
4.23338 0.133373
4.23445 0.0344399
4.23492 0.0349086
4.23524 0.135234
4.23537 0.0153686
4.23537 0.0153686
4.23537 0.0153686
4.23579 0.0357756
4.23591 0.0159099
4.23591 0.0155903
4.23591 0.0155903
4.23875 0.0387409
4.23917 0.139155
4.24073 0.140719
4.24105 0.141038
4.24183 0.141824
4.24215 0.142144
4.24257 0.0425396
4.24457 0.144556
4.24541 0.0454047
4.2458 0.145786
4.24752 0.0475056
4.24784 0.147824
4.2499 0.149886
4.25068 0.0506725
4.25162 0.0516141
4.25241 0.0524002
4.25537 0.0153481
4.25537 0.0153481
4.25537 0.0153481
4.25568 0.0156631
4.25568 0.0153436
4.25568 0.0153436
4.25989 0.0598816
4.26208 0.0620673
4.26504 0.0650307
4.26536 0.0653502
4.26727 0.067256
4.27048 0.0704682
4.27533 0.0153277
4.27533 0.0153277
4.27533 0.0153277
4.27578 0.0757683
4.27591 0.0159
4.27591 0.0155805
4.27591 0.0155805
4.27719 0.0771804
4.28062 0.080616
4.28918 0.0891724
4.29211 0.0921046
4.29535 0.0153299
4.29535 0.0153299
4.29535 0.0153299
4.29567 0.0156449
4.29567 0.0153254
4.29567 0.0153254
4.2981 0.098093
4.29842 0.0984125
4.29842 0.0984125
4.29874 0.098732
4.29906 0.0990515
4.29979 0.0997606
4.30116 0.101152
4.30344 0.103422
4.30385 0.10383
4.30417 0.104164
4.30417 0.104164
4.30449 0.104463
4.30621 0.106203
4.3074 0.107393
4.30772 0.107712
4.30919 0.109183
4.30951 0.109502
4.31226 0.112254
4.31283 0.112816
4.3133 0.113291
4.31362 0.113611
4.31394 0.11393
4.31438 0.114374
4.31508 0.115055
4.3154 0.115386
4.31572 0.0157068
4.31584 0.0155157
4.31584 0.0155157
4.31584 0.0155157
4.31597 0.0156441
4.31597 0.0153246
4.31597 0.0153246
4.31639 0.116376
4.31786 0.117846
4.31836 0.118352
4.31899 0.118983
4.31931 0.0193029
4.31931 0.0192968
4.31963 0.119622
4.31963 0.119622
4.32051 0.0205018
4.32083 0.120821
4.32115 0.12114
4.32115 0.0211408
4.32309 0.0230865
4.32558 0.125574
4.32777 0.127759
4.32868 0.0286576
4.32956 0.129549
4.32988 0.0298697
4.3315 0.0314894
4.33182 0.031815
4.33182 0.131814
4.33182 0.131814
4.33214 0.0321424
4.33352 0.133511
4.33452 0.0345154
4.33491 0.0348994
4.33523 0.135216
4.33535 0.0153508
4.33535 0.0153508
4.33535 0.0153508
4.33577 0.0357578
4.3359 0.015892
4.3359 0.0155725
4.3359 0.0155725
4.33877 0.038749
4.33918 0.139168
4.34074 0.140732
4.34106 0.141051
4.34182 0.141806
4.34214 0.142126
4.34258 0.0425615
4.34455 0.144538
4.34543 0.045418
4.34596 0.145954
4.34747 0.0474567
4.34779 0.147775
4.34982 0.149806
4.35066 0.0506547
4.35157 0.0515652
4.35242 0.0524135
4.35535 0.0153303
4.35535 0.0153303
4.35535 0.0153303
4.35567 0.0156453
4.35567 0.0153258
4.35567 0.0153258
4.35997 0.0599571
4.36203 0.0620184
4.3653 0.0652928
4.36562 0.0656123
4.36728 0.0672693
4.37049 0.0704815
4.37535 0.015341
4.37535 0.015341
4.37535 0.015341
4.37579 0.0757816
4.37592 0.0159133
4.37592 0.0155938
4.37592 0.0155938
4.37717 0.0771626
4.38076 0.0807537
4.38916 0.0891546
4.39213 0.0921179
4.39537 0.0153432
4.39537 0.0153432
4.39537 0.0153432
4.39568 0.0156582
4.39568 0.0153387
4.39568 0.0153387
4.39815 0.0981374
4.39847 0.0984569
4.39847 0.0984569
4.39879 0.0987764
4.3991 0.0990959
4.3998 0.0997825
4.40117 0.101166
4.40345 0.103444
4.40387 0.103851
4.40419 0.104177
4.40419 0.104177
4.40451 0.104485
4.40622 0.106216
4.40742 0.107406
4.40773 0.107726
4.40921 0.109196
4.40952 0.109516
4.41224 0.112236
4.41281 0.112798
4.41334 0.113336
4.41366 0.113655
4.41398 0.113975
4.41437 0.114356
4.41509 0.115077
4.41541 0.1154
4.41573 0.0157201
4.41586 0.015529
4.41586 0.015529
4.41586 0.015529
4.41599 0.0156574
4.41599 0.0153379
4.41599 0.0153379
4.4163 0.116296
4.41759 0.117579
4.41837 0.118365
4.41897 0.118965
4.41929 0.0192851
4.41929 0.0192876
4.41961 0.119604
4.41993 0.119923
4.4205 0.120492
4.42082 0.020812
4.42114 0.121131
4.42114 0.0211315
4.42311 0.0230893
4.42557 0.125564
4.42776 0.12775
4.4287 0.0286781
4.42955 0.12954
4.42987 0.0298603
4.43149 0.0314887
4.43181 0.0318057
4.43181 0.131805
4.43181 0.131805
4.43213 0.0321106
4.4336 0.133595
4.43445 0.0344438
4.43493 0.0348987
4.43525 0.135238
4.43537 0.0153726
4.43537 0.0153726
4.43537 0.0153726
4.43576 0.0357485
4.43589 0.0158827
4.43589 0.0155632
4.43589 0.0155632
4.43876 0.0387345
4.43917 0.139159
4.44073 0.140723
4.44105 0.141042
4.44184 0.141828
4.44216 0.142148
4.44257 0.0425608
4.44454 0.144528
4.44542 0.0454087
4.44595 0.145945
4.44755 0.0475407
4.44787 0.147859
4.44996 0.149952
4.45068 0.0506765
4.45156 0.0515559
4.45241 0.0524041
4.45534 0.0153209
4.45534 0.0153209
4.45534 0.0153209
4.45569 0.015667
4.45569 0.0153475
4.45569 0.0153475
4.45989 0.0598855
4.46227 0.0622579
4.46523 0.0652212
4.46555 0.0655407
4.46724 0.0672288
4.47048 0.0704721
4.47534 0.0153316
4.47534 0.0153316
4.47534 0.0153316
4.47578 0.0757722
4.47591 0.0159039
4.47591 0.0155844
4.47591 0.0155844
4.47719 0.0771843
4.48078 0.0807755
4.48918 0.0891763
4.49212 0.0921086
4.49536 0.0153339
4.49536 0.0153339
4.49536 0.0153339
4.49567 0.0156489
4.49567 0.0153294
4.49567 0.0153294
4.49811 0.0980969
4.49842 0.0984165
4.49842 0.0984165
4.49874 0.098736
4.49906 0.0990555
4.49979 0.0997818
4.50116 0.101156
4.50344 0.103443
4.50386 0.103851
4.50418 0.104168
4.50418 0.104168
4.5045 0.104484
4.50621 0.106206
4.50741 0.107397
4.50772 0.107716
4.50919 0.109187
4.50951 0.109506
4.51223 0.112226
4.51283 0.11282
4.5133 0.113295
4.51362 0.113615
4.51394 0.113934
4.51436 0.114347
4.51508 0.115076
4.5154 0.11539
4.51572 0.0157107
4.51585 0.0155196
4.51585 0.0155196
4.51585 0.0155196
4.51597 0.015648
4.51597 0.0153285
4.51597 0.0153285
4.51629 0.116286
4.51764 0.117632
4.51836 0.118356
4.51899 0.118987
4.51931 0.0193069
4.51931 0.0192869
4.51963 0.119626
4.51995 0.119945
4.52049 0.120482
4.52081 0.0208026
4.52113 0.121121
4.52113 0.0211221
4.52316 0.0231543
4.52556 0.125555
4.52778 0.127772
4.52869 0.0286895
4.52957 0.129562
4.52989 0.0298821
4.53139 0.0313835
4.53171 0.131702
4.53171 0.0316831
4.53171 0.131702
4.53203 0.0320166
4.53341 0.133399
4.53444 0.0344345
4.53492 0.034898
4.53524 0.135228
4.53536 0.0153632
4.53536 0.0153632
4.53536 0.0153632
4.53578 0.0357702
4.53591 0.0159044
4.53591 0.0155849
4.53591 0.0155849
4.53878 0.0387511
4.53916 0.13915
4.54075 0.140744
4.54107 0.141064
4.54183 0.141819
4.54215 0.142138
4.54256 0.042529
4.54456 0.14455
4.54556 0.0455548
4.54594 0.145936
4.54751 0.0475002
4.54783 0.147819
4.54989 0.14988
4.55067 0.0506671
4.55162 0.0516087
4.5524 0.0523948
4.55536 0.0153427
4.55536 0.0153427
4.55536 0.0153427
4.55568 0.0156577
4.55568 0.0153382
4.55568 0.0153382
4.55991 0.0599073
4.56204 0.0620308
4.56531 0.0653052
4.56563 0.0656247
4.56735 0.0673439
4.57047 0.0704628
4.57533 0.0153223
4.57533 0.0153223
4.57533 0.0153223
4.57577 0.0757629
4.5759 0.0158946
4.5759 0.0155751
4.5759 0.0155751
4.57718 0.077175
4.58061 0.0806106
4.58917 0.089167
4.59211 0.0920992
4.59535 0.0153245
4.59535 0.0153245
4.59535 0.0153245
4.59566 0.0156395
4.59566 0.01532
4.59566 0.01532
4.59813 0.0981187
4.59845 0.0984382
4.59845 0.0984382
4.59877 0.0987577
4.59908 0.0990772
4.59981 0.0997811
4.60112 0.101116
4.60346 0.103443
4.60388 0.10385
4.6042 0.10419
4.6042 0.10419
4.60452 0.104514
4.6062 0.106197
4.60727 0.107263
4.60759 0.107583
4.60918 0.109177
4.6095 0.109497
4.61225 0.112248
4.61282 0.112811
4.61329 0.113286
4.61361 0.113605
4.61393 0.113925
4.61438 0.114369
4.61507 0.115044
4.61539 0.115381
4.61571 0.0157014
4.61584 0.0155103
4.61584 0.0155103
4.61584 0.0155103
4.616 0.0156698
4.616 0.0153503
4.616 0.0153503
4.61641 0.116401
4.61754 0.117529
4.61826 0.118253
4.61898 0.118977
4.6193 0.0192975
4.6193 0.0192862
4.61962 0.119616
4.61962 0.119616
4.6205 0.0204964
4.62082 0.120815
4.62114 0.121135
4.62114 0.0211354
4.62311 0.0230864
4.62558 0.125568
4.62776 0.127754
4.62867 0.0286705
4.62958 0.129575
4.6299 0.0298954
4.6315 0.0314788
4.63182 0.131809
4.63182 0.131809
4.63182 0.0318096
4.63214 0.0321318
4.63364 0.13363
4.63442 0.0344167
4.6349 0.0348888
4.63522 0.13521
4.63535 0.0153454
4.63535 0.0153454
4.63535 0.0153454
4.63576 0.0357524
4.63589 0.0158866
4.63589 0.0155671
4.63589 0.0155671
4.63876 0.0387281
4.6392 0.139194
4.6407 0.140695
4.64102 0.141015
4.64181 0.141801
4.64213 0.14212
4.64257 0.0425509
4.64454 0.144532
4.64542 0.0454126
4.64599 0.14598
4.64743 0.0474202
4.64775 0.147739
4.64984 0.149831
4.65069 0.0506804
4.6516 0.0515909
4.65245 0.0524392
4.65534 0.0153249
4.65534 0.0153249
4.65534 0.0153249
4.65566 0.0156399
4.65566 0.0153204
4.65566 0.0153204
4.6599 0.0598895
4.66202 0.062013
4.66529 0.0652874
4.66561 0.0656069
4.66724 0.0672328
4.67048 0.070476
4.67534 0.0153356
4.67534 0.0153356
4.67534 0.0153356
4.67578 0.0757762
4.67591 0.0159079
4.67591 0.0155884
4.67591 0.0155884
4.67716 0.0771572
4.68078 0.0807794
4.68916 0.0891492
4.69212 0.0921125
4.69536 0.0153378
4.69536 0.0153378
4.69536 0.0153378
4.69567 0.0156528
4.69567 0.0153333
4.69567 0.0153333
4.69814 0.098132
4.69846 0.0984515
4.69846 0.0984515
4.69878 0.098771
4.6991 0.0990905
4.69979 0.0997719
4.70126 0.101254
4.70345 0.103434
4.70389 0.103872
4.70421 0.104203
4.70421 0.104203
4.70453 0.104505
4.70625 0.106241
4.70725 0.107245
4.70757 0.107565
4.70907 0.109066
4.70939 0.109386
4.71223 0.11223
4.7128 0.112793
4.71327 0.113268
4.71359 0.113588
4.71391 0.113907
4.71436 0.114351
4.71508 0.115066
4.7154 0.115394
4.71572 0.0157147
4.71585 0.0155236
4.71585 0.0155236
4.71585 0.0155236
4.71598 0.015652
4.71598 0.0153324
4.71598 0.0153324
4.7163 0.11629
4.71749 0.117481
4.7184 0.118391
4.71897 0.118959
4.71929 0.0192797
4.71929 0.019277
4.71961 0.119598
4.71961 0.119598
4.72052 0.0205097
4.72083 0.120828
4.72115 0.121148
4.72115 0.0211487
4.72318 0.023174
4.72581 0.125799
4.72777 0.127767
4.72868 0.0286537
4.72956 0.129557
4.72988 0.0298775
4.73148 0.0314696
4.7318 0.0317918
4.7318 0.131791
4.7318 0.131791
4.73212 0.0320915
4.73356 0.13355
4.73444 0.03443
4.73491 0.0349108
4.73523 0.135224
4.73536 0.0153276
4.73536 0.0153276
4.73536 0.0153276
4.73577 0.0357657
4.7359 0.0158688
4.7359 0.0155493
4.7359 0.0155493
4.73874 0.0387362
4.73918 0.139176
4.74078 0.140771
4.7411 0.14109
4.74182 0.141814
4.74214 0.142134
4.74258 0.0425729
4.74455 0.144546
4.74543 0.0454259
4.74597 0.145962
4.74756 0.0475579
4.74788 0.147877
4.74994 0.149938
4.75067 0.0506626
4.75161 0.0516042
4.75243 0.0524214
4.75535 0.0153381
4.75535 0.0153381
4.75535 0.0153381
4.75567 0.0156532
4.75567 0.0153337
4.75567 0.0153337
4.75988 0.0598716
4.76231 0.0623062
4.76503 0.0650207
4.76535 0.0653402
4.76725 0.0672461
4.7705 0.0704893
4.77535 0.0153489
4.77535 0.0153489
4.77535 0.0153489
4.77576 0.0757584
4.77589 0.0158901
4.77589 0.0155706
4.77589 0.0155706
4.77721 0.0772016
4.78064 0.0806372
4.78917 0.0891624
4.7921 0.0920947
4.79534 0.01532
4.79534 0.01532
4.79534 0.01532
4.79569 0.0156661
4.79569 0.0153466
4.79569 0.0153466
4.79812 0.0981142
4.79844 0.0984337
4.79844 0.0984337
4.79876 0.0987532
4.79908 0.0990727
4.79977 0.0997628
4.80118 0.101174
4.80343 0.103424
4.80375 0.103738
4.80407 0.104061
4.80407 0.104061
4.80442 0.104403
4.8062 0.106193
4.80723 0.107227
4.80755 0.107547
4.80909 0.10908
4.8094 0.109399
4.81224 0.112244
4.81281 0.112806
4.81329 0.113281
4.81361 0.113601
4.81393 0.11392
4.81437 0.114364
4.81506 0.115057
4.81538 0.115377
4.8157 0.0156969
4.81583 0.0155058
4.81583 0.0155058
4.81583 0.0155058
4.81599 0.0156652
4.81599 0.0153457
4.81599 0.0153457
4.81646 0.116459
4.81747 0.117463
4.81825 0.118249
4.81898 0.118973
4.8193 0.019293
4.8193 0.0192679
4.81962 0.119612
4.81962 0.119612
4.82047 0.0204608
4.82079 0.120779
4.8211 0.121099
4.8211 0.0210998
4.8232 0.0231682
4.82557 0.125564
4.82776 0.12775
4.8287 0.028696
4.82958 0.129571
4.8299 0.0298908
4.8314 0.0313923
4.83172 0.131711
4.83172 0.0316866
4.83172 0.131711
4.83204 0.0320201
4.83348 0.13347
4.83442 0.0344121
4.83492 0.0349016
4.83524 0.135237
4.83537 0.0153409
4.83537 0.0153409
4.83537 0.0153409
4.83582 0.0358101
4.83594 0.0159132
4.83594 0.0155937
4.83594 0.0155937
4.83875 0.0387443
4.83923 0.139221
4.84073 0.140722
4.84105 0.141041
4.8418 0.141796
4.84212 0.142116
4.84257 0.0425637
4.84453 0.144528
4.84541 0.0454081
4.84595 0.145945
4.84745 0.0474468
4.84777 0.147765
4.84993 0.14992
4.85053 0.0505204
4.85156 0.0515553
4.85241 0.0524036
4.85534 0.0153203
4.85534 0.0153203
4.85534 0.0153203
4.85568 0.0156664
4.85568 0.0153469
4.85568 0.0153469
4.85983 0.0598227
4.86201 0.0620085
4.86529 0.0652829
4.86561 0.0656024
4.8673 0.0672904
4.87048 0.0704715
4.87533 0.015331
4.87533 0.015331
4.87533 0.015331
4.87578 0.0757716
4.8759 0.0159034
4.8759 0.0155838
4.8759 0.0155838
4.87716 0.0771527
4.88087 0.0808371
4.88918 0.0891757
4.89211 0.092108
4.89535 0.0153333
4.89535 0.0153333
4.89535 0.0153333
4.89567 0.0156483
4.89567 0.0153288
4.89567 0.0153288
4.89813 0.0981275
4.89845 0.098447
4.89845 0.098447
4.89877 0.0987665
4.89909 0.099086
4.89978 0.0997536
4.90119 0.101187
4.9035 0.103477
4.90388 0.103854
4.9042 0.104198
4.9042 0.104198
4.90452 0.104518
4.90621 0.106206
4.90725 0.107241
4.90757 0.10756
4.90907 0.109062
4.90939 0.109381
4.91226 0.112226
4.91282 0.11282
4.9133 0.113295
4.91362 0.113614
4.91394 0.113934
4.91435 0.114346
4.91508 0.115048
4.91539 0.11539
4.91571 0.0157102
4.91584 0.015519
4.91584 0.015519
4.91584 0.015519
4.91597 0.0156474
4.91597 0.0153279
4.91597 0.0153279
4.91642 0.11641
4.91751 0.117507
4.91833 0.118324
4.91902 0.119017
4.91934 0.0193374
4.91934 0.0193209
4.91966 0.119656
4.91966 0.119656
4.92045 0.020443
4.92077 0.120762
4.92109 0.121081
4.92141 0.0214015
4.92284 0.0228289
4.92556 0.125554
4.92778 0.127771
4.92869 0.0286678
4.92957 0.129561
4.92989 0.0298815
4.93142 0.131413
4.93174 0.0317336
4.93174 0.031717
4.93174 0.131733
4.93206 0.0320279
4.93359 0.133585
4.93444 0.0344339
4.93491 0.0349009
4.93523 0.135228
4.93536 0.0153315
4.93536 0.0153315
4.93536 0.0153315
4.93577 0.0357696
4.9359 0.0158728
4.9359 0.0155532
4.9359 0.0155532
4.93874 0.0387298
4.93922 0.139211
4.94072 0.140713
4.94104 0.141032
4.94185 0.141849
4.94217 0.142169
4.94256 0.0425319
4.94459 0.144581
4.94543 0.0454298
4.94594 0.145935
4.94744 0.0474374
4.94776 0.147756
4.94979 0.149786
4.95055 0.0505421
4.95155 0.0515459
4.9524 0.0523942
4.95536 0.0153421
4.95536 0.0153421
4.95536 0.0153421
4.95567 0.0156571
4.95567 0.0153376
4.95567 0.0153376
4.95972 0.0597201
4.96216 0.0621546
4.96503 0.0650247
4.96535 0.0653442
4.96725 0.06725
4.97047 0.0704622
4.97532 0.0153217
4.97532 0.0153217
4.97532 0.0153217
4.97577 0.0757623
4.97589 0.015894
4.97589 0.0155745
4.97589 0.0155745
4.97718 0.0771744
4.98064 0.08061
4.98917 0.0891664
4.9921 0.0920986
4.99534 0.0153239
4.99534 0.0153239
4.99534 0.0153239
4.99569 0.0156701
4.99569 0.0153505
4.99569 0.0153505
4.99812 0.0981181
4.99844 0.0984376
4.99844 0.0984376
4.99876 0.0987571
4.99908 0.0990766
4.99977 0.0997529
5.00118 0.101178
5.00355 0.103539
5.00387 0.103853
5.00419 0.104189
5.00419 0.104189
5.00451 0.104488
5.0062 0.106199
5.00739 0.107389
5.00771 0.107709
5.00906 0.109055
5.00938 0.109374
5.01225 0.112219
5.01285 0.112844
5.01329 0.113288
5.01361 0.113607
5.01393 0.113927
5.01437 0.11437
5.01507 0.115049
5.01539 0.115383
5.01571 0.015703
5.01583 0.0155119
5.01583 0.0155119
5.01583 0.0155119
5.01599 0.0156714
5.01599 0.0153519
5.01599 0.0153519
5.01638 0.116372
5.0176 0.117593
5.01838 0.118379
5.01898 0.118979
5.0193 0.0192992
5.0193 0.0192913
5.01962 0.119618
5.01962 0.119618
5.02047 0.020467
5.02079 0.120786
5.02111 0.121105
5.02111 0.021106
5.02289 0.022865
5.02557 0.12557
5.02776 0.127756
5.02867 0.0286645
5.02955 0.129546
5.02987 0.0298659
5.0314 0.131398
5.03172 0.031718
5.03172 0.0317101
5.03172 0.131717
5.03204 0.0320294
5.03354 0.133538
5.03442 0.0344183
5.0349 0.0348939
5.03522 0.135212
5.03538 0.0153471
5.03538 0.0153471
5.03538 0.0153471
5.03576 0.0357541
5.03589 0.0158572
5.03589 0.0155377
5.03589 0.0155377
5.03876 0.0387401
5.0392 0.139196
5.04073 0.140728
5.04105 0.141048
5.04184 0.141834
5.04216 0.142153
5.04257 0.0425561
5.04457 0.144565
5.04545 0.0454454
5.04592 0.14592
5.04749 0.0474841
5.04781 0.147803
5.04987 0.149864
5.05053 0.0505265
5.05156 0.0515614
5.05244 0.0524408
5.05534 0.0153265
5.05534 0.0153265
5.05534 0.0153265
5.05569 0.0156726
5.05569 0.0153531
5.05569 0.0153531
5.05989 0.0598911
5.06227 0.0622635
5.06507 0.0650713
5.06539 0.0653908
5.06739 0.0673899
5.07048 0.0704777
5.07534 0.0153372
5.07534 0.0153372
5.07534 0.0153372
5.07578 0.0757778
5.07591 0.0159095
5.07591 0.01559
5.07591 0.01559
5.07719 0.0771899
5.08065 0.0806255
5.08915 0.0891508
5.09212 0.0921141
5.09536 0.0153395
5.09536 0.0153395
5.09536 0.0153395
5.09567 0.0156545
5.09567 0.015335
5.09567 0.015335
5.09811 0.0981025
5.09843 0.098422
5.09843 0.098422
5.09874 0.0987415
5.09906 0.0990611
5.09979 0.099777
5.10113 0.101131
5.10354 0.103532
5.10386 0.103846
5.10418 0.104173
5.10418 0.104173
5.1045 0.104479
5.10625 0.106243
5.10722 0.107216
5.10754 0.107535
5.1092 0.109192
5.10952 0.109512
5.11226 0.112232
5.11289 0.112888
5.1133 0.113301
5.11362 0.11362
5.11394 0.11394
5.11436 0.114353
5.11508 0.115071
5.1154 0.115396
5.11572 0.0157163
5.11585 0.0155252
5.11585 0.0155252
5.11585 0.0155252
5.11598 0.0156536
5.11598 0.0153341
5.11598 0.0153341
5.11648 0.116478
5.11786 0.117855
5.1183 0.118299
5.119 0.118992
5.11931 0.0193125
5.11931 0.0193132
5.11963 0.119631
5.11963 0.119631
5.12045 0.0204491
5.12077 0.120768
5.12109 0.121087
5.12141 0.0214077
5.12288 0.0228762
5.12556 0.125561
5.12784 0.12784
5.12869 0.0286894
5.1296 0.129598
5.12992 0.0299188
5.13139 0.0313891
5.13171 0.0317094
5.13171 0.131708
5.13171 0.131708
5.13203 0.0320061
5.13369 0.133684
5.1345 0.0345023
5.13492 0.0348932
5.13524 0.135234
5.13537 0.0153377
5.13537 0.0153377
5.13537 0.0153377
5.13575 0.0357447
5.13588 0.0158478
5.13588 0.0155283
5.13588 0.0155283
5.13875 0.0387256
5.13913 0.139124
5.14072 0.140719
5.14104 0.141038
5.14183 0.141824
5.14215 0.142144
5.14256 0.0425553
5.14456 0.144556
5.14544 0.045436
5.14598 0.145972
5.14748 0.0474747
5.1478 0.147793
5.14986 0.149855
5.15052 0.0505172
5.15159 0.0515832
5.15243 0.0524315
5.15536 0.0153483
5.15536 0.0153483
5.15536 0.0153483
5.15568 0.0156633
5.15568 0.0153438
5.15568 0.0153438
5.15985 0.0598506
5.16204 0.0620364
5.16534 0.0653419
5.16566 0.0656614
5.16729 0.0672873
5.17047 0.0704683
5.17536 0.0153279
5.17536 0.0153279
5.17536 0.0153279
5.17577 0.0757685
5.1759 0.0158691
5.1759 0.0155496
5.1759 0.0155496
5.17715 0.0771495
5.18071 0.0806784
5.18914 0.0891415
5.19208 0.0920737
5.19535 0.0153301
5.19535 0.0153301
5.19535 0.0153301
5.19566 0.0156451
5.19566 0.0153256
5.19566 0.0153256
5.19775 0.097751
5.19817 0.0981639
5.19849 0.0984834
5.19881 0.0988029
5.19912 0.0991224
5.19979 0.0997848
5.20129 0.101285
5.20357 0.10354
5.20389 0.103885
5.20421 0.104204
5.20421 0.104204
5.20453 0.104518
5.20624 0.106242
5.20725 0.107246
5.20757 0.107566
5.20919 0.109191
5.20951 0.109511
5.21226 0.112231
5.2128 0.112794
5.2133 0.1133
5.21362 0.113619
5.21394 0.113939
5.21432 0.114321
5.21514 0.11511
5.21546 0.115457
5.21578 0.0157777
5.21591 0.0155865
5.21591 0.0155865
5.21591 0.0155865
5.21604 0.0157149
5.21604 0.0153954
5.21604 0.0153954
5.21636 0.116353
5.21761 0.117606
5.2183 0.118299
5.21902 0.119022
5.21934 0.0193427
5.21934 0.019321
5.21966 0.119661
5.21966 0.119661
5.22045 0.0204483
5.22077 0.120767
5.22109 0.121086
5.22141 0.0214068
5.22288 0.0228648
5.2255 0.125498
5.22781 0.127808
5.22869 0.0286605
5.22957 0.129566
5.22989 0.0298868
5.23139 0.131387
5.23171 0.031686
5.23171 0.0317077
5.23171 0.131707
5.23203 0.0320223
5.23353 0.133528
5.23444 0.0344392
5.23492 0.134913
5.23492 0.034901
5.23536 0.0153284
5.23536 0.0153284
5.23536 0.0153284
5.23577 0.0357665
5.2359 0.0158696
5.2359 0.0155501
5.2359 0.0155501
5.23877 0.0387422
5.23921 0.139208
5.24074 0.140741
5.24106 0.14106
5.24182 0.141815
5.24214 0.142135
5.24261 0.0425857
5.24455 0.144546
5.24546 0.0454578
5.24584 0.145839
5.24759 0.0475898
5.24791 0.147908
5.24997 0.14997
5.25054 0.050539
5.25161 0.051605
5.25245 0.0524532
5.25535 0.0153389
5.25535 0.0153389
5.25535 0.0153389
5.25567 0.0156539
5.25567 0.0153344
5.25567 0.0153344
5.25987 0.0598724
5.26225 0.0622448
5.26505 0.0650526
5.26537 0.0653721
5.26725 0.0672468
5.27046 0.070459
5.27538 0.0153496
5.27538 0.0153496
5.27538 0.0153496
5.27579 0.0757902
5.27592 0.0158908
5.27592 0.0155713
5.27592 0.0155713
5.2772 0.0772023
5.28067 0.0806379
5.28916 0.0891632
5.2921 0.0920955
5.29537 0.0153519
5.29537 0.0153519
5.29537 0.0153519
5.29568 0.0156669
5.29568 0.0153474
5.29568 0.0153474
5.29771 0.0977106
5.29816 0.0981545
5.29848 0.098474
5.2988 0.0987935
5.29911 0.099113
5.29978 0.099753
5.30115 0.101152
5.30353 0.103508
5.30391 0.103884
5.30423 0.104225
5.30423 0.104225
5.30455 0.104517
5.30627 0.106264
5.3068 0.106801
5.3075 0.107494
5.30918 0.109182
5.3095 0.109502
5.31225 0.112222
5.31294 0.11294
5.31332 0.113322
5.31364 0.113641
5.31396 0.113961
5.31431 0.114311
5.31507 0.115047
5.31539 0.115386
5.31571 0.0157061
5.31584 0.015515
5.31584 0.015515
5.31584 0.015515
5.31596 0.0156434
5.31596 0.0153239
5.31596 0.0153239
5.31638 0.116375
5.31769 0.11769
5.31838 0.118382
5.31901 0.119013
5.31933 0.0193333
5.31933 0.0193203
5.31965 0.119652
5.31965 0.119652
5.32044 0.0204389
5.32076 0.120758
5.32108 0.121077
5.3214 0.0213974
5.32299 0.0229693
5.32558 0.125581
5.32777 0.127767
5.32868 0.0286543
5.32962 0.129619
5.32994 0.0299396
5.33138 0.0313789
5.3317 0.131698
5.3317 0.0316853
5.3317 0.131698
5.33202 0.031999
5.3334 0.133394
5.33443 0.0344298
5.33491 0.0349003
5.33523 0.135224
5.33535 0.0153275
5.33535 0.0153275
5.33535 0.0153275
5.33577 0.0357656
5.33589 0.0158687
5.33589 0.0155492
5.33589 0.0155492
5.33821 0.0381762
5.33918 0.139176
5.34074 0.14074
5.34106 0.141059
5.34182 0.141814
5.34214 0.142134
5.34258 0.0425624
5.3447 0.144701
5.34543 0.0454258
5.34584 0.145838
5.34747 0.0474645
5.34778 0.147783
5.34991 0.149907
5.35054 0.0505381
5.35157 0.051573
5.35224 0.0522346
5.35535 0.015338
5.35535 0.015338
5.35535 0.015338
5.35566 0.015653
5.35566 0.0153335
5.35566 0.0153335
5.35987 0.0598715
5.36209 0.0620884
5.36502 0.0650206
5.36534 0.0653401
5.36725 0.0672459
5.37046 0.0704581
5.37538 0.0153487
5.37538 0.0153487
5.37538 0.0153487
5.37579 0.0757893
5.37592 0.0158899
5.37592 0.0155704
5.37592 0.0155704
5.37714 0.0771392
5.38076 0.0807304
5.38916 0.0891623
5.3921 0.0920946
5.39537 0.015351
5.39537 0.015351
5.39537 0.015351
5.39568 0.015666
5.39568 0.0153465
5.39568 0.0153465
5.39771 0.0977097
5.39812 0.0981225
5.39844 0.098442
5.39876 0.0987615
5.39908 0.099081
5.39977 0.0997608
5.40115 0.101151
5.40343 0.103422
5.40387 0.103861
5.40419 0.104193
5.40419 0.104193
5.40451 0.104494
5.40626 0.106263
5.40724 0.107236
5.40756 0.107555
5.40918 0.109181
5.4095 0.109501
5.41228 0.112252
5.4126 0.112597
5.41292 0.112916
5.41352 0.113516
5.41387 0.113867
5.41431 0.11431
5.41504 0.115024
5.41535 0.115354
5.41567 0.0156741
5.4158 0.015483
5.4158 0.015483
5.4158 0.015483
5.41596 0.0156425
5.41596 0.015323
5.41596 0.015323
5.41647 0.116467
5.41763 0.117627
5.41835 0.11835
5.41901 0.119012
5.41933 0.0193325
5.41933 0.0193281
5.41965 0.119651
5.41965 0.119651
5.42044 0.020438
5.42076 0.120757
5.42108 0.121076
5.4214 0.0213966
5.42287 0.0228646
5.42558 0.125581
5.42783 0.127829
5.42868 0.0286513
5.42956 0.129556
5.42988 0.0298765
5.43138 0.131377
5.4317 0.0316975
5.4317 0.0316931
5.4317 0.131697
5.43202 0.0320152
5.43364 0.133642
5.43452 0.0345223
5.43494 0.034908
5.43494 0.134934
5.43537 0.0153492
5.43537 0.0153492
5.43537 0.0153492
5.43576 0.0357562
5.43588 0.0158593
5.43588 0.0155398
5.43588 0.0155398
5.43823 0.0382013
5.4392 0.139198
5.44076 0.140761
5.44108 0.141081
5.44181 0.141805
5.44213 0.142124
5.44263 0.0426239
5.44457 0.144567
5.44526 0.14526
5.44558 0.0455804
5.44746 0.0474551
5.44777 0.147774
5.44987 0.149866
5.45053 0.0505287
5.45163 0.0516258
5.45226 0.0522564
5.45534 0.0153287
5.45534 0.0153287
5.45534 0.0153287
5.45565 0.0156437
5.45565 0.0153242
5.45565 0.0153242
5.45992 0.0599244
5.46202 0.0620168
5.46517 0.0651668
5.46549 0.0654863
5.46739 0.0673921
5.47045 0.0704488
5.47537 0.0153394
5.47537 0.0153394
5.47537 0.0153394
5.47578 0.07578
5.47591 0.0158806
5.47591 0.0155611
5.47591 0.0155611
5.47716 0.077161
5.48068 0.0806588
5.48915 0.089153
5.49209 0.0920852
5.49536 0.0153416
5.49536 0.0153416
5.49536 0.0153416
5.49567 0.0156566
5.49567 0.0153371
5.49567 0.0153371
5.4977 0.0977004
5.49814 0.0981443
5.49846 0.0984638
5.49878 0.0987833
5.4991 0.0991028
5.49942 0.0994179
5.50123 0.101235
5.50351 0.103484
5.50386 0.10386
5.50418 0.104184
5.50418 0.104184
5.5045 0.104493
5.50619 0.106192
5.50726 0.107258
5.50758 0.107577
5.50911 0.10911
5.50943 0.109429
5.51227 0.112243
5.51259 0.112588
5.51291 0.112907
5.51351 0.113507
5.51383 0.113826
5.51433 0.114332
5.51503 0.115023
5.51534 0.115344
5.51566 0.0156337
5.51579 0.0154425
5.51579 0.0154425
5.51579 0.0154425
5.51601 0.0156642
5.51601 0.0153447
5.51601 0.0153447
5.51633 0.116334
5.51759 0.117586
5.5184 0.118403
5.51903 0.119034
5.51935 0.0193231
5.51935 0.0193273
5.51967 0.119673
5.51967 0.119673
5.52049 0.0204598
5.52081 0.12081
5.52113 0.121129
5.52145 0.0214183
5.52283 0.0228136
5.5256 0.125602
5.52776 0.127757
5.5287 0.0286854
5.52961 0.129609
5.52993 0.0298983
5.53152 0.0314973
5.53184 0.0318126
5.53184 0.131843
5.53216 0.132162
5.53216 0.0321474
5.53326 0.133259
5.53448 0.0344507
5.53492 0.0349073
5.53524 0.135244
5.53537 0.0153484
5.53537 0.0153484
5.53537 0.0153484
5.53579 0.0357553
5.53591 0.0158896
5.53591 0.0155701
5.53591 0.0155701
5.53838 0.0383592
5.5392 0.139197
5.54076 0.140761
5.54108 0.14108
5.54184 0.141835
5.54215 0.142155
5.54269 0.0426628
5.54457 0.144566
5.54507 0.145073
5.54545 0.045424
5.54745 0.0474231
5.54777 0.147773
5.54996 0.149959
5.55056 0.0505278
5.55169 0.0516561
5.55225 0.0522244
5.55534 0.0153278
5.55534 0.0153278
5.55534 0.0153278
5.55565 0.0156428
5.55565 0.0153233
5.55565 0.0153233
5.55967 0.0596436
5.56214 0.0621092
5.56507 0.0650415
5.56539 0.065361
5.56727 0.0672357
5.57048 0.0704479
5.57537 0.0153385
5.57537 0.0153385
5.57537 0.0153385
5.57581 0.0757791
5.57594 0.0159108
5.57594 0.0155913
5.57594 0.0155913
5.57719 0.0771601
5.58068 0.0806579
5.58918 0.0891521
5.59211 0.0920843
5.59535 0.0153408
5.59535 0.0153408
5.59535 0.0153408
5.59567 0.0156558
5.59567 0.0153363
5.59567 0.0153363
5.59773 0.0976995
5.59817 0.0981434
5.59849 0.0984629
5.59881 0.0987824
5.59913 0.0991019
5.59945 0.0994341
5.60123 0.101203
5.60354 0.103523
5.60386 0.103837
5.60418 0.104182
5.60418 0.104152
5.60418 0.104152
5.60624 0.106213
5.60728 0.107248
5.60769 0.107661
5.60913 0.1091
5.60945 0.10942
5.61226 0.112233
5.61295 0.11292
5.61333 0.113302
5.61365 0.113622
5.61397 0.113941
5.61435 0.114323
5.61511 0.115085
5.61543 0.115397
5.61575 0.0157176
5.61588 0.0155265
5.61588 0.0155265
5.61588 0.0155265
5.616 0.0156549
5.616 0.0153354
5.616 0.0153354
5.61632 0.116293
5.61764 0.117608
5.61833 0.118301
5.61905 0.119025
5.61937 0.0193449
5.61937 0.0193577
5.61969 0.119664
5.61969 0.119664
5.62054 0.0205126
5.62086 0.120831
5.62118 0.121151
5.62118 0.0211517
5.6229 0.0228786
5.62561 0.125585
5.6278 0.12777
5.62862 0.0286085
5.62962 0.129591
5.62994 0.0299116
5.63141 0.0313819
5.63173 0.131701
5.63173 0.0317143
5.63173 0.131701
5.63205 0.0320223
5.6334 0.133366
5.63456 0.0345262
5.63494 0.0349293
5.63526 0.135227
5.63539 0.0153617
5.63539 0.0153617
5.63539 0.0153617
5.6358 0.0357686
5.63593 0.0159029
5.63593 0.0155834
5.63593 0.0155834
5.63839 0.0383758
5.63921 0.139179
5.64074 0.140712
5.64106 0.141031
5.64185 0.141817
5.64185 0.141817
5.6426 0.0425829
5.64469 0.144665
5.64529 0.145264
5.64561 0.0455844
5.64761 0.0475835
5.64793 0.147902
5.64978 0.149746
5.65056 0.0505327
5.6516 0.0515676
5.65229 0.0522603
5.65534 0.0153326
5.65534 0.0153326
5.65534 0.0153326
5.65566 0.0156476
5.65566 0.0153281
5.65566 0.0153281
5.65977 0.0597417
5.66205 0.0620208
5.6652 0.0651707
5.66552 0.0654902
5.6673 0.0672716
5.67048 0.0704527
5.67537 0.0153433
5.67537 0.0153433
5.67537 0.0153433
5.67581 0.0757839
5.67594 0.0159156
5.67594 0.0155961
5.67594 0.0155961
5.67719 0.0771649
5.68075 0.080725
5.68919 0.0891569
5.69212 0.0920892
5.69536 0.0153456
5.69536 0.0153456
5.69536 0.0153456
5.69567 0.0156606
5.69567 0.0153411
5.69567 0.0153411
5.69814 0.0981087
5.69846 0.0984282
5.69846 0.0984282
5.69878 0.0987477
5.6991 0.0990672
5.69979 0.0997586
5.70123 0.101199
5.70345 0.103434
5.70389 0.103873
5.70421 0.104195
5.70421 0.104179
5.70421 0.104179
5.70618 0.106147
5.70724 0.107213
5.70756 0.107533
5.70922 0.10919
5.70954 0.109509
5.71225 0.11223
5.71282 0.112792
5.71333 0.113298
5.71365 0.113618
5.71397 0.113937
5.71435 0.114319
5.7151 0.11509
5.71542 0.115394
5.71574 0.015714
5.71587 0.0155229
5.71587 0.0155229
5.71587 0.0155229
5.716 0.0156513
5.716 0.0153317
5.716 0.0153317
5.71632 0.116289
5.71763 0.117604
5.71839 0.118359
5.71905 0.119021
5.71937 0.0193412
5.71937 0.0193627
5.71969 0.11966
5.71969 0.11966
5.72054 0.020509
5.72086 0.120828
5.72118 0.121147
5.72118 0.021148
5.72283 0.0228333
5.72561 0.125581
5.72789 0.12786
5.72861 0.0286058
5.72955 0.129525
5.72987 0.0298457
5.7315 0.0314931
5.73182 0.0317911
5.73182 0.13179
5.73182 0.13179
5.73214 0.032129
5.73355 0.133518
5.73452 0.0344915
5.73493 0.0349032
5.73525 0.135223
5.73538 0.015358
5.73538 0.015358
5.73538 0.015358
5.73579 0.035765
5.73592 0.0158992
5.73592 0.0155797
5.73592 0.0155797
5.73839 0.0383754
5.73924 0.139207
5.74077 0.140739
5.74109 0.141059
5.74184 0.141814
5.74216 0.142133
5.74264 0.0426275
5.74457 0.144545
5.74533 0.1453
5.74565 0.0456203
5.74755 0.0475261
5.74787 0.147845
5.74981 0.149782
5.75057 0.0505375
5.75163 0.0516035
5.75217 0.0521407
5.75535 0.0153374
5.75535 0.0153374
5.75535 0.0153374
5.75566 0.0156525
5.75566 0.0153329
5.75566 0.0153329
5.7599 0.0598709
5.76205 0.0620256
5.76527 0.0652378
5.76559 0.0655573
5.76724 0.0672142
5.77049 0.0704575
5.77537 0.0153482
5.77537 0.0153482
5.77537 0.0153482
5.77582 0.0757888
5.77595 0.0159205
5.77595 0.015601
5.77595 0.015601
5.77717 0.0771387
5.78066 0.0806365
5.78919 0.0891617
5.79212 0.092094
5.79536 0.0153504
5.79536 0.0153504
5.79536 0.0153504
5.79568 0.0156654
5.79568 0.0153459
5.79568 0.0153459
5.79814 0.0981135
5.79846 0.098433
5.79846 0.098433
5.79878 0.0987525
5.7991 0.099072
5.79979 0.0997721
5.8012 0.101173
5.80342 0.103417
5.80374 0.103731
5.80406 0.10403
5.80406 0.104029
5.80438 0.104348
5.80635 0.106316
5.80744 0.107413
5.80776 0.107733
5.8092 0.109172
5.80952 0.109492
5.81227 0.112243
5.8129 0.112868
5.81334 0.113312
5.81366 0.113631
5.81398 0.113951
5.81439 0.114364
5.81512 0.115112
5.81544 0.115407
5.81576 0.0157273
5.81588 0.0155362
5.81588 0.0155362
5.81588 0.0155362
5.81601 0.0156645
5.81601 0.015345
5.81601 0.015345
5.81646 0.116427
5.81752 0.117493
5.8184 0.118373
5.81903 0.119003
5.81935 0.0193234
5.81935 0.0193225
5.81967 0.119642
5.81967 0.119642
5.82055 0.120521
5.82087 0.0208418
5.82119 0.12116
5.82119 0.0211613
5.82319 0.0231782
5.82562 0.125594
5.82778 0.127749
5.82859 0.0285911
5.82963 0.129601
5.82995 0.0299212
5.83142 0.131391
5.83174 0.0317111
5.83174 0.0317101
5.83174 0.13171
5.83206 0.032035
5.83347 0.133438
5.83456 0.0345359
5.83495 0.0349251
5.83526 0.135236
5.83539 0.0153713
5.83539 0.0153713
5.83539 0.0153713
5.83578 0.0357472
5.8359 0.0158814
5.8359 0.0155619
5.8359 0.0155619
5.83856 0.0385475
5.83925 0.13922
5.84075 0.140721
5.84107 0.141041
5.84182 0.141796
5.84214 0.142115
5.84268 0.0426805
5.84459 0.144558
5.84512 0.145096
5.84544 0.0454159
5.84754 0.0475083
5.84786 0.147827
5.84998 0.149951
5.8507 0.0506752
5.85152 0.0514924
5.85231 0.0522784
5.85536 0.0153507
5.85536 0.0153507
5.85536 0.0153507
5.85567 0.0156657
5.85567 0.0153462
5.85567 0.0153462
5.85994 0.0599153
5.86228 0.0622566
5.86506 0.0650333
5.86538 0.0653528
5.86726 0.0672275
5.8705 0.0704708
5.87535 0.0153303
5.87535 0.0153303
5.87535 0.0153303
5.8758 0.0757709
5.87593 0.0159026
5.87593 0.0155831
5.87593 0.0155831
5.87721 0.0771831
5.88086 0.0808364
5.88917 0.0891439
5.8921 0.0920762
5.89534 0.0153326
5.89534 0.0153326
5.89534 0.0153326
5.89566 0.0156476
5.89566 0.0153281
5.89566 0.0153281
5.89812 0.0980957
5.89844 0.0984152
5.89844 0.0984152
5.89876 0.0987347
5.89908 0.0990542
5.89977 0.0997629
5.90115 0.101124
5.90343 0.103408
5.90375 0.103741
5.90407 0.104041
5.90407 0.104042
5.90439 0.104362
5.90623 0.106205
5.90724 0.107209
5.90756 0.107528
5.90921 0.109185
5.90953 0.109505
5.91225 0.112225
5.91285 0.112819
5.91335 0.113325
5.91367 0.113645
5.91399 0.113964
5.91434 0.114315
5.91513 0.115103
5.91545 0.11542
5.91577 0.0157406
5.9159 0.0155494
5.9159 0.0155494
5.9159 0.0155494
5.91602 0.0156778
5.91602 0.0153583
5.91602 0.0153583
5.91634 0.116316
5.91772 0.117693
5.91838 0.118355
5.91904 0.119016
5.91936 0.0193367
5.91936 0.0193444
5.91968 0.119655
5.91968 0.119655
5.92044 0.12041
5.92076 0.0207307
5.92108 0.121049
5.9214 0.0213697
5.92318 0.0231498
5.92561 0.125585
5.92786 0.127833
5.92862 0.0286108
5.92962 0.129592
5.92994 0.0299119
5.93141 0.0313822
5.93173 0.131701
5.93173 0.0317094
5.93173 0.131701
5.93205 0.0320343
5.93343 0.133397
5.93449 0.0344643
5.93494 0.0349244
5.93525 0.135227
5.93538 0.0153619
5.93538 0.0153619
5.93538 0.0153619
5.93576 0.0357378
5.93589 0.0158721
5.93589 0.0155525
5.93589 0.0155525
5.93855 0.0385415
5.93924 0.13921
5.94074 0.140712
5.94106 0.141031
5.94185 0.141818
5.94216 0.142137
5.94258 0.0425554
5.94464 0.144611
5.94518 0.145148
5.9455 0.0454687
5.94753 0.0474989
5.94785 0.147818
5.94994 0.14991
5.95069 0.0506658
5.95157 0.0515452
5.9523 0.0522691
5.95535 0.0153414
5.95535 0.0153414
5.95535 0.0153414
5.95566 0.0156564
5.95566 0.0153369
5.95566 0.0153369
5.9599 0.0598749
5.96203 0.0619984
5.96521 0.0651795
5.96553 0.065499
5.96728 0.0672493
5.97049 0.0704615
5.97538 0.0153521
5.97538 0.0153521
5.97538 0.0153521
5.97582 0.0757927
5.97595 0.0159244
5.97595 0.0156049
5.97595 0.0156049
5.97717 0.0771426
5.98085 0.080827
5.98916 0.0891346
5.99213 0.0920979
5.99533 0.0153232
5.99533 0.0153232
5.99533 0.0153232
5.99568 0.0156694
5.99568 0.0153498
5.99568 0.0153498
5.99814 0.0981174
5.99846 0.0984369
5.99846 0.0984369
5.99878 0.0987564
5.9991 0.0990759
5.99976 0.0997622
6.00127 0.101239
6.00345 0.103438
6.0039 0.103876
6.00422 0.104193
6.00422 0.104188
6.00422 0.104188
6.00625 0.106221
6.00731 0.107287
6.00763 0.107606
6.0092 0.10917
6.00952 0.109489
6.01226 0.112241
6.0128 0.112772
6.01334 0.11331
6.01366 0.113629
6.01398 0.113949
6.01439 0.114361
6.01511 0.115096
6.01543 0.115405
6.01575 0.0157251
6.01588 0.015534
6.01588 0.015534
6.01588 0.015534
6.01601 0.0156624
6.01601 0.0153429
6.01601 0.0153429
6.01633 0.116301
6.01758 0.117553
6.0184 0.11837
6.01906 0.119032
6.01938 0.0193523
6.01938 0.0193687
6.0197 0.119671
6.0197 0.119671
6.02061 0.0205823
6.02093 0.120901
6.02125 0.121221
6.02125 0.0212213
6.02312 0.0231069
6.02562 0.125592
6.02777 0.127747
6.02872 0.0287032
6.02959 0.129568
6.02991 0.0298879
6.03138 0.131357
6.0317 0.0316941
6.0317 0.0316778
6.03202 0.131996
6.03202 0.032019
6.03343 0.133405
6.03447 0.0344404
6.03494 0.0349402
6.03494 0.134915
6.03535 0.0153295
6.03535 0.0153295
6.03535 0.0153295
6.03576 0.0357365
6.03589 0.0158707
6.03589 0.0155512
6.03589 0.0155512
6.03857 0.0385745
6.03924 0.139209
6.04077 0.140742
6.04109 0.141061
6.04184 0.141816
6.04216 0.142136
6.04267 0.0426561
6.04364 0.143615
6.04533 0.145303
6.04565 0.0456229
6.04752 0.0474976
6.04784 0.147816
6.04984 0.149815
6.05069 0.0506645
6.05154 0.0515128
6.05248 0.0524544
6.05535 0.0153401
6.05535 0.0153401
6.05535 0.0153401
6.05566 0.0156551
6.05566 0.0153356
6.05566 0.0153356
6.0599 0.0598736
6.06215 0.0621215
6.06511 0.0650849
6.06543 0.0654044
6.06724 0.0672169
6.07049 0.0704602
6.07537 0.0153508
6.07537 0.0153508
6.07537 0.0153508
6.07585 0.0758225
6.07598 0.0159542
6.07598 0.0156347
6.07598 0.0156347
6.07726 0.0772346
6.08082 0.0807946
6.08919 0.0891644
6.09212 0.0920966
6.09536 0.015353
6.09536 0.015353
6.09536 0.015353
6.09568 0.015668
6.09568 0.0153485
6.09568 0.0153485
6.09814 0.0981161
6.09846 0.0984356
6.09846 0.0984356
6.09878 0.0987551
6.0991 0.0990746
6.09979 0.0997696
6.10126 0.101238
6.10286 0.102854
6.10374 0.103728
6.10406 0.104053
6.10406 0.104031
6.10438 0.104351
6.10638 0.10635
6.10732 0.107292
6.10764 0.107611
6.1092 0.109175
6.10952 0.109494
6.11227 0.112246
6.1128 0.112777
6.11331 0.113283
6.11363 0.113603
6.11395 0.113922
6.11436 0.114335
6.11509 0.115078
6.1154 0.115378
6.11572 0.0156988
6.11585 0.0155077
6.11585 0.0155077
6.11585 0.0155077
6.11601 0.0156672
6.11601 0.0153477
6.11601 0.0153477
6.11642 0.116399
6.11771 0.117682
6.11834 0.118313
6.11913 0.0190999
6.11944 0.0194443
6.11944 0.119419
6.11976 0.119738
6.11976 0.119738
6.12039 0.120369
6.12071 0.0206889
6.12103 0.121008
6.12135 0.0213279
6.12317 0.0231634
6.12572 0.125699
6.12782 0.127791
6.1287 0.0286819
6.12958 0.12955
6.1299 0.0298701
6.13143 0.0314027
6.13175 0.0317472
6.13175 0.131721
6.13207 0.132041
6.13207 0.0320409
6.13338 0.133356
6.13454 0.0345159
6.13495 0.034931
6.13527 0.135247
6.1354 0.0153824
6.1354 0.0153824
6.1354 0.0153824
6.13578 0.0357583
6.13591 0.0158925
6.13591 0.015573
6.13591 0.015573
6.1386 0.0385685
6.13916 0.139138
6.14076 0.140732
6.14108 0.141052
6.14183 0.141807
6.14215 0.142126
6.14266 0.0426553
6.14357 0.143543
6.14516 0.145138
6.14548 0.0454581
6.14751 0.0474883
6.14783 0.147807
6.14989 0.149868
6.15068 0.0506552
6.15153 0.0515035
6.15244 0.052414
6.15534 0.0153307
6.15534 0.0153307
6.15534 0.0153307
6.15565 0.0156457
6.15565 0.0153262
6.15565 0.0153262
6.15992 0.0598953
6.16208 0.06205
6.16513 0.0651066
6.16545 0.0654261
6.16723 0.0672075
6.17048 0.0704508
6.17536 0.0153414
6.17536 0.0153414
6.17536 0.0153414
6.17581 0.075782
6.17594 0.0159138
6.17594 0.0155942
6.17594 0.0155942
6.17719 0.0771631
6.18087 0.0808475
6.18915 0.0891239
6.19211 0.0920873
6.19535 0.0153437
6.19535 0.0153437
6.19535 0.0153437
6.19567 0.0156587
6.19567 0.0153392
6.19567 0.0153392
6.19813 0.0981068
6.19845 0.0984263
6.19845 0.0984263
6.19877 0.0987458
6.19909 0.0990653
6.19978 0.0997689
6.20125 0.101228
6.20279 0.102769
6.20373 0.103728
6.20405 0.10403
6.20405 0.104022
6.20437 0.104342
6.20634 0.10631
6.20725 0.10722
6.20757 0.10754
6.20919 0.109165
6.20951 0.109485
6.21226 0.112236
6.21286 0.11283
6.21333 0.113305
6.21365 0.113625
6.21397 0.113944
6.21435 0.114326
6.21511 0.115077
6.21543 0.1154
6.21575 0.0157206
6.21587 0.0155294
6.21587 0.0155294
6.21587 0.0155294
6.216 0.0156578
6.216 0.0153383
6.216 0.0153383
6.21632 0.116296
6.21785 0.117829
6.21839 0.118366
6.21912 0.0190905
6.21943 0.119409
6.21943 0.0194125
6.21975 0.119729
6.21975 0.119729
6.2206 0.0205778
6.22092 0.120896
6.22124 0.121216
6.22124 0.0212168
6.22321 0.0231888
6.22552 0.125494
6.22786 0.127835
6.22871 0.0286931
6.22953 0.129501
6.22985 0.0298212
6.23141 0.0313849
6.23173 0.131704
6.23173 0.0317069
6.23205 0.132023
6.23205 0.0320318
6.23371 0.13368
6.23452 0.034498
6.23494 0.0349218
6.23526 0.13523
6.23538 0.0153646
6.23538 0.0153646
6.23538 0.0153646
6.23583 0.0358027
6.23596 0.0159369
6.23596 0.0156174
6.23596 0.0156174
6.23876 0.0387406
6.23924 0.139213
6.24077 0.140746
6.24109 0.141065
6.24178 0.141758
6.2421 0.142077
6.24267 0.0426462
6.24355 0.143525
6.24549 0.0454629
6.2459 0.145875
6.2475 0.0474705
6.24781 0.147789
6.24994 0.149913
6.25069 0.0506685
6.25167 0.0516412
6.25245 0.0524272
6.25535 0.015344
6.25535 0.015344
6.25535 0.015344
6.25566 0.015659
6.25566 0.0153395
6.25566 0.0153395
6.25987 0.0598464
6.26206 0.0620322
6.26533 0.0653065
6.26565 0.0656261
6.26743 0.0674074
6.27049 0.0704641
6.27538 0.0153547
6.27538 0.0153547
6.27538 0.0153547
6.27585 0.0758264
6.27598 0.0159581
6.27598 0.0156386
6.27598 0.0156386
6.27717 0.0771452
6.28088 0.0808608
6.28916 0.0891372
6.29209 0.0920695
6.29536 0.015357
6.29536 0.015357
6.29536 0.015357
6.29568 0.015672
6.29568 0.0153525
6.29568 0.0153525
6.29811 0.0980889
6.29843 0.0984085
6.29843 0.0984085
6.29875 0.098728
6.29907 0.0990475
6.29976 0.0997597
6.30124 0.101211
6.30342 0.10339
6.30393 0.103905
6.30425 0.104222
6.30425 0.104222
6.30457 0.104535
6.30625 0.10623
6.30726 0.107233
6.30758 0.107553
6.3092 0.109179
6.30952 0.109498
6.31227 0.11225
6.31277 0.11275
6.31334 0.113318
6.31366 0.113638
6.31398 0.113957
6.31433 0.114308
6.31512 0.115099
6.31544 0.115414
6.31576 0.0157338
6.31589 0.0155427
6.31589 0.0155427
6.31589 0.0155427
6.31601 0.0156711
6.31601 0.0153516
6.31601 0.0153516
6.31633 0.116309
6.31762 0.117593
6.3184 0.118379
6.31913 0.0191038
6.31945 0.119422
6.31945 0.0194345
6.31977 0.119742
6.31977 0.119742
6.32058 0.02056
6.3209 0.120879
6.32122 0.121198
6.32122 0.021199
6.32313 0.0231209
6.3255 0.125476
6.32787 0.127849
6.32872 0.0287075
6.32957 0.129545
6.32989 0.0298656
6.33139 0.131366
6.33171 0.0316977
6.33171 0.0316866
6.33203 0.132005
6.33203 0.0320226
6.33362 0.1336
6.33447 0.0344491
6.33492 0.134892
6.33524 0.0352322
6.33536 0.0153468
6.33536 0.0153468
6.33536 0.0153468
6.33581 0.0357849
6.33594 0.0159191
6.33594 0.0155996
6.33594 0.0155996
6.33878 0.0387487
6.33922 0.139195
6.34081 0.14079
6.34113 0.14111
6.34183 0.141802
6.34215 0.142122
6.34268 0.0426681
6.34453 0.144503
6.34547 0.0454451
6.34591 0.145888
6.34757 0.047546
6.34789 0.147865
6.34986 0.149833
6.35071 0.0506818
6.35152 0.0514989
6.35246 0.0524405
6.35533 0.0153262
6.35533 0.0153262
6.35533 0.0153262
6.35568 0.0156723
6.35568 0.0153528
6.35568 0.0153528
6.35988 0.0598597
6.36216 0.0621388
6.36509 0.065071
6.36541 0.0653905
6.36726 0.0672341
6.37047 0.0704463
6.37536 0.0153369
6.37536 0.0153369
6.37536 0.0153369
6.37583 0.0758086
6.37596 0.0159403
6.37596 0.0156208
6.37596 0.0156208
6.37718 0.0771585
6.38086 0.080843
6.38917 0.0891505
6.39211 0.0920828
6.39535 0.0153392
6.39535 0.0153392
6.39535 0.0153392
6.39566 0.0156542
6.39566 0.0153347
6.39566 0.0153347
6.39813 0.0981022
6.39845 0.0984217
6.39845 0.0984217
6.39877 0.0987413
6.39908 0.0990608
6.39978 0.0997505
6.40125 0.101224
6.40343 0.103412
6.40375 0.10374
6.40407 0.104049
6.40407 0.104049
6.40439 0.104371
6.4062 0.106181
6.40724 0.107216
6.40756 0.107535
6.40918 0.109161
6.4095 0.10948
6.41225 0.112232
6.41285 0.112825
6.41336 0.113332
6.41367 0.113651
6.41399 0.113971
6.41435 0.114321
6.41501 0.114997
6.41533 0.115302
6.41565 0.0156227
6.41577 0.0154316
6.41577 0.0154316
6.41577 0.0154316
6.416 0.0156533
6.416 0.0153338
6.416 0.0153338
6.41632 0.116292
6.41766 0.117637
6.41839 0.118361
6.41914 0.0191171
6.41914 0.119116
6.41946 0.0194564
6.41946 0.119436
6.41978 0.119755
6.42053 0.12051
6.42085 0.0208306
6.42117 0.0211501
6.42117 0.121149
6.42317 0.0231463
6.42551 0.12549
6.42779 0.127769
6.4287 0.0286793
6.42958 0.129559
6.4299 0.0298789
6.4314 0.13138
6.43172 0.0316999
6.43172 0.0317197
6.43204 0.132019
6.43204 0.0320134
6.43373 0.133707
6.43449 0.0344624
6.43493 0.0349035
6.43525 0.135225
6.43538 0.0153601
6.43538 0.0153601
6.43538 0.0153601
6.43585 0.0358293
6.43598 0.0159635
6.43598 0.015644
6.43598 0.015644
6.43873 0.0387257
6.43923 0.139209
6.44076 0.140741
6.44108 0.141061
6.44184 0.141816
6.44216 0.142135
6.4426 0.0425967
6.4446 0.144578
6.44545 0.0454273
6.44589 0.14587
6.44761 0.0475904
6.44793 0.147909
6.44987 0.149846
6.45069 0.050664
6.4516 0.0515744
6.45245 0.0524227
6.45534 0.0153395
6.45534 0.0153395
6.45534 0.0153395
6.45566 0.0156545
6.45566 0.015335
6.45566 0.015335
6.45996 0.0599352
6.46211 0.0620898
6.46533 0.065302
6.46564 0.0656215
6.46736 0.0673407
6.47048 0.0704596
6.47537 0.0153502
6.47537 0.0153502
6.47537 0.0153502
6.47584 0.0758219
6.47597 0.0159536
6.47597 0.0156341
6.47597 0.0156341
6.47716 0.0771407
6.48087 0.0808563
6.48916 0.0891327
6.49209 0.0920649
6.49536 0.0153525
6.49536 0.0153525
6.49536 0.0153525
6.49567 0.0156675
6.49567 0.015348
6.49567 0.015348
6.49814 0.0981155
6.49846 0.098435
6.49846 0.098435
6.49878 0.0987545
6.4991 0.099074
6.49979 0.0997724
6.50123 0.101206
6.50345 0.103434
6.50377 0.103762
6.50408 0.104062
6.50408 0.104062
6.50447 0.104455
6.50622 0.106194
6.50722 0.107198
6.50754 0.107517
6.5092 0.109174
6.50952 0.109494
6.51226 0.112245
6.51286 0.112839
6.51334 0.113314
6.51366 0.113633
6.51398 0.113953
6.51433 0.114303
6.51505 0.11505
6.51537 0.115347
6.51569 0.0156671
6.51582 0.015476
6.51582 0.015476
6.51582 0.015476
6.51601 0.0156666
6.51601 0.0153471
6.51601 0.0153471
6.51639 0.116367
6.51761 0.117589
6.5183 0.118281
6.51909 0.119067
6.51941 0.0193877
6.51941 0.019385
6.51973 0.119706
6.51973 0.119706
6.52052 0.120492
6.52083 0.0208128
6.52115 0.121131
6.52115 0.0211323
6.52315 0.0231406
6.52549 0.125472
6.52784 0.127813
6.52872 0.0286891
6.52956 0.129541
6.52988 0.0298611
6.53138 0.131362
6.5317 0.0316794
6.5317 0.031682
6.53202 0.132001
6.53202 0.0320042
6.53365 0.133627
6.53447 0.0344446
6.53494 0.0349254
6.53526 0.135238
6.53539 0.0153733
6.53539 0.0153733
6.53539 0.0153733
6.53577 0.0357492
6.5359 0.0158835
6.5359 0.0155639
6.5359 0.0155639
6.53874 0.0387338
6.53924 0.139222
6.54078 0.140754
6.5411 0.141074
6.54185 0.141829
6.54217 0.142148
6.54265 0.0426187
6.54455 0.144529
6.54546 0.0454405
6.54597 0.145946
6.54744 0.047417
6.54776 0.147736
6.54988 0.149859
6.5507 0.0506772
6.55152 0.0514944
6.55246 0.052436
6.55535 0.0153528
6.55535 0.0153528
6.55535 0.0153528
6.55567 0.0156678
6.55567 0.0153483
6.55567 0.0153483
6.55994 0.0599174
6.56203 0.0620098
6.56534 0.0653153
6.56566 0.0656348
6.56725 0.0672296
6.57046 0.0704418
6.57535 0.0153324
6.57535 0.0153324
6.57535 0.0153324
6.57583 0.0758041
6.57595 0.0159358
6.57595 0.0156163
6.57595 0.0156163
6.57715 0.0771229
6.58085 0.0808384
6.58917 0.089146
6.5921 0.0920782
6.59534 0.0153346
6.59534 0.0153346
6.59534 0.0153346
6.59565 0.0156496
6.59565 0.0153301
6.59565 0.0153301
6.59815 0.0981288
6.59847 0.0984483
6.59847 0.0984483
6.59879 0.0987678
6.59911 0.0990873
6.59977 0.0997633
6.60124 0.101219
6.60343 0.103425
6.6039 0.103877
6.60422 0.1042
6.60422 0.1042
6.60454 0.104539
6.60626 0.106238
6.60726 0.107242
6.60758 0.107562
6.60918 0.109156
6.6095 0.109476
6.61224 0.112227
6.61278 0.112759
6.61341 0.113389
6.61373 0.113709
6.61405 0.114028
6.61437 0.114348
6.61509 0.115072
6.61541 0.115391
6.61573 0.0157115
6.61586 0.0155204
6.61586 0.0155204
6.61586 0.0155204
6.61599 0.0156488
6.61599 0.0153293
6.61599 0.0153293
6.61631 0.116287
6.61756 0.11754
6.61838 0.118357
6.61913 0.0191126
6.61913 0.119112
6.61945 0.019438
6.61945 0.119431
6.61977 0.119751
6.62059 0.0205687
6.62091 0.120887
6.62123 0.121207
6.62123 0.0212078
6.62317 0.023166
6.62573 0.125703
6.62785 0.127826
6.6287 0.028692
6.62955 0.129523
6.62986 0.0298433
6.6314 0.131375
6.63172 0.0316953
6.63172 0.0317013
6.63204 0.132014
6.63204 0.0320262
6.63357 0.133547
6.63448 0.0344579
6.63492 0.0349163
6.63524 0.13522
6.63537 0.0153555
6.63537 0.0153555
6.63537 0.0153555
6.63588 0.0358558
6.63601 0.0159901
6.63601 0.0156705
6.63601 0.0156705
6.63875 0.0387419
6.63923 0.139204
6.64073 0.140706
6.64105 0.141025
6.64183 0.141811
6.64215 0.142131
6.64266 0.0426406
6.64453 0.144511
6.64554 0.045516
6.64595 0.145928
6.64764 0.0476169
6.64796 0.147936
6.64999 0.149966
6.65068 0.0506594
6.65153 0.0515077
6.65244 0.0524182
6.65534 0.015335
6.65534 0.015335
6.65534 0.015335
6.65565 0.01565
6.65565 0.0153305
6.65565 0.0153305
6.65986 0.0598374
6.66236 0.0623341
6.66504 0.0650176
6.66536 0.0653371
6.66723 0.0672118
6.67048 0.0704551
6.67536 0.0153457
6.67536 0.0153457
6.67536 0.0153457
6.67587 0.0758485
6.676 0.0159802
6.676 0.0156607
6.676 0.0156607
6.67719 0.0771673
6.68087 0.0808517
6.68915 0.0891282
6.69208 0.0920604
6.69535 0.0153479
6.69535 0.0153479
6.69535 0.0153479
6.69567 0.0156629
6.69567 0.0153434
6.69567 0.0153434
6.69813 0.098111
6.69845 0.0984305
6.69845 0.0984305
6.69877 0.09875
6.69909 0.0990695
6.69978 0.0997541
6.70122 0.101202
6.70344 0.103416
6.70391 0.103899
6.70423 0.104213
6.70423 0.104213
6.70455 0.10453
6.70624 0.106221
6.70725 0.107224
6.70757 0.107544
6.70919 0.10917
6.70951 0.109489
6.71226 0.112241
6.71282 0.112803
6.71336 0.11334
6.71368 0.11366
6.714 0.113979
6.71432 0.114299
6.71511 0.115094
6.71543 0.115404
6.71575 0.0157248
6.71587 0.0155337
6.71587 0.0155337
6.71587 0.0155337
6.716 0.0156621
6.716 0.0153426
6.716 0.0153426
6.71648 0.116456
6.71776 0.11774
6.7183 0.118277
6.71908 0.119063
6.7194 0.0193831
6.7194 0.0193978
6.71972 0.119702
6.71972 0.119702
6.72051 0.0204887
6.72083 0.120807
6.72115 0.121127
6.72115 0.0211277
6.72318 0.0231602
6.72552 0.125498
6.72786 0.12784
6.72871 0.028695
6.72956 0.129536
6.72988 0.0298565
6.73138 0.131357
6.7317 0.0316775
6.7317 0.0316921
6.73202 0.131996
6.73202 0.032017
6.73327 0.133249
6.73446 0.0344401
6.73494 0.0349071
6.73494 0.134914
6.73534 0.0153293
6.73534 0.0153293
6.73534 0.0153293
6.73579 0.0357673
6.73592 0.0159016
6.73592 0.0155821
6.73592 0.0155821
6.73876 0.0387416
6.73917 0.139147
6.74079 0.140773
6.74111 0.141092
6.74184 0.141816
6.74216 0.142135
6.74266 0.0426541
6.74454 0.144516
6.74545 0.0454276
6.74595 0.145933
6.74749 0.0474662
6.74781 0.147785
6.7499 0.149877
6.75068 0.0506643
6.75166 0.0516369
6.75244 0.052423
6.75534 0.0153398
6.75534 0.0153398
6.75534 0.0153398
6.75566 0.0156548
6.75566 0.0153353
6.75566 0.0153353
6.75992 0.0599044
6.76208 0.062059
6.76532 0.0653023
6.76564 0.0656218
6.76742 0.0674032
6.77048 0.0704599
6.77537 0.0153505
6.77537 0.0153505
6.77537 0.0153505
6.77581 0.0757911
6.77594 0.0159228
6.77594 0.0156033
6.77594 0.0156033
6.77716 0.077141
6.78087 0.0808566
6.78915 0.089133
6.79209 0.0920652
6.79536 0.0153527
6.79536 0.0153527
6.79536 0.0153527
6.79567 0.0156678
6.79567 0.0153483
6.79567 0.0153483
6.79814 0.0981158
6.79846 0.0984353
6.79846 0.0984353
6.79878 0.0987548
6.79909 0.0990743
6.79979 0.0997676
6.80123 0.101206
6.80344 0.103429
6.80376 0.103757
6.80408 0.104062
6.80408 0.104062
6.8044 0.104388
6.80621 0.106194
6.80722 0.107198
6.80754 0.107518
6.80916 0.109143
6.80948 0.109463
6.81226 0.112245
6.81289 0.11287
6.81333 0.113314
6.81365 0.113634
6.81397 0.113953
6.81432 0.114304
6.81502 0.115014
6.81534 0.115316
6.81566 0.0156363
6.81578 0.0154452
6.81578 0.0154452
6.81578 0.0154452
6.81601 0.0156669
6.81601 0.0153474
6.81601 0.0153474
6.81648 0.116461
6.81767 0.117651
6.81836 0.118344
6.81912 0.0190996
6.81944 0.119418
6.81944 0.0194112
6.81976 0.119738
6.81976 0.119738
6.82061 0.0205869
6.82093 0.120906
6.82125 0.0212259
6.82125 0.121225
6.82315 0.0231461
6.82574 0.125721
6.82783 0.127813
6.82871 0.0286894
6.82962 0.129603
6.82994 0.0299236
6.83138 0.131362
6.8317 0.0316745
6.8317 0.0316823
6.83202 0.132001
6.83202 0.0319994
6.83343 0.133409
6.83446 0.0344449
6.83494 0.0349206
6.83526 0.135239
6.83539 0.0153736
6.83539 0.0153736
6.83539 0.0153736
6.8358 0.0357806
6.83593 0.0159149
6.83593 0.0155953
6.83593 0.0155953
6.83877 0.0387497
6.83924 0.139222
6.84078 0.140755
6.84109 0.141074
6.84179 0.141767
6.84211 0.142086
6.84271 0.042676
6.84455 0.14453
6.84555 0.0455342
6.84597 0.145946
6.84747 0.0474484
6.84779 0.147767
6.84997 0.149953
6.8507 0.0506775
6.8517 0.0516813
6.85246 0.0524363
6.85538 0.0153531
6.85538 0.0153531
6.85538 0.0153531
6.8557 0.0156681
6.8557 0.0153486
6.8557 0.0153486
6.85988 0.0598555
6.86209 0.0620723
6.86524 0.0652223
6.86556 0.0655418
6.86725 0.0672299
6.87046 0.0704421
6.87535 0.0153327
6.87535 0.0153327
6.87535 0.0153327
6.87582 0.0758044
6.87595 0.0159361
6.87595 0.0156166
6.87595 0.0156166
6.87721 0.0771854
6.88085 0.0808387
6.88917 0.0891463
6.8921 0.0920785
6.89534 0.0153349
6.89534 0.0153349
6.89534 0.0153349
6.89565 0.0156499
6.89565 0.0153304
6.89565 0.0153304
6.89812 0.098098
6.89844 0.0984175
6.89844 0.0984175
6.89876 0.098737
6.89908 0.0990565
6.89977 0.0997584
6.90124 0.10122
6.90343 0.10342
6.9039 0.103873
6.90422 0.1042
6.90422 0.1042
6.90454 0.104534
6.90629 0.10627
6.90726 0.107242
6.90758 0.107562
6.90918 0.109157
6.9095 0.109476
6.91224 0.112228
6.91278 0.112759
6.91335 0.113327
6.91367 0.113647
6.91399 0.113966
6.91434 0.114317
6.91509 0.115067
6.91541 0.115391
6.91573 0.0157118
6.91586 0.0155207
6.91586 0.0155207
6.91586 0.0155207
6.91599 0.0156491
6.91599 0.0153296
6.91599 0.0153296
6.91649 0.116474
6.91772 0.117695
6.91841 0.118388
6.9191 0.119081
6.91942 0.0194013
6.91942 0.0194021
6.91974 0.11972
6.91974 0.11972
6.92062 0.0206001
6.92094 0.120919
6.92126 0.121238
6.92126 0.0212392
6.92313 0.0231093
6.92551 0.125485
6.92778 0.127764
6.92869 0.0286832
6.92957 0.129554
6.92989 0.0298747
6.9314 0.131375
6.93171 0.0316956
6.93171 0.0316964
6.93203 0.132014
6.93203 0.0320213
6.93338 0.13336
6.93448 0.0344582
6.93492 0.0349114
6.93524 0.135221
6.93537 0.0153558
6.93537 0.0153558
6.93537 0.0153558
6.93575 0.0357317
6.93588 0.0158659
6.93588 0.0155464
6.93588 0.0155464
6.93875 0.0387267
6.93919 0.139173
6.94079 0.140768
6.94111 0.141088
6.94183 0.141811
6.94215 0.142131
6.94259 0.0425735
6.9445 0.144481
6.94544 0.045423
6.94595 0.145928
6.94754 0.0475239
6.94786 0.147843
6.94986 0.149842
6.95068 0.0506597
6.95162 0.0516013
6.95244 0.0524185
6.95537 0.0153353
6.95537 0.0153353
6.95537 0.0153353
6.95568 0.0156503
6.95568 0.0153308
6.95568 0.0153308
6.95986 0.0598377
6.96248 0.0624589
6.96522 0.0652045
6.96554 0.065524
6.96729 0.0672743
6.97047 0.0704553
6.97536 0.015346
6.97536 0.015346
6.97536 0.015346
6.97584 0.0758177
6.97597 0.0159494
6.97597 0.0156299
6.97597 0.0156299
6.97719 0.0771676
6.98083 0.0808209
6.98915 0.0891285
6.99208 0.0920607
6.99535 0.0153482
6.99535 0.0153482
6.99535 0.0153482
6.99566 0.0156632
6.99566 0.0153437
6.99566 0.0153437
6.99813 0.0981113
6.99845 0.0984308
6.99845 0.0984308
6.99877 0.0987503
6.99909 0.0990698
6.99975 0.0997492
7.00122 0.101202
7.00344 0.103411
7.00391 0.103895
7.00423 0.104213
7.00423 0.104213
7.00455 0.104527
7.00621 0.106192
7.00725 0.107227
7.00757 0.107547
7.00919 0.109172
7.00951 0.109492
7.01226 0.112243
7.01279 0.112775
7.01333 0.113312
7.01365 0.113632
7.01397 0.113951
7.01432 0.114302
7.01511 0.115091
7.01543 0.115407
7.01575 0.0157276
7.01587 0.0155364
7.01587 0.0155364
7.01587 0.0155364
7.016 0.0156648
7.016 0.0153453
7.016 0.0153453
7.01638 0.116365
7.01785 0.117836
7.01836 0.118342
7.01908 0.119066
7.0194 0.0193859
7.0194 0.0193953
7.01972 0.119705
7.01972 0.119705
7.02054 0.120522
7.02086 0.0208421
7.02118 0.121161
7.02118 0.0211616
7.02318 0.0231682
7.02552 0.125501
7.02786 0.127842
7.02871 0.0286794
7.02953 0.129508
7.02985 0.0298282
7.03138 0.13136
7.0317 0.0316803
7.0317 0.0316897
7.03202 0.131999
7.03202 0.0320146
7.03355 0.133532
7.03452 0.034505
7.03494 0.0349358
7.03494 0.134917
7.03534 0.015332
7.03534 0.015332
7.03534 0.015332
7.03576 0.035739
7.03589 0.0158732
7.03589 0.0155537
7.03589 0.0155537
7.03879 0.0387599
7.03926 0.139243
7.04079 0.140775
7.04111 0.141095
7.04184 0.141819
7.04216 0.142138
7.04266 0.0426516
7.04454 0.144519
7.04545 0.0454303
7.04595 0.145936
7.04742 0.0474068
7.04774 0.147725
7.0499 0.14988
7.05069 0.050667
7.05166 0.0516397
7.05248 0.0524569
7.05537 0.0153425
7.05537 0.0153425
7.05537 0.0153425
7.05569 0.0156576
7.05569 0.0153381
7.05569 0.0153381
7.05996 0.0599382
7.06205 0.0620307
7.06535 0.0653362
7.06567 0.0656557
7.0673 0.0672816
7.07048 0.0704626
7.07537 0.0153533
7.07537 0.0153533
7.07537 0.0153533
7.07584 0.075825
7.07597 0.0159567
7.07597 0.0156372
7.07597 0.0156372
7.07716 0.0771438
7.08065 0.0806416
7.08915 0.0891357
7.09209 0.092068
7.09536 0.0153555
7.09536 0.0153555
7.09536 0.0153555
7.09567 0.0156705
7.09567 0.015351
7.09567 0.015351
7.09814 0.0981186
7.09846 0.0984381
7.09846 0.0984381
7.09878 0.0987576
7.0991 0.0990771
7.09945 0.099423
7.10123 0.101209
7.10341 0.103396
7.10376 0.103755
7.10408 0.104065
7.10408 0.104065
7.1044 0.104385
7.10622 0.106197
7.10725 0.107232
7.10757 0.107551
7.1092 0.109177
7.10951 0.109497
7.11223 0.112217
7.11255 0.112531
7.11337 0.113348
7.11369 0.113667
7.11401 0.113987
7.11432 0.114306
7.11511 0.115105
7.11543 0.115412
7.11575 0.0157324
7.11588 0.0155413
7.11588 0.0155413
7.11588 0.0155413
7.11601 0.0156696
7.11601 0.0153501
7.11601 0.0153501
7.11633 0.116308
7.11789 0.117872
7.11824 0.118222
7.11912 0.119102
7.11912 0.0191023
7.11944 0.0194088
7.11976 0.119741
7.11976 0.119741
7.12048 0.0204652
7.1208 0.120784
7.12112 0.121103
7.12144 0.0214237
7.12282 0.0227893
7.12569 0.12567
7.12781 0.127794
7.12872 0.0287157
7.12966 0.129646
7.12998 0.0299659
7.13139 0.131373
7.13171 0.0316936
7.13171 0.0316805
7.13203 0.132012
7.13203 0.0320054
7.13341 0.133389
7.13447 0.0344561
7.13489 0.0348644
7.13521 0.135188
7.13537 0.0153538
7.13537 0.0153538
7.13537 0.0153538
7.13575 0.0357296
7.13588 0.0158639
7.13588 0.0155444
7.13588 0.0155444
7.13875 0.0387454
7.13925 0.139233
7.14072 0.140704
7.14104 0.141023
7.14186 0.14184
7.14218 0.14216
7.14265 0.0426509
7.14456 0.144541
7.1455 0.0454832
7.14591 0.145895
7.14748 0.0474597
7.1478 0.147778
7.14973 0.149715
7.15067 0.0506577
7.15152 0.0515059
7.15243 0.0524164
7.15536 0.0153332
7.15536 0.0153332
7.15536 0.0153332
7.15571 0.0156793
7.15571 0.0153598
7.15571 0.0153598
7.15964 0.0596179
7.16216 0.0621458
7.16522 0.0652024
7.16554 0.0655219
7.16726 0.0672411
7.17047 0.0704533
7.17536 0.0153439
7.17536 0.0153439
7.17536 0.0153439
7.17583 0.0758156
7.17596 0.0159473
7.17596 0.0156278
7.17596 0.0156278
7.17715 0.0771344
7.18077 0.0807567
7.18914 0.0891264
7.19208 0.0920586
7.19538 0.0153462
7.19538 0.0153462
7.19538 0.0153462
7.19569 0.0156612
7.19569 0.0153417
7.19569 0.0153417
7.19813 0.0981092
7.19845 0.0984287
7.19845 0.0984287
7.19877 0.0987482
7.19909 0.0990677
7.19947 0.0994619
7.20125 0.101231
7.20343 0.103426
7.20375 0.103723
7.20375 0.103736
7.20407 0.104056
7.20439 0.104385
7.20633 0.106312
7.20724 0.107223
7.20762 0.107604
7.20919 0.109168
7.2095 0.109487
7.21222 0.112208
7.21254 0.112521
7.21336 0.113339
7.21368 0.113658
7.21399 0.113978
7.21435 0.114328
7.21501 0.11498
7.21533 0.115309
7.21565 0.0156297
7.21577 0.0154386
7.21577 0.0154386
7.21577 0.0154386
7.216 0.0156603
7.216 0.0153408
7.216 0.0153408
7.21632 0.116298
7.21769 0.117676
7.21839 0.118368
7.21911 0.119092
7.21943 0.0194125
7.21943 0.0194081
7.21975 0.119731
7.21975 0.119731
7.22047 0.0204558
7.22079 0.120775
7.22114 0.021126
7.22114 0.121125
7.22274 0.0227298
7.22558 0.125559
7.22779 0.127776
7.2287 0.0286958
7.22949 0.129472
7.22981 0.0297926
7.23137 0.131355
7.23169 0.0316757
7.23169 0.0316714
7.23201 0.131994
7.23201 0.0320047
7.23339 0.133371
7.23449 0.0344694
7.2349 0.0348948
7.23522 0.135201
7.23535 0.0153359
7.23535 0.0153359
7.23535 0.0153359
7.23576 0.0357429
7.23589 0.0158772
7.23589 0.0155576
7.23589 0.0155576
7.23876 0.0387535
7.2392 0.139184
7.2408 0.140779
7.24112 0.141099
7.24184 0.141823
7.24216 0.142142
7.24267 0.0426417
7.24457 0.144554
7.24545 0.0454342
7.24593 0.145908
7.24749 0.0474729
7.24781 0.147792
7.24968 0.149666
7.25069 0.050671
7.25154 0.0515192
7.25245 0.0524297
7.25537 0.0153465
7.25537 0.0153465
7.25537 0.0153465
7.25569 0.0156615
7.25569 0.015342
7.25569 0.015342
7.25993 0.0599111
7.26221 0.0621901
7.26523 0.0652157
7.26555 0.0655352
7.26727 0.0672544
7.27045 0.0704355
7.27537 0.0153572
7.27537 0.0153572
7.27537 0.0153572
7.27581 0.0757978
7.27594 0.0159295
7.27594 0.01561
7.27594 0.01561
7.27713 0.0771166
7.28075 0.0807388
7.28922 0.0892019
7.29206 0.0920408
7.29539 0.0153594
7.29539 0.0153594
7.29539 0.0153594
7.2957 0.0156745
7.2957 0.0153549
7.2957 0.0153549
7.29811 0.0980914
7.29843 0.0984109
7.29843 0.0984109
7.29875 0.0987304
7.29907 0.0990499
7.29945 0.09943
7.30123 0.101213
7.30342 0.103386
7.30373 0.103722
7.30373 0.103718
7.30405 0.104038
7.3044 0.104375
7.30625 0.106232
7.30735 0.107329
7.30767 0.107649
7.30917 0.10915
7.30949 0.10947
7.31226 0.112252
7.31258 0.112566
7.31334 0.113321
7.31366 0.11364
7.31398 0.11396
7.31433 0.11431
7.31502 0.115002
7.31534 0.115323
7.31566 0.015643
7.31579 0.0154519
7.31579 0.0154519
7.31579 0.0154519
7.31601 0.0156736
7.31601 0.0153541
7.31601 0.0153541
7.31648 0.116467
7.31764 0.117627
7.31834 0.118319
7.31912 0.119105
7.31912 0.0191063
7.31944 0.01943
7.31944 0.119425
7.31976 0.119744
7.32048 0.0204691
7.3208 0.120788
7.32112 0.121107
7.32144 0.0214277
7.32282 0.0228032
7.32557 0.125549
7.32778 0.127766
7.32869 0.0286624
7.32948 0.129463
7.3298 0.0297832
7.33136 0.131346
7.33168 0.0316664
7.33168 0.0316707
7.332 0.131985
7.332 0.0319814
7.33357 0.133549
7.33438 0.0343667
7.33489 0.134872
7.33521 0.0351909
7.33537 0.0153577
7.33537 0.0153577
7.33537 0.0153577
7.33575 0.0357336
7.33588 0.0158678
7.33588 0.0155483
7.33588 0.0155483
7.33875 0.038739
7.33925 0.139237
7.34076 0.140739
7.34107 0.141058
7.34186 0.141844
7.34186 0.141844
7.34262 0.0426015
7.34452 0.144505
7.34546 0.0454475
7.34591 0.145891
7.34744 0.047424
7.34776 0.147743
7.3497 0.14968
7.35054 0.0505287
7.35161 0.0515947
7.35249 0.0524741
7.35539 0.0153598
7.35539 0.0153598
7.35539 0.0153598
7.3557 0.0156748
7.3557 0.0153553
7.3557 0.0153553
7.35985 0.0598311
7.36203 0.0620168
7.36528 0.0652601
7.3656 0.0655796
7.36722 0.0672055
7.37046 0.0704488
7.37535 0.0153394
7.37535 0.0153394
7.37535 0.0153394
7.37586 0.0758422
7.37599 0.0159739
7.37599 0.0156544
7.37599 0.0156544
7.37715 0.0771299
7.38067 0.0806588
7.38914 0.0891219
7.39207 0.0920541
7.39537 0.0153416
7.39537 0.0153416
7.39537 0.0153416
7.39569 0.0156566
7.39569 0.0153371
7.39569 0.0153371
7.39815 0.0981358
7.39847 0.0984553
7.39847 0.0984553
7.39879 0.0987748
7.39911 0.0990943
7.39977 0.0997715
7.40124 0.101226
7.40346 0.103439
7.40378 0.103753
7.40378 0.103763
7.4041 0.104082
7.40442 0.104397
7.40623 0.106214
7.40723 0.107218
7.40765 0.107631
7.40918 0.109163
7.4095 0.109483
7.41224 0.112234
7.41269 0.112672
7.41335 0.113334
7.41367 0.113654
7.41399 0.113973
7.41434 0.114324
7.415 0.114992
7.41532 0.115305
7.41564 0.0156252
7.41577 0.0154341
7.41577 0.0154341
7.41577 0.0154341
7.41599 0.0156558
7.41599 0.0153363
7.41599 0.0153363
7.41634 0.116325
7.41762 0.117609
7.41838 0.118364
7.41913 0.119119
7.41913 0.0191195
7.41945 0.019452
7.41945 0.119438
7.41977 0.119758
7.42047 0.0204513
7.42079 0.12077
7.42111 0.12109
7.42142 0.0214098
7.4229 0.0228682
7.42558 0.125563
7.42786 0.127842
7.42871 0.028688
7.42959 0.12957
7.4299 0.0298898
7.43138 0.131359
7.43169 0.0316926
7.43169 0.0316797
7.43201 0.131998
7.43201 0.0320118
7.43339 0.133375
7.43439 0.03438
7.43487 0.134854
7.43519 0.0351818
7.43535 0.0153399
7.43535 0.0153399
7.43535 0.0153399
7.43576 0.0357469
7.43589 0.0158811
7.43589 0.0155616
7.43589 0.0155616
7.43876 0.0387471
7.4392 0.139188
7.4408 0.140783
7.44112 0.141103
7.44187 0.141858
7.44219 0.142177
7.44267 0.042663
7.44457 0.144558
7.44545 0.0454382
7.4458 0.145788
7.44752 0.047508
7.44784 0.147827
7.44978 0.149764
7.45069 0.0506749
7.45151 0.0514921
7.45245 0.0524337
7.45538 0.0153504
7.45538 0.0153504
7.45538 0.0153504
7.45569 0.0156654
7.45569 0.0153459
7.45569 0.0153459
7.45984 0.0598217
7.46218 0.062163
7.46505 0.065033
7.46537 0.0653525
7.46721 0.0671961
7.47033 0.070315
7.47534 0.01533
7.47534 0.01533
7.47534 0.01533
7.47585 0.0758328
7.47598 0.0159646
7.47598 0.015645
7.47598 0.015645
7.4772 0.0771828
7.48075 0.0807428
7.48913 0.0891125
7.49209 0.0920759
7.49536 0.0153323
7.49536 0.0153323
7.49536 0.0153323
7.49571 0.0156784
7.49571 0.0153589
7.49571 0.0153589
7.49811 0.0980954
7.49843 0.0984149
7.49843 0.0984149
7.49875 0.0987344
7.49907 0.0990539
7.49979 0.0997708
7.50117 0.101155
7.50342 0.103407
7.50374 0.103729
7.50374 0.103722
7.50406 0.104042
7.50444 0.104428
7.50625 0.106236
7.50729 0.107271
7.50761 0.10759
7.50917 0.109154
7.50949 0.109474
7.51227 0.112256
7.51286 0.11285
7.51334 0.113325
7.51366 0.113644
7.51398 0.113964
7.51433 0.114314
7.51512 0.115085
7.51543 0.11542
7.51575 0.0157403
7.51588 0.0155491
7.51588 0.0155491
7.51588 0.0155491
7.51601 0.0156775
7.51601 0.015358
7.51601 0.015358
7.51633 0.116316
7.51777 0.117755
7.5184 0.118386
7.51912 0.0191102
7.51944 0.119429
7.51944 0.0194202
7.51944 0.119429
7.51976 0.119748
7.52055 0.0205353
7.52087 0.120854
7.52119 0.0211743
7.52119 0.121173
7.52281 0.0228088
7.52553 0.125514
7.52784 0.127824
7.52872 0.0287044
7.52947 0.129458
7.52979 0.0297787
7.53136 0.131342
7.53168 0.0316619
7.53168 0.0316523
7.532 0.131981
7.532 0.0319799
7.53384 0.133824
7.53447 0.0344555
7.53488 0.0348531
7.5352 0.135187
7.53536 0.0153532
7.53536 0.0153532
7.53536 0.0153532
7.53574 0.0357291
7.53587 0.0158633
7.53587 0.0155438
7.53587 0.0155438
7.53877 0.0387552
7.53912 0.139108
7.54078 0.140765
7.5411 0.141085
7.54179 0.141778
7.54211 0.142097
7.54265 0.0426227
7.54459 0.144571
7.5455 0.0454826
7.54582 0.145801
7.54741 0.0473969
7.54773 0.147716
7.54973 0.149715
7.55067 0.0506571
7.55164 0.0516298
7.55249 0.052478
7.55536 0.0153326
7.55536 0.0153326
7.55536 0.0153326
7.5557 0.0156787
7.5557 0.0153592
7.5557 0.0153592
7.55988 0.0598661
7.56216 0.0621452
7.56534 0.0653262
7.56566 0.0656457
7.56738 0.0673649
7.57019 0.0701728
7.57535 0.0153433
7.57535 0.0153433
7.57535 0.0153433
7.57567 0.0156583
7.57567 0.0153388
7.57567 0.0153388
7.57599 0.0759745
7.57715 0.0771338
7.58067 0.0806628
7.58914 0.0891258
7.59207 0.0920581
7.59537 0.0153456
7.59537 0.0153456
7.59537 0.0153456
7.59569 0.0156606
7.59569 0.0153411
7.59569 0.0153411
7.59812 0.0981086
7.59844 0.0984282
7.59844 0.0984282
7.59876 0.0987477
7.59876 0.0987477
7.59977 0.0997531
7.60114 0.101128
7.60342 0.10342
7.60383 0.103814
7.60415 0.10414
7.60415 0.10414
7.60447 0.104472
7.60622 0.10621
7.60726 0.107245
7.60758 0.107564
7.60917 0.109159
7.60949 0.109478
7.61227 0.112261
7.61278 0.112761
7.61334 0.11333
7.61366 0.113649
7.61398 0.113969
7.61433 0.114319
7.61499 0.114974
7.61531 0.1153
7.61563 0.0156207
7.61576 0.0154295
7.61576 0.0154295
7.61576 0.0154295
7.61598 0.0156512
7.61598 0.0153317
7.61598 0.0153317
7.61649 0.116476
7.61774 0.117729
7.61831 0.118297
7.61913 0.119114
7.61913 0.019115
7.61945 0.0194336
7.61945 0.119434
7.61977 0.119753
7.62055 0.0205401
7.62087 0.120859
7.62119 0.0211791
7.62119 0.121178
7.62282 0.022803
7.6255 0.125488
7.62781 0.127798
7.62869 0.0286761
7.62948 0.129463
7.6298 0.0297835
7.63136 0.131346
7.63168 0.0316658
7.63168 0.0316667
7.632 0.131985
7.632 0.0319708
7.63372 0.133705
7.63447 0.0344603
7.63495 0.0349372
7.63495 0.134935
7.63536 0.0153495
7.63536 0.0153495
7.63536 0.0153495
7.63577 0.0357565
7.6359 0.0158907
7.6359 0.0155712
7.6359 0.0155712
7.63877 0.0387463
7.63931 0.139291
7.64078 0.140762
7.6411 0.141081
7.64185 0.141836
7.64185 0.141836
7.64264 0.0426192
7.64457 0.144559
7.64545 0.0454394
7.64596 0.145945
7.64743 0.0474159
7.64775 0.147735
7.64975 0.149734
7.65069 0.0506761
7.65163 0.0516177
7.65245 0.0524348
7.65538 0.0153516
7.65538 0.0153516
7.65538 0.0153516
7.65569 0.0156666
7.65569 0.0153471
7.65569 0.0153471
7.6599 0.0598851
7.66208 0.0620708
7.66533 0.0653141
7.66565 0.0656336
7.66724 0.0672284
7.67021 0.0701918
7.67534 0.0153312
7.67534 0.0153312
7.67534 0.0153312
7.67569 0.0156773
7.67569 0.0153578
7.67569 0.0153578
7.67601 0.0759935
7.67713 0.0771217
7.68066 0.0806506
7.68913 0.0891137
7.69209 0.092077
7.69536 0.0153335
7.69536 0.0153335
7.69536 0.0153335
7.69571 0.0156796
7.69571 0.0153601
7.69571 0.0153601
7.69817 0.0981587
7.69849 0.0984782
7.69849 0.0984782
7.69881 0.0987978
7.69913 0.0991173
7.69976 0.0997581
7.70117 0.101156
7.70342 0.103394
7.70392 0.103912
7.70424 0.10423
7.70424 0.10423
7.70456 0.10454
7.70625 0.106237
7.70725 0.107241
7.70764 0.107623
7.70917 0.109155
7.70949 0.109475
7.71223 0.112226
7.71277 0.112758
7.71334 0.113326
7.71366 0.113645
7.71366 0.113645
7.71432 0.114307
7.71514 0.115126
7.71546 0.115444
7.71578 0.0157641
7.7159 0.015573
7.7159 0.015573
7.7159 0.015573
7.71603 0.0157013
7.71603 0.0153818
7.71603 0.0153818
7.71635 0.11634
7.71761 0.117592
7.71839 0.118378
7.71912 0.119102
7.71912 0.0191029
7.71943 0.0194302
7.71975 0.119741
7.71975 0.119741
7.72054 0.020528
7.72086 0.120847
7.72118 0.121166
7.72118 0.021167
7.7229 0.0228737
7.72555 0.125538
7.72783 0.127817
7.72871 0.0287073
7.72959 0.129576
7.72991 0.0298958
7.73135 0.131334
7.73167 0.0316623
7.73167 0.0316546
7.73199 0.131973
7.73199 0.0319758
7.73343 0.133413
7.73446 0.0344482
7.73478 0.134767
7.7351 0.0350978
7.73535 0.0153459
7.73535 0.0153459
7.73535 0.0153459
7.73577 0.0357529
7.73589 0.0158871
7.73589 0.0155676
7.73589 0.0155676
7.7382 0.0381777
7.73921 0.139194
7.74077 0.140758
7.74109 0.141078
7.74181 0.141801
7.74213 0.142121
7.74252 0.0425083
7.74445 0.14444
7.74546 0.0454442
7.74587 0.145856
7.74743 0.0474207
7.74775 0.147739
7.74972 0.149707
7.75069 0.0506809
7.7516 0.0515914
7.75248 0.0524708
7.75538 0.0153564
7.75538 0.0153564
7.75538 0.0153564
7.75569 0.0156714
7.75569 0.0153519
7.75569 0.0153519
7.75984 0.0598277
7.7624 0.0623867
7.76505 0.065039
7.76537 0.0653585
7.76731 0.0672954
7.77046 0.0704454
7.77535 0.015336
7.77535 0.015336
7.77535 0.015336
7.77582 0.0758077
7.77595 0.0159395
7.77595 0.0156199
7.77595 0.0156199
7.7772 0.0771888
7.78076 0.0807488
7.78913 0.0891185
7.79209 0.0920819
7.79536 0.0153383
7.79536 0.0153383
7.79536 0.0153383
7.79568 0.0156533
7.79568 0.0153338
7.79568 0.0153338
7.79811 0.0981014
7.79843 0.0984209
7.79843 0.0984209
7.79875 0.0987404
7.79907 0.0990599
7.79977 0.0997405
7.8012 0.101192
7.80342 0.103408
7.80393 0.103925
7.80425 0.104234
7.80425 0.104233
7.80425 0.104234
7.80625 0.106233
7.80722 0.107206
7.80754 0.107526
7.80916 0.109152
7.80948 0.109471
7.81226 0.112253
7.81289 0.112878
7.81333 0.113322
7.81365 0.113642
7.81365 0.113642
7.81432 0.114303
7.81513 0.115131
7.81545 0.11544
7.81577 0.0157604
7.8159 0.0155693
7.8159 0.0155693
7.8159 0.0155693
7.81603 0.0156977
7.81603 0.0153782
7.81603 0.0153782
7.81638 0.116367
7.81791 0.1179
7.81836 0.118343
7.81911 0.119098
7.81911 0.0190993
7.81943 0.019404
7.81975 0.119737
7.81975 0.119737
7.82047 0.0204621
7.82079 0.120781
7.82111 0.1211
7.82143 0.0214207
7.82278 0.0227747
7.82568 0.125667
7.82787 0.127853
7.82874 0.0287153
7.82959 0.12958
7.82991 0.0299006
7.83138 0.13137
7.8317 0.0316758
7.8317 0.0316905
7.83202 0.132009
7.83202 0.0319977
7.83327 0.133262
7.83453 0.0345153
7.83491 0.134896
7.83523 0.0352045
7.83536 0.0153507
7.83536 0.0153507
7.83536 0.0153507
7.83574 0.0357266
7.83587 0.0158608
7.83587 0.0155413
7.83587 0.0155413
7.83824 0.0382169
7.83927 0.139261
7.84078 0.140763
7.84109 0.141082
7.84179 0.141775
7.84211 0.142095
7.84268 0.0426546
7.84359 0.143573
7.84555 0.0455423
7.84594 0.145923
7.84762 0.0476121
7.84794 0.147931
7.84972 0.149712
7.85067 0.0506546
7.85151 0.0515029
7.85249 0.0524756
7.85535 0.0153301
7.85535 0.0153301
7.85535 0.0153301
7.8557 0.0156763
7.8557 0.0153568
7.8557 0.0153568
7.85984 0.0598325
7.86212 0.0621116
7.86524 0.0652305
7.86556 0.06555
7.86753 0.067518
7.87046 0.0704502
7.87535 0.0153409
7.87535 0.0153409
7.87535 0.0153409
7.87582 0.0758126
7.87595 0.0159443
7.87595 0.0156248
7.87595 0.0156248
7.87714 0.0771314
7.88067 0.0806603
7.88913 0.0891233
7.89207 0.0920556
7.89537 0.0153431
7.89537 0.0153431
7.89537 0.0153431
7.89568 0.0156581
7.89568 0.0153386
7.89568 0.0153386
7.89812 0.0981062
7.89844 0.0984257
7.89844 0.0984257
7.89876 0.0987452
7.89908 0.0990647
7.89977 0.099754
7.90121 0.101197
7.90343 0.103421
7.90378 0.103752
7.9041 0.104084
7.9041 0.104084
7.90441 0.104388
7.90623 0.106216
7.90726 0.107251
7.90758 0.10757
7.90859 0.108574
7.90925 0.109236
7.91224 0.112236
7.91278 0.112767
7.91335 0.113336
7.91367 0.113655
7.91399 0.113975
7.91434 0.114325
7.91509 0.115068
7.91541 0.1154
7.91573 0.01572
7.91586 0.0155289
7.91586 0.0155289
7.91586 0.0155289
7.91599 0.0156572
7.91599 0.0153377
7.91599 0.0153377
7.91631 0.116295
7.91772 0.117704
7.91835 0.118334
7.9191 0.119089
7.91942 0.0194094
7.91942 0.0194033
7.91974 0.119728
7.91974 0.119728
7.92056 0.120545
7.92088 0.0208656
7.9212 0.0211851
7.9212 0.121184
7.92288 0.0228708
7.92551 0.125494
7.92778 0.127773
7.92869 0.0286893
7.92948 0.129469
7.9298 0.0297895
7.93136 0.131352
7.93168 0.0316727
7.93168 0.0316666
7.932 0.131991
7.932 0.031997
7.93332 0.133306
7.93448 0.0344663
7.9348 0.134785
7.93512 0.035102
7.93534 0.0153329
7.93534 0.0153329
7.93534 0.0153329
7.93575 0.0357399
7.93588 0.0158741
7.93588 0.0155546
7.93588 0.0155546
7.93822 0.0382023
7.93932 0.139306
7.94079 0.140776
7.94111 0.141096
7.94174 0.141726
7.94206 0.142046
7.94263 0.0426143
7.9436 0.143587
7.94544 0.0454312
7.94595 0.145937
7.94742 0.0474077
7.94774 0.147726
7.94977 0.149757
7.95068 0.0506679
7.95153 0.0515162
7.95244 0.0524267
7.95537 0.0153434
7.95537 0.0153434
7.95537 0.0153434
7.95568 0.0156584
7.95568 0.0153389
7.95568 0.0153389
7.95986 0.0598458
7.96204 0.0620316
7.96507 0.0650571
7.96539 0.0653766
7.96723 0.0672202
7.97044 0.0704324
7.97536 0.0153541
7.97536 0.0153541
7.97536 0.0153541
7.97587 0.075857
7.976 0.0159887
7.976 0.0156692
7.976 0.0156692
7.97719 0.0771758
7.98068 0.0806736
7.98915 0.0891366
7.99208 0.0920689
7.99538 0.0153564
7.99538 0.0153564
7.99538 0.0153564
7.9957 0.0156714
7.9957 0.0153519
7.9957 0.0153519
7.9981 0.0980884
7.99842 0.0984079
7.99842 0.0984079
7.99874 0.0987274
7.99906 0.0990469
7.99975 0.0997448
8.00122 0.10121
8.00341 0.103381
8.00391 0.103899
8.00423 0.104221
8.00423 0.104221
8.00455 0.104537
8.00627 0.106263
8.00725 0.107235
8.00757 0.107555
8.00872 0.108714
8.00926 0.109251
8.01226 0.112252
8.01286 0.112845
8.01333 0.11332
8.01365 0.11364
8.01397 0.113959
8.01432 0.11431
8.01511 0.115093
8.01543 0.115416
8.01575 0.0157358
8.01587 0.0155447
8.01587 0.0155447
8.01587 0.0155447
8.016 0.0156731
8.016 0.0153536
8.016 0.0153536
8.01648 0.116467
8.01764 0.117626
8.01836 0.11835
8.01912 0.0191058
8.01944 0.0194278
8.01944 0.119424
8.01975 0.119744
8.01975 0.119744
8.0206 0.120592
8.02092 0.0209126
8.02124 0.121231
8.02124 0.0212321
8.02324 0.0232182
8.02549 0.125478
8.02783 0.12782
8.02871 0.0287083
8.02959 0.129578
8.02991 0.0298987
8.03135 0.131337
8.03167 0.0316575
8.03167 0.03166
8.03199 0.131976
8.03199 0.0319678
8.03336 0.133353
8.03446 0.0344511
8.03494 0.0349088
8.03526 0.135245
8.03538 0.0153799
8.03538 0.0153799
8.03538 0.0153799
8.03567 0.0156638
8.03567 0.0153443
8.03567 0.0153443
8.03599 0.0359774
8.03833 0.0383148
8.03921 0.139197
8.04071 0.140699
8.04103 0.141018
8.04182 0.141804
8.04213 0.142124
8.04267 0.04267
8.04371 0.143696
8.04546 0.0454471
8.04593 0.145921
8.04746 0.0474547
8.04778 0.147773
8.04972 0.14971
8.05069 0.0506838
8.05167 0.0516565
8.05248 0.0524736
8.05538 0.0153593
8.05538 0.0153593
8.05538 0.0153593
8.0557 0.0156743
8.0557 0.0153548
8.0557 0.0153548
8.0599 0.0598928
8.06206 0.0620474
8.06511 0.0651041
8.06543 0.0654236
8.06743 0.0674227
8.07046 0.0704483
8.07535 0.0153389
8.07535 0.0153389
8.07535 0.0153389
8.07585 0.0758417
8.07598 0.0159734
8.07598 0.0156539
8.07598 0.0156539
8.0772 0.0771916
8.08069 0.0806894
8.08913 0.0891214
8.09206 0.0920536
8.09536 0.0153411
8.09536 0.0153411
8.09536 0.0153411
8.09568 0.0156562
8.09568 0.0153367
8.09568 0.0153367
8.09815 0.0981353
8.09846 0.0984548
8.09846 0.0984548
8.09878 0.0987743
8.0991 0.0990938
8.0998 0.0997693
8.10124 0.101226
8.10283 0.102815
8.10368 0.103669
8.104 0.103994
8.10432 0.104308
8.10464 0.10463
8.10629 0.106284
8.10724 0.107226
8.10756 0.107545
8.10915 0.10914
8.10947 0.10946
8.11225 0.112242
8.11281 0.112805
8.11335 0.113342
8.11367 0.113662
8.11399 0.113981
8.11431 0.114301
8.1151 0.115092
8.11542 0.115406
8.11574 0.0157265
8.11586 0.0155354
8.11586 0.0155354
8.11586 0.0155354
8.11599 0.0156638
8.11599 0.0153443
8.11599 0.0153443
8.1165 0.116489
8.11791 0.117897
8.11829 0.118278
8.11914 0.0191275
8.11946 0.0194271
8.11946 0.119446
8.11946 0.119446
8.11978 0.119766
8.12053 0.0205215
8.12085 0.12084
8.12117 0.12116
8.12149 0.02148
8.12315 0.0231362
8.12558 0.125571
8.12777 0.127757
8.12871 0.0287053
8.12949 0.129484
8.12981 0.0298045
8.13135 0.131336
8.13167 0.0316566
8.13167 0.0316367
8.13199 0.131975
8.1323 0.032295
8.13346 0.133454
8.1345 0.0344898
8.13488 0.134871
8.1352 0.0351823
8.13536 0.0153563
8.13536 0.0153563
8.13536 0.0153563
8.13574 0.0357322
8.13587 0.0158665
8.13587 0.0155469
8.13587 0.0155469
8.13802 0.0380146
8.13921 0.139205
8.14072 0.140706
8.14104 0.141026
8.14179 0.141781
8.14211 0.1421
8.14265 0.042624
8.14359 0.143579
8.14546 0.0454546
8.14594 0.145929
8.14747 0.0474622
8.14779 0.147781
8.14985 0.149842
8.15067 0.0506602
8.15164 0.0516329
8.15246 0.0524501
8.15536 0.0153358
8.15536 0.0153358
8.15536 0.0153358
8.1557 0.0156819
8.1557 0.0153624
8.1557 0.0153624
8.15985 0.0598382
8.16213 0.0621172
8.16525 0.0652361
8.16556 0.0655556
8.16728 0.0672748
8.17043 0.0704248
8.17535 0.0153465
8.17535 0.0153465
8.17535 0.0153465
8.17567 0.0156615
8.17567 0.015342
8.17567 0.015342
8.17599 0.0759777
8.17712 0.0771059
8.18067 0.0806659
8.18911 0.0890979
8.1921 0.0920923
8.19537 0.0153487
8.19537 0.0153487
8.19537 0.0153487
8.19569 0.0156637
8.19569 0.0153442
8.19569 0.0153442
8.19769 0.0976764
8.1981 0.0980892
8.19842 0.0984087
8.19874 0.0987282
8.19906 0.0990477
8.19978 0.0997629
8.20122 0.101211
8.20341 0.103376
8.20382 0.103792
8.20414 0.104129
8.20414 0.104129
8.20446 0.104428
8.2063 0.106292
8.20727 0.107265
8.20762 0.107615
8.20916 0.109148
8.20948 0.109467
8.21222 0.112219
8.21279 0.112781
8.21336 0.11335
8.21368 0.113669
8.214 0.113989
8.21435 0.114339
8.21498 0.114953
8.2153 0.115289
8.21562 0.0156097
8.21575 0.0154185
8.21575 0.0154185
8.21575 0.0154185
8.216 0.0156713
8.216 0.0153518
8.216 0.0153518
8.21635 0.116341
8.21763 0.117624
8.2183 0.118286
8.21914 0.0191351
8.21914 0.119134
8.21946 0.0194434
8.21946 0.119454
8.21978 0.119773
8.22032 0.120311
8.22064 0.0206309
8.22111 0.121105
8.22143 0.0214254
8.22325 0.0232181
8.22556 0.125547
8.2278 0.127795
8.22865 0.0286487
8.22959 0.129585
8.22991 0.0299054
8.23132 0.131313
8.23164 0.0316218
8.23164 0.0316331
8.23196 0.131952
8.23196 0.0319606
8.23362 0.133609
8.2345 0.0344889
8.23482 0.134808
8.23514 0.0351279
8.23536 0.0153555
8.23536 0.0153555
8.23536 0.0153555
8.23583 0.0358247
8.23596 0.0159589
8.23596 0.0156394
8.23596 0.0156394
8.2383 0.038297
8.23912 0.139111
8.24071 0.140705
8.24103 0.141025
8.24179 0.14178
8.24211 0.142099
8.24268 0.0426628
8.24368 0.143672
8.24549 0.0454849
8.24597 0.145959
8.24741 0.0473991
8.24773 0.147718
8.24973 0.149717
8.25067 0.0506594
8.25167 0.0516632
8.25249 0.0524803
8.25535 0.0153349
8.25535 0.0153349
8.25535 0.0153349
8.2557 0.015681
8.2557 0.0153615
8.2557 0.0153615
8.25985 0.0598373
8.26212 0.0621163
8.26509 0.0650797
8.26541 0.0653992
8.26722 0.0672117
8.27043 0.0704239
8.27535 0.0153456
8.27535 0.0153456
8.27535 0.0153456
8.27586 0.0758484
8.27599 0.0159801
8.27599 0.0156606
8.27599 0.0156606
8.27721 0.0771983
8.28067 0.080665
8.28911 0.089097
8.2921 0.0920914
8.29537 0.0153479
8.29537 0.0153479
8.29537 0.0153479
8.29568 0.0156629
8.29568 0.0153434
8.29568 0.0153434
8.29809 0.0980798
8.29841 0.0983993
8.29841 0.0983993
8.29873 0.0987188
8.29905 0.0990383
8.29977 0.0997622
8.30124 0.101233
8.3034 0.103376
8.30381 0.103792
8.30413 0.10412
8.30413 0.10412
8.30445 0.104428
8.30626 0.106252
8.30726 0.107255
8.30758 0.107575
8.30915 0.109139
8.30947 0.109458
8.31224 0.11224
8.31278 0.112772
8.31335 0.11334
8.31367 0.11366
8.31399 0.113979
8.31434 0.11433
8.31497 0.114952
8.31529 0.11528
8.31561 0.0156003
8.31574 0.0154092
8.31574 0.0154092
8.31574 0.0154092
8.31599 0.015662
8.31599 0.0153425
8.31599 0.0153425
8.31637 0.116362
8.31769 0.117677
8.31825 0.118246
8.31913 0.0191258
8.31945 0.0194427
8.31945 0.119444
8.31945 0.119444
8.31977 0.119764
8.32047 0.120457
8.32078 0.020777
8.3212 0.0211899
8.3212 0.121189
8.32317 0.0231501
8.32551 0.125498
8.32782 0.127809
8.3287 0.0286962
8.32902 0.129007
8.32971 0.029701
8.33133 0.131326
8.33165 0.0316437
8.33165 0.0316463
8.33197 0.131965
8.33197 0.0319515
8.33357 0.13356
8.33448 0.0344711
8.33495 0.0349236
8.33495 0.134945
8.33536 0.0153603
8.33536 0.0153603
8.33536 0.0153603
8.33574 0.0357362
8.33587 0.0158704
8.33587 0.0155509
8.33587 0.0155509
8.33818 0.0381807
8.33912 0.139115
8.34069 0.140679
8.34107 0.141061
8.34179 0.141785
8.34211 0.142104
8.34262 0.0426141
8.34372 0.143707
8.34544 0.0454275
8.34591 0.145902
8.3475 0.0474973
8.34782 0.147816
8.34989 0.149877
8.35067 0.0506642
8.35164 0.0516369
8.35246 0.052454
8.35536 0.0153397
8.35536 0.0153397
8.35536 0.0153397
8.35567 0.0156547
8.35567 0.0153352
8.35567 0.0153352
8.35991 0.0599043
8.36219 0.0621834
8.36525 0.06524
8.36557 0.0655595
8.36741 0.0674031
8.37044 0.0704287
8.37535 0.0153504
8.37535 0.0153504
8.37535 0.0153504
8.37567 0.0156654
8.37567 0.0153459
8.37567 0.0153459
8.37599 0.0759816
8.37712 0.0771098
8.38067 0.0806699
8.38911 0.0891018
8.39207 0.0920652
8.39537 0.0153527
8.39537 0.0153527
8.39537 0.0153527
8.39569 0.0156677
8.39569 0.0153482
8.39569 0.0153482
8.39812 0.0981158
8.39844 0.0984353
8.39844 0.0984353
8.39844 0.0984353
8.39889 0.0988792
8.39977 0.0997361
8.40121 0.101198
8.40339 0.103381
8.4038 0.103797
8.40412 0.104116
8.40412 0.104116
8.40444 0.104433
8.40626 0.106248
8.40726 0.107252
8.40758 0.107571
8.40914 0.109135
8.40946 0.109454
8.41224 0.112237
8.41281 0.112799
8.41334 0.113337
8.41366 0.113656
8.41398 0.113976
8.41433 0.114326
8.415 0.114988
8.41531 0.115307
8.41563 0.0156278
8.41576 0.0154367
8.41576 0.0154367
8.41576 0.0154367
8.41598 0.0156584
8.41598 0.0153388
8.41598 0.0153388
8.4163 0.116297
8.41762 0.117611
8.41828 0.118273
8.41913 0.0191221
8.41945 0.0194477
8.41945 0.119441
8.41945 0.119441
8.41977 0.11976
8.42052 0.0205161
8.42084 0.120835
8.42119 0.0211862
8.42151 0.121505
8.42314 0.023136
8.42551 0.125503
8.42779 0.127782
8.4287 0.0286975
8.42902 0.129012
8.42971 0.0297058
8.43134 0.131331
8.43166 0.0316512
8.43166 0.0316572
8.43198 0.13197
8.43198 0.0319649
8.4336 0.133596
8.43448 0.0344759
8.4348 0.134795
8.43512 0.0351011
8.43534 0.0153425
8.43534 0.0153425
8.43534 0.0153425
8.43576 0.0357495
8.43588 0.0158837
8.43588 0.0155642
8.43588 0.0155642
8.43832 0.0382906
8.43923 0.139222
8.4407 0.140692
8.44102 0.141012
8.44177 0.141767
8.44209 0.142086
8.44263 0.0426049
8.44351 0.143503
8.44545 0.0454408
8.44586 0.145853
8.44758 0.147572
8.44758 0.0475728
8.44986 0.149851
8.45068 0.050669
8.45165 0.0516417
8.45228 0.0522722
8.45536 0.0153445
8.45536 0.0153445
8.45536 0.0153445
8.45568 0.0156596
8.45568 0.01534
8.45568 0.01534
8.45982 0.0598158
8.46213 0.062126
8.46522 0.0652138
8.46554 0.0655333
8.46717 0.0671591
8.47044 0.0704335
8.47536 0.0153553
8.47536 0.0153553
8.47536 0.0153553
8.47567 0.0156703
8.47567 0.0153508
8.47567 0.0153508
8.47599 0.0759865
8.47712 0.0771147
8.48086 0.0808613
8.48911 0.0891066
8.49208 0.09207
8.49538 0.0153575
8.49538 0.0153575
8.49538 0.0153575
8.49569 0.0156725
8.49569 0.015353
8.49569 0.015353
8.49813 0.0981206
8.49845 0.0984401
8.49845 0.0984401
8.49845 0.0984401
8.49892 0.0989151
8.49977 0.0997495
8.50124 0.101234
8.5034 0.103394
8.50381 0.103779
8.50413 0.104121
8.50413 0.104121
8.50445 0.104446
8.50632 0.106315
8.50726 0.107257
8.50758 0.107576
8.50915 0.10914
8.50947 0.109459
8.51224 0.112242
8.51278 0.112773
8.51335 0.113341
8.51367 0.113661
8.51399 0.11398
8.51434 0.114331
8.515 0.11497
8.51532 0.115312
8.51564 0.0156326
8.51577 0.0154415
8.51577 0.0154415
8.51577 0.0154415
8.51599 0.0156632
8.51599 0.0153437
8.51599 0.0153437
8.51631 0.116301
8.51762 0.117616
8.51841 0.118402
8.51913 0.019127
8.51945 0.119446
8.51945 0.01943
8.51977 0.119765
8.51977 0.119765
8.52059 0.120582
8.52091 0.0209026
8.52123 0.0212221
8.52123 0.121221
8.52323 0.0232066
8.52551 0.1255
8.52782 0.12781
8.52866 0.0286388
8.52898 0.128977
8.52971 0.0297021
8.53133 0.131327
8.53165 0.0316311
8.53165 0.0316475
8.53197 0.131966
8.53197 0.0319699
8.53338 0.133374
8.53448 0.0344723
8.53489 0.134884
8.53521 0.0351994
8.53534 0.0153388
8.53534 0.0153388
8.53534 0.0153388
8.53585 0.0358391
8.53597 0.0159733
8.53597 0.0156538
8.53597 0.0156538
8.53831 0.0382902
8.53913 0.139125
8.5407 0.140689
8.54108 0.141071
8.5418 0.141794
8.54212 0.142114
8.54269 0.0426721
8.54363 0.143624
8.54513 0.145125
8.54548 0.0454767
8.54742 0.0474136
8.54774 0.147732
8.54999 0.14998
8.55068 0.0506738
8.55168 0.0516776
8.55247 0.0524637
8.55537 0.0153494
8.55537 0.0153494
8.55537 0.0153494
8.55568 0.0156644
8.55568 0.0153449
8.55568 0.0153449
8.55983 0.0598207
8.56245 0.0624419
8.56513 0.0651253
8.56545 0.0654448
8.56723 0.0672262
8.57044 0.0704383
8.57536 0.0153601
8.57536 0.0153601
8.57536 0.0153601
8.57587 0.0758629
8.576 0.0159946
8.576 0.0156751
8.576 0.0156751
8.57722 0.0772128
8.58068 0.0806795
8.58912 0.0891115
8.59205 0.0920437
8.59538 0.0153623
8.59538 0.0153623
8.59538 0.0153623
8.5957 0.0156773
8.5957 0.0153578
8.5957 0.0153578
8.5981 0.0980943
8.59842 0.0984138
8.59874 0.0987333
8.59874 0.0987333
8.59906 0.0990528
8.59975 0.0997404
8.60119 0.101185
8.60341 0.103385
8.60382 0.103801
8.60414 0.104134
8.60414 0.104134
8.60446 0.104437
8.60627 0.106266
8.60728 0.10727
8.6076 0.107589
8.60913 0.109122
8.60945 0.109441
8.61226 0.112255
8.61279 0.112786
8.61333 0.113324
8.61365 0.113643
8.61397 0.113963
8.61432 0.114313
8.61498 0.114961
8.6153 0.115294
8.61562 0.0156148
8.61575 0.0154237
8.61575 0.0154237
8.61575 0.0154237
8.616 0.0156765
8.616 0.015357
8.616 0.015357
8.61641 0.116408
8.6177 0.117692
8.6183 0.118291
8.61911 0.0191091
8.61943 0.119428
8.61943 0.0194208
8.61975 0.119747
8.61975 0.119747
8.62048 0.120471
8.6208 0.0207915
8.62118 0.0211732
8.62118 0.121172
8.62321 0.0232009
8.62552 0.125513
8.6278 0.127792
8.62871 0.0286811
8.62956 0.129551
8.62988 0.0298709
8.63135 0.13134
8.63167 0.0316608
8.63167 0.031653
8.63199 0.131979
8.63199 0.0319608
8.63358 0.133574
8.63449 0.0344856
8.63493 0.0349329
8.63525 0.135248
8.63538 0.0153521
8.63538 0.0153521
8.63538 0.0153521
8.63573 0.035728
8.63586 0.0158311
8.63586 0.0155116
8.63586 0.0155116
8.63876 0.0387423
8.63911 0.139107
8.64068 0.140671
8.64106 0.141053
8.64178 0.141777
8.6421 0.142096
8.64261 0.0426007
8.64458 0.14457
8.64549 0.0454815
8.64581 0.1458
8.6474 0.0473958
8.64772 0.147714
8.64994 0.149931
8.65066 0.050656
8.65163 0.0516287
8.65245 0.0524459
8.65538 0.0153627
8.65538 0.0153627
8.65538 0.0153627
8.65569 0.0156777
8.65569 0.0153582
8.65569 0.0153582
8.6599 0.0598961
8.66212 0.062113
8.66527 0.065263
8.66559 0.0655825
8.66734 0.0673328
8.67043 0.0704205
8.67534 0.0153423
8.67534 0.0153423
8.67534 0.0153423
8.67585 0.0758451
8.67598 0.0159768
8.67598 0.0156573
8.67598 0.0156573
8.67711 0.0771017
8.68069 0.0806617
8.68913 0.0891247
8.69203 0.0920259
8.69536 0.0153445
8.69536 0.0153445
8.69536 0.0153445
8.69568 0.0156595
8.69568 0.01534
8.69568 0.01534
8.69814 0.0981387
8.69846 0.0984582
8.69846 0.0984582
8.69878 0.0987777
8.6991 0.0990972
8.69976 0.0997623
8.7012 0.101198
8.70339 0.103376
8.7038 0.103792
8.70412 0.104116
8.70412 0.104116
8.70444 0.104428
8.70625 0.106248
8.70726 0.107252
8.70758 0.107571
8.70914 0.109135
8.70946 0.109455
8.71227 0.112237
8.71284 0.112831
8.71347 0.113461
8.71379 0.113781
8.71379 0.113781
8.71432 0.114318
8.71498 0.114975
8.7153 0.115299
8.71562 0.0156196
8.71575 0.0154285
8.71575 0.0154285
8.71575 0.0154285
8.71601 0.0156813
8.71601 0.0153618
8.71601 0.0153618
8.71636 0.116351
8.71761 0.117603
8.71839 0.118389
8.71912 0.019114
8.71944 0.0194343
8.71944 0.119433
8.71944 0.119433
8.71976 0.119752
8.72033 0.12032
8.72065 0.0206408
8.72118 0.0211781
8.7215 0.121497
8.72316 0.023133
8.7255 0.125495
8.72778 0.127774
8.72869 0.0286863
8.72951 0.129502
8.72983 0.029822
8.73133 0.131323
8.73165 0.0316438
8.73165 0.031643
8.73197 0.131962
8.73197 0.0319516
8.73337 0.13337
8.73447 0.0344678
8.73488 0.13488
8.7352 0.035181
8.73536 0.0153343
8.73536 0.0153343
8.73536 0.0153343
8.73578 0.0357724
8.73591 0.0158755
8.73591 0.015556
8.73591 0.015556
8.73878 0.0387504
8.73922 0.139214
8.74078 0.140778
8.7411 0.141097
8.74176 0.141759
8.74208 0.142078
8.74265 0.0426227
8.74456 0.144552
8.74544 0.0454326
8.74588 0.145876
8.74751 0.0475024
8.74783 0.147821
8.74989 0.149882
8.75067 0.0506693
8.75165 0.051642
8.75246 0.0524592
8.75536 0.0153448
8.75536 0.0153448
8.75536 0.0153448
8.75568 0.0156599
8.75568 0.0153403
8.75568 0.0153403
8.75982 0.0598161
8.76213 0.0621263
8.76525 0.0652452
8.76557 0.0655647
8.76729 0.0672838
8.77044 0.0704338
8.77536 0.0153555
8.77536 0.0153555
8.77536 0.0153555
8.77586 0.0758584
8.77599 0.0159901
8.77599 0.0156706
8.77599 0.0156706
8.77721 0.0772083
8.78067 0.0806439
8.78911 0.0891069
8.79207 0.0920703
8.79538 0.0153578
8.79538 0.0153578
8.79538 0.0153578
8.79569 0.0156728
8.79569 0.0153533
8.79569 0.0153533
8.79809 0.0980898
8.79841 0.0984093
8.79841 0.0984093
8.79873 0.0987288
8.79905 0.0990483
8.79978 0.0997531
8.80122 0.101211
8.8034 0.103398
8.80372 0.10372
8.80404 0.104036
8.80404 0.104036
8.80458 0.104574
8.80636 0.106355
8.80727 0.107265
8.80759 0.107585
8.80912 0.109117
8.80944 0.109437
8.81228 0.11225
8.81279 0.112782
8.81335 0.11335
8.81367 0.11367
8.81399 0.113989
8.81431 0.114309
8.81501 0.115005
8.81533 0.115321
8.81564 0.0156414
8.81577 0.0154502
8.81577 0.0154502
8.81577 0.0154502
8.81599 0.0156719
8.81599 0.0153524
8.81599 0.0153524
8.81631 0.11631
8.81763 0.117625
8.81829 0.118287
8.81911 0.0191046
8.81943 0.0194025
8.81943 0.119423
8.81943 0.119423
8.81975 0.119743
8.8206 0.0205919
8.82091 0.120911
8.82123 0.0212309
8.82123 0.12123
8.82323 0.0232206
8.82554 0.125539
8.82779 0.127787
8.8287 0.0286755
8.82958 0.129577
8.8299 0.0298975
8.83134 0.131336
8.83166 0.0316347
8.83166 0.0316563
8.83198 0.131975
8.83198 0.0319735
8.83345 0.133445
8.83448 0.034481
8.8349 0.134893
8.83522 0.035203
8.83538 0.0153476
8.83538 0.0153476
8.83538 0.0153476
8.83585 0.0358479
8.83598 0.015951
8.83598 0.0156315
8.83598 0.0156315
8.83876 0.0387274
8.83911 0.139103
8.8408 0.140791
8.84111 0.14111
8.84175 0.141741
8.84206 0.14206
8.84266 0.0426446
8.84457 0.144566
8.84545 0.0454459
8.84577 0.145765
8.84743 0.0474224
8.84775 0.147741
8.84974 0.14974
8.85069 0.0506826
8.85169 0.0516864
8.85251 0.0525036
8.85537 0.0153581
8.85537 0.0153581
8.85537 0.0153581
8.85569 0.0156731
8.85569 0.0153536
8.85569 0.0153536
8.85993 0.0599227
8.86258 0.062575
8.86504 0.0650407
8.86536 0.0653602
8.8673 0.0672971
8.87048 0.0704782
8.87534 0.0153377
8.87534 0.0153377
8.87534 0.0153377
8.87565 0.0156527
8.87565 0.0153332
8.87565 0.0153332
8.87597 0.0759689
8.8771 0.0770971
8.88081 0.0807816
8.88912 0.0891202
8.89206 0.0920525
8.89536 0.01534
8.89536 0.01534
8.89536 0.01534
8.89567 0.015655
8.89567 0.0153355
8.89567 0.0153355
8.89814 0.0981342
8.89846 0.0984537
8.89846 0.0984537
8.89878 0.0987732
8.8991 0.0990927
8.89976 0.0997439
8.9012 0.101194
8.90341 0.103389
8.90383 0.103804
8.90415 0.104143
8.90415 0.104143
8.90447 0.10444
8.90628 0.106275
8.90725 0.107247
8.90757 0.107567
8.90913 0.109131
8.90945 0.10945
8.91229 0.112264
8.91283 0.112826
8.91334 0.113332
8.91366 0.113652
8.91397 0.113971
8.91433 0.114322
8.91499 0.114965
8.91531 0.115303
8.91563 0.0156235
8.91575 0.0154324
8.91575 0.0154324
8.91575 0.0154324
8.91598 0.0156541
8.91598 0.0153346
8.91598 0.0153346
8.91642 0.116417
8.91798 0.11798
8.9183 0.1183
8.91912 0.0191179
8.91944 0.119437
8.91944 0.0194244
8.91944 0.119437
8.91976 0.119756
8.92058 0.120573
8.9209 0.0208936
8.92122 0.121212
8.92122 0.0212131
8.92318 0.0231527
8.92553 0.125522
8.92777 0.12777
8.92868 0.0286693
8.92953 0.129528
8.92985 0.0298486
8.93132 0.131318
8.93164 0.0316385
8.93164 0.0316255
8.93196 0.131957
8.93228 0.0322527
8.93366 0.133654
8.93447 0.0344717
8.93479 0.13479
8.93511 0.035109
8.93537 0.0153382
8.93537 0.0153382
8.93537 0.0153382
8.93575 0.0357452
8.93588 0.0158483
8.93588 0.0155288
8.93588 0.0155288
8.93875 0.0387439
8.93922 0.139218
8.94072 0.140719
8.94104 0.141039
8.9418 0.141794
8.94212 0.142113
8.94262 0.0426128
8.94456 0.144556
8.94547 0.0454676
8.94591 0.145911
8.94742 0.047413
8.94774 0.147732
8.94989 0.149886
8.95068 0.0506732
8.95162 0.0516148
8.95247 0.0524631
8.95536 0.0153488
8.95536 0.0153488
8.95536 0.0153488
8.95568 0.0156638
8.95568 0.0153443
8.95568 0.0153443
8.95982 0.0598201
8.96213 0.0621302
8.96531 0.0653113
8.96563 0.0656308
8.96726 0.0672567
8.97047 0.0704689
8.97539 0.0153595
8.97539 0.0153595
8.97539 0.0153595
8.9757 0.0156745
8.9757 0.015355
8.9757 0.015355
8.97602 0.0760218
8.97712 0.0771189
8.98068 0.0806478
8.98911 0.0891109
8.99208 0.0920742
8.99538 0.0153617
8.99538 0.0153617
8.99538 0.0153617
8.99569 0.0156767
8.99569 0.0153572
8.99569 0.0153572
8.99813 0.0981248
8.99845 0.0984443
8.99845 0.0984443
8.99877 0.0987638
8.99909 0.0990833
8.99975 0.0997432
9.00125 0.101246
9.0034 0.103388
9.00382 0.103804
9.00414 0.104133
9.00414 0.104133
9.00446 0.104442
9.00627 0.106268
9.00724 0.107241
9.00756 0.10756
9.00916 0.109155
9.00948 0.109475
9.01229 0.112257
9.01282 0.11282
9.01336 0.113357
9.01368 0.113676
9.014 0.113996
9.01432 0.114315
9.01501 0.114998
9.01533 0.115328
9.01565 0.015648
9.01578 0.0154569
9.01578 0.0154569
9.01578 0.0154569
9.016 0.0156786
9.016 0.0153591
9.016 0.0153591
9.01632 0.116317
9.01798 0.117974
9.01839 0.118387
9.01911 0.0191112
9.01943 0.11943
9.01943 0.0194264
9.01943 0.11943
9.01975 0.119749
9.02048 0.120473
9.0208 0.0207936
9.02118 0.0211753
9.0215 0.121494
9.02325 0.0232288
9.02549 0.125492
9.02777 0.127771
9.02868 0.0286827
9.02959 0.129592
9.02991 0.0299126
9.03132 0.13132
9.03164 0.0316403
9.03164 0.0316359
9.03196 0.131959
9.03228 0.0322632
9.03344 0.133438
9.03448 0.0344735
9.03479 0.134792
9.03511 0.0350883
9.03537 0.01534
9.03537 0.01534
9.03537 0.01534
9.03584 0.0358403
9.03597 0.0159435
9.03597 0.015624
9.03597 0.015624
9.03875 0.0387406
9.03922 0.13922
9.04066 0.140659
9.04098 0.140978
9.04177 0.141764
9.04209 0.142084
9.04262 0.0426233
9.04447 0.144465
9.04547 0.0454695
9.04582 0.145819
9.04742 0.0474148
9.04774 0.147734
9.0497 0.149702
9.05068 0.0506751
9.05165 0.0516477
9.0525 0.052496
9.05536 0.0153506
9.05536 0.0153506
9.05536 0.0153506
9.05568 0.0156656
9.05568 0.0153461
9.05568 0.0153461
9.05982 0.0598219
9.06213 0.062132
9.06507 0.0650643
9.06539 0.0653838
9.06723 0.0672274
9.07044 0.0704396
9.07539 0.0153613
9.07539 0.0153613
9.07539 0.0153613
9.0759 0.0758952
9.07603 0.0159958
9.07603 0.0156763
9.07603 0.0156763
9.07722 0.077214
9.08071 0.0806807
9.08911 0.0891127
9.09208 0.092076
9.09538 0.0153635
9.09538 0.0153635
9.09538 0.0153635
9.09569 0.0156786
9.09569 0.015359
9.09569 0.015359
9.0981 0.0980955
9.09842 0.098415
9.09842 0.098415
9.09874 0.0987345
9.09906 0.099054
9.09978 0.0997537
9.10119 0.101186
9.1034 0.103398
9.10382 0.103814
9.10414 0.104135
9.10414 0.104135
9.10446 0.10445
9.10636 0.106361
9.10724 0.10724
9.10756 0.107559
9.10916 0.109154
9.10948 0.109474
9.11228 0.112256
9.11279 0.112788
9.11333 0.113325
9.11365 0.113644
9.11397 0.113964
9.11432 0.114315
9.11501 0.115006
9.11533 0.115327
9.11565 0.0156471
9.11578 0.015456
9.11578 0.015456
9.11578 0.015456
9.116 0.0156777
9.116 0.0153582
9.116 0.0153582
9.11641 0.116409
9.11782 0.117817
9.11826 0.118261
9.11914 0.0191415
9.11946 0.0194342
9.11946 0.11946
9.11978 0.11978
9.11978 0.11978
9.12032 0.120317
9.12064 0.0206372
9.12121 0.0212056
9.12153 0.121524
9.12315 0.0231467
9.12584 0.125834
9.12777 0.12777
9.12868 0.0286623
9.1295 0.129498
9.12982 0.0298184
9.13132 0.131319
9.13164 0.0316126
9.13164 0.0316394
9.13196 0.131958
9.13228 0.032271
9.13328 0.133281
9.13447 0.0344726
9.13489 0.134885
9.13521 0.0351894
9.13537 0.0153392
9.13537 0.0153392
9.13537 0.0153392
9.13572 0.0357151
9.13584 0.0158182
9.13584 0.0154987
9.13584 0.0154987
9.13875 0.0387345
9.13913 0.139125
9.14069 0.140689
9.14101 0.141009
9.14173 0.141733
9.14205 0.142052
9.14272 0.0426932
9.14447 0.144464
9.14544 0.0454375
9.14579 0.145787
9.14754 0.0475384
9.14754 0.147538
9.14988 0.149879
9.15067 0.0506657
9.1517 0.0517006
9.15246 0.0524556
9.15535 0.0153412
9.15535 0.0153412
9.15535 0.0153412
9.1557 0.0156874
9.1557 0.0153678
9.1557 0.0153678
9.15981 0.0598125
9.16237 0.0623715
9.16524 0.0652416
9.16556 0.0655611
9.16728 0.0672802
9.17043 0.0704302
9.17538 0.0153519
9.17538 0.0153519
9.17538 0.0153519
9.1757 0.015667
9.1757 0.0153475
9.1757 0.0153475
9.17602 0.0760143
9.17711 0.0771114
9.1807 0.0806714
9.1891 0.0891033
9.19204 0.0920356
9.19537 0.0153542
9.19537 0.0153542
9.19537 0.0153542
9.19568 0.0156692
9.19568 0.0153497
9.19568 0.0153497
9.19815 0.0981484
9.19847 0.0984679
9.19847 0.0984679
9.19879 0.0987874
9.19911 0.0991069
9.19977 0.099753
9.20121 0.101208
9.20343 0.103398
9.20384 0.103813
9.20416 0.104157
9.20416 0.104157
9.20448 0.10445
9.20648 0.106476
9.20726 0.107262
9.20758 0.107581
9.20911 0.109114
9.20943 0.109433
9.21224 0.112216
9.21293 0.112934
9.21347 0.113471
9.21379 0.113791
9.21379 0.113791
9.21433 0.114328
9.21499 0.114965
9.21531 0.115309
9.21563 0.0156293
9.21576 0.0154382
9.21576 0.0154382
9.21576 0.0154382
9.21598 0.0156599
9.21598 0.0153404
9.21598 0.0153404
9.21658 0.116578
9.21799 0.117986
9.21831 0.118306
9.21912 0.0191236
9.21944 0.019425
9.21944 0.119442
9.21944 0.119442
9.21976 0.119762
9.22033 0.12033
9.22065 0.0206505
9.22128 0.0212811
9.2216 0.1216
9.22326 0.0232343
9.22554 0.125536
9.22775 0.127753
9.2287 0.0286735
9.22961 0.129605
9.22993 0.029925
9.2313 0.131301
9.23162 0.0316216
9.23162 0.0316034
9.23194 0.13194
9.23226 0.0322307
9.23361 0.133606
9.23449 0.0344859
9.2349 0.134898
9.23522 0.0352113
9.23538 0.0153525
9.23538 0.0153525
9.23538 0.0153525
9.23588 0.0358839
9.23601 0.015987
9.23601 0.0156675
9.23601 0.0156675
9.23876 0.0387426
9.2392 0.139201
9.2407 0.140702
9.24102 0.141022
9.24172 0.141715
9.24204 0.142034
9.24263 0.0426218
9.24448 0.144477
9.24545 0.0454508
9.2458 0.145801
9.24749 0.0474895
9.24781 0.147808
9.24975 0.149745
9.25066 0.0506564
9.25166 0.0516602
9.25254 0.0525395
9.25537 0.015363
9.25537 0.015363
9.25537 0.015363
9.25569 0.015678
9.25569 0.0153585
9.25569 0.0153585
9.2598 0.0598032
9.26214 0.0621444
9.26529 0.0652944
9.26561 0.0656139
9.26727 0.0672709
9.27042 0.0704209
9.27537 0.0153426
9.27537 0.0153426
9.27537 0.0153426
9.27569 0.0156576
9.27569 0.0153381
9.27569 0.0153381
9.27601 0.0760049
9.2771 0.077102
9.28069 0.080662
9.28909 0.089094
9.29209 0.0920884
9.29536 0.0153448
9.29536 0.0153448
9.29536 0.0153448
9.29567 0.0156599
9.29567 0.0153404
9.29567 0.0153404
9.29808 0.0980768
9.2984 0.0983963
9.2984 0.0983963
9.29872 0.0987158
9.29872 0.0987158
9.29904 0.0990284
9.30119 0.10119
9.30338 0.103357
9.30379 0.103773
9.30411 0.104108
9.30411 0.104108
9.30443 0.104409
9.3063 0.106302
9.30728 0.107275
9.30759 0.107594
9.30913 0.109127
9.30945 0.109447
9.31225 0.112229
9.31289 0.112885
9.31348 0.113484
9.3138 0.113804
9.3138 0.113804
9.31434 0.114341
9.31497 0.114956
9.31529 0.115291
9.31561 0.0155804
9.31574 0.0153893
9.31574 0.0153893
9.31574 0.0153893
9.31602 0.0156732
9.31602 0.0153537
9.31602 0.0153537
9.31637 0.116374
9.31763 0.117626
9.31795 0.117946
9.31901 0.119012
9.31933 0.0193009
9.31933 0.0193225
9.31933 0.119331
9.31965 0.119651
9.32031 0.120312
9.32063 0.0206016
9.32123 0.021201
9.32155 0.121551
9.3228 0.0227932
9.32549 0.125487
9.32783 0.127828
9.32874 0.0287098
9.3294 0.1294
9.32981 0.0297828
9.33131 0.131315
9.33163 0.0316038
9.33163 0.0316254
9.33195 0.131954
9.33195 0.0319331
9.33342 0.133424
9.33452 0.0344907
9.33484 0.134841
9.33516 0.0351315
9.33538 0.0153573
9.33538 0.0153573
9.33538 0.0153573
9.33576 0.0357332
9.33589 0.0158674
9.33589 0.0155479
9.33589 0.0155479
9.33876 0.0387423
9.33908 0.139081
9.34068 0.140676
9.341 0.140996
9.34175 0.141751
9.34175 0.141751
9.34272 0.0427201
9.34444 0.144443
9.34548 0.0454471
9.34589 0.14589
9.34755 0.147547
9.34787 0.0478364
9.3498 0.149804
9.35056 0.0505283
9.35153 0.051501
9.35247 0.0524426
9.35537 0.0153593
9.35537 0.0153593
9.35537 0.0153593
9.35568 0.0156744
9.35568 0.0153549
9.35568 0.0153549
9.35964 0.0596129
9.3623 0.0622652
9.36523 0.0651975
9.36555 0.065517
9.3672 0.0671739
9.37045 0.0704172
9.37537 0.015339
9.37537 0.015339
9.37537 0.015339
9.37569 0.0756551
9.37581 0.0157869
9.37581 0.0154673
9.37581 0.0154673
9.37722 0.0771917
9.38078 0.0807517
9.38912 0.0890903
9.39205 0.0920226
9.39535 0.0153412
9.39535 0.0153412
9.39535 0.0153412
9.3957 0.0156873
9.3957 0.0153678
9.3957 0.0153678
9.3977 0.0976688
9.39811 0.0980816
9.39843 0.0984011
9.39875 0.0987207
9.39875 0.0987207
9.39907 0.0990503
9.40132 0.101288
9.40341 0.103402
9.40376 0.103756
9.40408 0.104051
9.40408 0.104051
9.4044 0.104392
9.40637 0.106338
9.40725 0.107218
9.40757 0.107537
9.40916 0.109132
9.40948 0.109451
9.41226 0.112234
9.4128 0.112765
9.41349 0.113458
9.41381 0.113778
9.41413 0.114097
9.41445 0.114417
9.41502 0.115009
9.41533 0.115304
9.41565 0.0156248
9.41578 0.0154336
9.41578 0.0154336
9.41578 0.0154336
9.41604 0.0156865
9.41604 0.0153669
9.41604 0.0153669
9.41664 0.116605
9.41776 0.117733
9.41808 0.118052
9.41899 0.118963
9.41931 0.0192831
9.41931 0.0192822
9.41931 0.119282
9.41963 0.119602
9.42033 0.120295
9.42064 0.0206149
9.42124 0.121214
9.42156 0.0215338
9.42291 0.0228892
9.4255 0.125469
9.42784 0.12781
9.42872 0.0287035
9.42944 0.129414
9.42976 0.0297339
9.43133 0.131297
9.43165 0.0316162
9.43165 0.0316171
9.43197 0.131936
9.43197 0.0319635
9.43362 0.133593
9.4345 0.0344729
9.43492 0.134885
9.43523 0.0352156
9.43536 0.0153395
9.43536 0.0153395
9.43536 0.0153395
9.43575 0.0357153
9.43587 0.0158496
9.43587 0.0155301
9.43587 0.0155301
9.43877 0.0387504
9.43916 0.139126
9.44072 0.140689
9.44107 0.14104
9.44179 0.141764
9.44211 0.142083
9.44265 0.0426261
9.44449 0.144464
9.44547 0.0454378
9.44594 0.145912
9.44744 0.0474143
9.44776 0.147733
9.44976 0.149732
9.45055 0.0505189
9.45155 0.0515227
9.45246 0.0524332
9.45536 0.01535
9.45536 0.01535
9.45536 0.01535
9.45567 0.015665
9.45567 0.0153455
9.45567 0.0153455
9.45976 0.059728
9.46225 0.0622248
9.46534 0.0653125
9.46566 0.065632
9.46729 0.0672579
9.47044 0.0704079
9.47539 0.0153607
9.47539 0.0153607
9.47539 0.0153607
9.4757 0.0156757
9.4757 0.0153562
9.4757 0.0153562
9.47602 0.0759919
9.47712 0.077089
9.4807 0.0806801
9.48917 0.0891432
9.49204 0.0920132
9.49538 0.015363
9.49538 0.015363
9.49538 0.015363
9.49569 0.015678
9.49569 0.0153585
9.49569 0.0153585
9.49812 0.0980949
9.49844 0.0984144
9.49844 0.0984144
9.49876 0.0987339
9.49908 0.0990535
9.49908 0.0990807
9.50133 0.101301
9.50342 0.103393
9.50384 0.103809
9.50416 0.104126
9.50416 0.104126
9.50448 0.104445
9.50647 0.106445
9.50723 0.1072
9.50755 0.107519
9.50917 0.109145
9.50949 0.109465
9.51224 0.112216
9.51287 0.112841
9.51347 0.11344
9.51379 0.11376
9.51411 0.114079
9.51443 0.114399
9.51503 0.115
9.51535 0.115318
9.51567 0.0156381
9.51599 0.115957
9.51611 0.0157664
9.51611 0.0157664
9.51611 0.0157664
9.51611 0.0157664
9.51611 0.0154469
9.51611 0.0154469
9.51624 0.0155753
9.51774 0.117715
9.51806 0.118034
9.5191 0.119069
9.51942 0.0193897
9.51942 0.0193975
9.51942 0.119389
9.51974 0.119708
9.52043 0.120401
9.52075 0.0207215
9.52123 0.0211965
9.52154 0.121515
9.52286 0.0228298
9.52548 0.125451
9.52782 0.127793
9.52873 0.028702
9.52943 0.129396
9.52974 0.0297161
9.53134 0.13131
9.53166 0.0316303
9.53166 0.0316381
9.53198 0.131949
9.53198 0.0319628
9.53351 0.133482
9.53452 0.0344862
9.53483 0.134805
9.53515 0.0351442
9.53538 0.0153528
9.53538 0.0153528
9.53538 0.0153528
9.53576 0.0357286
9.53589 0.0158629
9.53589 0.0155434
9.53589 0.0155434
9.53879 0.0387585
9.53911 0.139077
9.5407 0.140672
9.54102 0.140991
9.54174 0.141715
9.54206 0.142035
9.54266 0.0426481
9.54451 0.144478
9.54548 0.0454511
9.54589 0.145863
9.54743 0.0473964
9.54774 0.147715
9.54984 0.149808
9.55056 0.0505322
9.55166 0.0516293
9.55248 0.0524465
9.55537 0.0153633
9.55537 0.0153633
9.55537 0.0153633
9.55569 0.0156783
9.55569 0.0153588
9.55569 0.0153588
9.55965 0.0596168
9.56217 0.0621447
9.56535 0.0653258
9.56567 0.0656453
9.56724 0.067209
9.57045 0.0704212
9.57537 0.0153429
9.57537 0.0153429
9.57537 0.0153429
9.57568 0.0156579
9.57568 0.0153384
9.57568 0.0153384
9.576 0.0759741
9.57713 0.0771023
9.58069 0.0806623
9.58912 0.0890943
9.59209 0.0920576
9.59536 0.0153451
9.59536 0.0153451
9.59536 0.0153451
9.59567 0.0156602
9.59567 0.0153407
9.59567 0.0153407
9.59811 0.0980771
9.59843 0.0983966
9.59843 0.0983966
9.59874 0.0987161
9.59906 0.0990356
9.59938 0.0993684
9.60123 0.101199
9.60344 0.103423
9.60376 0.103746
9.60376 0.103735
9.60408 0.104055
9.6044 0.104382
9.6064 0.106373
9.60685 0.106817
9.60754 0.10751
9.60916 0.109136
9.60948 0.109455
9.61223 0.112207
9.61286 0.112831
9.61346 0.113431
9.61378 0.11375
9.61378 0.11375
9.61435 0.114319
9.61501 0.114991
9.61533 0.1153
9.61565 0.0156202
9.61597 0.115939
9.6161 0.0157486
9.6161 0.0157486
9.6161 0.0157486
9.6161 0.0157486
9.6161 0.0154291
9.6161 0.0154291
9.61622 0.0155575
9.61773 0.117697
9.61805 0.118017
9.61914 0.0191146
9.61946 0.0194505
9.61946 0.119433
9.61946 0.119433
9.61978 0.119753
9.62032 0.12029
9.62064 0.0206104
9.62127 0.12124
9.62159 0.0215604
9.62278 0.0227703
9.62552 0.125496
9.6278 0.127775
9.62868 0.0286653
9.62944 0.129409
9.62976 0.0297294
9.63135 0.131323
9.63167 0.03166
9.63167 0.0316436
9.63199 0.131962
9.63199 0.0319621
9.63355 0.133526
9.63453 0.0344995
9.63485 0.134818
9.63517 0.0351662
9.63539 0.015366
9.63539 0.015366
9.63539 0.015366
9.63577 0.0357419
9.6359 0.0158761
9.6359 0.0155566
9.6359 0.0155566
9.63874 0.0387355
9.63915 0.139121
9.64071 0.140685
9.64106 0.141036
9.64185 0.141822
9.64185 0.141822
9.64273 0.0427237
9.64445 0.14442
9.64548 0.0454559
9.64593 0.145899
9.64749 0.0474635
9.64781 0.147782
9.64969 0.149657
9.65057 0.0505371
9.65154 0.0515097
9.65254 0.0525135
9.65534 0.015337
9.65534 0.015337
9.65534 0.015337
9.65569 0.0156831
9.65569 0.0153636
9.65569 0.0153636
9.65984 0.0598083
9.66249 0.0624606
9.66523 0.0652062
9.66555 0.0655257
9.66721 0.0671827
9.67045 0.070426
9.67537 0.0153477
9.67537 0.0153477
9.67537 0.0153477
9.67569 0.0156627
9.67569 0.0153432
9.67569 0.0153432
9.67601 0.0759789
9.67714 0.0771071
9.68069 0.0806672
9.68913 0.0890991
9.69206 0.0920313
9.69536 0.01535
9.69536 0.01535
9.69536 0.01535
9.69568 0.015665
9.69568 0.0153455
9.69568 0.0153455
9.69814 0.098113
9.69846 0.0984325
9.69878 0.0987521
9.69878 0.0987521
9.6991 0.0990716
9.69942 0.0993904
9.7012 0.101172
9.70342 0.103406
9.70374 0.103736
9.70374 0.103709
9.70406 0.104028
9.70441 0.104395
9.70641 0.106378
9.70725 0.107226
9.70761 0.107577
9.70914 0.10911
9.70946 0.109429
9.71226 0.112243
9.71277 0.112743
9.71346 0.113436
9.71378 0.113755
9.71378 0.113755
9.71435 0.114324
9.71501 0.115004
9.71533 0.115305
9.71565 0.0156251
9.71597 0.115944
9.7161 0.0157534
9.7161 0.0157534
9.7161 0.0157534
9.7161 0.0157534
9.7161 0.0154339
9.7161 0.0154339
9.71623 0.0155623
9.71779 0.117764
9.71811 0.118084
9.71915 0.0191194
9.71947 0.019464
9.71947 0.119438
9.71947 0.119438
9.71979 0.119758
9.72032 0.120295
9.72064 0.0206152
9.72124 0.121214
9.72156 0.0215341
9.72275 0.0227335
9.7255 0.125469
9.72787 0.127842
9.72872 0.0287023
9.72941 0.129383
9.72973 0.0297031
9.73133 0.131297
9.73164 0.0316173
9.73164 0.0316424
9.73196 0.131936
9.73228 0.0322724
9.73363 0.133601
9.73442 0.0343884
9.73489 0.134863
9.73521 0.0351966
9.73537 0.0153482
9.73537 0.0153482
9.73537 0.0153482
9.73575 0.0357241
9.73588 0.0158583
9.73588 0.0155388
9.73588 0.0155388
9.73875 0.0387436
9.73916 0.139135
9.74073 0.140698
9.74111 0.14108
9.74183 0.141804
9.74215 0.142123
9.74269 0.0426608
9.74441 0.14438
9.74547 0.0454465
9.74582 0.145796
9.74742 0.0473919
9.74774 0.147711
9.74974 0.14971
9.75055 0.0505277
9.75153 0.0515004
9.75247 0.052442
9.75537 0.0153588
9.75537 0.0153588
9.75537 0.0153588
9.75568 0.0156738
9.75568 0.0153543
9.75568 0.0153543
9.75983 0.0597989
9.76217 0.0621402
9.76532 0.0652902
9.76564 0.0656097
9.76717 0.0671423
9.77041 0.0703855
9.77536 0.0153384
9.77536 0.0153384
9.77536 0.0153384
9.77571 0.0156845
9.77571 0.015365
9.77571 0.015365
9.77603 0.0760007
9.77713 0.0770978
9.78068 0.0806578
9.78912 0.0890898
9.79205 0.092022
9.79535 0.0153406
9.79535 0.0153406
9.79535 0.0153406
9.7957 0.0156867
9.7957 0.0153672
9.7957 0.0153672
9.79813 0.0981037
9.79845 0.0984232
9.79845 0.0984232
9.79877 0.0987427
9.79909 0.0990622
9.79941 0.0993981
9.80122 0.101194
9.80341 0.103405
9.80373 0.103713
9.80373 0.103699
9.80405 0.104019
9.80437 0.104363
9.80633 0.106307
9.80728 0.107248
9.80763 0.107599
9.80913 0.1091
9.80945 0.10942
9.81225 0.112233
9.81285 0.112827
9.81336 0.113333
9.81368 0.113653
9.814 0.113972
9.81435 0.114323
9.81498 0.11495
9.8153 0.115273
9.81562 0.0155931
9.81594 0.115912
9.81607 0.0157215
9.81607 0.0157215
9.81607 0.0157215
9.81607 0.0157215
9.81607 0.015402
9.81607 0.015402
9.8162 0.0155303
9.81779 0.117763
9.81811 0.118083
9.81914 0.0191185
9.81946 0.0194406
9.81946 0.119437
9.81946 0.119437
9.81978 0.119757
9.82032 0.120294
9.82064 0.0206143
9.82121 0.0211826
9.82153 0.121501
9.82275 0.0227221
9.82553 0.1255
9.82781 0.127779
9.82872 0.0286865
9.82941 0.129382
9.82973 0.0297022
9.83139 0.131358
9.83171 0.0316787
9.83171 0.0316813
9.83202 0.131997
9.83202 0.0320229
9.83365 0.133623
9.83441 0.034379
9.83491 0.134884
9.83491 0.0348848
9.83538 0.0153615
9.83538 0.0153615
9.83538 0.0153615
9.83576 0.0357374
9.83589 0.0158716
9.83589 0.0155521
9.83589 0.0155521
9.83876 0.0387517
9.83921 0.139179
9.84071 0.14068
9.84103 0.141
9.84178 0.141755
9.8421 0.142074
9.84267 0.0426516
9.84445 0.144424
9.84549 0.0454598
9.84584 0.14581
9.84743 0.0474052
9.84781 0.147786
9.84969 0.149661
9.85057 0.050541
9.85154 0.0515137
9.85248 0.0524553
9.85535 0.0153409
9.85535 0.0153409
9.85535 0.0153409
9.85569 0.0156871
9.85569 0.0153676
9.85569 0.0153676
9.85984 0.0598122
9.86215 0.0621224
9.86524 0.0652102
9.86556 0.0655297
9.86724 0.0672178
9.87018 0.07015
9.87537 0.0153517
9.87537 0.0153517
9.87537 0.0153517
9.87569 0.0156667
9.87569 0.0153472
9.87569 0.0153472
9.87601 0.0759829
9.8772 0.0771733
9.88069 0.0806711
9.88913 0.089103
9.89209 0.0920664
9.89536 0.0153539
9.89536 0.0153539
9.89536 0.0153539
9.89568 0.0156689
9.89568 0.0153494
9.89568 0.0153494
9.89811 0.0980859
9.89843 0.0984054
9.89843 0.0984054
9.89875 0.0987249
9.89907 0.0990444
9.89939 0.0993663
9.90127 0.101239
9.90345 0.103427
9.90377 0.103744
9.90377 0.103744
9.90409 0.104063
9.90441 0.104385
9.90632 0.106289
9.90729 0.107261
9.90761 0.107581
9.90911 0.109082
9.90943 0.109402
9.91227 0.112246
9.9128 0.112778
9.91337 0.113346
9.91369 0.113666
9.91401 0.113985
9.91436 0.114336
9.91499 0.114972
9.91531 0.115286
9.91563 0.0156064
9.91595 0.115925
9.91608 0.0157348
9.91608 0.0157348
9.91608 0.0157348
9.91608 0.0157348
9.91608 0.0154152
9.91608 0.0154152
9.91621 0.0155436
9.91774 0.117714
9.91806 0.118034
9.91822 0.0153383
9.91916 0.0191358
9.91948 0.0194665
9.91948 0.119454
9.91948 0.119454
9.9198 0.119774
9.92034 0.120311
9.92066 0.0206316
9.92116 0.121137
9.92148 0.0214572
9.92202 0.015362
9.92277 0.0227639
9.92552 0.12549
9.92617 0.0153434
9.92783 0.127804
9.92868 0.0286618
9.92943 0.129407
9.92975 0.0297274
9.92988 0.0153416
9.93132 0.131294
9.93164 0.0316258
9.93164 0.0316145
9.93196 0.131933
9.93228 0.0322558
9.93369 0.133661
9.93406 0.0153484
9.93442 0.0343895
9.93489 0.134864
9.93521 0.0352008
9.93537 0.0153382
9.93537 0.0153382
9.93537 0.0153382
9.93575 0.0357253
9.93588 0.0158483
9.93588 0.0155288
9.93588 0.0155288
9.93875 0.0387344
9.93916 0.139136
9.94047 0.0153546
9.94079 0.140766
9.94111 0.141085
9.9418 0.141778
9.94212 0.142097
9.94272 0.0427144
9.94454 0.144509
9.94466 0.0153698
9.94548 0.0454557
9.9458 0.145774
9.94743 0.047401
9.94775 0.14772
9.94831 0.015337
9.94972 0.149692
9.95057 0.0505408
9.95154 0.0515135
9.95248 0.0524551
9.95538 0.0153663
9.95538 0.0153663
9.95538 0.0153663
9.95569 0.0156813
9.95569 0.0153618
9.95569 0.0153618
9.95738 0.0153573
9.95984 0.059816
9.96112 0.0153613
9.96262 0.0625967
9.96524 0.0652179
9.96556 0.0655374
9.96556 0.0155338
9.96728 0.0672566
9.96949 0.0153511
9.97034 0.0703172
9.97539 0.0153551
9.97539 0.0153551
9.97539 0.0153551
9.97589 0.0758662
9.97602 0.0159896
9.97602 0.0156701
9.97602 0.0156701
9.97712 0.0770917
9.97759 0.015363
9.98068 0.0806557
9.98563 0.015367
9.98912 0.0890916
9.9913 0.0153399
9.99205 0.0920278
9.99535 0.0153439
9.99535 0.0153439
9.99535 0.0153439
9.99567 0.0156589
9.99567 0.0153394
9.99567 0.0153394
9.99602 0.015366
9.99814 0.0981135
9.99846 0.098433
9.99846 0.098433
9.99878 0.0987525
9.9991 0.099072
9.99942 0.0994111
9.99992 0.0153416

