% time_sec delay_sec
0.122136 0.0221057
0.123202 0.0231717
0.125792 0.0257618
0.127574 0.0275432
0.127893 0.0278627
0.128368 0.0283378
0.128874 0.0288439
0.130936 0.0309052
0.131255 0.0312247
0.13173 0.0316998
0.132578 0.032548
0.139554 0.0395238
0.139874 0.0398433
0.145419 0.0453883
0.145863 0.0458322
0.151221 0.0511906
0.157233 0.0572021
0.159978 0.0599477
0.160547 0.0605161
0.160866 0.0608356
0.165976 0.0659451
0.166575 0.0665445
0.170409 0.0703788
0.170915 0.0708849
0.175683 0.0756523
0.176407 0.0763762
0.176726 0.0766957
0.178445 0.0784149
0.182186 0.0821558
0.182506 0.0824753
0.184007 0.0839768
0.185011 0.0849806
0.187446 0.0874151
0.187765 0.0877346
0.191879 0.0918488
0.193754 0.0937236
0.194074 0.0940431
0.197161 0.0971308
0.198196 0.0981657
0.200848 0.100818
0.202474 0.102444
0.203851 0.103821
0.204171 0.10414
0.20477 0.10474
0.205432 0.105402
0.207058 0.107027
0.207533 0.107502
0.207852 0.107822
0.208701 0.10867
0.20902 0.10899
0.210117 0.110087
0.210437 0.110406
0.210756 0.110726
0.211076 0.111045
0.211489 0.111458
0.211808 0.111778
0.21247 0.112439
0.212789 0.112759
0.21342 0.113389
0.214237 0.114207
0.216361 0.11633
0.21668 0.11665
0.217 0.116969
0.219807 0.119777
0.220127 0.120096
0.220509 0.120478
0.222103 0.0220962
0.223169 0.0231622
0.223489 0.123458
0.224431 0.1244
0.224937 0.124906
0.225754 0.0257466
0.227535 0.027528
0.227855 0.0278475
0.22833 0.128299
0.228649 0.0286421
0.228969 0.0289616
0.23047 0.13044
0.230914 0.0309069
0.231234 0.0312264
0.231234 0.131203
0.231709 0.0317015
0.232557 0.0325498
0.233934 0.133904
0.234471 0.134441
0.236501 0.136471
0.237256 0.137226
0.239567 0.0395594
0.239886 0.0398789
0.242601 0.14257
0.245377 0.0453701
0.245852 0.0458452
0.246296 0.146266
0.246896 0.146865
0.247931 0.1479
0.24993 0.149899
0.251213 0.0512063
0.257194 0.0571867
0.259971 0.0599634
0.260539 0.0605318
0.260858 0.0608513
0.265968 0.0659608
0.266536 0.0665291
0.270402 0.0703945
0.270877 0.0708695
0.275675 0.075668
0.276399 0.0763919
0.276719 0.0767114
0.278469 0.0784617
0.282179 0.0821715
0.282498 0.082491
0.283969 0.0839614
0.284972 0.0849652
0.287438 0.0874309
0.287758 0.0877504
0.291841 0.0918334
0.293778 0.0937704
0.294097 0.0940899
0.297154 0.0971465
0.298189 0.0981814
0.300841 0.100834
0.302436 0.102429
0.303937 0.10393
0.304257 0.104249
0.304794 0.104787
0.305393 0.105386
0.307019 0.107012
0.307494 0.107487
0.307814 0.107807
0.308693 0.108686
0.309013 0.109005
0.310079 0.110071
0.310398 0.110391
0.310718 0.11071
0.311037 0.11103
0.31145 0.111443
0.311769 0.111762
0.3124 0.112393
0.31272 0.112712
0.313381 0.113374
0.314229 0.114222
0.31626 0.116253
0.316579 0.116572
0.316899 0.116892
0.319582 0.119575
0.320026 0.120019
0.320563 0.120556
0.322127 0.0221119
0.323193 0.0231779
0.323512 0.123505
0.324547 0.12454
0.324929 0.124922
0.325777 0.0257623
0.327559 0.0275437
0.327878 0.0278632
0.328291 0.128284
0.328611 0.0285956
0.32893 0.0289151
0.330463 0.130455
0.330938 0.0309226
0.331257 0.0312422
0.331257 0.13125
0.331701 0.0316861
0.332549 0.0325344
0.333864 0.133857
0.334433 0.134425
0.336525 0.136518
0.33728 0.137273
0.339528 0.0395129
0.339847 0.0398324
0.342593 0.142586
0.345401 0.0453858
0.345845 0.0458298
0.346258 0.14625
0.346857 0.14685
0.347892 0.147885
0.349922 0.149915
0.351206 0.0511909
0.357217 0.0572024
0.359963 0.059948
0.360531 0.0605164
0.360851 0.0608359
0.36596 0.0659454
0.36656 0.0665448
0.370394 0.0703791
0.370931 0.0709163
0.375605 0.0755904
0.376391 0.0763765
0.376711 0.076696
0.378461 0.0784463
0.382171 0.0821561
0.382491 0.0824756
0.383992 0.0839771
0.384996 0.0849809
0.38743 0.0874155
0.38775 0.087735
0.391864 0.0918492
0.39377 0.093755
0.394089 0.0940745
0.397146 0.0971311
0.398181 0.098166
0.400833 0.100818
0.402428 0.102413
0.403836 0.103821
0.404156 0.104141
0.404786 0.104771
0.405417 0.105402
0.407043 0.107028
0.407518 0.107503
0.407837 0.107822
0.408686 0.108671
0.409005 0.10899
0.410102 0.110087
0.410422 0.110407
0.410422 0.110407
0.410866 0.110851
0.411465 0.11145
0.411785 0.11177
0.412415 0.1124
0.412735 0.11272
0.413334 0.113319
0.414245 0.11423
0.416275 0.11626
0.416594 0.116579
0.416914 0.116899
0.419535 0.11952
0.420041 0.120026
0.420485 0.12047
0.422111 0.0220881
0.423208 0.0231852
0.423559 0.123544
0.424562 0.124547
0.425037 0.125022
0.425761 0.0257385
0.427574 0.027551
0.427893 0.0278705
0.428306 0.128291
0.428626 0.0286028
0.428945 0.0289223
0.430478 0.130463
0.430953 0.0309299
0.431272 0.0312494
0.431272 0.131257
0.431716 0.0316933
0.432564 0.0325416
0.433879 0.133864
0.434448 0.134433
0.436509 0.136494
0.437264 0.137249
0.439543 0.0395201
0.439862 0.0398396
0.442577 0.142562
0.445416 0.0453931
0.44586 0.045837
0.446273 0.146258
0.446872 0.146857
0.447938 0.147923
0.449999 0.149984
0.451221 0.0511981
0.457232 0.0572097
0.459978 0.0599553
0.460546 0.0605236
0.460866 0.0608431
0.465975 0.0659526
0.466575 0.0665521
0.470471 0.0704486
0.470946 0.0709236
0.47562 0.0755977
0.476407 0.0763837
0.476726 0.0767032
0.478445 0.0784224
0.482186 0.0821634
0.482506 0.0824829
0.484007 0.0839843
0.485011 0.0849881
0.487446 0.0874227
0.487765 0.0877422
0.491879 0.0918564
0.493785 0.0937622
0.494105 0.0940817
0.497161 0.0971384
0.498196 0.0981733
0.500848 0.100826
0.502443 0.10242
0.503851 0.103829
0.504171 0.104148
0.504801 0.104779
0.505432 0.105409
0.507027 0.107004
0.507502 0.107479
0.507821 0.107798
0.508701 0.108678
0.50902 0.108997
0.510117 0.110094
0.510437 0.110414
0.510756 0.110733
0.511076 0.111053
0.511457 0.111435
0.511777 0.111754
0.512408 0.112385
0.512727 0.112704
0.513389 0.113366
0.514237 0.114214
0.516298 0.116275
0.516618 0.116595
0.516937 0.116914
0.519776 0.119753
0.520096 0.120073
0.520571 0.120548
0.522134 0.0221038
0.5232 0.0231698
0.52352 0.123497
0.524586 0.124563
0.52503 0.125007
0.525785 0.0257542
0.527566 0.0275356
0.527886 0.0278551
0.528299 0.128276
0.528618 0.0285874
0.528938 0.0289069
0.53047 0.130447
0.530945 0.0309145
0.531265 0.031234
0.531265 0.131242
0.531709 0.0316779
0.532588 0.0325573
0.533903 0.13388
0.534471 0.134448
0.536501 0.136479
0.537287 0.137265
0.539535 0.0395047
0.539855 0.0398242
0.542601 0.142578
0.545408 0.0453777
0.545883 0.0458527
0.546265 0.146242
0.546896 0.146873
0.547899 0.147877
0.549992 0.149969
0.551213 0.0511827
0.557225 0.0571943
0.560002 0.059971
0.56057 0.0605393
0.56089 0.0608588
0.565968 0.0659373
0.566567 0.0665367
0.570495 0.0704643
0.570939 0.0709082
0.575613 0.0755823
0.57643 0.0763994
0.57675 0.0767189
0.578438 0.078407
0.582116 0.0820858
0.582436 0.0824053
0.584 0.0839689
0.585003 0.0849727
0.587438 0.0874073
0.587757 0.0877268
0.591872 0.091841
0.593777 0.0937468
0.594097 0.0940663
0.597154 0.097123
0.598189 0.0981579
0.600872 0.100841
0.602436 0.102405
0.603875 0.103844
0.604194 0.104164
0.604794 0.104763
0.605424 0.105394
0.60705 0.10702
0.607525 0.107495
0.607845 0.107814
0.608724 0.108693
0.609044 0.109013
0.61011 0.110079
0.610429 0.110399
0.610749 0.110718
0.611068 0.111038
0.611481 0.11145
0.611801 0.11177
0.612462 0.112432
0.612782 0.112751
0.613412 0.113382
0.61426 0.11423
0.616353 0.116322
0.616672 0.116642
0.616992 0.116961
0.6198 0.119769
0.620119 0.120089
0.620532 0.120501
0.622096 0.0220884
0.623193 0.0231855
0.623512 0.123482
0.624454 0.124423
0.625022 0.124992
0.625746 0.0257388
0.627559 0.0275513
0.627878 0.0278708
0.628322 0.128291
0.628642 0.0286342
0.628961 0.0289537
0.630494 0.130463
0.630938 0.0309302
0.631257 0.0312497
0.631257 0.131226
0.631701 0.0316936
0.632549 0.0325419
0.633926 0.133896
0.634464 0.134433
0.636525 0.136494
0.63728 0.137249
0.639528 0.0395204
0.639847 0.0398399
0.642593 0.142562
0.645401 0.0453934
0.645845 0.0458373
0.646289 0.146258
0.646888 0.146857
0.647923 0.147892
0.650015 0.149985
0.651206 0.0511984
0.657217 0.05721
0.659963 0.0599556
0.660531 0.0605239
0.660851 0.0608434
0.66596 0.065953
0.66656 0.0665524
0.670456 0.0704489
0.670869 0.0708617
0.675668 0.0756602
0.676391 0.076384
0.676711 0.0767035
0.67843 0.0784227
0.682171 0.0821637
0.682491 0.0824832
0.683992 0.0839846
0.684996 0.0849884
0.687368 0.0873608
0.687688 0.0876803
0.691864 0.0918567
0.69377 0.0937625
0.694089 0.094082
0.697146 0.0971387
0.698181 0.0981736
0.700833 0.100826
0.70249 0.102483
0.70393 0.103922
0.704249 0.104242
0.704817 0.10481
0.705448 0.105441
0.707012 0.107004
0.707487 0.107479
0.707806 0.107799
0.708685 0.108678
0.709005 0.108998
0.710102 0.110095
0.710422 0.110414
0.710741 0.110734
0.711061 0.111053
0.711442 0.111435
0.711762 0.111754
0.712455 0.112447
0.712774 0.112767
0.713405 0.113397
0.714222 0.114214
0.716345 0.116338
0.716665 0.116657
0.716984 0.116977
0.719761 0.119754
0.720081 0.120073
0.720556 0.120548
0.722119 0.0221041
0.723185 0.0231701
0.723505 0.123497
0.724446 0.124439
0.724921 0.124914
0.72577 0.0257545
0.727551 0.0275359
0.727871 0.0278554
0.728283 0.128276
0.728603 0.0285877
0.728922 0.0289072
0.730455 0.130448
0.73093 0.0309148
0.73125 0.0312343
0.73125 0.131242
0.731693 0.0316782
0.732573 0.0325576
0.733857 0.133849
0.734456 0.134449
0.73658 0.136572
0.737303 0.137296
0.739582 0.0395673
0.739902 0.0398868
0.742523 0.142516
0.745393 0.045378
0.745868 0.045853
0.74625 0.146243
0.746881 0.146873
0.747915 0.147908
0.750039 0.150032
0.751198 0.051183
0.75721 0.0571946
0.759955 0.0599402
0.760555 0.0605396
0.760874 0.0608591
0.765953 0.0659376
0.766552 0.066537
0.770386 0.0703713
0.770924 0.0709085
0.775598 0.0755826
0.776415 0.0763997
0.776734 0.0767192
0.778423 0.0784073
0.782163 0.0821483
0.782483 0.0824678
0.783984 0.0839692
0.784988 0.084973
0.787454 0.0874387
0.787773 0.0877582
0.791857 0.0918413
0.793762 0.0937471
0.794082 0.0940666
0.797139 0.0971233
0.798173 0.0981582
0.800857 0.100842
0.802514 0.102499
0.803953 0.103938
0.804273 0.104257
0.804779 0.104763
0.805409 0.105394
0.807035 0.10702
0.80751 0.107495
0.80783 0.107814
0.808709 0.108694
0.809029 0.109013
0.810095 0.110079
0.810414 0.110399
0.810734 0.110718
0.811053 0.111038
0.811466 0.111451
0.811785 0.11177
0.812447 0.112432
0.812767 0.112751
0.813397 0.113382
0.814245 0.11423
0.816213 0.116198
0.816533 0.116518
0.816884 0.116868
0.819598 0.119583
0.820042 0.120027
0.820517 0.120502
0.822112 0.0220887
0.823209 0.0231858
0.823528 0.123513
0.824594 0.124579
0.825007 0.124992
0.825762 0.0257391
0.827575 0.0275516
0.827894 0.0278711
0.828307 0.128292
0.828626 0.0286034
0.828946 0.0289229
0.830479 0.130463
0.830954 0.0309305
0.831273 0.03125
0.831273 0.131258
0.831717 0.0316939
0.832565 0.0325422
0.833911 0.133896
0.834448 0.134433
0.836541 0.136526
0.837265 0.13725
0.839575 0.0395519
0.839894 0.0398714
0.842609 0.142594
0.845417 0.0453937
0.845861 0.0458376
0.846273 0.146258
0.846873 0.146858
0.847908 0.147893
0.85 0.149985
0.851222 0.0511987
0.857233 0.0572103
0.859979 0.0599559
0.860547 0.0605242
0.860867 0.0608438
0.865976 0.0659533
0.866576 0.0665527
0.870472 0.0704492
0.870947 0.0709242
0.875621 0.0755983
0.876407 0.0763843
0.876727 0.0767039
0.878446 0.078423
0.882187 0.082164
0.882507 0.0824835
0.884008 0.083985
0.885012 0.0849887
0.887446 0.0874233
0.887766 0.0877428
0.89188 0.091857
0.893786 0.0937628
0.894105 0.0940823
0.897162 0.097139
0.898197 0.0981739
0.900849 0.100826
0.902444 0.102421
0.903945 0.103922
0.904265 0.104242
0.904802 0.104779
0.905433 0.10541
0.907059 0.107036
0.907503 0.10748
0.907822 0.107799
0.908701 0.108678
0.909021 0.108998
0.910087 0.110064
0.910406 0.110383
0.910406 0.110383
0.910882 0.110858
0.911481 0.111458
0.9118 0.111777
0.912431 0.112408
0.912751 0.112727
0.91335 0.113327
0.914229 0.114206
0.916291 0.116268
0.91661 0.116587
0.91693 0.116907
0.919551 0.119528
0.920026 0.120003
0.920501 0.120478
0.922127 0.0220959
0.923193 0.0231619
0.923575 0.123551
0.924454 0.124431
0.925022 0.124999
0.925777 0.0257463
0.927559 0.0275277
0.927878 0.0278472
0.928322 0.128299
0.928642 0.0286107
0.928961 0.0289302
0.930463 0.130439
0.930938 0.0309067
0.931257 0.0312262
0.931257 0.131234
0.931701 0.0316701
0.93258 0.0325495
0.933864 0.133841
0.934464 0.13444
0.936494 0.136471
0.93728 0.137257
0.939559 0.039528
0.939878 0.0398475
0.942593 0.14257
0.945401 0.0453698
0.945876 0.0458449
0.946289 0.146266
0.946888 0.146865
0.947923 0.1479
0.950015 0.149992
0.951237 0.051206
0.957217 0.0571864
0.959994 0.0599631
0.960562 0.0605315
0.960882 0.060851
0.965991 0.0659605
0.96656 0.0665289
0.970487 0.0704564
0.970962 0.0709315
0.975636 0.0756055
0.976422 0.0763916
0.976742 0.0767111
0.97843 0.0783992
0.982171 0.0821401
0.982491 0.0824596
0.983992 0.0839611
0.984996 0.0849649
0.987461 0.0874306
0.987781 0.0877501
0.991864 0.0918332
0.993801 0.0937701
0.99412 0.0940896
0.997177 0.0971462
0.998212 0.0981811
1.00086 0.100833
1.00246 0.102428
1.00387 0.103836
1.00419 0.104156
1.00479 0.104758
1.00545 0.10542
1.00705 0.107015
1.00755 0.107521
1.00787 0.10784
1.00872 0.108689
1.00904 0.109008
1.01011 0.110074
1.01042 0.110394
1.01042 0.110394
1.0109 0.110869
1.01147 0.111437
1.01179 0.111757
1.01242 0.112387
1.01274 0.112707
1.0134 0.113368
1.01425 0.114216
1.01634 0.116309
1.01666 0.116628
1.01698 0.116948
1.01979 0.119756
1.02011 0.120075
1.02052 0.120488
1.02208 0.022075
1.02318 0.0231721
1.02359 0.123562
1.02447 0.124441
1.02504 0.125009
1.02573 0.0257254
1.02755 0.0275379
1.02787 0.0278574
1.02831 0.128278
1.02863 0.0286209
1.02895 0.0289404
1.03048 0.13045
1.03092 0.0309169
1.03124 0.0312364
1.03124 0.131213
1.03172 0.0317114
1.03257 0.0325597
1.03394 0.133913
1.03448 0.134451
1.03651 0.136481
1.0373 0.137267
1.03951 0.0395071
1.03983 0.0398266
1.04258 0.142549
1.04536 0.0453489
1.04583 0.045824
1.04628 0.146245
1.04691 0.146875
1.04791 0.147879
1.05 0.149971
1.05119 0.0511851
1.0572 0.0571966
1.05995 0.0599422
1.06052 0.0605106
1.06084 0.0608301
1.06209 0.0220745
1.06209 0.0220745
1.06209 0.0220745
1.06241 0.0220745
1.06241 0.0220745
1.06241 0.022394
1.06273 0.0220745
1.06273 0.022394
1.06273 0.0220745
1.06305 0.022394
1.06305 0.0220745
1.06305 0.0220745
1.06595 0.0659424
1.06655 0.0665418
1.07045 0.0704383
1.07086 0.0708511
1.07566 0.0756496
1.07638 0.0763735
1.0767 0.076693
1.07842 0.0784121
1.0821 0.02208
1.0821 0.02208
1.0821 0.02208
1.08242 0.0824104
1.08242 0.0824104
1.08274 0.0223995
1.08274 0.0223995
1.08274 0.0227191
1.08274 0.02208
1.08306 0.0223995
1.08306 0.0227191
1.08306 0.0223995
1.08306 0.0223995
1.08338 0.0227191
1.08338 0.0223995
1.08338 0.0223995
1.08394 0.0839373
1.08498 0.0849722
1.08741 0.0874067
1.08773 0.0877262
1.09185 0.0918404
1.09375 0.0937462
1.09407 0.0940658
1.09716 0.0971535
1.09816 0.0981573
1.10085 0.100841
1.1021 0.0220799
1.1021 0.0220799
1.1021 0.0220799
1.10242 0.0220799
1.10242 0.0220799
1.10242 0.0223994
1.10274 0.102732
1.10274 0.0220799
1.10306 0.0227189
1.10306 0.0223994
1.10306 0.0223994
1.10306 0.0220799
1.10338 0.0223994
1.10338 0.0223994
1.10392 0.103909
1.10424 0.104228
1.1048 0.104796
1.1054 0.105396
1.10703 0.107022
1.10757 0.107559
1.10789 0.107879
1.10867 0.108665
1.10899 0.108984
1.11009 0.110081
1.11041 0.110401
1.11073 0.11072
1.11105 0.11104
1.11146 0.111453
1.11178 0.111772
1.11238 0.112371
1.1127 0.112691
1.11336 0.113353
1.11424 0.114232
1.11618 0.116169
1.1165 0.116488
1.11682 0.116808
1.11975 0.11974
1.12007 0.12006
1.12054 0.120535
1.12211 0.0220823
1.12223 0.0222107
1.12223 0.0222107
1.12223 0.0218912
1.12223 0.0218912
1.12223 0.0218912
1.12255 0.0218867
1.12255 0.0218867
1.12255 0.0222062
1.12286 0.0218822
1.12286 0.0222017
1.12286 0.0218822
1.12318 0.0231799
1.12357 0.123558
1.12457 0.124562
1.12492 0.124912
1.12577 0.0257446
1.12755 0.0275457
1.12787 0.0278455
1.12834 0.128337
1.12866 0.0286597
1.12898 0.0289792
1.13052 0.130508
1.13093 0.0309246
1.13125 0.0312441
1.13125 0.131241
1.13169 0.0316881
1.13257 0.0325674
1.13395 0.133941
1.13445 0.134447
1.13661 0.136602
1.1373 0.137294
1.13955 0.039546
1.13987 0.0398655
1.14193 0.0219
1.14193 0.0219
1.14193 0.0219
1.14224 0.0218955
1.14224 0.0218955
1.14224 0.022215
1.14259 0.142584
1.14272 0.022055
1.14272 0.0223745
1.14272 0.022055
1.14288 0.0222145
1.14288 0.021895
1.14288 0.021895
1.14538 0.0453726
1.14582 0.0458165
1.14626 0.146257
1.14686 0.146856
1.1479 0.147891
1.14993 0.149921
1.15118 0.0511776
1.15719 0.0571892
1.15994 0.0599348
1.16051 0.0605031
1.16083 0.0608226
1.16192 0.0218903
1.16192 0.0218903
1.16192 0.0218903
1.16223 0.0218858
1.16223 0.0218858
1.16223 0.0222053
1.16255 0.0218813
1.16255 0.0222008
1.16255 0.0218813
1.16286 0.0221963
1.16286 0.0218768
1.16286 0.0218768
1.16595 0.0659481
1.16655 0.0665475
1.17039 0.0703818
1.17092 0.070919
1.1756 0.0755931
1.17638 0.0763791
1.1767 0.0767018
1.17852 0.0784914
1.18188 0.0218778
1.18188 0.0218778
1.18188 0.0218778
1.1822 0.0821742
1.18252 0.0825134
1.18265 0.0223257
1.18265 0.0223257
1.18265 0.0226452
1.18265 0.0220062
1.18265 0.0223257
1.18265 0.0220062
1.18277 0.0221346
1.1829 0.022263
1.1829 0.0219435
1.1829 0.0219435
1.18397 0.0839645
1.185 0.0849797
1.18734 0.0873407
1.18766 0.0876602
1.19184 0.0918366
1.19375 0.0937372
1.19407 0.0940619
1.19715 0.0971497
1.19816 0.0981535
1.20084 0.100837
1.2019 0.0218993
1.2019 0.0218993
1.2019 0.0218993
1.20241 0.102405
1.20254 0.0222143
1.20254 0.0222143
1.20254 0.0225338
1.20254 0.0218948
1.20254 0.0222143
1.20254 0.0218948
1.20267 0.0220232
1.20286 0.0222138
1.20286 0.0218943
1.20286 0.0218943
1.20392 0.103918
1.20424 0.104212
1.20475 0.104724
1.20544 0.105436
1.207 0.107
1.20748 0.107475
1.2078 0.107795
1.20868 0.108674
1.209 0.108993
1.21006 0.110059
1.21038 0.110379
1.2107 0.110679
1.21102 0.111018
1.21143 0.111431
1.21175 0.111731
1.21238 0.112381
1.2127 0.1127
1.21333 0.113331
1.21425 0.114241
1.21624 0.11624
1.21656 0.11656
1.21691 0.116911
1.21957 0.119563
1.21998 0.119976
1.22052 0.120493
1.22208 0.0220748
1.22221 0.0222032
1.22221 0.0222032
1.22221 0.0218837
1.22221 0.0218837
1.22221 0.0218837
1.22252 0.0218792
1.22252 0.0218792
1.22252 0.0221987
1.22287 0.0219058
1.22287 0.0222253
1.22287 0.0219058
1.22319 0.0231864
1.22354 0.123517
1.22458 0.124571
1.22493 0.124922
1.22571 0.025706
1.22752 0.0275211
1.22784 0.027838
1.22835 0.128346
1.22867 0.0286663
1.22899 0.0289858
1.23052 0.130518
1.2309 0.0309001
1.23122 0.0312196
1.23122 0.131219
1.23167 0.0316635
1.23255 0.0325429
1.23389 0.133888
1.23446 0.134456
1.23649 0.136487
1.23725 0.137242
1.23949 0.0394903
1.23981 0.0398098
1.2419 0.0218925
1.2419 0.0218925
1.2419 0.0218925
1.24222 0.021888
1.24222 0.021888
1.24222 0.0222075
1.24263 0.142625
1.24276 0.0221097
1.24276 0.0224292
1.24276 0.0221097
1.24289 0.0222381
1.24289 0.0219186
1.24289 0.0219186
1.24535 0.045348
1.24583 0.0458231
1.24627 0.146266
1.24687 0.146866
1.24794 0.147906
1.24997 0.149962
1.25116 0.0511531
1.2572 0.0571957
1.25994 0.0599413
1.26048 0.0604786
1.2608 0.0607981
1.26189 0.0218828
1.26189 0.0218828
1.26189 0.0218828
1.26221 0.0218783
1.26221 0.0218783
1.26221 0.0221979
1.26256 0.021905
1.26256 0.0222245
1.26256 0.021905
1.26287 0.02222
1.26287 0.0219005
1.26287 0.0219005
1.26586 0.0658613
1.26646 0.0664607
1.27039 0.0703883
1.2709 0.0708944
1.27554 0.0755374
1.27614 0.0761121
1.27646 0.0764564
1.27827 0.0782663
1.28186 0.0818517
1.28218 0.0821738
1.28231 0.0222917
1.28231 0.0222917
1.28231 0.0222917
1.28231 0.0219722
1.28231 0.0219722
1.28231 0.0222917
1.28243 0.0224201
1.28256 0.0219094
1.28256 0.022229
1.28256 0.0219094
1.28288 0.0222245
1.28288 0.021905
1.28288 0.021905
1.28388 0.0838778
1.28476 0.0847546
1.28729 0.087285
1.28761 0.0876045
1.29175 0.0917498
1.29304 0.0930179
1.29336 0.0933531
1.29704 0.0970318
1.29801 0.0980045
1.30072 0.100719
1.30191 0.0218918
1.30191 0.0218918
1.30191 0.0218918
1.30241 0.102411
1.30254 0.0222068
1.30254 0.0222068
1.30254 0.0225263
1.30254 0.0218873
1.30254 0.0222068
1.30254 0.0218873
1.30267 0.0220157
1.30286 0.0222063
1.30286 0.0218868
1.30286 0.0218868
1.30374 0.103738
1.30406 0.104032
1.3045 0.104499
1.30535 0.10535
1.30692 0.106913
1.30724 0.107233
1.30759 0.107583
1.30859 0.108587
1.30891 0.108907
1.31001 0.110004
1.31033 0.110323
1.31033 0.110321
1.31074 0.110736
1.31131 0.111302
1.31163 0.111624
1.31232 0.112317
1.31264 0.112636
1.31327 0.113267
1.31412 0.114115
1.31618 0.116176
1.3165 0.116496
1.31682 0.116815
1.31938 0.119374
1.31995 0.119943
1.32027 0.12026
1.32211 0.02209
1.32224 0.0218989
1.32224 0.0218989
1.32224 0.0218989
1.32255 0.0218944
1.32255 0.0218944
1.32255 0.0222139
1.32287 0.0218899
1.32287 0.0222094
1.32287 0.0218899
1.32319 0.123181
1.32319 0.0231845
1.32332 0.0223378
1.32332 0.0220183
1.32332 0.0220183
1.32435 0.124347
1.32479 0.124791
1.32589 0.0258723
1.32761 0.027608
1.32793 0.027911
1.32825 0.128246
1.32857 0.0285665
1.32889 0.0288861
1.3303 0.130293
1.33096 0.0309559
1.33128 0.131275
1.33128 0.0312754
1.33172 0.0317193
1.33254 0.0325365
1.33376 0.133757
1.33433 0.134326
1.33636 0.136356
1.33705 0.137048
1.33955 0.0395461
1.33987 0.0398656
1.34192 0.0218947
1.34192 0.0218947
1.34192 0.0218947
1.34224 0.0218903
1.34224 0.0218903
1.34224 0.0222098
1.34256 0.142556
1.34269 0.0220186
1.34269 0.0223381
1.34269 0.0220186
1.34288 0.0222092
1.34288 0.0218897
1.34288 0.0218897
1.34534 0.0453416
1.34588 0.0458789
1.34633 0.146322
1.34677 0.146766
1.34784 0.147806
1.34983 0.149831
1.35124 0.05124
1.35716 0.0571582
1.35988 0.0598727
1.36063 0.0606277
1.36095 0.0609472
1.36189 0.0218851
1.36189 0.0218851
1.36189 0.0218851
1.3622 0.0218806
1.3622 0.0218806
1.3622 0.0222001
1.36252 0.0218761
1.36252 0.0221956
1.36252 0.0218761
1.36286 0.0222222
1.36286 0.0219027
1.36286 0.0219027
1.36623 0.0662281
1.36674 0.0667343
1.37032 0.0703197
1.37114 0.0711369
1.37578 0.0757798
1.37647 0.0764726
1.37779 0.077766
1.3792 0.079179
1.38191 0.0219037
1.38191 0.0219037
1.38191 0.0219037
1.38232 0.0823184
1.38245 0.0221254
1.38245 0.0221254
1.38245 0.0224449
1.38258 0.0219343
1.38258 0.0222538
1.38258 0.0219343
1.3829 0.0828781
1.38303 0.0223822
1.38303 0.0220627
1.38303 0.0220627
1.38422 0.0842135
1.38578 0.0857642
1.38756 0.0875586
1.38794 0.0879403
1.39218 0.0921789
1.39365 0.0936492
1.3963 0.0962753
1.39762 0.0976164
1.39859 0.0985891
1.40115 0.101148
1.4019 0.021894
1.4019 0.021894
1.4019 0.021894
1.40222 0.0218896
1.40222 0.0218896
1.40222 0.0222091
1.40253 0.0218851
1.40253 0.0222046
1.40253 0.0218851
1.40285 0.102848
1.40298 0.022333
1.40298 0.0220134
1.40298 0.0220134
1.40417 0.104167
1.40449 0.104461
1.40574 0.105722
1.40606 0.106059
1.40756 0.10756
1.40807 0.108066
1.40839 0.108386
1.40896 0.108954
1.40931 0.109305
1.41053 0.110526
1.41085 0.110846
1.41117 0.111149
1.41149 0.111485
1.4119 0.111897
1.41222 0.1122
1.41269 0.112692
1.41301 0.113011
1.41368 0.113673
1.41459 0.114584
1.41646 0.116458
1.41678 0.116778
1.4171 0.117097
1.42013 0.120123
1.42044 0.120442
1.42157 0.121554
1.42208 0.0220696
1.42221 0.0218785
1.42221 0.0218785
1.42221 0.0218785
1.42255 0.0219051
1.42255 0.0219051
1.42255 0.0222246
1.42287 0.0219006
1.42287 0.0222201
1.42287 0.0219006
1.42319 0.0231866
1.42332 0.0223485
1.42332 0.022029
1.42332 0.022029
1.42469 0.124675
1.42514 0.125135
1.42546 0.125455
1.42587 0.0258603
1.42762 0.0276185
1.42803 0.0280234
1.42838 0.028382
1.4287 0.128701
1.42902 0.029021
1.43096 0.0309579
1.43128 0.131277
1.43128 0.0312774
1.4316 0.131596
1.43192 0.0319164
1.43264 0.0326403
1.43436 0.134359
1.43487 0.134865
1.43721 0.137206
1.43787 0.137868
1.43959 0.0395877
1.43991 0.0399072
1.4419 0.0218828
1.4419 0.0218828
1.4419 0.0218828
1.44222 0.0218783
1.44222 0.0218783
1.44222 0.0221978
1.44256 0.0219049
1.44256 0.0222244
1.44256 0.0219049
1.44288 0.0222199
1.44288 0.0219004
1.44288 0.0219004
1.4432 0.143197
1.44548 0.0454766
1.44592 0.0459205
1.44624 0.146239
1.44734 0.147336
1.44872 0.148688
1.45065 0.15065
1.45125 0.0512505
1.45729 0.0572931
1.4601 0.060101
1.46064 0.0606382
1.46096 0.0609577
1.46193 0.0219042
1.46193 0.0219042
1.46193 0.0219042
1.46224 0.0218997
1.46224 0.0218997
1.46224 0.0222192
1.46256 0.0218952
1.46256 0.0222147
1.46256 0.0218952
1.46287 0.0222103
1.46287 0.0218907
1.46287 0.0218907
1.46621 0.0662075
1.46672 0.0667137
1.47055 0.0705479
1.47115 0.0711474
1.4757 0.075697
1.47661 0.0766075
1.4778 0.0777713
1.47908 0.0790737
1.48192 0.0218918
1.48192 0.0218918
1.48192 0.0218918
1.48233 0.0823289
1.48246 0.0221135
1.48246 0.0221135
1.48246 0.022433
1.48259 0.0219224
1.48259 0.0222419
1.48259 0.0219224
1.48291 0.0828973
1.48304 0.0223703
1.48304 0.0220508
1.48304 0.0220508
1.48416 0.0841618
1.48576 0.0857355
1.48766 0.0876624
1.48798 0.0879819
1.49213 0.0921272
1.49366 0.0936598
1.49641 0.0963912
1.49763 0.0976269
1.49857 0.0985685
1.50122 0.101221
1.50191 0.0218821
1.50191 0.0218821
1.50191 0.0218821
1.50223 0.0218776
1.50223 0.0218776
1.50223 0.0221971
1.50261 0.102606
1.50274 0.0220682
1.50274 0.0223877
1.50274 0.0220682
1.50286 0.0221966
1.50286 0.0218771
1.50286 0.0218771
1.50418 0.104177
1.5045 0.104472
1.50575 0.105742
1.50607 0.106069
1.50751 0.107508
1.50783 0.107828
1.50815 0.108147
1.50903 0.109027
1.50938 0.109377
1.51032 0.110319
1.51064 0.110638
1.51102 0.111012
1.51147 0.111464
1.51188 0.111877
1.5122 0.112188
1.51274 0.112734
1.51305 0.113053
1.51353 0.113528
1.5146 0.114594
1.51647 0.116469
1.51679 0.116788
1.51711 0.117108
1.52007 0.120071
1.52039 0.120391
1.52155 0.121542
1.52209 0.0220888
1.52222 0.0218976
1.52222 0.0218976
1.52222 0.0218976
1.52253 0.0218932
1.52253 0.0218932
1.52253 0.0222127
1.52285 0.0218887
1.52285 0.0222082
1.52285 0.0218887
1.52317 0.023166
1.5233 0.0223366
1.5233 0.0220171
1.5233 0.0220171
1.52449 0.124476
1.52527 0.12527
1.52559 0.12559
1.52591 0.0259106
1.52763 0.0276291
1.52804 0.0280426
1.52839 0.0283925
1.52871 0.128711
1.52903 0.0290315
1.53094 0.0309373
1.53126 0.131256
1.53126 0.0312568
1.53158 0.131576
1.5319 0.0318958
1.53265 0.0326508
1.53437 0.134369
1.53485 0.134844
1.53725 0.137248
1.53782 0.137816
1.5396 0.0395982
1.53992 0.0399177
1.54191 0.021902
1.54191 0.021902
1.54191 0.021902
1.54223 0.0218975
1.54223 0.0218975
1.54223 0.022217
1.54254 0.021893
1.54254 0.0222125
1.54254 0.021893
1.54286 0.022208
1.54286 0.0218885
1.54286 0.0218885
1.54318 0.143176
1.54546 0.045456
1.5459 0.0458999
1.54681 0.14681
1.54732 0.147316
1.54863 0.148605
1.55066 0.150661
1.55123 0.0512299
1.55727 0.0572726
1.56008 0.0600804
1.56062 0.0606176
1.56094 0.0609371
1.56191 0.0218923
1.56191 0.0218923
1.56191 0.0218923
1.56222 0.0218878
1.56222 0.0218878
1.56222 0.0222073
1.56254 0.0218833
1.56254 0.0222028
1.56254 0.0218833
1.56285 0.0221983
1.56285 0.0218788
1.56285 0.0218788
1.56622 0.0662181
1.56672 0.0667242
1.57056 0.0705585
1.57116 0.0711579
1.57571 0.0757075
1.57681 0.0768047
1.57775 0.0777456
1.57909 0.0790929
1.5819 0.0218798
1.5819 0.0218798
1.5819 0.0218798
1.58234 0.0823394
1.58247 0.0221326
1.58247 0.0221326
1.58247 0.0224522
1.5826 0.0219415
1.5826 0.022261
1.5826 0.0219415
1.58292 0.0829164
1.58304 0.0223894
1.58304 0.0220699
1.58304 0.0220699
1.58417 0.0841723
1.58577 0.0857379
1.58764 0.0876418
1.58796 0.0879613
1.59211 0.0921066
1.59364 0.0936392
1.59623 0.0962272
1.59764 0.0976374
1.59858 0.098579
1.6012 0.1012
1.60192 0.0219013
1.60192 0.0219013
1.60192 0.0219013
1.60224 0.0218968
1.60224 0.0218968
1.60224 0.0222163
1.60255 0.0218923
1.60255 0.0222118
1.60255 0.0218923
1.60287 0.102869
1.603 0.0223402
1.603 0.0220207
1.603 0.0220207
1.60419 0.104188
1.60451 0.104482
1.60573 0.10573
1.60605 0.106048
1.60752 0.107519
1.60796 0.107963
1.60828 0.108282
1.60894 0.108944
1.60936 0.109357
1.61033 0.110329
1.61065 0.110649
1.611 0.111
1.61144 0.111443
1.61189 0.111887
1.61221 0.112208
1.61271 0.112713
1.61303 0.113033
1.61369 0.113694
1.61457 0.114574
1.61648 0.116479
1.6168 0.116799
1.61712 0.117118
1.62008 0.120082
1.6204 0.120401
1.62159 0.121592
1.6221 0.0220768
1.62223 0.0218857
1.62223 0.0218857
1.62223 0.0218857
1.62254 0.0218812
1.62254 0.0218812
1.62254 0.0222007
1.62286 0.0218767
1.62286 0.0221962
1.62286 0.0218767
1.62321 0.0231765
1.62334 0.0223557
1.62334 0.0220362
1.62334 0.0220362
1.6244 0.124402
1.62525 0.125249
1.62557 0.125569
1.62589 0.0258675
1.62764 0.0276085
1.62796 0.0279373
1.62847 0.0284341
1.62878 0.128784
1.6291 0.0290731
1.63098 0.0309478
1.6313 0.131298
1.6313 0.0312673
1.63162 0.131617
1.63194 0.0319064
1.63269 0.0326613
1.63438 0.13438
1.63486 0.134855
1.6371 0.137103
1.63783 0.137827
1.63961 0.0395776
1.63993 0.0398972
1.64189 0.02189
1.64189 0.02189
1.64189 0.02189
1.64221 0.0218855
1.64221 0.0218855
1.64221 0.022205
1.64252 0.021881
1.64252 0.0222005
1.64252 0.021881
1.64284 0.022196
1.64284 0.0218765
1.64284 0.0218765
1.64316 0.143156
1.6455 0.0454665
1.64591 0.0458793
1.64682 0.14682
1.64736 0.147357
1.64861 0.148585
1.65077 0.150765
1.65127 0.0512404
1.65735 0.0573142
1.66012 0.0600909
1.66066 0.0606281
1.66098 0.0609476
1.66188 0.0218803
1.66188 0.0218803
1.66188 0.0218803
1.66223 0.021907
1.66223 0.021907
1.66223 0.0222265
1.66255 0.0219025
1.66255 0.022222
1.66255 0.0219025
1.66286 0.0222175
1.66286 0.021898
1.66286 0.021898
1.66642 0.0663841
1.66673 0.0667036
1.67057 0.0705379
1.6712 0.0711684
1.67575 0.0757181
1.67675 0.0767219
1.67779 0.077782
1.6791 0.0790809
1.68191 0.021899
1.68191 0.021899
1.68191 0.021899
1.68235 0.0823189
1.68248 0.0221518
1.68248 0.0221518
1.68248 0.0224713
1.68261 0.0219607
1.68261 0.0222802
1.68261 0.0219607
1.68293 0.0829045
1.68305 0.0224086
1.68305 0.0220891
1.68305 0.0220891
1.68421 0.0841828
1.68575 0.0857403
1.68768 0.0876523
1.688 0.0879718
1.69215 0.0921171
1.69368 0.0936497
1.69624 0.0962188
1.69765 0.0976168
1.69859 0.0985584
1.70115 0.101117
1.7019 0.0218893
1.7019 0.0218893
1.7019 0.0218893
1.70221 0.0218848
1.70221 0.0218848
1.70221 0.0222043
1.70253 0.0218803
1.70253 0.0221998
1.70253 0.0218803
1.70288 0.102849
1.70301 0.0223593
1.70301 0.0220398
1.70301 0.0220398
1.7042 0.104167
1.70452 0.104493
1.70571 0.105687
1.70603 0.105997
1.7074 0.107374
1.70797 0.107942
1.70829 0.108262
1.70895 0.108923
1.7094 0.109367
1.71034 0.110309
1.71066 0.110628
1.71104 0.111019
1.71149 0.111454
1.7119 0.111867
1.71222 0.112196
1.71288 0.112848
1.7132 0.113167
1.71367 0.113642
1.71474 0.114708
1.71652 0.11649
1.71684 0.116809
1.71716 0.117129
1.72025 0.120217
1.72057 0.120536
1.72148 0.121456
1.72211 0.022096
1.72224 0.0219049
1.72224 0.0219049
1.72224 0.0219049
1.72255 0.0219004
1.72255 0.0219004
1.72255 0.0222199
1.72287 0.0218959
1.72287 0.0222154
1.72287 0.0218959
1.72322 0.023187
1.72335 0.0223749
1.72335 0.0220554
1.72335 0.0220554
1.72444 0.124421
1.72523 0.125198
1.72555 0.125517
1.72587 0.0258556
1.72765 0.027619
1.72806 0.0280498
1.72841 0.0283824
1.72873 0.128701
1.72905 0.0290214
1.73099 0.0309584
1.73131 0.0312779
1.73131 0.131277
1.73163 0.131597
1.73195 0.0319169
1.73267 0.0326407
1.73439 0.134359
1.7349 0.134865
1.73714 0.137113
1.73784 0.137806
1.73962 0.0395882
1.73994 0.0399077
1.7419 0.0218781
1.7419 0.0218781
1.7419 0.0218781
1.74225 0.0219047
1.74225 0.0219047
1.74225 0.0222242
1.74256 0.0219002
1.74256 0.0222197
1.74256 0.0219002
1.74288 0.0222152
1.74288 0.0218957
1.74288 0.0218957
1.74326 0.143228
1.74551 0.045477
1.74595 0.0459209
1.74683 0.146799
1.74734 0.147306
1.74862 0.148595
1.75096 0.150931
1.75128 0.051251
1.75732 0.0572936
1.76013 0.0601014
1.76067 0.0606387
1.76099 0.0609582
1.76193 0.0218995
1.76193 0.0218995
1.76193 0.0218995
1.76224 0.021895
1.76224 0.021895
1.76224 0.0222145
1.76256 0.0218905
1.76256 0.02221
1.76256 0.0218905
1.76287 0.0222055
1.76287 0.021886
1.76287 0.021886
1.76624 0.066208
1.76674 0.0667141
1.77058 0.0705484
1.77118 0.0711478
1.77573 0.0756975
1.77667 0.0766391
1.7778 0.0777874
1.77911 0.0791001
1.78192 0.0218871
1.78192 0.0218871
1.78192 0.0218871
1.78236 0.0823294
1.78249 0.0221399
1.78249 0.0221399
1.78249 0.0224594
1.78281 0.0827953
1.78294 0.0222683
1.78294 0.0225878
1.78294 0.0222683
1.78294 0.0222683
1.78294 0.0219487
1.78294 0.0219487
1.78306 0.0220771
1.78419 0.0841623
1.78576 0.0857487
1.78769 0.0876628
1.78801 0.0879823
1.79213 0.0920965
1.79369 0.0936602
1.79631 0.0963036
1.79769 0.0976585
1.7986 0.0985689
1.80122 0.10119
1.80188 0.0218774
1.80188 0.0218774
1.80188 0.0218774
1.80222 0.021904
1.80222 0.021904
1.80222 0.0222235
1.8027 0.102668
1.80283 0.0221879
1.80283 0.0225074
1.80283 0.0221879
1.80296 0.0223163
1.80296 0.0219968
1.80296 0.0219968
1.80418 0.104147
1.8045 0.104472
1.80572 0.105706
1.80604 0.106007
1.80751 0.107478
1.80808 0.108046
1.8084 0.108365
1.80903 0.108996
1.80944 0.109409
1.81035 0.110319
1.81067 0.110639
1.81108 0.11107
1.81146 0.111433
1.81191 0.111877
1.81223 0.112215
1.81273 0.112703
1.81305 0.113022
1.81365 0.113622
1.81472 0.114688
1.81659 0.116563
1.81691 0.116882
1.81723 0.117202
1.82013 0.120103
1.82045 0.120422
1.82149 0.121475
1.82209 0.022084
1.82222 0.0218929
1.82222 0.0218929
1.82222 0.0218929
1.82253 0.0218884
1.82253 0.0218884
1.82253 0.0222079
1.82285 0.0218839
1.82285 0.0222034
1.82285 0.0218839
1.8232 0.0231664
1.82332 0.0223629
1.82332 0.0220434
1.82332 0.0220434
1.82442 0.124409
1.8253 0.125271
1.82562 0.12559
1.82594 0.025937
1.82766 0.0276295
1.82798 0.0279757
1.82848 0.0284552
1.8288 0.128774
1.82912 0.0290942
1.83097 0.0309378
1.83129 0.131256
1.83129 0.0312573
1.83161 0.131576
1.83193 0.0318963
1.83268 0.0326513
1.8344 0.13437
1.83487 0.134845
1.83715 0.137124
1.838 0.137972
1.83963 0.0395987
1.83995 0.0399182
1.84191 0.0218972
1.84191 0.0218972
1.84191 0.0218972
1.84223 0.0218927
1.84223 0.0218927
1.84223 0.0222123
1.84254 0.0218883
1.84254 0.0222078
1.84254 0.0218883
1.84286 0.0222033
1.84286 0.0218838
1.84286 0.0218838
1.84342 0.143394
1.84549 0.0454564
1.8459 0.0458692
1.84681 0.146779
1.84738 0.147347
1.84847 0.14845
1.85066 0.15063
1.85126 0.0512304
1.85736 0.0573352
1.86011 0.0600808
1.86065 0.0606181
1.86097 0.0609376
1.8619 0.0218876
1.8619 0.0218876
1.8619 0.0218876
1.86222 0.0218831
1.86222 0.0218831
1.86222 0.0222026
1.86253 0.0218786
1.86253 0.0221981
1.86253 0.0218786
1.86288 0.0222247
1.86288 0.0219052
1.86288 0.0219052
1.86643 0.0664051
1.86675 0.0667246
1.87059 0.0705589
1.87122 0.0711895
1.87574 0.075708
1.87674 0.0767118
1.87778 0.0777616
1.87909 0.0790882
1.88193 0.0219062
1.88193 0.0219062
1.88193 0.0219062
1.88237 0.0823399
1.8825 0.022159
1.8825 0.022159
1.8825 0.0224785
1.88263 0.0219679
1.88263 0.0222874
1.88263 0.0219679
1.88295 0.0829428
1.88307 0.0224158
1.88307 0.0220963
1.88307 0.0220963
1.8842 0.0841728
1.88577 0.0857572
1.88761 0.08758
1.88799 0.0879618
1.89214 0.0921071
1.89367 0.0936396
1.89623 0.0962018
1.89761 0.0975757
1.89861 0.0985795
1.9012 0.10117
1.90192 0.0218965
1.90192 0.0218965
1.90192 0.0218965
1.90223 0.021892
1.90223 0.021892
1.90223 0.0222116
1.90255 0.0218876
1.90255 0.0222071
1.90255 0.0218876
1.90287 0.102838
1.903 0.0223354
1.903 0.0220159
1.903 0.0220159
1.90419 0.104157
1.90451 0.104482
1.90573 0.105725
1.90605 0.106018
1.90752 0.107488
1.90799 0.107963
1.90831 0.108283
1.90897 0.108944
1.90945 0.109419
1.91033 0.110299
1.91065 0.110618
1.911 0.110995
1.91147 0.111444
1.91195 0.111919
1.91227 0.112265
1.91271 0.112682
1.91303 0.113002
1.91363 0.113601
1.9146 0.114574
1.91657 0.116542
1.91689 0.116862
1.91721 0.117181
1.92011 0.120082
1.92043 0.120402
1.92147 0.121463
1.9221 0.0220721
1.92222 0.021881
1.92222 0.021881
1.92222 0.021881
1.92254 0.0218765
1.92254 0.0218765
1.92254 0.022196
1.92289 0.0219031
1.92289 0.0222226
1.92289 0.0219031
1.92321 0.023177
1.92333 0.022351
1.92333 0.0220315
1.92333 0.0220315
1.92452 0.124522
1.92506 0.125032
1.92547 0.125445
1.92589 0.0258628
1.92764 0.0276089
1.92805 0.0280259
1.9284 0.0283724
1.92878 0.128753
1.9291 0.0290736
1.93098 0.0309483
1.9313 0.131267
1.9313 0.0312678
1.93165 0.131618
1.93197 0.0319379
1.93269 0.0326618
1.93441 0.13438
1.93488 0.134855
1.93713 0.137103
1.93786 0.137827
1.93961 0.0395781
1.93993 0.0398976
1.94189 0.0218853
1.94189 0.0218853
1.94189 0.0218853
1.9422 0.0218808
1.9422 0.0218808
1.9422 0.0222003
1.94252 0.0218763
1.94252 0.0221958
1.94252 0.0218763
1.94287 0.0222224
1.94287 0.0219029
1.94287 0.0219029
1.94325 0.143218
1.9455 0.0454669
1.94594 0.0459109
1.94685 0.146821
1.94736 0.147327
1.94848 0.148461
1.9507 0.150672
1.95127 0.0512409
1.95731 0.0572835
1.96012 0.0600914
1.96066 0.0606286
1.96098 0.0609481
1.96191 0.0219067
1.96191 0.0219067
1.96191 0.0219067
1.96223 0.0219022
1.96223 0.0219022
1.96223 0.0222217
1.96254 0.0218977
1.96254 0.0222172
1.96254 0.0218977
1.96286 0.0222127
1.96286 0.0218932
1.96286 0.0218932
1.96626 0.066229
1.96673 0.0667041
1.97057 0.0705383
1.97123 0.0712
1.97575 0.0757185
1.97684 0.0768156
1.97779 0.0777669
1.9791 0.0790762
1.9819 0.0218943
1.9819 0.0218943
1.9819 0.0218943
1.98235 0.0823193
1.98248 0.0221471
1.98248 0.0221471
1.98248 0.0224666
1.9826 0.021956
1.9826 0.0222755
1.9826 0.021956
1.98292 0.0828998
1.98305 0.0224039
1.98305 0.0220844
1.98305 0.0220844
1.98421 0.0841833
1.98574 0.0857345
1.98768 0.0876528
1.988 0.0879723
1.99215 0.0921176
1.99368 0.0936501
1.99624 0.0962244
1.99768 0.0976484
1.99859 0.0985589
2.00121 0.10118
2.0019 0.0218846
2.0019 0.0218846
2.0019 0.0218846
2.00221 0.0218801
2.00221 0.0218801
2.00221 0.0221996
2.00256 0.0219067
2.00256 0.0222262
2.00256 0.0219067
2.00288 0.102849
2.00301 0.0223546
2.00301 0.0220351
2.00301 0.0220351
2.0042 0.104168
2.00452 0.104496
2.00574 0.105716
2.00606 0.106031
2.0075 0.107471
2.00797 0.107946
2.00829 0.108265
2.00896 0.108927
2.00943 0.109402
2.01034 0.110312
2.01066 0.110632
2.01101 0.110987
2.01145 0.111426
2.01193 0.111901
2.01241 0.112381
2.01282 0.112789
2.01314 0.113109
2.01361 0.113584
2.01462 0.114588
2.01655 0.116525
2.01687 0.116844
2.01719 0.117164
2.02012 0.120096
2.02044 0.120415
2.02163 0.12161
2.02208 0.0220632
2.02221 0.0218721
2.02221 0.0218721
2.02221 0.0218721
2.02252 0.0218676
2.02252 0.0218676
2.02252 0.0221871
2.02284 0.0218631
2.02284 0.0221826
2.02284 0.0218631
2.02319 0.0231595
2.02332 0.0223421
2.02332 0.0220226
2.02332 0.0220226
2.02451 0.124482
2.02504 0.125015
2.02549 0.125459
2.02587 0.0258539
2.02765 0.0276225
2.02806 0.0280482
2.02841 0.028386
2.02876 0.128736
2.02908 0.0290561
2.03096 0.0309308
2.03128 0.131249
2.03128 0.0312503
2.03166 0.131631
2.03198 0.0319515
2.03267 0.0326443
2.03442 0.134394
2.0349 0.134869
2.03724 0.13721
2.03802 0.137996
2.03959 0.0395606
2.04 0.0399734
2.0419 0.0218764
2.0419 0.0218764
2.0419 0.0218764
2.04222 0.0218719
2.04222 0.0218719
2.04222 0.0221914
2.04253 0.0218674
2.04253 0.022187
2.04253 0.0218674
2.04285 0.0221825
2.04285 0.021863
2.04285 0.021863
2.04317 0.143138
2.04548 0.0454494
2.04592 0.0458934
2.04683 0.146803
2.04734 0.147309
2.04847 0.148443
2.05087 0.150841
2.05125 0.0512234
2.05729 0.057266
2.0601 0.0600738
2.06064 0.0606111
2.06096 0.0609306
2.0619 0.0218668
2.0619 0.0218668
2.0619 0.0218668
2.06224 0.0218934
2.06224 0.0218934
2.06224 0.0222129
2.06256 0.0218889
2.06256 0.0222084
2.06256 0.0218889
2.06287 0.0222039
2.06287 0.0218844
2.06287 0.0218844
2.06624 0.0662115
2.06671 0.0666866
2.07055 0.0705208
2.07121 0.0711825
2.07573 0.075701
2.07667 0.0766426
2.07783 0.0778065
2.07911 0.0790985
2.08189 0.0218854
2.08189 0.0218854
2.08189 0.0218854
2.08233 0.0823018
2.08246 0.0221382
2.08246 0.0221382
2.08246 0.0224577
2.08259 0.0219471
2.08259 0.0222666
2.08259 0.0219471
2.08291 0.0828909
2.08303 0.022395
2.08303 0.0220755
2.08303 0.0220755
2.08419 0.0841658
2.08576 0.0857461
2.08757 0.087542
2.08795 0.0879237
2.09213 0.0921001
2.09366 0.0936326
2.09628 0.0962812
2.09769 0.097662
2.09857 0.0985414
2.10122 0.101194
2.10188 0.0218757
2.10188 0.0218757
2.10188 0.0218757
2.10219 0.0218712
2.10219 0.0218712
2.10219 0.0221907
2.10267 0.102641
2.1028 0.0221551
2.1028 0.0224747
2.1028 0.0221551
2.10293 0.0222835
2.10293 0.021964
2.10293 0.021964
2.10421 0.104181
2.10453 0.104507
2.10575 0.105735
2.10607 0.106042
2.10754 0.107512
2.10795 0.107925
2.10827 0.108245
2.109 0.108968
2.10944 0.109412
2.11032 0.110292
2.1107 0.110673
2.11102 0.111006
2.11146 0.111437
2.11188 0.11185
2.1122 0.112182
2.11267 0.112644
2.11299 0.112964
2.11365 0.113625
2.11472 0.114691
2.11659 0.116566
2.11659 0.116566
2.11704 0.11701
2.12006 0.120036
2.12038 0.120355
2.12148 0.121465
2.12208 0.0220739
2.12221 0.0218828
2.12221 0.0218828
2.12221 0.0218828
2.12252 0.0218783
2.12252 0.0218783
2.12252 0.0221978
2.12284 0.0218738
2.12284 0.0221933
2.12284 0.0218738
2.12319 0.0231615
2.12332 0.0223528
2.12332 0.0220333
2.12332 0.0220333
2.12445 0.12443
2.12517 0.125141
2.12549 0.125461
2.12587 0.0258646
2.12765 0.0276246
2.12797 0.0279655
2.12848 0.0284502
2.1288 0.128769
2.12912 0.0290892
2.13096 0.0309328
2.13128 0.0312523
2.13128 0.131252
2.1316 0.131571
2.13192 0.0318914
2.13267 0.0326463
2.13439 0.134365
2.1349 0.134871
2.13724 0.137212
2.13784 0.137812
2.13959 0.0395626
2.13991 0.0398821
2.1419 0.0218871
2.1419 0.0218871
2.1419 0.0218871
2.14222 0.0218826
2.14222 0.0218826
2.14222 0.0222021
2.14253 0.0218781
2.14253 0.0221976
2.14253 0.0218781
2.14285 0.0221932
2.14285 0.0218736
2.14285 0.0218736
2.14332 0.143296
2.14548 0.0454515
2.14589 0.0458643
2.14683 0.146805
2.14734 0.147311
2.14862 0.148601
2.15072 0.150687
2.15125 0.0512254
2.15739 0.0573614
2.1601 0.0600759
2.16064 0.0606131
2.16096 0.0609326
2.1619 0.0218774
2.1619 0.0218774
2.1619 0.0218774
2.16221 0.021873
2.16221 0.021873
2.16221 0.0221925
2.16253 0.0218685
2.16253 0.022188
2.16253 0.0218685
2.16284 0.0221835
2.16284 0.021864
2.16284 0.021864
2.16646 0.0664313
2.16678 0.0667508
2.17055 0.0705229
2.17118 0.0711534
2.17573 0.0757031
2.1767 0.0766758
2.1778 0.0777722
2.17911 0.0791091
2.18189 0.021865
2.18189 0.021865
2.18189 0.021865
2.18233 0.0823038
2.18246 0.0221178
2.18246 0.0221178
2.18246 0.0224373
2.18259 0.0219267
2.18259 0.0222462
2.18259 0.0219267
2.18291 0.0829016
2.18304 0.0223746
2.18304 0.0220551
2.18304 0.0220551
2.18416 0.0841367
2.18579 0.0857711
2.18757 0.087544
2.18795 0.0879257
2.19213 0.0921021
2.19366 0.0936347
2.19625 0.0962332
2.19778 0.0977574
2.19866 0.0986367
2.20119 0.101165
2.20191 0.0218864
2.20191 0.0218864
2.20191 0.0218864
2.20223 0.0218819
2.20223 0.0218819
2.20223 0.0222014
2.20254 0.0218774
2.20254 0.0221969
2.20254 0.0218774
2.20286 0.102834
2.20299 0.0223253
2.20299 0.0220058
2.20299 0.0220058
2.20424 0.10422
2.20456 0.104534
2.20563 0.105621
2.20595 0.10592
2.20751 0.107483
2.20799 0.107958
2.2083 0.108278
2.209 0.108971
2.20932 0.10929
2.21041 0.110387
2.21073 0.110707
2.21112 0.11111
2.21147 0.111439
2.21197 0.111945
2.21229 0.112286
2.2127 0.112677
2.21302 0.112997
2.21353 0.113503
2.21472 0.114693
2.21644 0.116413
2.21676 0.116732
2.21708 0.117052
2.22007 0.120046
2.22039 0.120366
2.22146 0.121453
2.22209 0.022062
2.22222 0.0218709
2.22222 0.0218709
2.22222 0.0218709
2.22253 0.0218664
2.22253 0.0218664
2.22253 0.0221859
2.22288 0.021893
2.22288 0.0222125
2.22288 0.021893
2.2232 0.023172
2.22333 0.0223409
2.22333 0.0220214
2.22333 0.0220214
2.22449 0.12448
2.22527 0.125245
2.22559 0.125564
2.22591 0.0258838
2.22763 0.027604
2.22804 0.0280158
2.22839 0.0283674
2.22874 0.128717
2.22906 0.0290375
2.23097 0.0309434
2.23129 0.131262
2.23129 0.0312629
2.23161 0.131582
2.23193 0.0319019
2.23268 0.0326568
2.23437 0.134344
2.23488 0.13485
2.23716 0.137129
2.23779 0.13776
2.2396 0.0395732
2.23992 0.0398927
2.24188 0.0218752
2.24188 0.0218752
2.24188 0.0218752
2.2422 0.0218707
2.2422 0.0218707
2.2422 0.0221902
2.24251 0.0218662
2.24251 0.0221857
2.24251 0.0218662
2.24286 0.0222123
2.24286 0.0218928
2.24286 0.0218928
2.24324 0.143213
2.24549 0.045462
2.24593 0.0459059
2.24684 0.146816
2.24735 0.147322
2.24863 0.148611
2.25072 0.150698
2.25126 0.0512359
2.2573 0.0572786
2.26008 0.0600553
2.26065 0.0606237
2.26097 0.0609432
2.26188 0.0218655
2.26188 0.0218655
2.26188 0.0218655
2.26222 0.0218921
2.26222 0.0218921
2.26222 0.0222116
2.26254 0.0218876
2.26254 0.0222071
2.26254 0.0218876
2.26285 0.0222026
2.26285 0.0218831
2.26285 0.0218831
2.26625 0.0662241
2.26673 0.0666991
2.27056 0.0705334
2.27119 0.0711639
2.27571 0.0756825
2.27665 0.0766241
2.27781 0.0778087
2.27912 0.0790972
2.2819 0.0218842
2.2819 0.0218842
2.2819 0.0218842
2.28234 0.0823144
2.28247 0.022137
2.28247 0.022137
2.28247 0.0224565
2.2826 0.0219458
2.2826 0.0222654
2.2826 0.0219458
2.28292 0.0828896
2.28305 0.0223937
2.28305 0.0220742
2.28305 0.0220742
2.28417 0.0841473
2.28577 0.0857621
2.28767 0.0876478
2.28799 0.0879673
2.29211 0.0920815
2.29367 0.0936452
2.29623 0.0962247
2.29764 0.0976124
2.29858 0.0985539
2.30123 0.101206
2.30189 0.0218745
2.30189 0.0218745
2.30189 0.0218745
2.3022 0.02187
2.3022 0.02187
2.3022 0.0221895
2.30252 0.0218655
2.30252 0.022185
2.30252 0.0218655
2.30284 0.102813
2.30297 0.0223134
2.30297 0.0219939
2.30297 0.0219939
2.30419 0.104163
2.30451 0.104488
2.30573 0.105703
2.30605 0.106023
2.30755 0.107525
2.30796 0.107938
2.30828 0.108257
2.30898 0.10895
2.30939 0.109363
2.31049 0.11046
2.31081 0.110779
2.31113 0.111098
2.31144 0.111418
2.31189 0.111862
2.31221 0.112181
2.31271 0.112688
2.31303 0.113007
2.31354 0.113514
2.31473 0.114704
2.31648 0.116454
2.3168 0.116774
2.31712 0.117093
2.32015 0.120119
2.32046 0.120438
2.32147 0.121441
2.3221 0.0220811
2.32223 0.02189
2.32223 0.02189
2.32223 0.02189
2.32254 0.0218855
2.32254 0.0218855
2.32254 0.022205
2.32286 0.021881
2.32286 0.0222005
2.32286 0.021881
2.32318 0.0231514
2.32331 0.0223289
2.32331 0.0220094
2.32331 0.0220094
2.32443 0.124406
2.32519 0.125162
2.32551 0.125482
2.32586 0.0258408
2.32764 0.0276145
2.32805 0.028035
2.3284 0.0283779
2.32879 0.128759
2.3291 0.0290792
2.33095 0.0309228
2.33127 0.131241
2.33127 0.0312423
2.33159 0.131561
2.33191 0.0318813
2.33269 0.0326674
2.33438 0.134355
2.33489 0.134861
2.33713 0.137109
2.33786 0.137833
2.33958 0.0395526
2.34008 0.0400587
2.34189 0.0218632
2.34189 0.0218632
2.34189 0.0218632
2.34224 0.0218898
2.34224 0.0218898
2.34224 0.0222094
2.34255 0.0218854
2.34255 0.0222049
2.34255 0.0218854
2.34287 0.0222004
2.34287 0.0218809
2.34287 0.0218809
2.34319 0.143162
2.34547 0.0454414
2.34594 0.0459165
2.34682 0.146795
2.34736 0.147332
2.34864 0.148622
2.35095 0.150926
2.35127 0.0512465
2.35728 0.057258
2.36009 0.0600658
2.36063 0.0606031
2.36095 0.0609226
2.36189 0.0218847
2.36189 0.0218847
2.36189 0.0218847
2.3622 0.0218802
2.3622 0.0218802
2.3622 0.0221997
2.36252 0.0218757
2.36252 0.0221952
2.36252 0.0218757
2.36283 0.0221907
2.36283 0.0218712
2.36283 0.0218712
2.36623 0.0662035
2.3667 0.0666785
2.37057 0.0705439
2.3712 0.0711745
2.37572 0.075693
2.37666 0.0766346
2.37779 0.0777829
2.37913 0.0791164
2.38188 0.0218722
2.38188 0.0218722
2.38188 0.0218722
2.38235 0.0823249
2.38248 0.0221561
2.38248 0.0221561
2.38248 0.0224756
2.38261 0.021965
2.38261 0.0222845
2.38261 0.021965
2.38293 0.0829088
2.38305 0.0224129
2.38305 0.0220934
2.38305 0.0220934
2.38418 0.0841578
2.38578 0.0857623
2.38765 0.0876273
2.38797 0.0879468
2.39212 0.0920921
2.39365 0.0936246
2.39624 0.0962162
2.39762 0.0975918
2.39859 0.0985645
2.40121 0.101186
2.40187 0.0218625
2.40187 0.0218625
2.40187 0.0218625
2.40221 0.0218891
2.40221 0.0218891
2.40221 0.0222087
2.40253 0.0218847
2.40253 0.0222042
2.40253 0.0218847
2.40285 0.102823
2.40298 0.0223326
2.40298 0.022013
2.40298 0.022013
2.4042 0.104173
2.40452 0.104499
2.40574 0.105722
2.40606 0.106034
2.40756 0.107535
2.408 0.107979
2.40832 0.108299
2.40902 0.108992
2.4094 0.109373
2.41031 0.110284
2.41072 0.110697
2.41104 0.111024
2.41145 0.111429
2.41187 0.111842
2.41219 0.112169
2.41269 0.112667
2.41301 0.112987
2.41355 0.113524
2.41474 0.114715
2.41646 0.116434
2.41678 0.116753
2.4171 0.117073
2.42012 0.120098
2.42044 0.120418
2.42148 0.12146
2.42208 0.0220692
2.42221 0.0218781
2.42221 0.0218781
2.42221 0.0218781
2.42252 0.0218736
2.42252 0.0218736
2.42252 0.0221931
2.42284 0.0218691
2.42284 0.0221886
2.42284 0.0218691
2.42319 0.023162
2.42331 0.0223481
2.42331 0.0220286
2.42331 0.0220286
2.42444 0.124425
2.4252 0.125173
2.42552 0.125492
2.42587 0.0258599
2.42765 0.027625
2.42806 0.0280541
2.42841 0.0283885
2.42873 0.128707
2.42905 0.0290275
2.43096 0.0309333
2.43128 0.0312528
2.43128 0.131252
2.4316 0.131571
2.43192 0.0318918
2.43267 0.0326468
2.43439 0.134365
2.4349 0.134871
2.43718 0.13715
2.43784 0.137812
2.43959 0.0395631
2.43991 0.0398826
2.4419 0.0218824
2.4419 0.0218824
2.4419 0.0218824
2.44222 0.0218779
2.44222 0.0218779
2.44222 0.0221974
2.44253 0.0218734
2.44253 0.0221929
2.44253 0.0218734
2.44285 0.0221884
2.44285 0.0218689
2.44285 0.0218689
2.44335 0.143328
2.44548 0.0454519
2.44592 0.0458959
2.4468 0.146774
2.44734 0.147312
2.44862 0.148601
2.45065 0.150626
2.45125 0.0512259
2.45729 0.0572685
2.4601 0.0600764
2.46064 0.0606136
2.46096 0.0609331
2.46189 0.0218727
2.46189 0.0218727
2.46189 0.0218727
2.46221 0.0218682
2.46221 0.0218682
2.46221 0.0221877
2.46252 0.0218637
2.46252 0.0221832
2.46252 0.0218637
2.46287 0.0222099
2.46287 0.0218903
2.46287 0.0218903
2.46624 0.066214
2.46671 0.0666891
2.47055 0.0705233
2.47118 0.0711539
2.47573 0.0757035
2.4767 0.0766762
2.4778 0.0777883
2.47911 0.0791044
2.48192 0.0218914
2.48192 0.0218914
2.48192 0.0218914
2.48233 0.0823043
2.48246 0.0221131
2.48246 0.0221131
2.48246 0.0224326
2.48259 0.021922
2.48259 0.0222415
2.48259 0.021922
2.48291 0.0828969
2.48303 0.0223699
2.48303 0.0220504
2.48303 0.0220504
2.48416 0.0841372
2.48579 0.0857579
2.48766 0.0876378
2.48798 0.0879573
2.49213 0.0921026
2.49366 0.0936351
2.49622 0.0962078
2.49778 0.0977578
2.4986 0.098575
2.50119 0.101165
2.50191 0.0218817
2.50191 0.0218817
2.50191 0.0218817
2.50222 0.0218772
2.50222 0.0218772
2.50222 0.0221967
2.50254 0.0218727
2.50254 0.0221922
2.50254 0.0218727
2.50286 0.102834
2.50299 0.0223206
2.50299 0.0220011
2.50299 0.0220011
2.50421 0.104184
2.50453 0.104509
2.50563 0.105617
2.50594 0.10592
2.50754 0.107515
2.50798 0.107959
2.5083 0.108278
2.509 0.108971
2.50941 0.109384
2.51038 0.110356
2.5107 0.110676
2.51108 0.111074
2.5115 0.111471
2.51188 0.111852
2.5122 0.112188
2.5127 0.112678
2.51302 0.112997
2.51356 0.113535
2.51472 0.114694
2.51647 0.116444
2.51679 0.116764
2.51711 0.117083
2.5201 0.120078
2.52042 0.120397
2.52146 0.121448
2.52209 0.0220573
2.52222 0.0218661
2.52222 0.0218661
2.52222 0.0218661
2.52256 0.0218928
2.52256 0.0218928
2.52256 0.0222123
2.52288 0.0218883
2.52288 0.0222078
2.52288 0.0218883
2.5232 0.0231725
2.52332 0.0223362
2.52332 0.0220166
2.52332 0.0220166
2.52442 0.124413
2.52527 0.125245
2.52559 0.125565
2.52591 0.0258791
2.52763 0.0276045
2.52804 0.0280111
2.52839 0.0283679
2.52874 0.128718
2.52906 0.029038
2.53097 0.0309438
2.53129 0.131263
2.53129 0.0312633
2.53161 0.131582
2.53193 0.0319023
2.53268 0.0326573
2.53437 0.134345
2.53488 0.134851
2.53715 0.13713
2.538 0.137978
2.5396 0.0395736
2.54007 0.0400486
2.54188 0.0218705
2.54188 0.0218705
2.54188 0.0218705
2.5422 0.021866
2.5422 0.021866
2.5422 0.0221855
2.54254 0.0218926
2.54254 0.0222121
2.54254 0.0218926
2.54286 0.0222076
2.54286 0.0218881
2.54286 0.0218881
2.54318 0.143151
2.54549 0.0454625
2.54593 0.0459064
2.54684 0.146816
2.54735 0.147322
2.54866 0.148643
2.55072 0.150698
2.55126 0.0512364
2.5573 0.057279
2.56008 0.0600558
2.56062 0.060593
2.56094 0.0609125
2.5619 0.0218919
2.5619 0.0218919
2.5619 0.0218919
2.56222 0.0218874
2.56222 0.0218874
2.56222 0.0222069
2.56253 0.0218829
2.56253 0.0222024
2.56253 0.0218829
2.56285 0.0221979
2.56285 0.0218784
2.56285 0.0218784
2.56625 0.0662246
2.56672 0.0666996
2.57056 0.0705338
2.57119 0.0711644
2.57571 0.0756829
2.57665 0.0766245
2.57781 0.0777936
2.57912 0.0790925
2.58189 0.0218794
2.58189 0.0218794
2.58189 0.0218794
2.58234 0.0823148
2.58247 0.0221322
2.58247 0.0221322
2.58247 0.0224517
2.5826 0.0219411
2.5826 0.0222606
2.5826 0.0219411
2.58291 0.0828849
2.58304 0.022389
2.58304 0.0220695
2.58304 0.0220695
2.58417 0.0841477
2.58577 0.0857475
2.58767 0.0876483
2.58799 0.0879678
2.59211 0.092082
2.5932 0.0931791
2.59626 0.0962304
2.59764 0.0976128
2.59858 0.0985544
2.60123 0.101207
2.60189 0.0218698
2.60189 0.0218698
2.60189 0.0218698
2.6022 0.0218653
2.6022 0.0218653
2.6022 0.0221848
2.60255 0.0218919
2.60255 0.0222114
2.60255 0.0218919
2.60287 0.102844
2.603 0.0223398
2.603 0.0220203
2.603 0.0220203
2.60419 0.104163
2.60451 0.104489
2.60573 0.105698
2.60605 0.106024
2.60755 0.107525
2.60799 0.107969
2.60831 0.108289
2.60897 0.10895
2.60939 0.109363
2.61052 0.110491
2.61083 0.110811
2.61115 0.111124
2.61147 0.11145
2.61189 0.111863
2.61221 0.112176
2.61271 0.112688
2.61303 0.113008
2.61354 0.113514
2.6146 0.11458
2.61648 0.116455
2.6168 0.116774
2.61712 0.117094
2.62014 0.120119
2.62046 0.120439
2.6215 0.121468
2.6221 0.0220764
2.62223 0.0218853
2.62223 0.0218853
2.62223 0.0218853
2.62254 0.0218808
2.62254 0.0218808
2.62254 0.0222003
2.62286 0.0218763
2.62286 0.0221958
2.62286 0.0218763
2.62317 0.0231519
2.6233 0.0223242
2.6233 0.0220047
2.6233 0.0220047
2.62443 0.124401
2.62519 0.125163
2.62551 0.125482
2.62589 0.0258671
2.62764 0.027615
2.62805 0.0280302
2.6284 0.0283784
2.62875 0.128728
2.62907 0.0290485
2.63095 0.0309232
2.63127 0.131242
2.63127 0.0312427
2.63159 0.131561
2.6319 0.0318817
2.63269 0.0326678
2.63438 0.134355
2.63488 0.134861
2.63713 0.137109
2.63786 0.137833
2.63958 0.039553
2.64008 0.0400592
2.64189 0.0218896
2.64189 0.0218896
2.64189 0.0218896
2.64221 0.0218851
2.64221 0.0218851
2.64221 0.0222046
2.64252 0.0218806
2.64252 0.0222001
2.64252 0.0218806
2.64284 0.0221956
2.64284 0.0218761
2.64284 0.0218761
2.64315 0.143131
2.64546 0.0454419
2.64594 0.0459169
2.64679 0.146764
2.64733 0.147302
2.64864 0.148622
2.65067 0.150647
2.65124 0.0512158
2.65728 0.0572585
2.66009 0.0600663
2.66063 0.0606035
2.66095 0.060923
2.66188 0.0218799
2.66188 0.0218799
2.66188 0.0218799
2.6622 0.0218754
2.6622 0.0218754
2.6622 0.022195
2.66251 0.021871
2.66251 0.0221905
2.66251 0.021871
2.66283 0.022186
2.66283 0.0218665
2.66283 0.0218665
2.66623 0.066204
2.6667 0.066679
2.67057 0.0705444
2.6712 0.0711749
2.67572 0.0756935
2.67672 0.0766972
2.67779 0.0777678
2.67913 0.0791116
2.68194 0.081917
2.68207 0.0220626
2.68207 0.0220626
2.68207 0.0220626
2.6822 0.0218715
2.6822 0.0218715
2.6822 0.022191
2.68251 0.021867
2.68251 0.0221865
2.68251 0.021867
2.68283 0.0828108
2.68296 0.0223149
2.68296 0.0219954
2.68296 0.0219954
2.68418 0.0841582
2.68578 0.0857703
2.68765 0.0876277
2.68797 0.0879472
2.69171 0.0916882
2.69318 0.0931585
2.69624 0.0962219
2.6978 0.0977788
2.69859 0.0985649
2.70121 0.101186
2.7019 0.0218889
2.7019 0.0218889
2.7019 0.0218889
2.70221 0.0218844
2.70221 0.0218844
2.70221 0.0222039
2.70272 0.102696
2.70285 0.0221994
2.70285 0.0225189
2.70285 0.0221994
2.70285 0.0221994
2.70285 0.0218799
2.70285 0.0218799
2.70298 0.0220083
2.70423 0.104211
2.70455 0.104524
2.70574 0.105717
2.70606 0.106034
2.70753 0.107505
2.708 0.10798
2.70832 0.108299
2.70901 0.108992
2.7094 0.109374
2.71031 0.110284
2.71069 0.110666
2.71113 0.111112
2.71148 0.11146
2.7119 0.111873
2.71222 0.112195
2.71269 0.112668
2.71301 0.112987
2.71364 0.113618
2.71474 0.114715
2.71661 0.11659
2.71661 0.11659
2.71706 0.117034
2.72011 0.12009
2.72043 0.12041
2.72147 0.121447
2.72207 0.022056
2.7222 0.0218649
2.7222 0.0218649
2.7222 0.0218649
2.72254 0.0218915
2.72254 0.0218915
2.72254 0.022211
2.72286 0.021887
2.72286 0.0222065
2.72286 0.021887
2.72318 0.0231539
2.7233 0.0223349
2.7233 0.0220154
2.7233 0.0220154
2.72378 0.123759
2.72519 0.125165
2.72551 0.125484
2.72586 0.0258467
2.72764 0.027617
2.72805 0.0280409
2.7284 0.0283805
2.72872 0.128699
2.72904 0.0290195
2.73095 0.0309253
2.73127 0.131244
2.73127 0.0312448
2.73159 0.131563
2.73191 0.0318838
2.73269 0.0326699
2.73438 0.134357
2.73489 0.134863
2.73717 0.137142
2.73748 0.137462
2.73958 0.0395551
2.7399 0.0398746
2.74189 0.0218692
2.74189 0.0218692
2.74189 0.0218692
2.74221 0.0218647
2.74221 0.0218647
2.74221 0.0221842
2.74255 0.0218913
2.74255 0.0222108
2.74255 0.0218913
2.74287 0.0222063
2.74287 0.0218868
2.74287 0.0218868
2.74319 0.143164
2.74547 0.0454439
2.74591 0.0458879
2.74679 0.146766
2.74733 0.147304
2.74845 0.148438
2.75073 0.150711
2.75124 0.0512179
2.75728 0.0572605
2.76009 0.0600683
2.76063 0.0606056
2.76095 0.0609251
2.76192 0.0218906
2.76192 0.0218906
2.76192 0.0218906
2.76223 0.0218861
2.76223 0.0218861
2.76223 0.0222056
2.76255 0.0218816
2.76255 0.0222012
2.76255 0.0218816
2.76286 0.0221967
2.76286 0.0218772
2.76286 0.0218772
2.76623 0.066206
2.7667 0.066681
2.77057 0.0705464
2.77117 0.0711459
2.77572 0.0756955
2.77663 0.076606
2.77779 0.0777647
2.7791 0.0790912
2.78191 0.081888
2.78204 0.0220111
2.78204 0.0220111
2.78204 0.0220111
2.78223 0.0218822
2.78223 0.0218822
2.78223 0.0222017
2.78254 0.0218777
2.78254 0.0221972
2.78254 0.0218777
2.78286 0.0828526
2.78299 0.0223256
2.78299 0.0220061
2.78299 0.0220061
2.78418 0.0841603
2.78578 0.0857703
2.78765 0.0876298
2.78797 0.0879493
2.79171 0.0916902
2.79384 0.0938326
2.79416 0.0941333
2.7978 0.0977809
2.79859 0.098567
2.80124 0.101219
2.8019 0.0218685
2.8019 0.0218685
2.8019 0.0218685
2.80221 0.021864
2.80221 0.021864
2.80221 0.0221835
2.80256 0.0218906
2.80256 0.0222101
2.80256 0.0218906
2.80288 0.102857
2.80301 0.0223385
2.80301 0.022019
2.80301 0.022019
2.80423 0.104213
2.80455 0.104526
2.80574 0.105728
2.80606 0.106036
2.80753 0.107507
2.80794 0.10792
2.80826 0.108239
2.80895 0.108932
2.8094 0.109376
2.81053 0.110504
2.81085 0.110823
2.81123 0.111216
2.81155 0.111525
2.81193 0.111906
2.81225 0.112237
2.81269 0.11267
2.81301 0.112989
2.81367 0.113651
2.81471 0.114686
2.81649 0.116467
2.81681 0.116787
2.81713 0.117106
2.82006 0.120039
2.82038 0.120358
2.82082 0.120813
2.82208 0.0220752
2.82221 0.0218841
2.82221 0.0218841
2.82221 0.0218841
2.82252 0.0218796
2.82252 0.0218796
2.82252 0.0221991
2.82284 0.0218751
2.82284 0.0221946
2.82284 0.0218751
2.82319 0.0231645
2.82331 0.0223541
2.82331 0.0220346
2.82331 0.0220346
2.82444 0.12444
2.8252 0.125175
2.82552 0.125495
2.82587 0.0258659
2.82765 0.0276275
2.82806 0.0280601
2.82838 0.0283599
2.82873 0.12871
2.82905 0.02903
2.83096 0.0309358
2.83128 0.131254
2.83128 0.0312553
2.8316 0.131574
2.83192 0.0318943
2.83267 0.0326493
2.83439 0.134368
2.83486 0.134843
2.83714 0.137122
2.83746 0.137441
2.83959 0.0395656
2.84009 0.0400717
2.8419 0.0218884
2.8419 0.0218884
2.8419 0.0218884
2.84222 0.0218839
2.84222 0.0218839
2.84222 0.0222034
2.84253 0.0218794
2.84253 0.0221989
2.84253 0.0218794
2.84285 0.0221944
2.84285 0.0218749
2.84285 0.0218749
2.84317 0.143143
2.84548 0.0454544
2.84592 0.0458984
2.8468 0.146777
2.84734 0.147314
2.84862 0.148604
2.85062 0.150597
2.85125 0.0512284
2.85729 0.057271
2.8601 0.0600789
2.86064 0.0606161
2.86096 0.0609356
2.86189 0.0218787
2.86189 0.0218787
2.86189 0.0218787
2.86221 0.0218742
2.86221 0.0218742
2.86221 0.0221937
2.86252 0.0218697
2.86252 0.0221892
2.86252 0.0218697
2.86284 0.0221847
2.86284 0.0218652
2.86284 0.0218652
2.86642 0.0664032
2.86674 0.0667227
2.87055 0.0705258
2.87118 0.0711564
2.87573 0.075706
2.87664 0.0766165
2.87777 0.0777389
2.87911 0.0791104
2.88188 0.0218662
2.88188 0.0218662
2.88188 0.0218662
2.88233 0.0823068
2.88246 0.0221191
2.88246 0.0221191
2.88246 0.0224386
2.88258 0.0219279
2.88258 0.0222474
2.88258 0.0219279
2.8829 0.0829028
2.88303 0.0223758
2.88303 0.0220563
2.88303 0.0220563
2.88416 0.0841397
2.88576 0.0857528
2.88766 0.0876403
2.88798 0.0879598
2.89175 0.0917318
2.89385 0.0938326
2.89417 0.0941438
2.89772 0.0976981
2.89857 0.0985464
2.90119 0.101168
2.90191 0.0218877
2.90191 0.0218877
2.90191 0.0218877
2.90222 0.0218832
2.90222 0.0218832
2.90222 0.0222027
2.9026 0.102584
2.90273 0.0220738
2.90273 0.0223933
2.90273 0.0220738
2.90286 0.0222022
2.90286 0.0218827
2.90286 0.0218827
2.90427 0.104249
2.90459 0.104574
2.90572 0.105716
2.90604 0.106016
2.90751 0.107486
2.90795 0.10793
2.90827 0.10825
2.90899 0.108973
2.90938 0.109355
2.91047 0.110452
2.91079 0.110772
2.91111 0.111111
2.91146 0.111442
2.91194 0.111917
2.91226 0.112256
2.9127 0.11268
2.91302 0.113
2.91359 0.113568
2.91472 0.114696
2.91659 0.116571
2.91659 0.116571
2.9171 0.117077
2.92006 0.120041
2.92038 0.12036
2.92079 0.12077
2.92208 0.0220548
2.92221 0.0221831
2.92221 0.0221831
2.92221 0.0218636
2.92221 0.0218636
2.92221 0.0218636
2.92255 0.0218903
2.92255 0.0218903
2.92255 0.0222098
2.92287 0.0218858
2.92287 0.0222053
2.92287 0.0218858
2.92319 0.0231665
2.92444 0.124415
2.92504 0.125018
2.92545 0.125431
2.92586 0.0258415
2.92765 0.0276256
2.92797 0.0279424
2.92847 0.0284513
2.92879 0.12877
2.92911 0.0290903
2.93095 0.0309339
2.93127 0.131253
2.93127 0.0312534
2.93162 0.131603
2.93194 0.0319235
2.93254 0.0325229
2.93439 0.134366
2.93489 0.134872
2.93717 0.137151
2.93749 0.13747
2.93958 0.0395637
2.9399 0.0398832
2.9419 0.0218725
2.9419 0.0218725
2.9419 0.0218725
2.94221 0.021868
2.94221 0.021868
2.94221 0.0221875
2.94253 0.0218635
2.94253 0.022183
2.94253 0.0218635
2.94287 0.0222096
2.94287 0.0218901
2.94287 0.0218901
2.94319 0.143173
2.94532 0.045297
2.94589 0.0458653
2.9468 0.146775
2.94733 0.147312
2.94871 0.148695
2.95062 0.150595
2.95125 0.0512265
2.95729 0.0572691
2.96016 0.0601391
2.96063 0.0606142
2.96095 0.0609337
2.96189 0.0218628
2.96189 0.0218628
2.96189 0.0218628
2.96224 0.0218894
2.96224 0.0218894
2.96224 0.0222089
2.96255 0.0218849
2.96255 0.0222044
2.96255 0.0218849
2.96287 0.0221999
2.96287 0.0218804
2.96287 0.0218804
2.96645 0.0664323
2.96677 0.0667519
2.97054 0.0705239
2.97086 0.0708434
2.97572 0.0757041
2.97673 0.0767079
2.97705 0.0770476
2.97911 0.079086
2.98191 0.0218814
2.98191 0.0218814
2.98191 0.0218814
2.98233 0.0823049
2.98245 0.0221031
2.98245 0.0221031
2.98245 0.0224226
2.98258 0.021912
2.98258 0.0222315
2.98258 0.021912
2.9829 0.0828784
2.98303 0.0223599
2.98303 0.0220404
2.98303 0.0220404
2.98419 0.0841689
2.98578 0.085754
2.98766 0.0876384
2.98798 0.0879579
2.99212 0.0921032
2.99384 0.0938201
2.99416 0.0941419
2.99778 0.0977584
2.99866 0.0986378
3.00122 0.101197
3.00187 0.0218718
3.00187 0.0218718
3.00187 0.0218718
3.00219 0.0218673
3.00219 0.0218673
3.00219 0.0221868
3.0025 0.0218628
3.0025 0.0221823
3.0025 0.0218628
3.00282 0.102803
3.00295 0.0223107
3.00295 0.0219912
3.00295 0.0219912
3.00424 0.104224
3.00456 0.104538
3.00562 0.105602
3.00594 0.105924
3.00751 0.107487
3.00795 0.107931
3.00827 0.108251
3.00903 0.109006
3.00938 0.109356
3.01007 0.110049
3.0107 0.11068
3.01108 0.111059
3.0114 0.111381
3.01194 0.111918
3.01226 0.112235
3.0127 0.112682
3.01302 0.113001
3.01359 0.113569
3.01462 0.114604
3.01659 0.116572
3.01659 0.116572
3.01701 0.116985
3.02009 0.120073
3.02041 0.120392
3.02086 0.120851
3.02208 0.0220731
3.02221 0.0222015
3.02221 0.0222015
3.02284 0.021873
3.02284 0.0221925
3.02284 0.021873
3.02316 0.0231367
3.02447 0.124456
3.02523 0.125206
3.02555 0.125525
3.02587 0.0258514
3.02765 0.0276269
3.02797 0.0279608
3.02841 0.0283903
3.02879 0.128771
3.02911 0.0290915
3.03092 0.030904
3.03124 0.0312235
3.03124 0.131223
3.03159 0.131573
3.03191 0.0318937
3.03254 0.0325242
3.03439 0.134367
3.03489 0.134873
3.03711 0.13709
3.0378 0.137783
3.03958 0.0395649
3.0399 0.0398845
3.04187 0.0218597
3.04187 0.0218597
3.04187 0.0218597
3.04218 0.0218552
3.04218 0.0218552
3.04218 0.0221747
3.0425 0.0218507
3.0425 0.0221702
3.0425 0.0218507
3.04303 0.143014
3.04316 0.0225164
3.04316 0.0221969
3.04316 0.0221969
3.04532 0.0452983
3.04589 0.0458666
3.0468 0.146776
3.04733 0.147314
3.04862 0.148603
3.05068 0.150659
3.05125 0.0512277
3.05735 0.0573326
3.0601 0.0600782
3.06064 0.0606154
3.06095 0.0609349
3.06186 0.02185
3.06186 0.02185
3.06186 0.02185
3.06221 0.0218767
3.06221 0.0218767
3.06221 0.0221962
3.06252 0.0218722
3.06252 0.0221917
3.06252 0.0218722
3.06284 0.0221872
3.06284 0.0218677
3.06284 0.0218677
3.06624 0.0662159
3.06671 0.0666909
3.07054 0.0705252
3.07086 0.0708447
3.07569 0.0756743
3.07664 0.0766159
3.07695 0.0769277
3.07911 0.0790959
3.08188 0.0218687
3.08188 0.0218687
3.08188 0.0218687
3.08233 0.0823062
3.08245 0.0221215
3.08245 0.0221215
3.08245 0.022441
3.08258 0.0219304
3.08258 0.0222499
3.08258 0.0219304
3.0829 0.0828884
3.08303 0.0223783
3.08303 0.0220588
3.08303 0.0220588
3.0841 0.0840768
3.08578 0.0857655
3.0876 0.0875774
3.08795 0.087928
3.09212 0.0921044
3.09447 0.094464
3.09478 0.0947652
3.09762 0.0976041
3.0986 0.0985768
3.10119 0.101167
3.10187 0.021859
3.10187 0.021859
3.10187 0.021859
3.10219 0.0218545
3.10219 0.0218545
3.10219 0.022174
3.1025 0.02185
3.1025 0.0221695
3.1025 0.02185
3.10282 0.102805
3.10295 0.0222979
3.10295 0.0219784
3.10295 0.0219784
3.10421 0.104186
3.10452 0.104511
3.10562 0.105608
3.10594 0.105922
3.10751 0.107486
3.10782 0.107805
3.10814 0.108125
3.10865 0.108631
3.109 0.108981
3.11013 0.110109
3.1107 0.110678
3.11111 0.111097
3.11146 0.111441
3.11206 0.112047
3.11238 0.11236
3.1127 0.11268
3.11302 0.112999
3.11359 0.113568
3.11462 0.114602
3.11643 0.116415
3.11675 0.116734
3.11707 0.117054
3.12007 0.120048
3.12039 0.120368
3.12092 0.120905
3.12208 0.0220657
3.12221 0.0221941
3.12221 0.0221941
3.12221 0.0218746
3.12221 0.0218746
3.12221 0.0218746
3.12253 0.0218701
3.12253 0.0218701
3.12253 0.0221896
3.12284 0.0218656
3.12284 0.0221851
3.12284 0.0218656
3.12316 0.0231432
3.12441 0.124409
3.12529 0.125274
3.12561 0.125594
3.12593 0.0259062
3.12762 0.0276023
3.12794 0.0279222
3.12838 0.0283658
3.1287 0.128684
3.12902 0.0290048
3.13093 0.0309106
3.13125 0.131229
3.13125 0.0312301
3.1316 0.13158
3.13192 0.0319002
3.13258 0.0325619
3.13436 0.134342
3.13496 0.134942
3.13709 0.137065
3.13784 0.13782
3.13956 0.0395404
3.1401 0.0400776
3.14187 0.0218523
3.14187 0.0218523
3.14187 0.0218523
3.14222 0.0218789
3.14222 0.0218789
3.14222 0.0221984
3.14253 0.0218744
3.14253 0.0221939
3.14253 0.0218744
3.14285 0.0221894
3.14285 0.0218699
3.14285 0.0218699
3.14317 0.143149
3.14529 0.0452737
3.14586 0.0458421
3.1468 0.146783
3.14746 0.147444
3.14859 0.148578
3.15084 0.150821
3.15122 0.0512032
3.15726 0.0572458
3.16007 0.0600536
3.16042 0.0604043
3.1608 0.060786
3.1619 0.0218737
3.1619 0.0218737
3.1619 0.0218737
3.16221 0.0218692
3.16221 0.0218692
3.16221 0.0221887
3.16253 0.0218647
3.16253 0.0221842
3.16253 0.0218647
3.16284 0.0221797
3.16284 0.0218602
3.16284 0.0218602
3.16584 0.0658181
3.16669 0.0666664
3.17055 0.0705317
3.17118 0.0711623
3.1757 0.0756808
3.17664 0.0766224
3.17696 0.0769375
3.17862 0.0786134
3.18189 0.0218613
3.18189 0.0218613
3.18189 0.0218613
3.1823 0.0822816
3.18243 0.022083
3.18243 0.022083
3.18243 0.0224025
3.18256 0.0218918
3.18256 0.0222113
3.18256 0.0218918
3.18288 0.0828724
3.18301 0.0223397
3.18301 0.0220202
3.18301 0.0220202
3.18429 0.08427
3.18579 0.0857843
3.1876 0.087584
3.18795 0.0879346
3.1921 0.0920799
3.19316 0.0931459
3.19448 0.0944685
3.19769 0.0976729
3.19857 0.0985523
3.20122 0.101205
3.20188 0.0218516
3.20188 0.0218516
3.20188 0.0218516
3.20223 0.0218782
3.20223 0.0218782
3.20223 0.0221977
3.20267 0.102652
3.2028 0.022131
3.2028 0.0224505
3.2028 0.022131
3.20293 0.0222594
3.20293 0.0219399
3.20293 0.0219399
3.20424 0.104223
3.20456 0.104549
3.2056 0.105592
3.20592 0.105897
3.20751 0.107492
3.20802 0.107998
3.20834 0.108318
3.2089 0.108886
3.20938 0.109361
3.21001 0.109992
3.21061 0.110591
3.21102 0.111018
3.21147 0.111448
3.21185 0.11183
3.21217 0.112164
3.21267 0.112655
3.21299 0.112975
3.21362 0.113605
3.21463 0.114609
3.21644 0.116422
3.21676 0.116741
3.21708 0.117061
3.22007 0.120055
3.22039 0.120374
3.22093 0.120929
3.22206 0.0220582
3.22219 0.0218671
3.22219 0.0218671
3.22219 0.0218671
3.2225 0.0218626
3.2225 0.0218626
3.2225 0.0221821
3.22282 0.0218581
3.22282 0.0221776
3.22282 0.0218581
3.22317 0.0231498
3.2233 0.0223371
3.2233 0.0220176
3.2233 0.0220176
3.22446 0.124429
3.22521 0.125192
3.22553 0.125511
3.22585 0.0258405
3.22763 0.0276129
3.22795 0.0279499
3.22846 0.0284385
3.22878 0.128757
3.2291 0.0290775
3.23094 0.0309211
3.23126 0.13124
3.23126 0.0312406
3.23161 0.13159
3.23193 0.0319107
3.23253 0.0325102
3.23437 0.134353
3.23488 0.134859
3.23725 0.137231
3.23788 0.137862
3.23957 0.0395509
3.23989 0.0398704
3.24188 0.0218714
3.24188 0.0218714
3.24188 0.0218714
3.2422 0.0218669
3.2422 0.0218669
3.2422 0.0221865
3.24251 0.0218625
3.24251 0.022182
3.24251 0.0218625
3.24283 0.0221775
3.24283 0.021858
3.24283 0.021858
3.24343 0.143409
3.2453 0.0452842
3.24587 0.0458526
3.24681 0.146793
3.24738 0.147362
3.2487 0.148682
3.25066 0.150645
3.25123 0.0512137
3.25734 0.0573185
3.25983 0.0598153
3.26043 0.0604148
3.26081 0.0607965
3.26188 0.0218618
3.26188 0.0218618
3.26188 0.0218618
3.26219 0.0218573
3.26219 0.0218573
3.26219 0.0221768
3.26251 0.0218528
3.26251 0.0221723
3.26251 0.0218528
3.26285 0.0221989
3.26285 0.0218794
3.26285 0.0218794
3.26585 0.0658286
3.26669 0.0666769
3.27053 0.0705111
3.27116 0.0711417
3.27571 0.0756913
3.27665 0.0766329
3.27697 0.0769513
3.27866 0.0786411
3.28187 0.0218493
3.28187 0.0218493
3.28187 0.0218493
3.28231 0.0822921
3.28244 0.0221021
3.28244 0.0221021
3.28244 0.0224216
3.28257 0.021911
3.28257 0.0222305
3.28257 0.021911
3.28289 0.0828605
3.28301 0.0223589
3.28301 0.0220394
3.28301 0.0220394
3.28417 0.0841561
3.2858 0.0857708
3.28761 0.0875945
3.28809 0.0880695
3.29214 0.0921215
3.29398 0.0939624
3.2943 0.0942846
3.29792 0.0979011
3.29867 0.0986561
3.3012 0.101184
3.30189 0.0218707
3.30189 0.0218707
3.30189 0.0218707
3.30221 0.0218662
3.30221 0.0218662
3.30221 0.0221858
3.30252 0.0218618
3.30252 0.0221813
3.30252 0.0218618
3.30284 0.102822
3.30297 0.0223096
3.30297 0.0219901
3.30297 0.0219901
3.30422 0.104209
3.30454 0.104522
3.30564 0.105612
3.30596 0.105939
3.30746 0.10744
3.3079 0.107884
3.30822 0.108204
3.30891 0.108897
3.30948 0.109465
3.31039 0.110375
3.31071 0.110695
3.31106 0.111038
3.31145 0.111427
3.31186 0.11184
3.31218 0.112152
3.31256 0.112541
3.31288 0.112861
3.31354 0.113522
3.31476 0.114744
3.31642 0.116401
3.31674 0.11672
3.31706 0.11704
3.32021 0.12019
3.32053 0.120509
3.32053 0.120513
3.32209 0.0220689
3.32222 0.0218778
3.32222 0.0218778
3.32222 0.0218778
3.32253 0.0218733
3.32253 0.0218733
3.32253 0.0221928
3.32285 0.0218688
3.32285 0.0221883
3.32285 0.0218688
3.32317 0.0231518
3.3233 0.0223167
3.3233 0.0219972
3.3233 0.0219972
3.32471 0.124688
3.32509 0.125069
3.32553 0.125513
3.32585 0.0258285
3.32763 0.0276149
3.32795 0.0279294
3.32846 0.0284405
3.32878 0.128759
3.3291 0.0290796
3.33088 0.030861
3.3312 0.0311805
3.3312 0.13118
3.33161 0.131592
3.33193 0.0319128
3.33253 0.0325122
3.33444 0.134417
3.33488 0.134861
3.33706 0.137047
3.33788 0.137864
3.33957 0.039553
3.34008 0.0400591
3.34185 0.021851
3.34185 0.021851
3.34185 0.021851
3.3422 0.0218776
3.3422 0.0218776
3.3422 0.0221971
3.34251 0.0218731
3.34251 0.0221927
3.34251 0.0218731
3.34283 0.0221882
3.34283 0.0218687
3.34283 0.0218687
3.34315 0.143131
3.34527 0.0452552
3.34587 0.0458546
3.34688 0.146858
3.34738 0.147364
3.34857 0.14856
3.3506 0.150584
3.35123 0.0512157
3.35743 0.0574139
3.36005 0.0600351
3.36043 0.0604168
3.36082 0.0607985
3.36188 0.0218725
3.36188 0.0218725
3.36188 0.0218725
3.36219 0.021868
3.36219 0.021868
3.36219 0.0221875
3.36251 0.0218635
3.36251 0.022183
3.36251 0.0218635
3.36282 0.0221785
3.36282 0.021859
3.36282 0.021859
3.36585 0.0658307
3.3667 0.0666789
3.37053 0.0705132
3.37122 0.0712059
3.37568 0.0756623
3.37662 0.0766039
3.37694 0.0769256
3.37866 0.0786291
3.38187 0.02186
3.38187 0.02186
3.38187 0.02186
3.38231 0.0822942
3.38244 0.0221128
3.38244 0.0221128
3.38244 0.0224323
3.38257 0.0219217
3.38257 0.0222412
3.38257 0.0219217
3.38289 0.0828712
3.38302 0.0223696
3.38302 0.0220501
3.38302 0.0220501
3.38408 0.0840648
3.3858 0.0857739
3.38761 0.0875965
3.38796 0.0879471
3.39214 0.0921235
3.39392 0.0938917
3.39424 0.0942245
3.39764 0.0976233
3.39868 0.0986582
3.4012 0.101186
3.40186 0.0218503
3.40186 0.0218503
3.40186 0.0218503
3.40221 0.0218769
3.40221 0.0218769
3.40221 0.0221964
3.40268 0.102664
3.40281 0.0221608
3.40281 0.0224804
3.40281 0.0221608
3.40294 0.0222892
3.40294 0.0219697
3.40294 0.0219697
3.40419 0.104174
3.40451 0.104499
3.40561 0.105591
3.40593 0.10591
3.40746 0.107442
3.40781 0.107793
3.40813 0.108113
3.40901 0.108992
3.40952 0.109498
3.41046 0.11044
3.41078 0.110759
3.4111 0.111079
3.41142 0.111398
3.41201 0.111998
3.41233 0.112317
3.41265 0.112637
3.41297 0.112956
3.41357 0.113556
3.41476 0.114746
3.41658 0.116558
3.4169 0.116878
3.41721 0.117198
3.42002 0.120005
3.42034 0.120325
3.42034 0.120314
3.42206 0.0220485
3.42219 0.0218574
3.42219 0.0218574
3.42219 0.0218574
3.4225 0.0218529
3.4225 0.0218529
3.4225 0.0221724
3.42285 0.0218795
3.42285 0.022199
3.42285 0.0218795
3.42317 0.0231539
3.4233 0.0223274
3.4233 0.0220079
3.4233 0.0220079
3.42455 0.124543
3.42521 0.125196
3.42553 0.125515
3.42585 0.0258477
3.42763 0.027617
3.42795 0.0279401
3.42846 0.0284426
3.42878 0.128761
3.4291 0.0290816
3.43088 0.030863
3.4312 0.131182
3.4312 0.0311825
3.43171 0.0316886
3.43202 0.132007
3.43253 0.0325143
3.43437 0.134357
3.43488 0.134863
3.43707 0.137049
3.43801 0.137991
3.43957 0.039555
3.44008 0.0400611
3.44189 0.0218617
3.44189 0.0218617
3.44189 0.0218617
3.4422 0.0218572
3.4422 0.0218572
3.4422 0.0221767
3.44252 0.0218527
3.44252 0.0221722
3.44252 0.0218527
3.44305 0.143036
3.44318 0.0225184
3.44318 0.0221989
3.44318 0.0221989
3.44527 0.0452572
3.44584 0.0458256
3.44681 0.146797
3.44738 0.147366
3.44845 0.148437
3.45048 0.150462
3.45123 0.0512178
3.45728 0.0572604
3.46005 0.0600372
3.4604 0.0603878
3.46082 0.0608006
3.46188 0.021852
3.46188 0.021852
3.46188 0.021852
3.46222 0.0218787
3.46222 0.0218787
3.46222 0.0221982
3.46254 0.0218742
3.46254 0.0221937
3.46254 0.0218742
3.46285 0.0221892
3.46285 0.0218697
3.46285 0.0218697
3.46622 0.066206
3.46667 0.0666499
3.47053 0.0705152
3.47119 0.0711769
3.47568 0.0756643
3.47668 0.0766681
3.477 0.0769931
3.47863 0.0786172
3.4819 0.0218707
3.4819 0.0218707
3.4819 0.0218707
3.48231 0.0822962
3.48244 0.0220924
3.48244 0.0220924
3.48244 0.0224119
3.48257 0.0219013
3.48257 0.0222208
3.48257 0.0219013
3.48289 0.0828819
3.48302 0.0223492
3.48302 0.0220297
3.48302 0.0220297
3.48408 0.0840669
3.48577 0.0857571
3.48761 0.0875986
3.48793 0.0879181
3.49214 0.0921256
3.49399 0.0939765
3.49431 0.0942887
3.49764 0.0976253
3.49812 0.0981003
3.50117 0.101157
3.50186 0.021861
3.50186 0.021861
3.50186 0.021861
3.50218 0.0218565
3.50218 0.0218565
3.50218 0.022176
3.50262 0.102604
3.50275 0.0221093
3.50275 0.0224288
3.50275 0.0221093
3.50288 0.0222377
3.50288 0.0219182
3.50288 0.0219182
3.50419 0.104176
3.50451 0.104501
3.50561 0.105602
3.50593 0.105912
3.50743 0.107413
3.50794 0.10792
3.50826 0.108239
3.50898 0.108963
3.50949 0.109469
3.51036 0.110348
3.51068 0.110668
3.51107 0.111059
3.51145 0.111431
3.51186 0.111844
3.51218 0.112173
3.51266 0.112639
3.51297 0.112958
3.51354 0.113527
3.51476 0.114748
3.51642 0.116405
3.51674 0.116725
3.51706 0.117044
3.52021 0.120194
3.52053 0.120514
3.52053 0.12052
3.52206 0.0220592
3.52219 0.0218681
3.52219 0.0218681
3.52219 0.0218681
3.52251 0.0218636
3.52251 0.0218636
3.52251 0.0221831
3.52282 0.0218591
3.52282 0.0221786
3.52282 0.0218591
3.52317 0.0231559
3.5233 0.0223381
3.5233 0.0220186
3.5233 0.0220186
3.52446 0.12443
3.52506 0.125042
3.52553 0.125517
3.52585 0.0258358
3.52763 0.027619
3.52795 0.0279508
3.52846 0.0284446
3.52878 0.128763
3.5291 0.0290837
3.53088 0.0308651
3.5312 0.0311846
3.5312 0.131184
3.53164 0.131628
3.53196 0.031948
3.53253 0.0325163
3.53441 0.13439
3.53488 0.134865
3.53707 0.137051
3.53782 0.137806
3.53957 0.0395571
3.53989 0.0398766
3.54189 0.0218724
3.54189 0.0218724
3.54189 0.0218724
3.5422 0.0218679
3.5422 0.0218679
3.5422 0.0221874
3.54252 0.0218634
3.54252 0.0221829
3.54252 0.0218634
3.54283 0.0221784
3.54283 0.0218589
3.54283 0.0218589
3.54349 0.143477
3.54527 0.0452593
3.54584 0.0458276
3.54688 0.146862
3.54738 0.147368
3.5487 0.148688
3.5506 0.150588
3.55124 0.0512199
3.55734 0.0573247
3.56005 0.0600392
3.56059 0.0605765
3.56091 0.060896
3.56188 0.0218627
3.56188 0.0218627
3.56188 0.0218627
3.56219 0.0218582
3.56219 0.0218582
3.56219 0.0221777
3.56251 0.0218538
3.56251 0.0221733
3.56251 0.0218538
3.56282 0.0221688
3.56282 0.0218493
3.56282 0.0218493
3.56622 0.066208
3.56667 0.0666519
3.57053 0.0705173
3.57132 0.0713034
3.57568 0.0756664
3.57669 0.0766702
3.57701 0.0769985
3.57872 0.0786986
3.58187 0.0218503
3.58187 0.0218503
3.58187 0.0218503
3.58231 0.0822983
3.58244 0.0221031
3.58244 0.0221031
3.58244 0.0224226
3.58257 0.021912
3.58257 0.0222315
3.58257 0.021912
3.58289 0.0828615
3.58302 0.0223599
3.58302 0.0220404
3.58302 0.0220404
3.58412 0.0841001
3.58577 0.0857602
3.58759 0.0875695
3.58806 0.0880446
3.59214 0.0921277
3.5934 0.0933771
3.59372 0.0936998
3.59764 0.0976274
3.59865 0.0986312
3.60121 0.10119
3.60189 0.0218717
3.60189 0.0218717
3.60189 0.0218717
3.60221 0.0218672
3.60221 0.0218672
3.60221 0.0221867
3.60265 0.102637
3.60278 0.02212
3.60278 0.0224395
3.60278 0.02212
3.60291 0.0222484
3.60291 0.0219289
3.60291 0.0219289
3.60419 0.104178
3.60451 0.104503
3.60573 0.105706
3.60605 0.106038
3.60752 0.107509
3.60797 0.107953
3.60829 0.108272
3.60901 0.108996
3.60942 0.109409
3.6103 0.110288
3.61062 0.110608
3.61097 0.110945
3.61142 0.111402
3.61186 0.111846
3.61218 0.112153
3.61266 0.112641
3.61298 0.11296
3.61364 0.113622
3.61477 0.11475
3.61642 0.116407
3.61674 0.116727
3.61712 0.117108
3.62009 0.120072
3.62041 0.120391
3.62082 0.120796
3.62207 0.0220473
3.6222 0.0218562
3.6222 0.0218562
3.6222 0.0218562
3.62252 0.0218517
3.62252 0.0218517
3.62252 0.0221712
3.62286 0.0218783
3.62286 0.0221978
3.62286 0.0218783
3.62318 0.0231664
3.62331 0.0223262
3.62331 0.0220067
3.62331 0.0220067
3.62453 0.124511
3.62522 0.125208
3.62554 0.125528
3.62586 0.0258323
3.62761 0.0275984
3.62793 0.0279078
3.62847 0.0284552
3.62879 0.128774
3.62911 0.0290942
3.63089 0.0308756
3.63121 0.131194
3.63121 0.0311951
3.63159 0.131576
3.63191 0.0318963
3.63254 0.0325268
3.63439 0.13437
3.63489 0.134876
3.6372 0.137186
3.63783 0.137816
3.63955 0.0395365
3.63987 0.039856
3.64187 0.0218605
3.64187 0.0218605
3.64187 0.0218605
3.64218 0.021856
3.64218 0.021856
3.64218 0.0221755
3.6425 0.0218515
3.6425 0.022171
3.6425 0.0218515
3.64303 0.143017
3.64316 0.0225171
3.64316 0.0221976
3.64316 0.0221976
3.64528 0.0452698
3.64585 0.0458381
3.64679 0.146779
3.64736 0.147347
3.64846 0.14845
3.65058 0.150568
3.65121 0.0511993
3.65729 0.057273
3.66006 0.0600497
3.6606 0.060587
3.66092 0.0609065
3.66186 0.0218508
3.66186 0.0218508
3.66186 0.0218508
3.6622 0.0218774
3.6622 0.0218774
3.6622 0.0221969
3.66252 0.0218729
3.66252 0.0221924
3.66252 0.0218729
3.66283 0.0221879
3.66283 0.0218684
3.66283 0.0218684
3.66623 0.0662185
3.66668 0.0666624
3.67054 0.0705278
3.67114 0.0711273
3.67569 0.0756769
3.6767 0.0766807
3.67701 0.0770123
3.67864 0.0786329
3.68188 0.0218695
3.68188 0.0218695
3.68188 0.0218695
3.68232 0.0823088
3.68245 0.0221223
3.68245 0.0221223
3.68245 0.0224418
3.68258 0.0219311
3.68258 0.0222506
3.68258 0.0219311
3.6829 0.0828806
3.68303 0.022379
3.68303 0.0220595
3.68303 0.0220595
3.68413 0.0841106
3.68578 0.0857687
3.68759 0.0875801
3.68791 0.0878996
3.69212 0.0921071
3.69362 0.0936085
3.69634 0.0963093
3.69762 0.0976068
3.69866 0.0986417
3.70125 0.101232
3.70187 0.0218598
3.70187 0.0218598
3.70187 0.0218598
3.70219 0.0218553
3.70219 0.0218553
3.70219 0.0221748
3.7026 0.102586
3.70273 0.022077
3.70273 0.0223965
3.70273 0.022077
3.70286 0.0222054
3.70286 0.0218859
3.70286 0.0218859
3.7042 0.104188
3.70452 0.104514
3.70562 0.105601
3.70594 0.105924
3.70747 0.107457
3.7081 0.108088
3.70842 0.108407
3.7089 0.108882
3.7095 0.109482
3.71047 0.110454
3.71079 0.110774
3.71111 0.111089
3.71143 0.111413
3.71187 0.111857
3.71219 0.112172
3.71267 0.112651
3.71299 0.112971
3.71362 0.113601
3.71478 0.114761
3.71643 0.116418
3.71675 0.116737
3.71707 0.117057
3.72007 0.120051
3.72039 0.120371
3.72145 0.121446
3.72208 0.0220664
3.72221 0.0221948
3.72221 0.0221948
3.72221 0.0218753
3.72221 0.0218753
3.72221 0.0218753
3.72253 0.0218708
3.72253 0.0218708
3.72253 0.0221903
3.72284 0.0218663
3.72284 0.0221858
3.72284 0.0218663
3.72316 0.0231459
3.72447 0.124464
3.72501 0.124997
3.72552 0.125503
3.72584 0.0258248
3.72762 0.027605
3.72794 0.027923
3.72844 0.0284306
3.72876 0.128749
3.72908 0.0290696
3.73093 0.0309132
3.73125 0.131232
3.73125 0.0312327
3.73163 0.131614
3.73195 0.031934
3.73255 0.0325334
3.73445 0.134438
3.73487 0.134851
3.73705 0.137037
3.73787 0.137854
3.73956 0.039543
3.73988 0.0398625
3.74187 0.021853
3.74187 0.021853
3.74187 0.021853
3.74222 0.0218796
3.74222 0.0218796
3.74222 0.0221991
3.74253 0.0218751
3.74253 0.0221946
3.74253 0.0218751
3.74304 0.143024
3.74317 0.0225097
3.74317 0.0221902
3.74317 0.0221902
3.74529 0.0452764
3.74586 0.0458447
3.7468 0.146785
3.7474 0.147385
3.74875 0.148737
3.75071 0.150699
3.75122 0.0512058
3.75736 0.0573418
3.76007 0.0600563
3.76061 0.0605935
3.76093 0.060913
3.7619 0.0218744
3.7619 0.0218744
3.7619 0.0218744
3.76221 0.02187
3.76221 0.02187
3.76221 0.0221895
3.76253 0.0218655
3.76253 0.022185
3.76253 0.0218655
3.76284 0.0221805
3.76284 0.021861
3.76284 0.021861
3.76624 0.0662251
3.76668 0.066669
3.77055 0.0705344
3.77115 0.0711338
3.7757 0.0756834
3.77679 0.0767806
3.77711 0.0770843
3.77865 0.0786254
3.78189 0.021862
3.78189 0.021862
3.78189 0.021862
3.7823 0.0822842
3.78243 0.0220837
3.78243 0.0220837
3.78243 0.0224032
3.78255 0.0218926
3.78255 0.0222121
3.78255 0.0218926
3.78287 0.0828647
3.783 0.0223405
3.783 0.022021
3.783 0.022021
3.78407 0.0840549
3.78579 0.0857731
3.7876 0.0875866
3.78792 0.0879061
3.7921 0.0920825
3.79363 0.0936151
3.79634 0.0963279
3.79763 0.0976133
3.79866 0.0986482
3.80119 0.101176
3.80188 0.0218523
3.80188 0.0218523
3.80188 0.0218523
3.80222 0.0218789
3.80222 0.0218789
3.80222 0.0221984
3.80264 0.102623
3.80277 0.0221006
3.80277 0.0224201
3.80277 0.0221006
3.80289 0.022229
3.80289 0.0219095
3.80289 0.0219095
3.80421 0.104195
3.80453 0.10452
3.80575 0.10574
3.80607 0.106055
3.80748 0.107464
3.8078 0.107783
3.80812 0.108103
3.809 0.108982
3.80947 0.109457
3.81029 0.110274
3.81061 0.110594
3.81102 0.111011
3.81137 0.111357
3.81188 0.111863
3.8122 0.112187
3.81261 0.112596
3.81293 0.112915
3.81362 0.113608
3.81463 0.114612
3.81641 0.116393
3.81673 0.116713
3.81705 0.117032
3.82007 0.120058
3.82039 0.120377
3.82152 0.121492
3.82209 0.022059
3.82222 0.0218679
3.82222 0.0218679
3.82222 0.0218679
3.82253 0.0218634
3.82253 0.0218634
3.82253 0.0221829
3.82285 0.0218589
3.82285 0.0221784
3.82285 0.0218589
3.82317 0.0231524
3.82329 0.0223068
3.82329 0.0219873
3.82329 0.0219873
3.82448 0.124483
3.82521 0.125194
3.82553 0.125514
3.82588 0.0258525
3.82763 0.0276155
3.82795 0.0279421
3.82845 0.0284411
3.82877 0.12876
3.82909 0.0290801
3.83094 0.0309237
3.83126 0.131242
3.83126 0.0312432
3.83158 0.131562
3.8319 0.0318823
3.83253 0.0325128
3.83446 0.134449
3.83488 0.134862
3.83706 0.137047
3.83785 0.137834
3.83957 0.0395535
3.83989 0.0398731
3.84188 0.0218722
3.84188 0.0218722
3.84188 0.0218722
3.8422 0.0218677
3.8422 0.0218677
3.8422 0.0221872
3.84251 0.0218632
3.84251 0.0221827
3.84251 0.0218632
3.84283 0.0221782
3.84283 0.0218587
3.84283 0.0218587
3.8433 0.143287
3.84527 0.0452558
3.84587 0.0458552
3.8469 0.146889
3.84732 0.147302
3.84869 0.148685
3.85085 0.150834
3.85123 0.0512163
3.85733 0.0573212
3.86005 0.0600357
3.86059 0.0605729
3.86091 0.0608924
3.86187 0.0218625
3.86187 0.0218625
3.86187 0.0218625
3.86219 0.021858
3.86219 0.021858
3.86219 0.0221775
3.8625 0.0218535
3.8625 0.022173
3.8625 0.0218535
3.86282 0.0221685
3.86282 0.021849
3.86282 0.021849
3.86622 0.0662045
3.86666 0.0666484
3.87053 0.0705138
3.87119 0.0711754
3.87568 0.0756629
3.87668 0.0766667
3.87781 0.0777824
3.87912 0.0791196
3.88186 0.0218501
3.88186 0.0218501
3.88186 0.0218501
3.88231 0.0822948
3.88244 0.0221029
3.88244 0.0221029
3.88244 0.0224224
3.88256 0.0219117
3.88256 0.0222313
3.88256 0.0219117
3.88288 0.0828839
3.88301 0.0223596
3.88301 0.0220401
3.88301 0.0220401
3.88414 0.0841276
3.88577 0.0857557
3.88755 0.0875349
3.88793 0.0879166
3.89208 0.0920619
3.89364 0.0936256
3.89623 0.0962262
3.89764 0.0976238
3.89858 0.0985654
3.9012 0.101187
3.90189 0.0218715
3.90189 0.0218715
3.90189 0.0218715
3.9022 0.021867
3.9022 0.021867
3.9022 0.0221865
3.90265 0.102634
3.90278 0.0221198
3.90278 0.0224393
3.90278 0.0221198
3.9029 0.0222482
3.9029 0.0219287
3.9029 0.0219287
3.90419 0.104174
3.90451 0.1045
3.9056 0.105604
3.90592 0.10591
3.90743 0.107412
3.90799 0.10798
3.90831 0.1083
3.90891 0.108899
3.90929 0.109281
3.91039 0.110378
3.91071 0.110698
3.91103 0.11103
3.91147 0.111461
3.91186 0.111843
3.91218 0.112175
3.91265 0.112637
3.91297 0.112957
3.91354 0.113525
3.91473 0.114715
3.91642 0.116404
3.91674 0.116723
3.91706 0.117043
3.92005 0.120037
3.92037 0.120357
3.92156 0.121543
3.92207 0.022047
3.92219 0.0218559
3.92219 0.0218559
3.92219 0.0218559
3.92251 0.0218514
3.92251 0.0218514
3.92251 0.0221709
3.92286 0.021878
3.92286 0.0221976
3.92286 0.021878
3.92318 0.0231629
3.9233 0.0223259
3.9233 0.0220064
3.9233 0.0220064
3.9244 0.124378
3.92516 0.125143
3.92554 0.125524
3.92586 0.0258405
3.92764 0.027626
3.92796 0.0279302
3.92846 0.0284516
3.92878 0.12877
3.9291 0.0290907
3.93092 0.0309032
3.93123 0.131222
3.93123 0.0312227
3.93159 0.131572
3.93191 0.0318928
3.93266 0.0326477
3.93435 0.134335
3.93489 0.134872
3.93716 0.137151
3.93783 0.137813
3.93955 0.039533
3.93986 0.0398525
3.94189 0.0218602
3.94189 0.0218602
3.94189 0.0218602
3.94221 0.0218557
3.94221 0.0218557
3.94221 0.0221753
3.94252 0.0218513
3.94252 0.0221708
3.94252 0.0218513
3.94303 0.143014
3.94316 0.0224858
3.94316 0.0221663
3.94316 0.0221663
3.94543 0.0454218
3.94585 0.0458346
3.94682 0.146807
3.94733 0.147313
3.94867 0.148664
3.95067 0.150658
3.95124 0.0512268
3.95734 0.0573317
3.96006 0.0600462
3.9606 0.0605835
3.96092 0.060903
3.96185 0.0218506
3.96185 0.0218506
3.96185 0.0218506
3.9622 0.0218772
3.9622 0.0218772
3.9622 0.0221967
3.96251 0.0218727
3.96251 0.0221922
3.96251 0.0218727
3.96283 0.0221877
3.96283 0.0218682
3.96283 0.0218682
3.96623 0.066215
3.96667 0.0666589
3.97054 0.0705243
3.9712 0.0711859
3.97569 0.0756734
3.97678 0.0767705
3.97776 0.0777256
3.97913 0.0791077
3.98187 0.0218692
3.98187 0.0218692
3.98187 0.0218692
3.98232 0.0823053
3.98245 0.022122
3.98245 0.022122
3.98245 0.0224415
3.98257 0.0219309
3.98257 0.0222504
3.98257 0.0219309
3.98289 0.0828719
3.98302 0.0223788
3.98302 0.0220593
3.98302 0.0220593
3.98415 0.0841382
3.98578 0.0857558
3.98762 0.0876076
3.98794 0.0879271
3.99208 0.0920724
3.99365 0.0936361
3.99627 0.0962488
3.99768 0.0976655
3.99859 0.0985759
4.00127 0.101259
4.00187 0.0218595
4.00187 0.0218595
4.00187 0.0218595
4.00218 0.021855
4.00218 0.021855
4.00218 0.0221746
4.0025 0.0218506
4.0025 0.0221701
4.0025 0.0218506
4.00282 0.102804
4.00294 0.0222985
4.00294 0.0219789
4.00294 0.0219789
4.0042 0.104185
4.00452 0.104513
4.00562 0.105595
4.00594 0.105924
4.0075 0.107488
4.00782 0.107807
4.00814 0.108127
4.00893 0.108913
4.00931 0.109295
4.0104 0.110392
4.01072 0.110711
4.01104 0.111021
4.01149 0.111475
4.0119 0.111888
4.01222 0.112197
4.01266 0.112651
4.01298 0.112971
4.01361 0.113601
4.01474 0.114729
4.01655 0.116542
4.01687 0.116861
4.01719 0.117181
4.02016 0.120144
4.02048 0.120464
4.02157 0.121565
4.02208 0.0220695
4.02283 0.0218654
4.02283 0.0221849
4.02283 0.0218654
4.02315 0.0231417
4.02328 0.0223133
4.02328 0.0219938
4.02328 0.0219938
4.02447 0.124459
4.02516 0.125152
4.02552 0.125503
4.02587 0.025859
4.02762 0.0276048
4.02794 0.0279176
4.02844 0.0284304
4.02876 0.128749
4.02908 0.0290694
4.03092 0.030913
4.03124 0.131232
4.03124 0.0312325
4.03159 0.131582
4.03191 0.0319026
4.03267 0.0326576
4.03436 0.134345
4.03486 0.134851
4.03724 0.137223
4.03784 0.137823
4.03955 0.0395428
4.03987 0.0398623
4.04187 0.0218476
4.04187 0.0218476
4.04187 0.0218476
4.04218 0.0218431
4.04218 0.0218431
4.04218 0.0221626
4.0425 0.0218386
4.0425 0.0221582
4.0425 0.0218386
4.04284 0.0221848
4.04284 0.0218653
4.04284 0.0218653
4.04316 0.143152
4.04544 0.0454317
4.04586 0.0458445
4.0468 0.146785
4.04737 0.147354
4.04856 0.14855
4.05065 0.150636
4.05122 0.0512056
4.05726 0.0572482
4.06007 0.0600561
4.0606 0.0605933
4.06092 0.0609128
4.06186 0.021838
4.06186 0.021838
4.06186 0.021838
4.06221 0.0218646
4.06221 0.0218646
4.06221 0.0221841
4.06252 0.0218601
4.06252 0.0221796
4.06252 0.0218601
4.06284 0.0221751
4.06284 0.0218556
4.06284 0.0218556
4.06636 0.0663493
4.06668 0.0666688
4.07055 0.0705341
4.07118 0.0711647
4.07569 0.0756832
4.07661 0.0765937
4.07773 0.0777302
4.07914 0.0791262
4.08188 0.0218566
4.08188 0.0218566
4.08188 0.0218566
4.0823 0.082284
4.08242 0.0220783
4.08242 0.0220783
4.08242 0.0223978
4.08255 0.0218872
4.08255 0.0222067
4.08255 0.0218872
4.08287 0.0828593
4.083 0.0223351
4.083 0.0220156
4.083 0.0220156
4.08413 0.0841169
4.08585 0.0858395
4.08754 0.0875242
4.08792 0.0879059
4.09206 0.0920512
4.09363 0.0936149
4.09631 0.0963018
4.09762 0.0976131
4.09857 0.0985547
4.10122 0.101207
4.10188 0.0218469
4.10188 0.0218469
4.10188 0.0218469
4.10219 0.0218424
4.10219 0.0218424
4.10219 0.0221619
4.10251 0.0218379
4.10251 0.0221575
4.10251 0.0218379
4.10283 0.102814
4.10295 0.0222858
4.10295 0.0219663
4.10295 0.0219663
4.10418 0.104169
4.10449 0.104483
4.10565 0.105641
4.10597 0.105962
4.10751 0.107494
4.10783 0.107814
4.10814 0.108134
4.1089 0.108888
4.10928 0.10927
4.11041 0.110398
4.11073 0.110718
4.11105 0.111036
4.11146 0.11145
4.11184 0.111832
4.11216 0.11215
4.11264 0.112626
4.11296 0.112946
4.11353 0.113514
4.11472 0.114705
4.1164 0.116393
4.11672 0.116712
4.11711 0.117094
4.12019 0.120182
4.12051 0.120501
4.12155 0.121518
4.12205 0.0220536
4.12218 0.0218625
4.12218 0.0218625
4.12218 0.0218625
4.1225 0.021858
4.1225 0.021858
4.1225 0.0221775
4.12281 0.0218535
4.12281 0.022173
4.12281 0.0218535
4.12313 0.0231211
4.12326 0.0223014
4.12326 0.0219819
4.12326 0.0219819
4.12439 0.124384
4.12514 0.125132
4.12549 0.125482
4.12588 0.0258471
4.12763 0.0276153
4.12804 0.0280301
4.12839 0.0283787
4.12871 0.128697
4.12903 0.0290177
4.1309 0.0308924
4.13122 0.0312119
4.13122 0.131211
4.1317 0.031687
4.13202 0.132006
4.13268 0.0326681
4.13437 0.134355
4.13487 0.134862
4.13712 0.137109
4.13803 0.13802
4.13953 0.0395222
4.13985 0.0398417
4.14185 0.0218357
4.14185 0.0218357
4.14185 0.0218357
4.14219 0.0218623
4.14219 0.0218623
4.14219 0.0221818
4.14251 0.0218578
4.14251 0.0221773
4.14251 0.0218578
4.14282 0.0221728
4.14282 0.0218533
4.14282 0.0218533
4.14336 0.143349
4.14542 0.0454111
4.1459 0.0458861
4.14681 0.146796
4.14741 0.147395
4.14869 0.148685
4.15066 0.150647
4.1512 0.051185
4.15727 0.0572588
4.16005 0.0600355
4.16058 0.0605727
4.1609 0.0608922
4.16187 0.0218571
4.16187 0.0218571
4.16187 0.0218571
4.16219 0.0218526
4.16219 0.0218526
4.16219 0.0221721
4.1625 0.0218481
4.1625 0.0221676
4.1625 0.0218481
4.16282 0.0221631
4.16282 0.0218436
4.16282 0.0218436
4.16634 0.0663287
4.16666 0.0666482
4.17052 0.0705136
4.17115 0.0711441
4.17567 0.0756626
4.17665 0.0766353
4.17774 0.0777356
4.17912 0.0791142
4.18186 0.0218447
4.18186 0.0218447
4.18186 0.0218447
4.18227 0.0822634
4.1824 0.0220664
4.1824 0.0220664
4.1824 0.0223859
4.18253 0.0218753
4.18253 0.0221948
4.18253 0.0218753
4.18285 0.0828474
4.18298 0.0223232
4.18298 0.0220036
4.18298 0.0220036
4.18411 0.0840963
4.1858 0.0857682
4.18751 0.0875036
4.1879 0.0878853
4.19207 0.0920617
4.1936 0.0935943
4.19626 0.0962312
4.19767 0.0976547
4.19867 0.0986585
4.2012 0.101186
4.20189 0.0218661
4.20189 0.0218661
4.20189 0.0218661
4.2022 0.0218616
4.2022 0.0218616
4.2022 0.0221811
4.20252 0.0218571
4.20252 0.0221766
4.20252 0.0218571
4.20283 0.102824
4.20296 0.022305
4.20296 0.0219855
4.20296 0.0219855
4.20422 0.104211
4.20454 0.104525
4.20563 0.10563
4.20595 0.105941
4.20745 0.107443
4.20802 0.108011
4.20834 0.108331
4.20888 0.108868
4.20929 0.109281
4.21039 0.110378
4.21071 0.110697
4.21103 0.111024
4.21144 0.11143
4.21185 0.111842
4.21217 0.11217
4.21262 0.112606
4.21294 0.112925
4.21357 0.113556
4.21473 0.114715
4.21638 0.116372
4.2167 0.116692
4.21702 0.117011
4.22008 0.120068
4.2204 0.120387
4.22153 0.121506
4.22206 0.0220417
4.22219 0.0218505
4.22219 0.0218505
4.22219 0.0218505
4.22251 0.021846
4.22251 0.021846
4.22251 0.0221655
4.22282 0.0218416
4.22282 0.0221611
4.22282 0.0218416
4.22314 0.0231316
4.22327 0.0222894
4.22327 0.0219699
4.22327 0.0219699
4.2244 0.124372
4.22518 0.125173
4.2255 0.125493
4.22585 0.0258351
4.2276 0.0275947
4.22792 0.0278937
4.22843 0.0284203
4.22875 0.128739
4.22907 0.0290593
4.23091 0.0309029
4.23123 0.0312225
4.23123 0.131222
4.23161 0.131603
4.23193 0.0319237
4.23269 0.0326786
4.23435 0.134335
4.23488 0.134872
4.2371 0.137089
4.23795 0.137937
4.23954 0.0395327
4.23992 0.0399145
4.24186 0.0218549
4.24186 0.0218549
4.24186 0.0218549
4.24217 0.0218504
4.24217 0.0218504
4.24217 0.0221699
4.24249 0.0218459
4.24249 0.0221654
4.24249 0.0218459
4.2428 0.0221609
4.2428 0.0218414
4.2428 0.0218414
4.24325 0.143235
4.24543 0.0454216
4.24584 0.0458344
4.24679 0.146775
4.24739 0.147375
4.24867 0.148664
4.25067 0.150657
4.25121 0.0511955
4.25725 0.0572382
4.26002 0.0600149
4.26056 0.0605521
4.26088 0.0608716
4.26185 0.0218452
4.26185 0.0218452
4.26185 0.0218452
4.26216 0.0218407
4.26216 0.0218407
4.26216 0.0221602
4.26248 0.0218362
4.26248 0.0221557
4.26248 0.0218362
4.26283 0.0221823
4.26283 0.0218628
4.26283 0.0218628
4.26622 0.0662148
4.26664 0.0666276
4.27053 0.0705241
4.27113 0.0711235
4.27568 0.0756732
4.27678 0.0767703
4.27775 0.0777409
4.27916 0.0791334
4.28187 0.0218638
4.28187 0.0218638
4.28187 0.0218638
4.28228 0.082274
4.28241 0.0220855
4.28241 0.0220855
4.28241 0.022405
4.28254 0.0218944
4.28254 0.0222139
4.28254 0.0218944
4.28286 0.0828354
4.28299 0.0223423
4.28299 0.0220228
4.28299 0.0220228
4.28412 0.0841068
4.2858 0.0857746
4.28752 0.0875141
4.28791 0.0878958
4.29205 0.0920411
4.29361 0.0936048
4.29633 0.096316
4.29764 0.0976341
4.29862 0.0986068
4.30121 0.101197
4.30186 0.0218542
4.30186 0.0218542
4.30186 0.0218542
4.30218 0.0218497
4.30218 0.0218497
4.30218 0.0221692
4.30249 0.0218452
4.30249 0.0221647
4.30249 0.0218452
4.30281 0.102804
4.30294 0.0222931
4.30294 0.0219736
4.30294 0.0219736
4.30423 0.104221
4.30455 0.104535
4.30561 0.105586
4.30593 0.105921
4.30746 0.107453
4.30791 0.107897
4.30823 0.108217
4.30889 0.108878
4.30927 0.10926
4.31037 0.110357
4.31069 0.110677
4.31107 0.111044
4.31145 0.11144
4.31186 0.111853
4.31221 0.112189
4.31263 0.112616
4.31295 0.112936
4.31364 0.113629
4.31474 0.114726
4.31639 0.116383
4.31671 0.116702
4.31703 0.117022
4.32006 0.120047
4.32038 0.120367
4.32154 0.121525
4.32204 0.0220297
4.32217 0.0218386
4.32217 0.0218386
4.32217 0.0218386
4.32252 0.0218652
4.32252 0.0218652
4.32252 0.0221847
4.32283 0.0218607
4.32283 0.0221802
4.32283 0.0218607
4.32315 0.0231421
4.32328 0.0223086
4.32328 0.0219891
4.32328 0.0219891
4.32447 0.124454
4.32513 0.125122
4.32551 0.125503
4.32583 0.0258232
4.32761 0.0276052
4.32793 0.0279129
4.32844 0.0284308
4.32876 0.12875
4.32908 0.0290699
4.33092 0.0309135
4.33124 0.131232
4.33124 0.031233
4.33162 0.131614
4.33194 0.0319342
4.33267 0.0326581
4.33436 0.134345
4.33486 0.134851
4.33708 0.137068
4.33799 0.137979
4.33952 0.0395122
4.33984 0.0398317
4.34187 0.0218429
4.34187 0.0218429
4.34187 0.0218429
4.34218 0.0218384
4.34218 0.0218384
4.34218 0.0221579
4.34253 0.021865
4.34253 0.0221845
4.34253 0.021865
4.34284 0.02218
4.34284 0.0218605
4.34284 0.0218605
4.34326 0.143246
4.34541 0.045401
4.34582 0.0458138
4.3468 0.146786
4.34746 0.147447
4.34855 0.14855
4.35068 0.150668
4.35122 0.0512061
4.35726 0.0572487
4.36003 0.0600254
4.36057 0.0605627
4.36089 0.0608822
4.36189 0.0218643
4.36189 0.0218643
4.36189 0.0218643
4.36221 0.0218598
4.36221 0.0218598
4.36221 0.0221793
4.36252 0.0218553
4.36252 0.0221749
4.36252 0.0218553
4.36284 0.0221704
4.36284 0.0218509
4.36284 0.0218509
4.36633 0.0663186
4.36665 0.0666381
4.37051 0.0705035
4.37114 0.071134
4.37566 0.0756526
4.37679 0.0767808
4.37776 0.0777462
4.37914 0.0791214
4.38188 0.0218519
4.38188 0.0218519
4.38188 0.0218519
4.38229 0.0822845
4.38242 0.0220736
4.38242 0.0220736
4.38242 0.0223931
4.38255 0.0218825
4.38255 0.022202
4.38255 0.0218825
4.38287 0.0828546
4.383 0.0223304
4.383 0.0220109
4.383 0.0220109
4.3841 0.0840863
4.38578 0.0857611
4.3875 0.0874935
4.38792 0.0879063
4.39206 0.0920516
4.39362 0.0936153
4.39625 0.0962453
4.39765 0.0976447
4.39869 0.0986796
4.40119 0.101176
4.40184 0.0218422
4.40184 0.0218422
4.40184 0.0218422
4.40216 0.0218377
4.40216 0.0218377
4.40216 0.0221572
4.4025 0.0218643
4.4025 0.0221838
4.4025 0.0218643
4.40282 0.102814
4.40295 0.0223122
4.40295 0.0219927
4.40295 0.0219927
4.40417 0.10417
4.40449 0.104484
4.40562 0.105606
4.40594 0.105931
4.4075 0.107495
4.40798 0.10797
4.4083 0.108289
4.40899 0.108982
4.40931 0.109302
4.41038 0.110368
4.4107 0.110687
4.41102 0.111001
4.41146 0.111451
4.41187 0.111864
4.41219 0.112177
4.41264 0.112627
4.41296 0.112946
4.41362 0.113608
4.41471 0.114705
4.4165 0.116487
4.41682 0.116806
4.41713 0.117126
4.42007 0.120058
4.42039 0.120377
4.42155 0.121545
4.42205 0.0220489
4.42218 0.0218578
4.42218 0.0218578
4.42218 0.0218578
4.4225 0.0218533
4.4225 0.0218533
4.4225 0.0221728
4.42281 0.0218488
4.42281 0.0221683
4.42281 0.0218488
4.42313 0.0231215
4.42326 0.0222967
4.42326 0.0219772
4.42326 0.0219772
4.42448 0.124473
4.42523 0.125226
4.42555 0.125545
4.42587 0.0258734
4.42762 0.0276157
4.42794 0.027932
4.42845 0.0284414
4.42877 0.12876
4.42909 0.0290804
4.4309 0.0308929
4.43122 0.131212
4.43122 0.0312124
4.4316 0.131593
4.43192 0.0319136
4.43268 0.0326686
4.43436 0.134356
4.43487 0.134862
4.43718 0.137172
4.43787 0.137865
4.43953 0.0395227
4.43985 0.0398422
4.44188 0.0218621
4.44188 0.0218621
4.44188 0.0218621
4.44219 0.0218576
4.44219 0.0218576
4.44219 0.0221771
4.44251 0.0218531
4.44251 0.0221726
4.44251 0.0218531
4.44282 0.0221681
4.44282 0.0218486
4.44282 0.0218486
4.44333 0.143318
4.44542 0.0454115
4.44583 0.0458243
4.44677 0.146765
4.4474 0.147396
4.44866 0.148654
4.45066 0.150647
4.45119 0.0511855
4.45733 0.0573214
4.46004 0.0600359
4.46058 0.0605732
4.4609 0.0608927
4.46187 0.0218524
4.46187 0.0218524
4.46187 0.0218524
4.46218 0.0218479
4.46218 0.0218479
4.46218 0.0221674
4.4625 0.0218434
4.4625 0.0221629
4.4625 0.0218434
4.46281 0.0221584
4.46281 0.0218389
4.46281 0.0218389
4.46621 0.0662047
4.46666 0.0666486
4.47052 0.070514
4.47115 0.0711446
4.47567 0.0756631
4.47677 0.0767602
4.47774 0.0777205
4.47912 0.0791095
4.48186 0.0218399
4.48186 0.0218399
4.48186 0.0218399
4.48227 0.0822639
4.4824 0.0220616
4.4824 0.0220616
4.4824 0.0223812
4.48253 0.0218705
4.48253 0.02219
4.48253 0.0218705
4.48285 0.0828427
4.48298 0.0223184
4.48298 0.0219989
4.48298 0.0219989
4.48411 0.0840968
4.48579 0.0857704
4.48751 0.087504
4.48789 0.0878858
4.49207 0.0920622
4.4936 0.0935947
4.49626 0.0962368
4.49766 0.0976552
4.49867 0.098659
4.50116 0.101156
4.50188 0.0218614
4.50188 0.0218614
4.50188 0.0218614
4.5022 0.0218569
4.5022 0.0218569
4.5022 0.0221764
4.50251 0.0218524
4.50251 0.0221719
4.50251 0.0218524
4.50283 0.102825
4.50296 0.0223003
4.50296 0.0219808
4.50296 0.0219808
4.50421 0.104211
4.50453 0.104525
4.5056 0.105594
4.50592 0.105911
4.50751 0.107505
4.50802 0.108012
4.50834 0.108331
4.50897 0.108962
4.50929 0.109281
4.51036 0.110347
4.51067 0.110667
4.51099 0.110989
4.51147 0.111461
4.51188 0.111874
4.5122 0.112196
4.51261 0.112606
4.51293 0.112926
4.51363 0.113619
4.51472 0.114716
4.51651 0.116497
4.51682 0.116817
4.51714 0.117136
4.52017 0.120162
4.52049 0.120481
4.52152 0.121501
4.52206 0.0220369
4.52219 0.0218458
4.52219 0.0218458
4.52219 0.0218458
4.5225 0.0218413
4.5225 0.0218413
4.5225 0.0221608
4.52282 0.0218368
4.52282 0.0221563
4.52282 0.0218368
4.52314 0.0231321
4.52327 0.0222847
4.52327 0.0219652
4.52327 0.0219652
4.52446 0.12443
4.52518 0.125174
4.5255 0.125493
4.52585 0.0258304
4.5276 0.0275951
4.52792 0.0279201
4.52843 0.0284208
4.52875 0.128739
4.52907 0.0290598
4.53091 0.0309034
4.53123 0.131222
4.53123 0.0312229
4.53161 0.131604
4.53193 0.0319241
4.53269 0.0326791
4.53434 0.134335
4.53488 0.134872
4.5371 0.137089
4.53798 0.137969
4.53954 0.0395332
4.53998 0.0399771
4.54185 0.0218501
4.54185 0.0218501
4.54185 0.0218501
4.54217 0.0218456
4.54217 0.0218456
4.54217 0.0221651
4.54248 0.0218411
4.54248 0.0221606
4.54248 0.0218411
4.5428 0.0221562
4.5428 0.0218366
4.5428 0.0218366
4.54334 0.143329
4.54543 0.045422
4.54584 0.0458349
4.54678 0.146776
4.54738 0.147375
4.54854 0.14854
4.55064 0.150627
4.5512 0.051196
4.55725 0.0572386
4.56002 0.0600154
4.56056 0.0605526
4.56088 0.0608721
4.56185 0.0218404
4.56185 0.0218404
4.56185 0.0218404
4.56216 0.021836
4.56216 0.021836
4.56216 0.0221555
4.56251 0.0218626
4.56251 0.0221821
4.56251 0.0218626
4.56282 0.0221776
4.56282 0.0218581
4.56282 0.0218581
4.56622 0.0662152
4.56664 0.0666281
4.57053 0.0705245
4.57129 0.0712795
4.57568 0.0756736
4.57678 0.0767707
4.57775 0.0777258
4.57916 0.0791287
4.58187 0.0218591
4.58187 0.0218591
4.58187 0.0218591
4.58228 0.0822744
4.58241 0.0220808
4.58241 0.0220808
4.58241 0.0224003
4.58254 0.0218897
4.58254 0.0222092
4.58254 0.0218897
4.58289 0.0828618
4.58302 0.0223687
4.58302 0.0220492
4.58302 0.0220492
4.58411 0.0841073
4.58577 0.0857706
4.58752 0.0875146
4.5879 0.0878963
4.59205 0.0920416
4.59361 0.0936052
4.59633 0.0963217
4.59789 0.0978834
4.59861 0.0986073
4.60139 0.101384
4.60186 0.0218494
4.60186 0.0218494
4.60186 0.0218494
4.60218 0.0218449
4.60218 0.0218449
4.60218 0.0221644
4.60249 0.0218404
4.60249 0.0221599
4.60249 0.0218404
4.60284 0.102835
4.60297 0.0223194
4.60297 0.0219999
4.60297 0.0219999
4.60422 0.104216
4.60454 0.104541
4.60561 0.105582
4.60593 0.105921
4.6074 0.107392
4.60791 0.107898
4.60822 0.108217
4.60889 0.108879
4.60927 0.109261
4.61037 0.110358
4.61068 0.110677
4.611 0.110977
4.61154 0.111534
4.61186 0.111853
4.61218 0.112153
4.61272 0.11271
4.61304 0.11303
4.61351 0.113505
4.6147 0.114695
4.61652 0.116508
4.61683 0.116827
4.61715 0.117147
4.62018 0.120172
4.6205 0.120492
4.62147 0.121458
4.62207 0.0220561
4.6222 0.021865
4.6222 0.021865
4.6222 0.021865
4.62251 0.0218605
4.62251 0.0218605
4.62251 0.02218
4.62283 0.021856
4.62283 0.0221755
4.62283 0.021856
4.62315 0.0231426
4.62328 0.0223039
4.62328 0.0219844
4.62328 0.0219844
4.62447 0.124449
4.62516 0.125153
4.62551 0.125504
4.62583 0.0258185
4.62761 0.0276057
4.62793 0.0279081
4.62844 0.0284313
4.62876 0.12875
4.62908 0.0290703
4.63092 0.0309139
4.63124 0.131233
4.63124 0.0312334
4.63159 0.131583
4.63191 0.0319035
4.63267 0.0326585
4.63435 0.134346
4.63486 0.134852
4.63711 0.1371
4.63796 0.137948
4.63955 0.0395437
4.63993 0.0399254
4.64186 0.0218382
4.64186 0.0218382
4.64186 0.0218382
4.64221 0.0218648
4.64221 0.0218648
4.64221 0.0221843
4.64253 0.0218603
4.64253 0.0221798
4.64253 0.0218603
4.64284 0.0221753
4.64284 0.0218558
4.64284 0.0218558
4.64325 0.143246
4.64541 0.0454015
4.64582 0.0458143
4.64682 0.146817
4.64746 0.147448
4.64855 0.148551
4.65068 0.150668
4.65121 0.0512065
4.65732 0.0573114
4.66003 0.0600259
4.66057 0.0605631
4.66089 0.0608826
4.66189 0.0218596
4.66189 0.0218596
4.66189 0.0218596
4.6622 0.0218551
4.6622 0.0218551
4.6622 0.0221746
4.66252 0.0218506
4.66252 0.0221701
4.66252 0.0218506
4.66283 0.0221656
4.66283 0.0218461
4.66283 0.0218461
4.6662 0.0661947
4.66665 0.0666386
4.67051 0.0705039
4.67114 0.0711345
4.67566 0.075653
4.67676 0.0767501
4.67776 0.0777312
4.67914 0.0791167
4.68185 0.0218472
4.68185 0.0218472
4.68185 0.0218472
4.68229 0.0822849
4.68242 0.0221
4.68242 0.0221
4.68242 0.0224195
4.68255 0.0219089
4.68255 0.0222284
4.68255 0.0219089
4.68287 0.0828499
4.683 0.0223567
4.683 0.0220372
4.683 0.0220372
4.68409 0.0840867
4.68575 0.0857488
4.6875 0.087494
4.68791 0.0879068
4.69206 0.0920521
4.69362 0.0936158
4.69624 0.0962199
4.69765 0.0976451
4.69859 0.0985867
4.70118 0.101177
4.70184 0.0218375
4.70184 0.0218375
4.70184 0.0218375
4.70219 0.0218641
4.70219 0.0218641
4.70219 0.0221836
4.7025 0.0218596
4.7025 0.0221791
4.7025 0.0218596
4.70282 0.102815
4.70295 0.0223075
4.70295 0.021988
4.70295 0.021988
4.70417 0.10417
4.70449 0.104484
4.70562 0.105601
4.70594 0.105932
4.7075 0.107495
4.70788 0.107877
4.7082 0.108197
4.7089 0.108889
4.70928 0.109271
4.71037 0.110368
4.71069 0.110688
4.71101 0.110996
4.71146 0.111451
4.7119 0.111895
4.71222 0.112203
4.71263 0.112627
4.71295 0.112947
4.71365 0.11364
4.71462 0.114612
4.71637 0.116363
4.71669 0.116682
4.71701 0.117002
4.72016 0.120152
4.72048 0.120471
4.72154 0.12154
4.72205 0.0220441
4.72218 0.021853
4.72218 0.021853
4.72218 0.021853
4.72249 0.0218485
4.72249 0.0218485
4.72249 0.022168
4.72281 0.021844
4.72281 0.0221636
4.72281 0.021844
4.72313 0.023122
4.72326 0.0222919
4.72326 0.0219724
4.72326 0.0219724
4.72448 0.124468
4.72501 0.125008
4.72552 0.125514
4.72584 0.0258376
4.72762 0.0276162
4.72794 0.0279273
4.72845 0.0284418
4.72877 0.128761
4.72909 0.0290808
4.7309 0.0308933
4.73122 0.0312128
4.73122 0.131212
4.73163 0.131625
4.73195 0.0319452
4.73267 0.032669
4.73436 0.134356
4.73487 0.134862
4.73721 0.137204
4.7379 0.137896
4.73953 0.0395231
4.73988 0.0398737
4.74187 0.0218573
4.74187 0.0218573
4.74187 0.0218573
4.74219 0.0218529
4.74219 0.0218529
4.74219 0.0221724
4.7425 0.0218484
4.7425 0.0221679
4.7425 0.0218484
4.74282 0.0221634
4.74282 0.0218439
4.74282 0.0218439
4.74323 0.143225
4.74542 0.045412
4.74583 0.0458248
4.7468 0.146797
4.74737 0.147365
4.74856 0.148561
4.75065 0.150648
4.75119 0.0511859
4.75727 0.0572597
4.76004 0.0600364
4.76058 0.0605736
4.7609 0.0608931
4.76187 0.0218477
4.76187 0.0218477
4.76187 0.0218477
4.76218 0.0218432
4.76218 0.0218432
4.76218 0.0221627
4.7625 0.0218387
4.7625 0.0221582
4.7625 0.0218387
4.76284 0.0221848
4.76284 0.0218653
4.76284 0.0218653
4.76634 0.0663296
4.76665 0.0666491
4.77052 0.0705145
4.77115 0.071145
4.77567 0.0756636
4.77677 0.0767607
4.77774 0.0777365
4.77915 0.0791359
4.78189 0.0218663
4.78189 0.0218663
4.78189 0.0218663
4.78227 0.0822643
4.7824 0.0220569
4.7824 0.0220569
4.7824 0.0223764
4.78253 0.0218658
4.78253 0.0221853
4.78253 0.0218658
4.78285 0.0828379
4.78297 0.0223137
4.78297 0.0219942
4.78297 0.0219942
4.7841 0.0840972
4.78579 0.0857604
4.78751 0.0875045
4.78789 0.0878862
4.79207 0.0920626
4.7936 0.0935952
4.79632 0.0963047
4.79766 0.0976556
4.79867 0.0986594
4.80119 0.101187
4.80188 0.0218566
4.80188 0.0218566
4.80188 0.0218566
4.8022 0.0218522
4.8022 0.0218522
4.8022 0.0221717
4.80251 0.0218477
4.80251 0.0221672
4.80251 0.0218477
4.80283 0.102825
4.80296 0.0222956
4.80296 0.021976
4.80296 0.021976
4.80427 0.104268
4.80459 0.104594
4.80563 0.10562
4.80595 0.105942
4.80751 0.107506
4.80789 0.107888
4.80821 0.108207
4.80887 0.108869
4.80929 0.109282
4.81038 0.110379
4.8107 0.110698
4.81102 0.111015
4.81144 0.111431
4.81185 0.111843
4.81217 0.11216
4.81261 0.112607
4.81293 0.112926
4.8135 0.113495
4.81472 0.114716
4.8165 0.116498
4.81682 0.116817
4.81714 0.117137
4.82017 0.120162
4.82049 0.120482
4.82158 0.121559
4.82206 0.0220322
4.82219 0.0218411
4.82219 0.0218411
4.82219 0.0218411
4.8225 0.0218366
4.8225 0.0218366
4.8225 0.0221561
4.82285 0.0218632
4.82285 0.0221827
4.82285 0.0218632
4.82317 0.0231636
4.8233 0.0223111
4.8233 0.0219916
4.8233 0.0219916
4.82446 0.124456
4.82512 0.125112
4.8255 0.125494
4.82585 0.0258257
4.8276 0.0275956
4.82792 0.0279153
4.82843 0.0284212
4.82875 0.12874
4.82907 0.0290602
4.83091 0.0309039
4.83123 0.131223
4.83123 0.0312234
4.83161 0.131604
4.83193 0.0319246
4.83268 0.0326795
4.83434 0.134336
4.83488 0.134873
4.83713 0.137121
4.83785 0.137845
4.83954 0.0395337
4.83992 0.0399154
4.84185 0.0218454
4.84185 0.0218454
4.84185 0.0218454
4.84217 0.0218409
4.84217 0.0218409
4.84217 0.0221604
4.84248 0.0218364
4.84248 0.0221559
4.84248 0.0218364
4.84283 0.0221825
4.84283 0.021863
4.84283 0.021863
4.84324 0.143236
4.8454 0.0453914
4.84584 0.0458353
4.84678 0.146776
4.84747 0.147469
4.84873 0.148727
4.85063 0.150627
4.8512 0.0511964
4.85724 0.0572391
4.86002 0.0600158
4.86056 0.060553
4.86088 0.0608725
4.86185 0.0218357
4.86185 0.0218357
4.86185 0.0218357
4.86219 0.0218623
4.86219 0.0218623
4.86219 0.0221818
4.86251 0.0218578
4.86251 0.0221773
4.86251 0.0218578
4.86282 0.0221729
4.86282 0.0218533
4.86282 0.0218533
4.86631 0.066309
4.86663 0.0666285
4.87053 0.070525
4.87113 0.0711244
4.87568 0.0756741
4.87678 0.0767712
4.87775 0.0777419
4.87913 0.0791239
4.88187 0.0218544
4.88187 0.0218544
4.88187 0.0218544
4.88228 0.0822749
4.88241 0.0220761
4.88241 0.0220761
4.88241 0.0223956
4.88254 0.021885
4.88254 0.0222045
4.88254 0.021885
4.88286 0.082826
4.88298 0.0223329
4.88298 0.0220134
4.88298 0.0220134
4.88411 0.0841077
4.88577 0.0857688
4.88752 0.087515
4.8879 0.0878967
4.89205 0.092042
4.89314 0.0931391
4.89633 0.0962962
4.89792 0.097915
4.89824 0.0982345
4.9012 0.101198
4.90186 0.0218447
4.90186 0.0218447
4.90186 0.0218447
4.90217 0.0218402
4.90217 0.0218402
4.90217 0.0221597
4.90249 0.0218357
4.90249 0.0221552
4.90249 0.0218357
4.90281 0.102805
4.90294 0.0222836
4.90294 0.0219641
4.90294 0.0219641
4.90422 0.104217
4.90454 0.104511
4.90564 0.105608
4.90596 0.105953
4.90752 0.107516
4.9079 0.107898
4.90822 0.108218
4.90888 0.108879
4.90927 0.109261
4.91039 0.110389
4.91071 0.110709
4.9111 0.111065
4.91154 0.111534
4.91186 0.111854
4.91218 0.112148
4.91265 0.112648
4.91297 0.112968
4.91351 0.113505
4.9147 0.114696
4.91639 0.116384
4.91671 0.116703
4.91706 0.117054
4.91943 0.119426
4.92022 0.120212
4.92082 0.120801
4.92207 0.0220514
4.9222 0.0218602
4.9222 0.0218602
4.9222 0.0218602
4.92251 0.0218558
4.92251 0.0218558
4.92251 0.0221753
4.92283 0.0218513
4.92283 0.0221708
4.92283 0.0218513
4.92315 0.023143
4.92328 0.0222992
4.92328 0.0219797
4.92328 0.0219797
4.92447 0.124444
4.92513 0.125123
4.92545 0.125442
4.92586 0.0258448
4.92761 0.0276061
4.92793 0.0279034
4.92844 0.0284318
4.92876 0.12875
4.92907 0.0290708
4.93092 0.0309144
4.93124 0.131233
4.93124 0.0312339
4.93159 0.131584
4.93191 0.031904
4.93266 0.032659
4.93435 0.134346
4.93486 0.134852
4.93711 0.1371
4.9378 0.137793
4.93952 0.0395131
4.9399 0.0398948
4.94189 0.0218646
4.94189 0.0218646
4.94189 0.0218646
4.94221 0.0218601
4.94221 0.0218601
4.94221 0.0221796
4.94252 0.0218556
4.94252 0.0221751
4.94252 0.0218556
4.94284 0.0221706
4.94284 0.0218511
4.94284 0.0218511
4.94325 0.143246
4.94541 0.0454019
4.94582 0.0458147
4.94682 0.146818
4.94742 0.147417
4.94874 0.148707
4.95058 0.150576
4.95121 0.051207
4.95732 0.0573118
4.96003 0.0600263
4.96057 0.0605636
4.96089 0.0608831
4.96186 0.0218549
4.96186 0.0218549
4.96186 0.0218549
4.96217 0.0218504
4.96217 0.0218504
4.96217 0.0221699
4.96249 0.0218459
4.96249 0.0221654
4.96249 0.0218459
4.9628 0.0221609
4.9628 0.0218414
4.9628 0.0218414
4.96632 0.0663195
4.96664 0.066639
4.97051 0.0705044
4.97114 0.0711349
4.97566 0.0756535
4.97675 0.0767506
4.97776 0.0777472
4.97914 0.079112
4.98185 0.0218424
4.98185 0.0218424
4.98185 0.0218424
4.98229 0.0822854
4.98242 0.0220952
4.98242 0.0220952
4.98242 0.0224148
4.98255 0.0219041
4.98255 0.0222236
4.98255 0.0219041
4.98287 0.0828452
4.98299 0.022352
4.98299 0.0220325
4.98299 0.0220325
4.98409 0.0840872
4.98578 0.0857605
4.9875 0.0874944
4.98791 0.0879073
4.99206 0.0920526
4.99387 0.0938532
4.99419 0.0941846
4.99765 0.0976456
4.99797 0.0979651
5.00118 0.101177
5.00187 0.0218639
5.00187 0.0218639
5.00187 0.0218639
5.00218 0.0218594
5.00218 0.0218594
5.00218 0.0221789
5.0025 0.0218549
5.0025 0.0221744
5.0025 0.0218549
5.00282 0.102815
5.00295 0.0223028
5.00295 0.0219833
5.00295 0.0219833
5.00423 0.104202
5.00455 0.10455
5.00562 0.1056
5.00594 0.105936
5.0075 0.107499
5.00792 0.107912
5.00824 0.108232
5.0089 0.108893
5.00928 0.109275
5.01038 0.110372
5.0107 0.110692
5.01102 0.110995
5.01146 0.111455
5.01197 0.111961
5.01228 0.112264
5.01264 0.112631
5.01295 0.112951
5.01352 0.113519
5.01462 0.114616
5.01637 0.116367
5.01669 0.116686
5.01707 0.117068
5.01941 0.119409
5.0202 0.120195
5.02052 0.120489
5.02205 0.0220428
5.02281 0.0218388
5.02281 0.0221583
5.02281 0.0218388
5.02313 0.0231219
5.02325 0.0222867
5.02325 0.0219672
5.02325 0.0219672
5.02448 0.124463
5.02514 0.125133
5.02549 0.125483
5.02584 0.0258323
5.02762 0.0276161
5.02794 0.027922
5.02845 0.0284417
5.02876 0.12876
5.02908 0.0290807
5.0309 0.0308932
5.03122 0.131212
5.03122 0.0312127
5.0316 0.131594
5.03192 0.031914
5.03267 0.0326689
5.03439 0.134387
5.03487 0.134862
5.03715 0.137141
5.03778 0.137772
5.03953 0.039523
5.03997 0.039967
5.04187 0.0218521
5.04187 0.0218521
5.04187 0.0218521
5.04219 0.0218476
5.04219 0.0218476
5.04219 0.0221671
5.0425 0.0218431
5.0425 0.0221626
5.0425 0.0218431
5.04282 0.0221581
5.04282 0.0218386
5.04282 0.0218386
5.04332 0.143319
5.04542 0.0454119
5.04583 0.0458247
5.04683 0.146828
5.04737 0.147365
5.04862 0.148592
5.05059 0.150586
5.05119 0.0511858
5.05726 0.0572596
5.06001 0.0600052
5.06055 0.0605424
5.06087 0.0608619
5.06186 0.0218424
5.06186 0.0218424
5.06186 0.0218424
5.06218 0.0218379
5.06218 0.0218379
5.06218 0.0221574
5.06249 0.0218334
5.06249 0.0221529
5.06249 0.0218334
5.06281 0.0221484
5.06281 0.0218289
5.06281 0.0218289
5.06621 0.0662051
5.06662 0.0666179
5.07052 0.0705144
5.07115 0.0711449
5.07567 0.0756635
5.07676 0.0767606
5.07774 0.0777209
5.07914 0.0791306
5.08185 0.0218299
5.08185 0.0218299
5.08185 0.0218299
5.08227 0.0822642
5.0824 0.0220516
5.0824 0.0220516
5.0824 0.0223712
5.08252 0.0218605
5.08252 0.02218
5.08252 0.0218605
5.08284 0.0828327
5.08297 0.0223084
5.08297 0.0219889
5.08297 0.0219889
5.0841 0.0840971
5.08579 0.0857827
5.08751 0.0875044
5.08792 0.0879172
5.09203 0.0920314
5.094 0.093977
5.09432 0.0943189
5.09766 0.0976555
5.09804 0.0980373
5.10119 0.101187
5.10188 0.0218514
5.10188 0.0218514
5.10188 0.0218514
5.10219 0.0218469
5.10219 0.0218469
5.10219 0.0221664
5.10251 0.0218424
5.10251 0.0221619
5.10251 0.0218424
5.10283 0.102825
5.10296 0.0222903
5.10296 0.0219708
5.10296 0.0219708
5.10427 0.104268
5.10459 0.104562
5.10563 0.105615
5.10595 0.105942
5.10751 0.107506
5.10783 0.107825
5.10815 0.108145
5.10887 0.108869
5.10928 0.109282
5.11038 0.110379
5.1107 0.110698
5.11102 0.11101
5.11146 0.111462
5.11188 0.111874
5.1122 0.112186
5.11267 0.112669
5.11299 0.112988
5.1135 0.113495
5.11472 0.114716
5.11638 0.116373
5.1167 0.116693
5.11702 0.117012
5.11942 0.119416
5.1202 0.120202
5.1202 0.120194
5.12205 0.0220185
5.12218 0.0218273
5.12218 0.0218273
5.12218 0.0218273
5.12249 0.0218229
5.12249 0.0218229
5.12249 0.0221424
5.12284 0.0218495
5.12284 0.022169
5.12284 0.0218495
5.12316 0.0231551
5.12329 0.0222974
5.12329 0.0219779
5.12329 0.0219779
5.12448 0.124474
5.12508 0.125072
5.12546 0.125454
5.12584 0.0258119
5.12762 0.0276181
5.12794 0.0279327
5.12845 0.0284438
5.12877 0.128762
5.12909 0.0290828
5.1309 0.0308953
5.13122 0.0312148
5.13154 0.131533
5.13186 0.0318538
5.13186 0.131853
5.13267 0.032671
5.13439 0.134389
5.13487 0.134864
5.13708 0.137081
5.138 0.137992
5.1395 0.039494
5.13997 0.039969
5.14184 0.0218317
5.14184 0.0218317
5.14184 0.0218317
5.14216 0.0218272
5.14216 0.0218272
5.14216 0.0221467
5.14247 0.0218227
5.14247 0.0221422
5.14247 0.0218227
5.14282 0.0221688
5.14282 0.0218493
5.14282 0.0218493
5.14314 0.143134
5.14539 0.0453828
5.1458 0.0457957
5.1468 0.146799
5.14753 0.147522
5.14856 0.148532
5.15059 0.150588
5.15119 0.0511879
5.15736 0.0573549
5.16001 0.0600072
5.16055 0.0605445
5.16087 0.060864
5.16187 0.0218531
5.16187 0.0218531
5.16187 0.0218531
5.16218 0.0218486
5.16218 0.0218486
5.16218 0.0221681
5.1625 0.0218441
5.1625 0.0221636
5.1625 0.0218441
5.16281 0.0221591
5.16281 0.0218396
5.16281 0.0218396
5.16633 0.0663315
5.16665 0.0666511
5.17052 0.0705164
5.17112 0.0711159
5.17564 0.0756344
5.17667 0.0766693
5.17774 0.0777178
5.17915 0.0791413
5.18186 0.0218406
5.18186 0.0218406
5.18186 0.0218406
5.18227 0.0822663
5.1824 0.0220623
5.1824 0.0220623
5.1824 0.0223818
5.18253 0.0218712
5.18253 0.0221907
5.18253 0.0218712
5.18285 0.0828434
5.18297 0.0223191
5.18297 0.0219996
5.18297 0.0219996
5.1841 0.0840992
5.18582 0.085819
5.18748 0.0874753
5.18789 0.0878882
5.19204 0.0920335
5.19391 0.0939063
5.19423 0.0942277
5.19785 0.0978442
5.19817 0.0981637
5.20129 0.101283
5.20185 0.021831
5.20185 0.021831
5.20185 0.021831
5.20216 0.0218265
5.20216 0.0218265
5.20216 0.022146
5.20251 0.0218531
5.20251 0.0221726
5.20251 0.0218531
5.20283 0.102827
5.20296 0.022301
5.20296 0.0219815
5.20296 0.0219815
5.20427 0.10427
5.20459 0.104564
5.20563 0.105625
5.20595 0.105944
5.20751 0.107508
5.20792 0.107921
5.20824 0.10824
5.20887 0.108871
5.20925 0.109252
5.21038 0.110381
5.2107 0.1107
5.21102 0.11102
5.21153 0.111526
5.21185 0.111845
5.21217 0.112166
5.21249 0.112484
5.21281 0.112804
5.21356 0.113559
5.21463 0.114625
5.21638 0.116375
5.2167 0.116695
5.21705 0.117045
5.21939 0.119386
5.22005 0.120026
5.22037 0.120368
5.22206 0.0220376
5.22219 0.0218465
5.22219 0.0218465
5.22219 0.0218465
5.2225 0.021842
5.2225 0.021842
5.2225 0.0221615
5.22282 0.0218375
5.22282 0.022157
5.22282 0.0218375
5.22314 0.0231345
5.22326 0.0222854
5.22326 0.0219659
5.22326 0.0219659
5.22442 0.124399
5.22537 0.125363
5.22568 0.125682
5.226 0.0259866
5.2276 0.0275975
5.22792 0.0278897
5.22839 0.0283921
5.22871 0.128711
5.22903 0.0290311
5.23088 0.0308747
5.2312 0.0311942
5.2312 0.131193
5.23161 0.131606
5.23193 0.0319265
5.23271 0.0327126
5.23437 0.134369
5.23488 0.134875
5.23709 0.137092
5.23785 0.137847
5.23951 0.0395045
5.23983 0.039824
5.24185 0.0218508
5.24185 0.0218508
5.24185 0.0218508
5.24217 0.0218463
5.24217 0.0218463
5.24217 0.0221658
5.24248 0.0218418
5.24248 0.0221613
5.24248 0.0218418
5.2428 0.0221568
5.2428 0.0218373
5.2428 0.0218373
5.24324 0.143238
5.2454 0.0453934
5.24581 0.0458062
5.24681 0.146809
5.24741 0.147409
5.24863 0.148605
5.25079 0.150785
5.25117 0.0511673
5.25727 0.0572721
5.25999 0.0599867
5.26056 0.060555
5.26088 0.0608745
5.26184 0.0218411
5.26184 0.0218411
5.26184 0.0218411
5.26216 0.0218366
5.26216 0.0218366
5.26216 0.0221562
5.26247 0.0218322
5.26247 0.0221517
5.26247 0.0218322
5.26279 0.0221472
5.26279 0.0218277
5.26279 0.0218277
5.26622 0.0662176
5.2666 0.0665994
5.27053 0.0705269
5.27116 0.0711575
5.27565 0.0756449
5.27665 0.0766487
5.27775 0.0777231
5.27916 0.0791293
5.28183 0.0218287
5.28183 0.0218287
5.28183 0.0218287
5.28225 0.0822457
5.28238 0.0220504
5.28238 0.0220504
5.28238 0.0223699
5.2825 0.0218593
5.2825 0.0221788
5.2825 0.0218593
5.28282 0.0828003
5.28295 0.0223072
5.28295 0.0219877
5.28295 0.0219877
5.28408 0.0840786
5.28589 0.0858637
5.28749 0.0874859
5.2879 0.0878987
5.29201 0.0920129
5.29389 0.0938752
5.29421 0.0942071
5.29767 0.0976681
5.29814 0.0981431
5.3012 0.1012
5.30186 0.0218501
5.30186 0.0218501
5.30186 0.0218501
5.30217 0.0218456
5.30217 0.0218456
5.30217 0.0221651
5.30249 0.0218411
5.30249 0.0221606
5.30249 0.0218411
5.30281 0.102806
5.30294 0.022289
5.30294 0.0219695
5.30294 0.0219695
5.30422 0.104193
5.30454 0.104538
5.30564 0.105614
5.30596 0.105955
5.30749 0.107487
5.30787 0.107869
5.30819 0.108189
5.30888 0.108881
5.30926 0.109263
5.31027 0.110267
5.31065 0.110648
5.31097 0.110946
5.31148 0.111474
5.31183 0.111825
5.31215 0.112123
5.31247 0.112464
5.31278 0.112783
5.31357 0.113569
5.31464 0.114635
5.31636 0.116355
5.31668 0.116674
5.317 0.116994
5.31943 0.119428
5.32018 0.120183
5.32088 0.120871
5.32204 0.0220257
5.32217 0.0218346
5.32217 0.0218346
5.32217 0.0218346
5.32248 0.0218301
5.32248 0.0218301
5.32248 0.0221496
5.3228 0.0218256
5.3228 0.0221451
5.3228 0.0218256
5.32311 0.0231139
5.32324 0.0222735
5.32324 0.021954
5.32324 0.021954
5.3244 0.124388
5.3251 0.125094
5.32548 0.125475
5.32583 0.0258192
5.32761 0.0276081
5.32793 0.0279088
5.3284 0.0284026
5.32872 0.128721
5.32904 0.0290416
5.33089 0.0308852
5.33121 0.131204
5.33121 0.0312047
5.33156 0.131555
5.33188 0.0318748
5.33266 0.0326609
5.33435 0.134348
5.33489 0.134885
5.3371 0.137102
5.33783 0.137826
5.33952 0.039515
5.33993 0.0399278
5.34186 0.0218389
5.34186 0.0218389
5.34186 0.0218389
5.34218 0.0218344
5.34218 0.0218344
5.34218 0.0221539
5.34249 0.0218299
5.34249 0.0221494
5.34249 0.0218299
5.34281 0.0221449
5.34281 0.0218254
5.34281 0.0218254
5.34334 0.143342
5.34537 0.0453728
5.34582 0.0458167
5.34682 0.14682
5.34751 0.147512
5.34864 0.148615
5.35061 0.150609
5.35118 0.0511778
5.35725 0.0572516
5.36 0.0599972
5.36054 0.0605344
5.36085 0.0608539
5.36185 0.0218292
5.36185 0.0218292
5.36185 0.0218292
5.36217 0.0218247
5.36217 0.0218247
5.36217 0.0221442
5.36252 0.0218513
5.36252 0.0221708
5.36252 0.0218513
5.36283 0.0221663
5.36283 0.0218468
5.36283 0.0218468
5.36582 0.0658238
5.36667 0.0666721
5.37054 0.0705375
5.37114 0.0711369
5.37566 0.0756554
5.37632 0.0762892
5.37664 0.0766366
5.37917 0.0791485
5.38188 0.0218479
5.38188 0.0218479
5.38188 0.0218479
5.38226 0.0822562
5.38239 0.0220385
5.38239 0.0220385
5.38239 0.022358
5.38251 0.0218473
5.38251 0.0221668
5.38251 0.0218473
5.38283 0.0828195
5.38296 0.0222952
5.38296 0.0219757
5.38296 0.0219757
5.38409 0.0840891
5.38581 0.0857841
5.3875 0.0874964
5.38791 0.0879092
5.39202 0.0920234
5.39359 0.0935871
5.39465 0.0946302
5.39765 0.0976475
5.39797 0.097967
5.40118 0.101179
5.40187 0.0218382
5.40187 0.0218382
5.40187 0.0218382
5.40218 0.0218337
5.40218 0.0218337
5.40218 0.0221532
5.40269 0.102689
5.40282 0.0221487
5.40282 0.0224682
5.40282 0.0221487
5.40282 0.0221487
5.40282 0.0218292
5.40282 0.0218292
5.40295 0.0219576
5.40426 0.10426
5.40458 0.104554
5.40562 0.105602
5.40594 0.105934
5.4075 0.107498
5.40788 0.10788
5.4082 0.108199
5.40886 0.108861
5.40927 0.109274
5.41037 0.110371
5.41069 0.11069
5.41101 0.110997
5.41149 0.111485
5.41184 0.111835
5.41216 0.112142
5.41248 0.112474
5.41279 0.112794
5.41349 0.113487
5.41474 0.114739
5.41609 0.116085
5.41653 0.116529
5.41704 0.117035
5.41941 0.119408
5.42019 0.120194
5.42079 0.120774
5.42202 0.0220137
5.42214 0.0218226
5.42214 0.0218226
5.42214 0.0218226
5.42249 0.0218492
5.42249 0.0218492
5.42249 0.0221687
5.4228 0.0218447
5.4228 0.0221642
5.4228 0.0218447
5.42312 0.0231244
5.42325 0.0222926
5.42325 0.0219731
5.42325 0.0219731
5.42463 0.124624
5.4251 0.125104
5.42546 0.125455
5.42587 0.0258383
5.42762 0.0276186
5.42794 0.027928
5.42838 0.028382
5.4287 0.128701
5.42902 0.029021
5.4309 0.0308957
5.43122 0.131214
5.43122 0.0312152
5.43166 0.0316592
5.43198 0.131978
5.43267 0.0326714
5.43436 0.134359
5.43487 0.134865
5.43708 0.137082
5.43784 0.137837
5.43949 0.0394944
5.43985 0.039845
5.44184 0.0218269
5.44184 0.0218269
5.44184 0.0218269
5.44215 0.0218224
5.44215 0.0218224
5.44215 0.0221419
5.4425 0.0218491
5.4425 0.0221686
5.4425 0.0218491
5.44282 0.0221641
5.44282 0.0218446
5.44282 0.0218446
5.4432 0.143197
5.44563 0.0456321
5.44595 0.0459516
5.4468 0.146799
5.44737 0.147367
5.44856 0.148532
5.45062 0.150619
5.45119 0.0511883
5.45726 0.0572621
5.46001 0.0600077
5.46055 0.0605449
5.46086 0.0608644
5.46186 0.0218484
5.46186 0.0218484
5.46186 0.0218484
5.46218 0.0218439
5.46218 0.0218439
5.46218 0.0221634
5.46249 0.0218394
5.46249 0.0221589
5.46249 0.0218394
5.46281 0.0221544
5.46281 0.0218349
5.46281 0.0218349
5.46583 0.0658343
5.46665 0.0666515
5.47052 0.0705169
5.47112 0.0711163
5.47563 0.0756349
5.4763 0.0762719
5.47662 0.076616
5.47921 0.0791988
5.48185 0.0218359
5.48185 0.0218359
5.48185 0.0218359
5.48227 0.0822667
5.4824 0.0220576
5.4824 0.0220576
5.4824 0.0223771
5.48252 0.0218665
5.48252 0.022186
5.48252 0.0218665
5.48284 0.0828386
5.48297 0.0223144
5.48297 0.0219949
5.48297 0.0219949
5.48407 0.0840685
5.48582 0.0857925
5.48748 0.0874758
5.48792 0.0879197
5.49203 0.0920339
5.49391 0.0939063
5.49423 0.0942281
5.49775 0.0977514
5.49807 0.0980709
5.50119 0.10119
5.50185 0.0218262
5.50185 0.0218262
5.50185 0.0218262
5.50219 0.0218528
5.50219 0.0218528
5.50219 0.0221724
5.50254 0.102544
5.50267 0.0220123
5.50267 0.0223318
5.50267 0.0220123
5.50283 0.0221718
5.50283 0.0218523
5.50283 0.0218523
5.50418 0.104152
5.5045 0.104497
5.50563 0.105621
5.50594 0.105945
5.50748 0.107477
5.50789 0.10789
5.50821 0.10821
5.509 0.108996
5.50932 0.109315
5.51038 0.110381
5.5107 0.110696
5.5107 0.110701
5.51146 0.111456
5.51184 0.111837
5.51216 0.112152
5.51248 0.112476
5.5128 0.112796
5.51355 0.113551
5.51471 0.11471
5.51609 0.116087
5.51659 0.116593
5.51704 0.117037
5.51941 0.11941
5.5202 0.120196
5.52086 0.120855
5.52205 0.0220244
5.52218 0.0218333
5.52218 0.0218333
5.52218 0.0218333
5.52249 0.0218288
5.52249 0.0218288
5.52249 0.0221483
5.52281 0.0218243
5.52281 0.0221438
5.52281 0.0218243
5.52316 0.0231265
5.52329 0.0223033
5.52329 0.0219838
5.52329 0.0219838
5.52463 0.124604
5.52526 0.125262
5.52558 0.125581
5.5259 0.0258801
5.52765 0.0276206
5.52797 0.0279698
5.52841 0.0283841
5.52883 0.128827
5.52883 0.0287969
5.53092 0.0308893
5.53124 0.0312088
5.53124 0.131239
5.53162 0.131621
5.53194 0.0319101
5.5327 0.032665
5.53441 0.134414
5.53501 0.135014
5.53708 0.137075
5.53792 0.137924
5.53952 0.039488
5.53984 0.0398075
5.54183 0.0218292
5.54183 0.0218292
5.54183 0.0218292
5.54215 0.0218247
5.54215 0.0218247
5.54215 0.0221442
5.54249 0.0218513
5.54249 0.0221708
5.54249 0.0218513
5.54281 0.0221663
5.54281 0.0218468
5.54281 0.0218468
5.54322 0.143221
5.54541 0.0453769
5.54585 0.0458208
5.54682 0.146824
5.54742 0.147423
5.54871 0.148682
5.55058 0.150582
5.55121 0.0511819
5.55729 0.0572557
5.56003 0.0600013
5.56057 0.0605385
5.56089 0.060858
5.56186 0.0218506
5.56186 0.0218506
5.56186 0.0218506
5.56217 0.0218461
5.56217 0.0218461
5.56217 0.0221656
5.56249 0.0218416
5.56249 0.0221611
5.56249 0.0218416
5.5628 0.0221566
5.5628 0.0218371
5.5628 0.0218371
5.56586 0.0658279
5.56668 0.0666451
5.57054 0.0705105
5.57117 0.071141
5.57569 0.0756595
5.57657 0.0765389
5.57689 0.0768682
5.5792 0.0791699
5.58185 0.0218381
5.58185 0.0218381
5.58185 0.0218381
5.58229 0.0822603
5.58242 0.0220909
5.58242 0.0220909
5.58242 0.0224105
5.58255 0.0218998
5.58255 0.0222193
5.58255 0.0218998
5.58287 0.0828409
5.583 0.0223477
5.583 0.0220282
5.583 0.0220282
5.58412 0.0840932
5.58581 0.0857984
5.5875 0.0874694
5.5881 0.0880688
5.59206 0.0920275
5.59387 0.0938582
5.59419 0.0941595
5.59771 0.0976827
5.59803 0.0980022
5.60121 0.101183
5.60184 0.0218285
5.60184 0.0218285
5.60184 0.0218285
5.60215 0.021824
5.60215 0.021824
5.60215 0.0221435
5.6025 0.0218506
5.6025 0.0221701
5.6025 0.0218506
5.60282 0.10279
5.60295 0.0222985
5.60295 0.021979
5.60295 0.021979
5.60423 0.104202
5.60455 0.104527
5.60565 0.105623
5.60597 0.105938
5.60753 0.107502
5.60791 0.107884
5.60823 0.108203
5.6089 0.108865
5.60928 0.109247
5.61047 0.110437
5.61079 0.110769
5.61079 0.110756
5.61151 0.11148
5.61195 0.111924
5.61227 0.112248
5.61227 0.112244
5.61259 0.112563
5.61363 0.113598
5.61466 0.114633
5.61641 0.116383
5.61673 0.116703
5.61705 0.117022
5.61949 0.119457
5.62021 0.120181
5.62078 0.120764
5.62203 0.0220182
5.62216 0.0218271
5.62216 0.0218271
5.62216 0.0218271
5.62248 0.0218226
5.62248 0.0218226
5.62248 0.0221421
5.62282 0.0218492
5.62282 0.0221687
5.62282 0.0218492
5.62314 0.0231116
5.62327 0.0222971
5.62327 0.0219776
5.62327 0.0219776
5.62468 0.12466
5.62515 0.125122
5.62547 0.125442
5.62582 0.0258117
5.62764 0.0276058
5.62795 0.0279409
5.6284 0.0283692
5.62875 0.128719
5.62907 0.0290393
5.63091 0.0308829
5.63123 0.0312024
5.63123 0.131202
5.63161 0.131583
5.63193 0.0319036
5.63272 0.0326897
5.63438 0.134346
5.63488 0.134852
5.63707 0.137038
5.63785 0.137824
5.63954 0.0395127
5.63996 0.0399255
5.64186 0.0218314
5.64186 0.0218314
5.64186 0.0218314
5.64217 0.0218269
5.64217 0.0218269
5.64217 0.0221464
5.64249 0.0218224
5.64249 0.0221419
5.64249 0.0218224
5.64283 0.0221685
5.64283 0.021849
5.64283 0.021849
5.64318 0.143153
5.6454 0.0453705
5.64584 0.0458144
5.64685 0.146817
5.64748 0.147448
5.64858 0.148551
5.65064 0.150606
5.65121 0.0511755
5.65728 0.0572492
5.66002 0.0599949
5.66056 0.0605321
5.66088 0.0608516
5.66188 0.0218528
5.66188 0.0218528
5.66188 0.0218528
5.6622 0.0218483
5.6622 0.0218483
5.6622 0.0221678
5.66251 0.0218438
5.66251 0.0221633
5.66251 0.0218438
5.66283 0.0221588
5.66283 0.0218393
5.66283 0.0218393
5.66585 0.0658215
5.6667 0.0666698
5.67053 0.070504
5.67116 0.0711346
5.67568 0.0756531
5.67656 0.0765325
5.67688 0.0768651
5.67916 0.079141
5.68187 0.0218404
5.68187 0.0218404
5.68187 0.0218404
5.68228 0.0822539
5.68241 0.0220621
5.68241 0.0220621
5.68241 0.0223816
5.68254 0.021871
5.68254 0.0221905
5.68254 0.021871
5.68286 0.0828431
5.68299 0.0223188
5.68299 0.0219993
5.68299 0.0219993
5.68415 0.0841179
5.6858 0.0857951
5.68752 0.0874941
5.68794 0.0879069
5.69205 0.0920211
5.69393 0.0939035
5.69424 0.0942153
5.69771 0.0976763
5.69821 0.0981824
5.7013 0.10127
5.70183 0.0218307
5.70183 0.0218307
5.70183 0.0218307
5.70215 0.0218262
5.70215 0.0218262
5.70215 0.0221457
5.70249 0.0218528
5.70249 0.0221723
5.70249 0.0218528
5.70281 0.102784
5.70294 0.0223007
5.70294 0.0219812
5.70294 0.0219812
5.70429 0.104258
5.70461 0.104583
5.70561 0.105594
5.70593 0.105901
5.70753 0.107495
5.70797 0.107939
5.70829 0.108259
5.70889 0.108858
5.70952 0.109489
5.71037 0.110337
5.71069 0.110657
5.71101 0.110975
5.71148 0.111451
5.71186 0.111833
5.71218 0.112165
5.71266 0.112627
5.71298 0.112947
5.71351 0.113484
5.7147 0.114675
5.71639 0.116363
5.71671 0.116682
5.71709 0.117064
5.71937 0.119343
5.72022 0.120191
5.72085 0.120823
5.72204 0.0220374
5.72217 0.0218462
5.72217 0.0218462
5.72217 0.0218462
5.72249 0.0218417
5.72249 0.0218417
5.72249 0.0221612
5.7228 0.0218372
5.7228 0.0221568
5.7228 0.0218372
5.72315 0.0231221
5.72328 0.0223162
5.72328 0.0219967
5.72328 0.0219967
5.72444 0.12443
5.72516 0.125133
5.72548 0.125452
5.72583 0.0258308
5.72765 0.0276163
5.72796 0.0279374
5.72835 0.0283175
5.7287 0.128667
5.72902 0.0289876
5.73092 0.0308934
5.73124 0.0312129
5.73124 0.131212
5.73162 0.131594
5.73194 0.0319142
5.7327 0.0326691
5.73439 0.134356
5.73495 0.134925
5.73708 0.137048
5.73786 0.137834
5.73952 0.0394921
5.73996 0.039936
5.74187 0.0218505
5.74187 0.0218505
5.74187 0.0218505
5.74218 0.0218461
5.74218 0.0218461
5.74218 0.0221656
5.7425 0.0218416
5.7425 0.0221611
5.7425 0.0218416
5.74281 0.0221566
5.74281 0.0218371
5.74281 0.0218371
5.74329 0.143257
5.74541 0.045381
5.74582 0.0457938
5.74683 0.146797
5.74743 0.147396
5.74868 0.148655
5.75062 0.150586
5.75121 0.051186
5.75726 0.0572287
5.76003 0.0600054
5.76057 0.0605426
5.76089 0.0608621
5.76186 0.0218409
5.76186 0.0218409
5.76186 0.0218409
5.76217 0.0218364
5.76217 0.0218364
5.76217 0.0221559
5.76249 0.0218319
5.76249 0.0221514
5.76249 0.0218319
5.7628 0.0221469
5.7628 0.0218274
5.7628 0.0218274
5.76586 0.065832
5.76668 0.0666492
5.77057 0.0705457
5.77114 0.071114
5.77566 0.0756325
5.77645 0.0764186
5.77677 0.0767545
5.77914 0.0791291
5.78185 0.0218284
5.78185 0.0218284
5.78185 0.0218284
5.78229 0.0822644
5.78242 0.0220812
5.78242 0.0220812
5.78242 0.0224007
5.78255 0.0218901
5.78255 0.0222096
5.78255 0.0218901
5.78287 0.0828622
5.783 0.022338
5.783 0.0220185
5.783 0.0220185
5.78413 0.0840973
5.78581 0.0858066
5.7875 0.0874735
5.78795 0.0879174
5.79206 0.0920316
5.79387 0.0938724
5.79419 0.0941636
5.79768 0.0976557
5.79859 0.0985662
5.8014 0.101374
5.80187 0.0218498
5.80187 0.0218498
5.80187 0.0218498
5.80219 0.0218454
5.80219 0.0218454
5.80219 0.0221649
5.80266 0.102635
5.80279 0.0221293
5.80279 0.0224488
5.80279 0.0221293
5.80292 0.0222577
5.80292 0.0219381
5.80292 0.0219381
5.80423 0.104212
5.80455 0.104526
5.80565 0.105644
5.80597 0.105942
5.80753 0.107506
5.80795 0.107919
5.80827 0.108238
5.8089 0.108869
5.80943 0.109406
5.81047 0.110441
5.81079 0.110761
5.81111 0.111087
5.81158 0.111555
5.81197 0.111937
5.81229 0.112278
5.8126 0.112576
5.81292 0.112895
5.81362 0.113588
5.81465 0.114623
5.8164 0.116373
5.81672 0.116693
5.81704 0.117012
5.81938 0.119354
5.82023 0.120202
5.82055 0.12054
5.82205 0.0220254
5.82218 0.0218343
5.82218 0.0218343
5.82218 0.0218343
5.82249 0.0218298
5.82249 0.0218298
5.82249 0.0221493
5.82281 0.0218253
5.82281 0.0221448
5.82281 0.0218253
5.82313 0.0231015
5.82326 0.0222732
5.82326 0.0219537
5.82326 0.0219537
5.82448 0.124449
5.82505 0.125019
5.82549 0.125463
5.82584 0.0258189
5.82762 0.0275957
5.82794 0.027934
5.82836 0.028328
5.82874 0.128709
5.82906 0.0290292
5.83093 0.0309039
5.83125 0.0312235
5.83125 0.131223
5.83163 0.131604
5.83195 0.0319247
5.83271 0.0326796
5.83436 0.134336
5.83496 0.134935
5.83709 0.137059
5.83787 0.137845
5.83953 0.0395026
5.83988 0.0398533
5.84184 0.0218386
5.84184 0.0218386
5.84184 0.0218386
5.84216 0.0218341
5.84216 0.0218341
5.84216 0.0221536
5.84247 0.0218296
5.84247 0.0221491
5.84247 0.0218296
5.84279 0.0221446
5.84279 0.0218251
5.84279 0.0218251
5.84336 0.143329
5.84542 0.0453915
5.84583 0.0458043
5.8468 0.146776
5.84737 0.147345
5.84866 0.148634
5.85059 0.150565
5.85119 0.0511654
5.85727 0.0572392
5.86001 0.0599848
5.86058 0.0605531
5.8609 0.0608726
5.86184 0.0218289
5.86184 0.0218289
5.86184 0.0218289
5.86215 0.0218244
5.86215 0.0218244
5.86215 0.0221439
5.8625 0.021851
5.8625 0.0221706
5.8625 0.021851
5.86281 0.0221661
5.86281 0.0218465
5.86281 0.0218465
5.86584 0.0658114
5.86669 0.0666597
5.87055 0.0705251
5.87115 0.0711245
5.87567 0.0756431
5.87652 0.0764913
5.87724 0.0772348
5.87915 0.0791482
5.88186 0.0218476
5.88186 0.0218476
5.88186 0.0218476
5.88227 0.0822439
5.8824 0.0220693
5.8824 0.0220693
5.8824 0.0223888
5.88253 0.0218782
5.88253 0.0221977
5.88253 0.0218782
5.88285 0.0828192
5.88298 0.0223261
5.88298 0.0220066
5.88298 0.0220066
5.88414 0.0841078
5.88582 0.0858203
5.88751 0.087484
5.88799 0.087959
5.89207 0.0920421
5.8936 0.0935747
5.89632 0.096307
5.89773 0.0976974
5.8987 0.09867
5.90123 0.101198
5.90185 0.0218379
5.90185 0.0218379
5.90185 0.0218379
5.90217 0.0218334
5.90217 0.0218334
5.90217 0.0221529
5.90248 0.0218289
5.90248 0.0221484
5.90248 0.0218289
5.9028 0.102774
5.90293 0.0222768
5.90293 0.0219573
5.90293 0.0219573
5.90424 0.104217
5.90456 0.104542
5.90575 0.105726
5.90607 0.106046
5.90754 0.107517
5.90808 0.108054
5.9084 0.108373
5.909 0.108973
5.90932 0.109292
5.91051 0.110483
5.91083 0.110802
5.91115 0.111138
5.91153 0.111503
5.91185 0.111823
5.91217 0.112141
5.91255 0.112524
5.91287 0.112844
5.91353 0.113505
5.91466 0.114633
5.91641 0.116384
5.91673 0.116703
5.91705 0.117023
5.92008 0.120048
5.9204 0.120368
5.92174 0.121718
5.92206 0.0220446
5.92219 0.0218535
5.92219 0.0218535
5.92219 0.0218535
5.9225 0.021849
5.9225 0.021849
5.9225 0.0221685
5.92282 0.0218445
5.92282 0.022164
5.92282 0.0218445
5.92314 0.023112
5.92327 0.0222924
5.92327 0.0219729
5.92327 0.0219729
5.92446 0.124438
5.92518 0.125154
5.9255 0.125473
5.92585 0.025838
5.92763 0.0276062
5.92795 0.0279305
5.92837 0.0283385
5.92869 0.128657
5.929 0.0289776
5.93091 0.0308834
5.93123 0.131202
5.93123 0.0312029
5.93167 0.0316468
5.93199 0.131965
5.93272 0.0326902
5.93441 0.134377
5.93497 0.134946
5.93719 0.137163
5.93798 0.137949
5.93954 0.0395132
5.93995 0.039926
5.94185 0.0218267
5.94185 0.0218267
5.94185 0.0218267
5.94217 0.0218222
5.94217 0.0218222
5.94217 0.0221417
5.94252 0.0218488
5.94252 0.0221683
5.94252 0.0218488
5.94283 0.0221638
5.94283 0.0218443
5.94283 0.0218443
5.94315 0.143122
5.9454 0.0453709
5.94584 0.0458148
5.94685 0.146818
5.94738 0.147355
5.94857 0.148551
5.9507 0.150669
5.9512 0.051176
5.95725 0.0572186
5.9598 0.0597776
5.96056 0.0605326
5.96088 0.0608521
5.96188 0.0218481
5.96188 0.0218481
5.96188 0.0218481
5.96219 0.0218436
5.96219 0.0218436
5.96219 0.0221631
5.96251 0.0218391
5.96251 0.0221586
5.96251 0.0218391
5.96282 0.0221541
5.96282 0.0218346
5.96282 0.0218346
5.96585 0.065822
5.9667 0.0666702
5.97053 0.0705045
5.97116 0.071135
5.97568 0.0756536
5.97653 0.0765019
5.97741 0.0774042
5.97916 0.0791363
5.98184 0.0218356
5.98184 0.0218356
5.98184 0.0218356
5.98228 0.0822544
5.98241 0.0220884
5.98241 0.0220884
5.98241 0.022408
5.98254 0.0218973
5.98254 0.0222168
5.98254 0.0218973
5.98286 0.0828384
5.98299 0.0223452
5.98299 0.0220257
5.98299 0.0220257
5.98411 0.0840873
5.9858 0.0857976
5.98752 0.0874945
5.98793 0.0879073
5.99205 0.0920215
5.99361 0.0935852
5.9963 0.0962674
5.99767 0.0976457
5.99868 0.0986495
6.0012 0.101177
6.00183 0.021826
6.00183 0.021826
6.00183 0.021826
6.00218 0.0218526
6.00218 0.0218526
6.00218 0.0221721
6.00268 0.102656
6.00281 0.0221676
6.00281 0.0224871
6.00281 0.0221676
6.00281 0.0221676
6.00281 0.0218481
6.00281 0.0218481
6.00294 0.0219765
6.00416 0.10414
6.00448 0.104457
6.00577 0.105748
6.00609 0.10606
6.00743 0.107406
6.00819 0.108161
6.00851 0.108481
6.00901 0.108987
6.00933 0.109306
6.0104 0.110372
6.01087 0.110872
6.01119 0.111167
6.01161 0.11158
6.01193 0.111899
6.01225 0.112226
6.01257 0.112538
6.01288 0.112858
6.01361 0.113582
6.01464 0.114616
6.01639 0.116367
6.01671 0.116686
6.01703 0.117006
6.02018 0.120156
6.0205 0.120475
6.02154 0.121523
6.02204 0.0220362
6.0228 0.0218321
6.0228 0.0221516
6.0228 0.0218321
6.02315 0.0231221
6.02328 0.0223111
6.02328 0.0219916
6.02328 0.0219916
6.02453 0.124518
6.02513 0.125102
6.02548 0.125452
6.0258 0.0257946
6.02764 0.0276163
6.02796 0.0279577
6.02834 0.0283175
6.02882 0.0287925
6.02914 0.129111
6.03092 0.0308934
6.03124 0.0312129
6.03124 0.131212
6.03168 0.0316569
6.032 0.131976
6.0327 0.0326691
6.03438 0.134356
6.03495 0.134925
6.0372 0.137173
6.03795 0.137928
6.03952 0.0394921
6.03987 0.0398428
6.04183 0.0218143
6.04183 0.0218143
6.04183 0.0218143
6.04215 0.0218098
6.04215 0.0218098
6.04215 0.0221293
6.04249 0.0218364
6.04249 0.0221559
6.04249 0.0218364
6.04281 0.0221514
6.04281 0.0218319
6.04281 0.0218319
6.04316 0.143132
6.04541 0.045381
6.04582 0.0457938
6.04692 0.14689
6.04739 0.147365
6.04855 0.14853
6.05071 0.150679
6.05121 0.051186
6.05725 0.0572287
6.05978 0.0597566
6.06057 0.0605426
6.06089 0.0608621
6.06186 0.0218357
6.06186 0.0218357
6.06186 0.0218357
6.06217 0.0218312
6.06217 0.0218312
6.06217 0.0221507
6.06249 0.0218267
6.06249 0.0221462
6.06249 0.0218267
6.0628 0.0221417
6.0628 0.0218222
6.0628 0.0218222
6.06623 0.0662053
6.06661 0.066587
6.07054 0.0705146
6.07117 0.0711451
6.07566 0.0756326
6.07648 0.0764497
6.07723 0.0772309
6.07929 0.0792794
6.08185 0.0218233
6.08185 0.0218233
6.08185 0.0218233
6.08229 0.0822645
6.08242 0.0220761
6.08242 0.0220761
6.08242 0.0223956
6.08255 0.021885
6.08255 0.0222045
6.08255 0.021885
6.08287 0.0828571
6.083 0.0223328
6.083 0.0220133
6.083 0.0220133
6.08412 0.0840973
6.08581 0.0857996
6.08753 0.0875046
6.08794 0.0879174
6.09206 0.0920316
6.09362 0.0935953
6.0963 0.0962896
6.09774 0.097718
6.09869 0.0986595
6.10121 0.101187
6.10184 0.0218136
6.10184 0.0218136
6.10184 0.0218136
6.10215 0.0218091
6.10215 0.0218091
6.10215 0.0221286
6.10263 0.102604
6.10276 0.022093
6.10276 0.0224125
6.10276 0.022093
6.10289 0.0222214
6.10289 0.0219019
6.10289 0.0219019
6.10423 0.104212
6.10455 0.104526
6.10565 0.105639
6.10597 0.105942
6.10759 0.107568
6.10801 0.107981
6.10833 0.108301
6.1089 0.108869
6.10928 0.109251
6.11047 0.110441
6.11079 0.110761
6.11111 0.111082
6.11158 0.111555
6.1119 0.111891
6.11222 0.112194
6.1126 0.112576
6.11292 0.112895
6.11352 0.113495
6.11465 0.114623
6.11646 0.116435
6.11678 0.116755
6.1171 0.117074
6.12006 0.120038
6.12038 0.120357
6.12154 0.121538
6.12205 0.0220202
6.12218 0.0218291
6.12218 0.0218291
6.12218 0.0218291
6.12249 0.0218246
6.12249 0.0218246
6.12249 0.0221441
6.12281 0.0218201
6.12281 0.0221396
6.12281 0.0218201
6.12313 0.0231015
6.12326 0.022268
6.12326 0.0219485
6.12326 0.0219485
6.12448 0.124475
6.12514 0.125112
6.12546 0.125432
6.12578 0.02576
6.12762 0.0275957
6.12794 0.0279231
6.12835 0.028328
6.1288 0.028772
6.12912 0.129091
6.1309 0.0308729
6.13122 0.0311924
6.13122 0.131192
6.13166 0.0316363
6.13198 0.131955
6.13271 0.0326797
6.13436 0.134336
6.13496 0.134935
6.13709 0.137059
6.13787 0.137845
6.1395 0.0394716
6.13997 0.0399466
6.14184 0.0218334
6.14184 0.0218334
6.14184 0.0218334
6.14216 0.0218289
6.14216 0.0218289
6.14216 0.0221485
6.14247 0.0218245
6.14247 0.022144
6.14247 0.0218245
6.14279 0.0221395
6.14279 0.02182
6.14279 0.02182
6.14314 0.143112
6.14542 0.0453915
6.14583 0.0458043
6.1468 0.146776
6.1475 0.147469
6.14856 0.148541
6.15078 0.150752
6.15119 0.0511654
6.15723 0.0572081
6.15976 0.059736
6.16055 0.060522
6.16087 0.0608416
6.16184 0.0218238
6.16184 0.0218238
6.16184 0.0218238
6.16215 0.0218193
6.16215 0.0218193
6.16215 0.0221388
6.16247 0.0218148
6.16247 0.0221343
6.16247 0.0218148
6.16278 0.0221298
6.16278 0.0218103
6.16278 0.0218103
6.16624 0.0662158
6.16662 0.0665975
6.17052 0.070494
6.17115 0.0711245
6.17567 0.0756431
6.17658 0.0765536
6.1774 0.0773691
6.17915 0.0791431
6.18183 0.0218113
6.18183 0.0218113
6.18183 0.0218113
6.18227 0.0822439
6.1824 0.0220641
6.1824 0.0220641
6.1824 0.0223836
6.18253 0.021873
6.18253 0.0221925
6.18253 0.021873
6.18285 0.0828451
6.18297 0.0223209
6.18297 0.0220014
6.18297 0.0220014
6.1841 0.0840768
6.18579 0.0857755
6.18754 0.0875151
6.18792 0.0878968
6.19204 0.092011
6.1936 0.0935747
6.19628 0.0962811
6.19788 0.0978529
6.19863 0.0986079
6.20122 0.101198
6.20185 0.0218327
6.20185 0.0218327
6.20185 0.0218327
6.20216 0.0218283
6.20216 0.0218283
6.20216 0.0221478
6.20248 0.0218238
6.20248 0.0221433
6.20248 0.0218238
6.2028 0.102774
6.20293 0.0222717
6.20293 0.0219521
6.20293 0.0219521
6.20421 0.104191
6.20453 0.104505
6.20563 0.105627
6.20595 0.105922
6.20745 0.107423
6.20789 0.107867
6.20821 0.108187
6.20887 0.108848
6.20929 0.109261
6.21038 0.110358
6.2107 0.110678
6.21108 0.11107
6.21147 0.111441
6.21185 0.111823
6.21217 0.112167
6.21261 0.112586
6.21293 0.112906
6.21353 0.113505
6.21466 0.114633
6.21647 0.116446
6.21679 0.116765
6.21711 0.117085
6.22007 0.120048
6.22039 0.120368
6.22152 0.121495
6.22203 0.0220083
6.22216 0.0218172
6.22216 0.0218172
6.22216 0.0218172
6.22247 0.0218127
6.22247 0.0218127
6.22247 0.0221322
6.22282 0.0218393
6.22282 0.0221588
6.22282 0.0218393
6.22314 0.023112
6.22327 0.0222872
6.22327 0.0219677
6.22327 0.0219677
6.22442 0.124401
6.2253 0.125278
6.22562 0.125598
6.22594 0.025912
6.22763 0.0276062
6.22795 0.0279196
6.22843 0.0284008
6.22874 0.128719
6.22906 0.0290398
6.23091 0.0308834
6.23123 0.0312029
6.23123 0.131202
6.23167 0.0316468
6.23199 0.131965
6.23271 0.0326902
6.23437 0.134346
6.23491 0.134884
6.23709 0.137069
6.23829 0.13826
6.23951 0.0394821
6.23983 0.0398016
6.24185 0.0218215
6.24185 0.0218215
6.24185 0.0218215
6.24217 0.021817
6.24217 0.021817
6.24217 0.0221365
6.24248 0.0218125
6.24248 0.022132
6.24248 0.0218125
6.24283 0.0221586
6.24283 0.0218391
6.24283 0.0218391
6.24324 0.143215
6.2454 0.0453709
6.24581 0.0457837
6.24681 0.146787
6.24747 0.147448
6.24866 0.148644
6.25082 0.150793
6.2512 0.051176
6.25731 0.0572808
6.25999 0.0599642
6.26056 0.0605326
6.26088 0.0608521
6.26181 0.0218118
6.26181 0.0218118
6.26181 0.0218118
6.26216 0.0218384
6.26216 0.0218384
6.26216 0.0221579
6.26247 0.0218339
6.26247 0.0221534
6.26247 0.0218339
6.26279 0.022149
6.26279 0.0218294
6.26279 0.0218294
6.26631 0.0662885
6.26663 0.066608
6.27053 0.0705045
6.27116 0.0711351
6.27565 0.0756225
6.27656 0.076533
6.27775 0.0777251
6.27919 0.0791622
6.28184 0.0218305
6.28184 0.0218305
6.28184 0.0218305
6.28225 0.0822233
6.28238 0.0220522
6.28238 0.0220522
6.28238 0.0223717
6.2825 0.0218611
6.2825 0.0221806
6.2825 0.0218611
6.28282 0.0828021
6.28295 0.022309
6.28295 0.0219895
6.28295 0.0219895
6.28408 0.0840562
6.2858 0.085784
6.28749 0.0874634
6.2879 0.0878763
6.29205 0.0920216
6.29361 0.0935852
6.29632 0.0963037
6.29776 0.097739
6.29874 0.0987117
6.30123 0.101208
6.30183 0.0218208
6.30183 0.0218208
6.30183 0.0218208
6.30214 0.0218163
6.30214 0.0218163
6.30214 0.0221358
6.30246 0.0218118
6.30246 0.0221313
6.30246 0.0218118
6.30278 0.102753
6.30291 0.0222597
6.30291 0.0219402
6.30291 0.0219402
6.30416 0.10414
6.30448 0.104453
6.30579 0.105771
6.30611 0.106088
6.30752 0.107496
6.3079 0.107878
6.30822 0.108197
6.30901 0.108983
6.30933 0.109303
6.31052 0.110493
6.31084 0.110813
6.31116 0.111152
6.31148 0.111452
6.31183 0.111802
6.31215 0.112124
6.31259 0.112566
6.31291 0.112885
6.31351 0.113485
6.31473 0.114706
6.31648 0.116457
6.3168 0.116776
6.31712 0.117096
6.32002 0.119997
6.32034 0.120316
6.3215 0.121483
6.32204 0.0220275
6.32217 0.0218363
6.32217 0.0218363
6.32217 0.0218363
6.32248 0.0218319
6.32248 0.0218319
6.32248 0.0221514
6.3228 0.0218274
6.3228 0.0221469
6.3228 0.0218274
6.32312 0.0230915
6.32324 0.0222753
6.32324 0.0219557
6.32324 0.0219557
6.32447 0.124452
6.32534 0.12532
6.32566 0.125639
6.32598 0.0259623
6.32764 0.0276167
6.32796 0.0279388
6.32844 0.0284113
6.32875 0.12873
6.32907 0.0290503
6.33089 0.0308628
6.33121 0.0311823
6.33153 0.131501
6.33185 0.0318213
6.33185 0.13182
6.33269 0.0326696
6.33438 0.134357
6.33489 0.134863
6.33714 0.137111
6.33826 0.138239
6.33952 0.0394926
6.33984 0.0398121
6.34183 0.0218096
6.34183 0.0218096
6.34183 0.0218096
6.34218 0.0218362
6.34218 0.0218362
6.34218 0.0221557
6.34249 0.0218317
6.34249 0.0221512
6.34249 0.0218317
6.34281 0.0221467
6.34281 0.0218272
6.34281 0.0218272
6.34313 0.143102
6.34537 0.0453503
6.34582 0.0457943
6.34685 0.146828
6.34745 0.147428
6.34867 0.148655
6.35067 0.150648
6.35118 0.0511554
6.35732 0.0572913
6.36 0.0599747
6.36054 0.060512
6.36086 0.0608315
6.36185 0.021831
6.36185 0.021831
6.36185 0.021831
6.36217 0.0218265
6.36217 0.0218265
6.36217 0.022146
6.36248 0.021822
6.36248 0.0221415
6.36248 0.021822
6.3628 0.022137
6.3628 0.0218175
6.3628 0.0218175
6.36632 0.0662991
6.36664 0.0666186
6.37051 0.0704839
6.37114 0.0711145
6.37566 0.075633
6.37666 0.0766368
6.37776 0.0777304
6.37917 0.0791503
6.38184 0.0218185
6.38184 0.0218185
6.38184 0.0218185
6.38226 0.0822338
6.38239 0.0220402
6.38239 0.0220402
6.38239 0.0223597
6.38251 0.0218491
6.38251 0.0221686
6.38251 0.0218491
6.38283 0.0828213
6.38296 0.022297
6.38296 0.0219775
6.38296 0.0219775
6.38406 0.0840356
6.38584 0.0858266
6.3875 0.087474
6.38791 0.0878868
6.39202 0.092001
6.39359 0.0935646
6.39627 0.0962641
6.39777 0.0977495
6.39875 0.0987222
6.40121 0.101188
6.40187 0.02184
6.40187 0.02184
6.40187 0.02184
6.40218 0.0218355
6.40218 0.0218355
6.40218 0.022155
6.4025 0.021831
6.4025 0.0221505
6.4025 0.021831
6.40288 0.102857
6.40301 0.0223411
6.40301 0.0220216
6.40301 0.0220216
6.40423 0.104212
6.40455 0.104526
6.40583 0.105821
6.40615 0.106129
6.40747 0.107444
6.40797 0.10795
6.40829 0.10827
6.40889 0.108869
6.40927 0.109251
6.41043 0.11041
6.41075 0.11073
6.41107 0.111046
6.41145 0.111431
6.41184 0.111813
6.41216 0.112144
6.41257 0.112545
6.41289 0.112865
6.41352 0.113495
6.41468 0.114655
6.41646 0.116436
6.41678 0.116755
6.4171 0.117075
6.42012 0.1201
6.42044 0.12042
6.42148 0.121471
6.42202 0.0220155
6.42214 0.0218244
6.42214 0.0218244
6.42214 0.0218244
6.42246 0.0218199
6.42246 0.0218199
6.42246 0.0221394
6.42277 0.0218154
6.42277 0.0221349
6.42277 0.0218154
6.42313 0.023102
6.42325 0.0222944
6.42325 0.0219749
6.42325 0.0219749
6.42441 0.124409
6.42511 0.125082
6.42546 0.125432
6.42584 0.0258259
6.42762 0.0275962
6.42794 0.0279268
6.42844 0.0284218
6.42876 0.12874
6.42908 0.0290608
6.4309 0.0308733
6.43122 0.0311928
6.43122 0.131192
6.43166 0.0316367
6.43198 0.131955
6.4327 0.0326801
6.43439 0.134367
6.4349 0.134874
6.43718 0.137153
6.43802 0.138001
6.4395 0.039472
6.43988 0.0398537
6.44184 0.0218287
6.44184 0.0218287
6.44184 0.0218287
6.44216 0.0218242
6.44216 0.0218242
6.44216 0.0221437
6.44247 0.0218197
6.44247 0.0221392
6.44247 0.0218197
6.44279 0.0221347
6.44279 0.0218152
6.44279 0.0218152
6.44314 0.143112
6.44538 0.0453609
6.44583 0.0458048
6.4468 0.146777
6.44743 0.147407
6.44868 0.148666
6.45068 0.150659
6.45119 0.0511659
6.45723 0.0572085
6.46004 0.0600164
6.46055 0.0605225
6.46087 0.060842
6.46183 0.021819
6.46183 0.021819
6.46183 0.021819
6.46215 0.0218145
6.46215 0.0218145
6.46215 0.0221341
6.46246 0.0218101
6.46246 0.0221296
6.46246 0.0218101
6.46281 0.0221562
6.46281 0.0218367
6.46281 0.0218367
6.46633 0.0663096
6.46665 0.0666291
6.47052 0.0704944
6.47115 0.071125
6.47567 0.0756435
6.47676 0.0767406
6.47777 0.0777669
6.47914 0.0791383
6.48185 0.0218377
6.48185 0.0218377
6.48185 0.0218377
6.4823 0.0822754
6.48243 0.0220905
6.48243 0.0220905
6.48243 0.02241
6.48256 0.0218994
6.48256 0.0222189
6.48256 0.0218994
6.48287 0.0828715
6.483 0.0223473
6.483 0.0220278
6.483 0.0220278
6.4841 0.0840772
6.48582 0.0857957
6.48748 0.0874534
6.48792 0.0878973
6.49203 0.0920115
6.4936 0.0935752
6.49637 0.096349
6.49769 0.0976667
6.49876 0.0987327
6.50122 0.101198
6.50185 0.021828
6.50185 0.021828
6.50185 0.021828
6.50216 0.0218235
6.50216 0.0218235
6.50216 0.022143
6.50248 0.021819
6.50248 0.0221385
6.50248 0.021819
6.5028 0.102774
6.50293 0.0222669
6.50293 0.0219474
6.50293 0.0219474
6.50421 0.104192
6.50453 0.104506
6.50584 0.10584
6.50616 0.10614
6.50745 0.107424
6.50789 0.107868
6.50821 0.108187
6.50887 0.108849
6.50928 0.109262
6.51035 0.110328
6.51067 0.110647
6.51099 0.110972
6.51143 0.111411
6.51191 0.111905
6.51223 0.112205
6.51258 0.112556
6.5129 0.112875
6.5135 0.113475
6.51466 0.114634
6.51647 0.116446
6.51679 0.116766
6.51711 0.117085
6.52007 0.120049
6.52039 0.120368
6.52152 0.121491
6.52203 0.0220036
6.52215 0.0218125
6.52215 0.0218125
6.52215 0.0218125
6.5225 0.0218391
6.5225 0.0218391
6.5225 0.0221586
6.52282 0.0218346
6.52282 0.0221541
6.52282 0.0218346
6.52313 0.0231125
6.52326 0.0222825
6.52326 0.021963
6.52326 0.021963
6.52445 0.124428
6.52518 0.125154
6.5255 0.125474
6.52582 0.025814
6.52763 0.0276067
6.52795 0.027946
6.52845 0.0284323
6.52877 0.128751
6.52909 0.0290713
6.53091 0.0308838
6.53123 0.0312033
6.53123 0.131203
6.53167 0.0316473
6.53199 0.131966
6.53271 0.0326906
6.5344 0.134378
6.53488 0.134853
6.53712 0.137101
6.538 0.13798
6.5395 0.0394825
6.53992 0.0398953
6.54182 0.0218168
6.54182 0.0218168
6.54182 0.0218168
6.54213 0.0218123
6.54213 0.0218123
6.54213 0.0221318
6.54248 0.0218389
6.54248 0.0221584
6.54248 0.0218389
6.5428 0.0221539
6.5428 0.0218344
6.5428 0.0218344
6.5433 0.143278
6.54539 0.0453714
6.54581 0.0457842
6.54681 0.146787
6.5475 0.14748
6.54866 0.148645
6.55069 0.150669
6.5512 0.0511764
6.5573 0.0572813
6.56002 0.0599958
6.56056 0.060533
6.56087 0.0608525
6.56184 0.0218382
6.56184 0.0218382
6.56184 0.0218382
6.56216 0.0218337
6.56216 0.0218337
6.56216 0.0221532
6.56247 0.0218292
6.56247 0.0221487
6.56247 0.0218292
6.56279 0.0221442
6.56279 0.0218247
6.56279 0.0218247
6.56631 0.066289
6.56663 0.0666085
6.57053 0.070505
6.57116 0.0711355
6.57565 0.075623
6.57677 0.0767512
6.57775 0.0777411
6.57919 0.0791575
6.58183 0.0218258
6.58183 0.0218258
6.58183 0.0218258
6.58225 0.0822237
6.58237 0.0220475
6.58237 0.0220475
6.58237 0.022367
6.5825 0.0218563
6.5825 0.0221758
6.5825 0.0218563
6.58282 0.0827974
6.58295 0.0223042
6.58295 0.0219847
6.58295 0.0219847
6.58408 0.0840566
6.58583 0.0858027
6.58749 0.0874639
6.5879 0.0878767
6.59204 0.092022
6.59361 0.0935857
6.59632 0.0963094
6.59779 0.0977705
6.59873 0.0987121
6.60123 0.101209
6.60183 0.0218161
6.60183 0.0218161
6.60183 0.0218161
6.60214 0.0218116
6.60214 0.0218116
6.60214 0.0221311
6.60249 0.0218382
6.60249 0.0221577
6.60249 0.0218382
6.60281 0.102785
6.60294 0.0222861
6.60294 0.0219666
6.60294 0.0219666
6.60416 0.10414
6.60448 0.104454
6.6056 0.105579
6.60595 0.105933
6.60746 0.107434
6.6079 0.107878
6.60822 0.108198
6.60888 0.108859
6.60926 0.109241
6.61042 0.1104
6.61074 0.11072
6.61106 0.111054
6.6116 0.111577
6.61192 0.111896
6.61224 0.112213
6.61262 0.112597
6.61294 0.112917
6.61351 0.113485
6.61479 0.114769
6.61648 0.116457
6.6168 0.116776
6.61712 0.117096
6.62014 0.120122
6.62046 0.120441
6.62153 0.12151
6.62204 0.0220227
6.62216 0.0218316
6.62216 0.0218316
6.62216 0.0218316
6.62248 0.0218271
6.62248 0.0218271
6.62248 0.0221466
6.62279 0.0218226
6.62279 0.0221421
6.62279 0.0218226
6.62311 0.0230919
6.62324 0.0222705
6.62324 0.021951
6.62324 0.021951
6.62449 0.124478
6.62531 0.125289
6.62563 0.125609
6.62595 0.0259265
6.62764 0.0276172
6.62796 0.027934
6.62843 0.0284117
6.62878 0.128762
6.6291 0.0290818
6.63088 0.0308632
6.6312 0.131182
6.6312 0.0311828
6.63162 0.131595
6.63194 0.0319151
6.63269 0.03267
6.63435 0.134326
6.63489 0.134863
6.63726 0.137236
6.63817 0.138146
6.63951 0.039493
6.63983 0.0398126
6.64186 0.0218359
6.64186 0.0218359
6.64186 0.0218359
6.64217 0.0218314
6.64217 0.0218314
6.64217 0.0221509
6.64249 0.021827
6.64249 0.0221465
6.64249 0.021827
6.6428 0.022142
6.6428 0.0218225
6.6428 0.0218225
6.64316 0.143133
6.64537 0.0453508
6.64582 0.0457947
6.64679 0.146767
6.64754 0.147522
6.64867 0.148655
6.6508 0.150773
6.65118 0.0511558
6.65725 0.0572296
6.66 0.0599752
6.66053 0.0605124
6.66085 0.0608319
6.66185 0.0218263
6.66185 0.0218263
6.66185 0.0218263
6.66217 0.0218218
6.66217 0.0218218
6.66217 0.0221413
6.66248 0.0218173
6.66248 0.0221368
6.66248 0.0218173
6.6628 0.0221323
6.6628 0.0218128
6.6628 0.0218128
6.66632 0.0662995
6.66664 0.066619
6.67051 0.0704844
6.67126 0.0712393
6.67565 0.0756335
6.67675 0.0767306
6.67779 0.0777776
6.67916 0.0791456
6.68184 0.0218138
6.68184 0.0218138
6.68184 0.0218138
6.68226 0.0822343
6.68238 0.0220355
6.68238 0.0220355
6.68238 0.022355
6.68251 0.0218444
6.68251 0.0221639
6.68251 0.0218444
6.68283 0.0828165
6.68296 0.0222923
6.68296 0.0219728
6.68296 0.0219728
6.68406 0.084036
6.68581 0.0858029
6.6875 0.0874744
6.68791 0.0878872
6.69202 0.0920014
6.69359 0.0935651
6.6963 0.0963009
6.69771 0.0976878
6.69868 0.0986604
6.70121 0.101188
6.70184 0.0218352
6.70184 0.0218352
6.70184 0.0218352
6.70215 0.0218307
6.70215 0.0218307
6.70215 0.0221502
6.70263 0.102604
6.70275 0.0221147
6.70275 0.0224342
6.70275 0.0221147
6.70288 0.022243
6.70288 0.0219235
6.70288 0.0219235
6.7042 0.104182
6.70452 0.104496
6.70577 0.105754
6.70609 0.106068
6.70747 0.107445
6.70788 0.107858
6.7082 0.108177
6.70902 0.108994
6.70934 0.109314
6.71053 0.110504
6.71085 0.110824
6.71085 0.110815
6.71144 0.111423
6.71192 0.111904
6.71224 0.112218
6.71259 0.112568
6.71291 0.112888
6.71351 0.113487
6.71473 0.114709
6.71651 0.11649
6.71651 0.11649
6.71702 0.116996
6.72017 0.120146
6.72049 0.120466
6.72149 0.121481
6.72203 0.022025
6.72216 0.0218338
6.72216 0.0218338
6.72216 0.0218338
6.72247 0.0218294
6.72247 0.0218294
6.72247 0.0221489
6.72279 0.0218249
6.72279 0.0221444
6.72279 0.0218249
6.72314 0.0231166
6.72327 0.0223039
6.72327 0.0219844
6.72327 0.0219844
6.72446 0.124449
6.7253 0.125283
6.72562 0.125602
6.72594 0.0259287
6.72763 0.0276108
6.72795 0.0279363
6.72843 0.0284053
6.72875 0.128724
6.72906 0.0290443
6.73091 0.0308879
6.73123 0.131207
6.73123 0.0312074
6.73164 0.131619
6.73196 0.0319398
6.73272 0.0326947
6.73437 0.134351
6.73488 0.134857
6.73716 0.137136
6.73816 0.13814
6.73951 0.0394866
6.73983 0.0398061
6.74185 0.0218382
6.74185 0.0218382
6.74185 0.0218382
6.74217 0.0218337
6.74217 0.0218337
6.74217 0.0221532
6.74248 0.0218292
6.74248 0.0221487
6.74248 0.0218292
6.7428 0.0221442
6.7428 0.0218247
6.7428 0.0218247
6.74315 0.143127
6.7454 0.0453755
6.74581 0.0457883
6.74681 0.146791
6.74744 0.147422
6.74857 0.148556
6.75069 0.150674
6.75117 0.0511494
6.75724 0.0572232
6.75999 0.0599688
6.76053 0.060506
6.76085 0.0608255
6.76185 0.0218285
6.76185 0.0218285
6.76185 0.0218285
6.76216 0.021824
6.76216 0.021824
6.76216 0.0221435
6.76248 0.0218195
6.76248 0.022139
6.76248 0.0218195
6.76279 0.0221345
6.76279 0.021815
6.76279 0.021815
6.76631 0.0662931
6.76663 0.0666126
6.77053 0.0705091
6.77113 0.0711085
6.77565 0.0756271
6.77674 0.0767242
6.77775 0.0777349
6.77916 0.0791478
6.78184 0.021816
6.78184 0.021816
6.78184 0.021816
6.78225 0.0822278
6.78238 0.0220377
6.78238 0.0220377
6.78238 0.0223572
6.78251 0.0218466
6.78251 0.0221661
6.78251 0.0218466
6.78282 0.0828188
6.78295 0.0222945
6.78295 0.021975
6.78295 0.021975
6.78408 0.0840607
6.7858 0.0857861
6.78749 0.087468
6.7879 0.0878808
6.79202 0.091995
6.79358 0.0935587
6.79632 0.0963066
6.79786 0.0978369
6.79864 0.0986229
6.80123 0.101213
6.80186 0.0218375
6.80186 0.0218375
6.80186 0.0218375
6.80217 0.021833
6.80217 0.021833
6.80217 0.0221525
6.80249 0.0218285
6.80249 0.022148
6.80249 0.0218285
6.80281 0.102789
6.80294 0.0222764
6.80294 0.0219569
6.80294 0.0219569
6.80416 0.104144
6.80448 0.104458
6.80564 0.105632
6.80596 0.105937
6.80746 0.107438
6.8079 0.107882
6.80822 0.108202
6.80888 0.108863
6.80927 0.109245
6.81043 0.110404
6.81074 0.110724
6.81106 0.111044
6.81166 0.111643
6.81198 0.111977
6.8123 0.112282
6.81262 0.112601
6.81294 0.112921
6.81345 0.113427
6.81473 0.114711
6.81645 0.11643
6.81677 0.116749
6.81709 0.117069
6.82015 0.120126
6.82047 0.120445
6.8215 0.1215
6.82204 0.022013
6.82217 0.0218219
6.82217 0.0218219
6.82217 0.0218219
6.82248 0.0218174
6.82248 0.0218174
6.82248 0.0221369
6.8228 0.0218129
6.8228 0.0221324
6.8228 0.0218129
6.82312 0.023096
6.82324 0.0222608
6.82324 0.0219413
6.82324 0.0219413
6.8245 0.124468
6.82522 0.1252
6.82554 0.12552
6.82586 0.0258545
6.82764 0.0276213
6.82796 0.0279554
6.82844 0.0284158
6.82876 0.128735
6.82907 0.0290549
6.83089 0.0308673
6.83121 0.0311869
6.83121 0.131186
6.83165 0.0316308
6.83197 0.131949
6.83269 0.0326741
6.83435 0.13433
6.83489 0.134868
6.83723 0.137209
6.83802 0.137995
6.83949 0.039466
6.83993 0.03991
6.84183 0.0218262
6.84183 0.0218262
6.84183 0.0218262
6.84215 0.0218217
6.84215 0.0218217
6.84215 0.0221412
6.84246 0.0218172
6.84246 0.0221367
6.84246 0.0218172
6.84278 0.0221322
6.84278 0.0218127
6.84278 0.0218127
6.84328 0.143262
6.84537 0.0453549
6.84582 0.0457988
6.84685 0.146833
6.84745 0.147432
6.84855 0.148535
6.85064 0.150622
6.85118 0.0511599
6.85732 0.0572959
6.86 0.0599793
6.86054 0.0605165
6.86086 0.060836
6.86182 0.0218165
6.86182 0.0218165
6.86182 0.0218165
6.86214 0.021812
6.86214 0.021812
6.86214 0.0221316
6.86249 0.0218387
6.86249 0.0221582
6.86249 0.0218387
6.8628 0.0221537
6.8628 0.0218342
6.8628 0.0218342
6.86632 0.0663036
6.86664 0.0666231
6.87051 0.0704885
6.87114 0.071119
6.87566 0.0756376
6.87675 0.0767347
6.87776 0.0777402
6.87917 0.0791358
6.88185 0.0218352
6.88185 0.0218352
6.88185 0.0218352
6.88226 0.0822384
6.88239 0.0220569
6.88239 0.0220569
6.88239 0.0223764
6.88251 0.0218658
6.88251 0.0221853
6.88251 0.0218658
6.88283 0.0828068
6.88296 0.0223137
6.88296 0.0219942
6.88296 0.0219942
6.88406 0.0840401
6.88581 0.0857863
6.8875 0.0874785
6.88804 0.0880158
6.89203 0.0920055
6.89359 0.0935692
6.8963 0.0962981
6.89787 0.0978474
6.89868 0.0986646
6.90121 0.101192
6.90184 0.0218255
6.90184 0.0218255
6.90184 0.0218255
6.90215 0.021821
6.90215 0.021821
6.90215 0.0221405
6.90266 0.10264
6.90279 0.022136
6.90279 0.0224555
6.90279 0.022136
6.90279 0.022136
6.90279 0.0218165
6.90279 0.0218165
6.90292 0.0219449
6.9042 0.104186
6.90452 0.1045
6.9058 0.105776
6.90612 0.106103
6.90744 0.107418
6.90788 0.107862
6.9082 0.108181
6.90902 0.108998
6.90934 0.109318
6.91053 0.110508
6.91085 0.110828
6.91117 0.111156
6.91149 0.111467
6.9119 0.11188
6.91222 0.112191
6.91257 0.11255
6.91289 0.112869
6.91358 0.113562
6.91471 0.11469
6.91646 0.11644
6.91678 0.11676
6.9171 0.117079
6.92003 0.120012
6.92035 0.120331
6.92163 0.121612
6.92202 0.0220011
6.92214 0.02181
6.92214 0.02181
6.92214 0.02181
6.92249 0.0218366
6.92249 0.0218366
6.92249 0.0221561
6.92281 0.0218321
6.92281 0.0221516
6.92281 0.0218321
6.92313 0.0231065
6.92325 0.02228
6.92325 0.0219605
6.92325 0.0219605
6.92448 0.124456
6.9252 0.125179
6.92552 0.125499
6.92584 0.0258115
6.92762 0.0276007
6.92794 0.0279124
6.92845 0.0284264
6.9288 0.028777
6.9288 0.128776
6.93089 0.0308694
6.93121 0.131188
6.93121 0.0311889
6.93162 0.131601
6.93194 0.0319212
6.9327 0.0326762
6.93438 0.134363
6.93489 0.13487
6.93714 0.137118
6.93814 0.138121
6.93949 0.0394681
6.93987 0.0398498
6.94186 0.0218369
6.94186 0.0218369
6.94186 0.0218369
6.94218 0.0218324
6.94218 0.0218324
6.94218 0.0221519
6.94249 0.0218279
6.94249 0.0221474
6.94249 0.0218279
6.94281 0.0221429
6.94281 0.0218234
6.94281 0.0218234
6.94316 0.143139
6.94538 0.0453569
6.94582 0.0458009
6.94679 0.146773
6.94742 0.147403
6.94871 0.148693
6.95067 0.150655
6.95118 0.051162
6.95725 0.0572357
6.96 0.0599814
6.96054 0.0605186
6.96086 0.0608381
6.96186 0.0218272
6.96186 0.0218272
6.96186 0.0218272
6.96217 0.0218227
6.96217 0.0218227
6.96217 0.0221422
6.96249 0.0218182
6.96249 0.0221378
6.96249 0.0218182
6.9628 0.0221333
6.9628 0.0218138
6.9628 0.0218138
6.96632 0.0663057
6.96664 0.0666252
6.97051 0.0704905
6.97114 0.0711211
6.97566 0.0756396
6.97676 0.0767367
6.97779 0.0777682
6.97917 0.0791465
6.98182 0.0218148
6.98182 0.0218148
6.98182 0.0218148
6.98226 0.0822404
6.98239 0.0220676
6.98239 0.0220676
6.98239 0.0223871
6.98252 0.0218765
6.98252 0.022196
6.98252 0.0218765
6.98284 0.0828175
6.98296 0.0223244
6.98296 0.0220049
6.98296 0.0220049
6.98406 0.0840422
6.98584 0.085831
6.98747 0.0874495
6.98788 0.0878623
6.99203 0.0920076
6.99359 0.0935713
6.99627 0.0962501
6.99787 0.0978494
6.99875 0.0987288
7.00121 0.101194
7.00184 0.0218362
7.00184 0.0218362
7.00184 0.0218362
7.00215 0.0218317
7.00215 0.0218317
7.00215 0.0221512
7.00247 0.0218272
7.00247 0.0221467
7.00247 0.0218272
7.00285 0.102832
7.00298 0.0223373
7.00298 0.0220178
7.00298 0.0220178
7.0042 0.104188
7.00452 0.104505
7.00575 0.105728
7.00607 0.106046
7.00744 0.107423
7.00786 0.107836
7.00817 0.108156
7.00902 0.109004
7.00934 0.109324
7.01047 0.110452
7.01079 0.110771
7.01111 0.111109
7.01152 0.111504
7.01197 0.111948
7.01229 0.112267
7.01267 0.112649
7.01299 0.112968
7.01374 0.113723
7.01475 0.114727
7.01647 0.116446
7.01678 0.116766
7.0171 0.117085
7.02016 0.120142
7.02048 0.120461
7.02152 0.121502
7.02202 0.0220154
7.02278 0.0218113
7.02278 0.0221309
7.02278 0.0218113
7.02313 0.0231083
7.02325 0.0222903
7.02325 0.0219708
7.02325 0.0219708
7.02448 0.124467
7.02511 0.125088
7.02546 0.125439
7.02584 0.0258219
7.02762 0.0276024
7.02794 0.0279228
7.02845 0.0284281
7.02877 0.128747
7.02909 0.0290671
7.0309 0.0308796
7.03122 0.131198
7.03122 0.0311991
7.03166 0.031643
7.03198 0.131962
7.0327 0.0326864
7.03439 0.134374
7.0349 0.13488
7.03715 0.137128
7.03799 0.137976
7.0395 0.0394783
7.03985 0.0398289
7.04184 0.0218246
7.04184 0.0218246
7.04184 0.0218246
7.04216 0.0218202
7.04216 0.0218202
7.04216 0.0221397
7.04247 0.0218157
7.04247 0.0221352
7.04247 0.0218157
7.04279 0.0221307
7.04279 0.0218112
7.04279 0.0218112
7.04326 0.143243
7.04539 0.0453671
7.0458 0.04578
7.0468 0.146783
7.04749 0.147476
7.04865 0.148641
7.05078 0.150759
7.05119 0.0511722
7.0573 0.057277
7.05998 0.0599604
7.06052 0.0604977
7.06084 0.0608172
7.06183 0.021815
7.06183 0.021815
7.06183 0.021815
7.06215 0.0218105
7.06215 0.0218105
7.06215 0.02213
7.06246 0.021806
7.06246 0.0221255
7.06246 0.021806
7.06278 0.022121
7.06278 0.0218015
7.06278 0.0218015
7.0663 0.0662848
7.06662 0.0666043
7.07052 0.0705007
7.07115 0.0711313
7.07564 0.0756187
7.07667 0.0766536
7.07774 0.077711
7.07918 0.0791654
7.08182 0.0218025
7.08182 0.0218025
7.08182 0.0218025
7.08224 0.0822195
7.08237 0.0220242
7.08237 0.0220242
7.08237 0.0223437
7.08249 0.0218331
7.08249 0.0221526
7.08249 0.0218331
7.08285 0.0828363
7.08297 0.0223121
7.08297 0.0219926
7.08297 0.0219926
7.08407 0.0840524
7.08582 0.0857906
7.08748 0.0874597
7.08789 0.0878725
7.092 0.0919867
7.0936 0.0935814
7.09635 0.0963346
7.09785 0.0978285
7.09876 0.098739
7.10122 0.101205
7.10185 0.0218239
7.10185 0.0218239
7.10185 0.0218239
7.10216 0.0218195
7.10216 0.0218195
7.10216 0.022139
7.10248 0.021815
7.10248 0.0221345
7.10248 0.021815
7.1028 0.10278
7.10293 0.0222629
7.10293 0.0219434
7.10293 0.0219434
7.10418 0.104167
7.1045 0.104481
7.10563 0.105618
7.10595 0.105929
7.10735 0.107337
7.10789 0.107874
7.10821 0.108193
7.109 0.108979
7.10935 0.10933
7.11041 0.110396
7.11041 0.110391
7.11073 0.110716
7.11158 0.111564
7.1119 0.111893
7.11222 0.112203
7.11257 0.112553
7.11289 0.112873
7.11358 0.113566
7.11471 0.114694
7.11593 0.115915
7.1165 0.116484
7.11698 0.116959
7.12016 0.12014
7.12048 0.120459
7.12161 0.121602
7.12202 0.021991
7.12215 0.0217999
7.12215 0.0217999
7.12215 0.0217999
7.12249 0.0218265
7.12249 0.0218265
7.12249 0.022146
7.12281 0.021822
7.12281 0.0221415
7.12281 0.021822
7.12313 0.0231103
7.12326 0.0222699
7.12326 0.0219504
7.12326 0.0219504
7.12451 0.124508
7.12529 0.125277
7.12561 0.125596
7.12593 0.0259259
7.12762 0.0276045
7.12794 0.0279335
7.12829 0.0282746
7.12877 0.0287496
7.12909 0.129068
7.13087 0.0308505
7.13119 0.0311701
7.13119 0.131169
7.13166 0.0316451
7.13198 0.131964
7.13271 0.0326884
7.13436 0.134345
7.1349 0.134882
7.13709 0.137068
7.13812 0.138102
7.13953 0.0395115
7.13988 0.0398621
7.14181 0.0218042
7.14181 0.0218042
7.14181 0.0218042
7.14213 0.0217997
7.14213 0.0217997
7.14213 0.0221193
7.14247 0.0218264
7.14247 0.0221459
7.14247 0.0218264
7.14279 0.0221414
7.14279 0.0218219
7.14279 0.0218219
7.14314 0.14312
7.14536 0.0453381
7.1458 0.045782
7.1468 0.146785
7.14746 0.147447
7.14853 0.148518
7.15053 0.150512
7.15116 0.0511431
7.15723 0.0572169
7.15998 0.0599625
7.16052 0.0604997
7.16084 0.0608192
7.16184 0.0218257
7.16184 0.0218257
7.16184 0.0218257
7.16215 0.0218212
7.16215 0.0218212
7.16215 0.0221407
7.16247 0.0218167
7.16247 0.0221362
7.16247 0.0218167
7.16278 0.0221317
7.16278 0.0218122
7.16278 0.0218122
7.1663 0.0662868
7.16662 0.0666063
7.17049 0.0704717
7.17115 0.0711333
7.17564 0.0756208
7.17674 0.0767179
7.17774 0.077739
7.17924 0.0792383
7.18183 0.0218132
7.18183 0.0218132
7.18183 0.0218132
7.18224 0.0822216
7.18237 0.0220349
7.18237 0.0220349
7.18237 0.0223544
7.1825 0.0218438
7.1825 0.0221633
7.1825 0.0218438
7.18282 0.0827848
7.18294 0.0222917
7.18294 0.0219722
7.18294 0.0219722
7.18407 0.0840544
7.18585 0.0858467
7.18745 0.0874306
7.18789 0.0878745
7.19201 0.0919887
7.19332 0.0932921
7.19364 0.0936231
7.19772 0.0977062
7.19804 0.0980257
7.20122 0.101207
7.20182 0.0218035
7.20182 0.0218035
7.20182 0.0218035
7.20213 0.021799
7.20213 0.021799
7.20213 0.0221186
7.20248 0.0218257
7.20248 0.0221452
7.20248 0.0218257
7.2028 0.102782
7.20293 0.0222736
7.20293 0.021954
7.20293 0.021954
7.20418 0.104169
7.2045 0.104483
7.20569 0.10566
7.20601 0.105993
7.20751 0.107494
7.20789 0.107876
7.20821 0.108195
7.20863 0.108608
7.20904 0.109021
7.21042 0.110411
7.21073 0.110718
7.21073 0.110718
7.21155 0.111535
7.21187 0.111841
7.21187 0.111854
7.21256 0.112547
7.21288 0.112867
7.21355 0.113528
7.2147 0.114688
7.21596 0.11594
7.21653 0.116509
7.21706 0.117046
7.22015 0.120134
7.22047 0.120453
7.22047 0.120445
7.22203 0.0220159
7.22216 0.0218248
7.22216 0.0218248
7.22216 0.0218248
7.22248 0.0218203
7.22248 0.0218203
7.22248 0.0221398
7.22279 0.0218158
7.22279 0.0221353
7.22279 0.0218158
7.22311 0.0230954
7.22324 0.0222637
7.22324 0.0219442
7.22324 0.0219442
7.22375 0.123725
7.22531 0.125293
7.22563 0.125612
7.22595 0.0259196
7.22764 0.0276207
7.22796 0.0279272
7.22831 0.0282908
7.22878 0.128765
7.22878 0.0287659
7.23087 0.0308583
7.23119 0.131177
7.23119 0.0311778
7.23158 0.131559
7.2319 0.031879
7.23271 0.0326962
7.23434 0.134321
7.23491 0.13489
7.23715 0.137138
7.23794 0.137924
7.23954 0.0395192
7.23986 0.0398387
7.24185 0.0218206
7.24185 0.0218206
7.24185 0.0218206
7.24216 0.0218161
7.24216 0.0218161
7.24216 0.0221356
7.24248 0.0218116
7.24248 0.0221312
7.24248 0.0218116
7.24279 0.0221267
7.24279 0.0218072
7.24279 0.0218072
7.24327 0.143253
7.24536 0.0453458
7.24581 0.0457898
7.24678 0.146762
7.24744 0.147423
7.24851 0.148495
7.25054 0.15052
7.25117 0.0511509
7.25724 0.0572246
7.25999 0.0599703
7.26052 0.0605075
7.26084 0.060827
7.26181 0.021811
7.26181 0.021811
7.26181 0.021811
7.26213 0.0218065
7.26213 0.0218065
7.26213 0.022126
7.26244 0.021802
7.26244 0.0221215
7.26244 0.021802
7.26276 0.022117
7.26276 0.0217975
7.26276 0.0217975
7.26631 0.0662946
7.26663 0.0666141
7.2705 0.0704794
7.27113 0.07111
7.27565 0.0756285
7.27662 0.0766012
7.27771 0.0777104
7.27925 0.0792236
7.2818 0.0217985
7.2818 0.0217985
7.2818 0.0217985
7.28225 0.0822293
7.28237 0.0220513
7.28237 0.0220513
7.28237 0.0223708
7.2825 0.0218602
7.2825 0.0221797
7.2825 0.0218602
7.28282 0.0828012
7.28295 0.0223081
7.28295 0.0219886
7.28295 0.0219886
7.28405 0.0840311
7.28583 0.0858213
7.28745 0.0874384
7.28787 0.0878512
7.29201 0.0919965
7.29267 0.0926672
7.29359 0.0935686
7.2972 0.0971851
7.29802 0.0980023
7.30123 0.101214
7.30183 0.0218199
7.30183 0.0218199
7.30183 0.0218199
7.30214 0.0218154
7.30214 0.0218154
7.30214 0.0221349
7.30246 0.0218109
7.30246 0.0221305
7.30246 0.0218109
7.30278 0.102759
7.3029 0.0222588
7.3029 0.0219393
7.3029 0.0219393
7.30419 0.104177
7.30451 0.104491
7.30567 0.105646
7.30599 0.105969
7.30749 0.107471
7.30787 0.107853
7.30819 0.108172
7.3086 0.108585
7.30901 0.108998
7.31039 0.110375
7.31039 0.110373
7.31071 0.110694
7.31147 0.111449
7.31179 0.111773
7.3121 0.112088
7.31264 0.112626
7.31296 0.112945
7.31347 0.113451
7.31475 0.114735
7.31607 0.11605
7.31654 0.116525
7.31705 0.117031
7.32014 0.120119
7.32045 0.120438
7.32045 0.120448
7.32202 0.0220097
7.32215 0.0218185
7.32215 0.0218185
7.32215 0.0218185
7.32246 0.0218141
7.32246 0.0218141
7.32246 0.0221336
7.32278 0.0218096
7.32278 0.0221291
7.32278 0.0218096
7.3231 0.0230806
7.32322 0.0222575
7.32322 0.021938
7.32322 0.021938
7.3237 0.123696
7.32526 0.125247
7.32558 0.125566
7.3259 0.0258823
7.32762 0.0276058
7.32794 0.027921
7.32829 0.028276
7.32874 0.128719
7.32906 0.0290394
7.33087 0.0308519
7.33119 0.131171
7.33119 0.0311714
7.33166 0.0316464
7.33198 0.131965
7.33271 0.0326898
7.33433 0.134315
7.3349 0.134883
7.33721 0.137193
7.33784 0.137824
7.3395 0.0394817
7.33994 0.0399256
7.34184 0.0218229
7.34184 0.0218229
7.34184 0.0218229
7.34216 0.0218184
7.34216 0.0218184
7.34216 0.0221379
7.34247 0.0218139
7.34247 0.0221334
7.34247 0.0218139
7.34279 0.0221289
7.34279 0.0218094
7.34279 0.0218094
7.34332 0.143308
7.34536 0.0453394
7.3458 0.0457834
7.34683 0.146817
7.34737 0.147355
7.34859 0.148582
7.35062 0.150606
7.35116 0.0511445
7.35723 0.0572182
7.35998 0.0599638
7.36052 0.0605011
7.36084 0.0608206
7.36184 0.0218132
7.36184 0.0218132
7.36184 0.0218132
7.36215 0.0218087
7.36215 0.0218087
7.36215 0.0221282
7.36247 0.0218042
7.36247 0.0221237
7.36247 0.0218042
7.36278 0.0221192
7.36278 0.0217997
7.36278 0.0217997
7.3663 0.0662881
7.36662 0.0666077
7.37052 0.0705041
7.37112 0.0711036
7.37564 0.0756221
7.37661 0.0765948
7.3778 0.0777922
7.37924 0.0792258
7.38183 0.0218007
7.38183 0.0218007
7.38183 0.0218007
7.38224 0.0822229
7.38237 0.0220224
7.38237 0.0220224
7.38237 0.0223419
7.3825 0.0218313
7.3825 0.0221508
7.3825 0.0218313
7.38281 0.0828035
7.38294 0.0222792
7.38294 0.0219597
7.38294 0.0219597
7.38404 0.0840247
7.38588 0.0858531
7.38745 0.0874319
7.38789 0.0878759
7.39201 0.0919901
7.39329 0.0932723
7.39361 0.0935933
7.39772 0.0977075
7.39804 0.098027
7.40122 0.101208
7.40185 0.0218222
7.40185 0.0218222
7.40185 0.0218222
7.40216 0.0218177
7.40216 0.0218177
7.40216 0.0221372
7.40255 0.102531
7.40267 0.0220083
7.40267 0.0223278
7.40267 0.0220083
7.4028 0.0221367
7.4028 0.0218172
7.4028 0.0218172
7.40418 0.10417
7.4045 0.104484
7.40566 0.105648
7.40598 0.105963
7.4076 0.107589
7.40792 0.107908
7.40824 0.108228
7.40863 0.10861
7.40904 0.109022
7.41038 0.110368
7.4107 0.110688
7.41102 0.111023
7.41165 0.111628
7.41197 0.111957
7.41197 0.111957
7.41254 0.112526
7.41286 0.112845
7.41352 0.113507
7.41471 0.114697
7.41606 0.116043
7.41653 0.116518
7.41701 0.116993
7.41935 0.119335
7.42007 0.120054
7.42039 0.120378
7.42202 0.0219893
7.42215 0.0217981
7.42215 0.0217981
7.42215 0.0217981
7.42249 0.0218247
7.42249 0.0218247
7.42249 0.0221443
7.42281 0.0218203
7.42281 0.0221398
7.42281 0.0218203
7.42313 0.0231137
7.42326 0.0222682
7.42326 0.0219486
7.42326 0.0219486
7.42451 0.124492
7.42483 0.124813
7.42543 0.125413
7.42581 0.0257997
7.42762 0.0276079
7.42794 0.0279317
7.42829 0.028278
7.42877 0.128752
7.42877 0.028753
7.43086 0.0308455
7.43118 0.131164
7.43118 0.031165
7.43159 0.131577
7.43191 0.0318973
7.4327 0.0326834
7.43442 0.134402
7.43489 0.134877
7.43714 0.137125
7.43796 0.137942
7.43946 0.0394442
7.43978 0.0397637
7.44184 0.0218251
7.44184 0.0218251
7.44184 0.0218251
7.44215 0.0218206
7.44215 0.0218206
7.44215 0.0221401
7.44247 0.0218161
7.44247 0.0221356
7.44247 0.0218161
7.44278 0.0221311
7.44278 0.0218116
7.44278 0.0218116
7.44335 0.143333
7.44535 0.045333
7.44579 0.0457769
7.4468 0.14678
7.44743 0.14741
7.44859 0.148575
7.45086 0.150849
7.45118 0.0511692
7.45723 0.0572118
7.45997 0.0599574
7.46051 0.0604947
7.46083 0.0608142
7.46183 0.0218154
7.46183 0.0218154
7.46183 0.0218154
7.46214 0.0218109
7.46214 0.0218109
7.46214 0.0221304
7.46246 0.0218064
7.46246 0.0221259
7.46246 0.0218064
7.46277 0.0221214
7.46277 0.0218019
7.46277 0.0218019
7.46633 0.0663128
7.46665 0.0666323
7.47051 0.0704977
7.47114 0.0711283
7.47563 0.0756157
7.47654 0.0765262
7.47773 0.0777184
7.47933 0.0793213
7.48182 0.021803
7.48182 0.021803
7.48182 0.021803
7.48223 0.0822165
7.48236 0.0220247
7.48236 0.0220247
7.48236 0.0223442
7.48249 0.0218336
7.48249 0.0221531
7.48249 0.0218336
7.48281 0.0828057
7.48294 0.0222814
7.48294 0.0219619
7.48294 0.0219619
7.48403 0.0840183
7.48581 0.0857967
7.48747 0.0874566
7.48788 0.0878695
7.49166 0.0916415
7.49341 0.0933798
7.49373 0.0937113
7.49772 0.0977011
7.49804 0.0980206
7.50125 0.101233
7.50184 0.0218244
7.50184 0.0218244
7.50184 0.0218244
7.50216 0.0218199
7.50216 0.0218199
7.50216 0.0221394
7.50247 0.0218154
7.50247 0.0221349
7.50247 0.0218154
7.50292 0.102902
7.50304 0.0223877
7.50304 0.0220682
7.50304 0.0220682
7.50417 0.104164
7.50449 0.104478
7.50565 0.10565
7.50597 0.105957
7.5075 0.107489
7.50795 0.107933
7.50827 0.108253
7.50902 0.109008
7.50934 0.109327
7.51041 0.110393
7.51073 0.110713
7.51105 0.111025
7.51146 0.111445
7.51178 0.111772
7.5121 0.112084
7.51251 0.112497
7.51283 0.112816
7.51349 0.113478
7.51471 0.114699
7.51634 0.116325
7.51666 0.116645
7.51701 0.116995
7.52013 0.120114
7.52045 0.120434
7.52045 0.120446
7.52201 0.0219915
7.52214 0.0218004
7.52214 0.0218004
7.52214 0.0218004
7.52246 0.0217959
7.52246 0.0217959
7.52246 0.0221154
7.5228 0.0218225
7.5228 0.022142
7.5228 0.0218225
7.52312 0.0231073
7.52325 0.0222704
7.52325 0.0219509
7.52325 0.0219509
7.52441 0.124401
7.52473 0.124714
7.52542 0.125406
7.5258 0.0258019
7.52762 0.0276015
7.52794 0.0279339
7.52829 0.0282716
7.52876 0.128746
7.52908 0.0290661
7.53086 0.0308475
7.53118 0.131166
7.53118 0.031167
7.53166 0.131641
7.53166 0.0316421
7.53269 0.032677
7.53438 0.134364
7.53492 0.134901
7.5371 0.137087
7.53795 0.137935
7.53948 0.0394689
7.5398 0.0397884
7.5418 0.0217962
7.5418 0.0217962
7.5418 0.0217962
7.54214 0.0218228
7.54214 0.0218228
7.54214 0.0221423
7.54246 0.0218183
7.54246 0.0221378
7.54246 0.0218183
7.54277 0.0221333
7.54277 0.0218138
7.54277 0.0218138
7.54337 0.143358
7.54534 0.0453266
7.54578 0.0457705
7.54682 0.146805
7.54748 0.147466
7.54852 0.148507
7.55045 0.150438
7.55118 0.0511627
7.55722 0.0572054
7.55997 0.059951
7.5605 0.0604882
7.56082 0.0608078
7.56182 0.0218176
7.56182 0.0218176
7.56182 0.0218176
7.56214 0.0218131
7.56214 0.0218131
7.56214 0.0221327
7.56245 0.0218086
7.56245 0.0221282
7.56245 0.0218086
7.56277 0.0221237
7.56277 0.0218042
7.56277 0.0218042
7.56629 0.0662753
7.56661 0.0665948
7.57051 0.0704913
7.57114 0.0711218
7.57562 0.0756093
7.57675 0.0767375
7.57772 0.0777068
7.57926 0.0792303
7.58181 0.0218052
7.58181 0.0218052
7.58181 0.0218052
7.58222 0.0822101
7.58235 0.0220269
7.58235 0.0220269
7.58235 0.0223464
7.58248 0.0218358
7.58248 0.0221553
7.58248 0.0218358
7.58283 0.0828079
7.58296 0.0223148
7.58296 0.0219953
7.58296 0.0219953
7.58403 0.0840118
7.58581 0.0857934
7.58746 0.0874502
7.58791 0.0878941
7.59162 0.091604
7.59331 0.0933007
7.59363 0.0936116
7.5978 0.097788
7.59821 0.0982008
7.60124 0.101226
7.60184 0.0218266
7.60184 0.0218266
7.60184 0.0218266
7.60215 0.0218221
7.60215 0.0218221
7.60215 0.0221416
7.60247 0.0218176
7.60247 0.0221371
7.60247 0.0218176
7.60278 0.102771
7.60291 0.0222655
7.60291 0.021946
7.60291 0.021946
7.6042 0.104189
7.60452 0.104502
7.60583 0.105808
7.60615 0.106137
7.60734 0.107327
7.60794 0.107927
7.60826 0.108246
7.60911 0.109094
7.60943 0.109414
7.6104 0.110387
7.61072 0.110706
7.61104 0.111027
7.61151 0.111501
7.61183 0.11182
7.61215 0.112133
7.61254 0.112521
7.61285 0.112841
7.61358 0.113565
7.61471 0.114693
7.61643 0.116412
7.61675 0.116732
7.61707 0.117051
7.62012 0.120108
7.62044 0.120427
7.62044 0.120426
7.62201 0.0219937
7.62213 0.0218026
7.62213 0.0218026
7.62213 0.0218026
7.62245 0.0217981
7.62245 0.0217981
7.62245 0.0221176
7.62279 0.0218247
7.62279 0.0221442
7.62279 0.0218247
7.62311 0.0231009
7.62324 0.0222726
7.62324 0.0219531
7.62324 0.0219531
7.62372 0.123688
7.62506 0.125049
7.62541 0.1254
7.62583 0.0258041
7.62761 0.0275951
7.62793 0.027905
7.62831 0.0282963
7.62875 0.128739
7.62907 0.0290597
7.63089 0.0308722
7.6312 0.131191
7.6312 0.0311917
7.63165 0.0316356
7.63197 0.131954
7.63269 0.032679
7.63438 0.134366
7.63489 0.134872
7.63717 0.137151
7.63792 0.137906
7.63952 0.039502
7.63996 0.0399459
7.64183 0.0218069
7.64183 0.0218069
7.64183 0.0218069
7.64214 0.0218024
7.64214 0.0218024
7.64214 0.0221219
7.64246 0.14245
7.64259 0.0219308
7.64259 0.0222503
7.64259 0.0219308
7.64278 0.0221214
7.64278 0.0218019
7.64278 0.0218019
7.64534 0.0453287
7.64579 0.0457726
7.64679 0.146776
7.64748 0.147468
7.64852 0.148509
7.65055 0.150533
7.65118 0.0511648
7.65722 0.0572074
7.66 0.0599842
7.6605 0.0604903
7.66082 0.0608098
7.66182 0.0217972
7.66182 0.0217972
7.66182 0.0217972
7.66217 0.0218238
7.66217 0.0218238
7.66217 0.0221433
7.66248 0.0218193
7.66248 0.0221389
7.66248 0.0218193
7.6628 0.0221344
7.6628 0.0218149
7.6628 0.0218149
7.66629 0.0662774
7.66661 0.0665969
7.67051 0.0704933
7.67114 0.0711239
7.67562 0.0756113
7.67654 0.0765218
7.67773 0.0777036
7.67926 0.079241
7.68184 0.0218159
7.68184 0.0218159
7.68184 0.0218159
7.68226 0.0822432
7.68238 0.0220376
7.68238 0.0220376
7.68238 0.0223571
7.68251 0.0218465
7.68251 0.022166
7.68251 0.0218465
7.68283 0.0828186
7.68296 0.0222944
7.68296 0.0219749
7.68296 0.0219749
7.68406 0.084045
7.68581 0.0857934
7.68747 0.0874523
7.68788 0.0878651
7.69165 0.0916371
7.69334 0.0933233
7.69366 0.0936447
7.69771 0.0976967
7.69812 0.0981095
7.70124 0.101228
7.70184 0.0218062
7.70184 0.0218062
7.70184 0.0218062
7.70215 0.0218017
7.70215 0.0218017
7.70215 0.0221212
7.70247 0.0217972
7.70247 0.0221167
7.70247 0.0217972
7.70279 0.102773
7.70291 0.0222451
7.70291 0.0219256
7.70291 0.0219256
7.70423 0.104222
7.70455 0.104536
7.70565 0.105632
7.70597 0.105952
7.7075 0.107485
7.70788 0.107867
7.7082 0.108186
7.70902 0.109003
7.70934 0.109323
7.7104 0.110389
7.71072 0.110708
7.71104 0.111038
7.71164 0.111627
7.71196 0.111947
7.71228 0.112268
7.7126 0.112586
7.71292 0.112905
7.71374 0.113722
7.71468 0.114664
7.71643 0.116414
7.71675 0.116734
7.71707 0.117053
7.72012 0.12011
7.72044 0.120429
7.72044 0.120414
7.72201 0.0220044
7.72213 0.0218133
7.72213 0.0218133
7.72213 0.0218133
7.72245 0.0218088
7.72245 0.0218088
7.72245 0.0221283
7.72276 0.0218043
7.72276 0.0221238
7.72276 0.0218043
7.72308 0.0230718
7.72321 0.0222522
7.72321 0.0219327
7.72321 0.0219327
7.7245 0.124485
7.72506 0.125051
7.72542 0.125402
7.72583 0.0258148
7.72761 0.0275971
7.72793 0.0279157
7.72834 0.0283294
7.72879 0.128773
7.72879 0.0287734
7.73088 0.0308658
7.7312 0.0311853
7.7312 0.131184
7.73164 0.0316292
7.73196 0.131948
7.73272 0.0327037
7.73434 0.134329
7.73494 0.134928
7.73713 0.137114
7.73791 0.1379
7.73948 0.0394645
7.73983 0.0398151
7.74182 0.0218091
7.74182 0.0218091
7.74182 0.0218091
7.74214 0.0218046
7.74214 0.0218046
7.74214 0.0221241
7.74245 0.0218001
7.74245 0.0221197
7.74245 0.0218001
7.7428 0.0221463
7.7428 0.0218268
7.7428 0.0218268
7.74327 0.14326
7.74537 0.0453533
7.74578 0.0457662
7.74681 0.1468
7.74744 0.147431
7.74851 0.148503
7.75063 0.15062
7.75117 0.0511584
7.75721 0.057201
7.75974 0.0597289
7.7605 0.0604839
7.76082 0.0608034
7.76182 0.0217995
7.76182 0.0217995
7.76182 0.0217995
7.76216 0.0218261
7.76216 0.0218261
7.76216 0.0221456
7.76248 0.0218216
7.76248 0.0221411
7.76248 0.0218216
7.76279 0.0221366
7.76279 0.0218171
7.76279 0.0218171
7.76631 0.0663021
7.76663 0.0666216
7.7705 0.0704869
7.77113 0.0711175
7.77562 0.0756049
7.77628 0.0762528
7.77675 0.0767416
7.77869 0.0786833
7.78184 0.0218181
7.78184 0.0218181
7.78184 0.0218181
7.78222 0.0822057
7.78235 0.0220087
7.78235 0.0220087
7.78235 0.0223282
7.78247 0.0218176
7.78247 0.0221371
7.78247 0.0218176
7.78289 0.082883
7.78302 0.0223588
7.78302 0.0220393
7.78302 0.0220393
7.78414 0.0841319
7.7858 0.0857993
7.78746 0.0874459
7.78787 0.0878587
7.79199 0.0919729
7.79336 0.0933374
7.79368 0.0936694
7.79783 0.0978147
7.79821 0.0981964
7.80136 0.101346
7.80183 0.0218084
7.80183 0.0218084
7.80183 0.0218084
7.80214 0.0218039
7.80214 0.0218039
7.80214 0.0221234
7.80256 0.102545
7.80269 0.0220256
7.80269 0.0223451
7.80269 0.0220256
7.80281 0.022154
7.80281 0.0218345
7.80281 0.0218345
7.80416 0.104153
7.80448 0.104467
7.80564 0.105634
7.80596 0.105946
7.8074 0.107385
7.80787 0.10786
7.80819 0.10818
7.8091 0.10909
7.80942 0.10941
7.81043 0.110413
7.81075 0.110733
7.81106 0.11104
7.81151 0.111496
7.81189 0.111889
7.81221 0.112198
7.81256 0.112548
7.81288 0.112868
7.81354 0.113529
7.81467 0.114658
7.81645 0.116439
7.81677 0.116758
7.81709 0.117078
7.82015 0.120135
7.82047 0.120454
7.82047 0.120456
7.82203 0.0220066
7.82216 0.0218155
7.82216 0.0218155
7.82216 0.0218155
7.82247 0.021811
7.82247 0.021811
7.82247 0.0221305
7.82279 0.0218065
7.82279 0.022126
7.82279 0.0218065
7.82311 0.0230965
7.82324 0.0222544
7.82324 0.0219349
7.82324 0.0219349
7.82443 0.124425
7.82506 0.125045
7.82544 0.125427
7.82582 0.025817
7.82763 0.0276218
7.82795 0.0279264
7.8283 0.0282919
7.82878 0.0287669
7.8291 0.129086
7.83082 0.0308056
7.83114 0.131124
7.83114 0.0311251
7.83164 0.0316313
7.83196 0.13195
7.83269 0.0326746
7.83434 0.134331
7.83494 0.13493
7.8371 0.137085
7.83791 0.137902
7.83948 0.0394665
7.83992 0.0399105
7.84182 0.0218198
7.84182 0.0218198
7.84182 0.0218198
7.84214 0.0218153
7.84214 0.0218153
7.84214 0.0221348
7.84245 0.0218108
7.84245 0.0221303
7.84245 0.0218108
7.84277 0.0221259
7.84277 0.0218063
7.84277 0.0218063
7.84327 0.143262
7.84534 0.0453243
7.84578 0.0457682
7.84681 0.146802
7.84745 0.147433
7.84854 0.148536
7.85063 0.150622
7.85117 0.0511604
7.85721 0.0572031
7.8598 0.0597932
7.8605 0.0604859
7.86082 0.0608054
7.86182 0.0218101
7.86182 0.0218101
7.86182 0.0218101
7.86213 0.0218057
7.86213 0.0218057
7.86213 0.0221252
7.86245 0.0218012
7.86245 0.0221207
7.86245 0.0218012
7.86276 0.0221162
7.86276 0.0217967
7.86276 0.0217967
7.86628 0.066273
7.8666 0.0665925
7.8705 0.070489
7.87113 0.0711195
7.87562 0.075607
7.87628 0.0762581
7.87672 0.0767125
7.87925 0.0792312
7.88181 0.0217977
7.88181 0.0217977
7.88181 0.0217977
7.88222 0.0822078
7.88235 0.0220194
7.88235 0.0220194
7.88235 0.0223389
7.88248 0.0218283
7.88248 0.0221478
7.88248 0.0218283
7.8828 0.0827693
7.88292 0.0222762
7.88292 0.0219567
7.88292 0.0219567
7.88405 0.0840406
7.88593 0.0858977
7.88746 0.0874479
7.88787 0.0878607
7.89205 0.0920371
7.89327 0.0932668
7.89359 0.0935782
7.89783 0.0978168
7.89815 0.0981363
7.90124 0.101224
7.90183 0.0218191
7.90183 0.0218191
7.90183 0.0218191
7.90215 0.0218146
7.90215 0.0218146
7.90215 0.0221341
7.90253 0.102516
7.90266 0.0220052
7.90266 0.0223247
7.90266 0.0220052
7.90278 0.0221336
7.90278 0.0218141
7.90278 0.0218141
7.90419 0.104186
7.90451 0.1045
7.90567 0.105645
7.90599 0.105979
7.90752 0.107512
7.90787 0.107862
7.90819 0.108182
7.90901 0.108999
7.90933 0.109318
7.91043 0.110415
7.91075 0.110735
7.91107 0.111051
7.91182 0.111809
7.91214 0.112117
7.91214 0.112129
7.91252 0.112511
7.91284 0.11283
7.91353 0.113523
7.91472 0.114713
7.91635 0.116339
7.91667 0.116659
7.91702 0.117009
7.92014 0.120128
7.92046 0.120448
7.92084 0.120817
7.92203 0.0220173
7.92216 0.0218262
7.92216 0.0218262
7.92216 0.0218262
7.92247 0.0218217
7.92247 0.0218217
7.92247 0.0221412
7.92279 0.0218172
7.92279 0.0221367
7.92279 0.0218172
7.92311 0.0230986
7.92324 0.0222651
7.92324 0.0219456
7.92324 0.0219456
7.92443 0.124405
7.92506 0.125047
7.92541 0.125398
7.92582 0.0257966
7.9276 0.0275927
7.92792 0.027906
7.9283 0.028294
7.92875 0.128737
7.92907 0.0290574
7.93082 0.0308077
7.93114 0.0311272
7.93146 0.131446
7.93178 0.0317662
7.9321 0.132085
7.9327 0.0326852
7.93435 0.134341
7.93495 0.134941
7.93714 0.137127
7.93796 0.137944
7.93946 0.039446
7.93993 0.039921
7.94183 0.0218079
7.94183 0.0218079
7.94183 0.0218079
7.94215 0.0218034
7.94215 0.0218034
7.94215 0.0221229
7.94246 0.0217989
7.94246 0.0221184
7.94246 0.0217989
7.94281 0.022145
7.94281 0.0218255
7.94281 0.0218255
7.94328 0.143273
7.94535 0.0453348
7.94579 0.0457787
7.94679 0.146782
7.94745 0.147443
7.94852 0.148515
7.95052 0.150508
7.95115 0.0511399
7.95722 0.0572136
7.95981 0.0598037
7.96051 0.0604965
7.96083 0.060816
7.96183 0.0217982
7.96183 0.0217982
7.96183 0.0217982
7.96217 0.0218248
7.96217 0.0218248
7.96217 0.0221443
7.96249 0.0218203
7.96249 0.0221398
7.96249 0.0218203
7.9628 0.0221353
7.9628 0.0218158
7.9628 0.0218158
7.96629 0.0662835
7.96661 0.066603
7.97051 0.0704995
7.97114 0.07113
7.97563 0.0756175
7.97635 0.0763342
7.97673 0.0767231
7.97926 0.0792504
7.98185 0.0218169
7.98185 0.0218169
7.98185 0.0218169
7.98223 0.0822183
7.98236 0.0220075
7.98236 0.0220075
7.98236 0.022327
7.98249 0.0218163
7.98249 0.0221359
7.98249 0.0218163
7.98281 0.0827885
7.98293 0.0222642
7.98293 0.0219447
7.98293 0.0219447
7.98403 0.0840201
7.98581 0.0858068
7.98747 0.0874584
7.98788 0.0878713
7.99206 0.0920477
7.9934 0.0933912
7.99372 0.0937131
7.99771 0.0977029
7.99825 0.0982401
8.00121 0.101203
8.00181 0.0218072
8.00181 0.0218072
8.00181 0.0218072
8.00212 0.0218027
8.00212 0.0218027
8.00212 0.0221222
8.00254 0.102526
8.00267 0.0220244
8.00267 0.0223439
8.00267 0.0220244
8.00279 0.0221528
8.00279 0.0218333
8.00279 0.0218333
8.00417 0.104166
8.00449 0.104483
8.00565 0.105637
8.00597 0.105962
8.00747 0.107464
8.00789 0.107876
8.00821 0.108196
8.00906 0.109044
8.00937 0.109364
8.01041 0.110399
8.01073 0.110718
8.01105 0.111043
8.01162 0.111606
8.01194 0.111925
8.01226 0.112242
8.01258 0.112565
8.01289 0.112884
8.01353 0.113515
8.01472 0.114705
8.0165 0.116486
8.01682 0.116806
8.01714 0.117125
8.02013 0.12012
8.02045 0.120439
8.02077 0.120764
8.02202 0.0220176
8.02278 0.0218135
8.02278 0.022133
8.02278 0.0218135
8.0231 0.0230862
8.02322 0.0222614
8.02322 0.0219419
8.02322 0.0219419
8.02373 0.123717
8.02505 0.125035
8.02543 0.125416
8.02575 0.0257307
8.02762 0.0276115
8.02794 0.0279334
8.02829 0.0282816
8.02877 0.128756
8.02877 0.0287567
8.03086 0.0308491
8.03118 0.131168
8.03118 0.0311686
8.03165 0.0316436
8.03197 0.131962
8.0327 0.032687
8.03439 0.134374
8.03489 0.13488
8.03714 0.137128
8.03824 0.138225
8.03946 0.0394478
8.03978 0.0397673
8.0418 0.0217873
8.0418 0.0217873
8.0418 0.0217873
8.04215 0.0218139
8.04215 0.0218139
8.04215 0.0221334
8.04246 0.0218094
8.04246 0.0221289
8.04246 0.0218094
8.04278 0.0221244
8.04278 0.0218049
8.04278 0.0218049
8.04322 0.143212
8.04535 0.0453367
8.04579 0.0457806
8.04679 0.146784
8.04739 0.147383
8.04852 0.148517
8.05065 0.150635
8.05115 0.0511417
8.05723 0.0572154
8.05978 0.0597744
8.06051 0.0604983
8.06083 0.0608178
8.06183 0.0218087
8.06183 0.0218087
8.06183 0.0218087
8.06214 0.0218042
8.06214 0.0218042
8.06214 0.0221237
8.06246 0.0217997
8.06246 0.0221192
8.06246 0.0217997
8.06277 0.0221147
8.06277 0.0217952
8.06277 0.0217952
8.0663 0.0662854
8.06661 0.0666049
8.07051 0.0705013
8.07124 0.0712252
8.07563 0.0756193
8.07626 0.076246
8.07673 0.0767249
8.07923 0.0792298
8.08182 0.0217962
8.08182 0.0217962
8.08182 0.0217962
8.08223 0.0822201
8.08236 0.0220179
8.08236 0.0220179
8.08236 0.0223375
8.08249 0.0218268
8.08249 0.0221463
8.08249 0.0218268
8.08281 0.082799
8.08293 0.0222747
8.08293 0.0219552
8.08293 0.0219552
8.08403 0.0840219
8.08581 0.0858118
8.0875 0.0874914
8.08801 0.0879975
8.09203 0.0920184
8.09356 0.093551
8.09637 0.0963458
8.09771 0.0977047
8.09872 0.0987085
8.10125 0.101236
8.10181 0.0217866
8.10181 0.0217866
8.10181 0.0217866
8.10216 0.0218132
8.10216 0.0218132
8.10216 0.0221327
8.1026 0.10259
8.10273 0.022066
8.10273 0.0223855
8.10273 0.022066
8.10286 0.0221944
8.10286 0.0218749
8.10286 0.0218749
8.10408 0.104074
8.1044 0.104388
8.10559 0.105581
8.10594 0.105929
8.10747 0.107462
8.10788 0.107875
8.1082 0.108194
8.10902 0.109011
8.10934 0.109331
8.11038 0.110366
8.1107 0.110685
8.11105 0.111018
8.1114 0.111386
8.11184 0.11183
8.11216 0.112155
8.11251 0.1125
8.11283 0.11282
8.11346 0.11345
8.11471 0.114703
8.1164 0.116391
8.11672 0.116711
8.11704 0.11703
8.12007 0.120056
8.12039 0.120375
8.12148 0.121463
8.12202 0.0219932
8.12215 0.0218021
8.12215 0.0218021
8.12215 0.0218021
8.12246 0.0217976
8.12246 0.0217976
8.12246 0.0221171
8.12278 0.0217931
8.12278 0.0221126
8.12278 0.0217931
8.1231 0.0230883
8.12323 0.022241
8.12323 0.0219215
8.12323 0.0219215
8.12451 0.124482
8.12508 0.125068
8.12543 0.125419
8.12581 0.025781
8.12762 0.0276136
8.12794 0.027913
8.12829 0.0282837
8.12877 0.0287587
8.12877 0.128758
8.13086 0.0308512
8.13118 0.13117
8.13118 0.0311707
8.13162 0.0316146
8.13194 0.131933
8.1327 0.0326891
8.13432 0.134314
8.13492 0.134914
8.13708 0.137068
8.13799 0.137979
8.13946 0.0394499
8.13993 0.0399249
8.1418 0.021798
8.1418 0.021798
8.1418 0.021798
8.14212 0.0217935
8.14212 0.0217935
8.14212 0.022113
8.14243 0.021789
8.14243 0.0221085
8.14243 0.021789
8.14275 0.022104
8.14275 0.0217845
8.14275 0.0217845
8.14316 0.143152
8.14532 0.0453076
8.14576 0.0457515
8.1468 0.146786
8.1474 0.147385
8.14852 0.148519
8.15055 0.150543
8.15115 0.0511437
8.1572 0.0571864
8.15982 0.0598076
8.16029 0.0602826
8.16067 0.0606643
8.1618 0.0217883
8.1618 0.0217883
8.1618 0.0217883
8.16211 0.0217838
8.16211 0.0217838
8.16211 0.0221033
8.16246 0.0218104
8.16246 0.0221299
8.16246 0.0218104
8.16277 0.0221254
8.16277 0.0218059
8.16277 0.0218059
8.1663 0.0662874
8.16662 0.0666069
8.17048 0.0704723
8.17111 0.0711028
8.1756 0.0755903
8.17592 0.0759092
8.17674 0.076727
8.17923 0.0792094
8.18182 0.0218069
8.18182 0.0218069
8.18182 0.0218069
8.18226 0.0822533
8.18239 0.0220597
8.18239 0.0220597
8.18239 0.0223793
8.18252 0.0218686
8.18252 0.0221881
8.18252 0.0218686
8.18284 0.0828097
8.18297 0.0223165
8.18297 0.021997
8.18297 0.021997
8.18391 0.0838995
8.18581 0.0858118
8.18744 0.0874312
8.18785 0.087844
8.19197 0.0919582
8.19356 0.093553
8.19631 0.0962978
8.19772 0.0977068
8.19866 0.0986484
8.20125 0.101238
8.20181 0.0217973
8.20181 0.0217973
8.20181 0.0217973
8.20213 0.0217928
8.20213 0.0217928
8.20213 0.0221123
8.20244 0.0217883
8.20244 0.0221078
8.20244 0.0217883
8.20276 0.102752
8.20289 0.0222362
8.20289 0.0219167
8.20289 0.0219167
8.20424 0.104232
8.20455 0.104546
8.20565 0.105623
8.20597 0.105962
8.20732 0.107308
8.20785 0.107845
8.20817 0.108165
8.20899 0.108982
8.20931 0.109302
8.21038 0.110368
8.2107 0.110687
8.21102 0.110998
8.21143 0.111419
8.21187 0.111846
8.21219 0.112183
8.21251 0.112502
8.21283 0.112822
8.21355 0.113546
8.21475 0.114736
8.21628 0.116269
8.2166 0.116588
8.21692 0.116908
8.22013 0.12012
8.22045 0.120439
8.22148 0.121474
8.22202 0.0220039
8.22215 0.0218128
8.22215 0.0218128
8.22215 0.0218128
8.22246 0.0218083
8.22246 0.0218083
8.22246 0.0221278
8.22278 0.0218038
8.22278 0.0221233
8.22278 0.0218038
8.2231 0.0230903
8.22323 0.0222517
8.22323 0.0219322
8.22323 0.0219322
8.22442 0.1244
8.22505 0.125039
8.22543 0.125421
8.22581 0.0257917
8.22762 0.0276156
8.22794 0.0279237
8.22829 0.0282857
8.22877 0.12876
8.22909 0.0290803
8.23084 0.0308306
8.23116 0.131149
8.23116 0.0311501
8.23163 0.0316251
8.23195 0.131944
8.23271 0.0326996
8.23433 0.134325
8.23487 0.134862
8.23712 0.13711
8.23822 0.138207
8.23944 0.0394293
8.23985 0.0398421
8.24181 0.021786
8.24181 0.021786
8.24181 0.021786
8.24216 0.0218126
8.24216 0.0218126
8.24216 0.0221321
8.24248 0.0218081
8.24248 0.0221276
8.24248 0.0218081
8.24279 0.0221231
8.24279 0.0218036
8.24279 0.0218036
8.2433 0.143287
8.24533 0.0453181
8.24577 0.045762
8.24684 0.146827
8.24744 0.147427
8.24853 0.148529
8.25053 0.150523
8.25113 0.0511232
8.25721 0.0571969
8.2598 0.059787
8.26049 0.0604798
8.26081 0.0607993
8.26184 0.0218074
8.26184 0.0218074
8.26184 0.0218074
8.26215 0.0218029
8.26215 0.0218029
8.26215 0.0221225
8.26247 0.0217985
8.26247 0.022118
8.26247 0.0217985
8.26278 0.0221135
8.26278 0.021794
8.26278 0.021794
8.26628 0.0662668
8.26659 0.0665863
8.27049 0.0704828
8.27122 0.0712067
8.27542 0.0754142
8.27633 0.0763273
8.27665 0.0766442
8.27927 0.0792596
8.2818 0.021795
8.2818 0.021795
8.2818 0.021795
8.28221 0.0822016
8.28234 0.0220167
8.28234 0.0220167
8.28234 0.0223362
8.28247 0.0218256
8.28247 0.0221451
8.28247 0.0218256
8.28279 0.0827666
8.28291 0.0222735
8.28291 0.021954
8.28291 0.021954
8.28392 0.0839101
8.28589 0.0858824
8.28745 0.0874417
8.28786 0.0878546
8.29204 0.092031
8.29357 0.0935635
8.29638 0.0963515
8.29773 0.0977173
8.29873 0.0987211
8.30126 0.101249
8.30179 0.0217853
8.30179 0.0217853
8.30179 0.0217853
8.30214 0.0218119
8.30214 0.0218119
8.30214 0.0221314
8.30261 0.102603
8.30274 0.0220958
8.30274 0.0224153
8.30274 0.0220958
8.30287 0.0222242
8.30287 0.0219047
8.30287 0.0219047
8.30415 0.104149
8.30447 0.104463
8.30582 0.105798
8.30614 0.106128
8.30748 0.107474
8.30814 0.108136
8.30846 0.108455
8.30903 0.109024
8.30938 0.109374
8.31036 0.110347
8.31067 0.110667
8.31099 0.110986
8.31141 0.111399
8.31182 0.111812
8.31214 0.112123
8.31249 0.112482
8.31281 0.112801
8.3135 0.113494
8.31485 0.11484
8.31635 0.116341
8.31667 0.116661
8.31699 0.116981
8.32011 0.120099
8.32043 0.120419
8.32165 0.121648
8.322 0.021992
8.32213 0.0218009
8.32213 0.0218009
8.32213 0.0218009
8.32244 0.0217964
8.32244 0.0217964
8.32244 0.0221159
8.32276 0.0217919
8.32276 0.0221114
8.32276 0.0217919
8.32308 0.0230698
8.32321 0.0222398
8.32321 0.0219203
8.32321 0.0219203
8.32443 0.124419
8.32506 0.125049
8.32541 0.1254
8.32579 0.0257798
8.32751 0.0275017
8.32789 0.0278807
8.32827 0.0282652
8.32875 0.0287402
8.32907 0.129059
8.33085 0.0308411
8.33117 0.0311606
8.33149 0.131479
8.33181 0.0317996
8.33181 0.131799
8.33272 0.0327101
8.33434 0.134335
8.33488 0.134872
8.3371 0.137089
8.33798 0.137969
8.33945 0.0394398
8.33986 0.0398526
8.34182 0.0218052
8.34182 0.0218052
8.34182 0.0218052
8.34214 0.0218007
8.34214 0.0218007
8.34214 0.0221202
8.34245 0.0217962
8.34245 0.0221157
8.34245 0.0217962
8.34277 0.0221112
8.34277 0.0217917
8.34277 0.0217917
8.34315 0.143142
8.34534 0.0453286
8.34578 0.0457726
8.34678 0.146776
8.34748 0.147468
8.34867 0.148664
8.35057 0.150565
8.35114 0.0511337
8.35721 0.0572074
8.35971 0.0597042
8.36047 0.0604592
8.36079 0.0607787
8.36182 0.0217955
8.36182 0.0217955
8.36182 0.0217955
8.36213 0.021791
8.36213 0.021791
8.36213 0.0221105
8.36245 0.0217865
8.36245 0.022106
8.36245 0.0217865
8.36279 0.0221326
8.36279 0.0218131
8.36279 0.0218131
8.36628 0.0662774
8.3666 0.0665969
8.37047 0.0704622
8.37119 0.0711861
8.37543 0.0754247
8.37628 0.0762789
8.37666 0.0766547
8.37922 0.0792166
8.38181 0.0217831
8.38181 0.0217831
8.38181 0.0217831
8.38222 0.0822121
8.38235 0.0220048
8.38235 0.0220048
8.38235 0.0223243
8.38248 0.0218136
8.38248 0.0221331
8.38248 0.0218136
8.3828 0.0827858
8.38292 0.0222615
8.38292 0.021942
8.38292 0.021942
8.3839 0.0838895
8.3858 0.0858027
8.38743 0.0874212
8.38787 0.0878651
8.39199 0.0919793
8.39355 0.0935429
8.39639 0.0963741
8.3977 0.0976967
8.39871 0.0987005
8.40124 0.101228
8.40183 0.0218045
8.40183 0.0218045
8.40183 0.0218045
8.40215 0.0218
8.40215 0.0218
8.40215 0.0221195
8.40246 0.0217955
8.40246 0.022115
8.40246 0.0217955
8.40278 0.102773
8.40291 0.0222434
8.40291 0.0219239
8.40291 0.0219239
8.40419 0.104191
8.40451 0.104505
8.40558 0.105568
8.40593 0.105921
8.40746 0.107454
8.40787 0.107867
8.40819 0.108186
8.40892 0.10891
8.40924 0.109229
8.41037 0.110358
8.41068 0.110677
8.411 0.110974
8.41142 0.111409
8.41186 0.111853
8.41218 0.112173
8.4125 0.112492
8.41282 0.112812
8.41348 0.113474
8.41483 0.114819
8.4163 0.11629
8.41662 0.116609
8.41694 0.116929
8.42012 0.12011
8.42044 0.120429
8.42147 0.12145
8.42201 0.02198
8.42214 0.0217889
8.42214 0.0217889
8.42214 0.0217889
8.42245 0.0217844
8.42245 0.0217844
8.42245 0.0221039
8.4228 0.021811
8.4228 0.0221305
8.4228 0.021811
8.42312 0.0231114
8.42325 0.0222589
8.42325 0.0219394
8.42325 0.0219394
8.42459 0.124562
8.4251 0.125091
8.42542 0.125411
8.4258 0.0257989
8.42749 0.0274811
8.42787 0.0278687
8.42838 0.028369
8.42876 0.12875
8.42908 0.0290702
8.43086 0.0308516
8.43118 0.13117
8.43118 0.0311711
8.43162 0.031615
8.43194 0.131934
8.4327 0.0326895
8.43435 0.134346
8.43498 0.134976
8.43723 0.137224
8.43789 0.137886
8.43946 0.0394503
8.43987 0.0398631
8.4418 0.0217932
8.4418 0.0217932
8.4418 0.0217932
8.44212 0.0217887
8.44212 0.0217887
8.44212 0.0221082
8.44243 0.0217842
8.44243 0.0221038
8.44243 0.0217842
8.44278 0.0221304
8.44278 0.0218109
8.44278 0.0218109
8.44316 0.143153
8.44531 0.0453081
8.44576 0.045752
8.44679 0.146786
8.44752 0.14751
8.44852 0.148519
8.45083 0.150824
8.45115 0.0511442
8.45726 0.0572491
8.45978 0.0597769
8.46048 0.0604697
8.4608 0.0607892
8.4618 0.0217836
8.4618 0.0217836
8.4618 0.0217836
8.46214 0.0218102
8.46214 0.0218102
8.46214 0.0221297
8.46246 0.0218057
8.46246 0.0221252
8.46246 0.0218057
8.46277 0.0221207
8.46277 0.0218012
8.46277 0.0218012
8.46583 0.0658213
8.46655 0.0665452
8.47048 0.0704727
8.4712 0.0711966
8.47541 0.0754041
8.47629 0.0762616
8.47661 0.076603
8.47929 0.0792669
8.48182 0.0218022
8.48182 0.0218022
8.48182 0.0218022
8.4822 0.0821915
8.48233 0.0219928
8.48233 0.0219928
8.48233 0.0223123
8.48246 0.0218017
8.48246 0.0221212
8.48246 0.0218017
8.48287 0.0828671
8.483 0.0223429
8.483 0.0220234
8.483 0.0220234
8.48391 0.0839
8.48584 0.0858409
8.48744 0.0874317
8.48785 0.0878445
8.49203 0.0920209
8.49356 0.0935535
8.49631 0.0963034
8.49771 0.0977072
8.49866 0.0986488
8.50128 0.10127
8.50181 0.0217925
8.50181 0.0217925
8.50181 0.0217925
8.50212 0.021788
8.50212 0.021788
8.50212 0.0221075
8.5026 0.102593
8.50273 0.022072
8.50273 0.0223915
8.50273 0.022072
8.50286 0.0222003
8.50286 0.0218808
8.50286 0.0218808
8.50408 0.104077
8.5044 0.104391
8.50565 0.105649
8.50597 0.105963
8.50732 0.107309
8.50785 0.107846
8.50817 0.108165
8.50908 0.109076
8.5094 0.109395
8.51037 0.110368
8.51069 0.110688
8.51101 0.110993
8.51143 0.11142
8.51187 0.111842
8.51219 0.112183
8.51251 0.112503
8.51283 0.112822
8.51355 0.113546
8.51471 0.114706
8.51628 0.116269
8.5166 0.116589
8.51691 0.116908
8.52013 0.12012
8.52045 0.12044
8.52154 0.121531
8.52202 0.0219992
8.52215 0.0218081
8.52215 0.0218081
8.52215 0.0218081
8.52246 0.0218036
8.52246 0.0218036
8.52246 0.0221231
8.52278 0.0217991
8.52278 0.0221186
8.52278 0.0217991
8.5231 0.0230908
8.52323 0.022247
8.52323 0.0219275
8.52323 0.0219275
8.52442 0.124395
8.52508 0.12507
8.52543 0.125421
8.52581 0.025787
8.52762 0.0276161
8.52794 0.027919
8.52839 0.0283795
8.52874 0.128729
8.52906 0.0290496
8.53084 0.030831
8.53116 0.0311505
8.53148 0.131469
8.5318 0.0317895
8.5318 0.131789
8.53271 0.0327
8.53436 0.134356
8.53499 0.134987
8.53715 0.137141
8.53787 0.137865
8.53944 0.0394297
8.53988 0.0398736
8.54184 0.0218124
8.54184 0.0218124
8.54184 0.0218124
8.54216 0.0218079
8.54216 0.0218079
8.54216 0.0221274
8.54247 0.0218034
8.54247 0.0221229
8.54247 0.0218034
8.54279 0.0221184
8.54279 0.0217989
8.54279 0.0217989
8.54314 0.143132
8.54532 0.0453186
8.54577 0.0457625
8.5468 0.146797
8.54746 0.147458
8.54872 0.148717
8.55056 0.150554
8.55113 0.0511236
8.55727 0.0572596
8.55995 0.059943
8.56049 0.0604802
8.56081 0.0607997
8.5618 0.0218027
8.5618 0.0218027
8.5618 0.0218027
8.56212 0.0217982
8.56212 0.0217982
8.56212 0.0221177
8.56243 0.0217937
8.56243 0.0221132
8.56243 0.0217937
8.56275 0.0221087
8.56275 0.0217892
8.56275 0.0217892
8.56627 0.0662673
8.56659 0.0665868
8.57049 0.0704833
8.57121 0.0712071
8.57561 0.0756013
8.5763 0.0762754
8.57662 0.0766135
8.57927 0.0792549
8.5818 0.0217903
8.5818 0.0217903
8.5818 0.0217903
8.58221 0.082202
8.58234 0.022012
8.58234 0.022012
8.58234 0.0223315
8.58246 0.0218209
8.58246 0.0221404
8.58246 0.0218209
8.58278 0.0827619
8.58291 0.0222688
8.58291 0.0219492
8.58291 0.0219492
8.58392 0.0839105
8.58588 0.0858585
8.58745 0.0874422
8.58786 0.087855
8.59198 0.0919692
8.59357 0.093564
8.59635 0.0963261
8.59782 0.0978111
8.59873 0.0987215
8.60126 0.101249
8.60182 0.0218117
8.60182 0.0218117
8.60182 0.0218117
8.60213 0.0218072
8.60213 0.0218072
8.60213 0.0221267
8.60261 0.102603
8.60274 0.0220911
8.60274 0.0224106
8.60274 0.0220911
8.60287 0.0222195
8.60287 0.0219
8.60287 0.0219
8.60427 0.104274
8.60459 0.104588
8.60582 0.105793
8.60613 0.106129
8.60748 0.107475
8.60811 0.108105
8.60843 0.108425
8.60903 0.109024
8.60938 0.109375
8.61035 0.110348
8.61067 0.110667
8.61099 0.110981
8.61147 0.111462
8.61179 0.111781
8.61211 0.112087
8.61252 0.112513
8.61284 0.112833
8.61347 0.113463
8.61472 0.114716
8.61629 0.11628
8.61661 0.116599
8.61702 0.117012
8.62017 0.120162
8.62017 0.120162
8.62167 0.121666
8.62199 0.0219788
8.62212 0.0217877
8.62212 0.0217877
8.62212 0.0217877
8.62243 0.0217832
8.62243 0.0217832
8.62243 0.0221027
8.62278 0.0218098
8.62278 0.0221293
8.62278 0.0218098
8.6231 0.0230929
8.62323 0.0222577
8.62323 0.0219382
8.62323 0.0219382
8.62442 0.124406
8.62505 0.125041
8.6254 0.125392
8.62581 0.0257977
8.62762 0.0276181
8.62794 0.0279297
8.62826 0.0282571
8.62874 0.128731
8.62906 0.0290517
8.63084 0.0308331
8.63116 0.0311526
8.63148 0.131471
8.6318 0.0317916
8.6318 0.131791
8.63271 0.0327021
8.63436 0.134358
8.63496 0.134958
8.63712 0.137112
8.638 0.137992
8.63944 0.0394318
8.63988 0.0398757
8.64181 0.021792
8.64181 0.021792
8.64181 0.021792
8.64213 0.0217875
8.64213 0.0217875
8.64213 0.022107
8.64244 0.021783
8.64244 0.0221025
8.64244 0.021783
8.64279 0.0221291
8.64279 0.0218096
8.64279 0.0218096
8.64314 0.143134
8.64533 0.0453206
8.64577 0.0457645
8.64677 0.146768
8.64737 0.147367
8.64869 0.148688
8.65056 0.150557
8.65113 0.0511257
8.6572 0.0571994
8.66001 0.0600072
8.66049 0.0604823
8.66081 0.0608018
8.66184 0.0218134
8.66184 0.0218134
8.66184 0.0218134
8.66215 0.0218089
8.66215 0.0218089
8.66215 0.0221284
8.66247 0.0218044
8.66247 0.0221239
8.66247 0.0218044
8.66278 0.0221194
8.66278 0.0217999
8.66278 0.0217999
8.66631 0.0663004
8.66663 0.0666199
8.67049 0.0704853
8.67121 0.0712092
8.67561 0.0756033
8.67661 0.0766071
8.67774 0.07772
8.67921 0.0792034
8.68183 0.021801
8.68183 0.021801
8.68183 0.021801
8.68221 0.0822041
8.68234 0.0219916
8.68234 0.0219916
8.68234 0.0223111
8.68247 0.0218004
8.68247 0.02212
8.68247 0.0218004
8.68279 0.0827726
8.68291 0.0222483
8.68291 0.0219288
8.68291 0.0219288
8.68392 0.0839126
8.68585 0.0858274
8.68742 0.0874131
8.68786 0.0878571
8.69198 0.0919713
8.69357 0.093566
8.69635 0.0963402
8.69782 0.0978131
8.69873 0.0987236
8.70123 0.10122
8.70182 0.0217913
8.70182 0.0217913
8.70182 0.0217913
8.70214 0.0217868
8.70214 0.0217868
8.70214 0.0221063
8.70252 0.102512
8.70265 0.0219774
8.70265 0.0222969
8.70265 0.0219774
8.70277 0.0221058
8.70277 0.0217863
8.70277 0.0217863
8.70418 0.104152
8.7045 0.104496
8.70579 0.105772
8.7061 0.1061
8.70758 0.10757
8.70789 0.10789
8.70821 0.108209
8.70903 0.109026
8.70935 0.109346
8.71035 0.11035
8.71067 0.110669
8.71099 0.110992
8.71147 0.111464
8.71179 0.111783
8.71211 0.112098
8.71252 0.112515
8.71284 0.112835
8.71347 0.113466
8.71475 0.114749
8.71629 0.116282
8.71661 0.116601
8.71696 0.116952
8.72004 0.12004
8.72036 0.120359
8.72152 0.121499
8.722 0.0219979
8.72213 0.0218068
8.72213 0.0218068
8.72213 0.0218068
8.72244 0.0218023
8.72244 0.0218023
8.72244 0.0221218
8.72276 0.0217978
8.72276 0.0221174
8.72276 0.0217978
8.72308 0.0230723
8.7232 0.0222457
8.7232 0.0219262
8.7232 0.0219262
8.7244 0.124394
8.72512 0.125114
8.72544 0.125434
8.72579 0.0257857
8.7276 0.0275975
8.72792 0.0279177
8.7284 0.0283921
8.72875 0.128742
8.72875 0.0287427
8.73084 0.0308351
8.73116 0.0311546
8.73148 0.131473
8.7318 0.0317937
8.7318 0.131793
8.73271 0.0327041
8.73437 0.13436
8.73487 0.134866
8.73712 0.137114
8.73794 0.137932
8.73944 0.0394338
8.73988 0.0398778
8.74181 0.0218027
8.74181 0.0218027
8.74181 0.0218027
8.74213 0.0217982
8.74213 0.0217982
8.74213 0.0221177
8.74244 0.0217937
8.74244 0.0221132
8.74244 0.0217937
8.74276 0.0221087
8.74276 0.0217892
8.74276 0.0217892
8.74314 0.143136
8.74533 0.0453227
8.74577 0.0457666
8.74681 0.146801
8.74753 0.147525
8.74869 0.148658
8.7505 0.150496
8.75113 0.0511277
8.75727 0.0572637
8.75998 0.0599782
8.76049 0.0604843
8.76081 0.0608038
8.76181 0.021793
8.76181 0.021793
8.76181 0.021793
8.76212 0.0217885
8.76212 0.0217885
8.76212 0.022108
8.76244 0.021784
8.76244 0.0221035
8.76244 0.021784
8.76278 0.0221301
8.76278 0.0218106
8.76278 0.0218106
8.76628 0.0662714
8.7666 0.0665909
8.77049 0.0704874
8.77122 0.0712112
8.77561 0.0756054
8.77652 0.0765158
8.77774 0.0777169
8.77921 0.079183
8.78183 0.0218117
8.78183 0.0218117
8.78183 0.0218117
8.78221 0.0822061
8.78234 0.0220023
8.78234 0.0220023
8.78234 0.0223218
8.78247 0.0218111
8.78247 0.0221306
8.78247 0.0218111
8.78282 0.0828144
8.78295 0.0222901
8.78295 0.0219706
8.78295 0.0219706
8.78392 0.0839146
8.78582 0.0858213
8.78742 0.0874152
8.78786 0.0878591
8.79198 0.0919733
8.79354 0.093537
8.79629 0.0962611
8.79773 0.0977218
8.79873 0.0987256
8.80123 0.101222
8.80182 0.021802
8.80182 0.021802
8.80182 0.021802
8.80214 0.0217975
8.80214 0.0217975
8.80214 0.022117
8.80245 0.021793
8.80245 0.0221125
8.80245 0.021793
8.80277 0.102767
8.8029 0.0222409
8.8029 0.0219214
8.8029 0.0219214
8.80421 0.104185
8.80453 0.10453
8.80557 0.105565
8.80592 0.105915
8.80733 0.107323
8.80786 0.107861
8.80818 0.10818
8.80897 0.108966
8.80929 0.109286
8.81036 0.110352
8.81068 0.110671
8.81099 0.110972
8.81147 0.111466
8.81185 0.111851
8.81217 0.112167
8.81252 0.112517
8.81284 0.112837
8.81344 0.113436
8.81466 0.114658
8.81638 0.116377
8.8167 0.116697
8.81702 0.117016
8.82011 0.120104
8.82043 0.120423
8.82152 0.12151
8.822 0.0219775
8.82213 0.0217864
8.82213 0.0217864
8.82213 0.0217864
8.82247 0.021813
8.82247 0.021813
8.82247 0.0221325
8.82279 0.0218085
8.82279 0.022128
8.82279 0.0218085
8.82311 0.0231054
8.82324 0.0222564
8.82324 0.0219369
8.82324 0.0219369
8.8244 0.124373
8.82509 0.125085
8.82544 0.125436
8.82582 0.0257964
8.8276 0.0275996
8.82792 0.0278973
8.8284 0.0283941
8.82872 0.128713
8.82904 0.0290332
8.83085 0.0308456
8.83117 0.0311652
8.83149 0.131484
8.83181 0.0318042
8.83181 0.131803
8.83269 0.0326835
8.83434 0.13434
8.83488 0.134877
8.83713 0.137125
8.83807 0.138066
8.83951 0.0395066
8.83983 0.0398261
8.84179 0.0217907
8.84179 0.0217907
8.84179 0.0217907
8.84211 0.0217862
8.84211 0.0217862
8.84211 0.0221058
8.84245 0.0218129
8.84245 0.0221324
8.84245 0.0218129
8.84277 0.0221279
8.84277 0.0218084
8.84277 0.0218084
8.84315 0.143147
8.84534 0.0453332
8.84575 0.045746
8.84682 0.146811
8.84754 0.147535
8.84867 0.148638
8.85051 0.150507
8.85114 0.0511382
8.85725 0.0572431
8.85996 0.0599576
8.86047 0.0604637
8.86079 0.0607832
8.86182 0.0218122
8.86182 0.0218122
8.86182 0.0218122
8.86213 0.0218077
8.86213 0.0218077
8.86213 0.0221272
8.86245 0.0218032
8.86245 0.0221227
8.86245 0.0218032
8.86276 0.0221182
8.86276 0.0217987
8.86276 0.0217987
8.86629 0.0662819
8.8666 0.0666014
8.87047 0.0704668
8.87119 0.0711906
8.87562 0.0756159
8.87659 0.0765886
8.87772 0.0776911
8.87922 0.0792021
8.88181 0.0217997
8.88181 0.0217997
8.88181 0.0217997
8.88219 0.0821856
8.88232 0.0219903
8.88232 0.0219903
8.88232 0.0223098
8.88245 0.0217992
8.88245 0.0221187
8.88245 0.0217992
8.88277 0.0827402
8.88289 0.0222471
8.88289 0.0219276
8.88289 0.0219276
8.8839 0.083894
8.8859 0.08587
8.88743 0.0874257
8.88784 0.0878385
8.89196 0.0919527
8.89355 0.0935475
8.89639 0.096377
8.89789 0.0978879
8.8988 0.0987984
8.90124 0.101233
8.9018 0.02179
8.9018 0.02179
8.9018 0.02179
8.90212 0.0217855
8.90212 0.0217855
8.90212 0.0221051
8.90246 0.0218122
8.90246 0.0221317
8.90246 0.0218122
8.90278 0.102777
8.90291 0.0222601
8.90291 0.0219405
8.90291 0.0219405
8.90429 0.104257
8.90461 0.104602
8.9057 0.105678
8.90602 0.106019
8.90749 0.107489
8.90787 0.107871
8.90819 0.108191
8.90904 0.109039
8.90936 0.109358
8.91043 0.110424
8.91075 0.110744
8.91107 0.111053
8.91151 0.111507
8.91183 0.111827
8.91215 0.112127
8.9125 0.112497
8.91282 0.112816
8.91348 0.113478
8.91483 0.114824
8.91633 0.116325
8.91665 0.116645
8.91697 0.116964
8.92012 0.120114
8.92044 0.120434
8.9216 0.121591
8.92201 0.0219967
8.92214 0.0218056
8.92214 0.0218056
8.92214 0.0218056
8.92245 0.0218011
8.92245 0.0218011
8.92245 0.0221206
8.92277 0.0217966
8.92277 0.0221161
8.92277 0.0217966
8.92309 0.0230848
8.92322 0.0222445
8.92322 0.021925
8.92322 0.021925
8.92441 0.124392
8.92513 0.125127
8.92545 0.125446
8.9258 0.0257845
8.92761 0.0276101
8.92793 0.0279165
8.92838 0.0283736
8.92876 0.0287553
8.92876 0.128754
8.93085 0.0308477
8.93117 0.0311672
8.93149 0.131486
8.93181 0.0318062
8.93181 0.131805
8.93269 0.0326856
8.93431 0.134311
8.93488 0.134879
8.93713 0.137127
8.93798 0.137975
8.93945 0.0394464
8.93999 0.0399836
8.94183 0.0218014
8.94183 0.0218014
8.94183 0.0218014
8.94214 0.0217969
8.94214 0.0217969
8.94214 0.0221164
8.94246 0.0217924
8.94246 0.022112
8.94246 0.0217924
8.94277 0.0221075
8.94277 0.021788
8.94277 0.021788
8.94315 0.143149
8.94531 0.0453041
8.94575 0.0457481
8.94682 0.146813
8.94754 0.147537
8.9487 0.148671
8.95054 0.15054
8.95114 0.0511403
8.95725 0.0572451
8.95996 0.0599597
8.96047 0.0604658
8.96079 0.0607853
8.96182 0.0217917
8.96182 0.0217917
8.96182 0.0217917
8.96213 0.0217873
8.96213 0.0217873
8.96213 0.0221068
8.96248 0.0218139
8.96248 0.0221334
8.96248 0.0218139
8.96279 0.0221289
8.96279 0.0218094
8.96279 0.0218094
8.96629 0.066284
8.96661 0.0666035
8.97047 0.0704688
8.9712 0.0711927
8.97559 0.0755868
8.97653 0.0765284
8.97769 0.077688
8.97929 0.079275
8.98184 0.0218104
8.98184 0.0218104
8.98184 0.0218104
8.98219 0.0821876
8.98232 0.0219699
8.98232 0.0219699
8.98232 0.0222894
8.98248 0.0218099
8.98248 0.0221294
8.98248 0.0218099
8.9828 0.082782
8.98293 0.0222578
8.98293 0.0219383
8.98293 0.0219383
8.9839 0.0838961
8.98593 0.0859148
8.98743 0.0874278
8.98784 0.0878406
8.99196 0.0919548
8.99355 0.0935496
8.99636 0.096329
8.99771 0.0977033
8.99874 0.0987382
9.00124 0.101235
9.0018 0.0218007
9.0018 0.0218007
9.0018 0.0218007
9.00212 0.0217962
9.00212 0.0217962
9.00212 0.0221157
9.00243 0.0217917
9.00243 0.0221113
9.00243 0.0217917
9.00275 0.102748
9.00288 0.0222396
9.00288 0.0219201
9.00288 0.0219201
9.00429 0.10426
9.00461 0.104608
9.00583 0.105817
9.00615 0.106149
9.0075 0.107495
9.00785 0.107846
9.00817 0.108165
9.00905 0.109045
9.00937 0.109364
9.01037 0.110368
9.01069 0.110688
9.01101 0.111005
9.01145 0.111451
9.0118 0.111802
9.01212 0.112111
9.01254 0.112534
9.01286 0.112853
9.01346 0.113453
9.01483 0.11483
9.01627 0.116269
9.01659 0.116589
9.01697 0.11697
9.02015 0.120151
9.02015 0.120151
9.02147 0.121442
9.02201 0.0220028
9.02276 0.0217987
9.02276 0.0221182
9.02276 0.0217987
9.02308 0.0230783
9.02321 0.0222466
9.02321 0.0219271
9.02321 0.0219271
9.0244 0.124395
9.02525 0.125245
9.02557 0.125564
9.02589 0.0258799
9.02761 0.0276036
9.02792 0.0279186
9.02828 0.0282737
9.02875 0.0287488
9.02907 0.129067
9.03085 0.0308497
9.03117 0.0311692
9.03117 0.131168
9.03161 0.0316131
9.03193 0.131932
9.03269 0.0326876
9.03438 0.134375
9.03488 0.134881
9.03713 0.137129
9.03823 0.138226
9.03948 0.0394795
9.0398 0.039799
9.0418 0.0217809
9.0418 0.0217809
9.0418 0.0217809
9.04211 0.0217764
9.04211 0.0217764
9.04211 0.0220959
9.04243 0.0217719
9.04243 0.0220914
9.04243 0.0217719
9.04277 0.0221181
9.04277 0.0217985
9.04277 0.0217985
9.04325 0.143244
9.04531 0.0453061
9.04575 0.04575
9.04682 0.146815
9.04748 0.147477
9.04867 0.148642
9.05076 0.15076
9.05114 0.0511422
9.05719 0.0571849
9.05996 0.0599616
9.06047 0.0604677
9.06079 0.0607873
9.06179 0.0217712
9.06179 0.0217712
9.06179 0.0217712
9.06213 0.0217979
9.06213 0.0217979
9.06213 0.0221174
9.06245 0.0217934
9.06245 0.0221129
9.06245 0.0217934
9.06276 0.0221084
9.06276 0.0217889
9.06276 0.0217889
9.06629 0.0662859
9.06661 0.0666054
9.07047 0.0704708
9.0712 0.0711946
9.07559 0.0755888
9.07653 0.0765304
9.07778 0.0777781
9.07932 0.0793167
9.08181 0.0217899
9.08181 0.0217899
9.08181 0.0217899
9.08219 0.0821896
9.08232 0.0219805
9.08232 0.0219805
9.08232 0.0223
9.08245 0.0217894
9.08245 0.0221089
9.08245 0.0217894
9.08277 0.0827615
9.0829 0.0222373
9.0829 0.0219178
9.0829 0.0219178
9.0839 0.083898
9.08584 0.085835
9.08743 0.0874297
9.08784 0.0878425
9.09199 0.0919878
9.09355 0.0935515
9.09639 0.0963741
9.09783 0.0978297
9.09871 0.0987091
9.10124 0.101237
9.1018 0.0217802
9.1018 0.0217802
9.1018 0.0217802
9.10212 0.0217757
9.10212 0.0217757
9.10212 0.0220952
9.1025 0.102498
9.10263 0.0219663
9.10263 0.0222858
9.10263 0.0219663
9.10276 0.0220947
9.10276 0.0217752
9.10276 0.0217752
9.10416 0.104137
9.10448 0.104482
9.1058 0.105792
9.10612 0.106116
9.10753 0.107524
9.10785 0.107844
9.10817 0.108163
9.10904 0.109043
9.10936 0.109362
9.11027 0.110273
9.11066 0.110655
9.11098 0.11095
9.1117 0.111698
9.11202 0.112016
9.11202 0.112017
9.11249 0.112492
9.11281 0.112812
9.11351 0.113505
9.11482 0.11482
9.11626 0.116259
9.11658 0.116578
9.1169 0.116898
9.12011 0.12011
9.12043 0.12043
9.1215 0.121479
9.122 0.0219784
9.12213 0.0217873
9.12213 0.0217873
9.12213 0.0217873
9.12245 0.0217828
9.12245 0.0217828
9.12245 0.0221023
9.12276 0.0217783
9.12276 0.0220978
9.12276 0.0217783
9.12308 0.0230804
9.12321 0.0222262
9.12321 0.0219067
9.12321 0.0219067
9.12443 0.124405
9.12509 0.125091
9.12541 0.125411
9.12583 0.0257973
9.12761 0.0276057
9.12793 0.0278982
9.12825 0.0282447
9.12872 0.0287197
9.12904 0.129038
9.13082 0.0308206
9.13114 0.0311401
9.13146 0.131459
9.13178 0.0317791
9.13178 0.131778
9.13269 0.0326896
9.13432 0.134315
9.13488 0.134883
9.13713 0.137131
9.13795 0.137948
9.13942 0.0394193
9.13996 0.0399565
9.1418 0.0217916
9.1418 0.0217916
9.1418 0.0217916
9.14211 0.0217871
9.14211 0.0217871
9.14211 0.0221066
9.14243 0.0217826
9.14243 0.0221021
9.14243 0.0217826
9.14274 0.0220976
9.14274 0.0217781
9.14274 0.0217781
9.14315 0.143153
9.14531 0.0453082
9.14575 0.0457521
9.14682 0.146817
9.14742 0.147417
9.14855 0.14852
9.15048 0.150482
9.15111 0.0511132
9.15719 0.0571869
9.15996 0.0599637
9.16044 0.0604387
9.16076 0.0607582
9.16179 0.0217819
9.16179 0.0217819
9.16179 0.0217819
9.1621 0.0217774
9.1621 0.0217774
9.1621 0.022097
9.16242 0.021773
9.16242 0.0220925
9.16242 0.021773
9.16277 0.0221191
9.16277 0.0217996
9.16277 0.0217996
9.16629 0.066288
9.16661 0.0666075
9.17047 0.0704728
9.17117 0.0711656
9.17559 0.0755908
9.1765 0.0765013
9.17772 0.0777128
9.17926 0.0792341
9.18181 0.0218006
9.18181 0.0218006
9.18181 0.0218006
9.18219 0.0821916
9.18232 0.0219912
9.18232 0.0219912
9.18232 0.0223107
9.18245 0.0218001
9.18245 0.0221196
9.18245 0.0218001
9.18277 0.0827411
9.1829 0.022248
9.1829 0.0219285
9.1829 0.0219285
9.18387 0.083869
9.18584 0.0858175
9.1874 0.0874007
9.18785 0.0878446
9.19196 0.0919588
9.19355 0.0935536
9.1963 0.096295
9.19783 0.0978317
9.19871 0.0987111
9.20133 0.101332
9.2018 0.0217909
9.2018 0.0217909
9.2018 0.0217909
9.20212 0.0217864
9.20212 0.0217864
9.20212 0.0221059
9.20243 0.0217819
9.20243 0.0221014
9.20243 0.0217819
9.20275 0.102752
9.20288 0.0222298
9.20288 0.0219103
9.20288 0.0219103
9.20417 0.104139
9.20449 0.104484
9.20568 0.105648
9.20599 0.105994
9.20734 0.10734
9.2081 0.108095
9.20842 0.108414
9.20895 0.108952
9.20927 0.109271
9.2104 0.110399
9.21072 0.110719
9.21104 0.111023
9.21151 0.111513
9.21183 0.111809
9.21215 0.112152
9.21247 0.112472
9.21279 0.112791
9.21352 0.113515
9.21474 0.114737
9.21624 0.116238
9.21656 0.116558
9.21694 0.116939
9.22003 0.120027
9.22035 0.120347
9.22163 0.121623
9.22198 0.0219665
9.22211 0.0217754
9.22211 0.0217754
9.22211 0.0217754
9.22243 0.0217709
9.22243 0.0217709
9.22243 0.0220904
9.22277 0.0217975
9.22277 0.022117
9.22277 0.0217975
9.22309 0.0230909
9.22322 0.0222454
9.22322 0.0219259
9.22322 0.0219259
9.22441 0.124393
9.22535 0.12535
9.22567 0.12567
9.22599 0.025972
9.22762 0.0276162
9.22803 0.0280107
9.22835 0.0283485
9.22879 0.128792
9.22911 0.0291119
9.23083 0.0308311
9.23115 0.13115
9.23115 0.0311506
9.23159 0.0315946
9.23191 0.131913
9.2327 0.0327001
9.23436 0.134356
9.23486 0.134862
9.23711 0.13711
9.23793 0.137928
9.23943 0.0394298
9.23984 0.0398426
9.24181 0.0217797
9.24181 0.0217797
9.24181 0.0217797
9.24212 0.0217752
9.24212 0.0217752
9.24212 0.0220947
9.24244 0.0217707
9.24244 0.0220902
9.24244 0.0217707
9.24278 0.0221168
9.24278 0.0217973
9.24278 0.0217973
9.2432 0.143194
9.24529 0.0452876
9.24586 0.0458559
9.24683 0.146828
9.24737 0.147365
9.24868 0.148654
9.25049 0.150492
9.25112 0.0511237
9.2572 0.0571975
9.25994 0.0599431
9.26045 0.0604492
9.26077 0.0607687
9.26183 0.0218011
9.26183 0.0218011
9.26183 0.0218011
9.26215 0.0217966
9.26215 0.0217966
9.26215 0.0221161
9.26246 0.0217921
9.26246 0.0221116
9.26246 0.0217921
9.26278 0.0221071
9.26278 0.0217876
9.26278 0.0217876
9.26627 0.0662674
9.26659 0.0665869
9.27048 0.0704834
9.27118 0.0711761
9.2756 0.0756013
9.2767 0.0766985
9.2777 0.077687
9.27927 0.0792533
9.28179 0.0217887
9.28179 0.0217887
9.28179 0.0217887
9.28217 0.082171
9.2823 0.0219793
9.2823 0.0219793
9.2823 0.0222988
9.28243 0.0217881
9.28243 0.0221076
9.28243 0.0217881
9.28275 0.0827292
9.28288 0.022236
9.28288 0.0219165
9.28288 0.0219165
9.28388 0.0838795
9.28588 0.0858571
9.28741 0.0874112
9.28801 0.0880106
9.29194 0.0919382
9.29353 0.093533
9.2964 0.0963798
9.29775 0.0977489
9.29872 0.0987216
9.30131 0.101312
9.30178 0.021779
9.30178 0.021779
9.30178 0.021779
9.3021 0.0217745
9.3021 0.0217745
9.3021 0.022094
9.30244 0.0218011
9.30244 0.0221206
9.30244 0.0218011
9.30276 0.102763
9.30289 0.022249
9.30289 0.0219295
9.30289 0.0219295
9.30408 0.104056
9.3044 0.104401
9.30559 0.105573
9.30591 0.105911
9.30748 0.107475
9.30786 0.107857
9.30818 0.108176
9.30887 0.108869
9.30934 0.109344
9.30997 0.109967
9.31033 0.110325
9.31068 0.110676
9.31146 0.111462
9.31181 0.111797
9.31213 0.112132
9.31248 0.112482
9.3128 0.112802
9.31312 0.113121
9.31481 0.114809
9.31637 0.116373
9.31669 0.116693
9.31669 0.116693
9.32015 0.120154
9.32047 0.120473
9.32157 0.12154
9.32198 0.0219772
9.32211 0.0217861
9.32211 0.0217861
9.32211 0.0217861
9.32243 0.0217816
9.32243 0.0217816
9.32243 0.0221011
9.32274 0.0217771
9.32274 0.0220966
9.32274 0.0217771
9.32309 0.0230618
9.32322 0.0222561
9.32322 0.0219366
9.32322 0.0219366
9.32444 0.124435
9.32526 0.125259
9.32558 0.125579
9.3259 0.0258894
9.32765 0.0276182
9.32797 0.0279592
9.32838 0.0283506
9.32873 0.128731
9.32905 0.0290207
9.33086 0.0308332
9.33118 0.0311527
9.3315 0.131502
9.33182 0.0317917
9.33214 0.132141
9.33274 0.0327106
9.33434 0.134336
9.33487 0.134873
9.33712 0.137121
9.33806 0.138062
9.33944 0.0394092
9.33988 0.0398532
9.34182 0.0217988
9.34182 0.0217988
9.34182 0.0217988
9.34213 0.0217943
9.34213 0.0217943
9.34213 0.0221139
9.34258 0.142575
9.3427 0.0220471
9.3427 0.0223667
9.3427 0.0220471
9.34283 0.0221755
9.34283 0.021856
9.34283 0.021856
9.34533 0.0452981
9.34577 0.045742
9.34681 0.146807
9.34734 0.147344
9.34854 0.148509
9.35053 0.150534
9.35116 0.0511342
9.35724 0.057208
9.35995 0.0599225
9.36049 0.0604597
9.36081 0.0607792
9.36181 0.0217892
9.36181 0.0217892
9.36181 0.0217892
9.36212 0.0217847
9.36212 0.0217847
9.36212 0.0221042
9.36244 0.0217802
9.36244 0.0220997
9.36244 0.0217802
9.36275 0.0220952
9.36275 0.0217757
9.36275 0.0217757
9.36628 0.0662468
9.3666 0.0665663
9.37049 0.0704628
9.37122 0.0711866
9.37561 0.0755808
9.37674 0.076709
9.37771 0.0776924
9.37918 0.0791791
9.3818 0.0217767
9.3818 0.0217767
9.3818 0.0217767
9.38221 0.0821816
9.38234 0.0219984
9.38234 0.0219984
9.38234 0.0223179
9.38247 0.0218073
9.38247 0.0221268
9.38247 0.0218073
9.38279 0.0827794
9.38292 0.0222552
9.38292 0.0219357
9.38292 0.0219357
9.38401 0.0839833
9.38595 0.0859217
9.38745 0.0874217
9.38799 0.0879589
9.39198 0.0919487
9.39333 0.0933147
9.39364 0.0936142
9.39782 0.0977906
9.39817 0.0981412
9.40138 0.101353
9.40182 0.0217981
9.40182 0.0217981
9.40182 0.0217981
9.40214 0.0217936
9.40214 0.0217936
9.40214 0.0221132
9.40245 0.0217892
9.40245 0.0221087
9.40245 0.0217892
9.40277 0.102742
9.4029 0.022237
9.4029 0.0219175
9.4029 0.0219175
9.40415 0.104129
9.40447 0.104443
9.4056 0.105593
9.40592 0.105891
9.40742 0.107392
9.40774 0.107712
9.40812 0.108093
9.40866 0.10863
9.40898 0.10895
9.40992 0.109902
9.41033 0.110304
9.41072 0.110686
9.41153 0.111503
9.41185 0.111847
9.41217 0.112142
9.41217 0.112142
9.41265 0.112617
9.41306 0.11303
9.41472 0.114687
9.41637 0.116344
9.41669 0.116664
9.41701 0.116983
9.41951 0.11948
9.42005 0.120027
9.42037 0.120337
9.42199 0.0219652
9.42212 0.0217741
9.42212 0.0217741
9.42212 0.0217741
9.42247 0.0218007
9.42247 0.0218007
9.42247 0.0221202
9.42278 0.0217962
9.42278 0.0221157
9.42278 0.0217962
9.4231 0.0230724
9.42323 0.0222441
9.42323 0.0219246
9.42323 0.0219246
9.42464 0.12461
9.42496 0.124928
9.42537 0.12534
9.42581 0.0257841
9.42763 0.0275976
9.42795 0.0279161
9.42839 0.0283611
9.42874 0.128711
9.42906 0.0290312
9.43087 0.0308437
9.43119 0.131162
9.43119 0.0311632
9.43164 0.0316071
9.43196 0.131926
9.43274 0.0327127
9.43437 0.134338
9.435 0.134968
9.43715 0.137123
9.43806 0.138033
9.43944 0.0394113
9.44001 0.0399796
9.44179 0.0217784
9.44179 0.0217784
9.44179 0.0217784
9.4421 0.0217739
9.4421 0.0217739
9.4421 0.0220934
9.44245 0.0218005
9.44245 0.0221201
9.44245 0.0218005
9.44277 0.142736
9.4429 0.0222484
9.4429 0.0219289
9.4429 0.0219289
9.44533 0.0453001
9.44577 0.0457441
9.44684 0.146809
9.44747 0.14744
9.4486 0.148574
9.45054 0.150505
9.45113 0.0511052
9.45727 0.0572411
9.45995 0.0599245
9.46049 0.0604618
9.46081 0.0607813
9.46181 0.0217998
9.46181 0.0217998
9.46181 0.0217998
9.46213 0.0217954
9.46213 0.0217954
9.46213 0.0221149
9.46244 0.0217909
9.46244 0.0221104
9.46244 0.0217909
9.46276 0.0221059
9.46276 0.0217864
9.46276 0.0217864
9.46628 0.0662489
9.4666 0.0665684
9.47053 0.0704959
9.47122 0.0711887
9.47561 0.0755828
9.47665 0.0766177
9.47774 0.0777203
9.47934 0.0793143
9.4818 0.0217874
9.4818 0.0217874
9.4818 0.0217874
9.48221 0.0821836
9.48234 0.0220091
9.48234 0.0220091
9.48234 0.0223286
9.48247 0.021818
9.48247 0.0221375
9.48247 0.021818
9.48282 0.0827901
9.48295 0.022297
9.48295 0.0219775
9.48295 0.0219775
9.48389 0.083861
9.48583 0.0858109
9.48742 0.0873927
9.48787 0.0878366
9.49204 0.092013
9.49336 0.0933373
9.49368 0.0936473
9.49785 0.0978237
9.49817 0.0981432
9.50129 0.101262
9.50179 0.0217777
9.50179 0.0217777
9.50179 0.0217777
9.50211 0.0217732
9.50211 0.0217732
9.50211 0.0220927
9.50245 0.0217998
9.50245 0.0221194
9.50245 0.0217998
9.50277 0.102744
9.5029 0.0222477
9.5029 0.0219282
9.5029 0.0219282
9.50419 0.104162
9.50451 0.104476
9.5056 0.105572
9.50592 0.105893
9.50733 0.107301
9.50793 0.1079
9.50825 0.10822
9.50869 0.108664
9.50901 0.108983
9.50986 0.109859
9.51037 0.110338
9.51072 0.110688
9.51147 0.111443
9.51182 0.111796
9.51214 0.112113
9.51252 0.112495
9.51288 0.112846
9.51319 0.113165
9.51479 0.11476
9.5161 0.116075
9.51642 0.116394
9.51674 0.116714
9.51933 0.119304
9.52012 0.120117
9.52044 0.120409
9.522 0.0219844
9.52213 0.0217933
9.52213 0.0217933
9.52213 0.0217933
9.52245 0.0217888
9.52245 0.0217888
9.52245 0.0221083
9.52276 0.0217843
9.52276 0.0221038
9.52276 0.0217843
9.52308 0.0230518
9.52321 0.0222322
9.52321 0.0219127
9.52321 0.0219127
9.52462 0.124598
9.52525 0.125218
9.52557 0.125538
9.52589 0.0258655
9.52764 0.0276082
9.52796 0.0279353
9.52837 0.0283405
9.52875 0.0287222
9.52907 0.129041
9.53085 0.0308231
9.53117 0.131142
9.53117 0.0311426
9.53165 0.0316176
9.53197 0.131936
9.53272 0.0326921
9.53438 0.134348
9.53498 0.134948
9.53713 0.137102
9.53786 0.137826
9.53945 0.0394218
9.53999 0.039959
9.54183 0.0217976
9.54183 0.0217976
9.54183 0.0217976
9.54214 0.0217931
9.54214 0.0217931
9.54214 0.0221126
9.54246 0.0217886
9.54246 0.0221081
9.54246 0.0217886
9.54277 0.0221036
9.54277 0.0217841
9.54277 0.0217841
9.54328 0.143249
9.54534 0.0453107
9.54578 0.0457546
9.54685 0.14682
9.54745 0.147419
9.54861 0.148584
9.55051 0.150484
9.55114 0.0511157
9.55725 0.0572206
9.55996 0.0599351
9.56047 0.0604412
9.56079 0.0607607
9.56179 0.0217879
9.56179 0.0217879
9.56179 0.0217879
9.5621 0.0217834
9.5621 0.0217834
9.5621 0.0221029
9.56242 0.0217789
9.56242 0.0220984
9.56242 0.0217789
9.56273 0.0220939
9.56273 0.0217744
9.56273 0.0217744
9.56623 0.0661972
9.56655 0.0665167
9.5705 0.0704753
9.5712 0.0711681
9.57562 0.0755933
9.57663 0.0765971
9.57775 0.0777257
9.57926 0.0792401
9.58178 0.0217755
9.58178 0.0217755
9.58178 0.0217755
9.58222 0.0821941
9.58235 0.0220283
9.58235 0.0220283
9.58235 0.0223478
9.58248 0.0218372
9.58248 0.0221567
9.58248 0.0218372
9.5828 0.0827782
9.58293 0.022285
9.58293 0.0219655
9.58293 0.0219655
9.5839 0.0838715
9.58593 0.0858999
9.58746 0.0874343
9.58788 0.0878471
9.59196 0.0919302
9.59334 0.0933062
9.59366 0.0936267
9.59783 0.0978031
9.59815 0.0981226
9.60127 0.101242
9.6018 0.0217969
9.6018 0.0217969
9.6018 0.0217969
9.60212 0.0217924
9.60212 0.0217924
9.60212 0.0221119
9.60243 0.0217879
9.60243 0.0221074
9.60243 0.0217879
9.60275 0.102724
9.60288 0.0222358
9.60288 0.0219163
9.60288 0.0219163
9.6041 0.104079
9.60442 0.104393
9.60561 0.105591
9.60596 0.105934
9.6075 0.107467
9.60788 0.107849
9.6082 0.108168
9.60861 0.108581
9.60908 0.109056
9.61037 0.11034
9.61037 0.110353
9.61072 0.11069
9.61141 0.111394
9.61173 0.111702
9.61205 0.112022
9.61205 0.112022
9.61249 0.112466
9.61347 0.113439
9.61472 0.114691
9.6161 0.116068
9.61642 0.116388
9.61674 0.116707
9.61942 0.119391
9.62017 0.120146
9.62093 0.120914
9.622 0.0219866
9.62212 0.0217955
9.62212 0.0217955
9.62212 0.0217955
9.62244 0.021791
9.62244 0.021791
9.62244 0.0221105
9.62275 0.0217865
9.62275 0.022106
9.62275 0.0217865
9.62307 0.0230454
9.6232 0.0222344
9.6232 0.0219149
9.6232 0.0219149
9.62461 0.1246
9.62533 0.125305
9.62565 0.125624
9.62597 0.025961
9.62763 0.0276018
9.62795 0.0279375
9.62836 0.0283341
9.62877 0.0287469
9.62877 0.128746
9.63087 0.0308393
9.63119 0.131158
9.63119 0.0311588
9.63163 0.0316028
9.63195 0.131921
9.63274 0.0327083
9.63439 0.134364
9.63496 0.134933
9.63715 0.137119
9.63803 0.137998
9.63943 0.0394069
9.63988 0.0398509
9.64181 0.0217913
9.64181 0.0217913
9.64181 0.0217913
9.64213 0.0217869
9.64213 0.0217869
9.64213 0.0221064
9.64244 0.0217824
9.64244 0.0221019
9.64244 0.0217824
9.64276 0.0220974
9.64276 0.0217779
9.64276 0.0217779
9.64332 0.143296
9.64532 0.0452958
9.64577 0.0457397
9.6469 0.146867
9.64743 0.147404
9.64859 0.148569
9.65059 0.150563
9.65116 0.0511319
9.65723 0.0572057
9.65995 0.0599202
9.66049 0.0604574
9.6608 0.0607769
9.6618 0.0217817
9.6618 0.0217817
9.6618 0.0217817
9.66212 0.0217772
9.66212 0.0217772
9.66212 0.0220967
9.66243 0.0217727
9.66243 0.0220922
9.66243 0.0217727
9.66278 0.0221188
9.66278 0.0217993
9.66278 0.0217993
9.6663 0.0662756
9.66662 0.0665951
9.67049 0.0704605
9.67121 0.0711843
9.67561 0.0755785
9.67658 0.0765511
9.67771 0.0777056
9.6793 0.0792961
9.68183 0.0218003
9.68183 0.0218003
9.68183 0.0218003
9.68221 0.0821792
9.68234 0.0219909
9.68234 0.0219909
9.68234 0.0223104
9.68246 0.0217998
9.68246 0.0221193
9.68246 0.0217998
9.68278 0.0827719
9.68291 0.0222477
9.68291 0.0219282
9.68291 0.0219282
9.68401 0.083981
9.68585 0.0858351
9.68745 0.0874194
9.68786 0.0878322
9.69197 0.0919464
9.6927 0.0926898
9.69355 0.0935185
9.69788 0.0978505
9.6982 0.09817
9.70129 0.101258
9.70182 0.0217906
9.70182 0.0217906
9.70182 0.0217906
9.70213 0.0217862
9.70213 0.0217862
9.70213 0.0221057
9.70245 0.0217817
9.70245 0.0221012
9.70245 0.0217817
9.70277 0.10274
9.7029 0.0222296
9.7029 0.0219101
9.7029 0.0219101
9.70424 0.10422
9.70456 0.104534
9.70566 0.105647
9.70598 0.10595
9.70751 0.107483
9.70802 0.107989
9.70834 0.108309
9.70869 0.108659
9.70901 0.108979
9.71038 0.110355
9.71038 0.110356
9.7108 0.110769
9.71143 0.111399
9.71175 0.111746
9.71207 0.112038
9.71254 0.112513
9.71286 0.112833
9.71362 0.113588
9.71471 0.114685
9.71609 0.116062
9.71641 0.116381
9.71673 0.116701
9.71935 0.119322
9.72017 0.120139
9.72095 0.120924
9.72202 0.0219888
9.72215 0.0217977
9.72215 0.0217977
9.72215 0.0217977
9.72246 0.0217932
9.72246 0.0217932
9.72246 0.0221127
9.72278 0.0217887
9.72278 0.0221082
9.72278 0.0217887
9.7231 0.0230701
9.72323 0.0222366
9.72323 0.0219171
9.72323 0.0219171
9.72373 0.123731
9.72523 0.125205
9.72555 0.125525
9.72587 0.0258699
9.72762 0.0275953
9.72794 0.0279397
9.72829 0.0282655
9.72877 0.0287405
9.72877 0.12874
9.73086 0.0308329
9.73118 0.131152
9.73118 0.0311524
9.73162 0.0315963
9.73194 0.131915
9.73273 0.0327019
9.73436 0.134327
9.73489 0.134864
9.73723 0.137205
9.73783 0.137805
9.73946 0.0394316
9.74 0.0399689
9.7418 0.0217936
9.7418 0.0217936
9.7418 0.0217936
9.74212 0.0217891
9.74212 0.0217891
9.74212 0.0221086
9.74243 0.0217846
9.74243 0.0221041
9.74243 0.0217846
9.74275 0.0220996
9.74275 0.0217801
9.74275 0.0217801
9.74322 0.143196
9.74538 0.0453516
9.74576 0.0457333
9.74683 0.146798
9.74743 0.147398
9.74871 0.148687
9.75062 0.150587
9.75115 0.0511255
9.75723 0.0571993
9.75994 0.0599138
9.76048 0.060451
9.7608 0.0607705
9.7618 0.0217839
9.7618 0.0217839
9.7618 0.0217839
9.76211 0.0217794
9.76211 0.0217794
9.76211 0.0220989
9.76243 0.0217749
9.76243 0.0220944
9.76243 0.0217749
9.76274 0.0220899
9.76274 0.0217704
9.76274 0.0217704
9.7663 0.0662692
9.76662 0.0665887
9.77048 0.070454
9.77121 0.0711779
9.7756 0.075572
9.77654 0.0765136
9.7777 0.077694
9.77923 0.079205
9.78179 0.0217715
9.78179 0.0217715
9.78179 0.0217715
9.7822 0.0821728
9.78233 0.0219932
9.78233 0.0219932
9.78233 0.0223127
9.78246 0.021802
9.78246 0.0221215
9.78246 0.021802
9.78284 0.0828364
9.78297 0.0223121
9.78297 0.0219926
9.78297 0.0219926
9.78391 0.0838813
9.78591 0.0858919
9.78744 0.087413
9.78785 0.0878258
9.79163 0.0915979
9.79269 0.0926728
9.79357 0.0935432
9.79775 0.0977196
9.79819 0.0981636
9.80134 0.101314
9.80181 0.0217929
9.80181 0.0217929
9.80181 0.0217929
9.80213 0.0217884
9.80213 0.0217884
9.80213 0.0221079
9.80244 0.0217839
9.80244 0.0221034
9.80244 0.0217839
9.80276 0.102734
9.80289 0.0222318
9.80289 0.0219123
9.80289 0.0219123
9.80414 0.10412
9.80446 0.104434
9.80559 0.105587
9.80594 0.105913
9.80735 0.107321
9.80789 0.107858
9.80821 0.108178
9.80871 0.108684
9.80903 0.109003
9.81038 0.110349
9.81038 0.110366
9.81073 0.1107
9.81142 0.111406
9.81174 0.111712
9.81206 0.112032
9.81247 0.112445
9.81279 0.112764
9.81352 0.113488
9.81471 0.114678
9.81608 0.116055
9.8164 0.116375
9.81675 0.116726
9.81934 0.119316
9.82016 0.120133
9.8216 0.121588
9.82201 0.0219911
9.82214 0.0218
9.82214 0.0218
9.82214 0.0218
9.82246 0.0217955
9.82246 0.0217955
9.82246 0.022115
9.82277 0.021791
9.82277 0.0221105
9.82277 0.021791
9.82309 0.0230636
9.82322 0.0222389
9.82322 0.0219194
9.82322 0.0219194
9.824 0.123991
9.82432 0.124297
9.82551 0.125487
9.82583 0.0258099
9.82765 0.02762
9.82797 0.027942
9.82838 0.0283524
9.82876 0.0287341
9.82876 0.128733
9.83085 0.0308265
9.83117 0.131145
9.83117 0.031146
9.83162 0.0315899
9.83194 0.131909
9.83272 0.0326955
9.83438 0.134352
9.83498 0.134951
9.83716 0.137137
9.83795 0.137923
9.83948 0.0394563
9.8398 0.0397758
9.8418 0.0217958
9.8418 0.0217958
9.8418 0.0217958
9.84211 0.0217913
9.84211 0.0217913
9.84211 0.0221108
9.84243 0.0217868
9.84243 0.0221063
9.84243 0.0217868
9.84274 0.0221018
9.84274 0.0217823
9.84274 0.0217823
9.84319 0.143159
9.84531 0.0452829
9.84578 0.045758
9.84682 0.146792
9.84745 0.147423
9.84855 0.148525
9.85058 0.15055
9.85115 0.0511191
9.85725 0.0572239
9.85996 0.0599385
9.86047 0.0604446
9.86079 0.0607641
9.86179 0.0217861
9.86179 0.0217861
9.86179 0.0217861
9.8621 0.0217816
9.8621 0.0217816
9.8621 0.0221011
9.86242 0.0217771
9.86242 0.0220966
9.86242 0.0217771
9.86273 0.0220921
9.86273 0.0217726
9.86273 0.0217726
9.86632 0.0662939
9.86664 0.0666134
9.87051 0.0704787
9.8712 0.0711715
9.87562 0.0755967
9.87653 0.0765072
9.87769 0.0776824
9.87932 0.0793005
9.88178 0.0217737
9.88178 0.0217737
9.88178 0.0217737
9.88219 0.0821664
9.88232 0.0219954
9.88232 0.0219954
9.88232 0.0223149
9.88245 0.0218043
9.88245 0.0221238
9.88245 0.0218043
9.88277 0.0827453
9.8829 0.0222522
9.8829 0.0219327
9.8829 0.0219327
9.8839 0.0838749
9.88587 0.0858395
9.88743 0.0874066
9.88788 0.0878505
9.89159 0.0915603
9.89271 0.092687
9.89359 0.0935679
9.89774 0.0977132
9.89821 0.0981882
9.90127 0.101245
9.9018 0.0217951
9.9018 0.0217951
9.9018 0.0217951
9.90212 0.0217906
9.90212 0.0217906
9.90212 0.0221101
9.90243 0.0217861
9.90243 0.0221056
9.90243 0.0217861
9.90288 0.102852
9.90301 0.0223584
9.90301 0.0220389
9.90301 0.0220389
9.90417 0.104145
9.90449 0.104459
9.90561 0.10559
9.90596 0.105938
9.9075 0.10747
9.90788 0.107852
9.9082 0.108171
9.90892 0.108895
9.90927 0.109246
9.91034 0.110312
9.91066 0.110634
9.91098 0.110951
9.91151 0.111488
9.91183 0.111807
9.91215 0.112127
9.91247 0.112447
9.91279 0.112766
9.91352 0.11349
9.91474 0.114712
9.91608 0.116057
9.9164 0.116377
9.91672 0.116697
9.91944 0.119411
9.92016 0.120135
9.92157 0.121568
9.92198 0.0219707
9.92211 0.0217795
9.92211 0.0217795
9.92211 0.0217795
9.92243 0.0217751
9.92243 0.0217751
9.92243 0.0220946
9.92274 0.0217706
9.92274 0.0220901
9.92274 0.0217706
9.92309 0.0230657
9.92322 0.0222496
9.92322 0.0219301
9.92322 0.0219301
9.92376 0.12373
9.92436 0.12433
9.9253 0.0217825
9.92562 0.125591
9.92594 0.0259219
9.92762 0.0275989
9.92794 0.0279295
9.92839 0.0283624
9.92877 0.0287441
9.92877 0.128743
9.92974 0.0217932
9.93087 0.0308444
9.93119 0.131163
9.93119 0.031164
9.93163 0.0316079
9.93195 0.131927
9.93274 0.0327135
9.93346 0.0217999
9.93346 0.0217999
9.93437 0.134342
9.93497 0.134942
9.93715 0.137128
9.93785 0.13782
9.93945 0.03942
9.93957 0.0218955
9.93989 0.0398679
9.94179 0.021775
9.94179 0.021775
9.94179 0.021775
9.94211 0.0217706
9.94211 0.0217706
9.94211 0.0220901
9.94246 0.0217972
9.94246 0.0221167
9.94246 0.0217972
9.94277 0.0221122
9.94277 0.0217927
9.94277 0.0217927
9.94318 0.143157
9.94531 0.0452857
9.94576 0.0457296
9.94679 0.146764
9.94749 0.14746
9.94762 0.0220393
9.94856 0.148536
9.95056 0.15053
9.95116 0.0511298
9.95141 0.0218068
9.95552 0.0217712
9.95552 0.0217712
9.95724 0.0572154
9.95996 0.05993
9.96008 0.0219081
9.96008 0.0219081
9.96047 0.0604401
9.96079 0.0607596
9.96182 0.0217961
9.96182 0.0217961
9.96182 0.0217961
9.96213 0.0217916
9.96213 0.0217916
9.96213 0.0221111
9.96245 0.0217871
9.96245 0.0221066
9.96245 0.0217871
9.96276 0.0221021
9.96276 0.0217826
9.96276 0.0217826
9.96395 0.0217781
9.96632 0.0662933
9.96664 0.0666128
9.96811 0.0217861
9.97048 0.070455
9.9712 0.0711789
9.97215 0.021794
9.97561 0.075581
9.97655 0.0765226
9.97771 0.0776926
9.97784 0.0220949
9.97784 0.0220949
9.97928 0.0792663
9.98152 0.0217833
9.98184 0.0217788
9.98184 0.0217788
9.98184 0.0217788
9.98222 0.0821937
9.98235 0.0219694
9.98235 0.0219694
9.98235 0.0222889
9.98248 0.0217783
9.98248 0.0220978
9.98248 0.0217783
9.9828 0.0827812
9.98292 0.0222262
9.98292 0.0219067
9.98292 0.0219067
9.9839 0.083871
9.98581 0.0857897
9.98581 0.0219729
9.98743 0.0874067
9.98788 0.0878506
9.98981 0.0217942
9.99163 0.0915995
9.99269 0.0926846
9.99354 0.0935138
9.99389 0.021784
9.99782 0.0977915
9.99795 0.0219079
9.9987 0.0986748

