% time_sec delay_sec
0.142236 0.042206
0.144795 0.044765
0.146079 0.0460487
0.150442 0.0504117
0.152566 0.0525353
0.153818 0.0537879
0.156035 0.0560048
0.157101 0.0570708
0.16022 0.0601896
0.161224 0.0611934
0.162352 0.0623216
0.162889 0.0628589
0.163209 0.0631784
0.163209 0.0631784
0.164057 0.0640266
0.164781 0.0647505
0.167402 0.0673717
0.167971 0.0679401
0.16829 0.0682596
0.168703 0.0686724
0.169302 0.0692718
0.169622 0.0695913
0.169941 0.0699108
0.169941 0.0699108
0.170261 0.0702303
0.17058 0.0705498
0.1709 0.0708694
0.171219 0.0711889
0.171539 0.0715084
0.171858 0.0718279
0.172209 0.0721785
0.173151 0.0731201
0.173563 0.0735329
0.173883 0.0738524
0.174607 0.0745763
0.174957 0.0749269
0.175526 0.0754952
0.176125 0.0760947
0.176445 0.0764142
0.177106 0.0770758
0.177861 0.0778308
0.178274 0.0782436
0.178594 0.0785631
0.17938 0.0793492
0.179761 0.0797309
0.180081 0.0800504
0.180081 0.0800504
0.182267 0.0822361
0.185199 0.0851684
0.18726 0.0872297
0.188077 0.0880469
0.189237 0.0892062
0.191391 0.0913608
0.191711 0.0916803
0.194114 0.0940838
0.194558 0.0945277
0.194878 0.0948472
0.197312 0.0972818
0.201084 0.101054
0.20187 0.10184
0.202936 0.102906
0.203287 0.103257
0.204602 0.104571
0.21052 0.11049
0.217091 0.117061
0.217629 0.117598
0.217948 0.117918
0.217948 0.117918
0.218734 0.118704
0.219054 0.119023
0.219747 0.119716
0.220066 0.120036
0.221879 0.121848
0.224562 0.124532
0.225535 0.125504
0.239509 0.139478
0.239891 0.13986
0.242201 0.0421935
0.24476 0.0447525
0.246075 0.0460674
0.250438 0.0504304
0.251815 0.151784
0.252538 0.0525313
0.253791 0.0537839
0.256008 0.0560008
0.257074 0.0570668
0.258513 0.158483
0.260201 0.0601941
0.261205 0.0611979
0.262333 0.0623261
0.262871 0.0628633
0.26319 0.0631829
0.26319 0.0631829
0.264069 0.0640622
0.264762 0.064755
0.267383 0.0673762
0.267952 0.0679445
0.268271 0.068264
0.268684 0.0686769
0.269283 0.0692763
0.269603 0.0695958
0.269922 0.0699153
0.269922 0.0699153
0.270242 0.0702348
0.270562 0.0705543
0.270881 0.0708738
0.271201 0.0711933
0.27152 0.17149
0.27152 0.0715128
0.27184 0.0718324
0.27219 0.072183
0.273132 0.0731246
0.273607 0.0735996
0.273607 0.0735996
0.274113 0.174082
0.274588 0.0745807
0.274939 0.0749313
0.275507 0.0754997
0.276106 0.0760991
0.276426 0.0764186
0.277119 0.0771114
0.277936 0.0779286
0.278255 0.0782481
0.278575 0.0785676
0.279392 0.0793847
0.279805 0.0797976
0.279805 0.0797976
0.280124 0.0801171
0.282372 0.082365
0.28518 0.0851729
0.287366 0.0873586
0.288059 0.0880514
0.289218 0.0892107
0.291404 0.0913964
0.291723 0.0917159
0.294064 0.0940572
0.294539 0.0945322
0.294859 0.0948517
0.297293 0.0972863
0.301066 0.101058
0.301852 0.101844
0.302824 0.102817
0.303362 0.103354
0.304583 0.104576
0.310501 0.110494
0.317073 0.117066
0.317579 0.117572
0.317898 0.117891
0.317898 0.117891
0.318716 0.118708
0.319035 0.119028
0.319728 0.119721
0.320047 0.12004
0.32186 0.121853
0.324481 0.124474
0.325516 0.125509
0.339521 0.139514
0.339872 0.139865
0.342213 0.042198
0.344772 0.044757
0.346087 0.0460718
0.35045 0.0504349
0.351796 0.151789
0.352551 0.0525358
0.353803 0.0537884
0.35602 0.0560052
0.357086 0.0570712
0.358494 0.158487
0.360214 0.0601986
0.361217 0.0612024
0.362346 0.0623306
0.362883 0.0628678
0.363202 0.0631873
0.363202 0.0631873
0.364051 0.0640356
0.364774 0.0647595
0.367396 0.0673807
0.367964 0.067949
0.368284 0.0682685
0.368696 0.0686813
0.369265 0.0692497
0.369584 0.0695692
0.369904 0.0698887
0.369904 0.0698887
0.370223 0.0702082
0.370543 0.0705277
0.370862 0.0708472
0.371182 0.0711667
0.371501 0.171494
0.371501 0.0714862
0.371821 0.0718057
0.372202 0.0721874
0.373144 0.073129
0.373588 0.073573
0.373907 0.0738925
0.374227 0.17422
0.374609 0.0745937
0.374959 0.0749443
0.375528 0.0755126
0.376127 0.0761121
0.376447 0.0764316
0.377108 0.0770932
0.377925 0.0779104
0.378276 0.078261
0.378596 0.0785805
0.379413 0.0793977
0.379763 0.0797483
0.380083 0.0800678
0.380083 0.0800678
0.382331 0.0823158
0.385201 0.0851858
0.387324 0.0873093
0.388079 0.0880643
0.38927 0.0892547
0.391393 0.0913783
0.391713 0.0916978
0.394054 0.094039
0.39456 0.0945452
0.39488 0.0948647
0.397283 0.0972681
0.401055 0.10104
0.401841 0.101826
0.402845 0.10283
0.403289 0.103274
0.404635 0.10462
0.410491 0.110476
0.417062 0.117047
0.417568 0.117553
0.417888 0.117873
0.417888 0.117873
0.418798 0.118783
0.419118 0.119103
0.419749 0.119734
0.419749 0.119734
0.421872 0.121857
0.424493 0.124478
0.425497 0.125482
0.439502 0.139487
0.439884 0.139869
0.442225 0.0422025
0.444784 0.0447615
0.446099 0.0460763
0.450431 0.0504082
0.451808 0.151793
0.452563 0.0525402
0.453816 0.0537929
0.456033 0.0560097
0.457099 0.0570757
0.458507 0.158492
0.460226 0.0602031
0.46123 0.0612069
0.462327 0.062304
0.462864 0.0628412
0.463184 0.0631607
0.463184 0.0631607
0.464032 0.064009
0.464787 0.0647639
0.467408 0.0673851
0.467976 0.0679535
0.468296 0.068273
0.468709 0.0686858
0.469277 0.0692541
0.469596 0.0695737
0.469916 0.0698932
0.469916 0.0698932
0.470236 0.0702127
0.470555 0.0705322
0.470875 0.0708517
0.471194 0.0711712
0.471514 0.171499
0.471514 0.0714907
0.471833 0.0718102
0.472215 0.0721919
0.473156 0.0731335
0.4736 0.0735774
0.47392 0.0738969
0.474239 0.174224
0.474621 0.0745982
0.474941 0.0749177
0.475602 0.0755793
0.476139 0.0761166
0.476459 0.0764361
0.477121 0.0770977
0.477938 0.0779149
0.478257 0.0782344
0.478577 0.0785539
0.479425 0.0794022
0.479776 0.0797528
0.480095 0.0800723
0.480095 0.0800723
0.482281 0.082258
0.485213 0.0851903
0.487306 0.0872827
0.488092 0.0880688
0.489282 0.0892592
0.491406 0.0913827
0.491725 0.0917022
0.494129 0.0941057
0.494572 0.0945496
0.494892 0.0948691
0.497295 0.0972726
0.501068 0.101045
0.501854 0.101831
0.502857 0.102835
0.50327 0.103247
0.504616 0.104593
0.510503 0.11048
0.517075 0.117052
0.517612 0.117589
0.517931 0.117909
0.517931 0.117909
0.518811 0.118788
0.51913 0.119107
0.519761 0.119738
0.519761 0.119738
0.521853 0.12183
0.524443 0.124421
0.52554 0.125518
0.539608 0.139585
0.539927 0.139905
0.542238 0.042207
0.544797 0.044766
0.54608 0.0460497
0.550443 0.0504127
0.551789 0.151766
0.552575 0.0525447
0.553828 0.0537974
0.556045 0.0560142
0.557111 0.0570802
0.558519 0.158496
0.560207 0.0601764
0.561242 0.0612113
0.562339 0.0623084
0.562876 0.0628457
0.563196 0.0631652
0.563196 0.0631652
0.564044 0.0640135
0.564799 0.0647684
0.56742 0.0673896
0.567958 0.0679269
0.568277 0.0682464
0.568721 0.0686903
0.569289 0.0692586
0.569609 0.0695781
0.569928 0.0698976
0.569928 0.0698976
0.570248 0.0702171
0.570567 0.0705367
0.570887 0.0708562
0.571206 0.0711757
0.571526 0.171503
0.571526 0.0714952
0.571845 0.0718147
0.572196 0.0721653
0.573169 0.073138
0.573613 0.0735819
0.573932 0.0739014
0.574252 0.174229
0.574633 0.0746026
0.574953 0.0749221
0.575583 0.0755527
0.576121 0.0760899
0.57644 0.0764094
0.577102 0.0770711
0.577857 0.077826
0.57827 0.0782389
0.578589 0.0785584
0.579406 0.0793755
0.579757 0.0797262
0.580076 0.0800457
0.580076 0.0800457
0.582293 0.0822625
0.585225 0.0851948
0.587287 0.0872561
0.588104 0.0880733
0.589232 0.0892015
0.591387 0.0913561
0.591706 0.0916756
0.594141 0.0941102
0.594585 0.0945541
0.594904 0.0948736
0.597308 0.0972771
0.60108 0.101049
0.601866 0.101835
0.60287 0.102839
0.603283 0.103252
0.604628 0.104598
0.610516 0.110485
0.617087 0.117056
0.617593 0.117562
0.617913 0.117882
0.617913 0.117882
0.618823 0.118792
0.619143 0.119112
0.619773 0.119742
0.619773 0.119742
0.621866 0.121835
0.624456 0.124425
0.625491 0.12546
0.63962 0.13959
0.63994 0.139909
0.642219 0.0422114
0.644747 0.0447393
0.646062 0.0460542
0.650425 0.0504172
0.651802 0.151771
0.652557 0.0525492
0.653809 0.0538018
0.656026 0.0560187
0.657092 0.0570847
0.658531 0.158501
0.660188 0.0601809
0.661223 0.0612158
0.66232 0.0623129
0.662858 0.0628502
0.663177 0.0631697
0.663177 0.0631697
0.664056 0.064049
0.664749 0.0647418
0.667401 0.0673941
0.667939 0.0679313
0.668258 0.0682508
0.668671 0.0686637
0.66927 0.0692631
0.66959 0.0695826
0.66991 0.0699021
0.66991 0.0699021
0.670229 0.0702216
0.670549 0.0705411
0.670868 0.0708606
0.671188 0.0711801
0.671507 0.171476
0.671507 0.0714997
0.671827 0.0718192
0.672208 0.0722009
0.673181 0.0731736
0.673625 0.0736175
0.673625 0.0736175
0.6741 0.174069
0.674606 0.0745986
0.674926 0.0749182
0.675525 0.0755176
0.676124 0.076117
0.676444 0.0764365
0.677137 0.0771293
0.677861 0.0778532
0.678242 0.0782349
0.678562 0.0785544
0.67941 0.0794027
0.679761 0.0797533
0.68008 0.0800728
0.68008 0.0800728
0.682266 0.0822585
0.685198 0.0851908
0.687259 0.0872521
0.688077 0.0880693
0.689236 0.0892286
0.691422 0.0914143
0.691741 0.0917338
0.694051 0.094044
0.694558 0.0945501
0.694877 0.0948696
0.697281 0.0972731
0.701053 0.101045
0.701839 0.101831
0.702967 0.102959
0.703286 0.103279
0.704601 0.104594
0.710488 0.110481
0.717091 0.117083
0.717535 0.117527
0.717854 0.117847
0.717854 0.117847
0.718703 0.118695
0.719022 0.119015
0.719746 0.119738
0.719746 0.119738
0.721838 0.121831
0.724491 0.124483
0.725526 0.125518
0.739686 0.139679
0.740006 0.139998
0.742223 0.0422075
0.744782 0.0447664
0.746065 0.0460502
0.750428 0.0504132
0.751774 0.151767
0.75256 0.0525452
0.753813 0.0537978
0.75603 0.0560147
0.757096 0.0570807
0.758504 0.158497
0.760192 0.0601769
0.761227 0.0612118
0.762324 0.0623089
0.762861 0.0628462
0.763181 0.0631657
0.763181 0.0631657
0.764029 0.0640139
0.764784 0.0647689
0.767405 0.0673901
0.767943 0.0679273
0.768262 0.0682469
0.768706 0.0686908
0.769274 0.0692591
0.769594 0.0695786
0.769913 0.0698981
0.769913 0.0698981
0.770233 0.0702176
0.770552 0.0705371
0.770872 0.0708567
0.771191 0.0711762
0.771511 0.171503
0.771511 0.0714957
0.77183 0.0718152
0.772181 0.0721658
0.773154 0.0731385
0.773598 0.0735824
0.773917 0.0739019
0.774237 0.174229
0.774618 0.0746031
0.774938 0.0749226
0.775568 0.0755532
0.776106 0.0760904
0.776425 0.0764099
0.777087 0.0770716
0.777842 0.0778265
0.778255 0.0782394
0.778574 0.0785589
0.779391 0.079376
0.779742 0.0797266
0.780061 0.0800462
0.780061 0.0800462
0.78234 0.0823252
0.78521 0.0851952
0.787365 0.0873499
0.788089 0.0880737
0.789217 0.089202
0.791372 0.0913566
0.791691 0.0916761
0.794126 0.0941107
0.79457 0.0945546
0.794889 0.0948741
0.797293 0.0972776
0.801065 0.10105
0.801851 0.101836
0.802948 0.102933
0.803361 0.103346
0.804613 0.104598
0.810501 0.110485
0.817072 0.117057
0.81764 0.117625
0.81796 0.117945
0.81796 0.117945
0.818808 0.118793
0.819128 0.119112
0.819758 0.119743
0.819758 0.119743
0.821851 0.121835
0.824472 0.124457
0.825538 0.125523
0.839512 0.139497
0.839894 0.139878
0.842235 0.0422119
0.844763 0.0447398
0.846078 0.0460547
0.850441 0.0504177
0.851787 0.151771
0.852573 0.0525497
0.853825 0.0538023
0.856042 0.0560192
0.857108 0.0570852
0.858516 0.158501
0.860204 0.0601814
0.861239 0.0612163
0.862336 0.0623134
0.862874 0.0628506
0.863193 0.0631701
0.863193 0.0631701
0.864041 0.0640184
0.864765 0.0647423
0.867418 0.0673946
0.867955 0.0679318
0.868274 0.0682513
0.868687 0.0686642
0.869287 0.0692636
0.869606 0.0695831
0.869926 0.0699026
0.869926 0.0699026
0.870245 0.0702221
0.870565 0.0705416
0.870884 0.0708611
0.871204 0.0711806
0.871523 0.171508
0.871523 0.0715001
0.871843 0.0718196
0.872193 0.0721703
0.873166 0.073143
0.87361 0.0735869
0.873929 0.0739064
0.874249 0.174234
0.8746 0.0745765
0.87495 0.0749271
0.87555 0.0755266
0.876118 0.0760949
0.876437 0.0764144
0.877099 0.0770761
0.877947 0.0779243
0.878267 0.0782438
0.878586 0.0785633
0.879404 0.0793805
0.879785 0.0797622
0.880105 0.0800817
0.880105 0.0800817
0.882353 0.0823297
0.885223 0.0851997
0.887284 0.0872611
0.88807 0.0880471
0.889229 0.0892064
0.891384 0.0913611
0.891704 0.0916806
0.894076 0.094053
0.894551 0.094528
0.894871 0.0948475
0.897305 0.0972821
0.901077 0.101054
0.901863 0.10184
0.902836 0.102813
0.903373 0.10335
0.904595 0.104572
0.910513 0.11049
0.917084 0.117061
0.91759 0.117567
0.91791 0.117887
0.91791 0.117887
0.918789 0.118766
0.919109 0.119086
0.919739 0.119716
0.920059 0.120036
0.921871 0.121848
0.924461 0.124438
0.925559 0.125536
0.939595 0.139572
0.939914 0.139891
0.942225 0.0421938
0.944784 0.0447528
0.946098 0.0460676
0.950462 0.0504306
0.951807 0.151784
0.952562 0.0525315
0.953815 0.0537842
0.956032 0.056001
0.957098 0.057067
0.958506 0.158483
0.960225 0.0601943
0.961229 0.0611981
0.962357 0.0623264
0.962894 0.0628636
0.963214 0.0631831
0.963214 0.0631831
0.964062 0.0640314
0.964786 0.0647552
0.967407 0.0673764
0.967976 0.0679448
0.968295 0.0682643
0.968708 0.0686771
0.969276 0.0692454
0.969596 0.0695649
0.969915 0.0698844
0.969915 0.0698844
0.970235 0.070204
0.970554 0.0705235
0.970874 0.070843
0.971193 0.0711625
0.971513 0.17149
0.971513 0.071482
0.971832 0.0718015
0.972214 0.0721832
0.973156 0.0731248
0.9736 0.0735687
0.973919 0.0738882
0.974239 0.174216
0.97462 0.0745894
0.974971 0.0749401
0.97557 0.0755395
0.976139 0.0761078
0.97652 0.0764896
0.97712 0.077089
0.977906 0.0778751
0.978288 0.0782568
0.978607 0.0785763
0.979424 0.0793935
0.979775 0.0797441
0.979775 0.0797441
0.980094 0.0800636
0.982342 0.0823115
0.985244 0.0852127
0.987274 0.0872429
0.988091 0.0880601
0.98925 0.0892194
0.991405 0.091374
0.991724 0.0916935
0.994066 0.0940348
0.994572 0.0945409
0.994891 0.0948604
0.997326 0.097295
1.0011 0.101067
1.00185 0.101822
1.00286 0.102826
1.0033 0.10327
1.00461 0.104582
1.01053 0.1105
1.01707 0.117041
1.01761 0.117578
1.01793 0.117897
1.01793 0.117897
1.01881 0.118777
1.01913 0.119096
1.01976 0.119727
1.02008 0.120046
1.02186 0.121828
1.02445 0.124418
1.02548 0.125453
1.03958 0.139551
1.0399 0.139871
1.04221 0.0422043
1.04474 0.0447322
1.04605 0.046047
1.05042 0.05041
1.05179 0.151764
1.05255 0.052542
1.0538 0.0537947
1.05602 0.0560115
1.05709 0.0570775
1.05852 0.158494
1.06018 0.0601738
1.06119 0.0611776
1.06225 0.0622436
1.06285 0.062843
1.06317 0.0631625
1.06317 0.0631625
1.06405 0.0640419
1.06474 0.0647346
1.06736 0.0673558
1.0679 0.0678931
1.06822 0.0682126
1.06866 0.0686565
1.06926 0.069256
1.06958 0.0695755
1.0699 0.069895
1.0699 0.069895
1.07022 0.0702145
1.07054 0.070534
1.07086 0.0708535
1.07118 0.071173
1.0715 0.171469
1.0715 0.0714925
1.07182 0.071812
1.07217 0.0721626
1.07317 0.0731664
1.07356 0.0735481
1.07388 0.0738676
1.07419 0.174164
1.07461 0.0746
1.07493 0.0749195
1.07553 0.0755189
1.07609 0.0760873
1.07645 0.0764379
1.07711 0.0770995
1.07786 0.0778545
1.07827 0.0782673
1.07859 0.0785868
1.07938 0.0793729
1.07973 0.0797235
1.08005 0.080043
1.08037 0.0803625
1.08221 0.0421979
1.08221 0.0421979
1.08221 0.0421979
1.08253 0.0825256
1.08253 0.0421979
1.08253 0.0421979
1.08285 0.0428369
1.08285 0.0421979
1.08285 0.0425174
1.08285 0.0421979
1.08317 0.0425174
1.08317 0.0425174
1.08317 0.0421979
1.08317 0.0421979
1.08349 0.0425174
1.08518 0.0851722
1.08737 0.087358
1.08803 0.0880196
1.08919 0.0891789
1.0914 0.0913958
1.09172 0.0917153
1.094 0.0939943
1.09451 0.0945005
1.09483 0.09482
1.09723 0.0972235
1.10107 0.101058
1.10179 0.101782
1.10223 0.0422146
1.10223 0.0422146
1.10223 0.0422146
1.10255 0.0422146
1.10255 0.0422146
1.10255 0.0425342
1.10287 0.102865
1.10287 0.0422146
1.10319 0.0428537
1.10319 0.0425342
1.10319 0.0425342
1.10319 0.0422146
1.10351 0.103504
1.10351 0.0425342
1.10351 0.0425342
1.10458 0.10457
1.11046 0.110457
1.11707 0.117059
1.1176 0.117596
1.11792 0.117916
1.11792 0.117916
1.11871 0.118702
1.11903 0.119021
1.11969 0.119683
1.12001 0.120003
1.12185 0.121846
1.12204 0.0420234
1.12204 0.0420234
1.12204 0.0420234
1.12236 0.0420189
1.12236 0.0420189
1.12236 0.0423384
1.12267 0.0420144
1.12267 0.0423339
1.12267 0.0420144
1.12299 0.0423294
1.12299 0.0420099
1.12299 0.0420099
1.12446 0.124452
1.12549 0.125487
1.13956 0.139555
1.13991 0.139905
1.14222 0.0421993
1.14235 0.0423277
1.14235 0.0423277
1.14235 0.0420081
1.14235 0.0420081
1.14235 0.0420081
1.14267 0.0420037
1.14267 0.0420037
1.14267 0.0423232
1.14298 0.0419992
1.14298 0.0423187
1.14298 0.0419992
1.14476 0.0447391
1.14605 0.0460425
1.15041 0.0504055
1.15179 0.151779
1.15254 0.0525375
1.15383 0.0537959
1.15601 0.056007
1.15708 0.057073
1.15849 0.158478
1.16017 0.0601692
1.16118 0.061173
1.16202 0.0419945
1.16202 0.0419945
1.16202 0.0419945
1.16234 0.0623363
1.16247 0.0421229
1.16247 0.0421229
1.16247 0.0424424
1.16285 0.0628464
1.16317 0.0631659
1.16317 0.0631659
1.1633 0.042633
1.1633 0.0429525
1.1633 0.042633
1.1633 0.042633
1.1633 0.0423135
1.1633 0.0423135
1.16343 0.0424419
1.16403 0.0640222
1.16475 0.064746
1.16737 0.0673475
1.16791 0.0679045
1.16823 0.068224
1.16873 0.0687301
1.16927 0.0692476
1.16959 0.0695868
1.16991 0.0699095
1.16991 0.0699064
1.17023 0.0702259
1.17055 0.0705454
1.17087 0.0708649
1.17119 0.0711844
1.17151 0.1715
1.17151 0.0715039
1.17183 0.0718234
1.17218 0.0721543
1.17312 0.0731156
1.17356 0.0735398
1.17388 0.0738593
1.1742 0.174195
1.17462 0.0746062
1.17493 0.0749309
1.1755 0.0754992
1.1761 0.0760986
1.17642 0.0764181
1.17708 0.0770601
1.17793 0.0779084
1.17825 0.0782476
1.17857 0.0785671
1.17939 0.0793843
1.17971 0.0797038
1.18003 0.0800233
1.18035 0.0803231
1.18222 0.0822175
1.18235 0.0423209
1.18235 0.0423209
1.18235 0.0423209
1.18235 0.0420014
1.18235 0.0420014
1.18235 0.0423209
1.18248 0.0424493
1.18267 0.0420009
1.18267 0.0423204
1.18267 0.0420009
1.18298 0.0423159
1.18298 0.0419964
1.18298 0.0419964
1.1852 0.0851967
1.18729 0.0872892
1.18802 0.088013
1.18927 0.0892656
1.19136 0.0913384
1.19168 0.0916776
1.19402 0.0940189
1.19453 0.094525
1.19485 0.0948445
1.19722 0.0972169
1.20106 0.101051
1.20181 0.101806
1.202 0.0420002
1.202 0.0420002
1.202 0.0420002
1.20232 0.0419957
1.20232 0.0419957
1.20232 0.0423152
1.20282 0.102818
1.20295 0.0423107
1.20295 0.0426302
1.20295 0.0423107
1.20308 0.0424391
1.20308 0.0421196
1.20308 0.0421196
1.2034 0.103394
1.20462 0.10459
1.21048 0.110472
1.21705 0.117043
1.21762 0.117611
1.21793 0.117931
1.21793 0.117931
1.21869 0.118686
1.21901 0.119005
1.2197 0.119698
1.22002 0.120018
1.22187 0.121861
1.22202 0.0420216
1.22202 0.0420216
1.22202 0.0420216
1.22234 0.0420171
1.22234 0.0420171
1.22234 0.0423366
1.22265 0.0420126
1.22265 0.0423321
1.22265 0.0420126
1.22297 0.0423276
1.22297 0.0420081
1.22297 0.0420081
1.22444 0.124436
1.22557 0.125564
1.23945 0.139445
1.23992 0.13992
1.2422 0.0421975
1.24233 0.0423259
1.24233 0.0423259
1.24233 0.0420064
1.24233 0.0420064
1.24233 0.0420064
1.24265 0.0420019
1.24265 0.0420019
1.24265 0.0423214
1.24296 0.0419974
1.24296 0.0423169
1.24296 0.0419974
1.24474 0.0447373
1.24606 0.0460548
1.25039 0.0503867
1.2518 0.151794
1.25252 0.0525187
1.25381 0.053777
1.25599 0.0559882
1.25706 0.0570542
1.2585 0.158493
1.26012 0.0601193
1.26116 0.0611542
1.26219 0.0621891
1.26232 0.0423123
1.26232 0.0423123
1.26232 0.0423123
1.26245 0.0421211
1.26245 0.0421211
1.26245 0.0424406
1.26286 0.0628587
1.26318 0.0631782
1.26318 0.0631782
1.26318 0.0422144
1.26331 0.0426623
1.26331 0.0429819
1.26331 0.0426623
1.26331 0.0426623
1.26331 0.0423428
1.26331 0.0423428
1.26403 0.0640304
1.26466 0.064661
1.26722 0.0672174
1.26785 0.0678505
1.26817 0.06817
1.26859 0.0685829
1.26906 0.0690553
1.26938 0.0693774
1.26938 0.0693527
1.26973 0.069728
1.27005 0.0700475
1.27037 0.070367
1.27069 0.0706865
1.27101 0.071006
1.27133 0.171325
1.27165 0.071645
1.27165 0.071645
1.27206 0.0720553
1.27303 0.0730306
1.27338 0.0733786
1.2737 0.0736981
1.27402 0.0740045
1.27434 0.174339
1.27485 0.0748458
1.27548 0.0754764
1.27599 0.0759825
1.27631 0.076302
1.277 0.0769922
1.27769 0.0776849
1.27817 0.0781625
1.27849 0.078482
1.27936 0.0793614
1.27968 0.0796809
1.27968 0.0796809
1.28 0.0799978
1.28216 0.0821551
1.28229 0.0422756
1.28229 0.0422756
1.28229 0.0422756
1.28242 0.0420845
1.28242 0.0420845
1.28242 0.042404
1.28267 0.0420178
1.28267 0.0423373
1.28267 0.0420178
1.28298 0.0423328
1.28298 0.0420133
1.28298 0.0420133
1.28508 0.0850721
1.2872 0.0871957
1.28802 0.0880128
1.28908 0.0890788
1.29114 0.0911376
1.29156 0.091553
1.29402 0.0940187
1.29447 0.0944626
1.29479 0.0947821
1.29722 0.0972167
1.3009 0.100895
1.30165 0.10165
1.30203 0.0420171
1.30203 0.0420171
1.30203 0.0420171
1.30235 0.0420126
1.30235 0.0420126
1.30235 0.0423321
1.30273 0.102724
1.30286 0.0422032
1.30286 0.0425227
1.30286 0.0422032
1.30298 0.0423316
1.30298 0.0420121
1.30298 0.0420121
1.3033 0.103301
1.30459 0.104559
1.31038 0.110378
1.31695 0.11695
1.31749 0.117487
1.31781 0.117806
1.31781 0.117806
1.31844 0.118437
1.31879 0.118787
1.31967 0.119667
1.31999 0.119986
1.32174 0.121737
1.32202 0.0420074
1.32202 0.0420074
1.32202 0.0420074
1.32234 0.0420029
1.32234 0.0420029
1.32234 0.0423224
1.32265 0.0419984
1.32265 0.0423179
1.32265 0.0419984
1.323 0.0423446
1.323 0.042025
1.323 0.042025
1.32431 0.124312
1.32538 0.125378
1.33945 0.139445
1.33977 0.139765
1.34223 0.0422144
1.34236 0.0420233
1.34236 0.0420233
1.34236 0.0420233
1.34268 0.0420188
1.34268 0.0420188
1.34268 0.0423383
1.34299 0.0420143
1.34299 0.0423338
1.34299 0.0420143
1.34331 0.0423293
1.34331 0.0420098
1.34331 0.0420098
1.34481 0.0447893
1.34606 0.0460585
1.35046 0.0504527
1.35177 0.151767
1.35265 0.0526469
1.35387 0.053843
1.35606 0.0560541
1.35712 0.0571202
1.35838 0.158372
1.36031 0.0603097
1.36132 0.0613135
1.36204 0.0420052
1.36204 0.0420052
1.36204 0.0420052
1.36242 0.0624146
1.36255 0.0421958
1.36255 0.0421958
1.36255 0.0425153
1.36286 0.0628625
1.36318 0.063182
1.36318 0.0421958
1.3635 0.0635015
1.36363 0.0429632
1.36363 0.0432827
1.36363 0.0429632
1.36363 0.0429632
1.36363 0.0426437
1.36363 0.0426437
1.36395 0.0639494
1.36499 0.0649843
1.36786 0.0678377
1.36818 0.0681738
1.3685 0.0684933
1.36894 0.0689372
1.36954 0.0695367
1.36986 0.0698396
1.37018 0.0701757
1.3705 0.0704952
1.37082 0.0708147
1.37114 0.0711128
1.37114 0.0711342
1.37146 0.0714537
1.37146 0.171453
1.37178 0.0717732
1.3721 0.0720927
1.37282 0.0728037
1.37348 0.0734783
1.37389 0.17389
1.37421 0.074194
1.37453 0.0745135
1.37516 0.0751606
1.3757 0.0756979
1.3763 0.0762973
1.37662 0.0765906
1.37694 0.0769363
1.37769 0.0776747
1.37857 0.0785541
1.37889 0.0788902
1.37889 0.0788902
1.37959 0.0795829
1.38003 0.0800269
1.38035 0.0803464
1.38079 0.0807737
1.38214 0.0821362
1.38227 0.0422654
1.38227 0.0422654
1.38227 0.0422654
1.3824 0.0420743
1.3824 0.0420743
1.3824 0.0423938
1.38265 0.0420076
1.38265 0.0423271
1.38265 0.0420076
1.38296 0.0423226
1.38296 0.0420031
1.38296 0.0420031
1.38546 0.0854576
1.38768 0.0876745
1.388 0.087994
1.38937 0.089371
1.39153 0.0915257
1.39194 0.0919219
1.39391 0.0939065
1.39476 0.0947548
1.39508 0.0950743
1.3972 0.0971978
1.40128 0.101281
1.4021 0.102098
1.40223 0.0422246
1.40223 0.0422246
1.40223 0.0422246
1.40236 0.0420335
1.40236 0.0420335
1.40236 0.042353
1.40264 0.0419979
1.40264 0.0423174
1.40264 0.0419979
1.40299 0.042344
1.40299 0.0420245
1.40299 0.0420245
1.40331 0.103304
1.40363 0.103624
1.4051 0.105069
1.41086 0.110857
1.41737 0.117366
1.41775 0.117748
1.41807 0.118067
1.41839 0.118387
1.41896 0.118955
1.4194 0.119399
1.41972 0.119719
1.42032 0.120318
1.422 0.0419972
1.422 0.0419972
1.422 0.0419972
1.42232 0.122321
1.42245 0.0421256
1.42245 0.0421256
1.42245 0.0424451
1.42264 0.0419967
1.42264 0.0423162
1.42264 0.0419967
1.42299 0.0423428
1.42299 0.0420233
1.42299 0.0420233
1.42496 0.124954
1.42599 0.125989
1.43931 0.13931
1.44029 0.140283
1.44222 0.0422127
1.44235 0.0420216
1.44235 0.0420216
1.44235 0.0420216
1.44267 0.0420171
1.44267 0.0420171
1.44267 0.0423366
1.44298 0.0420126
1.44298 0.0423321
1.44298 0.0420126
1.4433 0.0423276
1.4433 0.0420081
1.4433 0.0420081
1.4448 0.0447876
1.44608 0.0460792
1.45047 0.0504734
1.45167 0.151663
1.45264 0.0526365
1.45386 0.0538326
1.45608 0.0560749
1.45714 0.0571409
1.45902 0.159015
1.4603 0.0602993
1.4613 0.0613031
1.46202 0.0420034
1.46202 0.0420034
1.46202 0.0420034
1.46244 0.0624353
1.46257 0.0422251
1.46257 0.0422251
1.46257 0.0425446
1.46269 0.042034
1.46269 0.0423535
1.46269 0.042034
1.46308 0.0630738
1.46339 0.0633933
1.46339 0.0633933
1.46352 0.0428636
1.46352 0.0425441
1.46352 0.0425441
1.46418 0.0641833
1.46497 0.0649694
1.46784 0.0678315
1.46816 0.0681589
1.46848 0.0684784
1.46896 0.0689535
1.46952 0.0695218
1.46984 0.0698334
1.47016 0.0701608
1.47048 0.0704803
1.4708 0.0707998
1.47112 0.0710928
1.47144 0.0714389
1.47144 0.0714389
1.47179 0.0717895
1.47211 0.172108
1.47211 0.072109
1.4728 0.0727807
1.47346 0.0734634
1.4741 0.074086
1.47442 0.0744055
1.47477 0.174763
1.47515 0.0751458
1.47568 0.075683
1.47628 0.0762824
1.47667 0.07665
1.47699 0.0769837
1.47758 0.0775752
1.47853 0.0785167
1.47885 0.0788442
1.47885 0.0788442
1.47957 0.0795681
1.47989 0.0798876
1.48021 0.0802071
1.48059 0.0805808
1.48203 0.0420019
1.48203 0.0420019
1.48203 0.0420019
1.48253 0.0825297
1.48266 0.0423169
1.48266 0.0423169
1.48266 0.0426364
1.48266 0.0419974
1.48266 0.0423169
1.48266 0.0419974
1.48279 0.0421258
1.48298 0.0423164
1.48298 0.0419968
1.48298 0.0419968
1.48544 0.0854427
1.48791 0.0879084
1.48848 0.0884768
1.48954 0.0895428
1.49192 0.0919151
1.49224 0.0922267
1.49439 0.0943893
1.49474 0.0947399
1.49506 0.0950594
1.49756 0.0975562
1.5013 0.101297
1.50199 0.10199
1.50212 0.042094
1.50212 0.042094
1.50212 0.042094
1.50234 0.0419962
1.50234 0.0419962
1.50234 0.0423157
1.50269 0.0420228
1.50269 0.0423423
1.50269 0.0420228
1.50304 0.103037
1.50317 0.0425018
1.50317 0.0421823
1.50317 0.0421823
1.5037 0.103702
1.50511 0.105085
1.51084 0.110842
1.51754 0.117538
1.51795 0.117951
1.51827 0.11827
1.51827 0.11827
1.51912 0.119119
1.51944 0.119438
1.52013 0.120131
1.52045 0.12045
1.52223 0.122232
1.52236 0.0423331
1.52236 0.0423331
1.52236 0.0423331
1.52236 0.0420136
1.52236 0.0420136
1.52236 0.0423331
1.52249 0.0424615
1.52268 0.0420131
1.52268 0.0423326
1.52268 0.0420131
1.523 0.0423281
1.523 0.0420086
1.523 0.0420086
1.52496 0.124962
1.526 0.125997
1.53991 0.139909
1.54029 0.140291
1.5422 0.042198
1.54233 0.0420069
1.54233 0.0420069
1.54233 0.0420069
1.54264 0.0420024
1.54264 0.0420024
1.54264 0.0423219
1.54296 0.0419979
1.54296 0.0423174
1.54296 0.0419979
1.5433 0.042344
1.5433 0.0420245
1.5433 0.0420245
1.54477 0.0447729
1.54606 0.0460559
1.55045 0.05045
1.55236 0.152355
1.55268 0.0526753
1.55387 0.0538404
1.55605 0.0560515
1.55715 0.0571486
1.55918 0.159178
1.56031 0.0603071
1.56131 0.0613109
1.56203 0.0420198
1.56203 0.0420198
1.56203 0.0420198
1.56241 0.0624119
1.56254 0.0422104
1.56254 0.0422104
1.56254 0.0425299
1.56267 0.0420193
1.56267 0.0423388
1.56267 0.0420193
1.56308 0.0630815
1.5634 0.063401
1.5634 0.063401
1.56353 0.04288
1.56353 0.0425605
1.56353 0.0425605
1.56425 0.0642533
1.56498 0.0649771
1.56782 0.0678168
1.56814 0.0681356
1.56846 0.0684551
1.56893 0.0689301
1.56959 0.0695918
1.56991 0.069912
1.57023 0.0702308
1.57055 0.0705503
1.57087 0.0708698
1.57119 0.0711886
1.57119 0.0711893
1.57151 0.0715088
1.57183 0.0718283
1.57215 0.172147
1.57215 0.0721478
1.57281 0.0727803
1.57347 0.0734711
1.57407 0.0740713
1.57439 0.0743908
1.5748 0.174802
1.57528 0.0752779
1.57569 0.0756907
1.57629 0.0762902
1.57661 0.0766077
1.57693 0.0769292
1.57759 0.0775916
1.5785 0.078502
1.57882 0.0788208
1.57882 0.0788208
1.57951 0.0795136
1.58002 0.0800197
1.58034 0.0803392
1.58066 0.0806594
1.58203 0.0420183
1.58203 0.0420183
1.58203 0.0420183
1.58254 0.0825374
1.58267 0.0423333
1.58267 0.0423333
1.58267 0.0426528
1.58267 0.0420138
1.58267 0.0423333
1.58267 0.0420138
1.58279 0.0421422
1.58299 0.0423327
1.58299 0.0420132
1.58299 0.0420132
1.58545 0.0854505
1.58792 0.0879162
1.58849 0.0884845
1.58949 0.0894883
1.59192 0.0919229
1.59224 0.0922431
1.59437 0.0943659
1.59475 0.0947476
1.59507 0.0950671
1.59753 0.0975328
1.60134 0.101336
1.602 0.101998
1.60213 0.0421104
1.60213 0.0421104
1.60213 0.0421104
1.60235 0.0420125
1.60235 0.0420125
1.60235 0.0423321
1.60266 0.0420081
1.60266 0.0423276
1.60266 0.0420081
1.60298 0.0423231
1.60298 0.0420036
1.60298 0.0420036
1.6033 0.103297
1.60362 0.103617
1.60506 0.105031
1.61076 0.110757
1.61752 0.117515
1.61796 0.117958
1.61828 0.118278
1.61828 0.118278
1.6191 0.119095
1.61951 0.119508
1.62033 0.120325
1.62065 0.120645
1.62202 0.0419989
1.62202 0.0419989
1.62202 0.0419989
1.62234 0.122337
1.62247 0.0421273
1.62247 0.0421273
1.62247 0.0424468
1.62266 0.0419984
1.62266 0.0423179
1.62266 0.0419984
1.623 0.0423445
1.623 0.042025
1.623 0.042025
1.62494 0.124939
1.62591 0.125911
1.63989 0.139886
1.6403 0.140298
1.64224 0.0422144
1.64236 0.0420233
1.64236 0.0420233
1.64236 0.0420233
1.64268 0.0420188
1.64268 0.0420188
1.64268 0.0423383
1.64299 0.0420143
1.64299 0.0423338
1.64299 0.0420143
1.64331 0.0423293
1.64331 0.0420098
1.64331 0.0420098
1.64481 0.0447893
1.64609 0.0460637
1.65049 0.0504578
1.65236 0.152363
1.65268 0.052652
1.65387 0.0538481
1.65609 0.0560593
1.65716 0.0571253
1.65906 0.159061
1.66031 0.0602837
1.66135 0.0613186
1.66201 0.0420051
1.66201 0.0420051
1.66201 0.0420051
1.66245 0.0624197
1.66258 0.0422579
1.66258 0.0422579
1.66258 0.0425774
1.66271 0.0420668
1.66271 0.0423863
1.66271 0.0420668
1.66309 0.0630582
1.66341 0.0633777
1.66341 0.0633777
1.66354 0.0428964
1.66354 0.0425769
1.66354 0.0425769
1.66423 0.0641988
1.66498 0.0649538
1.66785 0.0678332
1.66817 0.0681433
1.66849 0.0684628
1.66897 0.0689379
1.66957 0.0695373
1.66995 0.0699284
1.67027 0.0702385
1.67074 0.0707136
1.67106 0.0710583
1.67106 0.0710331
1.67138 0.0713526
1.67138 0.0713526
1.67189 0.171889
1.67221 0.0721782
1.67221 0.0721782
1.67281 0.0728026
1.67344 0.0734082
1.6741 0.0740792
1.67442 0.0743987
1.67483 0.174832
1.67518 0.0751528
1.67572 0.07569
1.67626 0.0762273
1.67658 0.0765569
1.6769 0.0768663
1.67762 0.0775995
1.67853 0.07851
1.67885 0.0788201
1.67885 0.0788201
1.67961 0.0795751
1.68005 0.080019
1.68037 0.0803385
1.68069 0.0806674
1.682 0.0419951
1.682 0.0419951
1.682 0.0419951
1.68254 0.0825056
1.68267 0.0423412
1.68267 0.0423412
1.68267 0.0426607
1.68267 0.0420217
1.68267 0.0423412
1.68267 0.0420217
1.68279 0.0421501
1.68298 0.0423407
1.68298 0.0420212
1.68298 0.0420212
1.68542 0.0853876
1.68782 0.087791
1.68848 0.0884527
1.68952 0.0894876
1.69192 0.0918911
1.69224 0.0922199
1.69437 0.0943341
1.69478 0.0947469
1.6951 0.0950664
1.69766 0.0976254
1.70152 0.101491
1.70203 0.101997
1.70216 0.0421494
1.70216 0.0421494
1.70216 0.0421494
1.70235 0.0420205
1.70235 0.0420205
1.70235 0.04234
1.70266 0.042016
1.70266 0.0423355
1.70266 0.042016
1.70298 0.042331
1.70298 0.0420115
1.70298 0.0420115
1.70333 0.103297
1.70365 0.103616
1.70509 0.105061
1.71082 0.110787
1.71754 0.117514
1.71799 0.117958
1.71831 0.118277
1.71831 0.118277
1.71897 0.118939
1.71951 0.119476
1.72036 0.120324
1.72067 0.120644
1.72202 0.0420068
1.72202 0.0420068
1.72202 0.0420068
1.72234 0.122305
1.72246 0.0421352
1.72246 0.0421352
1.72246 0.0424547
1.72265 0.0420063
1.72265 0.0423258
1.72265 0.0420063
1.72297 0.0423213
1.72297 0.0420018
1.72297 0.0420018
1.725 0.124969
1.72607 0.126035
1.73992 0.139885
1.74033 0.140298
1.7422 0.0421912
1.74233 0.0420001
1.74233 0.0420001
1.74233 0.0420001
1.74265 0.0419956
1.74265 0.0419956
1.74265 0.0423151
1.74299 0.0420222
1.74299 0.0423417
1.74299 0.0420222
1.74331 0.0423372
1.74331 0.0420177
1.74331 0.0420177
1.74478 0.0447661
1.74609 0.0460629
1.75049 0.0504571
1.75236 0.152331
1.75268 0.0526513
1.75387 0.0538474
1.75609 0.0560586
1.75715 0.0571246
1.75906 0.15903
1.76031 0.060283
1.76135 0.0613179
1.76204 0.042013
1.76204 0.042013
1.76204 0.042013
1.76245 0.062419
1.76258 0.0422347
1.76258 0.0422347
1.76258 0.0425542
1.76271 0.0420436
1.76271 0.0423631
1.76271 0.0420436
1.76309 0.0630575
1.76341 0.063377
1.76341 0.063377
1.76354 0.0428732
1.76354 0.0425537
1.76354 0.0425537
1.76423 0.0641981
1.76498 0.0649531
1.76785 0.0678411
1.76817 0.0681426
1.76849 0.0684621
1.76897 0.0689372
1.7696 0.0695677
1.76992 0.0699052
1.77024 0.0702067
1.77056 0.0705262
1.77088 0.0708457
1.7712 0.0711853
1.7712 0.0711652
1.77151 0.0714848
1.77183 0.0718043
1.77215 0.172123
1.77215 0.0721238
1.77278 0.0727771
1.77345 0.073416
1.77408 0.0740645
1.7744 0.074384
1.77478 0.174747
1.77532 0.075285
1.77573 0.0756978
1.77627 0.076235
1.77658 0.0765767
1.7769 0.076874
1.7776 0.0775848
1.77851 0.0784953
1.77883 0.0787968
1.77883 0.0787968
1.77961 0.0795828
1.78006 0.0800268
1.78038 0.0803463
1.7807 0.0806838
1.78204 0.0420115
1.78204 0.0420115
1.78204 0.0420115
1.78254 0.0825134
1.78267 0.0423265
1.78267 0.0423265
1.78267 0.042646
1.78267 0.042007
1.78267 0.0423265
1.78267 0.042007
1.7828 0.0421354
1.78299 0.042326
1.78299 0.0420065
1.78299 0.0420065
1.78546 0.0854264
1.7878 0.0877677
1.78849 0.0884604
1.78949 0.0894642
1.7919 0.0918857
1.79222 0.0921872
1.79437 0.0943419
1.79478 0.0947547
1.7951 0.0950742
1.79773 0.0976954
1.80131 0.101281
1.802 0.101974
1.80213 0.0421036
1.80213 0.0421036
1.80213 0.0421036
1.80235 0.0420058
1.80235 0.0420058
1.80235 0.0423253
1.80267 0.0420013
1.80267 0.0423208
1.80267 0.0420013
1.80308 0.103052
1.80321 0.0425425
1.80321 0.042223
1.80321 0.042223
1.80359 0.103562
1.80494 0.104913
1.81082 0.110795
1.81755 0.117522
1.81809 0.118059
1.81841 0.118378
1.81841 0.118378
1.81913 0.119102
1.81945 0.119422
1.82027 0.120239
1.82059 0.120558
1.82202 0.0420232
1.82202 0.0420232
1.82202 0.0420232
1.82234 0.122313
1.82247 0.0421516
1.82247 0.0421516
1.82247 0.0424711
1.82266 0.0420227
1.82266 0.0423422
1.82266 0.0420227
1.82298 0.0423377
1.82298 0.0420182
1.82298 0.0420182
1.82498 0.124946
1.82601 0.125981
1.83992 0.139893
1.84034 0.140305
1.84221 0.0422076
1.84234 0.0420165
1.84234 0.0420165
1.84234 0.0420165
1.84265 0.042012
1.84265 0.042012
1.84265 0.0423315
1.84297 0.0420075
1.84297 0.042327
1.84297 0.0420075
1.84328 0.0423225
1.84328 0.042003
1.84328 0.042003
1.84479 0.0447825
1.8461 0.0460707
1.85049 0.0504648
1.85237 0.152339
1.85269 0.052659
1.85388 0.0538552
1.8561 0.0560663
1.85716 0.0571323
1.85907 0.159037
1.86032 0.0602908
1.86132 0.0612945
1.86201 0.0419983
1.86201 0.0419983
1.86201 0.0419983
1.86246 0.0624267
1.86258 0.0422511
1.86258 0.0422511
1.86258 0.0425706
1.86271 0.04206
1.86271 0.0423795
1.86271 0.04206
1.86316 0.0631274
1.86348 0.0634469
1.86348 0.0634469
1.8636 0.0429518
1.8636 0.0426323
1.8636 0.0426323
1.8642 0.0641748
1.86499 0.0649608
1.86783 0.0678264
1.86815 0.0681193
1.86847 0.0684388
1.86897 0.0689449
1.8696 0.0695755
1.86992 0.0699216
1.87024 0.0702145
1.87056 0.070534
1.87088 0.0708535
1.8712 0.0711879
1.8712 0.071173
1.87152 0.0714925
1.8719 0.171873
1.87222 0.0721937
1.87222 0.0721937
1.87279 0.0727828
1.87348 0.0734548
1.87408 0.0740809
1.8744 0.0744004
1.87478 0.174755
1.87532 0.0752927
1.87573 0.0757055
1.8763 0.0762739
1.87662 0.0765966
1.87694 0.0769129
1.8776 0.0776012
1.87851 0.0785117
1.87883 0.0788045
1.87883 0.0788045
1.87956 0.0795284
1.88003 0.0800034
1.88035 0.0803229
1.88067 0.0806691
1.88201 0.0419968
1.88201 0.0419968
1.88201 0.0419968
1.88246 0.0824278
1.88259 0.0422496
1.88259 0.0422496
1.88259 0.0425691
1.88271 0.0420585
1.88271 0.042378
1.88271 0.0420585
1.883 0.0423424
1.883 0.0420229
1.883 0.0420229
1.88546 0.0854342
1.88765 0.0876199
1.8885 0.0884682
1.88953 0.0895031
1.89187 0.091871
1.89219 0.0921639
1.89438 0.0943496
1.89479 0.0947624
1.89511 0.0950819
1.89773 0.0977032
1.90138 0.101351
1.90201 0.101981
1.90214 0.04212
1.90214 0.04212
1.90214 0.04212
1.90236 0.0420222
1.90236 0.0420222
1.90236 0.0423417
1.90268 0.0420177
1.90268 0.0423372
1.90268 0.0420177
1.90299 0.0423327
1.90299 0.0420132
1.90299 0.0420132
1.90331 0.103281
1.90363 0.1036
1.90494 0.104921
1.91083 0.110802
1.9175 0.117467
1.91806 0.118035
1.91838 0.118355
1.91838 0.118355
1.91914 0.11911
1.91946 0.119429
1.92028 0.120247
1.9206 0.120566
1.92203 0.0420085
1.92203 0.0420085
1.92203 0.0420085
1.92235 0.12232
1.92248 0.0421369
1.92248 0.0421369
1.92248 0.0424564
1.92267 0.042008
1.92267 0.0423275
1.92267 0.042008
1.92298 0.042323
1.92298 0.0420035
1.92298 0.0420035
1.92501 0.124985
1.92602 0.125988
1.93993 0.1399
1.94031 0.140282
1.94222 0.0421929
1.94235 0.0420018
1.94235 0.0420018
1.94235 0.0420018
1.94266 0.0419973
1.94266 0.0419973
1.94266 0.0423168
1.94301 0.0420239
1.94301 0.0423434
1.94301 0.0420239
1.94332 0.0423389
1.94332 0.0420194
1.94332 0.0420194
1.94479 0.0447678
1.94611 0.0460785
1.9505 0.0504726
1.95238 0.152346
1.9527 0.0526668
1.95385 0.0538318
1.9561 0.0560741
1.95717 0.0571401
1.9592 0.159169
1.96033 0.0602985
1.96133 0.0613023
1.96202 0.0420147
1.96202 0.0420147
1.96202 0.0420147
1.96246 0.0624345
1.96259 0.0422675
1.96259 0.0422675
1.96259 0.042587
1.96272 0.0420764
1.96272 0.0423959
1.96272 0.0420764
1.96307 0.0630419
1.96339 0.0633614
1.96339 0.0633614
1.96352 0.0428749
1.96352 0.0425554
1.96352 0.0425554
1.96421 0.0641825
1.965 0.0649686
1.96784 0.0678117
1.96816 0.068127
1.96848 0.0684465
1.96898 0.0689527
1.96958 0.0695521
1.9699 0.0698758
1.97022 0.0701911
1.97054 0.0705106
1.97086 0.0708301
1.97118 0.0711594
1.97118 0.0711497
1.9715 0.0714692
1.97182 0.0717887
1.97214 0.172107
1.97214 0.0721082
1.9728 0.0727885
1.97346 0.0734315
1.97409 0.0740662
1.97441 0.0743857
1.97482 0.174794
1.97517 0.075145
1.97571 0.0756822
1.97628 0.0762505
1.9766 0.0765853
1.97692 0.0768895
1.97761 0.0775865
1.97852 0.0784969
1.97884 0.0788123
1.97884 0.0788123
1.97956 0.0795362
1.9802 0.0801667
1.98051 0.0804862
1.98083 0.0808099
1.98202 0.0420132
1.98202 0.0420132
1.98202 0.0420132
1.98234 0.0420087
1.98234 0.0420087
1.98234 0.0423282
1.98265 0.0826262
1.98278 0.0421371
1.98278 0.0424566
1.98278 0.0421371
1.98297 0.0423277
1.98297 0.0420082
1.98297 0.0420082
1.98547 0.0854419
1.98766 0.0876277
1.9885 0.088476
1.98951 0.0894798
1.99188 0.0918521
1.9922 0.0921758
1.99439 0.0943574
1.99477 0.0947391
1.99509 0.0950586
1.99765 0.0976176
2.00136 0.101327
2.00202 0.101989
2.00215 0.0421364
2.00215 0.0421364
2.00215 0.0421364
2.00234 0.0420075
2.00234 0.0420075
2.00234 0.042327
2.00265 0.042003
2.00265 0.0423225
2.00265 0.042003
2.00297 0.042318
2.00297 0.0419985
2.00297 0.0419985
2.00329 0.103258
2.00361 0.103577
2.00492 0.104895
2.01084 0.110808
2.01756 0.117535
2.01795 0.117917
2.01826 0.118236
2.01826 0.118236
2.01911 0.119084
2.01953 0.119497
2.02034 0.120314
2.02066 0.120634
2.02203 0.0420226
2.02203 0.0420226
2.02203 0.0420226
2.02235 0.122326
2.02248 0.042151
2.02248 0.042151
2.02248 0.0424705
2.02267 0.0420221
2.02267 0.0423416
2.02267 0.0420221
2.02299 0.0423371
2.02299 0.0420176
2.02299 0.0420176
2.02499 0.124959
2.02602 0.125994
2.0399 0.139875
2.04032 0.140288
2.04222 0.042207
2.04235 0.0420159
2.04235 0.0420159
2.04235 0.0420159
2.04267 0.0420114
2.04267 0.0420114
2.04267 0.0423309
2.04298 0.0420069
2.04298 0.0423264
2.04298 0.0420069
2.0433 0.0423219
2.0433 0.0420024
2.0433 0.0420024
2.0448 0.0447819
2.04608 0.0460528
2.05047 0.0504469
2.05235 0.152321
2.05267 0.0526411
2.05386 0.0538373
2.05608 0.0560484
2.05714 0.0571144
2.0592 0.159175
2.0603 0.0602728
2.0613 0.0612766
2.06202 0.0419977
2.06202 0.0419977
2.06202 0.0419977
2.06244 0.0624088
2.06257 0.0422194
2.06257 0.0422194
2.06257 0.0425389
2.06269 0.0420283
2.06269 0.0423478
2.06269 0.0420283
2.06314 0.0631095
2.06346 0.063429
2.06346 0.063429
2.06359 0.0429201
2.06359 0.0426006
2.06359 0.0426006
2.06418 0.0641569
2.06497 0.0649429
2.06781 0.0677947
2.06813 0.0681014
2.06845 0.0684209
2.06895 0.068927
2.06959 0.0695576
2.0699 0.0698899
2.07022 0.0701966
2.07054 0.0705161
2.07086 0.0708356
2.07118 0.0711596
2.07118 0.0711551
2.0715 0.0714746
2.07182 0.0717941
2.07214 0.172113
2.07214 0.0721136
2.0728 0.0727919
2.07346 0.0734369
2.07403 0.0740181
2.07435 0.0743376
2.07477 0.174737
2.0753 0.0752748
2.07572 0.0756876
2.07628 0.076256
2.0766 0.0766029
2.07692 0.076895
2.07758 0.0775694
2.07853 0.078511
2.07885 0.0788177
2.07885 0.0788177
2.07957 0.0795416
2.07989 0.0798611
2.08021 0.0801806
2.08056 0.080544
2.08202 0.0419961
2.08202 0.0419961
2.08202 0.0419961
2.08253 0.0825032
2.08266 0.0423112
2.08266 0.0423112
2.08266 0.0426307
2.08266 0.0419917
2.08266 0.0423112
2.08266 0.0419917
2.08279 0.04212
2.08298 0.0423106
2.08298 0.0419911
2.08298 0.0419911
2.08544 0.0854163
2.08779 0.0877575
2.08829 0.0882637
2.08945 0.089423
2.09185 0.0918393
2.09185 0.0918265
2.09438 0.0943544
2.09473 0.094705
2.09505 0.0950245
2.09761 0.0975835
2.10135 0.101324
2.10198 0.101955
2.10211 0.0421109
2.10211 0.0421109
2.10211 0.0421109
2.10233 0.0420131
2.10233 0.0420131
2.10233 0.0423326
2.10265 0.0420086
2.10265 0.0423281
2.10265 0.0420086
2.10306 0.103033
2.10319 0.0425498
2.10319 0.0422303
2.10319 0.0422303
2.1036 0.103574
2.10507 0.10505
2.11077 0.110745
2.11753 0.117503
2.11807 0.11804
2.11839 0.11836
2.11839 0.11836
2.11902 0.11899
2.11946 0.119434
2.12028 0.120251
2.1206 0.120571
2.122 0.0419994
2.122 0.0419994
2.122 0.0419994
2.12238 0.122356
2.12251 0.04219
2.12251 0.04219
2.12251 0.0425095
2.12264 0.0419989
2.12264 0.0423184
2.12264 0.0419989
2.12296 0.0423139
2.12296 0.0419944
2.12296 0.0419944
2.12502 0.124989
2.12608 0.126055
2.13987 0.139843
2.14031 0.140287
2.14219 0.0421838
2.14232 0.0419927
2.14232 0.0419927
2.14232 0.0419927
2.14263 0.0419882
2.14263 0.0419882
2.14263 0.0423077
2.14298 0.0420148
2.14298 0.0423343
2.14298 0.0420148
2.14329 0.0423298
2.14329 0.0420103
2.14329 0.0420103
2.14476 0.0447587
2.14608 0.0460521
2.15047 0.0504462
2.15235 0.15232
2.15267 0.0526404
2.15386 0.0538365
2.15607 0.0560477
2.15717 0.0571448
2.15908 0.15905
2.1603 0.0602721
2.1613 0.0612759
2.16202 0.0420056
2.16202 0.0420056
2.16202 0.0420056
2.16244 0.0624081
2.16256 0.0422273
2.16256 0.0422273
2.16256 0.0425468
2.16269 0.0420362
2.16269 0.0423557
2.16269 0.0420362
2.16314 0.0631088
2.16346 0.0634283
2.16346 0.0634283
2.16358 0.042928
2.16358 0.0426085
2.16358 0.0426085
2.16421 0.0641873
2.16497 0.0649422
2.16781 0.0678026
2.16813 0.0681007
2.16845 0.0684202
2.16895 0.0689263
2.16955 0.0695257
2.16987 0.0698667
2.17019 0.0701648
2.17051 0.0704843
2.17083 0.0708038
2.17115 0.0711227
2.17115 0.0711233
2.17147 0.0714428
2.17191 0.171886
2.17223 0.0722062
2.17223 0.0722062
2.17283 0.0728142
2.17349 0.0734673
2.17403 0.074026
2.17435 0.0743455
2.17476 0.174736
2.17518 0.0751497
2.17571 0.0756869
2.17631 0.0762864
2.17663 0.0766143
2.17695 0.0769254
2.17758 0.0775774
2.17852 0.078519
2.17884 0.078817
2.17884 0.078817
2.17954 0.0795098
2.17986 0.0798293
2.18021 0.0801799
2.18056 0.080552
2.18202 0.0420041
2.18202 0.0420041
2.18202 0.0420041
2.18253 0.0825025
2.18266 0.0423191
2.18266 0.0423191
2.18266 0.0426386
2.18266 0.0419996
2.18266 0.0423191
2.18266 0.0419996
2.18279 0.042128
2.18298 0.0423186
2.18298 0.0419991
2.18298 0.0419991
2.18544 0.0854156
2.18781 0.0877879
2.18829 0.088263
2.18939 0.0893601
2.19182 0.0918161
2.19214 0.0921142
2.19439 0.0943621
2.19474 0.0947127
2.19506 0.0950322
2.19762 0.0975912
2.20148 0.101457
2.20199 0.101963
2.20212 0.0420962
2.20212 0.0420962
2.20212 0.0420962
2.20234 0.0419984
2.20234 0.0419984
2.20234 0.0423179
2.20265 0.0419939
2.20265 0.0423134
2.20265 0.0419939
2.20297 0.0423089
2.20297 0.0419894
2.20297 0.0419894
2.20329 0.103262
2.2037 0.103675
2.20508 0.105058
2.21084 0.110815
2.21748 0.117449
2.21804 0.118017
2.21836 0.118336
2.21836 0.118336
2.21912 0.119091
2.21947 0.119442
2.22035 0.120321
2.22035 0.120321
2.22203 0.0420074
2.22203 0.0420074
2.22203 0.0420074
2.22238 0.122356
2.22251 0.0421668
2.22251 0.0421668
2.22251 0.0424864
2.22267 0.0420068
2.22267 0.0423263
2.22267 0.0420068
2.22299 0.0423219
2.22299 0.0420023
2.22299 0.0420023
2.22498 0.124958
2.22608 0.126055
2.23987 0.139842
2.24031 0.140286
2.24222 0.0421917
2.24235 0.0420006
2.24235 0.0420006
2.24235 0.0420006
2.24266 0.0419961
2.24266 0.0419961
2.24266 0.0423156
2.24298 0.0419916
2.24298 0.0423111
2.24298 0.0419916
2.24329 0.0423066
2.24329 0.0419871
2.24329 0.0419871
2.24479 0.0447666
2.24608 0.0460514
2.25047 0.0504455
2.25235 0.152319
2.25267 0.0526397
2.25386 0.0538358
2.25607 0.056047
2.25717 0.0571441
2.25908 0.159049
2.2603 0.0602714
2.2613 0.0612752
2.26202 0.0420136
2.26202 0.0420136
2.26202 0.0420136
2.26243 0.0624074
2.26256 0.0422353
2.26256 0.0422353
2.26256 0.0425548
2.26269 0.0420442
2.26269 0.0423637
2.26269 0.0420442
2.26307 0.0630459
2.26339 0.0633654
2.26339 0.0633654
2.26352 0.0428738
2.26352 0.0425543
2.26352 0.0425543
2.26421 0.0641865
2.26497 0.0649415
2.26784 0.0678105
2.26816 0.0681311
2.26848 0.0684506
2.26895 0.0689256
2.26955 0.069525
2.26987 0.0698435
2.27019 0.070164
2.27051 0.0704836
2.27083 0.0708031
2.27115 0.0711479
2.27115 0.0711226
2.27147 0.0714421
2.27179 0.0717616
2.27211 0.17208
2.27211 0.0720811
2.2728 0.0727939
2.27346 0.0734355
2.27406 0.0740339
2.27438 0.0743534
2.27479 0.174766
2.27518 0.075149
2.27571 0.0756862
2.27625 0.0762234
2.27657 0.0765635
2.27689 0.0768625
2.27761 0.0775853
2.27852 0.0784958
2.27884 0.0788163
2.27884 0.0788163
2.27954 0.0795091
2.28001 0.0799841
2.28033 0.0803036
2.28065 0.0806221
2.28202 0.042012
2.28202 0.042012
2.28202 0.042012
2.28253 0.0825018
2.28266 0.042327
2.28266 0.042327
2.28266 0.0426465
2.28266 0.0420075
2.28266 0.042327
2.28266 0.0420075
2.28278 0.0421359
2.28298 0.0423265
2.28298 0.042007
2.28298 0.042007
2.28535 0.0853215
2.28763 0.0876006
2.28829 0.0882622
2.28935 0.0893282
2.29185 0.091824
2.29185 0.091825
2.29435 0.0943218
2.29473 0.0947035
2.29505 0.095023
2.29761 0.097582
2.30135 0.101323
2.30201 0.101985
2.30214 0.0421267
2.30214 0.0421267
2.30214 0.0421267
2.30233 0.0419978
2.30233 0.0419978
2.30233 0.0423173
2.30264 0.0419933
2.30264 0.0423128
2.30264 0.0419933
2.30296 0.0423084
2.30296 0.0419888
2.30296 0.0419888
2.30328 0.103253
2.30369 0.103666
2.30507 0.105049
2.31086 0.110837
2.31756 0.117533
2.31794 0.117914
2.31826 0.118234
2.31826 0.118234
2.31911 0.119082
2.31955 0.119526
2.32015 0.120126
2.32047 0.120445
2.32203 0.0420153
2.32203 0.0420153
2.32203 0.0420153
2.32238 0.122355
2.32251 0.0421748
2.32251 0.0421748
2.32251 0.0424943
2.32267 0.0420148
2.32267 0.0423343
2.32267 0.0420148
2.32298 0.0423298
2.32298 0.0420103
2.32298 0.0420103
2.32498 0.124957
2.32602 0.125992
2.3399 0.139873
2.34031 0.140285
2.34222 0.0421997
2.34235 0.0420085
2.34235 0.0420085
2.34235 0.0420085
2.34266 0.0420041
2.34266 0.0420041
2.34266 0.0423236
2.34298 0.0419996
2.34298 0.0423191
2.34298 0.0419996
2.34329 0.0423146
2.34329 0.0419951
2.34329 0.0419951
2.34479 0.0447746
2.34608 0.0460507
2.35047 0.0504448
2.35234 0.152319
2.35266 0.052639
2.35385 0.0538351
2.35607 0.0560463
2.35717 0.0571434
2.35907 0.159048
2.3603 0.0602707
2.3613 0.0612745
2.36202 0.0419904
2.36202 0.0419904
2.36202 0.0419904
2.36243 0.0624067
2.36256 0.0422121
2.36256 0.0422121
2.36256 0.0425316
2.36269 0.042021
2.36269 0.0423405
2.36269 0.042021
2.3631 0.0630763
2.36342 0.0633958
2.36342 0.0633958
2.36355 0.0428817
2.36355 0.0425622
2.36355 0.0425622
2.36421 0.0641858
2.36497 0.0649408
2.36781 0.0677874
2.36812 0.0680992
2.36844 0.0684187
2.36895 0.0689249
2.36958 0.0695554
2.3699 0.0698826
2.37022 0.0701944
2.37054 0.0705139
2.37086 0.0708335
2.37118 0.0711731
2.37118 0.071153
2.3715 0.0714725
2.37182 0.071792
2.37214 0.172111
2.37214 0.0721115
2.3728 0.0727828
2.37346 0.0734348
2.37406 0.0740419
2.37438 0.0743614
2.37507 0.175046
2.37539 0.075366
2.37571 0.0756855
2.37628 0.0762538
2.3766 0.0765749
2.37692 0.0768929
2.37761 0.0775932
2.37855 0.0785348
2.37887 0.0788467
2.37887 0.0788467
2.37953 0.0795084
2.38001 0.0799834
2.38033 0.0803029
2.38065 0.08063
2.38199 0.0419888
2.38199 0.0419888
2.38199 0.0419888
2.38253 0.0825011
2.38265 0.042335
2.38265 0.042335
2.38265 0.0426545
2.38265 0.0420154
2.38265 0.042335
2.38265 0.0420154
2.38278 0.0421438
2.38297 0.0423344
2.38297 0.0420149
2.38297 0.0420149
2.38544 0.0854141
2.38766 0.087631
2.38829 0.0882615
2.38935 0.0893275
2.39185 0.091832
2.39217 0.0921438
2.39435 0.0943296
2.39474 0.0947113
2.39506 0.0950308
2.39762 0.0975898
2.40148 0.101455
2.40199 0.101961
2.40212 0.042112
2.40212 0.042112
2.40212 0.042112
2.40234 0.0420142
2.40234 0.0420142
2.40234 0.0423337
2.40265 0.0420097
2.40265 0.0423292
2.40265 0.0420097
2.40297 0.0423248
2.40297 0.0420052
2.40297 0.0420052
2.40329 0.103261
2.4037 0.103674
2.40508 0.105056
2.4109 0.110876
2.41757 0.11754
2.41804 0.118015
2.41836 0.118335
2.41836 0.118335
2.41912 0.11909
2.41943 0.119409
2.42013 0.120102
2.42045 0.120422
2.42201 0.0420006
2.42201 0.0420006
2.42201 0.0420006
2.42239 0.122363
2.42252 0.0421912
2.42252 0.0421912
2.42252 0.0425107
2.42264 0.0420001
2.42264 0.0423196
2.42264 0.0420001
2.42296 0.0423151
2.42296 0.0419956
2.42296 0.0419956
2.42499 0.124965
2.42609 0.126062
2.43987 0.139849
2.44032 0.140293
2.44219 0.042185
2.44232 0.0419938
2.44232 0.0419938
2.44232 0.0419938
2.44264 0.0419893
2.44264 0.0419893
2.44264 0.0423089
2.44298 0.042016
2.44298 0.0423355
2.44298 0.042016
2.4433 0.042331
2.4433 0.0420115
2.4433 0.0420115
2.44477 0.0447598
2.44608 0.0460584
2.45048 0.0504525
2.45235 0.152326
2.45267 0.0526468
2.45386 0.0538429
2.45608 0.056054
2.45714 0.05712
2.45908 0.159056
2.4603 0.0602785
2.46131 0.0612823
2.46203 0.0420068
2.46203 0.0420068
2.46203 0.0420068
2.46244 0.0624144
2.46257 0.0422285
2.46257 0.0422285
2.46257 0.042548
2.4627 0.0420374
2.4627 0.0423569
2.4627 0.0420374
2.46308 0.0630529
2.4634 0.0633724
2.4634 0.0633724
2.46353 0.042867
2.46353 0.0425475
2.46353 0.0425475
2.46422 0.0641936
2.46497 0.0649486
2.46781 0.0678038
2.46813 0.068107
2.46845 0.0684265
2.46896 0.0689326
2.46956 0.0695321
2.46988 0.0698679
2.4702 0.0701711
2.47052 0.0704906
2.47083 0.0708101
2.47115 0.0711446
2.47115 0.0711296
2.47147 0.0714491
2.47179 0.0717686
2.47211 0.172087
2.47211 0.0720881
2.47284 0.0728068
2.47347 0.0734425
2.47404 0.0740271
2.47435 0.0743467
2.47477 0.174742
2.47518 0.075156
2.47575 0.0757244
2.47629 0.0762616
2.47661 0.0765947
2.47693 0.0769006
2.47759 0.0775785
2.47853 0.0785201
2.47885 0.0788234
2.47885 0.0788234
2.47954 0.0795161
2.47986 0.0798356
2.48021 0.0801862
2.48053 0.080522
2.48203 0.0420052
2.48203 0.0420052
2.48203 0.0420052
2.48253 0.0825088
2.48266 0.0423202
2.48266 0.0423202
2.48266 0.0426398
2.48266 0.0420007
2.48266 0.0423202
2.48266 0.0420007
2.48279 0.0421291
2.48298 0.0423197
2.48298 0.0420002
2.48298 0.0420002
2.48545 0.0854219
2.48782 0.0877943
2.48829 0.0882693
2.48948 0.0894597
2.49183 0.0918172
2.49215 0.0921205
2.49439 0.0943684
2.49474 0.094719
2.49506 0.0950386
2.49753 0.0975042
2.50136 0.101338
2.50202 0.102
2.50215 0.0421284
2.50215 0.0421284
2.50215 0.0421284
2.50234 0.0419995
2.50234 0.0419995
2.50234 0.042319
2.50266 0.041995
2.50266 0.0423145
2.50266 0.041995
2.50297 0.04231
2.50297 0.0419905
2.50297 0.0419905
2.50329 0.103269
2.50371 0.103681
2.50508 0.105064
2.51075 0.110728
2.51754 0.117517
2.51795 0.11793
2.51795 0.11793
2.51827 0.118249
2.51912 0.119098
2.51947 0.119448
2.52035 0.120328
2.52035 0.120328
2.52204 0.0420085
2.52204 0.0420085
2.52204 0.0420085
2.52239 0.122362
2.52251 0.042168
2.52251 0.042168
2.52251 0.0424875
2.52267 0.042008
2.52267 0.0423275
2.52267 0.042008
2.52299 0.042323
2.52299 0.0420035
2.52299 0.0420035
2.52499 0.124964
2.52605 0.12603
2.53987 0.139849
2.54032 0.140292
2.54222 0.0421929
2.54235 0.0420018
2.54235 0.0420018
2.54235 0.0420018
2.54267 0.0419973
2.54267 0.0419973
2.54267 0.0423168
2.54298 0.0419928
2.54298 0.0423123
2.54298 0.0419928
2.5433 0.0423078
2.5433 0.0419883
2.5433 0.0419883
2.5448 0.0447678
2.54608 0.0460577
2.55048 0.0504518
2.55235 0.152326
2.55267 0.052646
2.55386 0.0538422
2.55608 0.0560533
2.55714 0.0571193
2.55908 0.159055
2.5603 0.0602778
2.56131 0.0612815
2.56215 0.0621298
2.56228 0.042272
2.56228 0.042272
2.56228 0.042272
2.56241 0.0420809
2.56241 0.0420809
2.56241 0.0424004
2.56266 0.0420142
2.56266 0.0423337
2.56266 0.0420142
2.56308 0.0630522
2.5634 0.0633717
2.5634 0.0633717
2.56352 0.0428749
2.56352 0.0425554
2.56352 0.0425554
2.56428 0.0642551
2.56497 0.0649478
2.56781 0.0677806
2.56813 0.0681063
2.56845 0.0684258
2.56896 0.0689319
2.56956 0.0695314
2.56987 0.0698447
2.57019 0.0701704
2.57051 0.0704899
2.57083 0.0708094
2.57115 0.0711387
2.57115 0.0711289
2.57147 0.0714484
2.57179 0.0717679
2.57211 0.172087
2.57211 0.0720874
2.5728 0.0727852
2.57347 0.0734418
2.57406 0.0740351
2.57438 0.0743546
2.57486 0.174835
2.57518 0.0751553
2.57572 0.0756925
2.57628 0.0762609
2.5766 0.076575
2.57692 0.0768999
2.57762 0.0775865
2.57853 0.0784969
2.57885 0.0788226
2.57885 0.0788226
2.57954 0.0795154
2.58001 0.0799904
2.58033 0.0803099
2.58065 0.0806232
2.58203 0.0420132
2.58203 0.0420132
2.58203 0.0420132
2.58253 0.0825081
2.58266 0.0423282
2.58266 0.0423282
2.58266 0.0426477
2.58266 0.0420087
2.58266 0.0423282
2.58266 0.0420087
2.58279 0.0421371
2.58298 0.0423277
2.58298 0.0420081
2.58298 0.0420081
2.58535 0.0853279
2.58763 0.0876069
2.58829 0.0882686
2.58954 0.0895212
2.59186 0.0918252
2.59186 0.0918314
2.59438 0.0943593
2.59473 0.0947099
2.59505 0.0950294
2.59761 0.0975884
2.60138 0.10136
2.60201 0.101991
2.60214 0.0421279
2.60214 0.0421279
2.60214 0.0421279
2.60233 0.041999
2.60233 0.041999
2.60233 0.0423185
2.60265 0.0419945
2.60265 0.042314
2.60265 0.0419945
2.60296 0.0423095
2.60296 0.04199
2.60296 0.04199
2.60328 0.103259
2.6037 0.103672
2.60507 0.105055
2.61084 0.110812
2.61756 0.117539
2.61798 0.117952
2.61798 0.117952
2.6183 0.118271
2.61911 0.119088
2.61943 0.119408
2.62012 0.120101
2.62044 0.12042
2.62203 0.0420164
2.62203 0.0420164
2.62203 0.0420164
2.62238 0.122361
2.62251 0.0421759
2.62251 0.0421759
2.62251 0.0424954
2.62267 0.0420159
2.62267 0.0423354
2.62267 0.0420159
2.62299 0.0423309
2.62299 0.0420114
2.62299 0.0420114
2.62499 0.124963
2.62602 0.125998
2.63987 0.139848
2.64032 0.140292
2.64222 0.0422008
2.64235 0.0420097
2.64235 0.0420097
2.64235 0.0420097
2.64266 0.0420052
2.64266 0.0420052
2.64266 0.0423247
2.64298 0.0420007
2.64298 0.0423202
2.64298 0.0420007
2.64329 0.0423157
2.64329 0.0419962
2.64329 0.0419962
2.6448 0.0447757
2.64608 0.046057
2.65047 0.0504511
2.65235 0.152325
2.65267 0.0526453
2.65386 0.0538415
2.65608 0.0560526
2.65714 0.0571186
2.65908 0.159055
2.66011 0.0600904
2.6613 0.0612808
2.66215 0.0621291
2.66228 0.04228
2.66228 0.04228
2.66228 0.04228
2.66241 0.0420888
2.66241 0.0420888
2.66241 0.0424083
2.66263 0.041991
2.66263 0.0423105
2.66263 0.041991
2.66301 0.0629893
2.66333 0.0633088
2.66333 0.0633088
2.66346 0.0428206
2.66346 0.0425011
2.66346 0.0425011
2.66422 0.0641922
2.66497 0.0649471
2.66781 0.0677885
2.66813 0.0681056
2.66845 0.0684251
2.66895 0.0689312
2.66958 0.0695618
2.6699 0.0698837
2.67022 0.0702008
2.67054 0.0705203
2.67086 0.0708398
2.67118 0.0711639
2.67118 0.0711593
2.6715 0.0714788
2.67182 0.0717983
2.67214 0.172117
2.67214 0.0721178
2.6728 0.0727968
2.67343 0.07341
2.67406 0.074043
2.67438 0.0743625
2.67504 0.175021
2.67536 0.0753412
2.67578 0.075754
2.67628 0.0762602
2.6766 0.0765864
2.67692 0.0768992
2.67761 0.0775944
2.67853 0.0785049
2.67884 0.0788219
2.67884 0.0788219
2.67954 0.0795147
2.67986 0.0798342
2.68021 0.0801873
2.68053 0.0805043
2.68199 0.04199
2.68199 0.04199
2.68199 0.04199
2.68253 0.0825074
2.68266 0.0423361
2.68266 0.0423361
2.68266 0.0426556
2.68266 0.0420166
2.68266 0.0423361
2.68266 0.0420166
2.68279 0.042145
2.68298 0.0423356
2.68298 0.0420161
2.68298 0.0420161
2.68535 0.0853272
2.68778 0.0877617
2.68829 0.0882679
2.68945 0.0894272
2.69185 0.0918331
2.69217 0.0921502
2.69439 0.094367
2.69474 0.0947176
2.69506 0.0950371
2.69753 0.0975028
2.70142 0.101399
2.70199 0.101968
2.70212 0.0421132
2.70212 0.0421132
2.70212 0.0421132
2.70234 0.0420154
2.70234 0.0420154
2.70234 0.0423349
2.70266 0.0420109
2.70266 0.0423304
2.70266 0.0420109
2.70297 0.0423259
2.70297 0.0420064
2.70297 0.0420064
2.70329 0.103267
2.7037 0.10368
2.70492 0.104907
2.71109 0.111069
2.71754 0.117516
2.71795 0.117928
2.71795 0.117928
2.71827 0.118248
2.71912 0.119096
2.7195 0.119478
2.72035 0.120326
2.72067 0.120646
2.72201 0.0420017
2.72201 0.0420017
2.72201 0.0420017
2.72239 0.122369
2.72252 0.0421923
2.72252 0.0421923
2.72252 0.0425118
2.72265 0.0420012
2.72265 0.0423207
2.72265 0.0420012
2.72296 0.0423162
2.72296 0.0419967
2.72296 0.0419967
2.72499 0.124971
2.72538 0.125353
2.73988 0.139856
2.74032 0.140299
2.7422 0.0421861
2.74233 0.041995
2.74233 0.041995
2.74233 0.041995
2.74264 0.0419905
2.74264 0.0419905
2.74264 0.04231
2.74299 0.0420171
2.74299 0.0423366
2.74299 0.0420171
2.7433 0.0423321
2.7433 0.0420126
2.7433 0.0420126
2.74477 0.044761
2.74609 0.0460647
2.75048 0.0504589
2.75236 0.152333
2.75268 0.0526531
2.75387 0.0538492
2.75608 0.0560604
2.75715 0.0571264
2.75905 0.159031
2.76012 0.0600982
2.76131 0.0612886
2.76216 0.0621369
2.76229 0.0422652
2.76229 0.0422652
2.76229 0.0422652
2.76242 0.0420741
2.76242 0.0420741
2.76242 0.0423936
2.76267 0.0420074
2.76267 0.0423269
2.76267 0.0420074
2.76299 0.062966
2.76331 0.0632855
2.76331 0.0632855
2.76344 0.0427748
2.76344 0.0424553
2.76344 0.0424553
2.76419 0.0641688
2.76498 0.0649549
2.76785 0.067836
2.76817 0.0681444
2.76849 0.0684639
2.76896 0.068939
2.76956 0.0695384
2.76988 0.069869
2.7702 0.0701774
2.77052 0.0704969
2.77084 0.0708164
2.77116 0.0711353
2.77116 0.0711359
2.77148 0.0714554
2.7718 0.071775
2.77212 0.172094
2.77212 0.0720945
2.77281 0.0728025
2.77344 0.0734178
2.77404 0.0740283
2.77436 0.0743478
2.77468 0.074675
2.77506 0.175037
2.77538 0.0753574
2.77579 0.0757703
2.77627 0.0762453
2.77665 0.076627
2.77731 0.0772997
2.77853 0.0785213
2.77885 0.0788297
2.77885 0.0788297
2.77948 0.0794602
2.7799 0.0798731
2.78025 0.0802237
2.78057 0.0805627
2.78203 0.0420064
2.78203 0.0420064
2.78203 0.0420064
2.78241 0.0823907
2.78254 0.042197
2.78254 0.042197
2.78254 0.0425165
2.78267 0.0420059
2.78267 0.0423254
2.78267 0.0420059
2.78298 0.0423209
2.78298 0.0420014
2.78298 0.0420014
2.78545 0.0854282
2.78779 0.0877695
2.7883 0.0882756
2.78949 0.089466
2.79183 0.0918184
2.79215 0.0921268
2.7943 0.0942815
2.79475 0.0947254
2.79507 0.0950449
2.79753 0.0975106
2.80143 0.101407
2.80203 0.102006
2.80216 0.0421296
2.80216 0.0421296
2.80216 0.0421296
2.80235 0.0420007
2.80235 0.0420007
2.80235 0.0423202
2.80266 0.0419962
2.80266 0.0423157
2.80266 0.0419962
2.80298 0.0423112
2.80298 0.0419917
2.80298 0.0419917
2.8033 0.103275
2.80371 0.103688
2.80506 0.105039
2.81094 0.110921
2.81755 0.117523
2.81796 0.117936
2.81796 0.117936
2.81828 0.118256
2.81909 0.119073
2.81941 0.119392
2.82029 0.120272
2.82061 0.120591
2.82202 0.041987
2.82202 0.041987
2.82202 0.041987
2.82237 0.122346
2.8225 0.0421465
2.8225 0.0421465
2.8225 0.042466
2.82266 0.0419865
2.82266 0.042306
2.82266 0.0419865
2.823 0.0423326
2.823 0.0420131
2.823 0.0420131
2.825 0.124979
2.82538 0.12536
2.83989 0.139863
2.84033 0.140307
2.8422 0.0422025
2.84233 0.0420114
2.84233 0.0420114
2.84233 0.0420114
2.84265 0.0420069
2.84265 0.0420069
2.84265 0.0423264
2.84296 0.0420024
2.84296 0.0423219
2.84296 0.0420024
2.84328 0.0423174
2.84328 0.0419979
2.84328 0.0419979
2.84478 0.0447774
2.84609 0.0460725
2.85049 0.0504666
2.85233 0.152309
2.85265 0.0526297
2.85384 0.0538259
2.85609 0.0560681
2.85716 0.0571341
2.85906 0.159039
2.8601 0.0600748
2.86132 0.0612963
2.86217 0.0621446
2.86229 0.0422816
2.86229 0.0422816
2.86229 0.0422816
2.86242 0.0420905
2.86242 0.0420905
2.86242 0.04241
2.86264 0.0419927
2.86264 0.0423122
2.86264 0.0419927
2.86309 0.063067
2.86341 0.0633865
2.86341 0.0633865
2.86354 0.0428845
2.86354 0.042565
2.86354 0.042565
2.8642 0.0641766
2.86495 0.0649315
2.86779 0.0677902
2.86814 0.0681211
2.86846 0.0684406
2.86894 0.0689156
2.86951 0.069484
2.86982 0.0698232
2.87014 0.070123
2.87046 0.0704425
2.87085 0.0708242
2.87116 0.0711379
2.87116 0.0711437
2.87148 0.0714632
2.8719 0.171875
2.87222 0.0721955
2.87222 0.0721955
2.87279 0.0727822
2.87345 0.0734255
2.87405 0.0740447
2.87437 0.0743642
2.87469 0.0746723
2.87504 0.175014
2.87536 0.0753341
2.87571 0.0756847
2.87624 0.0762219
2.87666 0.0766348
2.87732 0.0772935
2.87851 0.0785066
2.87883 0.0788063
2.87883 0.0788063
2.87952 0.0794991
2.88006 0.0800363
2.88038 0.0803558
2.8807 0.0806724
2.88201 0.0419917
2.88201 0.0419917
2.88201 0.0419917
2.88242 0.0823985
2.88255 0.0422134
2.88255 0.0422134
2.88255 0.0425329
2.88268 0.0420223
2.88268 0.0423418
2.88268 0.0420223
2.88296 0.0423062
2.88296 0.0419867
2.88296 0.0419867
2.88543 0.0854049
2.88764 0.0876217
2.8883 0.0882834
2.88956 0.089536
2.89184 0.0918348
2.89184 0.0918151
2.8944 0.0943741
2.89475 0.0947247
2.89507 0.0950442
2.89762 0.0976032
2.90133 0.101313
2.90196 0.101944
2.90209 0.0420753
2.90209 0.0420753
2.90209 0.0420753
2.90235 0.0420086
2.90235 0.0420086
2.90235 0.0423281
2.90266 0.0420041
2.90266 0.0423236
2.90266 0.0420041
2.9031 0.103084
2.90323 0.0425764
2.90323 0.0422569
2.90323 0.0422569
2.90371 0.103687
2.90512 0.105101
2.911 0.110982
2.91754 0.117523
2.91796 0.117936
2.91828 0.118255
2.91828 0.118255
2.91909 0.119072
2.91941 0.119392
2.92014 0.120116
2.92046 0.120435
2.92202 0.041995
2.92202 0.041995
2.92202 0.041995
2.92237 0.122345
2.92249 0.0421544
2.92249 0.0421544
2.92249 0.042474
2.92265 0.0419944
2.92265 0.0423139
2.92265 0.0419944
2.92297 0.0423094
2.92297 0.0419899
2.92297 0.0419899
2.925 0.124978
2.92541 0.125391
2.93988 0.139863
2.94033 0.140307
2.9422 0.0421793
2.94233 0.0419882
2.94233 0.0419882
2.94233 0.0419882
2.94268 0.0420148
2.94268 0.0420148
2.94268 0.0423343
2.94299 0.0420103
2.94299 0.0423298
2.94299 0.0420103
2.94331 0.0423253
2.94331 0.0420058
2.94331 0.0420058
2.94478 0.0447542
2.94609 0.0460718
2.95049 0.0504659
2.95236 0.15234
2.95268 0.0526601
2.95384 0.0538251
2.95609 0.0560674
2.95715 0.0571334
2.95918 0.159163
2.96028 0.0602607
2.96132 0.0612956
2.96216 0.0621439
2.96229 0.0422896
2.96229 0.0422896
2.96229 0.0422896
2.96242 0.0420985
2.96242 0.0420985
2.96242 0.042418
2.96264 0.0420007
2.96264 0.0423202
2.96264 0.0420007
2.96306 0.0630352
2.96338 0.0633547
2.96338 0.0633547
2.9635 0.0428614
2.9635 0.0425419
2.9635 0.0425419
2.96385 0.0638337
2.96495 0.0649308
2.96754 0.0675182
2.96814 0.0681204
2.96846 0.0684399
2.96894 0.0689149
2.9695 0.0694832
2.96985 0.0698311
2.97017 0.0701735
2.97017 0.0701534
2.97049 0.0704729
2.97049 0.0704729
2.97081 0.0707924
2.97129 0.0712674
2.97189 0.171866
2.97221 0.0721863
2.97221 0.0721863
2.97284 0.0728073
2.97347 0.0734474
2.97407 0.0740442
2.97439 0.0743637
2.97477 0.0747459
2.97509 0.175067
2.97541 0.0753871
2.97573 0.0757066
2.97633 0.0763061
2.97665 0.0766256
2.97731 0.0773014
2.97853 0.078506
2.97885 0.0788283
2.97885 0.0788283
2.9796 0.0795832
2.97992 0.0799027
2.98024 0.0802222
2.98059 0.0805786
2.982 0.0419911
2.982 0.0419911
2.982 0.0419911
2.98241 0.0823893
2.98254 0.0422128
2.98254 0.0422128
2.98254 0.0425323
2.98267 0.0420217
2.98267 0.0423412
2.98267 0.0420217
2.98298 0.0423367
2.98298 0.0420172
2.98298 0.0420172
2.98535 0.0853335
2.98779 0.0877681
2.98811 0.0880876
2.98952 0.0894957
2.99152 0.0914921
2.99183 0.0918144
2.99436 0.0943422
2.99474 0.094724
2.99506 0.0950435
2.99753 0.0975091
3.00133 0.101312
3.00196 0.101943
3.00209 0.0420832
3.00209 0.0420832
3.00209 0.0420832
3.00234 0.0420165
3.00234 0.0420165
3.00234 0.042336
3.00266 0.042012
3.00266 0.0423316
3.00266 0.042012
3.0031 0.103083
3.00323 0.0425844
3.00323 0.0422649
3.00323 0.0422649
3.00361 0.103593
3.00505 0.105036
3.01072 0.1107
3.01754 0.11752
3.01795 0.117933
3.01795 0.117933
3.01827 0.118252
3.01909 0.119069
3.01941 0.119389
3.02016 0.120144
3.02048 0.120463
3.02201 0.0420007
3.02201 0.0420007
3.02201 0.0420007
3.02239 0.122373
3.02252 0.0421913
3.02252 0.0421913
3.02252 0.0425108
3.02265 0.0420002
3.02265 0.0423197
3.02265 0.0420002
3.02297 0.0423152
3.02297 0.0419957
3.02297 0.0419957
3.02496 0.124944
3.026 0.125979
3.03988 0.13986
3.04032 0.140304
3.0422 0.0421851
3.04295 0.041981
3.04295 0.0423005
3.04295 0.041981
3.0433 0.0423271
3.0433 0.0420076
3.0433 0.0420076
3.04477 0.044756
3.04608 0.0460649
3.05048 0.050459
3.05235 0.152333
3.05267 0.0526532
3.05383 0.0538183
3.05608 0.0560605
3.05715 0.0571265
3.05908 0.159063
3.06027 0.0602539
3.06128 0.0612577
3.06216 0.062137
3.06229 0.0422602
3.06229 0.0422602
3.06229 0.0422602
3.06241 0.0420691
3.06241 0.0420691
3.06241 0.0423886
3.06267 0.0420024
3.06267 0.0423219
3.06267 0.0420024
3.06302 0.0629972
3.06334 0.0633167
3.06334 0.0633167
3.06346 0.0428009
3.06346 0.0424814
3.06346 0.0424814
3.06391 0.063889
3.06494 0.0649239
3.0675 0.0674973
3.06804 0.0680202
3.06845 0.068433
3.06896 0.0689391
3.06946 0.0694453
3.06985 0.0698329
3.07017 0.0701388
3.07017 0.0701465
3.07049 0.070466
3.07049 0.070466
3.07081 0.0707855
3.07125 0.0712294
3.07157 0.0715489
3.07189 0.0718684
3.07221 0.172187
3.07281 0.072788
3.07347 0.073449
3.07379 0.0737745
3.07411 0.074094
3.07502 0.174998
3.07534 0.0753364
3.07566 0.0756375
3.07598 0.075957
3.0763 0.0762766
3.07662 0.0765961
3.07737 0.0773512
3.07853 0.0785163
3.07885 0.0788298
3.07885 0.0788298
3.07967 0.079647
3.07999 0.0799665
3.08031 0.080286
3.08063 0.0806199
3.08203 0.0420014
3.08203 0.0420014
3.08203 0.0420014
3.08244 0.082422
3.08257 0.0422231
3.08257 0.0422231
3.08257 0.0425426
3.0827 0.042032
3.0827 0.0423515
3.0827 0.042032
3.08298 0.0423159
3.08298 0.0419964
3.08298 0.0419964
3.08532 0.085304
3.08779 0.0877697
3.08811 0.0880892
3.08955 0.0895284
3.09142 0.0914175
3.09184 0.0918159
3.09436 0.0943438
3.09471 0.0946944
3.09503 0.0950139
3.09756 0.0975418
3.1013 0.101283
3.102 0.101976
3.10212 0.0420935
3.10212 0.0420935
3.10212 0.0420935
3.10235 0.0419957
3.10235 0.0419957
3.10235 0.0423152
3.10266 0.0419912
3.10266 0.0423107
3.10266 0.0419912
3.10298 0.0423062
3.10298 0.0419867
3.10298 0.0419867
3.10329 0.103275
3.10361 0.103595
3.10505 0.10504
3.11072 0.110703
3.11748 0.117461
3.11796 0.117936
3.11828 0.118256
3.11828 0.118256
3.11897 0.118949
3.11954 0.119517
3.12014 0.120116
3.12046 0.120436
3.12198 0.041982
3.12198 0.041982
3.12198 0.041982
3.12237 0.122346
3.12249 0.0421726
3.12249 0.0421726
3.12249 0.0424921
3.12262 0.0419815
3.12262 0.042301
3.12262 0.0419815
3.12297 0.0423276
3.12297 0.0420081
3.12297 0.0420081
3.12497 0.124948
3.12594 0.12592
3.13988 0.139863
3.1403 0.140276
3.1422 0.0421975
3.14233 0.0420064
3.14233 0.0420064
3.14233 0.0420064
3.14265 0.0420019
3.14265 0.0420019
3.14265 0.0423214
3.14296 0.0419974
3.14296 0.0423169
3.14296 0.0419974
3.14328 0.0423124
3.14328 0.0419929
3.14328 0.0419929
3.14478 0.0447724
3.14606 0.0460416
3.15045 0.0504357
3.15233 0.15231
3.15265 0.0526299
3.15384 0.053826
3.15609 0.0560683
3.15715 0.0571343
3.15918 0.159164
3.16028 0.0602616
3.16128 0.0612654
3.16213 0.0621137
3.16226 0.0422455
3.16226 0.0422455
3.16226 0.0422455
3.16239 0.0420544
3.16239 0.0420544
3.16239 0.0423739
3.16264 0.0419877
3.16264 0.0423072
3.16264 0.0419877
3.16305 0.0630361
3.16337 0.0633556
3.16337 0.0633556
3.1635 0.0428484
3.1635 0.0425289
3.1635 0.0425289
3.16392 0.0638968
3.16495 0.0649317
3.16748 0.06746
3.16802 0.0679968
3.16843 0.0684096
3.16893 0.0689158
3.16947 0.069453
3.16988 0.0698804
3.1702 0.070181
3.1702 0.0701853
3.17052 0.0705048
3.17052 0.0705048
3.17084 0.0708244
3.17122 0.0712061
3.17154 0.0715256
3.17193 0.0719073
3.17225 0.172226
3.17281 0.072808
3.17344 0.0734257
3.17376 0.0737371
3.17411 0.0741104
3.17499 0.174974
3.17531 0.0753025
3.17563 0.0756142
3.17595 0.0759337
3.17627 0.0762532
3.17675 0.0767282
3.17738 0.0773761
3.1781 0.0780972
3.17858 0.0785577
3.1789 0.0788772
3.17959 0.0795699
3.17994 0.0799205
3.18026 0.08024
3.18058 0.0805515
3.18201 0.0419951
3.18201 0.0419951
3.18201 0.0419951
3.18233 0.0419906
3.18233 0.0419906
3.18233 0.0423101
3.18265 0.0826288
3.18278 0.042119
3.18278 0.0424385
3.18278 0.042119
3.18297 0.0423096
3.18297 0.0419901
3.18297 0.0419901
3.18537 0.0853513
3.18774 0.0877237
3.18806 0.0880432
3.18947 0.0894513
3.19138 0.0913575
3.19182 0.0918011
3.19425 0.0942356
3.19476 0.0947418
3.19508 0.0950613
3.19745 0.0974336
3.20138 0.101361
3.20195 0.10193
3.20208 0.0420561
3.20208 0.0420561
3.20208 0.0420561
3.20233 0.0419894
3.20233 0.0419894
3.20233 0.0423089
3.20264 0.0419849
3.20264 0.0423044
3.20264 0.0419849
3.20315 0.103132
3.20328 0.0426195
3.20328 0.0422999
3.20328 0.0422999
3.20363 0.103611
3.2051 0.105087
3.21058 0.110564
3.21753 0.117509
3.21803 0.118015
3.21835 0.118334
3.21867 0.118654
3.21899 0.118973
3.21937 0.119355
3.22013 0.12011
3.22045 0.12043
3.22201 0.0419842
3.22201 0.0419842
3.22201 0.0419842
3.22233 0.122308
3.22246 0.0421126
3.22246 0.0421126
3.22246 0.0424321
3.22265 0.0419837
3.22265 0.0423032
3.22265 0.0419837
3.22296 0.0422987
3.22296 0.0419792
3.22296 0.0419792
3.22512 0.125097
3.22609 0.12607
3.23984 0.139826
3.24032 0.140301
3.24223 0.0421997
3.24235 0.0420086
3.24235 0.0420086
3.24235 0.0420086
3.24267 0.0420041
3.24267 0.0420041
3.24267 0.0423236
3.24298 0.0419996
3.24298 0.0423191
3.24298 0.0419996
3.2433 0.0423146
3.2433 0.0419951
3.2433 0.0419951
3.2448 0.0447746
3.24608 0.0460662
3.25045 0.0504293
3.25235 0.152334
3.25267 0.0526546
3.25383 0.0538196
3.25608 0.0560619
3.25715 0.0571279
3.25905 0.159033
3.26027 0.0602552
3.26128 0.061259
3.26213 0.0621073
3.26225 0.0422478
3.26225 0.0422478
3.26225 0.0422478
3.26238 0.0420566
3.26238 0.0420566
3.26238 0.0423761
3.26263 0.0419899
3.26263 0.0423094
3.26263 0.0419899
3.26308 0.0630608
3.2634 0.0633803
3.2634 0.0633803
3.26353 0.0428818
3.26353 0.0425622
3.26353 0.0425622
3.26385 0.0638282
3.26494 0.0649253
3.26775 0.0677506
3.26807 0.0680526
3.26845 0.0684343
3.26902 0.0690027
3.26946 0.0694466
3.26985 0.0698204
3.27017 0.0701467
3.27017 0.0701478
3.27049 0.0704673
3.27049 0.0704673
3.2708 0.0707868
3.27116 0.0711374
3.27147 0.071457
3.27195 0.171931
3.27227 0.0722515
3.27281 0.0727775
3.27347 0.0734504
3.27379 0.0737789
3.27411 0.0740815
3.2748 0.0747794
3.27512 0.175101
3.27544 0.0754212
3.27576 0.0757407
3.27614 0.0761224
3.27662 0.0765974
3.27706 0.0770447
3.27809 0.0780768
3.27863 0.0786135
3.27895 0.078933
3.27958 0.0795635
3.2799 0.079883
3.28022 0.0802025
3.28066 0.080647
3.28201 0.0419974
3.28201 0.0419974
3.28201 0.0419974
3.28251 0.082494
3.28264 0.0423124
3.28264 0.0423124
3.28264 0.0426319
3.28264 0.0419929
3.28264 0.0423124
3.28264 0.0419929
3.28277 0.0421213
3.28296 0.0423119
3.28296 0.0419923
3.28296 0.0419923
3.28546 0.0854382
3.28777 0.0877484
3.28809 0.0880679
3.28943 0.0894138
3.29177 0.0917551
3.29209 0.0920921
3.29378 0.0937627
3.29472 0.0947042
3.29504 0.0950238
3.29748 0.0974583
3.30134 0.101324
3.30197 0.101954
3.3021 0.0420895
3.3021 0.0420895
3.3021 0.0420895
3.30232 0.0419917
3.30232 0.0419917
3.30232 0.0423112
3.30264 0.0419872
3.30264 0.0423067
3.30264 0.0419872
3.30308 0.103063
3.30321 0.0425595
3.30321 0.04224
3.30321 0.04224
3.30362 0.103604
3.30503 0.105018
3.31076 0.110744
3.31768 0.117658
3.318 0.117977
3.31831 0.118297
3.31831 0.118297
3.31898 0.118958
3.3193 0.119278
3.32024 0.12022
3.32056 0.120539
3.32202 0.0420091
3.32202 0.0420091
3.32202 0.0420091
3.32234 0.122324
3.32247 0.0421375
3.32247 0.0421375
3.32247 0.042457
3.32266 0.0420086
3.32266 0.0423281
3.32266 0.0420086
3.32298 0.0423236
3.32298 0.0420041
3.32298 0.0420041
3.32507 0.125051
3.32598 0.125961
3.33983 0.139811
3.3404 0.140379
3.34221 0.0421935
3.34234 0.0420024
3.34234 0.0420024
3.34234 0.0420024
3.34265 0.0419979
3.34265 0.0419979
3.34265 0.0423174
3.34297 0.0419934
3.34297 0.0423129
3.34297 0.0419934
3.34328 0.0423084
3.34328 0.0419889
3.34328 0.0419889
3.34478 0.0447684
3.34607 0.0460514
3.35046 0.0504455
3.35237 0.15235
3.35269 0.0526708
3.35385 0.0538358
3.35606 0.056047
3.35713 0.057113
3.35919 0.159173
3.36026 0.0602403
3.36126 0.0612441
3.36214 0.0621235
3.36227 0.0422415
3.36227 0.0422415
3.36227 0.0422415
3.3624 0.0420504
3.3624 0.0420504
3.3624 0.0423699
3.36265 0.0419837
3.36265 0.0423032
3.36265 0.0419837
3.36309 0.063077
3.36341 0.0633965
3.36341 0.0633965
3.36354 0.0428755
3.36354 0.042556
3.36354 0.042556
3.36392 0.0639066
3.36496 0.0649415
3.3678 0.0677755
3.36812 0.0680999
3.36844 0.0684195
3.36897 0.0689567
3.36945 0.0694317
3.36983 0.0698142
3.37015 0.0701351
3.37015 0.0701329
3.37047 0.0704524
3.37047 0.0704524
3.37079 0.070772
3.3712 0.0711848
3.37152 0.0715043
3.37193 0.171916
3.37225 0.0722366
3.37282 0.0727948
3.37348 0.0734666
3.3738 0.0737811
3.37412 0.0741063
3.37482 0.0747851
3.37514 0.175117
3.37545 0.0754374
3.37577 0.0757569
3.37628 0.076263
3.3766 0.0765825
3.37704 0.0770158
3.37811 0.078079
3.37858 0.0785675
3.3789 0.078887
3.37963 0.0796108
3.38001 0.0799926
3.38033 0.0803121
3.38065 0.0806408
3.38202 0.0419911
3.38202 0.0419911
3.38202 0.0419911
3.38243 0.0824169
3.38256 0.0422128
3.38256 0.0422128
3.38256 0.0425323
3.38269 0.0420217
3.38269 0.0423412
3.38269 0.0420217
3.38297 0.0423056
3.38297 0.0419861
3.38297 0.0419861
3.38501 0.0849879
3.38778 0.0877646
3.3881 0.0880841
3.38945 0.08943
3.39179 0.0917663
3.39211 0.0920908
3.39432 0.0943077
3.39471 0.0946894
3.39503 0.0950089
3.39749 0.0974746
3.40139 0.101371
3.40199 0.10197
3.40212 0.0421143
3.40212 0.0421143
3.40212 0.0421143
3.40231 0.0419854
3.40231 0.0419854
3.40231 0.0423049
3.40262 0.0419809
3.40262 0.0423004
3.40262 0.0419809
3.40316 0.103142
3.40329 0.0426465
3.40329 0.042327
3.40329 0.042327
3.40361 0.10359
3.40492 0.10491
3.411 0.110978
3.41744 0.117425
3.41792 0.1179
3.41824 0.11822
3.41856 0.118539
3.41897 0.118952
3.41929 0.119272
3.42014 0.12012
3.42046 0.120439
3.42198 0.0419802
3.42198 0.0419802
3.42198 0.0419802
3.42234 0.122318
3.42246 0.0421397
3.42246 0.0421397
3.42246 0.0424592
3.42262 0.0419797
3.42262 0.0422992
3.42262 0.0419797
3.42297 0.0423258
3.42297 0.0420063
3.42297 0.0420063
3.42497 0.124951
3.42622 0.126204
3.43982 0.139805
3.44033 0.140311
3.4422 0.0421957
3.44233 0.0420046
3.44233 0.0420046
3.44233 0.0420046
3.44265 0.0420001
3.44265 0.0420001
3.44265 0.0423196
3.44296 0.0419956
3.44296 0.0423151
3.44296 0.0419956
3.44328 0.0423106
3.44328 0.0419911
3.44328 0.0419911
3.44478 0.0447706
3.44606 0.0460449
3.45046 0.0504391
3.45233 0.152313
3.45265 0.0526333
3.45384 0.0538294
3.45606 0.0560406
3.45715 0.0571377
3.45906 0.159043
3.46028 0.060265
3.46129 0.0612688
3.462 0.0419864
3.462 0.0419864
3.462 0.0419864
3.46242 0.062401
3.46255 0.0422081
3.46255 0.0422081
3.46255 0.0425276
3.46267 0.042017
3.46267 0.0423365
3.46267 0.042017
3.46306 0.0630395
3.46338 0.063359
3.46338 0.063359
3.4635 0.0428466
3.4635 0.0425271
3.4635 0.0425271
3.46382 0.0638069
3.46495 0.0649351
3.46779 0.0677777
3.46811 0.0680935
3.46843 0.068413
3.46894 0.0689192
3.4695 0.0694875
3.46982 0.0698164
3.47014 0.070132
3.47014 0.0701265
3.47046 0.070446
3.47046 0.070446
3.47078 0.0707655
3.47116 0.0711473
3.47176 0.0717467
3.47208 0.172065
3.47208 0.0720662
3.47281 0.0727922
3.47313 0.0731096
3.47363 0.0736278
3.47411 0.0741001
3.4748 0.0747908
3.47512 0.175102
3.47544 0.0754225
3.47576 0.075742
3.47626 0.0762481
3.47677 0.0767543
3.47709 0.0770802
3.47806 0.0780501
3.4786 0.0785837
3.47892 0.0789032
3.47961 0.079596
3.47996 0.0799466
3.48028 0.0802661
3.4806 0.0805723
3.48201 0.0419849
3.48201 0.0419849
3.48201 0.0419849
3.48236 0.0823398
3.48248 0.0421444
3.48248 0.0421444
3.48248 0.0424639
3.48264 0.0419844
3.48264 0.0423039
3.48264 0.0419844
3.48296 0.0422994
3.48296 0.0419799
3.48296 0.0419799
3.48493 0.0849108
3.48764 0.0876253
3.48796 0.0879448
3.48956 0.0895396
3.4918 0.0917912
3.49212 0.092107
3.49434 0.0943239
3.49469 0.0946745
3.49501 0.094994
3.49748 0.0974597
3.50147 0.101449
3.50194 0.101924
3.50207 0.0420459
3.50207 0.0420459
3.50207 0.0420459
3.50232 0.0419792
3.50232 0.0419792
3.50232 0.0422987
3.50267 0.0420058
3.50267 0.0423253
3.50267 0.0420058
3.50317 0.103158
3.5033 0.0426403
3.5033 0.0423208
3.5033 0.0423208
3.50362 0.103606
3.50509 0.105082
3.51098 0.110963
3.51749 0.117473
3.51803 0.11801
3.51835 0.118329
3.51835 0.118329
3.51898 0.11896
3.5193 0.119279
3.52021 0.12019
3.52053 0.120509
3.52202 0.0419966
3.52202 0.0419966
3.52202 0.0419966
3.52234 0.122326
3.52247 0.042125
3.52247 0.042125
3.52247 0.0424445
3.52266 0.0419961
3.52266 0.0423156
3.52266 0.0419961
3.52298 0.0423111
3.52298 0.0419916
3.52298 0.0419916
3.52507 0.125052
3.52598 0.125963
3.53983 0.139812
3.5404 0.140381
3.54221 0.042181
3.54234 0.0419899
3.54234 0.0419899
3.54234 0.0419899
3.54265 0.0419854
3.54265 0.0419854
3.54265 0.0423049
3.54297 0.0419809
3.54297 0.0423004
3.54297 0.0419809
3.54331 0.042327
3.54331 0.0420075
3.54331 0.0420075
3.54478 0.0447559
3.54607 0.0460527
3.55046 0.0504468
3.55234 0.152321
3.55266 0.052641
3.55385 0.0538372
3.55606 0.0560483
3.55713 0.0571143
3.55904 0.159019
3.56026 0.0602417
3.56126 0.0612454
3.56201 0.0420028
3.56201 0.0420028
3.56201 0.0420028
3.56242 0.0624087
3.56255 0.0422245
3.56255 0.0422245
3.56255 0.042544
3.56268 0.0420334
3.56268 0.0423529
3.56268 0.0420334
3.56303 0.0630161
3.56335 0.0633356
3.56335 0.0633356
3.56348 0.0428319
3.56348 0.0425124
3.56348 0.0425124
3.56383 0.0638146
3.56496 0.0649428
3.56777 0.067763
3.56809 0.0680702
3.56841 0.0683897
3.56904 0.0690202
3.56951 0.0694953
3.56986 0.0698328
3.57018 0.0701742
3.57018 0.0701654
3.5705 0.0704849
3.57082 0.0708044
3.57082 0.0708044
3.57117 0.071155
3.57177 0.0717544
3.57209 0.172073
3.57209 0.072074
3.57281 0.072801
3.57344 0.0734284
3.57376 0.073746
3.5743 0.074272
3.57462 0.0746014
3.57494 0.174923
3.57526 0.0752436
3.5757 0.0756875
3.57627 0.0762559
3.57668 0.0766687
3.57735 0.0773228
3.57813 0.0781061
3.57858 0.0785603
3.5789 0.0788799
3.57962 0.0796037
3.57994 0.0799232
3.58026 0.0802427
3.58064 0.0806198
3.58201 0.0420013
3.58201 0.0420013
3.58201 0.0420013
3.58249 0.082472
3.58262 0.0422852
3.58262 0.0422852
3.58262 0.0426047
3.58274 0.0420941
3.58274 0.0424136
3.58274 0.0420941
3.58297 0.0423158
3.58297 0.0419963
3.58297 0.0419963
3.58497 0.0849496
3.5878 0.0877886
3.58812 0.0881081
3.58944 0.0894229
3.59181 0.0918076
3.59213 0.0921148
3.59435 0.0943316
3.5947 0.0946822
3.59502 0.0950017
3.59745 0.0974363
3.60147 0.101457
3.60198 0.101963
3.60211 0.0420934
3.60211 0.0420934
3.60211 0.0420934
3.60233 0.0419956
3.60233 0.0419956
3.60233 0.0423151
3.60264 0.0419911
3.60264 0.0423106
3.60264 0.0419911
3.60312 0.103103
3.60325 0.0425945
3.60325 0.042275
3.60325 0.042275
3.60363 0.103614
3.60491 0.104903
3.61099 0.110971
3.61768 0.117667
3.618 0.117986
3.61832 0.118306
3.61832 0.118306
3.61898 0.118968
3.6193 0.119287
3.62031 0.120291
3.62063 0.12061
3.622 0.0419819
3.622 0.0419819
3.622 0.0419819
3.62232 0.122302
3.62245 0.0421103
3.62245 0.0421103
3.62245 0.0424298
3.62264 0.0419814
3.62264 0.0423009
3.62264 0.0419814
3.62298 0.0423275
3.62298 0.042008
3.62298 0.042008
3.62498 0.124967
3.62595 0.125939
3.6399 0.139882
3.64031 0.140295
3.64222 0.0421974
3.64234 0.0420063
3.64234 0.0420063
3.64234 0.0420063
3.64266 0.0420018
3.64266 0.0420018
3.64266 0.0423213
3.64297 0.0419973
3.64297 0.0423168
3.64297 0.0419973
3.64329 0.0423123
3.64329 0.0419928
3.64329 0.0419928
3.64479 0.0447723
3.64608 0.0460605
3.65047 0.0504546
3.65234 0.152328
3.65266 0.0526488
3.65382 0.0538138
3.65607 0.0560561
3.65714 0.0571221
3.65904 0.159027
3.66026 0.0602494
3.66127 0.0612532
3.66202 0.0419881
3.66202 0.0419881
3.66202 0.0419881
3.66243 0.0624165
3.66256 0.0422098
3.66256 0.0422098
3.66256 0.0425293
3.66269 0.0420187
3.66269 0.0423382
3.66269 0.0420187
3.66304 0.0630239
3.66336 0.0633434
3.66336 0.0633434
3.66349 0.0428172
3.66349 0.0424977
3.66349 0.0424977
3.66384 0.0638224
3.66493 0.0649195
3.6678 0.0677794
3.66812 0.068109
3.66844 0.0684285
3.66892 0.0689036
3.66949 0.0694719
3.6699 0.0698803
3.67022 0.0702163
3.67022 0.0702042
3.67054 0.0705237
3.67086 0.0708433
3.67086 0.0708433
3.67118 0.0711628
3.67178 0.0717622
3.6721 0.172081
3.6721 0.0720817
3.67282 0.0728067
3.67345 0.0734361
3.67377 0.0737398
3.67412 0.0741018
3.675 0.174985
3.67532 0.0753051
3.6757 0.0756868
3.67618 0.0761619
3.67668 0.0766543
3.677 0.0769875
3.67757 0.0775654
3.67811 0.0780999
3.67861 0.0785992
3.67893 0.0789187
3.67975 0.0797359
3.68007 0.0800554
3.68039 0.0803749
3.68071 0.0806984
3.68199 0.0419866
3.68199 0.0419866
3.68199 0.0419866
3.68249 0.0824798
3.68262 0.0423016
3.68262 0.0423016
3.68262 0.0426211
3.68262 0.0419821
3.68262 0.0423016
3.68262 0.0419821
3.68275 0.0421105
3.68294 0.0423011
3.68294 0.0419816
3.68294 0.0419816
3.68497 0.0849574
3.68762 0.0876097
3.68794 0.0879292
3.68954 0.089524
3.69182 0.0917929
3.69214 0.0921225
3.69435 0.0943394
3.6947 0.09469
3.69502 0.0950095
3.69746 0.0974441
3.70132 0.101309
3.70195 0.10194
3.70208 0.0420787
3.70208 0.0420787
3.70208 0.0420787
3.7023 0.0419809
3.7023 0.0419809
3.7023 0.0423004
3.70265 0.0420075
3.70265 0.042327
3.70265 0.0420075
3.70316 0.103142
3.70329 0.042642
3.70329 0.0423225
3.70329 0.0423225
3.7036 0.10359
3.70508 0.105066
3.71099 0.110979
3.7175 0.117488
3.71792 0.117901
3.71824 0.11822
3.71824 0.11822
3.71899 0.118975
3.71943 0.119419
3.72016 0.120143
3.72048 0.120463
3.72201 0.0419983
3.72201 0.0419983
3.72201 0.0419983
3.72232 0.12231
3.72245 0.0421267
3.72245 0.0421267
3.72245 0.0424462
3.72264 0.0419978
3.72264 0.0423173
3.72264 0.0419978
3.72296 0.0423128
3.72296 0.0419933
3.72296 0.0419933
3.72499 0.124974
3.72602 0.126009
3.73981 0.139797
3.74032 0.140303
3.74219 0.0421827
3.74232 0.0419916
3.74232 0.0419916
3.74232 0.0419916
3.74264 0.0419871
3.74264 0.0419871
3.74264 0.0423066
3.74295 0.0419826
3.74295 0.0423021
3.74295 0.0419826
3.7433 0.0423287
3.7433 0.0420092
3.7433 0.0420092
3.74477 0.0447576
3.74608 0.0460682
3.75045 0.0504312
3.75232 0.152305
3.75264 0.0526255
3.75383 0.0538216
3.75608 0.0560638
3.75714 0.0571298
3.75917 0.159159
3.76027 0.0602572
3.76127 0.061261
3.76203 0.0420045
3.76203 0.0420045
3.76203 0.0420045
3.76244 0.0624242
3.76257 0.0422262
3.76257 0.0422262
3.76257 0.0425457
3.76269 0.0420351
3.76269 0.0423546
3.76269 0.0420351
3.76311 0.0630938
3.76343 0.0634134
3.76343 0.0634134
3.76356 0.0428958
3.76356 0.0425763
3.76356 0.0425763
3.76388 0.0638613
3.76494 0.0649273
3.76778 0.0677647
3.7681 0.0680857
3.76842 0.0684052
3.76893 0.0689113
3.76952 0.0695108
3.76984 0.0698345
3.77016 0.070134
3.77048 0.0704693
3.77048 0.0704693
3.7708 0.0707888
3.7708 0.0707888
3.77115 0.0711394
3.77175 0.0717389
3.77207 0.172058
3.77207 0.0720584
3.7728 0.0727813
3.77346 0.0734439
3.77378 0.0737646
3.77425 0.0742426
3.77507 0.175055
3.77539 0.0753751
3.77571 0.0756946
3.77615 0.0761385
3.77669 0.0766741
3.77701 0.0769953
3.77761 0.0775818
3.77811 0.0780936
3.77862 0.078607
3.77894 0.0789265
3.77966 0.0796503
3.77998 0.0799698
3.7803 0.0802893
3.78062 0.0806215
3.78203 0.042003
3.78203 0.042003
3.78203 0.042003
3.7825 0.0824875
3.78263 0.0422869
3.78263 0.0422869
3.78263 0.0426064
3.78276 0.0420958
3.78276 0.0424153
3.78276 0.0420958
3.78298 0.0423175
3.78298 0.041998
3.78298 0.041998
3.78545 0.0854317
3.78779 0.087773
3.78811 0.0880925
3.78951 0.0895006
3.79139 0.0913738
3.7918 0.0917881
3.79427 0.0942538
3.79468 0.0946666
3.795 0.0949862
3.79747 0.0974518
3.80133 0.101317
3.80193 0.101917
3.80206 0.0420329
3.80206 0.0420329
3.80206 0.0420329
3.80234 0.0419973
3.80234 0.0419973
3.80234 0.0423168
3.80266 0.0419928
3.80266 0.0423123
3.80266 0.0419928
3.8031 0.103088
3.80323 0.0425651
3.80323 0.0422456
3.80323 0.0422456
3.80361 0.103598
3.80508 0.105074
3.81075 0.110738
3.81754 0.117527
3.81792 0.117909
3.81824 0.118228
3.81824 0.118228
3.819 0.118983
3.81953 0.11952
3.82016 0.120151
3.82048 0.12047
3.82201 0.0419836
3.82201 0.0419836
3.82201 0.0419836
3.82233 0.122318
3.82246 0.042112
3.82246 0.042112
3.82246 0.0424315
3.82265 0.0419831
3.82265 0.0423026
3.82265 0.0419831
3.823 0.0423292
3.823 0.0420097
3.823 0.0420097
3.82509 0.125075
3.826 0.125986
3.83985 0.139836
3.84032 0.140311
3.8422 0.0421991
3.84233 0.042008
3.84233 0.042008
3.84233 0.042008
3.84264 0.0420035
3.84264 0.0420035
3.84264 0.042323
3.84296 0.041999
3.84296 0.0423185
3.84296 0.041999
3.84327 0.042314
3.84327 0.0419945
3.84327 0.0419945
3.84477 0.044774
3.84606 0.0460449
3.85045 0.050439
3.85236 0.152344
3.85268 0.0526643
3.85384 0.0538293
3.85605 0.0560405
3.85715 0.0571376
3.85918 0.159167
3.86028 0.0602649
3.86128 0.0612687
3.862 0.0419898
3.862 0.0419898
3.862 0.0419898
3.86241 0.0624009
3.86254 0.0422115
3.86254 0.0422115
3.86254 0.042531
3.86267 0.0420204
3.86267 0.0423399
3.86267 0.0420204
3.86311 0.0631016
3.86311 0.0631016
3.86343 0.0634211
3.86356 0.0429122
3.86356 0.0425927
3.86356 0.0425927
3.86388 0.063869
3.86495 0.064935
3.86779 0.0677811
3.86811 0.0680934
3.86843 0.068413
3.86893 0.0689191
3.86953 0.0695185
3.86985 0.0698509
3.87017 0.0701575
3.87049 0.070477
3.87081 0.0707966
3.87113 0.0711036
3.87145 0.0714356
3.87145 0.0714356
3.87177 0.0717551
3.87209 0.0720746
3.87209 0.172074
3.87281 0.0728006
3.87344 0.073429
3.87401 0.0739846
3.87433 0.0743297
3.87474 0.174729
3.87522 0.0752047
3.87569 0.0756797
3.87626 0.076248
3.87658 0.076578
3.8769 0.0768871
3.87759 0.0775756
3.87853 0.0785313
3.87885 0.0788409
3.87885 0.0788409
3.87955 0.0795337
3.87987 0.0798532
3.88028 0.080266
3.8806 0.0805757
3.882 0.0419883
3.882 0.0419883
3.882 0.0419883
3.88251 0.0824953
3.88264 0.0423033
3.88264 0.0423033
3.88264 0.0426228
3.88264 0.0419838
3.88264 0.0423033
3.88264 0.0419838
3.88277 0.0421122
3.88296 0.0423028
3.88296 0.0419832
3.88296 0.0419832
3.8853 0.0852839
3.88779 0.0877807
3.88811 0.0881002
3.88937 0.0893529
3.8918 0.0917719
3.89212 0.0921069
3.89424 0.0942305
3.89469 0.0946744
3.89501 0.0949939
3.89747 0.0974596
3.90146 0.101449
3.90203 0.102018
3.90216 0.0421426
3.90216 0.0421426
3.90216 0.0421426
3.90232 0.0419826
3.90232 0.0419826
3.90232 0.0423021
3.90266 0.0420092
3.90266 0.0423287
3.90266 0.0420092
3.90314 0.103127
3.90327 0.0426126
3.90327 0.0422931
3.90327 0.0422931
3.90362 0.103606
3.90503 0.10502
3.91098 0.110963
3.91752 0.117504
3.9179 0.117885
3.91822 0.118205
3.91822 0.118205
3.9191 0.119084
3.91942 0.119404
3.92023 0.120221
3.92055 0.12054
3.92202 0.042
3.92202 0.042
3.92202 0.042
3.92234 0.122326
3.92247 0.0421284
3.92247 0.0421284
3.92247 0.0424479
3.92266 0.0419995
3.92266 0.042319
3.92266 0.0419995
3.92297 0.0423145
3.92297 0.041995
3.92297 0.041995
3.92497 0.124959
3.92598 0.125963
3.93983 0.139812
3.9403 0.140287
3.94221 0.0421844
3.94233 0.0419933
3.94233 0.0419933
3.94233 0.0419933
3.94265 0.0419888
3.94265 0.0419888
3.94265 0.0423083
3.94296 0.0419843
3.94296 0.0423038
3.94296 0.0419843
3.94328 0.0422993
3.94328 0.0419798
3.94328 0.0419798
3.94478 0.0447593
3.94606 0.0460526
3.95046 0.0504467
3.95236 0.152352
3.95268 0.0526721
3.95384 0.0538371
3.95606 0.0560482
3.95713 0.0571142
3.95919 0.159175
3.96025 0.0602416
3.96126 0.0612454
3.96201 0.0420062
3.96201 0.0420062
3.96201 0.0420062
3.96242 0.0624087
3.96255 0.0422279
3.96255 0.0422279
3.96255 0.0425474
3.96268 0.0420368
3.96268 0.0423563
3.96268 0.0420368
3.96303 0.063016
3.96335 0.0633356
3.96335 0.0633356
3.96348 0.0428353
3.96348 0.0425158
3.96348 0.0425158
3.96417 0.0641567
3.96496 0.0649428
3.96779 0.0677664
3.96811 0.0681012
3.96843 0.0684207
3.96894 0.0689268
3.96954 0.0695263
3.96986 0.0698362
3.97018 0.0701653
3.9705 0.0704848
3.97082 0.0708043
3.97114 0.0711062
3.97114 0.0711238
3.97146 0.0714433
3.97178 0.0717628
3.97209 0.0720823
3.97209 0.172082
3.97282 0.072798
3.97348 0.0734679
3.97402 0.074001
3.97434 0.074315
3.97472 0.174705
3.97526 0.0752435
3.9757 0.0756875
3.97614 0.0761314
3.97656 0.0765357
3.97688 0.0768637
3.9776 0.0775919
3.97854 0.0785166
3.97886 0.0788487
3.97886 0.0788487
3.97955 0.0795414
3.9799 0.079892
3.98029 0.0802737
3.98061 0.0805921
3.98201 0.0420047
3.98201 0.0420047
3.98201 0.0420047
3.98248 0.0824719
3.98261 0.0422886
3.98261 0.0422886
3.98261 0.0426081
3.98274 0.0420974
3.98274 0.042417
3.98274 0.0420974
3.98296 0.0423191
3.98296 0.0419996
3.98296 0.0419996
3.9853 0.0852917
3.98771 0.0876952
3.98824 0.0882324
3.98937 0.0893606
3.99181 0.0917883
3.99213 0.0921147
3.99425 0.0942382
3.99469 0.0946822
3.99501 0.0950017
3.99745 0.0974362
4.00131 0.101302
4.00204 0.102025
4.00217 0.042159
4.00217 0.042159
4.00217 0.042159
4.00233 0.0419989
4.00233 0.0419989
4.00233 0.0423185
4.00264 0.0419945
4.00264 0.042314
4.00264 0.0419945
4.00296 0.0423095
4.00296 0.04199
4.00296 0.04199
4.00328 0.103263
4.00369 0.103676
4.00503 0.105025
4.01086 0.110844
4.01746 0.117447
4.01803 0.118015
4.01835 0.118335
4.01835 0.118335
4.0191 0.11909
4.01942 0.119409
4.0203 0.120289
4.02062 0.120608
4.02199 0.0419832
4.02199 0.0419832
4.02199 0.0419832
4.02231 0.1223
4.02244 0.0421116
4.02244 0.0421116
4.02244 0.0424311
4.02263 0.0419827
4.02263 0.0423022
4.02263 0.0419827
4.02295 0.0422977
4.02295 0.0419782
4.02295 0.0419782
4.02488 0.124871
4.02598 0.125968
4.03983 0.139818
4.04031 0.140293
4.04221 0.0421987
4.04297 0.0419946
4.04297 0.0423141
4.04297 0.0419946
4.04328 0.0423096
4.04328 0.0419901
4.04328 0.0419901
4.04478 0.0447696
4.04607 0.0460543
4.05046 0.0504485
4.0523 0.152291
4.05262 0.0526116
4.05381 0.0538077
4.05606 0.0560499
4.05713 0.0571159
4.05919 0.159176
4.06025 0.0602433
4.06126 0.0612471
4.06201 0.0419855
4.06201 0.0419855
4.06201 0.0419855
4.06242 0.0624104
4.06255 0.0422072
4.06255 0.0422072
4.06255 0.0425267
4.06268 0.042016
4.06268 0.0423356
4.06268 0.042016
4.063 0.0629866
4.06332 0.0633062
4.06332 0.0633062
4.06345 0.0427834
4.06345 0.0424639
4.06345 0.0424639
4.06414 0.0641273
4.06492 0.0649134
4.06776 0.0677456
4.06808 0.0680718
4.06843 0.0684224
4.06891 0.0688974
4.06954 0.069528
4.06986 0.0698465
4.07018 0.070167
4.07062 0.0706109
4.07094 0.0709387
4.07126 0.0712499
4.07126 0.0712499
4.07126 0.0712499
4.07189 0.17188
4.07221 0.0722
4.07221 0.0722
4.0729 0.0728961
4.07341 0.0733989
4.07398 0.0739718
4.0743 0.0742857
4.07474 0.17473
4.07519 0.0751746
4.07569 0.0756807
4.07614 0.0761246
4.07658 0.0765721
4.0769 0.0768881
4.07759 0.0775627
4.07853 0.0785185
4.07885 0.0788419
4.07885 0.0788419
4.07948 0.0794725
4.08011 0.080103
4.08043 0.0804225
4.08075 0.0807495
4.082 0.0419754
4.082 0.0419754
4.082 0.0419754
4.08248 0.0824652
4.08261 0.0422593
4.08261 0.0422593
4.08261 0.0425788
4.08273 0.0420682
4.08273 0.0423877
4.08273 0.0420682
4.08299 0.042321
4.08299 0.0420015
4.08299 0.0420015
4.08527 0.0852538
4.08767 0.0876573
4.08821 0.0881945
4.08946 0.0894472
4.09177 0.0917591
4.09209 0.0920768
4.09421 0.0942004
4.09466 0.0946443
4.09498 0.0949638
4.0975 0.0974917
4.10134 0.101326
4.102 0.101988
4.10213 0.0420986
4.10213 0.0420986
4.10213 0.0420986
4.10235 0.0420008
4.10235 0.0420008
4.10235 0.0423203
4.10266 0.0419963
4.10266 0.0423158
4.10266 0.0419963
4.10298 0.0423113
4.10298 0.0419918
4.10298 0.0419918
4.1033 0.103287
4.10377 0.103762
4.10512 0.105114
4.1107 0.110684
4.11752 0.117505
4.11802 0.118011
4.11834 0.11833
4.11834 0.11833
4.119 0.118992
4.11939 0.119374
4.1202 0.120191
4.12052 0.12051
4.12199 0.0419872
4.12199 0.0419872
4.12199 0.0419872
4.12234 0.122327
4.12247 0.0421467
4.12247 0.0421467
4.12247 0.0424662
4.12263 0.0419867
4.12263 0.0423062
4.12263 0.0419867
4.12294 0.0423017
4.12294 0.0419822
4.12294 0.0419822
4.12538 0.125364
4.12601 0.125995
4.13979 0.139782
4.1403 0.140288
4.14217 0.0421716
4.1423 0.0419804
4.1423 0.0419804
4.1423 0.0419804
4.14262 0.0419759
4.14262 0.0419759
4.14262 0.0422954
4.14296 0.0420026
4.14296 0.0423221
4.14296 0.0420026
4.14328 0.0423176
4.14328 0.0419981
4.14328 0.0419981
4.14475 0.0447464
4.14606 0.0460536
4.15046 0.0504477
4.15233 0.152322
4.15265 0.052642
4.15381 0.053807
4.15606 0.0560492
4.15713 0.0571152
4.15916 0.159145
4.16025 0.0602426
4.16126 0.0612464
4.16201 0.0419934
4.16201 0.0419934
4.16201 0.0419934
4.16242 0.0624096
4.16255 0.0422151
4.16255 0.0422151
4.16255 0.0425346
4.16268 0.042024
4.16268 0.0423435
4.16268 0.042024
4.16303 0.063017
4.16335 0.0633365
4.16335 0.0633365
4.16348 0.0428225
4.16348 0.042503
4.16348 0.042503
4.1642 0.0641888
4.16492 0.0649127
4.16782 0.0678158
4.16814 0.0681333
4.16846 0.0684528
4.16891 0.0688967
4.16951 0.0694962
4.16983 0.0698233
4.17015 0.0701352
4.17047 0.0704547
4.17078 0.0707742
4.1711 0.0710968
4.1711 0.0710937
4.17142 0.0714132
4.17187 0.0718571
4.17219 0.0721766
4.17219 0.172176
4.17282 0.072791
4.17348 0.0734688
4.17399 0.0739571
4.17431 0.0743021
4.17478 0.174769
4.17522 0.0752134
4.1757 0.0756885
4.17611 0.0761013
4.17652 0.0764987
4.17684 0.0768336
4.1776 0.0775791
4.17854 0.0785349
4.17886 0.0788497
4.17886 0.0788497
4.17962 0.0796046
4.17993 0.0799241
4.18025 0.0802436
4.18057 0.0805482
4.18201 0.0419918
4.18201 0.0419918
4.18201 0.0419918
4.18248 0.0824729
4.18261 0.0422757
4.18261 0.0422757
4.18261 0.0425952
4.18274 0.0420846
4.18274 0.0424041
4.18274 0.0420846
4.18296 0.0423063
4.18296 0.0419868
4.18296 0.0419868
4.18524 0.0852305
4.18761 0.0876028
4.18818 0.0881712
4.18934 0.0893305
4.19174 0.0917444
4.19206 0.0920535
4.19419 0.094177
4.19463 0.0946209
4.19495 0.0949404
4.19742 0.0974061
4.20144 0.101427
4.20204 0.102026
4.20217 0.0421461
4.20217 0.0421461
4.20217 0.0421461
4.20233 0.0419861
4.20233 0.0419861
4.20233 0.0423056
4.20264 0.0419816
4.20264 0.0423011
4.20264 0.0419816
4.20315 0.103135
4.20327 0.0426161
4.20327 0.0422966
4.20327 0.0422966
4.20366 0.103646
4.205 0.104997
4.2108 0.110785
4.21762 0.117606
4.218 0.117987
4.21832 0.118307
4.21832 0.118307
4.21907 0.119062
4.21939 0.119381
4.22012 0.120105
4.22044 0.120425
4.22199 0.0419725
4.22199 0.0419725
4.22199 0.0419725
4.22231 0.122303
4.22244 0.0421009
4.22244 0.0421009
4.22244 0.0424204
4.22263 0.0419719
4.22263 0.0422915
4.22263 0.0419719
4.22298 0.0423181
4.22298 0.0419986
4.22298 0.0419986
4.22501 0.124999
4.22598 0.125971
4.23977 0.139759
4.24031 0.140296
4.24221 0.0421879
4.24234 0.0419968
4.24234 0.0419968
4.24234 0.0419968
4.24266 0.0419923
4.24266 0.0419923
4.24266 0.0423118
4.24297 0.0419878
4.24297 0.0423074
4.24297 0.0419878
4.24329 0.0423029
4.24329 0.0419834
4.24329 0.0419834
4.24479 0.0447628
4.24607 0.0460614
4.25043 0.0504244
4.25231 0.152298
4.25263 0.0526186
4.25382 0.0538147
4.25607 0.056057
4.25713 0.057123
4.25904 0.159028
4.26023 0.0602192
4.26123 0.061223
4.26198 0.0419787
4.26198 0.0419787
4.26198 0.0419787
4.26243 0.0624174
4.26256 0.0422315
4.26256 0.0422315
4.26256 0.042551
4.26268 0.0420404
4.26268 0.0423599
4.26268 0.0420404
4.26303 0.0630248
4.26335 0.0633443
4.26335 0.0633443
4.26348 0.0428389
4.26348 0.0425194
4.26348 0.0425194
4.26414 0.0641343
4.26493 0.0649204
4.26777 0.0677388
4.26809 0.0680788
4.26841 0.0683984
4.26891 0.0689045
4.26951 0.0695039
4.26983 0.0698086
4.27015 0.0701429
4.27047 0.0704624
4.27079 0.070782
4.27111 0.0710994
4.27111 0.0711015
4.27143 0.071421
4.27175 0.0717405
4.27207 0.07206
4.27207 0.172059
4.27282 0.0727946
4.27349 0.0734766
4.27396 0.0739424
4.27428 0.0742563
4.27476 0.174745
4.27514 0.0751279
4.27567 0.0756651
4.27612 0.076109
4.27659 0.0765807
4.27691 0.0769036
4.27758 0.0775644
4.27855 0.0785202
4.27887 0.0788574
4.27887 0.0788574
4.27947 0.0794569
4.27997 0.079963
4.28029 0.0802825
4.28061 0.0805957
4.28198 0.0419771
4.28198 0.0419771
4.28198 0.0419771
4.28249 0.0824807
4.28262 0.0422921
4.28262 0.0422921
4.28262 0.0426116
4.28262 0.0419726
4.28262 0.0422921
4.28262 0.0419726
4.28275 0.042101
4.28294 0.0422916
4.28294 0.0419721
4.28294 0.0419721
4.28525 0.0852382
4.28778 0.0877661
4.28819 0.0881789
4.28932 0.0893071
4.29175 0.0917297
4.29207 0.0920612
4.29419 0.0941848
4.29464 0.0946287
4.29496 0.0949482
4.29739 0.0973828
4.30135 0.101341
4.30198 0.101972
4.30211 0.0421003
4.30211 0.0421003
4.30211 0.0421003
4.30233 0.0420025
4.30233 0.0420025
4.30233 0.042322
4.30265 0.041998
4.30265 0.0423175
4.30265 0.041998
4.30296 0.042313
4.30296 0.0419935
4.30296 0.0419935
4.30328 0.103272
4.30366 0.103653
4.30501 0.105005
4.3108 0.110793
4.31762 0.117613
4.318 0.117995
4.31832 0.118315
4.31832 0.118315
4.31908 0.11907
4.3194 0.119389
4.32022 0.120206
4.32054 0.120526
4.322 0.0419889
4.322 0.0419889
4.322 0.0419889
4.32232 0.122311
4.32245 0.0421173
4.32245 0.0421173
4.32245 0.0424368
4.32264 0.0419883
4.32264 0.0423079
4.32264 0.0419883
4.32295 0.0423034
4.32295 0.0419839
4.32295 0.0419839
4.32495 0.124944
4.32599 0.125979
4.33978 0.139767
4.34031 0.140304
4.34219 0.0421732
4.34232 0.0419821
4.34232 0.0419821
4.34232 0.0419821
4.34263 0.0419776
4.34263 0.0419776
4.34263 0.0422971
4.34295 0.0419731
4.34295 0.0422926
4.34295 0.0419731
4.34329 0.0423193
4.34329 0.0419997
4.34329 0.0419997
4.34476 0.0447481
4.34605 0.046038
4.35044 0.0504321
4.35232 0.152306
4.35264 0.0526264
4.35383 0.0538225
4.35604 0.0560336
4.35714 0.0571307
4.35917 0.15916
4.36024 0.060227
4.36124 0.0612308
4.36202 0.0419951
4.36202 0.0419951
4.36202 0.0419951
4.3624 0.0623941
4.36253 0.0421857
4.36253 0.0421857
4.36253 0.0425052
4.36266 0.0419946
4.36266 0.0423141
4.36266 0.0419946
4.36301 0.0630014
4.36333 0.063321
4.36333 0.063321
4.36346 0.0427931
4.36346 0.0424736
4.36346 0.0424736
4.36415 0.0641421
4.36491 0.0648971
4.36775 0.0677241
4.36806 0.0680555
4.36838 0.068375
4.36889 0.0688811
4.36949 0.0694806
4.36981 0.0697939
4.37013 0.0701196
4.37045 0.0704391
4.37077 0.0707586
4.37109 0.0710709
4.37141 0.0713976
4.37141 0.0713976
4.37185 0.0718415
4.37217 0.0721611
4.37217 0.17216
4.37283 0.0728095
4.37346 0.0734532
4.37397 0.0739588
4.37429 0.0742727
4.37483 0.174815
4.37518 0.0751667
4.37568 0.0756729
4.37613 0.0761168
4.37651 0.0765073
4.37683 0.076818
4.37758 0.0775808
4.37855 0.0785366
4.37887 0.0788652
4.37887 0.0788652
4.3796 0.079589
4.37992 0.0799085
4.38024 0.080228
4.38056 0.0805499
4.38202 0.0419935
4.38202 0.0419935
4.38202 0.0419935
4.38247 0.0824573
4.38259 0.0422463
4.38259 0.0422463
4.38259 0.0425658
4.38272 0.0420552
4.38272 0.0423747
4.38272 0.0420552
4.38298 0.042308
4.38298 0.0419885
4.38298 0.0419885
4.38526 0.085246
4.38791 0.0878983
4.38823 0.0882178
4.38936 0.089346
4.39176 0.0917461
4.39208 0.092069
4.3942 0.0941925
4.39465 0.0946364
4.39496 0.094956
4.3974 0.0973905
4.40136 0.101349
4.40205 0.102042
4.40218 0.0421789
4.40218 0.0421789
4.40218 0.0421789
4.40231 0.0419878
4.40231 0.0419878
4.40231 0.0423073
4.40262 0.0419833
4.40262 0.0423028
4.40262 0.0419833
4.40294 0.0422983
4.40294 0.0419788
4.40294 0.0419788
4.40326 0.103248
4.40367 0.103661
4.40502 0.105013
4.41078 0.11077
4.41751 0.117497
4.41801 0.118003
4.41833 0.118322
4.41833 0.118322
4.41909 0.119077
4.41941 0.119397
4.42032 0.120307
4.42032 0.120307
4.422 0.0419968
4.422 0.0419968
4.422 0.0419968
4.42232 0.12231
4.42245 0.0421252
4.42245 0.0421252
4.42245 0.0424447
4.42264 0.0419963
4.42264 0.0423158
4.42264 0.0419963
4.42295 0.0423113
4.42295 0.0419918
4.42295 0.0419918
4.42495 0.124943
4.42599 0.125978
4.43977 0.139766
4.44031 0.140303
4.44219 0.0421812
4.44232 0.0419901
4.44232 0.0419901
4.44232 0.0419901
4.44263 0.0419856
4.44263 0.0419856
4.44263 0.0423051
4.44295 0.0419811
4.44295 0.0423006
4.44295 0.0419811
4.44326 0.0422961
4.44326 0.0419766
4.44326 0.0419766
4.44476 0.0447561
4.44605 0.0460373
4.45044 0.0504314
4.45231 0.152305
4.45263 0.0526257
4.45382 0.0538218
4.45604 0.0560329
4.45714 0.05713
4.45908 0.159066
4.46023 0.0602263
4.46124 0.0612301
4.46199 0.0419719
4.46199 0.0419719
4.46199 0.0419719
4.4624 0.0623933
4.46253 0.0421936
4.46253 0.0421936
4.46253 0.0425131
4.46266 0.0420025
4.46266 0.042322
4.46266 0.0420025
4.46301 0.0630007
4.46333 0.0633202
4.46333 0.0633202
4.46346 0.042801
4.46346 0.0424815
4.46346 0.0424815
4.46415 0.0641414
4.4649 0.0648963
4.46774 0.0677321
4.46806 0.0680548
4.46841 0.0684054
4.46889 0.0688804
4.46949 0.0694799
4.46981 0.0698019
4.47013 0.0701189
4.47045 0.0704384
4.47077 0.0707579
4.47109 0.071065
4.47109 0.0710774
4.47141 0.0713969
4.47176 0.0717475
4.47208 0.072067
4.47208 0.172066
4.47283 0.0728076
4.47346 0.0734525
4.47394 0.0739356
4.47426 0.0742496
4.47479 0.174783
4.47517 0.075166
4.47568 0.0756722
4.47612 0.0761161
4.47651 0.0764876
4.47683 0.0768173
4.47758 0.0775576
4.47852 0.0785134
4.47884 0.0788334
4.47884 0.0788334
4.4796 0.0795883
4.47992 0.0799078
4.48027 0.0802584
4.48059 0.0805578
4.48202 0.0420014
4.48202 0.0420014
4.48202 0.0420014
4.48246 0.0824566
4.48259 0.0422543
4.48259 0.0422543
4.48259 0.0425738
4.48272 0.0420631
4.48272 0.0423826
4.48272 0.0420631
4.48297 0.0423159
4.48297 0.0419964
4.48297 0.0419964
4.48525 0.0852453
4.48778 0.0877732
4.48819 0.088186
4.48935 0.0893453
4.49173 0.0917229
4.49205 0.0920372
4.4942 0.0941918
4.49464 0.0946357
4.49496 0.0949552
4.4974 0.0973898
4.50139 0.10138
4.50199 0.101979
4.50212 0.0420935
4.50212 0.0420935
4.50212 0.0420935
4.50234 0.0419957
4.50234 0.0419957
4.50234 0.0423152
4.50265 0.0419912
4.50265 0.0423108
4.50265 0.0419912
4.50316 0.10315
4.50329 0.0426258
4.50329 0.0423063
4.50329 0.0423063
4.50367 0.10366
4.50501 0.105012
4.51087 0.110862
4.51763 0.11762
4.51801 0.118002
4.51833 0.118322
4.51833 0.118322
4.51908 0.119077
4.5194 0.119396
4.52031 0.120307
4.52031 0.120307
4.522 0.0419736
4.522 0.0419736
4.522 0.0419736
4.52232 0.12231
4.52245 0.042102
4.52245 0.042102
4.52245 0.0424215
4.52264 0.0419731
4.52264 0.0422926
4.52264 0.0419731
4.52298 0.0423192
4.52298 0.0419997
4.52298 0.0419997
4.52498 0.124974
4.52599 0.125978
4.53977 0.139765
4.54031 0.140302
4.54222 0.0421891
4.54234 0.041998
4.54234 0.041998
4.54234 0.041998
4.54266 0.0419935
4.54266 0.0419935
4.54266 0.042313
4.54297 0.041989
4.54297 0.0423085
4.54297 0.041989
4.54329 0.042304
4.54329 0.0419845
4.54329 0.0419845
4.54479 0.044764
4.54604 0.0460366
4.55044 0.0504307
4.55231 0.152305
4.55263 0.0526249
4.55382 0.0538211
4.55607 0.0560633
4.55714 0.0571293
4.55907 0.159065
4.56023 0.0602255
4.56124 0.0612293
4.56199 0.0419798
4.56199 0.0419798
4.56199 0.0419798
4.5624 0.0623926
4.56253 0.0422015
4.56253 0.0422015
4.56253 0.042521
4.56266 0.0420104
4.56266 0.0423299
4.56266 0.0420104
4.56301 0.063
4.56333 0.0633195
4.56333 0.0633195
4.56346 0.0428089
4.56346 0.0424894
4.56346 0.0424894
4.56415 0.0641407
4.5649 0.0648956
4.56774 0.06774
4.56806 0.0680541
4.56838 0.0683736
4.56889 0.0688797
4.56952 0.0695103
4.56993 0.0699031
4.57025 0.0702426
4.5706 0.0705932
4.57092 0.0708951
4.57124 0.0712322
4.57124 0.0712322
4.57124 0.0712322
4.57175 0.0717383
4.57207 0.0720578
4.57207 0.172057
4.57279 0.072788
4.57358 0.0735678
4.57396 0.073935
4.57428 0.074249
4.57488 0.174868
4.5752 0.0751879
4.5757 0.0756941
4.57627 0.0762624
4.57659 0.0765838
4.57691 0.0769014
4.57757 0.0775571
4.57854 0.0785129
4.57886 0.0788553
4.57886 0.0788553
4.57959 0.0795791
4.57997 0.0799609
4.58032 0.0803115
4.58064 0.0806195
4.58201 0.0420009
4.58201 0.0420009
4.58201 0.0420009
4.58249 0.0824785
4.58261 0.0422848
4.58261 0.0422848
4.58261 0.0426043
4.58274 0.0420937
4.58274 0.0424132
4.58274 0.0420937
4.58296 0.0423154
4.58296 0.0419959
4.58296 0.0419959
4.58524 0.0852361
4.58777 0.087764
4.58818 0.0881768
4.58928 0.0892739
4.59175 0.0917224
4.59207 0.0920591
4.59419 0.0941826
4.59463 0.0946266
4.59495 0.0949461
4.59742 0.0974117
4.60135 0.101339
4.60198 0.10197
4.60211 0.042093
4.60211 0.042093
4.60211 0.042093
4.60233 0.0419952
4.60233 0.0419952
4.60233 0.0423147
4.60264 0.0419907
4.60264 0.0423102
4.60264 0.0419907
4.60296 0.0423057
4.60296 0.0419862
4.60296 0.0419862
4.60328 0.103269
4.60366 0.103651
4.605 0.105003
4.61083 0.110822
4.61753 0.117518
4.618 0.117993
4.61832 0.118312
4.61832 0.118312
4.61898 0.118974
4.61936 0.119356
4.6203 0.120297
4.62062 0.120617
4.622 0.0419815
4.622 0.0419815
4.622 0.0419815
4.62232 0.122309
4.62244 0.0421099
4.62244 0.0421099
4.62244 0.0424294
4.62264 0.041981
4.62264 0.0423005
4.62264 0.041981
4.62295 0.042296
4.62295 0.0419765
4.62295 0.0419765
4.62495 0.124942
4.62598 0.125977
4.63977 0.139765
4.64031 0.140302
4.64218 0.0421659
4.64231 0.0419748
4.64231 0.0419748
4.64231 0.0419748
4.64266 0.0420014
4.64266 0.0420014
4.64266 0.0423209
4.64297 0.0419969
4.64297 0.0423164
4.64297 0.0419969
4.64329 0.0423119
4.64329 0.0419924
4.64329 0.0419924
4.64476 0.0447408
4.64604 0.0460359
4.65044 0.05043
4.65234 0.152335
4.65266 0.0526553
4.65382 0.0538203
4.65607 0.0560626
4.65714 0.0571286
4.65917 0.159158
4.66023 0.0602248
4.66124 0.0612286
4.66202 0.0419878
4.66202 0.0419878
4.66202 0.0419878
4.6624 0.0623919
4.66253 0.0421784
4.66253 0.0421784
4.66253 0.0424979
4.66266 0.0419872
4.66266 0.0423068
4.66266 0.0419872
4.66301 0.0629993
4.66333 0.0633188
4.66333 0.0633188
4.66345 0.0427858
4.66345 0.0424662
4.66345 0.0424662
4.66415 0.06414
4.66493 0.064926
4.66777 0.0677479
4.66809 0.0680845
4.66841 0.068404
4.66892 0.0689101
4.66949 0.0694784
4.66984 0.0698177
4.67016 0.0701486
4.67047 0.0704681
4.67079 0.0707876
4.67111 0.0710843
4.67111 0.0711071
4.67143 0.0714266
4.67175 0.0717461
4.67207 0.0720656
4.67207 0.172065
4.6728 0.0727946
4.67346 0.0734511
4.67396 0.0739514
4.67428 0.0742654
4.67498 0.174969
4.67536 0.0753512
4.67571 0.0757018
4.67612 0.0761147
4.67653 0.0765104
4.67685 0.076847
4.67758 0.0775735
4.67855 0.0785293
4.67887 0.078863
4.67887 0.078863
4.67959 0.0795869
4.67991 0.0799064
4.68026 0.080257
4.68058 0.0805737
4.68199 0.0419862
4.68199 0.0419862
4.68199 0.0419862
4.68246 0.0824552
4.68259 0.0422701
4.68259 0.0422701
4.68259 0.0425896
4.68272 0.042079
4.68272 0.0423985
4.68272 0.042079
4.68294 0.0423007
4.68294 0.0419812
4.68294 0.0419812
4.68525 0.0852438
4.68765 0.0876473
4.68819 0.0881846
4.68926 0.0892506
4.69175 0.0917388
4.69207 0.0920669
4.6942 0.0941904
4.69464 0.0946343
4.69496 0.0949538
4.69739 0.0973884
4.70135 0.101347
4.70198 0.101978
4.70211 0.0421094
4.70211 0.0421094
4.70211 0.0421094
4.7023 0.0419805
4.7023 0.0419805
4.7023 0.0423
4.70262 0.041976
4.70262 0.0422955
4.70262 0.041976
4.70296 0.0423221
4.70296 0.0420026
4.70296 0.0420026
4.70328 0.103277
4.70367 0.103659
4.70501 0.105011
4.71087 0.110861
4.71763 0.117619
4.71795 0.117938
4.71826 0.118258
4.71826 0.118258
4.71908 0.119075
4.7194 0.119395
4.72031 0.120305
4.72031 0.120305
4.722 0.0419895
4.722 0.0419895
4.722 0.0419895
4.72231 0.122308
4.72244 0.0421179
4.72244 0.0421179
4.72244 0.0424374
4.72263 0.041989
4.72263 0.0423085
4.72263 0.041989
4.72295 0.042304
4.72295 0.0419845
4.72295 0.0419845
4.72495 0.124941
4.72598 0.125976
4.73977 0.139764
4.74031 0.140301
4.74218 0.0421739
4.74231 0.0419827
4.74231 0.0419827
4.74231 0.0419827
4.74263 0.0419782
4.74263 0.0419782
4.74263 0.0422978
4.74294 0.0419738
4.74294 0.0422933
4.74294 0.0419738
4.74329 0.0423199
4.74329 0.0420004
4.74329 0.0420004
4.74476 0.0447487
4.74604 0.0460352
4.75044 0.0504293
4.75231 0.152303
4.75263 0.0526235
4.75382 0.0538196
4.75607 0.0560619
4.75713 0.0571279
4.75904 0.159033
4.76023 0.0602241
4.76123 0.0612279
4.76202 0.0419957
4.76202 0.0419957
4.76202 0.0419957
4.7624 0.0623912
4.76253 0.0421863
4.76253 0.0421863
4.76253 0.0425058
4.76265 0.0419952
4.76265 0.0423147
4.76265 0.0419952
4.763 0.0629986
4.76332 0.0633181
4.76332 0.0633181
4.76345 0.0427937
4.76345 0.0424742
4.76345 0.0424742
4.76415 0.0641392
4.76493 0.0649253
4.76774 0.0677247
4.76806 0.0680527
4.76841 0.0684033
4.76892 0.0689094
4.76948 0.0694777
4.76983 0.0698257
4.77015 0.0701478
4.77063 0.0706229
4.77095 0.0709455
4.77127 0.0712619
4.77127 0.0712619
4.77127 0.0712619
4.77187 0.0718613
4.77219 0.0721808
4.77219 0.17218
4.77285 0.0728175
4.77348 0.073473
4.77395 0.0739509
4.77427 0.0742649
4.775 0.174991
4.77532 0.0753109
4.7757 0.0756927
4.77611 0.0761055
4.77659 0.0765755
4.77691 0.0769
4.7776 0.077573
4.77854 0.0785287
4.77886 0.0788539
4.77886 0.0788539
4.77958 0.0795777
4.78 0.0799905
4.78032 0.08031
4.78064 0.0806353
4.78201 0.0419857
4.78201 0.0419857
4.78201 0.0419857
4.78248 0.0824771
4.78261 0.0422696
4.78261 0.0422696
4.78261 0.0425891
4.78274 0.0420785
4.78274 0.042398
4.78274 0.0420785
4.78296 0.0423002
4.78296 0.0419807
4.78296 0.0419807
4.78524 0.0852347
4.78768 0.0876692
4.78818 0.0881754
4.78931 0.0893036
4.79174 0.0917382
4.79206 0.0920577
4.79419 0.0941812
4.79463 0.0946251
4.79495 0.0949446
4.79742 0.0974103
4.80144 0.101431
4.80197 0.101968
4.8021 0.0420778
4.8021 0.0420778
4.8021 0.0420778
4.80232 0.04198
4.80232 0.04198
4.80232 0.0422995
4.80264 0.0419755
4.80264 0.042295
4.80264 0.0419755
4.80299 0.0423216
4.80299 0.0420021
4.80299 0.0420021
4.8033 0.103299
4.80366 0.10365
4.80509 0.105095
4.81076 0.110758
4.81755 0.117548
4.818 0.117991
4.81832 0.118311
4.81832 0.118311
4.81907 0.119066
4.81939 0.119385
4.82021 0.120203
4.82053 0.120522
4.82202 0.0419974
4.82202 0.0419974
4.82202 0.0419974
4.82234 0.122339
4.82247 0.0421258
4.82247 0.0421258
4.82247 0.0424453
4.82266 0.0419969
4.82266 0.0423164
4.82266 0.0419969
4.82298 0.0423119
4.82298 0.0419924
4.82298 0.0419924
4.82498 0.124972
4.82598 0.125976
4.83977 0.139763
4.84031 0.1403
4.84221 0.0421818
4.84234 0.0419907
4.84234 0.0419907
4.84234 0.0419907
4.84266 0.0419862
4.84266 0.0419862
4.84266 0.0423057
4.84297 0.0419817
4.84297 0.0423012
4.84297 0.0419817
4.84329 0.0422967
4.84329 0.0419772
4.84329 0.0419772
4.84479 0.0447567
4.84607 0.0460656
4.85043 0.0504286
4.85231 0.152302
4.85263 0.0526228
4.85385 0.0538189
4.85607 0.0560612
4.85713 0.0571272
4.85916 0.159157
4.86023 0.0602234
4.86123 0.0612272
4.86211 0.0621066
4.86224 0.0422298
4.86224 0.0422298
4.86224 0.0422298
4.86237 0.0420387
4.86237 0.0420387
4.86237 0.0423582
4.86262 0.041972
4.86262 0.0422915
4.86262 0.041972
4.86303 0.063029
4.86335 0.0633485
4.86335 0.0633485
4.86348 0.0428327
4.86348 0.0425132
4.86348 0.0425132
4.86421 0.0642007
4.86493 0.0649246
4.86774 0.0677327
4.86806 0.0680519
4.86838 0.0683714
4.86891 0.0689087
4.86951 0.0695081
4.86983 0.0698025
4.87015 0.0701471
4.87015 0.0701471
4.87063 0.0706222
4.87095 0.0709396
4.87127 0.0712612
4.87127 0.0712612
4.87187 0.0718606
4.87219 0.0721801
4.87219 0.172179
4.87278 0.0727836
4.8731 0.0730991
4.87398 0.0739588
4.8743 0.0742728
4.87493 0.174928
4.87525 0.075248
4.8757 0.0756919
4.87611 0.0761048
4.87658 0.0765558
4.8769 0.0768993
4.87729 0.0772699
4.87854 0.0785366
4.87886 0.0788531
4.87886 0.0788531
4.87946 0.0794526
4.87999 0.0799898
4.88035 0.0803404
4.88066 0.0806433
4.88201 0.0419936
4.88201 0.0419936
4.88201 0.0419936
4.88248 0.0824764
4.88261 0.0422775
4.88261 0.0422775
4.88261 0.042597
4.88274 0.0420864
4.88274 0.0424059
4.88274 0.0420864
4.88296 0.0423081
4.88296 0.0419886
4.88296 0.0419886
4.88524 0.085234
4.88764 0.0876374
4.88818 0.0881747
4.88931 0.0893029
4.89174 0.0917375
4.89206 0.0920346
4.89419 0.0941805
4.89463 0.0946244
4.89495 0.0949439
4.89741 0.0974096
4.90144 0.10143
4.90197 0.101968
4.9021 0.0420857
4.9021 0.0420857
4.9021 0.0420857
4.90232 0.0419879
4.90232 0.0419879
4.90232 0.0423074
4.90264 0.0419834
4.90264 0.0423029
4.90264 0.0419834
4.90295 0.0422984
4.90295 0.0419789
4.90295 0.0419789
4.90327 0.103267
4.90365 0.103649
4.90509 0.105063
4.91095 0.110944
4.91761 0.117609
4.918 0.117991
4.91832 0.11831
4.91832 0.11831
4.91907 0.119065
4.91939 0.119385
4.92033 0.120326
4.92065 0.120646
4.92199 0.0419742
4.92199 0.0419742
4.92199 0.0419742
4.92234 0.122338
4.92247 0.0421337
4.92247 0.0421337
4.92247 0.0424532
4.92263 0.0419737
4.92263 0.0422932
4.92263 0.0419737
4.92298 0.0423198
4.92298 0.0420003
4.92298 0.0420003
4.92494 0.12494
4.92598 0.125975
4.93977 0.139762
4.9403 0.1403
4.94221 0.0421897
4.94234 0.0419986
4.94234 0.0419986
4.94234 0.0419986
4.94265 0.0419941
4.94265 0.0419941
4.94265 0.0423136
4.94297 0.0419896
4.94297 0.0423091
4.94297 0.0419896
4.94328 0.0423046
4.94328 0.0419851
4.94328 0.0419851
4.94479 0.0447646
4.94607 0.0460648
4.95043 0.0504279
4.95234 0.152333
4.95266 0.0526532
4.95385 0.0538182
4.95606 0.0560605
4.95713 0.0571265
4.95916 0.159156
4.96023 0.0602227
4.96123 0.0612265
4.96211 0.0621059
4.96224 0.0422378
4.96224 0.0422378
4.96224 0.0422378
4.96237 0.0420466
4.96237 0.0420466
4.96237 0.0423661
4.96262 0.0419799
4.96262 0.0422994
4.96262 0.0419799
4.96303 0.0630283
4.96335 0.0633478
4.96335 0.0633478
4.96348 0.0428406
4.96348 0.0425211
4.96348 0.0425211
4.9642 0.0642
4.96493 0.0649239
4.96777 0.0677406
4.96809 0.0680823
4.96841 0.0684018
4.96891 0.068908
4.96942 0.0694141
4.96983 0.0698104
4.97015 0.0701464
4.97015 0.0701464
4.97063 0.0706215
4.97095 0.0709338
4.97126 0.0712605
4.97126 0.0712605
4.97186 0.0718599
4.97218 0.0721794
4.97218 0.172179
4.97281 0.0727952
4.97313 0.0731295
4.97395 0.0739357
4.97427 0.0742496
4.97468 0.0746671
4.975 0.174998
4.97532 0.075318
4.9757 0.0756997
4.97612 0.0761125
4.97665 0.0766498
4.97707 0.0770374
4.97854 0.0785135
4.97886 0.0788524
4.97886 0.0788524
4.97949 0.079483
4.97981 0.0798025
4.98025 0.0802464
4.98057 0.0805579
4.982 0.0420015
4.982 0.0420015
4.982 0.0420015
4.98248 0.0824757
4.98261 0.0422854
4.98261 0.0422854
4.98261 0.0426049
4.98274 0.0420943
4.98274 0.0424138
4.98274 0.0420943
4.98296 0.042316
4.98296 0.0419965
4.98296 0.0419965
4.98524 0.0852332
4.9877 0.0876989
4.98818 0.088174
4.98934 0.0893333
4.99174 0.0917367
4.99174 0.091723
4.99421 0.0942024
4.99465 0.0946463
4.99497 0.0949659
4.9974 0.0974004
5.00133 0.101328
5.00206 0.102052
5.00218 0.0421785
5.00218 0.0421785
5.00218 0.0421785
5.00231 0.0419874
5.00231 0.0419874
5.00231 0.0423069
5.00263 0.0419829
5.00263 0.0423024
5.00263 0.0419829
5.00294 0.0422979
5.00294 0.0419784
5.00294 0.0419784
5.00326 0.103258
5.00364 0.10364
5.00502 0.10499
5.01088 0.110871
5.01754 0.117536
5.01789 0.117886
5.01821 0.118206
5.01821 0.118206
5.01906 0.119054
5.01938 0.119374
5.02023 0.120222
5.02055 0.120541
5.02198 0.0419717
5.02198 0.0419717
5.02198 0.0419717
5.0223 0.122296
5.02243 0.0421001
5.02243 0.0421001
5.02243 0.0424196
5.02262 0.0419712
5.02262 0.0422907
5.02262 0.0419712
5.02296 0.0423173
5.02296 0.0419978
5.02296 0.0419978
5.025 0.124991
5.026 0.125995
5.03979 0.139782
5.04032 0.14032
5.0422 0.0421872
5.04295 0.0419831
5.04295 0.0423027
5.04295 0.0419831
5.04327 0.0422982
5.04327 0.0419787
5.04327 0.0419787
5.04477 0.0447581
5.04605 0.0460497
5.05045 0.0504439
5.05232 0.152318
5.05264 0.0526381
5.05383 0.0538031
5.05605 0.0560454
5.05711 0.0571114
5.05902 0.159016
5.06024 0.0602387
5.06121 0.0612114
5.062 0.041974
5.062 0.041974
5.062 0.041974
5.06241 0.0624058
5.06254 0.0421957
5.06254 0.0421957
5.06254 0.0425152
5.06267 0.0420046
5.06267 0.0423241
5.06267 0.0420046
5.06299 0.0629821
5.0633 0.0633016
5.0633 0.0633016
5.06343 0.042772
5.06343 0.0424525
5.06343 0.0424525
5.06409 0.0640916
5.06488 0.0648777
5.06772 0.067703
5.06804 0.0680361
5.06836 0.0683556
5.06893 0.068924
5.06946 0.0694612
5.06982 0.0698039
5.07013 0.0701313
5.07013 0.0701313
5.07058 0.0705752
5.0709 0.0708824
5.07122 0.0712143
5.07122 0.0712143
5.07175 0.0717515
5.07207 0.072071
5.07207 0.17207
5.0728 0.0727924
5.07312 0.0731144
5.07393 0.0739292
5.07425 0.0742432
5.07482 0.074797
5.07514 0.175138
5.07546 0.0754584
5.07578 0.0757779
5.0761 0.0760974
5.07651 0.0765102
5.07686 0.0768528
5.07852 0.078507
5.07884 0.0788373
5.07884 0.0788373
5.07956 0.0795612
5.07988 0.0798807
5.08023 0.0802313
5.08055 0.0805514
5.08202 0.0419951
5.08202 0.0419951
5.08202 0.0419951
5.0824 0.0823984
5.08253 0.0421857
5.08253 0.0421857
5.08253 0.0425052
5.08266 0.0419945
5.08266 0.042314
5.08266 0.0419945
5.08297 0.0423096
5.08297 0.04199
5.08297 0.04199
5.08522 0.0852181
5.08762 0.0876216
5.08816 0.0881588
5.08923 0.0892248
5.09172 0.0917165
5.09204 0.0920411
5.09417 0.0941647
5.09461 0.0946086
5.09493 0.0949281
5.09737 0.0973627
5.10142 0.101415
5.10196 0.101952
5.10208 0.0420561
5.10208 0.0420561
5.10208 0.0420561
5.10234 0.0419894
5.10234 0.0419894
5.10234 0.0423089
5.10265 0.0419849
5.10265 0.0423044
5.10265 0.0419849
5.10297 0.0422999
5.10297 0.0419804
5.10297 0.0419804
5.10329 0.103283
5.10364 0.103633
5.10501 0.104985
5.11075 0.110742
5.11753 0.117531
5.11788 0.117882
5.1182 0.118201
5.1182 0.118201
5.11905 0.119049
5.11937 0.119369
5.12025 0.120248
5.12057 0.120568
5.12201 0.0419757
5.12201 0.0419757
5.12201 0.0419757
5.12233 0.122322
5.12245 0.0421041
5.12245 0.0421041
5.12245 0.0424236
5.12264 0.0419752
5.12264 0.0422947
5.12264 0.0419752
5.12296 0.0422902
5.12296 0.0419707
5.12296 0.0419707
5.12496 0.124955
5.12599 0.12599
5.13975 0.139747
5.14029 0.140284
5.14216 0.0421601
5.14229 0.041969
5.14229 0.041969
5.14229 0.041969
5.14261 0.0419645
5.14261 0.0419645
5.14261 0.042284
5.14295 0.0419911
5.14295 0.0423106
5.14295 0.0419911
5.14327 0.0423061
5.14327 0.0419866
5.14327 0.0419866
5.14474 0.044735
5.14605 0.046049
5.15035 0.0503498
5.15235 0.152348
5.15267 0.0526685
5.15383 0.0538024
5.15605 0.0560446
5.15711 0.0571106
5.15917 0.159171
5.16021 0.0602069
5.16121 0.0612107
5.16199 0.0419819
5.16199 0.0419819
5.16199 0.0419819
5.16241 0.0624051
5.16254 0.0422036
5.16254 0.0422036
5.16254 0.0425231
5.16266 0.0420125
5.16266 0.042332
5.16266 0.0420125
5.16301 0.0630125
5.16333 0.063332
5.16333 0.063332
5.16346 0.042811
5.16346 0.0424915
5.16346 0.0424915
5.16412 0.064122
5.16491 0.0649081
5.16772 0.067711
5.16804 0.0680354
5.16836 0.0683549
5.16889 0.0688921
5.16943 0.0694294
5.16981 0.0698119
5.17013 0.0701306
5.17013 0.0701306
5.17058 0.0705745
5.1709 0.0708765
5.17122 0.0712135
5.17122 0.0712135
5.17185 0.0718441
5.17217 0.0721636
5.17217 0.172163
5.17286 0.072857
5.17318 0.0731759
5.17393 0.073906
5.17425 0.0742511
5.17476 0.0747546
5.17508 0.175075
5.1754 0.0753955
5.17572 0.075715
5.1761 0.0760967
5.17661 0.0766028
5.17692 0.0769003
5.17852 0.0785149
5.17884 0.0788366
5.17916 0.0791561
5.17957 0.0795689
5.17989 0.0798884
5.18027 0.0802702
5.18059 0.0805678
5.182 0.0419803
5.182 0.0419803
5.182 0.0419803
5.18247 0.0824683
5.1826 0.0422643
5.1826 0.0422643
5.1826 0.0425838
5.18273 0.0420731
5.18273 0.0423926
5.18273 0.0420731
5.18295 0.0422948
5.18295 0.0419753
5.18295 0.0419753
5.1852 0.0851948
5.18804 0.0880337
5.18836 0.0883532
5.18924 0.0892326
5.1917 0.0916983
5.19202 0.0919902
5.19424 0.0942346
5.19462 0.0946164
5.19494 0.0949359
5.19734 0.0973393
5.20133 0.101329
5.20193 0.101929
5.20206 0.0420413
5.20206 0.0420413
5.20206 0.0420413
5.20231 0.0419746
5.20231 0.0419746
5.20231 0.0422942
5.20263 0.0419702
5.20263 0.0422897
5.20263 0.0419702
5.20294 0.0422852
5.20294 0.0419657
5.20294 0.0419657
5.20326 0.103259
5.20364 0.103641
5.20502 0.104993
5.21069 0.110687
5.21754 0.117539
5.21789 0.117889
5.21821 0.118209
5.21821 0.118209
5.21909 0.119088
5.21941 0.119408
5.22029 0.120287
5.22061 0.120607
5.22201 0.0419921
5.22201 0.0419921
5.22201 0.0419921
5.22233 0.12233
5.22246 0.0421205
5.22246 0.0421205
5.22246 0.04244
5.22265 0.0419916
5.22265 0.0423111
5.22265 0.0419916
5.22297 0.0423066
5.22297 0.0419871
5.22297 0.0419871
5.22497 0.124963
5.22606 0.12606
5.23973 0.139723
5.24029 0.140292
5.2422 0.0421765
5.24233 0.0419854
5.24233 0.0419854
5.24233 0.0419854
5.24264 0.0419809
5.24264 0.0419809
5.24264 0.0423004
5.24296 0.0419764
5.24296 0.0422959
5.24296 0.0419764
5.24327 0.0422914
5.24327 0.0419719
5.24327 0.0419719
5.24477 0.0447514
5.24603 0.0460257
5.25036 0.0503576
5.25233 0.152325
5.25265 0.0526451
5.25384 0.0538101
5.25605 0.0560524
5.25712 0.0571184
5.25906 0.159054
5.26022 0.0602146
5.26122 0.0612184
5.26197 0.0419672
5.26197 0.0419672
5.26197 0.0419672
5.26241 0.0624128
5.26254 0.04222
5.26254 0.04222
5.26254 0.0425395
5.26267 0.0420289
5.26267 0.0423484
5.26267 0.0420289
5.26299 0.0629891
5.26331 0.0633086
5.26331 0.0633086
5.26344 0.0427963
5.26344 0.0424768
5.26344 0.0424768
5.2641 0.0640987
5.26489 0.0648847
5.26773 0.0676963
5.26804 0.0680432
5.26836 0.0683627
5.26887 0.0688688
5.26944 0.0694371
5.26982 0.0697972
5.27014 0.0701384
5.27014 0.0701384
5.27058 0.0705823
5.2709 0.0708791
5.27122 0.0712213
5.27122 0.0712213
5.27173 0.0717274
5.27205 0.0720469
5.27205 0.172046
5.2729 0.0728678
5.27322 0.0732147
5.27391 0.0738913
5.27423 0.0742053
5.27477 0.0747518
5.27509 0.175083
5.2754 0.0754032
5.27572 0.0757227
5.27611 0.0761044
5.27661 0.0766106
5.27724 0.0772362
5.27856 0.0785313
5.27888 0.0788755
5.27888 0.0788755
5.27957 0.0795682
5.27989 0.0798877
5.28021 0.0802072
5.28053 0.0805135
5.28199 0.0419883
5.28199 0.0419883
5.28199 0.0419883
5.28244 0.0824365
5.28257 0.0422411
5.28257 0.0422411
5.28257 0.0425606
5.2827 0.04205
5.2827 0.0423695
5.2827 0.04205
5.28295 0.0423028
5.28295 0.0419833
5.28295 0.0419833
5.2852 0.0851941
5.28775 0.0877531
5.28814 0.0881348
5.28923 0.0892319
5.2917 0.0916976
5.2917 0.0916786
5.29423 0.0942255
5.29461 0.0946072
5.29493 0.0949267
5.29736 0.0973613
5.30132 0.10132
5.30192 0.101919
5.30205 0.0420408
5.30205 0.0420408
5.30205 0.0420408
5.3023 0.0419741
5.3023 0.0419741
5.3023 0.0422936
5.30262 0.0419696
5.30262 0.0422891
5.30262 0.0419696
5.30293 0.0422846
5.30293 0.0419651
5.30293 0.0419651
5.30325 0.10325
5.3037 0.103694
5.30501 0.104983
5.31074 0.11074
5.31762 0.117623
5.31794 0.117942
5.31826 0.118262
5.31826 0.118262
5.31899 0.118986
5.31934 0.119336
5.32016 0.120154
5.32047 0.120473
5.322 0.0419916
5.322 0.0419916
5.322 0.0419916
5.32232 0.122321
5.32245 0.0421199
5.32245 0.0421199
5.32245 0.0424395
5.32264 0.041991
5.32264 0.0423105
5.32264 0.041991
5.32296 0.0423061
5.32296 0.0419865
5.32296 0.0419865
5.32496 0.124954
5.32599 0.125989
5.33978 0.139776
5.34028 0.140282
5.34219 0.0421759
5.34232 0.0419848
5.34232 0.0419848
5.34232 0.0419848
5.34263 0.0419803
5.34263 0.0419803
5.34263 0.0422998
5.34295 0.0419758
5.34295 0.0422953
5.34295 0.0419758
5.34326 0.0422908
5.34326 0.0419713
5.34326 0.0419713
5.34476 0.0447508
5.34605 0.0460476
5.35035 0.0503484
5.35235 0.152347
5.35267 0.0526671
5.35383 0.053801
5.35604 0.0560432
5.35711 0.0571092
5.35917 0.15917
5.36021 0.0602055
5.36121 0.0612092
5.36199 0.0419667
5.36199 0.0419667
5.36199 0.0419667
5.3624 0.0624036
5.36253 0.0421884
5.36253 0.0421884
5.36253 0.0425079
5.36285 0.0628515
5.36317 0.063171
5.36317 0.063171
5.3633 0.0426363
5.3633 0.0429558
5.3633 0.0426363
5.3633 0.0426363
5.3633 0.0423168
5.3633 0.0423168
5.36343 0.0424452
5.36412 0.0641206
5.36491 0.0649066
5.36772 0.0676957
5.36803 0.068034
5.36835 0.0683535
5.36892 0.0689218
5.36946 0.0694591
5.36978 0.0697507
5.3701 0.070085
5.3701 0.0700981
5.3701 0.0700981
5.37051 0.0705109
5.37083 0.0708304
5.37115 0.0711499
5.37147 0.0714694
5.37185 0.0718511
5.37217 0.17217
5.37283 0.072808
5.37315 0.0731518
5.37391 0.0738992
5.37426 0.0742443
5.3748 0.174794
5.37533 0.0753089
5.37565 0.0756513
5.37597 0.0759709
5.37629 0.0762904
5.37661 0.0766099
5.37724 0.0772215
5.37856 0.0785393
5.37888 0.0788748
5.37888 0.0788748
5.37954 0.0795364
5.37986 0.0798559
5.38021 0.0802065
5.38065 0.0806459
5.38199 0.0419651
5.38199 0.0419651
5.38199 0.0419651
5.38231 0.0823114
5.38244 0.0420935
5.38244 0.0420935
5.38244 0.042413
5.38263 0.0419646
5.38263 0.0422841
5.38263 0.0419646
5.38298 0.0423107
5.38298 0.0419912
5.38298 0.0419912
5.38519 0.0851934
5.38775 0.0877524
5.38813 0.0881341
5.38923 0.0892312
5.3917 0.0916866
5.39202 0.0920164
5.39423 0.0942332
5.39477 0.0947705
5.39509 0.09509
5.39734 0.0973379
5.40133 0.101328
5.40193 0.101927
5.40206 0.0420261
5.40206 0.0420261
5.40206 0.0420261
5.40234 0.0419905
5.40234 0.0419905
5.40234 0.04231
5.40266 0.041986
5.40266 0.0423055
5.40266 0.041986
5.40316 0.103161
5.40329 0.0426205
5.40329 0.042301
5.40329 0.042301
5.40364 0.10364
5.40502 0.104991
5.41069 0.110686
5.41766 0.117662
5.41798 0.117981
5.4183 0.118301
5.4183 0.118301
5.41906 0.119056
5.41938 0.119375
5.41994 0.119944
5.42026 0.120263
5.42198 0.0419769
5.42198 0.0419769
5.42198 0.0419769
5.4223 0.122297
5.42243 0.0421052
5.42243 0.0421052
5.42243 0.0424247
5.42262 0.0419763
5.42262 0.0422958
5.42262 0.0419763
5.42293 0.0422913
5.42293 0.0419718
5.42293 0.0419718
5.42493 0.12493
5.42603 0.126028
5.43975 0.139753
5.44029 0.14029
5.44217 0.0421612
5.44229 0.0419701
5.44229 0.0419701
5.44229 0.0419701
5.44261 0.0419656
5.44261 0.0419656
5.44261 0.0422851
5.44296 0.0419922
5.44296 0.0423117
5.44296 0.0419922
5.44327 0.0423072
5.44327 0.0419877
5.44327 0.0419877
5.44474 0.0447361
5.44606 0.0460554
5.45036 0.0503562
5.45232 0.152323
5.45264 0.0526437
5.45383 0.0538087
5.45605 0.056051
5.45712 0.057117
5.45905 0.159053
5.46021 0.0602132
5.46122 0.061217
5.462 0.0419831
5.462 0.0419831
5.462 0.0419831
5.46241 0.0624114
5.46273 0.0627309
5.46286 0.0425243
5.46286 0.0425243
5.46286 0.0428438
5.46286 0.0422048
5.46286 0.0425243
5.46286 0.0422048
5.46318 0.0631788
5.46318 0.0631788
5.46331 0.0426527
5.46331 0.0426527
5.46331 0.0423332
5.46331 0.0423332
5.46412 0.0641244
5.46488 0.0648793
5.46772 0.0677081
5.46804 0.0680378
5.46836 0.0683573
5.46889 0.0688945
5.46943 0.0694317
5.46975 0.0697266
5.47007 0.0700663
5.47007 0.0700708
5.47039 0.0703903
5.47071 0.0707098
5.47071 0.0707098
5.47112 0.0711226
5.47144 0.0714421
5.47185 0.0718549
5.47217 0.172174
5.47284 0.0728098
5.47316 0.0731556
5.47394 0.0739117
5.47426 0.0742567
5.47477 0.0747649
5.47509 0.175086
5.47541 0.0754063
5.47573 0.0757258
5.47614 0.0761386
5.47661 0.0766136
5.47728 0.0772735
5.47859 0.0785828
5.47891 0.0789096
5.47891 0.0789096
5.47957 0.0795713
5.47989 0.0798908
5.48024 0.0802414
5.48065 0.0806272
5.482 0.0419775
5.482 0.0419775
5.482 0.0419775
5.4825 0.0825018
5.48263 0.0422925
5.48263 0.0422925
5.48263 0.042612
5.48263 0.041973
5.48263 0.0422925
5.48263 0.041973
5.48276 0.0421014
5.48295 0.042292
5.48295 0.0419725
5.48295 0.0419725
5.4852 0.0851971
5.48791 0.0879117
5.48836 0.0883556
5.48924 0.089235
5.4917 0.091699
5.49202 0.0920201
5.49424 0.094237
5.49468 0.0946809
5.495 0.0950004
5.49734 0.0973417
5.50133 0.101331
5.50199 0.101993
5.50212 0.0421007
5.50212 0.0421007
5.50212 0.0421007
5.50231 0.0419718
5.50231 0.0419718
5.50231 0.0422913
5.50263 0.0419673
5.50263 0.0422868
5.50263 0.0419673
5.50298 0.102978
5.50311 0.0424463
5.50311 0.0421268
5.50311 0.0421268
5.50364 0.103643
5.50511 0.105088
5.51078 0.110783
5.5176 0.117603
5.51799 0.117985
5.5183 0.118305
5.5183 0.118305
5.51903 0.119028
5.51935 0.119348
5.51967 0.119667
5.5203 0.120298
5.52201 0.0419893
5.52201 0.0419893
5.52201 0.0419893
5.52233 0.122332
5.52246 0.0421177
5.52246 0.0421177
5.52246 0.0424372
5.52265 0.0419888
5.52265 0.0423083
5.52265 0.0419888
5.52297 0.0423038
5.52297 0.0419843
5.52297 0.0419843
5.52493 0.124934
5.52606 0.126062
5.53976 0.139757
5.54048 0.140481
5.5422 0.0421736
5.54233 0.0419825
5.54233 0.0419825
5.54233 0.0419825
5.54264 0.041978
5.54264 0.041978
5.54264 0.0422975
5.54296 0.0419735
5.54296 0.0422931
5.54296 0.0419735
5.54327 0.0422886
5.54327 0.0419691
5.54327 0.0419691
5.54474 0.0447259
5.54606 0.046028
5.55039 0.05036
5.55233 0.152327
5.55265 0.0526164
5.55384 0.0538125
5.55609 0.0560548
5.55715 0.0571208
5.55918 0.159181
5.56025 0.060217
5.56125 0.0612208
5.5621 0.0620691
5.56223 0.0422217
5.56223 0.0422217
5.56223 0.0422217
5.56236 0.0420306
5.56236 0.0420306
5.56236 0.0423501
5.56264 0.041995
5.56264 0.0423145
5.56264 0.041995
5.56302 0.0629915
5.56334 0.063311
5.56334 0.063311
5.56347 0.0428246
5.56347 0.0425051
5.56347 0.0425051
5.56416 0.0641321
5.56492 0.0648871
5.56745 0.0674446
5.56795 0.0679211
5.56843 0.0683961
5.56899 0.0689645
5.56941 0.0693773
5.56982 0.0697943
5.57014 0.0701194
5.57046 0.0704291
5.57046 0.0704291
5.57078 0.0707486
5.57078 0.0707486
5.5711 0.0710681
5.57142 0.0713876
5.57189 0.0718627
5.57221 0.172212
5.57284 0.0728298
5.57316 0.0731322
5.57401 0.0739903
5.57433 0.0743042
5.57477 0.0747622
5.57509 0.175094
5.57541 0.0753829
5.57573 0.0757025
5.57608 0.0760531
5.57665 0.0766214
5.57728 0.0772672
5.5786 0.0785681
5.57892 0.0788863
5.57892 0.0788863
5.57961 0.079579
5.57993 0.0798986
5.58025 0.0802181
5.58069 0.0806747
5.582 0.0419939
5.582 0.0419939
5.582 0.0419939
5.58245 0.0824162
5.58258 0.0422467
5.58258 0.0422467
5.58258 0.0425662
5.5827 0.0420556
5.5827 0.0423751
5.5827 0.0420556
5.58296 0.0423084
5.58296 0.0419889
5.58296 0.0419889
5.58524 0.0852049
5.58783 0.087795
5.58818 0.0881456
5.58924 0.0892116
5.59171 0.0916843
5.59203 0.0919968
5.59421 0.0941825
5.59466 0.0946265
5.59498 0.094946
5.59738 0.0973494
5.60134 0.101308
5.60197 0.101939
5.6021 0.042086
5.6021 0.042086
5.6021 0.042086
5.60232 0.0419882
5.60232 0.0419882
5.60232 0.0423077
5.60263 0.0419837
5.60263 0.0423032
5.60263 0.0419837
5.60314 0.10311
5.60327 0.0426182
5.60327 0.0422987
5.60327 0.0422987
5.60368 0.103651
5.60503 0.105003
5.61098 0.110946
5.61764 0.117611
5.61799 0.117962
5.61831 0.118281
5.61831 0.118281
5.61904 0.119005
5.61935 0.119325
5.61971 0.119675
5.62027 0.120244
5.62199 0.0419746
5.62199 0.0419746
5.62199 0.0419746
5.62237 0.12234
5.6225 0.0421652
5.6225 0.0421652
5.6225 0.0424847
5.62263 0.041974
5.62263 0.0422936
5.62263 0.041974
5.62294 0.0422891
5.62294 0.0419696
5.62294 0.0419696
5.625 0.124973
5.62604 0.126008
5.63979 0.139764
5.64033 0.140302
5.64218 0.0421589
5.6423 0.0419678
5.6423 0.0419678
5.6423 0.0419678
5.64265 0.0419944
5.64265 0.0419944
5.64265 0.0423139
5.64297 0.0419899
5.64297 0.0423094
5.64297 0.0419899
5.64328 0.042305
5.64328 0.0419855
5.64328 0.0419855
5.64478 0.0447508
5.64607 0.0460358
5.65046 0.0504299
5.65237 0.152335
5.65268 0.0526552
5.65384 0.0538203
5.65606 0.0560314
5.65716 0.0571285
5.65919 0.159158
5.66025 0.0602247
5.66123 0.0611974
5.66211 0.0620768
5.66223 0.042207
5.66223 0.042207
5.66223 0.042207
5.66236 0.0420159
5.66236 0.0420159
5.66236 0.0423354
5.66265 0.0419803
5.66265 0.0422998
5.66265 0.0419803
5.66303 0.0629992
5.66335 0.0633187
5.66335 0.0633187
5.66348 0.0428099
5.66348 0.0424904
5.66348 0.0424904
5.66414 0.0641088
5.66492 0.0648948
5.66745 0.0674384
5.66796 0.0679289
5.66843 0.0684039
5.66891 0.0688789
5.66941 0.069385
5.66986 0.0698418
5.67018 0.0701615
5.67018 0.0701485
5.6705 0.070468
5.67082 0.0707875
5.67082 0.0707875
5.67114 0.071107
5.67146 0.0714265
5.67196 0.171932
5.67228 0.0722521
5.67282 0.0728095
5.67314 0.0731089
5.67392 0.0739134
5.67424 0.0742273
5.67478 0.0747594
5.6751 0.17507
5.67542 0.0753907
5.67574 0.0757102
5.67612 0.0760919
5.67669 0.0766603
5.67729 0.077261
5.67857 0.0785534
5.67889 0.0788629
5.67889 0.0788629
5.67965 0.0796179
5.67997 0.0799374
5.68029 0.0802569
5.68061 0.0805978
5.68201 0.0419792
5.68201 0.0419792
5.68201 0.0419792
5.68236 0.0823307
5.68249 0.0421387
5.68249 0.0421387
5.68249 0.0424582
5.68265 0.0419787
5.68265 0.0422982
5.68265 0.0419787
5.68296 0.0422937
5.68296 0.0419742
5.68296 0.0419742
5.68524 0.0852126
5.68783 0.0878027
5.68815 0.0881223
5.68925 0.0892194
5.69171 0.0917007
5.69203 0.0920046
5.69419 0.0941592
5.69466 0.0946342
5.69498 0.0949537
5.69739 0.0973572
5.70135 0.101316
5.70198 0.101946
5.7021 0.0421024
5.7021 0.0421024
5.7021 0.0421024
5.70229 0.0419735
5.70229 0.0419735
5.70229 0.042293
5.70261 0.041969
5.70261 0.0422885
5.70261 0.041969
5.70292 0.042284
5.70292 0.0419645
5.70292 0.0419645
5.70324 0.103215
5.70366 0.103628
5.70513 0.105104
5.71098 0.110954
5.71759 0.117557
5.71791 0.117876
5.71823 0.118196
5.71823 0.118196
5.71926 0.119231
5.71958 0.11955
5.71993 0.119901
5.72025 0.12022
5.722 0.041991
5.722 0.041991
5.722 0.041991
5.72238 0.122348
5.72251 0.0421816
5.72251 0.0421816
5.72251 0.0425011
5.72263 0.0419904
5.72263 0.04231
5.72263 0.0419904
5.72295 0.0423055
5.72295 0.041986
5.72295 0.041986
5.72498 0.12495
5.72608 0.126047
5.73974 0.13971
5.74034 0.140309
5.74218 0.0421753
5.74231 0.0419842
5.74231 0.0419842
5.74231 0.0419842
5.74263 0.0419797
5.74263 0.0419797
5.74263 0.0422992
5.74294 0.0419752
5.74294 0.0422947
5.74294 0.0419752
5.74326 0.0422903
5.74326 0.0419707
5.74326 0.0419707
5.74476 0.0447361
5.74607 0.0460435
5.75047 0.0504377
5.75237 0.152343
5.75269 0.052663
5.75385 0.053828
5.75607 0.0560392
5.75713 0.0571052
5.75907 0.159041
5.76023 0.0602014
5.76123 0.0612052
5.76198 0.0419661
5.76198 0.0419661
5.76198 0.0419661
5.76243 0.0623996
5.76256 0.0422189
5.76256 0.0422189
5.76256 0.0425384
5.76269 0.0420278
5.76269 0.0423473
5.76269 0.0420278
5.76304 0.063007
5.76336 0.0633265
5.76336 0.0633265
5.76348 0.0428263
5.76348 0.0425068
5.76348 0.0425068
5.76421 0.0641787
5.76493 0.0649026
5.76746 0.0674321
5.76793 0.0679055
5.76841 0.0683805
5.76892 0.0688867
5.76948 0.069455
5.7698 0.069796
5.77012 0.0701104
5.77012 0.070094
5.77044 0.0704135
5.77076 0.070733
5.77076 0.070733
5.77108 0.0710525
5.7714 0.071372
5.77194 0.171908
5.77226 0.0722288
5.77283 0.0728183
5.77346 0.0734277
5.7739 0.0738986
5.77422 0.0742126
5.77469 0.0746944
5.77501 0.174985
5.77533 0.0753051
5.77572 0.0756869
5.7761 0.0760686
5.77667 0.0766369
5.77711 0.0770992
5.77855 0.0785387
5.77887 0.0788396
5.77887 0.0788396
5.77962 0.0795946
5.77994 0.0799141
5.78029 0.0802647
5.78061 0.0805831
5.78199 0.0419645
5.78199 0.0419645
5.78199 0.0419645
5.78249 0.0824629
5.78262 0.0422795
5.78262 0.0422795
5.78262 0.042599
5.78275 0.0420884
5.78275 0.0424079
5.78275 0.0420884
5.78297 0.0423101
5.78297 0.0419906
5.78297 0.0419906
5.78522 0.0851893
5.78765 0.0876239
5.78816 0.08813
5.78926 0.0892271
5.79169 0.091686
5.79201 0.0919812
5.79416 0.0941358
5.79467 0.094642
5.79499 0.0949615
5.79736 0.0973339
5.80145 0.101417
5.80201 0.101985
5.80214 0.0421188
5.80214 0.0421188
5.80214 0.0421188
5.80233 0.0419899
5.80233 0.0419899
5.80233 0.0423094
5.80265 0.0419854
5.80265 0.0423049
5.80265 0.0419854
5.80309 0.103063
5.80322 0.0425577
5.80322 0.0422382
5.80322 0.0422382
5.80366 0.103636
5.80504 0.105018
5.81096 0.110931
5.81766 0.117627
5.81797 0.117946
5.81829 0.118266
5.81829 0.118266
5.8193 0.119269
5.81962 0.119589
5.81962 0.119589
5.82019 0.120157
5.82199 0.0419678
5.82199 0.0419678
5.82199 0.0419678
5.82231 0.122285
5.82244 0.0420962
5.82244 0.0420962
5.82244 0.0424157
5.82263 0.0419673
5.82263 0.0422868
5.82263 0.0419673
5.82298 0.0423134
5.82298 0.0419939
5.82298 0.0419939
5.82498 0.124949
5.82607 0.126046
5.83977 0.13974
5.84034 0.140309
5.84221 0.0421833
5.84234 0.0419922
5.84234 0.0419922
5.84234 0.0419922
5.84266 0.0419877
5.84266 0.0419877
5.84266 0.0423072
5.84297 0.0419832
5.84297 0.0423027
5.84297 0.0419832
5.84329 0.0422982
5.84329 0.0419787
5.84329 0.0419787
5.84476 0.044744
5.84607 0.0460428
5.85046 0.050437
5.85234 0.152311
5.85266 0.0526312
5.85385 0.0538273
5.85607 0.0560384
5.85713 0.0571045
5.85904 0.159009
5.86023 0.0602007
5.86123 0.0612045
5.86198 0.041974
5.86198 0.041974
5.86198 0.041974
5.86243 0.0623989
5.86256 0.0422268
5.86256 0.0422268
5.86256 0.0425463
5.86268 0.0420357
5.86268 0.0423552
5.86268 0.0420357
5.86303 0.0630063
5.86335 0.0633258
5.86335 0.0633258
5.86348 0.0428342
5.86348 0.0425147
5.86348 0.0425147
5.86414 0.0641158
5.86493 0.0649019
5.86746 0.0674485
5.86793 0.0679048
5.86831 0.0682865
5.86894 0.0689171
5.86948 0.0694543
5.86983 0.069804
5.8704 0.0703929
5.87072 0.0706927
5.87072 0.0706927
5.87072 0.0706927
5.87104 0.0710123
5.87136 0.0713318
5.87136 0.0713318
5.8719 0.071869
5.87222 0.172188
5.87282 0.0728123
5.87357 0.0735429
5.87392 0.0738981
5.87424 0.0742121
5.87478 0.174749
5.87525 0.0752253
5.8757 0.0756692
5.87611 0.076082
5.87658 0.0765748
5.8769 0.0768766
5.87769 0.077667
5.87854 0.0785381
5.87886 0.0788304
5.87886 0.0788304
5.87958 0.0795543
5.87996 0.079936
5.88028 0.0802555
5.8806 0.0805825
5.88201 0.0419951
5.88201 0.0419951
5.88201 0.0419951
5.88233 0.0822982
5.88245 0.0421235
5.88245 0.0421235
5.88245 0.042443
5.88265 0.0419946
5.88265 0.0423141
5.88265 0.0419946
5.88296 0.0423096
5.88296 0.0419901
5.88296 0.0419901
5.88524 0.0852112
5.88783 0.0878013
5.88815 0.0881208
5.88934 0.0893112
5.89177 0.0917477
5.89209 0.0920653
5.89419 0.0941578
5.89466 0.0946328
5.89498 0.0949523
5.89738 0.0973558
5.9015 0.10147
5.90197 0.101945
5.9021 0.0420872
5.9021 0.0420872
5.9021 0.0420872
5.90232 0.0419894
5.90232 0.0419894
5.90232 0.0423089
5.90264 0.0419849
5.90264 0.0423044
5.90264 0.0419849
5.90308 0.103054
5.90321 0.0425572
5.90321 0.0422377
5.90321 0.0422377
5.90369 0.103657
5.905 0.104978
5.91098 0.110953
5.91758 0.117555
5.91803 0.117999
5.91835 0.118319
5.91835 0.118319
5.91907 0.119043
5.91939 0.119362
5.91971 0.119682
5.92018 0.120157
5.92199 0.0419757
5.92199 0.0419757
5.92199 0.0419757
5.92241 0.122377
5.92253 0.0421974
5.92253 0.0421974
5.92253 0.0425169
5.92266 0.0420063
5.92266 0.0423258
5.92266 0.0420063
5.92295 0.0422902
5.92295 0.0419707
5.92295 0.0419707
5.92501 0.124979
5.92607 0.126045
5.93977 0.13974
5.94034 0.140308
5.94218 0.0421601
5.94231 0.041969
5.94231 0.041969
5.94231 0.041969
5.94262 0.0419645
5.94262 0.0419645
5.94262 0.042284
5.94297 0.0419911
5.94297 0.0423106
5.94297 0.0419911
5.94328 0.0423061
5.94328 0.0419866
5.94328 0.0419866
5.94475 0.0447519
5.94607 0.0460421
5.95046 0.0504363
5.95237 0.152341
5.95269 0.0526616
5.95385 0.0538266
5.95606 0.0560377
5.95713 0.0571037
5.95907 0.15904
5.96023 0.0602
5.96123 0.0612038
5.96201 0.0419819
5.96201 0.0419819
5.96201 0.0419819
5.96243 0.0623982
5.96255 0.0422036
5.96255 0.0422036
5.96255 0.0425231
5.96268 0.0420125
5.96268 0.042332
5.96268 0.0420125
5.96303 0.0630055
5.96335 0.0633251
5.96335 0.0633251
5.96348 0.042811
5.96348 0.0424915
5.96348 0.0424915
5.96414 0.0641151
5.96493 0.0649012
5.96746 0.0674338
5.96793 0.0679041
5.96844 0.0684102
5.96891 0.0688852
5.96948 0.0694536
5.9698 0.0697808
5.97012 0.0700926
5.97059 0.0705676
5.97059 0.0705905
5.97091 0.0708871
5.97091 0.0708871
5.97123 0.0712066
5.97155 0.0715261
5.9719 0.0718768
5.97222 0.172195
5.97282 0.072818
5.97358 0.0735507
5.97393 0.0739145
5.97425 0.0742285
5.97479 0.174757
5.97529 0.0752641
5.9757 0.075677
5.97612 0.0760898
5.97656 0.0765325
5.97691 0.0768843
5.9776 0.0775901
5.97855 0.0785234
5.97887 0.0788382
5.97887 0.0788382
5.97946 0.0794376
5.97997 0.0799437
5.98032 0.0802944
5.98064 0.08063
5.98198 0.0419804
5.98198 0.0419804
5.98198 0.0419804
5.98233 0.0823059
5.98246 0.0421399
5.98246 0.0421399
5.98246 0.0424594
5.98262 0.0419799
5.98262 0.0422994
5.98262 0.0419799
5.98294 0.0422949
5.98294 0.0419754
5.98294 0.0419754
5.98521 0.0851879
5.98781 0.087778
5.98816 0.0881286
5.98925 0.0892257
5.99172 0.0917018
5.99204 0.0920109
5.99373 0.093699
5.99467 0.0946406
5.99499 0.0949601
5.99736 0.0973324
6.0015 0.101478
6.00195 0.101922
6.00208 0.0420725
6.00208 0.0420725
6.00208 0.0420725
6.0023 0.0419747
6.0023 0.0419747
6.0023 0.0422942
6.00261 0.0419702
6.00261 0.0422897
6.00261 0.0419702
6.00309 0.103062
6.00322 0.0425736
6.00322 0.0422541
6.00322 0.0422541
6.00366 0.103634
6.00501 0.104984
6.01092 0.110896
6.01762 0.117592
6.01794 0.117912
6.01826 0.118231
6.01826 0.118231
6.01908 0.119048
6.0194 0.119368
6.01971 0.119687
6.02019 0.120162
6.022 0.0419903
6.022 0.0419903
6.022 0.0419903
6.02244 0.122414
6.02257 0.0422431
6.02257 0.0422431
6.02257 0.0425626
6.0227 0.042052
6.0227 0.0423715
6.0227 0.042052
6.02295 0.0423048
6.02295 0.0419853
6.02295 0.0419853
6.02495 0.124923
6.02611 0.126082
6.03974 0.139714
6.04053 0.140501
6.04218 0.0421747
6.04294 0.0419706
6.04294 0.0422901
6.04294 0.0419706
6.04325 0.0422856
6.04325 0.0419661
6.04325 0.0419661
6.04476 0.0447314
6.04607 0.0460441
6.05046 0.0504382
6.05234 0.152312
6.05266 0.0526324
6.05382 0.0537974
6.05607 0.0560397
6.05713 0.0571057
6.05904 0.159011
6.06023 0.0602019
6.06123 0.0612057
6.06198 0.0419614
6.06198 0.0419614
6.06198 0.0419614
6.06243 0.0624001
6.06255 0.0422142
6.06255 0.0422142
6.06255 0.0425337
6.06268 0.0420231
6.06268 0.0423426
6.06268 0.0420231
6.063 0.0629764
6.06332 0.0632959
6.06332 0.0632959
6.06345 0.0427905
6.06345 0.042471
6.06345 0.042471
6.06411 0.0640859
6.0649 0.064872
6.06733 0.0673284
6.06793 0.067906
6.06841 0.068381
6.06891 0.0688872
6.06945 0.0694244
6.0698 0.0697914
6.07056 0.0705562
6.07088 0.0708495
6.07088 0.0708495
6.07088 0.0708495
6.0712 0.071169
6.0712 0.071169
6.07176 0.0717373
6.07208 0.0720568
6.07208 0.172056
6.07284 0.0728259
6.07356 0.0735575
6.07356 0.0735357
6.07413 0.0741204
6.07504 0.175014
6.07536 0.075334
6.07571 0.0756846
6.07606 0.0760352
6.07657 0.0765522
6.07689 0.0768609
6.07758 0.0775753
6.07861 0.0786019
6.07893 0.078908
6.07893 0.078908
6.07963 0.0796008
6.07995 0.0799203
6.0803 0.0802709
6.08062 0.0806152
6.08199 0.0419656
6.08199 0.0419656
6.08199 0.0419656
6.08231 0.0822825
6.08244 0.0420939
6.08244 0.0420939
6.08244 0.0424135
6.08263 0.041965
6.08263 0.0422845
6.08263 0.041965
6.08294 0.04228
6.08294 0.0419605
6.08294 0.0419605
6.08519 0.0851644
6.08763 0.087599
6.08813 0.0881051
6.08932 0.0892955
6.09176 0.0917492
6.09208 0.0920496
6.09367 0.0936444
6.09458 0.0945549
6.0949 0.0948744
6.09734 0.097309
6.10145 0.101423
6.10196 0.101929
6.10208 0.0420577
6.10208 0.0420577
6.10208 0.0420577
6.10231 0.0419598
6.10231 0.0419598
6.10231 0.0422794
6.10265 0.0419865
6.10265 0.042306
6.10265 0.0419865
6.10306 0.103038
6.10319 0.0425277
6.10319 0.0422082
6.10319 0.0422082
6.10367 0.103642
6.10501 0.104993
6.11096 0.110937
6.11766 0.117633
6.11798 0.117952
6.1183 0.118272
6.1183 0.118272
6.11905 0.119027
6.11937 0.119346
6.11969 0.119666
6.1202 0.120172
6.12201 0.0419773
6.12201 0.0419773
6.12201 0.0419773
6.12233 0.122299
6.12245 0.0421057
6.12245 0.0421057
6.12245 0.0424252
6.12264 0.0419768
6.12264 0.0422963
6.12264 0.0419768
6.12296 0.0422918
6.12296 0.0419723
6.12296 0.0419723
6.12499 0.124964
6.12599 0.125967
6.13972 0.139693
6.14041 0.140386
6.14216 0.0421617
6.14229 0.0419706
6.14229 0.0419706
6.14229 0.0419706
6.14261 0.0419661
6.14261 0.0419661
6.14261 0.0422856
6.14292 0.0419616
6.14292 0.0422811
6.14292 0.0419616
6.14327 0.0423077
6.14327 0.0419882
6.14327 0.0419882
6.14474 0.0447224
6.14605 0.0460264
6.15045 0.0504205
6.15232 0.152294
6.15264 0.0526148
6.15383 0.0538109
6.15605 0.056022
6.15714 0.0571191
6.15917 0.159149
6.16021 0.0601843
6.16121 0.0611881
6.162 0.0419835
6.162 0.0419835
6.162 0.0419835
6.16241 0.0623825
6.16254 0.0422052
6.16254 0.0422052
6.16254 0.0425247
6.16266 0.0420141
6.16266 0.0423336
6.16266 0.0420141
6.16302 0.0629898
6.16333 0.0633094
6.16333 0.0633094
6.16346 0.0428126
6.16346 0.0424931
6.16346 0.0424931
6.16412 0.0640994
6.16491 0.0648855
6.16744 0.0674212
6.16791 0.0678884
6.16839 0.0683634
6.1689 0.0688695
6.16946 0.0694379
6.16978 0.0697824
6.1701 0.0700769
6.17055 0.0705208
6.17087 0.0708387
6.17087 0.0708403
6.17119 0.0711598
6.17119 0.0711598
6.17175 0.0717282
6.17207 0.0720477
6.17207 0.172047
6.17283 0.0728133
6.17352 0.0735033
6.17384 0.0738149
6.17416 0.0741594
6.17501 0.174982
6.17533 0.0753022
6.17571 0.0756839
6.17606 0.0760345
6.17657 0.0765636
6.17689 0.0768601
6.1777 0.0776766
6.17855 0.0785476
6.17887 0.0788451
6.17887 0.0788451
6.17953 0.0795068
6.17985 0.0798263
6.18026 0.0802391
6.18058 0.0805609
6.18199 0.0419735
6.18199 0.0419735
6.18199 0.0419735
6.18231 0.0822817
6.18244 0.0421019
6.18244 0.0421019
6.18244 0.0424214
6.18263 0.041973
6.18263 0.0422925
6.18263 0.041973
6.18294 0.042288
6.18294 0.0419685
6.18294 0.0419685
6.18519 0.0851637
6.18787 0.0878471
6.18819 0.0881666
6.18948 0.0894504
6.19172 0.0916983
6.19204 0.0920145
6.19367 0.0936437
6.19461 0.0945853
6.19493 0.0949048
6.19733 0.0973083
6.20142 0.101391
6.20186 0.101835
6.20199 0.0419723
6.20199 0.0419723
6.20199 0.0419723
6.2023 0.0419678
6.2023 0.0419678
6.2023 0.0422873
6.20262 0.0419633
6.20262 0.0422828
6.20262 0.0419633
6.20293 0.0422783
6.20293 0.0419588
6.20293 0.0419588
6.20344 0.103415
6.20376 0.103734
6.20507 0.105055
6.21068 0.110656
6.21753 0.117508
6.21791 0.117889
6.21823 0.118209
6.21823 0.118209
6.21902 0.118995
6.21946 0.119439
6.22009 0.120069
6.22041 0.120389
6.222 0.0419852
6.222 0.0419852
6.222 0.0419852
6.22232 0.122299
6.22245 0.0421136
6.22245 0.0421136
6.22245 0.0424331
6.22264 0.0419847
6.22264 0.0423042
6.22264 0.0419847
6.22296 0.0422997
6.22296 0.0419802
6.22296 0.0419802
6.22499 0.124963
6.22612 0.126091
6.23972 0.139692
6.24032 0.140292
6.24219 0.0421696
6.24232 0.0419785
6.24232 0.0419785
6.24232 0.0419785
6.24264 0.041974
6.24264 0.041974
6.24264 0.0422935
6.24295 0.0419695
6.24295 0.042289
6.24295 0.0419695
6.24327 0.0422845
6.24327 0.041965
6.24327 0.041965
6.24474 0.0447303
6.24605 0.0460257
6.25044 0.0504198
6.25232 0.152294
6.25264 0.052614
6.25383 0.0538102
6.25605 0.0560213
6.25714 0.0571184
6.2592 0.159179
6.26021 0.0601836
6.26121 0.0611873
6.26196 0.0419603
6.26196 0.0419603
6.26196 0.0419603
6.26241 0.0623817
6.26253 0.0422131
6.26253 0.0422131
6.26253 0.0425327
6.26266 0.042022
6.26266 0.0423415
6.26266 0.042022
6.26301 0.0629891
6.26333 0.0633086
6.26333 0.0633086
6.26346 0.0428205
6.26346 0.042501
6.26346 0.042501
6.26412 0.0640987
6.26491 0.0648847
6.26772 0.0676865
6.26804 0.0680121
6.26836 0.0683316
6.26889 0.0688688
6.26946 0.0694372
6.26981 0.0697903
6.27013 0.0701073
6.27045 0.0704268
6.27077 0.0707463
6.27109 0.0710675
6.27109 0.0710658
6.27141 0.0713853
6.27185 0.0718292
6.27217 0.0721487
6.27217 0.172148
6.27284 0.072819
6.27359 0.0735654
6.27397 0.0739409
6.27429 0.0742691
6.27477 0.174741
6.27533 0.0753099
6.27569 0.0756605
6.27613 0.0761045
6.2766 0.0765835
6.27692 0.076899
6.27759 0.0775685
6.27856 0.0785329
6.27888 0.0788529
6.27888 0.0788529
6.27957 0.0795456
6.27989 0.0798651
6.28024 0.0802157
6.28056 0.0805462
6.28196 0.0419588
6.28196 0.0419588
6.28196 0.0419588
6.28228 0.0822584
6.28241 0.0420872
6.28241 0.0420872
6.28241 0.0424067
6.2826 0.0419583
6.2826 0.0422778
6.2826 0.0419583
6.28295 0.0423044
6.28295 0.0419849
6.28295 0.0419849
6.2852 0.0851715
6.28785 0.0878238
6.28817 0.0881433
6.2892 0.0891782
6.29167 0.0916491
6.29199 0.0919634
6.29414 0.094118
6.29462 0.094593
6.29494 0.0949125
6.29731 0.0972849
6.30136 0.101337
6.30196 0.101936
6.30209 0.042082
6.30209 0.042082
6.30209 0.042082
6.30231 0.0419842
6.30231 0.0419842
6.30231 0.0423037
6.30263 0.0419797
6.30263 0.0422992
6.30263 0.0419797
6.30294 0.0422947
6.30294 0.0419752
6.30294 0.0419752
6.30326 0.103236
6.30367 0.103649
6.30514 0.105125
6.31094 0.110913
6.31757 0.117547
6.31789 0.117866
6.31821 0.118186
6.31821 0.118186
6.31906 0.119034
6.31938 0.119353
6.32001 0.119984
6.32033 0.120303
6.32198 0.0419705
6.32198 0.0419705
6.32198 0.0419705
6.32233 0.122307
6.32246 0.04213
6.32246 0.04213
6.32246 0.0424495
6.32262 0.04197
6.32262 0.0422895
6.32262 0.04197
6.32293 0.042285
6.32293 0.0419655
6.32293 0.0419655
6.325 0.124971
6.32634 0.126317
6.33969 0.139669
6.34032 0.140299
6.34217 0.0421549
6.3423 0.0419638
6.3423 0.0419638
6.3423 0.0419638
6.34261 0.0419593
6.34261 0.0419593
6.34261 0.0422788
6.34296 0.0419859
6.34296 0.0423054
6.34296 0.0419859
6.34327 0.0423009
6.34327 0.0419814
6.34327 0.0419814
6.34477 0.0447467
6.34606 0.0460335
6.35045 0.0504276
6.35239 0.152364
6.35271 0.052684
6.35384 0.0538179
6.35605 0.0560291
6.35715 0.0571262
6.35918 0.159156
6.36022 0.0601913
6.36122 0.0611951
6.362 0.0419767
6.362 0.0419767
6.362 0.0419767
6.36241 0.0623895
6.36254 0.0421984
6.36254 0.0421984
6.36254 0.0425179
6.36267 0.0420073
6.36267 0.0423268
6.36267 0.0420073
6.36302 0.0629969
6.36334 0.0633164
6.36334 0.0633164
6.36347 0.0428058
6.36347 0.0424863
6.36347 0.0424863
6.36419 0.0641686
6.36492 0.0648925
6.36769 0.0676717
6.36801 0.0679887
6.36843 0.0684016
6.3689 0.0688766
6.36944 0.0694138
6.36982 0.0698067
6.37014 0.070115
6.37046 0.0704345
6.37078 0.070754
6.3711 0.0710701
6.3711 0.0710736
6.37142 0.0713931
6.37183 0.0718059
6.37215 0.0721254
6.37215 0.172125
6.37287 0.0728589
6.3736 0.0735731
6.37392 0.0738951
6.3743 0.0742855
6.37468 0.174655
6.37515 0.0751311
6.37569 0.0756683
6.3761 0.0760811
6.37652 0.07651
6.37684 0.0768135
6.37759 0.0775849
6.37856 0.0785493
6.37888 0.0788606
6.37888 0.0788606
6.37945 0.0794289
6.37987 0.0798418
6.38022 0.0801924
6.38054 0.0805315
6.382 0.0419752
6.382 0.0419752
6.382 0.0419752
6.38232 0.0822973
6.38245 0.0421036
6.38245 0.0421036
6.38245 0.0424231
6.38264 0.0419747
6.38264 0.0422942
6.38264 0.0419747
6.38296 0.0422897
6.38296 0.0419702
6.38296 0.0419702
6.3852 0.0851792
6.38764 0.0876138
6.38811 0.0880888
6.38921 0.0891859
6.39171 0.0916966
6.39203 0.0920022
6.39418 0.0941569
6.39459 0.0945697
6.39491 0.0948892
6.39732 0.0972927
6.40134 0.101314
6.40197 0.101944
6.4021 0.0420673
6.4021 0.0420673
6.4021 0.0420673
6.40232 0.0419695
6.40232 0.0419695
6.40232 0.042289
6.40263 0.041965
6.40263 0.0422845
6.40263 0.041965
6.40295 0.04228
6.40295 0.0419605
6.40295 0.0419605
6.40342 0.103399
6.40374 0.103719
6.40503 0.105008
6.41088 0.110858
6.41764 0.117617
6.41796 0.117936
6.41828 0.118256
6.41828 0.118256
6.41907 0.119042
6.41938 0.119361
6.42005 0.120023
6.42037 0.120342
6.42199 0.0419869
6.42199 0.0419869
6.42199 0.0419869
6.42231 0.122283
6.42244 0.0421153
6.42244 0.0421153
6.42244 0.0424348
6.42263 0.0419864
6.42263 0.0423059
6.42263 0.0419864
6.42294 0.0423014
6.42294 0.0419819
6.42294 0.0419819
6.425 0.124979
6.42607 0.126045
6.4397 0.139677
6.44039 0.140369
6.44217 0.0421713
6.4423 0.0419802
6.4423 0.0419802
6.4423 0.0419802
6.44262 0.0419757
6.44262 0.0419757
6.44262 0.0422952
6.44293 0.0419712
6.44293 0.0422907
6.44293 0.0419712
6.44325 0.0422862
6.44325 0.0419667
6.44325 0.0419667
6.44475 0.044732
6.44606 0.0460412
6.45046 0.0504353
6.45233 0.152309
6.45265 0.0526296
6.45381 0.0537946
6.45606 0.0560368
6.45713 0.0571028
6.45916 0.159132
6.46022 0.0601991
6.46119 0.0611718
6.46198 0.041962
6.46198 0.041962
6.46198 0.041962
6.46242 0.0623973
6.46255 0.0422148
6.46255 0.0422148
6.46255 0.0425343
6.46268 0.0420237
6.46268 0.0423432
6.46268 0.0420237
6.46303 0.0630046
6.46335 0.0633241
6.46335 0.0633241
6.46348 0.0428222
6.46348 0.0425027
6.46348 0.0425027
6.46411 0.0640831
6.46489 0.0648692
6.46776 0.0677504
6.46808 0.0680587
6.4684 0.0683782
6.46891 0.0688843
6.46944 0.0694216
6.4698 0.069792
6.47011 0.0700917
6.47043 0.0704112
6.47075 0.0707307
6.47107 0.0710726
6.47139 0.0713697
6.47139 0.0713697
6.47184 0.0718136
6.47216 0.0721331
6.47216 0.172132
6.47282 0.0727941
6.47357 0.0735498
6.47389 0.0738804
6.47431 0.0743019
6.47469 0.174663
6.47519 0.0751699
6.4757 0.0756761
6.47608 0.0760578
6.47662 0.0765921
6.47694 0.0769145
6.4776 0.0775702
6.47854 0.0785346
6.47886 0.0788373
6.47886 0.0788373
6.47946 0.0794367
6.47978 0.0797562
6.48022 0.0802001
6.48054 0.0805168
6.48198 0.0419605
6.48198 0.0419605
6.48198 0.0419605
6.4823 0.0822739
6.48243 0.0420889
6.48243 0.0420889
6.48243 0.0424084
6.48262 0.0419599
6.48262 0.0422795
6.48262 0.0419599
6.48296 0.0423061
6.48296 0.0419866
6.48296 0.0419866
6.48521 0.085187
6.48789 0.0878704
6.48821 0.0881899
6.48922 0.0891937
6.49168 0.0916819
6.492 0.0919789
6.49416 0.0941335
6.49457 0.0945463
6.49489 0.0948658
6.49732 0.0973004
6.50138 0.101352
6.50191 0.10189
6.50204 0.0420215
6.50204 0.0420215
6.50204 0.0420215
6.50232 0.0419859
6.50232 0.0419859
6.50232 0.0423054
6.50264 0.0419814
6.50264 0.0423009
6.50264 0.0419814
6.50315 0.103123
6.50327 0.0426159
6.50327 0.0422964
6.50327 0.0422964
6.50366 0.103633
6.505 0.104985
6.51086 0.110835
6.51759 0.117562
6.5179 0.117882
6.51822 0.118201
6.51822 0.118201
6.51904 0.119018
6.51939 0.119369
6.52027 0.120248
6.52059 0.120568
6.52199 0.0419722
6.52199 0.0419722
6.52199 0.0419722
6.52231 0.122291
6.52244 0.0421006
6.52244 0.0421006
6.52244 0.0424201
6.52263 0.0419717
6.52263 0.0422912
6.52263 0.0419717
6.52295 0.0422867
6.52295 0.0419672
6.52295 0.0419672
6.52495 0.124924
6.52598 0.125959
6.53971 0.139684
6.5404 0.140377
6.54218 0.0421566
6.54231 0.0419655
6.54231 0.0419655
6.54231 0.0419655
6.54262 0.041961
6.54262 0.041961
6.54262 0.0422805
6.54297 0.0419876
6.54297 0.0423071
6.54297 0.0419876
6.54329 0.0423026
6.54329 0.0419831
6.54329 0.0419831
6.54476 0.0447484
6.54607 0.046049
6.55043 0.050412
6.55231 0.152286
6.55263 0.0526062
6.55382 0.0538023
6.55607 0.0560446
6.55713 0.0571106
6.55919 0.159171
6.56023 0.0602068
6.5612 0.0611795
6.56198 0.0419784
6.56198 0.0419784
6.56198 0.0419784
6.56243 0.062405
6.56256 0.0422312
6.56256 0.0422312
6.56256 0.0425507
6.56268 0.0420401
6.56268 0.0423596
6.56268 0.0420401
6.563 0.0629813
6.56332 0.0633008
6.56332 0.0633008
6.56345 0.0428075
6.56345 0.042488
6.56345 0.042488
6.56411 0.0640908
6.5649 0.0648769
6.56774 0.0677356
6.56806 0.0680353
6.56838 0.0683549
6.56888 0.068861
6.56945 0.0694293
6.5698 0.0697773
6.57012 0.0700994
6.57044 0.0704189
6.57076 0.0707385
6.57108 0.0710752
6.5714 0.0713775
6.5714 0.0713775
6.57184 0.0718214
6.57216 0.0721409
6.57216 0.17214
6.57282 0.0727984
6.57358 0.0735575
6.5739 0.0738968
6.57422 0.0741939
6.57469 0.174671
6.57517 0.0751466
6.57571 0.0756838
6.57606 0.0760344
6.57659 0.0765808
6.57691 0.0768912
6.57758 0.0775555
6.57858 0.078551
6.5789 0.0788761
6.5789 0.0788761
6.57956 0.0795378
6.57988 0.0798573
6.58032 0.0803012
6.58064 0.0806265
6.58198 0.0419769
6.58198 0.0419769
6.58198 0.0419769
6.58246 0.0824372
6.58259 0.0422608
6.58259 0.0422608
6.58259 0.0425803
6.58272 0.0420697
6.58272 0.0423892
6.58272 0.0420697
6.58294 0.0422914
6.58294 0.0419719
6.58294 0.0419719
6.58522 0.0851947
6.5879 0.0878781
6.58822 0.0881976
6.58922 0.0892014
6.59169 0.0916672
6.59201 0.0919866
6.59416 0.0941413
6.59461 0.0945852
6.59493 0.0949047
6.59733 0.0973082
6.60135 0.101329
6.60195 0.101929
6.60208 0.042069
6.60208 0.042069
6.60208 0.042069
6.6023 0.0419712
6.6023 0.0419712
6.6023 0.0422907
6.60262 0.0419667
6.60262 0.0422862
6.60262 0.0419667
6.60293 0.0422817
6.60293 0.0419622
6.60293 0.0419622
6.60325 0.103228
6.60366 0.103641
6.60498 0.104961
6.61096 0.110936
6.61759 0.11757
6.61791 0.117889
6.61823 0.118209
6.61823 0.118209
6.61905 0.119026
6.6194 0.119377
6.62025 0.120225
6.62057 0.120544
6.62197 0.0419575
6.62197 0.0419575
6.62197 0.0419575
6.62232 0.122299
6.62245 0.042117
6.62245 0.042117
6.62245 0.0424365
6.62264 0.0419881
6.62264 0.0423076
6.62264 0.0419881
6.62295 0.0423031
6.62295 0.0419836
6.62295 0.0419836
6.62495 0.124932
6.62621 0.126184
6.63971 0.139692
6.64041 0.140385
6.64219 0.042173
6.64232 0.0419819
6.64232 0.0419819
6.64232 0.0419819
6.64263 0.0419774
6.64263 0.0419774
6.64263 0.0422969
6.64295 0.0419729
6.64295 0.0422924
6.64295 0.0419729
6.64326 0.0422879
6.64326 0.0419684
6.64326 0.0419684
6.64476 0.0447337
6.64605 0.0460256
6.65044 0.0504198
6.65232 0.152294
6.65264 0.052614
6.65383 0.0538101
6.65604 0.0560212
6.65714 0.0571183
6.6592 0.159179
6.6602 0.0601835
6.66121 0.0611873
6.66199 0.0419637
6.66199 0.0419637
6.66199 0.0419637
6.6624 0.0623817
6.66253 0.0421854
6.66253 0.0421854
6.66253 0.0425049
6.66266 0.0419943
6.66266 0.0423138
6.66266 0.0419943
6.66301 0.062989
6.66333 0.0633086
6.66333 0.0633086
6.66346 0.0427928
6.66346 0.0424733
6.66346 0.0424733
6.66412 0.0640986
6.66491 0.0648847
6.66771 0.0676898
6.66803 0.068012
6.66835 0.0683315
6.66889 0.0688687
6.66946 0.0694371
6.66981 0.0697937
6.67013 0.0701072
6.67045 0.0704267
6.67077 0.0707462
6.67109 0.0710778
6.67109 0.0710657
6.67141 0.0713852
6.67185 0.0718291
6.67217 0.0721487
6.67217 0.172148
6.6728 0.0727958
6.67356 0.0735342
6.67388 0.073851
6.67426 0.0742414
6.67479 0.174772
6.67514 0.0751232
6.67568 0.0756605
6.67613 0.0761044
6.67657 0.0765696
6.67689 0.0768678
6.67758 0.0775719
6.67855 0.0785363
6.67887 0.0788528
6.67887 0.0788528
6.67957 0.0795455
6.67995 0.0799272
6.68027 0.0802467
6.68059 0.0805807
6.68199 0.0419622
6.68199 0.0419622
6.68199 0.0419622
6.68231 0.0822894
6.68244 0.0420905
6.68244 0.0420905
6.68244 0.0424101
6.68263 0.0419616
6.68263 0.0422811
6.68263 0.0419616
6.68294 0.0422767
6.68294 0.0419571
6.68294 0.0419571
6.68516 0.0851403
6.68791 0.0878859
6.68823 0.0882054
6.6892 0.0891781
6.6917 0.0916836
6.69202 0.0919944
6.69414 0.0941179
6.69461 0.0945929
6.69493 0.0949125
6.69731 0.0972848
6.70136 0.101337
6.70193 0.101905
6.70205 0.0420543
6.70205 0.0420543
6.70205 0.0420543
6.70231 0.0419876
6.70231 0.0419876
6.70231 0.0423071
6.70262 0.0419831
6.70262 0.0423026
6.70262 0.0419831
6.70297 0.102952
6.7031 0.0424621
6.7031 0.0421426
6.7031 0.0421426
6.70367 0.103649
6.70502 0.105
6.71087 0.110851
6.71769 0.117671
6.71801 0.11799
6.71801 0.11799
6.71833 0.11831
6.71906 0.119034
6.71937 0.119353
6.72022 0.120202
6.72054 0.120521
6.72198 0.0419739
6.72198 0.0419739
6.72198 0.0419739
6.72233 0.122306
6.72246 0.0421334
6.72246 0.0421334
6.72246 0.0424529
6.72262 0.0419734
6.72262 0.0422929
6.72262 0.0419734
6.72293 0.0422884
6.72293 0.0419689
6.72293 0.0419689
6.72496 0.12494
6.72603 0.126006
6.73969 0.139669
6.74032 0.140299
6.74216 0.0421583
6.74229 0.0419672
6.74229 0.0419672
6.74229 0.0419672
6.74261 0.0419627
6.74261 0.0419627
6.74261 0.0422822
6.74292 0.0419582
6.74292 0.0422777
6.74292 0.0419582
6.74327 0.0423043
6.74327 0.0419848
6.74327 0.0419848
6.74477 0.0447501
6.74605 0.0460334
6.75045 0.0504275
6.75232 0.152301
6.75264 0.0526217
6.75383 0.0538178
6.75605 0.056029
6.75715 0.0571261
6.75918 0.159156
6.76021 0.0601912
6.76122 0.061195
6.762 0.0419801
6.762 0.0419801
6.762 0.0419801
6.76241 0.0623894
6.76254 0.0422018
6.76254 0.0422018
6.76254 0.0425213
6.76267 0.0420107
6.76267 0.0423302
6.76267 0.0420107
6.76302 0.0629968
6.76334 0.0633163
6.76334 0.0633163
6.76347 0.0428092
6.76347 0.0424897
6.76347 0.0424897
6.76413 0.0641064
6.76491 0.0648924
6.76769 0.0676751
6.76801 0.0679886
6.76839 0.0683704
6.7689 0.0688765
6.76943 0.0694137
6.76978 0.069779
6.7701 0.0700838
6.77042 0.0704034
6.77074 0.0707229
6.77106 0.0710493
6.77138 0.0713619
6.77138 0.0713619
6.77183 0.0718058
6.77215 0.0721253
6.77215 0.172124
6.77284 0.0728243
6.77356 0.0735419
6.77388 0.0738674
6.7742 0.0741956
6.77471 0.174686
6.77528 0.0752554
6.77569 0.0756682
6.77607 0.0760499
6.77658 0.0765584
6.7769 0.0768756
6.77756 0.0775572
6.77856 0.0785527
6.77888 0.0788605
6.77888 0.0788605
6.77945 0.0794289
6.77977 0.0797484
6.78031 0.0802856
6.78063 0.0805971
6.782 0.0419786
6.782 0.0419786
6.782 0.0419786
6.78238 0.0823594
6.78251 0.0421692
6.78251 0.0421692
6.78251 0.0424887
6.78264 0.041978
6.78264 0.0422975
6.78264 0.041978
6.78295 0.042293
6.78295 0.0419735
6.78295 0.0419735
6.78517 0.085148
6.78779 0.0877692
6.78811 0.0880887
6.78921 0.0891858
6.7917 0.0917
6.79202 0.0920021
6.79412 0.0940946
6.79459 0.0945696
6.79491 0.0948891
6.79731 0.0972926
6.80133 0.101313
6.8019 0.101882
6.80203 0.0420084
6.80203 0.0420084
6.80203 0.0420084
6.80231 0.0419728
6.80231 0.0419728
6.80231 0.0422924
6.80263 0.0419684
6.80263 0.0422879
6.80263 0.0419684
6.8031 0.103084
6.80323 0.0425718
6.80323 0.0422523
6.80323 0.0422523
6.80365 0.103625
6.80502 0.105008
6.81094 0.110921
6.81757 0.117554
6.81793 0.117905
6.81824 0.118224
6.81824 0.118224
6.81903 0.11901
6.81935 0.11933
6.82023 0.120209
6.82055 0.120529
6.82198 0.0419592
6.82198 0.0419592
6.82198 0.0419592
6.8223 0.122283
6.82243 0.0420876
6.82243 0.0420876
6.82243 0.0424071
6.82262 0.0419587
6.82262 0.0422782
6.82262 0.0419587
6.82297 0.0423048
6.82297 0.0419853
6.82297 0.0419853
6.82497 0.124947
6.826 0.125982
6.8397 0.139676
6.84033 0.140307
6.8422 0.0421747
6.84233 0.0419836
6.84233 0.0419836
6.84233 0.0419836
6.84265 0.0419791
6.84265 0.0419791
6.84265 0.0422986
6.84296 0.0419746
6.84296 0.0422941
6.84296 0.0419746
6.84328 0.0422896
6.84328 0.0419701
6.84328 0.0419701
6.84475 0.0447354
6.84606 0.0460411
6.85046 0.0504353
6.85236 0.15234
6.85268 0.0526606
6.85381 0.0537945
6.85606 0.0560367
6.85712 0.0571027
6.85915 0.159132
6.86022 0.060199
6.86119 0.0611717
6.86197 0.0419654
6.86197 0.0419654
6.86197 0.0419654
6.86242 0.0623972
6.86255 0.0422182
6.86255 0.0422182
6.86255 0.0425377
6.86267 0.0420271
6.86267 0.0423466
6.86267 0.0420271
6.86302 0.0630046
6.86334 0.0633241
6.86334 0.0633241
6.86347 0.0428256
6.86347 0.0425061
6.86347 0.0425061
6.8641 0.064083
6.86489 0.0648691
6.8677 0.0676915
6.86802 0.0679964
6.86834 0.0683159
6.86897 0.0689465
6.86944 0.0694215
6.86979 0.0697643
6.87011 0.0700916
6.87043 0.0704111
6.87075 0.0707306
6.87107 0.0710518
6.87107 0.0710501
6.87139 0.0713696
6.87183 0.0718136
6.87215 0.0721331
6.87215 0.172132
6.87285 0.0728217
6.87357 0.0735497
6.87389 0.0738838
6.87427 0.0742431
6.87471 0.174694
6.87519 0.0751698
6.8757 0.075676
6.87614 0.0761199
6.87655 0.0765471
6.87687 0.0768522
6.8776 0.0775736
6.87857 0.078538
6.87889 0.0788683
6.87889 0.0788683
6.87949 0.0794677
6.87996 0.0799428
6.88028 0.0802623
6.8806 0.0805824
6.88197 0.0419638
6.88197 0.0419638
6.88197 0.0419638
6.88229 0.0822738
6.88242 0.0420922
6.88242 0.0420922
6.88242 0.0424117
6.88261 0.0419633
6.88261 0.0422828
6.88261 0.0419633
6.88293 0.0422783
6.88293 0.0419588
6.88293 0.0419588
6.88518 0.0851558
6.88786 0.0878392
6.88818 0.0881587
6.88921 0.0891936
6.89168 0.0916542
6.892 0.0919788
6.89412 0.0941023
6.89457 0.0945462
6.89489 0.0948658
6.89732 0.0973003
6.90134 0.101321
6.90197 0.101952
6.9021 0.0420871
6.9021 0.0420871
6.9021 0.0420871
6.90229 0.0419581
6.90229 0.0419581
6.90229 0.0422776
6.90264 0.0419848
6.90264 0.0423043
6.90264 0.0419848
6.90308 0.103061
6.90321 0.0425571
6.90321 0.0422376
6.90321 0.0422376
6.90365 0.103633
6.90512 0.105109
6.91089 0.110866
6.91761 0.117593
6.91793 0.117913
6.91825 0.118232
6.91825 0.118232
6.91907 0.119049
6.91939 0.119369
6.92024 0.120217
6.92056 0.120537
6.92199 0.0419756
6.92199 0.0419756
6.92199 0.0419756
6.92231 0.122291
6.92244 0.042104
6.92244 0.042104
6.92244 0.0424235
6.92263 0.0419751
6.92263 0.0422946
6.92263 0.0419751
6.92294 0.0422901
6.92294 0.0419706
6.92294 0.0419706
6.92494 0.124924
6.92598 0.125959
6.9397 0.139684
6.94043 0.140408
6.94218 0.04216
6.94231 0.0419689
6.94231 0.0419689
6.94231 0.0419689
6.94262 0.0419644
6.94262 0.0419644
6.94262 0.0422839
6.94294 0.0419599
6.94294 0.0422794
6.94294 0.0419599
6.94328 0.042306
6.94328 0.0419865
6.94328 0.0419865
6.94475 0.0447518
6.94607 0.0460489
6.95043 0.0504119
6.95231 0.152286
6.95263 0.0526061
6.95382 0.0538022
6.95606 0.0560445
6.95713 0.0571105
6.95916 0.15914
6.96023 0.0602067
6.9612 0.0611794
6.96201 0.0419818
6.96201 0.0419818
6.96201 0.0419818
6.96242 0.0624049
6.96255 0.0422035
6.96255 0.0422035
6.96255 0.042523
6.96268 0.0420124
6.96268 0.0423319
6.96268 0.0420124
6.963 0.0629812
6.96332 0.0633007
6.96332 0.0633007
6.96345 0.0427798
6.96345 0.0424603
6.96345 0.0424603
6.96417 0.064153
6.9649 0.0648768
6.9677 0.0676768
6.96802 0.0680042
6.96834 0.0683237
6.96888 0.0688609
6.96945 0.0694292
6.9698 0.0697807
6.97012 0.0700994
6.97044 0.0704189
6.97076 0.0707384
6.97108 0.0710544
6.97108 0.0710579
6.9714 0.0713774
6.97184 0.0718213
6.97216 0.0721408
6.97216 0.17214
6.97285 0.072841
6.97361 0.0735885
6.97393 0.0739002
6.97428 0.0742595
6.97469 0.174671
6.97529 0.0752709
6.9757 0.0756837
6.97612 0.0760965
6.97656 0.0765359
6.97688 0.07686
6.97757 0.0775589
6.97854 0.0785233
6.97886 0.0788449
6.97886 0.0788449
6.97946 0.0794444
6.97994 0.0799194
6.98029 0.08027
6.98061 0.0805988
6.98198 0.0419802
6.98198 0.0419802
6.98198 0.0419802
6.9823 0.0822816
6.98243 0.0421086
6.98243 0.0421086
6.98243 0.0424281
6.98262 0.0419797
6.98262 0.0422992
6.98262 0.0419797
6.98293 0.0422947
6.98293 0.0419752
6.98293 0.0419752
6.98521 0.0851946
6.98765 0.0876292
6.98809 0.0880731
6.98919 0.0891702
6.99169 0.0916706
6.99201 0.0919865
6.99416 0.0941412
6.99457 0.094554
6.99489 0.0948735
6.99733 0.0973081
7.00144 0.101422
7.00192 0.101897
7.00204 0.0420412
7.00204 0.0420412
7.00204 0.0420412
7.0023 0.0419745
7.0023 0.0419745
7.0023 0.042294
7.00261 0.04197
7.00261 0.0422896
7.00261 0.04197
7.00293 0.0422851
7.00293 0.0419656
7.00293 0.0419656
7.00334 0.103321
7.00366 0.103641
7.00504 0.105022
7.01086 0.110841
7.01756 0.117537
7.01791 0.117888
7.01823 0.118207
7.01823 0.118207
7.01904 0.119024
7.01939 0.119375
7.02015 0.12013
7.02047 0.120449
7.02197 0.0419592
7.02197 0.0419592
7.02197 0.0419592
7.02232 0.122297
7.02244 0.0421187
7.02244 0.0421187
7.02244 0.0424382
7.0226 0.0419586
7.0226 0.0422782
7.0226 0.0419586
7.02295 0.0423048
7.02295 0.0419853
7.02295 0.0419853
7.02495 0.12493
7.0262 0.126183
7.03971 0.13969
7.0404 0.140383
7.04218 0.0421746
7.04294 0.0419706
7.04294 0.0422901
7.04294 0.0419706
7.04325 0.0422856
7.04325 0.0419661
7.04325 0.0419661
7.04472 0.0447003
7.04604 0.0460198
7.05043 0.050414
7.05231 0.152288
7.05263 0.0526082
7.05382 0.0538043
7.05606 0.0560466
7.05713 0.0571126
7.05916 0.159142
7.0602 0.0601777
7.0612 0.0611815
7.06198 0.0419614
7.06198 0.0419614
7.06198 0.0419614
7.06239 0.0623759
7.06252 0.0421831
7.06252 0.0421831
7.06252 0.0425026
7.06265 0.041992
7.06265 0.0423115
7.06265 0.041992
7.06297 0.0629522
7.06329 0.0632717
7.06329 0.0632717
7.06342 0.0427594
7.06342 0.0424399
7.06342 0.0424399
7.06408 0.0640617
7.06487 0.0648478
7.06767 0.0676564
7.06799 0.0679751
7.06841 0.0683879
7.06888 0.068863
7.06945 0.0694313
7.06986 0.0698536
7.07018 0.0701636
7.07053 0.0705142
7.07095 0.0709184
7.07126 0.0712466
7.07126 0.0712466
7.07126 0.0712466
7.0718 0.0717838
7.07212 0.172102
7.07212 0.0721033
7.07285 0.0728151
7.07357 0.073551
7.07389 0.0738713
7.07421 0.0741995
7.07471 0.174695
7.07516 0.0751401
7.0757 0.0756773
7.07608 0.076059
7.07658 0.0765727
7.0769 0.0768847
7.07763 0.0776233
7.07854 0.0785255
7.07886 0.0788385
7.07886 0.0788385
7.07955 0.0795313
7.07987 0.0798508
7.08031 0.0802947
7.08063 0.0806321
7.08197 0.0419514
7.08197 0.0419514
7.08197 0.0419514
7.08229 0.0822752
7.08242 0.0420798
7.08242 0.0420798
7.08242 0.0423993
7.08261 0.0419509
7.08261 0.0422704
7.08261 0.0419509
7.08296 0.042297
7.08296 0.0419775
7.08296 0.0419775
7.08518 0.0851571
7.08792 0.0879027
7.08824 0.0882223
7.08918 0.0891638
7.09165 0.0916417
7.09197 0.091949
7.09415 0.0941348
7.09457 0.0945476
7.09489 0.0948671
7.09729 0.0972706
7.10134 0.101323
7.10188 0.10186
7.10201 0.0419813
7.10201 0.0419813
7.10201 0.0419813
7.10232 0.0419768
7.10232 0.0419768
7.10232 0.0422963
7.10264 0.0419723
7.10264 0.0422918
7.10264 0.0419723
7.10311 0.103093
7.10324 0.0425757
7.10324 0.0422562
7.10324 0.0422562
7.10365 0.103634
7.10497 0.104955
7.11098 0.110961
7.11764 0.117626
7.11796 0.117945
7.11828 0.118265
7.11828 0.118265
7.11907 0.119051
7.11939 0.11937
7.12021 0.120187
7.12052 0.120507
7.12199 0.0419631
7.12199 0.0419631
7.12199 0.0419631
7.12231 0.122292
7.12244 0.0420915
7.12244 0.0420915
7.12244 0.042411
7.12263 0.0419626
7.12263 0.0422821
7.12263 0.0419626
7.12294 0.0422776
7.12294 0.0419581
7.12294 0.0419581
7.12497 0.124956
7.12632 0.126302
7.13967 0.139654
7.1404 0.140378
7.14218 0.0421475
7.14231 0.0422759
7.14231 0.0422759
7.14231 0.0419564
7.14231 0.0419564
7.14231 0.0419564
7.14262 0.0419519
7.14262 0.0419519
7.14262 0.0422714
7.14297 0.0419785
7.14297 0.042298
7.14297 0.0419785
7.14472 0.0447127
7.14603 0.0460152
7.15043 0.0504093
7.1523 0.152283
7.15262 0.0526035
7.15381 0.0537996
7.15606 0.0560419
7.15713 0.0571079
7.15919 0.159168
7.16019 0.060173
7.16116 0.0611457
7.16207 0.0620562
7.1622 0.0422
7.1622 0.0422
7.1622 0.0422
7.16233 0.0420089
7.16233 0.0420089
7.16233 0.0423284
7.16261 0.0419733
7.16261 0.0422928
7.16261 0.0419733
7.163 0.0629786
7.163 0.0629786
7.16332 0.0632981
7.16344 0.0428029
7.16344 0.0424834
7.16344 0.0424834
7.16411 0.0640881
7.16489 0.0648742
7.16767 0.0676604
7.16799 0.0679704
7.16831 0.0682899
7.16888 0.0688583
7.16944 0.0694266
7.16979 0.0697642
7.17011 0.0700967
7.17053 0.0705095
7.17094 0.0709397
7.17126 0.0712419
7.17126 0.0712419
7.17126 0.0712419
7.17158 0.0715614
7.1719 0.0718809
7.17222 0.1722
7.17288 0.0728729
7.1732 0.0731816
7.17386 0.0738527
7.17421 0.0741808
7.17453 0.0745018
7.17485 0.174832
7.17517 0.0751523
7.17568 0.0756585
7.17615 0.0761335
7.17672 0.0767018
7.17704 0.0770137
7.17854 0.078538
7.17886 0.0788423
7.17886 0.0788423
7.17955 0.0795351
7.17987 0.0798546
7.18019 0.0801695
7.18051 0.0804936
7.18198 0.0419723
7.18198 0.0419723
7.18198 0.0419723
7.1823 0.082279
7.18242 0.0421007
7.18242 0.0421007
7.18242 0.0424202
7.18262 0.0419717
7.18262 0.0422913
7.18262 0.0419717
7.18293 0.0422868
7.18293 0.0419673
7.18293 0.0419673
7.18512 0.0850987
7.18792 0.0879065
7.18824 0.088226
7.18928 0.0892609
7.19165 0.0916231
7.19197 0.0919528
7.19406 0.0940452
7.19457 0.0945514
7.19489 0.0948709
7.19732 0.0973055
7.20137 0.101357
7.20194 0.101926
7.20207 0.0420644
7.20207 0.0420644
7.20207 0.0420644
7.20229 0.0419666
7.20229 0.0419666
7.20229 0.0422861
7.20261 0.0419621
7.20261 0.0422816
7.20261 0.0419621
7.20292 0.0422771
7.20292 0.0419576
7.20292 0.0419576
7.20324 0.103225
7.20369 0.103669
7.20497 0.104959
7.2108 0.110778
7.21762 0.117598
7.21794 0.117918
7.21825 0.118237
7.21825 0.118237
7.21904 0.119023
7.21936 0.119343
7.22012 0.120098
7.22043 0.120417
7.22196 0.0419529
7.22196 0.0419529
7.22196 0.0419529
7.22234 0.122327
7.22247 0.0421435
7.22247 0.0421435
7.22247 0.042463
7.2226 0.0419524
7.2226 0.0422719
7.2226 0.0419524
7.22295 0.0422985
7.22295 0.041979
7.22295 0.041979
7.22501 0.124991
7.22601 0.125995
7.23964 0.139627
7.2404 0.140382
7.24218 0.0421684
7.24231 0.0422968
7.24231 0.0422968
7.24231 0.0419773
7.24231 0.0419773
7.24231 0.0419773
7.24262 0.0419728
7.24262 0.0419728
7.24262 0.0422923
7.24294 0.0419683
7.24294 0.0422878
7.24294 0.0419683
7.24472 0.0447025
7.24604 0.0460189
7.25043 0.0504131
7.2523 0.152287
7.25262 0.0526073
7.25381 0.0538034
7.25603 0.0560146
7.25713 0.0571117
7.25919 0.159172
7.26019 0.0601768
7.26117 0.0611495
7.26198 0.0419636
7.26198 0.0419636
7.26198 0.0419636
7.2623 0.0622817
7.26243 0.042092
7.26243 0.042092
7.26243 0.0424115
7.26262 0.0419631
7.26262 0.0422826
7.26262 0.0419631
7.263 0.0629824
7.26332 0.0633019
7.26332 0.0633019
7.26345 0.0427927
7.26345 0.0424732
7.26345 0.0424732
7.26411 0.0640919
7.26486 0.0648469
7.26767 0.0676417
7.26799 0.0679742
7.26831 0.0682937
7.26888 0.0688621
7.26942 0.0693993
7.2698 0.0697766
7.27012 0.0701005
7.2705 0.0704822
7.27082 0.0708138
7.27114 0.0711212
7.27114 0.0711212
7.27114 0.0711212
7.27149 0.0714719
7.27181 0.0717914
7.27213 0.17211
7.27282 0.0728124
7.27314 0.0731231
7.27386 0.073834
7.27418 0.0741621
7.2745 0.0744951
7.27482 0.174805
7.27517 0.0751561
7.27568 0.0756622
7.27609 0.0760751
7.27672 0.0767056
7.27704 0.0770346
7.27857 0.0785504
7.27889 0.0788772
7.27889 0.0788772
7.27943 0.0794144
7.27975 0.0797339
7.28016 0.0801593
7.28048 0.0804663
7.28198 0.0419621
7.28198 0.0419621
7.28198 0.0419621
7.2823 0.0822827
7.28243 0.0420904
7.28243 0.0420904
7.28243 0.0424099
7.28262 0.0419615
7.28262 0.042281
7.28262 0.0419615
7.28293 0.0422765
7.28293 0.041957
7.28293 0.041957
7.28512 0.0851025
7.28777 0.0877548
7.28809 0.0880743
7.28928 0.0892647
7.29165 0.0916355
7.29197 0.0919566
7.29413 0.0941112
7.2946 0.0945863
7.29492 0.0949058
7.29729 0.0972781
7.30135 0.10133
7.30188 0.101867
7.30201 0.0419919
7.30201 0.0419919
7.30201 0.0419919
7.3023 0.0419563
7.3023 0.0419563
7.3023 0.0422759
7.30261 0.0419519
7.30261 0.0422714
7.30261 0.0419519
7.30296 0.042298
7.30296 0.0419785
7.30296 0.0419785
7.30328 0.10326
7.30363 0.103611
7.30497 0.104963
7.3108 0.110782
7.31762 0.117602
7.31794 0.117922
7.31826 0.118241
7.31826 0.118241
7.31904 0.119027
7.31936 0.119347
7.32009 0.12007
7.32041 0.12039
7.322 0.0419738
7.322 0.0419738
7.322 0.0419738
7.32235 0.122331
7.32248 0.0421333
7.32248 0.0421333
7.32248 0.0424528
7.32264 0.0419733
7.32264 0.0422928
7.32264 0.0419733
7.32295 0.0422883
7.32295 0.0419688
7.32295 0.0419688
7.32532 0.125306
7.32608 0.126061
7.33965 0.139631
7.34037 0.140355
7.34218 0.0421582
7.34231 0.0422866
7.34231 0.0422866
7.34231 0.0419671
7.34231 0.0419671
7.34231 0.0419671
7.34263 0.0419626
7.34263 0.0419626
7.34263 0.0422821
7.34294 0.0419581
7.34294 0.0422776
7.34294 0.0419581
7.34472 0.0447234
7.34604 0.0460227
7.35043 0.0504168
7.35231 0.152291
7.35263 0.0526111
7.35382 0.0538072
7.35603 0.0560183
7.35713 0.0571154
7.35901 0.158989
7.3602 0.0601806
7.36117 0.0611533
7.36198 0.0419534
7.36198 0.0419534
7.36198 0.0419534
7.3623 0.0622854
7.36243 0.0420818
7.36243 0.0420818
7.36243 0.0424013
7.36262 0.0419529
7.36262 0.0422724
7.36262 0.0419529
7.363 0.0629861
7.36332 0.0633057
7.36332 0.0633057
7.36345 0.0427825
7.36345 0.042463
7.36345 0.042463
7.36408 0.0640646
7.36487 0.0648507
7.36774 0.0677163
7.36806 0.0680402
7.36838 0.0683597
7.36885 0.0688347
7.36942 0.0694031
7.36977 0.069758
7.37009 0.0700732
7.37009 0.0700732
7.3705 0.070486
7.37095 0.0709369
7.37127 0.0712494
7.37127 0.0712494
7.37158 0.0715689
7.3719 0.0718885
7.37222 0.172207
7.37292 0.0728855
7.37324 0.0732202
7.37393 0.0739086
7.37425 0.0742368
7.37457 0.0745505
7.37489 0.174871
7.37521 0.075191
7.37568 0.075666
7.37613 0.07611
7.3766 0.076585
7.37692 0.0768999
7.37855 0.0785317
7.37887 0.0788499
7.37887 0.0788499
7.37943 0.0794182
7.37975 0.0797377
7.38032 0.0803061
7.38064 0.0806241
7.38198 0.0419518
7.38198 0.0419518
7.38198 0.0419518
7.3823 0.0822865
7.38243 0.0420802
7.38243 0.0420802
7.38243 0.0423997
7.38262 0.0419513
7.38262 0.0422708
7.38262 0.0419513
7.38297 0.0422974
7.38297 0.0419779
7.38297 0.0419779
7.38512 0.0851063
7.38712 0.0871054
7.38806 0.088047
7.38916 0.0891441
7.39166 0.0916479
7.39198 0.0919604
7.39407 0.0940528
7.39454 0.0945278
7.39486 0.0948473
7.39727 0.0972508
7.40135 0.101334
7.40192 0.101902
7.40205 0.0420439
7.40205 0.0420439
7.40205 0.0420439
7.4023 0.0419772
7.4023 0.0419772
7.4023 0.0422967
7.40261 0.0419727
7.40261 0.0422922
7.40261 0.0419727
7.40293 0.102918
7.40306 0.0424206
7.40306 0.0421011
7.40306 0.0421011
7.40369 0.103677
7.40498 0.104966
7.41083 0.110817
7.41768 0.117668
7.418 0.117988
7.41832 0.118307
7.41832 0.118307
7.41902 0.119
7.4194 0.119381
7.42028 0.120261
7.4206 0.12058
7.42197 0.0419636
7.42197 0.0419636
7.42197 0.0419636
7.42238 0.122366
7.42251 0.0421853
7.42251 0.0421853
7.42251 0.0425048
7.42264 0.0419942
7.42264 0.0423137
7.42264 0.0419942
7.42292 0.0422781
7.42292 0.0419586
7.42292 0.0419586
7.42505 0.12503
7.42608 0.126065
7.43968 0.139666
7.44037 0.140359
7.44216 0.042148
7.44228 0.0422763
7.44228 0.0422763
7.44228 0.0419568
7.44228 0.0419568
7.44228 0.0419568
7.4426 0.0419523
7.4426 0.0419523
7.4426 0.0422719
7.44295 0.041979
7.44295 0.0422985
7.44295 0.041979
7.44476 0.0447358
7.44604 0.0460265
7.45044 0.0504206
7.45231 0.152295
7.45263 0.0526148
7.45382 0.053811
7.45604 0.0560221
7.45713 0.0571192
7.4592 0.15918
7.46001 0.0599977
7.46117 0.061157
7.46198 0.0419743
7.46198 0.0419743
7.46198 0.0419743
7.4623 0.0622892
7.46243 0.0421027
7.46243 0.0421027
7.46243 0.0424222
7.46262 0.0419738
7.46262 0.0422933
7.46262 0.0419738
7.463 0.0629899
7.46332 0.0633094
7.46332 0.0633094
7.46345 0.0428034
7.46345 0.0424839
7.46345 0.0424839
7.46408 0.0640684
7.46487 0.0648544
7.46765 0.0676354
7.46797 0.0679507
7.46829 0.0682702
7.46885 0.0688385
7.46942 0.0694069
7.46977 0.0697704
7.47009 0.070077
7.47041 0.0703965
7.47073 0.070716
7.47105 0.0710372
7.47105 0.0710355
7.47137 0.071355
7.47184 0.07183
7.47216 0.0721495
7.47216 0.172149
7.47283 0.0728082
7.47315 0.0731307
7.47387 0.0738588
7.47422 0.0742181
7.47454 0.0745127
7.47486 0.174843
7.47518 0.0751637
7.47568 0.0756698
7.47604 0.0760204
7.4766 0.0765888
7.47692 0.0769208
7.47861 0.0786063
7.47893 0.0789159
7.47893 0.0789159
7.47944 0.079422
7.47976 0.0797415
7.48023 0.0802165
7.48055 0.0805432
7.48199 0.0419727
7.48199 0.0419727
7.48199 0.0419727
7.48231 0.0822903
7.48243 0.0421011
7.48243 0.0421011
7.48243 0.0424206
7.48262 0.0419722
7.48262 0.0422917
7.48262 0.0419722
7.48294 0.0422872
7.48294 0.0419677
7.48294 0.0419677
7.48512 0.08511
7.48709 0.0870781
7.48807 0.0880508
7.48929 0.0892723
7.49169 0.0916603
7.49169 0.0916758
7.49419 0.0941725
7.4946 0.0945854
7.49492 0.0949049
7.49729 0.0972772
7.50134 0.101329
7.50188 0.101866
7.50201 0.0419942
7.50201 0.0419942
7.50201 0.0419942
7.50229 0.0419586
7.50229 0.0419586
7.50229 0.0422781
7.50261 0.0419541
7.50261 0.0422736
7.50261 0.0419541
7.50295 0.0423002
7.50295 0.0419807
7.50295 0.0419807
7.50355 0.103539
7.50387 0.103859
7.50497 0.104962
7.51064 0.110625
7.51765 0.117632
7.51797 0.117952
7.51829 0.118271
7.51829 0.118271
7.51901 0.118995
7.51933 0.119315
7.5199 0.119883
7.52031 0.120296
7.52199 0.041976
7.52199 0.041976
7.52199 0.041976
7.52231 0.122299
7.52244 0.0421044
7.52244 0.0421044
7.52244 0.0424239
7.52263 0.0419755
7.52263 0.042295
7.52263 0.0419755
7.52295 0.0422905
7.52295 0.041971
7.52295 0.041971
7.52504 0.125025
7.52604 0.126029
7.53964 0.13963
7.5404 0.140385
7.54218 0.0421604
7.54231 0.0419693
7.54231 0.0419693
7.54231 0.0419693
7.54262 0.0419648
7.54262 0.0419648
7.54262 0.0422843
7.54294 0.0419603
7.54294 0.0422798
7.54294 0.0419603
7.54325 0.0422753
7.54325 0.0419558
7.54325 0.0419558
7.54476 0.0447437
7.54604 0.0460258
7.55043 0.0504199
7.55231 0.152294
7.55263 0.0526141
7.55382 0.0538103
7.55604 0.0560214
7.55713 0.0571185
7.55919 0.159179
7.56001 0.059997
7.56117 0.0611563
7.56195 0.0419511
7.56195 0.0419511
7.56195 0.0419511
7.5623 0.0622885
7.56243 0.0421106
7.56243 0.0421106
7.56243 0.0424301
7.56259 0.0419506
7.56259 0.0422701
7.56259 0.0419506
7.563 0.0629892
7.56332 0.0633087
7.56332 0.0633087
7.56345 0.0428113
7.56345 0.0424918
7.56345 0.0424918
7.56408 0.0640677
7.56487 0.0648537
7.56764 0.0676434
7.56796 0.06795
7.56828 0.0682695
7.56888 0.0688689
7.56942 0.0694061
7.56986 0.0698405
7.57018 0.0701696
7.5705 0.0704891
7.57095 0.0709296
7.57127 0.0712525
7.57127 0.0712525
7.57127 0.0712525
7.5718 0.0717897
7.57212 0.172108
7.57212 0.0721092
7.57282 0.0728022
7.57317 0.0731526
7.57386 0.0738583
7.57427 0.0742486
7.57459 0.0745863
7.57491 0.174896
7.57523 0.0752167
7.57567 0.0756606
7.57615 0.0761357
7.57672 0.076704
7.57704 0.0770221
7.57857 0.0785436
7.57889 0.0788756
7.57889 0.0788756
7.57943 0.0794128
7.57975 0.0797323
7.58016 0.0801299
7.58048 0.0804646
7.58198 0.0419722
7.58198 0.0419722
7.58198 0.0419722
7.5823 0.0822811
7.58242 0.0421006
7.58242 0.0421006
7.58242 0.0424201
7.58261 0.0419717
7.58261 0.0422912
7.58261 0.0419717
7.58293 0.0422867
7.58293 0.0419672
7.58293 0.0419672
7.58511 0.0851009
7.58758 0.0875665
7.58806 0.0880416
7.58918 0.0891698
7.59168 0.0916598
7.592 0.0919861
7.59409 0.0940785
7.59457 0.0945535
7.59489 0.094873
7.59726 0.0972454
7.60137 0.10136
7.60188 0.101866
7.60201 0.0420021
7.60201 0.0420021
7.60201 0.0420021
7.60229 0.0419665
7.60229 0.0419665
7.60229 0.042286
7.60261 0.041962
7.60261 0.0422815
7.60261 0.041962
7.60292 0.042277
7.60292 0.0419575
7.60292 0.0419575
7.6034 0.103383
7.60372 0.103703
7.60497 0.104961
7.61079 0.11078
7.61765 0.117631
7.61797 0.117951
7.61797 0.117951
7.61828 0.118271
7.61904 0.119025
7.61936 0.119345
7.62024 0.120224
7.62056 0.120544
7.62196 0.0419528
7.62196 0.0419528
7.62196 0.0419528
7.62231 0.122298
7.62244 0.0421123
7.62244 0.0421123
7.62244 0.0424318
7.6226 0.0419523
7.6226 0.0422718
7.6226 0.0419523
7.62295 0.0422984
7.62295 0.0419789
7.62295 0.0419789
7.62504 0.125025
7.62617 0.126153
7.63964 0.139629
7.64037 0.140353
7.64218 0.0421683
7.64231 0.0419772
7.64231 0.0419772
7.64231 0.0419772
7.64262 0.0419727
7.64262 0.0419727
7.64262 0.0422922
7.64294 0.0419682
7.64294 0.0422877
7.64294 0.0419682
7.64325 0.0422832
7.64325 0.0419637
7.64325 0.0419637
7.64472 0.0447206
7.64604 0.0460251
7.65043 0.0504192
7.65231 0.152293
7.65263 0.0526134
7.65382 0.0538095
7.65603 0.0560207
7.65713 0.0571178
7.65916 0.159147
7.66001 0.0599963
7.66117 0.0611556
7.66198 0.041959
7.66198 0.041959
7.66198 0.041959
7.6623 0.0622878
7.66243 0.0420874
7.66243 0.0420874
7.66243 0.0424069
7.66262 0.0419585
7.66262 0.042278
7.66262 0.0419585
7.663 0.0629885
7.66332 0.063308
7.66332 0.063308
7.66345 0.0427881
7.66345 0.0424686
7.66345 0.0424686
7.66408 0.0640669
7.66487 0.064853
7.66771 0.0676824
7.66802 0.0680114
7.66834 0.068331
7.66885 0.0688371
7.66942 0.0694054
7.66977 0.0697551
7.67009 0.0700755
7.67041 0.0703951
7.67073 0.0707146
7.67105 0.0710255
7.67137 0.0713536
7.67137 0.0713536
7.67181 0.0717975
7.67213 0.072117
7.67213 0.172116
7.67282 0.0728079
7.67317 0.0731604
7.67384 0.0738125
7.67415 0.0741406
7.67447 0.0744591
7.67479 0.17478
7.67518 0.0751623
7.67568 0.0756684
7.67613 0.0761123
7.6766 0.0765873
7.67692 0.0768914
7.67858 0.07856
7.6789 0.0788833
7.6789 0.0788833
7.67943 0.0794206
7.67975 0.0797401
7.68032 0.0803084
7.68064 0.0806298
7.68198 0.0419575
7.68198 0.0419575
7.68198 0.0419575
7.6823 0.0822889
7.68243 0.0420859
7.68243 0.0420859
7.68243 0.0424054
7.68262 0.041957
7.68262 0.0422765
7.68262 0.041957
7.68294 0.042272
7.68294 0.0419525
7.68294 0.0419525
7.68512 0.0851086
7.68765 0.0876365
7.68806 0.0880493
7.68919 0.0891775
7.69119 0.0911767
7.69163 0.0916224
7.6941 0.0940863
7.69457 0.0945613
7.69489 0.0948808
7.69727 0.0972532
7.70141 0.101398
7.70192 0.101905
7.70205 0.0420185
7.70205 0.0420185
7.70205 0.0420185
7.7023 0.0419518
7.7023 0.0419518
7.7023 0.0422713
7.70265 0.0419784
7.70265 0.0422979
7.70265 0.0419784
7.70309 0.103076
7.70322 0.0425507
7.70322 0.0422312
7.70322 0.0422312
7.70363 0.103617
7.70498 0.104969
7.71093 0.110912
7.71765 0.117639
7.71797 0.117959
7.71829 0.118278
7.71829 0.118278
7.71905 0.119033
7.71937 0.119353
7.7199 0.11989
7.72028 0.120272
7.722 0.0419692
7.722 0.0419692
7.722 0.0419692
7.72232 0.122306
7.72245 0.0420976
7.72245 0.0420976
7.72245 0.0424171
7.72264 0.0419687
7.72264 0.0422882
7.72264 0.0419687
7.72295 0.0422837
7.72295 0.0419642
7.72295 0.0419642
7.72505 0.125032
7.72617 0.126161
7.73965 0.139637
7.74041 0.140392
7.74216 0.0421536
7.74228 0.0419625
7.74228 0.0419625
7.74228 0.0419625
7.7426 0.041958
7.7426 0.041958
7.7426 0.0422775
7.74291 0.0419535
7.74291 0.042273
7.74291 0.0419535
7.74326 0.0422996
7.74326 0.0419801
7.74326 0.0419801
7.74476 0.044737
7.74605 0.0460328
7.75044 0.050427
7.75231 0.152301
7.75263 0.0526212
7.75379 0.0537862
7.75604 0.0560284
7.75711 0.0570944
7.75917 0.159155
7.76017 0.0601596
7.76118 0.0611634
7.76199 0.0419754
7.76199 0.0419754
7.76199 0.0419754
7.76231 0.0622956
7.76244 0.0421038
7.76244 0.0421038
7.76244 0.0424233
7.76263 0.0419749
7.76263 0.0422944
7.76263 0.0419749
7.76298 0.0629652
7.7633 0.0632847
7.7633 0.0632847
7.76343 0.0427734
7.76343 0.0424539
7.76343 0.0424539
7.76409 0.0640747
7.76487 0.0648608
7.7674 0.0673878
7.76785 0.0678326
7.76826 0.0682454
7.76886 0.0688448
7.76943 0.0694132
7.76975 0.0697189
7.77006 0.0700599
7.77006 0.0700522
7.77038 0.0703717
7.7707 0.0706912
7.7707 0.0706912
7.77109 0.0710729
7.77181 0.0717968
7.77213 0.0721163
7.77213 0.172115
7.77282 0.0728194
7.77314 0.0731286
7.77383 0.0738204
7.77415 0.0741485
7.77447 0.0744478
7.77479 0.174779
7.77517 0.0751615
7.77574 0.0757299
7.77606 0.0760494
7.7766 0.0765866
7.77701 0.0770011
7.77808 0.0780702
7.77852 0.0785094
7.77884 0.0788289
7.77947 0.0794594
7.77979 0.0797789
7.78027 0.080254
7.78059 0.080584
7.78199 0.0419739
7.78199 0.0419739
7.78199 0.0419739
7.78231 0.0822966
7.78244 0.0421023
7.78244 0.0421023
7.78244 0.0424218
7.78263 0.0419734
7.78263 0.0422929
7.78263 0.0419734
7.78294 0.0422884
7.78294 0.0419689
7.78294 0.0419689
7.78513 0.0851164
7.78763 0.0876132
7.78804 0.088026
7.78917 0.0891542
7.7912 0.0911844
7.79161 0.0916077
7.79361 0.0935964
7.79458 0.0945691
7.7949 0.0948886
7.79727 0.0972609
7.80136 0.101344
7.80186 0.10185
7.80199 0.0419727
7.80199 0.0419727
7.80199 0.0419727
7.80231 0.0419682
7.80231 0.0419682
7.80231 0.0422877
7.80262 0.0419637
7.80262 0.0422832
7.80262 0.0419637
7.80294 0.102928
7.80307 0.0424116
7.80307 0.0420921
7.80307 0.0420921
7.80364 0.103625
7.80498 0.104976
7.81081 0.110796
7.81769 0.117678
7.81801 0.117998
7.81833 0.118317
7.81833 0.118317
7.81899 0.118979
7.81934 0.119329
7.8201 0.120084
7.82042 0.120404
7.82198 0.0419545
7.82198 0.0419545
7.82198 0.0419545
7.82229 0.122283
7.82242 0.0420829
7.82242 0.0420829
7.82242 0.0424024
7.82261 0.041954
7.82261 0.0422735
7.82261 0.041954
7.82296 0.0423001
7.82296 0.0419806
7.82296 0.0419806
7.82502 0.125009
7.82606 0.126044
7.83966 0.139645
7.84041 0.1404
7.84219 0.04217
7.84232 0.0419789
7.84232 0.0419789
7.84232 0.0419789
7.84264 0.0419744
7.84264 0.0419744
7.84264 0.0422939
7.84295 0.0419699
7.84295 0.0422894
7.84295 0.0419699
7.84327 0.0422849
7.84327 0.0419654
7.84327 0.0419654
7.84474 0.0447223
7.84605 0.0460406
7.85042 0.0504036
7.85232 0.152309
7.85264 0.0526289
7.8538 0.0537939
7.85605 0.0560362
7.85711 0.0571022
7.85918 0.159163
7.86018 0.0601673
7.86118 0.0611711
7.86196 0.0419607
7.86196 0.0419607
7.86196 0.0419607
7.86228 0.0622722
7.86241 0.0420891
7.86241 0.0420891
7.86241 0.0424086
7.8626 0.0419602
7.8626 0.0422797
7.8626 0.0419602
7.86298 0.0629729
7.8633 0.0632924
7.8633 0.0632924
7.86343 0.0427898
7.86343 0.0424703
7.86343 0.0424703
7.86409 0.0640825
7.86488 0.0648685
7.86769 0.0676614
7.86801 0.0679959
7.86842 0.0684087
7.86886 0.0688526
7.8694 0.0693898
7.86972 0.0696989
7.87004 0.0700141
7.87004 0.0700288
7.87036 0.0703484
7.87068 0.0706679
7.87068 0.0706679
7.87109 0.0710807
7.87182 0.0718045
7.87214 0.072124
7.87214 0.172123
7.87292 0.0728925
7.87324 0.0732296
7.87384 0.0738368
7.87422 0.0741961
7.87454 0.0745384
7.87486 0.174849
7.87518 0.0751693
7.87569 0.0756754
7.87613 0.0761194
7.87661 0.0765944
7.87727 0.0772437
7.87855 0.0785306
7.87887 0.0788593
7.87887 0.0788593
7.87944 0.0794276
7.87976 0.0797471
7.88051 0.0804901
7.88083 0.0808216
7.88196 0.0419507
7.88196 0.0419507
7.88196 0.0419507
7.88228 0.0822648
7.8824 0.0420791
7.8824 0.0420791
7.8824 0.0423986
7.8826 0.0419502
7.8826 0.0422697
7.8826 0.0419502
7.88294 0.0422963
7.88294 0.0419768
7.88294 0.0419768
7.88479 0.0847735
7.88766 0.0876436
7.88804 0.0880253
7.88929 0.0892779
7.89157 0.091557
7.89189 0.0918645
7.89376 0.0937512
7.89458 0.0945683
7.8949 0.0948878
7.89727 0.0972602
7.90145 0.101437
7.90186 0.101849
7.90199 0.0419806
7.90199 0.0419806
7.90199 0.0419806
7.9023 0.0419761
7.9023 0.0419761
7.9023 0.0422956
7.90262 0.0419716
7.90262 0.0422911
7.90262 0.0419716
7.90294 0.102927
7.90307 0.0424195
7.90307 0.0421
7.90307 0.0421
7.9037 0.103686
7.90498 0.104976
7.9109 0.110888
7.91763 0.117615
7.91795 0.117935
7.91827 0.118254
7.91827 0.118254
7.91905 0.11904
7.91937 0.11936
7.92025 0.120239
7.92057 0.120559
7.92197 0.0419624
7.92197 0.0419624
7.92197 0.0419624
7.92232 0.122313
7.92245 0.0421219
7.92245 0.0421219
7.92245 0.0424414
7.92261 0.0419619
7.92261 0.0422814
7.92261 0.0419619
7.92293 0.0422769
7.92293 0.0419574
7.92293 0.0419574
7.92502 0.125008
7.92618 0.126168
7.93966 0.139644
7.94038 0.140368
7.94216 0.0421468
7.94229 0.0419557
7.94229 0.0419557
7.94229 0.0419557
7.9426 0.0419512
7.9426 0.0419512
7.9426 0.0422707
7.94295 0.0419778
7.94295 0.0422973
7.94295 0.0419778
7.94327 0.0422928
7.94327 0.0419733
7.94327 0.0419733
7.94474 0.0447302
7.94605 0.0460399
7.95041 0.0504029
7.95229 0.152277
7.95261 0.0525971
7.9538 0.0537932
7.95605 0.0560355
7.95711 0.0571015
7.95917 0.159162
7.96018 0.0601666
7.96118 0.0611704
7.96199 0.0419687
7.96199 0.0419687
7.96199 0.0419687
7.96231 0.0623026
7.96244 0.0420971
7.96244 0.0420971
7.96244 0.0424166
7.96263 0.0419681
7.96263 0.0422877
7.96263 0.0419681
7.96298 0.0629722
7.9633 0.0632917
7.9633 0.0632917
7.96343 0.0427667
7.96343 0.0424471
7.96343 0.0424471
7.96409 0.0640817
7.96497 0.0649611
7.96766 0.0676383
7.96797 0.067964
7.96829 0.0682835
7.96886 0.0688519
7.9694 0.0693891
7.96978 0.0697648
7.9701 0.0700831
7.9701 0.0700903
7.97042 0.0704098
7.97074 0.0707294
7.97074 0.0707294
7.97109 0.07108
7.97181 0.0718038
7.97213 0.0721233
7.97213 0.172123
7.97283 0.0728215
7.97315 0.0731356
7.97384 0.0738136
7.97422 0.074204
7.97454 0.0745271
7.97486 0.174848
7.97518 0.0751686
7.97569 0.0756747
7.97601 0.0759942
7.9766 0.0765937
7.9772 0.0771979
7.97855 0.0785385
7.97887 0.0788586
7.97887 0.0788586
7.97956 0.0795513
7.97988 0.0798708
7.9802 0.080187
7.98052 0.0805098
7.98218 0.0821668
7.98231 0.0422781
7.98231 0.0422781
7.98231 0.0422781
7.98231 0.0419586
7.98231 0.0419586
7.98231 0.0422781
7.98243 0.0424065
7.98262 0.0419581
7.98262 0.0422776
7.98262 0.0419581
7.98294 0.0422731
7.98294 0.0419536
7.98294 0.0419536
7.98481 0.0848039
7.98759 0.0875806
7.98804 0.0880246
7.98929 0.0892772
7.99157 0.0915562
7.99189 0.0918724
7.99376 0.0937505
7.99458 0.0945676
7.9949 0.0948871
7.9973 0.0972906
8.00142 0.101405
8.00192 0.101911
8.00205 0.0420196
8.00205 0.0420196
8.00205 0.0420196
8.0023 0.0419529
8.0023 0.0419529
8.0023 0.0422724
8.00265 0.0419795
8.00265 0.042299
8.00265 0.0419795
8.00297 0.102958
8.0031 0.0424274
8.0031 0.0421079
8.0031 0.0421079
8.00363 0.103623
8.00498 0.104973
8.01083 0.110824
8.01765 0.117644
8.01797 0.117963
8.01829 0.118283
8.01829 0.118283
8.01902 0.119007
8.01934 0.119326
8.02009 0.120081
8.02041 0.120401
8.02197 0.0419688
8.02197 0.0419688
8.02197 0.0419688
8.02238 0.122373
8.02251 0.0421905
8.02251 0.0421905
8.02251 0.04251
8.02264 0.0419994
8.02264 0.0423189
8.02264 0.0419994
8.02292 0.0422833
8.02292 0.0419638
8.02292 0.0419638
8.02495 0.124944
8.02602 0.12601
8.03965 0.139642
8.04038 0.140366
8.04216 0.0421532
8.04291 0.0419491
8.04291 0.0422686
8.04291 0.0419491
8.04323 0.0422641
8.04323 0.0419446
8.04323 0.0419446
8.04476 0.0447325
8.04604 0.0460336
8.05041 0.0503966
8.05231 0.152302
8.05263 0.0526219
8.05379 0.0537869
8.05604 0.0560292
8.05711 0.0570952
8.05914 0.159125
8.06017 0.0601603
8.06117 0.0611641
8.06199 0.041971
8.06199 0.041971
8.06199 0.041971
8.06231 0.0622963
8.06243 0.0420994
8.06243 0.0420994
8.06243 0.0424189
8.06263 0.0419705
8.06263 0.04229
8.06263 0.0419705
8.06298 0.0629659
8.0633 0.0632854
8.0633 0.0632854
8.06342 0.042769
8.06342 0.0424495
8.06342 0.0424495
8.06405 0.0640443
8.06484 0.0648304
8.06762 0.0676095
8.06794 0.0679266
8.06826 0.0682462
8.06892 0.0689078
8.0693 0.0692895
8.06962 0.0696051
8.06994 0.0699311
8.07026 0.070248
8.07058 0.0705675
8.07058 0.0705675
8.07058 0.0705675
8.07105 0.0710426
8.07181 0.0717975
8.07213 0.072117
8.07213 0.172116
8.07282 0.0728183
8.07345 0.0734343
8.07377 0.0737599
8.07418 0.0741752
8.07466 0.174647
8.07516 0.0751538
8.07567 0.07566
8.07608 0.0760728
8.07662 0.0765971
8.07694 0.0769295
8.07757 0.0775509
8.07854 0.0785408
8.07886 0.0788523
8.07886 0.0788523
8.07952 0.0795139
8.07984 0.0798334
8.08016 0.0801529
8.08061 0.0805795
8.08198 0.041961
8.08198 0.041961
8.08198 0.041961
8.0823 0.0822889
8.08243 0.0420894
8.08243 0.0420894
8.08243 0.0424089
8.08262 0.0419605
8.08262 0.04228
8.08262 0.0419605
8.08293 0.0422755
8.08293 0.041956
8.08293 0.041956
8.08518 0.0851709
8.08768 0.0876677
8.08803 0.0880183
8.08916 0.0891465
8.09156 0.0915553
8.09188 0.0918695
8.09363 0.0936198
8.09454 0.0945302
8.09486 0.0948497
8.09723 0.0972221
8.10138 0.101367
8.10179 0.10178
8.10198 0.0419598
8.10198 0.0419598
8.10198 0.0419598
8.1023 0.0419553
8.1023 0.0419553
8.1023 0.0422748
8.10261 0.0419508
8.10261 0.0422703
8.10261 0.0419508
8.10309 0.103076
8.10321 0.0425542
8.10321 0.0422347
8.10321 0.0422347
8.10363 0.103617
8.10497 0.104969
8.11092 0.110912
8.11759 0.117577
8.11791 0.117897
8.11823 0.118216
8.11823 0.118216
8.11904 0.119033
8.11936 0.119353
8.12009 0.120077
8.12041 0.120396
8.122 0.0419727
8.122 0.0419727
8.122 0.0419727
8.12232 0.122306
8.12244 0.0421011
8.12244 0.0421011
8.12244 0.0424206
8.12263 0.0419722
8.12263 0.0422917
8.12263 0.0419722
8.12295 0.0422872
8.12295 0.0419677
8.12295 0.0419677
8.12498 0.12497
8.12611 0.126098
8.13965 0.139637
8.1404 0.140392
8.14218 0.0421571
8.14231 0.041966
8.14231 0.041966
8.14231 0.041966
8.14263 0.0419615
8.14263 0.0419615
8.14263 0.042281
8.14294 0.041957
8.14294 0.0422765
8.14294 0.041957
8.14326 0.042272
8.14326 0.0419525
8.14326 0.0419525
8.14473 0.0447094
8.14604 0.0460329
8.15041 0.0503959
8.15228 0.15227
8.1526 0.0525901
8.15379 0.0537862
8.15604 0.0560285
8.1571 0.0570945
8.15913 0.159124
8.16017 0.0601596
8.16114 0.0611323
8.16195 0.0419478
8.16195 0.0419478
8.16195 0.0419478
8.16227 0.0622645
8.1624 0.0420762
8.1624 0.0420762
8.1624 0.0423957
8.16259 0.0419473
8.16259 0.0422668
8.16259 0.0419473
8.16297 0.0629652
8.16329 0.0632847
8.16329 0.0632847
8.16342 0.0427769
8.16342 0.0424574
8.16342 0.0424574
8.16408 0.0640747
8.16487 0.0648608
8.16765 0.0676175
8.16797 0.067957
8.16829 0.0682765
8.16885 0.0688449
8.16917 0.0691638
8.16949 0.0694839
8.16984 0.0698146
8.17016 0.070154
8.17048 0.0704735
8.17048 0.0704735
8.17048 0.0704735
8.17105 0.0710419
8.17181 0.0717968
8.17213 0.0721163
8.17213 0.172116
8.17282 0.0728155
8.17354 0.0735329
8.17386 0.0738324
8.17421 0.0741832
8.17466 0.174646
8.17513 0.075122
8.17567 0.0756592
8.17605 0.076041
8.17653 0.0765151
8.17684 0.0768355
8.1776 0.0775899
8.17863 0.078611
8.17895 0.0789449
8.17895 0.0789449
8.17955 0.0795443
8.17987 0.0798638
8.18022 0.0802144
8.18054 0.0805253
8.18198 0.0419689
8.18198 0.0419689
8.18198 0.0419689
8.1823 0.0822882
8.18243 0.0420973
8.18243 0.0420973
8.18243 0.0424168
8.18262 0.0419684
8.18262 0.0422879
8.18262 0.0419684
8.18293 0.0422834
8.18293 0.0419639
8.18293 0.0419639
8.18509 0.0850768
8.18761 0.0876047
8.188 0.0879865
8.18912 0.0891147
8.19165 0.0916254
8.19197 0.0919621
8.19372 0.0937124
8.19448 0.0944673
8.1948 0.0947868
8.1972 0.0971903
8.20134 0.101336
8.20179 0.10178
8.20198 0.0419677
8.20198 0.0419677
8.20198 0.0419677
8.20229 0.0419632
8.20229 0.0419632
8.20229 0.0422827
8.20261 0.0419587
8.20261 0.0422782
8.20261 0.0419587
8.20305 0.103044
8.20318 0.042531
8.20318 0.0422115
8.20318 0.0422115
8.20363 0.103616
8.20497 0.104968
8.2108 0.110787
8.21762 0.117607
8.21794 0.117927
8.21826 0.118246
8.21826 0.118246
8.21904 0.119033
8.21936 0.119352
8.22018 0.120169
8.2205 0.120489
8.22196 0.0419496
8.22196 0.0419496
8.22196 0.0419496
8.22228 0.122274
8.22241 0.0420779
8.22241 0.0420779
8.22241 0.0423975
8.2226 0.041949
8.2226 0.0422685
8.2226 0.041949
8.22292 0.0422641
8.22292 0.0419445
8.22292 0.0419445
8.22501 0.125001
8.22617 0.12616
8.23961 0.139605
8.24034 0.140329
8.24218 0.042165
8.24231 0.0419739
8.24231 0.0419739
8.24231 0.0419739
8.24263 0.0419694
8.24263 0.0419694
8.24263 0.0422889
8.24294 0.0419649
8.24294 0.0422844
8.24294 0.0419649
8.24326 0.0422799
8.24326 0.0419604
8.24326 0.0419604
8.24473 0.0447173
8.24604 0.0460322
8.2504 0.0503952
8.25228 0.152269
8.2526 0.0525894
8.25379 0.0537855
8.25604 0.0560278
8.2571 0.0570938
8.25916 0.159154
8.26017 0.0601589
8.26114 0.0611316
8.26198 0.0419558
8.26198 0.0419558
8.26198 0.0419558
8.2623 0.0622949
8.26243 0.0420842
8.26243 0.0420842
8.26243 0.0424037
8.26262 0.0419553
8.26262 0.0422748
8.26262 0.0419553
8.26297 0.0629645
8.26329 0.063284
8.26329 0.063284
8.26342 0.0427538
8.26342 0.0424343
8.26342 0.0424343
8.26408 0.064074
8.26487 0.0648601
8.26765 0.0676254
8.26796 0.0679563
8.26828 0.0682758
8.26885 0.0688442
8.26939 0.0693814
8.26977 0.0697519
8.27009 0.0700853
8.27009 0.0700826
8.27041 0.0704021
8.27073 0.0707216
8.27073 0.0707216
8.27105 0.0710411
8.27177 0.071765
8.27209 0.172084
8.27209 0.0720845
8.27291 0.072906
8.27348 0.07347
8.2738 0.0737781
8.27427 0.0742533
8.27465 0.174645
8.27519 0.0751835
8.27567 0.0756585
8.27599 0.075978
8.27662 0.0765887
8.27694 0.0769281
8.27769 0.0776911
8.27857 0.0785567
8.27889 0.0788819
8.27889 0.0788819
8.27943 0.0794192
8.27975 0.0797387
8.28022 0.0802137
8.28054 0.0805332
8.28198 0.0419457
8.28198 0.0419457
8.28198 0.0419457
8.2823 0.0822875
8.28242 0.0420741
8.28242 0.0420741
8.28242 0.0423936
8.28261 0.0419452
8.28261 0.0422647
8.28261 0.0419452
8.28296 0.0422913
8.28296 0.0419718
8.28296 0.0419718
8.28508 0.0850761
8.28764 0.0876351
8.28799 0.0879857
8.28915 0.0891451
8.29162 0.0916022
8.29194 0.0919302
8.29372 0.0937116
8.2946 0.094591
8.29492 0.0949105
8.29738 0.0973762
8.30134 0.101335
8.30166 0.101654
8.30195 0.0419445
8.30195 0.0419445
8.30195 0.0419445
8.30229 0.0419711
8.30229 0.0419711
8.30229 0.0422906
8.30261 0.0419666
8.30261 0.0422862
8.30261 0.0419666
8.30308 0.103074
8.30321 0.0425701
8.30321 0.0422506
8.30321 0.0422506
8.30372 0.103709
8.30509 0.105092
8.31073 0.110724
8.31758 0.117576
8.3179 0.117895
8.31822 0.118215
8.31822 0.118215
8.31901 0.119001
8.31933 0.11932
8.31999 0.119982
8.32031 0.120301
8.32196 0.0419575
8.32196 0.0419575
8.32196 0.0419575
8.32234 0.122336
8.32247 0.0421481
8.32247 0.0421481
8.32247 0.0424676
8.3226 0.041957
8.3226 0.0422765
8.3226 0.041957
8.32292 0.042272
8.32292 0.0419525
8.32292 0.0419525
8.32498 0.124969
8.32607 0.126066
8.33961 0.139605
8.34034 0.140328
8.34215 0.0421419
8.34228 0.0419507
8.34228 0.0419507
8.34228 0.0419507
8.34259 0.0419463
8.34259 0.0419463
8.34259 0.0422658
8.34294 0.0419729
8.34294 0.0422924
8.34294 0.0419729
8.34325 0.0422879
8.34325 0.0419684
8.34325 0.0419684
8.34476 0.0447252
8.34604 0.0460314
8.3504 0.0503945
8.35228 0.152268
8.3526 0.0525887
8.35379 0.0537848
8.35603 0.0560271
8.3571 0.0570931
8.35916 0.159154
8.36017 0.0601582
8.36114 0.0611309
8.36198 0.0419637
8.36198 0.0419637
8.36198 0.0419637
8.3623 0.0622942
8.36243 0.0420921
8.36243 0.0420921
8.36243 0.0424116
8.36262 0.0419632
8.36262 0.0422827
8.36262 0.0419632
8.36297 0.0629638
8.36329 0.0632833
8.36329 0.0632833
8.36342 0.0427617
8.36342 0.0424422
8.36342 0.0424422
8.36411 0.0641044
8.36487 0.0648594
8.36764 0.0676333
8.36796 0.0679556
8.36828 0.0682751
8.36885 0.0688435
8.36917 0.069163
8.36952 0.0695195
8.36984 0.0698305
8.37016 0.0701526
8.37048 0.0704721
8.37048 0.0704721
8.3708 0.0707916
8.37112 0.0711111
8.37181 0.0718039
8.37213 0.172123
8.37213 0.0721234
8.37282 0.0728236
8.37358 0.0735711
8.3739 0.0738878
8.37422 0.0742075
8.37466 0.174653
8.37514 0.0751291
8.37567 0.0756663
8.37609 0.0760791
8.37662 0.0766086
8.37694 0.0769359
8.37757 0.077552
8.37855 0.078542
8.37887 0.0788586
8.37887 0.0788586
8.37956 0.0795514
8.37988 0.0798709
8.3802 0.0801904
8.38061 0.0805807
8.38214 0.0821357
8.38227 0.0422505
8.38227 0.0422505
8.38227 0.0422505
8.3824 0.0420594
8.3824 0.0420594
8.3824 0.0423789
8.38262 0.0419616
8.38262 0.0422811
8.38262 0.0419616
8.38294 0.0422766
8.38294 0.0419571
8.38294 0.0419571
8.38506 0.0850528
8.38762 0.0876118
8.388 0.0879935
8.38916 0.0891528
8.39153 0.0915252
8.39185 0.0918448
8.39357 0.0935639
8.39454 0.0945366
8.39486 0.0948561
8.3972 0.0971973
8.40135 0.101343
8.40167 0.101662
8.40198 0.0419609
8.40198 0.0419609
8.40198 0.0419609
8.4023 0.0419564
8.4023 0.0419564
8.4023 0.0422759
8.40261 0.0419519
8.40261 0.0422714
8.40261 0.0419519
8.40293 0.042267
8.40293 0.0419474
8.40293 0.0419474
8.40331 0.103304
8.40363 0.103623
8.40498 0.104975
8.41083 0.110825
8.41762 0.117615
8.41794 0.117934
8.41826 0.118254
8.41826 0.118254
8.41905 0.11904
8.41946 0.119452
8.42015 0.120145
8.42047 0.120465
8.422 0.0419739
8.422 0.0419739
8.422 0.0419739
8.42232 0.122312
8.42245 0.0421023
8.42245 0.0421023
8.42245 0.0424218
8.42264 0.0419734
8.42264 0.0422929
8.42264 0.0419734
8.42295 0.0422884
8.42295 0.0419689
8.42295 0.0419689
8.42498 0.124976
8.42614 0.126136
8.43962 0.139612
8.44031 0.140305
8.44219 0.0421583
8.44232 0.0419671
8.44232 0.0419671
8.44232 0.0419671
8.44263 0.0419627
8.44263 0.0419627
8.44263 0.0422822
8.44295 0.0419582
8.44295 0.0422777
8.44295 0.0419582
8.44326 0.0422732
8.44326 0.0419537
8.44326 0.0419537
8.44473 0.0447105
8.44605 0.0460392
8.45041 0.0504022
8.45228 0.152276
8.4526 0.0525964
8.45379 0.0537926
8.45604 0.0560348
8.45711 0.0571008
8.45917 0.159161
8.46017 0.0601659
8.46115 0.0611386
8.46196 0.041949
8.46196 0.041949
8.46196 0.041949
8.46228 0.0622708
8.46241 0.0420774
8.46241 0.0420774
8.46241 0.0423969
8.4626 0.0419485
8.4626 0.042268
8.4626 0.0419485
8.46298 0.0629715
8.4633 0.063291
8.4633 0.063291
8.46343 0.0427781
8.46343 0.0424586
8.46343 0.0424586
8.46406 0.06405
8.46484 0.064836
8.46762 0.0676186
8.46794 0.0679323
8.46826 0.0682518
8.46883 0.0688201
8.46915 0.0691396
8.46953 0.0694995
8.46988 0.069878
8.4702 0.0701915
8.47052 0.070511
8.47052 0.070511
8.47052 0.070511
8.47105 0.0710482
8.47137 0.0713677
8.47182 0.171811
8.47214 0.0721311
8.47283 0.0728279
8.47355 0.0735477
8.47387 0.0738731
8.47419 0.0741928
8.47467 0.174661
8.47533 0.0753234
8.47574 0.0757363
8.47606 0.0760558
8.47657 0.0765663
8.47689 0.0768814
8.47755 0.0775373
8.47858 0.0785584
8.4789 0.0788975
8.4789 0.0788975
8.47944 0.0794347
8.47976 0.0797542
8.4802 0.0801981
8.48052 0.0805038
8.48212 0.0821124
8.48225 0.0422358
8.48225 0.0422358
8.48225 0.0422358
8.48238 0.0420447
8.48238 0.0420447
8.48238 0.0423642
8.4826 0.0419469
8.4826 0.0422664
8.4826 0.0419469
8.48294 0.042293
8.48294 0.0419735
8.48294 0.0419735
8.4851 0.0850916
8.48769 0.0876817
8.48801 0.0880012
8.48917 0.0891606
8.49154 0.0915329
8.49186 0.0918301
8.49364 0.0936338
8.49455 0.0945443
8.49487 0.0948638
8.49737 0.0973606
8.50136 0.10135
8.50168 0.10167
8.50196 0.0419462
8.50196 0.0419462
8.50196 0.0419462
8.50231 0.0419728
8.50231 0.0419728
8.50231 0.0422923
8.50262 0.0419683
8.50262 0.0422878
8.50262 0.0419683
8.503 0.102997
8.50313 0.0424784
8.50313 0.0421589
8.50313 0.0421589
8.50364 0.103631
8.50523 0.105232
8.51078 0.110771
8.51763 0.117622
8.51795 0.117942
8.51827 0.118261
8.51827 0.118261
8.51905 0.119047
8.51937 0.119367
8.51969 0.119686
8.52023 0.120224
8.52198 0.0419592
8.52198 0.0419592
8.52198 0.0419592
8.5223 0.122289
8.52242 0.0420876
8.52242 0.0420876
8.52242 0.0424071
8.52261 0.0419587
8.52261 0.0422782
8.52261 0.0419587
8.52293 0.0422737
8.52293 0.0419542
8.52293 0.0419542
8.52499 0.124984
8.52599 0.125988
8.5396 0.139589
8.54032 0.140313
8.54216 0.0421436
8.54229 0.0419524
8.54229 0.0419524
8.54229 0.0419524
8.54261 0.0419479
8.54261 0.0419479
8.54261 0.0422675
8.54292 0.0419435
8.54292 0.042263
8.54292 0.0419435
8.54327 0.0422896
8.54327 0.0419701
8.54327 0.0419701
8.54474 0.0447269
8.54602 0.0460159
8.55042 0.05041
8.55232 0.152315
8.55264 0.0526353
8.5538 0.0538003
8.55602 0.0560115
8.55711 0.0571086
8.55918 0.159169
8.56015 0.0601426
8.56115 0.0611464
8.562 0.0419654
8.562 0.0419654
8.562 0.0419654
8.56232 0.0623097
8.56244 0.0420938
8.56244 0.0420938
8.56244 0.0424133
8.56263 0.0419649
8.56263 0.0422844
8.56263 0.0419649
8.56299 0.0629793
8.5633 0.0632988
8.5633 0.0632988
8.56343 0.0427634
8.56343 0.0424439
8.56343 0.0424439
8.56406 0.0640577
8.56485 0.0648438
8.56766 0.067635
8.56798 0.0679711
8.5683 0.0682906
8.56883 0.0688279
8.5694 0.0693962
8.56978 0.0697615
8.5701 0.0700789
8.5701 0.0700974
8.57042 0.0704169
8.57074 0.0707364
8.57074 0.0707364
8.57106 0.0710559
8.57179 0.0717798
8.57211 0.172098
8.57211 0.0720993
8.57289 0.0728654
8.57358 0.0735781
8.5739 0.073881
8.57422 0.0742007
8.57467 0.17466
8.57524 0.0752294
8.57568 0.0756733
8.57606 0.076055
8.57657 0.0765465
8.57689 0.0768807
8.57764 0.0776386
8.57858 0.0785663
8.5789 0.0788967
8.5789 0.0788967
8.57956 0.0795584
8.57988 0.0798779
8.5802 0.0801974
8.58055 0.0805428
8.58196 0.0419554
8.58196 0.0419554
8.58196 0.0419554
8.58228 0.0822712
8.58241 0.0420838
8.58241 0.0420838
8.58241 0.0424033
8.5826 0.0419548
8.5826 0.0422744
8.5826 0.0419548
8.58291 0.0422699
8.58291 0.0419504
8.58291 0.0419504
8.58507 0.0850598
8.58762 0.0876188
8.58801 0.0880005
8.58917 0.0891599
8.59154 0.0915322
8.59186 0.0918381
8.59404 0.0940375
8.59455 0.0945436
8.59487 0.0948631
8.59737 0.0973599
8.60142 0.101412
8.60183 0.101825
8.60196 0.0419542
8.60196 0.0419542
8.60196 0.0419542
8.60227 0.0419497
8.60227 0.0419497
8.60227 0.0422692
8.60259 0.0419452
8.60259 0.0422647
8.60259 0.0419452
8.60313 0.10312
8.60325 0.0426108
8.60325 0.0422913
8.60325 0.0422913
8.6037 0.103693
8.60498 0.104982
8.61075 0.110739
8.6176 0.11759
8.61792 0.11791
8.61824 0.118229
8.61824 0.118229
8.61902 0.119016
8.61934 0.119335
8.61994 0.119934
8.62026 0.120254
8.62197 0.0419671
8.62197 0.0419671
8.62197 0.0419671
8.62233 0.122319
8.62245 0.0421266
8.62245 0.0421266
8.62245 0.0424461
8.62261 0.0419666
8.62261 0.0422861
8.62261 0.0419666
8.62293 0.0422816
8.62293 0.0419621
8.62293 0.0419621
8.62499 0.124984
8.62634 0.126329
8.63959 0.139588
8.64032 0.140312
8.64216 0.0421515
8.64229 0.0419604
8.64229 0.0419604
8.64229 0.0419604
8.64261 0.0419559
8.64261 0.0419559
8.64261 0.0422754
8.64292 0.0419514
8.64292 0.0422709
8.64292 0.0419514
8.64324 0.0422664
8.64324 0.0419469
8.64324 0.0419469
8.64474 0.0447348
8.64602 0.0460151
8.65041 0.0504093
8.65229 0.152283
8.65261 0.0526035
8.65383 0.0537996
8.65602 0.0560108
8.65711 0.0571079
8.65899 0.158982
8.66015 0.0601419
8.66115 0.0611457
8.66199 0.0419733
8.66199 0.0419733
8.66199 0.0419733
8.66231 0.062309
8.66244 0.0421017
8.66244 0.0421017
8.66244 0.0424212
8.66263 0.0419728
8.66263 0.0422923
8.66263 0.0419728
8.66298 0.0629786
8.6633 0.0632981
8.6633 0.0632981
8.66343 0.0427713
8.66343 0.0424518
8.66343 0.0424518
8.66406 0.064057
8.66485 0.0648431
8.66766 0.0676429
8.66798 0.0679704
8.6683 0.0682899
8.66883 0.0688272
8.6694 0.0693955
8.66978 0.0697694
8.6701 0.0700967
8.67042 0.0704162
8.67074 0.0707357
8.67106 0.07104
8.67106 0.0710552
8.67138 0.0713747
8.67179 0.0717876
8.67211 0.0721071
8.67211 0.172106
8.67284 0.0728089
8.67356 0.0735548
8.67388 0.0738663
8.67423 0.0742171
8.67464 0.174637
8.67524 0.0752372
8.67566 0.07565
8.67607 0.0760628
8.67657 0.0765664
8.67689 0.0768884
8.67759 0.0775616
8.67856 0.0785516
8.67888 0.0788734
8.67888 0.0788734
8.67954 0.079535
8.67986 0.0798546
8.68018 0.0801741
8.68053 0.0805281
8.68216 0.0821505
8.68228 0.0422602
8.68228 0.0422602
8.68228 0.0422602
8.68241 0.042069
8.68241 0.042069
8.68241 0.0423886
8.68263 0.0419712
8.68263 0.0422907
8.68263 0.0419712
8.68295 0.0422863
8.68295 0.0419667
8.68295 0.0419667
8.68507 0.0850676
8.68782 0.0878132
8.68814 0.0881327
8.68911 0.0891054
8.69151 0.0915089
8.69183 0.0918233
8.69414 0.0941385
8.69449 0.0944892
8.69481 0.0948087
8.69722 0.0972121
8.70133 0.101326
8.70178 0.10177
8.702 0.0419705
8.702 0.0419705
8.702 0.0419705
8.70231 0.0419661
8.70231 0.0419661
8.70231 0.0422856
8.70263 0.0419616
8.70263 0.0422811
8.70263 0.0419616
8.70295 0.102941
8.70307 0.0424095
8.70307 0.04209
8.70307 0.04209
8.70364 0.103638
8.70496 0.104928
8.71081 0.110809
8.7176 0.117598
8.71792 0.117918
8.71824 0.118237
8.71824 0.118237
8.71903 0.119023
8.71935 0.119343
8.72004 0.120036
8.72036 0.120355
8.72198 0.0419524
8.72198 0.0419524
8.72198 0.0419524
8.7223 0.122296
8.72243 0.0420808
8.72243 0.0420808
8.72243 0.0424003
8.72262 0.0419519
8.72262 0.0422714
8.72262 0.0419519
8.72294 0.0422669
8.72294 0.0419474
8.72294 0.0419474
8.72497 0.12496
8.72606 0.126057
8.73969 0.139689
8.74032 0.14032
8.74214 0.0421368
8.74227 0.0419457
8.74227 0.0419457
8.74227 0.0419457
8.74261 0.0419723
8.74261 0.0419723
8.74261 0.0422918
8.74293 0.0419678
8.74293 0.0422873
8.74293 0.0419678
8.74324 0.0422828
8.74324 0.0419633
8.74324 0.0419633
8.74474 0.0447201
8.74603 0.0460229
8.75042 0.050417
8.75233 0.152322
8.75265 0.0526423
8.75384 0.0538074
8.75602 0.0560185
8.75712 0.0571156
8.75915 0.159145
8.76015 0.0601496
8.76113 0.0611223
8.76197 0.0419586
8.76197 0.0419586
8.76197 0.0419586
8.76229 0.0622856
8.76242 0.042087
8.76242 0.042087
8.76242 0.0424065
8.76261 0.0419581
8.76261 0.0422776
8.76261 0.0419581
8.76296 0.0629552
8.76328 0.0632747
8.76328 0.0632747
8.76341 0.0427566
8.76341 0.0424371
8.76341 0.0424371
8.76407 0.0640648
8.76486 0.0648508
8.76766 0.0676593
8.76798 0.0679782
8.7684 0.068391
8.76884 0.0688349
8.76938 0.0693721
8.76982 0.0698169
8.77014 0.0701356
8.77046 0.0704551
8.77093 0.0709097
8.77125 0.0712496
8.77125 0.0712496
8.77125 0.0712496
8.77179 0.0717868
8.77211 0.172106
8.77211 0.0721064
8.77283 0.0728311
8.77356 0.0735541
8.77388 0.0738743
8.7742 0.0741939
8.77464 0.174636
8.77512 0.075112
8.77565 0.0756493
8.77604 0.076031
8.77654 0.0765156
8.77686 0.0768566
8.77758 0.0775696
8.77859 0.0785595
8.77891 0.0789038
8.77891 0.0789038
8.77941 0.0794099
8.77973 0.0797294
8.78018 0.0801733
8.78053 0.0805049
8.78196 0.0419486
8.78196 0.0419486
8.78196 0.0419486
8.78228 0.0822782
8.78241 0.042077
8.78241 0.042077
8.78241 0.0423965
8.7826 0.0419481
8.7826 0.0422676
8.7826 0.0419481
8.78292 0.0422631
8.78292 0.0419436
8.78292 0.0419436
8.78516 0.0851602
8.78763 0.0876259
8.78798 0.0879765
8.78917 0.0891669
8.79161 0.0916015
8.79161 0.0916051
8.79413 0.0941294
8.79455 0.0945422
8.79487 0.0948617
8.79721 0.097203
8.80135 0.101348
8.8018 0.101792
8.80199 0.04197
8.80199 0.04197
8.80199 0.04197
8.8023 0.0419655
8.8023 0.0419655
8.8023 0.042285
8.80262 0.041961
8.80262 0.0422805
8.80262 0.041961
8.80312 0.103119
8.80325 0.0425955
8.80325 0.042276
8.80325 0.042276
8.80363 0.103629
8.80498 0.10495
8.81074 0.110738
8.81762 0.11762
8.81794 0.11794
8.81826 0.118259
8.81826 0.118259
8.81905 0.119045
8.81937 0.119365
8.81997 0.119964
8.82038 0.120377
8.82197 0.0419519
8.82197 0.0419519
8.82197 0.0419519
8.82229 0.122287
8.82242 0.0420803
8.82242 0.0420803
8.82242 0.0423998
8.82261 0.0419513
8.82261 0.0422709
8.82261 0.0419513
8.82293 0.0422664
8.82293 0.0419469
8.82293 0.0419469
8.82499 0.124982
8.82605 0.126048
8.83959 0.139587
8.84031 0.140311
8.84216 0.0421362
8.84229 0.0419451
8.84229 0.0419451
8.84229 0.0419451
8.84263 0.0419717
8.84263 0.0419717
8.84263 0.0422912
8.84295 0.0419672
8.84295 0.0422867
8.84295 0.0419672
8.84326 0.0422823
8.84326 0.0419627
8.84326 0.0419627
8.84473 0.0447196
8.84602 0.0460137
8.85041 0.0504078
8.85232 0.152313
8.85264 0.0526332
8.85383 0.0537982
8.85601 0.0560093
8.85711 0.0571064
8.85917 0.159167
8.86014 0.0601405
8.86115 0.0611443
8.86196 0.0419581
8.86196 0.0419581
8.86196 0.0419581
8.86228 0.0622764
8.86241 0.0420865
8.86241 0.0420865
8.86241 0.042406
8.8626 0.0419576
8.8626 0.0422771
8.8626 0.0419576
8.86298 0.0629771
8.8633 0.0632966
8.8633 0.0632966
8.86343 0.0427872
8.86343 0.0424677
8.86343 0.0424677
8.86406 0.0640556
8.86485 0.0648417
8.86765 0.0676277
8.86797 0.067969
8.86829 0.0682885
8.86883 0.0688257
8.8694 0.0693941
8.86978 0.0697542
8.8701 0.0700953
8.87042 0.0704148
8.87074 0.0707343
8.87106 0.0710282
8.87106 0.0710538
8.87138 0.0713733
8.87179 0.0717861
8.87211 0.172105
8.87211 0.0721056
8.8729 0.0728686
8.87353 0.0735223
8.87385 0.07382
8.8742 0.0741708
8.87464 0.174635
8.87524 0.0752357
8.87565 0.0756486
8.87603 0.0760303
8.8766 0.0765892
8.87692 0.0769181
8.87761 0.0776086
8.87859 0.0785675
8.87891 0.0789031
8.87891 0.0789031
8.87957 0.0795647
8.87989 0.0798842
8.88021 0.0802037
8.88053 0.0805129
8.88196 0.0419565
8.88196 0.0419565
8.88196 0.0419565
8.88228 0.0822775
8.88241 0.0420849
8.88241 0.0420849
8.88241 0.0424044
8.8826 0.041956
8.8826 0.0422755
8.8826 0.041956
8.88291 0.042271
8.88291 0.0419515
8.88291 0.0419515
8.88513 0.0851284
8.88763 0.0876252
8.88801 0.0880069
8.88917 0.0891662
8.89154 0.0915386
8.89186 0.0918392
8.89405 0.0940438
8.89455 0.0945499
8.89487 0.0948694
8.89731 0.097304
8.90142 0.101418
8.90177 0.101769
8.90196 0.0419553
8.90196 0.0419553
8.90196 0.0419553
8.90228 0.0419508
8.90228 0.0419508
8.90228 0.0422703
8.90259 0.0419463
8.90259 0.0422658
8.90259 0.0419463
8.90294 0.0422924
8.90294 0.0419729
8.90294 0.0419729
8.90332 0.103317
8.9037 0.103699
8.90508 0.105051
8.91072 0.110714
8.9176 0.117597
8.91792 0.117916
8.91824 0.118236
8.91824 0.118236
8.91903 0.119022
8.91934 0.119341
8.91994 0.119941
8.92029 0.120291
8.92198 0.0419683
8.92198 0.0419683
8.92198 0.0419683
8.92236 0.122357
8.92249 0.0421589
8.92249 0.0421589
8.92249 0.0424784
8.92262 0.0419677
8.92262 0.0422872
8.92262 0.0419677
8.92293 0.0422828
8.92293 0.0419632
8.92293 0.0419632
8.92499 0.12499
8.92603 0.126025
8.9396 0.139595
8.94035 0.14035
8.94217 0.0421526
8.94229 0.0419615
8.94229 0.0419615
8.94229 0.0419615
8.94261 0.041957
8.94261 0.041957
8.94261 0.0422765
8.94292 0.0419525
8.94292 0.042272
8.94292 0.0419525
8.94324 0.0422675
8.94324 0.041948
8.94324 0.041948
8.94474 0.044736
8.94602 0.0460215
8.95042 0.0504156
8.95232 0.152321
8.95264 0.0526409
8.95383 0.0538059
8.95602 0.0560171
8.95712 0.0571142
8.95918 0.159175
8.96015 0.0601482
8.96115 0.061152
8.96197 0.0419434
8.96197 0.0419434
8.96197 0.0419434
8.96229 0.0622842
8.96242 0.0420718
8.96242 0.0420718
8.96242 0.0423913
8.96264 0.041974
8.96264 0.0422935
8.96264 0.041974
8.96296 0.0629538
8.96328 0.0632733
8.96328 0.0632733
8.9634 0.0427414
8.9634 0.0424219
8.9634 0.0424219
8.9641 0.0640944
8.96485 0.0648494
8.96763 0.067613
8.96795 0.0679456
8.96827 0.0682651
8.96884 0.0688335
8.9694 0.0694018
8.96976 0.0697395
8.97007 0.0700719
8.97046 0.0704537
8.97081 0.0708046
8.97113 0.0711238
8.97113 0.0711238
8.97113 0.0711238
8.97179 0.0717854
8.97211 0.172104
8.97211 0.0721049
8.97289 0.0728795
8.97359 0.0735838
8.97391 0.0738901
8.97432 0.0743031
8.97464 0.174635
8.97524 0.075235
8.97565 0.0756479
8.97606 0.0760607
8.9766 0.0765695
8.97692 0.0769174
8.97758 0.0775543
8.97855 0.0785443
8.97887 0.0788713
8.97887 0.0788713
8.97957 0.079564
8.97989 0.0798835
8.98021 0.080203
8.98053 0.0805208
8.98212 0.0821173
8.98225 0.0422217
8.98225 0.0422217
8.98225 0.0422217
8.98238 0.0420306
8.98238 0.0420306
8.98238 0.0423501
8.98263 0.0419639
8.98263 0.0422834
8.98263 0.0419639
8.98294 0.0422789
8.98294 0.0419594
8.98294 0.0419594
8.98507 0.0850654
8.98791 0.0879044
8.98823 0.0882239
8.98917 0.0891655
8.99151 0.0915067
8.99183 0.091816
8.99405 0.0940431
8.99455 0.0945492
8.99487 0.0948687
8.99721 0.09721
9.00142 0.101418
9.00177 0.101768
9.00199 0.0419632
9.00199 0.0419632
9.00199 0.0419632
9.00231 0.0419587
9.00231 0.0419587
9.00231 0.0422782
9.00262 0.0419542
9.00262 0.0422738
9.00262 0.0419542
9.00313 0.103126
9.00326 0.0425888
9.00326 0.0422693
9.00326 0.0422693
9.00367 0.103667
9.00495 0.104924
9.01071 0.110712
9.0176 0.117595
9.01792 0.117914
9.01824 0.118234
9.01824 0.118234
9.01902 0.11902
9.01944 0.119432
9.01994 0.119939
9.02039 0.120383
9.02194 0.0419436
9.02194 0.0419436
9.02194 0.0419436
9.02233 0.122323
9.02245 0.0421342
9.02245 0.0421342
9.02245 0.0424537
9.02258 0.0419431
9.02258 0.0422626
9.02258 0.0419431
9.02293 0.0422892
9.02293 0.0419697
9.02293 0.0419697
9.02543 0.125423
9.02631 0.126303
9.0396 0.139592
9.04035 0.140347
9.04216 0.0421591
9.04292 0.041955
9.04292 0.0422745
9.04292 0.041955
9.04323 0.04227
9.04323 0.0419505
9.04323 0.0419505
9.04473 0.0447074
9.04602 0.0460153
9.05041 0.0504094
9.05232 0.152314
9.05264 0.0526348
9.05383 0.0537998
9.05601 0.0560109
9.05711 0.057108
9.05914 0.159137
9.06014 0.060142
9.06112 0.0611147
9.06196 0.0419458
9.06196 0.0419458
9.06196 0.0419458
9.06228 0.062278
9.06241 0.0420742
9.06241 0.0420742
9.06241 0.0423937
9.0626 0.0419453
9.0626 0.0422648
9.0626 0.0419453
9.06295 0.0629476
9.06327 0.0632671
9.06327 0.0632671
9.0634 0.0427438
9.0634 0.0424243
9.0634 0.0424243
9.06403 0.0640261
9.06481 0.0648121
9.06762 0.0676155
9.06794 0.0679395
9.06826 0.068259
9.06883 0.0688273
9.06937 0.0693645
9.06975 0.0697419
9.07007 0.0700658
9.07039 0.0703853
9.07071 0.0707048
9.07103 0.0710194
9.07103 0.0710243
9.07135 0.0713438
9.07176 0.0717566
9.07208 0.172075
9.07208 0.0720761
9.07283 0.0728311
9.07356 0.0735549
9.07388 0.0738699
9.0742 0.0741896
9.07467 0.174668
9.07521 0.0752062
9.07565 0.0756501
9.07606 0.076063
9.0766 0.0765839
9.07692 0.0769197
9.07755 0.0775342
9.07852 0.0785229
9.07884 0.0788436
9.07916 0.079162
9.07948 0.0794815
9.0798 0.079801
9.08025 0.0802449
9.08057 0.0805402
9.08213 0.0821281
9.08226 0.0422412
9.08226 0.0422412
9.08226 0.0422412
9.08239 0.04205
9.08239 0.04205
9.08239 0.0423695
9.08261 0.0419522
9.08261 0.0422717
9.08261 0.0419522
9.08292 0.0422672
9.08292 0.0419477
9.08292 0.0419477
9.08505 0.0850451
9.08764 0.0876352
9.08796 0.0879547
9.08908 0.0890829
9.09149 0.0914864
9.09181 0.0918043
9.09412 0.0941161
9.09447 0.0944667
9.09479 0.0947862
9.09716 0.0971586
9.10143 0.101428
9.10175 0.101748
9.10197 0.0419515
9.10197 0.0419515
9.10197 0.0419515
9.10229 0.041947
9.10229 0.041947
9.10229 0.0422665
9.1026 0.0419426
9.1026 0.0422621
9.1026 0.0419426
9.10292 0.102919
9.10305 0.0423904
9.10305 0.0420709
9.10305 0.0420709
9.10362 0.103616
9.10496 0.104936
9.11082 0.110818
9.11758 0.117576
9.1179 0.117895
9.11822 0.118215
9.11822 0.118215
9.119 0.119001
9.11932 0.11932
9.11983 0.119826
9.1203 0.120301
9.12199 0.0419645
9.12199 0.0419645
9.12199 0.0419645
9.12231 0.122305
9.12243 0.0420929
9.12243 0.0420929
9.12243 0.0424124
9.12263 0.041964
9.12263 0.0422835
9.12263 0.041964
9.12294 0.042279
9.12294 0.0419595
9.12294 0.0419595
9.12497 0.124969
9.12604 0.126035
9.13958 0.139574
9.1403 0.140297
9.14217 0.0421489
9.1423 0.0419578
9.1423 0.0419578
9.1423 0.0419578
9.14262 0.0419533
9.14262 0.0419533
9.14262 0.0422728
9.14293 0.0419488
9.14293 0.0422683
9.14293 0.0419488
9.14325 0.0422638
9.14325 0.0419443
9.14325 0.0419443
9.14472 0.0447011
9.14603 0.0460315
9.1504 0.0503946
9.1523 0.1523
9.15262 0.0526199
9.15381 0.0537849
9.15603 0.0560271
9.15709 0.0570931
9.15912 0.159123
9.16013 0.0601272
9.1611 0.0610999
9.16194 0.0419396
9.16194 0.0419396
9.16194 0.0419396
9.16226 0.0622631
9.16239 0.042068
9.16239 0.042068
9.16239 0.0423875
9.16258 0.0419391
9.16258 0.0422586
9.16258 0.0419391
9.16296 0.0629638
9.16328 0.0632834
9.16328 0.0632834
9.16341 0.0427687
9.16341 0.0424492
9.16341 0.0424492
9.16404 0.0640423
9.16483 0.0648284
9.16761 0.0675781
9.16793 0.0679246
9.16828 0.0682752
9.16881 0.0688124
9.16935 0.0693497
9.16976 0.0697357
9.17008 0.070082
9.1704 0.0704015
9.17072 0.070721
9.17104 0.0710305
9.17104 0.0710405
9.17136 0.07136
9.17177 0.0717728
9.17209 0.0720923
9.17209 0.172092
9.17282 0.0727967
9.17351 0.073509
9.17383 0.0738015
9.17415 0.0741212
9.17466 0.174653
9.1751 0.075098
9.17567 0.0756664
9.17602 0.076017
9.17652 0.0765189
9.17691 0.0769048
9.17763 0.0776212
9.17857 0.078549
9.17889 0.0788898
9.17889 0.0788898
9.17958 0.0795825
9.1799 0.079902
9.18022 0.0802215
9.18054 0.0805255
9.18207 0.0820736
9.1822 0.0421953
9.1822 0.0421953
9.1822 0.0421953
9.18233 0.0420042
9.18233 0.0420042
9.18233 0.0423237
9.18258 0.0419375
9.18258 0.042257
9.18258 0.0419375
9.18293 0.0422836
9.18293 0.0419641
9.18293 0.0419641
9.18508 0.085084
9.18786 0.0878607
9.18818 0.0881802
9.18906 0.0890596
9.19156 0.0915564
9.19188 0.0918518
9.19409 0.0940927
9.19454 0.0945366
9.19486 0.0948561
9.19714 0.0971352
9.20141 0.101405
9.20173 0.101724
9.20195 0.0419368
9.20195 0.0419368
9.20195 0.0419368
9.20229 0.0419634
9.20229 0.0419634
9.20229 0.0422829
9.20261 0.0419589
9.20261 0.0422785
9.20261 0.0419589
9.20311 0.103113
9.20324 0.0425935
9.20324 0.042274
9.20324 0.042274
9.20362 0.103623
9.20503 0.105006
9.21076 0.110763
9.21765 0.117646
9.21797 0.117965
9.21797 0.117965
9.21829 0.118285
9.21904 0.11904
9.21936 0.119359
9.21984 0.119834
9.22031 0.120309
9.22196 0.0419498
9.22196 0.0419498
9.22196 0.0419498
9.22228 0.122281
9.22241 0.0420782
9.22241 0.0420782
9.22241 0.0423977
9.2226 0.0419493
9.2226 0.0422688
9.2226 0.0419493
9.22292 0.0422643
9.22292 0.0419448
9.22292 0.0419448
9.22498 0.124977
9.22623 0.126229
9.23955 0.13955
9.24031 0.140305
9.24215 0.0421342
9.24228 0.041943
9.24228 0.041943
9.24228 0.041943
9.24259 0.0419386
9.24259 0.0419386
9.24259 0.0422581
9.24294 0.0419652
9.24294 0.0422847
9.24294 0.0419652
9.24325 0.0422802
9.24325 0.0419607
9.24325 0.0419607
9.24466 0.0446553
9.24601 0.0460082
9.2504 0.0504023
9.25231 0.152307
9.25263 0.0526276
9.25382 0.0537926
9.256 0.0560038
9.25701 0.0570076
9.25898 0.158975
9.26014 0.0601349
9.26111 0.0611076
9.26198 0.041956
9.26198 0.041956
9.26198 0.041956
9.2623 0.062302
9.26243 0.0420844
9.26243 0.0420844
9.26243 0.0424039
9.26262 0.0419555
9.26262 0.042275
9.26262 0.0419555
9.26297 0.0629716
9.26297 0.0629716
9.26329 0.0632911
9.26342 0.042754
9.26342 0.0424345
9.26342 0.0424345
9.26405 0.06405
9.26484 0.0648361
9.26761 0.0675945
9.26793 0.0679323
9.26825 0.0682518
9.26888 0.0688824
9.26936 0.0693574
9.26977 0.0697521
9.27009 0.0700897
9.27041 0.0704093
9.27092 0.0709001
9.27124 0.0712349
9.27124 0.0712349
9.27124 0.0712349
9.27177 0.0717721
9.27209 0.172091
9.27209 0.0720916
9.27291 0.0728873
9.27354 0.0735394
9.27386 0.0738405
9.27418 0.0741602
9.27465 0.174653
9.27516 0.0751595
9.27567 0.0756657
9.27599 0.0759852
9.27662 0.0765925
9.27694 0.0769352
9.27763 0.0775981
9.27857 0.0785569
9.27889 0.0788891
9.27889 0.0788891
9.27927 0.0792708
9.27965 0.0796525
9.28016 0.0801586
9.28054 0.0805334
9.28207 0.0820729
9.2822 0.0421722
9.2822 0.0421722
9.2822 0.0421722
9.28233 0.041981
9.28233 0.041981
9.28233 0.0423006
9.28261 0.0419455
9.28261 0.042265
9.28261 0.0419455
9.28293 0.0422605
9.28293 0.041941
9.28293 0.041941
9.28502 0.085021
9.2878 0.0877978
9.28812 0.0881173
9.28906 0.0890589
9.29149 0.0914934
9.29181 0.0917976
9.294 0.0939987
9.29444 0.0944426
9.29482 0.0948243
9.29723 0.0972278
9.3014 0.101404
9.30176 0.101755
9.30195 0.0419448
9.30195 0.0419448
9.30195 0.0419448
9.30226 0.0419403
9.30226 0.0419403
9.30226 0.0422598
9.30261 0.0419669
9.30261 0.0422864
9.30261 0.0419669
9.30311 0.103113
9.30324 0.0426014
9.30324 0.0422819
9.30324 0.0422819
9.30365 0.103654
9.30497 0.104943
9.31079 0.110794
9.31765 0.117645
9.31796 0.117964
9.31796 0.117964
9.31796 0.117964
9.319 0.118999
9.31932 0.119319
9.32001 0.120012
9.32036 0.120362
9.32195 0.0419492
9.32195 0.0419492
9.32195 0.0419492
9.3223 0.122303
9.32243 0.0421087
9.32243 0.0421087
9.32243 0.0424283
9.32259 0.0419487
9.32259 0.0422682
9.32259 0.0419487
9.32291 0.0422637
9.32291 0.0419442
9.32291 0.0419442
9.32497 0.124967
9.32628 0.126282
9.33954 0.139541
9.34033 0.140327
9.34214 0.0421336
9.34227 0.0419425
9.34227 0.0419425
9.34227 0.0419425
9.34258 0.041938
9.34258 0.041938
9.34258 0.0422575
9.34293 0.0419646
9.34293 0.0422841
9.34293 0.0419646
9.34324 0.0422796
9.34324 0.0419601
9.34324 0.0419601
9.34468 0.0446632
9.34606 0.0460301
9.35036 0.0503309
9.3523 0.152298
9.35262 0.0525873
9.35381 0.0537835
9.35606 0.0560257
9.35703 0.0569984
9.359 0.158997
9.36016 0.0601257
9.36113 0.0610984
9.36204 0.0620089
9.36217 0.0421506
9.36217 0.0421506
9.36217 0.0421506
9.3623 0.0419594
9.3623 0.0419594
9.3623 0.0422789
9.36261 0.0419549
9.36261 0.0422745
9.36261 0.0419549
9.36296 0.0629313
9.36328 0.0632508
9.36328 0.0632508
9.36341 0.0427535
9.36341 0.0424339
9.36341 0.0424339
9.36407 0.0640409
9.36486 0.0648269
9.3676 0.067594
9.36792 0.0678921
9.3684 0.0683671
9.36893 0.0689043
9.36929 0.0692549
9.36976 0.0697516
9.37008 0.0700495
9.3704 0.070369
9.37072 0.0706885
9.37104 0.0710187
9.37104 0.071008
9.37136 0.0713275
9.37168 0.071647
9.372 0.0719665
9.372 0.171997
9.37294 0.0729095
9.37326 0.0732276
9.37376 0.0737552
9.37408 0.0740748
9.3744 0.0743927
9.37472 0.174723
9.37523 0.0751984
9.37555 0.0755179
9.37609 0.0760551
9.37641 0.0763746
9.37679 0.0767662
9.37857 0.0785649
9.37889 0.0788573
9.37889 0.0788573
9.37924 0.0792079
9.37965 0.0796207
9.38025 0.0802201
9.38057 0.0805413
9.38213 0.0821033
9.38226 0.0422423
9.38226 0.0422423
9.38226 0.0422423
9.38239 0.0420512
9.38239 0.0420512
9.38239 0.0423707
9.38261 0.0419534
9.38261 0.0422729
9.38261 0.0419534
9.38293 0.0422684
9.38293 0.0419489
9.38293 0.0419489
9.38505 0.0850203
9.38795 0.0879215
9.38827 0.088241
9.38909 0.0890582
9.39152 0.0914927
9.39184 0.0918366
9.394 0.0939669
9.39447 0.0944419
9.39482 0.0947925
9.39716 0.0971338
9.4014 0.101372
9.40175 0.101723
9.40198 0.0419527
9.40198 0.0419527
9.40198 0.0419527
9.40229 0.0419482
9.40229 0.0419482
9.40229 0.0422677
9.40261 0.0419437
9.40261 0.0422632
9.40261 0.0419437
9.40308 0.10305
9.40321 0.0425471
9.40321 0.0422276
9.40321 0.0422276
9.40368 0.103653
9.405 0.104974
9.41064 0.110606
9.41752 0.117489
9.41784 0.117808
9.41816 0.118128
9.41816 0.118128
9.41907 0.119038
9.41939 0.119358
9.42008 0.120051
9.4204 0.12037
9.42199 0.0419656
9.42199 0.0419656
9.42199 0.0419656
9.4225 0.122466
9.42263 0.0422807
9.42263 0.0422807
9.42263 0.0426002
9.42263 0.0419612
9.42263 0.0422807
9.42263 0.0419612
9.42275 0.0420895
9.42294 0.0422801
9.42294 0.0419606
9.42294 0.0419606
9.42501 0.124975
9.42604 0.12601
9.43958 0.139549
9.44033 0.140304
9.44218 0.04215
9.44231 0.0419589
9.44231 0.0419589
9.44231 0.0419589
9.44262 0.0419544
9.44262 0.0419544
9.44262 0.0422739
9.44294 0.0419499
9.44294 0.0422694
9.44294 0.0419499
9.44325 0.0422649
9.44325 0.0419454
9.44325 0.0419454
9.44466 0.044657
9.44604 0.0460067
9.45043 0.0504009
9.45234 0.152306
9.45266 0.0526262
9.45382 0.0537912
9.45597 0.0559402
9.45704 0.0570062
9.45916 0.159129
9.46016 0.0601335
9.46114 0.0611062
9.46205 0.0620167
9.46217 0.042167
9.46217 0.042167
9.46217 0.042167
9.4623 0.0419758
9.4623 0.0419758
9.4623 0.0422953
9.46259 0.0419402
9.46259 0.0422597
9.46259 0.0419402
9.46297 0.0629391
9.46329 0.0632586
9.46329 0.0632586
9.46342 0.0427699
9.46342 0.0424503
9.46342 0.0424503
9.46408 0.0640486
9.46486 0.0648347
9.46761 0.0675793
9.46793 0.0678998
9.46828 0.0682504
9.46885 0.0688188
9.46929 0.0692627
9.46983 0.0697991
9.47015 0.0701194
9.47015 0.0701194
9.47047 0.0704389
9.47091 0.0708884
9.47123 0.0712024
9.47123 0.0712024
9.47155 0.0715219
9.47187 0.0718414
9.47219 0.17216
9.47285 0.0728356
9.47317 0.073142
9.47377 0.0737404
9.47409 0.0740601
9.47441 0.07439
9.47473 0.174699
9.47517 0.0751439
9.47568 0.0756501
9.47603 0.0760007
9.47663 0.0766001
9.47695 0.0769466
9.47854 0.0785144
9.47886 0.0788386
9.47918 0.0791534
9.4795 0.0794729
9.47982 0.0797924
9.4802 0.0801741
9.48068 0.0806595
9.48215 0.0821195
9.48228 0.0422672
9.48228 0.0422672
9.48228 0.0422672
9.48228 0.0419477
9.48228 0.0419477
9.48228 0.0422672
9.48241 0.0423956
9.4826 0.0419471
9.4826 0.0422667
9.4826 0.0419471
9.48291 0.0422622
9.48291 0.0419426
9.48291 0.0419426
9.48507 0.0850366
9.48781 0.0877822
9.48813 0.0881017
9.4891 0.0890744
9.49151 0.0914778
9.49183 0.0917992
9.49414 0.0941075
9.49449 0.0944581
9.49481 0.0947776
9.49718 0.09715
9.50142 0.101389
9.5018 0.10177
9.50196 0.0419464
9.50196 0.0419464
9.50196 0.0419464
9.50227 0.041942
9.50227 0.041942
9.50227 0.0422615
9.50259 0.0419375
9.50259 0.042257
9.50259 0.0419375
9.50294 0.0422836
9.50294 0.0419641
9.50294 0.0419641
9.50326 0.103225
9.50367 0.103638
9.50501 0.10499
9.51087 0.11084
9.51766 0.117629
9.51798 0.117949
9.5183 0.118268
9.5183 0.118268
9.51908 0.119054
9.5194 0.119374
9.52016 0.120129
9.52048 0.120448
9.52198 0.0419594
9.52198 0.0419594
9.52198 0.0419594
9.52236 0.122327
9.52249 0.04215
9.52249 0.04215
9.52249 0.0424695
9.52261 0.0419589
9.52261 0.0422784
9.52261 0.0419589
9.52293 0.0422739
9.52293 0.0419544
9.52293 0.0419544
9.52502 0.124991
9.52609 0.126057
9.53963 0.139596
9.54035 0.14032
9.54216 0.0421438
9.54229 0.0422722
9.54229 0.0422722
9.54229 0.0419527
9.54229 0.0419527
9.54229 0.0419527
9.54261 0.0419482
9.54261 0.0419482
9.54261 0.0422677
9.54292 0.0419437
9.54292 0.0422632
9.54292 0.0419437
9.5447 0.0446864
9.54602 0.0459879
9.55044 0.0504131
9.55235 0.152318
9.55267 0.0526384
9.5538 0.0537724
9.55595 0.0559213
9.55705 0.0570184
9.55908 0.159048
9.56017 0.0601457
9.56115 0.0611184
9.56203 0.0619978
9.56216 0.0421341
9.56216 0.0421341
9.56216 0.0421341
9.56228 0.041943
9.56228 0.041943
9.56228 0.0422625
9.5626 0.0419385
9.5626 0.042258
9.5626 0.0419385
9.56295 0.0629202
9.56327 0.0632397
9.56327 0.0632397
9.5634 0.042737
9.5634 0.0424175
9.5634 0.0424175
9.56409 0.0640609
9.56484 0.0648158
9.56762 0.0676002
9.56794 0.0679121
9.56829 0.0682627
9.56886 0.068831
9.56933 0.069306
9.56978 0.0697577
9.5701 0.0700695
9.57042 0.070389
9.57074 0.0707085
9.57106 0.0710283
9.57106 0.071028
9.57138 0.0713475
9.5717 0.071667
9.57202 0.0719865
9.57202 0.171986
9.57293 0.0728952
9.57325 0.0732165
9.57384 0.0738235
9.57416 0.0741432
9.57448 0.0744539
9.57487 0.174836
9.57531 0.0752806
9.57569 0.0756623
9.57614 0.0761062
9.57658 0.0765502
9.5773 0.077287
9.57859 0.078571
9.57891 0.0788773
9.57891 0.0788773
9.57941 0.0793834
9.57973 0.0797029
9.58021 0.0801779
9.58056 0.0805475
9.58212 0.0820922
9.58225 0.0422259
9.58225 0.0422259
9.58225 0.0422259
9.58238 0.0420347
9.58238 0.0420347
9.58238 0.0423542
9.5826 0.0419369
9.5826 0.0422564
9.5826 0.0419369
9.58295 0.042283
9.58295 0.0419635
9.58295 0.0419635
9.58504 0.0850092
9.58781 0.087786
9.58813 0.0881055
9.58911 0.0890782
9.59151 0.0914922
9.59183 0.0918011
9.59402 0.0939869
9.59446 0.0944308
9.59478 0.0947503
9.59718 0.0971538
9.60142 0.101392
9.60174 0.101712
9.60199 0.0419673
9.60199 0.0419673
9.60199 0.0419673
9.60231 0.0419628
9.60231 0.0419628
9.60231 0.0422824
9.60262 0.0419584
9.60262 0.0422779
9.60262 0.0419584
9.6031 0.10307
9.60323 0.0425618
9.60323 0.0422423
9.60323 0.0422423
9.6037 0.103673
9.60499 0.104963
9.61081 0.110782
9.6176 0.117571
9.61792 0.11789
9.61824 0.11821
9.61824 0.11821
9.61902 0.118996
9.61934 0.119316
9.62007 0.120039
9.62039 0.120359
9.62198 0.0419492
9.62198 0.0419492
9.62198 0.0419492
9.62248 0.122455
9.62261 0.0422642
9.62261 0.0422642
9.62261 0.0425837
9.62261 0.0419447
9.62261 0.0422642
9.62261 0.0419447
9.62274 0.0420731
9.62293 0.0422637
9.62293 0.0419442
9.62293 0.0419442
9.62499 0.124964
9.62631 0.126279
9.63957 0.139538
9.64032 0.140293
9.64213 0.0421336
9.64226 0.042262
9.64226 0.042262
9.64226 0.0419425
9.64226 0.0419425
9.64226 0.0419425
9.64258 0.041938
9.64258 0.041938
9.64258 0.0422575
9.64292 0.0419646
9.64292 0.0422841
9.64292 0.0419646
9.64474 0.0447072
9.64605 0.0460228
9.65041 0.0503858
9.65238 0.152353
9.6527 0.0526733
9.6538 0.0537761
9.65595 0.0559251
9.65702 0.0569911
9.65914 0.159114
9.66018 0.0601495
9.66115 0.0611222
9.66196 0.0419599
9.66196 0.0419599
9.66196 0.0419599
9.66228 0.0622544
9.66241 0.0420883
9.66241 0.0420883
9.66241 0.0424078
9.6626 0.0419594
9.6626 0.0422789
9.6626 0.0419594
9.66298 0.0629551
9.6633 0.0632746
9.6633 0.0632746
9.66343 0.042789
9.66343 0.0424695
9.66343 0.0424695
9.66409 0.0640647
9.66485 0.0648196
9.66759 0.0675815
9.66791 0.0678847
9.66826 0.0682354
9.66883 0.0688037
9.6694 0.069372
9.66975 0.0697391
9.67007 0.0700421
9.67039 0.0703617
9.67071 0.0706812
9.67103 0.0710269
9.67103 0.0710007
9.67135 0.0713202
9.67167 0.0716397
9.67199 0.0719592
9.67199 0.171958
9.67284 0.0728179
9.67316 0.073127
9.67385 0.073836
9.67417 0.0741556
9.67449 0.0744783
9.67484 0.174809
9.67516 0.0751289
9.67569 0.0756661
9.67608 0.0760478
9.6768 0.0767717
9.67731 0.0772768
9.67856 0.0785524
9.67888 0.0788499
9.67888 0.0788499
9.67957 0.0795427
9.67989 0.0798622
9.68021 0.0801817
9.68053 0.0805289
9.68209 0.0820649
9.68222 0.0422156
9.68222 0.0422156
9.68222 0.0422156
9.68235 0.0420245
9.68235 0.0420245
9.68235 0.042344
9.6826 0.0419578
9.6826 0.0422773
9.6826 0.0419578
9.68292 0.0422728
9.68292 0.0419533
9.68292 0.0419533
9.68504 0.085013
9.68785 0.0878208
9.68817 0.0881403
9.68917 0.0891441
9.69151 0.0915046
9.69183 0.0918049
9.69402 0.0939907
9.69449 0.0944657
9.69484 0.0948163
9.69719 0.0971576
9.70139 0.101365
9.70181 0.101778
9.70197 0.0419571
9.70197 0.0419571
9.70197 0.0419571
9.70228 0.0419526
9.70228 0.0419526
9.70228 0.0422721
9.7026 0.0419481
9.7026 0.0422676
9.7026 0.0419481
9.70291 0.0422632
9.70291 0.0419436
9.70291 0.0419436
9.70323 0.103202
9.70367 0.103646
9.70502 0.104998
9.71081 0.110786
9.71767 0.117637
9.71798 0.117956
9.71798 0.117956
9.7183 0.118276
9.71903 0.119
9.71935 0.119319
9.72007 0.120043
9.72039 0.120363
9.72195 0.041939
9.72195 0.041939
9.72195 0.041939
9.72249 0.122459
9.72262 0.0422851
9.72262 0.0422851
9.72262 0.0426046
9.72262 0.0419656
9.72262 0.0422851
9.72262 0.0419656
9.72274 0.042094
9.72293 0.0422846
9.72293 0.0419651
9.72293 0.0419651
9.72531 0.125279
9.72606 0.126034
9.73957 0.139541
9.74039 0.140359
9.74217 0.0421545
9.7423 0.0422828
9.7423 0.0422828
9.7423 0.0419633
9.7423 0.0419633
9.7423 0.0419633
9.74261 0.0419588
9.74261 0.0419588
9.74261 0.0422784
9.74293 0.0419544
9.74293 0.0422739
9.74293 0.0419544
9.74471 0.044697
9.74605 0.0460266
9.75042 0.0503896
9.75235 0.152326
9.75267 0.052646
9.7538 0.0537799
9.75596 0.0559289
9.75702 0.0569949
9.75915 0.159118
9.75996 0.0599356
9.76115 0.061126
9.76197 0.0419497
9.76197 0.0419497
9.76197 0.0419497
9.76229 0.0622582
9.76241 0.0420781
9.76241 0.0420781
9.76241 0.0423976
9.7626 0.0419492
9.7626 0.0422687
9.7626 0.0419492
9.76299 0.0629589
9.76331 0.0632784
9.76331 0.0632784
9.76343 0.0427788
9.76343 0.0424593
9.76343 0.0424593
9.76406 0.0640373
9.76485 0.0648234
9.76769 0.0676872
9.76801 0.0679818
9.76833 0.0683013
9.76883 0.0688075
9.76928 0.0692514
9.76985 0.0698448
9.77017 0.0701392
9.77017 0.0701392
9.77049 0.0704587
9.7709 0.0708926
9.77122 0.0711911
9.77122 0.0711911
9.77157 0.0715417
9.77189 0.0718612
9.77221 0.17218
9.77293 0.072916
9.77325 0.0732241
9.77376 0.0737551
9.77414 0.074137
9.77446 0.0744404
9.77478 0.17475
9.77519 0.0751637
9.7757 0.0756699
9.77605 0.0760205
9.77658 0.0765577
9.77765 0.0776398
9.77859 0.0785648
9.77891 0.0788848
9.77891 0.0788848
9.77957 0.0795465
9.77989 0.079866
9.78021 0.0801855
9.78053 0.0805186
9.78197 0.0419481
9.78197 0.0419481
9.78197 0.0419481
9.78229 0.0822593
9.78241 0.0420765
9.78241 0.0420765
9.78241 0.042396
9.78261 0.0419476
9.78261 0.0422671
9.78261 0.0419476
9.78292 0.0422626
9.78292 0.0419431
9.78292 0.0419431
9.78504 0.0850168
9.78711 0.0870781
9.78802 0.0879886
9.78908 0.0890546
9.79155 0.0915203
9.79187 0.0918365
9.79399 0.0939633
9.7945 0.0944695
9.79482 0.094789
9.79719 0.0971613
9.8014 0.101369
9.80178 0.101751
9.80197 0.0419469
9.80197 0.0419469
9.80197 0.0419469
9.80228 0.0419424
9.80228 0.0419424
9.80228 0.0422619
9.8026 0.0419379
9.8026 0.0422574
9.8026 0.0419379
9.80294 0.042284
9.80294 0.0419645
9.80294 0.0419645
9.8033 0.103268
9.80371 0.103681
9.80499 0.10497
9.81082 0.110789
9.81761 0.117579
9.81793 0.117898
9.81824 0.118218
9.81824 0.118218
9.81906 0.119035
9.81938 0.119354
9.82004 0.120016
9.82036 0.120335
9.82198 0.0419599
9.82198 0.0419599
9.82198 0.0419599
9.82249 0.122463
9.82262 0.0422749
9.82262 0.0422749
9.82262 0.0425944
9.82262 0.0419554
9.82262 0.0422749
9.82262 0.0419554
9.82275 0.0420838
9.82294 0.0422744
9.82294 0.0419549
9.82294 0.0419549
9.82503 0.125003
9.82606 0.126038
9.83957 0.139545
9.84036 0.140331
9.84217 0.0421442
9.8423 0.0422726
9.8423 0.0422726
9.8423 0.0419531
9.8423 0.0419531
9.8423 0.0419531
9.84261 0.0419486
9.84261 0.0419486
9.84261 0.0422681
9.84293 0.0419441
9.84293 0.0422636
9.84293 0.0419441
9.84471 0.0446868
9.84606 0.0460303
9.85042 0.0503934
9.85233 0.152298
9.85265 0.0526187
9.8538 0.0537837
9.85596 0.0559326
9.85703 0.0569986
9.85915 0.159121
9.85997 0.0599394
9.86113 0.0610987
9.86197 0.0419395
9.86197 0.0419395
9.86197 0.0419395
9.86229 0.062262
9.86242 0.0420679
9.86242 0.0420679
9.86242 0.0423874
9.86261 0.041939
9.86261 0.0422585
9.86261 0.041939
9.86299 0.0629627
9.86331 0.0632822
9.86331 0.0632822
9.86344 0.0427686
9.86344 0.0424491
9.86344 0.0424491
9.86407 0.0640411
9.86485 0.0648272
9.86763 0.0676063
9.86795 0.0679234
9.8683 0.068274
9.86884 0.0688113
9.86928 0.0692552
9.86976 0.0697328
9.87008 0.0700497
9.8704 0.0703692
9.87072 0.0706887
9.87103 0.0710241
9.87103 0.0710082
9.87135 0.0713277
9.87183 0.0718028
9.87215 0.0721223
9.87215 0.172121
9.87284 0.0728116
9.87316 0.0731345
9.87385 0.0738297
9.87417 0.0741494
9.87449 0.0744648
9.87481 0.174785
9.87519 0.0751675
9.8757 0.0756737
9.87602 0.0759932
9.87659 0.0765615
9.87759 0.07759
9.87856 0.0785461
9.87888 0.0788575
9.87888 0.0788575
9.87958 0.0795502
9.8799 0.0798698
9.88022 0.0801889
9.88054 0.0805088
9.8821 0.0820724
9.88223 0.0422263
9.88223 0.0422263
9.88223 0.0422263
9.88236 0.0420352
9.88236 0.0420352
9.88236 0.0423547
9.88258 0.0419374
9.88258 0.0422569
9.88258 0.0419374
9.88292 0.0422835
9.88292 0.041964
9.88292 0.041964
9.88505 0.0850206
9.8872 0.0871752
9.88799 0.0879613
9.88908 0.0890584
9.89152 0.0914983
9.89184 0.0918125
9.89402 0.0939982
9.8945 0.0944733
9.89482 0.0947928
9.89716 0.097134
9.9014 0.101373
9.90175 0.101723
9.90194 0.0419367
9.90194 0.0419367
9.90194 0.0419367
9.90229 0.0419633
9.90229 0.0419633
9.90229 0.0422828
9.9026 0.0419588
9.9026 0.0422783
9.9026 0.0419588
9.90292 0.0422738
9.90292 0.0419543
9.90292 0.0419543
9.90333 0.103303
9.90365 0.103622
9.90499 0.104974
9.91082 0.110793
9.91767 0.117645
9.91799 0.117964
9.91799 0.117964
9.91831 0.118284
9.91903 0.119007
9.91935 0.119327
9.92008 0.120051
9.9204 0.12037
9.92196 0.0419497
9.92196 0.0419497
9.92196 0.0419497
9.92237 0.122342
9.9225 0.0421714
9.9225 0.0421714
9.9225 0.0424909
9.92263 0.0419802
9.92263 0.0422997
9.92263 0.0419802
9.92291 0.0422641
9.92291 0.0419446
9.92291 0.0419446
9.92522 0.125193
9.9261 0.126072
9.93958 0.139549
9.94033 0.140304
9.94214 0.042134
9.94227 0.0422624
9.94227 0.0422624
9.94227 0.0419429
9.94227 0.0419429
9.94227 0.0419429
9.94259 0.0419384
9.94259 0.0419384
9.94259 0.0422579
9.94293 0.041965
9.94293 0.0422845
9.94293 0.041965
9.94443 0.041956
9.94475 0.0447468
9.94604 0.046011
9.94828 0.041964
9.95044 0.050413
9.95229 0.15226
9.95261 0.0525801
9.9538 0.0537763
9.95595 0.0559252
9.9563 0.0419617
9.95702 0.0569991
9.95921 0.159184
9.95997 0.0599438
9.9601 0.0421026
9.96113 0.0611071
9.96198 0.041951
9.96198 0.041951
9.96198 0.041951
9.9623 0.0622704
9.96242 0.0420794
9.96242 0.0420794
9.96242 0.0423989
9.96261 0.0419505
9.96261 0.04227
9.96261 0.0419505
9.963 0.0629711
9.96332 0.0632906
9.96332 0.0632906
9.96344 0.0427801
9.96344 0.0424606
9.96344 0.0424606
9.96408 0.0640496
9.96408 0.0421496
9.96427 0.0419585
9.96487 0.0648396
9.96761 0.0675963
9.96793 0.0679047
9.96828 0.0682553
9.96888 0.0688587
9.96901 0.0420851
9.96939 0.0693689
9.96981 0.0697929
9.97013 0.0701012
9.97013 0.0701012
9.97045 0.0704207
9.97089 0.0708753
9.97121 0.0711841
9.97121 0.0711841
9.97181 0.0717836
9.97213 0.172102
9.97213 0.0721031
9.97251 0.0419617
9.97251 0.0419617
9.97283 0.0728087
9.97355 0.0735237
9.97387 0.0738542
9.97419 0.0741739
9.97451 0.0745012
9.97483 0.174801
9.97521 0.0751834
9.97568 0.0756584
9.97607 0.0760401
9.97619 0.0420646
9.9767 0.0766747
9.97758 0.0775563
9.97858 0.0785746
9.9789 0.0788773
9.9789 0.0788773
9.97956 0.079539
9.97988 0.0798585
9.98023 0.0802091
9.98055 0.0805454
9.98209 0.0820612
9.98222 0.0421985
9.98222 0.0421985
9.98222 0.0421985
9.98234 0.0420074
9.98234 0.0420074
9.98234 0.0423269
9.9826 0.0419407
9.9826 0.0422602
9.9826 0.0419407
9.98294 0.0422868
9.98294 0.0419673
9.98294 0.0419673
9.98294 0.0419673
9.98294 0.0419673
9.9851 0.0850715
9.98638 0.0419667
9.9871 0.0870786
9.98798 0.087958
9.98908 0.0890551
9.99064 0.0419521
9.99149 0.0914665
9.99181 0.0918
9.994 0.0939718
9.99457 0.0945441
9.99489 0.0948636
9.99502 0.0420165
9.99717 0.0971466
9.99836 0.0419538

