% time_sec delay_sec
0.135113 0.0350824
0.13817 0.0381391
0.141102 0.0410713
0.143412 0.0433815
0.143731 0.043701
0.144238 0.0442071
0.144557 0.0445266
0.145343 0.0453127
0.146534 0.0465031
0.147133 0.0471026
0.147453 0.0474221
0.148176 0.0481459
0.149305 0.0492742
0.150899 0.0508689
0.152836 0.0528058
0.153311 0.0532809
0.154657 0.0546268
0.15703 0.0569992
0.157349 0.0573187
0.157669 0.0576382
0.159015 0.0589841
0.159015 0.0589841
0.16092 0.0608899
0.16152 0.0614894
0.161839 0.0618089
0.162594 0.0625639
0.163318 0.0632877
0.163638 0.0636072
0.163638 0.0636072
0.164393 0.0643622
0.164712 0.0646817
0.168173 0.0681427
0.168493 0.0684622
0.168999 0.0689683
0.169629 0.0695989
0.170415 0.0703849
0.17229 0.0722597
0.173325 0.0732946
0.17408 0.0740495
0.174399 0.074369
0.174399 0.074369
0.174719 0.0746885
0.174719 0.0746885
0.175194 0.0751636
0.177909 0.0778781
0.178228 0.0781976
0.179761 0.0797301
0.18008 0.0800497
0.180524 0.0804936
0.181092 0.0810619
0.18163 0.0815991
0.183287 0.0832561
0.183762 0.0837312
0.184081 0.0840507
0.186453 0.086423
0.188359 0.0883288
0.191447 0.0914166
0.191891 0.0918605
0.192242 0.0922111
0.199062 0.0990314
0.199599 0.0995686
0.201567 0.101537
0.204904 0.104873
0.205472 0.105442
0.205792 0.105761
0.20664 0.106609
0.206959 0.106929
0.208834 0.108804
0.21018 0.11015
0.21193 0.1119
0.21648 0.116449
0.221309 0.121279
0.222624 0.122594
0.22313 0.1231
0.224383 0.124353
0.225325 0.125294
0.2351 0.0350926
0.238125 0.0381182
0.239347 0.139316
0.241097 0.04109
0.243376 0.043369
0.243727 0.0437197
0.244264 0.0442569
0.244584 0.0445764
0.245307 0.0453003
0.246529 0.0465218
0.247128 0.0471212
0.247448 0.0474407
0.248172 0.0481646
0.249269 0.0492617
0.250864 0.0508565
0.252863 0.0528556
0.253276 0.0532684
0.254684 0.0546766
0.255221 0.155191
0.257002 0.0569952
0.257322 0.0573147
0.257641 0.157611
0.257641 0.0576342
0.257961 0.15793
0.25856 0.15853
0.258911 0.0589038
0.25923 0.0592233
0.260919 0.0609113
0.261487 0.0614797
0.261806 0.0617992
0.262624 0.0626164
0.263285 0.063278
0.263605 0.0635975
0.263605 0.0635975
0.264391 0.0643836
0.26471 0.0647031
0.26814 0.068133
0.26846 0.0684525
0.268966 0.0689586
0.269627 0.0696203
0.270445 0.0704375
0.272195 0.0721878
0.273323 0.073316
0.274109 0.074102
0.274429 0.0744215
0.274429 0.0744215
0.274748 0.074741
0.274748 0.074741
0.275192 0.075185
0.277876 0.0778684
0.278195 0.0781879
0.279697 0.0796893
0.280016 0.0800089
0.280491 0.0804839
0.281059 0.0810522
0.281628 0.0816206
0.283254 0.0832464
0.283791 0.0837837
0.28411 0.0841032
0.286389 0.0863822
0.288389 0.0883814
0.291383 0.0913758
0.291858 0.0918508
0.29224 0.0922326
0.29906 0.0990528
0.299504 0.0994967
0.301503 0.101496
0.304871 0.104864
0.305532 0.105525
0.305852 0.105845
0.306607 0.1066
0.306926 0.106919
0.308894 0.108887
0.310147 0.11014
0.311928 0.111921
0.316478 0.116471
0.321308 0.1213
0.322622 0.122615
0.323129 0.123121
0.32435 0.124343
0.325292 0.125285
0.335098 0.0350829
0.338155 0.0381396
0.339314 0.139307
0.341095 0.0410803
0.343405 0.0433905
0.343725 0.04371
0.344231 0.0442161
0.344551 0.0445356
0.345399 0.0453839
0.346527 0.0465121
0.347127 0.0471115
0.347446 0.047431
0.34817 0.0481549
0.349298 0.0492831
0.350862 0.0508468
0.352861 0.0528459
0.353305 0.0532898
0.354682 0.0546669
0.355219 0.155212
0.357094 0.0570788
0.357413 0.0573983
0.357413 0.157406
0.357733 0.0577178
0.358052 0.158045
0.358527 0.15852
0.358909 0.0588941
0.359229 0.0592136
0.360917 0.0609017
0.361485 0.06147
0.361805 0.0617895
0.362591 0.0625756
0.363283 0.0632683
0.363603 0.0635878
0.363603 0.0635878
0.364389 0.0643739
0.364708 0.0646934
0.368138 0.0681233
0.368458 0.0684428
0.368964 0.068949
0.369563 0.0695484
0.370381 0.0703656
0.372193 0.0721781
0.373415 0.0733996
0.374076 0.0740612
0.374396 0.0743807
0.374396 0.0743807
0.374715 0.0747003
0.374715 0.0747003
0.375221 0.0752064
0.377874 0.0778587
0.378193 0.0781782
0.379695 0.0796797
0.380014 0.0799992
0.380489 0.0804742
0.381089 0.0810736
0.381626 0.0816109
0.383283 0.0832678
0.383789 0.083774
0.384108 0.0840935
0.386356 0.0863414
0.388356 0.0883406
0.391381 0.0913661
0.391856 0.0918411
0.392238 0.0922229
0.399058 0.0990431
0.399502 0.099487
0.401594 0.101579
0.4049 0.104885
0.405499 0.105484
0.405819 0.105804
0.406605 0.10659
0.406924 0.106909
0.40883 0.108815
0.410176 0.110161
0.411927 0.111912
0.416476 0.116461
0.421306 0.121291
0.422621 0.122606
0.423127 0.123112
0.424442 0.124427
0.425321 0.125306
0.435096 0.0350732
0.438153 0.0381299
0.439343 0.139328
0.441093 0.0410706
0.443404 0.0433808
0.443723 0.0437003
0.444229 0.0442064
0.444549 0.0445259
0.445397 0.0453742
0.446525 0.0465024
0.447125 0.0471018
0.447444 0.0474213
0.448199 0.0481763
0.449296 0.0492734
0.450891 0.0508682
0.452828 0.0528051
0.453303 0.0532801
0.45468 0.0546572
0.455217 0.155202
0.45703 0.0570069
0.457349 0.0573264
0.457349 0.157334
0.457669 0.0576459
0.457988 0.157973
0.458557 0.158542
0.458907 0.0588844
0.459227 0.0592039
0.460915 0.060892
0.461514 0.0614914
0.461834 0.0618109
0.462589 0.0625659
0.463313 0.0632897
0.463632 0.0636092
0.463632 0.0636092
0.464387 0.0643642
0.464707 0.0646837
0.468136 0.0681136
0.468456 0.0684331
0.468993 0.0689704
0.469624 0.0696009
0.470441 0.0704181
0.472191 0.0721684
0.473319 0.0732966
0.474105 0.0740826
0.474425 0.0744022
0.474425 0.0744022
0.474745 0.0747217
0.474745 0.0747217
0.475251 0.0752278
0.477903 0.0778801
0.478222 0.0781996
0.479724 0.0797011
0.480043 0.0800206
0.480518 0.0804956
0.481149 0.0811261
0.481562 0.081539
0.483281 0.0832582
0.483787 0.0837643
0.484107 0.0840838
0.486386 0.0863629
0.488354 0.0883309
0.491379 0.0913564
0.491885 0.0918626
0.492236 0.0922132
0.499056 0.0990334
0.499469 0.0994462
0.501562 0.101539
0.504898 0.104875
0.505529 0.105506
0.505848 0.105825
0.506634 0.106611
0.506954 0.106931
0.508828 0.108806
0.510143 0.11012
0.511925 0.111902
0.516474 0.116451
0.521304 0.121281
0.522681 0.122658
0.523156 0.123133
0.52444 0.124417
0.525319 0.125296
0.535125 0.0350946
0.538151 0.0381202
0.539341 0.139318
0.541123 0.041092
0.543402 0.0433711
0.543721 0.0436906
0.544258 0.0442278
0.544578 0.0445473
0.545395 0.0453645
0.546523 0.0464927
0.547154 0.0471232
0.547473 0.0474428
0.548197 0.0481666
0.549294 0.0492637
0.550889 0.0508585
0.552826 0.0527954
0.553301 0.0532704
0.554709 0.0546786
0.555215 0.155193
0.557028 0.0569972
0.557347 0.0573167
0.557347 0.157325
0.557667 0.0576362
0.557986 0.157964
0.558555 0.158532
0.558999 0.058968
0.559318 0.0592875
0.560913 0.0608823
0.561512 0.0614817
0.561832 0.0618012
0.562649 0.0626184
0.563311 0.06328
0.56363 0.0635996
0.56363 0.0635996
0.564416 0.0643856
0.564736 0.0647051
0.568166 0.068135
0.568485 0.0684545
0.568991 0.0689607
0.569653 0.0696223
0.570439 0.0704084
0.57222 0.0721898
0.573318 0.0732869
0.574104 0.074073
0.574423 0.0743925
0.574423 0.0743925
0.574743 0.074712
0.574743 0.074712
0.575218 0.075187
0.577901 0.0778704
0.578221 0.0781899
0.579815 0.0797847
0.580135 0.0801042
0.580517 0.0804859
0.581147 0.0811165
0.581591 0.0815604
0.583279 0.0832485
0.583816 0.0837857
0.584136 0.0841052
0.586384 0.0863532
0.588352 0.0883212
0.591409 0.0913778
0.591884 0.0918529
0.592265 0.0922346
0.599054 0.0990237
0.599498 0.0994676
0.60156 0.101529
0.604896 0.104866
0.605527 0.105496
0.605846 0.105816
0.606632 0.106602
0.606952 0.106921
0.608827 0.108796
0.610173 0.110142
0.611954 0.111923
0.616472 0.116442
0.621333 0.121302
0.62271 0.12268
0.623154 0.123123
0.624469 0.124438
0.625317 0.125287
0.635092 0.035085
0.638149 0.0381416
0.639339 0.139309
0.64109 0.0410823
0.6434 0.0433925
0.643719 0.043712
0.644226 0.0442181
0.644545 0.0445376
0.645331 0.0453237
0.646522 0.0465141
0.647121 0.0471136
0.64744 0.0474331
0.648195 0.048188
0.649293 0.0492851
0.650856 0.0508488
0.652793 0.0527857
0.653268 0.0532607
0.654707 0.0547
0.655245 0.155214
0.656995 0.0569875
0.657314 0.057307
0.657634 0.157603
0.657634 0.0576265
0.657985 0.157954
0.658615 0.158584
0.658966 0.0589583
0.659285 0.0592778
0.660942 0.0609348
0.661479 0.061472
0.661799 0.0617915
0.662585 0.0625776
0.663309 0.0633015
0.663628 0.063621
0.663628 0.063621
0.664383 0.0643759
0.664703 0.0646954
0.668133 0.0681253
0.668452 0.0684448
0.668958 0.068951
0.66962 0.0696126
0.670437 0.0704298
0.672281 0.0722734
0.673347 0.0733394
0.67404 0.0740322
0.674359 0.0743517
0.674679 0.0746712
0.674679 0.0746712
0.674679 0.0746712
0.675185 0.0751773
0.67793 0.0779229
0.67825 0.0782424
0.67972 0.0797128
0.68004 0.0800323
0.680484 0.0804762
0.681083 0.0810757
0.68162 0.0816129
0.683277 0.0832699
0.683783 0.083776
0.684103 0.0840955
0.686382 0.0863746
0.68835 0.0883426
0.691438 0.0914304
0.691882 0.0918743
0.692232 0.0922249
0.699084 0.0990762
0.699496 0.0994891
0.701558 0.10155
0.704894 0.104887
0.705525 0.105518
0.705844 0.105837
0.706599 0.106592
0.706919 0.106912
0.708856 0.108848
0.71014 0.110132
0.711921 0.111914
0.716533 0.116525
0.7213 0.121293
0.722895 0.122888
0.723214 0.123207
0.724467 0.12446
0.725315 0.125308
0.73509 0.0350753
0.738147 0.0381319
0.739338 0.13933
0.741088 0.0410726
0.743398 0.0433828
0.743718 0.0437023
0.744224 0.0442084
0.744543 0.0445279
0.745391 0.0453762
0.74652 0.0465044
0.747119 0.0471039
0.747439 0.0474234
0.748194 0.0481783
0.749291 0.0492754
0.750885 0.0508702
0.752822 0.0528071
0.753297 0.0532822
0.754674 0.0546592
0.755212 0.155204
0.757024 0.0570089
0.757344 0.0573284
0.757344 0.157336
0.757663 0.0576479
0.757983 0.157975
0.758582 0.158575
0.758995 0.0589797
0.759314 0.0592992
0.760909 0.060894
0.761509 0.0614934
0.761828 0.0618129
0.762583 0.0625679
0.763338 0.0633229
0.763658 0.0636424
0.763658 0.0636424
0.764381 0.0643662
0.764701 0.0646857
0.768131 0.0681156
0.76845 0.0684352
0.768988 0.0689724
0.769618 0.0696029
0.770435 0.0704201
0.772186 0.0721704
0.773314 0.0732986
0.774131 0.0741158
0.774451 0.0744353
0.774451 0.0744353
0.77477 0.0747548
0.77477 0.0747548
0.775183 0.0751676
0.777897 0.0778821
0.778217 0.0782016
0.779749 0.0797342
0.780069 0.0800537
0.780513 0.0804976
0.781143 0.0811282
0.781556 0.081541
0.783275 0.0832602
0.783782 0.0837663
0.784101 0.0840858
0.786473 0.0864582
0.78841 0.0883951
0.791467 0.0914518
0.791849 0.0918335
0.79223 0.0922152
0.799051 0.0990354
0.799526 0.0995105
0.801525 0.10151
0.804893 0.104877
0.805523 0.105508
0.805843 0.105827
0.806629 0.106613
0.806948 0.106933
0.808885 0.10887
0.810169 0.110154
0.811919 0.111904
0.8165 0.116485
0.821298 0.121283
0.822613 0.122598
0.82315 0.123135
0.824465 0.12445
0.825313 0.125298
0.83512 0.0350967
0.838145 0.0381222
0.839336 0.13932
0.841117 0.041094
0.843396 0.0433731
0.843716 0.0436926
0.844253 0.0442298
0.844572 0.0445493
0.84539 0.0453665
0.846518 0.0464947
0.847148 0.0471253
0.847468 0.0474448
0.848192 0.0481686
0.849289 0.0492657
0.850884 0.0508605
0.85282 0.0527974
0.853296 0.0532725
0.854673 0.0546495
0.85521 0.155195
0.857084 0.0570614
0.857404 0.057381
0.857404 0.157389
0.857724 0.0577005
0.858043 0.158028
0.85858 0.158565
0.858931 0.0589078
0.85925 0.0592273
0.860907 0.0608843
0.861507 0.0614837
0.861826 0.0618033
0.862612 0.0625893
0.863305 0.0632821
0.863625 0.0636016
0.863625 0.0636016
0.864411 0.0643876
0.86473 0.0647072
0.86816 0.0681371
0.86848 0.0684566
0.868986 0.0689627
0.869585 0.0695621
0.870402 0.0703793
0.872215 0.0721918
0.873436 0.0734133
0.874129 0.0741061
0.874449 0.0744256
0.874449 0.0744256
0.874768 0.0747451
0.874768 0.0747451
0.875212 0.075189
0.877895 0.0778724
0.878215 0.0781919
0.879716 0.0796934
0.880036 0.0800129
0.880511 0.0804879
0.88111 0.0810874
0.881648 0.0816246
0.883274 0.0832505
0.883811 0.0837877
0.88413 0.0841072
0.886503 0.0864796
0.888408 0.0883854
0.891403 0.0913799
0.891878 0.0918549
0.892229 0.0922055
0.899049 0.0990257
0.899493 0.0994697
0.901523 0.1015
0.904891 0.104868
0.905521 0.105498
0.905841 0.105818
0.906627 0.106604
0.906946 0.106923
0.908914 0.108891
0.910167 0.110144
0.911948 0.111925
0.916498 0.116475
0.921328 0.121305
0.922767 0.122744
0.923149 0.123125
0.924463 0.12444
0.925312 0.125289
0.935118 0.035087
0.938143 0.0381125
0.939334 0.139311
0.941115 0.0410843
0.943425 0.0433945
0.943745 0.043714
0.944251 0.0442201
0.944571 0.0445397
0.945419 0.0453879
0.946547 0.0465161
0.947146 0.0471156
0.947466 0.0474351
0.94819 0.048159
0.949318 0.0492872
0.950882 0.0508508
0.952819 0.0527877
0.953294 0.0532628
0.954702 0.0546709
0.955239 0.155216
0.957052 0.0570207
0.957371 0.0573402
0.957371 0.157348
0.957691 0.0576597
0.95801 0.157987
0.958547 0.158524
0.958991 0.0589603
0.959311 0.0592798
0.960905 0.0608746
0.961505 0.0614741
0.961824 0.0617936
0.96261 0.0625796
0.963303 0.0632724
0.963623 0.0635919
0.963623 0.0635919
0.964409 0.064378
0.964728 0.0646975
0.968158 0.0681274
0.968478 0.0684469
0.968984 0.068953
0.969677 0.0696458
0.9704 0.0703696
0.972213 0.0721821
0.973435 0.0734036
0.974096 0.0740653
0.974416 0.0743848
0.974416 0.0743848
0.974735 0.0747043
0.974735 0.0747043
0.975241 0.0752104
0.977894 0.0778627
0.978213 0.0781823
0.979715 0.0796837
0.980034 0.0800032
0.980509 0.0804782
0.981109 0.0810777
0.981646 0.0816149
0.983303 0.0832719
0.983809 0.083778
0.984128 0.0840975
0.986376 0.0863455
0.988375 0.0883446
0.991401 0.0913702
0.991876 0.0918452
0.992258 0.0922269
0.999078 0.0990472
0.999491 0.09946
1.00158 0.101552
1.00492 0.104892
1.00552 0.105491
1.00584 0.105811
1.00663 0.106597
1.00695 0.106916
1.00885 0.108822
1.01017 0.110137
1.01195 0.111918
1.01647 0.116437
1.02133 0.121298
1.02271 0.122675
1.02315 0.123119
1.02446 0.124433
1.02534 0.125313
1.03509 0.0350801
1.03811 0.0381057
1.03933 0.139304
1.04109 0.0410775
1.04336 0.0433565
1.04371 0.0437071
1.04422 0.0442133
1.04454 0.0445328
1.0453 0.0452877
1.04652 0.0465093
1.04715 0.0471398
1.04747 0.0474593
1.04822 0.0482143
1.04929 0.0492803
1.05085 0.050844
1.05282 0.052812
1.05329 0.053287
1.0547 0.0546951
1.05524 0.155209
1.05699 0.0569827
1.05731 0.0573022
1.05763 0.157598
1.05763 0.0576217
1.05798 0.157949
1.05855 0.158517
1.0589 0.0588912
1.05922 0.0592108
1.06091 0.0608988
1.06147 0.0614672
1.06179 0.0617867
1.06255 0.0625416
1.0633 0.0632966
1.06362 0.0636161
1.06362 0.0636161
1.06438 0.0643711
1.0647 0.0646906
1.06813 0.0681205
1.06845 0.06844
1.06895 0.0689461
1.06962 0.0696078
1.07046 0.0704561
1.07218 0.0721752
1.0734 0.0733968
1.0741 0.0740895
1.07442 0.074409
1.07442 0.074409
1.07474 0.0747285
1.07474 0.0747285
1.07509 0.0350709
1.07509 0.0350709
1.07509 0.0350709
1.07541 0.0753987
1.07573 0.0357099
1.07573 0.0353904
1.07573 0.0353904
1.07788 0.0778728
1.0782 0.0781923
1.07967 0.0796627
1.07999 0.0799822
1.0805 0.0804883
1.08106 0.0810566
1.0816 0.0815939
1.08326 0.0832509
1.0838 0.0837881
1.08412 0.0841076
1.08633 0.0863244
1.08833 0.0883236
1.09142 0.0914113
1.09183 0.0918242
1.09218 0.0921748
1.09508 0.035082
1.09508 0.035082
1.09508 0.035082
1.0954 0.0354015
1.0954 0.035082
1.0954 0.035082
1.09905 0.099043
1.09949 0.099487
1.10156 0.101548
1.10486 0.104854
1.10543 0.105422
1.10575 0.105742
1.1066 0.10659
1.10692 0.106909
1.10885 0.108846
1.11014 0.11013
1.11192 0.111911
1.11491 0.0348907
1.11491 0.0348907
1.11491 0.0348907
1.11522 0.0352057
1.11522 0.0348862
1.11522 0.0348862
1.11648 0.116469
1.12131 0.121299
1.12265 0.122645
1.12316 0.123151
1.12441 0.124403
1.12532 0.125314
1.13507 0.0350614
1.13519 0.0348703
1.13519 0.0348703
1.13519 0.0348703
1.13551 0.0351853
1.13551 0.0348658
1.13551 0.0348658
1.13813 0.038126
1.13932 0.139313
1.14107 0.0410667
1.14338 0.0433769
1.14376 0.0437586
1.14424 0.0442139
1.14456 0.0445563
1.14537 0.0453703
1.1465 0.0464985
1.14713 0.0471094
1.14745 0.0474486
1.14818 0.0481724
1.1493 0.0492955
1.15084 0.0508332
1.1529 0.0528749
1.15328 0.0532763
1.15466 0.0546336
1.15491 0.0348808
1.15491 0.0348808
1.15491 0.0348808
1.15523 0.155222
1.15536 0.0353287
1.15536 0.0350092
1.15536 0.0350092
1.15698 0.0569799
1.1573 0.0572994
1.15762 0.157615
1.15762 0.0576189
1.15794 0.157935
1.15857 0.158565
1.15889 0.0588885
1.15921 0.059208
1.1609 0.0608961
1.16147 0.0614644
1.16179 0.0617839
1.16261 0.0626011
1.16327 0.063243
1.16359 0.0635822
1.16359 0.0635822
1.16437 0.0643486
1.16469 0.0646681
1.16812 0.0681177
1.16844 0.0684175
1.16895 0.0689433
1.16961 0.069605
1.1704 0.0703714
1.17218 0.0721725
1.1734 0.0733743
1.17403 0.0740245
1.17435 0.074344
1.17467 0.0746635
1.17467 0.0746635
1.17467 0.0746438
1.17489 0.0348743
1.17489 0.0348743
1.17489 0.0348743
1.17521 0.0752048
1.17534 0.0353222
1.17534 0.0350027
1.17534 0.0350027
1.1779 0.0778667
1.17822 0.0782116
1.17969 0.079682
1.18001 0.0800015
1.18048 0.0804765
1.18105 0.0810449
1.18156 0.081551
1.18324 0.0832391
1.18378 0.0837763
1.1841 0.0840958
1.18644 0.0864371
1.18838 0.088374
1.19137 0.0913685
1.19185 0.0918435
1.1922 0.0921941
1.19488 0.0348763
1.19488 0.0348763
1.19488 0.0348763
1.19519 0.0351914
1.19519 0.0348718
1.19519 0.0348718
1.19903 0.0990223
1.19947 0.0994662
1.20156 0.101559
1.20487 0.104864
1.20547 0.105464
1.20579 0.105783
1.2066 0.1066
1.20692 0.10692
1.20889 0.108888
1.21018 0.110146
1.21189 0.111891
1.21488 0.0348672
1.21488 0.0348672
1.21488 0.0348672
1.21523 0.0352133
1.21523 0.0348938
1.21523 0.0348938
1.21651 0.116511
1.22131 0.121309
1.22257 0.122562
1.22317 0.123161
1.22442 0.124414
1.2253 0.125293
1.23507 0.035069
1.2352 0.0348779
1.2352 0.0348779
1.2352 0.0348779
1.23552 0.0351929
1.23552 0.0348734
1.23552 0.0348734
1.23811 0.0381025
1.23933 0.139323
1.24108 0.0410743
1.24336 0.0433534
1.24368 0.0436729
1.24412 0.0441142
1.24444 0.0444116
1.24532 0.0453157
1.24645 0.0464439
1.24702 0.0470097
1.24733 0.0473318
1.24812 0.0481178
1.24897 0.0489504
1.25081 0.0508097
1.25272 0.0527129
1.25322 0.0532216
1.25454 0.0545339
1.25492 0.0348884
1.25492 0.0348884
1.25492 0.0348884
1.25524 0.155232
1.25536 0.0353363
1.25536 0.0350168
1.25536 0.0350168
1.25699 0.0569875
1.25731 0.057307
1.25731 0.057307
1.25763 0.157626
1.25795 0.157945
1.25858 0.158576
1.2589 0.058896
1.25922 0.0592156
1.26084 0.0608414
1.26141 0.0614098
1.26173 0.0617293
1.26252 0.0625153
1.26315 0.0631433
1.26347 0.0634654
1.26347 0.0634654
1.26413 0.0641245
1.26445 0.064444
1.26813 0.0681253
1.26845 0.0684422
1.26886 0.0688576
1.26949 0.0694882
1.27028 0.0702716
1.27215 0.0721489
1.27319 0.0731813
1.274 0.074001
1.27432 0.0743205
1.27464 0.07464
1.27464 0.07464
1.27464 0.0746374
1.2749 0.0348819
1.2749 0.0348819
1.2749 0.0348819
1.27522 0.0752123
1.27534 0.0353298
1.27534 0.0350102
1.27534 0.0350102
1.27787 0.0778432
1.27819 0.0781881
1.27966 0.0796585
1.27998 0.079978
1.28043 0.0804219
1.28102 0.0810214
1.28153 0.0815275
1.28313 0.0831223
1.28382 0.083815
1.28414 0.0841345
1.28632 0.0863203
1.2882 0.088195
1.29132 0.0913138
1.29176 0.0917578
1.29227 0.0922639
1.29491 0.0348839
1.29491 0.0348839
1.29491 0.0348839
1.29523 0.0351989
1.29523 0.0348794
1.29523 0.0348794
1.29897 0.0989677
1.29938 0.0993805
1.30148 0.101473
1.30497 0.104965
1.30547 0.105471
1.30579 0.105791
1.30646 0.106452
1.30678 0.106772
1.30871 0.108709
1.31012 0.110091
1.31178 0.111774
1.31489 0.0348748
1.31489 0.0348748
1.31489 0.0348748
1.31521 0.0351898
1.31521 0.0348703
1.31521 0.0348703
1.3164 0.116394
1.3212 0.121192
1.32257 0.122569
1.32305 0.123044
1.32433 0.124328
1.32521 0.125207
1.33508 0.0350766
1.33521 0.0348855
1.33521 0.0348855
1.33521 0.0348855
1.33552 0.0352005
1.33552 0.034881
1.33552 0.034881
1.33817 0.0381723
1.33918 0.139175
1.34112 0.041113
1.34343 0.0434232
1.34387 0.0438671
1.34459 0.0445744
1.34525 0.0452312
1.34557 0.0455721
1.34667 0.0466692
1.3473 0.0472998
1.34762 0.0476063
1.34838 0.0483742
1.35053 0.0505026
1.35094 0.0509417
1.35329 0.0532664
1.3536 0.0536025
1.35504 0.155041
1.35536 0.0553447
1.35549 0.0354644
1.35549 0.0354644
1.35549 0.0354644
1.35549 0.0354644
1.35549 0.0351448
1.35549 0.0351448
1.35562 0.0352732
1.35725 0.0572439
1.35757 0.0575634
1.35757 0.157563
1.35789 0.157882
1.3582 0.0582024
1.35852 0.158521
1.35909 0.0590903
1.35941 0.0594098
1.36126 0.0612534
1.36164 0.0616351
1.36196 0.0619546
1.36271 0.0627096
1.36372 0.0637134
1.36404 0.0640163
1.36404 0.0640329
1.36479 0.0647712
1.36511 0.0650907
1.3681 0.0681018
1.36867 0.0686535
1.36915 0.0691451
1.36984 0.0698379
1.37097 0.0709495
1.37238 0.0723743
1.37394 0.0739379
1.37426 0.0742408
1.37426 0.0742574
1.37458 0.0745769
1.3749 0.0748964
1.37522 0.0751994
1.37522 0.075216
1.37535 0.0353334
1.37535 0.0353334
1.37535 0.0353334
1.37535 0.0353334
1.37535 0.0350139
1.37535 0.0350139
1.37548 0.0351422
1.37807 0.0780374
1.37838 0.0783823
1.37967 0.0796661
1.38002 0.0800167
1.38074 0.0807405
1.38128 0.0812778
1.38176 0.0817528
1.38341 0.0834098
1.38401 0.0840092
1.38433 0.0843287
1.3863 0.0862967
1.38864 0.088638
1.39176 0.0917569
1.39208 0.0920764
1.39208 0.0920764
1.39491 0.034883
1.39491 0.034883
1.39491 0.034883
1.39523 0.0351981
1.39523 0.0348786
1.39523 0.0348786
1.39934 0.09934
1.39988 0.0998773
1.40138 0.101379
1.40497 0.104964
1.40538 0.105377
1.40585 0.105852
1.40689 0.106887
1.40721 0.107206
1.40921 0.109206
1.41068 0.11065
1.41227 0.112271
1.41489 0.0348739
1.41489 0.0348739
1.41489 0.0348739
1.4152 0.0351889
1.4152 0.0348694
1.4152 0.0348694
1.4168 0.116797
1.42175 0.121751
1.42248 0.122475
1.42361 0.123603
1.42498 0.12498
1.42574 0.125735
1.43508 0.0350757
1.43521 0.0348846
1.43521 0.0348846
1.43521 0.0348846
1.43552 0.0351996
1.43552 0.0348801
1.43552 0.0348801
1.43817 0.0381714
1.43974 0.139734
1.44111 0.0411121
1.44342 0.0434223
1.44387 0.0438662
1.44456 0.044551
1.44525 0.0452251
1.44557 0.0455712
1.44667 0.0466683
1.4473 0.0472989
1.44762 0.0475973
1.44837 0.0483734
1.45059 0.0505761
1.45094 0.0509408
1.45322 0.0532119
1.45354 0.0535394
1.45491 0.0348867
1.45491 0.0348867
1.45491 0.0348867
1.45523 0.0552235
1.45536 0.0353346
1.45536 0.0350151
1.45536 0.0350151
1.45581 0.155803
1.45724 0.057243
1.45756 0.157562
1.45756 0.0575625
1.45756 0.0575625
1.45847 0.158472
1.45904 0.159041
1.45936 0.0593608
1.45936 0.0593608
1.46127 0.0612667
1.46165 0.0616484
1.462 0.061999
1.46269 0.0626917
1.46351 0.0635089
1.46405 0.0640382
1.46437 0.0643657
1.46481 0.0648016
1.46513 0.0651211
1.46847 0.0684657
1.46879 0.0687772
1.46917 0.0691669
1.46983 0.0698286
1.47087 0.0708555
1.47237 0.0723649
1.47387 0.0738584
1.47447 0.0744658
1.47479 0.0747853
1.47479 0.0747853
1.47511 0.0750969
1.47511 0.0751048
1.47523 0.0352222
1.47523 0.0352222
1.47523 0.0352222
1.47523 0.0352222
1.47523 0.0349027
1.47523 0.0349027
1.47555 0.0755527
1.47555 0.0352222
1.47808 0.0780552
1.4784 0.0784001
1.48 0.0799949
1.48032 0.0803144
1.48073 0.0807272
1.4813 0.0812956
1.48174 0.0817395
1.48343 0.0834276
1.484 0.0839959
1.48432 0.0843154
1.48678 0.0867811
1.48847 0.0884692
1.49159 0.091588
1.492 0.0920009
1.49254 0.0925381
1.49491 0.0348782
1.49491 0.0348782
1.49491 0.0348782
1.49522 0.0351932
1.49522 0.0348737
1.49522 0.0348737
1.49927 0.099273
1.49987 0.0998724
1.50181 0.101809
1.5053 0.105301
1.50581 0.105808
1.50613 0.106127
1.50688 0.106882
1.5072 0.107202
1.50917 0.10917
1.51067 0.110646
1.51236 0.112359
1.51488 0.034869
1.51488 0.034869
1.51488 0.034869
1.51523 0.0352151
1.51523 0.0348956
1.51523 0.0348956
1.51698 0.116979
1.52169 0.121684
1.52306 0.123061
1.52354 0.123536
1.52498 0.124975
1.52573 0.12573
1.53507 0.0350709
1.5352 0.0348797
1.5352 0.0348797
1.5352 0.0348797
1.53552 0.0351948
1.53552 0.0348752
1.53552 0.0348752
1.53817 0.0381666
1.53976 0.139761
1.54111 0.0411073
1.54345 0.0434485
1.54386 0.0438614
1.54455 0.0445548
1.54522 0.0452151
1.54554 0.0455353
1.54666 0.0466635
1.54729 0.047294
1.54761 0.0475844
1.54837 0.0483685
1.55043 0.0504278
1.55094 0.050936
1.55322 0.0532157
1.55357 0.0535656
1.55491 0.0348818
1.55491 0.0348818
1.55491 0.0348818
1.55523 0.0552273
1.55536 0.0353297
1.55536 0.0350102
1.55536 0.0350102
1.55586 0.15586
1.55724 0.0572382
1.55724 0.0572382
1.55775 0.0577443
1.55806 0.158063
1.55863 0.158631
1.55905 0.159044
1.55937 0.0593645
1.55937 0.0593645
1.56124 0.0612392
1.56165 0.061652
1.56197 0.0619715
1.5627 0.0626954
1.56361 0.0636058
1.56393 0.063926
1.56425 0.0642448
1.56478 0.0647828
1.5651 0.0651023
1.56847 0.0684693
1.56879 0.0687895
1.56917 0.0691705
1.5698 0.0698011
1.57087 0.0708678
1.57237 0.0723685
1.57378 0.0737774
1.57447 0.0744694
1.57479 0.0747889
1.57479 0.0747889
1.57511 0.0751091
1.57511 0.0751084
1.57524 0.0352259
1.57524 0.0352259
1.57524 0.0352259
1.57524 0.0352259
1.57524 0.0349063
1.57524 0.0349063
1.57556 0.0755563
1.57556 0.0352259
1.57808 0.0780588
1.5784 0.0784037
1.58 0.0799985
1.58032 0.080318
1.58079 0.080793
1.5813 0.0812992
1.58181 0.0818053
1.58337 0.083369
1.58394 0.0839373
1.58426 0.0842568
1.58679 0.0867847
1.58857 0.0885661
1.59178 0.0917783
1.5921 0.0920978
1.59254 0.0925417
1.59491 0.0348818
1.59491 0.0348818
1.59491 0.0348818
1.59523 0.0351968
1.59523 0.0348773
1.59523 0.0348773
1.59928 0.0992766
1.59988 0.099876
1.60184 0.101844
1.60546 0.105461
1.60581 0.105811
1.60613 0.106131
1.60692 0.106917
1.60724 0.107236
1.60921 0.109204
1.61068 0.110649
1.61233 0.112332
1.61489 0.0348726
1.61489 0.0348726
1.61489 0.0348726
1.6152 0.0351877
1.6152 0.0348682
1.6152 0.0348682
1.61698 0.116983
1.62169 0.121688
1.62307 0.123065
1.62354 0.12354
1.6251 0.125103
1.62573 0.125734
1.63511 0.0350745
1.63523 0.0348834
1.63523 0.0348834
1.63523 0.0348834
1.63555 0.0351984
1.63555 0.0348789
1.63555 0.0348789
1.6382 0.0381702
1.63973 0.139733
1.64114 0.0411109
1.64345 0.0434211
1.6439 0.043865
1.64465 0.0446293
1.64522 0.0452135
1.64554 0.0455078
1.64682 0.0467915
1.64733 0.0472976
1.64765 0.0476421
1.64837 0.048341
1.65046 0.0504435
1.65097 0.0509396
1.65325 0.053228
1.65357 0.0535381
1.6551 0.0550801
1.65523 0.0352049
1.65523 0.0352049
1.65523 0.0352049
1.65523 0.0352049
1.65523 0.0348854
1.65523 0.0348854
1.65536 0.0350138
1.65586 0.155864
1.65721 0.0571796
1.65753 0.0574991
1.65785 0.0578186
1.65817 0.158168
1.65849 0.158488
1.65906 0.159056
1.65938 0.0593454
1.65938 0.0593454
1.66125 0.0612201
1.6617 0.0616641
1.66201 0.0619836
1.66274 0.0627074
1.66365 0.0636179
1.66397 0.0639468
1.66397 0.0639374
1.66479 0.0647639
1.66511 0.0650834
1.6685 0.0684729
1.66882 0.0688018
1.66917 0.069143
1.66999 0.0699602
1.67087 0.0708489
1.67259 0.0725588
1.67381 0.0737896
1.67441 0.0743797
1.67473 0.0746992
1.67473 0.0746992
1.67505 0.0750187
1.67505 0.0750281
1.67518 0.0351673
1.67518 0.0351673
1.67518 0.0351673
1.67531 0.0352956
1.67531 0.0349761
1.67531 0.0349761
1.67563 0.075595
1.67806 0.0780353
1.67838 0.0783491
1.67997 0.0799439
1.68029 0.0802634
1.68083 0.0808006
1.68131 0.0812757
1.68178 0.0817507
1.68341 0.0833766
1.68398 0.0839449
1.6843 0.0842644
1.68682 0.0867923
1.68873 0.0886981
1.69185 0.091817
1.6922 0.0921676
1.69258 0.0925493
1.69492 0.0348894
1.69492 0.0348894
1.69492 0.0348894
1.69523 0.0352044
1.69523 0.0348849
1.69523 0.0348849
1.69928 0.0992531
1.69991 0.0998836
1.70201 0.101976
1.70547 0.105437
1.70585 0.105819
1.70617 0.106138
1.70699 0.106955
1.70731 0.107275
1.70918 0.10915
1.71065 0.110626
1.71231 0.112277
1.71489 0.0348802
1.71489 0.0348802
1.71489 0.0348802
1.71521 0.0351952
1.71521 0.0348757
1.71521 0.0348757
1.71702 0.11699
1.72173 0.121695
1.72307 0.123041
1.7237 0.123672
1.72511 0.12508
1.72587 0.125835
1.73511 0.0350821
1.73524 0.0348909
1.73524 0.0348909
1.73524 0.0348909
1.73556 0.035206
1.73556 0.0348864
1.73556 0.0348864
1.73818 0.0381467
1.73977 0.139741
1.74112 0.0410874
1.74346 0.0434286
1.74387 0.0438415
1.74456 0.0445522
1.74526 0.0452471
1.74558 0.0455465
1.7467 0.0466747
1.74734 0.0473052
1.74765 0.0476476
1.74835 0.0483175
1.75053 0.0505254
1.75098 0.0509472
1.75323 0.0532131
1.75361 0.0535768
1.75511 0.0550963
1.75524 0.0352125
1.75524 0.0352125
1.75524 0.0352125
1.75524 0.0352125
1.75524 0.034893
1.75524 0.034893
1.75537 0.0350214
1.75584 0.155809
1.75725 0.0572183
1.75757 0.0575378
1.75789 0.0578573
1.75821 0.158176
1.75853 0.158495
1.75906 0.159033
1.75938 0.059353
1.7597 0.0596725
1.76124 0.0612051
1.76168 0.061649
1.762 0.0619685
1.76272 0.0626924
1.76373 0.0636962
1.76405 0.0640337
1.76405 0.0640157
1.76483 0.0648197
1.76515 0.0651392
1.76852 0.068489
1.76884 0.0688264
1.76919 0.0691591
1.76982 0.0697896
1.77089 0.0708736
1.77239 0.0723571
1.77383 0.0738143
1.77439 0.0743647
1.77471 0.0746842
1.77471 0.0746842
1.77503 0.0750217
1.77535 0.0753232
1.77567 0.0756427
1.77567 0.0353433
1.7758 0.0357912
1.7758 0.0357912
1.7758 0.0357912
1.7758 0.0357912
1.7758 0.0354717
1.7758 0.0354717
1.77808 0.0780559
1.7784 0.0783697
1.77999 0.0799644
1.78031 0.0802839
1.78082 0.0807901
1.78133 0.0812962
1.78177 0.0817401
1.7834 0.083366
1.78393 0.0839032
1.78425 0.0842227
1.78678 0.0867506
1.78869 0.0886564
1.79162 0.0915887
1.79219 0.092157
1.79257 0.0925387
1.79491 0.0348788
1.79491 0.0348788
1.79491 0.0348788
1.79522 0.0351938
1.79522 0.0348743
1.79522 0.0348743
1.7993 0.0992736
1.7999 0.0998731
1.80196 0.101934
1.80533 0.105302
1.80584 0.105808
1.80616 0.106128
1.80691 0.106883
1.80723 0.107202
1.8092 0.10917
1.81052 0.110491
1.81236 0.112329
1.81488 0.0348697
1.81488 0.0348697
1.81488 0.0348697
1.81523 0.0352158
1.81523 0.0348963
1.81523 0.0348963
1.81701 0.11698
1.82171 0.121685
1.82306 0.123031
1.82388 0.123848
1.82498 0.124945
1.82585 0.125824
1.8351 0.0350715
1.83523 0.0348804
1.83523 0.0348804
1.83523 0.0348804
1.83554 0.0351954
1.83554 0.0348759
1.83554 0.0348759
1.8382 0.0381672
1.83976 0.13973
1.84114 0.0411079
1.84345 0.0434181
1.84389 0.043862
1.84455 0.0445503
1.84525 0.0452313
1.84557 0.0455359
1.84685 0.0468197
1.84732 0.0472947
1.84764 0.0476349
1.8484 0.0483691
1.85046 0.0504337
1.85097 0.0509366
1.85321 0.0532112
1.85353 0.0535041
1.85491 0.0348825
1.85491 0.0348825
1.85491 0.0348825
1.85523 0.0552228
1.85535 0.0353303
1.85535 0.0350108
1.85535 0.0350108
1.85583 0.155799
1.85724 0.0572077
1.85756 0.0575272
1.85788 0.0578467
1.8582 0.158165
1.85852 0.158485
1.85908 0.159053
1.8594 0.0593736
1.8594 0.0593736
1.86125 0.0612172
1.86169 0.0616611
1.86201 0.0619806
1.86273 0.0627045
1.86364 0.0636149
1.86396 0.0639611
1.86396 0.0639344
1.86478 0.0647782
1.8651 0.0650978
1.8685 0.0684699
1.86882 0.0688161
1.8692 0.0691712
1.8698 0.0697706
1.87087 0.0708632
1.87249 0.0724625
1.87384 0.073835
1.87441 0.0743768
1.87473 0.0746963
1.87505 0.0750158
1.87505 0.0750158
1.87505 0.0750424
1.87517 0.0351643
1.87517 0.0351643
1.87517 0.0351643
1.87549 0.0754637
1.87562 0.0356122
1.87562 0.0352927
1.87562 0.0352927
1.87809 0.0780634
1.87841 0.0783772
1.88 0.079972
1.88032 0.0802915
1.88083 0.0807977
1.8813 0.0812727
1.88175 0.0817166
1.8834 0.0833736
1.88397 0.0839419
1.88429 0.0842614
1.88682 0.0867893
1.88869 0.088664
1.89175 0.0917207
1.89207 0.0920402
1.89258 0.0925463
1.89491 0.0348864
1.89491 0.0348864
1.89491 0.0348864
1.89523 0.0352014
1.89523 0.0348819
1.89523 0.0348819
1.89931 0.0992812
1.89991 0.0998806
1.90197 0.101942
1.90537 0.105341
1.90585 0.105816
1.90616 0.106135
1.90695 0.106921
1.90736 0.107334
1.90921 0.109178
1.91052 0.110498
1.91233 0.112305
1.91489 0.0348773
1.91489 0.0348773
1.91489 0.0348773
1.9152 0.0351923
1.9152 0.0348728
1.9152 0.0348728
1.91689 0.116863
1.92172 0.121692
1.92307 0.123038
1.92373 0.1237
1.92501 0.124984
1.92574 0.125707
1.93511 0.0350791
1.93524 0.034888
1.93524 0.034888
1.93524 0.034888
1.93555 0.035203
1.93555 0.0348835
1.93555 0.0348835
1.9382 0.0381748
1.93977 0.139738
1.94114 0.0411155
1.94345 0.0434257
1.9439 0.0438696
1.94459 0.0445665
1.94522 0.0452026
1.94554 0.0455124
1.9467 0.0466717
1.94733 0.0473023
1.94765 0.0476405
1.94834 0.0483145
1.95044 0.0504223
1.95097 0.0509442
1.95325 0.0532274
1.9536 0.0535739
1.9551 0.0550795
1.95523 0.0352095
1.95523 0.0352095
1.95523 0.0352095
1.95523 0.0352095
1.95523 0.03489
1.95523 0.03489
1.95536 0.0350184
1.95587 0.155837
1.95724 0.0572153
1.95724 0.0572153
1.95775 0.0577214
1.95807 0.15804
1.95861 0.158577
1.95911 0.159083
1.95943 0.0594038
1.95943 0.0594038
1.96124 0.0612163
1.96169 0.0616602
1.96201 0.0619797
1.96273 0.0627036
1.96364 0.0636141
1.96396 0.0639377
1.96396 0.0639336
1.96478 0.0647549
1.9651 0.0650744
1.96853 0.0685002
1.96885 0.0688238
1.9692 0.0691703
1.96983 0.0698008
1.97086 0.0708399
1.97233 0.0723061
1.97384 0.0738117
1.9744 0.0743759
1.97472 0.0746954
1.97472 0.0746954
1.97504 0.0750149
1.97504 0.075019
1.97517 0.0351634
1.97517 0.0351634
1.97517 0.0351634
1.97549 0.0754628
1.97562 0.0356113
1.97562 0.0352918
1.97562 0.0352918
1.97809 0.0780626
1.9784 0.0783764
1.98 0.0799711
1.98032 0.0802906
1.98076 0.0807346
1.9813 0.0812718
1.98174 0.0817157
1.9834 0.0833727
1.98397 0.083941
1.98429 0.0842605
1.98682 0.0867884
1.9886 0.0885698
1.99181 0.091782
1.99213 0.0921015
1.99257 0.0925454
1.99491 0.0348855
1.99491 0.0348855
1.99491 0.0348855
1.99523 0.0352006
1.99523 0.034881
1.99523 0.034881
1.99931 0.0992803
1.99991 0.0998798
2.00197 0.101941
2.00546 0.105436
2.00585 0.105818
2.00617 0.106137
2.00695 0.106923
2.00736 0.107336
2.00921 0.10918
2.01052 0.1105
2.01237 0.112338
2.01489 0.0348793
2.01489 0.0348793
2.01489 0.0348793
2.01521 0.0351943
2.01521 0.0348748
2.01521 0.0348748
2.01705 0.11702
2.02172 0.121694
2.02307 0.12304
2.02351 0.123484
2.02514 0.12511
2.02577 0.125741
2.03508 0.03505
2.03521 0.0348589
2.03521 0.0348589
2.03521 0.0348589
2.03552 0.0351739
2.03552 0.0348544
2.03552 0.0348544
2.03817 0.0381457
2.03977 0.13974
2.04111 0.0410865
2.04346 0.0434277
2.04387 0.0438405
2.04456 0.0445461
2.04528 0.0452617
2.0456 0.0455767
2.0467 0.0466738
2.0473 0.0472732
2.04762 0.0476093
2.04838 0.0483477
2.05047 0.0504675
2.05094 0.0509151
2.05325 0.0532381
2.0536 0.0535759
2.05488 0.034861
2.05488 0.034861
2.05488 0.034861
2.0552 0.0551875
2.05533 0.0353089
2.05533 0.0349894
2.05533 0.0349894
2.05581 0.155777
2.05725 0.0572173
2.05756 0.0575368
2.05788 0.0578563
2.0582 0.158175
2.05865 0.158619
2.05906 0.159032
2.05938 0.0593521
2.05938 0.0593521
2.06125 0.0612268
2.06167 0.0616396
2.06199 0.0619591
2.06271 0.062683
2.06368 0.0636557
2.064 0.063988
2.06432 0.0642947
2.06467 0.0646581
2.06499 0.0649776
2.06848 0.0684569
2.0688 0.0687892
2.06915 0.069127
2.06982 0.0697887
2.07085 0.0708364
2.07232 0.072294
2.07382 0.0738082
2.0743 0.0742704
2.07462 0.0745899
2.07494 0.0749095
2.07494 0.0749095
2.07526 0.0752418
2.07558 0.0755485
2.07558 0.0352491
2.0757 0.035697
2.0757 0.035697
2.0757 0.035697
2.0757 0.035697
2.0757 0.0353775
2.0757 0.0353775
2.07817 0.0781482
2.07849 0.078462
2.07999 0.0799635
2.08031 0.080283
2.08085 0.0808202
2.08132 0.0812953
2.08177 0.0817392
2.08339 0.0833651
2.08396 0.0839334
2.08428 0.0842529
2.08681 0.0867808
2.08865 0.0886244
2.09168 0.09165
2.09206 0.0920317
2.09253 0.0925067
2.0949 0.0348779
2.0949 0.0348779
2.0949 0.0348779
2.09522 0.0351929
2.09522 0.0348734
2.09522 0.0348734
2.0993 0.0992727
2.09993 0.0999032
2.10193 0.101902
2.10539 0.105363
2.10584 0.105807
2.10615 0.106127
2.10694 0.106913
2.10748 0.10745
2.1092 0.109169
2.11067 0.110645
2.11236 0.112328
2.11488 0.0348687
2.11488 0.0348687
2.11488 0.0348687
2.11519 0.0351838
2.11519 0.0348643
2.11519 0.0348643
2.11704 0.11701
2.12184 0.121808
2.12309 0.123061
2.12378 0.123754
2.12507 0.125037
2.12585 0.125823
2.1351 0.0350706
2.13523 0.0348795
2.13523 0.0348795
2.13523 0.0348795
2.13554 0.0351945
2.13554 0.034875
2.13554 0.034875
2.13816 0.0381352
2.13979 0.13976
2.1411 0.0410759
2.14344 0.0434172
2.14386 0.04383
2.14455 0.0445442
2.14527 0.045246
2.14559 0.0455661
2.14685 0.0468187
2.14732 0.0472938
2.14764 0.0476218
2.1484 0.0483682
2.15046 0.050438
2.15093 0.0509046
2.15324 0.0532362
2.15378 0.053752
2.15503 0.0550261
2.15516 0.0351388
2.15516 0.0351388
2.15516 0.0351388
2.15529 0.0352672
2.15529 0.0349477
2.15529 0.0349477
2.15583 0.155798
2.15723 0.0572068
2.15755 0.0575263
2.15787 0.0578458
2.15819 0.158164
2.15854 0.158515
2.15911 0.159083
2.15943 0.0594037
2.15943 0.0594037
2.16127 0.0612474
2.16166 0.0616291
2.16198 0.0619486
2.1627 0.0626724
2.16364 0.063614
2.16396 0.063955
2.16396 0.0639335
2.16481 0.0648032
2.16513 0.0651228
2.16853 0.0685001
2.16885 0.0688411
2.16917 0.0691391
2.1698 0.0697697
2.17086 0.0708571
2.17258 0.0725549
2.1738 0.0737978
2.17431 0.0742825
2.17463 0.074602
2.17495 0.0749215
2.17527 0.0752625
2.17527 0.075241
2.17559 0.0755605
2.17559 0.0352612
2.17572 0.0357091
2.17572 0.0357091
2.17572 0.0357091
2.17572 0.0357091
2.17572 0.0353896
2.17572 0.0353896
2.17806 0.0780359
2.17838 0.0783497
2.17988 0.0798512
2.1802 0.0801707
2.18077 0.080739
2.1813 0.0812762
2.18175 0.0817202
2.1834 0.0833771
2.18397 0.0839455
2.18429 0.084265
2.18682 0.0867929
2.18866 0.0886365
2.19178 0.0917554
2.1921 0.0920749
2.19255 0.0925188
2.19488 0.0348589
2.19488 0.0348589
2.19488 0.0348589
2.1952 0.0351739
2.1952 0.0348544
2.1952 0.0348544
2.19941 0.0993781
2.19988 0.0998531
2.20194 0.101914
2.20534 0.105313
2.20585 0.105819
2.20617 0.106139
2.20695 0.106925
2.20746 0.107431
2.20921 0.109181
2.21065 0.110626
2.21234 0.112309
2.21489 0.0348808
2.21489 0.0348808
2.21489 0.0348808
2.21521 0.0351958
2.21521 0.0348763
2.21521 0.0348763
2.21689 0.116866
2.22185 0.12182
2.22307 0.123042
2.22373 0.123703
2.22508 0.125049
2.22586 0.125835
2.23508 0.0350516
2.23521 0.0348604
2.23521 0.0348604
2.23521 0.0348604
2.23552 0.0351754
2.23552 0.0348559
2.23552 0.0348559
2.23817 0.0381473
2.23977 0.139741
2.24111 0.041088
2.24346 0.0434292
2.24387 0.0438421
2.24459 0.0445649
2.24525 0.0452529
2.24557 0.0455471
2.2467 0.0466753
2.2473 0.0472747
2.24762 0.0476143
2.24838 0.0483492
2.25044 0.050431
2.25094 0.0509167
2.25325 0.0532258
2.25357 0.0535463
2.25488 0.0348625
2.25488 0.0348625
2.25488 0.0348625
2.2552 0.0551752
2.25533 0.0353104
2.25533 0.0349909
2.25533 0.0349909
2.25584 0.15581
2.25725 0.0572188
2.25725 0.0572188
2.25775 0.057725
2.25807 0.158044
2.25851 0.158488
2.25908 0.159056
2.2594 0.0593763
2.2594 0.0593763
2.26125 0.0612199
2.26166 0.0616327
2.26198 0.0619522
2.2627 0.062676
2.26361 0.0635865
2.26393 0.063905
2.26425 0.0642255
2.26482 0.0647929
2.26514 0.0651124
2.26851 0.0684811
2.26883 0.0687996
2.26915 0.0691201
2.26984 0.0698129
2.27087 0.0708467
2.27241 0.0723803
2.27381 0.0737875
2.27429 0.0742635
2.27461 0.074583
2.27461 0.074583
2.27493 0.0749025
2.27525 0.075221
2.27557 0.0755415
2.27557 0.0352421
2.2757 0.03569
2.2757 0.03569
2.2757 0.03569
2.2757 0.03569
2.2757 0.0353705
2.2757 0.0353705
2.27807 0.078048
2.27839 0.0783618
2.27998 0.0799566
2.2803 0.0802761
2.28078 0.0807511
2.28131 0.0812883
2.28176 0.0817323
2.28338 0.0833581
2.28395 0.0839265
2.28427 0.084246
2.28677 0.0867428
2.28867 0.0886486
2.29179 0.0917674
2.29218 0.0921492
2.29253 0.0924998
2.29489 0.034871
2.29489 0.034871
2.29489 0.034871
2.29521 0.035186
2.29521 0.0348665
2.29521 0.0348665
2.29939 0.0993591
2.29989 0.0998652
2.30192 0.101895
2.30529 0.105263
2.30583 0.1058
2.30615 0.10612
2.30693 0.106906
2.30725 0.107225
2.30919 0.109162
2.31066 0.110638
2.31235 0.112321
2.31487 0.0348618
2.31487 0.0348618
2.31487 0.0348618
2.31519 0.0351768
2.31519 0.0348573
2.31519 0.0348573
2.317 0.116972
2.32186 0.121832
2.32308 0.123054
2.32356 0.123529
2.32515 0.125124
2.32587 0.125848
2.33509 0.0350636
2.33522 0.0348725
2.33522 0.0348725
2.33522 0.0348725
2.33553 0.0351875
2.33553 0.034868
2.33553 0.034868
2.33818 0.0381593
2.33978 0.139753
2.34113 0.0411001
2.34344 0.0434102
2.34388 0.0438541
2.34457 0.0445545
2.34526 0.0452598
2.34558 0.0455592
2.34671 0.0466874
2.34731 0.0472868
2.34763 0.047616
2.34839 0.0483613
2.35045 0.0504241
2.35095 0.0509287
2.35326 0.0532465
2.35358 0.0535584
2.35489 0.0348746
2.35489 0.0348746
2.35489 0.0348746
2.35521 0.0551959
2.35534 0.0353225
2.35534 0.035003
2.35534 0.035003
2.35591 0.155884
2.35726 0.0572309
2.35726 0.0572309
2.35779 0.0577682
2.35811 0.158087
2.35853 0.1585
2.35909 0.159068
2.35941 0.0593883
2.35941 0.0593883
2.36123 0.0612008
2.36167 0.0616448
2.36199 0.0619643
2.36271 0.0626881
2.36366 0.0636297
2.36397 0.0639568
2.36397 0.0639492
2.36482 0.0648051
2.36482 0.0648051
2.3685 0.0684762
2.36882 0.0688034
2.36914 0.0691152
2.36983 0.069808
2.37087 0.0708505
2.3724 0.0723755
2.37381 0.0737912
2.3745 0.0744764
2.37482 0.0747959
2.37482 0.0747959
2.37514 0.0751154
2.37514 0.075123
2.37546 0.0754349
2.37546 0.0351355
2.37559 0.0355834
2.37559 0.0355834
2.37559 0.0355834
2.37559 0.0355834
2.37559 0.0352639
2.37559 0.0352639
2.37805 0.0780347
2.37837 0.0783485
2.38 0.0799743
2.38032 0.0802938
2.38086 0.0808311
2.3813 0.081275
2.38174 0.0817189
2.3834 0.0833759
2.38397 0.0839442
2.38429 0.0842638
2.38679 0.0867605
2.38863 0.0886041
2.39184 0.0918163
2.39216 0.0921358
2.39254 0.0925175
2.39488 0.0348576
2.39488 0.0348576
2.39488 0.0348576
2.39523 0.0352038
2.39523 0.0348843
2.39523 0.0348843
2.39968 0.0996568
2.4 0.0999763
2.40194 0.101913
2.40531 0.105281
2.40584 0.105818
2.40616 0.106138
2.40695 0.106924
2.40746 0.10743
2.40921 0.10918
2.41068 0.110656
2.41236 0.112339
2.41489 0.0348796
2.41489 0.0348796
2.41489 0.0348796
2.4152 0.0351946
2.4152 0.0348751
2.4152 0.0348751
2.41701 0.116989
2.42184 0.121819
2.4231 0.123072
2.42379 0.123764
2.42498 0.124955
2.42586 0.125834
2.43507 0.0350503
2.4352 0.0348592
2.4352 0.0348592
2.4352 0.0348592
2.43552 0.0351742
2.43552 0.0348547
2.43552 0.0348547
2.43817 0.038146
2.43977 0.13974
2.44111 0.0410867
2.44345 0.043428
2.44387 0.0438408
2.44456 0.0445498
2.44525 0.0452413
2.44557 0.0455458
2.4467 0.046674
2.4473 0.0472735
2.44762 0.0475878
2.44837 0.048348
2.45043 0.0504229
2.45094 0.0509154
2.45325 0.0532419
2.45376 0.0537317
2.45501 0.0550006
2.45514 0.0351186
2.45514 0.0351186
2.45514 0.0351186
2.45527 0.035247
2.45527 0.0349274
2.45527 0.0349274
2.4558 0.155778
2.45724 0.0572176
2.45724 0.0572176
2.45778 0.0577548
2.4581 0.158074
2.45851 0.158486
2.45908 0.159055
2.4594 0.059375
2.4594 0.059375
2.46127 0.0612497
2.46166 0.0616314
2.46198 0.0619509
2.4627 0.0626748
2.46364 0.0636164
2.46396 0.0639522
2.46396 0.0639359
2.46481 0.0648004
2.46513 0.0651199
2.4685 0.0684714
2.46882 0.0688072
2.46917 0.0691415
2.46983 0.0698031
2.47086 0.0708543
2.4724 0.0723706
2.4738 0.073795
2.47431 0.0742849
2.47463 0.0746044
2.47463 0.0746044
2.47495 0.0749402
2.47527 0.0752434
2.47559 0.0755629
2.47559 0.0352635
2.47572 0.0357114
2.47572 0.0357114
2.47572 0.0357114
2.47572 0.0357114
2.47572 0.0353919
2.47572 0.0353919
2.47806 0.0780383
2.47838 0.0783521
2.48 0.079978
2.48032 0.0802975
2.48077 0.0807414
2.48133 0.0813097
2.48178 0.0817536
2.4834 0.0833795
2.48397 0.0839479
2.48429 0.0842674
2.4867 0.0866708
2.48863 0.0886078
2.49178 0.0917577
2.4921 0.0920772
2.49255 0.0925212
2.49488 0.0348613
2.49488 0.0348613
2.49488 0.0348613
2.4952 0.0351763
2.4952 0.0348568
2.4952 0.0348568
2.49928 0.099256
2.49991 0.0998866
2.50194 0.101917
2.50534 0.105316
2.50582 0.105791
2.50613 0.10611
2.50695 0.106927
2.50727 0.107247
2.50921 0.109184
2.51068 0.11066
2.51234 0.112311
2.51489 0.0348832
2.51489 0.0348832
2.51489 0.0348832
2.51521 0.0351982
2.51521 0.0348787
2.51521 0.0348787
2.51699 0.116962
2.52182 0.121792
2.52307 0.123044
2.52354 0.123519
2.52508 0.125052
2.52586 0.125838
2.53508 0.0350539
2.53521 0.0348628
2.53521 0.0348628
2.53521 0.0348628
2.53552 0.0351778
2.53552 0.0348583
2.53552 0.0348583
2.53817 0.0381496
2.53977 0.139744
2.54111 0.0410903
2.54336 0.0433383
2.54387 0.0438444
2.54459 0.0445621
2.54525 0.0452397
2.54557 0.0455494
2.5467 0.0466777
2.5473 0.0472771
2.54762 0.0476017
2.54838 0.0483516
2.55047 0.0504386
2.55094 0.050919
2.55325 0.053223
2.55357 0.0535487
2.55488 0.0348649
2.55488 0.0348649
2.55488 0.0348649
2.5552 0.0551724
2.55533 0.0353128
2.55533 0.0349933
2.55533 0.0349933
2.5559 0.155874
2.55724 0.0572212
2.55756 0.0575407
2.55788 0.0578602
2.5582 0.158179
2.55852 0.158498
2.55909 0.159067
2.55941 0.0593871
2.55941 0.0593871
2.56125 0.0612307
2.56167 0.0616435
2.56199 0.061963
2.56271 0.0626869
2.56365 0.0636285
2.56397 0.0639418
2.56397 0.063948
2.56482 0.0647901
2.56514 0.0651096
2.56851 0.0684835
2.56883 0.0687968
2.56915 0.0691225
2.56984 0.0698152
2.57087 0.0708439
2.57241 0.0723827
2.57381 0.0737846
2.57429 0.0742659
2.57461 0.0745854
2.57461 0.0745854
2.57493 0.0749049
2.57525 0.0752182
2.57557 0.0755439
2.57557 0.0352445
2.5757 0.0356924
2.5757 0.0356924
2.5757 0.0356924
2.5757 0.0356924
2.5757 0.0353729
2.5757 0.0353729
2.57807 0.0780504
2.57839 0.0783642
2.58001 0.07999
2.58033 0.0803095
2.58078 0.0807535
2.58131 0.0812907
2.58185 0.0818279
2.58338 0.0833605
2.58398 0.0839599
2.5843 0.0842794
2.5868 0.0867762
2.58861 0.0885887
2.59201 0.0919875
2.59233 0.092307
2.59265 0.0926265
2.59489 0.0348733
2.59489 0.0348733
2.59489 0.0348733
2.59521 0.0351883
2.59521 0.0348688
2.59521 0.0348688
2.59939 0.0993614
2.59989 0.0998676
2.60192 0.101898
2.60529 0.105265
2.60583 0.105803
2.60615 0.106122
2.60696 0.106939
2.60728 0.107259
2.60919 0.109165
2.61066 0.110641
2.61235 0.112323
2.61487 0.0348642
2.61487 0.0348642
2.61487 0.0348642
2.61519 0.0351792
2.61519 0.0348597
2.61519 0.0348597
2.61706 0.117036
2.62186 0.121835
2.62308 0.123056
2.62356 0.123531
2.62499 0.124971
2.62575 0.125726
2.63509 0.035066
2.63522 0.0348749
2.63522 0.0348749
2.63522 0.0348749
2.63553 0.0351899
2.63553 0.0348704
2.63553 0.0348704
2.63809 0.0380684
2.63978 0.139756
2.64106 0.0410402
2.64334 0.0433193
2.64388 0.0438565
2.64457 0.0445517
2.64526 0.0452466
2.64558 0.0455615
2.64671 0.0466897
2.64731 0.0472892
2.64763 0.047626
2.64836 0.0483325
2.65045 0.0504317
2.65095 0.0509311
2.65326 0.0532437
2.65377 0.0537474
2.65489 0.034877
2.65489 0.034877
2.65489 0.034877
2.65521 0.0551931
2.65534 0.0353248
2.65534 0.0350053
2.65534 0.0350053
2.65591 0.155887
2.65726 0.0572333
2.65726 0.0572333
2.65776 0.0577394
2.65808 0.158058
2.65853 0.158502
2.65906 0.159039
2.65938 0.0593596
2.65938 0.0593596
2.66126 0.0612343
2.66167 0.0616471
2.66199 0.0619666
2.66271 0.0626905
2.66362 0.063601
2.66394 0.0639229
2.66394 0.0639205
2.66479 0.0647712
2.66511 0.0650907
2.66848 0.068456
2.6688 0.0687779
2.66915 0.0691261
2.66984 0.0698188
2.67088 0.0708562
2.67241 0.0723863
2.67351 0.0734859
2.67448 0.0744561
2.6748 0.0747756
2.6748 0.0747756
2.67512 0.0750976
2.67512 0.0750951
2.67544 0.0754146
2.67544 0.0351152
2.67557 0.0355631
2.67557 0.0355631
2.67557 0.0355631
2.67557 0.0355631
2.67557 0.0352436
2.67557 0.0352436
2.67806 0.0780455
2.67838 0.0783593
2.67998 0.0799541
2.6803 0.0802736
2.68077 0.0807486
2.68137 0.081348
2.68178 0.0817609
2.68341 0.0833867
2.68398 0.0839551
2.6843 0.0842746
2.68667 0.086647
2.68861 0.0885839
2.69173 0.0917027
2.69205 0.0920222
2.69252 0.0924973
2.69489 0.0348685
2.69489 0.0348685
2.69489 0.0348685
2.6952 0.0351835
2.6952 0.034864
2.6952 0.034864
2.69988 0.0998542
2.7002 0.100174
2.70192 0.101893
2.70553 0.105509
2.70585 0.105829
2.70617 0.106148
2.70696 0.106935
2.70728 0.107254
2.70924 0.109222
2.71053 0.110512
2.71234 0.112318
2.71486 0.0348593
2.71486 0.0348593
2.71486 0.0348593
2.71518 0.0351743
2.71518 0.0348548
2.71518 0.0348548
2.71699 0.116969
2.72185 0.12183
2.72307 0.123051
2.72355 0.123526
2.72508 0.125059
2.72587 0.125845
2.73508 0.0350611
2.73521 0.03487
2.73521 0.03487
2.73521 0.03487
2.73553 0.035185
2.73553 0.0348655
2.73553 0.0348655
2.73809 0.0380635
2.73977 0.139751
2.74106 0.0410354
2.74334 0.0433144
2.74387 0.0438517
2.74457 0.0445555
2.74526 0.0452366
2.74558 0.0455567
2.74671 0.0466849
2.74731 0.0472843
2.74763 0.0476191
2.74835 0.0483277
2.74932 0.0493192
2.75095 0.0509263
2.75323 0.0532164
2.75376 0.0537425
2.75489 0.0348721
2.75489 0.0348721
2.75489 0.0348721
2.75521 0.0551969
2.75534 0.03532
2.75534 0.0350005
2.75534 0.0350005
2.7559 0.155882
2.75722 0.0571973
2.75754 0.0575168
2.75786 0.0578364
2.75818 0.158155
2.75853 0.158506
2.7591 0.159074
2.75942 0.0593943
2.75942 0.0593943
2.76129 0.061269
2.7617 0.0616818
2.76202 0.0620013
2.76269 0.062663
2.76353 0.0635113
2.76385 0.0638419
2.76385 0.0638308
2.76479 0.0647835
2.76511 0.065103
2.76851 0.0684907
2.76883 0.0688213
2.76915 0.0691297
2.76981 0.0697913
2.7706 0.0705885
2.77238 0.0723588
2.77382 0.0738176
2.77442 0.0743975
2.77474 0.074717
2.77474 0.074717
2.77506 0.0750476
2.77506 0.0750365
2.77519 0.035185
2.77519 0.035185
2.77519 0.035185
2.77519 0.035185
2.77519 0.0348655
2.77519 0.0348655
2.77551 0.0754844
2.77551 0.035185
2.77807 0.0780491
2.77838 0.0783629
2.77998 0.0799577
2.7803 0.0802772
2.78077 0.0807522
2.78137 0.0813517
2.78179 0.0817645
2.78347 0.0834526
2.78392 0.0838965
2.78424 0.084216
2.78673 0.0867128
2.78855 0.0885253
2.79176 0.0917375
2.79208 0.092057
2.79252 0.0925009
2.79489 0.0348721
2.79489 0.0348721
2.79489 0.0348721
2.79521 0.0351871
2.79521 0.0348676
2.79521 0.0348676
2.79948 0.0994535
2.79992 0.0998974
2.80201 0.10199
2.80532 0.105295
2.80582 0.105801
2.80614 0.106121
2.80671 0.106689
2.80703 0.107009
2.80925 0.109226
2.81066 0.11064
2.81238 0.112353
2.81487 0.0348629
2.81487 0.0348629
2.81487 0.0348629
2.81518 0.0351779
2.81518 0.0348584
2.81518 0.0348584
2.81703 0.117004
2.82182 0.121802
2.82308 0.123055
2.82355 0.12353
2.82493 0.124907
2.82593 0.125911
2.83509 0.0350648
2.83521 0.0348736
2.83521 0.0348736
2.83521 0.0348736
2.83553 0.0351887
2.83553 0.0348691
2.83553 0.0348691
2.83818 0.0381605
2.83978 0.139754
2.84106 0.041039
2.84334 0.043318
2.84388 0.0438553
2.84454 0.0445366
2.84523 0.0452039
2.84555 0.0455292
2.84683 0.0468129
2.84731 0.0472879
2.84763 0.0476258
2.84835 0.0483313
2.84933 0.0493123
2.85095 0.0509299
2.85323 0.0532287
2.85361 0.0535906
2.85489 0.0348757
2.85489 0.0348757
2.85489 0.0348757
2.85521 0.0552091
2.85534 0.0353236
2.85534 0.0350041
2.85534 0.0350041
2.85588 0.155854
2.85722 0.057201
2.85722 0.057201
2.8577 0.057676
2.85802 0.157995
2.85852 0.158501
2.85906 0.159038
2.85938 0.0593584
2.85938 0.0593584
2.86125 0.0612331
2.8617 0.061677
2.86202 0.0619965
2.86271 0.0626892
2.8635 0.0634753
2.86382 0.0638146
2.86414 0.0641143
2.8648 0.0647957
2.86512 0.0651152
2.86848 0.0684632
2.8688 0.0688024
2.86915 0.0691333
2.86982 0.069795
2.87057 0.070547
2.87257 0.072549
2.87382 0.0737988
2.87427 0.0742456
2.87459 0.0745651
2.87491 0.0748846
2.87491 0.0748846
2.87523 0.0752238
2.87554 0.0755236
2.87554 0.0352242
2.87567 0.0356721
2.87567 0.0356721
2.87567 0.0356721
2.87567 0.0356721
2.87567 0.0353526
2.87567 0.0353526
2.87805 0.0780301
2.87837 0.0783439
2.87999 0.0799698
2.88031 0.0802893
2.88075 0.0807332
2.88129 0.0812704
2.88174 0.0817144
2.88349 0.0834646
2.88393 0.0839086
2.88425 0.0842281
2.88681 0.0867871
2.88856 0.0885374
2.89186 0.0918428
2.89218 0.0921624
2.89253 0.092513
2.8949 0.0348842
2.8949 0.0348842
2.8949 0.0348842
2.89522 0.0351992
2.89522 0.0348797
2.89522 0.0348797
2.8997 0.0996833
2.90002 0.100003
2.90193 0.101909
2.9053 0.105276
2.90583 0.105814
2.90615 0.106133
2.90691 0.106888
2.90723 0.107208
2.90926 0.109238
2.9107 0.110683
2.91236 0.112334
2.91488 0.034875
2.91488 0.034875
2.91488 0.034875
2.91519 0.03519
2.91519 0.0348705
2.91519 0.0348705
2.91704 0.117016
2.92184 0.121814
2.92306 0.123036
2.92356 0.123542
2.92488 0.124857
2.92591 0.125892
2.93507 0.0350457
2.93519 0.0348546
2.93519 0.0348546
2.93519 0.0348546
2.93554 0.0352007
2.93554 0.0348812
2.93554 0.0348812
2.93816 0.0381414
2.93976 0.139735
2.9411 0.0410822
2.94335 0.0433301
2.94386 0.0438362
2.94458 0.0445574
2.9449 0.0448998
2.94525 0.0452302
2.94685 0.046825
2.94732 0.0473
2.94764 0.0476099
2.94839 0.0483745
2.94934 0.0493138
2.95093 0.0509108
2.95324 0.0532183
2.95375 0.0537271
2.95503 0.0550081
2.95516 0.0351451
2.95516 0.0351451
2.95516 0.0351451
2.95529 0.0352735
2.95529 0.034954
2.95529 0.034954
2.95589 0.155866
2.9572 0.0571819
2.95752 0.0575014
2.95784 0.0578209
2.95816 0.15814
2.95867 0.158646
2.95908 0.159059
2.9594 0.0593789
2.9594 0.0593789
2.96115 0.0611292
2.96172 0.0616975
2.96204 0.062017
2.9627 0.0626787
2.96352 0.0634959
2.96384 0.0638126
2.96416 0.0641349
2.96466 0.0646383
2.96466 0.0646383
2.96815 0.0681331
2.96878 0.0687609
2.96917 0.0691454
2.96986 0.0698381
2.97058 0.0705762
2.97236 0.0723434
2.97387 0.0738506
2.97431 0.0742888
2.97463 0.0746083
2.97463 0.0746083
2.97495 0.0749251
2.97495 0.0749278
2.97508 0.0350763
2.97508 0.0350763
2.97508 0.0350763
2.97521 0.0352047
2.97521 0.0348852
2.97521 0.0348852
2.97552 0.0755041
2.97805 0.0780377
2.97837 0.0783515
2.97987 0.0798529
2.98019 0.0801724
2.98079 0.0807719
2.98133 0.0813091
2.98196 0.0819397
2.98349 0.0834722
2.98403 0.0840095
2.98435 0.084329
2.98675 0.0867324
2.98853 0.0885138
2.99165 0.0916327
2.992 0.0919833
2.99232 0.0923028
2.99488 0.0348606
2.99488 0.0348606
2.99488 0.0348606
2.99519 0.0351757
2.99519 0.0348562
2.99519 0.0348562
2.99968 0.0996598
3 0.0999793
3.002 0.101978
3.00543 0.105411
3.00581 0.105793
3.00613 0.106113
3.00692 0.106899
3.0073 0.10728
3.00921 0.109186
3.01065 0.110631
3.01237 0.112345
3.01489 0.0348856
3.01489 0.0348856
3.01489 0.0348856
3.0152 0.0352007
3.0152 0.0348811
3.0152 0.0348811
3.01705 0.117027
3.02185 0.121825
3.02307 0.123047
3.02351 0.123491
3.02501 0.124992
3.0258 0.125778
3.03508 0.0350564
3.03552 0.0348568
3.03552 0.0348568
3.03817 0.0381481
3.03976 0.139742
3.04111 0.0410888
3.04336 0.0433368
3.04386 0.0438429
3.04456 0.0445416
3.04487 0.0448475
3.04526 0.0452369
3.0467 0.0466761
3.0473 0.0472756
3.04761 0.0475956
3.0484 0.0483811
3.04965 0.0496521
3.05094 0.0509175
3.05325 0.0532336
3.05357 0.0535472
3.05501 0.0549923
3.05513 0.0351206
3.05513 0.0351206
3.05513 0.0351206
3.05526 0.035249
3.05526 0.0349295
3.05526 0.0349295
3.05589 0.155873
3.05721 0.0571886
3.05753 0.0575081
3.05785 0.0578276
3.05817 0.158146
3.05855 0.158528
3.05887 0.0588483
3.05919 0.159167
3.05919 0.0591678
3.06125 0.0612292
3.06172 0.0617042
3.06211 0.0620859
3.0628 0.0627787
3.06337 0.0633529
3.06369 0.0636665
3.06401 0.063986
3.06442 0.0644132
3.06474 0.0647243
3.06801 0.0679927
3.06864 0.0686292
3.06921 0.0691916
3.06987 0.0698533
3.07069 0.0706706
3.07253 0.072514
3.07385 0.0738433
3.07429 0.0742728
3.07461 0.0745923
3.07493 0.0749118
3.07493 0.0749262
3.07525 0.0752313
3.07557 0.0755508
3.07557 0.0352203
3.0757 0.0356682
3.0757 0.0356682
3.0757 0.0356682
3.0757 0.0356682
3.0757 0.0353487
3.0757 0.0353487
3.07804 0.0780262
3.07836 0.07834
3.07999 0.0799659
3.08031 0.0802854
3.08075 0.0807293
3.08129 0.0812665
3.08164 0.0816171
3.08345 0.0834296
3.08417 0.0841535
3.08417 0.0841535
3.08679 0.0867747
3.08861 0.0885872
3.09176 0.0917372
3.09208 0.0920567
3.0924 0.0923762
3.09489 0.0348718
3.09489 0.0348718
3.09489 0.0348718
3.0952 0.0351868
3.0952 0.0348673
3.0952 0.0348673
3.09932 0.0992977
3.09989 0.099866
3.10192 0.101896
3.10525 0.105233
3.10582 0.105801
3.10614 0.106121
3.1069 0.106876
3.10721 0.107195
3.10921 0.109194
3.11065 0.110639
3.11234 0.112322
3.11486 0.0348626
3.11486 0.0348626
3.11486 0.0348626
3.11518 0.0351777
3.11518 0.0348581
3.11518 0.0348581
3.11699 0.116973
3.12185 0.121833
3.12307 0.123055
3.12355 0.12353
3.12511 0.125093
3.12574 0.125724
3.13505 0.0350334
3.13518 0.0348422
3.13518 0.0348422
3.13518 0.0348422
3.13553 0.0351884
3.13553 0.0348689
3.13553 0.0348689
3.13815 0.0381291
3.13977 0.139754
3.14109 0.0410698
3.14334 0.0433177
3.14384 0.0438239
3.1446 0.0445934
3.14492 0.044894
3.14552 0.0454978
3.14643 0.0464083
3.14731 0.0472876
3.14763 0.04762
3.14838 0.0483621
3.14966 0.0496537
3.15092 0.0508985
3.15295 0.0529433
3.15361 0.0535904
3.15502 0.0550131
3.15515 0.0351327
3.15515 0.0351327
3.15515 0.0351327
3.15527 0.0352611
3.15527 0.0349416
3.15527 0.0349416
3.1559 0.155885
3.157 0.0569829
3.15732 0.0573024
3.1578 0.0577775
3.15812 0.158096
3.15865 0.158633
3.15919 0.0591714
3.15951 0.059491
3.15951 0.15949
3.16126 0.0612412
3.16164 0.061623
3.16209 0.0620669
3.16281 0.0627907
3.16341 0.0633821
3.16373 0.0637097
3.16373 0.0637097
3.16445 0.0644339
3.16477 0.0647676
3.16808 0.0680585
3.16861 0.0686103
3.16925 0.0692263
3.16984 0.0698258
3.17069 0.0706914
3.17238 0.0723621
3.17382 0.0737933
3.1743 0.0742764
3.17461 0.0745959
3.17493 0.0749154
3.17493 0.0749158
3.17493 0.0749154
3.17506 0.0350328
3.17506 0.0350328
3.17506 0.0350328
3.17519 0.0351612
3.17519 0.0348417
3.17519 0.0348417
3.17551 0.0754917
3.17804 0.0780253
3.17836 0.0783391
3.18001 0.0799961
3.18033 0.0803156
3.18075 0.0807284
3.18128 0.0812656
3.18164 0.0816163
3.18357 0.0835532
3.18402 0.0839971
3.18434 0.0843166
3.1868 0.0867823
3.18858 0.0885637
3.19201 0.0919936
3.19233 0.0923131
3.19233 0.0923131
3.19489 0.0348709
3.19489 0.0348709
3.19489 0.0348709
3.1952 0.0351859
3.1952 0.0348664
3.1952 0.0348664
3.19956 0.0995456
3.20004 0.100021
3.20191 0.101895
3.20528 0.105263
3.20582 0.1058
3.20614 0.10612
3.20696 0.106937
3.20743 0.107412
3.20921 0.109193
3.21068 0.110669
3.2124 0.112383
3.21486 0.0348618
3.21486 0.0348618
3.21486 0.0348618
3.21518 0.0351768
3.21518 0.0348573
3.21518 0.0348573
3.21699 0.116972
3.22176 0.121739
3.22298 0.122961
3.22389 0.123871
3.22499 0.124968
3.22574 0.125723
3.23505 0.0350325
3.23518 0.0348414
3.23518 0.0348414
3.23518 0.0348414
3.23552 0.0351875
3.23552 0.034868
3.23552 0.034868
3.23815 0.0381282
3.23977 0.139753
3.24109 0.0410689
3.24333 0.0433169
3.24393 0.0439163
3.24456 0.0445389
3.24488 0.0448653
3.24548 0.0454658
3.24643 0.0464074
3.2473 0.0472868
3.24762 0.0475951
3.24841 0.0483923
3.24948 0.0494556
3.25092 0.0508976
3.25298 0.0529595
3.25383 0.0538072
3.25502 0.0549897
3.25514 0.0351318
3.25514 0.0351318
3.25514 0.0351318
3.25527 0.0352602
3.25527 0.0349407
3.25527 0.0349407
3.2559 0.155884
3.25703 0.0570132
3.25735 0.0573327
3.25767 0.0576522
3.25799 0.157971
3.25853 0.158508
3.25919 0.15917
3.25951 0.0594901
3.25951 0.0594901
3.26123 0.0612093
3.26164 0.0616221
3.26199 0.0619727
3.26268 0.0626654
3.26335 0.0633361
3.26366 0.0636466
3.26398 0.0639661
3.26474 0.0647132
3.26506 0.0650581
3.26808 0.0680661
3.26871 0.0686888
3.26913 0.0691095
3.26982 0.0698023
3.27042 0.070405
3.27239 0.0723697
3.27392 0.0739028
3.2743 0.074284
3.27462 0.0746035
3.27494 0.074923
3.27494 0.074923
3.27526 0.07526
3.27558 0.075562
3.27558 0.0352315
3.27571 0.0356794
3.27571 0.0356794
3.27571 0.0356794
3.27571 0.0356794
3.27571 0.0353599
3.27571 0.0353599
3.27805 0.0780374
3.27837 0.0783512
3.27987 0.0798526
3.28019 0.0801722
3.28082 0.0808027
3.2813 0.0812777
3.28174 0.0817217
3.28346 0.0834408
3.28403 0.0840092
3.28435 0.0843287
3.28666 0.0866388
3.28866 0.088638
3.29162 0.0916013
3.292 0.091983
3.29232 0.0923025
3.29488 0.0348604
3.29488 0.0348604
3.29488 0.0348604
3.29519 0.0351754
3.29519 0.0348559
3.29519 0.0348559
3.29927 0.0992551
3.29997 0.0999479
3.30197 0.101947
3.30518 0.105159
3.3055 0.105479
3.30582 0.105798
3.30694 0.106926
3.30726 0.107246
3.3092 0.109183
3.31064 0.110628
3.31236 0.112341
3.31485 0.0348512
3.31485 0.0348512
3.31485 0.0348512
3.31517 0.0351662
3.31517 0.0348467
3.31517 0.0348467
3.31695 0.11693
3.32175 0.121728
3.323 0.122981
3.32354 0.123518
3.32485 0.124833
3.32592 0.125899
3.33507 0.035053
3.3352 0.0348619
3.3352 0.0348619
3.3352 0.0348619
3.33551 0.0351769
3.33551 0.0348574
3.33551 0.0348574
3.33813 0.0381176
3.33985 0.139836
3.34111 0.0410895
3.34332 0.0433063
3.34389 0.0438746
3.34455 0.044537
3.34487 0.044858
3.34557 0.0455486
3.34645 0.0464279
3.34729 0.0472762
3.34761 0.0475856
3.3484 0.0483818
3.34943 0.0494034
3.3509 0.050887
3.35297 0.0529349
3.35353 0.0535167
3.355 0.0549878
3.35513 0.0351213
3.35513 0.0351213
3.35513 0.0351213
3.35526 0.0352497
3.35526 0.0349302
3.35526 0.0349302
3.35592 0.155905
3.35705 0.0570337
3.35737 0.0573532
3.35769 0.0576727
3.35801 0.157991
3.35855 0.158529
3.35921 0.15919
3.35953 0.0595106
3.35953 0.0595106
3.36122 0.0611987
3.36182 0.0617981
3.36213 0.0621177
3.36267 0.0626549
3.36336 0.0633427
3.36368 0.0636671
3.36368 0.0636671
3.36466 0.0646406
3.36498 0.0649544
3.368 0.0679849
3.36863 0.0686162
3.36895 0.068935
3.36983 0.0698143
3.3704 0.070372
3.37231 0.0722885
3.37393 0.0739236
3.37428 0.074265
3.37463 0.0746156
3.37495 0.0749301
3.37495 0.0749351
3.37527 0.0752546
3.37559 0.0755741
3.37559 0.0352436
3.37572 0.0356915
3.37572 0.0356915
3.37572 0.0356915
3.37572 0.0356915
3.37572 0.035372
3.37572 0.035372
3.37806 0.0780495
3.37838 0.0783633
3.37988 0.0798647
3.3802 0.0801842
3.38083 0.0808148
3.38131 0.0812898
3.38172 0.0817026
3.38341 0.0833907
3.3841 0.0840835
3.38442 0.084403
3.38667 0.0866509
3.38861 0.0885878
3.39191 0.0918933
3.39223 0.0922128
3.39223 0.0922128
3.39488 0.034864
3.39488 0.034864
3.39488 0.034864
3.39519 0.035179
3.39519 0.0348595
3.39519 0.0348595
3.39946 0.0994454
3.39991 0.0998893
3.40191 0.101888
3.40524 0.105225
3.40581 0.105793
3.40613 0.106113
3.40698 0.106961
3.40736 0.107343
3.4092 0.109186
3.41052 0.110507
3.41233 0.112314
3.41489 0.0348548
3.41489 0.0348548
3.41489 0.0348548
3.4152 0.0351698
3.4152 0.0348503
3.4152 0.0348503
3.41692 0.116902
3.42175 0.121732
3.42303 0.123016
3.42351 0.123491
3.42479 0.124775
3.42589 0.125872
3.43507 0.0350566
3.4352 0.0348655
3.4352 0.0348655
3.4352 0.0348655
3.43552 0.0351805
3.43552 0.034861
3.43552 0.034861
3.43814 0.0381213
3.43976 0.139746
3.44108 0.041062
3.44342 0.0434032
3.44386 0.0438472
3.44456 0.0445493
3.44488 0.0448649
3.44551 0.04549
3.4467 0.0466804
3.4473 0.0472798
3.44762 0.0476015
3.44825 0.0482299
3.4495 0.0494898
3.45091 0.0508906
3.45297 0.0529557
3.45354 0.0535203
3.45501 0.0550001
3.45514 0.0351249
3.45514 0.0351249
3.45514 0.0351249
3.45526 0.0352533
3.45526 0.0349338
3.45526 0.0349338
3.4558 0.155784
3.45699 0.0569751
3.45731 0.0572946
3.45772 0.0577074
3.45804 0.158026
3.45852 0.158501
3.45918 0.159163
3.4595 0.0594831
3.4595 0.0594831
3.46122 0.0612023
3.46166 0.0616462
3.46198 0.0619657
3.46267 0.0626585
3.46334 0.0633323
3.46366 0.0636397
3.46398 0.0639592
3.46464 0.0646302
3.46496 0.064944
3.46808 0.0680592
3.46871 0.0686991
3.46903 0.0690092
3.46981 0.0697953
3.47044 0.0704323
3.47238 0.0723628
3.47382 0.0737888
3.47429 0.074277
3.47461 0.0745966
3.47493 0.0749161
3.47493 0.0749161
3.47525 0.0752392
3.47557 0.0755551
3.47557 0.0352246
3.4757 0.0356725
3.4757 0.0356725
3.4757 0.0356725
3.4757 0.0356725
3.4757 0.035353
3.4757 0.035353
3.47817 0.0781549
3.47849 0.0784687
3.47986 0.0798457
3.48018 0.0801652
3.48081 0.0807958
3.48129 0.0812708
3.48186 0.0818391
3.48339 0.0833717
3.48402 0.0840022
3.48434 0.0843217
3.48662 0.0866008
3.48865 0.088631
3.49195 0.0919365
3.49227 0.092256
3.49227 0.092256
3.49486 0.0348449
3.49486 0.0348449
3.49486 0.0348449
3.4952 0.0351911
3.4952 0.0348716
3.4952 0.0348716
3.49994 0.099924
3.50026 0.100244
3.50195 0.101932
3.50541 0.105393
3.50582 0.105805
3.50614 0.106125
3.50696 0.106942
3.50728 0.107262
3.50921 0.109199
3.51072 0.110706
3.51234 0.112326
3.5149 0.0348669
3.5149 0.0348669
3.5149 0.0348669
3.51521 0.0351819
3.51521 0.0348624
3.51521 0.0348624
3.51706 0.117039
3.52173 0.121713
3.52301 0.122997
3.52389 0.123876
3.5249 0.12488
3.5259 0.125884
3.53505 0.0350376
3.53518 0.0348465
3.53518 0.0348465
3.53518 0.0348465
3.5355 0.0351615
3.5355 0.034842
3.5355 0.034842
3.53815 0.0381333
3.53984 0.139821
3.54109 0.041074
3.54343 0.0434153
3.54394 0.0439214
3.54457 0.0445389
3.54489 0.0448803
3.54555 0.0455331
3.54668 0.0466614
3.54728 0.0472608
3.5476 0.0475835
3.54838 0.0483664
3.54917 0.0491492
3.55092 0.0509027
3.55298 0.0529537
3.55355 0.0535324
3.55486 0.0348486
3.55486 0.0348486
3.55486 0.0348486
3.55518 0.0551492
3.55531 0.0352965
3.55531 0.034977
3.55531 0.034977
3.55587 0.155858
3.55719 0.0571738
3.55751 0.0574933
3.55783 0.0578128
3.55815 0.158132
3.5585 0.158482
3.55907 0.15905
3.55939 0.0593708
3.55939 0.0593708
3.56123 0.0612144
3.56164 0.0616272
3.56199 0.0619778
3.56269 0.0626706
3.56338 0.0633615
3.5637 0.0636828
3.5637 0.0636828
3.56467 0.0646424
3.56499 0.0649874
3.56808 0.0680628
3.56874 0.0687114
3.56906 0.069044
3.56985 0.06983
3.5706 0.0705774
3.57244 0.0724286
3.57391 0.0738943
3.57423 0.0742185
3.57455 0.074538
3.57487 0.0748575
3.57519 0.0751893
3.57519 0.075177
3.57551 0.0754965
3.57551 0.035166
3.57564 0.0356139
3.57564 0.0356139
3.57564 0.0356139
3.57564 0.0356139
3.57564 0.0352944
3.57564 0.0352944
3.57804 0.078034
3.57836 0.0783479
3.57986 0.0798493
3.58018 0.0801688
3.58078 0.0807683
3.58129 0.0812744
3.58173 0.0817183
3.58358 0.0835619
3.58402 0.0840058
3.58434 0.0843253
3.58665 0.0866355
3.58849 0.0884791
3.59168 0.0916602
3.592 0.0919797
3.59231 0.0922992
3.59487 0.034857
3.59487 0.034857
3.59487 0.034857
3.59518 0.035172
3.59518 0.0348525
3.59518 0.0348525
3.59936 0.0993451
3.59993 0.0999135
3.60196 0.101944
3.60533 0.105311
3.6058 0.105786
3.60612 0.106106
3.60694 0.106923
3.60726 0.107243
3.6092 0.10918
3.61051 0.1105
3.61235 0.112338
3.61488 0.0348479
3.61488 0.0348479
3.61488 0.0348479
3.61519 0.0351629
3.61519 0.0348434
3.61519 0.0348434
3.61694 0.116927
3.62174 0.121725
3.62296 0.122947
3.6235 0.123484
3.62491 0.124892
3.62591 0.125896
3.63506 0.0350497
3.63519 0.0348586
3.63519 0.0348586
3.63519 0.0348586
3.63551 0.0351736
3.63551 0.0348541
3.63551 0.0348541
3.63816 0.0381454
3.63979 0.13977
3.6411 0.0410861
3.64341 0.0433963
3.64385 0.0438402
3.64461 0.0445907
3.64493 0.0449267
3.64547 0.0454519
3.64669 0.0466734
3.64729 0.0472729
3.64761 0.0475935
3.64839 0.0483784
3.65055 0.0505193
3.6509 0.0508837
3.65296 0.0529518
3.65356 0.0535445
3.65503 0.0550104
3.65516 0.0351491
3.65516 0.0351491
3.65516 0.0351491
3.65529 0.0352774
3.65529 0.0349579
3.65529 0.0349579
3.65595 0.155932
3.6572 0.0571859
3.65752 0.0575054
3.65793 0.157917
3.65825 0.0582377
3.65857 0.158556
3.65917 0.159156
3.65949 0.0594762
3.65949 0.0594762
3.66121 0.0611954
3.66165 0.0616393
3.66197 0.0619588
3.66267 0.0626516
3.66342 0.0633907
3.66374 0.063726
3.66406 0.0640455
3.66472 0.0647027
3.66504 0.0650165
3.6681 0.0680833
3.6687 0.0686783
3.66902 0.0690023
3.66987 0.0698506
3.67087 0.0708639
3.67237 0.0723558
3.67381 0.0737991
3.67428 0.0742701
3.6746 0.0745896
3.67492 0.0749091
3.67492 0.0749091
3.67524 0.0752185
3.67556 0.0755481
3.67556 0.0352176
3.67569 0.0356655
3.67569 0.0356655
3.67569 0.0356655
3.67569 0.0356655
3.67569 0.035346
3.67569 0.035346
3.67803 0.0780235
3.67835 0.0783373
3.67988 0.0798699
3.6802 0.0801894
3.68074 0.0807266
3.68128 0.0812638
3.68175 0.0817389
3.68344 0.0834269
3.68413 0.0841197
3.68445 0.0844392
3.68667 0.0866561
3.68864 0.0886241
3.69201 0.0919918
3.69201 0.0919918
3.69233 0.0923113
3.69488 0.0348691
3.69488 0.0348691
3.69488 0.0348691
3.6952 0.0351841
3.6952 0.0348646
3.6952 0.0348646
3.69947 0.0994505
3.69991 0.0998944
3.70194 0.101925
3.7054 0.105386
3.70581 0.105798
3.70613 0.106118
3.70692 0.106904
3.70724 0.107224
3.70921 0.109192
3.7108 0.110792
3.7124 0.112381
3.71489 0.0348599
3.71489 0.0348599
3.71489 0.0348599
3.7152 0.035175
3.7152 0.0348555
3.7152 0.0348555
3.71705 0.117032
3.72175 0.121737
3.72307 0.123052
3.72351 0.123496
3.72504 0.125029
3.72589 0.125877
3.73508 0.0350618
3.7352 0.0348707
3.7352 0.0348707
3.7352 0.0348707
3.73552 0.0351857
3.73552 0.0348662
3.73552 0.0348662
3.73814 0.0381264
3.73977 0.139751
3.74108 0.0410671
3.74342 0.0434084
3.74384 0.0438212
3.74456 0.0445492
3.74488 0.0448488
3.74548 0.045464
3.7467 0.0466855
3.7473 0.047285
3.74762 0.0476035
3.74837 0.0483594
3.75056 0.0505435
3.75091 0.0508958
3.75297 0.0529499
3.75354 0.0535255
3.75485 0.0348416
3.75485 0.0348416
3.75485 0.0348416
3.75517 0.0551595
3.7553 0.0352895
3.7553 0.03497
3.7553 0.03497
3.75596 0.155945
3.75724 0.0572291
3.75756 0.0575486
3.75788 0.0578681
3.7582 0.158187
3.75865 0.158631
3.75909 0.159075
3.75941 0.0593949
3.75941 0.0593949
3.76116 0.0611452
3.76163 0.0616203
3.76202 0.062002
3.76268 0.0626636
3.76337 0.0633576
3.76369 0.0636759
3.76369 0.0636759
3.76472 0.064715
3.76504 0.0650288
3.76816 0.0681492
3.7687 0.0686906
3.76911 0.0690992
3.76984 0.0698231
3.77087 0.0708451
3.77231 0.0722972
3.77384 0.0738425
3.77426 0.0742426
3.77458 0.0745621
3.7749 0.0748801
3.7749 0.0748816
3.77522 0.0752011
3.77553 0.0755206
3.77553 0.0351902
3.77566 0.0356381
3.77566 0.0356381
3.77566 0.0356381
3.77566 0.0356381
3.77566 0.0353185
3.77566 0.0353185
3.77804 0.0780271
3.77835 0.0783409
3.77986 0.0798424
3.78018 0.0801619
3.78074 0.0807302
3.78131 0.0812986
3.78166 0.0816492
3.78354 0.0835239
3.78401 0.0839989
3.78433 0.0843184
3.78674 0.0867219
3.78852 0.0885033
3.79173 0.0917155
3.79205 0.092035
3.79205 0.092035
3.79485 0.0348416
3.79485 0.0348416
3.79485 0.0348416
3.7952 0.0351877
3.7952 0.0348682
3.7952 0.0348682
3.79944 0.099423
3.80001 0.0999914
3.80194 0.101928
3.80543 0.10542
3.80582 0.105802
3.80614 0.106122
3.80692 0.106908
3.80746 0.107445
3.80921 0.109195
3.81068 0.110671
3.81237 0.112354
3.81489 0.0348636
3.81489 0.0348636
3.81489 0.0348636
3.81521 0.0351786
3.81521 0.0348591
3.81521 0.0348591
3.81702 0.117005
3.82172 0.12171
3.82298 0.122962
3.82373 0.123717
3.82514 0.125125
3.82574 0.125725
3.83505 0.0350343
3.83518 0.0348432
3.83518 0.0348432
3.83518 0.0348432
3.83552 0.0351893
3.83552 0.0348698
3.83552 0.0348698
3.83814 0.03813
3.83977 0.139755
3.84108 0.0410707
3.84343 0.043412
3.84384 0.0438248
3.84453 0.0445304
3.84525 0.045229
3.84557 0.0455609
3.84667 0.046658
3.8473 0.0472886
3.84762 0.0476102
3.84838 0.048363
3.85044 0.0504348
3.85091 0.0508994
3.85328 0.0532817
3.8536 0.0535913
3.85501 0.0550123
3.85514 0.0351336
3.85514 0.0351336
3.85514 0.0351336
3.85527 0.035262
3.85527 0.0349425
3.85527 0.0349425
3.85584 0.155824
3.85721 0.0572016
3.85753 0.0575211
3.85785 0.0578406
3.85817 0.158159
3.85862 0.158603
3.85909 0.0590791
3.85941 0.159398
3.85941 0.0593986
3.86126 0.0612422
3.86164 0.0616239
3.86199 0.0619745
3.86268 0.0626672
3.86362 0.0636088
3.86394 0.0639156
3.86394 0.0639283
3.86463 0.0646339
3.86495 0.0649477
3.86807 0.0680595
3.8687 0.0687029
3.86912 0.0691028
3.86981 0.0697956
3.87087 0.0708573
3.87235 0.0723319
3.87382 0.0737925
3.87429 0.0742773
3.87461 0.0745968
3.87493 0.0749163
3.87493 0.0749163
3.87525 0.0752204
3.87557 0.0755554
3.87557 0.0352249
3.8757 0.0356728
3.8757 0.0356728
3.8757 0.0356728
3.8757 0.0356728
3.8757 0.0353533
3.8757 0.0353533
3.87804 0.0780307
3.87836 0.0783445
3.87998 0.0799704
3.8803 0.0802899
3.88075 0.0807338
3.88128 0.0812711
3.88173 0.081715
3.88339 0.083372
3.88398 0.0839714
3.8843 0.0842909
3.88671 0.0866944
3.88864 0.0886313
3.8917 0.091688
3.89202 0.0920075
3.89202 0.0920075
3.89486 0.0348452
3.89486 0.0348452
3.89486 0.0348452
3.8952 0.0351913
3.8952 0.0348718
3.8952 0.0348718
3.89947 0.0994577
3.89988 0.0998706
3.90191 0.101901
3.90537 0.105362
3.90582 0.105806
3.90614 0.106125
3.90696 0.106942
3.90787 0.107853
3.90921 0.109199
3.91062 0.110613
3.91234 0.112326
3.91489 0.0348672
3.91489 0.0348672
3.91489 0.0348672
3.91521 0.0351822
3.91521 0.0348627
3.91521 0.0348627
3.91699 0.116977
3.92173 0.121713
3.92301 0.122997
3.92349 0.123472
3.92499 0.124974
3.92587 0.125853
3.93505 0.0350379
3.93518 0.0348468
3.93518 0.0348468
3.93518 0.0348468
3.93549 0.0351618
3.93549 0.0348423
3.93549 0.0348423
3.93815 0.0381336
3.93977 0.139759
3.94109 0.0410743
3.94343 0.0434156
3.94384 0.0438284
3.94456 0.0445426
3.94523 0.0451963
3.94555 0.0455334
3.94667 0.0466616
3.94727 0.0472611
3.94759 0.0475724
3.94838 0.0483666
3.9505 0.0504817
3.95092 0.050903
3.95326 0.0532317
3.95361 0.0535949
3.95502 0.0549934
3.95514 0.0351373
3.95514 0.0351373
3.95514 0.0351373
3.95527 0.0352656
3.95527 0.0349461
3.95527 0.0349461
3.95578 0.155765
3.95725 0.0572363
3.95757 0.0575558
3.95789 0.0578753
3.95821 0.158194
3.95859 0.158576
3.95909 0.0590827
3.95941 0.159401
3.95941 0.0594022
3.96126 0.0612458
3.96164 0.0616275
3.96199 0.0619781
3.96268 0.0626709
3.96369 0.0636746
3.96401 0.0639942
3.96433 0.0643096
3.96477 0.064748
3.96509 0.0650618
3.96839 0.0683826
3.96871 0.0686925
3.96913 0.0691149
3.96982 0.0698077
3.97089 0.070878
3.97236 0.072344
3.9738 0.0737821
3.9743 0.0742894
3.97462 0.0746089
3.97462 0.0746089
3.97494 0.0749284
3.97494 0.0749216
3.97507 0.0350458
3.97507 0.0350458
3.97507 0.0350458
3.9752 0.0351742
3.9752 0.0348547
3.9752 0.0348547
3.97552 0.0755047
3.97804 0.0780383
3.97836 0.0783521
3.97999 0.079978
3.98031 0.0802975
3.98078 0.0807725
3.98129 0.0812786
3.98192 0.0819092
3.98342 0.0834107
3.98393 0.0839168
3.98425 0.0842363
3.98668 0.0866709
3.98865 0.0886389
3.9918 0.0917889
3.99212 0.0921084
3.9925 0.0924901
3.99487 0.0348613
3.99487 0.0348613
3.99487 0.0348613
3.99519 0.0351763
3.99519 0.0348568
3.99519 0.0348568
3.99942 0.0994116
3.99984 0.0998244
4.00193 0.101917
4.00542 0.105412
4.00581 0.105794
4.00613 0.106113
4.00691 0.106899
4.00723 0.107219
4.0092 0.109187
4.01064 0.110632
4.01242 0.112408
4.01488 0.0348553
4.01488 0.0348553
4.01488 0.0348553
4.0152 0.0351703
4.0152 0.0348508
4.0152 0.0348508
4.01695 0.116934
4.02174 0.121733
4.02303 0.123016
4.0236 0.123585
4.02497 0.124962
4.02588 0.125872
4.03507 0.0350571
4.03551 0.0348575
4.03551 0.0348575
4.03813 0.0381177
4.03976 0.139743
4.0411 0.0410896
4.04341 0.0433997
4.04386 0.0438436
4.04458 0.0445665
4.04521 0.0452063
4.04553 0.0455176
4.04681 0.0468013
4.04729 0.0472763
4.04767 0.0476614
4.04836 0.0483508
4.05052 0.050509
4.0509 0.0508871
4.05327 0.0532556
4.05359 0.053579
4.05484 0.034833
4.05484 0.034833
4.05484 0.034833
4.05516 0.0551457
4.05529 0.0352809
4.05529 0.0349614
4.05529 0.0349614
4.05582 0.155811
4.05726 0.0572515
4.05758 0.057571
4.05758 0.057571
4.0579 0.15789
4.05866 0.158645
4.05907 0.159058
4.05939 0.0593778
4.05939 0.0593778
4.06123 0.0612214
4.06165 0.0616343
4.06206 0.0620471
4.06266 0.0626465
4.06348 0.0634637
4.06389 0.0638811
4.06421 0.064196
4.06474 0.0647323
4.06506 0.0650461
4.06846 0.0684516
4.06878 0.0687701
4.0691 0.0690906
4.06995 0.0699389
4.07089 0.0708624
4.07233 0.0723197
4.0738 0.0737975
4.07431 0.0742962
4.07463 0.0746157
4.07495 0.0749352
4.07495 0.0749352
4.07495 0.074937
4.07508 0.0350526
4.07508 0.0350526
4.07508 0.0350526
4.0752 0.035181
4.0752 0.0348615
4.0752 0.0348615
4.07552 0.0755115
4.07802 0.078014
4.07834 0.0783278
4.07987 0.0798603
4.08019 0.0801798
4.08079 0.0807793
4.0813 0.0812854
4.08174 0.0817293
4.0834 0.0833863
4.08394 0.0839236
4.08425 0.0842431
4.08669 0.0866776
4.08853 0.0885212
4.09181 0.0917956
4.09213 0.0921151
4.09257 0.0925591
4.09485 0.034837
4.09485 0.034837
4.09485 0.034837
4.09516 0.035152
4.09516 0.0348325
4.09516 0.0348325
4.09927 0.0992628
4.10031 0.100298
4.10184 0.10183
4.10533 0.105322
4.10581 0.105797
4.10613 0.106117
4.10691 0.106903
4.10723 0.107223
4.10936 0.109346
4.1107 0.110698
4.11236 0.112349
4.11488 0.0348589
4.11488 0.0348589
4.11488 0.0348589
4.1152 0.0351739
4.1152 0.0348544
4.1152 0.0348544
4.11698 0.116969
4.12175 0.121736
4.123 0.122989
4.12379 0.123775
4.12501 0.124996
4.12589 0.125876
4.13504 0.0350296
4.13517 0.0348385
4.13517 0.0348385
4.13517 0.0348385
4.13548 0.0351535
4.13548 0.034834
4.13548 0.034834
4.13814 0.0381253
4.13976 0.13975
4.14108 0.041066
4.14342 0.0434073
4.14383 0.0438201
4.14455 0.0445516
4.14522 0.0452088
4.14554 0.0455251
4.14682 0.0468089
4.14726 0.0472528
4.14765 0.0476184
4.1484 0.0483895
4.15049 0.0504665
4.15087 0.0508636
4.15328 0.0532718
4.1536 0.0535866
4.15504 0.0550335
4.15516 0.0351601
4.15516 0.0351601
4.15516 0.0351601
4.15516 0.0351601
4.15516 0.0348406
4.15516 0.0348406
4.15529 0.034969
4.15583 0.155819
4.15721 0.0571969
4.15753 0.0575164
4.15785 0.0578359
4.15817 0.158155
4.15855 0.158536
4.15909 0.0590744
4.1594 0.159393
4.1594 0.0593939
4.16125 0.0612375
4.16163 0.0616192
4.16198 0.0619698
4.16264 0.0626315
4.16365 0.0636353
4.16397 0.0639369
4.16397 0.0639548
4.16475 0.0647485
4.16507 0.0650623
4.16841 0.0683969
4.16873 0.0687241
4.16908 0.0690671
4.1698 0.0697909
4.17087 0.0708475
4.17234 0.0723273
4.17381 0.0737827
4.17428 0.0742727
4.1746 0.0745922
4.17492 0.0749117
4.17492 0.0749117
4.17492 0.0749221
4.17505 0.0350291
4.17505 0.0350291
4.17505 0.0350291
4.17518 0.0351575
4.17518 0.034838
4.17518 0.034838
4.1755 0.075488
4.17803 0.0780216
4.17835 0.0783354
4.17988 0.0798679
4.1802 0.0801874
4.1808 0.0807869
4.1813 0.081293
4.18193 0.0819236
4.18337 0.0833628
4.18407 0.0840556
4.18439 0.0843751
4.1867 0.0866852
4.18863 0.0886221
4.19172 0.0917099
4.19204 0.0920294
4.19255 0.0925355
4.19485 0.0348445
4.19485 0.0348445
4.19485 0.0348445
4.19517 0.0351596
4.19517 0.03484
4.19517 0.03484
4.19928 0.0992704
4.19991 0.099901
4.20185 0.101838
4.20528 0.105268
4.20582 0.105805
4.20614 0.106125
4.20708 0.107066
4.2074 0.107386
4.20927 0.10926
4.21062 0.110612
4.21234 0.112325
4.21486 0.0348354
4.21486 0.0348354
4.21486 0.0348354
4.21517 0.0351504
4.21517 0.0348309
4.21517 0.0348309
4.21711 0.117101
4.22175 0.121744
4.22301 0.122996
4.22373 0.12372
4.22498 0.124973
4.22586 0.125852
4.23505 0.0350372
4.23518 0.0348461
4.23518 0.0348461
4.23518 0.0348461
4.23549 0.0351611
4.23549 0.0348416
4.23549 0.0348416
4.23811 0.0381018
4.23977 0.139758
4.24108 0.0410736
4.24339 0.0433838
4.24384 0.0438277
4.24456 0.0445368
4.24519 0.0451801
4.24551 0.0455016
4.24667 0.0466609
4.24727 0.0472604
4.24765 0.0476218
4.24841 0.0483971
4.25053 0.0505173
4.25088 0.0508712
4.25328 0.0532569
4.2536 0.0535942
4.25501 0.0549875
4.25514 0.0351366
4.25514 0.0351366
4.25514 0.0351366
4.25527 0.035265
4.25527 0.0349454
4.25527 0.0349454
4.25584 0.155827
4.25725 0.0572356
4.25756 0.0575551
4.25788 0.0578746
4.2582 0.158193
4.25852 0.158513
4.25906 0.0590509
4.25938 0.15937
4.25938 0.0593704
4.26125 0.0612451
4.26164 0.0616268
4.26196 0.0619463
4.26265 0.0626391
4.26347 0.0634562
4.26388 0.0638598
4.2642 0.0641886
4.26474 0.064711
4.26506 0.0650248
4.26849 0.0684752
4.2688 0.0687799
4.26912 0.0691142
4.26982 0.069807
4.27085 0.0708411
4.27238 0.0723744
4.27379 0.0737763
4.2743 0.0742887
4.27462 0.0746082
4.27494 0.0749277
4.27494 0.0749157
4.27494 0.0749277
4.27507 0.0350451
4.27507 0.0350451
4.27507 0.0350451
4.27519 0.0351735
4.27519 0.034854
4.27519 0.034854
4.27551 0.075504
4.27804 0.0780376
4.27836 0.0783514
4.27989 0.079884
4.28021 0.0802035
4.28078 0.0807718
4.28129 0.081278
4.28173 0.0817219
4.28345 0.0834411
4.28393 0.0839161
4.28425 0.0842356
4.28668 0.0866702
4.28865 0.0886382
4.2918 0.0917882
4.29212 0.0921077
4.2925 0.0924894
4.29484 0.0348295
4.29484 0.0348295
4.29484 0.0348295
4.29518 0.0351756
4.29518 0.0348561
4.29518 0.0348561
4.2993 0.0992865
4.2999 0.0998859
4.30186 0.101854
4.30539 0.105377
4.3058 0.10579
4.30612 0.106109
4.30691 0.106896
4.30722 0.107215
4.30922 0.109214
4.31063 0.110628
4.31232 0.11231
4.31487 0.0348514
4.31487 0.0348514
4.31487 0.0348514
4.31519 0.0351664
4.31519 0.0348469
4.31519 0.0348469
4.31703 0.117024
4.32174 0.121729
4.32296 0.12295
4.32372 0.123705
4.325 0.124989
4.32588 0.125868
4.33503 0.0350222
4.33516 0.034831
4.33516 0.034831
4.33516 0.034831
4.33551 0.0351772
4.33551 0.0348576
4.33551 0.0348576
4.33813 0.0381179
4.33975 0.139743
4.34107 0.0410586
4.34341 0.0433998
4.34382 0.0438127
4.34455 0.0445304
4.34521 0.0451909
4.34553 0.0455177
4.34681 0.0468014
4.34725 0.0472453
4.34764 0.0476138
4.34839 0.048382
4.35045 0.0504521
4.3509 0.0508873
4.35327 0.0532505
4.35359 0.0535791
4.35503 0.0550122
4.35516 0.0351526
4.35516 0.0351526
4.35516 0.0351526
4.35516 0.0351526
4.35516 0.0348331
4.35516 0.0348331
4.35528 0.0349615
4.35591 0.155905
4.35723 0.0572206
4.35755 0.0575401
4.35787 0.0578596
4.35819 0.158178
4.35863 0.158622
4.35908 0.0590669
4.3594 0.159386
4.3594 0.0593864
4.36124 0.06123
4.36162 0.0616117
4.36203 0.0620246
4.36263 0.062624
4.36364 0.0636278
4.36396 0.0639467
4.36428 0.0642668
4.36475 0.0647357
4.36507 0.0650495
4.36847 0.0684602
4.36879 0.0687735
4.36911 0.0690992
4.36983 0.069823
4.37087 0.0708658
4.37234 0.0723283
4.37381 0.0738009
4.37428 0.0742737
4.3746 0.0745932
4.37492 0.0749127
4.37492 0.0749093
4.37524 0.0752322
4.37556 0.0755517
4.37556 0.0352212
4.37569 0.0356691
4.37569 0.0356691
4.37569 0.0356691
4.37569 0.0356691
4.37569 0.0353496
4.37569 0.0353496
4.37803 0.0780271
4.37835 0.0783409
4.37988 0.0798734
4.3802 0.0801929
4.3808 0.0807924
4.38128 0.0812674
4.38175 0.0817424
4.38338 0.0833683
4.38407 0.0840611
4.38439 0.0843806
4.3867 0.0866907
4.38857 0.0885654
4.39191 0.091902
4.39223 0.0922215
4.39255 0.092541
4.39486 0.03485
4.39486 0.03485
4.39486 0.03485
4.39517 0.035165
4.39517 0.0348455
4.39517 0.0348455
4.39935 0.0993381
4.39988 0.0998754
4.40185 0.101843
4.40541 0.105398
4.40582 0.105811
4.40614 0.10613
4.40696 0.106947
4.40746 0.107453
4.40921 0.109204
4.41062 0.110617
4.41231 0.1123
4.41486 0.0348409
4.41486 0.0348409
4.41486 0.0348409
4.41518 0.0351559
4.41518 0.0348364
4.41518 0.0348364
4.41702 0.117013
4.42176 0.121749
4.42298 0.122971
4.4238 0.123788
4.42499 0.124978
4.42596 0.125951
4.43505 0.0350427
4.43518 0.0348516
4.43518 0.0348516
4.43518 0.0348516
4.43549 0.0351666
4.43549 0.0348471
4.43549 0.0348471
4.43812 0.0381073
4.43977 0.139763
4.44109 0.0410791
4.4434 0.0433893
4.44384 0.0438332
4.44453 0.0445284
4.44523 0.0452063
4.44555 0.0455382
4.44667 0.0466664
4.44727 0.0472659
4.44762 0.0476021
4.44841 0.0484026
4.45047 0.0504537
4.45088 0.0508767
4.45326 0.0532486
4.45358 0.0535686
4.45502 0.0550103
4.45514 0.0351421
4.45514 0.0351421
4.45514 0.0351421
4.45527 0.0352704
4.45527 0.0349509
4.45527 0.0349509
4.45584 0.155832
4.45722 0.05721
4.45754 0.0575295
4.45786 0.057849
4.45818 0.158168
4.45853 0.158518
4.45906 0.0590564
4.45938 0.159375
4.45938 0.0593759
4.46126 0.0612506
4.46164 0.0616323
4.46196 0.0619518
4.46265 0.0626446
4.46366 0.0636484
4.46398 0.0639759
4.46398 0.0639679
4.46476 0.0647564
4.46508 0.0650702
4.46848 0.0684722
4.4688 0.0687942
4.46912 0.0691112
4.46981 0.069804
4.47088 0.0708554
4.47238 0.0723715
4.47382 0.0737906
4.47429 0.0742857
4.47461 0.0746053
4.47493 0.0749248
4.47493 0.07493
4.47493 0.0749248
4.47506 0.0350422
4.47506 0.0350422
4.47506 0.0350422
4.47519 0.0351706
4.47519 0.0348511
4.47519 0.0348511
4.47551 0.075501
4.47804 0.0780346
4.47836 0.0783484
4.47986 0.0798499
4.48018 0.0801694
4.48078 0.0807689
4.48128 0.081275
4.48173 0.0817189
4.48335 0.0833448
4.48408 0.0840686
4.4844 0.0843881
4.48671 0.0866983
4.48864 0.0886352
4.49173 0.091723
4.49205 0.0920425
4.49249 0.0924864
4.49486 0.0348576
4.49486 0.0348576
4.49486 0.0348576
4.49518 0.0351726
4.49518 0.0348531
4.49518 0.0348531
4.49926 0.0992524
4.49989 0.0998829
4.50189 0.101882
4.50541 0.105405
4.5058 0.105787
4.50611 0.106107
4.50696 0.106955
4.50741 0.107399
4.50925 0.109242
4.5106 0.110594
4.51232 0.112307
4.51487 0.0348485
4.51487 0.0348485
4.51487 0.0348485
4.51519 0.0351635
4.51519 0.034844
4.51519 0.034844
4.51703 0.117021
4.52173 0.121726
4.52302 0.123009
4.5238 0.123796
4.52496 0.124955
4.5259 0.125896
4.53506 0.0350503
4.53519 0.0348592
4.53519 0.0348592
4.53519 0.0348592
4.5355 0.0351742
4.5355 0.0348547
4.5355 0.0348547
4.53812 0.0381149
4.53978 0.139771
4.54106 0.0410556
4.5434 0.0433969
4.54382 0.0438097
4.54467 0.044638
4.54523 0.0452087
4.54555 0.0455458
4.54668 0.046674
4.54728 0.0472735
4.5476 0.0475993
4.54839 0.048379
4.55054 0.0505356
4.55089 0.0508843
4.5533 0.0532649
4.55377 0.0537628
4.55502 0.0549954
4.55515 0.0351496
4.55515 0.0351496
4.55515 0.0351496
4.55515 0.0351496
4.55515 0.0348301
4.55515 0.0348301
4.55528 0.0349585
4.55594 0.155933
4.55716 0.0571554
4.55748 0.0574749
4.5578 0.0577944
4.55812 0.158113
4.55853 0.158526
4.55907 0.059064
4.55939 0.159383
4.55939 0.0593835
4.56133 0.0613204
4.56165 0.0616399
4.56203 0.0620216
4.56266 0.0626521
4.56348 0.0634693
4.56389 0.0638677
4.56421 0.0642016
4.56475 0.0647189
4.56507 0.0650638
4.5685 0.0684883
4.56882 0.0687878
4.56913 0.0691273
4.56995 0.0699445
4.57086 0.070849
4.57239 0.0723875
4.57383 0.0738153
4.57431 0.0743018
4.57463 0.0746213
4.57495 0.0749408
4.57495 0.0749236
4.57495 0.0749408
4.57508 0.0350582
4.57508 0.0350582
4.57508 0.0350582
4.5754 0.0753887
4.57552 0.0355061
4.57552 0.0351866
4.57552 0.0351866
4.57802 0.0780196
4.57834 0.0783334
4.58 0.0799904
4.58032 0.0803099
4.58082 0.080816
4.5813 0.081291
4.5818 0.0817972
4.58337 0.0833608
4.58397 0.0839603
4.58429 0.0842798
4.58672 0.0867144
4.5886 0.0885891
4.59193 0.0919257
4.59225 0.0922452
4.59257 0.0925647
4.59485 0.0348426
4.59485 0.0348426
4.59485 0.0348426
4.59516 0.0351576
4.59516 0.0348381
4.59516 0.0348381
4.59962 0.0996106
4.59994 0.0999301
4.60191 0.101898
4.6054 0.10539
4.60581 0.105803
4.60613 0.106123
4.60695 0.10694
4.60748 0.107477
4.6092 0.109196
4.61061 0.11061
4.61246 0.112448
4.61485 0.0348334
4.61485 0.0348334
4.61485 0.0348334
4.61517 0.0351484
4.61517 0.0348289
4.61517 0.0348289
4.61704 0.117037
4.62175 0.121742
4.623 0.122994
4.62369 0.123687
4.62498 0.124971
4.62583 0.125819
4.63504 0.0350352
4.63517 0.0348441
4.63517 0.0348441
4.63517 0.0348441
4.63549 0.0351591
4.63549 0.0348396
4.63549 0.0348396
4.63811 0.0380998
4.63976 0.139756
4.64108 0.0410717
4.64339 0.0433818
4.64383 0.0438257
4.64456 0.0445383
4.64522 0.0451885
4.64554 0.0455308
4.64667 0.046659
4.64727 0.0472584
4.64758 0.047583
4.64837 0.048364
4.65046 0.0504393
4.65088 0.0508692
4.65328 0.0532584
4.6536 0.0535922
4.65501 0.054989
4.65514 0.0351346
4.65514 0.0351346
4.65514 0.0351346
4.65526 0.035263
4.65526 0.0349435
4.65526 0.0349435
4.65593 0.155918
4.65724 0.0572336
4.65756 0.0575531
4.65788 0.0578727
4.6582 0.158191
4.65864 0.158635
4.65906 0.0590489
4.65938 0.159368
4.65938 0.0593684
4.66125 0.0612431
4.66163 0.0616248
4.66204 0.0620376
4.66264 0.0626371
4.66365 0.0636409
4.66397 0.0639546
4.66397 0.0639604
4.66475 0.0647351
4.66507 0.0650489
4.66847 0.0684648
4.66879 0.0687729
4.66911 0.0691038
4.66983 0.0698276
4.67087 0.0708652
4.67234 0.0723329
4.67381 0.0738004
4.67428 0.0742783
4.6746 0.0745978
4.67492 0.0749173
4.67492 0.0749173
4.67492 0.0749087
4.67505 0.0350347
4.67505 0.0350347
4.67505 0.0350347
4.67537 0.0753652
4.6755 0.0354826
4.6755 0.0351631
4.6755 0.0351631
4.67803 0.0780272
4.67835 0.078341
4.67997 0.0799669
4.68029 0.0802864
4.68092 0.0809169
4.68131 0.0812986
4.68178 0.0817736
4.68344 0.0834306
4.68391 0.0839057
4.68423 0.0842252
4.6867 0.0866908
4.68857 0.0885656
4.69178 0.0917777
4.6921 0.0920972
4.69252 0.0925101
4.69485 0.0348502
4.69485 0.0348502
4.69485 0.0348502
4.69517 0.0351652
4.69517 0.0348457
4.69517 0.0348457
4.69934 0.0993382
4.69988 0.0998755
4.70188 0.101875
4.7054 0.105398
4.70582 0.105811
4.70614 0.10613
4.70692 0.106916
4.70746 0.107453
4.70927 0.109266
4.71062 0.110618
4.71231 0.1123
4.71486 0.034841
4.71486 0.034841
4.71486 0.034841
4.71518 0.035156
4.71518 0.0348365
4.71518 0.0348365
4.71702 0.117013
4.72176 0.121749
4.72304 0.123033
4.7237 0.123695
4.72495 0.124947
4.72574 0.125733
4.73505 0.0350428
4.73518 0.0348517
4.73518 0.0348517
4.73518 0.0348517
4.73549 0.0351667
4.73549 0.0348472
4.73549 0.0348472
4.73811 0.0381074
4.73977 0.139764
4.74105 0.0410481
4.7434 0.0433894
4.74384 0.0438333
4.74456 0.0445545
4.74519 0.0451909
4.74551 0.0455072
4.7468 0.046791
4.74727 0.047266
4.74762 0.0475917
4.74841 0.0484027
4.75053 0.0505212
4.75088 0.0508768
4.75325 0.0532436
4.75361 0.0535998
4.75501 0.0550053
4.75514 0.0351111
4.75514 0.0351111
4.75514 0.0351111
4.75527 0.0352395
4.75527 0.03492
4.75527 0.03492
4.75593 0.155926
4.75725 0.0572412
4.75757 0.0575607
4.75789 0.0578802
4.75821 0.158199
4.75853 0.158518
4.75906 0.0590565
4.75938 0.159375
4.75938 0.059376
4.76123 0.0612196
4.76164 0.0616324
4.76202 0.0620141
4.76265 0.0626447
4.76347 0.0634618
4.76388 0.0638775
4.7642 0.0641942
4.76474 0.0647287
4.76506 0.0650425
4.76849 0.0684808
4.76881 0.0687976
4.76913 0.0691198
4.76991 0.0699059
4.77088 0.0708588
4.77254 0.0725356
4.77379 0.073794
4.7743 0.0742943
4.77462 0.0746138
4.77494 0.0749333
4.77494 0.0749333
4.77494 0.0749334
4.77507 0.0350508
4.77507 0.0350508
4.77507 0.0350508
4.77539 0.0753812
4.77552 0.0354987
4.77552 0.0351792
4.77552 0.0351792
4.77801 0.0780121
4.77833 0.0783259
4.77986 0.0798585
4.78018 0.080178
4.78075 0.0807463
4.78129 0.0812836
4.78173 0.0817275
4.78336 0.0833534
4.7839 0.0838906
4.78422 0.0842101
4.78668 0.0866758
4.78856 0.0885505
4.7918 0.0917938
4.79212 0.0921133
4.79253 0.0925261
4.79484 0.0348351
4.79484 0.0348351
4.79484 0.0348351
4.79515 0.0351501
4.79515 0.0348306
4.79515 0.0348306
4.79942 0.0994165
4.7999 0.0998915
4.8019 0.101891
4.80539 0.105383
4.8058 0.105796
4.80612 0.106115
4.80691 0.106901
4.80723 0.107221
4.80923 0.10922
4.8107 0.110696
4.81232 0.112316
4.81488 0.034857
4.81488 0.034857
4.81488 0.034857
4.81519 0.0351721
4.81519 0.0348526
4.81519 0.0348526
4.81703 0.117029
4.82174 0.121734
4.82299 0.122987
4.82372 0.123711
4.82497 0.124963
4.82588 0.125874
4.83503 0.0350278
4.83516 0.0348367
4.83516 0.0348367
4.83516 0.0348367
4.83548 0.0351517
4.83548 0.0348322
4.83548 0.0348322
4.83813 0.0381235
4.83975 0.139749
4.84107 0.0410642
4.84332 0.0433121
4.84382 0.0438183
4.84458 0.0445481
4.84521 0.0452018
4.84553 0.0455233
4.84678 0.0467759
4.84726 0.0472509
4.84758 0.0475745
4.84811 0.0481077
4.85055 0.0505183
4.8509 0.0508929
4.85327 0.0532683
4.85375 0.0537403
4.85503 0.0549989
4.85516 0.0351271
4.85516 0.0351271
4.85516 0.0351271
4.85529 0.0352555
4.85529 0.034936
4.85529 0.034936
4.85592 0.155911
4.85726 0.0572573
4.85758 0.0575768
4.8579 0.0578963
4.8579 0.157895
4.85863 0.158619
4.85907 0.0590641
4.85939 0.159383
4.85939 0.0593836
4.86133 0.0613205
4.86164 0.06164
4.862 0.0619906
4.86266 0.0626523
4.86347 0.0634694
4.86392 0.0638937
4.86424 0.0642329
4.86474 0.0647138
4.86506 0.0650587
4.86846 0.0684573
4.86878 0.0687517
4.8691 0.0690963
4.86955 0.0695402
4.87067 0.0706573
4.87233 0.0723254
4.87383 0.0738102
4.87431 0.0743019
4.87463 0.0746214
4.87495 0.0749409
4.87495 0.0749409
4.87495 0.0749185
4.87507 0.0350583
4.87507 0.0350583
4.87507 0.0350583
4.8752 0.0351867
4.8752 0.0348672
4.8752 0.0348672
4.87552 0.0755172
4.87805 0.0780197
4.87837 0.0783646
4.88 0.0799905
4.88031 0.08031
4.88079 0.080785
4.8813 0.0812912
4.88174 0.0817351
4.88346 0.0834543
4.8839 0.0838982
4.88422 0.0842177
4.88656 0.086559
4.88863 0.0886203
4.8919 0.0918947
4.89222 0.0922142
4.89254 0.0925337
4.89484 0.0348427
4.89484 0.0348427
4.89484 0.0348427
4.89516 0.0351577
4.89516 0.0348382
4.89516 0.0348382
4.89971 0.099704
4.90003 0.100024
4.90184 0.101836
4.9054 0.10539
4.90581 0.105803
4.90613 0.106123
4.90691 0.106909
4.90745 0.107446
4.9092 0.109196
4.9107 0.110672
4.91236 0.112355
4.91485 0.0348335
4.91485 0.0348335
4.91485 0.0348335
4.91517 0.0351485
4.91517 0.034829
4.91517 0.034829
4.9171 0.117099
4.92175 0.121742
4.92297 0.122963
4.92369 0.123687
4.92491 0.124909
4.92595 0.125944
4.93504 0.0350354
4.93517 0.0348442
4.93517 0.0348442
4.93517 0.0348442
4.93548 0.0351593
4.93548 0.0348397
4.93548 0.0348397
4.9381 0.0381
4.93976 0.139756
4.94108 0.0410718
4.94329 0.0432886
4.94383 0.0438259
4.94455 0.0445332
4.94522 0.0452042
4.94554 0.0455309
4.94679 0.0467835
4.94726 0.0472585
4.94761 0.0475944
4.94809 0.0480842
4.94937 0.049356
4.95087 0.0508694
4.95328 0.0532534
4.9536 0.0535923
4.95504 0.0550151
4.95516 0.0351347
4.95516 0.0351347
4.95516 0.0351347
4.95529 0.0352631
4.95529 0.0349436
4.95529 0.0349436
4.95583 0.155825
4.95714 0.0571404
4.95746 0.05746
4.95778 0.0577795
4.9581 0.158098
4.95855 0.158542
4.95905 0.059049
4.95937 0.159368
4.95937 0.0593685
4.96125 0.0612432
4.96172 0.0617183
4.96204 0.0620378
4.96264 0.0626372
4.96346 0.0634544
4.96381 0.063794
4.96413 0.0641245
4.96476 0.0647385
4.96508 0.0650523
4.96838 0.06838
4.96873 0.0687141
4.96909 0.0690813
4.96965 0.0696496
4.97038 0.0703483
4.97231 0.0723104
4.97378 0.0737727
4.97429 0.0742869
4.97461 0.0746064
4.97493 0.0749259
4.97493 0.0749121
4.97493 0.0749259
4.97506 0.0350433
4.97506 0.0350433
4.97506 0.0350433
4.97519 0.0351717
4.97519 0.0348522
4.97519 0.0348522
4.97551 0.0755022
4.97807 0.0780358
4.97838 0.0783807
4.98001 0.0800065
4.98033 0.0803261
4.98077 0.08077
4.98131 0.0813072
4.98191 0.0819067
4.98347 0.0834703
4.98395 0.0839453
4.98427 0.0842649
4.98655 0.0865439
4.98861 0.0886052
4.99176 0.0917552
4.99208 0.0920747
4.99255 0.0925497
4.99486 0.0348587
4.99486 0.0348587
4.99486 0.0348587
4.99517 0.0351738
4.99517 0.0348542
4.99517 0.0348542
4.99944 0.0994401
4.99992 0.0999152
5.00179 0.10179
5.00541 0.10541
5.0058 0.105791
5.00612 0.106111
5.0069 0.106897
5.00722 0.107216
5.00925 0.109247
5.0106 0.110567
5.01232 0.112312
5.01487 0.0348529
5.01487 0.0348529
5.01487 0.0348529
5.01519 0.0351679
5.01519 0.0348484
5.01519 0.0348484
5.01706 0.117056
5.02173 0.12173
5.02296 0.122952
5.0238 0.1238
5.0249 0.124897
5.02575 0.125745
5.03503 0.0350236
5.03547 0.034824
5.03547 0.034824
5.03812 0.0381153
5.03978 0.139771
5.04106 0.041056
5.0434 0.0433973
5.04384 0.0438412
5.04457 0.0445572
5.0452 0.0451832
5.04552 0.0455151
5.04668 0.0466744
5.04728 0.0472739
5.0476 0.0475909
5.0481 0.0480995
5.04951 0.0494853
5.05089 0.0508847
5.05326 0.0532463
5.05358 0.0535766
5.05505 0.0550391
5.05518 0.0351501
5.05518 0.0351501
5.05518 0.0351501
5.05518 0.0351501
5.05518 0.0348306
5.05518 0.0348306
5.05531 0.034959
5.05584 0.15584
5.05716 0.0571558
5.05748 0.0574753
5.0578 0.0577948
5.05812 0.158114
5.0585 0.158495
5.05907 0.0590644
5.05939 0.159383
5.05939 0.0593839
5.06126 0.0612586
5.06164 0.0616403
5.06196 0.0619598
5.06272 0.0627148
5.06347 0.0634697
5.06379 0.0637869
5.06411 0.0641088
5.06474 0.0647314
5.06506 0.0650452
5.06846 0.0684576
5.06878 0.0687692
5.0691 0.0690966
5.06964 0.0696339
5.07027 0.0702564
5.07236 0.0723568
5.07383 0.0738278
5.07431 0.0743022
5.07463 0.0746217
5.07494 0.0749412
5.07494 0.0749412
5.07494 0.0749361
5.07507 0.0350587
5.07507 0.0350587
5.07507 0.0350587
5.0752 0.035187
5.0752 0.0348675
5.0752 0.0348675
5.07552 0.0755175
5.07805 0.07802
5.07837 0.0783649
5.08003 0.0800219
5.08034 0.0803414
5.08088 0.0808786
5.08129 0.0812915
5.08189 0.0818909
5.08343 0.0834235
5.08393 0.0839296
5.08425 0.0842491
5.08653 0.0865282
5.08872 0.0887139
5.09193 0.0919261
5.09225 0.0922456
5.09257 0.0925651
5.09484 0.034843
5.09484 0.034843
5.09484 0.034843
5.09516 0.035158
5.09516 0.0348385
5.09516 0.0348385
5.0993 0.0993
5.0999 0.0998994
5.10172 0.101712
5.10539 0.105391
5.10581 0.105803
5.10613 0.106123
5.10691 0.106909
5.10723 0.107229
5.10923 0.109228
5.11064 0.11061
5.1123 0.112293
5.11485 0.0348338
5.11485 0.0348338
5.11485 0.0348338
5.11517 0.0351488
5.11517 0.0348293
5.11517 0.0348293
5.11704 0.117037
5.12171 0.121711
5.12294 0.122933
5.1235 0.123501
5.12491 0.124909
5.12585 0.125851
5.13504 0.0350357
5.13517 0.0348445
5.13517 0.0348445
5.13517 0.0348445
5.13548 0.0351596
5.13548 0.0348401
5.13548 0.0348401
5.1381 0.0381003
5.13976 0.139756
5.14104 0.041041
5.14338 0.0433822
5.14383 0.0438262
5.14455 0.0445508
5.14521 0.0451941
5.14553 0.0455312
5.14679 0.0467838
5.14726 0.0472588
5.14761 0.0476101
5.14809 0.0480845
5.1494 0.0493975
5.15087 0.0508697
5.15328 0.053271
5.15375 0.0537482
5.15503 0.0550327
5.15516 0.035135
5.15516 0.035135
5.15516 0.035135
5.15529 0.0352634
5.15529 0.0349439
5.15529 0.0349439
5.15583 0.155825
5.15714 0.0571408
5.15746 0.0574603
5.15778 0.0577798
5.1581 0.158098
5.15864 0.158636
5.15905 0.0590493
5.15937 0.159368
5.15937 0.0593688
5.16134 0.0613369
5.16166 0.0616564
5.16204 0.0620381
5.16261 0.0626064
5.1633 0.0632992
5.16368 0.0636809
5.164 0.0639756
5.16476 0.0647561
5.16508 0.0650699
5.16845 0.0684426
5.16876 0.0687628
5.16908 0.0690816
5.16956 0.0695566
5.17019 0.0701651
5.17231 0.0723107
5.17385 0.0738214
5.17429 0.0742872
5.17461 0.0746067
5.17493 0.0749262
5.17493 0.0748986
5.17525 0.0752457
5.17557 0.0755652
5.17557 0.0352347
5.1757 0.0356826
5.1757 0.0356826
5.1757 0.0356826
5.1757 0.0356826
5.1757 0.0353631
5.1757 0.0353631
5.17804 0.0780095
5.17836 0.0783544
5.17986 0.0798558
5.18018 0.0801753
5.18096 0.0809614
5.18128 0.0812809
5.1817 0.0816937
5.18345 0.083444
5.18392 0.083919
5.18424 0.0842385
5.18652 0.0865176
5.18855 0.0885478
5.19179 0.0917911
5.19211 0.0921106
5.19249 0.0924923
5.19486 0.0348324
5.19486 0.0348324
5.19486 0.0348324
5.19518 0.0351475
5.19518 0.0348279
5.19518 0.0348279
5.19935 0.0993516
5.19992 0.09992
5.20195 0.10195
5.20532 0.105318
5.20573 0.105731
5.20605 0.10605
5.20693 0.10693
5.2075 0.107498
5.20925 0.109248
5.2106 0.110569
5.21244 0.112438
5.21484 0.0348233
5.21484 0.0348233
5.21484 0.0348233
5.21515 0.0351383
5.21515 0.0348188
5.21515 0.0348188
5.21703 0.117026
5.22173 0.121732
5.22296 0.122953
5.22371 0.123708
5.22503 0.125023
5.22575 0.125747
5.23503 0.0350251
5.23516 0.034834
5.23516 0.034834
5.23516 0.034834
5.23547 0.035149
5.23547 0.0348295
5.23547 0.0348295
5.23809 0.0380897
5.23978 0.139777
5.24106 0.0410615
5.24337 0.0433717
5.24382 0.0438156
5.24454 0.0445178
5.2452 0.0451784
5.24552 0.0455206
5.24668 0.0466799
5.24725 0.0472483
5.24766 0.0476337
5.24811 0.048105
5.24939 0.0493764
5.25086 0.0508591
5.2533 0.0532691
5.25361 0.0536132
5.25505 0.0550308
5.25518 0.0351556
5.25518 0.0351556
5.25518 0.0351556
5.25518 0.0351556
5.25518 0.0348361
5.25518 0.0348361
5.25531 0.0349644
5.25594 0.155939
5.25716 0.0571613
5.25748 0.0574808
5.2578 0.0578003
5.25812 0.158119
5.25853 0.158532
5.25907 0.0590699
5.25939 0.159389
5.25939 0.0593894
5.26127 0.0612641
5.26162 0.0616147
5.26194 0.0619342
5.26263 0.062627
5.26329 0.0632886
5.2637 0.0636853
5.26402 0.0640209
5.26475 0.0647231
5.26507 0.0650369
5.2685 0.0684942
5.26882 0.068792
5.26913 0.0691332
5.26967 0.0696705
5.27068 0.0706693
5.27212 0.0721135
5.2738 0.0737884
5.27419 0.0741833
5.2745 0.0745028
5.27482 0.0748223
5.27514 0.0751229
5.27514 0.0751418
5.27546 0.0754613
5.27546 0.0351308
5.27559 0.0355787
5.27559 0.0355787
5.27559 0.0355787
5.27559 0.0355787
5.27559 0.0352592
5.27559 0.0352592
5.27806 0.07803
5.27838 0.0783749
5.27985 0.0798453
5.28017 0.0801648
5.28083 0.0808264
5.28127 0.0812703
5.2819 0.0819009
5.28344 0.0834335
5.28394 0.0839396
5.28426 0.0842591
5.2867 0.0866937
5.28863 0.0886306
5.29172 0.0917184
5.29204 0.0920379
5.29251 0.0925129
5.29485 0.0348219
5.29485 0.0348219
5.29485 0.0348219
5.29517 0.0351369
5.29517 0.0348174
5.29517 0.0348174
5.29928 0.0992789
5.29991 0.0999094
5.30179 0.101784
5.30528 0.105276
5.30578 0.105782
5.3061 0.106102
5.30692 0.106919
5.30724 0.107239
5.3093 0.1093
5.31062 0.110589
5.3123 0.112303
5.31486 0.0348438
5.31486 0.0348438
5.31486 0.0348438
5.31517 0.0351588
5.31517 0.0348393
5.31517 0.0348393
5.31699 0.116985
5.32175 0.121752
5.32304 0.123036
5.32382 0.123822
5.32492 0.124919
5.32577 0.125767
5.33502 0.0350145
5.33514 0.0348234
5.33514 0.0348234
5.33514 0.0348234
5.33546 0.0351384
5.33546 0.0348189
5.33546 0.0348189
5.33811 0.0381103
5.33977 0.139766
5.34105 0.041051
5.34339 0.0433922
5.34384 0.0438362
5.34447 0.0444388
5.34479 0.0447732
5.34545 0.0454479
5.34642 0.0464206
5.34724 0.0472377
5.34762 0.0475952
5.3481 0.0480945
5.34985 0.0498219
5.35085 0.0508486
5.35328 0.0532671
5.3536 0.0536026
5.35501 0.0549977
5.35514 0.0351139
5.35514 0.0351139
5.35514 0.0351139
5.35527 0.0352423
5.35527 0.0349228
5.35527 0.0349228
5.35584 0.155835
5.35712 0.0571196
5.35744 0.0574391
5.35776 0.0577587
5.35808 0.158077
5.35865 0.158646
5.35906 0.0590593
5.35938 0.159378
5.35938 0.0593788
5.36122 0.0612224
5.36161 0.0616041
5.36192 0.0619236
5.36262 0.0626164
5.36331 0.0633092
5.36372 0.0637145
5.36404 0.0640415
5.3647 0.0646901
5.36502 0.0650039
5.36845 0.0684525
5.36877 0.068759
5.36909 0.0690916
5.36963 0.0696288
5.3706 0.0705826
5.37232 0.0723207
5.37395 0.073942
5.3743 0.0742972
5.37462 0.0746167
5.37462 0.0746167
5.37494 0.0749259
5.37494 0.0749362
5.37507 0.0350536
5.37507 0.0350536
5.37507 0.0350536
5.37519 0.035182
5.37519 0.0348625
5.37519 0.0348625
5.37551 0.0755125
5.37817 0.0781394
5.37849 0.0784843
5.37986 0.0798613
5.38018 0.0801808
5.38078 0.0807803
5.38129 0.0812864
5.38164 0.081637
5.38342 0.0834184
5.38393 0.0839245
5.38424 0.084244
5.38652 0.0865231
5.38849 0.0884911
5.39183 0.0918277
5.39215 0.0921472
5.3925 0.0924978
5.39487 0.0348379
5.39487 0.0348379
5.39487 0.0348379
5.39518 0.0351529
5.39518 0.0348334
5.39518 0.0348334
5.39945 0.0994504
5.39986 0.0998633
5.40177 0.101769
5.40498 0.104981
5.40574 0.105736
5.40606 0.106056
5.4069 0.106904
5.40722 0.107224
5.40925 0.109254
5.4106 0.110574
5.41232 0.112319
5.41484 0.0348288
5.41484 0.0348288
5.41484 0.0348288
5.41516 0.0351438
5.41516 0.0348243
5.41516 0.0348243
5.41691 0.116908
5.42174 0.121737
5.42302 0.123021
5.42365 0.123651
5.42494 0.124935
5.42588 0.125877
5.43503 0.0350306
5.43516 0.0348395
5.43516 0.0348395
5.43516 0.0348395
5.43547 0.0351545
5.43547 0.034835
5.43547 0.034835
5.4381 0.0380952
5.43975 0.139751
5.44107 0.041067
5.44338 0.0433772
5.44385 0.0438522
5.44445 0.044427
5.44477 0.0447668
5.44546 0.0454639
5.44641 0.0464055
5.44725 0.0472538
5.44764 0.0476092
5.44808 0.0480794
5.44939 0.0493919
5.45086 0.0508646
5.45333 0.0533229
5.45371 0.053712
5.45503 0.0550224
5.45516 0.03513
5.45516 0.03513
5.45516 0.03513
5.45528 0.0352583
5.45528 0.0349388
5.45528 0.0349388
5.45585 0.155851
5.45714 0.0571357
5.45746 0.0574552
5.45777 0.0577747
5.45809 0.158093
5.45851 0.158506
5.45908 0.0590754
5.45939 0.0593949
5.45939 0.159394
5.46124 0.0612385
5.46162 0.0616202
5.462 0.0620019
5.46263 0.0626325
5.46329 0.0632941
5.46371 0.0636769
5.46403 0.0640264
5.46447 0.0644659
5.46482 0.0648109
5.46847 0.0684686
5.46879 0.0687837
5.46911 0.0691076
5.46961 0.0696137
5.47062 0.0706157
5.47243 0.07243
5.47393 0.0739045
5.47428 0.0742821
5.4746 0.0746016
5.4746 0.0746016
5.47492 0.0749195
5.47524 0.0752406
5.47556 0.0755601
5.47556 0.0352297
5.47569 0.0356776
5.47569 0.0356776
5.47569 0.0356776
5.47569 0.0356776
5.47569 0.035358
5.47569 0.035358
5.47787 0.0778743
5.47819 0.0781684
5.47985 0.0798508
5.48017 0.0801703
5.48096 0.0809563
5.48128 0.0812758
5.48163 0.0816265
5.48363 0.0836256
5.48395 0.0839451
5.48426 0.0842646
5.48661 0.0866059
5.48861 0.088605
5.49157 0.0915683
5.49198 0.0919811
5.49261 0.0926117
5.49486 0.0348274
5.49486 0.0348274
5.49486 0.0348274
5.49517 0.0351424
5.49517 0.0348229
5.49517 0.0348229
5.4995 0.0995021
5.49985 0.0998527
5.50176 0.101759
5.50482 0.104815
5.50573 0.105726
5.50605 0.106045
5.50702 0.107018
5.50743 0.107431
5.50924 0.109243
5.51071 0.110688
5.51231 0.112308
5.51483 0.0348182
5.51483 0.0348182
5.51483 0.0348182
5.51518 0.0351643
5.51518 0.0348448
5.51518 0.0348448
5.51693 0.116928
5.52173 0.121727
5.52295 0.122948
5.5237 0.123703
5.52489 0.124893
5.5259 0.125897
5.53505 0.03502
5.53518 0.0348289
5.53518 0.0348289
5.53518 0.0348289
5.53549 0.0351439
5.53549 0.0348244
5.53549 0.0348244
5.53815 0.0381158
5.53996 0.139959
5.54109 0.0410565
5.54333 0.0433044
5.54393 0.0439039
5.54456 0.0445386
5.54488 0.0448637
5.54548 0.0454534
5.54646 0.046426
5.54727 0.0472432
5.54766 0.047642
5.54813 0.0481
5.54935 0.0493397
5.55088 0.050854
5.55332 0.0532899
5.55364 0.0536081
5.55505 0.0550205
5.55518 0.0351505
5.55518 0.0351505
5.55518 0.0351505
5.55518 0.0351505
5.55518 0.034831
5.55518 0.034831
5.5553 0.0349594
5.55584 0.155841
5.55716 0.0571251
5.55748 0.0574446
5.55779 0.0577641
5.55811 0.158114
5.55856 0.158558
5.5591 0.0590648
5.55941 0.159415
5.55941 0.0593843
5.56129 0.061259
5.56173 0.0617029
5.56205 0.0620225
5.56265 0.0626219
5.56331 0.0632835
5.56376 0.0637372
5.56408 0.064047
5.5644 0.0643961
5.56472 0.0646987
5.56852 0.0684891
5.56884 0.0688129
5.56916 0.0691282
5.56963 0.0696032
5.57058 0.0705601
5.57236 0.0723262
5.57398 0.0739647
5.57433 0.0743027
5.57465 0.0746222
5.57465 0.0746222
5.57497 0.0749487
5.57497 0.0749417
5.5751 0.0350902
5.5751 0.0350902
5.5751 0.0350902
5.57523 0.0352186
5.57523 0.0348991
5.57523 0.0348991
5.57555 0.075518
5.57805 0.0780204
5.57836 0.0783343
5.57987 0.0798357
5.58019 0.0801552
5.58091 0.0808791
5.58129 0.0812608
5.58177 0.0817358
5.58345 0.0834239
5.58396 0.08393
5.58428 0.0842495
5.58662 0.0865908
5.58868 0.0886521
5.59171 0.0916777
5.59203 0.0919972
5.59253 0.0925033
5.59487 0.0348434
5.59487 0.0348434
5.59487 0.0348434
5.59519 0.0351584
5.59519 0.0348389
5.59519 0.0348389
5.59942 0.0993937
5.59993 0.0998999
5.60174 0.101712
5.60499 0.104956
5.60574 0.105711
5.60606 0.10603
5.60703 0.107003
5.60735 0.107322
5.60938 0.109353
5.61064 0.110611
5.61235 0.112324
5.61485 0.0348343
5.61485 0.0348343
5.61485 0.0348343
5.61516 0.0351493
5.61516 0.0348298
5.61516 0.0348298
5.61716 0.117131
5.62177 0.121743
5.62299 0.122964
5.62366 0.123626
5.62497 0.124941
5.62582 0.125789
5.63507 0.0350361
5.63519 0.034845
5.63519 0.034845
5.63519 0.034845
5.63551 0.03516
5.63551 0.0348405
5.63551 0.0348405
5.63813 0.0381007
5.63979 0.139757
5.64107 0.0410414
5.64332 0.0432894
5.64386 0.0438266
5.64461 0.0445944
5.64493 0.0449141
5.6455 0.0454694
5.64644 0.046411
5.64729 0.0472593
5.64764 0.0476301
5.64827 0.0482404
5.64943 0.0494075
5.6509 0.0508701
5.6533 0.0532835
5.65362 0.0535931
5.65503 0.0550141
5.65516 0.0351355
5.65516 0.0351355
5.65516 0.0351355
5.65529 0.0352638
5.65529 0.0349443
5.65529 0.0349443
5.65586 0.155826
5.65717 0.0571412
5.65749 0.0574607
5.65781 0.0577802
5.65813 0.158099
5.6586 0.158574
5.65917 0.159142
5.65949 0.0594626
5.65949 0.0594626
5.66127 0.061244
5.66166 0.0616257
5.66204 0.0620074
5.66264 0.0626068
5.66348 0.0634551
5.6638 0.063793
5.66412 0.0640941
5.66444 0.0644293
5.66476 0.0647319
5.66841 0.0683808
5.66873 0.0687132
5.66908 0.0690509
5.66952 0.0694948
5.67065 0.0706243
5.67231 0.07228
5.67384 0.0738339
5.67429 0.0742565
5.67461 0.074576
5.67493 0.0748955
5.67493 0.0749112
5.67524 0.075215
5.67556 0.0755345
5.67556 0.0352352
5.67569 0.035683
5.67569 0.035683
5.67569 0.035683
5.67569 0.035683
5.67569 0.0353635
5.67569 0.0353635
5.67803 0.0780099
5.67835 0.0783237
5.67989 0.0798563
5.68021 0.0801758
5.68084 0.0808063
5.68131 0.0812813
5.68172 0.0816942
5.68369 0.0836622
5.68401 0.0839817
5.68433 0.0843012
5.68655 0.086518
5.68855 0.0885172
5.69176 0.0917293
5.69211 0.09208
5.69249 0.0924617
5.69486 0.0348329
5.69486 0.0348329
5.69486 0.0348329
5.69517 0.0351479
5.69517 0.0348284
5.69517 0.0348284
5.6996 0.0995698
5.69992 0.0998893
5.70179 0.101764
5.70504 0.105007
5.70582 0.105793
5.70614 0.106113
5.70696 0.10693
5.70731 0.107281
5.70925 0.109218
5.71075 0.110725
5.71244 0.112407
5.71484 0.0348237
5.71484 0.0348237
5.71484 0.0348237
5.71515 0.0351387
5.71515 0.0348192
5.71515 0.0348192
5.71699 0.116965
5.72179 0.121763
5.72298 0.122954
5.72374 0.123709
5.72496 0.12493
5.72584 0.125809
5.73505 0.0350255
5.73518 0.0348344
5.73518 0.0348344
5.73518 0.0348344
5.7355 0.0351494
5.7355 0.0348299
5.7355 0.0348299
5.73812 0.0380901
5.73981 0.139777
5.74109 0.041062
5.7434 0.0433721
5.74384 0.043816
5.74454 0.0445303
5.74486 0.0448447
5.74549 0.0454589
5.74643 0.0464004
5.74728 0.0472487
5.74763 0.0476205
5.74841 0.0483854
5.74936 0.0493553
5.75089 0.0508595
5.75329 0.0532816
5.75361 0.0535825
5.75502 0.0550122
5.75515 0.0351249
5.75515 0.0351249
5.75515 0.0351249
5.75528 0.0352533
5.75528 0.0349338
5.75528 0.0349338
5.75597 0.155939
5.75719 0.0571617
5.75751 0.0574812
5.75783 0.0578007
5.75815 0.158119
5.75853 0.158501
5.75913 0.159101
5.75945 0.0594209
5.75945 0.0594209
5.76136 0.0613267
5.76174 0.0617084
5.76206 0.0620279
5.76266 0.0626274
5.76347 0.0634446
5.76379 0.0637911
5.76379 0.0637641
5.76442 0.0643963
5.76474 0.0647215
5.76851 0.0684862
5.76883 0.0688272
5.76915 0.0691252
5.76954 0.0695069
5.77042 0.0704047
5.77254 0.0725098
5.77388 0.0738546
5.7743 0.0742686
5.77462 0.0745881
5.77494 0.0749076
5.77494 0.0749076
5.77494 0.0749319
5.77506 0.0350561
5.77506 0.0350561
5.77506 0.0350561
5.77519 0.0351845
5.77519 0.034865
5.77519 0.034865
5.77551 0.0754839
5.77804 0.0780175
5.77836 0.0783313
5.77986 0.0798327
5.78018 0.0801522
5.78084 0.0808139
5.78132 0.0812889
5.78176 0.0817328
5.78348 0.083452
5.78399 0.0839582
5.78431 0.0842777
5.78677 0.0867434
5.78852 0.0884936
5.79177 0.0917369
5.79209 0.0920564
5.7925 0.0924693
5.79487 0.0348405
5.79487 0.0348405
5.79487 0.0348405
5.79518 0.0351555
5.79518 0.034836
5.79518 0.034836
5.79951 0.0994841
5.79993 0.0998969
5.80177 0.10174
5.80495 0.104922
5.80574 0.105708
5.80606 0.106027
5.80694 0.106907
5.80732 0.107288
5.80928 0.109256
5.81063 0.110608
5.81244 0.112415
5.81484 0.0348313
5.81484 0.0348313
5.81484 0.0348313
5.81516 0.0351463
5.81516 0.0348268
5.81516 0.0348268
5.81706 0.117034
5.82177 0.12174
5.82299 0.122961
5.82384 0.123809
5.8249 0.124875
5.82581 0.125786
5.83506 0.0350331
5.83519 0.034842
5.83519 0.034842
5.83519 0.034842
5.8355 0.035157
5.8355 0.0348375
5.8355 0.0348375
5.83813 0.0380977
5.83978 0.139754
5.84107 0.0410384
5.84341 0.0433797
5.84388 0.0438547
5.84458 0.0445465
5.84496 0.0449488
5.84549 0.0454664
5.84644 0.046408
5.84728 0.0472563
5.84763 0.0476312
5.84845 0.0484241
5.85054 0.0505343
5.8509 0.0508671
5.85327 0.0532667
5.85374 0.0537145
5.85487 0.0348441
5.85487 0.0348441
5.85487 0.0348441
5.85519 0.0551568
5.85531 0.035292
5.85531 0.0349725
5.85531 0.0349725
5.85585 0.155823
5.85732 0.0572937
5.85764 0.0576132
5.85796 0.0579327
5.85828 0.158251
5.8586 0.158571
5.85911 0.0590779
5.85943 0.159397
5.85943 0.0593974
5.86133 0.0613032
5.86165 0.0616227
5.86197 0.0619422
5.86266 0.062635
5.86348 0.0634521
5.86389 0.0638696
5.86421 0.0641845
5.86453 0.0645227
5.86485 0.0648395
5.86841 0.0683778
5.86873 0.0686964
5.86908 0.0690479
5.86983 0.0698029
5.87096 0.0709355
5.87237 0.0723393
5.87387 0.0738482
5.87419 0.0741602
5.87451 0.0744797
5.87483 0.0747992
5.87515 0.0751206
5.87515 0.0751187
5.87547 0.0754382
5.87547 0.0351389
5.87559 0.0355868
5.87559 0.0355868
5.87559 0.0355868
5.87559 0.0355868
5.87559 0.0352673
5.87559 0.0352673
5.87806 0.078038
5.87838 0.0783518
5.87988 0.0798533
5.8802 0.0801728
5.88086 0.0808344
5.88131 0.0812784
5.88191 0.0818778
5.88338 0.0833482
5.88391 0.0838854
5.88423 0.0842049
5.88654 0.0865151
5.88864 0.0886075
5.89169 0.0916642
5.89207 0.0920459
5.89249 0.0924587
5.89485 0.0348299
5.89485 0.0348299
5.89485 0.0348299
5.89517 0.0351449
5.89517 0.0348254
5.89517 0.0348254
5.8995 0.0994735
5.89995 0.0999174
5.90185 0.101823
5.90491 0.10488
5.90588 0.105853
5.9062 0.106172
5.90711 0.107083
5.90743 0.107402
5.90937 0.109339
5.91062 0.110597
5.91234 0.112311
5.91483 0.0348207
5.91483 0.0348207
5.91483 0.0348207
5.91518 0.0351669
5.91518 0.0348473
5.91518 0.0348473
5.91702 0.116993
5.92188 0.121854
5.92298 0.122951
5.92361 0.123581
5.92502 0.124989
5.92577 0.125744
5.93505 0.0350226
5.93518 0.0348314
5.93518 0.0348314
5.93518 0.0348314
5.93549 0.0351465
5.93549 0.034827
5.93549 0.034827
5.93811 0.0380872
5.9398 0.139774
5.94109 0.041059
5.9434 0.0433691
5.94384 0.0438131
5.94456 0.0445446
5.94507 0.045066
5.94548 0.0454559
5.94646 0.0464286
5.94727 0.0472457
5.94762 0.0476186
5.94844 0.0484135
5.95053 0.0505047
5.95088 0.0508566
5.95329 0.0532648
5.95361 0.0535796
5.95485 0.0348335
5.95485 0.0348335
5.95485 0.0348335
5.95517 0.0551549
5.9553 0.0352814
5.9553 0.0349619
5.9553 0.0349619
5.95587 0.155843
5.95725 0.057221
5.95757 0.0575405
5.95795 0.0579222
5.95827 0.158241
5.95859 0.15856
5.95909 0.0590673
5.95941 0.159386
5.95941 0.0593868
5.96138 0.0613549
5.9617 0.0616744
5.96202 0.0619939
5.96265 0.0626244
5.96372 0.0636904
5.96404 0.0640232
5.96404 0.0640099
5.96442 0.0643964
5.96474 0.0647358
5.96851 0.0684832
5.96883 0.0688104
5.96915 0.0691222
5.96984 0.069815
5.97088 0.0708629
5.97238 0.0723513
5.97391 0.0739001
5.97423 0.0742034
5.97455 0.0745229
5.97487 0.0748424
5.97519 0.0751724
5.97519 0.0751619
5.97551 0.0754814
5.97551 0.035182
5.97564 0.0356299
5.97564 0.0356299
5.97564 0.0356299
5.97564 0.0356299
5.97564 0.0353104
5.97564 0.0353104
5.97804 0.078019
5.97836 0.0783328
5.97986 0.0798343
5.98018 0.0801538
5.98084 0.0808154
5.98132 0.0812904
5.98173 0.0817033
5.98339 0.0833602
5.98392 0.0838975
5.98424 0.084217
5.98655 0.0865271
5.98852 0.0884952
5.99167 0.0916451
5.99202 0.0919957
5.9925 0.0924708
5.99487 0.034842
5.99487 0.034842
5.99487 0.034842
5.99518 0.035157
5.99518 0.0348375
5.99518 0.0348375
5.99961 0.0995789
5.99993 0.0998984
6.00177 0.101742
6.00492 0.104895
6.00524 0.105215
6.00581 0.105783
6.00709 0.107067
6.00741 0.107386
6.00938 0.109354
6.01063 0.110613
6.01235 0.112326
6.01485 0.0348362
6.01485 0.0348362
6.01485 0.0348362
6.01516 0.0351512
6.01516 0.0348317
6.01516 0.0348317
6.01691 0.116884
6.0219 0.121869
6.02296 0.122935
6.02369 0.123659
6.025 0.124974
6.02579 0.12576
6.03506 0.035038
6.03547 0.0348073
6.03547 0.0348073
6.03812 0.0380987
6.03997 0.139941
6.04107 0.0410394
6.04341 0.0433806
6.04385 0.0438246
6.04454 0.0445337
6.04493 0.0449253
6.04549 0.0454674
6.04668 0.0466578
6.04728 0.0472572
6.04763 0.047622
6.04845 0.048425
6.05051 0.0504972
6.05089 0.0508681
6.05339 0.0533783
6.05374 0.0537155
6.05483 0.0348139
6.05483 0.0348139
6.05483 0.0348139
6.05515 0.0551439
6.05528 0.0352618
6.05528 0.0349423
6.05528 0.0349423
6.05594 0.155917
6.05732 0.0572947
6.05732 0.0572947
6.05783 0.0578008
6.05815 0.158119
6.05853 0.158501
6.0591 0.0590704
6.05942 0.159389
6.05942 0.0593899
6.06135 0.0613268
6.06167 0.0616463
6.06202 0.0619969
6.06265 0.0626275
6.06328 0.0632799
6.0636 0.0635775
6.06392 0.063897
6.06437 0.0643628
6.06472 0.0646937
6.0684 0.0683703
6.06872 0.0687061
6.06907 0.0690404
6.06982 0.0697954
6.07086 0.070852
6.07236 0.0723317
6.07389 0.0738891
6.07433 0.0743082
6.07465 0.0746277
6.07465 0.0746277
6.07497 0.0749472
6.07497 0.0749663
6.0751 0.0350957
6.0751 0.0350957
6.0751 0.0350957
6.07542 0.0753951
6.07555 0.0355436
6.07555 0.0352241
6.07555 0.0352241
6.07805 0.078026
6.07837 0.0783398
6.07984 0.0798102
6.08016 0.0801297
6.08079 0.0807602
6.08129 0.0812663
6.08174 0.0817103
6.08339 0.0833672
6.08409 0.08406
6.08441 0.0843795
6.08656 0.0865342
6.08853 0.0885022
6.09171 0.0916832
6.09203 0.0920028
6.09241 0.0923845
6.09484 0.0348179
6.09484 0.0348179
6.09484 0.0348179
6.09516 0.0351329
6.09516 0.0348134
6.09516 0.0348134
6.09949 0.0994615
6.09993 0.0999054
6.10184 0.101811
6.10486 0.104837
6.10518 0.105156
6.10581 0.105787
6.10707 0.107039
6.10739 0.107359
6.10926 0.109234
6.11061 0.110585
6.11233 0.112299
6.11482 0.0348087
6.11482 0.0348087
6.11482 0.0348087
6.11516 0.0351548
6.11516 0.0348353
6.11516 0.0348353
6.11713 0.117105
6.12177 0.121748
6.12306 0.123032
6.12363 0.1236
6.12503 0.125008
6.12579 0.125763
6.13504 0.0350105
6.13516 0.0348194
6.13516 0.0348194
6.13516 0.0348194
6.13548 0.0351344
6.13548 0.0348149
6.13548 0.0348149
6.1381 0.0380752
6.13991 0.139887
6.14107 0.041047
6.14338 0.0433571
6.14383 0.0438011
6.14452 0.0445188
6.14499 0.0449672
6.14547 0.0454439
6.14669 0.0466654
6.14726 0.0472337
6.14764 0.0476261
6.14843 0.0484015
6.15052 0.0505169
6.15087 0.0508446
6.15327 0.0532701
6.15372 0.0536919
6.15484 0.0348215
6.15484 0.0348215
6.15484 0.0348215
6.15516 0.0551602
6.15529 0.0352694
6.15529 0.0349499
6.15529 0.0349499
6.15595 0.155924
6.1572 0.0571778
6.15752 0.0574973
6.15784 0.0578169
6.15816 0.158136
6.15867 0.158642
6.15908 0.0590553
6.1594 0.159374
6.1594 0.0593748
6.16128 0.0612495
6.16163 0.0616001
6.16201 0.0619819
6.16264 0.0626124
6.1633 0.0632819
6.16362 0.0635936
6.16362 0.0635936
6.16437 0.0643564
6.16472 0.0647099
6.1685 0.0684712
6.16882 0.0688157
6.16914 0.0691102
6.16983 0.069803
6.17089 0.0708682
6.17233 0.0723082
6.17384 0.073812
6.17415 0.0741292
6.17447 0.0744487
6.17479 0.0747682
6.17511 0.0750843
6.17511 0.0750877
6.17543 0.0754072
6.17543 0.0351078
6.17556 0.0355557
6.17556 0.0355557
6.17556 0.0355557
6.17556 0.0355557
6.17556 0.0352362
6.17556 0.0352362
6.17803 0.078007
6.17835 0.0783208
6.17985 0.0798222
6.18017 0.0801417
6.18077 0.0807412
6.18134 0.0813095
6.18172 0.0816912
6.18344 0.0834104
6.18391 0.0838855
6.18423 0.084205
6.18651 0.086484
6.18854 0.0885143
6.19203 0.0920064
6.19235 0.0923259
6.19267 0.0926454
6.19485 0.03483
6.19485 0.03483
6.19485 0.03483
6.19517 0.035145
6.19517 0.0348255
6.19517 0.0348255
6.19928 0.0992558
6.19994 0.0999175
6.20182 0.101792
6.20506 0.105035
6.20538 0.105355
6.20582 0.105799
6.20708 0.107052
6.2074 0.107371
6.20936 0.109339
6.21068 0.11066
6.21237 0.112342
6.21483 0.0348208
6.21483 0.0348208
6.21483 0.0348208
6.21514 0.0351358
6.21514 0.0348163
6.21514 0.0348163
6.21699 0.116962
6.22179 0.12176
6.22298 0.122951
6.2237 0.123675
6.22508 0.125052
6.2258 0.125775
6.23505 0.0350226
6.23518 0.0348315
6.23518 0.0348315
6.23518 0.0348315
6.23549 0.0351465
6.23549 0.034827
6.23549 0.034827
6.23811 0.0380872
6.2398 0.139774
6.24105 0.0410279
6.24339 0.0433692
6.24384 0.0438131
6.24456 0.0445395
6.24519 0.0451692
6.24551 0.045487
6.2468 0.0467708
6.24727 0.0472458
6.24765 0.0476361
6.24853 0.0485069
6.25056 0.0505411
6.25088 0.0508566
6.25332 0.0532908
6.25373 0.053704
6.25485 0.0348336
6.25485 0.0348336
6.25485 0.0348336
6.2552 0.0551809
6.25533 0.0353126
6.25533 0.0349931
6.25533 0.0349931
6.25584 0.155812
6.25712 0.0570966
6.25744 0.0574161
6.25776 0.0577356
6.25808 0.158054
6.25865 0.158623
6.25909 0.0590674
6.25941 0.0593869
6.25941 0.159386
6.26126 0.0612305
6.26164 0.0616122
6.26211 0.0620872
6.26262 0.0625934
6.26347 0.0634417
6.26391 0.0638795
6.26423 0.0642051
6.26474 0.0647307
6.26506 0.0650246
6.26839 0.0683673
6.26871 0.0686893
6.26906 0.0690374
6.26982 0.0697924
6.27085 0.0708352
6.27229 0.0722665
6.27382 0.0738101
6.27427 0.074243
6.27459 0.0745625
6.27491 0.074882
6.27491 0.0748873
6.27523 0.0752016
6.27555 0.0755211
6.27555 0.0352217
6.27567 0.0356696
6.27567 0.0356696
6.27567 0.0356696
6.27567 0.0356696
6.27567 0.0353501
6.27567 0.0353501
6.27805 0.0780275
6.27837 0.0783413
6.27984 0.0798117
6.28016 0.0801312
6.28091 0.0808862
6.28129 0.0812679
6.28183 0.0818051
6.28342 0.0833999
6.28393 0.083906
6.28425 0.0842255
6.28653 0.0865046
6.28853 0.0885037
6.29186 0.0918403
6.29218 0.0921598
6.29263 0.0926037
6.29484 0.0348194
6.29484 0.0348194
6.29484 0.0348194
6.29516 0.0351344
6.29516 0.0348149
6.29516 0.0348149
6.29964 0.0996185
6.29996 0.099938
6.30178 0.101751
6.30536 0.105336
6.30571 0.105687
6.30603 0.106006
6.30694 0.106917
6.30742 0.107392
6.30926 0.109235
6.31082 0.110805
6.31239 0.112363
6.31482 0.0348102
6.31482 0.0348102
6.31482 0.0348102
6.31513 0.0351253
6.31513 0.0348057
6.31513 0.0348057
6.31707 0.117045
6.32177 0.12175
6.3229 0.122878
6.3236 0.123571
6.325 0.124979
6.32588 0.125858
6.33504 0.0350121
6.33516 0.0348209
6.33516 0.0348209
6.33516 0.0348209
6.33548 0.035136
6.33548 0.0348165
6.33548 0.0348165
6.3381 0.0380767
6.33979 0.139764
6.34107 0.0410485
6.34338 0.0433586
6.34383 0.0438026
6.34455 0.0445376
6.34521 0.0451846
6.34553 0.0455076
6.34678 0.0467602
6.34726 0.0472352
6.34764 0.0476266
6.34852 0.0484963
6.35049 0.0504804
6.35087 0.0508461
6.3533 0.0532889
6.35372 0.0536935
6.35484 0.034823
6.35484 0.034823
6.35484 0.034823
6.35516 0.0551479
6.35529 0.0352709
6.35529 0.0349514
6.35529 0.0349514
6.35576 0.155739
6.35723 0.0572105
6.35755 0.05753
6.35787 0.0578495
6.35819 0.158168
6.35857 0.15855
6.35908 0.0590568
6.3594 0.159376
6.3594 0.0593763
6.36127 0.061251
6.36163 0.0616017
6.36195 0.0619212
6.36264 0.0626139
6.36367 0.0636488
6.36399 0.0639708
6.36399 0.0639683
6.36475 0.0647203
6.36507 0.0650453
6.3684 0.0683794
6.36872 0.0687101
6.36904 0.0690184
6.36983 0.0698045
6.37086 0.0708559
6.3723 0.0722786
6.37384 0.0738308
6.37419 0.0741618
6.37451 0.0744813
6.37482 0.0748147
6.37514 0.0751203
6.37514 0.0751203
6.37546 0.0754398
6.37546 0.0351404
6.37559 0.0355883
6.37559 0.0355883
6.37559 0.0355883
6.37559 0.0355883
6.37559 0.0352688
6.37559 0.0352688
6.37803 0.0780085
6.37835 0.0783223
6.37985 0.0798238
6.38017 0.0801433
6.38077 0.0807427
6.3813 0.0812799
6.3819 0.0818794
6.38344 0.083412
6.38391 0.083887
6.38423 0.0842065
6.38651 0.0864855
6.38857 0.0885469
6.392 0.0919768
6.39232 0.0922963
6.39264 0.0926158
6.39485 0.0348315
6.39485 0.0348315
6.39485 0.0348315
6.39517 0.0351465
6.39517 0.034827
6.39517 0.034827
6.39944 0.0994129
6.39994 0.099919
6.40185 0.101825
6.40531 0.105286
6.40569 0.105668
6.40601 0.105987
6.40695 0.106929
6.40727 0.107248
6.40936 0.109341
6.41062 0.110599
6.41234 0.112312
6.41483 0.0348223
6.41483 0.0348223
6.41483 0.0348223
6.41514 0.0351373
6.41514 0.0348178
6.41514 0.0348178
6.41717 0.11715
6.42179 0.121762
6.42301 0.122983
6.42361 0.123583
6.42501 0.124991
6.4258 0.125777
6.43505 0.0350241
6.43518 0.034833
6.43518 0.034833
6.43518 0.034833
6.43549 0.035148
6.43549 0.0348285
6.43549 0.0348285
6.43811 0.0380888
6.43989 0.139869
6.44105 0.0410295
6.44339 0.0433707
6.44384 0.0438147
6.44453 0.0445272
6.44522 0.0452226
6.44554 0.0455197
6.4468 0.0467723
6.44727 0.0472473
6.44762 0.0475972
6.44853 0.0485084
6.45059 0.0505668
6.45091 0.0508893
6.45328 0.0532785
6.4536 0.0535811
6.45485 0.0348351
6.45485 0.0348351
6.45485 0.0348351
6.45517 0.0551686
6.4553 0.035283
6.4553 0.0349635
6.4553 0.0349635
6.45578 0.155751
6.45712 0.0570981
6.45744 0.0574176
6.45776 0.0577371
6.45808 0.158056
6.45855 0.158531
6.45909 0.0590689
6.45941 0.159388
6.45941 0.0593884
6.46122 0.0612009
6.46164 0.0616137
6.46196 0.0619332
6.46262 0.0625949
6.46347 0.0634432
6.46379 0.0637738
6.46411 0.0640822
6.46477 0.0647495
6.46509 0.0650745
6.46849 0.0684621
6.4688 0.0688015
6.46912 0.0691012
6.46991 0.0698872
6.47088 0.070854
6.47229 0.0722681
6.47382 0.0737978
6.47417 0.0741512
6.47449 0.0744707
6.47481 0.0748128
6.47513 0.0751098
6.47513 0.0751098
6.47545 0.0754293
6.47545 0.0351299
6.47558 0.0355778
6.47558 0.0355778
6.47558 0.0355778
6.47558 0.0355778
6.47558 0.0352583
6.47558 0.0352583
6.47802 0.0779979
6.47833 0.0783117
6.47984 0.0798132
6.48016 0.0801327
6.48079 0.0807633
6.48132 0.0813005
6.48167 0.0816511
6.48342 0.0834014
6.48393 0.0839075
6.48425 0.084227
6.48653 0.0865061
6.48856 0.0885363
6.4919 0.0918729
6.49222 0.0921924
6.49253 0.0925119
6.49484 0.0348209
6.49484 0.0348209
6.49484 0.0348209
6.49516 0.0351359
6.49516 0.0348164
6.49516 0.0348164
6.49936 0.0993401
6.4999 0.0998774
6.50181 0.101783
6.50539 0.105369
6.50571 0.105688
6.50603 0.106008
6.50703 0.107011
6.50748 0.107455
6.50926 0.109237
6.5107 0.110682
6.51236 0.112333
6.51482 0.0348118
6.51482 0.0348118
6.51482 0.0348118
6.51513 0.0351268
6.51513 0.0348073
6.51513 0.0348073
6.51704 0.117015
6.52177 0.121751
6.5229 0.122879
6.52372 0.123697
6.52503 0.125011
6.52579 0.125766
6.53504 0.0350136
6.53516 0.0348225
6.53516 0.0348225
6.53516 0.0348225
6.53548 0.0351375
6.53548 0.034818
6.53548 0.034818
6.5381 0.0380782
6.53988 0.139859
6.54107 0.04105
6.54338 0.0433602
6.54383 0.0438041
6.54455 0.0445253
6.54521 0.0452069
6.54553 0.0455091
6.54678 0.0467617
6.54726 0.0472368
6.54764 0.0476143
6.54852 0.0484979
6.55055 0.0505373
6.55087 0.0508476
6.5533 0.0532766
6.55372 0.053695
6.55503 0.0550072
6.55516 0.035144
6.55516 0.035144
6.55516 0.035144
6.55516 0.035144
6.55516 0.0348245
6.55516 0.0348245
6.55529 0.0349529
6.55579 0.155772
6.55714 0.0571187
6.55746 0.0574382
6.55778 0.0577577
6.5581 0.158076
6.55867 0.158645
6.55908 0.0590584
6.5594 0.159377
6.5594 0.0593779
6.5614 0.061377
6.56172 0.0616965
6.56204 0.062016
6.56264 0.0626154
6.56345 0.0634326
6.56377 0.0637719
6.56409 0.0640716
6.56472 0.0647165
6.56504 0.0650415
6.56847 0.0684516
6.56879 0.0687684
6.56911 0.0690906
6.56984 0.0698145
6.57087 0.0708521
6.57231 0.0722886
6.57391 0.0738892
6.57429 0.0742651
6.57461 0.0745846
6.57493 0.0749041
6.57493 0.0749042
6.57525 0.0752236
6.57557 0.0755431
6.57557 0.0352437
6.57569 0.0356916
6.57569 0.0356916
6.57569 0.0356916
6.57569 0.0356916
6.57569 0.0353721
6.57569 0.0353721
6.57803 0.0780185
6.57835 0.0783323
6.57982 0.0798026
6.58014 0.0801222
6.58081 0.0807838
6.58131 0.0812899
6.58172 0.0817028
6.58344 0.0834219
6.58392 0.083897
6.58424 0.0842165
6.58661 0.0865888
6.58858 0.0885569
6.59188 0.0918624
6.5922 0.0921819
6.59252 0.0925014
6.59483 0.0348104
6.59483 0.0348104
6.59483 0.0348104
6.59514 0.0351254
6.59514 0.0348059
6.59514 0.0348059
6.59945 0.0994229
6.59989 0.0998668
6.60186 0.101835
6.60538 0.105358
6.6057 0.105678
6.60602 0.105997
6.60696 0.106939
6.60747 0.107445
6.60928 0.109257
6.61063 0.110609
6.61234 0.112322
6.61484 0.0348323
6.61484 0.0348323
6.61484 0.0348323
6.61515 0.0351473
6.61515 0.0348278
6.61515 0.0348278
6.61709 0.117067
6.62179 0.121772
6.62289 0.122869
6.62358 0.123562
6.62502 0.125001
6.62596 0.125942
6.63502 0.035003
6.63515 0.0348119
6.63515 0.0348119
6.63515 0.0348119
6.63547 0.0351269
6.63547 0.0348074
6.63547 0.0348074
6.63812 0.0380987
6.63987 0.139848
6.64106 0.0410394
6.6434 0.0433807
6.64381 0.0437935
6.64454 0.0445234
6.64523 0.0452222
6.64555 0.0455297
6.64677 0.0467512
6.64725 0.0472262
6.64763 0.0476245
6.64845 0.0484251
6.65051 0.0505077
6.65086 0.050837
6.65329 0.0532747
6.65361 0.0535911
6.65483 0.034814
6.65483 0.034814
6.65483 0.034814
6.65518 0.0551647
6.65531 0.035293
6.65531 0.0349735
6.65531 0.0349735
6.65588 0.155855
6.65722 0.0572014
6.65754 0.0575209
6.65786 0.0578404
6.65818 0.158159
6.65866 0.158634
6.65907 0.0590478
6.65939 0.159366
6.65939 0.0593673
6.66123 0.0612109
6.66165 0.0616237
6.66196 0.0619432
6.66263 0.0626049
6.66347 0.0634532
6.66386 0.0638322
6.66418 0.0641544
6.66478 0.0647456
6.66509 0.0650707
6.66849 0.0684721
6.66881 0.0687976
6.66913 0.0691111
6.66983 0.0698039
6.67086 0.0708501
6.6723 0.0722781
6.67383 0.0738251
6.67424 0.0742234
6.67456 0.0745429
6.67488 0.0748624
6.67488 0.0748712
6.6752 0.075182
6.67552 0.0755015
6.67552 0.0352021
6.67565 0.03565
6.67565 0.03565
6.67565 0.03565
6.67565 0.03565
6.67565 0.0353305
6.67565 0.0353305
6.67802 0.0780079
6.67834 0.0783217
6.67984 0.0798232
6.68016 0.0801427
6.68076 0.0807421
6.68133 0.0813105
6.68171 0.0816922
6.68343 0.0834114
6.68391 0.0838864
6.68423 0.0842059
6.68651 0.086485
6.68857 0.0885463
6.69156 0.0915408
6.69207 0.0920469
6.69251 0.0924908
6.69485 0.0348309
6.69485 0.0348309
6.69485 0.0348309
6.69516 0.0351459
6.69516 0.0348264
6.69516 0.0348264
6.69937 0.0993501
6.69991 0.0998873
6.70181 0.101793
6.70537 0.105347
6.70591 0.105885
6.70623 0.106204
6.70704 0.107021
6.70736 0.107341
6.70927 0.109247
6.71065 0.110629
6.71233 0.112312
6.71483 0.0348217
6.71483 0.0348217
6.71483 0.0348217
6.71514 0.0351368
6.71514 0.0348173
6.71514 0.0348173
6.71708 0.117056
6.72178 0.121761
6.72291 0.122889
6.7236 0.123582
6.72501 0.12499
6.72589 0.12587
6.73504 0.0350236
6.73517 0.0348325
6.73517 0.0348325
6.73517 0.0348325
6.73549 0.0351475
6.73549 0.034828
6.73549 0.034828
6.73811 0.0380882
6.7398 0.139775
6.74105 0.0410289
6.74339 0.0433702
6.74383 0.0438141
6.74453 0.0445215
6.74519 0.0451754
6.74551 0.045488
6.74679 0.0467717
6.74727 0.0472468
6.74762 0.0476036
6.74844 0.0484145
6.75056 0.0505404
6.75088 0.0508576
6.75328 0.0532727
6.75373 0.053705
6.75504 0.0550344
6.75517 0.035154
6.75517 0.035154
6.75517 0.035154
6.75517 0.035154
6.75517 0.0348345
6.75517 0.0348345
6.7553 0.0349629
6.75577 0.155751
6.75712 0.0570976
6.75744 0.0574171
6.75776 0.0577366
6.75808 0.158055
6.75855 0.15853
6.75909 0.0590683
6.75941 0.159387
6.75941 0.0593878
6.76141 0.061387
6.76173 0.0617065
6.76205 0.062026
6.76261 0.0625943
6.76346 0.0634426
6.76378 0.0637681
6.7641 0.0640816
6.76473 0.0647126
6.76505 0.0650377
6.76848 0.0684616
6.7688 0.0687957
6.76912 0.0691006
6.76991 0.0698867
6.77085 0.0708482
6.77229 0.0722675
6.77391 0.0738854
6.77423 0.0742129
6.77455 0.0745324
6.77487 0.0748693
6.77519 0.0751714
6.77519 0.0751714
6.77551 0.0754909
6.77551 0.0351915
6.77564 0.0356394
6.77564 0.0356394
6.77564 0.0356394
6.77564 0.0356394
6.77564 0.0353199
6.77564 0.0353199
6.77804 0.0780285
6.77836 0.0783423
6.77983 0.0798126
6.78015 0.0801321
6.78081 0.0807938
6.78129 0.0812688
6.78167 0.0816505
6.78342 0.0834008
6.78393 0.083907
6.78425 0.0842265
6.78659 0.0865677
6.78853 0.0885046
6.79174 0.0917168
6.79209 0.0920674
6.7925 0.0924803
6.79484 0.0348203
6.79484 0.0348203
6.79484 0.0348203
6.79515 0.0351354
6.79515 0.0348159
6.79515 0.0348159
6.79948 0.099464
6.7999 0.0998768
6.80177 0.101751
6.80539 0.105368
6.80574 0.105719
6.80606 0.106038
6.80694 0.106918
6.80738 0.107361
6.80935 0.109329
6.8106 0.110588
6.81235 0.112332
6.81481 0.0348112
6.81481 0.0348112
6.81481 0.0348112
6.81513 0.0351262
6.81513 0.0348067
6.81513 0.0348067
6.81707 0.117045
6.82177 0.121751
6.82299 0.122972
6.82372 0.123696
6.82497 0.124949
6.82588 0.125859
6.83503 0.035013
6.83516 0.0348219
6.83516 0.0348219
6.83516 0.0348219
6.83548 0.0351369
6.83548 0.0348174
6.83548 0.0348174
6.8381 0.0380776
6.83979 0.139765
6.84107 0.0410494
6.84338 0.0433596
6.84389 0.0438657
6.84455 0.0445195
6.84521 0.0451908
6.84553 0.0455085
6.84678 0.0467612
6.84726 0.0472362
6.84764 0.0476138
6.84845 0.0484351
6.85052 0.0505108
6.85087 0.050847
6.8533 0.0532708
6.85371 0.0536944
6.85484 0.034824
6.85484 0.034824
6.85484 0.034824
6.85519 0.0551609
6.85532 0.035303
6.85532 0.0349835
6.85532 0.0349835
6.85576 0.15574
6.85723 0.0572114
6.85755 0.0575309
6.85787 0.0578504
6.85819 0.158169
6.85857 0.158551
6.85908 0.0590578
6.8594 0.159376
6.8594 0.0593773
6.86127 0.061252
6.86162 0.0616026
6.862 0.0619843
6.86263 0.0626149
6.86348 0.0634631
6.8638 0.0637973
6.86412 0.0641022
6.86475 0.0647418
6.86507 0.0650668
6.86841 0.0683888
6.86873 0.0687005
6.86905 0.0690278
6.86983 0.0698139
6.8709 0.0708774
6.87231 0.072288
6.87387 0.0738523
6.87419 0.0741712
6.87451 0.0744907
6.87483 0.0748102
6.87515 0.0751247
6.87515 0.0751297
6.87547 0.0754492
6.87547 0.0351188
6.8756 0.0355667
6.8756 0.0355667
6.8756 0.0355667
6.8756 0.0355667
6.8756 0.0352472
6.8756 0.0352472
6.87803 0.0780179
6.87835 0.0783317
6.87985 0.0798332
6.88017 0.0801527
6.88083 0.0808143
6.88131 0.0812894
6.88172 0.0817022
6.88344 0.0834214
6.88392 0.0838964
6.88424 0.0842159
6.88651 0.086495
6.88848 0.088463
6.89169 0.0916752
6.89201 0.0919947
6.89252 0.0925008
6.89483 0.0348098
6.89483 0.0348098
6.89483 0.0348098
6.89514 0.0351248
6.89514 0.0348053
6.89514 0.0348053
6.89944 0.0994223
6.89989 0.0998662
6.90192 0.101896
6.90538 0.105357
6.90591 0.105895
6.90623 0.106214
6.90696 0.106938
6.90731 0.107289
6.90934 0.109319
6.91075 0.110733
6.91234 0.112322
6.91483 0.0348317
6.91483 0.0348317
6.91483 0.0348317
6.91515 0.0351467
6.91515 0.0348272
6.91515 0.0348272
6.91715 0.117128
6.92179 0.121771
6.92289 0.122868
6.92361 0.123592
6.92502 0.125
6.92587 0.125849
6.93502 0.0350025
6.93515 0.0348113
6.93515 0.0348113
6.93515 0.0348113
6.93546 0.0351264
6.93546 0.0348068
6.93546 0.0348068
6.93812 0.0380982
6.9399 0.139879
6.94106 0.0410389
6.9434 0.0433801
6.94381 0.043793
6.94454 0.0445176
6.94526 0.0452372
6.94558 0.0455602
6.94677 0.0467506
6.94724 0.0472256
6.94763 0.0476148
6.94854 0.0485178
6.9505 0.0504813
6.95086 0.0508365
6.95332 0.0533
6.95373 0.053715
6.95483 0.0348134
6.95483 0.0348134
6.95483 0.0348134
6.95515 0.0551279
6.95527 0.0352613
6.95527 0.0349418
6.95527 0.0349418
6.95578 0.155761
6.95722 0.0572009
6.95754 0.0575204
6.95786 0.0578399
6.95818 0.158159
6.95856 0.15854
6.95907 0.0590472
6.95939 0.159366
6.95939 0.0593667
6.96129 0.0612725
6.96164 0.0616232
6.96196 0.0619427
6.96262 0.0626043
6.96347 0.0634526
6.96385 0.0638265
6.96417 0.0641538
6.96462 0.0646155
6.96494 0.0649094
6.96849 0.0684716
6.96881 0.0687919
6.96913 0.0691106
6.96982 0.0698033
6.97089 0.0708755
6.9723 0.0722775
6.97383 0.0738193
6.97415 0.0741296
6.97447 0.0744491
6.97479 0.0747686
6.97511 0.0750881
6.97511 0.0750916
6.97543 0.0754076
6.97543 0.0350771
6.97555 0.035525
6.97555 0.035525
6.97555 0.035525
6.97555 0.035525
6.97555 0.0352055
6.97555 0.0352055
6.97802 0.0780074
6.97834 0.0783212
6.97984 0.0798226
6.98016 0.0801421
6.98082 0.0808038
6.9813 0.0812788
6.98174 0.0817227
6.98343 0.0834108
6.9839 0.0838858
6.98422 0.0842053
6.9865 0.0864844
6.9886 0.0885768
6.99187 0.0918512
6.99219 0.0921707
6.99251 0.0924902
6.99485 0.0348303
6.99485 0.0348303
6.99485 0.0348303
6.99516 0.0351454
6.99516 0.0348258
6.99516 0.0348258
6.99949 0.099474
6.99991 0.0998868
7.00181 0.101793
7.00537 0.10535
7.00569 0.10567
7.00601 0.105989
7.00704 0.107024
7.00739 0.107375
7.00936 0.109343
7.01065 0.110632
7.01233 0.112315
7.01483 0.0348247
7.01483 0.0348247
7.01483 0.0348247
7.01514 0.0351397
7.01514 0.0348202
7.01514 0.0348202
7.01708 0.117059
7.02178 0.121764
7.02288 0.122861
7.02376 0.123741
7.02501 0.124993
7.02589 0.125873
7.03504 0.0350265
7.03545 0.0347958
7.03545 0.0347958
7.03811 0.0380871
7.03989 0.139868
7.04105 0.0410279
7.04339 0.0433691
7.04383 0.043813
7.04462 0.0446086
7.04522 0.0451899
7.04554 0.0455181
7.04676 0.0467396
7.04726 0.0472457
7.04765 0.0476153
7.04852 0.0485068
7.05056 0.0505445
7.05087 0.0508565
7.05331 0.0532976
7.05372 0.0537039
7.05481 0.0348024
7.05481 0.0348024
7.05481 0.0348024
7.05513 0.0551255
7.05526 0.0352503
7.05526 0.0349308
7.05526 0.0349308
7.05577 0.15575
7.05711 0.0570965
7.05743 0.057416
7.05775 0.0577355
7.05807 0.158054
7.05864 0.158623
7.05912 0.159098
7.05944 0.0594179
7.05944 0.0594179
7.0614 0.0613859
7.06172 0.0617054
7.06204 0.062025
7.06261 0.0625933
7.06346 0.0634416
7.06378 0.0637619
7.0641 0.0640806
7.06448 0.0644576
7.0648 0.0647826
7.06848 0.0684605
7.0688 0.0687895
7.06912 0.0690996
7.06993 0.0699167
7.07091 0.0709042
7.07228 0.0722665
7.07391 0.0739103
7.07429 0.074274
7.07461 0.0745936
7.07461 0.0745936
7.07493 0.0749253
7.07525 0.0752326
7.07557 0.0755521
7.07557 0.0352216
7.0757 0.0356695
7.0757 0.0356695
7.0757 0.0356695
7.0757 0.0356695
7.0757 0.03535
7.0757 0.03535
7.07792 0.0778973
7.07823 0.0782225
7.07983 0.0798116
7.08015 0.0801311
7.08078 0.0807617
7.08135 0.08133
7.0817 0.0816806
7.08336 0.0833376
7.08392 0.0839059
7.08424 0.0842254
7.08658 0.0865667
7.08855 0.0885347
7.09173 0.0917158
7.09205 0.0920353
7.0925 0.0924792
7.09483 0.0348193
7.09483 0.0348193
7.09483 0.0348193
7.09515 0.0351343
7.09515 0.0348148
7.09515 0.0348148
7.09948 0.0994629
7.09992 0.0999069
7.10186 0.101844
7.10532 0.105305
7.10567 0.105655
7.10599 0.105975
7.10703 0.10701
7.10741 0.107392
7.10925 0.109235
7.1106 0.110587
7.11244 0.112425
7.11481 0.0348102
7.11481 0.0348102
7.11481 0.0348102
7.11513 0.0351252
7.11513 0.0348057
7.11513 0.0348057
7.11709 0.117076
7.12177 0.12175
7.12299 0.122971
7.12359 0.123571
7.12484 0.124823
7.12591 0.125889
7.13503 0.035012
7.13516 0.0348209
7.13516 0.0348209
7.13516 0.0348209
7.13547 0.0351359
7.13547 0.0348164
7.13547 0.0348164
7.13809 0.0380766
7.13988 0.139857
7.14103 0.0410173
7.14328 0.0432653
7.14382 0.0438025
7.14454 0.0445133
7.14521 0.0452053
7.14552 0.0455075
7.14678 0.0467601
7.14725 0.0472352
7.14763 0.0476278
7.14814 0.048123
7.14914 0.0491153
7.15083 0.0508149
7.1533 0.0532957
7.15368 0.0536623
7.15483 0.0348229
7.15483 0.0348229
7.15483 0.0348229
7.15515 0.0551236
7.15528 0.0352708
7.15528 0.0349513
7.15528 0.0349513
7.15582 0.155801
7.1571 0.057086
7.15742 0.0574055
7.15774 0.057725
7.15806 0.158044
7.15866 0.158643
7.15898 0.0589634
7.1593 0.159282
7.1593 0.0592829
7.16133 0.0613132
7.16165 0.0616327
7.16197 0.0619522
7.1626 0.0625827
7.16345 0.063431
7.16377 0.06376
7.16409 0.06407
7.16444 0.064433
7.16476 0.0647496
7.16844 0.0684059
7.16876 0.0687384
7.16908 0.0690579
7.16992 0.0699062
7.17024 0.070218
7.1723 0.072287
7.17353 0.073504
7.17422 0.0742013
7.17454 0.0745208
7.17486 0.07483
7.17518 0.0751598
7.17518 0.0751598
7.1755 0.0754793
7.1755 0.0351488
7.17563 0.0355967
7.17563 0.0355967
7.17563 0.0355967
7.17563 0.0355967
7.17563 0.0352772
7.17563 0.0352772
7.17784 0.0778246
7.17816 0.0781498
7.17982 0.079801
7.18014 0.0801205
7.18077 0.0807511
7.18137 0.0813505
7.18178 0.0817634
7.18334 0.083327
7.18391 0.0838954
7.18423 0.0842149
7.18657 0.0865561
7.18848 0.0884619
7.19169 0.0916741
7.19204 0.0920247
7.19236 0.0923442
7.19482 0.0348088
7.19482 0.0348088
7.19482 0.0348088
7.19514 0.0351238
7.19514 0.0348043
7.19514 0.0348043
7.19941 0.0993902
7.19998 0.0999585
7.20179 0.101771
7.2054 0.105388
7.20572 0.105707
7.20604 0.106027
7.20702 0.106999
7.2074 0.107381
7.2094 0.10938
7.21059 0.110576
7.21237 0.112352
7.21483 0.0347996
7.21483 0.0347996
7.21483 0.0347996
7.21515 0.0351146
7.21515 0.0347951
7.21515 0.0347951
7.21702 0.117003
7.22179 0.12177
7.22301 0.122992
7.22373 0.123716
7.2248 0.124782
7.2259 0.125879
7.23502 0.0350014
7.23515 0.0348103
7.23515 0.0348103
7.23515 0.0348103
7.23546 0.0351253
7.23546 0.0348058
7.23546 0.0348058
7.23808 0.038066
7.2399 0.139878
7.24105 0.0410378
7.24336 0.043348
7.24381 0.0437919
7.24453 0.0445114
7.24519 0.0451896
7.24551 0.0454969
7.24677 0.0467496
7.24724 0.0472246
7.24762 0.0476151
7.24813 0.0481124
7.24885 0.0488454
7.25085 0.0508354
7.25332 0.0532938
7.25364 0.0536206
7.25482 0.0348124
7.25482 0.0348124
7.25482 0.0348124
7.25514 0.0551217
7.25527 0.0352603
7.25527 0.0349408
7.25527 0.0349408
7.25575 0.155729
7.25712 0.0571065
7.25744 0.057426
7.25776 0.0577455
7.25808 0.158064
7.25868 0.158664
7.259 0.058984
7.25932 0.159303
7.25932 0.0593035
7.26129 0.0612715
7.26161 0.061591
7.26196 0.0619416
7.26259 0.0625722
7.26347 0.0634516
7.26379 0.063758
7.26411 0.0640906
7.26446 0.0644396
7.26478 0.0647477
7.26842 0.0684124
7.26874 0.0687278
7.26906 0.0690473
7.26991 0.0698956
7.27023 0.0702246
7.27229 0.0722764
7.27348 0.0734794
7.27433 0.0743151
7.27465 0.0746346
7.27497 0.0749525
7.27497 0.0749542
7.27529 0.0752737
7.27561 0.0755932
7.27561 0.0352627
7.27574 0.0357106
7.27574 0.0357106
7.27574 0.0357106
7.27574 0.0357106
7.27574 0.0353911
7.27574 0.0353911
7.27786 0.0778451
7.27818 0.0781703
7.27981 0.0797905
7.28013 0.08011
7.28076 0.0807405
7.28129 0.0812778
7.28161 0.0815973
7.28336 0.0833476
7.2839 0.0838848
7.28431 0.0842976
7.28653 0.0865145
7.28847 0.0884514
7.29184 0.0918191
7.29216 0.0921386
7.29247 0.0924581
7.29481 0.0347982
7.29481 0.0347982
7.29481 0.0347982
7.29513 0.0351132
7.29513 0.0347937
7.29513 0.0347937
7.29949 0.0994729
7.30028 0.100259
7.30178 0.10176
7.30527 0.105253
7.30565 0.105634
7.30616 0.10614
7.30701 0.106989
7.30742 0.107401
7.30926 0.109245
7.31061 0.110597
7.31236 0.112341
7.31485 0.0348201
7.31485 0.0348201
7.31485 0.0348201
7.31517 0.0351352
7.31517 0.0348156
7.31517 0.0348156
7.31716 0.117148
7.32181 0.121791
7.323 0.122981
7.32378 0.123767
7.32491 0.124895
7.32588 0.125868
7.33501 0.0349909
7.33513 0.0347997
7.33513 0.0347997
7.33513 0.0347997
7.33545 0.0351148
7.33545 0.0347953
7.33545 0.0347953
7.3381 0.0380866
7.33985 0.139836
7.34104 0.0410273
7.34338 0.0433686
7.3438 0.0437814
7.34452 0.0445095
7.34528 0.0452671
7.3456 0.0455797
7.34675 0.046739
7.34723 0.047214
7.34767 0.0476428
7.34812 0.0481019
7.34912 0.0491042
7.35084 0.0508249
7.35331 0.0532919
7.35369 0.0536723
7.35481 0.0348018
7.35481 0.0348018
7.35481 0.0348018
7.35513 0.0551198
7.35526 0.0352497
7.35526 0.0349302
7.35526 0.0349302
7.35573 0.155718
7.35711 0.057096
7.35743 0.0574155
7.35775 0.057735
7.35807 0.158054
7.35848 0.158466
7.3588 0.0587868
7.35915 0.159137
7.35915 0.0591374
7.3614 0.0613854
7.36172 0.0617049
7.36204 0.0620244
7.36261 0.0625927
7.36346 0.063441
7.36378 0.0637561
7.3641 0.06408
7.3646 0.0646016
7.36492 0.0649013
7.36841 0.0683879
7.36873 0.0687173
7.36905 0.0690368
7.36959 0.069574
7.37019 0.0701689
7.37234 0.0723281
7.37391 0.0738903
7.37423 0.0742113
7.37455 0.0745308
7.37455 0.0745308
7.37487 0.0748573
7.37487 0.0748503
7.37499 0.0349677
7.37499 0.0349677
7.37499 0.0349677
7.37531 0.0752982
7.37544 0.0354156
7.37544 0.0350961
7.37544 0.0350961
7.37809 0.0780846
7.37841 0.0783984
7.37979 0.0797754
7.38011 0.0800949
7.38077 0.0807566
7.38128 0.0812627
7.38163 0.0816133
7.38363 0.0836125
7.38395 0.083932
7.38427 0.0842515
7.38658 0.0865616
7.38848 0.0884674
7.39163 0.0916174
7.39208 0.0920613
7.3924 0.0923808
7.39483 0.0348142
7.39483 0.0348142
7.39483 0.0348142
7.39514 0.0351293
7.39514 0.0348098
7.39514 0.0348098
7.39947 0.0994579
7.40001 0.0999951
7.40173 0.101714
7.40535 0.105331
7.40567 0.10565
7.40599 0.10597
7.40702 0.107005
7.40734 0.107324
7.40931 0.109292
7.41059 0.110582
7.4124 0.112388
7.41483 0.0348051
7.41483 0.0348051
7.41483 0.0348051
7.41515 0.0351201
7.41515 0.0348006
7.41515 0.0348006
7.41709 0.117071
7.42176 0.121745
7.42298 0.122966
7.4238 0.123783
7.42502 0.125005
7.4259 0.125884
7.43502 0.0350069
7.43515 0.0348158
7.43515 0.0348158
7.43515 0.0348158
7.43547 0.0351308
7.43547 0.0348113
7.43547 0.0348113
7.43809 0.0380715
7.43987 0.139852
7.441 0.0409811
7.44337 0.0433535
7.44381 0.0437974
7.44454 0.0445342
7.4452 0.0451847
7.44552 0.0455024
7.4468 0.0467862
7.44724 0.0472301
7.44756 0.0475467
7.4481 0.0480868
7.44923 0.0492031
7.45082 0.0508098
7.45335 0.0533477
7.4537 0.0536883
7.45483 0.0348179
7.45483 0.0348179
7.45483 0.0348179
7.45515 0.0551445
7.45527 0.0352658
7.45527 0.0349463
7.45527 0.0349463
7.45578 0.155765
7.4571 0.0570809
7.45742 0.0574004
7.45773 0.0577199
7.45805 0.158039
7.45868 0.158669
7.45907 0.0590517
7.45939 0.15937
7.45939 0.0593712
7.46126 0.0612459
7.46161 0.0615965
7.46202 0.0620093
7.46259 0.0625777
7.46344 0.0634259
7.46376 0.0637497
7.46408 0.064065
7.46471 0.0646885
7.46503 0.0650193
7.4684 0.0683899
7.46872 0.0687022
7.46904 0.0690217
7.46979 0.0697767
7.47017 0.070171
7.4723 0.0722819
7.47383 0.0738217
7.47434 0.0743206
7.47466 0.0746401
7.47466 0.0746401
7.47466 0.0746401
7.47497 0.0749442
7.4751 0.0350771
7.4751 0.0350771
7.4751 0.0350771
7.47542 0.0754075
7.47555 0.035525
7.47555 0.0352055
7.47555 0.0352055
7.47802 0.0780073
7.47834 0.0783211
7.47981 0.0797915
7.48013 0.080111
7.48076 0.0807415
7.48129 0.0812788
7.48171 0.0816916
7.48343 0.0834108
7.4839 0.0838858
7.48422 0.0842053
7.48647 0.0864533
7.48847 0.0884524
7.49205 0.0920378
7.49237 0.0923573
7.49269 0.0926768
7.49481 0.0347992
7.49481 0.0347992
7.49481 0.0347992
7.49513 0.0351142
7.49513 0.0347947
7.49513 0.0347947
7.49927 0.0992562
7.49999 0.09998
7.50171 0.101699
7.50514 0.105129
7.50565 0.105635
7.50597 0.105955
7.507 0.10699
7.50732 0.107309
7.50926 0.109246
7.51061 0.110598
7.51236 0.112342
7.51485 0.0348211
7.51485 0.0348211
7.51485 0.0348211
7.51516 0.0351362
7.51516 0.0348166
7.51516 0.0348166
7.51707 0.117055
7.52181 0.121792
7.52287 0.122858
7.52385 0.12383
7.52476 0.124741
7.52588 0.125869
7.53501 0.0349919
7.53513 0.0348007
7.53513 0.0348007
7.53513 0.0348007
7.53545 0.0351158
7.53545 0.0347963
7.53545 0.0347963
7.53807 0.0380565
7.53985 0.139837
7.54098 0.0409661
7.54338 0.0433696
7.54386 0.0438446
7.54461 0.04459
7.54518 0.0451645
7.5455 0.0454874
7.54675 0.04674
7.54723 0.047215
7.54758 0.0475658
7.5483 0.0482895
7.54912 0.0491153
7.55084 0.0508259
7.55334 0.0533102
7.55372 0.0537044
7.55481 0.0348028
7.55481 0.0348028
7.55481 0.0348028
7.55519 0.0551692
7.55532 0.0353129
7.55532 0.0349934
7.55532 0.0349934
7.55577 0.15575
7.55711 0.057097
7.55743 0.0574165
7.55775 0.057736
7.55807 0.158055
7.55867 0.158654
7.55914 0.159129
7.55946 0.0594495
7.55946 0.0594495
7.56131 0.0612931
7.56163 0.0616126
7.56198 0.0619632
7.56261 0.0625937
7.56346 0.063442
7.56378 0.0637744
7.56378 0.0637615
7.56472 0.0647048
7.56504 0.0650355
7.56853 0.0685147
7.56885 0.0688274
7.56917 0.0691537
7.56992 0.0699087
7.57024 0.0702268
7.57227 0.0722584
7.57349 0.0734647
7.57422 0.0742038
7.57454 0.0745233
7.57486 0.074836
7.57486 0.0748428
7.57518 0.0751623
7.5755 0.0754818
7.5755 0.0351514
7.57562 0.0355992
7.57562 0.0355992
7.57562 0.0355992
7.57562 0.0355992
7.57562 0.0352797
7.57562 0.0352797
7.57803 0.0780194
7.57835 0.0783332
7.57982 0.0798036
7.58014 0.0801231
7.5808 0.0807847
7.5813 0.0812908
7.58169 0.0816726
7.58334 0.0833295
7.58391 0.0838979
7.58423 0.0842174
7.58651 0.0864964
7.5886 0.0885889
7.59203 0.0920188
7.59203 0.0920188
7.59238 0.0923694
7.59481 0.0348028
7.59481 0.0348028
7.59481 0.0348028
7.59513 0.0351178
7.59513 0.0347983
7.59513 0.0347983
7.59946 0.0994464
7.59997 0.0999526
7.6019 0.101889
7.6054 0.105382
7.60572 0.105701
7.60603 0.106021
7.60701 0.106993
7.60739 0.107375
7.60923 0.109219
7.61058 0.11057
7.61242 0.112408
7.61482 0.0347937
7.61482 0.0347937
7.61482 0.0347937
7.61517 0.0351398
7.61517 0.0348203
7.61517 0.0348203
7.61704 0.117028
7.62181 0.121795
7.62288 0.122861
7.62329 0.123274
7.62485 0.124838
7.62589 0.125873
7.63501 0.0349955
7.63514 0.0348044
7.63514 0.0348044
7.63514 0.0348044
7.63545 0.0351194
7.63545 0.0347999
7.63545 0.0347999
7.63807 0.0380601
7.63985 0.139841
7.64098 0.0409697
7.64339 0.0433732
7.6438 0.043786
7.64452 0.0445089
7.64518 0.0451629
7.6455 0.045491
7.64676 0.0467436
7.64723 0.0472187
7.64758 0.0475674
7.64831 0.0482931
7.64912 0.0491084
7.65084 0.0508295
7.65331 0.0532913
7.65369 0.0536769
7.65481 0.0348064
7.65481 0.0348064
7.65481 0.0348064
7.65513 0.0551192
7.65526 0.0352543
7.65526 0.0349348
7.65526 0.0349348
7.65574 0.155723
7.65711 0.0571006
7.65743 0.0574201
7.65775 0.0577396
7.65807 0.158058
7.65864 0.158627
7.65915 0.0591336
7.65947 0.0594531
7.65947 0.159452
7.6614 0.06139
7.66172 0.0617095
7.66204 0.062029
7.66258 0.0625662
7.66346 0.0634456
7.66378 0.0637556
7.6641 0.0640846
7.66473 0.0647255
7.66505 0.0650251
7.66838 0.0683713
7.6687 0.0686926
7.66902 0.0690103
7.66981 0.0697964
7.67019 0.0701626
7.67228 0.0722705
7.67372 0.0737098
7.67404 0.0740311
7.67442 0.074411
7.67474 0.0747305
7.67506 0.07505
7.67506 0.0750518
7.67519 0.0351674
7.67519 0.0351674
7.67519 0.0351674
7.67519 0.0351674
7.67519 0.0348479
7.67519 0.0348479
7.67551 0.0754979
7.67551 0.0351674
7.67801 0.0780004
7.67833 0.0783142
7.6798 0.0797845
7.68012 0.080104
7.68078 0.0807657
7.68129 0.0812718
7.68173 0.0817157
7.68351 0.0834971
7.68389 0.0838789
7.68421 0.0841984
7.68652 0.0865085
7.68849 0.0884765
7.69173 0.0917198
7.69205 0.0920393
7.6924 0.0923899
7.69483 0.0348234
7.69483 0.0348234
7.69483 0.0348234
7.69515 0.0351384
7.69515 0.0348189
7.69515 0.0348189
7.69942 0.0994048
7.69999 0.0999731
7.70174 0.101723
7.70517 0.105153
7.70567 0.105659
7.70599 0.105979
7.70703 0.107014
7.7075 0.107489
7.70925 0.109239
7.7106 0.110591
7.71235 0.112335
7.71484 0.0348142
7.71484 0.0348142
7.71484 0.0348142
7.71516 0.0351292
7.71516 0.0348097
7.71516 0.0348097
7.71709 0.11708
7.7218 0.121785
7.72286 0.122851
7.72374 0.12373
7.72496 0.124952
7.72578 0.125769
7.735 0.0349849
7.73513 0.0347938
7.73513 0.0347938
7.73513 0.0347938
7.73547 0.0351399
7.73547 0.0348204
7.73547 0.0348204
7.73809 0.0380806
7.73987 0.139861
7.74103 0.0410213
7.74338 0.0433626
7.74382 0.0438065
7.74445 0.0444233
7.74477 0.0447643
7.74546 0.0454493
7.74678 0.0467642
7.74722 0.0472081
7.7476 0.0476002
7.7483 0.0482826
7.74921 0.0491806
7.75083 0.0508189
7.75302 0.0530095
7.75371 0.0536974
7.7548 0.0347959
7.7548 0.0347959
7.7548 0.0347959
7.75512 0.0551173
7.75525 0.0352438
7.75525 0.0349243
7.75525 0.0349243
7.75576 0.155743
7.7571 0.05709
7.75742 0.0574095
7.75774 0.057729
7.75806 0.158048
7.75866 0.158647
7.75917 0.0591541
7.75949 0.159473
7.75949 0.0594736
7.7613 0.0612861
7.76162 0.0616056
7.762 0.0619873
7.7626 0.0625868
7.76345 0.0634351
7.76377 0.0637537
7.76377 0.0637546
7.76437 0.0643531
7.76469 0.0646614
7.7684 0.0683834
7.76872 0.0687134
7.76903 0.0690224
7.76985 0.0698395
7.77036 0.0703474
7.77226 0.0722515
7.77373 0.0737218
7.77405 0.0740518
7.77444 0.0744231
7.77475 0.0747426
7.77507 0.0750621
7.77507 0.0750726
7.77539 0.0753816
7.77539 0.0350511
7.77552 0.035499
7.77552 0.035499
7.77552 0.035499
7.77552 0.035499
7.77552 0.0351795
7.77552 0.0351795
7.77802 0.0780125
7.77834 0.0783263
7.77981 0.0797966
7.78013 0.0801161
7.78079 0.0807778
7.78136 0.0813461
7.78177 0.0817589
7.78355 0.0835403
7.78393 0.083922
7.78425 0.0842415
7.78656 0.0865517
7.78847 0.0884575
7.79156 0.0915453
7.79209 0.0920825
7.79241 0.092402
7.79481 0.0348043
7.79481 0.0348043
7.79481 0.0348043
7.79513 0.0351193
7.79513 0.0347998
7.79513 0.0347998
7.79943 0.0994168
7.79997 0.0999541
7.8019 0.101891
7.80502 0.10501
7.80534 0.105329
7.80597 0.10596
7.80701 0.106995
7.80733 0.107314
7.80926 0.109251
7.81058 0.110572
7.81242 0.11241
7.81482 0.0347952
7.81482 0.0347952
7.81482 0.0347952
7.81517 0.0351413
7.81517 0.0348218
7.81517 0.0348218
7.81704 0.117029
7.82178 0.121766
7.82288 0.122863
7.82372 0.123711
7.82498 0.124964
7.82579 0.125781
7.83501 0.034997
7.83514 0.0348059
7.83514 0.0348059
7.83514 0.0348059
7.83545 0.0351209
7.83545 0.0348014
7.83545 0.0348014
7.83807 0.0380616
7.83989 0.139873
7.84105 0.0410334
7.84336 0.0433436
7.8438 0.0437875
7.84446 0.0444387
7.84478 0.0447539
7.84547 0.0454614
7.84676 0.0467452
7.84723 0.0472202
7.84768 0.0476465
7.84812 0.048108
7.84909 0.0490888
7.85084 0.050831
7.85331 0.0532875
7.85372 0.0537095
7.85481 0.034808
7.85481 0.034808
7.85481 0.034808
7.85513 0.0551069
7.85526 0.0352558
7.85526 0.0349363
7.85526 0.0349363
7.85574 0.155724
7.85711 0.0571021
7.85743 0.0574216
7.85775 0.0577411
7.85807 0.15806
7.85864 0.158628
7.85915 0.0591351
7.85947 0.0594546
7.85947 0.159454
7.8615 0.0614848
7.86182 0.0618043
7.86214 0.0621238
7.86258 0.0625678
7.86346 0.0634471
7.86378 0.0637744
7.8641 0.0640861
7.8647 0.0646821
7.86502 0.0649902
7.86838 0.0683728
7.8687 0.0686803
7.8687 0.0686923
7.86983 0.0698205
7.87062 0.0705943
7.87228 0.0722636
7.87381 0.0737842
7.87419 0.0741778
7.87451 0.0744973
7.87483 0.0748168
7.87515 0.0751364
7.87515 0.0751244
7.87547 0.0754559
7.87547 0.0351254
7.8756 0.0355733
7.8756 0.0355733
7.8756 0.0355733
7.8756 0.0355733
7.8756 0.0352538
7.8756 0.0352538
7.878 0.0779934
7.87832 0.0783072
7.87979 0.0797776
7.88011 0.0800971
7.88074 0.0807276
7.88131 0.081296
7.88191 0.0818954
7.8835 0.0834902
7.88391 0.083903
7.88423 0.0842225
7.88648 0.0864705
7.88845 0.0884385
7.89157 0.0915574
7.89201 0.0920013
7.89233 0.0923208
7.89482 0.0348164
7.89482 0.0348164
7.89482 0.0348164
7.89514 0.0351314
7.89514 0.0348119
7.89514 0.0348119
7.89947 0.09946
7.89998 0.0999662
7.90182 0.10181
7.90522 0.105209
7.90554 0.105528
7.90595 0.105941
7.90699 0.106976
7.90737 0.107358
7.90934 0.109326
7.91059 0.110584
7.91234 0.112328
7.91483 0.0348072
7.91483 0.0348072
7.91483 0.0348072
7.91515 0.0351223
7.91515 0.0348028
7.91515 0.0348028
7.91705 0.117042
7.92179 0.121778
7.92286 0.122844
7.92373 0.123723
7.9248 0.124789
7.9259 0.125886
7.93502 0.0350091
7.93515 0.034818
7.93515 0.034818
7.93515 0.034818
7.93546 0.035133
7.93546 0.0348135
7.93546 0.0348135
7.93808 0.0380737
7.93987 0.139854
7.94103 0.0410144
7.94337 0.0433557
7.94381 0.0437996
7.94453 0.0445174
7.94485 0.0448358
7.94545 0.0454424
7.94677 0.0467572
7.94724 0.0472323
7.94762 0.0476193
7.94829 0.0482756
7.9492 0.0491837
7.95082 0.050812
7.95332 0.0533082
7.9537 0.0536905
7.95483 0.03482
7.95483 0.03482
7.95483 0.03482
7.95514 0.0551276
7.95527 0.0352679
7.95527 0.0349484
7.95527 0.0349484
7.95584 0.15583
7.95709 0.0570831
7.95741 0.0574026
7.95773 0.0577221
7.95805 0.158041
7.95865 0.15864
7.95916 0.0591472
7.95948 0.0594667
7.95948 0.159466
7.96138 0.0613725
7.9617 0.061692
7.96202 0.0620115
7.96259 0.0625798
7.96344 0.0634281
7.96376 0.0637329
7.96408 0.0640671
7.96468 0.0646717
7.965 0.0649798
7.9684 0.0683849
7.96872 0.0687011
7.96872 0.0687044
7.96981 0.0698015
7.9706 0.0705923
7.97229 0.0722756
7.97348 0.0734627
7.97433 0.0743143
7.97464 0.0746338
7.97464 0.0746338
7.97496 0.0749533
7.97496 0.07495
7.97509 0.0350708
7.97509 0.0350708
7.97509 0.0350708
7.97541 0.0754012
7.97554 0.0355187
7.97554 0.0351991
7.97554 0.0351991
7.97801 0.078001
7.97833 0.0783148
7.9798 0.0797852
7.98012 0.0801047
7.98075 0.0807352
7.98128 0.0812725
7.98185 0.0818408
7.98351 0.0834978
7.98392 0.0839106
7.98424 0.0842301
7.98646 0.086447
7.98855 0.0885394
7.99164 0.0916272
7.99205 0.09204
7.99237 0.0923595
7.9948 0.0347929
7.9948 0.0347929
7.9948 0.0347929
7.99515 0.035139
7.99515 0.0348195
7.99515 0.0348195
7.99945 0.0994365
7.99992 0.0999115
8.0017 0.101693
8.00514 0.105126
8.00546 0.105446
8.00596 0.105952
8.007 0.106987
8.00732 0.107307
8.00925 0.109243
8.0106 0.110595
8.01235 0.11234
8.01484 0.0348185
8.01484 0.0348185
8.01484 0.0348185
8.01516 0.0351335
8.01516 0.034814
8.01516 0.034814
8.01703 0.117022
8.0218 0.121789
8.02287 0.122855
8.02371 0.123703
8.02497 0.124956
8.02585 0.125835
8.035 0.0349892
8.03544 0.0347896
8.03544 0.0347896
8.03809 0.0380809
8.03987 0.139861
8.04103 0.0410216
8.04337 0.0433629
8.04388 0.043869
8.04442 0.0444024
8.04474 0.0447283
8.04546 0.0454496
8.04677 0.0467645
8.04725 0.0472395
8.0476 0.0475986
8.04851 0.0485006
8.0506 0.0505801
8.05092 0.0509125
8.05329 0.053293
8.05368 0.0536666
8.05499 0.054984
8.05512 0.0351157
8.05512 0.0351157
8.05512 0.0351157
8.05512 0.0351157
8.05512 0.0347962
8.05512 0.0347962
8.05525 0.0349246
8.05575 0.155744
8.0571 0.0570903
8.05742 0.0574098
8.05774 0.0577293
8.05806 0.158048
8.05866 0.158647
8.05907 0.0590611
8.05939 0.0593806
8.05939 0.15938
8.0612 0.0611931
8.06162 0.0616059
8.06197 0.0619565
8.0626 0.0625871
8.06326 0.0632426
8.06358 0.0635682
8.06358 0.0635682
8.06468 0.064648
8.06499 0.0649872
8.06836 0.0683525
8.06868 0.0686774
8.069 0.0689915
8.06982 0.0698087
8.07088 0.0708655
8.07245 0.0724384
8.07392 0.0738914
8.07427 0.0742594
8.07459 0.0745789
8.07491 0.0748984
8.07491 0.0749037
8.07491 0.0748984
8.07504 0.0350158
8.07504 0.0350158
8.07504 0.0350158
8.07517 0.0351442
8.07517 0.0348247
8.07517 0.0348247
8.07548 0.0754747
8.07801 0.0780083
8.07833 0.0783221
8.0798 0.0797924
8.08012 0.0801119
8.08078 0.0807736
8.08129 0.0812797
8.08167 0.0816614
8.08348 0.0834739
8.0839 0.0838867
8.08422 0.0842062
8.08653 0.0865164
8.0884 0.0883911
8.0918 0.0917899
8.09212 0.0921094
8.09244 0.0924289
8.09481 0.0348001
8.09481 0.0348001
8.09481 0.0348001
8.09512 0.0351151
8.09512 0.0347956
8.09512 0.0347956
8.09948 0.0994748
8.09993 0.0999188
8.10168 0.101669
8.10505 0.105037
8.1054 0.105387
8.10597 0.105956
8.10703 0.107022
8.10735 0.107341
8.10926 0.109247
8.11057 0.110568
8.11235 0.112343
8.11481 0.034791
8.11481 0.034791
8.11481 0.034791
8.11513 0.035106
8.11513 0.0347865
8.11513 0.0347865
8.11713 0.117119
8.12177 0.121762
8.12287 0.122859
8.12359 0.123583
8.12491 0.124897
8.12585 0.125839
8.135 0.0349928
8.13513 0.0348017
8.13513 0.0348017
8.13513 0.0348017
8.13545 0.0351167
8.13545 0.0347972
8.13545 0.0347972
8.13807 0.0380574
8.13988 0.139869
8.14104 0.0410292
8.14335 0.0433394
8.14379 0.0437833
8.14417 0.0441644
8.14459 0.0445579
8.14547 0.0454572
8.14675 0.0467409
8.14723 0.047216
8.14761 0.0476041
8.14842 0.0484149
8.15052 0.0505064
8.15084 0.0508268
8.15333 0.0533092
8.15368 0.0536742
8.15481 0.0348037
8.15481 0.0348037
8.15481 0.0348037
8.15513 0.0550975
8.15525 0.0352516
8.15525 0.0349321
8.15525 0.0349321
8.15573 0.15572
8.15689 0.0568802
8.15721 0.0571997
8.15768 0.0576747
8.158 0.157993
8.15854 0.158531
8.15905 0.0590376
8.15937 0.159356
8.15937 0.0593571
8.16124 0.0612318
8.16162 0.0616135
8.16194 0.061933
8.16257 0.0625635
8.16345 0.0634429
8.16377 0.0637424
8.16409 0.0640819
8.16469 0.0646727
8.16501 0.0649808
8.16847 0.0684619
8.16879 0.0687643
8.16911 0.0691009
8.16983 0.0698248
8.1709 0.0708902
8.17228 0.0722678
8.17384 0.0738228
8.17416 0.074151
8.17448 0.0744705
8.1748 0.0747729
8.17512 0.0751095
8.17512 0.0751095
8.17544 0.075429
8.17544 0.0350985
8.17557 0.0355464
8.17557 0.0355464
8.17557 0.0355464
8.17557 0.0355464
8.17557 0.0352269
8.17557 0.0352269
8.17813 0.0781221
8.17845 0.0784359
8.17976 0.0797507
8.18008 0.0800703
8.18074 0.0807319
8.18128 0.0812691
8.1816 0.0815886
8.18341 0.0834011
8.18389 0.0838762
8.1842 0.0841957
8.18652 0.0865058
8.18855 0.0885361
8.19191 0.0919038
8.19223 0.0922233
8.19255 0.0925428
8.1948 0.0347896
8.1948 0.0347896
8.1948 0.0347896
8.19511 0.0351046
8.19511 0.0347851
8.19511 0.0347851
8.19947 0.0994643
8.19998 0.0999704
8.20182 0.101814
8.20532 0.105306
8.20563 0.105626
8.20595 0.105945
8.20699 0.10698
8.2074 0.107393
8.20931 0.109299
8.21059 0.110588
8.2124 0.112395
8.21483 0.0348115
8.21483 0.0348115
8.21483 0.0348115
8.21515 0.0351265
8.21515 0.034807
8.21515 0.034807
8.21705 0.117046
8.22179 0.121782
8.22283 0.122817
8.22374 0.123727
8.22486 0.124856
8.2259 0.125891
8.23499 0.0349822
8.23512 0.0347911
8.23512 0.0347911
8.23512 0.0347911
8.23543 0.0351061
8.23543 0.0347866
8.23543 0.0347866
8.23806 0.0380468
8.23981 0.139796
8.24103 0.0410187
8.24337 0.0433599
8.24378 0.0437727
8.24454 0.0445164
8.24486 0.0448499
8.24546 0.0454467
8.24674 0.0467304
8.24721 0.0472054
8.24766 0.0476537
8.24844 0.0484354
8.2506 0.0505702
8.25092 0.0509096
8.25332 0.0533073
8.25367 0.0536636
8.2548 0.0347932
8.2548 0.0347932
8.2548 0.0347932
8.25521 0.0551889
8.25534 0.0353344
8.25534 0.0350149
8.25534 0.0350149
8.25575 0.155741
8.2571 0.0570873
8.25742 0.0574068
8.25789 0.157881
8.25821 0.0582014
8.25865 0.158644
8.2591 0.159088
8.25942 0.0594087
8.25942 0.0594087
8.2612 0.0611901
8.26161 0.0616029
8.26196 0.0619535
8.26256 0.062553
8.26344 0.0634324
8.26376 0.0637404
8.26408 0.0640714
8.26468 0.0646708
8.265 0.0649789
8.26837 0.068358
8.26869 0.068669
8.26901 0.068997
8.26982 0.0698142
8.27098 0.0709816
8.27227 0.0722573
8.27383 0.0738209
8.27418 0.0741715
8.2745 0.074491
8.27482 0.0748021
8.27514 0.0751301
8.27514 0.0751301
8.27546 0.0754496
8.27546 0.0351191
8.27559 0.035567
8.27559 0.035567
8.27559 0.035567
8.27559 0.035567
8.27559 0.0352475
8.27559 0.0352475
8.27811 0.0781116
8.27843 0.0784254
8.2799 0.0798957
8.28022 0.0802152
8.28082 0.0808147
8.2813 0.0812897
8.28165 0.0816403
8.28334 0.0833284
8.28391 0.0838967
8.28422 0.0842162
8.28644 0.0864331
8.28813 0.0881212
8.29187 0.0918621
8.29219 0.0921816
8.29251 0.0925011
8.29482 0.0348101
8.29482 0.0348101
8.29482 0.0348101
8.29513 0.0351251
8.29513 0.0348056
8.29513 0.0348056
8.29937 0.0993604
8.29994 0.0999288
8.30181 0.101803
8.30512 0.105109
8.30544 0.105428
8.30594 0.105935
8.30695 0.106938
8.30727 0.107258
8.30936 0.10935
8.3107 0.110702
8.31239 0.112384
8.31482 0.034801
8.31482 0.034801
8.31482 0.034801
8.31514 0.035116
8.31514 0.0347965
8.31514 0.0347965
8.31704 0.117035
8.32178 0.121772
8.32288 0.122869
8.3236 0.123593
8.32492 0.124907
8.32589 0.12588
8.33501 0.0350028
8.33514 0.0348117
8.33514 0.0348117
8.33514 0.0348117
8.33545 0.0351267
8.33545 0.0348072
8.33545 0.0348072
8.33807 0.0380674
8.33983 0.139817
8.34102 0.0410081
8.34336 0.0433494
8.3438 0.0437933
8.34443 0.0444298
8.34475 0.0447407
8.34544 0.0454361
8.34676 0.0467509
8.3472 0.0471949
8.34758 0.047584
8.34853 0.0485182
8.35059 0.0505717
8.35091 0.050899
8.35331 0.0533054
8.35366 0.0536531
8.35478 0.0347826
8.35478 0.0347826
8.35478 0.0347826
8.3551 0.0550937
8.35523 0.0352305
8.35523 0.034911
8.35523 0.034911
8.35574 0.15573
8.35708 0.0570768
8.3574 0.0573963
8.35772 0.0577158
8.35804 0.158034
8.35864 0.158634
8.35896 0.0589542
8.35928 0.0592737
8.35928 0.159273
8.36122 0.0612107
8.3616 0.0615924
8.36192 0.0619119
8.36258 0.0625735
8.36343 0.0634218
8.36375 0.0637385
8.36407 0.0640608
8.36467 0.0646378
8.36499 0.064977
8.36839 0.0683786
8.36871 0.0686982
8.36903 0.0690176
8.36981 0.0698037
8.37088 0.0708553
8.37225 0.0722467
8.37391 0.0738812
8.37426 0.0742543
8.37458 0.0745738
8.3749 0.0748935
8.3749 0.0748933
8.3749 0.0748933
8.37503 0.0350107
8.37503 0.0350107
8.37503 0.0350107
8.37535 0.0753412
8.37548 0.0354586
8.37548 0.0351391
8.37548 0.0351391
8.37813 0.0781276
8.37845 0.0784414
8.37976 0.0797562
8.38008 0.0800758
8.38078 0.0807685
8.38131 0.0813057
8.38163 0.0816252
8.38348 0.0834688
8.38389 0.0838817
8.38421 0.0842012
8.38643 0.086418
8.38814 0.0881372
8.39192 0.0919093
8.39224 0.0922288
8.39256 0.0925483
8.3948 0.0347951
8.3948 0.0347951
8.3948 0.0347951
8.39511 0.0351101
8.39511 0.0347906
8.39511 0.0347906
8.39938 0.0993765
8.39995 0.0999448
8.4018 0.101788
8.40507 0.105063
8.40539 0.105382
8.40593 0.10592
8.40696 0.106954
8.40741 0.107398
8.40925 0.109242
8.4106 0.110594
8.41241 0.1124
8.41481 0.0347859
8.41481 0.0347859
8.41481 0.0347859
8.41512 0.0351009
8.41512 0.0347814
8.41512 0.0347814
8.41718 0.117176
8.42176 0.121756
8.42283 0.122822
8.42358 0.123577
8.42506 0.125048
8.4259 0.125896
8.43499 0.0349877
8.43512 0.0347966
8.43512 0.0347966
8.43512 0.0347966
8.43544 0.0351116
8.43544 0.0347921
8.43544 0.0347921
8.43806 0.0380523
8.43981 0.139802
8.44103 0.0410242
8.44334 0.0433343
8.44378 0.0437782
8.44445 0.044418
8.44477 0.0447654
8.44546 0.0454522
8.4464 0.0463937
8.44722 0.0472109
8.4476 0.0475966
8.44845 0.0484409
8.45051 0.0505066
8.45083 0.0508217
8.45333 0.053299
8.45368 0.0536691
8.4548 0.0347987
8.4548 0.0347987
8.4548 0.0347987
8.45512 0.0551184
8.45525 0.0352466
8.45525 0.0349271
8.45525 0.0349271
8.45578 0.155777
8.45707 0.0570617
8.45739 0.0573812
8.45771 0.0577007
8.45803 0.158019
8.45866 0.15865
8.45898 0.0589703
8.4593 0.159289
8.4593 0.0592898
8.46123 0.0612267
8.46162 0.0616084
8.46193 0.0619279
8.46257 0.0625585
8.46344 0.0634379
8.46386 0.0638565
8.46418 0.0641702
8.46468 0.0646625
8.465 0.0650017
8.46837 0.0683635
8.46869 0.0686607
8.46901 0.0690025
8.46983 0.0698197
8.47086 0.0708489
8.4723 0.0722939
8.47383 0.0738126
8.47431 0.0743015
8.47463 0.074621
8.47495 0.0749181
8.47495 0.0749405
8.47495 0.0749405
8.47508 0.0350579
8.47508 0.0350579
8.47508 0.0350579
8.4754 0.0753884
8.47552 0.0355058
8.47552 0.0351863
8.47552 0.0351863
8.47811 0.0781126
8.47843 0.0784264
8.47997 0.0799589
8.48029 0.0802784
8.48095 0.0809401
8.48142 0.0814151
8.48174 0.0817346
8.48346 0.0834538
8.48394 0.0839288
8.48426 0.0842483
8.48641 0.086403
8.48813 0.0881222
8.49162 0.0916143
8.49203 0.0920271
8.49235 0.0923466
8.49481 0.0348111
8.49481 0.0348111
8.49481 0.0348111
8.49513 0.0351261
8.49513 0.0348066
8.49513 0.0348066
8.49946 0.0994547
8.49997 0.0999609
8.50181 0.101804
8.50481 0.104799
8.50516 0.10515
8.50594 0.105936
8.50698 0.10697
8.50742 0.107414
8.50923 0.109227
8.5108 0.110796
8.51239 0.112385
8.51482 0.034802
8.51482 0.034802
8.51482 0.034802
8.51514 0.035117
8.51514 0.0347975
8.51514 0.0347975
8.51704 0.117036
8.52178 0.121773
8.52285 0.122839
8.5236 0.123594
8.52492 0.124908
8.52589 0.125881
8.53498 0.0349727
8.53511 0.0347816
8.53511 0.0347816
8.53511 0.0347816
8.53545 0.0351277
8.53545 0.0348082
8.53545 0.0348082
8.53807 0.0380684
8.53982 0.139818
8.54102 0.0410091
8.54336 0.0433504
8.5438 0.0437943
8.54452 0.0445017
8.54484 0.0448191
8.54544 0.0454371
8.54676 0.0467519
8.5472 0.0471959
8.54768 0.0476509
8.54853 0.0485192
8.55056 0.0505347
8.55087 0.0508689
8.55334 0.0533237
8.55369 0.0536852
8.55478 0.0347836
8.55478 0.0347836
8.55478 0.0347836
8.55513 0.055112
8.55526 0.0352626
8.55526 0.0349431
8.55526 0.0349431
8.55574 0.155731
8.55708 0.0570778
8.5574 0.0573973
8.55791 0.0579034
8.55823 0.158222
8.55864 0.158635
8.55912 0.15911
8.55944 0.0594303
8.55944 0.0594303
8.56128 0.0612739
8.5616 0.0615934
8.56192 0.0619129
8.56258 0.0625745
8.56343 0.0634228
8.56375 0.0637257
8.56407 0.0640618
8.56467 0.0646561
8.56499 0.0649642
8.56839 0.0683796
8.5687 0.0686854
8.56902 0.0690186
8.56981 0.0698047
8.57094 0.0709358
8.57225 0.0722477
8.57385 0.0738373
8.5742 0.0741931
8.57452 0.0745126
8.57484 0.0748184
8.57484 0.0748321
8.57484 0.0748321
8.57497 0.0349495
8.57497 0.0349495
8.57497 0.0349495
8.57532 0.0753111
8.57545 0.0354285
8.57545 0.035109
8.57545 0.035109
8.57813 0.0781286
8.57845 0.0784424
8.57989 0.0798817
8.58021 0.0802012
8.58084 0.0808317
8.58128 0.0812756
8.58166 0.0816574
8.58335 0.0833454
8.58392 0.0839138
8.58424 0.0842333
8.58646 0.0864501
8.58839 0.088387
8.59185 0.0918481
8.59217 0.0921676
8.59249 0.0924871
8.5948 0.0347961
8.5948 0.0347961
8.5948 0.0347961
8.59511 0.0351111
8.59511 0.0347916
8.59511 0.0347916
8.59938 0.0993775
8.59995 0.0999458
8.6018 0.101789
8.60526 0.10525
8.60561 0.105601
8.60605 0.106045
8.60702 0.107018
8.60741 0.107399
8.60934 0.109336
8.61066 0.110657
8.61235 0.112339
8.61481 0.0347869
8.61481 0.0347869
8.61481 0.0347869
8.61512 0.0351019
8.61512 0.0347824
8.61512 0.0347824
8.61703 0.117021
8.62179 0.121789
8.62289 0.122886
8.62358 0.123578
8.6249 0.124893
8.6259 0.125897
8.63499 0.0349887
8.63512 0.0347976
8.63512 0.0347976
8.63512 0.0347976
8.63544 0.0351126
8.63544 0.0347931
8.63544 0.0347931
8.63806 0.0380533
8.63981 0.139803
8.64103 0.0410252
8.64334 0.0433353
8.64378 0.0437792
8.64454 0.0445264
8.64523 0.0452117
8.64555 0.0455465
8.64677 0.046768
8.64722 0.0472119
8.6476 0.0475716
8.64854 0.0485352
8.65057 0.0505629
8.65089 0.0508849
8.65332 0.0533173
8.65368 0.0536701
8.65483 0.0347997
8.65483 0.0347997
8.65483 0.0347997
8.65515 0.0551367
8.65528 0.0352476
8.65528 0.0349281
8.65528 0.0349281
8.65575 0.155747
8.65707 0.0570627
8.65739 0.0573822
8.65771 0.0577017
8.65803 0.15802
8.65847 0.158464
8.65904 0.0590335
8.65936 0.059353
8.65936 0.159352
8.66126 0.0612588
8.66161 0.0616094
8.66193 0.0619289
8.66256 0.0625595
8.66344 0.0634389
8.66376 0.0637504
8.66408 0.0640779
8.66474 0.064743
8.66506 0.0650511
8.6684 0.0683956
8.66872 0.0687101
8.66904 0.0690346
8.66983 0.0698207
8.67089 0.0708672
8.67239 0.0723882
8.67383 0.0738309
8.67415 0.0741469
8.67447 0.0744664
8.67479 0.0747809
8.67511 0.0751055
8.67511 0.0751055
8.67543 0.075425
8.67543 0.0350945
8.67556 0.0355424
8.67556 0.0355424
8.67556 0.0355424
8.67556 0.0355424
8.67556 0.0352229
8.67556 0.0352229
8.67802 0.0779936
8.67834 0.0783385
8.67975 0.0797467
8.68007 0.0800662
8.68083 0.0808212
8.6813 0.0812962
8.68165 0.0816468
8.68346 0.0834593
8.68391 0.0839032
8.68423 0.0842227
8.68648 0.0864707
8.68838 0.0883765
8.69153 0.0915265
8.69201 0.0920015
8.69233 0.092321
8.69479 0.0347855
8.69479 0.0347855
8.69479 0.0347855
8.69513 0.0351316
8.69513 0.0348121
8.69513 0.0348121
8.69937 0.0993669
8.69991 0.0999041
8.70166 0.101654
8.70524 0.10524
8.70563 0.105622
8.70595 0.105941
8.70701 0.107007
8.70736 0.107358
8.7093 0.109295
8.71058 0.110553
8.71236 0.11236
8.71483 0.0348075
8.71483 0.0348075
8.71483 0.0348075
8.71514 0.0351225
8.71514 0.034803
8.71514 0.034803
8.71705 0.117042
8.72178 0.121778
8.72285 0.122844
8.7236 0.123599
8.72476 0.124758
8.72592 0.125918
8.73498 0.0349782
8.73511 0.0347871
8.73511 0.0347871
8.73511 0.0347871
8.73543 0.0351021
8.73543 0.0347826
8.73543 0.0347826
8.73805 0.0380428
8.7398 0.139792
8.74102 0.0410146
8.74336 0.0433559
8.7438 0.0437998
8.74459 0.0445867
8.74519 0.0451648
8.74551 0.0455048
8.74676 0.0467574
8.74721 0.0472014
8.74759 0.047584
8.74853 0.0485247
8.75053 0.0505022
8.75085 0.0508433
8.75334 0.0533153
8.75366 0.0536596
8.75501 0.0550064
8.75514 0.0351086
8.75514 0.0351086
8.75514 0.0351086
8.75514 0.0351086
8.75514 0.0347891
8.75514 0.0347891
8.75527 0.0349175
8.75574 0.155737
8.75709 0.0570833
8.75741 0.0574028
8.75773 0.0577223
8.75805 0.158041
8.75865 0.15864
8.75906 0.059054
8.75938 0.159373
8.75938 0.0593736
8.76125 0.0612483
8.7617 0.0616922
8.76202 0.0620117
8.76255 0.0625489
8.76343 0.0634283
8.76375 0.0637485
8.76407 0.0640673
8.7647 0.0646788
8.76502 0.065018
8.76839 0.0683851
8.76871 0.0687082
8.76903 0.0690241
8.76991 0.0699035
8.77088 0.0708652
8.77235 0.0723465
8.77382 0.0737978
8.77423 0.0742297
8.77455 0.0745492
8.77487 0.0748723
8.77487 0.0748687
8.77487 0.0748687
8.775 0.0349861
8.775 0.0349861
8.775 0.0349861
8.77532 0.0753166
8.77545 0.035434
8.77545 0.0351145
8.77545 0.0351145
8.77804 0.0780097
8.77836 0.0783546
8.77977 0.0797627
8.78009 0.0800822
8.78075 0.0807439
8.78129 0.0812811
8.78185 0.0818495
8.78332 0.0833198
8.78389 0.0838882
8.78421 0.0842077
8.78652 0.0865178
8.78852 0.088517
8.79176 0.0917602
8.79208 0.0920797
8.7924 0.0923993
8.7948 0.0348016
8.7948 0.0348016
8.7948 0.0348016
8.79512 0.0351166
8.79512 0.0347971
8.79512 0.0347971
8.79945 0.0994452
8.79992 0.0999202
8.8018 0.101795
8.80514 0.105132
8.80561 0.105607
8.80593 0.105926
8.807 0.106992
8.80732 0.107312
8.80925 0.109248
8.8106 0.110569
8.81241 0.112407
8.81481 0.0347924
8.81481 0.0347924
8.81481 0.0347924
8.81513 0.0351074
8.81513 0.0347879
8.81513 0.0347879
8.81703 0.117027
8.82177 0.121763
8.82286 0.12286
8.82362 0.123615
8.82484 0.124837
8.82581 0.125809
8.835 0.0349942
8.83513 0.0348031
8.83513 0.0348031
8.83513 0.0348031
8.83544 0.0351181
8.83544 0.0347986
8.83544 0.0347986
8.83806 0.0380588
8.83981 0.139808
8.84103 0.0410307
8.84334 0.0433408
8.84379 0.0437847
8.84454 0.0445181
8.8452 0.0451757
8.84552 0.0455209
8.84675 0.0467424
8.84722 0.0472174
8.84766 0.0476382
8.84848 0.0484785
8.85061 0.0505926
8.85093 0.0509215
8.85333 0.0533089
8.85371 0.0537067
8.85483 0.0348052
8.85483 0.0348052
8.85483 0.0348052
8.85515 0.0551283
8.85528 0.0352531
8.85528 0.0349336
8.85528 0.0349336
8.85573 0.155721
8.85707 0.0570682
8.85739 0.0573877
8.85771 0.0577072
8.85803 0.158026
8.85866 0.158656
8.8591 0.1591
8.85942 0.0594207
8.85942 0.0594207
8.8613 0.0612954
8.86162 0.0616149
8.86194 0.0619344
8.86257 0.062565
8.86345 0.0634444
8.86377 0.0637421
8.86409 0.0640834
8.86472 0.0647035
8.86504 0.0650116
8.86837 0.06837
8.86869 0.0686707
8.86901 0.069009
8.86983 0.0698262
8.87093 0.070921
8.87227 0.0722693
8.87384 0.0738225
8.87419 0.0741835
8.87451 0.074503
8.87483 0.0748037
8.87483 0.0748225
8.87515 0.0751421
8.87547 0.0754616
8.87547 0.0351311
8.87559 0.035579
8.87559 0.035579
8.87559 0.035579
8.87559 0.035579
8.87559 0.0352595
8.87559 0.0352595
8.87803 0.0779991
8.87835 0.078344
8.87985 0.0798455
8.88017 0.080165
8.88086 0.0808578
8.88131 0.0813017
8.88169 0.0816834
8.88347 0.0834648
8.88388 0.0838776
8.8842 0.0841971
8.8867 0.0866939
8.88851 0.0885064
8.89197 0.0919674
8.89229 0.0922869
8.89229 0.0922869
8.89478 0.0347825
8.89478 0.0347825
8.89478 0.0347825
8.89513 0.0351287
8.89513 0.0348091
8.89513 0.0348091
8.89931 0.0993017
8.89994 0.0999323
8.90181 0.101807
8.9053 0.105299
8.90562 0.105619
8.90597 0.105969
8.90698 0.106973
8.9073 0.107293
8.90936 0.109354
8.91073 0.110705
8.91236 0.112357
8.91482 0.0348045
8.91482 0.0348045
8.91482 0.0348045
8.91514 0.0351195
8.91514 0.0348
8.91514 0.0348
8.91704 0.117039
8.92178 0.121775
8.92284 0.122841
8.9236 0.123596
8.92485 0.124849
8.92589 0.125884
8.93498 0.0349752
8.93511 0.0347841
8.93511 0.0347841
8.93511 0.0347841
8.93545 0.0351302
8.93545 0.0348107
8.93545 0.0348107
8.93807 0.0380709
8.93982 0.13982
8.94101 0.0410116
8.94336 0.0433529
8.9438 0.0437968
8.94452 0.0445077
8.94518 0.0451826
8.9455 0.0455018
8.94673 0.0467234
8.9472 0.0471984
8.94768 0.0476619
8.94852 0.0485217
8.95059 0.0505546
8.95091 0.0509025
8.95331 0.0532985
8.95366 0.0536566
8.95481 0.0347862
8.95481 0.0347862
8.95481 0.0347862
8.95516 0.0551491
8.95529 0.0352652
8.95529 0.0349457
8.95529 0.0349457
8.95574 0.155734
8.95708 0.0570803
8.9574 0.0573998
8.95772 0.0577193
8.95804 0.158038
8.95864 0.158637
8.95908 0.159081
8.9594 0.0594017
8.9594 0.0594017
8.96125 0.0612453
8.9616 0.0615959
8.96192 0.0619154
8.96258 0.0625771
8.96343 0.0634253
8.96375 0.0637317
8.96407 0.0640643
8.9647 0.0646932
8.96502 0.0650013
8.96838 0.0683821
8.9687 0.0686914
8.96902 0.0690211
8.9699 0.0699005
8.97088 0.0708485
8.97225 0.0722502
8.97382 0.0738121
8.97417 0.0741645
8.97449 0.074484
8.97481 0.0747933
8.97513 0.075123
8.97513 0.075123
8.97545 0.0754425
8.97545 0.0351121
8.97557 0.0355599
8.97557 0.0355599
8.97557 0.0355599
8.97557 0.0355599
8.97557 0.0352404
8.97557 0.0352404
8.97813 0.0781045
8.97845 0.0784494
8.97977 0.0797643
8.98009 0.0800838
8.98081 0.0808076
8.98129 0.0812827
8.98167 0.0816644
8.98332 0.0833213
8.98389 0.0838897
8.98421 0.0842092
8.98646 0.0864571
8.98837 0.088363
8.99176 0.0917618
8.99208 0.0920813
8.9924 0.0924008
8.99483 0.0348031
8.99483 0.0348031
8.99483 0.0348031
8.99515 0.0351181
8.99515 0.0347986
8.99515 0.0347986
8.99939 0.0993845
9.00036 0.100357
9.00189 0.10189
9.00523 0.10523
9.00561 0.105612
9.00606 0.106056
9.007 0.106997
9.00738 0.107379
9.00935 0.109347
9.01057 0.110543
9.01235 0.11235
9.01481 0.0347977
9.01481 0.0347977
9.01481 0.0347977
9.01513 0.0351127
9.01513 0.0347932
9.01513 0.0347932
9.017 0.117001
9.02177 0.121768
9.02287 0.122865
9.02375 0.123745
9.02509 0.125091
9.02594 0.125939
9.035 0.0349995
9.03544 0.0347999
9.03544 0.0347999
9.03806 0.0380601
9.03984 0.139841
9.04103 0.0410319
9.04334 0.0433421
9.04379 0.043786
9.04451 0.0445055
9.04524 0.0452289
9.04556 0.0455532
9.04675 0.0467437
9.04722 0.0472187
9.0476 0.0476005
9.04851 0.0485109
9.05061 0.050587
9.05092 0.0509228
9.05342 0.0534208
9.05374 0.0537391
9.0548 0.0347754
9.0548 0.0347754
9.0548 0.0347754
9.05515 0.0551469
9.05528 0.0352544
9.05528 0.0349349
9.05528 0.0349349
9.05573 0.155723
9.05707 0.0570695
9.05739 0.057389
9.05771 0.0577085
9.05803 0.158027
9.0586 0.158596
9.0591 0.159102
9.05942 0.059422
9.05942 0.059422
9.06133 0.0613278
9.06165 0.0616473
9.06197 0.0619668
9.06257 0.0625663
9.06342 0.0634145
9.06374 0.0637295
9.06406 0.0640536
9.06475 0.0647418
9.06475 0.0647221
9.06836 0.0683628
9.06868 0.0686808
9.069 0.0690019
9.06982 0.069819
9.07089 0.0708689
9.07226 0.0722621
9.07386 0.0738326
9.07418 0.0741763
9.0745 0.0744959
9.07482 0.0748138
9.07482 0.0748154
9.07514 0.0751349
9.07546 0.0754544
9.07546 0.0351239
9.07558 0.0355718
9.07558 0.0355718
9.07558 0.0355718
9.07558 0.0355718
9.07558 0.0352523
9.07558 0.0352523
9.07805 0.078023
9.07837 0.078368
9.07975 0.079745
9.08007 0.0800645
9.08082 0.0808195
9.0813 0.0812945
9.08165 0.0816451
9.08346 0.0834576
9.0839 0.0839015
9.08422 0.084221
9.08647 0.086469
9.0885 0.0884992
9.09156 0.0915559
9.092 0.0919998
9.09232 0.0923193
9.09481 0.0347838
9.09481 0.0347838
9.09481 0.0347838
9.09513 0.0350988
9.09513 0.0347793
9.09513 0.0347793
9.0993 0.099303
9.09994 0.0999336
9.10178 0.101777
9.10524 0.105238
9.10559 0.105589
9.10597 0.105971
9.10695 0.106943
9.10726 0.107263
9.10933 0.109324
9.11058 0.110551
9.11236 0.112358
9.11479 0.0347747
9.11479 0.0347747
9.11479 0.0347747
9.1151 0.0350897
9.1151 0.0347702
9.1151 0.0347702
9.11704 0.11704
9.12178 0.121776
9.12281 0.122811
9.1236 0.123597
9.12482 0.124819
9.12592 0.125916
9.13498 0.0349765
9.13511 0.0347854
9.13511 0.0347854
9.13511 0.0347854
9.13542 0.0351004
9.13542 0.0347809
9.13542 0.0347809
9.13804 0.0380411
9.13982 0.139822
9.14101 0.0410129
9.14332 0.0433231
9.14377 0.043767
9.14452 0.0444952
9.14518 0.0451735
9.1455 0.0455031
9.14673 0.0467246
9.1472 0.0471997
9.14758 0.0475619
9.14846 0.0484608
9.15052 0.0505179
9.15084 0.0508416
9.15334 0.0533171
9.15372 0.0537201
9.15481 0.0347874
9.15481 0.0347874
9.15481 0.0347874
9.15513 0.0551054
9.15526 0.0352353
9.15526 0.0349158
9.15526 0.0349158
9.15574 0.155735
9.15705 0.0570505
9.15737 0.05737
9.15788 0.0578761
9.1582 0.158195
9.15855 0.158545
9.15905 0.0590524
9.15937 0.159371
9.15937 0.0593719
9.16131 0.0613088
9.16163 0.0616283
9.16198 0.0619789
9.16255 0.0625472
9.16343 0.0634266
9.16384 0.0638125
9.16416 0.0641589
9.1647 0.0646806
9.16502 0.0649887
9.16845 0.0684456
9.16877 0.0687411
9.16909 0.0690846
9.16981 0.0698085
9.17094 0.0709292
9.17235 0.0723448
9.17385 0.0738307
9.17417 0.0741658
9.17449 0.0744853
9.17481 0.0747808
9.17513 0.0751243
9.17513 0.0751243
9.17544 0.0754438
9.17544 0.0351133
9.17557 0.0355612
9.17557 0.0355612
9.17557 0.0355612
9.17557 0.0355612
9.17557 0.0352417
9.17557 0.0352417
9.17813 0.0781058
9.17845 0.0784507
9.1797 0.0797033
9.18002 0.0800228
9.18075 0.0807467
9.18128 0.0812839
9.18182 0.0818212
9.18332 0.0833226
9.18389 0.083891
9.18421 0.0842105
9.18649 0.0864895
9.18837 0.0883642
9.19183 0.0918253
9.19215 0.0921448
9.19247 0.0924643
9.1948 0.0347733
9.1948 0.0347733
9.1948 0.0347733
9.19515 0.0351194
9.19515 0.0347999
9.19515 0.0347999
9.19932 0.0993236
9.19996 0.0999541
9.2018 0.101798
9.20523 0.105228
9.20558 0.105578
9.2059 0.105898
9.20703 0.107026
9.20735 0.107345
9.20928 0.109282
9.21063 0.110603
9.21238 0.112379
9.21481 0.0347952
9.21481 0.0347952
9.21481 0.0347952
9.21512 0.0351102
9.21512 0.0347907
9.21512 0.0347907
9.21703 0.11703
9.2218 0.121797
9.22286 0.122863
9.22362 0.123618
9.22478 0.124777
9.22591 0.125905
9.23497 0.0349659
9.23509 0.0347748
9.23509 0.0347748
9.23509 0.0347748
9.23541 0.0350898
9.23541 0.0347703
9.23541 0.0347703
9.23803 0.0380305
9.23981 0.139811
9.241 0.0410024
9.24334 0.0433436
9.24385 0.0438497
9.24454 0.0445243
9.24517 0.0451578
9.24549 0.0454926
9.24671 0.0467141
9.24719 0.0471891
9.24766 0.0476426
9.24848 0.0484813
9.25061 0.0505816
9.25092 0.0509244
9.25333 0.0533152
9.25365 0.0536473
9.2548 0.0347769
9.2548 0.0347769
9.2548 0.0347769
9.25512 0.0551035
9.25525 0.0352248
9.25525 0.0349053
9.25525 0.0349053
9.25573 0.155724
9.25704 0.0570399
9.25736 0.0573594
9.25768 0.0576789
9.258 0.157998
9.25847 0.158473
9.25907 0.159072
9.25939 0.0593924
9.25939 0.0593924
9.26127 0.0612671
9.26159 0.0615866
9.26191 0.0619061
9.26254 0.0625367
9.26342 0.0634161
9.26374 0.0637172
9.26406 0.0640551
9.26437 0.0643677
9.26482 0.0648002
9.26837 0.0683728
9.26869 0.0686769
9.26901 0.0690118
9.26992 0.0699223
9.27093 0.0708962
9.27237 0.0723654
9.27384 0.0738288
9.27416 0.0741552
9.27447 0.0744747
9.27479 0.0747789
9.27511 0.0751138
9.27511 0.0751138
9.27543 0.0754333
9.27543 0.0351028
9.27556 0.0355507
9.27556 0.0355507
9.27556 0.0355507
9.27556 0.0355507
9.27556 0.0352312
9.27556 0.0352312
9.27812 0.0780952
9.27844 0.0784402
9.27972 0.0797239
9.28004 0.0800434
9.2808 0.0807984
9.2813 0.0813045
9.28162 0.081624
9.28309 0.0830943
9.28373 0.0837249
9.2842 0.0841999
9.28651 0.0865101
9.28835 0.0883537
9.29172 0.0917214
9.29207 0.092072
9.29239 0.0923915
9.29482 0.0347938
9.29482 0.0347938
9.29482 0.0347938
9.29514 0.0351088
9.29514 0.0347893
9.29514 0.0347893
9.29938 0.0993752
9.29994 0.0999436
9.3016 0.101601
9.30531 0.10531
9.30563 0.10563
9.30595 0.105949
9.30698 0.106984
9.30737 0.107366
9.30927 0.109272
9.31059 0.110561
9.31237 0.112368
9.3148 0.0347846
9.3148 0.0347846
9.3148 0.0347846
9.31511 0.0350997
9.31511 0.0347802
9.31511 0.0347802
9.31702 0.117019
9.32179 0.121786
9.32282 0.122821
9.32323 0.123234
9.32477 0.124767
9.32586 0.125864
9.33502 0.0349865
9.33515 0.0347954
9.33515 0.0347954
9.33515 0.0347954
9.33546 0.0351104
9.33546 0.0347909
9.33546 0.0347909
9.33808 0.0380511
9.33983 0.139832
9.34102 0.0409918
9.34327 0.0432397
9.3439 0.0438703
9.34453 0.0445224
9.34519 0.0451732
9.34551 0.045482
9.34673 0.0467035
9.34724 0.0472097
9.34768 0.047655
9.34835 0.0483152
9.34913 0.0491213
9.35082 0.0507894
9.35332 0.0533133
9.35373 0.053699
9.35501 0.0550043
9.35514 0.0351169
9.35514 0.0351169
9.35514 0.0351169
9.35514 0.0351169
9.35514 0.0347974
9.35514 0.0347974
9.35527 0.0349258
9.35575 0.155745
9.35709 0.0570605
9.35741 0.05738
9.35741 0.05738
9.35792 0.157916
9.35848 0.158485
9.35884 0.058805
9.35916 0.159155
9.35947 0.0594441
9.36132 0.0612877
9.36164 0.0616072
9.36202 0.0619889
9.36259 0.0625572
9.36328 0.06325
9.36369 0.0636842
9.36401 0.0639823
9.36433 0.064312
9.36471 0.0647049
9.36839 0.0683623
9.36871 0.0687061
9.36903 0.0690013
9.36966 0.0696318
9.37017 0.0701478
9.37229 0.0722615
9.37389 0.073858
9.37421 0.0741758
9.37453 0.0744953
9.37485 0.0748391
9.37485 0.0748148
9.37516 0.0751343
9.37548 0.0754538
9.37548 0.0351544
9.37561 0.0356023
9.37561 0.0356023
9.37561 0.0356023
9.37561 0.0356023
9.37561 0.0352828
9.37561 0.0352828
9.37805 0.0780225
9.37837 0.0783363
9.37974 0.0797133
9.38006 0.0800328
9.38079 0.0807567
9.38111 0.0810762
9.3818 0.081769
9.38318 0.083146
9.38371 0.0836832
9.38419 0.0841583
9.38653 0.0864995
9.3885 0.0884675
9.39187 0.0918352
9.39219 0.0921547
9.39254 0.0925054
9.39481 0.0347833
9.39481 0.0347833
9.39481 0.0347833
9.39513 0.0350983
9.39513 0.0347788
9.39513 0.0347788
9.3994 0.0993647
9.39996 0.099933
9.40168 0.101652
9.40533 0.1053
9.40565 0.105619
9.40597 0.105939
9.407 0.106974
9.40745 0.107418
9.40935 0.109323
9.41067 0.110644
9.41251 0.112482
9.41479 0.0347741
9.41479 0.0347741
9.41479 0.0347741
9.4151 0.0350891
9.4151 0.0347696
9.4151 0.0347696
9.41704 0.117008
9.42184 0.121807
9.42284 0.122811
9.42319 0.123161
9.42479 0.124756
9.42591 0.125884
9.43501 0.0349759
9.43513 0.0347848
9.43513 0.0347848
9.43513 0.0347848
9.43545 0.0350998
9.43545 0.0347803
9.43545 0.0347803
9.43807 0.0380405
9.43985 0.139821
9.44104 0.0410123
9.44326 0.0432292
9.4438 0.0437664
9.44458 0.0445516
9.44518 0.0451574
9.4455 0.0454714
9.44675 0.0467241
9.44723 0.0471991
9.44761 0.0475938
9.44818 0.0481492
9.44921 0.0491935
9.45081 0.0507788
9.45349 0.0534669
9.45381 0.0537817
9.45481 0.0347869
9.45481 0.0347869
9.45481 0.0347869
9.45513 0.0550997
9.45526 0.0352348
9.45526 0.0349153
9.45526 0.0349153
9.45576 0.155734
9.45708 0.0570499
9.4574 0.0573694
9.45772 0.0576889
9.45804 0.158008
9.45861 0.158576
9.45893 0.0588963
9.45925 0.159215
9.45925 0.0592158
9.46128 0.061246
9.46163 0.0615966
9.46204 0.0620094
9.46258 0.0625467
9.46346 0.063426
9.46378 0.0637445
9.46378 0.0637456
9.46434 0.0643412
9.46476 0.0647257
9.4684 0.0683743
9.46872 0.0686957
9.46904 0.0690134
9.46958 0.0695506
9.47027 0.0702703
9.47227 0.0722425
9.47399 0.073972
9.47431 0.0742812
9.47463 0.0746007
9.47495 0.0749221
9.47495 0.0749202
9.47527 0.0752397
9.47559 0.0755592
9.47559 0.0352598
9.47572 0.0357077
9.47572 0.0357077
9.47572 0.0357077
9.47572 0.0357077
9.47572 0.0353882
9.47572 0.0353882
9.47806 0.0780346
9.47838 0.0783484
9.47976 0.0797254
9.48007 0.0800449
9.4808 0.0807688
9.48134 0.081306
9.48166 0.0816255
9.48309 0.0830648
9.48379 0.0837575
9.48417 0.0841392
9.48654 0.0865116
9.48838 0.0883552
9.49185 0.0918162
9.49217 0.0921357
9.49248 0.0924552
9.49482 0.0347953
9.49482 0.0347953
9.49482 0.0347953
9.49514 0.0351103
9.49514 0.0347908
9.49514 0.0347908
9.49931 0.0992834
9.49997 0.0999451
9.50179 0.101758
9.50531 0.105281
9.50563 0.1056
9.50601 0.105982
9.50702 0.106986
9.5074 0.107368
9.50937 0.109336
9.51062 0.110594
9.5124 0.11237
9.5148 0.0347862
9.5148 0.0347862
9.5148 0.0347862
9.51511 0.0351012
9.51511 0.0347817
9.51511 0.0347817
9.51699 0.116958
9.52182 0.121788
9.52288 0.122854
9.52376 0.123733
9.5248 0.124768
9.52589 0.125865
9.53502 0.034988
9.53515 0.0347969
9.53515 0.0347969
9.53515 0.0347969
9.53546 0.0351119
9.53546 0.0347924
9.53546 0.0347924
9.53808 0.0380526
9.53993 0.139895
9.54102 0.0409933
9.54327 0.0432413
9.54381 0.0437785
9.54453 0.0445101
9.54522 0.0451954
9.54554 0.0455146
9.5467 0.0466739
9.54724 0.0472112
9.54768 0.0476533
9.54819 0.0481612
9.54916 0.0491329
9.55082 0.0507909
9.55335 0.0533321
9.55367 0.0536383
9.55482 0.034799
9.55482 0.034799
9.55482 0.034799
9.55514 0.0551204
9.55527 0.0352468
9.55527 0.0349273
9.55527 0.0349273
9.55581 0.155777
9.55709 0.057062
9.55741 0.0573815
9.55773 0.057701
9.55805 0.15802
9.55856 0.158526
9.55888 0.0588461
9.55919 0.159165
9.55919 0.0591656
9.56132 0.0612892
9.56164 0.0616087
9.56202 0.0619904
9.56256 0.0625276
9.56344 0.063407
9.56376 0.0637341
9.56407 0.064046
9.56446 0.0644411
9.56478 0.0647549
9.56839 0.0683743
9.56871 0.0686833
9.56903 0.0690028
9.56957 0.06954
9.57067 0.0706501
9.57211 0.0720764
9.57386 0.0738457
9.57418 0.0741462
9.57449 0.0744657
9.57481 0.0747957
9.57513 0.0751047
9.57513 0.0751047
9.57545 0.0754242
9.57545 0.0351248
9.57558 0.0355727
9.57558 0.0355727
9.57558 0.0355727
9.57558 0.0355727
9.57558 0.0352532
9.57558 0.0352532
9.57805 0.078024
9.57837 0.0783378
9.57974 0.0797148
9.58006 0.0800344
9.58079 0.0807582
9.58132 0.0812954
9.58164 0.081615
9.58308 0.0830542
9.5839 0.0838714
9.58422 0.0841909
9.58653 0.086501
9.58837 0.0883446
9.59187 0.0918368
9.59219 0.0921563
9.5925 0.0924758
9.59481 0.0347848
9.59481 0.0347848
9.59481 0.0347848
9.59513 0.0350998
9.59513 0.0347803
9.59513 0.0347803
9.5994 0.0993662
9.59996 0.0999345
9.60168 0.101654
9.60527 0.105239
9.60559 0.105559
9.60594 0.105909
9.60704 0.107006
9.60742 0.107388
9.60932 0.109294
9.61067 0.110646
9.61242 0.11239
9.61479 0.0347756
9.61479 0.0347756
9.61479 0.0347756
9.6151 0.0350906
9.6151 0.0347711
9.6151 0.0347711
9.61707 0.117041
9.62184 0.121808
9.62284 0.122812
9.62378 0.123754
9.62491 0.124882
9.62591 0.125886
9.63501 0.0349774
9.63513 0.0347863
9.63513 0.0347863
9.63513 0.0347863
9.63545 0.0351013
9.63545 0.0347818
9.63545 0.0347818
9.63807 0.038042
9.63985 0.139823
9.64104 0.0410139
9.64335 0.043324
9.6438 0.0437679
9.64452 0.0445082
9.64515 0.0451486
9.64547 0.0454419
9.64675 0.0467256
9.64723 0.0472006
9.64761 0.0475928
9.64815 0.0481196
9.64887 0.0488629
9.65081 0.0507803
9.65334 0.0533302
9.65381 0.0537833
9.65481 0.0347884
9.65481 0.0347884
9.65481 0.0347884
9.65513 0.0551185
9.65526 0.0352363
9.65526 0.0349168
9.65526 0.0349168
9.65592 0.155891
9.65711 0.0570825
9.65743 0.057402
9.65781 0.0577838
9.65813 0.158102
9.65854 0.158515
9.65886 0.0588356
9.65918 0.159154
9.65918 0.0591551
9.66124 0.0612164
9.66163 0.0615981
9.66201 0.0619799
9.66258 0.0625482
9.66346 0.0634276
9.66378 0.0637633
9.66378 0.0637471
9.66462 0.0645947
9.66494 0.0649311
9.66837 0.0683724
9.66869 0.0686643
9.66901 0.0689838
9.66961 0.0695832
9.67068 0.0706482
9.67227 0.072244
9.67352 0.0735243
9.67409 0.074065
9.67441 0.0743845
9.67473 0.0747232
9.67505 0.0750235
9.67505 0.0750235
9.67537 0.075343
9.67537 0.0350436
9.6755 0.0354915
9.6755 0.0354915
9.6755 0.0354915
9.6755 0.0354915
9.6755 0.035172
9.6755 0.035172
9.67803 0.078005
9.67835 0.0783188
9.67975 0.0797269
9.68007 0.0800464
9.68077 0.0807392
9.6813 0.0812764
9.68162 0.0815959
9.68319 0.0831596
9.68397 0.0839457
9.68429 0.0842652
9.68648 0.0864509
9.68838 0.0883567
9.69191 0.0918799
9.69223 0.0921995
9.69255 0.092519
9.69482 0.0347968
9.69482 0.0347968
9.69482 0.0347968
9.69514 0.0351119
9.69514 0.0347924
9.69514 0.0347924
9.69941 0.0993783
9.70025 0.100227
9.70166 0.101635
9.70534 0.105313
9.70566 0.105633
9.70598 0.105952
9.70702 0.106987
9.7074 0.107369
9.7093 0.109275
9.71071 0.110689
9.7124 0.112371
9.7148 0.0347877
9.7148 0.0347877
9.7148 0.0347877
9.71511 0.0351027
9.71511 0.0347832
9.71511 0.0347832
9.71708 0.117053
9.72191 0.121883
9.72288 0.122855
9.7237 0.123673
9.72502 0.124987
9.72589 0.125867
9.73502 0.0349895
9.73515 0.0347984
9.73515 0.0347984
9.73515 0.0347984
9.73546 0.0351134
9.73546 0.0347939
9.73546 0.0347939
9.73808 0.0380541
9.73986 0.139835
9.74099 0.0409637
9.74336 0.0433361
9.74381 0.04378
9.74459 0.0445911
9.74516 0.0451555
9.74548 0.0454539
9.74676 0.0467377
9.74724 0.0472127
9.74768 0.0476681
9.74819 0.0481627
9.74885 0.0488334
9.75082 0.0507924
9.75335 0.0533198
9.75367 0.0536398
9.75498 0.0549797
9.75511 0.0350889
9.75511 0.0350889
9.75511 0.0350889
9.75524 0.0352173
9.75524 0.0348978
9.75524 0.0348978
9.75578 0.155748
9.75709 0.0570635
9.75741 0.057383
9.75773 0.0577025
9.75805 0.158021
9.75856 0.158527
9.75887 0.0588477
9.75919 0.159166
9.75919 0.0591672
9.76132 0.0612907
9.76164 0.0616102
9.76196 0.0619297
9.76256 0.0625292
9.76344 0.0634085
9.76376 0.0637529
9.76376 0.0637281
9.76445 0.0644372
9.76477 0.0647652
9.76838 0.0683705
9.7687 0.0686764
9.76902 0.0689959
9.76959 0.0695642
9.77094 0.0709262
9.77228 0.0722561
9.77369 0.0736779
9.7741 0.074077
9.77442 0.0743965
9.77442 0.0743965
9.77474 0.0747128
9.77506 0.0750356
9.77538 0.0753551
9.77538 0.0350557
9.77551 0.0355036
9.77551 0.0355036
9.77551 0.0355036
9.77551 0.0355036
9.77551 0.0351841
9.77551 0.0351841
9.77804 0.0780171
9.77836 0.0783309
9.77974 0.0797079
9.78005 0.0800274
9.78078 0.0807513
9.78135 0.0813196
9.78167 0.0816391
9.78311 0.0830784
9.78392 0.0838955
9.78424 0.084215
9.78658 0.0865563
9.7884 0.0883688
9.79195 0.0919231
9.79227 0.0922426
9.79259 0.0925621
9.7948 0.0347778
9.7948 0.0347778
9.7948 0.0347778
9.79512 0.0350928
9.79512 0.0347733
9.79512 0.0347733
9.79939 0.0993592
9.80002 0.0999898
9.80171 0.101678
9.8052 0.10517
9.80564 0.105614
9.80605 0.106027
9.80703 0.106999
9.80741 0.107381
9.80931 0.109287
9.81063 0.110607
9.81241 0.112383
9.81481 0.0347998
9.81481 0.0347998
9.81481 0.0347998
9.81512 0.0351148
9.81512 0.0347953
9.81512 0.0347953
9.81706 0.117034
9.82183 0.121801
9.82283 0.122805
9.82365 0.123622
9.8249 0.124875
9.82591 0.125879
9.835 0.0349705
9.83513 0.0347794
9.83513 0.0347794
9.83513 0.0347794
9.83544 0.0350944
9.83544 0.0347749
9.83544 0.0347749
9.83806 0.0380351
9.83984 0.139816
9.84097 0.0409447
9.84337 0.0433482
9.84382 0.0437921
9.84454 0.0445186
9.84517 0.0451624
9.84549 0.045466
9.84678 0.0467497
9.84722 0.0471937
9.8476 0.047572
9.84817 0.0481437
9.84886 0.0488349
9.8508 0.0507734
9.85336 0.0533405
9.85368 0.0536519
9.8548 0.0347814
9.8548 0.0347814
9.8548 0.0347814
9.85512 0.0550977
9.85525 0.0352293
9.85525 0.0349098
9.85525 0.0349098
9.85576 0.155729
9.85707 0.0570445
9.85739 0.057364
9.85771 0.0576835
9.85803 0.158002
9.85854 0.158508
9.85907 0.0590464
9.85939 0.0593659
9.85939 0.159365
9.8613 0.0612717
9.86162 0.0615912
9.86197 0.0619418
9.86257 0.0625412
9.86345 0.0634206
9.86377 0.0637425
9.86409 0.0640596
9.86462 0.0645993
9.86494 0.0649188
9.8684 0.068377
9.86872 0.0686969
9.86904 0.0690164
9.86958 0.0695536
9.87089 0.0708932
9.87227 0.0722455
9.87352 0.0734978
9.87412 0.0740976
9.87444 0.0744171
9.87476 0.0747366
9.87476 0.074742
9.87508 0.0750561
9.8754 0.0753756
9.8754 0.0350762
9.87553 0.0355241
9.87553 0.0355241
9.87553 0.0355241
9.87553 0.0355241
9.87553 0.0352046
9.87553 0.0352046
9.87803 0.0780065
9.87835 0.0783203
9.87975 0.0797284
9.88007 0.080048
9.88077 0.0807407
9.88134 0.081309
9.88165 0.0816286
9.88306 0.0830367
9.88391 0.083885
9.88423 0.0842045
9.88648 0.0864524
9.88842 0.0883894
9.892 0.0919748
9.89232 0.0922943
9.89232 0.0922943
9.89481 0.0347899
9.89481 0.0347899
9.89481 0.0347899
9.89513 0.0351049
9.89513 0.0347854
9.89513 0.0347854
9.89958 0.0995579
9.90015 0.100126
9.90169 0.101659
9.90524 0.105213
9.90559 0.105564
9.90594 0.105914
9.90704 0.107011
9.90742 0.107393
9.90929 0.109268
9.91061 0.110588
9.91242 0.112395
9.91479 0.0347807
9.91479 0.0347807
9.91479 0.0347807
9.9151 0.0350958
9.9151 0.0347763
9.9151 0.0347763
9.91707 0.117046
9.92181 0.121782
9.92284 0.122817
9.92366 0.123634
9.92491 0.124887
9.92589 0.12586
9.93501 0.0349826
9.93514 0.0347915
9.93514 0.0347915
9.93514 0.0347915
9.93545 0.0351065
9.93545 0.034787
9.93545 0.034787
9.93701 0.0347825
9.93808 0.0380512
9.93986 0.139832
9.94099 0.0409608
9.94276 0.0347723
9.94336 0.0433371
9.94381 0.043781
9.94459 0.0445783
9.94519 0.0451773
9.94551 0.045486
9.94676 0.0467387
9.94689 0.0348497
9.94721 0.0471866
9.94759 0.0475772
9.94847 0.0484477
9.94885 0.0488484
9.95082 0.0507974
9.95101 0.0347942
9.95332 0.0533149
9.95374 0.053711
9.9548 0.0347756
9.9548 0.0347756
9.9548 0.0347756
9.95512 0.0551032
9.95525 0.0352235
9.95525 0.0349039
9.95525 0.0349039
9.95525 0.0349039
9.95575 0.155726
9.95707 0.0570413
9.95739 0.0573609
9.9578 0.0577737
9.95812 0.158092
9.95869 0.158661
9.95907 0.0590432
9.95939 0.159362
9.95939 0.0593627
9.95952 0.034905
9.96133 0.0613036
9.96165 0.0616231
9.96203 0.0620049
9.96257 0.0625421
9.96345 0.0634215
9.96377 0.063752
9.96377 0.063741
9.96389 0.0352312
9.96446 0.0644572
9.96478 0.0647683
9.967 0.0347771
9.9684 0.0683945
9.9684 0.0683777
9.96897 0.0689461
9.96957 0.0695455
9.97089 0.0708626
9.97111 0.0347754
9.97236 0.0723347
9.97371 0.0736974
9.97412 0.0740934
9.97444 0.0744129
9.97444 0.0744129
9.97476 0.0747464
9.97508 0.0750519
9.9754 0.0753714
9.9754 0.0350665
9.97553 0.0355144
9.97553 0.0355144
9.97553 0.0355144
9.97553 0.0355144
9.97553 0.0351949
9.97553 0.0351949
9.97805 0.0780334
9.97837 0.0783472
9.97975 0.0797243
9.98007 0.0800438
9.98076 0.0807365
9.98089 0.035015
9.98133 0.0813089
9.98165 0.0816284
9.98309 0.0830676
9.98397 0.083947
9.98429 0.0842665
9.98507 0.034773
9.98642 0.086394
9.98839 0.088362
9.98932 0.0347854
9.99195 0.0919203
9.99227 0.0922398
9.99258 0.0925593
9.99399 0.0347752
9.9948 0.0347707
9.9948 0.0347707
9.9948 0.0347707
9.99515 0.0351168
9.99515 0.0347973
9.99515 0.0347973
9.99832 0.0347928
9.99942 0.0993955
9.99999 0.0999638

