% time_sec delay_sec
0.121972 0.0219415
0.125589 0.025558
0.125908 0.0258776
0.128374 0.0283432
0.131244 0.0312133
0.131688 0.0316572
0.132971 0.0329409
0.133851 0.0338203
0.134637 0.0346064
0.135423 0.0353924
0.139008 0.0389779
0.140541 0.0405104
0.141358 0.0413276
0.142704 0.0426735
0.143024 0.042993
0.145427 0.0453965
0.145746 0.045716
0.149519 0.0494881
0.153882 0.0538511
0.155943 0.0559124
0.156418 0.0563875
0.162429 0.062399
0.168254 0.0682239
0.169165 0.0691344
0.169484 0.0694539
0.170115 0.0700845
0.171399 0.0713682
0.176508 0.0764777
0.17972 0.0796899
0.186136 0.0861058
0.186456 0.0864253
0.186775 0.0867448
0.194995 0.0949647
0.196372 0.0963418
0.19834 0.0983098
0.200339 0.100309
0.20125 0.101219
0.201569 0.101539
0.204035 0.104005
0.20451 0.10448
0.207287 0.107256
0.207606 0.107576
0.209014 0.108984
0.209583 0.109552
0.209902 0.109872
0.210222 0.110191
0.210222 0.110191
0.211537 0.111506
0.211949 0.111919
0.212767 0.112736
0.213086 0.113056
0.213086 0.113056
0.213086 0.113056
0.213437 0.113406
0.214938 0.114908
0.215258 0.115227
0.216106 0.116076
0.217172 0.117142
0.218207 0.118176
0.220299 0.120269
0.221956 0.0219491
0.222369 0.122339
0.222844 0.122814
0.223599 0.123569
0.224074 0.124044
0.225544 0.0255373
0.225864 0.0258568
0.22833 0.128299
0.228649 0.028642
0.228649 0.128619
0.228969 0.128938
0.229382 0.129351
0.231318 0.0313112
0.231731 0.0317241
0.232953 0.0329456
0.233863 0.0338561
0.234214 0.134183
0.234627 0.0346195
0.235008 0.134978
0.23539 0.0353829
0.236674 0.136643
0.238486 0.138456
0.238961 0.0389542
0.239623 0.139593
0.240533 0.0405263
0.241164 0.141134
0.241484 0.0414764
0.242239 0.142208
0.242682 0.0426752
0.243002 0.0429948
0.243321 0.143291
0.243641 0.14361
0.244178 0.144148
0.2454 0.0453925
0.245719 0.045712
0.249491 0.0494841
0.250868 0.150838
0.252152 0.152122
0.253871 0.053864
0.254564 0.154534
0.256003 0.0559961
0.256323 0.0563156
0.262396 0.0623893
0.268221 0.0682142
0.269163 0.0691558
0.269483 0.0694753
0.270082 0.0700748
0.271366 0.0713585
0.276506 0.0764991
0.279718 0.0797113
0.286103 0.0860961
0.286423 0.0864156
0.286742 0.0867351
0.294993 0.0949861
0.29637 0.0963632
0.298307 0.0983001
0.300306 0.100299
0.301217 0.10121
0.301536 0.101529
0.304002 0.103995
0.304477 0.10447
0.307285 0.107278
0.307604 0.107597
0.309013 0.109005
0.30955 0.109543
0.3099 0.109893
0.31022 0.110213
0.31022 0.110213
0.311504 0.111496
0.311948 0.11194
0.312734 0.112726
0.313053 0.113046
0.313053 0.113046
0.313373 0.113365
0.313373 0.113365
0.314905 0.114898
0.315225 0.115218
0.316073 0.116066
0.317139 0.117132
0.318174 0.118167
0.32036 0.120352
0.321954 0.0219394
0.322398 0.122391
0.322842 0.122835
0.323597 0.12359
0.324041 0.124034
0.325574 0.0255587
0.325893 0.0258782
0.328359 0.0283439
0.328678 0.128671
0.328678 0.128671
0.328998 0.128991
0.329349 0.129341
0.331285 0.0312704
0.331729 0.0317144
0.332951 0.0329359
0.33383 0.0338153
0.334181 0.134174
0.334625 0.0346098
0.335007 0.134999
0.335388 0.0353732
0.336672 0.136665
0.338609 0.138602
0.338991 0.0389756
0.339652 0.139645
0.340532 0.0405166
0.341193 0.141186
0.341513 0.0414978
0.342206 0.142198
0.342681 0.0426656
0.343 0.0429851
0.34332 0.143312
0.343639 0.143632
0.344145 0.144138
0.345398 0.0453828
0.345717 0.0457023
0.349489 0.0494744
0.350773 0.150766
0.352243 0.152236
0.353869 0.0538544
0.354562 0.154555
0.35597 0.0559553
0.356414 0.0563992
0.362395 0.0623796
0.368251 0.0682356
0.369161 0.0691461
0.369481 0.0694656
0.37008 0.0700651
0.371395 0.0713799
0.376504 0.0764894
0.379717 0.0797016
0.386133 0.0861175
0.386452 0.086437
0.386772 0.0867565
0.394991 0.0949764
0.396368 0.0963535
0.398337 0.0983215
0.400305 0.10029
0.401246 0.101231
0.401566 0.101551
0.404 0.103985
0.404475 0.10446
0.407283 0.107268
0.407603 0.107588
0.409011 0.108996
0.409579 0.109564
0.409899 0.109884
0.410218 0.110203
0.410218 0.110203
0.411502 0.111487
0.411946 0.111931
0.412763 0.112748
0.413082 0.113067
0.413082 0.113067
0.413082 0.113067
0.413433 0.113418
0.414903 0.114888
0.415223 0.115208
0.416071 0.116056
0.417168 0.117153
0.418172 0.118157
0.420296 0.120281
0.421984 0.0219608
0.422396 0.122381
0.42284 0.122825
0.423564 0.123549
0.424039 0.124024
0.425572 0.025549
0.425891 0.0258685
0.428326 0.128311
0.428645 0.0286226
0.428645 0.12863
0.428965 0.12895
0.429378 0.129363
0.431315 0.0312919
0.431728 0.0317047
0.43298 0.0329573
0.433828 0.0338056
0.434179 0.134164
0.434623 0.0346001
0.435036 0.135021
0.435417 0.0353946
0.43667 0.136655
0.438483 0.138468
0.438989 0.0389659
0.439619 0.139604
0.44053 0.0405069
0.44116 0.141145
0.44148 0.041457
0.442204 0.142189
0.442679 0.0426559
0.442998 0.0429754
0.443318 0.143303
0.443637 0.143622
0.444143 0.144128
0.445427 0.0454042
0.445747 0.0457238
0.449488 0.0494647
0.450802 0.150787
0.452211 0.152196
0.453868 0.0538447
0.454591 0.154576
0.456031 0.0560078
0.45635 0.0563273
0.462424 0.062401
0.468249 0.0682259
0.469159 0.0691364
0.469479 0.0694559
0.470109 0.0700865
0.471393 0.0713702
0.476503 0.0764797
0.479715 0.0796919
0.486131 0.0861078
0.48645 0.0864273
0.48677 0.0867468
0.49499 0.0949667
0.496367 0.0963438
0.498335 0.0983118
0.500303 0.10028
0.501244 0.101221
0.501564 0.101541
0.504029 0.104007
0.504504 0.104482
0.507281 0.107258
0.507601 0.107578
0.509009 0.108986
0.509577 0.109554
0.509928 0.109905
0.510247 0.110224
0.510247 0.110224
0.511531 0.111508
0.512099 0.112077
0.512761 0.112738
0.513081 0.113058
0.513081 0.113058
0.513081 0.113058
0.5134 0.113377
0.514901 0.114879
0.515221 0.115198
0.5161 0.116078
0.517353 0.11733
0.518201 0.118178
0.520294 0.120271
0.521982 0.0219511
0.522395 0.122372
0.522901 0.122878
0.523687 0.123664
0.524037 0.124015
0.52557 0.0255393
0.525889 0.0258588
0.528324 0.128301
0.528644 0.0286129
0.528644 0.128621
0.528963 0.12894
0.529376 0.129353
0.531251 0.0312199
0.531757 0.0317261
0.532978 0.0329476
0.533858 0.033827
0.534208 0.134185
0.534652 0.0346215
0.535034 0.135011
0.535416 0.0353849
0.53673 0.136708
0.538481 0.138458
0.538987 0.0389562
0.53968 0.139657
0.540528 0.0404972
0.54119 0.141167
0.541509 0.0414784
0.542202 0.142179
0.542708 0.0426773
0.543027 0.0429968
0.543347 0.143324
0.543666 0.143644
0.544141 0.144119
0.545425 0.0453946
0.545745 0.0457141
0.549517 0.0494861
0.550863 0.15084
0.552146 0.152124
0.553897 0.0538661
0.554558 0.154536
0.555998 0.055967
0.556348 0.0563176
0.562422 0.0623913
0.568247 0.0682163
0.569189 0.0691578
0.569508 0.0694773
0.570107 0.0700768
0.571391 0.0713605
0.576532 0.0765011
0.579744 0.0797133
0.586129 0.0860981
0.586448 0.0864176
0.586768 0.0867371
0.595019 0.0949882
0.596365 0.0963341
0.598333 0.0983021
0.600332 0.100301
0.601242 0.101212
0.601562 0.101531
0.604028 0.103997
0.604503 0.104472
0.60731 0.10728
0.60763 0.107599
0.609038 0.109007
0.609606 0.109576
0.609926 0.109895
0.610245 0.110215
0.610245 0.110215
0.611529 0.111498
0.612129 0.112098
0.612759 0.112728
0.613079 0.113048
0.613079 0.113048
0.613079 0.113048
0.613398 0.113368
0.614931 0.1149
0.61525 0.11522
0.616099 0.116068
0.617165 0.117134
0.618199 0.118169
0.620323 0.120292
0.621949 0.0219414
0.622424 0.122393
0.622899 0.122868
0.623592 0.123561
0.624067 0.124036
0.625568 0.0255607
0.625888 0.0258802
0.628322 0.128292
0.628642 0.0286343
0.628642 0.128611
0.628961 0.128931
0.629374 0.129343
0.631249 0.0312414
0.631755 0.0317475
0.632945 0.0329379
0.633856 0.0338484
0.634206 0.134176
0.634619 0.0346118
0.635001 0.13497
0.635383 0.0353753
0.636697 0.136667
0.638479 0.138448
0.638985 0.0389776
0.639647 0.139616
0.640526 0.0405186
0.641157 0.141126
0.641476 0.0414687
0.6422 0.142169
0.642675 0.0426676
0.642994 0.0429871
0.643314 0.143283
0.643633 0.143603
0.644171 0.14414
0.645392 0.0453849
0.645712 0.0457044
0.649484 0.0494764
0.650861 0.15083
0.652145 0.152114
0.653864 0.0538564
0.654588 0.154557
0.655996 0.0559884
0.656315 0.0563079
0.662389 0.0623816
0.668245 0.0682377
0.669156 0.0691481
0.669475 0.0694677
0.670074 0.0700671
0.671389 0.0713819
0.676499 0.0764915
0.679711 0.0797036
0.686127 0.0861195
0.686446 0.086439
0.686766 0.0867585
0.694986 0.0949785
0.696363 0.0963555
0.698331 0.0983235
0.700299 0.100292
0.701241 0.101233
0.70156 0.101553
0.703995 0.103987
0.704501 0.104493
0.707277 0.10727
0.707597 0.10759
0.709005 0.108998
0.709573 0.109566
0.709955 0.109948
0.710275 0.110267
0.710275 0.110267
0.711496 0.111489
0.71194 0.111933
0.712757 0.11275
0.713077 0.113069
0.713077 0.113069
0.713396 0.113389
0.713396 0.113389
0.714898 0.11489
0.715217 0.11521
0.716128 0.11612
0.717132 0.117124
0.718166 0.118159
0.720383 0.120376
0.721978 0.0219629
0.722484 0.122477
0.722897 0.12289
0.723621 0.123613
0.724096 0.124089
0.725566 0.025551
0.725886 0.0258706
0.72832 0.128313
0.72864 0.0286246
0.72864 0.128632
0.728959 0.128952
0.729372 0.129365
0.731309 0.0312939
0.731722 0.0317067
0.732975 0.0329593
0.733823 0.0338076
0.734173 0.134166
0.734617 0.0346021
0.73503 0.135023
0.735412 0.0353967
0.736665 0.136657
0.738477 0.13847
0.738983 0.0389679
0.739614 0.139606
0.740524 0.040509
0.741155 0.141147
0.741474 0.041459
0.74226 0.142253
0.742673 0.0426579
0.742993 0.0429774
0.743312 0.143305
0.743632 0.143624
0.744138 0.14413
0.745421 0.0454063
0.745741 0.0457258
0.749482 0.0494667
0.750828 0.15082
0.752236 0.152229
0.753862 0.0538467
0.754555 0.154547
0.755963 0.0559476
0.756313 0.0562982
0.762418 0.0624031
0.768243 0.068228
0.769154 0.0691385
0.769473 0.069458
0.770104 0.0700885
0.771387 0.0713722
0.776497 0.0764818
0.779709 0.0796939
0.786125 0.0861098
0.786445 0.0864293
0.786764 0.0867488
0.794984 0.0949688
0.796361 0.0963458
0.798329 0.0983138
0.800297 0.100282
0.801239 0.101223
0.801558 0.101543
0.804024 0.104009
0.804499 0.104484
0.807276 0.10726
0.807595 0.10758
0.809003 0.108988
0.809572 0.109556
0.809922 0.109907
0.810242 0.110226
0.810242 0.110226
0.811494 0.111479
0.811938 0.111923
0.812755 0.11274
0.813075 0.11306
0.813075 0.11306
0.813075 0.11306
0.813394 0.113379
0.814896 0.114881
0.815215 0.1152
0.816095 0.11608
0.81713 0.117114
0.818196 0.11818
0.820381 0.120366
0.821976 0.0219532
0.822389 0.122374
0.822895 0.12288
0.823619 0.123604
0.824063 0.124048
0.825564 0.0255414
0.825884 0.0258609
0.82835 0.0283265
0.828669 0.128654
0.828669 0.128654
0.828989 0.128973
0.82937 0.129355
0.831245 0.031222
0.831751 0.0317281
0.832973 0.0329496
0.833852 0.033829
0.834203 0.134187
0.834647 0.0346235
0.835028 0.135013
0.83541 0.035387
0.836725 0.13671
0.838631 0.138615
0.838981 0.0389582
0.839674 0.139659
0.840522 0.0404993
0.841215 0.1412
0.841535 0.0415115
0.842258 0.142243
0.842702 0.0426793
0.843022 0.0429988
0.843341 0.143326
0.843661 0.143646
0.844136 0.144121
0.84542 0.0453966
0.845739 0.0457161
0.849511 0.0494881
0.850764 0.150749
0.852265 0.15225
0.853891 0.0538681
0.854553 0.154538
0.855992 0.055969
0.856436 0.0564129
0.862416 0.0623934
0.868241 0.0682183
0.869183 0.0691599
0.869502 0.0694794
0.870102 0.0700788
0.871386 0.0713625
0.876526 0.0765032
0.879738 0.0797154
0.886123 0.0861001
0.886443 0.0864196
0.886762 0.0867392
0.895013 0.0949902
0.896359 0.0963361
0.898327 0.0983041
0.900326 0.100303
0.901237 0.101214
0.901556 0.101533
0.904022 0.103999
0.904497 0.104474
0.907305 0.107282
0.907624 0.107601
0.909001 0.108978
0.90957 0.109547
0.90992 0.109897
0.91024 0.110217
0.91024 0.110217
0.911524 0.111501
0.912123 0.1121
0.912754 0.112731
0.913073 0.11305
0.913073 0.11305
0.913073 0.11305
0.913393 0.11337
0.914925 0.114902
0.915245 0.115222
0.916093 0.11607
0.917159 0.117136
0.918194 0.118171
0.920317 0.120294
0.921974 0.0219435
0.922418 0.122395
0.922924 0.122901
0.923617 0.123594
0.924061 0.124038
0.925594 0.0255628
0.925913 0.0258823
0.928379 0.028348
0.928698 0.128675
0.928698 0.128675
0.929018 0.128995
0.929368 0.129345
0.931243 0.0312123
0.931749 0.0317184
0.932971 0.0329399
0.93385 0.0338193
0.934201 0.134178
0.934645 0.0346139
0.935026 0.135003
0.935408 0.0353773
0.936723 0.1367
0.938629 0.138606
0.939011 0.0389796
0.939672 0.139649
0.940552 0.0405207
0.941213 0.14119
0.941533 0.0415018
0.942194 0.142171
0.9427 0.0426696
0.94302 0.0429891
0.943339 0.143316
0.943659 0.143636
0.944165 0.144142
0.945418 0.0453869
0.945737 0.0457064
0.949509 0.0494785
0.950731 0.150708
0.952139 0.152116
0.953889 0.0538584
0.954613 0.15459
0.956021 0.0559904
0.956434 0.0564032
0.962415 0.0623837
0.968239 0.0682086
0.969181 0.0691502
0.969501 0.0694697
0.9701 0.0700691
0.971384 0.0713529
0.976524 0.0764935
0.979737 0.0797057
0.986152 0.0861216
0.986472 0.0864411
0.986791 0.0867606
0.995011 0.0949805
0.996388 0.0963575
0.998356 0.0983256
1.00032 0.100294
1.00123 0.101204
1.00155 0.101524
1.00402 0.103989
1.0045 0.104467
1.00731 0.107275
1.00763 0.107594
1.00903 0.109003
1.0096 0.109571
1.00992 0.10989
1.01024 0.11021
1.01024 0.11021
1.01152 0.111494
1.01212 0.112093
1.01279 0.112755
1.01311 0.113074
1.01311 0.113074
1.01311 0.113074
1.01346 0.113425
1.01493 0.114895
1.01525 0.115215
1.01609 0.116063
1.01735 0.117316
1.01819 0.118164
1.02032 0.120287
1.02198 0.0219676
1.02242 0.122388
1.02289 0.122863
1.02365 0.123618
1.02406 0.124031
1.02556 0.0255558
1.02588 0.0258753
1.02835 0.128318
1.02867 0.0286605
1.02867 0.128637
1.02899 0.128957
1.0294 0.12937
1.03134 0.0313298
1.03175 0.0317426
1.03297 0.0329641
1.03385 0.0338435
1.0342 0.134171
1.03461 0.0346069
1.03503 0.134996
1.03541 0.0354015
1.03669 0.136662
1.03851 0.138474
1.03898 0.0389727
1.03964 0.139611
1.04052 0.0405138
1.04118 0.141152
1.0415 0.0414949
1.04223 0.142195
1.04267 0.0426627
1.04299 0.0429822
1.04331 0.143278
1.04363 0.143598
1.04407 0.144042
1.04539 0.04538
1.04571 0.0456995
1.04948 0.0494715
1.05086 0.150825
1.05214 0.152109
1.05395 0.0539448
1.05461 0.154583
1.05593 0.0559213
1.05634 0.0563341
1.06198 0.0219642
1.06198 0.0219642
1.06198 0.0219642
1.0623 0.0219642
1.0623 0.0219642
1.0623 0.0222837
1.06262 0.0626114
1.06262 0.0219642
1.06294 0.0226032
1.06294 0.0222837
1.06294 0.0222837
1.06294 0.0219642
1.06326 0.0222837
1.06326 0.0222837
1.06824 0.0682355
1.06915 0.069146
1.06947 0.0694655
1.0701 0.0700961
1.07139 0.0713798
1.0765 0.0764893
1.07971 0.0797015
1.08199 0.0219697
1.08199 0.0219697
1.08199 0.0219697
1.08231 0.0219697
1.08231 0.0219697
1.08231 0.0222892
1.08263 0.0219697
1.08263 0.0222892
1.08263 0.0219697
1.08295 0.0222892
1.08295 0.0219697
1.08295 0.0219697
1.08613 0.0861202
1.08645 0.0864397
1.08677 0.0867592
1.09499 0.0949791
1.09636 0.0963561
1.0983 0.0982931
1.1003 0.100292
1.10121 0.101203
1.10153 0.101522
1.10197 0.0219526
1.10197 0.0219526
1.10197 0.0219526
1.10229 0.0219526
1.10229 0.0219526
1.10229 0.0222721
1.10261 0.0219526
1.10261 0.0222721
1.10261 0.0219526
1.10293 0.0222721
1.10293 0.0219526
1.10293 0.0219526
1.104 0.103991
1.1045 0.104497
1.10728 0.107273
1.1076 0.107593
1.10901 0.109001
1.10958 0.109569
1.1099 0.109889
1.11022 0.110208
1.11022 0.110208
1.11153 0.111523
1.11194 0.111936
1.11276 0.112753
1.11308 0.113073
1.11308 0.113073
1.1134 0.113392
1.11372 0.113712
1.11494 0.114933
1.11526 0.115253
1.11611 0.116101
1.11733 0.117323
1.11818 0.118171
1.12021 0.120201
1.12199 0.0219664
1.12212 0.0220948
1.12212 0.0220948
1.12212 0.0217753
1.12212 0.0217753
1.12212 0.0217753
1.12247 0.122462
1.1226 0.0219348
1.1226 0.0219348
1.1226 0.0222543
1.12292 0.122909
1.12305 0.0220632
1.12305 0.0223827
1.12305 0.0220632
1.12364 0.123637
1.12403 0.124019
1.12556 0.0255354
1.12588 0.0258746
1.12831 0.128306
1.12863 0.0286287
1.12863 0.128625
1.12895 0.128945
1.12933 0.129326
1.13121 0.0312047
1.13171 0.0316911
1.13297 0.0329634
1.13385 0.0338428
1.13417 0.134159
1.13461 0.0346062
1.13493 0.134922
1.1354 0.0353956
1.13669 0.136681
1.13844 0.138431
1.13898 0.038972
1.13967 0.139661
1.14055 0.0405244
1.14118 0.141171
1.1415 0.0414942
1.14178 0.0217558
1.14178 0.0217558
1.14178 0.0217558
1.14226 0.14225
1.14239 0.0220397
1.14239 0.0220397
1.14239 0.0223592
1.14271 0.042701
1.14302 0.0430008
1.14302 0.0220397
1.14334 0.143336
1.14366 0.143656
1.14379 0.0231266
1.14379 0.0234461
1.14379 0.0231266
1.14379 0.0231266
1.14379 0.0228071
1.14379 0.0228071
1.14414 0.144135
1.1454 0.0453912
1.14571 0.0457107
1.14949 0.0494859
1.15083 0.150825
1.15221 0.152202
1.15393 0.0539052
1.15456 0.154552
1.15594 0.0559325
1.15632 0.0563142
1.1618 0.0217675
1.1618 0.0217675
1.1618 0.0217675
1.16211 0.021763
1.16211 0.021763
1.16211 0.0220825
1.16243 0.062427
1.16256 0.0218914
1.16256 0.0222109
1.16256 0.0218914
1.16275 0.022082
1.16275 0.0217625
1.16275 0.0217625
1.16826 0.0682345
1.16917 0.0691704
1.16949 0.0694899
1.17009 0.0700893
1.17138 0.071373
1.17649 0.0764826
1.1797 0.0796947
1.18176 0.0217551
1.18176 0.0217551
1.18176 0.0217551
1.18207 0.0217506
1.18207 0.0217506
1.18207 0.0220701
1.18242 0.0217772
1.18242 0.0220967
1.18242 0.0217772
1.18273 0.0220922
1.18273 0.0217727
1.18273 0.0217727
1.18613 0.0861265
1.18645 0.086446
1.18677 0.0867655
1.19499 0.0949855
1.19637 0.0963428
1.1983 0.0982994
1.20036 0.100341
1.20121 0.101209
1.20153 0.101529
1.20175 0.0217511
1.20175 0.0217511
1.20175 0.0217511
1.2021 0.0217777
1.2021 0.0217777
1.2021 0.0220972
1.20242 0.0217732
1.20242 0.0220927
1.20242 0.0217732
1.20273 0.0220882
1.20273 0.0217687
1.20273 0.0217687
1.20398 0.103979
1.20449 0.104485
1.20727 0.107262
1.20759 0.107581
1.20902 0.108995
1.20966 0.109651
1.20997 0.109971
1.21029 0.11029
1.21029 0.11029
1.21145 0.11145
1.21212 0.112091
1.21275 0.112722
1.21307 0.113061
1.21307 0.113061
1.21307 0.113061
1.21338 0.113381
1.21495 0.114944
1.21527 0.115264
1.21612 0.116112
1.21718 0.117178
1.21815 0.118151
1.22028 0.120274
1.22197 0.0219607
1.22209 0.0220891
1.22209 0.0220891
1.22209 0.0217696
1.22209 0.0217696
1.22209 0.0217696
1.22241 0.12241
1.22254 0.021898
1.22254 0.021898
1.22254 0.0222175
1.22286 0.122858
1.22299 0.0220264
1.22299 0.0223459
1.22299 0.0220264
1.22359 0.123566
1.22407 0.124061
1.22554 0.0255297
1.22586 0.0258518
1.22832 0.0283175
1.22864 0.128636
1.22864 0.128636
1.22896 0.128956
1.22934 0.129337
1.23128 0.0312751
1.23166 0.0316543
1.23294 0.0329406
1.23382 0.03382
1.23417 0.13417
1.23459 0.0345834
1.23491 0.134902
1.23526 0.0352378
1.2367 0.136692
1.23857 0.138567
1.23895 0.0389492
1.23958 0.139579
1.24046 0.0404565
1.24119 0.141182
1.24151 0.0415025
1.24176 0.0217501
1.24176 0.0217501
1.24176 0.0217501
1.24217 0.142167
1.2423 0.0219718
1.2423 0.0219718
1.2423 0.0222913
1.24243 0.0217806
1.24243 0.0221001
1.24243 0.0217806
1.24275 0.0427444
1.24307 0.0430613
1.24339 0.143383
1.24339 0.143383
1.24351 0.0228676
1.24351 0.022548
1.24351 0.022548
1.24411 0.14411
1.24537 0.0453639
1.24569 0.0456834
1.2493 0.0492752
1.25087 0.150863
1.25218 0.152178
1.25378 0.0537706
1.25456 0.154558
1.25588 0.0558741
1.25635 0.0563491
1.26177 0.0217573
1.26177 0.0217573
1.26177 0.0217573
1.26208 0.0217528
1.26208 0.0217528
1.26208 0.0220723
1.2624 0.0623997
1.26253 0.0218812
1.26253 0.0222007
1.26253 0.0218812
1.26272 0.0220718
1.26272 0.0217523
1.26272 0.0217523
1.26824 0.0682072
1.26908 0.0690808
1.26943 0.0694314
1.27003 0.0700309
1.27132 0.0713146
1.27637 0.0763619
1.27961 0.0796052
1.28179 0.021776
1.28179 0.021776
1.28179 0.021776
1.2821 0.0217715
1.2821 0.0217715
1.2821 0.022091
1.28242 0.021767
1.28242 0.0220865
1.28242 0.021767
1.28273 0.022082
1.28273 0.0217625
1.28273 0.0217625
1.28607 0.0860681
1.28639 0.0863876
1.28671 0.0867071
1.2949 0.0948959
1.29618 0.0961771
1.29828 0.0982721
1.30018 0.100175
1.30112 0.101119
1.30144 0.101439
1.30179 0.021772
1.30179 0.021772
1.30179 0.021772
1.3021 0.0217675
1.3021 0.0217675
1.3021 0.022087
1.30242 0.021763
1.30242 0.0220825
1.30242 0.021763
1.30273 0.022078
1.30273 0.0217585
1.30273 0.0217585
1.30389 0.103889
1.30437 0.104365
1.30711 0.10711
1.30743 0.10743
1.3089 0.108875
1.30947 0.109468
1.30982 0.109819
1.31014 0.110138
1.31046 0.110458
1.31143 0.111431
1.31175 0.111748
1.31248 0.112471
1.3128 0.112794
1.3128 0.112794
1.31312 0.113113
1.31344 0.113433
1.31491 0.114903
1.31523 0.115222
1.31614 0.116133
1.31711 0.117106
1.31802 0.118016
1.32017 0.120171
1.32199 0.0219674
1.32211 0.0217763
1.32211 0.0217763
1.32211 0.0217763
1.32243 0.122431
1.32256 0.0219047
1.32256 0.0219047
1.32256 0.0222242
1.32288 0.122879
1.32301 0.0220331
1.32301 0.0223526
1.32301 0.0220331
1.32333 0.123324
1.32346 0.022481
1.32346 0.0221615
1.32346 0.0221615
1.32384 0.123837
1.32559 0.0255715
1.32591 0.0259076
1.32828 0.128279
1.3286 0.0285995
1.3286 0.128599
1.32892 0.128918
1.32924 0.129238
1.3313 0.0312998
1.33184 0.0318205
1.33303 0.0330275
1.33391 0.0339069
1.33423 0.134226
1.33467 0.0346703
1.33499 0.134989
1.336 0.0359673
1.3366 0.136592
1.33831 0.138311
1.33904 0.0390361
1.33948 0.139479
1.3408 0.0407819
1.34112 0.141114
1.34147 0.041465
1.34178 0.0217523
1.34178 0.0217523
1.34178 0.0217523
1.3421 0.142099
1.34223 0.0218807
1.34223 0.0218807
1.34223 0.0222002
1.34242 0.0217518
1.34242 0.0220713
1.34242 0.0217518
1.34274 0.042738
1.34287 0.0221997
1.34287 0.0218802
1.34287 0.0218802
1.34319 0.143185
1.34351 0.143505
1.34351 0.0434888
1.34392 0.143917
1.34545 0.0454508
1.34577 0.0457703
1.35026 0.0502363
1.3507 0.150701
1.35214 0.15214
1.35424 0.0542167
1.35456 0.154552
1.35631 0.0563031
1.35663 0.0566226
1.36176 0.0217595
1.36176 0.0217595
1.36176 0.0217595
1.36208 0.021755
1.36208 0.021755
1.36208 0.0220745
1.36239 0.0217505
1.36239 0.0220701
1.36239 0.0217505
1.36271 0.0627083
1.36284 0.0221984
1.36284 0.0218789
1.36284 0.0218789
1.36835 0.0683252
1.36933 0.0693232
1.36968 0.0696739
1.37021 0.0702111
1.37153 0.0715259
1.37673 0.0767288
1.37991 0.0799098
1.38178 0.0217782
1.38178 0.0217782
1.38178 0.0217782
1.3821 0.0217737
1.3821 0.0217737
1.3821 0.0220932
1.38241 0.0217692
1.38241 0.0220887
1.38241 0.0217692
1.38273 0.0220842
1.38273 0.0217647
1.38273 0.0217647
1.38631 0.0863105
1.38663 0.08663
1.38695 0.0869495
1.39523 0.0952317
1.39689 0.0968721
1.39864 0.0986389
1.40089 0.10087
1.40155 0.101549
1.4019 0.101899
1.40203 0.022023
1.40203 0.022023
1.40203 0.022023
1.40216 0.0218319
1.40216 0.0218319
1.40216 0.0221514
1.40241 0.0217652
1.40241 0.0220847
1.40241 0.0217652
1.40273 0.0220802
1.40273 0.0217607
1.40273 0.0217607
1.40438 0.104381
1.40473 0.104731
1.4077 0.107695
1.40802 0.108014
1.40936 0.109335
1.40999 0.109991
1.41031 0.11031
1.41031 0.11031
1.41063 0.11063
1.4117 0.111696
1.41301 0.112994
1.41333 0.11333
1.41365 0.11365
1.41397 0.113969
1.41397 0.113952
1.41429 0.114289
1.41529 0.115292
1.41561 0.115612
1.41665 0.116647
1.41706 0.11706
1.41863 0.118623
1.42041 0.120405
1.42197 0.0219612
1.4221 0.0217701
1.4221 0.0217701
1.4221 0.0217701
1.42241 0.0217656
1.42241 0.0217656
1.42241 0.0220851
1.4228 0.122793
1.42312 0.123113
1.42324 0.0222757
1.42324 0.0225952
1.42324 0.0222757
1.42324 0.0222757
1.42324 0.0219562
1.42324 0.0219562
1.42337 0.0220846
1.42462 0.124606
1.42494 0.124942
1.42561 0.0255964
1.42593 0.0259238
1.42817 0.128171
1.42849 0.12849
1.42849 0.0284913
1.42881 0.12881
1.42994 0.129938
1.43135 0.0313471
1.43182 0.0318142
1.43305 0.0330437
1.43392 0.0339231
1.43424 0.134242
1.43466 0.0346554
1.43519 0.135192
1.43607 0.0360579
1.43714 0.137137
1.43905 0.139043
1.43936 0.0393633
1.43993 0.139931
1.44091 0.0408833
1.44123 0.141223
1.44154 0.0415434
1.4418 0.0217771
1.4418 0.0217771
1.4418 0.0217771
1.44211 0.0217727
1.44211 0.0217727
1.44211 0.0220922
1.44243 0.0217682
1.44243 0.0220877
1.44243 0.0217682
1.44275 0.0427457
1.44307 0.143064
1.44339 0.0433768
1.44371 0.143703
1.44403 0.144023
1.44415 0.0234941
1.44415 0.0231746
1.44415 0.0231746
1.44447 0.144471
1.44548 0.0454754
1.4458 0.045795
1.45028 0.0502558
1.45063 0.150632
1.45195 0.151947
1.45423 0.054219
1.45455 0.154546
1.45624 0.0562345
1.45656 0.056554
1.46179 0.0217618
1.46179 0.0217618
1.46179 0.0217618
1.4621 0.0217573
1.4621 0.0217573
1.4621 0.0220768
1.46242 0.0217528
1.46242 0.0220723
1.46242 0.0217528
1.46273 0.062733
1.46286 0.0222007
1.46286 0.0218812
1.46286 0.0218812
1.46838 0.0683498
1.46932 0.0693168
1.46967 0.0696674
1.47033 0.0703291
1.47152 0.0715195
1.47669 0.0766912
1.4799 0.0799034
1.48178 0.0217493
1.48178 0.0217493
1.48178 0.0217493
1.48212 0.0217759
1.48212 0.0217759
1.48212 0.0220954
1.48244 0.0217714
1.48244 0.0220909
1.48244 0.0217714
1.48275 0.0220865
1.48275 0.0217669
1.48275 0.0217669
1.48637 0.0863663
1.48669 0.0866858
1.48701 0.0870053
1.49526 0.0952564
1.49688 0.0968743
1.49867 0.0986636
1.50088 0.100873
1.50154 0.101542
1.50186 0.101862
1.50199 0.0219631
1.50199 0.0219631
1.50199 0.0219631
1.50212 0.021772
1.50212 0.021772
1.50212 0.0220915
1.50243 0.0217675
1.50243 0.022087
1.50243 0.0217675
1.50275 0.0220825
1.50275 0.021763
1.50275 0.021763
1.50434 0.104343
1.50473 0.104725
1.50763 0.107626
1.50798 0.107977
1.50939 0.109359
1.50995 0.109953
1.51046 0.110459
1.51078 0.110779
1.51078 0.110779
1.51172 0.11172
1.51297 0.112965
1.51329 0.113293
1.51329 0.113293
1.51361 0.113612
1.51393 0.113932
1.51393 0.113924
1.51531 0.115309
1.51563 0.115628
1.51666 0.116663
1.51767 0.117667
1.51864 0.118639
1.52042 0.120421
1.52195 0.0219549
1.52208 0.0217638
1.52208 0.0217638
1.52208 0.0217638
1.5224 0.0217593
1.5224 0.0217593
1.5224 0.0220788
1.52278 0.122779
1.52291 0.0219499
1.52291 0.0222694
1.52291 0.0219499
1.52304 0.0220783
1.52304 0.0217588
1.52304 0.0217588
1.52339 0.123386
1.52464 0.124631
1.52496 0.124958
1.52559 0.0255901
1.52591 0.0259089
1.52838 0.0283746
1.52897 0.128973
1.52929 0.129293
1.52929 0.129293
1.52992 0.129923
1.53133 0.0313323
1.53181 0.031808
1.53303 0.0330288
1.53391 0.0339082
1.53466 0.0346632
1.53498 0.134982
1.5353 0.135301
1.53596 0.0359618
1.53712 0.137122
1.53887 0.138873
1.53919 0.0391929
1.53998 0.139978
1.54089 0.0408603
1.54146 0.0414578
1.5419 0.141901
1.54203 0.0220197
1.54203 0.0220197
1.54203 0.0220197
1.54216 0.0218286
1.54216 0.0218286
1.54216 0.0221481
1.54241 0.0217619
1.54241 0.0220814
1.54241 0.0217619
1.54273 0.14273
1.54273 0.0427308
1.54286 0.0222098
1.54286 0.0218903
1.54286 0.0218903
1.54327 0.0432728
1.54359 0.143591
1.54391 0.14391
1.54445 0.144447
1.54545 0.0454521
1.54577 0.0457716
1.55017 0.0501651
1.55126 0.151262
1.55267 0.15267
1.55424 0.0542354
1.55518 0.155175
1.55621 0.0562111
1.55653 0.0565306
1.56179 0.0217782
1.56179 0.0217782
1.56179 0.0217782
1.56211 0.0217737
1.56211 0.0217737
1.56211 0.0220932
1.56242 0.0217692
1.56242 0.0220887
1.56242 0.0217692
1.56274 0.0627407
1.56287 0.0222171
1.56287 0.0218976
1.56287 0.0218976
1.56835 0.0683265
1.56933 0.0693246
1.56964 0.0696441
1.57031 0.0703057
1.57153 0.0715273
1.5767 0.076699
1.57991 0.0799112
1.58178 0.0217657
1.58178 0.0217657
1.58178 0.0217657
1.5821 0.0217612
1.5821 0.0217612
1.5821 0.0220807
1.58241 0.0217567
1.58241 0.0220762
1.58241 0.0217567
1.58273 0.0220717
1.58273 0.0217522
1.58273 0.0217522
1.58628 0.0862808
1.5866 0.0866003
1.58695 0.0869509
1.59523 0.095233
1.59689 0.0968907
1.59867 0.0986714
1.60092 0.10092
1.60155 0.10155
1.60187 0.101869
1.602 0.0219795
1.602 0.0219795
1.602 0.0219795
1.60213 0.0217883
1.60213 0.0217883
1.60213 0.0221079
1.60241 0.0217528
1.60241 0.0220723
1.60241 0.0217528
1.60276 0.0220989
1.60276 0.0217794
1.60276 0.0217794
1.60435 0.104351
1.60473 0.104733
1.6076 0.107603
1.60799 0.107984
1.60936 0.109336
1.60993 0.10993
1.61047 0.110467
1.61079 0.110787
1.61079 0.110787
1.6117 0.111697
1.61298 0.112981
1.6133 0.1133
1.61362 0.11362
1.61394 0.113939
1.61394 0.11394
1.61394 0.113939
1.61532 0.115316
1.61564 0.115636
1.61642 0.116422
1.61764 0.117643
1.61862 0.118616
1.62043 0.120429
1.62196 0.0219402
1.62209 0.0217491
1.62209 0.0217491
1.62209 0.0217491
1.62244 0.0217757
1.62244 0.0217757
1.62244 0.0220952
1.62276 0.122755
1.62288 0.0219041
1.62288 0.0222236
1.62288 0.0219041
1.62307 0.0220947
1.62307 0.0217752
1.62307 0.0217752
1.62339 0.123394
1.62465 0.124647
1.62497 0.124966
1.6256 0.0255754
1.62592 0.0258856
1.62841 0.0283824
1.62898 0.128981
1.62898 0.128981
1.6293 0.129301
1.62993 0.129931
1.63131 0.0312778
1.63181 0.0317933
1.63307 0.0330366
1.63395 0.033916
1.6347 0.0346709
1.63502 0.135021
1.63534 0.13534
1.636 0.0359817
1.63726 0.137254
1.63894 0.138943
1.63926 0.0392318
1.63999 0.139986
1.64077 0.0407666
1.6415 0.0414656
1.64191 0.141909
1.64204 0.0220361
1.64204 0.0220361
1.64204 0.0220361
1.64217 0.021845
1.64217 0.021845
1.64217 0.0221645
1.64242 0.0217783
1.64242 0.0220978
1.64242 0.0217783
1.64277 0.0427386
1.64309 0.143088
1.64341 0.043387
1.64373 0.143727
1.64405 0.144047
1.64418 0.0235353
1.64418 0.0232158
1.64418 0.0232158
1.6445 0.144495
1.6455 0.0454683
1.64582 0.0457878
1.65028 0.0502694
1.65131 0.151309
1.65278 0.15278
1.65434 0.0543224
1.65519 0.155192
1.65629 0.0562585
1.65661 0.056578
1.66178 0.0217719
1.66178 0.0217719
1.66178 0.0217719
1.66209 0.0217674
1.66209 0.0217674
1.66209 0.0220869
1.66241 0.0217629
1.66241 0.0220824
1.66241 0.0217629
1.66273 0.0626947
1.66285 0.0222108
1.66285 0.0218913
1.66285 0.0218913
1.66837 0.0683427
1.66937 0.0693408
1.66972 0.0696914
1.67038 0.0703531
1.67157 0.0715435
1.67681 0.0767774
1.67993 0.0798963
1.68177 0.0217595
1.68177 0.0217595
1.68177 0.0217595
1.68208 0.021755
1.68208 0.021755
1.68208 0.0220745
1.6824 0.0217505
1.6824 0.02207
1.6824 0.0217505
1.68274 0.0220966
1.68274 0.0217771
1.68274 0.0217771
1.6863 0.0862659
1.68662 0.0865854
1.687 0.0869671
1.69528 0.0952492
1.69694 0.0969155
1.69869 0.0986565
1.70094 0.100914
1.70157 0.101535
1.70189 0.101855
1.70201 0.0220043
1.70201 0.0220043
1.70201 0.0220043
1.70214 0.0218132
1.70214 0.0218132
1.70214 0.0221327
1.70243 0.0217776
1.70243 0.0220971
1.70243 0.0217776
1.70274 0.0220926
1.70274 0.0217731
1.70274 0.0217731
1.70446 0.104429
1.705 0.104967
1.70765 0.107619
1.708 0.10797
1.70938 0.109352
1.70998 0.109946
1.71045 0.110421
1.71077 0.110741
1.71077 0.110741
1.71174 0.111713
1.71306 0.113037
1.71338 0.113348
1.71338 0.113348
1.7137 0.113667
1.7137 0.113667
1.71402 0.113996
1.71533 0.115301
1.71565 0.115621
1.71656 0.116531
1.71778 0.117753
1.71866 0.118632
1.72044 0.120414
1.72198 0.0219651
1.72211 0.021774
1.72211 0.021774
1.72211 0.021774
1.72242 0.0217695
1.72242 0.0217695
1.72242 0.022089
1.72277 0.12274
1.7229 0.021929
1.7229 0.0222485
1.7229 0.021929
1.72306 0.0220885
1.72306 0.021769
1.72306 0.021769
1.72341 0.123379
1.72463 0.12461
1.72495 0.12492
1.72558 0.0255692
1.7259 0.0258707
1.72843 0.0283986
1.729 0.128966
1.729 0.128966
1.72932 0.129286
1.72992 0.129885
1.73132 0.031294
1.7318 0.031787
1.73305 0.0330217
1.73396 0.0339322
1.73469 0.034656
1.73501 0.134975
1.73533 0.135294
1.73599 0.0359789
1.73724 0.137209
1.73908 0.139052
1.7394 0.0393724
1.74003 0.140002
1.74079 0.0407808
1.74148 0.0414507
1.74192 0.141894
1.74205 0.0220299
1.74205 0.0220299
1.74205 0.0220299
1.74218 0.0218388
1.74218 0.0218388
1.74218 0.0221583
1.74243 0.0217721
1.74243 0.0220916
1.74243 0.0217721
1.74275 0.0427237
1.74307 0.143042
1.74339 0.0433807
1.74371 0.143681
1.74403 0.144001
1.74416 0.023498
1.74416 0.0231785
1.74416 0.0231785
1.74448 0.144449
1.74548 0.0454534
1.7458 0.0457729
1.7502 0.0501872
1.75136 0.151326
1.7527 0.152672
1.75424 0.0542229
1.75515 0.155115
1.75621 0.0561814
1.75653 0.0565009
1.76179 0.0217657
1.76179 0.0217657
1.76179 0.0217657
1.76211 0.0217612
1.76211 0.0217612
1.76211 0.0220807
1.76242 0.0217567
1.76242 0.0220762
1.76242 0.0217567
1.76274 0.062711
1.76287 0.0222046
1.76287 0.0218851
1.76287 0.0218851
1.76835 0.0683278
1.76936 0.0693259
1.7698 0.0697698
1.77034 0.0703071
1.77156 0.0715286
1.7767 0.0766692
1.77994 0.0799125
1.78178 0.0217532
1.78178 0.0217532
1.78178 0.0217532
1.78213 0.0217798
1.78213 0.0217798
1.78213 0.0220994
1.78244 0.0217754
1.78244 0.0220949
1.78244 0.0217754
1.78276 0.0220904
1.78276 0.0217709
1.78276 0.0217709
1.78631 0.0862821
1.78663 0.0866016
1.78695 0.0869211
1.79526 0.0952343
1.79689 0.0968782
1.7987 0.0986727
1.80089 0.100876
1.80161 0.101582
1.80193 0.101902
1.80206 0.0220603
1.80206 0.0220603
1.80206 0.0220603
1.80219 0.0218692
1.80219 0.0218692
1.80219 0.0221887
1.80241 0.0217714
1.80241 0.0220909
1.80241 0.0217714
1.80273 0.0220864
1.80273 0.0217669
1.80273 0.0217669
1.80438 0.104352
1.80476 0.104734
1.80773 0.107697
1.80811 0.108079
1.80936 0.109337
1.80996 0.109931
1.8105 0.110468
1.81082 0.110788
1.81082 0.110788
1.81173 0.111698
1.81295 0.112938
1.81327 0.113239
1.81327 0.113239
1.81359 0.113559
1.81391 0.113896
1.81391 0.113878
1.81532 0.115287
1.81564 0.115606
1.81673 0.116703
1.81767 0.117645
1.81865 0.118617
1.82046 0.12043
1.82196 0.0219589
1.82209 0.0217677
1.82209 0.0217677
1.82209 0.0217677
1.82241 0.0217633
1.82241 0.0217633
1.82241 0.0220828
1.82276 0.122725
1.82288 0.0219227
1.82288 0.0222423
1.82288 0.0219227
1.82304 0.0220822
1.82304 0.0217627
1.82304 0.0217627
1.82343 0.123395
1.82458 0.124572
1.8249 0.124874
1.8256 0.0255941
1.82592 0.0258869
1.82841 0.0283837
1.82898 0.128951
1.8293 0.129271
1.8293 0.129271
1.82993 0.129901
1.83131 0.0312792
1.83181 0.0318119
1.83307 0.0330379
1.83395 0.0339173
1.8347 0.0346723
1.83502 0.134991
1.83534 0.13531
1.836 0.0359761
1.83719 0.137163
1.83907 0.139037
1.83939 0.0393576
1.84002 0.139987
1.8408 0.0407949
1.8415 0.0414669
1.84194 0.14191
1.84207 0.0220548
1.84207 0.0220548
1.84207 0.0220548
1.8422 0.0218636
1.8422 0.0218636
1.8422 0.0221831
1.84242 0.0217658
1.84242 0.0220853
1.84242 0.0217658
1.84274 0.142708
1.84306 0.0430283
1.84338 0.0433745
1.8437 0.143667
1.84402 0.143986
1.84414 0.0234918
1.84414 0.0231723
1.84414 0.0231723
1.84446 0.144434
1.8455 0.0454697
1.84582 0.0457892
1.85018 0.0501671
1.85156 0.151528
1.85272 0.152688
1.85422 0.0542166
1.85516 0.155131
1.85629 0.0562598
1.85661 0.0565793
1.86178 0.0217594
1.86178 0.0217594
1.86178 0.0217594
1.86209 0.0217549
1.86209 0.0217549
1.86209 0.0220745
1.86241 0.0217505
1.86241 0.02207
1.86241 0.0217505
1.86273 0.0626961
1.86285 0.0221983
1.86285 0.0218788
1.86285 0.0218788
1.86837 0.0683441
1.86934 0.069311
1.86966 0.0696305
1.87035 0.0703233
1.87157 0.0715448
1.87671 0.0766855
1.87993 0.0798976
1.8818 0.0217781
1.8818 0.0217781
1.8818 0.0217781
1.88211 0.0217736
1.88211 0.0217736
1.88211 0.0220931
1.88243 0.0217691
1.88243 0.0220886
1.88243 0.0217691
1.88274 0.0220841
1.88274 0.0217646
1.88274 0.0217646
1.88633 0.0862983
1.88665 0.0866178
1.88697 0.0869373
1.89528 0.0952506
1.89687 0.096872
1.89866 0.0986267
1.9009 0.100901
1.90163 0.101599
1.90195 0.101918
1.90208 0.0220541
1.90208 0.0220541
1.90208 0.0220541
1.9022 0.0218629
1.9022 0.0218629
1.9022 0.0221824
1.90243 0.0217651
1.90243 0.0220846
1.90243 0.0217651
1.90274 0.0220801
1.90274 0.0217606
1.90274 0.0217606
1.90449 0.104462
1.90481 0.104781
1.90774 0.107714
1.90806 0.108033
1.90938 0.109354
1.90995 0.109916
1.91048 0.110454
1.9108 0.110773
1.9108 0.110773
1.91174 0.111715
1.91293 0.112932
1.91325 0.113225
1.91325 0.113225
1.91357 0.113544
1.91389 0.11389
1.91421 0.114183
1.91531 0.11528
1.91563 0.1156
1.91673 0.116697
1.9177 0.117669
1.91867 0.118642
1.92045 0.120424
1.92199 0.0219611
1.92211 0.02177
1.92211 0.02177
1.92211 0.02177
1.92243 0.0217655
1.92243 0.0217655
1.92243 0.022085
1.92278 0.12275
1.92291 0.021925
1.92291 0.0222445
1.92291 0.021925
1.92307 0.0220845
1.92307 0.021765
1.92307 0.021765
1.92339 0.123358
1.92464 0.124637
1.92496 0.12493
1.92562 0.0255963
1.92594 0.0259116
1.92841 0.0283773
1.92901 0.128976
1.92901 0.128976
1.92932 0.129295
1.92996 0.129926
1.93133 0.0313038
1.93184 0.0318141
1.93306 0.0330315
1.93394 0.0339109
1.93469 0.0346658
1.93501 0.134985
1.93533 0.135304
1.936 0.0359818
1.93719 0.137156
1.93906 0.139031
1.93938 0.0393511
1.94013 0.140105
1.9408 0.0407864
1.94149 0.0414605
1.94193 0.141904
1.94206 0.022057
1.94206 0.022057
1.94206 0.022057
1.94219 0.0218659
1.94219 0.0218659
1.94219 0.0221854
1.94241 0.0217681
1.94241 0.0220876
1.94241 0.0217681
1.94276 0.0427335
1.94308 0.143052
1.9434 0.0433767
1.94372 0.143691
1.94404 0.144011
1.94417 0.0235251
1.94417 0.0232056
1.94417 0.0232056
1.94449 0.144459
1.94549 0.0454632
1.94581 0.0457827
1.95021 0.0501866
1.95155 0.151522
1.95268 0.15265
1.95424 0.0542189
1.95515 0.155124
1.95622 0.0561912
1.95654 0.0565107
1.96177 0.0217617
1.96177 0.0217617
1.96177 0.0217617
1.96208 0.0217572
1.96208 0.0217572
1.96208 0.0220767
1.9624 0.0217527
1.9624 0.0220722
1.9624 0.0217527
1.96272 0.0626897
1.96285 0.0222006
1.96285 0.0218811
1.96285 0.0218811
1.96836 0.0683376
1.96933 0.0693046
1.96978 0.0697486
1.97038 0.070348
1.97157 0.0715384
1.97671 0.076679
1.97995 0.0799223
1.98176 0.0217492
1.98176 0.0217492
1.98176 0.0217492
1.98211 0.0217758
1.98211 0.0217758
1.98211 0.0220953
1.98242 0.0217713
1.98242 0.0220908
1.98242 0.0217713
1.98274 0.0220864
1.98274 0.0217668
1.98274 0.0217668
1.98629 0.0862608
1.98664 0.0866114
1.98696 0.0869309
1.99527 0.0952442
1.9969 0.0968742
1.99871 0.0986825
2.00096 0.100935
2.00165 0.101623
2.00197 0.101943
2.0021 0.0220874
2.0021 0.0220874
2.0021 0.0220874
2.0021 0.0217679
2.0021 0.0217679
2.0021 0.0220874
2.00223 0.0222158
2.00242 0.0217674
2.00242 0.0220869
2.00242 0.0217674
2.00273 0.0220824
2.00273 0.0217629
2.00273 0.0217629
2.00439 0.104365
2.00478 0.104747
2.00765 0.107617
2.00803 0.107998
2.00937 0.10935
2.00997 0.109944
2.01042 0.110388
2.01074 0.110707
2.01106 0.111027
2.01175 0.11172
2.013 0.112976
2.01332 0.113292
2.01332 0.113292
2.01364 0.113611
2.01396 0.113931
2.01396 0.113935
2.01534 0.115308
2.01566 0.115627
2.01657 0.116538
2.01769 0.117666
2.01867 0.118639
2.02045 0.12042
2.02198 0.0219662
2.02211 0.0217751
2.02211 0.0217751
2.02211 0.0217751
2.02242 0.0217706
2.02242 0.0217706
2.02242 0.0220901
2.02278 0.122747
2.0229 0.0219301
2.0229 0.0222496
2.0229 0.0219301
2.02306 0.0220896
2.02306 0.0217701
2.02306 0.0217701
2.02341 0.123385
2.02457 0.124549
2.02489 0.124864
2.02559 0.0255703
2.0259 0.025877
2.02843 0.0284049
2.029 0.128972
2.02932 0.129292
2.02932 0.129292
2.02992 0.129891
2.03133 0.0313003
2.0318 0.0317881
2.03306 0.033028
2.03397 0.0339385
2.03469 0.0346623
2.03501 0.134981
2.03533 0.135301
2.03599 0.0359904
2.03718 0.137153
2.03909 0.139058
2.03941 0.0393787
2.04001 0.139977
2.04082 0.0408119
2.04148 0.041457
2.04193 0.1419
2.04206 0.022031
2.04206 0.022031
2.04206 0.022031
2.04219 0.0218399
2.04219 0.0218399
2.04219 0.0221594
2.04244 0.0217732
2.04244 0.0220927
2.04244 0.0217732
2.04276 0.04273
2.04308 0.143049
2.0434 0.0433818
2.04372 0.143688
2.04404 0.144007
2.04416 0.0234991
2.04416 0.0231796
2.04416 0.0231796
2.04448 0.144455
2.04549 0.0454597
2.04581 0.0457792
2.0502 0.0501779
2.05145 0.151425
2.0528 0.152771
2.05427 0.0542551
2.05515 0.155121
2.05628 0.0562499
2.0566 0.0565694
2.0618 0.0217668
2.0618 0.0217668
2.0618 0.0217668
2.06211 0.0217623
2.06211 0.0217623
2.06211 0.0220818
2.06243 0.0217578
2.06243 0.0220773
2.06243 0.0217578
2.06275 0.0627172
2.06287 0.0222057
2.06287 0.0218862
2.06287 0.0218862
2.06836 0.0683341
2.06939 0.0693633
2.06977 0.069745
2.07025 0.07022
2.07156 0.0715349
2.0767 0.0766755
2.07992 0.0798877
2.08175 0.0217543
2.08175 0.0217543
2.08175 0.0217543
2.0821 0.0217809
2.0821 0.0217809
2.0821 0.0221005
2.08242 0.0217765
2.08242 0.022096
2.08242 0.0217765
2.08273 0.0220915
2.08273 0.021772
2.08273 0.021772
2.08632 0.0862884
2.08664 0.0866079
2.08696 0.0869274
2.09536 0.0953339
2.09689 0.0968793
2.09871 0.098679
2.10089 0.100878
2.10165 0.10162
2.10197 0.101939
2.1021 0.0220925
2.1021 0.0220925
2.1021 0.0220925
2.1021 0.021773
2.1021 0.021773
2.1021 0.0220925
2.10222 0.0222209
2.10241 0.0217725
2.10241 0.022092
2.10241 0.0217725
2.10273 0.0220875
2.10273 0.021768
2.10273 0.021768
2.10439 0.104359
2.10499 0.104958
2.10764 0.10761
2.10802 0.107992
2.10937 0.109344
2.10997 0.109937
2.1105 0.110475
2.11082 0.110794
2.11082 0.110794
2.11198 0.111953
2.11295 0.112939
2.11327 0.113246
2.11327 0.113246
2.11359 0.113565
2.11391 0.113898
2.11391 0.113885
2.11541 0.115386
2.11573 0.115706
2.11658 0.116554
2.11768 0.117651
2.11865 0.118624
2.12046 0.120436
2.12197 0.02196
2.12209 0.0217688
2.12209 0.0217688
2.12209 0.0217688
2.12241 0.0217643
2.12241 0.0217643
2.12241 0.0220839
2.12276 0.122732
2.12289 0.0219238
2.12289 0.0222433
2.12289 0.0219238
2.12305 0.0220833
2.12305 0.0217638
2.12305 0.0217638
2.12337 0.123339
2.12462 0.124605
2.12494 0.124911
2.1256 0.0255951
2.12592 0.0258932
2.12842 0.02839
2.12899 0.128958
2.12899 0.128958
2.1293 0.129277
2.12994 0.129908
2.13137 0.0313476
2.13182 0.031813
2.13307 0.0330442
2.13395 0.0339236
2.13471 0.0346785
2.13503 0.134997
2.13534 0.135317
2.13601 0.0359876
2.13723 0.1372
2.13895 0.138919
2.13927 0.0392394
2.14011 0.140087
2.14081 0.0407889
2.14147 0.0414421
2.14191 0.141885
2.14204 0.0220248
2.14204 0.0220248
2.14204 0.0220248
2.14217 0.0218336
2.14217 0.0218336
2.14217 0.0221531
2.14242 0.0217669
2.14242 0.0220864
2.14242 0.0217669
2.14277 0.0427462
2.14309 0.143065
2.14341 0.0434067
2.14373 0.143704
2.14405 0.144023
2.14418 0.023524
2.14418 0.0232045
2.14418 0.0232045
2.1445 0.144471
2.14547 0.0454448
2.14579 0.0457643
2.15031 0.0502823
2.15141 0.151379
2.15272 0.152694
2.15425 0.0542488
2.15516 0.155137
2.1562 0.0561728
2.15652 0.0564923
2.16178 0.0217605
2.16178 0.0217605
2.16178 0.0217605
2.16209 0.021756
2.16209 0.021756
2.16209 0.0220756
2.16244 0.0217827
2.16244 0.0221022
2.16244 0.0217827
2.16276 0.0627335
2.16289 0.0222306
2.16289 0.021911
2.16289 0.021911
2.16837 0.0683503
2.16934 0.0693173
2.16976 0.0697301
2.17023 0.0702052
2.17158 0.0715511
2.17669 0.0766606
2.17993 0.0799039
2.1818 0.0217792
2.1818 0.0217792
2.1818 0.0217792
2.18212 0.0217747
2.18212 0.0217747
2.18212 0.0220942
2.18243 0.0217702
2.18243 0.0220897
2.18243 0.0217702
2.18275 0.0220852
2.18275 0.0217657
2.18275 0.0217657
2.18633 0.0863046
2.18665 0.0866241
2.187 0.0869747
2.19528 0.0952568
2.19688 0.0968731
2.1986 0.0985708
2.20091 0.100902
2.20166 0.101636
2.20198 0.101955
2.20211 0.0220863
2.20211 0.0220863
2.20211 0.0220863
2.20211 0.0217668
2.20211 0.0217668
2.20211 0.0220863
2.20224 0.0222146
2.20243 0.0217662
2.20243 0.0220857
2.20243 0.0217662
2.20274 0.0220812
2.20274 0.0217617
2.20274 0.0217617
2.2044 0.104375
2.20497 0.104943
2.20768 0.107658
2.2081 0.10807
2.20938 0.10936
2.20995 0.109923
2.21052 0.110491
2.21084 0.11081
2.21084 0.11081
2.21187 0.111845
2.21294 0.112933
2.21326 0.113231
2.21326 0.113231
2.21358 0.11355
2.2139 0.113891
2.2139 0.11387
2.21537 0.11534
2.21569 0.11566
2.21672 0.116695
2.21766 0.117636
2.21864 0.118609
2.22045 0.120421
2.22198 0.0219537
2.22211 0.0217626
2.22211 0.0217626
2.22211 0.0217626
2.22242 0.0217581
2.22242 0.0217581
2.22242 0.0220776
2.22277 0.122748
2.2229 0.0219176
2.2229 0.0222371
2.2229 0.0219176
2.22306 0.0220771
2.22306 0.0217576
2.22306 0.0217576
2.22338 0.123355
2.22463 0.124629
2.22495 0.124927
2.22562 0.0255889
2.22594 0.0259094
2.22843 0.0284062
2.22888 0.128849
2.2292 0.129169
2.2292 0.129169
2.22983 0.129799
2.2313 0.0312705
2.23183 0.0318068
2.23315 0.0331226
2.23397 0.0339398
2.23469 0.0346636
2.23501 0.134982
2.23533 0.135302
2.23599 0.0359848
2.23718 0.137154
2.23893 0.138904
2.23925 0.0392245
2.24022 0.140196
2.24092 0.0409101
2.24148 0.0414583
2.24193 0.141901
2.24206 0.0220496
2.24206 0.0220496
2.24206 0.0220496
2.24219 0.0218585
2.24219 0.0218585
2.24219 0.022178
2.24241 0.0217607
2.24241 0.0220802
2.24241 0.0217607
2.24279 0.0427624
2.24311 0.143081
2.24343 0.0434004
2.24375 0.14372
2.24407 0.14404
2.2442 0.0235488
2.2442 0.0232293
2.2442 0.0232293
2.24451 0.144488
2.24549 0.0454611
2.24581 0.0457806
2.25017 0.0501689
2.25142 0.151395
2.25274 0.15271
2.25436 0.0543359
2.25509 0.15506
2.25618 0.0561579
2.2565 0.0564774
2.26176 0.0217543
2.26176 0.0217543
2.26176 0.0217543
2.26211 0.0217809
2.26211 0.0217809
2.26211 0.0221004
2.26243 0.0217764
2.26243 0.0220959
2.26243 0.0217764
2.26274 0.0627186
2.26287 0.0222243
2.26287 0.0219048
2.26287 0.0219048
2.26836 0.0683354
2.26933 0.0693024
2.26977 0.0697464
2.27028 0.0702525
2.27156 0.0715362
2.27673 0.076708
2.27992 0.079889
2.28179 0.021773
2.28179 0.021773
2.28179 0.021773
2.2821 0.0217685
2.2821 0.0217685
2.2821 0.022088
2.28242 0.021764
2.28242 0.0220835
2.28242 0.021764
2.28273 0.022079
2.28273 0.0217595
2.28273 0.0217595
2.28632 0.0862897
2.28664 0.0866092
2.28699 0.0869598
2.29527 0.095242
2.29689 0.0968668
2.29864 0.0986181
2.30089 0.100865
2.30155 0.101528
2.30194 0.101909
2.30206 0.0220489
2.30206 0.0220489
2.30206 0.0220489
2.30219 0.0218578
2.30219 0.0218578
2.30219 0.0221773
2.30241 0.02176
2.30241 0.0220795
2.30241 0.02176
2.30273 0.022075
2.30273 0.0217555
2.30273 0.0217555
2.30448 0.104453
2.3048 0.104773
2.30764 0.107612
2.30811 0.108087
2.30937 0.109345
2.30996 0.109939
2.31047 0.110445
2.31079 0.110764
2.31079 0.110764
2.31176 0.111737
2.31302 0.112989
2.31334 0.113309
2.31334 0.113309
2.31365 0.113629
2.31397 0.113947
2.31397 0.113948
2.31532 0.115294
2.31564 0.115614
2.31664 0.116617
2.31765 0.117621
2.31865 0.118625
2.32046 0.120438
2.32197 0.0219475
2.32209 0.0217564
2.32209 0.0217564
2.32209 0.0217564
2.32241 0.0217519
2.32241 0.0217519
2.32241 0.0220714
2.32276 0.122733
2.32289 0.0219114
2.32289 0.0222309
2.32289 0.0219114
2.32308 0.022102
2.32308 0.0217825
2.32308 0.0217825
2.3234 0.123372
2.32462 0.124592
2.32494 0.124913
2.3256 0.0255827
2.32592 0.0258945
2.32842 0.0283913
2.32899 0.128959
2.32899 0.128959
2.3293 0.129278
2.32994 0.129909
2.33131 0.0312868
2.33182 0.0318005
2.33307 0.0330455
2.33395 0.0339249
2.33471 0.0346799
2.33502 0.134999
2.33534 0.135318
2.33601 0.035982
2.33726 0.137232
2.33895 0.13892
2.33927 0.0392408
2.34024 0.140213
2.34081 0.0407915
2.34147 0.0414434
2.34191 0.141887
2.34204 0.0220123
2.34204 0.0220123
2.34204 0.0220123
2.34217 0.0218212
2.34217 0.0218212
2.34217 0.0221407
2.34242 0.0217545
2.34242 0.022074
2.34242 0.0217545
2.34274 0.0427165
2.34306 0.143035
2.34338 0.0433631
2.3437 0.143674
2.34402 0.143994
2.34415 0.0234804
2.34415 0.0231609
2.34415 0.0231609
2.34447 0.144442
2.34547 0.0454462
2.34579 0.0457657
2.35019 0.0501799
2.35141 0.151381
2.35275 0.152726
2.35435 0.0543297
2.35513 0.155107
2.3562 0.0561741
2.35652 0.0564936
2.36178 0.0217792
2.36178 0.0217792
2.36178 0.0217792
2.36209 0.0217747
2.36209 0.0217747
2.36209 0.0220942
2.36241 0.0217702
2.36241 0.0220897
2.36241 0.0217702
2.36273 0.0627037
2.36286 0.0222181
2.36286 0.0218986
2.36286 0.0218986
2.36837 0.0683517
2.36934 0.0693187
2.36969 0.0696693
2.37023 0.0702065
2.37158 0.0715524
2.37672 0.0766931
2.37993 0.0799052
2.38177 0.0217667
2.38177 0.0217667
2.38177 0.0217667
2.38208 0.0217622
2.38208 0.0217622
2.38208 0.0220817
2.3824 0.0217577
2.3824 0.0220772
2.3824 0.0217577
2.38271 0.0220727
2.38271 0.0217532
2.38271 0.0217532
2.38633 0.0863059
2.38665 0.0866254
2.387 0.0869761
2.39525 0.0952271
2.39691 0.0968917
2.39866 0.0986343
2.40088 0.100859
2.40157 0.101544
2.40195 0.101926
2.40208 0.0220738
2.40208 0.0220738
2.40208 0.0220738
2.40208 0.0217543
2.40208 0.0217543
2.40208 0.0220738
2.40221 0.0222022
2.4024 0.0217538
2.4024 0.0220733
2.4024 0.0217538
2.40274 0.0220999
2.40274 0.0217804
2.40274 0.0217804
2.40446 0.104438
2.40481 0.104789
2.40762 0.107597
2.4081 0.108072
2.40938 0.109361
2.40995 0.109924
2.41049 0.110461
2.41081 0.110781
2.41081 0.110781
2.41197 0.11194
2.41303 0.113014
2.41335 0.113325
2.41335 0.113325
2.41367 0.113645
2.41399 0.113972
2.41399 0.113964
2.41543 0.115404
2.41575 0.115723
2.41675 0.116727
2.41766 0.117638
2.41864 0.11861
2.42045 0.120423
2.42198 0.0219723
2.42211 0.0217812
2.42211 0.0217812
2.42211 0.0217812
2.42242 0.0217767
2.42242 0.0217767
2.42242 0.0220962
2.42277 0.122749
2.4229 0.0219362
2.4229 0.0222557
2.4229 0.0219362
2.42306 0.0220957
2.42306 0.0217762
2.42306 0.0217762
2.42338 0.123357
2.42463 0.124617
2.42495 0.124929
2.42558 0.0255764
2.4259 0.0258797
2.4284 0.0283765
2.42891 0.128882
2.42923 0.129201
2.42923 0.129201
2.42992 0.129894
2.43139 0.0313652
2.4318 0.0317943
2.43306 0.0330306
2.43397 0.0339411
2.43469 0.034665
2.43501 0.134984
2.43533 0.135303
2.43599 0.0359793
2.43718 0.137155
2.43893 0.138906
2.43925 0.0392259
2.44022 0.140198
2.44092 0.0408862
2.44148 0.0414597
2.44193 0.141903
2.44206 0.0220371
2.44206 0.0220371
2.44206 0.0220371
2.44218 0.021846
2.44218 0.021846
2.44218 0.0221655
2.44244 0.0217793
2.44244 0.0220988
2.44244 0.0217793
2.44279 0.0427638
2.44311 0.143082
2.44343 0.0434191
2.44375 0.143721
2.44407 0.144041
2.44419 0.0235363
2.44419 0.0232168
2.44419 0.0232168
2.44451 0.144489
2.44549 0.0454624
2.44581 0.0457819
2.4502 0.050191
2.45142 0.151397
2.4528 0.152774
2.45427 0.0542612
2.45515 0.155124
2.45618 0.0561592
2.4565 0.0564787
2.46179 0.0217729
2.46179 0.0217729
2.46179 0.0217729
2.46211 0.0217684
2.46211 0.0217684
2.46211 0.0220879
2.46242 0.0217639
2.46242 0.0220834
2.46242 0.0217639
2.46274 0.0627199
2.46287 0.0222118
2.46287 0.0218923
2.46287 0.0218923
2.46839 0.0683679
2.46933 0.0693038
2.46968 0.0696544
2.47034 0.070316
2.47156 0.0715376
2.4767 0.0766782
2.47991 0.0798904
2.48179 0.0217605
2.48179 0.0217605
2.48179 0.0217605
2.4821 0.021756
2.4821 0.021756
2.4821 0.0220755
2.48245 0.0217826
2.48245 0.0221021
2.48245 0.0217826
2.48276 0.0220976
2.48276 0.0217781
2.48276 0.0217781
2.48635 0.0863222
2.48667 0.0866417
2.48699 0.0869612
2.49527 0.0952433
2.49689 0.0968854
2.49861 0.0985884
2.50089 0.100884
2.50155 0.101529
2.50194 0.101911
2.50206 0.0220364
2.50206 0.0220364
2.50206 0.0220364
2.50219 0.0218453
2.50219 0.0218453
2.50219 0.0221648
2.50244 0.0217786
2.50244 0.0220981
2.50244 0.0217786
2.50276 0.0220936
2.50276 0.0217741
2.50276 0.0217741
2.50439 0.104361
2.5048 0.104774
2.50764 0.107613
2.50811 0.108088
2.50937 0.109346
2.50993 0.109909
2.5105 0.110477
2.51082 0.110797
2.51082 0.110797
2.51176 0.111738
2.51302 0.113007
2.51334 0.113311
2.51334 0.113311
2.51365 0.11363
2.51397 0.113966
2.51397 0.11395
2.51541 0.115389
2.51573 0.115708
2.51664 0.116619
2.51768 0.117654
2.51865 0.118626
2.52046 0.120439
2.522 0.0219661
2.52212 0.021775
2.52212 0.021775
2.52212 0.021775
2.52244 0.0217705
2.52244 0.0217705
2.52244 0.02209
2.52276 0.122734
2.52289 0.0218989
2.52289 0.0222184
2.52289 0.0218989
2.52308 0.0220895
2.52308 0.02177
2.52308 0.02177
2.52343 0.123404
2.52462 0.124611
2.52494 0.124914
2.5256 0.0255702
2.52592 0.0258959
2.52842 0.0283927
2.52902 0.128991
2.52934 0.129311
2.52934 0.129311
2.52993 0.12991
2.53131 0.0312881
2.53182 0.031788
2.53307 0.0330469
2.53404 0.0340196
2.5347 0.0346812
2.53502 0.135
2.53534 0.135319
2.53601 0.0359765
2.53726 0.137234
2.53895 0.138922
2.53927 0.0392421
2.54011 0.14009
2.54093 0.0409126
2.54147 0.0414448
2.54191 0.141888
2.54204 0.0220309
2.54204 0.0220309
2.54204 0.0220309
2.54217 0.0218398
2.54217 0.0218398
2.54217 0.0221593
2.54242 0.0217731
2.54242 0.0220926
2.54242 0.0217731
2.54274 0.0427178
2.54306 0.143036
2.54338 0.0433506
2.5437 0.143675
2.54402 0.143995
2.54415 0.023499
2.54415 0.0231795
2.54415 0.0231795
2.54447 0.144443
2.54547 0.0454475
2.54579 0.045767
2.55018 0.0501709
2.55141 0.151382
2.55272 0.152697
2.55438 0.0543483
2.5552 0.155171
2.5562 0.0561755
2.55652 0.056495
2.56178 0.0217667
2.56178 0.0217667
2.56178 0.0217667
2.56209 0.0217622
2.56209 0.0217622
2.56209 0.0220817
2.56241 0.0217577
2.56241 0.0220772
2.56241 0.0217577
2.56273 0.062705
2.56286 0.0222056
2.56286 0.0218861
2.56286 0.0218861
2.56837 0.068353
2.56909 0.0690712
2.56969 0.0696706
2.57036 0.0703323
2.57158 0.0715538
2.57672 0.0766944
2.57993 0.0799066
2.58177 0.0217542
2.58177 0.0217542
2.58177 0.0217542
2.58212 0.0217808
2.58212 0.0217808
2.58212 0.0221004
2.58243 0.0217764
2.58243 0.0220959
2.58243 0.0217764
2.58275 0.0220914
2.58275 0.0217719
2.58275 0.0217719
2.58636 0.0863384
2.58668 0.0866579
2.587 0.0869774
2.59525 0.0952284
2.59691 0.0968792
2.59866 0.0986357
2.60097 0.10094
2.60157 0.101545
2.60195 0.101927
2.60208 0.0220613
2.60208 0.0220613
2.60208 0.0220613
2.60221 0.0218702
2.60221 0.0218702
2.60221 0.0221897
2.60243 0.0217724
2.60243 0.0220919
2.60243 0.0217724
2.60274 0.0220874
2.60274 0.0217679
2.60274 0.0217679
2.60446 0.10444
2.605 0.104977
2.60762 0.107598
2.6081 0.108073
2.60938 0.109363
2.60998 0.109956
2.61049 0.110462
2.61081 0.110782
2.61081 0.110782
2.61178 0.111755
2.61303 0.113001
2.61335 0.113327
2.61335 0.113327
2.61367 0.113646
2.61399 0.11396
2.61399 0.113966
2.61537 0.115343
2.61569 0.115662
2.61666 0.116635
2.61766 0.117639
2.61864 0.118612
2.62045 0.120424
2.62198 0.0219599
2.62211 0.0220883
2.62211 0.0220883
2.62211 0.0217687
2.62211 0.0217687
2.62211 0.0217687
2.62242 0.0217643
2.62242 0.0217643
2.62242 0.0220838
2.62281 0.122782
2.62293 0.0219549
2.62293 0.0222744
2.62293 0.0219549
2.62332 0.123292
2.6246 0.124569
2.62492 0.124895
2.62561 0.0255911
2.62593 0.0259081
2.62843 0.0284049
2.6289 0.128879
2.62922 0.129199
2.62922 0.129199
2.62995 0.129923
2.63135 0.0313315
2.63183 0.0318089
2.63305 0.033028
2.63396 0.0339385
2.63469 0.0346624
2.635 0.134981
2.63532 0.135301
2.63602 0.0360008
2.63727 0.137246
2.63893 0.138903
2.63925 0.0392232
2.64013 0.140102
2.64082 0.0408127
2.64148 0.041457
2.64189 0.141869
2.64202 0.021998
2.64202 0.021998
2.64202 0.021998
2.64215 0.0218069
2.64215 0.0218069
2.64215 0.0221264
2.64243 0.0217713
2.64243 0.0220908
2.64243 0.0217713
2.64275 0.04273
2.64288 0.0222192
2.64288 0.0218997
2.64288 0.0218997
2.64329 0.0432737
2.64361 0.14359
2.64361 0.14359
2.64393 0.143909
2.64441 0.144384
2.64547 0.0454513
2.64579 0.0457708
2.65028 0.0502628
2.65141 0.151386
2.65266 0.152638
2.65429 0.0542674
2.65511 0.155081
2.6562 0.0561792
2.65652 0.0564987
2.66178 0.0217565
2.66178 0.0217565
2.66178 0.0217565
2.6621 0.021752
2.6621 0.021752
2.6621 0.0220715
2.66244 0.0217786
2.66244 0.0220981
2.66244 0.0217786
2.66276 0.0627399
2.66289 0.0222265
2.66289 0.021907
2.66289 0.021907
2.66837 0.0683568
2.66904 0.0690127
2.66957 0.06955
2.67023 0.0702116
2.67155 0.0715265
2.67635 0.0763249
2.67959 0.0795682
2.6818 0.0217751
2.6818 0.0217751
2.6818 0.0217751
2.68212 0.0217706
2.68212 0.0217706
2.68212 0.0220901
2.68243 0.0217661
2.68243 0.0220856
2.68243 0.0217661
2.68275 0.0220812
2.68275 0.0217616
2.68275 0.0217616
2.68633 0.0863111
2.68665 0.0866306
2.68697 0.0869501
2.69526 0.0952322
2.69691 0.0968916
2.6986 0.0985773
2.70088 0.100859
2.7016 0.10158
2.70195 0.101931
2.70208 0.0220511
2.70208 0.0220511
2.70208 0.0220511
2.70221 0.02186
2.70221 0.02186
2.70221 0.0221795
2.70243 0.0217622
2.70243 0.0220817
2.70243 0.0217622
2.70275 0.0220772
2.70275 0.0217577
2.70275 0.0217577
2.70437 0.10435
2.70479 0.104763
2.70762 0.107602
2.7081 0.108077
2.70935 0.109335
2.70995 0.109929
2.71052 0.110497
2.71084 0.110817
2.71084 0.110817
2.71178 0.111758
2.713 0.112982
2.71332 0.113299
2.71332 0.113299
2.71364 0.113619
2.71396 0.113941
2.71396 0.113938
2.71537 0.115347
2.71569 0.115666
2.71666 0.116639
2.71767 0.117643
2.71864 0.118615
2.72045 0.120428
2.72195 0.0219496
2.72208 0.0217585
2.72208 0.0217585
2.72208 0.0217585
2.7224 0.021754
2.7224 0.021754
2.7224 0.0220735
2.72278 0.122754
2.72291 0.0219446
2.72291 0.0222641
2.72291 0.0219446
2.72303 0.022073
2.72303 0.0217535
2.72303 0.0217535
2.72335 0.123331
2.72458 0.124555
2.72489 0.124872
2.72556 0.0255453
2.72588 0.0258537
2.7284 0.0283816
2.72888 0.128856
2.7292 0.129175
2.7292 0.129175
2.72992 0.129899
2.73136 0.0313392
2.73181 0.0317942
2.73306 0.0330358
2.73397 0.0339463
2.73469 0.0346701
2.73501 0.134989
2.73533 0.135308
2.73565 0.0356475
2.73728 0.137254
2.73893 0.138911
2.73925 0.039231
2.74004 0.140016
2.74092 0.0409117
2.74149 0.0414648
2.74181 0.141783
2.74193 0.0219211
2.74193 0.0219211
2.74193 0.0219211
2.74209 0.0217611
2.74209 0.0217611
2.74209 0.0220806
2.74241 0.0217566
2.74241 0.0220761
2.74241 0.0217566
2.74276 0.0427378
2.74308 0.143056
2.7434 0.0433879
2.74372 0.143695
2.74404 0.144015
2.74417 0.0235137
2.74417 0.0231941
2.74417 0.0231941
2.74449 0.144463
2.74549 0.0454675
2.74581 0.045787
2.7503 0.0502739
2.75142 0.151402
2.75271 0.152686
2.75427 0.0542612
2.75518 0.15516
2.75619 0.0561644
2.75651 0.0564839
2.7618 0.0217813
2.7618 0.0217813
2.7618 0.0217813
2.76211 0.0217768
2.76211 0.0217768
2.76211 0.0220963
2.76243 0.0217723
2.76243 0.0220919
2.76243 0.0217723
2.76275 0.062725
2.76288 0.0222202
2.76288 0.0219007
2.76288 0.0219007
2.76836 0.0683419
2.76914 0.0691223
2.76953 0.069504
2.77025 0.0702278
2.77156 0.0715427
2.77633 0.0763101
2.77961 0.0795844
2.78179 0.0217689
2.78179 0.0217689
2.78179 0.0217689
2.7821 0.0217644
2.7821 0.0217644
2.7821 0.0220839
2.78242 0.0217599
2.78242 0.0220794
2.78242 0.0217599
2.78273 0.0220749
2.78273 0.0217554
2.78273 0.0217554
2.78632 0.0862962
2.78664 0.0866157
2.78699 0.0869663
2.79527 0.0952484
2.7969 0.0968854
2.79862 0.0985935
2.80086 0.100853
2.80165 0.101628
2.80197 0.101947
2.8021 0.022076
2.8021 0.022076
2.8021 0.022076
2.8021 0.0217564
2.8021 0.0217564
2.8021 0.022076
2.80223 0.0222043
2.80242 0.0217559
2.80242 0.0220754
2.80242 0.0217559
2.80276 0.022102
2.80276 0.0217825
2.80276 0.0217825
2.80439 0.104366
2.8048 0.104779
2.8077 0.10768
2.80812 0.108093
2.80937 0.109351
2.80994 0.109914
2.8105 0.110482
2.81082 0.110802
2.81082 0.110802
2.81177 0.111744
2.81296 0.112945
2.81328 0.113253
2.81328 0.113253
2.8136 0.113573
2.81391 0.113904
2.81391 0.113892
2.81542 0.115394
2.81574 0.115713
2.81649 0.116468
2.81765 0.117628
2.81865 0.118632
2.82047 0.120444
2.82197 0.0219434
2.8221 0.0217523
2.8221 0.0217523
2.8221 0.0217523
2.82244 0.0217789
2.82244 0.0217789
2.82244 0.0220984
2.82276 0.12274
2.82289 0.0219073
2.82289 0.0222268
2.82289 0.0219073
2.82308 0.0220979
2.82308 0.0217784
2.82308 0.0217784
2.82343 0.123409
2.82462 0.124611
2.82494 0.124919
2.82557 0.0255475
2.82589 0.0258699
2.82842 0.0283978
2.82886 0.128841
2.82918 0.12916
2.82918 0.12916
2.82994 0.129915
2.83131 0.0312932
2.83179 0.031788
2.83307 0.033052
2.83405 0.0340247
2.83471 0.0346863
2.83503 0.135005
2.83535 0.135325
2.83567 0.0356532
2.83726 0.137239
2.83895 0.138927
2.83927 0.0392472
2.84012 0.140095
2.84093 0.040931
2.84147 0.0414499
2.84179 0.141769
2.84192 0.0219149
2.84192 0.0219149
2.84192 0.0219149
2.84208 0.0217549
2.84208 0.0217549
2.84208 0.0220744
2.84242 0.0217815
2.84242 0.022101
2.84242 0.0217815
2.84274 0.0427229
2.84306 0.143042
2.84338 0.0433817
2.8437 0.143681
2.84402 0.144
2.84415 0.0235074
2.84415 0.0231879
2.84415 0.0231879
2.84447 0.144448
2.84547 0.0454526
2.84579 0.0457721
2.85028 0.0502538
2.85141 0.151387
2.85269 0.152671
2.85426 0.0542549
2.85517 0.155145
2.85617 0.0561495
2.85649 0.056469
2.86178 0.0217751
2.86178 0.0217751
2.86178 0.0217751
2.8621 0.0217706
2.8621 0.0217706
2.8621 0.0220901
2.86241 0.0217661
2.86241 0.0220856
2.86241 0.0217661
2.86273 0.0627102
2.86286 0.022214
2.86286 0.0218945
2.86286 0.0218945
2.86837 0.0683581
2.86916 0.0691385
2.86951 0.0694891
2.87033 0.0703063
2.87155 0.0715278
2.87669 0.0766684
2.87959 0.0795696
2.88177 0.0217626
2.88177 0.0217626
2.88177 0.0217626
2.88209 0.0217582
2.88209 0.0217582
2.88209 0.0220777
2.8824 0.0217537
2.8824 0.0220732
2.8824 0.0217537
2.88275 0.0220998
2.88275 0.0217803
2.88275 0.0217803
2.88633 0.0863124
2.88665 0.0866319
2.887 0.0869825
2.89525 0.0952335
2.89688 0.0968791
2.8986 0.0985786
2.90085 0.100846
2.90154 0.101519
2.90195 0.101932
2.90208 0.0220697
2.90208 0.0220697
2.90208 0.0220697
2.90221 0.0218786
2.90221 0.0218786
2.90221 0.0221981
2.90243 0.0217808
2.90243 0.0221003
2.90243 0.0217808
2.90275 0.0220958
2.90275 0.0217763
2.90275 0.0217763
2.90437 0.104352
2.90479 0.104764
2.90766 0.107634
2.90816 0.10814
2.90935 0.109337
2.90995 0.10993
2.91052 0.110499
2.91084 0.110818
2.91084 0.110818
2.91178 0.11176
2.913 0.113001
2.91332 0.113301
2.91332 0.113301
2.91364 0.11362
2.91396 0.11396
2.91396 0.11394
2.9154 0.115379
2.91572 0.115699
2.91647 0.116454
2.91767 0.117644
2.91864 0.118617
2.92045 0.120429
2.92198 0.0219683
2.92211 0.0217772
2.92211 0.0217772
2.92211 0.0217772
2.92243 0.0217727
2.92243 0.0217727
2.92243 0.0220922
2.92275 0.122725
2.92287 0.0219011
2.92287 0.0222206
2.92287 0.0219011
2.92306 0.0220917
2.92306 0.0217721
2.92306 0.0217721
2.92338 0.123363
2.92464 0.124635
2.92496 0.124935
2.92556 0.0255497
2.92588 0.025855
2.9284 0.0283829
2.92888 0.128857
2.9292 0.129177
2.9292 0.129177
2.92992 0.1299
2.93136 0.0313406
2.93184 0.0318129
2.93306 0.0330371
2.93397 0.0339476
2.93469 0.0346714
2.93501 0.13499
2.93533 0.13531
2.93565 0.0356277
2.93725 0.137224
2.93893 0.138912
2.93925 0.0392323
2.94019 0.140173
2.94092 0.0408882
2.94149 0.0414661
2.94181 0.141785
2.94193 0.0219087
2.94193 0.0219087
2.94193 0.0219087
2.94213 0.0217797
2.94213 0.0217797
2.94213 0.0220992
2.94244 0.0217752
2.94244 0.0220948
2.94244 0.0217752
2.94276 0.0427391
2.94308 0.143058
2.9434 0.0433754
2.94372 0.143697
2.94404 0.144016
2.94417 0.0235012
2.94417 0.0231817
2.94417 0.0231817
2.94449 0.144464
2.94549 0.0454689
2.94581 0.0457884
2.94967 0.0496739
2.95139 0.151372
2.95271 0.152687
2.95437 0.054342
2.95521 0.155192
2.95606 0.0560413
2.95647 0.0564541
2.9618 0.0217689
2.9618 0.0217689
2.9618 0.0217689
2.96211 0.0217644
2.96211 0.0217644
2.96211 0.0220839
2.96243 0.0217599
2.96243 0.0220794
2.96243 0.0217599
2.96275 0.0627264
2.96288 0.0222078
2.96288 0.0218883
2.96288 0.0218883
2.96836 0.0683432
2.96927 0.069248
2.96968 0.0696608
2.97025 0.0702292
2.97156 0.071544
2.97671 0.0766846
2.97992 0.0798968
2.98179 0.0217564
2.98179 0.0217564
2.98179 0.0217564
2.9821 0.0217519
2.9821 0.0217519
2.9821 0.0220714
2.98245 0.0217785
2.98245 0.022098
2.98245 0.0217785
2.98276 0.0220935
2.98276 0.021774
2.98276 0.021774
2.98632 0.0862975
2.98664 0.086617
2.98699 0.0869676
2.99527 0.0952498
2.9969 0.0968729
2.99862 0.0985948
3.00096 0.100933
3.00156 0.101536
3.00194 0.101917
3.00207 0.0220635
3.00207 0.0220635
3.00207 0.0220635
3.00219 0.0218724
3.00219 0.0218724
3.00219 0.0221919
3.00242 0.0217745
3.00242 0.0220941
3.00242 0.0217745
3.00273 0.0220896
3.00273 0.0217701
3.00273 0.0217701
3.00439 0.104371
3.0048 0.104784
3.00764 0.107622
3.00812 0.108097
3.00937 0.109356
3.00997 0.10995
3.01051 0.110487
3.01083 0.110806
3.01083 0.110806
3.01177 0.111748
3.01296 0.112936
3.01328 0.113255
3.01328 0.113258
3.0136 0.113577
3.0136 0.113577
3.01392 0.113897
3.01536 0.115336
3.01568 0.115656
3.01677 0.116753
3.01765 0.117632
3.01866 0.118636
3.02047 0.120448
3.02197 0.021965
3.0221 0.0217739
3.0221 0.0217739
3.0221 0.0217739
3.02241 0.0217694
3.02241 0.0217694
3.02241 0.0220889
3.02292 0.122899
3.02305 0.0220844
3.02305 0.0224039
3.02305 0.0220844
3.02305 0.0220844
3.02305 0.0217649
3.02305 0.0217649
3.02337 0.123347
3.02337 0.0220844
3.02397 0.123944
3.02444 0.124422
3.02557 0.025551
3.02589 0.0258703
3.02842 0.0283982
3.02892 0.128903
3.02924 0.129223
3.02924 0.129223
3.02981 0.129791
3.03131 0.0312936
3.03182 0.0318056
3.03313 0.0331146
3.03395 0.0339317
3.03427 0.13425
3.03465 0.034633
3.03519 0.135169
3.03563 0.0356325
3.03717 0.137146
3.03895 0.138927
3.03927 0.0392476
3.04002 0.140002
3.04093 0.0409136
3.04147 0.0414503
3.04179 0.141769
3.04192 0.0219014
3.04192 0.0219014
3.04192 0.0219014
3.04211 0.0217725
3.04211 0.0217725
3.04211 0.022092
3.04242 0.021768
3.04242 0.0220875
3.04242 0.021768
3.04277 0.142754
3.04309 0.0430739
3.04341 0.143393
3.04341 0.0433993
3.04373 0.143712
3.04386 0.0232056
3.04386 0.022886
3.04386 0.022886
3.04446 0.14444
3.0455 0.0454756
3.04581 0.0457951
3.04974 0.0497151
3.05143 0.15141
3.05275 0.152725
3.05428 0.0542641
3.05522 0.155199
3.05607 0.0560481
3.05639 0.0563676
3.0618 0.0217843
3.0618 0.0217843
3.0618 0.0217843
3.06212 0.0217798
3.06212 0.0217798
3.06212 0.0220993
3.06243 0.0217753
3.06243 0.0220948
3.06243 0.0217753
3.06275 0.0627332
3.06288 0.0222232
3.06288 0.0219037
3.06288 0.0219037
3.06836 0.06835
3.06912 0.0690993
3.06969 0.0696676
3.07035 0.0703293
3.07157 0.0715508
3.07671 0.0766914
3.07992 0.0799036
3.08179 0.0217718
3.08179 0.0217718
3.08179 0.0217718
3.08211 0.0217673
3.08211 0.0217673
3.08211 0.0220868
3.08242 0.0217628
3.08242 0.0220823
3.08242 0.0217628
3.08274 0.0220779
3.08274 0.0217583
3.08274 0.0217583
3.08632 0.0863043
3.08664 0.0866238
3.08699 0.0869744
3.09528 0.0952565
3.0969 0.0968883
3.09865 0.0986327
3.10087 0.100855
3.10162 0.101605
3.10194 0.101924
3.10207 0.0220478
3.10207 0.0220478
3.10207 0.0220478
3.1022 0.0218567
3.1022 0.0218567
3.1022 0.0221762
3.10242 0.0217589
3.10242 0.0220784
3.10242 0.0217589
3.10277 0.022105
3.10277 0.0217855
3.10277 0.0217855
3.10446 0.104437
3.10502 0.105005
3.10765 0.107626
3.108 0.107977
3.10937 0.10936
3.10994 0.109922
3.11051 0.110491
3.11083 0.11081
3.11083 0.11081
3.1118 0.111783
3.11222 0.112202
3.11303 0.113027
3.11335 0.113332
3.11335 0.113332
3.11367 0.113652
3.11399 0.113971
3.11534 0.115317
3.11566 0.115637
3.1166 0.116578
3.11766 0.117644
3.11861 0.118586
3.12048 0.120461
3.12198 0.0219548
3.12211 0.0217637
3.12211 0.0217637
3.12211 0.0217637
3.12243 0.0217592
3.12243 0.0217592
3.12243 0.0220787
3.12274 0.0217547
3.12274 0.0220742
3.12274 0.0217547
3.12306 0.12304
3.12338 0.12336
3.12351 0.0225221
3.12351 0.0222026
3.12351 0.0222026
3.12395 0.123946
3.12461 0.124593
3.12555 0.0255532
3.12587 0.0258554
3.1284 0.0283833
3.12891 0.128889
3.12923 0.129208
3.12923 0.129208
3.12995 0.129932
3.1313 0.0312787
3.1318 0.0317994
3.13306 0.0330375
3.1339 0.133885
3.13422 0.0342053
3.1347 0.0346803
3.13517 0.135154
3.13565 0.0356381
3.13728 0.137255
3.13893 0.138912
3.13925 0.0392327
3.14004 0.140018
3.14082 0.0408177
3.14145 0.0414354
3.14177 0.141754
3.1419 0.0218952
3.1419 0.0218952
3.1419 0.0218952
3.14209 0.0217663
3.14209 0.0217663
3.14209 0.0220858
3.14241 0.0217618
3.14241 0.0220813
3.14241 0.0217618
3.14273 0.0427084
3.14305 0.143027
3.14337 0.043362
3.14369 0.143666
3.14401 0.143986
3.14413 0.0234877
3.14413 0.0231682
3.14413 0.0231682
3.14445 0.144434
3.14549 0.0454692
3.14581 0.0457887
3.1497 0.0496808
3.15142 0.151404
3.15271 0.152687
3.15408 0.0540797
3.15509 0.155068
3.15622 0.0561972
3.15654 0.0565167
3.16176 0.0217554
3.16176 0.0217554
3.16176 0.0217554
3.16211 0.021782
3.16211 0.021782
3.16211 0.0221015
3.16243 0.0624117
3.16256 0.0219104
3.16256 0.0222299
3.16256 0.0219104
3.16275 0.022101
3.16275 0.0217815
3.16275 0.0217815
3.16836 0.0683436
3.16908 0.0690618
3.16974 0.0697234
3.17028 0.0702607
3.17156 0.0715444
3.17673 0.0767161
3.17992 0.0798972
3.18179 0.0217741
3.18179 0.0217741
3.18179 0.0217741
3.1821 0.0217696
3.1821 0.0217696
3.1821 0.0220891
3.18242 0.0217651
3.18242 0.0220846
3.18242 0.0217651
3.18273 0.0220801
3.18273 0.0217606
3.18273 0.0217606
3.18635 0.086329
3.18667 0.0866485
3.18699 0.086968
3.19527 0.0952501
3.19689 0.0968906
3.19858 0.0985641
3.20086 0.100858
3.20152 0.101505
3.20197 0.101949
3.2021 0.0220811
3.2021 0.0220811
3.2021 0.0220811
3.2021 0.0217616
3.2021 0.0217616
3.2021 0.0220811
3.20222 0.0222095
3.20241 0.0217611
3.20241 0.0220806
3.20241 0.0217611
3.20273 0.0220761
3.20273 0.0217566
3.20273 0.0217566
3.20436 0.104337
3.20483 0.104812
3.20705 0.107029
3.20799 0.10797
3.20937 0.109353
3.20997 0.109947
3.2105 0.110484
3.21082 0.110804
3.21082 0.110804
3.21217 0.11215
3.21249 0.112461
3.21306 0.113038
3.21338 0.113357
3.21338 0.113357
3.2137 0.113676
3.21401 0.113996
3.2153 0.11528
3.21562 0.115599
3.21659 0.116572
3.21766 0.117638
3.21866 0.118642
3.22047 0.120454
3.22197 0.021957
3.2221 0.0217659
3.2221 0.0217659
3.2221 0.0217659
3.22242 0.0217614
3.22242 0.0217614
3.22242 0.0220809
3.22283 0.122812
3.22296 0.0219831
3.22296 0.0223026
3.22296 0.0219831
3.22309 0.0221115
3.22309 0.021792
3.22309 0.021792
3.22341 0.123388
3.22394 0.123926
3.22451 0.124494
3.22555 0.0255328
3.22587 0.025849
3.22843 0.028408
3.22884 0.12882
3.22916 0.129139
3.22916 0.129139
3.22994 0.129926
3.23135 0.0313345
3.23183 0.0318016
3.23308 0.0330622
3.2339 0.133879
3.23422 0.0341988
3.23469 0.0346739
3.23517 0.135148
3.23561 0.0355901
3.23727 0.137249
3.23889 0.138875
3.23921 0.0391952
3.24015 0.140136
3.24094 0.0409117
3.24154 0.0415223
3.24186 0.141841
3.24199 0.0219596
3.24199 0.0219596
3.24199 0.0219596
3.24212 0.0217685
3.24212 0.0217685
3.24212 0.022088
3.24243 0.021764
3.24243 0.0220835
3.24243 0.021764
3.24278 0.0427642
3.24291 0.022243
3.24291 0.0219235
3.24291 0.0219235
3.24323 0.143211
3.24323 0.143211
3.24355 0.0435237
3.24387 0.14385
3.24441 0.144388
3.24547 0.0454543
3.24579 0.0457738
3.24969 0.0496692
3.25141 0.151389
3.25266 0.152641
3.25404 0.0540197
3.25517 0.155147
3.2562 0.0561823
3.25652 0.0565018
3.26178 0.0217803
3.26178 0.0217803
3.26178 0.0217803
3.2621 0.0217758
3.2621 0.0217758
3.2621 0.0220953
3.26241 0.0623969
3.26254 0.0219042
3.26254 0.0222237
3.26254 0.0219042
3.26273 0.0220948
3.26273 0.0217752
3.26273 0.0217752
3.26837 0.0683598
3.2691 0.069078
3.26973 0.0697085
3.27029 0.0702769
3.27158 0.0715606
3.27672 0.0767012
3.2799 0.0798823
3.28177 0.0217678
3.28177 0.0217678
3.28177 0.0217678
3.28209 0.0217633
3.28209 0.0217633
3.28209 0.0220828
3.2824 0.0217588
3.2824 0.0220783
3.2824 0.0217588
3.28275 0.0221049
3.28275 0.0217854
3.28275 0.0217854
3.28636 0.0863452
3.28668 0.0866647
3.287 0.0869842
3.29525 0.0952352
3.29691 0.0968843
3.2986 0.0985803
3.30097 0.100945
3.30154 0.101521
3.30195 0.101934
3.30208 0.0220749
3.30208 0.0220749
3.30208 0.0220749
3.30208 0.0217554
3.30208 0.0217554
3.30208 0.0220749
3.30221 0.0222033
3.3024 0.0217549
3.3024 0.0220744
3.3024 0.0217549
3.30275 0.022101
3.30275 0.0217815
3.30275 0.0217815
3.30443 0.104415
3.30485 0.104828
3.30703 0.107014
3.3081 0.10808
3.30935 0.109338
3.30998 0.109963
3.31046 0.110438
3.31078 0.110758
3.31078 0.110758
3.31181 0.111793
3.31219 0.112183
3.31313 0.113116
3.31345 0.113435
3.31345 0.113435
3.3138 0.113804
3.31412 0.114106
3.31535 0.115327
3.31566 0.115647
3.31654 0.116526
3.31764 0.117623
3.31861 0.118596
3.32049 0.12047
3.32196 0.0219508
3.32209 0.0217597
3.32209 0.0217597
3.32209 0.0217597
3.3224 0.0217552
3.3224 0.0217552
3.3224 0.0220747
3.32282 0.122797
3.32294 0.0219769
3.32294 0.0222964
3.32294 0.0219769
3.32307 0.0221053
3.32307 0.0217858
3.32307 0.0217858
3.32339 0.123373
3.32458 0.124581
3.3249 0.124883
3.32556 0.025535
3.32588 0.0258652
3.32841 0.0283931
3.32885 0.128836
3.32917 0.129156
3.32917 0.129156
3.3298 0.129786
3.33131 0.0312885
3.33181 0.0317954
3.33313 0.0331095
3.33391 0.133895
3.33423 0.0342151
3.33471 0.0346901
3.33518 0.135164
3.3356 0.0355647
3.33725 0.137234
3.33906 0.139047
3.33938 0.0393669
3.34001 0.139997
3.34093 0.0408978
3.34124 0.141227
3.34156 0.041547
3.34179 0.0217668
3.34179 0.0217668
3.34179 0.0217668
3.3421 0.0217623
3.3421 0.0217623
3.3421 0.0220818
3.34242 0.0217578
3.34242 0.0220773
3.34242 0.0217578
3.34277 0.142748
3.34309 0.0430688
3.34341 0.0433891
3.34373 0.143707
3.34404 0.144027
3.34417 0.0235148
3.34417 0.0231953
3.34417 0.0231953
3.34449 0.144474
3.34547 0.0454479
3.34578 0.0457674
3.34968 0.0496661
3.35146 0.151444
3.35275 0.152728
3.35409 0.0540615
3.35516 0.15514
3.35626 0.0562381
3.35657 0.0565576
3.3618 0.0217825
3.3618 0.0217825
3.3618 0.0217825
3.36212 0.021778
3.36212 0.021778
3.36212 0.0220975
3.36244 0.0624215
3.36257 0.0219064
3.36257 0.0222259
3.36257 0.0219064
3.36276 0.022097
3.36276 0.0217775
3.36276 0.0217775
3.36836 0.0683534
3.36903 0.0690094
3.36978 0.0697643
3.37032 0.0703016
3.37157 0.0715542
3.37671 0.0766948
3.37989 0.0798759
3.38179 0.02177
3.38179 0.02177
3.38179 0.02177
3.38211 0.0217655
3.38211 0.0217655
3.38211 0.0220851
3.38242 0.0217611
3.38242 0.0220806
3.38242 0.0217611
3.38274 0.0220761
3.38274 0.0217566
3.38274 0.0217566
3.38629 0.0862766
3.38661 0.0865961
3.38693 0.0869156
3.39525 0.0952288
3.3969 0.0968865
3.39865 0.0986361
3.40087 0.100854
3.40159 0.101577
3.40191 0.101896
3.40204 0.0220149
3.40204 0.0220149
3.40204 0.0220149
3.40217 0.0218238
3.40217 0.0218238
3.40217 0.0221433
3.40242 0.0217571
3.40242 0.0220766
3.40242 0.0217571
3.40277 0.0221032
3.40277 0.0217837
3.40277 0.0217837
3.4044 0.104378
3.40499 0.104977
3.40706 0.107039
3.40806 0.108042
3.40934 0.109332
3.41001 0.109988
3.41032 0.110307
3.41064 0.110627
3.41096 0.110946
3.41191 0.111888
3.41226 0.112234
3.41307 0.113056
3.41339 0.113375
3.41339 0.113375
3.41384 0.113814
3.41416 0.114139
3.41528 0.115267
3.4156 0.115586
3.41661 0.11659
3.41767 0.117656
3.41799 0.117976
3.42046 0.120441
3.42199 0.0219615
3.42212 0.0217704
3.42212 0.0217704
3.42212 0.0217704
3.42243 0.0217659
3.42243 0.0217659
3.42243 0.0220854
3.42275 0.0217614
3.42275 0.0220809
3.42275 0.0217614
3.42307 0.123052
3.42339 0.123371
3.42352 0.0225288
3.42352 0.0222093
3.42352 0.0222093
3.42455 0.12453
3.42487 0.124854
3.42553 0.0255231
3.42585 0.0258361
3.42841 0.0283951
3.42886 0.128838
3.42917 0.129158
3.42917 0.129158
3.42981 0.129788
3.4314 0.0313839
3.43181 0.0318061
3.43297 0.032956
3.43385 0.133835
3.43417 0.0341549
3.43471 0.0346921
3.43518 0.135166
3.4356 0.0355873
3.43722 0.137205
3.43888 0.138862
3.4392 0.0391823
3.44014 0.140123
3.44083 0.0408188
3.44146 0.0414472
3.44178 0.141766
3.44191 0.0219019
3.44191 0.0219019
3.44191 0.0219019
3.4421 0.021773
3.4421 0.021773
3.4421 0.0220925
3.44242 0.0217685
3.44242 0.022088
3.44242 0.0217685
3.44274 0.0427203
3.44306 0.143039
3.44338 0.0433686
3.4437 0.143678
3.44401 0.143997
3.44414 0.0234944
3.44414 0.0231749
3.44414 0.0231749
3.44446 0.144445
3.44547 0.04545
3.44579 0.0457695
3.44968 0.0496714
3.45143 0.151415
3.45265 0.152637
3.45406 0.0540496
3.45516 0.155142
3.45619 0.0561779
3.45651 0.0564974
3.46177 0.0217621
3.46177 0.0217621
3.46177 0.0217621
3.46209 0.0217576
3.46209 0.0217576
3.46209 0.0220771
3.46244 0.0217842
3.46244 0.0221037
3.46244 0.0217842
3.46275 0.0627386
3.46288 0.0222321
3.46288 0.0219126
3.46288 0.0219126
3.46837 0.0683555
3.46934 0.0693225
3.46969 0.0696731
3.47041 0.0703969
3.47157 0.0715562
3.47668 0.0766658
3.47989 0.0798779
3.4818 0.0217807
3.4818 0.0217807
3.4818 0.0217807
3.48211 0.0217762
3.48211 0.0217762
3.48211 0.0220958
3.48243 0.0217717
3.48243 0.0220913
3.48243 0.0217717
3.48274 0.0220868
3.48274 0.0217673
3.48274 0.0217673
3.4863 0.0862786
3.48661 0.0865981
3.487 0.0869799
3.49525 0.0952309
3.49687 0.0968661
3.49865 0.0986381
3.5009 0.100895
3.50153 0.101517
3.50188 0.101867
3.50201 0.0219945
3.50201 0.0219945
3.50201 0.0219945
3.50214 0.0218034
3.50214 0.0218034
3.50214 0.0221229
3.50242 0.0217678
3.50242 0.0220873
3.50242 0.0217678
3.50274 0.0220828
3.50274 0.0217633
3.50274 0.0217633
3.50446 0.104442
3.50484 0.104824
3.50703 0.10701
3.50812 0.108107
3.50934 0.109334
3.51001 0.10999
3.51042 0.110403
3.51074 0.110722
3.51074 0.110722
3.51196 0.111944
3.51228 0.112275
3.51307 0.113049
3.51339 0.113369
3.5137 0.113688
3.51402 0.114012
3.51402 0.114008
3.51528 0.11526
3.5156 0.11558
3.51663 0.116615
3.51764 0.117619
3.51795 0.117938
3.52073 0.120715
3.52198 0.0219637
3.52211 0.0217726
3.52211 0.0217726
3.52211 0.0217726
3.52243 0.0217681
3.52243 0.0217681
3.52243 0.0220876
3.52281 0.122793
3.52294 0.0219587
3.52294 0.0222782
3.52294 0.0219587
3.52307 0.0220871
3.52307 0.0217676
3.52307 0.0217676
3.52339 0.123369
3.52454 0.124532
3.52486 0.124848
3.52559 0.0255649
3.52591 0.0258919
3.5284 0.0283887
3.52888 0.128863
3.5292 0.129182
3.5292 0.129182
3.5298 0.129782
3.53136 0.0313464
3.53184 0.0318083
3.53306 0.0330429
3.53388 0.133859
3.5342 0.0341796
3.5347 0.0346857
3.53518 0.13516
3.5355 0.035477
3.53718 0.137168
3.53906 0.139042
3.53938 0.0393626
3.54004 0.140023
3.54083 0.0408134
3.54155 0.0415341
3.54187 0.141853
3.542 0.0219974
3.542 0.0219974
3.542 0.0219974
3.54213 0.0218063
3.54213 0.0218063
3.54213 0.0221258
3.54241 0.0217707
3.54241 0.0220902
3.54241 0.0217707
3.54276 0.0427449
3.54289 0.0222497
3.54289 0.0219302
3.54289 0.0219302
3.5433 0.0432731
3.54362 0.143605
3.54362 0.143605
3.54394 0.143924
3.54442 0.144399
3.54548 0.0454662
3.5458 0.0457857
3.5497 0.049691
3.55145 0.151432
3.55267 0.152653
3.55405 0.0540207
3.55508 0.155065
3.55624 0.0562252
3.55656 0.0565447
3.56176 0.0217558
3.56176 0.0217558
3.56176 0.0217558
3.5621 0.0217824
3.5621 0.0217824
3.5621 0.022102
3.56242 0.021778
3.56242 0.0220975
3.56242 0.021778
3.56286 0.0628481
3.56299 0.0223503
3.56299 0.0220308
3.56299 0.0220308
3.56835 0.0683406
3.56939 0.0693698
3.5697 0.0696893
3.57043 0.0704132
3.57156 0.0715414
3.57673 0.0767131
3.57991 0.0798942
3.58178 0.0217745
3.58178 0.0217745
3.58178 0.0217745
3.58209 0.02177
3.58209 0.02177
3.58209 0.0220895
3.58241 0.0217655
3.58241 0.022085
3.58241 0.0217655
3.58272 0.0220805
3.58272 0.021761
3.58272 0.021761
3.58631 0.0862949
3.58663 0.0866144
3.58695 0.0869339
3.59526 0.0952471
3.59692 0.096891
3.59867 0.0986544
3.60098 0.100951
3.60155 0.101533
3.60177 0.0217621
3.60177 0.0217621
3.60177 0.0217621
3.60209 0.102074
3.60222 0.0218904
3.60222 0.0218904
3.60222 0.0222099
3.60241 0.0217615
3.60241 0.022081
3.60241 0.0217615
3.60272 0.0220765
3.60272 0.021757
3.60272 0.021757
3.60444 0.104427
3.60482 0.104809
3.60763 0.107617
3.60801 0.107999
3.60936 0.10935
3.60996 0.109944
3.6105 0.110481
3.61082 0.110801
3.61082 0.110801
3.61179 0.111773
3.61223 0.112215
3.61314 0.113128
3.61346 0.113447
3.61346 0.113447
3.61381 0.11381
3.61413 0.114117
3.61539 0.11537
3.61571 0.11569
3.61652 0.116507
3.61765 0.117635
3.61797 0.117954
3.62047 0.120451
3.62197 0.0219575
3.6221 0.0217664
3.6221 0.0217664
3.6221 0.0217664
3.62241 0.0217619
3.62241 0.0217619
3.62241 0.0220814
3.62282 0.122809
3.62295 0.0219836
3.62295 0.0223031
3.62295 0.0219836
3.62308 0.022112
3.62308 0.0217925
3.62308 0.0217925
3.6234 0.123385
3.62456 0.124557
3.62488 0.124864
3.62557 0.0255671
3.62589 0.0258771
3.62842 0.0284049
3.62893 0.12891
3.62925 0.12923
3.62925 0.12923
3.62981 0.129798
3.63132 0.0313004
3.63182 0.0318021
3.63307 0.0330591
3.63389 0.133875
3.63421 0.0341958
3.63469 0.0346708
3.63516 0.135145
3.6361 0.0360737
3.63723 0.137215
3.63889 0.138872
3.63921 0.0391922
3.64012 0.140102
3.64084 0.0408276
3.64147 0.041457
3.64179 0.141776
3.64192 0.0218979
3.64192 0.0218979
3.64192 0.0218979
3.64211 0.021769
3.64211 0.021769
3.64211 0.0220885
3.64243 0.0217645
3.64243 0.022084
3.64243 0.0217645
3.64274 0.0427301
3.64306 0.143049
3.64338 0.0433646
3.6437 0.143688
3.64402 0.144007
3.64415 0.0234904
3.64415 0.0231709
3.64415 0.0231709
3.64447 0.144455
3.64551 0.0454909
3.64583 0.0458104
3.64969 0.0496878
3.65138 0.151363
3.65269 0.152678
3.65404 0.0540314
3.65504 0.155028
3.6562 0.0561877
3.65652 0.0565072
3.66178 0.0217581
3.66178 0.0217581
3.66178 0.0217581
3.66213 0.0217847
3.66213 0.0217847
3.66213 0.0221042
3.66244 0.0217802
3.66244 0.0220997
3.66244 0.0217802
3.66276 0.0627484
3.66289 0.0222281
3.66289 0.0219086
3.66289 0.0219086
3.66837 0.0683653
3.66932 0.0693012
3.6697 0.0696829
3.67039 0.0703756
3.67155 0.0715349
3.67675 0.0767378
3.6799 0.0798878
3.6818 0.0217767
3.6818 0.0217767
3.6818 0.0217767
3.68212 0.0217722
3.68212 0.0217722
3.68212 0.0220917
3.68243 0.0217677
3.68243 0.0220872
3.68243 0.0217677
3.68275 0.0220828
3.68275 0.0217632
3.68275 0.0217632
3.6863 0.0862884
3.68662 0.0866079
3.687 0.0869897
3.69526 0.0952407
3.69688 0.0968621
3.69866 0.098648
3.70088 0.10086
3.70154 0.101526
3.70199 0.10197
3.70211 0.0220838
3.70211 0.0220838
3.70211 0.0220838
3.70211 0.0217643
3.70211 0.0217643
3.70211 0.0220838
3.70224 0.0222122
3.70243 0.0217638
3.70243 0.0220833
3.70243 0.0217638
3.70275 0.0220788
3.70275 0.0217593
3.70275 0.0217593
3.70447 0.104452
3.70482 0.104803
3.70763 0.10761
3.7081 0.108085
3.70935 0.109344
3.70998 0.109969
3.71043 0.110413
3.71075 0.110732
3.71075 0.110732
3.71206 0.112047
3.71238 0.112351
3.71307 0.113059
3.71339 0.113379
3.71339 0.113379
3.71381 0.113781
3.71413 0.114111
3.71541 0.115395
3.71573 0.115714
3.71676 0.116749
3.71764 0.117628
3.71796 0.117948
3.72046 0.120445
3.72196 0.0219597
3.72209 0.0217686
3.72209 0.0217686
3.72209 0.0217686
3.7224 0.0217641
3.7224 0.0217641
3.7224 0.0220836
3.72272 0.0217596
3.72272 0.0220791
3.72272 0.0217596
3.72304 0.123024
3.72317 0.0222075
3.72317 0.021888
3.72317 0.021888
3.72349 0.123472
3.72455 0.124528
3.72487 0.124858
3.7256 0.0255693
3.72592 0.0259017
3.72841 0.0283985
3.72898 0.128966
3.72898 0.128966
3.7293 0.129286
3.72981 0.129792
3.7314 0.0313873
3.73181 0.0318043
3.73307 0.0330527
3.73391 0.1339
3.73423 0.0342205
3.73468 0.0346644
3.73518 0.13517
3.73613 0.0361105
3.73722 0.137208
3.73894 0.138928
3.73926 0.0392479
3.74014 0.140127
3.74093 0.0409124
3.74146 0.0414506
3.74178 0.141769
3.74191 0.0219001
3.74191 0.0219001
3.74191 0.0219001
3.7421 0.0217712
3.7421 0.0217712
3.7421 0.0220907
3.74242 0.0217667
3.74242 0.0220862
3.74242 0.0217667
3.74274 0.0427236
3.74287 0.0222146
3.74287 0.0218951
3.74287 0.0218951
3.74319 0.143171
3.7435 0.0434952
3.74382 0.14381
3.74382 0.14381
3.74439 0.144378
3.74549 0.045476
3.74581 0.0457955
3.74971 0.0496762
3.75143 0.15141
3.75271 0.152694
3.75405 0.0540336
3.75512 0.155106
3.75622 0.0562039
3.75654 0.0565234
3.7618 0.0217829
3.7618 0.0217829
3.7618 0.0217829
3.76211 0.0217784
3.76211 0.0217784
3.76211 0.0220979
3.76243 0.0217739
3.76243 0.0220934
3.76243 0.0217739
3.76275 0.0627335
3.76288 0.0222218
3.76288 0.0219023
3.76288 0.0219023
3.76836 0.0683504
3.7693 0.0692863
3.76974 0.0697302
3.77031 0.0702985
3.77157 0.0715512
3.77671 0.0766918
3.77989 0.0798729
3.78179 0.0217705
3.78179 0.0217705
3.78179 0.0217705
3.7821 0.021766
3.7821 0.021766
3.7821 0.0220855
3.78242 0.0217615
3.78242 0.022081
3.78242 0.0217615
3.78273 0.0220765
3.78273 0.021757
3.78273 0.021757
3.78632 0.0863047
3.78664 0.0866242
3.78699 0.0869748
3.79524 0.0952258
3.7969 0.096887
3.79865 0.0986331
3.80086 0.100854
3.80153 0.101512
3.80197 0.101956
3.8021 0.0220775
3.8021 0.0220775
3.8021 0.0220775
3.8021 0.021758
3.8021 0.021758
3.8021 0.0220775
3.80223 0.0222059
3.80242 0.0217575
3.80242 0.022077
3.80242 0.0217575
3.80276 0.0221036
3.80276 0.0217841
3.80276 0.0217841
3.80445 0.104437
3.80483 0.104819
3.80767 0.107658
3.80799 0.107977
3.80937 0.10936
3.80994 0.109923
3.8105 0.110491
3.81082 0.11081
3.81082 0.11081
3.81186 0.111845
3.81221 0.112197
3.81306 0.113044
3.81338 0.113364
3.8137 0.113683
3.81402 0.114001
3.81402 0.114003
3.81549 0.115473
3.81581 0.115793
3.81675 0.116734
3.81766 0.117645
3.81863 0.118617
3.82047 0.120461
3.82198 0.0219535
3.8221 0.0217624
3.8221 0.0217624
3.8221 0.0217624
3.82242 0.0217579
3.82242 0.0217579
3.82242 0.0220774
3.82293 0.122912
3.82305 0.0220729
3.82305 0.0223924
3.82305 0.0220729
3.82337 0.12336
3.8235 0.0225208
3.8235 0.0222013
3.8235 0.0222013
3.82392 0.1239
3.82451 0.124501
3.82561 0.0255942
3.82593 0.025918
3.8284 0.0283836
3.82884 0.128827
3.82916 0.129146
3.82916 0.129146
3.82979 0.129777
3.83129 0.0312791
3.8318 0.0317981
3.83305 0.0330378
3.8339 0.133885
3.83422 0.0342056
3.83469 0.0346807
3.8352 0.135186
3.83602 0.0360144
3.83718 0.137162
3.8389 0.138882
3.83922 0.039202
3.83994 0.139925
3.84082 0.0408073
3.84148 0.0414668
3.84192 0.14191
3.84205 0.0220494
3.84205 0.0220494
3.84205 0.0220494
3.84218 0.0218583
3.84218 0.0218583
3.84218 0.0221778
3.8424 0.0217604
3.8424 0.02208
3.8424 0.0217604
3.84278 0.042771
3.8431 0.14309
3.84342 0.0434228
3.84374 0.143729
3.84406 0.144048
3.84419 0.0235486
3.84419 0.0232291
3.84419 0.0232291
3.84451 0.144496
3.84548 0.0454696
3.8458 0.0457891
3.85029 0.0502641
3.85142 0.151404
3.85273 0.152719
3.85436 0.0543554
3.85518 0.155162
3.85624 0.0562286
3.85656 0.0565481
3.86179 0.0217852
3.86179 0.0217852
3.86179 0.0217852
3.86211 0.0217807
3.86211 0.0217807
3.86211 0.0221002
3.86242 0.0217762
3.86242 0.0220957
3.86242 0.0217762
3.86274 0.0627271
3.86287 0.0222241
3.86287 0.0219046
3.86287 0.0219046
3.86835 0.068344
3.86939 0.0693732
3.86974 0.0697238
3.87024 0.0702299
3.87156 0.0715448
3.8767 0.0766854
3.87991 0.0798976
3.88178 0.0217727
3.88178 0.0217727
3.88178 0.0217727
3.8821 0.0217682
3.8821 0.0217682
3.8821 0.0220877
3.88241 0.0217637
3.88241 0.0220832
3.88241 0.0217637
3.88273 0.0220787
3.88273 0.0217592
3.88273 0.0217592
3.88631 0.0862982
3.88663 0.0866178
3.88698 0.0869684
3.89526 0.0952505
3.89689 0.0968892
3.89867 0.0986578
3.90089 0.100887
3.90161 0.101598
3.90196 0.101949
3.90209 0.0220798
3.90209 0.0220798
3.90209 0.0220798
3.90209 0.0217603
3.90209 0.0217603
3.90209 0.0220798
3.90222 0.0222082
3.90241 0.0217597
3.90241 0.0220793
3.90241 0.0217597
3.90272 0.0220748
3.90272 0.0217553
3.90272 0.0217553
3.90438 0.104368
3.90483 0.104812
3.90763 0.10762
3.90808 0.108064
3.90936 0.109354
3.90993 0.109916
3.91025 0.110236
3.91057 0.110555
3.91089 0.110875
3.9118 0.111785
3.91302 0.112994
3.91334 0.113326
3.91334 0.113326
3.91366 0.113646
3.91398 0.113972
3.91398 0.113965
3.91539 0.115373
3.91571 0.115693
3.9168 0.11679
3.91765 0.117638
3.91862 0.118611
3.92047 0.120455
3.92197 0.0219557
3.9221 0.0217646
3.9221 0.0217646
3.9221 0.0217646
3.92241 0.0217601
3.92241 0.0217601
3.92241 0.0220796
3.92276 0.12275
3.92289 0.0219196
3.92289 0.0222391
3.92289 0.0219196
3.92305 0.0220791
3.92305 0.0217596
3.92305 0.0217596
3.92337 0.123357
3.92462 0.124595
3.92494 0.12493
3.9256 0.0255964
3.92592 0.0259115
3.92842 0.0284083
3.92886 0.128851
3.92918 0.129171
3.92918 0.129171
3.92994 0.129926
3.93132 0.0313038
3.93182 0.0318003
3.93304 0.0330314
3.93395 0.133941
3.93427 0.0342614
3.93469 0.0346742
3.93516 0.135148
3.93607 0.0360512
3.93723 0.137218
3.93895 0.138937
3.93927 0.0392578
3.94012 0.140105
3.94094 0.040915
3.94147 0.0414604
3.94192 0.141904
3.94205 0.0220205
3.94205 0.0220205
3.94205 0.0220205
3.94217 0.0218294
3.94217 0.0218294
3.94217 0.0221489
3.94243 0.0217627
3.94243 0.0220822
3.94243 0.0217627
3.94275 0.0427335
3.94307 0.143052
3.94338 0.0433628
3.9437 0.143691
3.94402 0.144011
3.94415 0.0234886
3.94415 0.0231691
3.94415 0.0231691
3.94447 0.144459
3.94548 0.0454632
3.94579 0.0457827
3.95028 0.0502525
3.95141 0.151398
3.95279 0.152775
3.95444 0.0544198
3.95508 0.155062
3.9562 0.0561911
3.95652 0.0565106
3.96178 0.0217563
3.96178 0.0217563
3.96178 0.0217563
3.96213 0.0217829
3.96213 0.0217829
3.96213 0.0221024
3.96244 0.0217784
3.96244 0.0220979
3.96244 0.0217784
3.96295 0.0629384
3.96308 0.0224129
3.96308 0.0220934
3.96308 0.0220934
3.96834 0.0683376
3.96938 0.0693668
3.96976 0.0697485
3.97039 0.070379
3.97155 0.0715383
3.97672 0.0767101
3.9799 0.0798911
3.9818 0.0217749
3.9818 0.0217749
3.9818 0.0217749
3.98212 0.0217704
3.98212 0.0217704
3.98212 0.02209
3.98243 0.021766
3.98243 0.0220855
3.98243 0.021766
3.98275 0.022081
3.98275 0.0217615
3.98275 0.0217615
3.98634 0.0863229
3.98665 0.0866424
3.98701 0.0869931
3.99526 0.0952441
3.99691 0.0968914
3.99857 0.098558
4.00097 0.100952
4.00154 0.10153
4.00186 0.101849
4.00199 0.0219887
4.00199 0.0219887
4.00199 0.0219887
4.00212 0.0217976
4.00212 0.0217976
4.00212 0.0221171
4.0024 0.021762
4.0024 0.0220815
4.0024 0.021762
4.00272 0.022077
4.00272 0.0217575
4.00272 0.0217575
4.00438 0.104365
4.00482 0.104809
4.00763 0.107617
4.00798 0.107968
4.00936 0.10935
4.00996 0.109944
4.01049 0.110481
4.01081 0.110801
4.01081 0.110801
4.0121 0.112084
4.01307 0.113053
4.01339 0.113377
4.01339 0.113377
4.01371 0.113696
4.01403 0.114
4.01403 0.114016
4.01547 0.115455
4.01579 0.115774
4.01679 0.116778
4.01764 0.117627
4.01861 0.118599
4.02049 0.120474
4.02196 0.0219526
4.02208 0.0217615
4.02208 0.0217615
4.02208 0.0217615
4.02243 0.0217881
4.02243 0.0217881
4.02243 0.0221076
4.02275 0.122738
4.02288 0.0219165
4.02288 0.022236
4.02288 0.0219165
4.02307 0.0221071
4.02307 0.0217875
4.02307 0.0217875
4.02339 0.123377
4.02461 0.124591
4.02493 0.124918
4.02562 0.0255933
4.02594 0.0259309
4.02841 0.0283966
4.02888 0.128871
4.0292 0.12919
4.0292 0.12919
4.02996 0.129945
4.0313 0.031292
4.03181 0.0317972
4.03306 0.0330508
4.03397 0.0339612
4.0347 0.0346851
4.03502 0.135004
4.03534 0.135323
4.03609 0.0360827
4.03722 0.137206
4.03894 0.138926
4.03926 0.039246
4.04023 0.140218
4.04092 0.0409148
4.04146 0.0414487
4.04178 0.141767
4.04191 0.0218929
4.04191 0.0218929
4.04191 0.0218929
4.0421 0.021764
4.0421 0.021764
4.0421 0.0220835
4.04241 0.0217595
4.04241 0.0220791
4.04241 0.0217595
4.04276 0.0427528
4.04308 0.143071
4.0434 0.0433908
4.04372 0.14371
4.04404 0.14403
4.04417 0.0235166
4.04417 0.0231971
4.04417 0.0231971
4.04449 0.144478
4.04549 0.0454825
4.04581 0.045802
4.05027 0.0502666
4.05143 0.151417
4.05271 0.152701
4.05431 0.0542923
4.05519 0.155175
4.05628 0.0562727
4.0566 0.0565922
4.0618 0.0217843
4.0618 0.0217843
4.0618 0.0217843
4.06212 0.0217798
4.06212 0.0217798
4.06212 0.0220993
4.06243 0.0217753
4.06243 0.0220948
4.06243 0.0217753
4.06275 0.06274
4.06288 0.0222232
4.06288 0.0219037
4.06288 0.0219037
4.06836 0.0683569
4.06934 0.0693239
4.06972 0.0697056
4.07041 0.0703984
4.07157 0.0715577
4.07674 0.0767294
4.07989 0.0798794
4.08179 0.0217718
4.08179 0.0217718
4.08179 0.0217718
4.08211 0.0217673
4.08211 0.0217673
4.08211 0.0220868
4.08242 0.0217628
4.08242 0.0220823
4.08242 0.0217628
4.08274 0.0220778
4.08274 0.0217583
4.08274 0.0217583
4.08635 0.0863423
4.08667 0.0866618
4.08699 0.0869813
4.09524 0.0952323
4.0969 0.0968883
4.09865 0.0986396
4.10087 0.100855
4.10153 0.101518
4.10178 0.0217594
4.10178 0.0217594
4.10178 0.0217594
4.1021 0.10209
4.10223 0.0218878
4.10223 0.0218878
4.10223 0.0222073
4.10242 0.0217588
4.10242 0.0220784
4.10242 0.0217588
4.10277 0.022105
4.10277 0.0217855
4.10277 0.0217855
4.10446 0.104444
4.10484 0.104825
4.10761 0.107602
4.108 0.107984
4.10937 0.109366
4.10994 0.109929
4.11051 0.110497
4.11083 0.110817
4.11083 0.110817
4.11199 0.111976
4.11293 0.112922
4.11325 0.113237
4.11325 0.113237
4.11357 0.113557
4.11389 0.11387
4.11389 0.113876
4.11539 0.115378
4.11571 0.115697
4.11681 0.116794
4.11762 0.117612
4.11863 0.118615
4.12047 0.120459
4.122 0.0219774
4.12213 0.0217863
4.12213 0.0217863
4.12213 0.0217863
4.12245 0.0217818
4.12245 0.0217818
4.12245 0.0221013
4.12277 0.122755
4.12289 0.0219102
4.12289 0.0222297
4.12289 0.0219102
4.12308 0.0221008
4.12308 0.0217813
4.12308 0.0217813
4.1234 0.123393
4.12453 0.124523
4.12485 0.124841
4.12561 0.0255871
4.12593 0.025916
4.12842 0.0284128
4.12884 0.128825
4.12916 0.129144
4.12916 0.129144
4.12988 0.129868
4.13132 0.0313082
4.13179 0.0317909
4.13314 0.0331292
4.13402 0.0340086
4.13468 0.0346702
4.135 0.134989
4.13532 0.135308
4.13604 0.0360177
4.13723 0.137223
4.13895 0.138942
4.13927 0.0392622
4.13987 0.139861
4.14094 0.0409115
4.14144 0.0414338
4.14192 0.141908
4.14205 0.0220422
4.14205 0.0220422
4.14205 0.0220422
4.14218 0.0218511
4.14218 0.0218511
4.14218 0.0221706
4.14243 0.0217844
4.14243 0.0221039
4.14243 0.0217844
4.14278 0.042769
4.1431 0.143088
4.14342 0.0434157
4.14374 0.143727
4.14406 0.144046
4.14419 0.0235414
4.14419 0.0232219
4.14419 0.0232219
4.14451 0.144494
4.14548 0.0454676
4.1458 0.0457871
4.15029 0.0502777
4.15132 0.151309
4.15276 0.152748
4.15432 0.0543171
4.15517 0.15516
4.15618 0.0561645
4.15649 0.056484
4.16179 0.021778
4.16179 0.021778
4.16179 0.021778
4.1621 0.0217735
4.1621 0.0217735
4.1621 0.022093
4.16242 0.021769
4.16242 0.0220885
4.16242 0.021769
4.16274 0.0627252
4.16286 0.0222169
4.16286 0.0218974
4.16286 0.0218974
4.16838 0.0683731
4.16932 0.069309
4.16979 0.069784
4.1703 0.0702902
4.17155 0.0715428
4.17669 0.0766834
4.17988 0.0798645
4.18178 0.0217656
4.18178 0.0217656
4.18178 0.0217656
4.18209 0.0217611
4.18209 0.0217611
4.18209 0.0220806
4.18244 0.0217877
4.18244 0.0221072
4.18244 0.0217877
4.18275 0.0221027
4.18275 0.0217832
4.18275 0.0217832
4.18631 0.0862963
4.18663 0.0866158
4.18701 0.0869975
4.19526 0.0952485
4.19689 0.0968821
4.19857 0.0985625
4.20088 0.10088
4.20151 0.101503
4.20199 0.101978
4.20212 0.0221037
4.20212 0.0221037
4.20212 0.0221037
4.20212 0.0217842
4.20212 0.0217842
4.20212 0.0221037
4.20225 0.0222321
4.20244 0.0217837
4.20244 0.0221032
4.20244 0.0217837
4.20275 0.0220987
4.20275 0.0217792
4.20275 0.0217792
4.20444 0.104429
4.20498 0.104966
4.20763 0.107618
4.20801 0.108
4.20936 0.109352
4.20992 0.109914
4.21049 0.110483
4.21081 0.110802
4.21081 0.110802
4.212 0.111993
4.21291 0.112885
4.21323 0.113222
4.21323 0.113222
4.21355 0.113542
4.21387 0.113863
4.21419 0.114181
4.21538 0.115371
4.2157 0.115691
4.21671 0.116695
4.21762 0.117605
4.21862 0.118609
4.22049 0.120484
4.222 0.0219797
4.22212 0.0217885
4.22212 0.0217885
4.22212 0.0217885
4.22244 0.0217841
4.22244 0.0217841
4.22244 0.0221036
4.22288 0.122873
4.22301 0.0220369
4.22301 0.0223564
4.22301 0.0220369
4.22333 0.12332
4.22346 0.0224848
4.22346 0.0221652
4.22346 0.0221652
4.22459 0.124587
4.22491 0.124897
4.2256 0.0255893
4.22592 0.0259096
4.22842 0.0284064
4.22883 0.128818
4.22915 0.129138
4.22915 0.129138
4.22981 0.1298
4.23134 0.0313329
4.23182 0.0317931
4.23316 0.0331539
4.23401 0.0340022
4.2347 0.0346949
4.23502 0.135014
4.23534 0.135333
4.2361 0.0360856
4.23716 0.137154
4.23892 0.138904
4.23923 0.0392247
4.24011 0.140103
4.24093 0.0409009
4.24147 0.0414585
4.24179 0.141777
4.24192 0.0218889
4.24192 0.0218889
4.24192 0.0218889
4.24211 0.02176
4.24211 0.02176
4.24211 0.0220795
4.24245 0.0217866
4.24245 0.0221061
4.24245 0.0217866
4.24277 0.0427626
4.24309 0.143081
4.24341 0.0433868
4.24373 0.14372
4.24405 0.14404
4.24418 0.0235126
4.24418 0.0231931
4.24418 0.0231931
4.2445 0.144488
4.2455 0.0454923
4.24582 0.0458118
4.25028 0.0502661
4.25128 0.151271
4.25263 0.152617
4.25438 0.0543504
4.25507 0.15506
4.2562 0.0561892
4.25652 0.0565087
4.26181 0.0217802
4.26181 0.0217802
4.26181 0.0217802
4.26213 0.0217757
4.26213 0.0217757
4.26213 0.0220953
4.26244 0.0217713
4.26244 0.0220908
4.26244 0.0217713
4.26276 0.0627498
4.26289 0.0222192
4.26289 0.0218996
4.26289 0.0218996
4.26837 0.0683667
4.26928 0.0692715
4.26979 0.0697776
4.27029 0.0702838
4.27158 0.0715675
4.27672 0.0767081
4.27987 0.0798581
4.28177 0.0217678
4.28177 0.0217678
4.28177 0.0217678
4.28208 0.0217633
4.28208 0.0217633
4.28208 0.0220828
4.2824 0.0217588
4.2824 0.0220783
4.2824 0.0217588
4.28275 0.0221049
4.28275 0.0217854
4.28275 0.0217854
4.2863 0.0862899
4.28662 0.0866094
4.287 0.0869911
4.29525 0.0952421
4.29691 0.0968843
4.29857 0.0985561
4.30097 0.100945
4.30151 0.101497
4.30179 0.0217865
4.30179 0.0217865
4.30179 0.0217865
4.30211 0.1021
4.30224 0.0219148
4.30224 0.0219148
4.30224 0.0222344
4.30243 0.0217859
4.30243 0.0221054
4.30243 0.0217859
4.30274 0.022101
4.30274 0.0217814
4.30274 0.0217814
4.30446 0.104453
4.305 0.104991
4.30762 0.107612
4.3081 0.108087
4.30935 0.109345
4.30995 0.109939
4.31049 0.110476
4.31081 0.110796
4.31081 0.110796
4.31221 0.112204
4.31291 0.112887
4.31323 0.113216
4.31355 0.113536
4.31355 0.113536
4.31386 0.113835
4.31418 0.114175
4.31541 0.115396
4.31573 0.115716
4.31682 0.116813
4.31764 0.11763
4.31861 0.118603
4.32049 0.120477
4.32196 0.0219508
4.32209 0.0217597
4.32209 0.0217597
4.32209 0.0217597
4.32243 0.0217863
4.32243 0.0217863
4.32243 0.0221058
4.32275 0.122742
4.32288 0.0219147
4.32288 0.0222342
4.32288 0.0219147
4.32326 0.123252
4.32339 0.0224248
4.32339 0.0221053
4.32339 0.0221053
4.32458 0.124559
4.3249 0.12489
4.32559 0.0255915
4.32591 0.0259032
4.32841 0.0284
4.32888 0.128874
4.3292 0.129194
4.3292 0.129194
4.32996 0.129949
4.3314 0.0313887
4.33181 0.0317954
4.33306 0.0330542
4.334 0.0339957
4.3347 0.0346885
4.33502 0.135007
4.33534 0.135327
4.33603 0.0360291
4.33716 0.137148
4.33894 0.138929
4.33926 0.0392494
4.34014 0.140128
4.34092 0.0409016
4.34146 0.0414521
4.34191 0.141895
4.34203 0.0220156
4.34203 0.0220156
4.34203 0.0220156
4.34216 0.0218245
4.34216 0.0218245
4.34216 0.022144
4.34241 0.0217578
4.34241 0.0220773
4.34241 0.0217578
4.34277 0.0427562
4.34308 0.143075
4.3434 0.043389
4.34372 0.143714
4.34404 0.144033
4.34417 0.0235148
4.34417 0.0231953
4.34417 0.0231953
4.34449 0.144481
4.34549 0.0454859
4.34581 0.0458054
4.35027 0.0502545
4.35131 0.151296
4.35265 0.152642
4.35437 0.0543527
4.35519 0.155178
4.35629 0.056276
4.3566 0.0565956
4.3618 0.0217825
4.3618 0.0217825
4.3618 0.0217825
4.36212 0.021778
4.36212 0.021778
4.36212 0.0220975
4.36243 0.0217735
4.36243 0.022093
4.36243 0.0217735
4.36275 0.0627434
4.36288 0.0222214
4.36288 0.0219019
4.36288 0.0219019
4.36836 0.0683603
4.36927 0.0692651
4.36972 0.069709
4.37026 0.0702462
4.37157 0.0715611
4.37671 0.0767017
4.37989 0.0798828
4.38179 0.02177
4.38179 0.02177
4.38179 0.02177
4.38211 0.0217655
4.38211 0.0217655
4.38211 0.022085
4.38242 0.021761
4.38242 0.0220805
4.38242 0.021761
4.38277 0.0221072
4.38277 0.0217876
4.38277 0.0217876
4.38639 0.0863768
4.38671 0.0866963
4.38702 0.0870158
4.39524 0.0952357
4.3969 0.0968865
4.39856 0.0985497
4.40096 0.100947
4.4015 0.10149
4.40201 0.101997
4.40213 0.0221082
4.40213 0.0221082
4.40213 0.0221082
4.40213 0.0217887
4.40213 0.0217887
4.40213 0.0221082
4.40226 0.0222366
4.40245 0.0217882
4.40245 0.0221077
4.40245 0.0217882
4.40277 0.0221032
4.40277 0.0217837
4.40277 0.0217837
4.40446 0.104447
4.40499 0.104984
4.40761 0.107605
4.408 0.107987
4.40937 0.10937
4.40994 0.109933
4.41048 0.11047
4.4108 0.110789
4.4108 0.110789
4.41183 0.111824
4.4129 0.11289
4.41322 0.11321
4.41354 0.113529
4.41354 0.113529
4.41386 0.113837
4.41418 0.114168
4.41537 0.115359
4.41569 0.115678
4.41672 0.116713
4.41763 0.117623
4.41861 0.118596
4.42048 0.120471
4.42198 0.021953
4.42211 0.0217619
4.42211 0.0217619
4.42211 0.0217619
4.42246 0.0217885
4.42246 0.0217885
4.42246 0.022108
4.42293 0.122922
4.42306 0.0220724
4.42306 0.0223919
4.42306 0.0220724
4.42338 0.12337
4.42351 0.0225203
4.42351 0.0222008
4.42351 0.0222008
4.42457 0.124561
4.42489 0.124884
4.42562 0.0255937
4.42594 0.0259279
4.4284 0.0283935
4.42881 0.128806
4.42913 0.129125
4.42913 0.129125
4.42983 0.129818
4.43133 0.0313201
4.4318 0.0317976
4.43315 0.033141
4.434 0.0339893
4.43469 0.0346821
4.43501 0.135001
4.43533 0.13532
4.43602 0.0360036
4.43715 0.137141
4.43893 0.138923
4.43925 0.039243
4.44004 0.140028
4.44092 0.040894
4.44145 0.0414456
4.44193 0.14192
4.44206 0.0220489
4.44206 0.0220489
4.44206 0.0220489
4.44219 0.0218578
4.44219 0.0218578
4.44219 0.0221773
4.44241 0.02176
4.44241 0.0220795
4.44241 0.02176
4.44273 0.0427187
4.44305 0.143037
4.44337 0.0433602
4.44369 0.143676
4.444 0.143996
4.44413 0.0234859
4.44413 0.0231664
4.44413 0.0231664
4.44445 0.144444
4.44549 0.0454795
4.44581 0.045799
4.45026 0.0502429
4.4513 0.151289
4.45264 0.152635
4.45436 0.0543549
4.45512 0.15511
4.45628 0.0562696
4.4566 0.0565891
4.4618 0.0217847
4.4618 0.0217847
4.4618 0.0217847
4.46211 0.0217802
4.46211 0.0217802
4.46211 0.0220997
4.46243 0.0217757
4.46243 0.0220952
4.46243 0.0217757
4.46275 0.062737
4.46287 0.0222236
4.46287 0.0219041
4.46287 0.0219041
4.46836 0.0683539
4.4693 0.0692898
4.4698 0.0697959
4.47028 0.0702709
4.47156 0.0715547
4.4767 0.0766953
4.47988 0.0798764
4.48179 0.0217723
4.48179 0.0217723
4.48179 0.0217723
4.4821 0.0217678
4.4821 0.0217678
4.4821 0.0220873
4.48242 0.0217633
4.48242 0.0220828
4.48242 0.0217633
4.48273 0.0220783
4.48273 0.0217588
4.48273 0.0217588
4.48632 0.0863081
4.48664 0.0866276
4.48699 0.0869783
4.49524 0.0952293
4.49689 0.0968888
4.49858 0.0985743
4.50089 0.100887
4.50152 0.101515
4.50178 0.0217598
4.50178 0.0217598
4.50178 0.0217598
4.5021 0.102087
4.50222 0.0218882
4.50222 0.0218882
4.50222 0.0222077
4.50241 0.0217593
4.50241 0.0220788
4.50241 0.0217593
4.50276 0.0221054
4.50276 0.0217859
4.50276 0.0217859
4.50445 0.104441
4.50499 0.104978
4.50761 0.107599
4.50802 0.108012
4.50937 0.109363
4.50993 0.109926
4.5105 0.110494
4.51082 0.110814
4.51082 0.110814
4.51201 0.112004
4.51289 0.112892
4.51321 0.113203
4.51321 0.113203
4.51353 0.113523
4.51385 0.113839
4.51417 0.114162
4.51533 0.115321
4.51565 0.115641
4.51681 0.1168
4.51763 0.117617
4.5186 0.11859
4.52047 0.120464
4.52197 0.0219552
4.5221 0.0217641
4.5221 0.0217641
4.5221 0.0217641
4.52242 0.0217596
4.52242 0.0217596
4.52242 0.0220791
4.52286 0.122853
4.52299 0.0220124
4.52299 0.0223319
4.52299 0.0220124
4.52331 0.123301
4.52344 0.0224603
4.52344 0.0221408
4.52344 0.0221408
4.52457 0.124563
4.52489 0.124877
4.52561 0.025596
4.52593 0.0259214
4.52843 0.0284182
4.52884 0.12883
4.52916 0.12915
4.52916 0.12915
4.52982 0.129811
4.53132 0.0313137
4.53183 0.0317998
4.53314 0.0331346
4.53402 0.034014
4.53468 0.0346757
4.535 0.134994
4.53532 0.135314
4.53611 0.0361026
4.53717 0.137166
4.53896 0.138947
4.53928 0.0392677
4.54012 0.140115
4.54094 0.0409394
4.54145 0.0414392
4.54177 0.141758
4.54189 0.0218645
4.54189 0.0218645
4.54189 0.0218645
4.54212 0.0217667
4.54212 0.0217667
4.54212 0.0220862
4.54243 0.0217622
4.54243 0.0220817
4.54243 0.0217622
4.54275 0.0427433
4.54307 0.143062
4.54339 0.0433624
4.54371 0.143701
4.54403 0.144021
4.54416 0.0234881
4.54416 0.0231686
4.54416 0.0231686
4.54448 0.144468
4.54548 0.0454731
4.5458 0.0457926
4.55029 0.0502624
4.55148 0.15147
4.55264 0.152629
4.55436 0.054326
4.55508 0.155072
4.5563 0.0562943
4.55662 0.0566138
4.56179 0.0217869
4.56179 0.0217869
4.56179 0.0217869
4.5621 0.0217824
4.5621 0.0217824
4.5621 0.0221019
4.56242 0.0217779
4.56242 0.0220974
4.56242 0.0217779
4.56274 0.0627306
4.56287 0.0222258
4.56287 0.0219063
4.56287 0.0219063
4.56835 0.0683475
4.56929 0.0692833
4.5698 0.0697895
4.57024 0.0702334
4.57156 0.0715482
4.57663 0.0766267
4.57988 0.0798699
4.58178 0.0217745
4.58178 0.0217745
4.58178 0.0217745
4.58209 0.02177
4.58209 0.02177
4.58209 0.0220895
4.58241 0.0217655
4.58241 0.022085
4.58241 0.0217655
4.58272 0.0220805
4.58272 0.021761
4.58272 0.021761
4.58631 0.0863017
4.58663 0.0866212
4.58695 0.0869407
4.59523 0.0952229
4.59692 0.096891
4.59858 0.0985679
4.60101 0.100983
4.60152 0.101509
4.60177 0.021762
4.60177 0.021762
4.60177 0.021762
4.60209 0.102081
4.60222 0.0218904
4.60222 0.0218904
4.60222 0.0222099
4.60241 0.0217615
4.60241 0.022081
4.60241 0.0217615
4.60275 0.0221076
4.60275 0.0217881
4.60275 0.0217881
4.60438 0.104372
4.60501 0.105002
4.6076 0.107593
4.60798 0.107974
4.60936 0.109357
4.60996 0.109951
4.6105 0.110488
4.61081 0.110808
4.61081 0.110808
4.61182 0.111811
4.61292 0.112894
4.61324 0.113228
4.61355 0.113547
4.61355 0.113547
4.61387 0.113872
4.61387 0.113867
4.61538 0.115368
4.6157 0.115688
4.61679 0.116785
4.61764 0.117633
4.61861 0.118606
4.62049 0.120481
4.62196 0.021949
4.62209 0.0217579
4.62209 0.0217579
4.62209 0.0217579
4.62243 0.0217845
4.62243 0.0217845
4.62243 0.022104
4.62275 0.122745
4.62288 0.0219129
4.62288 0.0222324
4.62288 0.0219129
4.62326 0.123255
4.62339 0.022423
4.62339 0.0221035
4.62339 0.0221035
4.62458 0.124557
4.6249 0.124893
4.62559 0.0255897
4.62591 0.0259066
4.62841 0.0284034
4.62885 0.128846
4.62917 0.129166
4.62917 0.129166
4.63002 0.130014
4.63131 0.0312988
4.63184 0.0318247
4.63306 0.0330575
4.63397 0.033968
4.6347 0.0346919
4.63502 0.135011
4.63534 0.13533
4.63603 0.0360066
4.63716 0.137151
4.63891 0.138901
4.63923 0.0392217
4.64001 0.140007
4.64092 0.0409233
4.64146 0.0414554
4.64191 0.141899
4.64203 0.0220138
4.64203 0.0220138
4.64203 0.0220138
4.64216 0.0218227
4.64216 0.0218227
4.64216 0.0221422
4.64245 0.0217871
4.64245 0.0221066
4.64245 0.0217871
4.64277 0.0427596
4.64309 0.143078
4.64341 0.0433873
4.64372 0.143717
4.64404 0.144037
4.64417 0.023513
4.64417 0.0231935
4.64417 0.0231935
4.64449 0.144485
4.6455 0.0454893
4.64582 0.0458088
4.65027 0.0502424
4.65131 0.151299
4.65265 0.152645
4.65437 0.0543509
4.65516 0.15515
4.65625 0.0562483
4.65657 0.0565678
4.6618 0.0217807
4.6618 0.0217807
4.6618 0.0217807
4.66212 0.0217762
4.66212 0.0217762
4.66212 0.0220957
4.66243 0.0217717
4.66243 0.0220912
4.66243 0.0217717
4.66275 0.0627468
4.66288 0.0222196
4.66288 0.0219001
4.66288 0.0219001
4.66836 0.0683637
4.66931 0.0692996
4.66972 0.0697124
4.67026 0.0702496
4.67157 0.0715645
4.67671 0.0767051
4.67989 0.0798862
4.68179 0.0217682
4.68179 0.0217682
4.68179 0.0217682
4.68211 0.0217637
4.68211 0.0217637
4.68211 0.0220833
4.68242 0.0217593
4.68242 0.0220788
4.68242 0.0217593
4.68277 0.0221054
4.68277 0.0217859
4.68277 0.0217859
4.68632 0.0863179
4.68664 0.0866375
4.68696 0.086957
4.69525 0.0952391
4.6969 0.0968847
4.69856 0.0985531
4.70099 0.100976
4.7015 0.101494
4.70201 0.102
4.70213 0.0221064
4.70213 0.0221064
4.70213 0.0221064
4.70213 0.0217869
4.70213 0.0217869
4.70213 0.0221064
4.70226 0.0222348
4.70245 0.0217864
4.70245 0.0221059
4.70245 0.0217864
4.70277 0.0221014
4.70277 0.0217819
4.70277 0.0217819
4.70436 0.104357
4.70487 0.104863
4.70762 0.107609
4.70797 0.107959
4.70937 0.109373
4.70994 0.109936
4.71048 0.110473
4.7108 0.110793
4.7108 0.110793
4.71183 0.111828
4.7129 0.112888
4.71322 0.113213
4.71354 0.113533
4.71354 0.113533
4.71386 0.113835
4.71418 0.114172
4.71543 0.115424
4.71575 0.115744
4.71672 0.116716
4.71763 0.117627
4.71861 0.1186
4.72048 0.120474
4.72195 0.0219512
4.72208 0.0217601
4.72208 0.0217601
4.72208 0.0217601
4.72243 0.0217867
4.72243 0.0217867
4.72243 0.0221062
4.72275 0.122739
4.72287 0.0219151
4.72287 0.0222346
4.72287 0.0219151
4.72306 0.0221057
4.72306 0.0217862
4.72306 0.0217862
4.72338 0.123377
4.72457 0.124559
4.72489 0.124887
4.72562 0.0255919
4.72594 0.0259313
4.7284 0.0283969
4.72897 0.128964
4.72897 0.128964
4.72929 0.129284
4.72992 0.129915
4.7313 0.0312924
4.7318 0.0317958
4.73306 0.0330511
4.73403 0.0340238
4.73469 0.0346855
4.73501 0.135004
4.73533 0.135324
4.73609 0.0360745
4.73715 0.137145
4.73896 0.138957
4.73928 0.0392775
4.74004 0.140032
4.74092 0.0408868
4.74145 0.041449
4.74177 0.141768
4.7419 0.0218916
4.7419 0.0218916
4.7419 0.0218916
4.74209 0.0217627
4.74209 0.0217627
4.74209 0.0220822
4.74241 0.0217582
4.74241 0.0220777
4.74241 0.0217582
4.74273 0.0427221
4.74305 0.143041
4.74337 0.0433584
4.74369 0.14368
4.74401 0.143999
4.74413 0.0234841
4.74413 0.0231646
4.74413 0.0231646
4.74445 0.144447
4.74549 0.0454829
4.74581 0.0458024
4.75026 0.0502619
4.75133 0.151324
4.75268 0.15267
4.75436 0.0543531
4.75509 0.155082
4.75628 0.056273
4.7566 0.0565925
4.7618 0.0217829
4.7618 0.0217829
4.7618 0.0217829
4.76211 0.0217784
4.76211 0.0217784
4.76211 0.0220979
4.76243 0.0217739
4.76243 0.0220934
4.76243 0.0217739
4.76275 0.0627404
4.76287 0.0222218
4.76287 0.0219023
4.76287 0.0219023
4.76836 0.0683573
4.76939 0.0693865
4.76981 0.0697993
4.77031 0.0703054
4.77156 0.071558
4.7767 0.0766987
4.77989 0.0798797
4.78179 0.0217705
4.78179 0.0217705
4.78179 0.0217705
4.7821 0.021766
4.7821 0.021766
4.7821 0.0220855
4.78242 0.0217615
4.78242 0.022081
4.78242 0.0217615
4.78276 0.0221076
4.78276 0.0217881
4.78276 0.0217881
4.78635 0.0863426
4.78667 0.0866621
4.78699 0.0869817
4.79524 0.0952327
4.7969 0.096887
4.79855 0.0985466
4.80086 0.100854
4.80149 0.101487
4.80178 0.021758
4.80178 0.021758
4.80178 0.021758
4.8021 0.102091
4.80222 0.0218864
4.80222 0.0218864
4.80222 0.0222059
4.80245 0.0217886
4.80245 0.0221081
4.80245 0.0217886
4.80276 0.0221036
4.80276 0.0217841
4.80276 0.0217841
4.80439 0.104382
4.80486 0.104857
4.80761 0.107602
4.80802 0.108015
4.80937 0.109367
4.80994 0.109929
4.81047 0.110467
4.81079 0.110786
4.81079 0.110786
4.81183 0.111821
4.81289 0.11289
4.81321 0.113207
4.81321 0.113207
4.81353 0.113526
4.81385 0.113837
4.81417 0.114165
4.81539 0.115387
4.81571 0.115706
4.81672 0.11671
4.81763 0.11762
4.8186 0.118593
4.82047 0.120468
4.82198 0.0219535
4.8221 0.0217623
4.8221 0.0217623
4.8221 0.0217623
4.82242 0.0217578
4.82242 0.0217578
4.82242 0.0220773
4.82274 0.122732
4.82287 0.0218862
4.82287 0.0222057
4.82287 0.0218862
4.82325 0.123242
4.82338 0.0223963
4.82338 0.0220768
4.82338 0.0220768
4.82454 0.12453
4.82486 0.12485
4.82558 0.0255631
4.8259 0.0258937
4.8284 0.0283905
4.82884 0.128834
4.82916 0.129153
4.82916 0.129153
4.82982 0.129815
4.83132 0.0313171
4.83183 0.031798
4.83296 0.0329514
4.83399 0.0339863
4.83468 0.0346791
4.835 0.134998
4.83532 0.135317
4.83611 0.0360801
4.83718 0.137169
4.83896 0.138951
4.83928 0.039271
4.84012 0.140119
4.84091 0.0409095
4.84145 0.0414426
4.84177 0.141761
4.8419 0.0218938
4.8419 0.0218938
4.8419 0.0218938
4.84209 0.0217649
4.84209 0.0217649
4.84209 0.0220844
4.8424 0.0217604
4.8424 0.0220799
4.8424 0.0217604
4.84272 0.0427156
4.84304 0.143034
4.84317 0.0225278
4.84317 0.0222083
4.84317 0.0222083
4.84349 0.0434579
4.84381 0.143802
4.84381 0.143802
4.84444 0.144432
4.84538 0.0453747
4.8457 0.0456942
4.85028 0.0502729
4.85122 0.151216
4.85263 0.152624
4.85435 0.0543469
4.8552 0.155191
4.85626 0.0562581
4.85658 0.0565776
4.86178 0.0217767
4.86178 0.0217767
4.86178 0.0217767
4.8621 0.0217722
4.8621 0.0217722
4.8621 0.0220917
4.86241 0.0217677
4.86241 0.0220872
4.86241 0.0217677
4.86273 0.0627255
4.86286 0.0222156
4.86286 0.0218961
4.86286 0.0218961
4.8684 0.0683735
4.869 0.0689983
4.86979 0.0697844
4.87026 0.0702594
4.87155 0.0715432
4.87672 0.0767149
4.87987 0.0798649
4.88177 0.0217642
4.88177 0.0217642
4.88177 0.0217642
4.88209 0.0217597
4.88209 0.0217597
4.88209 0.0220792
4.88243 0.0217863
4.88243 0.0221058
4.88243 0.0217863
4.88275 0.0221014
4.88275 0.0217818
4.88275 0.0217818
4.8863 0.0862967
4.88662 0.0866162
4.88694 0.0869357
4.89525 0.0952489
4.89691 0.0968807
4.89857 0.0985629
4.90097 0.100941
4.90151 0.101504
4.90198 0.101979
4.90211 0.0221024
4.90211 0.0221024
4.90211 0.0221024
4.90211 0.0217829
4.90211 0.0217829
4.90211 0.0221024
4.90224 0.0222308
4.90243 0.0217824
4.90243 0.0221019
4.90243 0.0217824
4.90275 0.0220974
4.90275 0.0217779
4.90275 0.0217779
4.90437 0.104367
4.90485 0.104842
4.90765 0.10765
4.90797 0.107969
4.90938 0.109352
4.90995 0.109946
4.91049 0.110483
4.91081 0.110802
4.91113 0.111122
4.91182 0.111815
4.91295 0.112923
4.91327 0.113262
4.91327 0.113262
4.91359 0.113582
4.91391 0.113902
4.91391 0.113901
4.9155 0.115496
4.91582 0.115816
4.91679 0.116788
4.91761 0.117606
4.91861 0.118609
4.92049 0.120484
4.92199 0.0219783
4.92212 0.0217872
4.92212 0.0217872
4.92212 0.0217872
4.92243 0.0217827
4.92243 0.0217827
4.92243 0.0221022
4.92275 0.122748
4.92288 0.0219111
4.92288 0.0222306
4.92288 0.0219111
4.92326 0.123259
4.92339 0.0224212
4.92339 0.0221017
4.92339 0.0221017
4.92455 0.124524
4.92487 0.124866
4.92556 0.0255342
4.92588 0.0258789
4.92841 0.0284067
4.92885 0.12885
4.92917 0.129169
4.92917 0.129169
4.92993 0.129924
4.93131 0.0313022
4.93181 0.0317918
4.93294 0.0329365
4.93398 0.0339714
4.9347 0.0346953
4.93502 0.135014
4.93534 0.135333
4.93566 0.0356419
4.93716 0.137154
4.93894 0.138936
4.93926 0.0392562
4.93989 0.139886
4.94093 0.0409069
4.94146 0.0414588
4.94181 0.141809
4.94194 0.0219187
4.94194 0.0219187
4.94194 0.0219187
4.9421 0.0217587
4.9421 0.0217587
4.9421 0.0220782
4.94245 0.0217853
4.94245 0.0221048
4.94245 0.0217853
4.94277 0.042763
4.94309 0.143082
4.94341 0.0433855
4.94373 0.143721
4.94405 0.14404
4.94417 0.0235112
4.94417 0.0231917
4.94417 0.0231917
4.94449 0.144488
4.94537 0.0453683
4.94569 0.0456878
4.95027 0.0502613
4.95128 0.151272
4.95262 0.152617
4.95437 0.0543491
4.95519 0.155185
4.95626 0.0562517
4.95658 0.0565712
4.9618 0.0217789
4.9618 0.0217789
4.9618 0.0217789
4.96212 0.0217744
4.96212 0.0217744
4.96212 0.0220939
4.96243 0.0217699
4.96243 0.0220894
4.96243 0.0217699
4.96275 0.0627502
4.96288 0.0222178
4.96288 0.0218983
4.96288 0.0218983
4.9684 0.0683671
4.96909 0.0690852
4.96978 0.069778
4.97029 0.0702841
4.97157 0.0715679
4.97671 0.0767085
4.97986 0.0798584
4.9818 0.0217665
4.9818 0.0217665
4.9818 0.0217665
4.98211 0.021762
4.98211 0.021762
4.98211 0.0220815
4.98246 0.0217886
4.98246 0.0221081
4.98246 0.0217886
4.98277 0.0221036
4.98277 0.0217841
4.98277 0.0217841
4.98642 0.0864147
4.98674 0.0867342
4.98706 0.0870537
4.99525 0.0952425
4.9969 0.096883
4.99856 0.0985564
5.00096 0.100943
5.0015 0.101497
5.00179 0.0217851
5.00179 0.0217851
5.00179 0.0217851
5.0021 0.102101
5.00223 0.0219135
5.00223 0.0219135
5.00223 0.022233
5.00242 0.0217846
5.00242 0.0221041
5.00242 0.0217846
5.00274 0.0220996
5.00274 0.0217801
5.00274 0.0217801
5.00446 0.104457
5.00487 0.10487
5.00768 0.107678
5.008 0.107997
5.00938 0.109349
5.00995 0.109943
5.01048 0.11048
5.0108 0.110799
5.01112 0.111119
5.01185 0.111843
5.01294 0.112929
5.01326 0.113259
5.01326 0.113259
5.01358 0.113579
5.0139 0.113876
5.01422 0.114218
5.01544 0.115439
5.01576 0.115759
5.01655 0.116545
5.01762 0.117611
5.01859 0.118584
5.02049 0.120489
5.02196 0.0219611
5.02209 0.02177
5.02209 0.02177
5.02209 0.02177
5.02241 0.0217655
5.02241 0.0217655
5.02241 0.022085
5.02276 0.122754
5.02289 0.021925
5.02289 0.0222445
5.02289 0.021925
5.02305 0.0220845
5.02305 0.021765
5.02305 0.021765
5.02337 0.123361
5.02459 0.124569
5.02491 0.124902
5.02554 0.0255255
5.02586 0.025853
5.02842 0.028412
5.02886 0.128855
5.02918 0.129175
5.02918 0.129175
5.03015 0.130147
5.03131 0.0313075
5.03191 0.031899
5.03295 0.0329418
5.03401 0.0340078
5.0347 0.0347006
5.03502 0.135019
5.03534 0.135339
5.03566 0.0356367
5.0371 0.137098
5.03898 0.138972
5.0393 0.0392925
5.04005 0.140047
5.04093 0.0409244
5.0415 0.0414952
5.04182 0.141814
5.04195 0.0219326
5.04195 0.0219326
5.04195 0.0219326
5.04211 0.0217726
5.04211 0.0217726
5.04211 0.0220921
5.04242 0.0217681
5.04242 0.0220876
5.04242 0.0217681
5.04274 0.0427371
5.04306 0.143056
5.04338 0.0433683
5.0437 0.143695
5.04402 0.144014
5.04415 0.023494
5.04415 0.0231745
5.04415 0.0231745
5.04447 0.144462
5.04538 0.0453735
5.0457 0.0456931
5.05028 0.0502614
5.05131 0.151308
5.05266 0.152654
5.05438 0.054363
5.0551 0.155097
5.05626 0.056257
5.05658 0.0565765
5.06178 0.0217617
5.06178 0.0217617
5.06178 0.0217617
5.06212 0.0217883
5.06212 0.0217883
5.06212 0.0221078
5.06244 0.0217838
5.06244 0.0221033
5.06244 0.0217838
5.06276 0.0627555
5.06289 0.0222317
5.06289 0.0219122
5.06289 0.0219122
5.0684 0.0683724
5.06934 0.0693393
5.06979 0.0697833
5.07029 0.0702894
5.07158 0.0715731
5.07669 0.0766827
5.07987 0.0798637
5.0818 0.0217804
5.0818 0.0217804
5.0818 0.0217804
5.08211 0.0217759
5.08211 0.0217759
5.08211 0.0220954
5.08243 0.0217714
5.08243 0.0220909
5.08243 0.0217714
5.08274 0.0220864
5.08274 0.0217669
5.08274 0.0217669
5.08642 0.0864199
5.08674 0.0867394
5.08706 0.0870589
5.09525 0.0952478
5.09691 0.0968969
5.09857 0.0985617
5.10097 0.100957
5.10151 0.101502
5.10179 0.0217679
5.10179 0.0217679
5.10179 0.0217679
5.10211 0.102106
5.10224 0.0218963
5.10224 0.0218963
5.10224 0.0222158
5.10243 0.0217674
5.10243 0.0220869
5.10243 0.0217674
5.10274 0.0220824
5.10274 0.0217629
5.10274 0.0217629
5.10434 0.104335
5.105 0.104996
5.10762 0.107617
5.108 0.107999
5.10938 0.109351
5.10995 0.109945
5.11049 0.110482
5.1108 0.110801
5.11112 0.111121
5.11213 0.112125
5.11291 0.112908
5.11323 0.11323
5.11323 0.11323
5.11355 0.11355
5.11387 0.113856
5.11419 0.114189
5.11541 0.11541
5.11573 0.11573
5.11658 0.116578
5.11762 0.117613
5.11859 0.118586
5.12049 0.120491
5.122 0.0219718
5.12212 0.0217807
5.12212 0.0217807
5.12212 0.0217807
5.12244 0.0217762
5.12244 0.0217762
5.12244 0.0220957
5.12276 0.122756
5.12289 0.0219046
5.12289 0.0222241
5.12289 0.0219046
5.12308 0.0220952
5.12308 0.0217757
5.12308 0.0217757
5.1234 0.123394
5.12459 0.12458
5.12491 0.124904
5.12557 0.0255446
5.12589 0.0258862
5.12842 0.0284141
5.12886 0.128857
5.12918 0.129177
5.12918 0.129177
5.13003 0.130025
5.13137 0.0313717
5.13182 0.0318164
5.13295 0.0329439
5.13401 0.0340099
5.13471 0.0347026
5.13502 0.135021
5.13534 0.135341
5.13566 0.0356593
5.13723 0.137224
5.13901 0.139005
5.13933 0.0393257
5.14011 0.140111
5.14093 0.0409296
5.14144 0.0414351
5.14176 0.141754
5.14189 0.0218811
5.14189 0.0218811
5.14189 0.0218811
5.14211 0.0217833
5.14211 0.0217833
5.14211 0.0221028
5.14242 0.0217788
5.14242 0.0220983
5.14242 0.0217788
5.14277 0.0427703
5.14309 0.143089
5.14341 0.0434101
5.14373 0.143728
5.14405 0.144048
5.14418 0.0235358
5.14418 0.0232163
5.14418 0.0232163
5.1445 0.144495
5.14538 0.0453756
5.1457 0.0456951
5.15028 0.0502583
5.15122 0.151217
5.15269 0.152687
5.15435 0.0543426
5.1552 0.155192
5.15626 0.0562591
5.15658 0.0565786
5.16178 0.0217724
5.16178 0.0217724
5.16178 0.0217724
5.16209 0.0217679
5.16209 0.0217679
5.16209 0.0220874
5.16241 0.0217634
5.16241 0.0220829
5.16241 0.0217634
5.16273 0.0627264
5.16286 0.0222113
5.16286 0.0218918
5.16286 0.0218918
5.1684 0.0683744
5.16928 0.0692792
5.16979 0.0697853
5.17026 0.0702603
5.17158 0.0715752
5.17672 0.0767158
5.17987 0.0798658
5.1818 0.0217911
5.1818 0.0217911
5.1818 0.0217911
5.18212 0.0217866
5.18212 0.0217866
5.18212 0.0221061
5.18243 0.0217821
5.18243 0.0221016
5.18243 0.0217821
5.18275 0.0220971
5.18275 0.0217776
5.18275 0.0217776
5.18633 0.0863287
5.18665 0.0866482
5.18697 0.0869677
5.19485 0.0948455
5.19688 0.0968765
5.19854 0.0985327
5.20094 0.100937
5.20151 0.101504
5.20179 0.0217786
5.20179 0.0217786
5.20179 0.0217786
5.20211 0.102108
5.20224 0.021907
5.20224 0.021907
5.20224 0.0222265
5.20243 0.0217781
5.20243 0.0220976
5.20243 0.0217781
5.20274 0.0220931
5.20274 0.0217736
5.20274 0.0217736
5.20437 0.104368
5.20497 0.104967
5.20756 0.107557
5.20803 0.108032
5.20938 0.109353
5.20992 0.109916
5.21049 0.110484
5.21081 0.110803
5.21113 0.111123
5.21188 0.111878
5.21304 0.113012
5.21336 0.113357
5.21336 0.113357
5.21368 0.113676
5.214 0.113991
5.214 0.113996
5.21544 0.115435
5.21576 0.115754
5.21664 0.116634
5.21758 0.117575
5.21858 0.118579
5.22049 0.120485
5.22199 0.0219741
5.22212 0.0217829
5.22212 0.0217829
5.22212 0.0217829
5.22243 0.0217784
5.22243 0.0217784
5.22243 0.022098
5.22275 0.122749
5.22288 0.0219068
5.22288 0.0222263
5.22288 0.0219068
5.22326 0.123259
5.22339 0.0224169
5.22339 0.0220974
5.22339 0.0220974
5.22458 0.124551
5.2249 0.124898
5.22556 0.0255553
5.22588 0.0258798
5.22841 0.0284077
5.22895 0.128944
5.22927 0.129264
5.22927 0.129264
5.2299 0.129894
5.2313 0.0313031
5.23184 0.0318186
5.23294 0.0329374
5.23401 0.0340034
5.2347 0.0346962
5.23502 0.135015
5.23534 0.135334
5.23566 0.0356423
5.2371 0.137093
5.23897 0.138968
5.23929 0.0392882
5.23998 0.13998
5.24092 0.0408952
5.24146 0.0414598
5.24178 0.141778
5.24191 0.0218833
5.24191 0.0218833
5.24191 0.0218833
5.24213 0.0217855
5.24213 0.0217855
5.24213 0.022105
5.24245 0.021781
5.24245 0.0221005
5.24245 0.021781
5.24277 0.0427639
5.24309 0.143083
5.2434 0.0433812
5.24372 0.143722
5.24404 0.144041
5.24436 0.144361
5.24449 0.0238265
5.24449 0.023507
5.24449 0.023507
5.24537 0.0453692
5.24569 0.0456887
5.25027 0.0502467
5.25134 0.151335
5.25275 0.152743
5.2544 0.0543759
5.2551 0.155093
5.25619 0.0561904
5.25651 0.0565099
5.2618 0.0217746
5.2618 0.0217746
5.2618 0.0217746
5.26212 0.0217701
5.26212 0.0217701
5.26212 0.0220896
5.26243 0.0217656
5.26243 0.0220852
5.26243 0.0217656
5.26275 0.0627511
5.26288 0.0222135
5.26288 0.021894
5.26288 0.021894
5.2684 0.068368
5.26927 0.0692728
5.26972 0.0697167
5.27038 0.0703784
5.27157 0.0715688
5.27671 0.0767094
5.27986 0.0798594
5.28176 0.0217622
5.28176 0.0217622
5.28176 0.0217622
5.28211 0.0217888
5.28211 0.0217888
5.28211 0.0221083
5.28242 0.0217843
5.28242 0.0221038
5.28242 0.0217843
5.28274 0.0220993
5.28274 0.0217798
5.28274 0.0217798
5.28642 0.0864156
5.28674 0.0867351
5.28706 0.0870546
5.29484 0.0948391
5.2969 0.0968787
5.29856 0.0985574
5.30102 0.101001
5.3015 0.101498
5.30178 0.0217809
5.30178 0.0217809
5.30178 0.0217809
5.3021 0.102101
5.30223 0.0219092
5.30223 0.0219092
5.30223 0.0222287
5.30242 0.0217803
5.30242 0.0220998
5.30242 0.0217803
5.30274 0.0220953
5.30274 0.0217758
5.30274 0.0217758
5.30396 0.103957
5.30502 0.105023
5.30765 0.107644
5.30797 0.107964
5.30937 0.109346
5.30994 0.10994
5.31045 0.110446
5.31077 0.110766
5.31077 0.110766
5.31202 0.112018
5.3129 0.112882
5.31322 0.113217
5.31354 0.113537
5.31354 0.113537
5.31386 0.113829
5.31418 0.114176
5.31543 0.115429
5.31575 0.115748
5.3166 0.116596
5.3176 0.1176
5.31857 0.118573
5.32051 0.12051
5.32198 0.0219763
5.32211 0.0217852
5.32211 0.0217852
5.32211 0.0217852
5.32243 0.0217807
5.32243 0.0217807
5.32243 0.0221002
5.32274 0.122743
5.32287 0.0219091
5.32287 0.0222286
5.32287 0.0219091
5.32322 0.123222
5.32335 0.0223881
5.32335 0.0220686
5.32335 0.0220686
5.32457 0.124553
5.32489 0.124891
5.32559 0.025566
5.32591 0.0259045
5.3284 0.0284012
5.32885 0.128844
5.32917 0.129164
5.32917 0.129164
5.32989 0.129888
5.33133 0.0313278
5.33183 0.0318209
5.33293 0.032931
5.334 0.033997
5.33469 0.0346898
5.33501 0.135008
5.33533 0.135328
5.33571 0.0356876
5.33709 0.137087
5.33899 0.138993
5.33931 0.0393129
5.3401 0.140098
5.34092 0.0408919
5.34152 0.0415156
5.34184 0.141834
5.34196 0.0219478
5.34196 0.0219478
5.34196 0.0219478
5.34212 0.0217878
5.34212 0.0217878
5.34212 0.0221073
5.34244 0.0217833
5.34244 0.0221028
5.34244 0.0217833
5.34276 0.0427575
5.34308 0.143076
5.3434 0.0433834
5.34372 0.143715
5.34404 0.144035
5.34416 0.0235092
5.34416 0.0231897
5.34416 0.0231897
5.34448 0.144483
5.34536 0.0453628
5.34568 0.0456823
5.34946 0.0494264
5.35133 0.151328
5.35274 0.152736
5.35436 0.0543471
5.35509 0.155086
5.35618 0.056184
5.3565 0.0565035
5.3618 0.0217769
5.3618 0.0217769
5.3618 0.0217769
5.36211 0.0217724
5.36211 0.0217724
5.36211 0.0220919
5.36243 0.0624297
5.36256 0.0219008
5.36256 0.0222203
5.36256 0.0219008
5.36275 0.0220914
5.36275 0.0217718
5.36275 0.0217718
5.36839 0.0683616
5.36936 0.0693597
5.36971 0.0697103
5.37037 0.0703719
5.37156 0.0715624
5.3767 0.076703
5.37985 0.079853
5.38179 0.0217644
5.38179 0.0217644
5.38179 0.0217644
5.38213 0.021791
5.38213 0.021791
5.38213 0.0221105
5.38245 0.0217865
5.38245 0.022106
5.38245 0.0217865
5.38276 0.0221016
5.38276 0.021782
5.38276 0.021782
5.38632 0.0863158
5.38664 0.0866353
5.38696 0.0869549
5.39483 0.0948326
5.39689 0.0968809
5.39855 0.0985509
5.40096 0.100941
5.40149 0.101492
5.40181 0.0217831
5.40181 0.0217831
5.40181 0.0217831
5.40213 0.102126
5.40226 0.0219115
5.40226 0.0219115
5.40226 0.022231
5.40245 0.0217826
5.40245 0.0221021
5.40245 0.0217826
5.40276 0.0220976
5.40276 0.0217781
5.40276 0.0217781
5.40436 0.104355
5.40499 0.104985
5.40764 0.107638
5.40799 0.107988
5.4094 0.109371
5.40972 0.109716
5.41004 0.110036
5.4106 0.110604
5.41092 0.110923
5.41187 0.111865
5.4129 0.112892
5.41322 0.113219
5.41354 0.113539
5.41354 0.113539
5.41386 0.11384
5.41418 0.114178
5.41543 0.115431
5.41575 0.11575
5.41669 0.116692
5.4176 0.117602
5.41858 0.118575
5.42051 0.120512
5.42198 0.0219559
5.42211 0.0217648
5.42211 0.0217648
5.42211 0.0217648
5.42246 0.0217914
5.42246 0.0217914
5.42246 0.0221109
5.42278 0.122776
5.42291 0.0219198
5.42291 0.0222393
5.42291 0.0219198
5.42329 0.123286
5.42342 0.0224299
5.42342 0.0221104
5.42342 0.0221104
5.42457 0.124564
5.42489 0.124893
5.42556 0.0255541
5.42588 0.0258754
5.4284 0.0284033
5.42885 0.128846
5.42917 0.129166
5.42917 0.129166
5.43002 0.130014
5.43139 0.031392
5.4318 0.0318005
5.43293 0.0329331
5.43403 0.0340302
5.43469 0.0346918
5.43501 0.135011
5.43533 0.13533
5.43565 0.035648
5.43718 0.137182
5.43896 0.138963
5.43928 0.0392838
5.43988 0.139882
5.44092 0.0408918
5.44146 0.0414554
5.44177 0.141774
5.4419 0.0218963
5.4419 0.0218963
5.4419 0.0218963
5.44209 0.0217673
5.44209 0.0217673
5.44209 0.0220868
5.44241 0.0217628
5.44241 0.0220824
5.44241 0.0217628
5.44279 0.0427906
5.44311 0.143109
5.44343 0.0434252
5.44375 0.143748
5.44407 0.144068
5.44439 0.144387
5.44452 0.0238705
5.44452 0.023551
5.44452 0.023551
5.44536 0.0453648
5.44568 0.0456843
5.44946 0.0494318
5.45127 0.151268
5.45274 0.152738
5.45427 0.154271
5.45459 0.054584
5.45622 0.0562172
5.45654 0.0565367
5.4618 0.0217876
5.4618 0.0217876
5.4618 0.0217876
5.46211 0.0217831
5.46211 0.0217831
5.46211 0.0221026
5.46243 0.0624318
5.46256 0.0219115
5.46256 0.022231
5.46256 0.0219115
5.46275 0.0221021
5.46275 0.0217825
5.46275 0.0217825
5.46839 0.0683636
5.46927 0.0692684
5.46971 0.0697123
5.47025 0.0702496
5.47156 0.0715644
5.47667 0.0766739
5.47986 0.079855
5.48179 0.0217751
5.48179 0.0217751
5.48179 0.0217751
5.4821 0.0217706
5.4821 0.0217706
5.4821 0.0220901
5.48242 0.0217661
5.48242 0.0220856
5.48242 0.0217661
5.48273 0.0220811
5.48273 0.0217616
5.48273 0.0217616
5.48632 0.0863179
5.48664 0.0866374
5.48702 0.0870191
5.49483 0.0948347
5.49649 0.0964873
5.49855 0.098553
5.50096 0.100952
5.50149 0.101494
5.50194 0.101938
5.50207 0.0220511
5.50207 0.0220511
5.50207 0.0220511
5.50219 0.02186
5.50219 0.02186
5.50219 0.0221795
5.50242 0.0217621
5.50242 0.0220817
5.50242 0.0217621
5.50276 0.0221083
5.50276 0.0217888
5.50276 0.0217888
5.50439 0.104388
5.50489 0.104894
5.50755 0.107547
5.50796 0.107959
5.5094 0.109373
5.50972 0.109718
5.50972 0.109718
5.51063 0.110629
5.51095 0.110948
5.51186 0.111859
5.51292 0.112895
5.51324 0.113244
5.51324 0.113244
5.51356 0.113564
5.51388 0.113873
5.5142 0.114203
5.51542 0.115424
5.51574 0.115744
5.51659 0.116592
5.5176 0.117596
5.51857 0.118568
5.52075 0.120754
5.52198 0.0219581
5.5221 0.021767
5.5221 0.021767
5.5221 0.021767
5.52242 0.0217625
5.52242 0.0217625
5.52242 0.022082
5.52277 0.12277
5.5229 0.021922
5.5229 0.0222415
5.5229 0.021922
5.52325 0.123249
5.52338 0.022401
5.52338 0.0220815
5.52338 0.0220815
5.52447 0.124473
5.52479 0.124794
5.52558 0.0255648
5.5259 0.025869
5.52843 0.0283969
5.529 0.128996
5.529 0.128996
5.52932 0.129315
5.53001 0.130008
5.53135 0.0313234
5.53183 0.0318027
5.53299 0.0329578
5.53402 0.0339927
5.53472 0.0346854
5.53504 0.135035
5.53535 0.135355
5.53567 0.0356622
5.53708 0.137082
5.53899 0.138988
5.53931 0.0392774
5.53985 0.139845
5.54094 0.0409288
5.54157 0.0415423
5.54189 0.141892
5.54202 0.0219918
5.54202 0.0219918
5.54202 0.0219918
5.54215 0.0218007
5.54215 0.0218007
5.54215 0.0221202
5.54243 0.0217651
5.54243 0.0220846
5.54243 0.0217651
5.54275 0.142752
5.54275 0.042722
5.54288 0.022213
5.54288 0.0218935
5.54288 0.0218935
5.54329 0.0432674
5.54361 0.143613
5.54393 0.143933
5.54431 0.144314
5.54538 0.0453499
5.5457 0.0456694
5.54972 0.0497001
5.55122 0.151222
5.55269 0.152692
5.55426 0.154256
5.55458 0.0545466
5.5562 0.0561712
5.55652 0.0564907
5.56178 0.0217813
5.56178 0.0217813
5.56178 0.0217813
5.5621 0.0217768
5.5621 0.0217768
5.5621 0.0220963
5.56245 0.0624169
5.56258 0.0219363
5.56258 0.0222558
5.56258 0.0219363
5.56274 0.0220958
5.56274 0.0217763
5.56274 0.0217763
5.5684 0.0683799
5.5691 0.0690669
5.56973 0.0696975
5.57039 0.0703591
5.57161 0.0715806
5.57672 0.0766902
5.5799 0.0798712
5.58177 0.0217689
5.58177 0.0217689
5.58177 0.0217689
5.58209 0.0217644
5.58209 0.0217644
5.58209 0.0220839
5.58243 0.021791
5.58243 0.0221105
5.58243 0.021791
5.58275 0.022106
5.58275 0.0217865
5.58275 0.0217865
5.58633 0.086303
5.58665 0.0866225
5.58703 0.0870042
5.59488 0.0948509
5.59651 0.0964895
5.59857 0.0985381
5.60091 0.100884
5.60151 0.101479
5.60179 0.0217875
5.60179 0.0217875
5.60179 0.0217875
5.60211 0.102082
5.60224 0.0219159
5.60224 0.0219159
5.60224 0.0222354
5.60243 0.021787
5.60243 0.0221065
5.60243 0.021787
5.60275 0.022102
5.60275 0.0217825
5.60275 0.0217825
5.6044 0.104373
5.60491 0.104879
5.60766 0.107625
5.60804 0.108007
5.60938 0.109358
5.60992 0.10989
5.61052 0.110489
5.61084 0.110809
5.61116 0.111128
5.61201 0.111977
5.61298 0.112959
5.6133 0.113298
5.6133 0.113269
5.6133 0.113269
5.61362 0.113588
5.61394 0.113908
5.61547 0.11544
5.61579 0.11576
5.61661 0.116577
5.61761 0.117581
5.61858 0.118554
5.62052 0.12049
5.62199 0.021983
5.62212 0.0217918
5.62212 0.0217918
5.62212 0.0217918
5.62243 0.0217874
5.62243 0.0217874
5.62243 0.0221069
5.62279 0.122755
5.62291 0.0219468
5.62291 0.0222664
5.62291 0.0219468
5.62326 0.123234
5.62339 0.0224258
5.62339 0.0221063
5.62339 0.0221063
5.62458 0.12456
5.6249 0.124872
5.6256 0.025567
5.62591 0.0258852
5.62844 0.0284131
5.62889 0.128856
5.62921 0.129176
5.62921 0.129176
5.63005 0.130024
5.63143 0.0314019
5.63188 0.0318587
5.63303 0.0330051
5.63404 0.0340089
5.63473 0.0347016
5.63505 0.13502
5.63537 0.13534
5.63569 0.0356679
5.63719 0.137161
5.63907 0.139036
5.63939 0.0393558
5.63998 0.139954
5.64086 0.0408548
5.64146 0.0414341
5.64178 0.141753
5.64191 0.0218922
5.64191 0.0218922
5.64191 0.0218922
5.6421 0.0217633
5.6421 0.0217633
5.6421 0.0220828
5.64245 0.0217899
5.64245 0.0221094
5.64245 0.0217899
5.64277 0.0427382
5.64309 0.143057
5.64341 0.0433901
5.64373 0.143696
5.64405 0.144015
5.64417 0.0235159
5.64417 0.0231964
5.64417 0.0231964
5.64449 0.144463
5.6454 0.0453746
5.64572 0.0456941
5.64971 0.049697
5.65134 0.151309
5.65265 0.152624
5.65434 0.154312
5.65466 0.0546422
5.65623 0.0561959
5.65654 0.0565154
5.66181 0.0217835
5.66181 0.0217835
5.66181 0.0217835
5.66212 0.0217791
5.66212 0.0217791
5.66212 0.0220986
5.66244 0.0624105
5.66257 0.0219074
5.66257 0.0222269
5.66257 0.0219074
5.66276 0.022098
5.66276 0.0217785
5.66276 0.0217785
5.6684 0.0683734
5.66903 0.0689983
5.66972 0.069691
5.67038 0.0703527
5.6716 0.0715742
5.67674 0.0767148
5.67989 0.0798648
5.6818 0.0217711
5.6818 0.0217711
5.6818 0.0217711
5.68211 0.0217666
5.68211 0.0217666
5.68211 0.0220861
5.68243 0.0217621
5.68243 0.0220816
5.68243 0.0217621
5.68277 0.0221082
5.68277 0.0217887
5.68277 0.0217887
5.68633 0.0862966
5.68665 0.0866161
5.68697 0.0869356
5.69528 0.0952488
5.6969 0.0968734
5.69859 0.0985628
5.7009 0.100886
5.70153 0.101504
5.70195 0.101916
5.70207 0.0220471
5.70207 0.0220471
5.70207 0.0220471
5.7022 0.0218559
5.7022 0.0218559
5.7022 0.0221754
5.70246 0.0217892
5.70246 0.0221087
5.70246 0.0217892
5.70277 0.0221043
5.70277 0.0217847
5.70277 0.0217847
5.7044 0.104367
5.705 0.104966
5.70765 0.107619
5.70803 0.108
5.70938 0.109352
5.70994 0.109915
5.71051 0.110483
5.71083 0.110802
5.71083 0.110802
5.7119 0.111868
5.71293 0.112922
5.71325 0.113238
5.71325 0.113223
5.71357 0.113542
5.71357 0.113542
5.71389 0.113862
5.71539 0.115363
5.71571 0.115683
5.71665 0.116624
5.71763 0.117597
5.7186 0.11857
5.72054 0.120507
5.72201 0.0219767
5.72213 0.0217856
5.72213 0.0217856
5.72213 0.0217856
5.72245 0.0217811
5.72245 0.0217811
5.72245 0.0221006
5.72283 0.122802
5.72296 0.0219717
5.72296 0.0222912
5.72296 0.0219717
5.72309 0.0221001
5.72309 0.0217806
5.72309 0.0217806
5.72341 0.123378
5.72457 0.124553
5.72489 0.124857
5.72555 0.0255381
5.72587 0.0258392
5.72843 0.0283982
5.72884 0.12881
5.72916 0.12913
5.72916 0.12913
5.72991 0.129885
5.73138 0.0313559
5.73183 0.0318213
5.73308 0.0330524
5.73402 0.033994
5.73472 0.0346868
5.73503 0.135005
5.73535 0.135325
5.73567 0.0356736
5.73724 0.137208
5.73893 0.138896
5.73925 0.0392165
5.73997 0.13994
5.74085 0.040841
5.74148 0.0414503
5.7418 0.141769
5.74193 0.0219171
5.74193 0.0219171
5.74193 0.0219171
5.74212 0.0217882
5.74212 0.0217882
5.74212 0.0221077
5.74243 0.0217837
5.74243 0.0221032
5.74243 0.0217837
5.74278 0.0427544
5.7431 0.143073
5.74342 0.043415
5.74374 0.143712
5.74406 0.144032
5.74438 0.144351
5.74451 0.0238602
5.74451 0.0235407
5.74451 0.0235407
5.74539 0.0453597
5.74571 0.0456793
5.7497 0.0496854
5.75132 0.151294
5.7527 0.152671
5.75436 0.154328
5.75468 0.054667
5.75624 0.0562121
5.75656 0.0565316
5.76179 0.0217773
5.76179 0.0217773
5.76179 0.0217773
5.7621 0.0217728
5.7621 0.0217728
5.7621 0.0220923
5.76242 0.0623956
5.76255 0.0219012
5.76255 0.0222207
5.76255 0.0219012
5.76274 0.0220918
5.76274 0.0217723
5.76274 0.0217723
5.76838 0.0683586
5.76945 0.0694189
5.76977 0.0697384
5.7704 0.0703689
5.77159 0.0715593
5.7767 0.0766689
5.77988 0.0798499
5.78178 0.0217649
5.78178 0.0217649
5.78178 0.0217649
5.78213 0.0217915
5.78213 0.0217915
5.78213 0.022111
5.78244 0.021787
5.78244 0.0221065
5.78244 0.021787
5.78276 0.022102
5.78276 0.0217825
5.78276 0.0217825
5.78634 0.0863128
5.78666 0.0866323
5.78704 0.087014
5.79526 0.095234
5.79689 0.0968672
5.79858 0.0985479
5.80086 0.100849
5.80152 0.101489
5.8018 0.0217835
5.8018 0.0217835
5.8018 0.0217835
5.80212 0.102092
5.80225 0.0219119
5.80225 0.0219119
5.80225 0.0222314
5.80244 0.021783
5.80244 0.0221025
5.80244 0.021783
5.80275 0.022098
5.80275 0.0217785
5.80275 0.0217785
5.80447 0.104445
5.80501 0.104982
5.80769 0.107666
5.80801 0.107985
5.80936 0.109337
5.80993 0.1099
5.8105 0.110468
5.81082 0.110788
5.81082 0.110788
5.81188 0.111854
5.81289 0.112884
5.81321 0.113178
5.81321 0.113177
5.81353 0.113496
5.81353 0.113496
5.81384 0.113816
5.81544 0.115411
5.81576 0.11573
5.81676 0.116734
5.81764 0.117613
5.81861 0.118586
5.82052 0.120492
5.82199 0.0219705
5.82212 0.0217794
5.82212 0.0217794
5.82212 0.0217794
5.82243 0.0217749
5.82243 0.0217749
5.82243 0.0220944
5.82282 0.122787
5.82294 0.0219655
5.82294 0.022285
5.82294 0.0219655
5.82326 0.123235
5.82339 0.0224134
5.82339 0.0220939
5.82339 0.0220939
5.82461 0.124609
5.82493 0.124905
5.82559 0.0255715
5.82591 0.0258866
5.82844 0.0284144
5.82892 0.128889
5.82924 0.129208
5.82924 0.129208
5.82996 0.129932
5.83143 0.0314032
5.83184 0.0318151
5.83322 0.0331931
5.83404 0.0340102
5.83473 0.034703
5.83505 0.135022
5.83537 0.135341
5.83612 0.0361147
5.83719 0.137162
5.83891 0.138881
5.83923 0.0392017
5.83995 0.139925
5.84086 0.0408603
5.84153 0.0414976
5.84197 0.141941
5.8421 0.0220975
5.8421 0.0220975
5.8421 0.0220975
5.8421 0.021778
5.8421 0.021778
5.8421 0.0220975
5.84223 0.0222259
5.84242 0.0217775
5.84242 0.022097
5.84242 0.0217775
5.84274 0.0427085
5.84306 0.143027
5.84338 0.0433465
5.84369 0.143666
5.84401 0.143986
5.84414 0.0235034
5.84414 0.0231839
5.84414 0.0231839
5.84446 0.144434
5.8455 0.0454693
5.84582 0.0457888
5.84996 0.0499537
5.85137 0.151341
5.85281 0.152781
5.85434 0.154313
5.85466 0.0546608
5.85623 0.0561972
5.85654 0.0565167
5.86177 0.0217711
5.86177 0.0217711
5.86177 0.0217711
5.86209 0.0217666
5.86209 0.0217666
5.86209 0.0220861
5.86241 0.0623807
5.86254 0.021895
5.86254 0.0222145
5.86254 0.021895
5.86273 0.0220856
5.86273 0.0217661
5.86273 0.0217661
5.8684 0.0683748
5.86931 0.0692796
5.86975 0.0697235
5.87041 0.0703851
5.8716 0.0715756
5.87671 0.0766851
5.87989 0.0798662
5.8818 0.0217897
5.8818 0.0217897
5.8818 0.0217897
5.88211 0.0217852
5.88211 0.0217852
5.88211 0.0221047
5.88243 0.0217807
5.88243 0.0221002
5.88243 0.0217807
5.88274 0.0220958
5.88274 0.0217762
5.88274 0.0217762
5.88636 0.086329
5.88668 0.0866485
5.88703 0.0869992
5.89528 0.0952502
5.89687 0.096861
5.89856 0.098533
5.90096 0.100936
5.9015 0.101474
5.90179 0.0217773
5.90179 0.0217773
5.90179 0.0217773
5.90211 0.102077
5.90223 0.0219057
5.90223 0.0219057
5.90223 0.0222252
5.90242 0.0217768
5.90242 0.0220963
5.90242 0.0217768
5.90274 0.0220918
5.90274 0.0217723
5.90274 0.0217723
5.90436 0.104337
5.905 0.104968
5.90765 0.10762
5.90809 0.108064
5.90938 0.109353
5.90994 0.109916
5.91051 0.110484
5.91083 0.110804
5.91083 0.110804
5.91208 0.112056
5.9129 0.112878
5.91322 0.113212
5.91322 0.113193
5.91354 0.113513
5.91354 0.113513
5.91392 0.113894
5.91539 0.115365
5.91571 0.115684
5.91668 0.116657
5.91763 0.117598
5.9186 0.118571
5.92054 0.120508
5.92198 0.0219642
5.9221 0.0217731
5.9221 0.0217731
5.9221 0.0217731
5.92242 0.0217686
5.92242 0.0217686
5.92242 0.0220881
5.92274 0.12271
5.92287 0.021897
5.92287 0.0222165
5.92287 0.021897
5.92325 0.12322
5.92338 0.0224071
5.92338 0.0220876
5.92338 0.0220876
5.9246 0.124572
5.92492 0.12489
5.92561 0.0255963
5.92593 0.0259028
5.92843 0.0283996
5.92887 0.128843
5.92919 0.129162
5.92919 0.129162
5.92982 0.129793
5.93135 0.0313261
5.93183 0.0318088
5.93317 0.0331471
5.93402 0.0339953
5.93472 0.0346881
5.93503 0.135007
5.93535 0.135326
5.93611 0.0360808
5.93727 0.137241
5.93893 0.138898
5.93924 0.0392179
5.94003 0.140003
5.94085 0.0408434
5.94148 0.0414517
5.94192 0.141895
5.94205 0.022029
5.94205 0.022029
5.94205 0.022029
5.94218 0.0218379
5.94218 0.0218379
5.94218 0.0221574
5.94243 0.0217712
5.94243 0.0220907
5.94243 0.0217712
5.94278 0.0427558
5.9431 0.143074
5.94342 0.0434025
5.94374 0.143713
5.94406 0.144033
5.94438 0.144353
5.94451 0.0238478
5.94451 0.0235282
5.94451 0.0235282
5.94548 0.0454544
5.9458 0.0457739
5.94995 0.0499421
5.95132 0.151295
5.95276 0.152735
5.9543 0.154267
5.95461 0.0545923
5.95627 0.0562445
5.95659 0.0565641
5.96179 0.0217648
5.96179 0.0217648
5.96179 0.0217648
5.96214 0.0217914
5.96214 0.0217914
5.96214 0.0221109
5.96246 0.062428
5.96258 0.0219198
5.96258 0.0222393
5.96258 0.0219198
5.96277 0.0221104
5.96277 0.0217909
5.96277 0.0217909
5.96838 0.0683599
5.96929 0.0692647
5.96977 0.0697397
5.97027 0.0702458
5.97159 0.0715607
5.9767 0.0766702
5.97988 0.0798513
5.98181 0.0217835
5.98181 0.0217835
5.98181 0.0217835
5.98213 0.021779
5.98213 0.021779
5.98213 0.0220985
5.98244 0.0217745
5.98244 0.022094
5.98244 0.0217745
5.98276 0.0220895
5.98276 0.02177
5.98276 0.02177
5.98634 0.0863142
5.98666 0.0866337
5.98704 0.0870154
5.99526 0.0952353
5.99689 0.0968858
5.99858 0.0985493
6.00092 0.100898
6.00152 0.10149
6.0018 0.021771
6.0018 0.021771
6.0018 0.021771
6.00212 0.102093
6.00225 0.0218994
6.00225 0.0218994
6.00225 0.0222189
6.00244 0.0217705
6.00244 0.02209
6.00244 0.0217705
6.00275 0.0220855
6.00275 0.021766
6.00275 0.021766
6.00445 0.104419
6.00501 0.104987
6.00764 0.107608
6.00814 0.108114
6.00939 0.109373
6.00993 0.109904
6.0105 0.110473
6.01082 0.110792
6.01114 0.111112
6.01189 0.111867
6.01293 0.112915
6.01325 0.113226
6.01325 0.113221
6.01357 0.113541
6.01357 0.113541
6.01389 0.11386
6.01539 0.115362
6.01571 0.115681
6.01668 0.116654
6.01762 0.117595
6.01863 0.118599
6.02075 0.120723
6.02197 0.0219698
6.0221 0.0217787
6.0221 0.0217787
6.0221 0.0217787
6.02241 0.0217742
6.02241 0.0217742
6.02241 0.0220937
6.02273 0.122707
6.02286 0.0219026
6.02286 0.0222221
6.02286 0.0219026
6.02324 0.123217
6.02337 0.0224127
6.02337 0.0220932
6.02337 0.0220932
6.02459 0.124578
6.02491 0.124887
6.02561 0.0256019
6.02593 0.0258997
6.02845 0.0284276
6.02887 0.12884
6.02919 0.129159
6.02919 0.129159
6.03003 0.130007
6.03135 0.031323
6.03182 0.0318144
6.03317 0.033144
6.03405 0.0340234
6.03471 0.134684
6.03503 0.0350045
6.03535 0.135323
6.03604 0.0360277
6.0372 0.137175
6.03892 0.138894
6.03924 0.0392148
6.03996 0.139938
6.04097 0.0409566
6.04129 0.141261
6.04161 0.0415815
6.0418 0.0217858
6.0418 0.0217858
6.0418 0.0217858
6.04211 0.0217813
6.04211 0.0217813
6.04211 0.0221008
6.04243 0.0217768
6.04243 0.0220963
6.04243 0.0217768
6.04278 0.0427527
6.0431 0.143071
6.04342 0.0434081
6.04374 0.14371
6.04406 0.14403
6.04419 0.0235338
6.04419 0.0232143
6.04419 0.0232143
6.0445 0.144478
6.04551 0.0454824
6.04583 0.0458019
6.04997 0.0499734
6.05132 0.151292
6.05263 0.152607
6.05435 0.154326
6.05467 0.0546601
6.05624 0.0562104
6.05656 0.0565299
6.06179 0.0217704
6.06179 0.0217704
6.06179 0.0217704
6.0621 0.0217659
6.0621 0.0217659
6.0621 0.0220854
6.06245 0.0217925
6.06245 0.022112
6.06245 0.0217925
6.06295 0.0629266
6.06308 0.022427
6.06308 0.0221075
6.06308 0.0221075
6.06838 0.0683568
6.06941 0.069386
6.06976 0.0697366
6.07039 0.0703672
6.07165 0.0716198
6.07669 0.0766671
6.07987 0.0798482
6.08181 0.0217891
6.08181 0.0217891
6.08181 0.0217891
6.08212 0.0217846
6.08212 0.0217846
6.08212 0.0221041
6.08244 0.0217801
6.08244 0.0220996
6.08244 0.0217801
6.08275 0.0220951
6.08275 0.0217756
6.08275 0.0217756
6.08634 0.0863111
6.08666 0.0866306
6.08704 0.0870123
6.09526 0.0952322
6.09688 0.0968603
6.09857 0.0985462
6.10085 0.100842
6.10161 0.10158
6.1018 0.0217766
6.1018 0.0217766
6.1018 0.0217766
6.10215 0.102121
6.10228 0.0219361
6.10228 0.0219361
6.10228 0.0222556
6.10244 0.0217761
6.10244 0.0220956
6.10244 0.0217761
6.10275 0.0220911
6.10275 0.0217716
6.10275 0.0217716
6.10444 0.104412
6.10504 0.105012
6.10763 0.107602
6.10807 0.108046
6.10939 0.109366
6.10996 0.109929
6.11049 0.110466
6.11081 0.110786
6.11113 0.111105
6.11198 0.111954
6.1123 0.112295
6.11302 0.113019
6.11334 0.113316
6.11334 0.113316
6.11366 0.113636
6.11398 0.113955
6.11539 0.115364
6.11571 0.115683
6.11674 0.116718
6.11762 0.117597
6.11863 0.118601
6.12078 0.120756
6.122 0.0219805
6.12213 0.0217894
6.12213 0.0217894
6.12213 0.0217894
6.12245 0.0217849
6.12245 0.0217849
6.12245 0.0221044
6.12292 0.122896
6.12305 0.0220688
6.12305 0.0223883
6.12305 0.0220688
6.12337 0.123344
6.1235 0.0225167
6.1235 0.0221972
6.1235 0.0221972
6.12456 0.124557
6.12488 0.124858
6.12561 0.0255815
6.12593 0.0259018
6.12846 0.0284296
6.1289 0.128873
6.12922 0.129192
6.12922 0.129192
6.12979 0.129761
6.13141 0.0313873
6.13179 0.031794
6.13308 0.0330527
6.13405 0.0340254
6.13471 0.0346871
6.13503 0.135006
6.13535 0.135325
6.13611 0.036104
6.1372 0.137177
6.13895 0.138928
6.13927 0.039248
6.13994 0.139909
6.14097 0.0409552
6.14129 0.141263
6.14161 0.0415835
6.14177 0.0217654
6.14177 0.0217654
6.14177 0.0217654
6.14211 0.021792
6.14211 0.021792
6.14211 0.0221115
6.14243 0.0217875
6.14243 0.022107
6.14243 0.0217875
6.14275 0.0427237
6.14307 0.143042
6.14339 0.0433877
6.14371 0.143681
6.14403 0.144001
6.14416 0.0235134
6.14416 0.0231939
6.14416 0.0231939
6.14448 0.144449
6.14551 0.0454845
6.14583 0.045804
6.14997 0.0499477
6.15135 0.151326
6.1527 0.152671
6.15435 0.154328
6.15467 0.0546708
6.15624 0.0562124
6.15656 0.0565319
6.16179 0.0217811
6.16179 0.0217811
6.16179 0.0217811
6.1621 0.0217766
6.1621 0.0217766
6.1621 0.0220961
6.16242 0.0217721
6.16242 0.0220916
6.16242 0.0217721
6.16274 0.0627109
6.16286 0.02222
6.16286 0.0219005
6.16286 0.0219005
6.16838 0.0683589
6.16929 0.0692637
6.1698 0.0697698
6.17039 0.0703692
6.17159 0.0715597
6.17666 0.0766381
6.17988 0.0798502
6.18178 0.0217686
6.18178 0.0217686
6.18178 0.0217686
6.18212 0.0217953
6.18212 0.0217953
6.18212 0.0221148
6.18244 0.0217908
6.18244 0.0221103
6.18244 0.0217908
6.18275 0.0221058
6.18275 0.0217863
6.18275 0.0217863
6.18634 0.0863131
6.18666 0.0866326
6.18704 0.0870144
6.19526 0.0952343
6.19689 0.096871
6.19857 0.0985482
6.20085 0.100852
6.20151 0.101489
6.2018 0.0217873
6.2018 0.0217873
6.2018 0.0217873
6.20212 0.102092
6.20225 0.0219157
6.20225 0.0219157
6.20225 0.0222352
6.20244 0.0217868
6.20244 0.0221063
6.20244 0.0217868
6.20275 0.0221018
6.20275 0.0217823
6.20275 0.0217823
6.20438 0.104352
6.20501 0.104983
6.20763 0.107604
6.20814 0.10811
6.20939 0.109368
6.20993 0.1099
6.21049 0.110468
6.21081 0.110788
6.21081 0.110788
6.21213 0.112103
6.21245 0.11243
6.21302 0.112998
6.21334 0.11331
6.21334 0.11331
6.21366 0.11363
6.21397 0.113949
6.21541 0.115388
6.21573 0.115708
6.21674 0.116712
6.21762 0.117591
6.21859 0.118564
6.22056 0.120532
6.222 0.0219827
6.22212 0.0217916
6.22212 0.0217916
6.22212 0.0217916
6.22244 0.0217871
6.22244 0.0217871
6.22244 0.0221066
6.22276 0.122734
6.22289 0.0219155
6.22289 0.022235
6.22289 0.0219155
6.22324 0.123213
6.22337 0.0223945
6.22337 0.022075
6.22337 0.022075
6.22465 0.124622
6.22497 0.124944
6.2256 0.0255837
6.22592 0.0258953
6.22845 0.0284232
6.2288 0.128773
6.22912 0.129093
6.22912 0.129093
6.23003 0.130003
6.23141 0.0313809
6.23191 0.0318895
6.23316 0.0331396
6.23404 0.034019
6.23474 0.0347118
6.23506 0.13503
6.23538 0.13535
6.23613 0.0361097
6.23723 0.137202
6.23882 0.138797
6.23914 0.0391171
6.23993 0.139902
6.24096 0.0409467
6.24128 0.141257
6.2416 0.0415771
6.24179 0.0217676
6.24179 0.0217676
6.24179 0.0217676
6.24214 0.0217942
6.24214 0.0217942
6.24214 0.0221137
6.24245 0.0217897
6.24245 0.0221092
6.24245 0.0217897
6.24277 0.0427483
6.2429 0.0222376
6.2429 0.0219181
6.2429 0.0219181
6.24322 0.143195
6.24354 0.0435183
6.24386 0.143834
6.24386 0.143834
6.24433 0.144309
6.24549 0.0454696
6.24581 0.0457891
6.2503 0.0502782
6.25121 0.151186
6.25278 0.15275
6.25446 0.0544384
6.25509 0.155069
6.25628 0.0562597
6.2566 0.0565793
6.2618 0.0217748
6.2618 0.0217748
6.2618 0.0217748
6.26212 0.0217704
6.26212 0.0217704
6.26212 0.0220899
6.26243 0.0217659
6.26243 0.0220854
6.26243 0.0217659
6.26275 0.0627271
6.26288 0.0222138
6.26288 0.0218943
6.26288 0.0218943
6.26839 0.0683751
6.26927 0.0692488
6.26975 0.0697238
6.27041 0.0703855
6.27163 0.071607
6.27671 0.0766854
6.27986 0.0798354
6.28182 0.0217935
6.28182 0.0217935
6.28182 0.0217935
6.28214 0.021789
6.28214 0.021789
6.28214 0.0221085
6.28245 0.0217845
6.28245 0.022104
6.28245 0.0217845
6.28277 0.0220995
6.28277 0.02178
6.28277 0.02178
6.28635 0.0863294
6.28667 0.0866489
6.28699 0.0869684
6.29524 0.0952194
6.29687 0.0968647
6.29856 0.0985334
6.30096 0.100939
6.3015 0.101474
6.30178 0.0217811
6.30178 0.0217811
6.30178 0.0217811
6.3021 0.102077
6.30223 0.0219095
6.30223 0.0219095
6.30223 0.022229
6.30242 0.0217805
6.30242 0.0221
6.30242 0.0217805
6.30274 0.0220956
6.30274 0.0217761
6.30274 0.0217761
6.30439 0.104368
6.30502 0.104999
6.30771 0.107682
6.30803 0.108002
6.30937 0.109354
6.30991 0.109885
6.31051 0.110485
6.31083 0.110804
6.31083 0.110804
6.31199 0.111963
6.3129 0.112868
6.31322 0.113193
6.31322 0.113193
6.31354 0.113513
6.31386 0.113826
6.31418 0.114152
6.31546 0.115436
6.31578 0.115755
6.31685 0.116821
6.3176 0.117576
6.3186 0.11858
6.32054 0.120517
6.32198 0.0219765
6.32211 0.0217854
6.32211 0.0217854
6.32211 0.0217854
6.32242 0.0217809
6.32242 0.0217809
6.32242 0.0221004
6.32274 0.122719
6.32287 0.0219093
6.32287 0.0222288
6.32287 0.0219093
6.32306 0.0220999
6.32306 0.0217804
6.32306 0.0217804
6.32338 0.123357
6.32457 0.124553
6.32489 0.124867
6.32558 0.0255775
6.3259 0.0258805
6.32843 0.0284083
6.32878 0.128758
6.3291 0.129078
6.3291 0.129078
6.33008 0.13005
6.33136 0.0313349
6.3319 0.0318833
6.33315 0.0331248
6.33409 0.0340663
6.33472 0.134696
6.33504 0.0350164
6.33536 0.135335
6.33608 0.0360758
6.33721 0.137187
6.3389 0.138875
6.33922 0.0391956
6.33988 0.139856
6.34095 0.0409329
6.34145 0.0414293
6.34177 0.141748
6.3419 0.0218858
6.3419 0.0218858
6.3419 0.0218858
6.34212 0.021788
6.34212 0.021788
6.34212 0.0221075
6.34244 0.0217835
6.34244 0.022103
6.34244 0.0217835
6.34276 0.0427335
6.34308 0.143052
6.3434 0.0433836
6.34372 0.143691
6.34404 0.144011
6.34416 0.0235094
6.34416 0.0231899
6.34416 0.0231899
6.34448 0.144459
6.34549 0.0454632
6.34581 0.0457827
6.35023 0.0502044
6.35139 0.151366
6.35261 0.152588
6.35446 0.0544406
6.35509 0.155062
6.35628 0.0562533
6.3566 0.0565728
6.3618 0.0217771
6.3618 0.0217771
6.3618 0.0217771
6.36211 0.0217726
6.36211 0.0217726
6.36211 0.0220921
6.36243 0.0217681
6.36243 0.0220876
6.36243 0.0217681
6.36274 0.0627207
6.36287 0.022216
6.36287 0.0218965
6.36287 0.0218965
6.36839 0.0683687
6.36936 0.0693357
6.36974 0.0697174
6.3704 0.070379
6.37162 0.0716006
6.3767 0.076679
6.37988 0.0798601
6.38179 0.0217646
6.38179 0.0217646
6.38179 0.0217646
6.38213 0.0217912
6.38213 0.0217912
6.38213 0.0221107
6.38245 0.0217867
6.38245 0.0221063
6.38245 0.0217867
6.38276 0.0221018
6.38276 0.0217823
6.38276 0.0217823
6.38644 0.0864163
6.38676 0.0867358
6.38714 0.0871175
6.39527 0.0952441
6.39689 0.096867
6.39855 0.0985269
6.40086 0.100848
6.40149 0.101468
6.402 0.101974
6.40213 0.0221028
6.40213 0.0221028
6.40213 0.0221028
6.40213 0.0217833
6.40213 0.0217833
6.40213 0.0221028
6.40225 0.0222312
6.40245 0.0217828
6.40245 0.0221023
6.40245 0.0217828
6.40276 0.0220978
6.40276 0.0217783
6.40276 0.0217783
6.40439 0.104362
6.40502 0.104993
6.40764 0.107614
6.40811 0.108089
6.4094 0.109378
6.40993 0.10991
6.4105 0.110478
6.41082 0.110798
6.41082 0.110798
6.41204 0.112019
6.41289 0.11287
6.41321 0.113187
6.41321 0.113187
6.41353 0.113506
6.41385 0.113828
6.41417 0.114145
6.41545 0.115429
6.41577 0.115749
6.41687 0.116846
6.41759 0.11757
6.4186 0.118573
6.42069 0.120666
6.422 0.0219787
6.42213 0.0217876
6.42213 0.0217876
6.42213 0.0217876
6.42245 0.0217831
6.42245 0.0217831
6.42245 0.0221026
6.42277 0.122744
6.4229 0.0219115
6.4229 0.022231
6.4229 0.0219115
6.42325 0.123223
6.42337 0.0223905
6.42337 0.022071
6.42337 0.022071
6.42447 0.124462
6.42479 0.124768
6.42561 0.0255797
6.42593 0.0259051
6.42842 0.0284019
6.42878 0.128752
6.4291 0.129071
6.4291 0.129071
6.42991 0.129888
6.43135 0.0313285
6.43189 0.0318855
6.4332 0.0331805
6.43405 0.0340288
6.43471 0.13469
6.43503 0.03501
6.43535 0.135329
6.43611 0.0360815
6.43717 0.13715
6.43889 0.138869
6.43921 0.0391891
6.43994 0.139912
6.44097 0.0409472
6.44148 0.041454
6.44192 0.141897
6.44205 0.0220435
6.44205 0.0220435
6.44205 0.0220435
6.44218 0.0218524
6.44218 0.0218524
6.44218 0.0221719
6.44243 0.0217857
6.44243 0.0221052
6.44243 0.0217857
6.44275 0.042727
6.44288 0.0222336
6.44288 0.0219141
6.44288 0.0219141
6.4432 0.143174
6.44352 0.0435143
6.44384 0.143813
6.44384 0.143813
6.44431 0.144288
6.4455 0.0454794
6.44582 0.0457989
6.45022 0.0502155
6.45138 0.151352
6.45263 0.152604
6.45438 0.0543721
6.45507 0.155047
6.45626 0.0562385
6.45658 0.056558
6.46178 0.0217708
6.46178 0.0217708
6.46178 0.0217708
6.46209 0.0217663
6.46209 0.0217663
6.46209 0.0220858
6.46244 0.021793
6.46244 0.0221125
6.46244 0.021793
6.46276 0.0627369
6.46289 0.0222408
6.46289 0.0219213
6.46289 0.0219213
6.4684 0.0683849
6.46928 0.0692586
6.46976 0.0697336
6.47042 0.0703953
6.47161 0.0715857
6.47669 0.0766641
6.47987 0.0798452
6.4818 0.0217895
6.4818 0.0217895
6.4818 0.0217895
6.48212 0.021785
6.48212 0.021785
6.48212 0.0221045
6.48243 0.0217805
6.48243 0.0221
6.48243 0.0217805
6.48275 0.0220955
6.48275 0.021776
6.48275 0.021776
6.48633 0.0863081
6.48665 0.0866276
6.48713 0.0871026
6.49525 0.0952292
6.49688 0.0968607
6.49857 0.0985432
6.50085 0.100842
6.50151 0.101484
6.50198 0.101959
6.50211 0.0220966
6.50211 0.0220966
6.50211 0.0220966
6.50211 0.021777
6.50211 0.021777
6.50211 0.0220966
6.50224 0.0222249
6.50243 0.0217765
6.50243 0.022096
6.50243 0.0217765
6.50274 0.0220915
6.50274 0.021772
6.50274 0.021772
6.50437 0.104347
6.505 0.104978
6.50762 0.107599
6.50807 0.108043
6.50938 0.109363
6.50992 0.109895
6.51049 0.110463
6.51081 0.110783
6.51113 0.111102
6.51197 0.111951
6.51292 0.112903
6.51323 0.113212
6.51323 0.113212
6.51355 0.113531
6.51387 0.113851
6.51419 0.114181
6.51545 0.115423
6.51577 0.115742
6.5168 0.116777
6.51762 0.117594
6.51859 0.118567
6.52068 0.120659
6.522 0.0219809
6.52213 0.0217898
6.52213 0.0217898
6.52213 0.0217898
6.52244 0.0217853
6.52244 0.0217853
6.52244 0.0221048
6.52276 0.122737
6.52289 0.0219137
6.52289 0.0222332
6.52289 0.0219137
6.52327 0.123247
6.5234 0.0224238
6.5234 0.0221043
6.5234 0.0221043
6.52446 0.124464
6.52478 0.124761
6.5256 0.0255819
6.52592 0.0258987
6.52845 0.0284266
6.5288 0.128776
6.52912 0.129096
6.52912 0.129096
6.52991 0.129882
6.53134 0.0313221
6.53185 0.0318255
6.53317 0.033143
6.53404 0.0340224
6.53471 0.0346841
6.53503 0.135003
6.53535 0.135322
6.5361 0.0360872
6.53726 0.137237
6.53892 0.138894
6.53924 0.0392138
6.53999 0.139968
6.54096 0.0409373
6.54147 0.0414476
6.54179 0.141766
6.54192 0.0218902
6.54192 0.0218902
6.54192 0.0218902
6.54214 0.0217924
6.54214 0.0217924
6.54214 0.0221119
6.54245 0.0217879
6.54245 0.0221074
6.54245 0.0217879
6.54277 0.0427517
6.54309 0.14307
6.54341 0.0433881
6.54373 0.143709
6.54405 0.144029
6.54437 0.144348
6.5445 0.0238334
6.5445 0.0235138
6.5445 0.0235138
6.5455 0.0454815
6.54582 0.045801
6.55028 0.0502746
6.55125 0.151229
6.55263 0.152606
6.55447 0.054445
6.55507 0.155049
6.55626 0.0562405
6.55658 0.05656
6.56181 0.0217815
6.56181 0.0217815
6.56181 0.0217815
6.56213 0.021777
6.56213 0.021777
6.56213 0.0220965
6.56244 0.0217725
6.56244 0.022092
6.56244 0.0217725
6.56276 0.062739
6.56289 0.0222204
6.56289 0.0219009
6.56289 0.0219009
6.56837 0.0683559
6.56928 0.0692606
6.56988 0.0698601
6.57036 0.0703351
6.57161 0.0715877
6.57672 0.0766973
6.57987 0.0798472
6.58177 0.0217691
6.58177 0.0217691
6.58177 0.0217691
6.58209 0.0217646
6.58209 0.0217646
6.58209 0.0220841
6.58243 0.0217912
6.58243 0.0221107
6.58243 0.0217912
6.58275 0.0221062
6.58275 0.0217867
6.58275 0.0217867
6.58633 0.0863101
6.58665 0.0866296
6.58703 0.0870113
6.59525 0.0952313
6.59688 0.0968714
6.59857 0.0985452
6.60097 0.100946
6.60151 0.101486
6.60179 0.0217877
6.60179 0.0217877
6.60179 0.0217877
6.60211 0.102089
6.60224 0.0219161
6.60224 0.0219161
6.60224 0.0222356
6.60243 0.0217872
6.60243 0.0221067
6.60243 0.0217872
6.60275 0.0221022
6.60275 0.0217827
6.60275 0.0217827
6.60437 0.104349
6.60506 0.105042
6.60762 0.107601
6.6081 0.108076
6.60938 0.109365
6.60992 0.109897
6.61061 0.11059
6.61093 0.110909
6.61093 0.110909
6.6119 0.111882
6.61291 0.112906
6.61323 0.113205
6.61323 0.113205
6.61355 0.113525
6.61387 0.113864
6.61419 0.114164
6.61544 0.115416
6.61576 0.115736
6.61686 0.116833
6.61761 0.117588
6.61858 0.118561
6.62061 0.120591
6.62199 0.0219832
6.62212 0.0217921
6.62212 0.0217921
6.62212 0.0217921
6.62243 0.0217876
6.62243 0.0217876
6.62243 0.0221071
6.62275 0.122731
6.62288 0.021916
6.62288 0.0222355
6.62288 0.021916
6.62307 0.0221066
6.62307 0.021787
6.62307 0.021787
6.62339 0.123369
6.62458 0.12456
6.6249 0.124879
6.62559 0.0255841
6.62591 0.0258923
6.62844 0.0284202
6.62895 0.128926
6.62927 0.129245
6.62927 0.129245
6.63005 0.130031
6.63134 0.0313156
6.63187 0.0318589
6.63316 0.0331366
6.6341 0.0340782
6.63473 0.134708
6.63505 0.0350282
6.63537 0.135347
6.63609 0.0360929
6.63719 0.137168
6.63894 0.138918
6.63926 0.0392385
6.63986 0.139837
6.64096 0.0409516
6.64146 0.0414412
6.64194 0.141915
6.64207 0.022048
6.64207 0.022048
6.64207 0.022048
6.64219 0.0218569
6.64219 0.0218569
6.64219 0.0221764
6.64245 0.0217902
6.64245 0.0221097
6.64245 0.0217902
6.64277 0.0427453
6.64309 0.143064
6.64341 0.0433903
6.64373 0.143703
6.64404 0.144023
6.64436 0.144342
6.64449 0.0238356
6.64449 0.0235161
6.64449 0.0235161
6.6455 0.045475
6.64582 0.0457945
6.65021 0.0502008
6.65137 0.151347
6.65262 0.1526
6.65447 0.0544473
6.6551 0.155074
6.65632 0.0562963
6.65664 0.0566158
6.6618 0.0217838
6.6618 0.0217838
6.6618 0.0217838
6.66212 0.0217793
6.66212 0.0217793
6.66212 0.0220988
6.66243 0.0217748
6.66243 0.0220943
6.66243 0.0217748
6.66275 0.0627326
6.66288 0.0222227
6.66288 0.0219032
6.66288 0.0219032
6.6684 0.0683805
6.66931 0.0692853
6.66972 0.0696981
6.67038 0.0703598
6.67163 0.0716124
6.67668 0.0766597
6.67986 0.0798408
6.68179 0.0217713
6.68179 0.0217713
6.68179 0.0217713
6.68211 0.0217668
6.68211 0.0217668
6.68211 0.0220863
6.68246 0.0217934
6.68246 0.0221129
6.68246 0.0217934
6.68277 0.0221084
6.68277 0.0217889
6.68277 0.0217889
6.68642 0.086397
6.68674 0.0867165
6.68706 0.087036
6.69525 0.0952248
6.6969 0.0968736
6.69856 0.0985388
6.70096 0.100948
6.7015 0.10148
6.70182 0.02179
6.70182 0.02179
6.70182 0.02179
6.70214 0.102114
6.70226 0.0219184
6.70226 0.0219184
6.70226 0.0222379
6.70245 0.0217895
6.70245 0.022109
6.70245 0.0217895
6.70277 0.0221045
6.70277 0.021785
6.70277 0.021785
6.70436 0.104343
6.70503 0.105004
6.70765 0.107626
6.70809 0.10807
6.70937 0.109359
6.70994 0.109922
6.71051 0.11049
6.71083 0.11081
6.71083 0.11081
6.71202 0.112
6.7129 0.112877
6.71322 0.113199
6.71354 0.113518
6.71354 0.113518
6.71386 0.113835
6.71418 0.114157
6.71543 0.11541
6.71575 0.115729
6.71682 0.116795
6.7176 0.117582
6.71858 0.118554
6.72054 0.120522
6.72201 0.0219854
6.72214 0.0217943
6.72214 0.0217943
6.72214 0.0217943
6.72246 0.0217898
6.72246 0.0217898
6.72246 0.0221093
6.72278 0.122756
6.72291 0.0219182
6.72291 0.0222377
6.72291 0.0219182
6.7231 0.0221088
6.7231 0.0217893
6.7231 0.0217893
6.72342 0.123394
6.72461 0.124593
6.72493 0.124904
6.72559 0.0255864
6.72591 0.0258859
6.72843 0.0284138
6.72878 0.128764
6.7291 0.129083
6.7291 0.129083
6.73001 0.129994
6.73136 0.0313403
6.73184 0.03183
6.73309 0.033068
6.73409 0.0340718
6.73472 0.0347023
6.73504 0.135021
6.73536 0.135341
6.73609 0.0360675
6.73725 0.137224
6.7389 0.138881
6.73922 0.039201
6.74001 0.139986
6.74095 0.0409349
6.74146 0.0414348
6.74177 0.141753
6.7419 0.0218947
6.7419 0.0218947
6.7419 0.0218947
6.74209 0.0217658
6.74209 0.0217658
6.74209 0.0220853
6.74244 0.0217924
6.74244 0.0221119
6.74244 0.0217924
6.74276 0.142738
6.74308 0.0430584
6.7434 0.0433925
6.74372 0.143697
6.74404 0.144016
6.74417 0.0235183
6.74417 0.0231988
6.74417 0.0231988
6.74449 0.144464
6.74549 0.0454686
6.74581 0.0457881
6.7502 0.0501892
6.75127 0.151247
6.75268 0.152656
6.75446 0.0544495
6.75509 0.155068
6.75628 0.0562588
6.7566 0.0565783
6.7618 0.021786
6.7618 0.021786
6.7618 0.021786
6.76211 0.0217815
6.76211 0.0217815
6.76211 0.022101
6.76243 0.021777
6.76243 0.0220965
6.76243 0.021777
6.76275 0.0627262
6.76288 0.0222249
6.76288 0.0219054
6.76288 0.0219054
6.76839 0.0683741
6.76927 0.0692478
6.76974 0.0697228
6.77041 0.0703845
6.7716 0.0715749
6.77667 0.0766533
6.77985 0.0798344
6.78179 0.0217735
6.78179 0.0217735
6.78179 0.0217735
6.7821 0.021769
6.7821 0.021769
6.7821 0.0220886
6.78242 0.0217646
6.78242 0.0220841
6.78242 0.0217646
6.78276 0.0221107
6.78276 0.0217912
6.78276 0.0217912
6.78635 0.0863284
6.78667 0.0866479
6.78705 0.0870296
6.79524 0.0952184
6.7969 0.0968759
6.79855 0.0985324
6.80086 0.100857
6.80149 0.101473
6.802 0.101979
6.80213 0.0221117
6.80213 0.0221117
6.80213 0.0221117
6.80213 0.0217922
6.80213 0.0217922
6.80213 0.0221117
6.80226 0.0222401
6.80245 0.0217917
6.80245 0.0221112
6.80245 0.0217917
6.80276 0.0221067
6.80276 0.0217872
6.80276 0.0217872
6.80436 0.104336
6.80514 0.105122
6.8077 0.107681
6.80808 0.108063
6.80937 0.109353
6.80994 0.109915
6.8105 0.110484
6.81082 0.110803
6.81082 0.110803
6.81198 0.111962
6.81292 0.11291
6.81324 0.113223
6.81324 0.113223
6.81356 0.113543
6.81388 0.113868
6.8142 0.114182
6.81546 0.115435
6.81577 0.115754
6.817 0.116976
6.8176 0.117575
6.81857 0.118548
6.82054 0.120516
6.82198 0.0219565
6.8221 0.0217654
6.8221 0.0217654
6.8221 0.0217654
6.82245 0.021792
6.82245 0.021792
6.82245 0.0221115
6.82277 0.122749
6.8229 0.0219204
6.8229 0.0222399
6.8229 0.0219204
6.82325 0.123228
6.82338 0.0223994
6.82338 0.0220799
6.82338 0.0220799
6.82447 0.124471
6.82479 0.124773
6.82561 0.0255886
6.82593 0.0259106
6.82843 0.0284074
6.82896 0.128944
6.82928 0.129263
6.82928 0.129263
6.83001 0.129987
6.83135 0.0313339
6.83192 0.0318944
6.83317 0.0331549
6.83405 0.0340343
6.83472 0.0346959
6.83504 0.135015
6.83535 0.135334
6.83608 0.0360732
6.83721 0.137186
6.83893 0.138905
6.83925 0.0392257
6.84 0.13998
6.84094 0.0409181
6.84154 0.0415217
6.84186 0.14184
6.84199 0.0219591
6.84199 0.0219591
6.84199 0.0219591
6.84212 0.021768
6.84212 0.021768
6.84212 0.0220875
6.84246 0.0217946
6.84246 0.0221141
6.84246 0.0217946
6.84278 0.0427636
6.8431 0.143082
6.84342 0.0433948
6.84374 0.143721
6.84406 0.144041
6.84438 0.14436
6.84451 0.02384
6.84451 0.0235205
6.84451 0.0235205
6.84548 0.0454622
6.8458 0.0457817
6.85023 0.0502087
6.85129 0.151272
6.85261 0.152587
6.85448 0.0544517
6.85508 0.155061
6.85633 0.0563146
6.85665 0.0566341
6.86179 0.0217882
6.86179 0.0217882
6.86179 0.0217882
6.8621 0.0217837
6.8621 0.0217837
6.8621 0.0221032
6.86242 0.0217792
6.86242 0.0220987
6.86242 0.0217792
6.86274 0.0627197
6.86287 0.0222271
6.86287 0.0219076
6.86287 0.0219076
6.86838 0.0683677
6.86926 0.0692414
6.86977 0.0697475
6.8704 0.0703781
6.87159 0.0715685
6.8767 0.076678
6.87988 0.0798591
6.88178 0.0217758
6.88178 0.0217758
6.88178 0.0217758
6.8821 0.0217713
6.8821 0.0217713
6.8821 0.0220908
6.88241 0.0217668
6.88241 0.0220863
6.88241 0.0217668
6.88276 0.0221129
6.88276 0.0217934
6.88276 0.0217934
6.88644 0.0864153
6.88675 0.0867348
6.88707 0.0870543
6.89526 0.0952431
6.89689 0.0968781
6.89855 0.098526
6.90095 0.100922
6.90149 0.101467
6.9018 0.0217944
6.9018 0.0217944
6.9018 0.0217944
6.90212 0.102101
6.90225 0.0219228
6.90225 0.0219228
6.90225 0.0222423
6.90244 0.0217939
6.90244 0.0221134
6.90244 0.0217939
6.90275 0.0221089
6.90275 0.0217894
6.90275 0.0217894
6.90438 0.104361
6.90498 0.104961
6.90763 0.107613
6.90811 0.108088
6.90939 0.109377
6.90993 0.109909
6.9105 0.110477
6.91082 0.110797
6.91114 0.111116
6.91205 0.112027
6.91289 0.11289
6.91321 0.113194
6.91321 0.113194
6.91378 0.113777
6.9141 0.114082
6.9141 0.114082
6.91545 0.115428
6.91577 0.115748
6.91686 0.116845
6.91759 0.117569
6.91859 0.118572
6.92078 0.120758
6.92197 0.0219588
6.9221 0.0217676
6.9221 0.0217676
6.9221 0.0217676
6.92244 0.0217942
6.92244 0.0217942
6.92244 0.0221138
6.92276 0.122743
6.92289 0.0219226
6.92289 0.0222421
6.92289 0.0219226
6.92324 0.123222
6.92337 0.0224016
6.92337 0.0220821
6.92337 0.0220821
6.92456 0.124535
6.92488 0.12486
6.9256 0.0255908
6.92592 0.0259042
6.92845 0.0284321
6.92877 0.128751
6.92909 0.12907
6.92909 0.12907
6.93003 0.130012
6.93135 0.0313275
6.93185 0.0318344
6.93317 0.0331485
6.93405 0.0340278
6.93471 0.134689
6.93503 0.035009
6.93535 0.135328
6.93607 0.0360478
6.93717 0.137149
6.93889 0.138868
6.93921 0.0391882
6.93999 0.139973
6.94097 0.0409544
6.94147 0.0414531
6.94192 0.141896
6.94204 0.0220235
6.94204 0.0220235
6.94204 0.0220235
6.94217 0.0218324
6.94217 0.0218324
6.94217 0.0221519
6.94243 0.0217657
6.94243 0.0220852
6.94243 0.0217657
6.94275 0.0427261
6.94306 0.143045
6.94338 0.0433659
6.9437 0.143684
6.94402 0.144003
6.94415 0.0234917
6.94415 0.0231721
6.94415 0.0231721
6.94447 0.144451
6.94551 0.0454869
6.94583 0.0458064
6.95022 0.0501971
6.95144 0.151421
6.95266 0.152643
6.95438 0.0543606
6.95507 0.155055
6.95626 0.0562459
6.95658 0.0565655
6.96181 0.0217904
6.96181 0.0217904
6.96181 0.0217904
6.96213 0.0217859
6.96213 0.0217859
6.96213 0.0221054
6.96244 0.0217814
6.96244 0.022101
6.96244 0.0217814
6.96276 0.0627444
6.96289 0.0222293
6.96289 0.0219098
6.96289 0.0219098
6.96837 0.0683613
6.96935 0.0693283
6.96973 0.06971
6.97039 0.0703717
6.97161 0.0715932
6.97669 0.0766716
6.97987 0.0798527
6.9818 0.021778
6.9818 0.021778
6.9818 0.021778
6.98212 0.0217735
6.98212 0.0217735
6.98212 0.022093
6.98243 0.021769
6.98243 0.0220885
6.98243 0.021769
6.98275 0.022084
6.98275 0.0217645
6.98275 0.0217645
6.98643 0.0864089
6.98675 0.0867284
6.98707 0.0870479
6.99526 0.0952367
6.99688 0.0968803
6.99854 0.0985196
7.00094 0.100924
7.00148 0.10146
7.00199 0.101966
7.00211 0.0220851
7.00211 0.0220851
7.00211 0.0220851
7.00211 0.0217655
7.00211 0.0217655
7.00211 0.0220851
7.00224 0.0222134
7.00243 0.021765
7.00243 0.0220845
7.00243 0.021765
7.00278 0.0221111
7.00278 0.0217916
7.00278 0.0217916
7.00438 0.104358
7.00501 0.104989
7.00763 0.10761
7.0081 0.108085
7.00939 0.109374
7.00992 0.109906
7.01049 0.110474
7.01081 0.110794
7.01081 0.110794
7.01219 0.112171
7.01291 0.112887
7.01323 0.113214
7.01323 0.113214
7.01355 0.113534
7.01387 0.113845
7.01419 0.114173
7.01544 0.115425
7.01576 0.115745
7.0168 0.11678
7.01758 0.117566
7.01859 0.11857
7.02062 0.1206
7.02196 0.0219644
7.02209 0.0217733
7.02209 0.0217733
7.02209 0.0217733
7.02241 0.0217688
7.02241 0.0217688
7.02241 0.0220883
7.02273 0.122709
7.02286 0.0218972
7.02286 0.0222167
7.02286 0.0218972
7.02305 0.0220878
7.02305 0.0217683
7.02305 0.0217683
7.02337 0.123347
7.02465 0.124634
7.02497 0.12495
7.0256 0.0255965
7.02592 0.0259012
7.02845 0.0284291
7.02877 0.128748
7.02909 0.129067
7.02909 0.129067
7.0299 0.129884
7.0314 0.0313868
7.03185 0.0318401
7.03319 0.0331766
7.03407 0.034056
7.03474 0.0347176
7.03506 0.135036
7.03537 0.135356
7.03613 0.0361191
7.0372 0.137177
7.03891 0.138896
7.03923 0.0392163
7.03983 0.139815
7.04096 0.0409319
7.04147 0.0414501
7.04179 0.141769
7.04192 0.0219048
7.04192 0.0219048
7.04192 0.0219048
7.04211 0.0217759
7.04211 0.0217759
7.04211 0.0220954
7.04242 0.0217714
7.04242 0.0220909
7.04242 0.0217714
7.04277 0.0427542
7.04309 0.143073
7.04341 0.0434027
7.04373 0.143712
7.04405 0.144031
7.04437 0.144351
7.0445 0.0238479
7.0445 0.0235284
7.0445 0.0235284
7.0455 0.0454839
7.04582 0.0458034
7.05025 0.0502201
7.05125 0.151232
7.05266 0.15264
7.05447 0.0544596
7.05507 0.155052
7.05629 0.0562741
7.05661 0.0565936
7.06181 0.0217961
7.06181 0.0217961
7.06181 0.0217961
7.06213 0.0217916
7.06213 0.0217916
7.06213 0.0221111
7.06244 0.0217871
7.06244 0.0221066
7.06244 0.0217871
7.06285 0.0628348
7.06298 0.0223283
7.06298 0.0220088
7.06298 0.0220088
7.0684 0.0683894
7.06928 0.0692631
7.06973 0.069707
7.07039 0.0703687
7.07164 0.0716213
7.07662 0.0766064
7.07987 0.0798497
7.0818 0.0217837
7.0818 0.0217837
7.0818 0.0217837
7.08212 0.0217792
7.08212 0.0217792
7.08212 0.0220987
7.08243 0.0217747
7.08243 0.0220942
7.08243 0.0217747
7.08275 0.0220897
7.08275 0.0217702
7.08275 0.0217702
7.08639 0.0863748
7.08671 0.0866943
7.08706 0.0870449
7.09525 0.0952337
7.09657 0.0965439
7.09857 0.0985477
7.10084 0.100836
7.10151 0.101488
7.10179 0.0217712
7.10179 0.0217712
7.10179 0.0217712
7.10211 0.102092
7.10224 0.0218996
7.10224 0.0218996
7.10224 0.0222191
7.10243 0.0217707
7.10243 0.0220902
7.10243 0.0217707
7.10278 0.0221168
7.10278 0.0217973
7.10278 0.0217973
7.10437 0.104352
7.10506 0.105044
7.10771 0.107697
7.1081 0.108078
7.10938 0.109368
7.1097 0.109682
7.11049 0.110468
7.11081 0.110787
7.11112 0.111107
7.11197 0.111955
7.11288 0.112866
7.1132 0.113185
7.1132 0.113185
7.11352 0.113505
7.11384 0.113825
7.11416 0.114144
7.11538 0.115365
7.1157 0.115685
7.11699 0.116968
7.11759 0.117568
7.11859 0.118572
7.12068 0.120664
7.122 0.0219751
7.12213 0.0221035
7.12213 0.0221035
7.12213 0.021784
7.12213 0.021784
7.12213 0.021784
7.12244 0.0217795
7.12244 0.0217795
7.12244 0.022099
7.12276 0.122742
7.12289 0.0219079
7.12289 0.0222274
7.12289 0.0219079
7.1233 0.123283
7.12455 0.124548
7.12487 0.124855
7.12557 0.025541
7.12589 0.0258682
7.12844 0.0284272
7.12895 0.128933
7.12927 0.129252
7.12927 0.129252
7.1299 0.129883
7.13137 0.0313537
7.13188 0.0318468
7.13297 0.032957
7.1341 0.0340852
7.13458 0.0345602
7.1349 0.134879
7.13522 0.135198
7.13554 0.0355072
7.13719 0.137175
7.13891 0.138894
7.13923 0.0392144
7.13986 0.139844
7.14096 0.0409529
7.1415 0.0414793
7.14182 0.141798
7.14194 0.02192
7.14194 0.02192
7.14194 0.02192
7.14214 0.0217911
7.14214 0.0217911
7.14214 0.0221106
7.14245 0.0217866
7.14245 0.0221061
7.14245 0.0217866
7.14277 0.0427523
7.14309 0.143071
7.14341 0.0433783
7.14373 0.14371
7.14405 0.14403
7.14437 0.144349
7.1445 0.023832
7.1445 0.0235125
7.1445 0.0235125
7.1455 0.045482
7.14582 0.0458015
7.15021 0.050213
7.15137 0.151354
7.15259 0.152576
7.15447 0.0544664
7.15504 0.155019
7.15629 0.0562722
7.15661 0.0565917
7.16181 0.0217802
7.16181 0.0217802
7.16181 0.0217802
7.16212 0.0217757
7.16212 0.0217757
7.16212 0.0220952
7.16244 0.0217712
7.16244 0.0220907
7.16244 0.0217712
7.16276 0.0627396
7.16289 0.0222191
7.16289 0.0218996
7.16289 0.0218996
7.1684 0.0683875
7.169 0.0689813
7.16975 0.0697362
7.17042 0.0703979
7.17161 0.0715883
7.17672 0.0766978
7.17987 0.0798478
7.1818 0.0217678
7.1818 0.0217678
7.1818 0.0217678
7.18214 0.0217944
7.18214 0.0217944
7.18214 0.0221139
7.18246 0.0217899
7.18246 0.0221094
7.18246 0.0217899
7.18277 0.0221049
7.18277 0.0217854
7.18277 0.0217854
7.18642 0.086404
7.18674 0.0867235
7.18706 0.087043
7.19525 0.0952318
7.1966 0.0965902
7.19853 0.0985147
7.20047 0.100439
7.20147 0.101455
7.20179 0.0217864
7.20179 0.0217864
7.20179 0.0217864
7.20211 0.10209
7.20224 0.0219148
7.20224 0.0219148
7.20224 0.0222343
7.20243 0.0217859
7.20243 0.0221054
7.20243 0.0217859
7.20274 0.0221009
7.20274 0.0217814
7.20274 0.0217814
7.20437 0.10435
7.20503 0.105011
7.20759 0.10757
7.20803 0.108014
7.20938 0.109366
7.2097 0.10968
7.21048 0.110466
7.2108 0.110785
7.2108 0.110785
7.21206 0.112038
7.2129 0.112896
7.21322 0.113206
7.21322 0.113206
7.21354 0.113525
7.21386 0.113854
7.21418 0.114164
7.21537 0.115355
7.21569 0.115674
7.2167 0.116678
7.21761 0.117589
7.21858 0.118561
7.22067 0.120654
7.22199 0.0219818
7.22211 0.0221102
7.22211 0.0221102
7.22211 0.0217907
7.22211 0.0217907
7.22211 0.0217907
7.22243 0.0217862
7.22243 0.0217862
7.22243 0.0221057
7.22275 0.122731
7.22288 0.0219146
7.22288 0.0222341
7.22288 0.0219146
7.22329 0.123273
7.22457 0.124546
7.22489 0.124876
7.22555 0.0255477
7.22587 0.0258578
7.22843 0.0284168
7.22894 0.128922
7.22926 0.129242
7.22926 0.129242
7.22986 0.129841
7.23136 0.0313433
7.2319 0.0318762
7.23296 0.0329466
7.23394 0.0339193
7.23472 0.134705
7.23504 0.0350248
7.23536 0.135344
7.23536 0.0353534
7.2372 0.137187
7.23889 0.138875
7.23921 0.0391955
7.24 0.139981
7.24097 0.0409631
7.24145 0.0414293
7.24177 0.141748
7.24189 0.0218871
7.24189 0.0218871
7.24189 0.0218871
7.24212 0.0217893
7.24212 0.0217893
7.24212 0.0221089
7.24243 0.0217849
7.24243 0.0221044
7.24243 0.0217849
7.24275 0.0427334
7.24307 0.143052
7.24339 0.0433681
7.24371 0.143691
7.24403 0.144011
7.24435 0.14433
7.24448 0.0238303
7.24448 0.0235108
7.24448 0.0235108
7.24548 0.0454632
7.2458 0.0457827
7.25022 0.05022
7.25132 0.151304
7.25261 0.152588
7.25445 0.054425
7.25508 0.155062
7.25627 0.0562533
7.25659 0.0565728
7.26179 0.0217785
7.26179 0.0217785
7.26179 0.0217785
7.2621 0.021774
7.2621 0.021774
7.2621 0.0220935
7.26242 0.0217695
7.26242 0.022089
7.26242 0.0217695
7.26274 0.0627207
7.26287 0.0222174
7.26287 0.0218979
7.26287 0.0218979
7.26838 0.0683687
7.26926 0.0692423
7.26976 0.0697485
7.27033 0.0703168
7.27162 0.0716005
7.2767 0.076679
7.27985 0.0798289
7.28181 0.0217971
7.28181 0.0217971
7.28181 0.0217971
7.28212 0.0217926
7.28212 0.0217926
7.28212 0.0221121
7.28244 0.0217881
7.28244 0.0221076
7.28244 0.0217881
7.28275 0.0221031
7.28275 0.0217836
7.28275 0.0217836
7.28634 0.0863229
7.28666 0.0866424
7.28713 0.0871175
7.29526 0.0952441
7.29658 0.0965573
7.29861 0.0985891
7.30051 0.100499
7.30148 0.101468
7.3018 0.0217847
7.3018 0.0217847
7.3018 0.0217847
7.30212 0.102102
7.30225 0.0219131
7.30225 0.0219131
7.30225 0.0222326
7.30244 0.0217842
7.30244 0.0221037
7.30244 0.0217842
7.30275 0.0220992
7.30275 0.0217797
7.30275 0.0217797
7.30447 0.104455
7.30504 0.105024
7.30772 0.107707
7.30804 0.108027
7.30936 0.109347
7.30968 0.109661
7.31053 0.110509
7.31085 0.110829
7.31116 0.111148
7.31198 0.111965
7.31289 0.112863
7.31321 0.113195
7.31321 0.113195
7.31353 0.113515
7.31385 0.113821
7.31417 0.114154
7.31536 0.115344
7.31568 0.115664
7.31668 0.116668
7.31759 0.117578
7.31857 0.118551
7.32063 0.120612
7.32201 0.0219886
7.32213 0.0217975
7.32213 0.0217975
7.32213 0.0217975
7.32245 0.021793
7.32245 0.021793
7.32245 0.0221125
7.32277 0.122752
7.3229 0.0219213
7.3229 0.0222409
7.3229 0.0219213
7.32309 0.0221119
7.32309 0.0217924
7.32309 0.0217924
7.32341 0.123391
7.32457 0.124548
7.32489 0.124869
7.32555 0.0255273
7.32587 0.0258514
7.32843 0.0284104
7.32893 0.128916
7.32925 0.129235
7.32925 0.129235
7.33001 0.12999
7.33129 0.0312747
7.33189 0.0318784
7.33299 0.0329713
7.33412 0.0340995
7.33456 0.0345434
7.33488 0.134862
7.3352 0.135182
7.33552 0.0355005
7.33717 0.137158
7.33889 0.138877
7.33921 0.0391976
7.33991 0.13989
7.34094 0.04091
7.34145 0.0414314
7.3418 0.141781
7.34193 0.0218978
7.34193 0.0218978
7.34193 0.0218978
7.34212 0.0217689
7.34212 0.0217689
7.34212 0.0220884
7.34246 0.0217955
7.34246 0.0221151
7.34246 0.0217955
7.34278 0.0427666
7.3431 0.143085
7.34342 0.0434099
7.34374 0.143724
7.34406 0.144044
7.34438 0.144363
7.34451 0.023841
7.34451 0.0235215
7.34451 0.0235215
7.34539 0.0453719
7.34571 0.0456914
7.35023 0.0502169
7.35126 0.151244
7.35264 0.152621
7.35442 0.0544046
7.35508 0.155064
7.35627 0.0562554
7.35659 0.0565749
7.36182 0.0217891
7.36182 0.0217891
7.36182 0.0217891
7.36214 0.0217847
7.36214 0.0217847
7.36214 0.0221042
7.36245 0.0217802
7.36245 0.0220997
7.36245 0.0217802
7.36286 0.0628472
7.36299 0.0223214
7.36299 0.0220019
7.36299 0.0220019
7.36838 0.0683707
7.36926 0.0692444
7.36977 0.0697505
7.37043 0.0704122
7.37162 0.0716026
7.3767 0.076681
7.37985 0.079831
7.38178 0.0217767
7.38178 0.0217767
7.38178 0.0217767
7.38209 0.0217722
7.38209 0.0217722
7.38209 0.0220917
7.38244 0.0217988
7.38244 0.0221183
7.38244 0.0217988
7.38276 0.0221138
7.38276 0.0217943
7.38276 0.0217943
7.3864 0.0863872
7.38672 0.0867067
7.3871 0.0870884
7.39526 0.0952461
7.39689 0.0968875
7.39854 0.098529
7.40051 0.100487
7.40149 0.10147
7.4018 0.0217954
7.4018 0.0217954
7.4018 0.0217954
7.40212 0.102104
7.40225 0.0219238
7.40225 0.0219238
7.40225 0.0222433
7.40244 0.0217948
7.40244 0.0221144
7.40244 0.0217948
7.40275 0.0221099
7.40275 0.0217904
7.40275 0.0217904
7.40438 0.104364
7.40504 0.105026
7.40763 0.107616
7.40804 0.108029
7.40936 0.109349
7.40968 0.109663
7.4105 0.11048
7.41082 0.1108
7.41113 0.111119
7.41198 0.111967
7.41292 0.112905
7.41324 0.113229
7.41324 0.113229
7.41356 0.113548
7.41388 0.113863
7.4142 0.114187
7.41542 0.115409
7.41574 0.115728
7.41678 0.116763
7.4176 0.11758
7.41857 0.118553
7.4206 0.120583
7.42198 0.0219682
7.4221 0.021777
7.4221 0.021777
7.4221 0.021777
7.42242 0.0217725
7.42242 0.0217725
7.42242 0.0220921
7.42274 0.122723
7.42287 0.0219009
7.42287 0.0222204
7.42287 0.0219009
7.42322 0.123202
7.42335 0.0223799
7.42335 0.0220604
7.42335 0.0220604
7.42447 0.124466
7.42479 0.124778
7.42555 0.0255465
7.42587 0.0258534
7.42843 0.0284124
7.42893 0.128918
7.42925 0.129237
7.42925 0.129237
7.42988 0.129868
7.43129 0.0312768
7.43189 0.0318891
7.43296 0.0329422
7.43409 0.0340704
7.43472 0.1347
7.43504 0.0350205
7.43535 0.135339
7.43567 0.0356475
7.43721 0.137191
7.4389 0.138879
7.43921 0.0391996
7.44 0.139985
7.44094 0.0409244
7.44145 0.0414334
7.44177 0.141752
7.4419 0.0218774
7.4419 0.0218774
7.4419 0.0218774
7.44212 0.0217796
7.44212 0.0217796
7.44212 0.0220991
7.44243 0.0217751
7.44243 0.0220946
7.44243 0.0217751
7.44275 0.0427375
7.44307 0.143056
7.44339 0.0433895
7.44371 0.143695
7.44403 0.144015
7.44435 0.144334
7.44448 0.0238206
7.44448 0.0235011
7.44448 0.0235011
7.44548 0.0454673
7.4458 0.0457868
7.45023 0.0502138
7.45126 0.151246
7.45267 0.152654
7.45448 0.0544775
7.45511 0.155097
7.45627 0.0562574
7.45659 0.0565769
7.46179 0.0217687
7.46179 0.0217687
7.46179 0.0217687
7.46214 0.0217953
7.46214 0.0217953
7.46214 0.0221149
7.46245 0.0217909
7.46245 0.0221104
7.46245 0.0217909
7.46277 0.0627559
7.4629 0.0222388
7.4629 0.0219192
7.4629 0.0219192
7.46838 0.0683728
7.46926 0.0692464
7.46977 0.0697526
7.47034 0.0703209
7.47162 0.0716046
7.47667 0.076652
7.47954 0.079522
7.48181 0.0217874
7.48181 0.0217874
7.48181 0.0217874
7.48213 0.0217829
7.48213 0.0217829
7.48213 0.0221024
7.48244 0.0217784
7.48244 0.0220979
7.48244 0.0217784
7.48276 0.0220934
7.48276 0.0217739
7.48276 0.0217739
7.48644 0.0864203
7.48675 0.0867398
7.48711 0.0870905
7.49523 0.0952171
7.49689 0.0968671
7.49855 0.098531
7.50045 0.100444
7.50149 0.101472
7.5018 0.021775
7.5018 0.021775
7.5018 0.021775
7.50212 0.102106
7.50225 0.0219033
7.50225 0.0219033
7.50225 0.0222229
7.50244 0.0217744
7.50244 0.0220939
7.50244 0.0217744
7.50276 0.0220894
7.50276 0.0217699
7.50276 0.0217699
7.50441 0.104397
7.50501 0.104997
7.50769 0.10768
7.50801 0.108
7.50936 0.109351
7.50993 0.109914
7.5105 0.110482
7.51082 0.110802
7.51114 0.111121
7.51205 0.112032
7.51289 0.112884
7.51321 0.113199
7.51321 0.113199
7.51353 0.113519
7.51385 0.113843
7.51417 0.114158
7.51543 0.115411
7.51575 0.11573
7.51669 0.116672
7.5176 0.117582
7.51857 0.118555
7.5206 0.120585
7.52201 0.0219789
7.52214 0.0221072
7.52214 0.0221072
7.52214 0.0217877
7.52214 0.0217877
7.52214 0.0217877
7.52245 0.0217832
7.52245 0.0217832
7.52245 0.0221028
7.52277 0.122756
7.5229 0.0219116
7.5229 0.0222311
7.5229 0.0219116
7.52331 0.123297
7.52456 0.124535
7.52488 0.12487
7.52555 0.0255306
7.52587 0.0258515
7.52842 0.0284105
7.52874 0.128729
7.52906 0.129049
7.52906 0.129049
7.52997 0.129959
7.53135 0.0313371
7.53192 0.0318958
7.53305 0.0330336
7.53405 0.0340374
7.53471 0.034699
7.53503 0.135018
7.53535 0.135337
7.53567 0.0356662
7.5372 0.137189
7.53886 0.138846
7.53918 0.0391666
7.54022 0.140201
7.54094 0.0409256
7.54148 0.0414626
7.5418 0.141781
7.54192 0.0219237
7.54192 0.0219237
7.54192 0.0219237
7.54212 0.0217948
7.54212 0.0217948
7.54212 0.0221143
7.54243 0.0217903
7.54243 0.0221098
7.54243 0.0217903
7.54275 0.0427356
7.54288 0.0222382
7.54288 0.0219187
7.54288 0.0219187
7.54332 0.0432984
7.54364 0.143627
7.54396 0.143946
7.54396 0.143946
7.54437 0.144359
7.54547 0.0454569
7.54579 0.0457764
7.55022 0.0501982
7.55125 0.151236
7.55266 0.152644
7.55444 0.0544136
7.55507 0.155056
7.55629 0.0562781
7.55661 0.0565976
7.56178 0.0217755
7.56178 0.0217755
7.56178 0.0217755
7.56209 0.021771
7.56209 0.021771
7.56209 0.0220905
7.56244 0.0217976
7.56244 0.0221171
7.56244 0.0217976
7.56285 0.0628388
7.56298 0.0223388
7.56298 0.0220193
7.56298 0.0220193
7.56837 0.0683624
7.56928 0.0692672
7.56976 0.0697422
7.57042 0.0704038
7.57167 0.0716565
7.57659 0.0765794
7.57953 0.0795116
7.5818 0.0217941
7.5818 0.0217941
7.5818 0.0217941
7.58212 0.0217896
7.58212 0.0217896
7.58212 0.0221091
7.58243 0.0217851
7.58243 0.0221046
7.58243 0.0217851
7.58275 0.0221001
7.58275 0.0217806
7.58275 0.0217806
7.58639 0.0863788
7.58671 0.0866984
7.58703 0.0870179
7.59525 0.0952378
7.59688 0.0968653
7.59853 0.0985206
7.60094 0.100917
7.60148 0.101461
7.60179 0.0217817
7.60179 0.0217817
7.60179 0.0217817
7.60211 0.102096
7.60224 0.0219101
7.60224 0.0219101
7.60224 0.0222296
7.60243 0.0217812
7.60243 0.0221007
7.60243 0.0217812
7.60274 0.0220962
7.60274 0.0217767
7.60274 0.0217767
7.6044 0.104387
7.60516 0.105142
7.60771 0.107701
7.6081 0.108083
7.60935 0.109341
7.60992 0.109903
7.61049 0.110472
7.61081 0.110791
7.61081 0.110791
7.612 0.111982
7.61288 0.112874
7.61319 0.113181
7.61319 0.113181
7.61351 0.1135
7.61383 0.113833
7.61415 0.114139
7.61537 0.115361
7.61569 0.11568
7.6167 0.116684
7.61761 0.117594
7.61858 0.118567
7.62077 0.120753
7.62199 0.0219771
7.62212 0.021786
7.62212 0.021786
7.62212 0.021786
7.62243 0.0217815
7.62243 0.0217815
7.62243 0.022101
7.62275 0.122737
7.62288 0.0219099
7.62288 0.0222294
7.62288 0.0219099
7.62307 0.0221005
7.62307 0.021781
7.62307 0.021781
7.62339 0.123376
7.62455 0.124528
7.62487 0.124855
7.62556 0.0255328
7.62588 0.0258677
7.62844 0.0284267
7.62879 0.128777
7.62911 0.129096
7.62911 0.129096
7.62999 0.129975
7.63137 0.0313533
7.63187 0.0318585
7.63306 0.0330498
7.63407 0.0340536
7.63473 0.0347153
7.63505 0.135034
7.63537 0.135353
7.63569 0.0356718
7.63722 0.137206
7.63888 0.138863
7.6392 0.0391828
7.63989 0.139875
7.64095 0.0409397
7.64146 0.0414477
7.64178 0.141766
7.64191 0.0218864
7.64191 0.0218864
7.64191 0.0218864
7.64213 0.0217886
7.64213 0.0217886
7.64213 0.0221081
7.64245 0.0217841
7.64245 0.0221036
7.64245 0.0217841
7.6428 0.042783
7.64312 0.143102
7.64344 0.0434211
7.64375 0.143741
7.64407 0.14406
7.64439 0.14438
7.64452 0.0238606
7.64452 0.0235411
7.64452 0.0235411
7.64549 0.0454816
7.64581 0.0458011
7.65024 0.0502177
7.65124 0.151229
7.65259 0.152575
7.65443 0.0544158
7.65516 0.155143
7.65628 0.0562717
7.6566 0.0565912
7.6618 0.0217777
7.6618 0.0217777
7.6618 0.0217777
7.66212 0.0217732
7.66212 0.0217732
7.66212 0.0220927
7.66243 0.0217687
7.66243 0.0220882
7.66243 0.0217687
7.66285 0.0628324
7.66297 0.0223099
7.66297 0.0219904
7.66297 0.0219904
7.66839 0.0683871
7.66924 0.0692296
7.66987 0.0698602
7.67035 0.0703352
7.67163 0.0716189
7.67668 0.0766663
7.67952 0.0795052
7.68182 0.0217963
7.68182 0.0217963
7.68182 0.0217963
7.68214 0.0217919
7.68214 0.0217919
7.68214 0.0221114
7.68245 0.0217874
7.68245 0.0221069
7.68245 0.0217874
7.68277 0.0221024
7.68277 0.0217829
7.68277 0.0217829
7.68645 0.0864346
7.68677 0.0867542
7.68709 0.0870737
7.69524 0.0952314
7.69687 0.0968676
7.69853 0.0985142
7.70093 0.10092
7.70147 0.101455
7.70201 0.101992
7.70213 0.0221034
7.70213 0.0221034
7.70213 0.0221034
7.70213 0.0217839
7.70213 0.0217839
7.70213 0.0221034
7.70226 0.0222318
7.70245 0.0217834
7.70245 0.0221029
7.70245 0.0217834
7.70277 0.0220984
7.70277 0.0217789
7.70277 0.0217789
7.70439 0.10438
7.70502 0.105011
7.70761 0.107601
7.708 0.107983
7.70937 0.109366
7.70991 0.109897
7.71048 0.110465
7.7108 0.110785
7.71112 0.111104
7.71197 0.111953
7.71288 0.112854
7.7132 0.113183
7.7132 0.113183
7.71352 0.113502
7.71387 0.113843
7.71419 0.114172
7.71544 0.115425
7.71576 0.115744
7.7167 0.116686
7.71761 0.117597
7.71858 0.118569
7.72077 0.120755
7.72199 0.0219878
7.72212 0.0217967
7.72212 0.0217967
7.72212 0.0217967
7.72243 0.0217922
7.72243 0.0217922
7.72243 0.0221117
7.72275 0.122739
7.72307 0.123059
7.7232 0.0222401
7.7232 0.0225596
7.7232 0.0222401
7.7232 0.0222401
7.7232 0.0219206
7.7232 0.0219206
7.72333 0.022049
7.72458 0.12457
7.7249 0.124888
7.72556 0.025552
7.72588 0.0258698
7.72844 0.0284288
7.72895 0.128934
7.72927 0.129254
7.72927 0.129254
7.72999 0.129977
7.73137 0.0313553
7.73187 0.0318692
7.73303 0.0330208
7.73407 0.0340557
7.73473 0.134717
7.73505 0.0350368
7.73537 0.135356
7.73569 0.0356634
7.73722 0.137208
7.73888 0.138865
7.7392 0.0391849
7.73983 0.139815
7.74096 0.040954
7.74146 0.0414498
7.74178 0.141768
7.74191 0.0218971
7.74191 0.0218971
7.74191 0.0218971
7.7421 0.0217682
7.7421 0.0217682
7.7421 0.0220877
7.74245 0.0217948
7.74245 0.0221143
7.74245 0.0217948
7.74277 0.0427539
7.74309 0.143073
7.74341 0.0434006
7.74372 0.143712
7.74404 0.144031
7.74436 0.144351
7.74449 0.0238402
7.74449 0.0235207
7.74449 0.0235207
7.7455 0.0454836
7.74582 0.0458031
7.74946 0.049437
7.75124 0.151231
7.75259 0.152577
7.75425 0.0542399
7.75506 0.155051
7.75626 0.0562427
7.75657 0.0565622
7.7618 0.0217884
7.7618 0.0217884
7.7618 0.0217884
7.76212 0.0217839
7.76212 0.0217839
7.76212 0.0221034
7.76243 0.0217794
7.76243 0.0220989
7.76243 0.0217794
7.76285 0.0628345
7.76298 0.0223206
7.76298 0.0220011
7.76298 0.0220011
7.7684 0.0683891
7.76934 0.069325
7.76978 0.0697689
7.77035 0.0703373
7.7716 0.0715899
7.77659 0.076575
7.77986 0.0798494
7.78179 0.0217759
7.78179 0.0217759
7.78179 0.0217759
7.78211 0.0217714
7.78211 0.0217714
7.78211 0.0220909
7.78246 0.0217981
7.78246 0.0221176
7.78246 0.0217981
7.78277 0.0221131
7.78277 0.0217936
7.78277 0.0217936
7.78639 0.0863745
7.78671 0.086694
7.78712 0.0871068
7.79534 0.0953267
7.7969 0.0968783
7.79853 0.0985163
7.80093 0.10093
7.80156 0.10155
7.80201 0.101994
7.80214 0.0221141
7.80214 0.0221141
7.80214 0.0221141
7.80214 0.0217946
7.80214 0.0217946
7.80214 0.0221141
7.80226 0.0222425
7.80245 0.0217941
7.80245 0.0221136
7.80245 0.0217941
7.80277 0.0221091
7.80277 0.0217896
7.80277 0.0217896
7.80436 0.104351
7.80515 0.105137
7.80752 0.10751
7.80812 0.108109
7.80937 0.109368
7.81 0.109992
7.81048 0.110467
7.8108 0.110787
7.81112 0.111106
7.81215 0.112141
7.81288 0.112864
7.8132 0.113184
7.8132 0.113185
7.81352 0.113504
7.81352 0.113504
7.81393 0.113917
7.81543 0.115419
7.81575 0.115738
7.81675 0.116742
7.8176 0.11759
7.81858 0.118563
7.82076 0.120749
7.82198 0.0219589
7.82211 0.0217678
7.82211 0.0217678
7.82211 0.0217678
7.82246 0.0217944
7.82246 0.0217944
7.82246 0.0221139
7.82278 0.122764
7.8231 0.123084
7.82322 0.0222423
7.82322 0.0225618
7.82322 0.0222423
7.82322 0.0222423
7.82322 0.0219228
7.82322 0.0219228
7.82335 0.0220512
7.82461 0.124603
7.82492 0.124913
7.82562 0.0255938
7.82594 0.0259256
7.82843 0.0284224
7.82897 0.128959
7.82897 0.128959
7.82929 0.129278
7.82986 0.129847
7.83142 0.0314111
7.83187 0.0318403
7.83296 0.0329521
7.83406 0.0340493
7.83472 0.0347109
7.83504 0.13503
7.83536 0.135349
7.83536 0.035358
7.83721 0.137193
7.83889 0.138881
7.83921 0.0392011
7.83991 0.139893
7.841 0.0409734
7.84132 0.14131
7.84164 0.04163
7.8418 0.0217975
7.8418 0.0217975
7.8418 0.0217975
7.84212 0.021793
7.84212 0.021793
7.84212 0.0221125
7.84243 0.0217885
7.84243 0.022108
7.84243 0.0217885
7.84275 0.142738
7.84307 0.0430585
7.84339 0.0433633
7.84371 0.143697
7.84403 0.144016
7.84435 0.144336
7.84448 0.023834
7.84448 0.0235145
7.84448 0.0235145
7.84548 0.0454687
7.8458 0.0457882
7.84948 0.0494565
7.85126 0.151248
7.85261 0.152594
7.85448 0.0544598
7.85517 0.155161
7.85627 0.0562589
7.85659 0.0565784
7.86179 0.0217821
7.86179 0.0217821
7.86179 0.0217821
7.8621 0.0217776
7.8621 0.0217776
7.8621 0.0220972
7.86242 0.0217732
7.86242 0.0220927
7.86242 0.0217732
7.8628 0.0627885
7.86293 0.0222833
7.86293 0.0219638
7.86293 0.0219638
7.86838 0.0683742
7.86926 0.0692479
7.86977 0.069754
7.87043 0.0704157
7.87162 0.0716061
7.8767 0.0766845
7.87985 0.0798345
7.88178 0.0217697
7.88178 0.0217697
7.88178 0.0217697
7.88212 0.0217963
7.88212 0.0217963
7.88212 0.0221158
7.88244 0.0217918
7.88244 0.0221113
7.88244 0.0217918
7.88275 0.0221068
7.88275 0.0217873
7.88275 0.0217873
7.88634 0.0863285
7.88666 0.086648
7.88704 0.0870297
7.89529 0.0952807
7.89689 0.096872
7.89854 0.0985325
7.90085 0.100831
7.90161 0.101598
7.9018 0.0217884
7.9018 0.0217884
7.9018 0.0217884
7.90212 0.102108
7.90225 0.0219167
7.90225 0.0219167
7.90225 0.0222363
7.90244 0.0217878
7.90244 0.0221073
7.90244 0.0217878
7.90275 0.0221029
7.90275 0.0217833
7.90275 0.0217833
7.90438 0.104368
7.90504 0.105029
7.90751 0.107495
7.90811 0.108094
7.90936 0.109353
7.90993 0.109915
7.9105 0.110484
7.91081 0.110803
7.91081 0.110803
7.91197 0.111963
7.91288 0.112881
7.9132 0.113193
7.9132 0.113193
7.91352 0.113512
7.91384 0.113817
7.91416 0.114151
7.91545 0.115435
7.91577 0.115754
7.91677 0.116758
7.91759 0.117575
7.91803 0.118019
7.92071 0.120703
7.922 0.0219838
7.92213 0.0221122
7.92213 0.0221122
7.92213 0.0217927
7.92213 0.0217927
7.92213 0.0217927
7.92244 0.0217882
7.92244 0.0217882
7.92244 0.0221077
7.92276 0.122749
7.92289 0.0219166
7.92289 0.0222361
7.92289 0.0219166
7.92327 0.123259
7.92459 0.124562
7.92491 0.124894
7.92557 0.0255609
7.92589 0.0258756
7.92845 0.0284346
7.92876 0.128753
7.92908 0.129073
7.92908 0.129073
7.92987 0.129859
7.93134 0.0313301
7.93188 0.0318612
7.93313 0.0331199
7.93404 0.0340304
7.9347 0.134691
7.93502 0.0350116
7.93534 0.13533
7.93566 0.0356481
7.93719 0.137182
7.93888 0.13887
7.9392 0.0391907
7.93983 0.13982
7.94096 0.0409549
7.94128 0.141268
7.9416 0.0415885
7.94179 0.0217731
7.94179 0.0217731
7.94179 0.0217731
7.9421 0.0217686
7.9421 0.0217686
7.9421 0.0220882
7.94245 0.0217953
7.94245 0.0221148
7.94245 0.0217953
7.94277 0.0427597
7.94309 0.143078
7.94341 0.0433927
7.94373 0.143717
7.94405 0.144037
7.94437 0.144356
7.9445 0.0238407
7.9445 0.0235212
7.9445 0.0235212
7.94547 0.0454583
7.94579 0.0457779
7.94947 0.0494494
7.95122 0.151206
7.95263 0.152614
7.95444 0.054427
7.9551 0.155088
7.95626 0.0562485
7.95658 0.056568
7.96181 0.0217889
7.96181 0.0217889
7.96181 0.0217889
7.96212 0.0217844
7.96212 0.0217844
7.96212 0.0221039
7.96244 0.0217799
7.96244 0.0220994
7.96244 0.0217799
7.96282 0.0628092
7.96295 0.02229
7.96295 0.0219705
7.96295 0.0219705
7.96837 0.0683639
7.96931 0.0692997
7.96975 0.0697437
7.97032 0.070312
7.97164 0.0716268
7.97668 0.0766741
7.97983 0.0798241
7.9818 0.0217764
7.9818 0.0217764
7.9818 0.0217764
7.98211 0.0217719
7.98211 0.0217719
7.98211 0.0220914
7.98246 0.0217985
7.98246 0.022118
7.98246 0.0217985
7.98277 0.0221135
7.98277 0.021794
7.98277 0.021794
7.98633 0.0863181
7.98665 0.0866376
7.98706 0.0870504
7.99525 0.0952393
7.99688 0.0968703
7.99853 0.0985221
8.00094 0.100922
8.00147 0.101463
8.00182 0.0217951
8.00182 0.0217951
8.00182 0.0217951
8.00214 0.102128
8.00227 0.0219235
8.00227 0.0219235
8.00227 0.022243
8.00246 0.0217946
8.00246 0.0221141
8.00246 0.0217946
8.00277 0.0221096
8.00277 0.0217901
8.00277 0.0217901
8.00437 0.104361
8.00503 0.105022
8.00769 0.107675
8.0081 0.108088
8.00935 0.109346
8.00992 0.109909
8.01049 0.110477
8.01081 0.110796
8.01113 0.111116
8.01197 0.111964
8.01289 0.11286
8.0132 0.113194
8.01352 0.113514
8.01352 0.113514
8.01384 0.113827
8.01416 0.114153
8.01545 0.115436
8.01577 0.115756
8.01671 0.116697
8.01759 0.117577
8.01791 0.117896
8.02065 0.120642
8.022 0.0219714
8.02213 0.0217803
8.02213 0.0217803
8.02213 0.0217803
8.02244 0.0217758
8.02244 0.0217758
8.02244 0.0220953
8.02276 0.122751
8.02289 0.0219042
8.02289 0.0222237
8.02289 0.0219042
8.02327 0.123261
8.0234 0.0224143
8.0234 0.0220948
8.0234 0.0220948
8.02459 0.124576
8.02491 0.124899
8.0256 0.0255836
8.02592 0.0259123
8.02845 0.0284402
8.02877 0.128759
8.02909 0.129078
8.02909 0.129078
8.03003 0.13002
8.03135 0.0313357
8.03182 0.0318133
8.03326 0.03325
8.03408 0.0340671
8.03461 0.134604
8.03493 0.0349239
8.03525 0.135243
8.03619 0.036172
8.0372 0.137188
8.03889 0.138876
8.03921 0.0391963
8.03987 0.139857
8.04097 0.0409636
8.04128 0.141274
8.0416 0.0415941
8.04179 0.0217874
8.04179 0.0217874
8.04179 0.0217874
8.04211 0.0217829
8.04211 0.0217829
8.04211 0.0221024
8.04242 0.0217784
8.04242 0.0220979
8.04242 0.0217784
8.04274 0.0427343
8.04306 0.143053
8.04338 0.0433758
8.0437 0.143692
8.04402 0.144011
8.04434 0.144331
8.04447 0.0238238
8.04447 0.0235043
8.04447 0.0235043
8.04547 0.045464
8.04579 0.0457835
8.04947 0.0494583
8.05125 0.151243
8.0526 0.152589
8.05447 0.0544723
8.05517 0.155156
8.05626 0.0562541
8.05658 0.0565736
8.06178 0.021772
8.06178 0.021772
8.06178 0.021772
8.06213 0.0217986
8.06213 0.0217986
8.06213 0.0221181
8.06244 0.0217941
8.06244 0.0221136
8.06244 0.0217941
8.06286 0.0628459
8.06298 0.0223353
8.06298 0.0220158
8.06298 0.0220158
8.06837 0.0683695
8.06925 0.0692431
8.06976 0.0697493
8.07042 0.0704109
8.07164 0.0716325
8.07669 0.0766798
8.07984 0.0798297
8.0818 0.0217907
8.0818 0.0217907
8.0818 0.0217907
8.08212 0.0217862
8.08212 0.0217862
8.08212 0.0221057
8.08243 0.0217817
8.08243 0.0221012
8.08243 0.0217817
8.08275 0.0220967
8.08275 0.0217772
8.08275 0.0217772
8.08633 0.0863237
8.08665 0.0866432
8.08703 0.087025
8.09532 0.0953071
8.09688 0.0968534
8.09854 0.0985277
8.10094 0.100937
8.10154 0.101531
8.10179 0.0217782
8.10179 0.0217782
8.10179 0.0217782
8.10211 0.102103
8.10224 0.0219066
8.10224 0.0219066
8.10224 0.0222261
8.10243 0.0217777
8.10243 0.0220972
8.10243 0.0217777
8.10275 0.0220927
8.10275 0.0217732
8.10275 0.0217732
8.10437 0.104363
8.105 0.104993
8.10756 0.107552
8.1081 0.10809
8.10938 0.109379
8.10995 0.109942
8.11049 0.110479
8.11081 0.110798
8.11113 0.111118
8.11213 0.112122
8.11245 0.112435
8.11302 0.11301
8.11334 0.113329
8.11366 0.113649
8.11398 0.11397
8.1143 0.114288
8.11543 0.115416
8.11575 0.115735
8.11675 0.116739
8.1176 0.117587
8.11857 0.11856
8.12063 0.120621
8.12201 0.0219906
8.12214 0.0217995
8.12214 0.0217995
8.12214 0.0217995
8.12245 0.021795
8.12245 0.021795
8.12245 0.0221145
8.12277 0.122761
8.1229 0.0219234
8.1229 0.0222429
8.1229 0.0219234
8.12328 0.123271
8.12341 0.0224335
8.12341 0.022114
8.12341 0.022114
8.12457 0.124565
8.12489 0.124879
8.12561 0.0256028
8.12593 0.0259229
8.12843 0.0284197
8.12897 0.128956
8.12929 0.129276
8.12929 0.129276
8.13004 0.130031
8.13136 0.0313462
8.13183 0.0318013
8.13308 0.0330738
8.13409 0.0340776
8.13472 0.0347082
8.13504 0.135027
8.13536 0.135346
8.13608 0.0360702
8.13718 0.137167
8.1388 0.138793
8.13912 0.0391136
8.13988 0.139868
8.14094 0.0409409
8.14126 0.141253
8.14158 0.0415735
8.1418 0.0217755
8.1418 0.0217755
8.1418 0.0217755
8.14215 0.0218021
8.14215 0.0218021
8.14215 0.0221216
8.14247 0.0217976
8.14247 0.0221171
8.14247 0.0217976
8.14279 0.0427759
8.1431 0.143095
8.14342 0.043395
8.14374 0.143734
8.14406 0.144053
8.14438 0.144373
8.14451 0.023843
8.14451 0.0235235
8.14451 0.0235235
8.14548 0.0454745
8.1458 0.045794
8.1492 0.0491922
8.1512 0.151191
8.1527 0.152693
8.15445 0.0544293
8.15518 0.155167
8.15624 0.0562335
8.15656 0.056553
8.16179 0.0217912
8.16179 0.0217912
8.16179 0.0217912
8.16211 0.0217867
8.16211 0.0217867
8.16211 0.0221062
8.16242 0.0217822
8.16242 0.0221017
8.16242 0.0217822
8.16283 0.0628253
8.16296 0.0223234
8.16296 0.0220039
8.16296 0.0220039
8.16838 0.06838
8.16923 0.0692226
8.16974 0.0697287
8.1704 0.0703903
8.17171 0.0717052
8.17658 0.0765659
8.17985 0.0798403
8.18178 0.0217787
8.18178 0.0217787
8.18178 0.0217787
8.1821 0.0217742
8.1821 0.0217742
8.1821 0.0220937
8.18244 0.0218009
8.18244 0.0221204
8.18244 0.0218009
8.18276 0.0221159
8.18276 0.0217964
8.18276 0.0217964
8.18634 0.0863343
8.18666 0.0866538
8.18698 0.0869733
8.19523 0.0952243
8.19689 0.0968726
8.19852 0.0985071
8.20092 0.100893
8.20149 0.101479
8.2018 0.0217974
8.2018 0.0217974
8.2018 0.0217974
8.20212 0.102113
8.20225 0.0219258
8.20225 0.0219258
8.20225 0.0222453
8.20244 0.0217969
8.20244 0.0221164
8.20244 0.0217969
8.20276 0.0221119
8.20276 0.0217924
8.20276 0.0217924
8.20441 0.104404
8.20504 0.105035
8.20701 0.107003
8.20811 0.1081
8.20936 0.109358
8.20993 0.109921
8.2105 0.110489
8.21082 0.110809
8.21114 0.111128
8.21199 0.111977
8.2129 0.112867
8.21322 0.113207
8.21322 0.113207
8.21354 0.113526
8.21385 0.113826
8.21417 0.114165
8.21543 0.115418
8.21578 0.115768
8.21672 0.11671
8.2176 0.117589
8.21854 0.118531
8.22057 0.120561
8.22198 0.0219702
8.22211 0.0217791
8.22211 0.0217791
8.22211 0.0217791
8.22242 0.0217746
8.22242 0.0217746
8.22242 0.0220941
8.22274 0.122732
8.22287 0.021903
8.22287 0.0222225
8.22287 0.021903
8.22319 0.12318
8.22332 0.0223509
8.22332 0.0220314
8.22332 0.0220314
8.22448 0.124451
8.2248 0.124787
8.22558 0.0255824
8.2259 0.0258938
8.22843 0.0284217
8.22897 0.128958
8.22897 0.128958
8.22929 0.129278
8.22982 0.129815
8.23136 0.0313482
8.23192 0.0319053
8.23318 0.0331692
8.23412 0.0341108
8.23459 0.134585
8.23491 0.0349053
8.23523 0.135224
8.23617 0.0361466
8.23721 0.137201
8.23887 0.138857
8.23919 0.0391778
8.23979 0.139776
8.24091 0.0409098
8.24123 0.141224
8.24155 0.0415445
8.24181 0.0217862
8.24181 0.0217862
8.24181 0.0217862
8.24212 0.0217817
8.24212 0.0217817
8.24212 0.0221012
8.24244 0.0217772
8.24244 0.0220967
8.24244 0.0217772
8.24279 0.0427779
8.24311 0.143097
8.24343 0.0434057
8.24374 0.143736
8.24406 0.144055
8.24438 0.144375
8.24451 0.0238537
8.24451 0.0235342
8.24451 0.0235342
8.24548 0.0454765
8.2458 0.045796
8.24945 0.0494464
8.25123 0.151224
8.25258 0.15257
8.25449 0.0544711
8.25518 0.155169
8.25631 0.0562978
8.25663 0.0566173
8.26182 0.0218019
8.26182 0.0218019
8.26182 0.0218019
8.26214 0.0217974
8.26214 0.0217974
8.26214 0.0221169
8.26245 0.0217929
8.26245 0.0221124
8.26245 0.0217929
8.26284 0.0628274
8.26296 0.022303
8.26296 0.0219835
8.26296 0.0219835
8.26838 0.068382
8.26933 0.0693179
8.26974 0.0697307
8.2704 0.0703924
8.27162 0.0716139
8.2767 0.0766923
8.27982 0.0798112
8.28181 0.0217894
8.28181 0.0217894
8.28181 0.0217894
8.28213 0.0217849
8.28213 0.0217849
8.28213 0.0221044
8.28244 0.0217804
8.28244 0.0221
8.28244 0.0217804
8.28276 0.0220955
8.28276 0.0217759
8.28276 0.0217759
8.28634 0.0863363
8.28666 0.0866558
8.28705 0.0870375
8.29523 0.0952263
8.29686 0.0968522
8.29852 0.0985092
8.30092 0.100904
8.30149 0.101481
8.3018 0.021777
8.3018 0.021777
8.3018 0.021777
8.30212 0.102116
8.30225 0.0219054
8.30225 0.0219054
8.30225 0.0222249
8.30244 0.0217765
8.30244 0.022096
8.30244 0.0217765
8.30276 0.0220915
8.30276 0.021772
8.30276 0.021772
8.30438 0.104375
8.30505 0.105037
8.30754 0.107534
8.30811 0.108102
8.30936 0.109361
8.3099 0.109892
8.31047 0.11046
8.31079 0.11078
8.31079 0.11078
8.31204 0.112033
8.31289 0.112869
8.31321 0.1132
8.31321 0.1132
8.31353 0.11352
8.31385 0.113828
8.31417 0.114159
8.31539 0.11538
8.3158 0.115793
8.31681 0.116797
8.31759 0.117583
8.31856 0.118556
8.32059 0.120586
8.322 0.0219724
8.32213 0.0217813
8.32213 0.0217813
8.32213 0.0217813
8.32245 0.0217768
8.32245 0.0217768
8.32245 0.0220963
8.32283 0.122819
8.32296 0.0219674
8.32296 0.0222869
8.32296 0.0219674
8.32328 0.123267
8.3234 0.0224153
8.3234 0.0220958
8.3234 0.0220958
8.32444 0.124422
8.32476 0.12475
8.32561 0.0255846
8.32593 0.0259185
8.32842 0.0284153
8.32874 0.128734
8.32906 0.129053
8.32938 0.129373
8.32989 0.129879
8.33136 0.0313503
8.33183 0.0318227
8.33315 0.0331402
8.33409 0.0340817
8.3346 0.134587
8.33491 0.0349074
8.33523 0.135226
8.33608 0.0360674
8.33721 0.137203
8.33825 0.138237
8.339 0.0389932
8.33985 0.139841
8.34095 0.0409461
8.34127 0.141257
8.34159 0.0415776
8.34181 0.0217968
8.34181 0.0217968
8.34181 0.0217968
8.34212 0.0217924
8.34212 0.0217924
8.34212 0.0221119
8.34244 0.0217879
8.34244 0.0221074
8.34244 0.0217879
8.34276 0.0427489
8.34308 0.143068
8.3434 0.0433853
8.34371 0.143707
8.34403 0.144026
8.34435 0.144346
8.34448 0.0238333
8.34448 0.0235138
8.34448 0.0235138
8.34549 0.0454786
8.34581 0.0457981
8.34945 0.0494517
8.35123 0.151226
8.35258 0.152572
8.35442 0.0544196
8.35505 0.155046
8.35621 0.0562065
8.35653 0.056526
8.36179 0.0217815
8.36179 0.0217815
8.36179 0.0217815
8.36211 0.021777
8.36211 0.021777
8.36211 0.0220965
8.36242 0.0217725
8.36242 0.022092
8.36242 0.0217725
8.36284 0.0628294
8.36297 0.0223137
8.36297 0.0219942
8.36297 0.0219942
8.36839 0.0683841
8.36923 0.0692267
8.36977 0.0697639
8.37031 0.0703011
8.37165 0.0716471
8.37667 0.0766633
8.37982 0.0798133
8.38182 0.0218001
8.38182 0.0218001
8.38182 0.0218001
8.38213 0.0217956
8.38213 0.0217956
8.38213 0.0221151
8.38245 0.0217911
8.38245 0.0221106
8.38245 0.0217911
8.38276 0.0221062
8.38276 0.0217866
8.38276 0.0217866
8.38635 0.0863384
8.38667 0.0866579
8.38698 0.0869774
8.39533 0.0953217
8.39689 0.0968629
8.39852 0.0985113
8.40092 0.100915
8.40155 0.101545
8.40181 0.0217877
8.40181 0.0217877
8.40181 0.0217877
8.40213 0.102118
8.40225 0.0219161
8.40225 0.0219161
8.40225 0.0222356
8.40244 0.0217872
8.40244 0.0221067
8.40244 0.0217872
8.40276 0.0221022
8.40276 0.0217827
8.40276 0.0217827
8.40439 0.104377
8.40505 0.105039
8.40751 0.107505
8.40783 0.107824
8.40936 0.109363
8.40993 0.109925
8.4105 0.110494
8.41082 0.110813
8.41114 0.111133
8.41199 0.111981
8.41296 0.112951
8.41328 0.113273
8.41328 0.113273
8.4136 0.113593
8.41392 0.113909
8.41424 0.114232
8.41543 0.115422
8.41575 0.115741
8.41672 0.116714
8.4176 0.117594
8.41854 0.118535
8.42057 0.120565
8.42201 0.0219916
8.42214 0.0218005
8.42214 0.0218005
8.42214 0.0218005
8.42246 0.021796
8.42246 0.021796
8.42246 0.0221155
8.42278 0.122768
8.4229 0.0219244
8.4229 0.0222439
8.4229 0.0219244
8.42329 0.123278
8.42341 0.0224345
8.42341 0.022115
8.42341 0.022115
8.42445 0.124441
8.42477 0.12476
8.42559 0.0255727
8.4259 0.0258979
8.42843 0.0284258
8.42875 0.128745
8.42907 0.129064
8.42907 0.129064
8.43004 0.130037
8.43136 0.0313524
8.4318 0.0318023
8.43309 0.03308
8.43406 0.0340527
8.4346 0.134589
8.43492 0.0349094
8.43524 0.135228
8.43608 0.0360816
8.43718 0.137174
8.43825 0.13824
8.4391 0.0390886
8.43979 0.139781
8.44095 0.0409447
8.44127 0.141259
8.44159 0.0415797
8.44178 0.0217764
8.44178 0.0217764
8.44178 0.0217764
8.44209 0.0217719
8.44209 0.0217719
8.44209 0.0220914
8.44244 0.0217986
8.44244 0.0221181
8.44244 0.0217986
8.44279 0.042782
8.44311 0.143101
8.44343 0.0434271
8.44375 0.14374
8.44407 0.144059
8.44439 0.144379
8.44451 0.0238751
8.44451 0.0235556
8.44451 0.0235556
8.44549 0.0454806
8.44581 0.0458002
8.44949 0.049457
8.4512 0.151197
8.45258 0.152574
8.45446 0.0544303
8.45509 0.15508
8.45622 0.0562086
8.45653 0.0565281
8.4618 0.0217922
8.4618 0.0217922
8.4618 0.0217922
8.46211 0.0217877
8.46211 0.0217877
8.46211 0.0221072
8.46243 0.0624232
8.46256 0.0219161
8.46256 0.0222356
8.46256 0.0219161
8.46275 0.0221067
8.46275 0.0217871
8.46275 0.0217871
8.46839 0.0683861
8.46924 0.0692287
8.46977 0.069766
8.47043 0.0704276
8.47172 0.0717113
8.47658 0.076572
8.47982 0.0798153
8.48179 0.0217797
8.48179 0.0217797
8.48179 0.0217797
8.4821 0.0217752
8.4821 0.0217752
8.4821 0.0220947
8.48245 0.0218018
8.48245 0.0221213
8.48245 0.0218018
8.48276 0.0221168
8.48276 0.0217973
8.48276 0.0217973
8.48635 0.0863404
8.48667 0.0866599
8.48699 0.0869794
8.49533 0.0953238
8.49689 0.0968736
8.49852 0.0985133
8.50092 0.100894
8.50146 0.101454
8.50181 0.0217984
8.50181 0.0217984
8.50181 0.0217984
8.50213 0.10212
8.50225 0.0219268
8.50225 0.0219268
8.50225 0.0222463
8.50245 0.0217979
8.50245 0.0221174
8.50245 0.0217979
8.50276 0.0221129
8.50276 0.0217934
8.50276 0.0217934
8.50442 0.104411
8.50505 0.105041
8.50754 0.107538
8.50786 0.107857
8.50937 0.109365
8.50993 0.109927
8.51047 0.110464
8.51079 0.110784
8.51111 0.111104
8.51196 0.111952
8.5129 0.112899
8.51322 0.113213
8.51322 0.113213
8.51354 0.113532
8.51386 0.113858
8.51418 0.114171
8.51543 0.115424
8.51575 0.115744
8.51679 0.116778
8.5176 0.117596
8.51854 0.118537
8.52057 0.120567
8.52198 0.0219712
8.52211 0.0217801
8.52211 0.0217801
8.52211 0.0217801
8.52243 0.0217756
8.52243 0.0217756
8.52243 0.0220951
8.52275 0.122738
8.52287 0.0219039
8.52287 0.0222235
8.52287 0.0219039
8.52306 0.0220945
8.52306 0.021775
8.52306 0.021775
8.52338 0.123377
8.52445 0.124421
8.52477 0.124762
8.52559 0.0255834
8.52591 0.0259
8.52843 0.0284279
8.52875 0.128747
8.52907 0.129066
8.52939 0.129386
8.52999 0.129985
8.53137 0.0313629
8.53194 0.0319148
8.53328 0.0332771
8.53407 0.0340632
8.53461 0.1346
8.53493 0.03492
8.53525 0.135239
8.53616 0.0361353
8.53719 0.137184
8.53826 0.13825
8.53901 0.0390058
8.53986 0.139853
8.54077 0.140764
8.54109 0.0410641
8.54144 0.0414347
8.54182 0.0217956
8.54182 0.0217956
8.54182 0.0217956
8.54213 0.0217911
8.54213 0.0217911
8.54213 0.0221106
8.54245 0.0217866
8.54245 0.0221061
8.54245 0.0217866
8.54277 0.0427614
8.54309 0.14308
8.54341 0.043384
8.54373 0.143719
8.54405 0.144039
8.54436 0.144358
8.54449 0.023832
8.54449 0.0235125
8.54449 0.0235125
8.54547 0.0454601
8.54579 0.0457796
8.54946 0.0494397
8.55125 0.151239
8.55256 0.152554
8.55419 0.15418
8.55451 0.054489
8.55629 0.0562813
8.55661 0.0566008
8.56181 0.0217802
8.56181 0.0217802
8.56181 0.0217802
8.56212 0.0217757
8.56212 0.0217757
8.56212 0.0220952
8.56247 0.0218023
8.56247 0.0221218
8.56247 0.0218023
8.56282 0.0628109
8.56295 0.0222813
8.56295 0.0219618
8.56295 0.0219618
8.5684 0.0683967
8.56928 0.0692703
8.56988 0.0698698
8.57035 0.0703448
8.57163 0.0716285
8.57668 0.0766759
8.57983 0.0798258
8.58183 0.0217989
8.58183 0.0217989
8.58183 0.0217989
8.58214 0.0217944
8.58214 0.0217944
8.58214 0.0221139
8.58246 0.0217899
8.58246 0.0221094
8.58246 0.0217899
8.58277 0.0221049
8.58277 0.0217854
8.58277 0.0217854
8.58639 0.086382
8.58671 0.0867015
8.58703 0.087021
8.59525 0.095241
8.59687 0.0968616
8.59853 0.0985238
8.60093 0.100914
8.60147 0.101465
8.60182 0.0217864
8.60182 0.0217864
8.60182 0.0217864
8.60214 0.10213
8.60226 0.0219148
8.60226 0.0219148
8.60226 0.0222343
8.60246 0.0217859
8.60246 0.0221054
8.60246 0.0217859
8.60277 0.0221009
8.60277 0.0217814
8.60277 0.0217814
8.6044 0.10439
8.605 0.104989
8.60762 0.107611
8.60797 0.107961
8.60934 0.109344
8.60991 0.109907
8.61048 0.110475
8.6108 0.110795
8.6108 0.110795
8.61205 0.112047
8.61287 0.112848
8.61319 0.113184
8.61319 0.113184
8.61351 0.113503
8.61383 0.113806
8.61415 0.114142
8.61537 0.115364
8.61569 0.115683
8.61682 0.116812
8.6176 0.117598
8.61855 0.118539
8.62058 0.120569
8.62198 0.0219819
8.62211 0.0217907
8.62211 0.0217907
8.62211 0.0217907
8.62243 0.0217863
8.62243 0.0217863
8.62243 0.0221058
8.62275 0.122741
8.62287 0.0219146
8.62287 0.0222341
8.62287 0.0219146
8.62307 0.0221052
8.62307 0.0217857
8.62307 0.0217857
8.62338 0.123379
8.62445 0.124431
8.62477 0.124765
8.62562 0.0255941
8.62594 0.0259331
8.62844 0.0284299
8.62875 0.128749
8.62907 0.129068
8.62939 0.129388
8.62987 0.129863
8.63137 0.0313649
8.63191 0.0318944
8.63316 0.0331548
8.63407 0.0340653
8.63461 0.134602
8.63493 0.034922
8.63525 0.135241
8.63616 0.0361495
8.63719 0.137186
8.63879 0.138781
8.63911 0.0391012
8.63986 0.139855
8.64096 0.0409312
8.64143 0.0414283
8.64175 0.141747
8.64188 0.0218685
8.64188 0.0218685
8.64188 0.0218685
8.64213 0.0218018
8.64213 0.0218018
8.64213 0.0221213
8.64245 0.0217973
8.64245 0.0221168
8.64245 0.0217973
8.64277 0.0427635
8.64309 0.143082
8.64341 0.0433947
8.64373 0.143721
8.64405 0.144041
8.64437 0.14436
8.64449 0.0238427
8.64449 0.0235232
8.64449 0.0235232
8.64547 0.0454621
8.64579 0.0457816
8.65027 0.0502538
8.65125 0.151241
8.65256 0.152556
8.65444 0.054429
8.65507 0.155061
8.65629 0.0562834
8.65661 0.0566029
8.66181 0.0217909
8.66181 0.0217909
8.66181 0.0217909
8.66212 0.0217864
8.66212 0.0217864
8.66212 0.0221059
8.66244 0.0217819
8.66244 0.0221014
8.66244 0.0217819
8.66282 0.062813
8.66295 0.022292
8.66295 0.0219725
8.66295 0.0219725
8.66843 0.0683987
8.66925 0.0692413
8.66981 0.0698096
8.67038 0.070378
8.6716 0.0715995
8.67668 0.0766779
8.67983 0.0798279
8.6818 0.0217785
8.6818 0.0217785
8.6818 0.0217785
8.68211 0.021774
8.68211 0.021774
8.68211 0.0220935
8.68246 0.0218006
8.68246 0.0221201
8.68246 0.0218006
8.68277 0.0221156
8.68277 0.0217961
8.68277 0.0217961
8.68639 0.0863841
8.68671 0.0867036
8.68703 0.0870231
8.69525 0.095243
8.69687 0.0968723
8.6985 0.0984948
8.70093 0.100924
8.70147 0.101467
8.70182 0.0217971
8.70182 0.0217971
8.70182 0.0217971
8.70214 0.102132
8.70227 0.0219255
8.70227 0.0219255
8.70227 0.022245
8.70246 0.0217966
8.70246 0.0221161
8.70246 0.0217966
8.70277 0.0221116
8.70277 0.0217921
8.70277 0.0217921
8.7044 0.104392
8.70506 0.105054
8.70762 0.107613
8.70806 0.108057
8.70941 0.109377
8.70991 0.109909
8.71061 0.110601
8.71093 0.110921
8.71093 0.110921
8.71196 0.111956
8.71287 0.112858
8.71319 0.113186
8.71319 0.113186
8.71351 0.113505
8.71383 0.113817
8.71415 0.114144
8.7154 0.115397
8.71572 0.115717
8.71694 0.116938
8.7176 0.1176
8.71855 0.118541
8.72058 0.120572
8.72202 0.0219926
8.72214 0.0218014
8.72214 0.0218014
8.72214 0.0218014
8.72246 0.0217969
8.72246 0.0217969
8.72246 0.0221165
8.72278 0.122774
8.72291 0.0219253
8.72291 0.0222448
8.72291 0.0219253
8.72323 0.123222
8.72336 0.0223732
8.72336 0.0220537
8.72336 0.0220537
8.72445 0.124442
8.72477 0.124767
8.72559 0.0255737
8.72591 0.0259041
8.72844 0.028432
8.72876 0.128751
8.72908 0.12907
8.72908 0.12907
8.72974 0.129732
8.73136 0.0313585
8.73181 0.0318033
8.73318 0.0331795
8.73406 0.0340589
8.7346 0.134595
8.73492 0.0349156
8.73524 0.135234
8.73609 0.0360618
8.73709 0.137086
8.73878 0.138774
8.7391 0.0390948
8.73985 0.139849
8.74095 0.0409477
8.74146 0.041453
8.74178 0.141772
8.74191 0.0219018
8.74191 0.0219018
8.74191 0.0219018
8.7421 0.0217729
8.7421 0.0217729
8.7421 0.0220924
8.74244 0.0217995
8.74244 0.022119
8.74244 0.0217995
8.74279 0.142787
8.74311 0.0431077
8.74343 0.043428
8.74375 0.143746
8.74407 0.144065
8.74439 0.144385
8.74452 0.0238761
8.74452 0.0235566
8.74452 0.0235566
8.74546 0.0454557
8.74578 0.0457752
8.75027 0.0502422
8.75121 0.151203
8.75259 0.15258
8.75446 0.0544313
8.75509 0.155086
8.75622 0.0562147
8.75654 0.0565342
8.7618 0.0217931
8.7618 0.0217931
8.7618 0.0217931
8.76211 0.0217886
8.76211 0.0217886
8.76211 0.0221081
8.76243 0.0217841
8.76243 0.0221037
8.76243 0.0217841
8.76275 0.0627443
8.76288 0.022232
8.76288 0.0219125
8.76288 0.0219125
8.76842 0.0683923
8.76924 0.0692349
8.76978 0.0697721
8.77034 0.0703404
8.77163 0.0716242
8.77658 0.0765782
8.77983 0.0798215
8.78179 0.0217807
8.78179 0.0217807
8.78179 0.0217807
8.7821 0.0217762
8.7821 0.0217762
8.7821 0.0220957
8.78242 0.0217717
8.78242 0.0220912
8.78242 0.0217717
8.78277 0.0221178
8.78277 0.0217983
8.78277 0.0217983
8.78644 0.0864399
8.78676 0.0867594
8.78708 0.0870789
8.79524 0.0952366
8.7969 0.0968746
8.79852 0.0985195
8.80083 0.100833
8.80146 0.10146
8.80181 0.0217994
8.80181 0.0217994
8.80181 0.0217994
8.80213 0.102126
8.80226 0.0219277
8.80226 0.0219277
8.80226 0.0222472
8.80245 0.0217988
8.80245 0.0221183
8.80245 0.0217988
8.80276 0.0221138
8.80276 0.0217943
8.80276 0.0217943
8.80442 0.104417
8.80505 0.105047
8.80761 0.107606
8.80805 0.10805
8.8094 0.109371
8.80994 0.109933
8.81047 0.110471
8.81079 0.11079
8.81111 0.11111
8.81196 0.111958
8.8129 0.1129
8.81322 0.113219
8.81322 0.113219
8.81354 0.113539
8.81402 0.114014
8.81434 0.114333
8.8154 0.115399
8.81572 0.115719
8.81691 0.116909
8.81761 0.117602
8.81855 0.118543
8.82067 0.120667
8.82199 0.0219721
8.82211 0.021781
8.82211 0.021781
8.82211 0.021781
8.82243 0.0217765
8.82243 0.0217765
8.82243 0.022096
8.82275 0.122745
8.82288 0.0219049
8.82288 0.0222244
8.82288 0.0219049
8.82326 0.123255
8.82339 0.022415
8.82339 0.0220955
8.82339 0.0220955
8.82445 0.124453
8.82477 0.124769
8.82559 0.0255843
8.82591 0.0259061
8.82844 0.028434
8.82891 0.128908
8.82923 0.129228
8.82923 0.129228
8.83005 0.130045
8.83136 0.0313606
8.83184 0.031814
8.83318 0.0331815
8.83406 0.0340609
8.8346 0.134597
8.83492 0.0349176
8.83524 0.135236
8.83618 0.0361693
8.83709 0.137088
8.83884 0.138839
8.83916 0.039159
8.83982 0.13982
8.84095 0.0409258
8.84146 0.041455
8.84178 0.141774
8.84191 0.0218814
8.84191 0.0218814
8.84191 0.0218814
8.84213 0.0217836
8.84213 0.0217836
8.84213 0.0221031
8.84244 0.0217791
8.84244 0.0220986
8.84244 0.0217791
8.84276 0.0427591
8.84308 0.143078
8.8434 0.0433765
8.84372 0.143717
8.84404 0.144036
8.84436 0.144356
8.84449 0.0238246
8.84449 0.023505
8.84449 0.023505
8.84546 0.0454577
8.84578 0.0457773
8.85027 0.0502391
8.85124 0.151237
8.85256 0.152551
8.85449 0.0544731
8.85509 0.155088
8.85622 0.0562168
8.85654 0.0565363
8.8618 0.0217727
8.8618 0.0217727
8.8618 0.0217727
8.86215 0.0217993
8.86215 0.0217993
8.86215 0.0221188
8.86246 0.0217948
8.86246 0.0221144
8.86246 0.0217948
8.86281 0.0628086
8.86294 0.0222738
8.86294 0.0219543
8.86294 0.0219543
8.86842 0.0683944
8.86924 0.0692369
8.86984 0.0698364
8.87035 0.0703425
8.87163 0.0716262
8.87658 0.0765802
8.87983 0.0798235
8.88182 0.0217914
8.88182 0.0217914
8.88182 0.0217914
8.88214 0.0217869
8.88214 0.0217869
8.88214 0.0221064
8.88245 0.0217824
8.88245 0.0221019
8.88245 0.0217824
8.88277 0.0220974
8.88277 0.0217779
8.88277 0.0217779
8.88645 0.0864419
8.88676 0.0867614
8.88712 0.087112
8.89524 0.0952387
8.89687 0.0968541
8.89852 0.0985215
8.90093 0.100906
8.90147 0.101462
8.90178 0.0217789
8.90178 0.0217789
8.90178 0.0217789
8.9021 0.102097
8.90223 0.0219073
8.90223 0.0219073
8.90223 0.0222268
8.90242 0.0217784
8.90242 0.0220979
8.90242 0.0217784
8.90273 0.0220934
8.90273 0.0217739
8.90273 0.0217739
8.90439 0.104388
8.90505 0.105049
8.90752 0.107515
8.90806 0.108052
8.9094 0.109373
8.90994 0.109935
8.91048 0.110473
8.9108 0.110792
8.9108 0.110792
8.91233 0.112325
8.91287 0.11284
8.91318 0.113182
8.91318 0.113182
8.9135 0.113501
8.91382 0.113799
8.91414 0.11414
8.91543 0.115424
8.91587 0.115868
8.91691 0.116903
8.9176 0.117595
8.91854 0.118537
8.92057 0.120567
8.92198 0.0219744
8.92211 0.0217833
8.92211 0.0217833
8.92211 0.0217833
8.92242 0.0217788
8.92242 0.0217788
8.92242 0.0220983
8.92274 0.122738
8.92287 0.0219072
8.92287 0.0222267
8.92287 0.0219072
8.92306 0.0220978
8.92306 0.0217782
8.92306 0.0217782
8.92338 0.123377
8.92445 0.124424
8.92477 0.124762
8.92561 0.0255866
8.92593 0.0259308
8.92843 0.0284276
8.92884 0.12884
8.92916 0.129159
8.92916 0.129159
8.92992 0.129914
8.93136 0.0313541
8.93193 0.0319095
8.93324 0.0332373
8.93412 0.0341167
8.93459 0.134591
8.93491 0.0349112
8.93523 0.13523
8.93611 0.0360817
8.93709 0.137082
8.93887 0.138863
8.93919 0.0391837
8.93985 0.139845
8.94095 0.0409309
8.94145 0.0414486
8.94177 0.141767
8.9419 0.0218836
8.9419 0.0218836
8.9419 0.0218836
8.94212 0.0217858
8.94212 0.0217858
8.94212 0.0221053
8.94244 0.0217813
8.94244 0.0221009
8.94244 0.0217813
8.94279 0.0427838
8.94311 0.143103
8.94343 0.0434099
8.94374 0.143742
8.94406 0.144061
8.94438 0.144381
8.94451 0.0238579
8.94451 0.0235384
8.94451 0.0235384
8.94549 0.0454824
8.9458 0.0458019
8.95026 0.0502586
8.95136 0.151355
8.95258 0.152576
8.95442 0.0544131
8.95518 0.155175
8.95631 0.0563037
8.95663 0.0566232
8.96179 0.021775
8.96179 0.021775
8.96179 0.021775
8.96214 0.0218016
8.96214 0.0218016
8.96214 0.0221211
8.96245 0.0217971
8.96245 0.0221166
8.96245 0.0217971
8.96284 0.0628333
8.96296 0.0223072
8.96296 0.0219877
8.96296 0.0219877
8.96842 0.0683879
8.96923 0.0692305
8.96983 0.06983
8.97037 0.0703672
8.97165 0.0716509
8.9767 0.0766982
8.97982 0.0798171
8.98181 0.0217936
8.98181 0.0217936
8.98181 0.0217936
8.98213 0.0217891
8.98213 0.0217891
8.98213 0.0221086
8.98244 0.0217846
8.98244 0.0221041
8.98244 0.0217846
8.98276 0.0220996
8.98276 0.0217801
8.98276 0.0217801
8.98638 0.0863733
8.9867 0.0866928
8.98711 0.0871056
8.99523 0.0952322
8.99686 0.0968564
8.99852 0.0985151
9.00092 0.100908
9.00146 0.101456
9.0018 0.0217812
9.0018 0.0217812
9.0018 0.0217812
9.00212 0.102121
9.00225 0.0219096
9.00225 0.0219096
9.00225 0.0222291
9.00244 0.0217806
9.00244 0.0221002
9.00244 0.0217806
9.00276 0.0220957
9.00276 0.0217762
9.00276 0.0217762
9.00439 0.104385
9.00517 0.105171
9.00761 0.107606
9.00796 0.107956
9.0094 0.10937
9.00994 0.109933
9.01047 0.11047
9.01079 0.110789
9.01111 0.111109
9.01199 0.111988
9.01296 0.112948
9.01328 0.113281
9.01328 0.113281
9.0136 0.1136
9.01392 0.113906
9.01424 0.114239
9.0154 0.115398
9.01572 0.115718
9.01691 0.116908
9.0176 0.117601
9.01855 0.118543
9.02058 0.120573
9.02201 0.0219887
9.02214 0.0217976
9.02214 0.0217976
9.02214 0.0217976
9.02246 0.0217931
9.02246 0.0217931
9.02246 0.0221126
9.02278 0.122775
9.02291 0.0219215
9.02291 0.022241
9.02291 0.0219215
9.02329 0.123285
9.02342 0.0224316
9.02342 0.0221121
9.02342 0.0221121
9.02448 0.124469
9.0248 0.124799
9.02562 0.025601
9.02594 0.0259365
9.02844 0.0284333
9.02875 0.128752
9.02907 0.129072
9.02907 0.129072
9.02989 0.129889
9.03136 0.0313599
9.0319 0.0318928
9.03318 0.0331808
9.03406 0.0340602
9.03457 0.134566
9.03489 0.0348859
9.03521 0.135205
9.03621 0.0361928
9.03718 0.137181
9.03881 0.138807
9.03913 0.0391272
9.03979 0.139788
9.04095 0.0409483
9.04146 0.0414543
9.04178 0.141773
9.0419 0.021898
9.0419 0.021898
9.0419 0.021898
9.04213 0.0218002
9.04213 0.0218002
9.04213 0.0221197
9.04244 0.0217957
9.04244 0.0221152
9.04244 0.0217957
9.04279 0.0427896
9.04311 0.143108
9.04343 0.0434242
9.04375 0.143747
9.04407 0.144067
9.04439 0.144386
9.04452 0.0238723
9.04452 0.0235528
9.04452 0.0235528
9.04549 0.0454882
9.04581 0.0458077
9.05027 0.0502591
9.05127 0.151267
9.05258 0.152582
9.05446 0.0544585
9.05509 0.155087
9.05628 0.0562783
9.0566 0.0565978
9.0618 0.0217893
9.0618 0.0217893
9.0618 0.0217893
9.06211 0.0217848
9.06211 0.0217848
9.06211 0.0221043
9.06243 0.0217803
9.06243 0.0220998
9.06243 0.0217803
9.06284 0.062839
9.06297 0.0223216
9.06297 0.022002
9.06297 0.022002
9.06842 0.0683937
9.06924 0.0692362
9.06981 0.0698046
9.07034 0.0703418
9.07166 0.0716567
9.07667 0.0766729
9.07982 0.0798228
9.08179 0.0217769
9.08179 0.0217769
9.08179 0.0217769
9.08213 0.0218035
9.08213 0.0218035
9.08213 0.022123
9.08245 0.021799
9.08245 0.0221185
9.08245 0.021799
9.08276 0.022114
9.08276 0.0217945
9.08276 0.0217945
9.08644 0.0864412
9.08676 0.0867608
9.08708 0.0870803
9.09524 0.095238
9.0969 0.0968707
9.09852 0.0985208
9.10093 0.100923
9.10146 0.101462
9.10181 0.0217955
9.10181 0.0217955
9.10181 0.0217955
9.10213 0.102127
9.10226 0.0219239
9.10226 0.0219239
9.10226 0.0222434
9.10245 0.021795
9.10245 0.0221145
9.10245 0.021795
9.10276 0.02211
9.10276 0.0217905
9.10276 0.0217905
9.10439 0.104387
9.10514 0.105142
9.10755 0.107545
9.10805 0.108052
9.1094 0.109372
9.10994 0.109935
9.11047 0.110472
9.11079 0.110792
9.11111 0.111111
9.11209 0.112084
9.11287 0.112865
9.11319 0.113189
9.11319 0.113189
9.11351 0.113509
9.11383 0.113824
9.11415 0.114148
9.1154 0.1154
9.11572 0.11572
9.11688 0.116879
9.1176 0.117603
9.11855 0.118545
9.12058 0.120575
9.12198 0.0219683
9.12211 0.0217772
9.12211 0.0217772
9.12211 0.0217772
9.12246 0.0218038
9.12246 0.0218038
9.12246 0.0221233
9.12278 0.122777
9.12291 0.0219322
9.12291 0.0222517
9.12291 0.0219322
9.12323 0.123225
9.12336 0.0223801
9.12336 0.0220606
9.12336 0.0220606
9.12445 0.124449
9.12477 0.12477
9.12559 0.0255805
9.12591 0.0259075
9.12844 0.0284354
9.12876 0.128754
9.12908 0.129074
9.12908 0.129074
9.12983 0.129829
9.13136 0.0313619
9.13184 0.0318102
9.13309 0.0330896
9.13409 0.0340934
9.1346 0.134599
9.13492 0.034919
9.13524 0.135238
9.13612 0.0361137
9.13722 0.137214
9.13884 0.13884
9.13916 0.0391604
9.13985 0.139852
9.14095 0.0409308
9.14143 0.0414253
9.14178 0.141775
9.14191 0.0218776
9.14191 0.0218776
9.14191 0.0218776
9.14213 0.0217798
9.14213 0.0217798
9.14213 0.0220993
9.14263 0.142631
9.14295 0.0429516
9.14295 0.0219664
9.14308 0.0224143
9.14308 0.0227338
9.14308 0.0224143
9.14308 0.0224143
9.14308 0.0220948
9.14308 0.0220948
9.1434 0.0433727
9.14372 0.143718
9.14404 0.144038
9.14436 0.144357
9.14546 0.0454551
9.14578 0.0457747
9.15026 0.050252
9.15124 0.151234
9.15258 0.15258
9.15452 0.0544964
9.15509 0.155085
9.15622 0.0562142
9.15653 0.0565337
9.16183 0.021796
9.16183 0.021796
9.16183 0.021796
9.16214 0.0217916
9.16214 0.0217916
9.16214 0.0221111
9.16246 0.0217871
9.16246 0.0221066
9.16246 0.0217871
9.16278 0.0627749
9.1629 0.022235
9.1629 0.0219155
9.1629 0.0219155
9.16842 0.0683918
9.16924 0.0692343
9.16983 0.0698338
9.17037 0.070371
9.17172 0.0717169
9.17655 0.0765465
9.17982 0.0798209
9.18179 0.0217836
9.18179 0.0217836
9.18179 0.0217836
9.1821 0.0217791
9.1821 0.0217791
9.1821 0.0220986
9.18245 0.0218057
9.18245 0.0221252
9.18245 0.0218057
9.18276 0.0221207
9.18276 0.0218012
9.18276 0.0218012
9.18638 0.0863771
9.1867 0.0866966
9.18711 0.0871094
9.19524 0.0952361
9.19686 0.0968464
9.19849 0.0984878
9.20095 0.100929
9.20146 0.10146
9.20181 0.0218023
9.20181 0.0218023
9.20181 0.0218023
9.20231 0.102312
9.20244 0.0221173
9.20244 0.0221173
9.20244 0.0224368
9.20244 0.0217978
9.20244 0.0221173
9.20244 0.0217978
9.20257 0.0219262
9.20276 0.0221168
9.20276 0.0217973
9.20276 0.0217973
9.20442 0.104416
9.2052 0.105202
9.20764 0.107637
9.20808 0.108081
9.2094 0.10937
9.20993 0.109933
9.2106 0.110595
9.21092 0.110914
9.21123 0.111234
9.21215 0.112144
9.2129 0.112872
9.21322 0.113218
9.21354 0.113538
9.21386 0.113831
9.21418 0.114177
9.21418 0.114177
9.21543 0.11543
9.21597 0.115967
9.21691 0.116908
9.2176 0.117601
9.21854 0.118543
9.22057 0.120573
9.22198 0.0219751
9.22211 0.0217839
9.22211 0.0217839
9.22211 0.0217839
9.22243 0.0217794
9.22243 0.0217794
9.22243 0.022099
9.22275 0.122744
9.22287 0.0219078
9.22287 0.0222273
9.22287 0.0219078
9.22319 0.123192
9.22332 0.0223557
9.22332 0.0220362
9.22332 0.0220362
9.22445 0.124425
9.22477 0.124768
9.22562 0.0255873
9.22594 0.0259367
9.22843 0.0284335
9.22875 0.128752
9.22907 0.129072
9.22907 0.129072
9.22983 0.129827
9.23136 0.03136
9.23184 0.0318169
9.23318 0.033181
9.23418 0.0341848
9.23457 0.134566
9.23489 0.034886
9.23521 0.135205
9.23621 0.0361861
9.23709 0.137088
9.23878 0.138776
9.2391 0.0390963
9.23985 0.13985
9.24095 0.0409268
9.24152 0.0415167
9.24184 0.141835
9.24196 0.0219465
9.24196 0.0219465
9.24196 0.0219465
9.24212 0.0217865
9.24212 0.0217865
9.24212 0.022106
9.24244 0.021782
9.24244 0.0221015
9.24244 0.021782
9.24276 0.0427586
9.24308 0.143077
9.2434 0.0433794
9.24372 0.143716
9.24404 0.144036
9.24436 0.144355
9.24448 0.0238275
9.24448 0.023508
9.24448 0.023508
9.24546 0.0454572
9.24578 0.0457767
9.25026 0.0502489
9.25124 0.151236
9.25255 0.152551
9.25446 0.0544449
9.25509 0.155087
9.25622 0.0562162
9.25654 0.0565358
9.2618 0.0217756
9.2618 0.0217756
9.2618 0.0217756
9.26214 0.0218022
9.26214 0.0218022
9.26214 0.0221218
9.26246 0.0217978
9.26246 0.0221173
9.26246 0.0217978
9.26281 0.062808
9.26294 0.0222768
9.26294 0.0219573
9.26294 0.0219573
9.26842 0.0683938
9.26924 0.0692364
9.26984 0.0698358
9.2704 0.0704042
9.27169 0.0716879
9.27658 0.0765797
9.27982 0.079823
9.28182 0.0217943
9.28182 0.0217943
9.28182 0.0217943
9.28213 0.0217898
9.28213 0.0217898
9.28213 0.0221093
9.28245 0.0217853
9.28245 0.0221048
9.28245 0.0217853
9.28276 0.0221003
9.28276 0.0217808
9.28276 0.0217808
9.28638 0.0863792
9.2867 0.0866987
9.28702 0.0870182
9.29524 0.0952381
9.29624 0.096235
9.29849 0.0984899
9.30092 0.100909
9.30146 0.101462
9.30181 0.0217819
9.30181 0.0217819
9.30181 0.0217819
9.30213 0.102127
9.30226 0.0219102
9.30226 0.0219102
9.30226 0.0222298
9.30245 0.0217813
9.30245 0.0221008
9.30245 0.0217813
9.30276 0.0220963
9.30276 0.0217768
9.30276 0.0217768
9.30442 0.104418
9.30505 0.105049
9.30748 0.107483
9.30808 0.108083
9.3094 0.109372
9.30994 0.109935
9.31063 0.110628
9.31095 0.110947
9.31095 0.110947
9.31198 0.111982
9.31286 0.112843
9.31318 0.113181
9.31318 0.113181
9.3135 0.1135
9.31382 0.113802
9.31414 0.114139
9.31493 0.114926
9.31568 0.115681
9.3169 0.116902
9.3176 0.117595
9.31854 0.118536
9.32057 0.120567
9.32201 0.0219773
9.32233 0.122325
9.32245 0.0221057
9.32245 0.0221057
9.32245 0.0221057
9.32245 0.0217862
9.32245 0.0217862
9.32245 0.0221057
9.32258 0.0222341
9.32277 0.0217857
9.32277 0.0221052
9.32277 0.0217857
9.32315 0.123154
9.32328 0.0222958
9.32328 0.0219762
9.32328 0.0219762
9.32444 0.124427
9.32476 0.124762
9.32555 0.0255273
9.32587 0.025837
9.3284 0.0283648
9.32871 0.128715
9.32903 0.129034
9.32903 0.129034
9.32976 0.129758
9.33138 0.0313536
9.33183 0.0318191
9.33305 0.033019
9.33412 0.034085
9.33456 0.134559
9.33488 0.0348485
9.3352 0.135198
9.33552 0.0355075
9.33708 0.137081
9.33877 0.13877
9.33909 0.0390587
9.33981 0.139813
9.341 0.0409745
9.34154 0.0415103
9.34186 0.14186
9.34199 0.0219799
9.34199 0.0219799
9.34199 0.0219799
9.34212 0.0217888
9.34212 0.0217888
9.34212 0.0221083
9.34243 0.0217843
9.34243 0.0221038
9.34243 0.0217843
9.34275 0.0427211
9.34307 0.143071
9.34339 0.0433817
9.34371 0.14371
9.34403 0.144029
9.34435 0.144349
9.34448 0.0238297
9.34448 0.0235102
9.34448 0.0235102
9.34539 0.0453575
9.34571 0.045677
9.35026 0.0502373
9.3512 0.151199
9.35261 0.152607
9.35451 0.0545093
9.35514 0.155143
9.35624 0.0562098
9.35656 0.0565293
9.36179 0.0217779
9.36179 0.0217779
9.36179 0.0217779
9.36214 0.0218045
9.36214 0.0218045
9.36214 0.022124
9.36245 0.0218
9.36245 0.0221195
9.36245 0.0218
9.36286 0.0628327
9.36299 0.0223412
9.36299 0.0220217
9.36299 0.0220217
9.36841 0.0683874
9.36901 0.0689811
9.36983 0.0697983
9.3704 0.0703666
9.37149 0.0714637
9.37667 0.0766355
9.37985 0.0798166
9.38181 0.0217965
9.38181 0.0217965
9.38181 0.0217965
9.38213 0.021792
9.38213 0.021792
9.38213 0.0221115
9.38244 0.0217875
9.38244 0.022107
9.38244 0.0217875
9.38276 0.0221026
9.38276 0.021783
9.38276 0.021783
9.38643 0.0864039
9.38675 0.0867234
9.38707 0.0870429
9.39486 0.0948273
9.39627 0.0962457
9.39851 0.0984834
9.40086 0.100849
9.40145 0.101424
9.4018 0.0217841
9.4018 0.0217841
9.4018 0.0217841
9.40215 0.102121
9.40228 0.0219436
9.40228 0.0219436
9.40228 0.0222631
9.40244 0.0217836
9.40244 0.0221031
9.40244 0.0217836
9.40275 0.0220986
9.40275 0.0217791
9.40275 0.0217791
9.40441 0.104381
9.40507 0.105042
9.40751 0.107477
9.40811 0.108076
9.40939 0.109366
9.40993 0.109897
9.41062 0.11059
9.41094 0.11091
9.41094 0.11091
9.4121 0.112069
9.41292 0.112908
9.41324 0.113206
9.41324 0.113206
9.41377 0.113764
9.41409 0.114062
9.41409 0.114062
9.41503 0.115004
9.41563 0.115603
9.41679 0.116763
9.41764 0.117611
9.41858 0.118553
9.42068 0.120645
9.42199 0.021971
9.42231 0.122279
9.42244 0.0220994
9.42244 0.0220994
9.42244 0.0220994
9.42244 0.0217799
9.42244 0.0217799
9.42244 0.0220994
9.42257 0.0222278
9.42276 0.0217794
9.42276 0.0220989
9.42276 0.0217794
9.42323 0.123202
9.42336 0.0223828
9.42336 0.0220633
9.42336 0.0220633
9.42446 0.124452
9.42478 0.124747
9.42556 0.0255606
9.42588 0.0258532
9.42847 0.0284433
9.42879 0.128762
9.42911 0.129081
9.42911 0.129081
9.4298 0.129774
9.4314 0.0313698
9.43184 0.0318129
9.43306 0.0330353
9.43422 0.0341946
9.43461 0.134575
9.43493 0.0348958
9.43524 0.135214
9.43556 0.0355443
9.43725 0.137222
9.43885 0.138817
9.43917 0.0391372
9.43983 0.139798
9.44099 0.0409712
9.44146 0.0414332
9.44178 0.141752
9.44191 0.0218803
9.44191 0.0218803
9.44191 0.0218803
9.44213 0.0217825
9.44213 0.0217825
9.44213 0.022102
9.44245 0.021778
9.44245 0.0220975
9.44245 0.021778
9.44277 0.0427373
9.44309 0.143056
9.44341 0.0433754
9.44373 0.143695
9.44404 0.144014
9.44436 0.144334
9.44449 0.0238235
9.44449 0.0235039
9.44449 0.0235039
9.44537 0.0453426
9.44569 0.0456621
9.4503 0.0502795
9.45125 0.151215
9.45259 0.152561
9.45447 0.0544408
9.45519 0.155159
9.45629 0.0562572
9.45661 0.0565767
9.4618 0.0218027
9.4618 0.0218027
9.4618 0.0218027
9.46212 0.0217982
9.46212 0.0217982
9.46212 0.0221177
9.46243 0.0217937
9.46243 0.0221133
9.46243 0.0217937
9.46285 0.0628178
9.46298 0.022335
9.46298 0.0220154
9.46298 0.0220154
9.46843 0.0684036
9.46896 0.0689351
9.46984 0.0698145
9.47038 0.0703518
9.47163 0.0716044
9.47659 0.0765584
9.47983 0.0798017
9.48179 0.0217903
9.48179 0.0217903
9.48179 0.0217903
9.48211 0.0217858
9.48211 0.0217858
9.48211 0.0221053
9.48242 0.0217813
9.48242 0.0221008
9.48242 0.0217813
9.48274 0.0220963
9.48274 0.0217768
9.48274 0.0217768
9.48639 0.0863579
9.48671 0.0866774
9.48703 0.0869969
9.49525 0.0952168
9.49616 0.0961546
9.49856 0.0985308
9.50093 0.100905
9.5015 0.101471
9.50179 0.0217778
9.50179 0.0217778
9.50179 0.0217778
9.50223 0.102199
9.50236 0.0220306
9.50236 0.0220306
9.50236 0.0223502
9.50249 0.0218395
9.50249 0.022159
9.50249 0.0218395
9.50277 0.0221234
9.50277 0.0218039
9.50277 0.0218039
9.50436 0.104335
9.50515 0.105121
9.50755 0.107524
9.50812 0.108093
9.50937 0.109351
9.50991 0.109883
9.5106 0.110575
9.51092 0.110895
9.51124 0.111214
9.51209 0.112063
9.51291 0.112879
9.51323 0.113199
9.51323 0.113199
9.51355 0.113519
9.51387 0.113837
9.51419 0.114158
9.51488 0.114851
9.51582 0.115792
9.51692 0.116889
9.51764 0.117613
9.51858 0.118555
9.52061 0.120585
9.52199 0.0219817
9.52212 0.0217906
9.52212 0.0217906
9.52212 0.0217906
9.52244 0.12241
9.52257 0.021919
9.52257 0.021919
9.52257 0.0222385
9.52276 0.0217901
9.52276 0.0221096
9.52276 0.0217901
9.52323 0.123204
9.52336 0.0223935
9.52336 0.022074
9.52336 0.022074
9.52446 0.124431
9.52478 0.124749
9.5256 0.0255798
9.52592 0.0258863
9.52847 0.0284453
9.52879 0.128764
9.52911 0.129084
9.52911 0.129084
9.52984 0.129807
9.5314 0.0313719
9.53184 0.0318236
9.53307 0.0330373
9.53413 0.0341033
9.53461 0.134578
9.53493 0.0348978
9.53525 0.135217
9.53557 0.0355358
9.53722 0.137193
9.53882 0.138788
9.53914 0.0391081
9.5398 0.139769
9.54099 0.0409584
9.54146 0.0414352
9.54178 0.141754
9.54191 0.021891
9.54191 0.021891
9.54191 0.021891
9.54213 0.0217932
9.54213 0.0217932
9.54213 0.0221127
9.54245 0.0217887
9.54245 0.0221082
9.54245 0.0217887
9.5428 0.0427704
9.54312 0.143089
9.54344 0.0434172
9.54376 0.143728
9.54408 0.144048
9.5444 0.144367
9.54453 0.0238653
9.54453 0.0235457
9.54453 0.0235457
9.54537 0.0453446
9.54569 0.0456641
9.5503 0.0502763
9.55122 0.151186
9.55262 0.152594
9.55447 0.0544515
9.5551 0.155068
9.55623 0.056197
9.55655 0.0565165
9.56181 0.0217823
9.56181 0.0217823
9.56181 0.0217823
9.56212 0.0217778
9.56212 0.0217778
9.56212 0.0220973
9.56247 0.0218044
9.56247 0.0221239
9.56247 0.0218044
9.56285 0.0628199
9.56298 0.0223145
9.56298 0.021995
9.56298 0.021995
9.56843 0.0684057
9.56906 0.0690305
9.56978 0.0697544
9.57044 0.070416
9.57167 0.0716375
9.57668 0.0766538
9.57986 0.0798348
9.58183 0.021801
9.58183 0.021801
9.58183 0.021801
9.58214 0.0217965
9.58214 0.0217965
9.58214 0.022116
9.58246 0.021792
9.58246 0.0221115
9.58246 0.021792
9.58277 0.022107
9.58277 0.0217875
9.58277 0.0217875
9.58639 0.0863599
9.58671 0.0866794
9.58703 0.0869989
9.59525 0.0952189
9.59653 0.0965159
9.59853 0.0985017
9.60044 0.100418
9.6015 0.101474
9.60182 0.0217885
9.60182 0.0217885
9.60182 0.0217885
9.60217 0.102139
9.6023 0.021948
9.6023 0.021948
9.6023 0.0222675
9.60246 0.021788
9.60246 0.0221075
9.60246 0.021788
9.60277 0.022103
9.60277 0.0217835
9.60277 0.0217835
9.60399 0.103964
9.60512 0.105092
9.60756 0.107526
9.608 0.10797
9.60938 0.109353
9.60998 0.109947
9.61061 0.110577
9.61093 0.110897
9.61093 0.110897
9.61209 0.112056
9.6129 0.112881
9.61322 0.113193
9.61322 0.113193
9.61322 0.113193
9.61379 0.113769
9.61411 0.114081
9.61486 0.114836
9.61568 0.115653
9.61684 0.116812
9.61763 0.117598
9.61857 0.11854
9.6206 0.12057
9.62198 0.0219755
9.6221 0.0221039
9.6221 0.0221039
9.6221 0.0217844
9.6221 0.0217844
9.6221 0.0217844
9.62242 0.0217799
9.62242 0.0217799
9.62242 0.0220994
9.62274 0.12271
9.62287 0.0219083
9.62287 0.0222278
9.62287 0.0219083
9.62319 0.123158
9.62444 0.124421
9.62476 0.12473
9.62561 0.025578
9.62593 0.0258986
9.62845 0.0284265
9.62877 0.128745
9.62909 0.129065
9.62909 0.129065
9.62976 0.129726
9.63138 0.031353
9.63182 0.0318133
9.63298 0.0329562
9.63427 0.03424
9.63462 0.13459
9.63494 0.0349101
9.63526 0.135229
9.63558 0.0355686
9.63723 0.137205
9.6388 0.138769
9.63912 0.0390893
9.63978 0.13975
9.64094 0.0409207
9.64148 0.0414475
9.6418 0.141766
9.64192 0.0219204
9.64192 0.0219204
9.64192 0.0219204
9.64211 0.0217915
9.64211 0.0217915
9.64211 0.022111
9.64243 0.021787
9.64243 0.0221065
9.64243 0.021787
9.64275 0.0427205
9.64307 0.143039
9.64339 0.0433759
9.64371 0.143678
9.64403 0.143998
9.64435 0.144317
9.64447 0.0238324
9.64447 0.0235129
9.64447 0.0235129
9.64538 0.0453569
9.6457 0.0456764
9.65029 0.0502834
9.65129 0.15126
9.6526 0.152575
9.65454 0.0545346
9.65505 0.155018
9.65624 0.0562092
9.65656 0.0565288
9.66179 0.0217806
9.66179 0.0217806
9.66179 0.0217806
9.6621 0.0217761
9.6621 0.0217761
9.6621 0.0220956
9.66245 0.0218027
9.66245 0.0221222
9.66245 0.0218027
9.66286 0.0628322
9.66299 0.0223439
9.66299 0.0220244
9.66299 0.0220244
9.66841 0.0683868
9.66926 0.0692294
9.66979 0.0697666
9.67046 0.0704283
9.67171 0.0716809
9.67669 0.076666
9.67984 0.079816
9.68181 0.0217992
9.68181 0.0217992
9.68181 0.0217992
9.68212 0.0217947
9.68212 0.0217947
9.68212 0.0221142
9.68244 0.0217902
9.68244 0.0221098
9.68244 0.0217902
9.68275 0.0221053
9.68275 0.0217858
9.68275 0.0217858
9.68643 0.0864033
9.68675 0.0867228
9.68707 0.0870423
9.69526 0.0952311
9.69657 0.0965452
9.69851 0.0984829
9.70042 0.100416
9.70148 0.101455
9.7018 0.0217868
9.7018 0.0217868
9.7018 0.0217868
9.70218 0.102151
9.70231 0.0219774
9.70231 0.0219774
9.70231 0.0222969
9.70244 0.0217863
9.70244 0.0221058
9.70244 0.0217863
9.70275 0.0221013
9.70275 0.0217818
9.70275 0.0217818
9.70441 0.10438
9.70507 0.105042
9.70763 0.107601
9.70804 0.108014
9.70939 0.109365
9.70992 0.109897
9.71062 0.11059
9.71094 0.110909
9.71094 0.110909
9.7121 0.112068
9.71288 0.112871
9.7132 0.113174
9.7132 0.113174
9.7132 0.113174
9.71377 0.113759
9.71412 0.114093
9.71503 0.115003
9.71576 0.115727
9.71679 0.116762
9.71764 0.11761
9.71852 0.11849
9.72067 0.120644
9.72199 0.0219738
9.72212 0.0221021
9.72212 0.0221021
9.72212 0.0217826
9.72212 0.0217826
9.72212 0.0217826
9.72243 0.0217781
9.72243 0.0217781
9.72243 0.0220976
9.72281 0.122784
9.72294 0.0219687
9.72294 0.0222882
9.72294 0.0219687
9.72326 0.123232
9.72445 0.124442
9.72477 0.124742
9.72562 0.0256074
9.72594 0.0259108
9.72847 0.0284387
9.72879 0.128757
9.7291 0.129077
9.7291 0.129077
9.72977 0.129739
9.73133 0.031303
9.73181 0.0318031
9.73306 0.0330307
9.73425 0.0342211
9.7346 0.134571
9.73492 0.0348912
9.73524 0.13521
9.73556 0.0355392
9.73728 0.137249
9.73884 0.138812
9.73916 0.0391326
9.73985 0.139825
9.74098 0.0409651
9.74146 0.0414286
9.74178 0.141747
9.7419 0.0218875
9.7419 0.0218875
9.7419 0.0218875
9.74213 0.0217897
9.74213 0.0217897
9.74213 0.0221092
9.74244 0.0217852
9.74244 0.0221047
9.74244 0.0217852
9.74276 0.0427327
9.74308 0.143051
9.7434 0.0433968
9.74372 0.14369
9.74404 0.14401
9.74436 0.144329
9.74449 0.0238307
9.74449 0.0235111
9.74449 0.0235111
9.74537 0.045338
9.74568 0.0456575
9.7503 0.0502905
9.75127 0.151241
9.75265 0.152618
9.75449 0.0544622
9.755 0.154968
9.75625 0.0562215
9.75657 0.056541
9.7618 0.0217788
9.7618 0.0217788
9.7618 0.0217788
9.76214 0.0218054
9.76214 0.0218054
9.76214 0.0221249
9.76246 0.0218009
9.76246 0.0221204
9.76246 0.0218009
9.76287 0.0628444
9.763 0.0223422
9.763 0.0220226
9.763 0.0220226
9.76842 0.0683991
9.76927 0.0692416
9.76984 0.06981
9.77044 0.0704094
9.77166 0.0716309
9.77658 0.0765538
9.77961 0.0795794
9.78182 0.0217975
9.78182 0.0217975
9.78182 0.0217975
9.78213 0.021793
9.78213 0.021793
9.78213 0.0221125
9.78245 0.0217885
9.78245 0.022108
9.78245 0.0217885
9.78276 0.0221035
9.78276 0.021784
9.78276 0.021784
9.78638 0.0863533
9.7867 0.0866728
9.78702 0.0869923
9.79527 0.0952434
9.79655 0.0965435
9.79852 0.0984951
9.80052 0.100508
9.80149 0.101467
9.80181 0.021785
9.80181 0.021785
9.80181 0.021785
9.80213 0.102101
9.80226 0.0219134
9.80226 0.0219134
9.80226 0.0222329
9.80245 0.0217845
9.80245 0.022104
9.80245 0.0217845
9.80276 0.0220995
9.80276 0.02178
9.80276 0.02178
9.80442 0.104392
9.80521 0.105178
9.80758 0.107551
9.80802 0.107995
9.80937 0.109346
9.80991 0.109878
9.8105 0.110477
9.81082 0.110797
9.81114 0.111116
9.81202 0.111996
9.81287 0.112869
9.81319 0.113164
9.81319 0.113164
9.81319 0.113164
9.81376 0.113757
9.81408 0.114051
9.81493 0.1149
9.81574 0.115717
9.81697 0.116938
9.81763 0.1176
9.81851 0.118479
9.82069 0.120665
9.82201 0.0219805
9.82214 0.0221089
9.82214 0.0221089
9.82214 0.0217894
9.82214 0.0217894
9.82214 0.0217894
9.82245 0.0217849
9.82245 0.0217849
9.82245 0.0221044
9.82277 0.122743
9.8229 0.0219133
9.8229 0.0222328
9.8229 0.0219133
9.82322 0.123191
9.82444 0.124409
9.82476 0.124732
9.82561 0.0256056
9.82593 0.0259004
9.82845 0.0284283
9.82877 0.128747
9.82909 0.129067
9.82909 0.129067
9.82976 0.129728
9.83132 0.0312927
9.83183 0.0318014
9.83305 0.0330203
9.83411 0.0340863
9.83474 0.0347169
9.83506 0.135036
9.83538 0.135355
9.83538 0.0353543
9.83719 0.137168
9.83882 0.138793
9.83914 0.0391138
9.8398 0.139775
9.84099 0.0409625
9.84147 0.0414409
9.84179 0.14176
9.84192 0.0218858
9.84192 0.0218858
9.84192 0.0218858
9.84214 0.021788
9.84214 0.021788
9.84214 0.0221075
9.84245 0.0217835
9.84245 0.022103
9.84245 0.0217835
9.8428 0.0427761
9.84312 0.143095
9.84344 0.0434177
9.84376 0.143734
9.84408 0.144053
9.8444 0.144373
9.84453 0.02386
9.84453 0.0235405
9.84453 0.0235405
9.84538 0.0453503
9.8457 0.0456698
9.85028 0.0502664
9.85128 0.151254
9.85263 0.152599
9.85447 0.054452
9.85507 0.155043
9.85623 0.0562026
9.85655 0.0565221
9.86178 0.0217771
9.86178 0.0217771
9.86178 0.0217771
9.86212 0.0218037
9.86212 0.0218037
9.86212 0.0221232
9.86244 0.0217992
9.86244 0.0221187
9.86244 0.0217992
9.86285 0.0628255
9.86298 0.0223404
9.86298 0.0220209
9.86298 0.0220209
9.8684 0.0683802
9.86928 0.0692539
9.86988 0.0698533
9.87039 0.0703594
9.87167 0.0716432
9.87669 0.0766594
9.87956 0.0795294
9.8818 0.0217957
9.8818 0.0217957
9.8818 0.0217957
9.88211 0.0217912
9.88211 0.0217912
9.88211 0.0221108
9.88243 0.0217868
9.88243 0.0221063
9.88243 0.0217868
9.88274 0.0221018
9.88274 0.0217823
9.88274 0.0217823
9.88645 0.0864278
9.88677 0.0867473
9.88709 0.0870668
9.89525 0.0952245
9.8965 0.0964795
9.89853 0.0985074
9.90053 0.100506
9.90147 0.101448
9.90179 0.0217833
9.90179 0.0217833
9.90179 0.0217833
9.90211 0.102083
9.90224 0.0219117
9.90224 0.0219117
9.90224 0.0222312
9.90243 0.0217828
9.90243 0.0221023
9.90243 0.0217828
9.90274 0.0220978
9.90274 0.0217783
9.90274 0.0217783
9.9044 0.104374
9.90506 0.105035
9.90759 0.107563
9.908 0.107976
9.90941 0.10939
9.90992 0.10989
9.91052 0.11049
9.91084 0.110809
9.91116 0.111129
9.91207 0.112039
9.91291 0.11289
9.91323 0.113207
9.91323 0.113207
9.91323 0.113207
9.9138 0.113778
9.91412 0.114095
9.91488 0.11485
9.91566 0.115636
9.91688 0.116857
9.91764 0.117612
9.91852 0.118492
9.9207 0.120677
9.92199 0.0219787
9.92212 0.0221071
9.92212 0.0221071
9.92212 0.0217876
9.92212 0.0217876
9.92212 0.0217876
9.92243 0.0217831
9.92243 0.0217831
9.92243 0.0221026
9.92275 0.122724
9.92288 0.0219115
9.92288 0.022231
9.92288 0.0219115
9.9232 0.123172
9.92333 0.0220399
9.92445 0.124434
9.92477 0.124748
9.9256 0.0255723
9.92592 0.0258895
9.92847 0.0284485
9.92879 0.128767
9.92911 0.129087
9.92911 0.129087
9.92975 0.129721
9.93131 0.0312857
9.93131 0.0219742
9.93182 0.0318031
9.93317 0.0331418
9.9342 0.0341767
9.93462 0.134589
9.93493 0.034909
9.93525 0.135228
9.93525 0.0222609
9.93557 0.035567
9.93723 0.137208
9.93883 0.138803
9.93915 0.0391232
9.93987 0.139846
9.94094 0.040922
9.94148 0.0414543
9.9418 0.141773
9.94193 0.0219108
9.94193 0.0219108
9.94193 0.0219108
9.94212 0.0217819
9.94212 0.0217819
9.94212 0.0221014
9.94243 0.0217774
9.94243 0.0220969
9.94243 0.0217774
9.94275 0.0427273
9.94288 0.0222253
9.94288 0.0219058
9.94288 0.0219058
9.9432 0.143174
9.94352 0.043506
9.94384 0.143813
9.94384 0.143813
9.94425 0.144226
9.94538 0.0453553
9.9457 0.0456748
9.9457 0.0222281
9.95029 0.0502742
9.95123 0.151204
9.95264 0.152612
9.95351 0.0218045
9.95452 0.0545126
9.95506 0.155032
9.95625 0.0562235
9.9566 0.0565741
9.95682 0.0217983
9.96047 0.0217893
9.96181 0.0217848
9.96181 0.0217848
9.96181 0.0217848
9.96213 0.0217803
9.96213 0.0217803
9.96213 0.0220998
9.96244 0.0217758
9.96244 0.0220954
9.96244 0.0217758
9.96288 0.0628583
9.96301 0.0223482
9.96301 0.0220287
9.96301 0.0220287
9.96504 0.0218019
9.96841 0.0683938
9.96926 0.0692364
9.96986 0.0698358
9.97037 0.070342
9.9705 0.0220445
9.97166 0.0716297
9.97465 0.0217952
9.97659 0.0765645
9.97781 0.0217947
9.97953 0.0795007
9.98177 0.0217942
9.98209 0.0217897
9.98209 0.0217897
9.98209 0.0217897
9.9824 0.0217852
9.9824 0.0217852
9.9824 0.0221047
9.98272 0.0217807
9.98272 0.0221002
9.98272 0.0217807
9.98303 0.0220957
9.98303 0.0217762
9.98303 0.0217762
9.98644 0.086411
9.98676 0.0867305
9.98676 0.0222156
9.98708 0.08705
9.99524 0.0952157
9.99649 0.0964878
9.99662 0.0219476
9.99853 0.0985065

