% time_sec delay_sec
0.122481 0.0224505
0.125258 0.0252273
0.125577 0.0255468
0.128603 0.0285723
0.128922 0.0288918
0.129895 0.0298645
0.130743 0.0307128
0.131529 0.0314989
0.132284 0.0322538
0.134501 0.0344707
0.135909 0.0358788
0.137442 0.0374114
0.138259 0.0382286
0.139605 0.0395745
0.139924 0.039894
0.142328 0.0422975
0.142647 0.042617
0.146388 0.0463579
0.150783 0.0507521
0.152844 0.0528134
0.153319 0.0532884
0.15933 0.0593
0.166088 0.066058
0.168305 0.0682748
0.17102 0.0709894
0.172863 0.072833
0.173432 0.0734013
0.173751 0.0737208
0.176621 0.0765908
0.183286 0.0832556
0.188675 0.088645
0.189244 0.0892134
0.191896 0.0918657
0.193273 0.0932427
0.195241 0.0952107
0.197209 0.0971788
0.198151 0.0981203
0.19847 0.0984398
0.200936 0.100906
0.201411 0.101381
0.204188 0.104157
0.204507 0.104477
0.205915 0.105885
0.206484 0.106453
0.206803 0.106773
0.207123 0.107092
0.207123 0.107092
0.208438 0.108407
0.20885 0.10882
0.209668 0.109637
0.209987 0.109957
0.209987 0.109957
0.209987 0.109957
0.210338 0.110307
0.211808 0.111778
0.212128 0.112097
0.213007 0.112976
0.214073 0.114042
0.215108 0.115077
0.219284 0.119254
0.219728 0.119698
0.220483 0.120453
0.220958 0.120928
0.221962 0.121931
0.222437 0.0224298
0.225245 0.125214
0.225245 0.0252376
0.225564 0.0255571
0.225564 0.125534
0.226288 0.126258
0.228629 0.0286222
0.228949 0.0289418
0.229859 0.0298522
0.23077 0.0307627
0.231121 0.13109
0.231502 0.031495
0.232102 0.132071
0.232421 0.032414
0.233705 0.133674
0.234584 0.0345771
0.235401 0.135371
0.235876 0.0358693
0.237409 0.0374019
0.238071 0.13804
0.23839 0.038383
0.23839 0.13836
0.239145 0.139115
0.239558 0.0395508
0.239877 0.0398703
0.242312 0.0423049
0.242632 0.0426244
0.243013 0.142983
0.24635 0.0463427
0.246669 0.146639
0.246989 0.146958
0.247526 0.147496
0.247846 0.147815
0.250747 0.0507396
0.251471 0.15144
0.252879 0.0528716
0.253229 0.0532222
0.255508 0.155478
0.259312 0.0593044
0.266039 0.0660314
0.268287 0.0682793
0.271001 0.0709938
0.272845 0.0728374
0.273413 0.0734058
0.273732 0.0737253
0.276603 0.0765953
0.283267 0.08326
0.288657 0.0886495
0.289225 0.0892178
0.291877 0.0918701
0.293254 0.0932472
0.295222 0.0952152
0.29719 0.0971832
0.298132 0.0981248
0.298452 0.0984443
0.300886 0.100879
0.301392 0.101385
0.304169 0.104162
0.304488 0.104481
0.305897 0.105889
0.306465 0.106458
0.306816 0.106808
0.307135 0.107128
0.307135 0.107128
0.308388 0.10838
0.308832 0.108824
0.309649 0.109642
0.309968 0.109961
0.309968 0.109961
0.310288 0.110281
0.310288 0.110281
0.311789 0.111782
0.312109 0.112102
0.312988 0.112981
0.314023 0.114016
0.315089 0.115082
0.319297 0.119289
0.31974 0.119733
0.320495 0.120488
0.320939 0.120932
0.321943 0.121936
0.322449 0.0224343
0.325257 0.0252421
0.325257 0.12525
0.325577 0.0255616
0.325577 0.125569
0.326269 0.126262
0.328611 0.0285956
0.32893 0.0289151
0.329872 0.0298567
0.33072 0.030705
0.331071 0.131063
0.331515 0.0314995
0.332083 0.132076
0.332402 0.0323874
0.333686 0.133679
0.334534 0.0345194
0.335507 0.1355
0.335889 0.0358738
0.337421 0.0374063
0.338083 0.138076
0.338403 0.0383875
0.338403 0.138395
0.339095 0.139088
0.33957 0.0395553
0.33989 0.0398748
0.342293 0.0422783
0.342613 0.0425978
0.343026 0.143018
0.346362 0.0463472
0.346682 0.146675
0.347001 0.146994
0.347507 0.1475
0.347827 0.14782
0.350759 0.0507441
0.351452 0.151445
0.35286 0.052845
0.353304 0.0532889
0.355614 0.155607
0.359293 0.0592778
0.366051 0.0660358
0.368268 0.0682527
0.371013 0.0709983
0.372826 0.0728108
0.373394 0.0733792
0.373714 0.0736987
0.376615 0.0765998
0.38328 0.0832645
0.3887 0.0886851
0.389206 0.0891912
0.39189 0.0918746
0.393267 0.0932517
0.395235 0.0952197
0.397203 0.0971877
0.398144 0.0981293
0.398464 0.0984488
0.400898 0.100883
0.401373 0.101358
0.404181 0.104166
0.404501 0.104486
0.405909 0.105894
0.406477 0.106462
0.406797 0.106782
0.407116 0.107101
0.407116 0.107101
0.4084 0.108385
0.408844 0.108829
0.409661 0.109646
0.409981 0.109966
0.409981 0.109966
0.409981 0.109966
0.410331 0.110316
0.411802 0.111787
0.412121 0.112106
0.412969 0.112954
0.414066 0.114051
0.41507 0.115055
0.419309 0.119294
0.419722 0.119707
0.420477 0.120462
0.420952 0.120937
0.421955 0.12194
0.422462 0.0224387
0.425207 0.125192
0.425527 0.0255039
0.425527 0.0255039
0.425527 0.125512
0.426282 0.126267
0.428623 0.0286001
0.428942 0.0289196
0.429884 0.0298612
0.430732 0.0307095
0.431083 0.131068
0.431527 0.031504
0.432064 0.132049
0.432384 0.0323607
0.433698 0.133683
0.434578 0.034555
0.435395 0.13538
0.435901 0.0358783
0.437434 0.0374108
0.438064 0.138049
0.438384 0.0383609
0.438384 0.138369
0.439108 0.139093
0.439583 0.0395598
0.439902 0.0398793
0.442306 0.0422827
0.442625 0.0426023
0.442976 0.142961
0.446375 0.0463517
0.446694 0.146679
0.447014 0.146999
0.44752 0.147505
0.447839 0.147824
0.450771 0.0507486
0.451526 0.151511
0.452903 0.0528806
0.453223 0.0532001
0.455595 0.15558
0.459305 0.0592823
0.466063 0.0660403
0.46828 0.0682572
0.471026 0.0710028
0.472838 0.0728153
0.473406 0.0733836
0.473726 0.0737031
0.476627 0.0766043
0.483292 0.083269
0.488681 0.0886585
0.489219 0.0891957
0.491902 0.0918791
0.493248 0.093225
0.495247 0.0952242
0.497215 0.0971922
0.498126 0.0981027
0.498445 0.0984222
0.500911 0.100888
0.501386 0.101363
0.504194 0.104171
0.504513 0.10449
0.505921 0.105898
0.50649 0.106467
0.506809 0.106786
0.507129 0.107106
0.507129 0.107106
0.508412 0.108389
0.508981 0.108958
0.509642 0.109619
0.509962 0.109939
0.509962 0.109939
0.509962 0.109939
0.510281 0.110258
0.511814 0.111791
0.512133 0.112111
0.512982 0.112959
0.514265 0.114243
0.515083 0.11506
0.519321 0.119298
0.519796 0.119773
0.520551 0.120528
0.520964 0.120941
0.521874 0.121852
0.522474 0.0224432
0.52522 0.125197
0.525539 0.0255083
0.525539 0.0255083
0.525539 0.125516
0.526263 0.12624
0.528635 0.0286046
0.528955 0.0289241
0.529896 0.0298657
0.530745 0.0307139
0.531095 0.131072
0.531539 0.0315085
0.532076 0.132054
0.532396 0.0323652
0.533711 0.133688
0.534497 0.0344661
0.535376 0.135353
0.535882 0.0358516
0.537446 0.0374153
0.538077 0.138054
0.538396 0.0383654
0.538396 0.138373
0.53912 0.139097
0.539595 0.0395642
0.539914 0.0398837
0.542318 0.0422872
0.542637 0.0426067
0.54305 0.143027
0.546387 0.0463561
0.546706 0.146683
0.547026 0.147003
0.547532 0.147509
0.547851 0.147829
0.550784 0.050753
0.551476 0.151454
0.552885 0.0528539
0.553235 0.0532046
0.555514 0.155491
0.559317 0.0592868
0.566075 0.0660448
0.568292 0.0682617
0.571038 0.0710073
0.57285 0.0728198
0.573419 0.0733881
0.573738 0.0737076
0.576639 0.0766088
0.583304 0.0832735
0.588756 0.0887251
0.589231 0.0892002
0.591914 0.0918836
0.59326 0.0932295
0.595228 0.0951975
0.597227 0.0971967
0.598138 0.0981071
0.598457 0.0984267
0.600923 0.100892
0.601398 0.101367
0.604206 0.104175
0.604525 0.104495
0.605934 0.105903
0.606502 0.106471
0.606821 0.106791
0.607141 0.10711
0.607141 0.10711
0.608425 0.108394
0.609024 0.108993
0.609655 0.109624
0.609974 0.109943
0.609974 0.109943
0.609974 0.109943
0.610294 0.110263
0.611826 0.111795
0.612146 0.112115
0.612994 0.112963
0.61406 0.114029
0.615095 0.115064
0.619302 0.119272
0.619808 0.119778
0.620501 0.120471
0.620945 0.120914
0.621887 0.121856
0.622455 0.0224477
0.625232 0.125201
0.625232 0.0252244
0.625551 0.0255439
0.625551 0.125521
0.626275 0.126245
0.628648 0.0286402
0.628967 0.0289597
0.629846 0.029839
0.630757 0.0307495
0.631108 0.131077
0.63152 0.031513
0.632089 0.132058
0.632408 0.0324008
0.633723 0.133692
0.634509 0.0345017
0.635388 0.135358
0.635864 0.0358561
0.637396 0.0373887
0.638058 0.138027
0.638377 0.0383698
0.638377 0.138347
0.639101 0.13907
0.639576 0.0395687
0.639896 0.0398882
0.642299 0.0422917
0.642619 0.0426112
0.643 0.14297
0.646368 0.0463606
0.646688 0.146657
0.647007 0.146976
0.647544 0.147514
0.647864 0.147833
0.650765 0.0507575
0.651458 0.151427
0.652897 0.0528895
0.653216 0.053209
0.655527 0.155496
0.659299 0.0592912
0.666057 0.0660493
0.668274 0.0682661
0.671019 0.0710117
0.672832 0.0728242
0.6734 0.0733926
0.673719 0.0737121
0.676621 0.0766132
0.683254 0.0832469
0.688675 0.0886674
0.689212 0.0892046
0.691895 0.0918881
0.693241 0.093234
0.695209 0.095202
0.697177 0.09717
0.698119 0.0981116
0.698439 0.0984311
0.700904 0.100897
0.701379 0.101372
0.704187 0.10418
0.704507 0.104499
0.705915 0.105907
0.706452 0.106445
0.706865 0.106857
0.707184 0.107177
0.707184 0.107177
0.708406 0.108398
0.708819 0.108811
0.709636 0.109628
0.709955 0.109948
0.709955 0.109948
0.710275 0.110267
0.710275 0.110267
0.711807 0.1118
0.712127 0.112119
0.713006 0.112999
0.714041 0.114034
0.715076 0.115069
0.719377 0.119369
0.71979 0.119782
0.720514 0.120506
0.720989 0.120981
0.721961 0.121954
0.722467 0.0224522
0.725213 0.125206
0.725533 0.0255173
0.725533 0.0255173
0.725533 0.125525
0.726287 0.12628
0.728629 0.0286135
0.728948 0.028933
0.729859 0.0298435
0.730738 0.0307229
0.731089 0.131081
0.731533 0.0315174
0.73207 0.132062
0.732389 0.0323742
0.733704 0.133697
0.734615 0.0345995
0.73537 0.135362
0.735876 0.0358606
0.737408 0.0373932
0.73807 0.138063
0.73839 0.0383743
0.73839 0.138382
0.739176 0.139168
0.739588 0.0395732
0.739908 0.0398927
0.742311 0.0422962
0.742631 0.0426157
0.742982 0.142974
0.74638 0.0463651
0.7467 0.146692
0.747019 0.147012
0.747525 0.147518
0.747845 0.147838
0.750746 0.0507309
0.751439 0.151431
0.752878 0.0528629
0.753229 0.0532135
0.755601 0.155594
0.759311 0.0592957
0.766069 0.0660538
0.768286 0.0682706
0.771 0.0709851
0.772844 0.0728287
0.773412 0.0733971
0.773732 0.0737166
0.776602 0.0765866
0.783267 0.0832513
0.788656 0.0886408
0.789224 0.0892091
0.791877 0.0918614
0.793254 0.0932385
0.795222 0.0952065
0.79719 0.0971745
0.798131 0.0981161
0.798451 0.0984356
0.800917 0.100901
0.801392 0.101376
0.804168 0.104153
0.804488 0.104473
0.805896 0.105881
0.806464 0.106449
0.806815 0.1068
0.807134 0.107119
0.807134 0.107119
0.808418 0.108403
0.808831 0.108816
0.809648 0.109633
0.809968 0.109952
0.809968 0.109952
0.809968 0.109952
0.810287 0.110272
0.81182 0.111804
0.812139 0.112124
0.812987 0.112972
0.814053 0.114038
0.815088 0.115073
0.819296 0.119281
0.819802 0.119787
0.820495 0.12048
0.82097 0.120955
0.821942 0.121927
0.822449 0.0224255
0.825256 0.0252334
0.825256 0.125241
0.825576 0.0255529
0.825576 0.125561
0.826269 0.126253
0.828641 0.028618
0.828961 0.0289375
0.829871 0.029848
0.83075 0.0307274
0.831101 0.131086
0.831545 0.0315219
0.832082 0.132067
0.832402 0.0323787
0.833717 0.133701
0.834471 0.0344485
0.835506 0.135491
0.835888 0.0358651
0.837421 0.0373976
0.838113 0.138098
0.838433 0.0384099
0.838433 0.138418
0.839157 0.139142
0.839601 0.0395777
0.83992 0.0398972
0.842324 0.0423007
0.842643 0.0426202
0.843056 0.143041
0.846362 0.0463385
0.846681 0.146666
0.847001 0.146985
0.847507 0.147491
0.847826 0.147811
0.850758 0.0507354
0.851451 0.151436
0.85289 0.0528674
0.853334 0.0533113
0.855613 0.155598
0.859323 0.0593002
0.866081 0.0660582
0.868298 0.0682751
0.871013 0.0709896
0.872856 0.0728332
0.873425 0.0734015
0.873744 0.073721
0.876614 0.0765911
0.883279 0.0832558
0.888668 0.0886453
0.889237 0.0892136
0.891889 0.0918659
0.893266 0.093243
0.895234 0.095211
0.897202 0.097179
0.898144 0.0981206
0.898463 0.0984401
0.900929 0.100906
0.901404 0.101381
0.904181 0.104158
0.9045 0.104477
0.905908 0.105885
0.906477 0.106454
0.906827 0.106804
0.907147 0.107124
0.907147 0.107124
0.90843 0.108407
0.90903 0.109007
0.90966 0.109637
0.90998 0.109957
0.90998 0.109957
0.90998 0.109957
0.910299 0.110276
0.911801 0.111778
0.91212 0.112097
0.913 0.112977
0.914066 0.114043
0.915101 0.115078
0.919308 0.119285
0.919814 0.119791
0.920507 0.120484
0.920951 0.120928
0.921893 0.12187
0.922461 0.02243
0.925269 0.0252379
0.925269 0.125246
0.925588 0.0255574
0.925588 0.125565
0.926281 0.126258
0.928622 0.0285914
0.928942 0.0289109
0.929883 0.0298525
0.930763 0.0307319
0.931113 0.13109
0.931526 0.0314953
0.932094 0.132071
0.932414 0.0323831
0.933698 0.133675
0.934484 0.0344529
0.935519 0.135496
0.9359 0.0358695
0.937433 0.0374021
0.938095 0.138072
0.938414 0.0383833
0.938414 0.138391
0.939107 0.139084
0.939582 0.039551
0.939901 0.0398706
0.942336 0.0423051
0.942656 0.0426246
0.943037 0.143014
0.946374 0.046343
0.946693 0.14667
0.947013 0.14699
0.947519 0.147496
0.947838 0.147815
0.950771 0.0507398
0.951526 0.151503
0.952934 0.052903
0.953316 0.0532847
0.955501 0.155478
0.959336 0.0593047
0.966062 0.0660316
0.96831 0.0682796
0.971025 0.0709941
0.972837 0.0728066
0.973437 0.073406
0.973756 0.0737255
0.976626 0.0765956
0.983291 0.0832603
0.988712 0.0886808
0.989249 0.0892181
0.991901 0.0918704
0.993278 0.0932474
0.995246 0.0952155
0.997214 0.0971835
0.998156 0.0981251
0.998475 0.0984446
1.00091 0.100879
1.00142 0.101385
1.00419 0.104162
1.00452 0.104488
1.00593 0.105896
1.0065 0.106465
1.00681 0.106784
1.00713 0.107104
1.00713 0.107104
1.00842 0.108387
1.00902 0.108987
1.00968 0.109648
1.01 0.109968
1.01 0.109968
1.01 0.109968
1.01035 0.110318
1.01182 0.111789
1.01214 0.112108
1.01302 0.112988
1.01424 0.114209
1.01512 0.115089
1.01933 0.119296
1.0198 0.119771
1.02053 0.120495
1.02097 0.120939
1.02191 0.121881
1.02245 0.022441
1.02526 0.125226
1.02526 0.0252489
1.02558 0.0255684
1.02558 0.125545
1.0263 0.126269
1.02864 0.0286335
1.02896 0.028953
1.02987 0.0298635
1.03078 0.030774
1.0311 0.13107
1.03151 0.0315063
1.03211 0.132082
1.03243 0.0324253
1.03372 0.133686
1.03463 0.0346195
1.03541 0.135382
1.03589 0.0358806
1.03742 0.0374131
1.03808 0.138052
1.0384 0.0383943
1.0384 0.138371
1.03913 0.139095
1.03957 0.0395621
1.03989 0.0398816
1.04229 0.042285
1.04261 0.0426046
1.04299 0.142963
1.04636 0.046354
1.04671 0.146681
1.04703 0.147001
1.04744 0.147414
1.04776 0.147733
1.05085 0.0508442
1.05154 0.151514
1.05283 0.0528207
1.05324 0.0532335
1.05552 0.155489
1.05932 0.0593157
1.06247 0.0224575
1.06247 0.0224575
1.06247 0.0224575
1.06279 0.0224575
1.06279 0.0224575
1.06279 0.022777
1.06311 0.0224575
1.06311 0.022777
1.06311 0.0224575
1.06343 0.022777
1.06343 0.0224575
1.06343 0.0224575
1.06608 0.0660765
1.0683 0.0682933
1.07102 0.0710079
1.07286 0.0728515
1.0734 0.0733887
1.07372 0.0737082
1.07659 0.0765782
1.08247 0.0224545
1.08247 0.0224545
1.08247 0.0224545
1.08279 0.0224545
1.08279 0.0224545
1.08279 0.022774
1.08311 0.0224545
1.08311 0.022774
1.08311 0.0224545
1.08343 0.0834239
1.08343 0.022774
1.08867 0.0886663
1.08921 0.0892035
1.09189 0.0918869
1.09324 0.0932329
1.09521 0.0952009
1.09721 0.0972
1.09812 0.0981105
1.09844 0.09843
1.1009 0.100896
1.10141 0.101402
1.10248 0.0224543
1.10248 0.0224543
1.10248 0.0224543
1.10279 0.0224543
1.10279 0.0224543
1.10279 0.0227738
1.10311 0.0224543
1.10311 0.0227738
1.10311 0.0224543
1.10343 0.0227738
1.10343 0.0224543
1.10343 0.0224543
1.10419 0.104181
1.10451 0.104501
1.10592 0.105909
1.10648 0.106477
1.1068 0.106797
1.10712 0.107116
1.10712 0.107116
1.10844 0.108431
1.10882 0.108813
1.10967 0.109661
1.10999 0.109981
1.10999 0.109981
1.11031 0.1103
1.11063 0.11062
1.11185 0.111841
1.11217 0.112161
1.11302 0.113009
1.11424 0.11423
1.11506 0.115048
1.11939 0.11938
1.11977 0.119761
1.12055 0.120547
1.12094 0.120929
1.12194 0.121933
1.12248 0.022454
1.12261 0.0225824
1.12261 0.0225824
1.12261 0.0222629
1.12261 0.0222629
1.12261 0.0222629
1.12292 0.0222584
1.12292 0.0222584
1.12292 0.0225779
1.12324 0.0222539
1.12324 0.0225734
1.12324 0.0222539
1.12524 0.125228
1.12524 0.0252312
1.12555 0.125547
1.12555 0.025531
1.12625 0.12624
1.12862 0.0285962
1.12894 0.0289354
1.12985 0.0298459
1.13076 0.0307563
1.13108 0.131072
1.13152 0.0315198
1.13206 0.132053
1.13238 0.0323713
1.13366 0.133657
1.13448 0.0344774
1.13536 0.135353
1.13587 0.0358629
1.13743 0.0374069
1.13809 0.138085
1.13841 0.0384077
1.13841 0.138404
1.13917 0.139159
1.13958 0.0395755
1.1399 0.0398753
1.1423 0.0422985
1.14262 0.042618
1.14275 0.0227241
1.14275 0.0227241
1.14275 0.0227241
1.14275 0.0224046
1.14275 0.0224046
1.14275 0.0227241
1.14307 0.143062
1.14307 0.0230436
1.1432 0.022533
1.1432 0.0228525
1.1432 0.022533
1.14333 0.0226613
1.14333 0.0223418
1.14333 0.0223418
1.14635 0.0463514
1.14667 0.146664
1.14699 0.146984
1.1475 0.14749
1.14782 0.147809
1.15084 0.0508188
1.1515 0.151497
1.15285 0.052846
1.15323 0.0532278
1.15557 0.155565
1.15931 0.05931
1.16227 0.0222439
1.16227 0.0222439
1.16227 0.0222439
1.16259 0.0222394
1.16259 0.0222394
1.16259 0.0225589
1.16293 0.022266
1.16293 0.0225855
1.16293 0.022266
1.16325 0.022581
1.16325 0.0222615
1.16325 0.0222615
1.16606 0.0660528
1.16827 0.0682697
1.17105 0.071021
1.17283 0.0728278
1.1734 0.0733961
1.17372 0.0737156
1.17659 0.0765857
1.18225 0.0222541
1.18225 0.0222541
1.18225 0.0222541
1.18257 0.0222496
1.18257 0.0222496
1.18257 0.0225691
1.18288 0.0222451
1.18288 0.0225646
1.18288 0.0222451
1.18327 0.0832623
1.18339 0.0227552
1.18339 0.0224357
1.18339 0.0224357
1.18866 0.0886557
1.1892 0.089193
1.19188 0.0918764
1.19326 0.0932337
1.19519 0.0951903
1.19729 0.0972631
1.19814 0.098131
1.19845 0.0984506
1.20089 0.100885
1.2014 0.101391
1.20227 0.022267
1.20227 0.022267
1.20227 0.022267
1.20259 0.0222625
1.20259 0.0222625
1.20259 0.022582
1.2029 0.022258
1.2029 0.0225775
1.2029 0.022258
1.20322 0.022573
1.20322 0.0222535
1.20322 0.0222535
1.20419 0.104184
1.20451 0.104503
1.20592 0.105886
1.20655 0.106542
1.20687 0.106862
1.20719 0.107181
1.20719 0.107181
1.20838 0.108372
1.20904 0.109013
1.20967 0.109644
1.20999 0.109983
1.20999 0.109983
1.20999 0.109983
1.21031 0.110303
1.21184 0.111835
1.21216 0.112155
1.21301 0.113003
1.21407 0.114069
1.21508 0.115073
1.21928 0.11928
1.2197 0.119693
1.22048 0.12046
1.22096 0.120954
1.2219 0.121896
1.22244 0.0224313
1.22257 0.0225597
1.22257 0.0225597
1.22257 0.0222402
1.22257 0.0222402
1.22257 0.0222402
1.22291 0.0222668
1.22291 0.0222668
1.22291 0.0225863
1.22323 0.0222623
1.22323 0.0225818
1.22323 0.0222623
1.22523 0.0252226
1.22555 0.125541
1.22555 0.0255395
1.22555 0.125541
1.22627 0.126265
1.22858 0.0285735
1.2289 0.0288956
1.22984 0.0298372
1.23072 0.0307166
1.23107 0.131066
1.23148 0.03148
1.23205 0.132048
1.23237 0.0323521
1.23372 0.133713
1.23453 0.034531
1.23548 0.135472
1.23586 0.0358543
1.23736 0.0373531
1.23808 0.138079
1.2384 0.0383991
1.2384 0.138398
1.2391 0.139091
1.23954 0.0395358
1.23986 0.0398527
1.24229 0.0422898
1.24261 0.0426094
1.24274 0.0227325
1.24274 0.0227325
1.24274 0.0227325
1.24274 0.022413
1.24274 0.022413
1.24274 0.0227325
1.24306 0.143056
1.24306 0.023052
1.24319 0.0225414
1.24319 0.0228609
1.24319 0.0225414
1.24332 0.0226698
1.24332 0.0223503
1.24332 0.0223503
1.24619 0.0461594
1.2466 0.146596
1.24692 0.146916
1.24749 0.147484
1.24781 0.147803
1.25068 0.0506717
1.25149 0.151491
1.25278 0.0527752
1.25325 0.0532502
1.25556 0.15556
1.25924 0.0592391
1.26226 0.0222523
1.26226 0.0222523
1.26226 0.0222523
1.26258 0.0222478
1.26258 0.0222478
1.26258 0.0225673
1.26289 0.0222433
1.26289 0.0225628
1.26289 0.0222433
1.26321 0.0225583
1.26321 0.0222388
1.26321 0.0222388
1.26599 0.0659819
1.26823 0.0682299
1.27101 0.0709812
1.27279 0.072788
1.27327 0.073263
1.27359 0.0735825
1.27652 0.0765148
1.28228 0.0222625
1.28228 0.0222625
1.28228 0.0222625
1.28259 0.022258
1.28259 0.022258
1.28259 0.0225775
1.28291 0.0222535
1.28291 0.022573
1.28291 0.0222535
1.28323 0.0832225
1.28335 0.0227014
1.28335 0.0223819
1.28335 0.0223819
1.28862 0.088616
1.28913 0.0891221
1.29181 0.0918055
1.29309 0.0930866
1.29518 0.0951817
1.29709 0.0970849
1.29803 0.0980291
1.29835 0.0983486
1.30082 0.100814
1.30129 0.101289
1.30226 0.0222444
1.30226 0.0222444
1.30226 0.0222444
1.30258 0.0222399
1.30258 0.0222399
1.30258 0.0225594
1.30292 0.0222665
1.30292 0.022586
1.30292 0.0222665
1.30324 0.0225815
1.30324 0.022262
1.30324 0.022262
1.30402 0.10402
1.30434 0.104339
1.30581 0.105784
1.30638 0.106378
1.30673 0.106729
1.30705 0.107048
1.30737 0.107368
1.30834 0.10834
1.30866 0.108657
1.30939 0.109381
1.30971 0.109703
1.30971 0.109703
1.31003 0.110023
1.31035 0.110342
1.31182 0.111812
1.31214 0.112132
1.31305 0.113042
1.31402 0.114015
1.31493 0.114926
1.31926 0.119258
1.31974 0.119733
1.32024 0.120236
1.32075 0.120745
1.32181 0.121811
1.32248 0.0224567
1.3226 0.0222656
1.3226 0.0222656
1.3226 0.0222656
1.32292 0.0222611
1.32292 0.0222611
1.32292 0.0225806
1.32323 0.0222566
1.32323 0.0225761
1.32323 0.0222566
1.32355 0.0225716
1.32355 0.0222521
1.32355 0.0222521
1.32521 0.125203
1.32553 0.0255232
1.32553 0.125522
1.32553 0.0255066
1.32613 0.126122
1.32872 0.0286962
1.32903 0.0290323
1.32991 0.0299117
1.33079 0.030791
1.33111 0.13111
1.33156 0.0315545
1.33206 0.13206
1.33276 0.0327271
1.33354 0.133539
1.33458 0.0345743
1.33521 0.135204
1.33593 0.0359287
1.33765 0.037635
1.33803 0.138029
1.33835 0.138348
1.33835 0.0383491
1.33895 0.138948
1.33961 0.0396102
1.34021 0.0401931
1.34234 0.0423332
1.34266 0.0426527
1.34297 0.142971
1.34297 0.0229445
1.3431 0.0230729
1.3431 0.0230729
1.3431 0.0230729
1.3431 0.0227534
1.3431 0.0227534
1.3431 0.0230729
1.34323 0.0225623
1.34323 0.0228818
1.34323 0.0225623
1.34323 0.0225623
1.34323 0.0222428
1.34323 0.0222428
1.34651 0.146507
1.34683 0.146826
1.34715 0.047125
1.34747 0.147465
1.34779 0.147785
1.35112 0.0511054
1.35144 0.151441
1.35319 0.0531918
1.35351 0.0535113
1.35554 0.155541
1.3596 0.0595935
1.36224 0.0222421
1.36224 0.0222421
1.36224 0.0222421
1.36259 0.0222687
1.36259 0.0222687
1.36259 0.0225882
1.3629 0.0222642
1.3629 0.0225837
1.3629 0.0222642
1.36322 0.0225792
1.36322 0.0222597
1.36322 0.0222597
1.36621 0.0662119
1.36843 0.0684288
1.37127 0.0712423
1.37305 0.0730491
1.37362 0.0736174
1.37362 0.0736174
1.3768 0.0767985
1.38225 0.0222438
1.38225 0.0222438
1.38225 0.0222438
1.38256 0.0222393
1.38256 0.0222393
1.38256 0.0225588
1.38291 0.0222659
1.38291 0.0225854
1.38291 0.0222659
1.38322 0.022581
1.38322 0.0222614
1.38322 0.0222614
1.38354 0.0835413
1.38884 0.0888375
1.38935 0.0893436
1.39212 0.0921203
1.39378 0.0937607
1.39553 0.0955276
1.39775 0.0977279
1.39844 0.0984372
1.39879 0.0987878
1.40126 0.101253
1.40164 0.101635
1.40226 0.0222568
1.40226 0.0222568
1.40226 0.0222568
1.40258 0.0222523
1.40258 0.0222523
1.40258 0.0225718
1.40289 0.0222478
1.40289 0.0225673
1.40289 0.0222478
1.40321 0.0225628
1.40321 0.0222433
1.40321 0.0222433
1.40459 0.104583
1.40491 0.104903
1.40625 0.106223
1.40688 0.106879
1.4072 0.107199
1.4072 0.107199
1.40752 0.107518
1.40859 0.108584
1.40987 0.109852
1.41019 0.110188
1.41051 0.110507
1.41083 0.110827
1.41083 0.11081
1.41115 0.111146
1.41218 0.112181
1.4125 0.112501
1.41354 0.113535
1.41395 0.113948
1.41551 0.115512
1.41969 0.119688
1.42001 0.120008
1.42151 0.121493
1.42183 0.121829
1.42215 0.122148
1.42247 0.0224607
1.4226 0.0222696
1.4226 0.0222696
1.4226 0.0222696
1.42291 0.0222651
1.42291 0.0222651
1.42291 0.0225846
1.42323 0.0222606
1.42323 0.0225801
1.42323 0.0222606
1.42354 0.0225756
1.42354 0.0222561
1.42354 0.0222561
1.42511 0.125105
1.42543 0.125424
1.42543 0.0254252
1.42543 0.0254173
1.42683 0.126833
1.42868 0.028669
1.429 0.0289965
1.42994 0.0299381
1.43082 0.0308174
1.43114 0.131136
1.43155 0.0315498
1.43196 0.131962
1.43284 0.0328278
1.43407 0.134063
1.43463 0.0346318
1.43595 0.135946
1.43627 0.0362662
1.43777 0.0377466
1.43809 0.138086
1.43841 0.0384066
1.43873 0.138725
1.43964 0.0396366
1.43996 0.139955
1.44028 0.0402677
1.44234 0.042337
1.44266 0.0426565
1.44279 0.0227658
1.44279 0.0227658
1.44279 0.0227658
1.44279 0.0224463
1.44279 0.0224463
1.44279 0.0227658
1.44291 0.0228942
1.44291 0.0222552
1.44291 0.0225747
1.44291 0.0222552
1.44333 0.143325
1.44346 0.0227964
1.44346 0.0224769
1.44346 0.0224769
1.44698 0.146977
1.4473 0.0472706
1.4473 0.147296
1.44762 0.147616
1.44794 0.147935
1.45109 0.0510782
1.45141 0.151405
1.45313 0.0531249
1.45345 0.0534444
1.45532 0.155318
1.45962 0.0596199
1.46227 0.022246
1.46227 0.022246
1.46227 0.022246
1.46258 0.0222416
1.46258 0.0222416
1.46258 0.0225611
1.46293 0.0222682
1.46293 0.0225877
1.46293 0.0222682
1.46325 0.0225832
1.46325 0.0222637
1.46325 0.0222637
1.46621 0.0662072
1.46843 0.0684241
1.47133 0.0712998
1.47308 0.0730755
1.47358 0.0735816
1.4739 0.0739011
1.4768 0.0768023
1.48228 0.0222562
1.48228 0.0222562
1.48228 0.0222562
1.4826 0.0222518
1.4826 0.0222518
1.4826 0.0225713
1.48291 0.0222473
1.48291 0.0225668
1.48291 0.0222473
1.48323 0.0225623
1.48323 0.0222428
1.48323 0.0222428
1.48355 0.0835451
1.48891 0.0889035
1.48932 0.0893163
1.49213 0.0921241
1.49375 0.093742
1.49556 0.0955625
1.49775 0.0977403
1.49844 0.098441
1.49876 0.0987605
1.50123 0.101226
1.50164 0.101639
1.50227 0.0222381
1.50227 0.0222381
1.50227 0.0222381
1.50261 0.0222647
1.50261 0.0222647
1.50261 0.0225842
1.50293 0.0222602
1.50293 0.0225797
1.50293 0.0222602
1.50324 0.0225752
1.50324 0.0222557
1.50324 0.0222557
1.5045 0.104494
1.50488 0.104876
1.50625 0.106227
1.50685 0.106852
1.50736 0.107358
1.50768 0.107678
1.50768 0.107678
1.50859 0.108588
1.50984 0.109833
1.51016 0.11016
1.51016 0.11016
1.51048 0.11048
1.5108 0.110799
1.5108 0.110791
1.51221 0.112207
1.51253 0.112527
1.51353 0.113531
1.51454 0.114535
1.51551 0.115507
1.51965 0.119653
1.52025 0.120252
1.52151 0.121497
1.52183 0.121824
1.52215 0.122144
1.52246 0.0224646
1.52259 0.0222735
1.52259 0.0222735
1.52259 0.0222735
1.52288 0.0222379
1.52288 0.0222379
1.52288 0.0225574
1.52322 0.0222645
1.52322 0.022584
1.52322 0.0222645
1.52354 0.0225795
1.52354 0.02226
1.52354 0.02226
1.52529 0.0252877
1.52561 0.0256079
1.52593 0.125926
1.52625 0.126245
1.52682 0.126814
1.52866 0.0286588
1.52898 0.0289776
1.52992 0.0299192
1.5308 0.0307986
1.53155 0.0315536
1.53187 0.131872
1.53238 0.132378
1.53273 0.0327278
1.53414 0.134137
1.53461 0.034613
1.53574 0.13574
1.53606 0.0360607
1.53775 0.0377196
1.53835 0.0383482
1.53867 0.138667
1.53899 0.138986
1.53953 0.139524
1.53984 0.039844
1.54016 0.0401642
1.54235 0.0423492
1.54267 0.0426687
1.5428 0.0227867
1.5428 0.0227867
1.5428 0.0227867
1.5428 0.0224672
1.5428 0.0224672
1.5428 0.0227867
1.54293 0.0229151
1.54293 0.0222761
1.54293 0.0225956
1.54293 0.0222761
1.54337 0.143369
1.5435 0.0228484
1.5435 0.0225289
1.5435 0.0225289
1.54699 0.0469893
1.54699 0.146989
1.54731 0.147309
1.54785 0.147846
1.54817 0.148165
1.5511 0.0510991
1.55207 0.15207
1.55311 0.053106
1.55343 0.0534255
1.55605 0.156046
1.55954 0.0595389
1.56228 0.0222669
1.56228 0.0222669
1.56228 0.0222669
1.5626 0.0222624
1.5626 0.0222624
1.5626 0.022582
1.56291 0.022258
1.56291 0.0225775
1.56291 0.022258
1.56323 0.022573
1.56323 0.0222535
1.56323 0.0222535
1.56619 0.0661884
1.56844 0.0684363
1.57134 0.0713121
1.57306 0.0730566
1.57359 0.0735939
1.57391 0.0739134
1.57678 0.0767834
1.58226 0.022246
1.58226 0.022246
1.58226 0.022246
1.58258 0.0222415
1.58258 0.0222415
1.58258 0.022561
1.58292 0.0222681
1.58292 0.0225877
1.58292 0.0222681
1.58324 0.0225832
1.58324 0.0222637
1.58324 0.0222637
1.58356 0.0835574
1.58882 0.0888224
1.58936 0.0893596
1.59214 0.0921364
1.59373 0.0937318
1.59558 0.0955747
1.59779 0.0977923
1.59842 0.0984221
1.59874 0.0987416
1.60124 0.101238
1.60162 0.10162
1.60228 0.022259
1.60228 0.022259
1.60228 0.022259
1.60259 0.0222545
1.60259 0.0222545
1.60259 0.022574
1.60291 0.02225
1.60291 0.0225695
1.60291 0.02225
1.60322 0.022565
1.60322 0.0222455
1.60322 0.0222455
1.60451 0.104506
1.60486 0.104857
1.60627 0.106239
1.60683 0.106833
1.60737 0.10737
1.60769 0.10769
1.60769 0.10769
1.6086 0.1086
1.60985 0.109854
1.61017 0.110173
1.61049 0.110492
1.61081 0.110812
1.61081 0.110812
1.61081 0.110812
1.61219 0.112189
1.61251 0.112508
1.61329 0.113294
1.61455 0.114547
1.61552 0.115519
1.61963 0.119634
1.6203 0.120295
1.62152 0.121518
1.62184 0.121836
1.62216 0.122156
1.62248 0.0224544
1.6226 0.0222633
1.6226 0.0222633
1.6226 0.0222633
1.62292 0.0222588
1.62292 0.0222588
1.62292 0.0225783
1.62323 0.0222543
1.62323 0.0225738
1.62323 0.0222543
1.62355 0.0225693
1.62355 0.0222498
1.62355 0.0222498
1.6253 0.0252688
1.62562 0.0255976
1.62594 0.125938
1.62626 0.126258
1.62683 0.126826
1.62867 0.0286486
1.62899 0.0289588
1.62996 0.0299315
1.63084 0.0308108
1.6316 0.0315658
1.63192 0.131916
1.63236 0.13236
1.63277 0.0327521
1.63412 0.134118
1.63456 0.0345319
1.63585 0.135846
1.63617 0.0361352
1.63764 0.0376304
1.63836 0.0383294
1.63868 0.138679
1.639 0.138999
1.63966 0.03963
1.63998 0.13998
1.6403 0.0402784
1.64236 0.0423304
1.64268 0.0426499
1.64281 0.0228076
1.64281 0.0228076
1.64281 0.0228076
1.64281 0.0224881
1.64281 0.0224881
1.64281 0.0228076
1.64294 0.022936
1.64294 0.022297
1.64294 0.0226165
1.64294 0.022297
1.64338 0.143381
1.64351 0.0228693
1.64351 0.0225498
1.64351 0.0225498
1.647 0.147001
1.647 0.0469964
1.64732 0.147321
1.64783 0.147827
1.64821 0.148209
1.6512 0.0511822
1.65227 0.152269
1.65318 0.0531494
1.6535 0.0534689
1.65615 0.156151
1.65958 0.0595511
1.66226 0.0222567
1.66226 0.0222567
1.66226 0.0222567
1.66258 0.0222522
1.66258 0.0222522
1.66258 0.0225717
1.66289 0.0222477
1.66289 0.0225672
1.66289 0.0222477
1.66321 0.0225628
1.66321 0.0222432
1.66321 0.0222432
1.66626 0.0662317
1.66845 0.0684175
1.67126 0.071231
1.67313 0.0731
1.6737 0.0736683
1.67402 0.0739878
1.67683 0.0767957
1.68227 0.0222669
1.68227 0.0222669
1.68227 0.0222669
1.68259 0.0222624
1.68259 0.0222624
1.68259 0.0225819
1.6829 0.0222579
1.6829 0.0225774
1.6829 0.0222579
1.68322 0.0225729
1.68322 0.0222534
1.68322 0.0222534
1.68354 0.0835074
1.68887 0.0888346
1.68937 0.0893408
1.69215 0.0921175
1.69377 0.0937527
1.69556 0.0955248
1.6978 0.0977821
1.69847 0.0984344
1.69878 0.0987539
1.70134 0.101313
1.70188 0.10185
1.70226 0.0222488
1.70226 0.0222488
1.70226 0.0222488
1.70257 0.0222443
1.70257 0.0222443
1.70257 0.0225638
1.70289 0.0222398
1.70289 0.0225593
1.70289 0.0222398
1.70323 0.0225859
1.70323 0.0222664
1.70323 0.0222664
1.70452 0.104487
1.7049 0.104869
1.70625 0.106221
1.70685 0.106814
1.70735 0.10732
1.70767 0.10764
1.70767 0.10764
1.70861 0.108582
1.7099 0.109875
1.71022 0.110185
1.71022 0.110185
1.71054 0.110504
1.71085 0.110824
1.71085 0.110833
1.71223 0.112201
1.71255 0.11252
1.71343 0.1134
1.71468 0.114652
1.71556 0.115532
1.71965 0.119615
1.72028 0.120245
1.7215 0.121476
1.72182 0.121786
1.7222 0.122168
1.72252 0.0225064
1.72265 0.0223153
1.72265 0.0223153
1.72265 0.0223153
1.7229 0.0222486
1.7229 0.0222486
1.7229 0.0225681
1.72321 0.0222441
1.72321 0.0225636
1.72321 0.0222441
1.72353 0.0225591
1.72353 0.0222396
1.72353 0.0222396
1.72531 0.025281
1.72563 0.0256185
1.72595 0.125919
1.72627 0.126239
1.72681 0.126776
1.72868 0.0286695
1.729 0.028971
1.72994 0.0299126
1.73082 0.030792
1.73158 0.0315469
1.7319 0.131866
1.7324 0.132372
1.73275 0.0327454
1.73429 0.134255
1.73461 0.0345753
1.73595 0.13592
1.73627 0.0362407
1.73768 0.0376717
1.73837 0.0383416
1.73869 0.13866
1.73901 0.13898
1.73964 0.0396112
1.73996 0.13993
1.74028 0.0402682
1.74237 0.0423426
1.74269 0.0426621
1.74282 0.0227974
1.74282 0.0227974
1.74282 0.0227974
1.74282 0.0224779
1.74282 0.0224779
1.74282 0.0227974
1.74295 0.0229258
1.74295 0.0222868
1.74295 0.0226063
1.74295 0.0222868
1.74342 0.143393
1.74355 0.0228902
1.74355 0.0225707
1.74355 0.0225707
1.74701 0.0470034
1.74701 0.146983
1.74733 0.147302
1.74784 0.147808
1.74825 0.148221
1.75109 0.0510787
1.75219 0.152157
1.7531 0.0530683
1.75342 0.0533878
1.7561 0.15607
1.75959 0.0595633
1.76227 0.0222465
1.76227 0.0222465
1.76227 0.0222465
1.76259 0.022242
1.76259 0.022242
1.76259 0.0225615
1.76293 0.0222686
1.76293 0.0225881
1.76293 0.0222686
1.76325 0.0225836
1.76325 0.0222641
1.76325 0.0222641
1.76624 0.0662129
1.76846 0.0684297
1.77127 0.0712432
1.77317 0.0731434
1.77359 0.0735562
1.77391 0.0738757
1.77684 0.0768079
1.78229 0.0222567
1.78229 0.0222567
1.78229 0.0222567
1.7826 0.0222522
1.7826 0.0222522
1.7826 0.0225717
1.78292 0.0222477
1.78292 0.0225672
1.78292 0.0222477
1.78323 0.0225627
1.78323 0.0222432
1.78323 0.0222432
1.78355 0.0835196
1.78888 0.0888469
1.78945 0.0894152
1.79216 0.0921297
1.79375 0.0937425
1.7956 0.0955681
1.79775 0.0977408
1.79851 0.0984777
1.79883 0.0987972
1.80129 0.101263
1.80164 0.101614
1.80224 0.0222386
1.80224 0.0222386
1.80224 0.0222386
1.80258 0.0222652
1.80258 0.0222652
1.80258 0.0225847
1.8029 0.0222607
1.8029 0.0225802
1.8029 0.0222607
1.80321 0.0225757
1.80321 0.0222562
1.80321 0.0222562
1.80462 0.104593
1.80497 0.104943
1.80626 0.106233
1.80683 0.106795
1.80739 0.107364
1.80771 0.107683
1.80771 0.107683
1.80862 0.108594
1.80981 0.109802
1.81013 0.110104
1.81013 0.110104
1.81045 0.110423
1.81077 0.110761
1.81077 0.110743
1.81221 0.112182
1.81253 0.112501
1.8136 0.113567
1.81457 0.11454
1.81554 0.115513
1.81963 0.119596
1.82032 0.120289
1.82145 0.121435
1.82177 0.121736
1.82224 0.122211
1.82256 0.0225584
1.82269 0.0223673
1.82269 0.0223673
1.82269 0.0223673
1.82288 0.0222384
1.82288 0.0222384
1.82288 0.0225579
1.82323 0.022265
1.82323 0.0225845
1.82323 0.022265
1.82354 0.02258
1.82354 0.0222605
1.82354 0.0222605
1.82529 0.0252622
1.82561 0.0256083
1.82593 0.1259
1.82625 0.12622
1.82682 0.126788
1.82866 0.0286593
1.82898 0.0289522
1.82995 0.0299249
1.83083 0.0308042
1.83159 0.0315592
1.83191 0.131878
1.83241 0.132384
1.83276 0.0327386
1.83424 0.134205
1.83455 0.0345253
1.83596 0.135933
1.83628 0.036253
1.83766 0.0376508
1.83838 0.0383539
1.8387 0.138673
1.83902 0.138992
1.83959 0.13956
1.83991 0.0398807
1.84023 0.0402269
1.84238 0.0423549
1.8427 0.0426744
1.84283 0.0228183
1.84283 0.0228183
1.84283 0.0228183
1.84283 0.0224988
1.84283 0.0224988
1.84283 0.0228183
1.84296 0.0229467
1.84296 0.0223077
1.84296 0.0226272
1.84296 0.0223077
1.84321 0.0225605
1.84321 0.022241
1.84321 0.022241
1.84353 0.143503
1.84699 0.0469794
1.84731 0.147283
1.84731 0.147283
1.84785 0.14782
1.84845 0.14842
1.8511 0.0510996
1.85214 0.152107
1.85317 0.0531428
1.85349 0.0534623
1.85611 0.156083
1.85957 0.0595445
1.86228 0.0222674
1.86228 0.0222674
1.86228 0.0222674
1.8626 0.0222629
1.8626 0.0222629
1.8626 0.0225824
1.86291 0.0222584
1.86291 0.0225779
1.86291 0.0222584
1.86323 0.0225734
1.86323 0.0222539
1.86323 0.0222539
1.86622 0.066194
1.86844 0.0684109
1.87134 0.0713177
1.87306 0.0730312
1.8736 0.0735684
1.87392 0.0738879
1.87682 0.0767891
1.88227 0.0222465
1.88227 0.0222465
1.88227 0.0222465
1.88258 0.022242
1.88258 0.022242
1.88258 0.0225615
1.88293 0.0222686
1.88293 0.0225881
1.88293 0.0222686
1.88324 0.0225836
1.88324 0.0222641
1.88324 0.0222641
1.88356 0.0835319
1.88889 0.0888591
1.88943 0.0893964
1.89217 0.092142
1.89374 0.0937323
1.89555 0.0955182
1.89776 0.0977616
1.89849 0.0984589
1.89881 0.0987784
1.90137 0.101337
1.90169 0.101657
1.90228 0.0222594
1.90228 0.0222594
1.90228 0.0222594
1.9026 0.022255
1.9026 0.022255
1.9026 0.0225745
1.90291 0.0222505
1.90291 0.02257
1.90291 0.0222505
1.90323 0.0225655
1.90323 0.022246
1.90323 0.022246
1.90463 0.104605
1.90495 0.104925
1.90627 0.106245
1.90684 0.106808
1.90737 0.107345
1.90769 0.107664
1.90769 0.107664
1.90864 0.108606
1.90979 0.109792
1.91011 0.110085
1.91011 0.110085
1.91043 0.110404
1.91075 0.11075
1.91107 0.111043
1.9122 0.112172
1.91252 0.112491
1.91362 0.113588
1.91456 0.11453
1.91556 0.115534
1.91968 0.119648
1.92021 0.120185
1.9215 0.121495
1.92182 0.121788
1.92217 0.122139
1.92249 0.0224633
1.92262 0.0222722
1.92262 0.0222722
1.92262 0.0222722
1.92293 0.0222677
1.92293 0.0222677
1.92293 0.0225872
1.92325 0.0222632
1.92325 0.0225828
1.92325 0.0222632
1.92356 0.0225783
1.92356 0.0222588
1.92356 0.0222588
1.92531 0.0252829
1.92563 0.0256066
1.92595 0.125921
1.92627 0.126241
1.92684 0.126809
1.92868 0.0286575
1.929 0.0289729
1.92994 0.0299145
1.93082 0.0307938
1.93158 0.0315488
1.9319 0.131867
1.9324 0.132374
1.93275 0.0327403
1.93413 0.134101
1.93461 0.0345771
1.93595 0.135922
1.93627 0.0362426
1.93768 0.0376694
1.93837 0.0383435
1.93869 0.138662
1.93901 0.138982
1.93964 0.039613
1.93996 0.139932
1.94028 0.0402562
1.94237 0.0423445
1.94269 0.042664
1.94282 0.0228165
1.94282 0.0228165
1.94282 0.0228165
1.94282 0.022497
1.94282 0.022497
1.94282 0.0228165
1.94295 0.0229449
1.94295 0.0223059
1.94295 0.0226254
1.94295 0.0223059
1.9432 0.0225587
1.9432 0.0222392
1.9432 0.0222392
1.94352 0.143492
1.94701 0.0469949
1.94701 0.146984
1.94733 0.147304
1.94787 0.147841
1.94844 0.148409
1.95112 0.0510979
1.95219 0.152159
1.9531 0.0530702
1.95342 0.0533897
1.95607 0.156041
1.95959 0.0595652
1.96227 0.0222657
1.96227 0.0222657
1.96227 0.0222657
1.96259 0.0222612
1.96259 0.0222612
1.96259 0.0225807
1.9629 0.0222567
1.9629 0.0225762
1.9629 0.0222567
1.96322 0.0225717
1.96322 0.0222522
1.96322 0.0222522
1.96624 0.0662147
1.96846 0.0684316
1.97124 0.071214
1.97317 0.0731452
1.97362 0.0735891
1.97394 0.0739086
1.97684 0.0768098
1.98225 0.0222447
1.98225 0.0222447
1.98225 0.0222447
1.98257 0.0222403
1.98257 0.0222403
1.98257 0.0225598
1.98292 0.0222669
1.98292 0.0225864
1.98292 0.0222669
1.98323 0.0225819
1.98323 0.0222624
1.98323 0.0222624
1.98355 0.0835215
1.98888 0.0888488
1.98935 0.0893238
1.99216 0.0921316
1.99379 0.0937616
1.9956 0.09557
1.99782 0.097791
1.99854 0.0985107
1.99886 0.0988302
2.00129 0.101265
2.00164 0.101615
2.00227 0.0222577
2.00227 0.0222577
2.00227 0.0222577
2.00259 0.0222532
2.00259 0.0222532
2.00259 0.0225727
2.0029 0.0222487
2.0029 0.0225682
2.0029 0.0222487
2.00322 0.0225637
2.00322 0.0222442
2.00322 0.0222442
2.00454 0.104508
2.00492 0.10489
2.00626 0.106241
2.00686 0.106835
2.00731 0.107279
2.00763 0.107598
2.00795 0.107918
2.00864 0.108611
2.00986 0.109836
2.01018 0.110152
2.01018 0.110152
2.0105 0.110471
2.01082 0.110791
2.01082 0.110795
2.01223 0.112199
2.01255 0.112518
2.01346 0.113429
2.01459 0.114557
2.01556 0.11553
2.01967 0.119644
2.0203 0.120275
2.02146 0.121438
2.02178 0.121753
2.02219 0.122166
2.02251 0.0224993
2.02264 0.0223082
2.02264 0.0223082
2.02264 0.0223082
2.02293 0.0222726
2.02293 0.0222726
2.02293 0.0225921
2.02324 0.0222681
2.02324 0.0225876
2.02324 0.0222681
2.02356 0.0225832
2.02356 0.0222636
2.02356 0.0222636
2.02531 0.0252792
2.02563 0.0256115
2.02595 0.125917
2.02627 0.126237
2.0268 0.126774
2.02868 0.0286624
2.029 0.0289691
2.02997 0.0299418
2.03085 0.0308212
2.0316 0.0315762
2.03192 0.131895
2.0324 0.13237
2.03275 0.0327487
2.03416 0.134129
2.0346 0.0345734
2.03598 0.13595
2.0363 0.0362699
2.03767 0.0376636
2.03837 0.0383397
2.03869 0.138658
2.03901 0.138978
2.03964 0.0396093
2.03996 0.139928
2.04028 0.0402611
2.04237 0.0423407
2.04269 0.0426602
2.04282 0.0227903
2.04282 0.0227903
2.04282 0.0227903
2.04282 0.0224708
2.04282 0.0224708
2.04282 0.0227903
2.04294 0.0229187
2.04294 0.0222797
2.04294 0.0225992
2.04294 0.0222797
2.04342 0.143391
2.04355 0.0228831
2.04355 0.0225636
2.04355 0.0225636
2.04701 0.046986
2.04733 0.1473
2.04733 0.1473
2.04787 0.147837
2.04834 0.148312
2.05115 0.0511339
2.05231 0.15228
2.05319 0.0531597
2.05351 0.0534792
2.05619 0.156162
2.05962 0.0595926
2.0623 0.0222706
2.0623 0.0222706
2.0623 0.0222706
2.06261 0.0222661
2.06261 0.0222661
2.06261 0.0225856
2.06293 0.0222616
2.06293 0.0225811
2.06293 0.0222616
2.06324 0.0225766
2.06324 0.0222571
2.06324 0.0222571
2.06627 0.0662421
2.06846 0.0684278
2.07126 0.0712414
2.07317 0.0731415
2.07361 0.0735854
2.07393 0.0739049
2.0768 0.0767749
2.08225 0.0222496
2.08225 0.0222496
2.08225 0.0222496
2.08256 0.0222451
2.08256 0.0222451
2.08256 0.0225647
2.08291 0.0222718
2.08291 0.0225913
2.08291 0.0222718
2.08323 0.0225868
2.08323 0.0222673
2.08323 0.0222673
2.08355 0.0835178
2.0889 0.0888761
2.08941 0.0893822
2.09225 0.0922212
2.09375 0.0937354
2.09559 0.0955662
2.09775 0.0977337
2.09853 0.0985069
2.09885 0.0988265
2.10129 0.101261
2.10189 0.10186
2.10227 0.0222626
2.10227 0.0222626
2.10227 0.0222626
2.10258 0.0222581
2.10258 0.0222581
2.10258 0.0225776
2.1029 0.0222536
2.1029 0.0225731
2.1029 0.0222536
2.10321 0.0225686
2.10321 0.0222491
2.10321 0.0222491
2.10456 0.104529
2.10491 0.104879
2.10625 0.106231
2.10685 0.106825
2.10739 0.107362
2.10771 0.107681
2.10771 0.107681
2.10887 0.108841
2.10981 0.109795
2.11013 0.110102
2.11013 0.110102
2.11045 0.110421
2.11077 0.110754
2.11077 0.110741
2.1123 0.112273
2.11262 0.112593
2.11347 0.113441
2.11457 0.114538
2.11554 0.115511
2.11965 0.119625
2.12025 0.120225
2.12151 0.12149
2.12182 0.121797
2.12224 0.12221
2.12256 0.0225513
2.12269 0.0223602
2.12269 0.0223602
2.12269 0.0223602
2.12291 0.0222624
2.12291 0.0222624
2.12291 0.0225819
2.12322 0.0222579
2.12322 0.0225774
2.12322 0.0222579
2.12354 0.0225729
2.12354 0.0222534
2.12354 0.0222534
2.12532 0.0252914
2.12564 0.0256324
2.12596 0.12593
2.12628 0.126249
2.12681 0.126786
2.12869 0.0286833
2.12901 0.0289814
2.12995 0.029923
2.13086 0.0308334
2.13158 0.0315573
2.1319 0.131876
2.13238 0.132351
2.13276 0.032742
2.13414 0.13411
2.13467 0.0346478
2.13583 0.135806
2.13615 0.0361267
2.13769 0.0376677
2.13838 0.038352
2.1387 0.138671
2.13902 0.13899
2.13968 0.0396526
2.14 0.139971
2.14032 0.0403131
2.14238 0.042353
2.1427 0.0426725
2.14283 0.0228112
2.14283 0.0228112
2.14283 0.0228112
2.14283 0.0224917
2.14283 0.0224917
2.14283 0.0228112
2.14296 0.0229396
2.14296 0.0223006
2.14296 0.0226201
2.14296 0.0223006
2.14324 0.0225845
2.14324 0.022265
2.14324 0.022265
2.14356 0.143532
2.14702 0.146993
2.14702 0.0469931
2.14734 0.147312
2.14785 0.147819
2.14829 0.148262
2.15113 0.0511236
2.15213 0.152105
2.15307 0.0530476
2.15339 0.0533671
2.15623 0.156205
2.1596 0.0595737
2.16228 0.0222603
2.16228 0.0222603
2.16228 0.0222603
2.16259 0.0222558
2.16259 0.0222558
2.16259 0.0225754
2.16291 0.0222514
2.16291 0.0225709
2.16291 0.0222514
2.16322 0.0225664
2.16322 0.0222469
2.16322 0.0222469
2.16622 0.0661921
2.16847 0.0684401
2.17137 0.0713469
2.17315 0.0731226
2.17359 0.0735665
2.17391 0.073886
2.17681 0.0767872
2.18229 0.0222705
2.18229 0.0222705
2.18229 0.0222705
2.18261 0.022266
2.18261 0.022266
2.18261 0.0225855
2.18292 0.0222615
2.18292 0.0225811
2.18292 0.0222615
2.18324 0.0225766
2.18324 0.0222571
2.18324 0.0222571
2.18356 0.08353
2.18888 0.0888573
2.18936 0.0893323
2.19217 0.0921401
2.19376 0.0937563
2.19551 0.0954852
2.19776 0.0977546
2.19855 0.0985192
2.19887 0.0988387
2.2013 0.101273
2.20187 0.101842
2.20228 0.0222524
2.20228 0.0222524
2.20228 0.0222524
2.20259 0.0222479
2.20259 0.0222479
2.20259 0.0225674
2.20291 0.0222434
2.20291 0.0225629
2.20291 0.0222434
2.20325 0.0225895
2.20325 0.02227
2.20325 0.02227
2.2046 0.104572
2.20501 0.104985
2.20626 0.106243
2.20683 0.106806
2.2074 0.107374
2.20772 0.107694
2.20772 0.107694
2.20876 0.108729
2.20979 0.109785
2.21011 0.110083
2.21011 0.110083
2.21043 0.110402
2.21075 0.110743
2.21075 0.110722
2.21225 0.112223
2.21257 0.112543
2.2136 0.113578
2.21455 0.114519
2.21555 0.115523
2.21966 0.119637
2.2202 0.120175
2.22149 0.12148
2.2218 0.121778
2.22222 0.122191
2.22254 0.02251
2.22267 0.0223189
2.22267 0.0223189
2.22267 0.0223189
2.22292 0.0222522
2.22292 0.0222522
2.22292 0.0225717
2.22323 0.0222477
2.22323 0.0225672
2.22323 0.0222477
2.22355 0.0225627
2.22355 0.0222432
2.22355 0.0222432
2.2253 0.0252726
2.22562 0.025591
2.22594 0.125911
2.22626 0.12623
2.22673 0.126705
2.2287 0.0286731
2.22902 0.0289936
2.23002 0.0299974
2.23087 0.0308457
2.2316 0.0315696
2.23192 0.131888
2.23239 0.132363
2.23277 0.0327663
2.23409 0.13406
2.23459 0.0345668
2.23585 0.135819
2.23617 0.0361389
2.23779 0.0377849
2.23836 0.0383331
2.23868 0.138652
2.239 0.138971
2.23966 0.0396338
2.23998 0.139952
2.2403 0.0402718
2.24239 0.0423652
2.24271 0.0426847
2.24284 0.0228321
2.24284 0.0228321
2.24284 0.0228321
2.24284 0.0225126
2.24284 0.0225126
2.24284 0.0228321
2.24297 0.0229605
2.24297 0.0223215
2.24297 0.022641
2.24297 0.0223215
2.24322 0.0225743
2.24322 0.0222548
2.24322 0.0222548
2.2436 0.143575
2.247 0.0470001
2.24732 0.147294
2.24732 0.147294
2.24786 0.147831
2.2483 0.148275
2.25123 0.0512067
2.25218 0.152149
2.25309 0.0530598
2.25341 0.0533793
2.25615 0.156124
2.25961 0.059586
2.26226 0.0222501
2.26226 0.0222501
2.26226 0.0222501
2.26257 0.0222456
2.26257 0.0222456
2.26257 0.0225651
2.26292 0.0222722
2.26292 0.0225917
2.26292 0.0222722
2.26324 0.0225873
2.26324 0.0222677
2.26324 0.0222677
2.26623 0.0662044
2.26845 0.0684212
2.27126 0.0712347
2.27316 0.0731349
2.2736 0.0735788
2.27392 0.0738983
2.27683 0.0767994
2.28227 0.0222603
2.28227 0.0222603
2.28227 0.0222603
2.28259 0.0222558
2.28259 0.0222558
2.28259 0.0225753
2.2829 0.0222513
2.2829 0.0225708
2.2829 0.0222513
2.28322 0.0225663
2.28322 0.0222468
2.28322 0.0222468
2.28354 0.0835112
2.28886 0.0888384
2.28937 0.0893445
2.29215 0.0921213
2.29377 0.0937461
2.29555 0.0955285
2.29777 0.0977444
2.29846 0.0984381
2.29885 0.0988198
2.30134 0.101317
2.30169 0.101667
2.30226 0.0222422
2.30226 0.0222422
2.30226 0.0222422
2.3026 0.0222688
2.3026 0.0222688
2.3026 0.0225883
2.30292 0.0222643
2.30292 0.0225838
2.30292 0.0222643
2.30323 0.0225793
2.30323 0.0222598
2.30323 0.0222598
2.30452 0.104491
2.30499 0.104966
2.30628 0.106255
2.30684 0.106818
2.30735 0.107324
2.30767 0.107644
2.30767 0.107644
2.30867 0.108647
2.30986 0.109837
2.31018 0.110157
2.31018 0.110157
2.3105 0.110477
2.31082 0.110795
2.31082 0.110796
2.3122 0.112173
2.31252 0.112493
2.31355 0.113528
2.31456 0.114532
2.31553 0.115504
2.31964 0.119619
2.32021 0.120187
2.3215 0.12147
2.32182 0.12179
2.3222 0.122172
2.32252 0.0224998
2.32265 0.0223087
2.32265 0.0223087
2.32265 0.0223087
2.3229 0.022242
2.3229 0.022242
2.3229 0.0225615
2.32324 0.0222686
2.32324 0.0225881
2.32324 0.0222686
2.32356 0.0225836
2.32356 0.0222641
2.32356 0.0222641
2.32531 0.0252848
2.32563 0.0256119
2.32595 0.125923
2.32627 0.126243
2.32681 0.12678
2.32868 0.0286629
2.329 0.0289748
2.32997 0.0299475
2.33085 0.0308268
2.33158 0.0315507
2.3319 0.131869
2.33237 0.132344
2.33278 0.0327596
2.33422 0.134196
2.3346 0.034579
2.33583 0.1358
2.33615 0.03612
2.33768 0.0376623
2.33837 0.0383454
2.33869 0.138664
2.33901 0.138984
2.33964 0.0396149
2.33996 0.139934
2.34028 0.0402616
2.34237 0.0423464
2.34269 0.0426659
2.34282 0.0227908
2.34282 0.0227908
2.34282 0.0227908
2.34282 0.0224713
2.34282 0.0224713
2.34282 0.0227908
2.34295 0.0229192
2.34295 0.0222802
2.34295 0.0225997
2.34295 0.0222802
2.34323 0.0225641
2.34323 0.0222446
2.34323 0.0222446
2.34364 0.143619
2.34701 0.0470072
2.34701 0.146986
2.34733 0.147306
2.34781 0.147781
2.34831 0.148287
2.35121 0.0511965
2.35212 0.152099
2.35307 0.053041
2.35339 0.0533605
2.35613 0.156105
2.35962 0.0595982
2.36227 0.022271
2.36227 0.022271
2.36227 0.022271
2.36259 0.0222665
2.36259 0.0222665
2.36259 0.022586
2.3629 0.022262
2.3629 0.0225815
2.3629 0.022262
2.36322 0.022577
2.36322 0.0222575
2.36322 0.0222575
2.36624 0.0662166
2.36846 0.0684335
2.3713 0.0712781
2.37308 0.0730538
2.37362 0.073591
2.37394 0.0739105
2.37681 0.0767806
2.38225 0.0222501
2.38225 0.0222501
2.38225 0.0222501
2.38257 0.0222456
2.38257 0.0222456
2.38257 0.0225651
2.38291 0.0222722
2.38291 0.0225917
2.38291 0.0222722
2.38323 0.0225872
2.38323 0.0222677
2.38323 0.0222677
2.38355 0.0835234
2.38888 0.0888506
2.38944 0.089419
2.39216 0.0921335
2.39375 0.0937359
2.39554 0.0955097
2.39775 0.0977341
2.39844 0.0984193
2.39883 0.098801
2.40135 0.101329
2.4017 0.101679
2.40227 0.0222631
2.40227 0.0222631
2.40227 0.0222631
2.40258 0.0222586
2.40258 0.0222586
2.40258 0.0225781
2.4029 0.0222541
2.4029 0.0225736
2.4029 0.0222541
2.40321 0.0225691
2.40321 0.0222496
2.40321 0.0222496
2.40453 0.104503
2.405 0.104978
2.40626 0.106237
2.40686 0.10683
2.40736 0.107336
2.40768 0.107656
2.40768 0.107656
2.40887 0.108846
2.40991 0.109889
2.41023 0.110201
2.41023 0.110201
2.41055 0.11052
2.41087 0.110847
2.41087 0.11084
2.4123 0.112279
2.41262 0.112599
2.41366 0.113633
2.41457 0.114544
2.41554 0.115517
2.41969 0.119662
2.42022 0.120199
2.42151 0.121491
2.42183 0.121802
2.42224 0.122215
2.42256 0.0225518
2.42269 0.0223607
2.42269 0.0223607
2.42269 0.0223607
2.42291 0.0222629
2.42291 0.0222629
2.42291 0.0225824
2.42323 0.0222584
2.42323 0.0225779
2.42323 0.0222584
2.42354 0.0225734
2.42354 0.0222539
2.42354 0.0222539
2.42532 0.025297
2.42564 0.0256328
2.42596 0.125935
2.42628 0.126255
2.42682 0.126792
2.42869 0.0286838
2.42901 0.028987
2.42995 0.0299286
2.43086 0.0308391
2.43159 0.0315629
2.43191 0.131882
2.43241 0.132388
2.43276 0.0327528
2.43408 0.134053
2.43468 0.0346535
2.43584 0.135812
2.43616 0.0361323
2.43778 0.037753
2.43838 0.0383576
2.4387 0.138676
2.43902 0.138996
2.43965 0.0396272
2.43997 0.139946
2.44029 0.0402825
2.44238 0.0423586
2.4427 0.0426781
2.44283 0.0228117
2.44283 0.0228117
2.44283 0.0228117
2.44283 0.0224922
2.44283 0.0224922
2.44283 0.0228117
2.44296 0.0229401
2.44296 0.0223011
2.44296 0.0226206
2.44296 0.0223011
2.44324 0.022585
2.44324 0.0222655
2.44324 0.0222655
2.44363 0.1436
2.44702 0.0470143
2.44702 0.146999
2.44734 0.147318
2.44782 0.147793
2.44829 0.148268
2.45113 0.0511241
2.45214 0.152111
2.45308 0.0530532
2.4534 0.0533727
2.45624 0.156211
2.45957 0.0595482
2.46228 0.0222608
2.46228 0.0222608
2.46228 0.0222608
2.4626 0.0222563
2.4626 0.0222563
2.4626 0.0225758
2.46291 0.0222518
2.46291 0.0225713
2.46291 0.0222518
2.46323 0.0225668
2.46323 0.0222473
2.46323 0.0222473
2.46622 0.0661978
2.46847 0.0684457
2.47128 0.0712592
2.47309 0.073066
2.4736 0.0735722
2.47392 0.0738917
2.47682 0.0767928
2.4823 0.022271
2.4823 0.022271
2.4823 0.022271
2.48261 0.0222665
2.48261 0.0222665
2.48261 0.022586
2.48293 0.022262
2.48293 0.0225815
2.48293 0.022262
2.48324 0.022577
2.48324 0.0222575
2.48324 0.0222575
2.48356 0.0835356
2.48889 0.0888629
2.48936 0.0893379
2.49217 0.0921458
2.49377 0.0937568
2.49552 0.0954908
2.49773 0.0977239
2.49846 0.0984315
2.49884 0.0988132
2.50127 0.101248
2.50169 0.101661
2.50228 0.0222528
2.50228 0.0222528
2.50228 0.0222528
2.5026 0.0222484
2.5026 0.0222484
2.5026 0.0225679
2.50291 0.0222439
2.50291 0.0225634
2.50291 0.0222439
2.50326 0.02259
2.50326 0.0222705
2.50326 0.0222705
2.50454 0.104515
2.50498 0.104959
2.50627 0.106249
2.50684 0.106811
2.50737 0.107349
2.50769 0.107668
2.50769 0.107668
2.50867 0.108641
2.50989 0.109879
2.51021 0.110182
2.51021 0.110182
2.51053 0.110501
2.51085 0.110837
2.51085 0.110821
2.51232 0.112291
2.51264 0.112611
2.51355 0.113521
2.51455 0.114525
2.51552 0.115498
2.51967 0.119643
2.52033 0.120305
2.52149 0.12148
2.52181 0.121784
2.52222 0.122196
2.52254 0.0225105
2.52267 0.0223194
2.52267 0.0223194
2.52267 0.0223194
2.52292 0.0222527
2.52292 0.0222527
2.52292 0.0225722
2.52324 0.0222482
2.52324 0.0225677
2.52324 0.0222482
2.52355 0.0225632
2.52355 0.0222437
2.52355 0.0222437
2.5253 0.0252782
2.52562 0.0255915
2.52594 0.125916
2.52626 0.126236
2.52683 0.126804
2.5287 0.0286736
2.52902 0.0289993
2.52996 0.0299409
2.53094 0.0309135
2.5316 0.0315752
2.53192 0.131894
2.53242 0.1324
2.53278 0.0327461
2.53415 0.134128
2.53457 0.0345413
2.53585 0.135824
2.53617 0.0361445
2.53779 0.0377755
2.53836 0.0383388
2.53868 0.138657
2.539 0.138977
2.53963 0.0396083
2.53995 0.139927
2.54027 0.0402411
2.54236 0.0423398
2.54268 0.0426593
2.54281 0.0228015
2.54281 0.0228015
2.54281 0.0228015
2.54281 0.022482
2.54281 0.022482
2.54281 0.0228015
2.54294 0.0229299
2.54294 0.0222909
2.54294 0.0226104
2.54294 0.0222909
2.54322 0.0225748
2.54322 0.0222553
2.54322 0.0222553
2.54354 0.143519
2.547 0.0469902
2.547 0.14698
2.54732 0.147299
2.54783 0.147805
2.5483 0.14828
2.55127 0.0512383
2.55215 0.152123
2.55309 0.0530655
2.55341 0.053385
2.55612 0.156099
2.55962 0.0595916
2.56226 0.0222506
2.56226 0.0222506
2.56226 0.0222506
2.56258 0.0222461
2.56258 0.0222461
2.56258 0.0225656
2.56292 0.0222727
2.56292 0.0225922
2.56292 0.0222727
2.56324 0.0225877
2.56324 0.0222682
2.56324 0.0222682
2.56602 0.0659923
2.56845 0.0684269
2.57129 0.0712715
2.5731 0.0730783
2.57361 0.0735844
2.57393 0.0739039
2.5768 0.076774
2.58228 0.0222608
2.58228 0.0222608
2.58228 0.0222608
2.58259 0.0222563
2.58259 0.0222563
2.58259 0.0225758
2.58291 0.0222518
2.58291 0.0225713
2.58291 0.0222518
2.58322 0.0225668
2.58322 0.0222473
2.58322 0.0222473
2.58354 0.0835168
2.5889 0.0888751
2.58937 0.0893502
2.59215 0.0921269
2.59378 0.0937466
2.59556 0.0955342
2.59784 0.097807
2.59844 0.0984127
2.59882 0.0987944
2.60135 0.101322
2.60188 0.10186
2.60226 0.0222426
2.60226 0.0222426
2.60226 0.0222426
2.60261 0.0222692
2.60261 0.0222692
2.60261 0.0225887
2.60292 0.0222647
2.60292 0.0225843
2.60292 0.0222647
2.60324 0.0225798
2.60324 0.0222603
2.60324 0.0222603
2.60452 0.104497
2.605 0.104972
2.60625 0.10623
2.60685 0.106824
2.60738 0.107361
2.6077 0.10768
2.6077 0.10768
2.60868 0.108653
2.6099 0.109868
2.61022 0.110194
2.61054 0.110514
2.61054 0.110514
2.61086 0.110827
2.61086 0.110833
2.61223 0.11221
2.61255 0.11253
2.61356 0.113534
2.61456 0.114537
2.61553 0.11551
2.61968 0.119655
2.62019 0.120161
2.62147 0.121439
2.62179 0.121765
2.6222 0.122177
2.62252 0.0225003
2.62265 0.0223092
2.62265 0.0223092
2.62265 0.0223092
2.6229 0.0222425
2.6229 0.0222425
2.6229 0.022562
2.62325 0.0222691
2.62325 0.0225886
2.62325 0.0222691
2.62356 0.0225841
2.62356 0.0222646
2.62356 0.0222646
2.62531 0.0252904
2.62563 0.0256124
2.62595 0.125929
2.62627 0.126248
2.62684 0.126816
2.62868 0.0286634
2.629 0.0289804
2.62994 0.029922
2.63086 0.0308325
2.63158 0.0315563
2.6319 0.131875
2.63244 0.132412
2.63279 0.0327704
2.63416 0.13414
2.63461 0.0345847
2.63583 0.135805
2.63615 0.0361257
2.63768 0.0376756
2.63837 0.038351
2.63869 0.13867
2.63901 0.138989
2.63964 0.0396206
2.64015 0.0401291
2.64047 0.140445
2.64237 0.042352
2.64269 0.0426715
2.64282 0.0228224
2.64282 0.0228224
2.64282 0.0228224
2.64282 0.0225029
2.64282 0.0225029
2.64282 0.0228224
2.64295 0.0229508
2.64295 0.0223117
2.64295 0.0226312
2.64295 0.0223117
2.6432 0.0225645
2.6432 0.022245
2.6432 0.022245
2.64352 0.1435
2.64702 0.146992
2.64702 0.0469973
2.64734 0.147311
2.64781 0.147786
2.64829 0.148261
2.65116 0.0511348
2.6521 0.152073
2.65307 0.0530466
2.65339 0.0533661
2.65623 0.156204
2.65956 0.0595416
2.66227 0.0222715
2.66227 0.0222715
2.66227 0.0222715
2.66259 0.022267
2.66259 0.022267
2.66259 0.0225865
2.6629 0.0222625
2.6629 0.022582
2.6629 0.0222625
2.66322 0.0225775
2.66322 0.022258
2.66322 0.022258
2.66597 0.0659423
2.66846 0.0684391
2.67127 0.0712526
2.67296 0.072935
2.67328 0.0732545
2.67363 0.0736051
2.6765 0.0764752
2.68226 0.0222506
2.68226 0.0222506
2.68226 0.0222506
2.68257 0.0222461
2.68257 0.0222461
2.68257 0.0225656
2.68292 0.0222727
2.68292 0.0225922
2.68292 0.0222727
2.68323 0.0225877
2.68323 0.0222682
2.68323 0.0222682
2.68355 0.083529
2.68891 0.0888874
2.68935 0.0893313
2.69216 0.0921391
2.69376 0.0937364
2.69551 0.0954842
2.69776 0.0977346
2.69848 0.098456
2.69883 0.0988066
2.70126 0.101241
2.70168 0.101654
2.70227 0.0222635
2.70227 0.0222635
2.70227 0.0222635
2.70259 0.022259
2.70259 0.022259
2.70259 0.0225785
2.7029 0.0222545
2.7029 0.022574
2.7029 0.0222545
2.70322 0.0225695
2.70322 0.02225
2.70322 0.02225
2.70453 0.104509
2.70501 0.104984
2.70626 0.106242
2.70686 0.106836
2.7074 0.107373
2.70772 0.107693
2.70772 0.107693
2.70866 0.108634
2.70988 0.109858
2.7102 0.110175
2.7102 0.110175
2.71052 0.110495
2.71084 0.110817
2.71084 0.110814
2.71228 0.112254
2.7126 0.112573
2.71357 0.113546
2.71454 0.114518
2.71555 0.115522
2.71966 0.119636
2.72023 0.120205
2.72145 0.121429
2.72177 0.121746
2.72221 0.12219
2.72253 0.0225212
2.72266 0.0226496
2.72266 0.0226496
2.72266 0.02233
2.72266 0.02233
2.72266 0.02233
2.72291 0.0222633
2.72291 0.0222633
2.72291 0.0225829
2.72323 0.0222589
2.72323 0.0225784
2.72323 0.0222589
2.72532 0.0252987
2.72564 0.0256378
2.72596 0.125937
2.72596 0.125937
2.72681 0.126785
2.72868 0.0286718
2.729 0.0289802
2.72994 0.0299218
2.73085 0.0308323
2.73158 0.0315561
2.7319 0.131875
2.73231 0.0323073
2.73263 0.132607
2.73416 0.13414
2.73464 0.0346156
2.73583 0.135805
2.73615 0.0361255
2.7378 0.0377977
2.73837 0.0383508
2.73869 0.13867
2.73869 0.13867
2.73967 0.039643
2.73998 0.139962
2.7403 0.0402931
2.7424 0.0423745
2.74272 0.042694
2.74284 0.0228308
2.74284 0.0228308
2.74284 0.0228308
2.74284 0.0225113
2.74284 0.0225113
2.74284 0.0228308
2.74297 0.0229592
2.74297 0.0223202
2.74297 0.0226397
2.74297 0.0223202
2.74323 0.022573
2.74323 0.0222535
2.74323 0.0222535
2.74355 0.143522
2.74701 0.146983
2.74733 0.047303
2.74733 0.147303
2.7478 0.147778
2.74831 0.148284
2.75115 0.0511348
2.75218 0.152158
2.75309 0.053069
2.75341 0.0533886
2.75622 0.156196
2.75956 0.059533
2.76227 0.0222488
2.76227 0.0222488
2.76227 0.0222488
2.76258 0.0222443
2.76258 0.0222443
2.76258 0.0225638
2.76293 0.0222709
2.76293 0.0225904
2.76293 0.0222709
2.76324 0.022586
2.76324 0.0222664
2.76324 0.0222664
2.76608 0.0660581
2.76845 0.0684304
2.77117 0.0711507
2.77289 0.0728642
2.77327 0.0732459
2.77362 0.0735965
2.77652 0.0764976
2.78228 0.022259
2.78228 0.022259
2.78228 0.022259
2.78259 0.0222545
2.78259 0.0222545
2.78259 0.022574
2.78291 0.02225
2.78291 0.0225695
2.78291 0.02225
2.78322 0.022565
2.78322 0.0222455
2.78322 0.0222455
2.78354 0.0835204
2.7889 0.0888787
2.78938 0.0893538
2.79215 0.0921305
2.79375 0.0937363
2.7955 0.0954755
2.79775 0.0977346
2.79853 0.0985096
2.79885 0.0988291
2.80125 0.101233
2.8017 0.101676
2.80229 0.022272
2.80229 0.022272
2.80229 0.022272
2.80261 0.0222675
2.80261 0.0222675
2.80261 0.022587
2.80292 0.022263
2.80292 0.0225825
2.80292 0.022263
2.80324 0.022578
2.80324 0.0222585
2.80324 0.0222585
2.80458 0.104562
2.805 0.104975
2.80625 0.106234
2.80685 0.106827
2.80739 0.107365
2.80771 0.107684
2.80771 0.107684
2.80865 0.108626
2.80981 0.109796
2.81013 0.110104
2.81013 0.110104
2.81045 0.110424
2.81077 0.110755
2.81077 0.110743
2.8123 0.112276
2.81262 0.112596
2.81337 0.11335
2.81456 0.114541
2.81554 0.115514
2.81962 0.119597
2.82031 0.120289
2.82147 0.12146
2.82179 0.121768
2.8222 0.122181
2.82252 0.0224985
2.82265 0.0226269
2.82265 0.0226269
2.82265 0.0223074
2.82265 0.0223074
2.82265 0.0223074
2.82293 0.0222718
2.82293 0.0222718
2.82293 0.0225913
2.82325 0.0222673
2.82325 0.0225868
2.82325 0.0222673
2.82531 0.0252901
2.82563 0.0256067
2.82595 0.125928
2.82595 0.125928
2.82683 0.126808
2.82867 0.0286718
2.82899 0.0289716
2.82997 0.0299442
2.83094 0.0309169
2.83157 0.0315475
2.83189 0.131866
2.8323 0.0322881
2.83262 0.132599
2.83415 0.134131
2.83457 0.0345447
2.83582 0.135797
2.83614 0.0361168
2.8378 0.0377922
2.83836 0.0383422
2.83868 0.138661
2.83868 0.138661
2.83966 0.0396344
2.83998 0.139953
2.84029 0.0402931
2.84239 0.0423658
2.84271 0.0426853
2.84283 0.0228082
2.84283 0.0228082
2.84283 0.0228082
2.84283 0.0224887
2.84283 0.0224887
2.84283 0.0228082
2.84296 0.0229365
2.84296 0.0222975
2.84296 0.022617
2.84296 0.0222975
2.84325 0.0225814
2.84325 0.0222619
2.84325 0.0222619
2.84357 0.143545
2.84703 0.147006
2.84703 0.0470007
2.84735 0.147325
2.84779 0.147769
2.8483 0.148275
2.85114 0.0511347
2.85214 0.152118
2.85308 0.0530604
2.8534 0.0533799
2.85608 0.156062
2.85958 0.0595554
2.86229 0.0222573
2.86229 0.0222573
2.86229 0.0222573
2.8626 0.0222528
2.8626 0.0222528
2.8626 0.0225723
2.86292 0.0222483
2.86292 0.0225678
2.86292 0.0222483
2.86323 0.0225633
2.86323 0.0222438
2.86323 0.0222438
2.86607 0.0660494
2.86844 0.0684218
2.87116 0.071142
2.87288 0.0728555
2.8736 0.0735793
2.87392 0.0738989
2.87651 0.076489
2.88227 0.0222675
2.88227 0.0222675
2.88227 0.0222675
2.88258 0.022263
2.88258 0.022263
2.88258 0.0225825
2.8829 0.0222585
2.8829 0.022578
2.8829 0.0222585
2.88321 0.0225735
2.88321 0.022254
2.88321 0.022254
2.88353 0.0835117
2.88889 0.0888701
2.88937 0.0893451
2.89214 0.0921218
2.89374 0.0937363
2.89549 0.0954669
2.89774 0.0977346
2.89846 0.0984387
2.89884 0.0988204
2.90128 0.101255
2.90169 0.101668
2.90225 0.0222493
2.90225 0.0222493
2.90225 0.0222493
2.90257 0.0222448
2.90257 0.0222448
2.90257 0.0225643
2.90291 0.0222714
2.90291 0.0225909
2.90291 0.0222714
2.90323 0.0225864
2.90323 0.0222669
2.90323 0.0222669
2.90454 0.104523
2.90505 0.105029
2.90624 0.106225
2.90684 0.106819
2.90741 0.107387
2.90773 0.107706
2.90773 0.107706
2.90867 0.108648
2.90989 0.109889
2.91021 0.110189
2.91021 0.110189
2.91053 0.110509
2.91085 0.110848
2.91085 0.110828
2.91229 0.112267
2.91261 0.112587
2.91336 0.113342
2.91455 0.114532
2.91553 0.115505
2.91961 0.119588
2.92021 0.120187
2.92152 0.121522
2.92184 0.121822
2.92219 0.122172
2.92251 0.022507
2.92264 0.0226353
2.92264 0.0226353
2.92264 0.0223158
2.92264 0.0223158
2.92264 0.0223158
2.92289 0.0222491
2.92289 0.0222491
2.92289 0.0225686
2.92321 0.0222446
2.92321 0.0225642
2.92321 0.0222446
2.9253 0.0252814
2.92562 0.0256066
2.92594 0.12592
2.92626 0.126239
2.9268 0.126776
2.9287 0.0286802
2.92902 0.0290025
2.92996 0.0299441
2.93084 0.0308234
2.93157 0.0315473
2.93189 0.131866
2.93233 0.0323085
2.93265 0.132629
2.93415 0.134131
2.93463 0.0346067
2.93582 0.135796
2.93614 0.0361166
2.93779 0.037764
2.93836 0.038342
2.93868 0.138661
2.93868 0.138661
2.93965 0.0396342
2.93997 0.139953
2.94029 0.0402704
2.94239 0.0423656
2.94271 0.0426851
2.94283 0.0228251
2.94283 0.0228251
2.94283 0.0228251
2.94283 0.0225056
2.94283 0.0225056
2.94283 0.0228251
2.94296 0.0229535
2.94296 0.0223144
2.94296 0.022634
2.94296 0.0223144
2.94322 0.0225673
2.94322 0.0222477
2.94322 0.0222477
2.9436 0.143576
2.94653 0.0465288
2.947 0.146983
2.94732 0.147302
2.94786 0.14784
2.9483 0.148284
2.95124 0.0512139
2.95212 0.152095
2.95296 0.0529442
2.95335 0.053326
2.95625 0.156226
2.95958 0.0595637
2.96226 0.0222515
2.96226 0.0222515
2.96226 0.0222515
2.96258 0.0222471
2.96258 0.0222471
2.96258 0.0225666
2.96289 0.0222426
2.96289 0.0225621
2.96289 0.0222426
2.96324 0.0225887
2.96324 0.0222692
2.96324 0.0222692
2.96617 0.066151
2.96845 0.0684301
2.97117 0.0711503
2.9731 0.0730815
2.97361 0.0735876
2.97393 0.0739071
2.9768 0.0767772
2.98228 0.0222617
2.98228 0.0222617
2.98228 0.0222617
2.98259 0.0222572
2.98259 0.0222572
2.98259 0.0225768
2.98291 0.0222528
2.98291 0.0225723
2.98291 0.0222528
2.98322 0.0225678
2.98322 0.0222483
2.98322 0.0222483
2.98354 0.08352
2.9889 0.0888783
2.98937 0.0893534
2.99215 0.0921301
2.99378 0.0937532
2.9955 0.0954752
2.99784 0.0978137
2.99844 0.0984159
2.99882 0.0987976
3.00128 0.101263
3.0017 0.101676
3.00226 0.0222436
3.00226 0.0222436
3.00226 0.0222436
3.00261 0.0222702
3.00261 0.0222702
3.00261 0.0225897
3.00292 0.0222657
3.00292 0.0225852
3.00292 0.0222657
3.00324 0.0225807
3.00324 0.0222612
3.00324 0.0222612
3.00453 0.104507
3.005 0.104982
3.00625 0.10624
3.00685 0.106834
3.00739 0.107371
3.00771 0.10769
3.00771 0.10769
3.00865 0.108632
3.00984 0.10982
3.01016 0.110139
3.01016 0.110142
3.01048 0.110461
3.01048 0.110461
3.0108 0.110781
3.01224 0.11222
3.01256 0.11254
3.01366 0.113637
3.01457 0.114547
3.01554 0.11552
3.01981 0.11979
3.02019 0.120171
3.02088 0.120861
3.02136 0.121339
3.02224 0.122219
3.02256 0.0225391
3.02269 0.0226675
3.02269 0.0226675
3.02269 0.022348
3.02269 0.022348
3.02269 0.022348
3.02291 0.0222502
3.02291 0.0222502
3.02291 0.0225697
3.02325 0.0222768
3.02325 0.0225963
3.02325 0.0222768
3.02532 0.0252964
3.02564 0.0256303
3.02596 0.125935
3.02596 0.125935
3.02671 0.12669
3.02868 0.0286643
3.029 0.0289779
3.03003 0.0300128
3.03085 0.03083
3.03117 0.131149
3.03158 0.0315623
3.0324 0.132379
3.03272 0.0327173
3.03416 0.134137
3.03457 0.0345511
3.03582 0.135803
3.03614 0.0361232
3.0378 0.0377807
3.03837 0.0383485
3.03869 0.138667
3.03869 0.138667
3.03966 0.13964
3.03998 0.0399602
3.0403 0.0402856
3.04239 0.0423722
3.04271 0.0426917
3.04284 0.0228176
3.04284 0.0228176
3.04284 0.0228176
3.04284 0.0224981
3.04284 0.0224981
3.04284 0.0228176
3.04297 0.022946
3.04297 0.022307
3.04297 0.0226265
3.04297 0.022307
3.04341 0.143392
3.04354 0.0228793
3.04354 0.0225598
3.04354 0.0225598
3.04653 0.146514
3.04685 0.0468271
3.04717 0.147153
3.04787 0.147846
3.04831 0.14829
3.05115 0.0511357
3.05218 0.152164
3.05297 0.0529508
3.05329 0.0532703
3.05616 0.15614
3.05959 0.0595702
3.0623 0.0222752
3.0623 0.0222752
3.0623 0.0222752
3.06261 0.0222707
3.06261 0.0222707
3.06261 0.0225902
3.06293 0.0222662
3.06293 0.0225857
3.06293 0.0222662
3.06324 0.0225812
3.06324 0.0222617
3.06324 0.0222617
3.06602 0.066002
3.06846 0.0684366
3.0712 0.0711879
3.07308 0.0730569
3.07361 0.0735942
3.07393 0.0739137
3.0768 0.0767837
3.08228 0.0222543
3.08228 0.0222543
3.08228 0.0222543
3.0826 0.0222498
3.0826 0.0222498
3.0826 0.0225693
3.08294 0.0222764
3.08294 0.0225959
3.08294 0.0222764
3.08326 0.0225914
3.08326 0.0222719
3.08326 0.0222719
3.08358 0.0835576
3.08887 0.0888538
3.0895 0.0894843
3.09216 0.0921366
3.09378 0.0937684
3.09556 0.0955439
3.09775 0.0977356
3.09854 0.0985157
3.09885 0.0988352
3.10135 0.101332
3.10192 0.1019
3.1023 0.0222673
3.1023 0.0222673
3.1023 0.0222673
3.10261 0.0222628
3.10261 0.0222628
3.10261 0.0225823
3.10293 0.0222583
3.10293 0.0225778
3.10293 0.0222583
3.10324 0.0225733
3.10324 0.0222538
3.10324 0.0222538
3.10453 0.104506
3.10488 0.104857
3.10625 0.10624
3.10685 0.106833
3.10739 0.107371
3.10771 0.10769
3.10771 0.10769
3.10871 0.108694
3.10913 0.109113
3.10994 0.109938
3.11026 0.110243
3.11026 0.110243
3.11058 0.110563
3.1109 0.110883
3.11225 0.112228
3.11257 0.112548
3.11351 0.11349
3.11458 0.114556
3.11552 0.115497
3.11988 0.11986
3.12023 0.120211
3.12083 0.120825
3.12152 0.121503
3.12231 0.122289
3.12263 0.0226267
3.12276 0.0227551
3.12276 0.0227551
3.12276 0.0224356
3.12276 0.0224356
3.12276 0.0224356
3.12292 0.0222755
3.12292 0.0222755
3.12292 0.0225951
3.12323 0.0222711
3.12323 0.0225906
3.12323 0.0222711
3.12532 0.0253047
3.12564 0.0256161
3.12596 0.125943
3.12596 0.125943
3.12684 0.126822
3.12869 0.0286812
3.12901 0.0289862
3.12995 0.0299278
3.13083 0.130806
3.13115 0.0311267
3.13159 0.0315706
3.13241 0.132387
3.13273 0.0327151
3.1342 0.134177
3.13458 0.0345593
3.13583 0.135811
3.13615 0.0361315
3.13768 0.0376769
3.13838 0.0383568
3.1387 0.138675
3.1387 0.138675
3.13964 0.0396179
3.13996 0.139937
3.14028 0.0402715
3.14237 0.0423493
3.14269 0.0426688
3.14282 0.0228119
3.14282 0.0228119
3.14282 0.0228119
3.14282 0.0224924
3.14282 0.0224924
3.14282 0.0228119
3.14294 0.0229403
3.14294 0.0223013
3.14294 0.0226208
3.14294 0.0223013
3.14323 0.0225852
3.14323 0.0222657
3.14323 0.0222657
3.14355 0.143528
3.14657 0.0465502
3.14699 0.146967
3.14731 0.147286
3.14781 0.147792
3.14832 0.148298
3.151 0.0509971
3.1521 0.152079
3.1531 0.0530835
3.15342 0.053403
3.15611 0.156086
3.15932 0.0592986
3.16228 0.0222695
3.16228 0.0222695
3.16228 0.0222695
3.16259 0.022265
3.16259 0.022265
3.16259 0.0225845
3.16291 0.0222605
3.16291 0.02258
3.16291 0.0222605
3.16322 0.0225755
3.16322 0.022256
3.16322 0.022256
3.166 0.0659792
3.16846 0.0684449
3.17118 0.0711651
3.17315 0.0731274
3.17362 0.0736024
3.17394 0.073922
3.17681 0.076792
3.18226 0.0222486
3.18226 0.0222486
3.18226 0.0222486
3.1826 0.0222752
3.1826 0.0222752
3.1826 0.0225947
3.18292 0.0222707
3.18292 0.0225902
3.18292 0.0222707
3.18323 0.0225857
3.18323 0.0222662
3.18323 0.0222662
3.18355 0.0835348
3.18891 0.0888932
3.18945 0.0894304
3.19216 0.0921449
3.19376 0.0937542
3.19548 0.0954589
3.19773 0.0977214
3.19842 0.0983996
3.19886 0.0988435
3.20127 0.101247
3.20174 0.101722
3.20227 0.0222615
3.20227 0.0222615
3.20227 0.0222615
3.20259 0.022257
3.20259 0.022257
3.20259 0.0225765
3.2029 0.0222525
3.2029 0.0225721
3.2029 0.0222525
3.20322 0.0225676
3.20322 0.0222481
3.20322 0.0222481
3.20394 0.103924
3.20488 0.104865
3.20626 0.106248
3.20686 0.106842
3.2074 0.107379
3.20772 0.107698
3.20772 0.107698
3.20906 0.109044
3.20938 0.109356
3.20995 0.109933
3.21027 0.110252
3.21027 0.110252
3.21059 0.110571
3.21091 0.110891
3.21219 0.112175
3.21251 0.112494
3.21349 0.113467
3.21455 0.114533
3.21556 0.115537
3.21973 0.119713
3.22021 0.120188
3.22084 0.120819
3.22141 0.121387
3.22232 0.122297
3.22264 0.022621
3.22276 0.0227493
3.22276 0.0227493
3.22276 0.0224298
3.22276 0.0224298
3.22276 0.0224298
3.22292 0.0222698
3.22292 0.0222698
3.22292 0.0225893
3.22324 0.0222653
3.22324 0.0225848
3.22324 0.0222653
3.2253 0.0252819
3.22562 0.0256019
3.22594 0.12592
3.22594 0.12592
3.22685 0.126831
3.22869 0.0286671
3.22901 0.0289945
3.22995 0.0299361
3.2308 0.130784
3.23112 0.0311038
3.2316 0.0315789
3.23235 0.132333
3.23267 0.0326506
3.2342 0.134185
3.23465 0.0346298
3.23581 0.135788
3.23613 0.0361086
3.23781 0.0377855
3.23845 0.0384273
3.23876 0.138746
3.23876 0.138746
3.23968 0.0396573
3.24003 0.140007
3.24035 0.0403195
3.24238 0.0423576
3.2427 0.0426771
3.24282 0.0228062
3.24282 0.0228062
3.24282 0.0228062
3.24282 0.0224867
3.24282 0.0224867
3.24282 0.0228062
3.24295 0.0229346
3.24295 0.0222956
3.24295 0.0226151
3.24295 0.0222956
3.24324 0.0225795
3.24324 0.02226
3.24324 0.02226
3.24356 0.143536
3.24658 0.0465618
3.24658 0.146562
3.24706 0.147037
3.24781 0.147792
3.24829 0.148267
3.25094 0.0509207
3.2521 0.152079
3.2531 0.0530833
3.25342 0.0534028
3.25623 0.15621
3.25932 0.0592984
3.26228 0.0222553
3.26228 0.0222553
3.26228 0.0222553
3.26259 0.0222508
3.26259 0.0222508
3.26259 0.0225703
3.26291 0.0222463
3.26291 0.0225658
3.26291 0.0222463
3.26325 0.0225924
3.26325 0.0222729
3.26325 0.0222729
3.26603 0.0660101
3.26846 0.0684447
3.27118 0.0711649
3.27311 0.0730961
3.27362 0.0736023
3.27394 0.0739218
3.27681 0.0767918
3.28229 0.0222655
3.28229 0.0222655
3.28229 0.0222655
3.2826 0.022261
3.2826 0.022261
3.2826 0.0225805
3.28292 0.0222565
3.28292 0.022576
3.28292 0.0222565
3.28323 0.0225715
3.28323 0.022252
3.28323 0.022252
3.28355 0.0835346
3.28891 0.088893
3.28951 0.0894924
3.29216 0.0921447
3.29379 0.0937627
3.29548 0.0954587
3.29782 0.097792
3.29842 0.0983994
3.29886 0.0988433
3.30133 0.101309
3.30174 0.101722
3.30227 0.0222473
3.30227 0.0222473
3.30227 0.0222473
3.30262 0.022274
3.30262 0.022274
3.30262 0.0225935
3.30293 0.0222695
3.30293 0.022589
3.30293 0.0222695
3.30325 0.0225845
3.30325 0.022265
3.30325 0.022265
3.30397 0.103955
3.30498 0.104958
3.30626 0.106248
3.30689 0.106873
3.30733 0.107317
3.30765 0.107636
3.30765 0.107636
3.30869 0.108671
3.30907 0.109062
3.31001 0.109994
3.31033 0.110314
3.31033 0.110314
3.31065 0.110651
3.31097 0.110953
3.31222 0.112205
3.31254 0.112525
3.31345 0.113435
3.31455 0.114533
3.31552 0.115505
3.3197 0.119682
3.32017 0.120157
3.32146 0.121458
3.32178 0.12176
3.32225 0.122235
3.32257 0.0225446
3.3227 0.0226729
3.3227 0.0226729
3.3227 0.0223534
3.3227 0.0223534
3.3227 0.0223534
3.32292 0.0222556
3.32292 0.0222556
3.32292 0.0225751
3.32324 0.0222511
3.32324 0.0225706
3.32324 0.0222511
3.3253 0.0252817
3.32562 0.0256104
3.32594 0.12592
3.32594 0.12592
3.32672 0.126706
3.32869 0.0286755
3.32901 0.0289943
3.33005 0.0300292
3.3308 0.130783
3.33112 0.0311036
3.3316 0.0315787
3.33235 0.132333
3.33267 0.0326399
3.33414 0.134123
3.33458 0.0345674
3.33596 0.135944
3.33628 0.036264
3.33781 0.0377864
3.33813 0.138115
3.33845 0.0384355
3.33877 0.138754
3.33968 0.139665
3.34 0.039985
3.34032 0.0403053
3.34238 0.0423659
3.3427 0.0426854
3.34283 0.0228005
3.34283 0.0228005
3.34283 0.0228005
3.34283 0.022481
3.34283 0.022481
3.34283 0.0228005
3.34296 0.0229289
3.34296 0.0222898
3.34296 0.0226094
3.34296 0.0222898
3.3434 0.143385
3.34353 0.0228622
3.34353 0.0225427
3.34353 0.0225427
3.34656 0.0465422
3.347 0.146983
3.34732 0.147303
3.34783 0.147809
3.34833 0.148315
3.35099 0.0509546
3.35224 0.15222
3.35315 0.0531311
3.35347 0.0534506
3.35615 0.156133
3.3593 0.059284
3.36226 0.022258
3.36226 0.022258
3.36226 0.022258
3.36258 0.0222536
3.36258 0.0222536
3.36258 0.0225731
3.36289 0.0222491
3.36289 0.0225686
3.36289 0.0222491
3.36324 0.0225952
3.36324 0.0222757
3.36324 0.0222757
3.36595 0.0659335
3.36845 0.0684303
3.37119 0.0711817
3.37316 0.073144
3.37361 0.0735879
3.37392 0.0739074
3.37679 0.0767774
3.38227 0.0222682
3.38227 0.0222682
3.38227 0.0222682
3.38259 0.0222637
3.38259 0.0222637
3.38259 0.0225833
3.3829 0.0222593
3.3829 0.0225788
3.3829 0.0222593
3.38322 0.0225743
3.38322 0.0222548
3.38322 0.0222548
3.38354 0.0835203
3.38886 0.0888475
3.3895 0.0894781
3.39215 0.0921304
3.39377 0.093757
3.39555 0.0955376
3.39774 0.0977241
3.3985 0.0984783
3.39882 0.0987979
3.40128 0.101264
3.40188 0.101863
3.40226 0.0222501
3.40226 0.0222501
3.40226 0.0222501
3.4026 0.0222767
3.4026 0.0222767
3.4026 0.0225962
3.40292 0.0222722
3.40292 0.0225917
3.40292 0.0222722
3.40323 0.0225872
3.40323 0.0222677
3.40323 0.0222677
3.40399 0.103971
3.40496 0.104944
3.40624 0.106233
3.40691 0.106889
3.40723 0.107209
3.40755 0.107528
3.40787 0.107848
3.40878 0.108758
3.40913 0.109104
3.40997 0.109957
3.41029 0.110277
3.41029 0.110277
3.41071 0.110685
3.41103 0.111009
3.41219 0.112168
3.41251 0.112488
3.41348 0.113461
3.41454 0.114527
3.41489 0.114877
3.41988 0.119862
3.4202 0.120182
3.42142 0.121398
3.42174 0.121723
3.42222 0.122198
3.42253 0.0225247
3.42266 0.0226531
3.42266 0.0226531
3.42266 0.0223335
3.42266 0.0223335
3.42266 0.0223335
3.42292 0.0222668
3.42292 0.0222668
3.42292 0.0225864
3.42323 0.0222624
3.42323 0.0225819
3.42323 0.0222624
3.42532 0.0253069
3.42564 0.0256131
3.42596 0.125945
3.42596 0.125945
3.42672 0.1267
3.42869 0.0286782
3.429 0.0289884
3.42988 0.0298678
3.43079 0.130777
3.43111 0.0310977
3.43159 0.0315728
3.43238 0.132358
3.43238 0.0323662
3.43413 0.134108
3.43469 0.0346775
3.43576 0.135743
3.43608 0.036063
3.43771 0.037691
3.43837 0.0383505
3.43869 0.138669
3.43869 0.138669
3.43963 0.0396116
3.43995 0.13993
3.44027 0.04026
3.44236 0.042343
3.44268 0.0426626
3.44281 0.0227947
3.44281 0.0227947
3.44281 0.0227947
3.44281 0.0224752
3.44281 0.0224752
3.44281 0.0227947
3.44294 0.0229231
3.44294 0.0222841
3.44294 0.0226036
3.44294 0.0222841
3.44322 0.022568
3.44322 0.0222485
3.44322 0.0222485
3.44354 0.143522
3.44656 0.0465538
3.44701 0.146991
3.44733 0.147311
3.4478 0.147786
3.44831 0.148292
3.45096 0.0509489
3.45209 0.152073
3.45309 0.0530772
3.45341 0.0533967
3.45603 0.156017
3.45959 0.0595722
3.46227 0.0222523
3.46227 0.0222523
3.46227 0.0222523
3.46258 0.0222478
3.46258 0.0222478
3.46258 0.0225673
3.46293 0.0222744
3.46293 0.022594
3.46293 0.0222744
3.46324 0.0225895
3.46324 0.02227
3.46324 0.02227
3.46624 0.0662218
3.46845 0.0684386
3.47117 0.0711588
3.47311 0.07309
3.47358 0.0735651
3.4739 0.0738846
3.4768 0.0767857
3.48228 0.0222625
3.48228 0.0222625
3.48228 0.0222625
3.4826 0.022258
3.4826 0.022258
3.4826 0.0225775
3.48291 0.0222535
3.48291 0.022573
3.48291 0.0222535
3.48323 0.0225685
3.48323 0.022249
3.48323 0.022249
3.48354 0.0835285
3.48887 0.0888558
3.4895 0.0894863
3.49216 0.0921386
3.49375 0.0937428
3.49556 0.0955459
3.49778 0.0977721
3.49844 0.0984244
3.49876 0.0987439
3.50135 0.101334
3.50173 0.101716
3.5023 0.0222755
3.5023 0.0222755
3.5023 0.0222755
3.50261 0.022271
3.50261 0.022271
3.50261 0.0225905
3.50293 0.0222665
3.50293 0.022586
3.50293 0.0222665
3.50324 0.0225815
3.50324 0.022262
3.50324 0.022262
3.50393 0.103917
3.505 0.104983
3.50625 0.106242
3.50688 0.106867
3.50733 0.10731
3.50765 0.10763
3.50765 0.10763
3.50887 0.108852
3.50919 0.109183
3.50997 0.109957
3.51029 0.110277
3.51061 0.110596
3.51093 0.110919
3.51093 0.110916
3.51218 0.112168
3.5125 0.112488
3.51351 0.113492
3.51454 0.114526
3.51486 0.114846
3.51972 0.119707
3.52023 0.120213
3.52142 0.121407
3.52174 0.121723
3.52234 0.122322
3.52266 0.0226349
3.52279 0.0227633
3.52279 0.0227633
3.52279 0.0224438
3.52279 0.0224438
3.52279 0.0224438
3.52291 0.0222527
3.52291 0.0222527
3.52291 0.0225722
3.52323 0.0222482
3.52323 0.0225677
3.52323 0.0222482
3.52532 0.0253067
3.52564 0.0256216
3.52596 0.125945
3.52596 0.125945
3.52669 0.126669
3.52872 0.0286867
3.52903 0.0290193
3.52995 0.0299298
3.53079 0.130777
3.53111 0.0310976
3.53159 0.0315726
3.53231 0.0322932
3.53263 0.132615
3.53407 0.134054
3.53464 0.0346235
3.53595 0.135938
3.53627 0.0362579
3.53771 0.0377003
3.53847 0.0384521
3.53879 0.138771
3.53879 0.138771
3.53967 0.039651
3.54017 0.040144
3.54049 0.140476
3.54237 0.0423513
3.54269 0.0426708
3.54281 0.022789
3.54281 0.022789
3.54281 0.022789
3.54281 0.0224695
3.54281 0.0224695
3.54281 0.022789
3.54294 0.0229174
3.54294 0.0222784
3.54294 0.0225979
3.54294 0.0222784
3.54342 0.143402
3.54355 0.0228818
3.54355 0.0225623
3.54355 0.0225623
3.54654 0.0465343
3.54702 0.147
3.54734 0.147319
3.54781 0.147794
3.54835 0.148331
3.55094 0.0509121
3.55216 0.152143
3.55313 0.0531166
3.55345 0.0534361
3.55614 0.156119
3.55975 0.059736
3.56227 0.0222466
3.56227 0.0222466
3.56227 0.0222466
3.56262 0.0222732
3.56262 0.0222732
3.56262 0.0225927
3.56294 0.0222687
3.56294 0.0225882
3.56294 0.0222687
3.56325 0.0225837
3.56325 0.0222642
3.56325 0.0222642
3.56631 0.0662922
3.56846 0.0684469
3.57118 0.0711671
3.57308 0.0730672
3.57362 0.0736044
3.57394 0.0739239
3.57681 0.076794
3.58229 0.0222568
3.58229 0.0222568
3.58229 0.0222568
3.5826 0.0222523
3.5826 0.0222523
3.5826 0.0225718
3.58292 0.0222478
3.58292 0.0225673
3.58292 0.0222478
3.58326 0.0225939
3.58326 0.0222744
3.58326 0.0222744
3.58358 0.0835679
3.58888 0.0888641
3.58939 0.0893702
3.59216 0.0921469
3.59379 0.0937597
3.59557 0.0955542
3.59785 0.0978202
3.59845 0.0984327
3.59886 0.0988455
3.60133 0.101311
3.60174 0.101724
3.60227 0.0222698
3.60227 0.0222698
3.60227 0.0222698
3.60259 0.0222653
3.60259 0.0222653
3.60259 0.0225848
3.6029 0.0222608
3.6029 0.0225803
3.6029 0.0222608
3.60322 0.0225758
3.60322 0.0222563
3.60322 0.0222563
3.60453 0.104517
3.60491 0.104898
3.60626 0.10625
3.60686 0.106844
3.6074 0.107381
3.60772 0.1077
3.60772 0.1077
3.60869 0.108673
3.60913 0.109115
3.61004 0.110028
3.61036 0.110347
3.61036 0.110347
3.61068 0.110679
3.611 0.110986
3.61229 0.11227
3.6126 0.112589
3.61342 0.113406
3.61455 0.114535
3.61487 0.114854
3.6197 0.119684
3.62021 0.12019
3.62143 0.121424
3.62175 0.121731
3.62222 0.122206
3.62254 0.0225359
3.62267 0.0223447
3.62267 0.0223447
3.62267 0.0223447
3.62289 0.0222469
3.62289 0.0222469
3.62289 0.0225664
3.62324 0.0222735
3.62324 0.0225931
3.62324 0.0222735
3.62355 0.0225886
3.62355 0.0222691
3.62355 0.0222691
3.6253 0.0252878
3.62562 0.0256114
3.62594 0.125926
3.62594 0.125926
3.6267 0.126681
3.6287 0.0286765
3.62902 0.0290004
3.62996 0.029942
3.63081 0.130789
3.63112 0.0311098
3.6316 0.0315848
3.63239 0.13237
3.63289 0.0328633
3.63411 0.134098
3.63459 0.0345736
3.63581 0.135794
3.63613 0.0361146
3.63769 0.0376794
3.63835 0.0383399
3.63867 0.138659
3.63867 0.138659
3.63965 0.0396321
3.63997 0.139951
3.64029 0.0402667
3.64238 0.0423636
3.6427 0.0426831
3.64283 0.0228099
3.64283 0.0228099
3.64283 0.0228099
3.64283 0.0224904
3.64283 0.0224904
3.64283 0.0228099
3.64295 0.0229383
3.64295 0.0222993
3.64295 0.0226188
3.64295 0.0222993
3.64324 0.0225832
3.64324 0.0222637
3.64324 0.0222637
3.64356 0.143542
3.64655 0.0465498
3.647 0.146981
3.64732 0.1473
3.64779 0.147775
3.64827 0.14825
3.65095 0.0509414
3.65214 0.152124
3.65308 0.0530666
3.6534 0.0533861
3.65608 0.156069
3.65958 0.0595617
3.66229 0.0222675
3.66229 0.0222675
3.66229 0.0222675
3.6626 0.022263
3.6626 0.022263
3.6626 0.0225825
3.66292 0.0222585
3.66292 0.022578
3.66292 0.0222585
3.66323 0.0225735
3.66323 0.022254
3.66323 0.022254
3.66619 0.0661801
3.66847 0.0684591
3.67116 0.0711482
3.67309 0.0730795
3.67366 0.0736478
3.67398 0.0739673
3.67679 0.0767751
3.68227 0.0222466
3.68227 0.0222466
3.68227 0.0222466
3.68261 0.0222732
3.68261 0.0222732
3.68261 0.0225927
3.68293 0.0222687
3.68293 0.0225882
3.68293 0.0222687
3.68324 0.0225837
3.68324 0.0222642
3.68324 0.0222642
3.68356 0.0835491
3.68886 0.0888452
3.68937 0.0893513
3.69214 0.0921281
3.69377 0.0937495
3.69555 0.0955353
3.69774 0.0977166
3.69843 0.0984138
3.69887 0.0988578
3.70134 0.101323
3.70172 0.101705
3.70228 0.0222595
3.70228 0.0222595
3.70228 0.0222595
3.7026 0.022255
3.7026 0.022255
3.7026 0.0225746
3.70291 0.0222506
3.70291 0.0225701
3.70291 0.0222506
3.70323 0.0225656
3.70323 0.0222461
3.70323 0.0222461
3.70451 0.104498
3.70499 0.104973
3.70627 0.106262
3.7069 0.106887
3.70731 0.1073
3.70763 0.107619
3.70763 0.107619
3.70895 0.108934
3.70927 0.109238
3.70996 0.109946
3.71028 0.110266
3.71028 0.110266
3.71069 0.110669
3.71101 0.110998
3.7123 0.112282
3.71262 0.112602
3.71365 0.113636
3.71453 0.114516
3.71485 0.114835
3.71984 0.11982
3.72028 0.120264
3.72144 0.121414
3.72176 0.121743
3.7223 0.12228
3.72261 0.0225879
3.72274 0.0223967
3.72274 0.0223967
3.72274 0.0223967
3.72293 0.0222678
3.72293 0.0222678
3.72293 0.0225873
3.72325 0.0222633
3.72325 0.0225828
3.72325 0.0222633
3.72356 0.0225784
3.72356 0.0222588
3.72356 0.0222588
3.72531 0.0253001
3.72563 0.0256322
3.72595 0.125938
3.72627 0.126258
3.72669 0.126671
3.72868 0.0286747
3.729 0.02899
3.72995 0.0299316
3.73082 0.13081
3.73114 0.0311305
3.73159 0.0315744
3.73237 0.13236
3.73288 0.032865
3.73413 0.134118
3.73467 0.0346565
3.73583 0.135815
3.73615 0.0361353
3.73781 0.0377913
3.73837 0.0383606
3.73869 0.138679
3.73869 0.138679
3.73964 0.0396217
3.73996 0.13994
3.74027 0.0402649
3.7424 0.0423843
3.74272 0.0427038
3.74285 0.0228393
3.74285 0.0228393
3.74285 0.0228393
3.74285 0.0225198
3.74285 0.0225198
3.74285 0.0228393
3.74297 0.0229677
3.74297 0.0223286
3.74297 0.0226482
3.74297 0.0223286
3.74323 0.0225815
3.74323 0.0222619
3.74323 0.0222619
3.74355 0.143532
3.74657 0.0465427
3.74702 0.147002
3.74734 0.147321
3.74781 0.147796
3.74832 0.148302
3.75094 0.050917
3.75216 0.152145
3.75313 0.0531184
3.75345 0.053438
3.75623 0.156214
3.75957 0.0595513
3.76228 0.0222657
3.76228 0.0222657
3.76228 0.0222657
3.76259 0.0222613
3.76259 0.0222613
3.76259 0.0225808
3.76291 0.0222568
3.76291 0.0225763
3.76291 0.0222568
3.76322 0.0225718
3.76322 0.0222523
3.76322 0.0222523
3.76621 0.0662008
3.76846 0.0684487
3.77118 0.071169
3.77315 0.0731313
3.77359 0.0735752
3.77391 0.0738947
3.77678 0.0767647
3.78229 0.0222759
3.78229 0.0222759
3.78229 0.0222759
3.7826 0.0222714
3.7826 0.0222714
3.7826 0.022591
3.78292 0.022267
3.78292 0.0225865
3.78292 0.022267
3.78323 0.022582
3.78323 0.0222625
3.78323 0.0222625
3.78355 0.0835387
3.78888 0.0888659
3.78945 0.0894343
3.79216 0.0921488
3.79376 0.0937477
3.79557 0.095556
3.79772 0.0977149
3.79842 0.0984034
3.79886 0.0988474
3.80136 0.101344
3.80174 0.101726
3.80227 0.0222578
3.80227 0.0222578
3.80227 0.0222578
3.80259 0.0222533
3.80259 0.0222533
3.80259 0.0225728
3.8029 0.0222488
3.8029 0.0225683
3.8029 0.0222488
3.80325 0.0225949
3.80325 0.0222754
3.80325 0.0222754
3.80456 0.10455
3.80488 0.104869
3.80626 0.106252
3.80683 0.106814
3.8074 0.107383
3.80772 0.107702
3.80772 0.107702
3.80878 0.108768
3.8091 0.109089
3.80995 0.109936
3.81027 0.110256
3.81059 0.110575
3.81091 0.110893
3.81091 0.110895
3.81238 0.112365
3.8127 0.112684
3.81364 0.113626
3.81455 0.114537
3.81552 0.115509
3.81982 0.11981
3.82021 0.120192
3.82084 0.120821
3.8214 0.121391
3.82222 0.122208
3.82254 0.0225239
3.82267 0.0223328
3.82267 0.0223328
3.82267 0.0223328
3.82292 0.0222661
3.82292 0.0222661
3.82292 0.0225856
3.82324 0.0222616
3.82324 0.0225811
3.82324 0.0222616
3.82355 0.0225766
3.82355 0.0222571
3.82355 0.0222571
3.8253 0.0252897
3.82562 0.0255994
3.82594 0.125928
3.82594 0.125928
3.8267 0.126683
3.82866 0.0286645
3.82898 0.0289712
3.82996 0.0299439
3.83081 0.130791
3.83112 0.0311117
3.8316 0.0315867
3.83235 0.132341
3.83277 0.0327649
3.83408 0.134068
3.83459 0.0345754
3.83578 0.135765
3.8361 0.0360854
3.83769 0.0376823
3.83835 0.0383418
3.83867 0.13866
3.83899 0.13898
3.83966 0.0396424
3.83998 0.139961
3.84029 0.0402943
3.84236 0.0423428
3.84268 0.0426623
3.8428 0.0227753
3.8428 0.0227753
3.8428 0.0227753
3.8428 0.0224558
3.8428 0.0224558
3.8428 0.0227753
3.84293 0.0229037
3.84293 0.0222647
3.84293 0.0225842
3.84293 0.0222647
3.84335 0.143331
3.84347 0.0228059
3.84347 0.0224864
3.84347 0.0224864
3.847 0.146983
3.84732 0.0472906
3.84732 0.147302
3.84779 0.147777
3.84833 0.148314
3.85123 0.0512263
3.85226 0.15225
3.85314 0.0531307
3.85346 0.0534502
3.85615 0.156133
3.85958 0.0595635
3.86226 0.0222555
3.86226 0.0222555
3.86226 0.0222555
3.86257 0.022251
3.86257 0.022251
3.86257 0.0225705
3.86289 0.0222465
3.86289 0.0225661
3.86289 0.0222465
3.86323 0.0225927
3.86323 0.0222732
3.86323 0.0222732
3.86629 0.0662752
3.86844 0.0684299
3.87128 0.0712745
3.87313 0.0731124
3.87357 0.0735563
3.87389 0.0738758
3.87679 0.076777
3.88227 0.0222657
3.88227 0.0222657
3.88227 0.0222657
3.88258 0.0222612
3.88258 0.0222612
3.88258 0.0225807
3.8829 0.0222567
3.8829 0.0225762
3.8829 0.0222567
3.88321 0.0225718
3.88321 0.0222522
3.88321 0.0222522
3.88353 0.0835198
3.88886 0.0888471
3.88937 0.0893532
3.89214 0.0921299
3.89374 0.0937375
3.89555 0.0955372
3.89777 0.0977669
3.89849 0.0984779
3.89887 0.0988596
3.90128 0.101263
3.90172 0.101707
3.90225 0.0222476
3.90225 0.0222476
3.90225 0.0222476
3.9026 0.0222742
3.9026 0.0222742
3.9026 0.0225937
3.90291 0.0222697
3.90291 0.0225892
3.90291 0.0222697
3.90323 0.0225847
3.90323 0.0222652
3.90323 0.0222652
3.90451 0.1045
3.90496 0.104944
3.90627 0.106264
3.90684 0.106827
3.90716 0.107146
3.90748 0.107466
3.9078 0.107785
3.90868 0.108665
3.9099 0.109873
3.91022 0.110206
3.91022 0.110206
3.91054 0.110525
3.91086 0.110852
3.91086 0.110845
3.91227 0.112253
3.91259 0.112572
3.91368 0.113669
3.91456 0.114549
3.9155 0.11549
3.91968 0.119667
3.92019 0.120173
3.9215 0.121472
3.92182 0.121807
3.9222 0.122189
3.92252 0.0225137
3.92265 0.0223226
3.92265 0.0223226
3.92265 0.0223226
3.9229 0.0222559
3.9229 0.0222559
3.9229 0.0225754
3.92322 0.0222514
3.92322 0.0225709
3.92322 0.0222514
3.92353 0.0225664
3.92353 0.0222469
3.92353 0.0222469
3.92531 0.0253019
3.92563 0.0256203
3.92595 0.12594
3.92627 0.12626
3.92684 0.126828
3.92868 0.0286628
3.929 0.0289919
3.92995 0.0299335
3.93086 0.130843
3.93086 0.030844
3.93158 0.0315678
3.93237 0.132353
3.93284 0.0328204
3.93412 0.134112
3.9346 0.0345877
3.93585 0.135839
3.93617 0.0361598
3.9378 0.0377775
3.93837 0.038354
3.93869 0.138673
3.93901 0.138992
3.93964 0.0396236
3.93996 0.139942
3.94027 0.040253
3.94237 0.042355
3.94269 0.0426745
3.94282 0.0227962
3.94282 0.0227962
3.94282 0.0227962
3.94282 0.0224767
3.94282 0.0224767
3.94282 0.0227962
3.94294 0.0229246
3.94294 0.0222856
3.94294 0.0226051
3.94294 0.0222856
3.94323 0.0225695
3.94323 0.02225
3.94323 0.02225
3.94355 0.143534
3.94701 0.146995
3.94733 0.0472976
3.94733 0.147314
3.94786 0.147852
3.94831 0.148296
3.95133 0.0513094
3.95215 0.152138
3.95309 0.0530807
3.95341 0.0534002
3.95616 0.156145
3.95984 0.0598246
3.9623 0.0222764
3.9623 0.0222764
3.9623 0.0222764
3.96261 0.0222719
3.96261 0.0222719
3.96261 0.0225914
3.96293 0.0222674
3.96293 0.0225869
3.96293 0.0222674
3.96324 0.0225825
3.96324 0.0222629
3.96324 0.0222629
3.9663 0.0662875
3.96845 0.0684421
3.97136 0.071349
3.97317 0.0731558
3.97361 0.0735997
3.97393 0.0739192
3.9768 0.0767892
3.98228 0.0222555
3.98228 0.0222555
3.98228 0.0222555
3.98259 0.022251
3.98259 0.022251
3.98259 0.0225705
3.98291 0.0222465
3.98291 0.022566
3.98291 0.0222465
3.98326 0.0225926
3.98326 0.0222731
3.98326 0.0222731
3.98358 0.0835632
3.9889 0.0888904
3.98938 0.0893654
3.99215 0.0921422
3.99378 0.0937584
3.99547 0.0954561
3.99784 0.0978189
3.99844 0.0984279
3.99876 0.0987474
4.00126 0.101244
4.00173 0.101719
4.0023 0.0222685
4.0023 0.0222685
4.0023 0.0222685
4.00261 0.022264
4.00261 0.022264
4.00261 0.0225835
4.00293 0.0222595
4.00293 0.022579
4.00293 0.0222595
4.00324 0.0225745
4.00324 0.022255
4.00324 0.022255
4.00453 0.104519
4.00488 0.104869
4.00626 0.106252
4.00686 0.106846
4.0074 0.107383
4.00771 0.107703
4.00771 0.107703
4.009 0.108986
4.00994 0.109924
4.01026 0.110247
4.01026 0.110247
4.01058 0.110567
4.0109 0.110871
4.0109 0.110886
4.01237 0.112357
4.01269 0.112676
4.01369 0.11368
4.01454 0.114528
4.01551 0.115501
4.01963 0.119615
4.02026 0.120246
4.02148 0.12146
4.0218 0.121787
4.02221 0.1222
4.02253 0.0225019
4.02266 0.0223107
4.02266 0.0223107
4.02266 0.0223107
4.02294 0.0222751
4.02294 0.0222751
4.02294 0.0225946
4.02326 0.0222706
4.02326 0.0225902
4.02326 0.0222706
4.02357 0.0225857
4.02357 0.0222662
4.02357 0.0222662
4.02532 0.0253126
4.02564 0.0256396
4.02596 0.125951
4.02596 0.125951
4.02684 0.12683
4.02869 0.0286736
4.02901 0.0289941
4.02998 0.0299668
4.03089 0.0308772
4.03158 0.03157
4.0319 0.131889
4.03241 0.132395
4.03288 0.0328742
4.0341 0.134091
4.03458 0.0345672
4.03586 0.13585
4.03618 0.0361704
4.03781 0.0377997
4.03838 0.0383647
4.0387 0.138683
4.0387 0.138683
4.03967 0.0396569
4.03999 0.139976
4.04031 0.0402949
4.04237 0.0423572
4.04269 0.0426767
4.04282 0.022807
4.04282 0.022807
4.04282 0.022807
4.04282 0.0224875
4.04282 0.0224875
4.04282 0.022807
4.04294 0.0229354
4.04294 0.0222964
4.04294 0.0226159
4.04294 0.0222964
4.04323 0.0225803
4.04323 0.0222608
4.04323 0.0222608
4.04364 0.143629
4.04698 0.146966
4.0473 0.0472946
4.0473 0.147286
4.0478 0.147792
4.04831 0.148298
4.05118 0.0511647
4.05225 0.152234
4.05316 0.0531451
4.05348 0.0534646
4.05625 0.156241
4.05959 0.0595779
4.06227 0.0222561
4.06227 0.0222561
4.06227 0.0222561
4.06258 0.0222516
4.06258 0.0222516
4.06258 0.0225711
4.06293 0.0222782
4.06293 0.0225977
4.06293 0.0222782
4.06324 0.0225933
4.06324 0.0222737
4.06324 0.0222737
4.06624 0.0662274
4.06846 0.0684443
4.07139 0.0713822
4.07314 0.0731268
4.07364 0.073633
4.07396 0.0739525
4.0768 0.0767914
4.08228 0.0222663
4.08228 0.0222663
4.08228 0.0222663
4.0826 0.0222618
4.0826 0.0222618
4.0826 0.0225813
4.08291 0.0222573
4.08291 0.0225768
4.08291 0.0222573
4.08323 0.0225723
4.08323 0.0222528
4.08323 0.0222528
4.08355 0.0835342
4.08894 0.0889237
4.08941 0.0893987
4.09216 0.0921443
4.09378 0.0937692
4.09556 0.0955516
4.09775 0.0977364
4.09844 0.0984301
4.09892 0.0989051
4.10135 0.10134
4.10176 0.101753
4.1023 0.0222793
4.1023 0.0222793
4.1023 0.0222793
4.10261 0.0222748
4.10261 0.0222748
4.10261 0.0225943
4.10293 0.0222703
4.10293 0.0225898
4.10293 0.0222703
4.10324 0.0225853
4.10324 0.0222658
4.10324 0.0222658
4.10453 0.104514
4.10488 0.104865
4.10625 0.106247
4.10685 0.106841
4.10739 0.107378
4.10771 0.107698
4.10771 0.107698
4.10887 0.108857
4.10978 0.109772
4.1101 0.110087
4.1101 0.110087
4.11042 0.110407
4.11074 0.11072
4.11106 0.111046
4.11231 0.112298
4.11263 0.112618
4.1137 0.113684
4.11454 0.114532
4.11552 0.115505
4.11966 0.11965
4.12023 0.120218
4.12142 0.121411
4.12174 0.121728
4.12225 0.122235
4.12257 0.0225454
4.12269 0.0223543
4.12269 0.0223543
4.12269 0.0223543
4.12292 0.0222565
4.12292 0.0222565
4.12292 0.022576
4.12323 0.022252
4.12323 0.0225715
4.12323 0.022252
4.12358 0.0225981
4.12358 0.0222786
4.12358 0.0222786
4.12533 0.0253163
4.12565 0.0256209
4.12597 0.125955
4.12597 0.125955
4.12678 0.126772
4.12869 0.028686
4.12901 0.0289978
4.13004 0.0300327
4.13092 0.0309121
4.13158 0.0315738
4.1319 0.131892
4.13238 0.132367
4.13282 0.0327968
4.13411 0.134095
4.13461 0.0346021
4.13583 0.135823
4.13615 0.0361431
4.13781 0.0377839
4.13835 0.0383373
4.13867 0.138656
4.13899 0.138976
4.13968 0.0396691
4.14 0.139988
4.14032 0.0403158
4.14238 0.0423694
4.1427 0.042689
4.14283 0.0228279
4.14283 0.0228279
4.14283 0.0228279
4.14283 0.0225084
4.14283 0.0225084
4.14283 0.0228279
4.14296 0.0229563
4.14296 0.0223173
4.14296 0.0226368
4.14296 0.0223173
4.14328 0.143264
4.1434 0.0227652
4.1434 0.0224457
4.1434 0.0224457
4.14702 0.147009
4.14702 0.0470133
4.14734 0.147329
4.14782 0.147804
4.1482 0.148186
4.15119 0.0511856
4.15216 0.152153
4.15307 0.053064
4.15339 0.0533835
4.15614 0.156128
4.1596 0.0595902
4.16228 0.022277
4.16228 0.022277
4.16228 0.022277
4.16259 0.0222725
4.16259 0.0222725
4.16259 0.022592
4.16291 0.022268
4.16291 0.0225875
4.16291 0.022268
4.16322 0.022583
4.16322 0.0222635
4.16322 0.0222635
4.16622 0.0662086
4.16847 0.0684565
4.17134 0.0713323
4.17318 0.0731702
4.17359 0.073583
4.17391 0.0739025
4.17678 0.0767725
4.18226 0.0222561
4.18226 0.0222561
4.18226 0.0222561
4.18258 0.0222516
4.18258 0.0222516
4.18258 0.0225711
4.18292 0.0222782
4.18292 0.0225977
4.18292 0.0222782
4.18324 0.0225932
4.18324 0.0222737
4.18324 0.0222737
4.18356 0.0835465
4.18888 0.0888737
4.18939 0.0893799
4.19214 0.0921255
4.19376 0.093759
4.19548 0.0954705
4.19776 0.0977573
4.19842 0.0984112
4.1989 0.0988863
4.20136 0.101352
4.20187 0.101858
4.20228 0.0222691
4.20228 0.0222691
4.20228 0.0222691
4.20259 0.0222646
4.20259 0.0222646
4.20259 0.0225841
4.20291 0.0222601
4.20291 0.0225796
4.20291 0.0222601
4.20322 0.0225751
4.20322 0.0222556
4.20322 0.0222556
4.20451 0.104495
4.20492 0.104908
4.20626 0.10626
4.20683 0.106822
4.2074 0.107391
4.20772 0.10771
4.20772 0.10771
4.20891 0.108901
4.20979 0.109762
4.21011 0.110099
4.21011 0.110099
4.21043 0.110419
4.21075 0.11074
4.21107 0.111058
4.21229 0.112279
4.21261 0.112599
4.21361 0.113603
4.21452 0.114513
4.2155 0.115486
4.21977 0.119756
4.22018 0.120168
4.22146 0.121463
4.22178 0.121772
4.22223 0.122216
4.22255 0.0225352
4.22267 0.022344
4.22267 0.022344
4.22267 0.022344
4.22293 0.0222773
4.22293 0.0222773
4.22293 0.0225969
4.22324 0.0222729
4.22324 0.0225924
4.22324 0.0222729
4.22356 0.0225879
4.22356 0.0222684
4.22356 0.0222684
4.22531 0.0252975
4.22563 0.0256107
4.22595 0.125936
4.22595 0.125936
4.2267 0.126691
4.2287 0.0286758
4.22902 0.0290101
4.23005 0.030045
4.2309 0.0308933
4.2316 0.031586
4.23192 0.131905
4.23239 0.13238
4.23287 0.0328523
4.23406 0.134045
4.23462 0.0346143
4.23581 0.135804
4.23613 0.0361243
4.23779 0.0377609
4.23836 0.0383496
4.23868 0.138668
4.23868 0.138668
4.23962 0.0396107
4.23994 0.139929
4.24026 0.0402349
4.24238 0.0423732
4.2427 0.0426927
4.24283 0.0228092
4.24283 0.0228092
4.24283 0.0228092
4.24283 0.0224897
4.24283 0.0224897
4.24283 0.0228092
4.24296 0.0229376
4.24296 0.0222986
4.24296 0.0226181
4.24296 0.0222986
4.24324 0.0225825
4.24324 0.022263
4.24324 0.022263
4.24356 0.143552
4.24702 0.147013
4.24702 0.0470119
4.24734 0.147333
4.24782 0.147808
4.2482 0.148189
4.25123 0.051198
4.2521 0.152094
4.25311 0.0530989
4.25343 0.0534184
4.25605 0.156039
4.25957 0.0595629
4.26228 0.0222583
4.26228 0.0222583
4.26228 0.0222583
4.2626 0.0222538
4.2626 0.0222538
4.2626 0.0225733
4.26294 0.0222804
4.26294 0.0226
4.26294 0.0222804
4.26326 0.0225955
4.26326 0.022276
4.26326 0.022276
4.26619 0.0661813
4.26847 0.0684603
4.27118 0.0711805
4.27318 0.073174
4.2736 0.0735868
4.27392 0.0739063
4.27679 0.0767763
4.2823 0.0222685
4.2823 0.0222685
4.2823 0.0222685
4.28261 0.022264
4.28261 0.022264
4.28261 0.0225835
4.28293 0.0222595
4.28293 0.022579
4.28293 0.0222595
4.28324 0.0225746
4.28324 0.022255
4.28324 0.022255
4.28356 0.0835503
4.28889 0.0888775
4.28939 0.0893836
4.29214 0.0921293
4.29376 0.0937403
4.29548 0.0954743
4.29783 0.0978008
4.29842 0.098415
4.2989 0.09889
4.30137 0.101356
4.3019 0.101893
4.30228 0.0222504
4.30228 0.0222504
4.30228 0.0222504
4.30263 0.022277
4.30263 0.022277
4.30263 0.0225965
4.30294 0.0222725
4.30294 0.022592
4.30294 0.0222725
4.30326 0.0225875
4.30326 0.022268
4.30326 0.022268
4.30451 0.104499
4.30498 0.104974
4.30627 0.106263
4.30684 0.106826
4.3074 0.107394
4.30772 0.107714
4.30772 0.107714
4.3091 0.109091
4.30979 0.109774
4.31011 0.110103
4.31043 0.110423
4.31043 0.110423
4.31075 0.110722
4.31107 0.111062
4.31232 0.112314
4.31264 0.112634
4.31371 0.1137
4.31453 0.114517
4.3155 0.11549
4.31961 0.119604
4.32015 0.120141
4.32147 0.121444
4.32179 0.121776
4.32223 0.122219
4.32255 0.0225476
4.32268 0.0223565
4.32268 0.0223565
4.32268 0.0223565
4.3229 0.0222587
4.3229 0.0222587
4.3229 0.0225782
4.32321 0.0222542
4.32321 0.0225737
4.32321 0.0222542
4.32356 0.0226003
4.32356 0.0222808
4.32356 0.0222808
4.32531 0.0253013
4.32563 0.0256231
4.32595 0.125939
4.32595 0.125939
4.32686 0.12685
4.3287 0.0286882
4.32902 0.0290139
4.32996 0.0299555
4.33091 0.030897
4.3316 0.0315898
4.33192 0.131908
4.33236 0.132352
4.33281 0.0328059
4.33406 0.134049
4.33469 0.0346803
4.33582 0.135808
4.33614 0.036128
4.33779 0.0377718
4.33836 0.0383534
4.33868 0.138672
4.339 0.138992
4.33966 0.039654
4.33998 0.139973
4.3403 0.0402869
4.34239 0.0423855
4.34271 0.042705
4.34284 0.0228301
4.34284 0.0228301
4.34284 0.0228301
4.34284 0.0225106
4.34284 0.0225106
4.34284 0.0228301
4.34297 0.0229585
4.34297 0.0223195
4.34297 0.022639
4.34297 0.0223195
4.34322 0.0225723
4.34322 0.0222528
4.34322 0.0222528
4.34354 0.143533
4.347 0.146994
4.34732 0.0473074
4.34732 0.147314
4.3478 0.147789
4.34818 0.148171
4.35124 0.0512189
4.35227 0.152262
4.35318 0.0531734
4.3535 0.0534929
4.35615 0.156144
4.35958 0.0595751
4.36229 0.0222792
4.36229 0.0222792
4.36229 0.0222792
4.36261 0.0222747
4.36261 0.0222747
4.36261 0.0225942
4.36292 0.0222702
4.36292 0.0225897
4.36292 0.0222702
4.36324 0.0225852
4.36324 0.0222657
4.36324 0.0222657
4.36617 0.0661624
4.36845 0.0684415
4.37132 0.0713172
4.3731 0.0730929
4.37361 0.073599
4.37393 0.0739185
4.37677 0.0767575
4.38228 0.0222583
4.38228 0.0222583
4.38228 0.0222583
4.38259 0.0222538
4.38259 0.0222538
4.38259 0.0225733
4.38294 0.0222804
4.38294 0.0225999
4.38294 0.0222804
4.38325 0.0225954
4.38325 0.0222759
4.38325 0.0222759
4.38357 0.0835625
4.38896 0.088952
4.38937 0.0893648
4.39215 0.0921415
4.39378 0.0937612
4.39546 0.0954555
4.39784 0.0978217
4.39841 0.0983962
4.39891 0.0989023
4.40135 0.101337
4.40188 0.101874
4.40229 0.0222713
4.40229 0.0222713
4.40229 0.0222713
4.40261 0.0222668
4.40261 0.0222668
4.40261 0.0225863
4.40292 0.0222623
4.40292 0.0225818
4.40292 0.0222623
4.40324 0.0225773
4.40324 0.0222578
4.40324 0.0222578
4.40452 0.104511
4.40487 0.104862
4.40625 0.106245
4.40685 0.106838
4.40738 0.107376
4.4077 0.107695
4.4077 0.107695
4.40871 0.108699
4.40977 0.109764
4.41009 0.110084
4.41041 0.110404
4.41041 0.110404
4.41073 0.110712
4.41105 0.111043
4.41227 0.112264
4.41259 0.112584
4.41363 0.113619
4.41454 0.114529
4.41551 0.115502
4.41984 0.119834
4.42019 0.120185
4.42145 0.121434
4.42177 0.121757
4.42224 0.122232
4.42256 0.0225374
4.42269 0.0223463
4.42269 0.0223463
4.42269 0.0223463
4.42294 0.0222796
4.42294 0.0222796
4.42294 0.0225991
4.42326 0.0222751
4.42326 0.0225946
4.42326 0.0222751
4.42357 0.0225901
4.42357 0.0222706
4.42357 0.0222706
4.42532 0.0253135
4.42564 0.0256129
4.42596 0.125952
4.42596 0.125952
4.42672 0.126707
4.42868 0.028678
4.429 0.028995
4.43004 0.0300299
4.43092 0.0309093
4.43158 0.0315709
4.4319 0.13189
4.43237 0.132365
4.43282 0.0327992
4.43407 0.134061
4.43461 0.0345993
4.43583 0.13582
4.43615 0.0361403
4.43781 0.0377828
4.43834 0.0383345
4.43866 0.138653
4.43898 0.138973
4.43961 0.0396041
4.43993 0.139923
4.44025 0.0402456
4.44237 0.0423666
4.44269 0.0426861
4.44282 0.0228199
4.44282 0.0228199
4.44282 0.0228199
4.44282 0.0225004
4.44282 0.0225004
4.44282 0.0228199
4.44295 0.0229483
4.44295 0.0223093
4.44295 0.0226288
4.44295 0.0223093
4.44343 0.143417
4.44355 0.0229127
4.44355 0.0225932
4.44355 0.0225932
4.44702 0.147007
4.44734 0.0473144
4.44734 0.147326
4.44784 0.147832
4.44819 0.148183
4.45125 0.0512398
4.45225 0.152243
4.45316 0.0531545
4.45348 0.053474
4.45604 0.156032
4.4596 0.0595873
4.46227 0.022269
4.46227 0.022269
4.46227 0.022269
4.46259 0.0222645
4.46259 0.0222645
4.46259 0.022584
4.4629 0.02226
4.4629 0.0225795
4.4629 0.02226
4.46322 0.022575
4.46322 0.0222555
4.46322 0.0222555
4.46618 0.0661747
4.46846 0.0684537
4.47133 0.0713295
4.47321 0.0731985
4.47359 0.0735802
4.47391 0.0738997
4.47678 0.0767697
4.48229 0.0222792
4.48229 0.0222792
4.48229 0.0222792
4.4826 0.0222747
4.4826 0.0222747
4.4826 0.0225942
4.48292 0.0222702
4.48292 0.0225897
4.48292 0.0222702
4.48323 0.0225852
4.48323 0.0222657
4.48323 0.0222657
4.48355 0.0835436
4.48888 0.0888709
4.48939 0.089377
4.49213 0.0921226
4.49376 0.093751
4.49548 0.0954677
4.49779 0.0977804
4.49842 0.0984084
4.49889 0.0988834
4.50136 0.101349
4.50189 0.101886
4.50227 0.0222611
4.50227 0.0222611
4.50227 0.0222611
4.50259 0.0222566
4.50259 0.0222566
4.50259 0.0225761
4.5029 0.0222521
4.5029 0.0225716
4.5029 0.0222521
4.50325 0.0225982
4.50325 0.0222787
4.50325 0.0222787
4.5045 0.104492
4.50491 0.104905
4.50626 0.106257
4.50683 0.106819
4.5074 0.107388
4.50772 0.107707
4.50772 0.107707
4.50891 0.108898
4.50979 0.109785
4.5101 0.110097
4.5101 0.110097
4.51042 0.110416
4.51074 0.110732
4.51106 0.111055
4.51222 0.112214
4.51254 0.112534
4.5137 0.113693
4.51452 0.11451
4.51549 0.115483
4.51976 0.119753
4.52017 0.120166
4.52146 0.121455
4.52178 0.121769
4.52225 0.122244
4.52257 0.0225583
4.5227 0.0223671
4.5227 0.0223671
4.5227 0.0223671
4.52292 0.0222693
4.52292 0.0222693
4.52292 0.0225888
4.52324 0.0222648
4.52324 0.0225844
4.52324 0.0222648
4.52355 0.0225799
4.52355 0.0222604
4.52355 0.0222604
4.5253 0.0252947
4.52562 0.0256027
4.52594 0.125933
4.52594 0.125933
4.52673 0.126719
4.5287 0.0286678
4.52901 0.0290073
4.53005 0.0300422
4.5309 0.0308904
4.53159 0.0315832
4.53191 0.131902
4.53239 0.132377
4.53286 0.0328547
4.53405 0.134042
4.53462 0.0346115
4.53587 0.135863
4.53619 0.0361836
4.53779 0.0377847
4.53835 0.0383468
4.53867 0.138665
4.53867 0.138665
4.53962 0.0396078
4.53993 0.139927
4.54025 0.0402269
4.54238 0.0423704
4.5427 0.0426899
4.54283 0.0228012
4.54283 0.0228012
4.54283 0.0228012
4.54283 0.0224817
4.54283 0.0224817
4.54283 0.0228012
4.54295 0.0229296
4.54295 0.0222906
4.54295 0.0226101
4.54295 0.0222906
4.54324 0.0225745
4.54324 0.022255
4.54324 0.022255
4.54356 0.143549
4.54702 0.14701
4.54734 0.047313
4.54734 0.14733
4.54781 0.147805
4.54838 0.148373
4.55122 0.05119
4.55226 0.152247
4.5532 0.0531894
4.55352 0.0535089
4.55601 0.156005
4.5596 0.0595911
4.56228 0.0222503
4.56228 0.0222503
4.56228 0.0222503
4.56262 0.0222769
4.56262 0.0222769
4.56262 0.0225964
4.56294 0.0222724
4.56294 0.0225919
4.56294 0.0222724
4.56325 0.0225875
4.56325 0.022268
4.56325 0.022268
4.56619 0.0661784
4.56846 0.0684575
4.57118 0.0711777
4.57321 0.0732022
4.57353 0.0735217
4.57385 0.0738412
4.57678 0.0767735
4.58229 0.0222605
4.58229 0.0222605
4.58229 0.0222605
4.58261 0.022256
4.58261 0.022256
4.58261 0.0225755
4.58292 0.0222515
4.58292 0.022571
4.58292 0.0222515
4.58346 0.0834501
4.58359 0.0229172
4.58359 0.0225977
4.58359 0.0225977
4.58888 0.0888747
4.58939 0.0893808
4.59213 0.0921264
4.59379 0.0937634
4.59548 0.0954715
4.59788 0.097855
4.59842 0.0984122
4.59889 0.0988872
4.6013 0.101291
4.6019 0.10189
4.60227 0.0222735
4.60227 0.0222735
4.60227 0.0222735
4.60259 0.022269
4.60259 0.022269
4.60259 0.0225885
4.6029 0.0222645
4.6029 0.022584
4.6029 0.0222645
4.60322 0.0225795
4.60322 0.02226
4.60322 0.02226
4.6045 0.104496
4.60489 0.104878
4.60626 0.106261
4.60686 0.106854
4.6074 0.107392
4.60772 0.107711
4.60772 0.107711
4.60872 0.108715
4.60979 0.109766
4.61011 0.1101
4.61043 0.11042
4.61043 0.11042
4.61075 0.110745
4.61075 0.110739
4.61228 0.112272
4.6126 0.112591
4.6137 0.113689
4.61451 0.114506
4.61549 0.115478
4.61966 0.119655
4.62014 0.12013
4.62145 0.121427
4.62177 0.121764
4.62225 0.122239
4.62257 0.0225622
4.62269 0.0223711
4.62269 0.0223711
4.62269 0.0223711
4.62292 0.0222733
4.62292 0.0222733
4.62292 0.0225928
4.62323 0.0222688
4.62323 0.0225883
4.62323 0.0222688
4.62355 0.0225838
4.62355 0.0222643
4.62355 0.0222643
4.6253 0.02529
4.62562 0.0256066
4.62594 0.125928
4.62594 0.125928
4.62694 0.126932
4.62872 0.0287028
4.62904 0.0290337
4.62995 0.0299442
4.63089 0.0308858
4.63159 0.0315785
4.6319 0.131897
4.63238 0.132372
4.63282 0.0327999
4.63408 0.134069
4.63458 0.0345757
4.63583 0.135828
4.63615 0.0361479
4.63781 0.0378099
4.63835 0.0383421
4.63867 0.138661
4.63899 0.13898
4.63968 0.0396738
4.64 0.139993
4.64032 0.0403015
4.64238 0.0423742
4.6427 0.0426937
4.64283 0.0228136
4.64283 0.0228136
4.64283 0.0228136
4.64283 0.0224941
4.64283 0.0224941
4.64283 0.0228136
4.64296 0.022942
4.64296 0.022303
4.64296 0.0226225
4.64296 0.022303
4.64343 0.143425
4.64356 0.0229064
4.64356 0.0225869
4.64356 0.0225869
4.64699 0.146983
4.64731 0.0472805
4.64731 0.147302
4.64782 0.147809
4.6482 0.14819
4.65125 0.0512335
4.65229 0.152282
4.65317 0.0531621
4.65349 0.0534816
4.65614 0.156133
4.65963 0.059626
4.66228 0.0222627
4.66228 0.0222627
4.66228 0.0222627
4.6626 0.0222583
4.6626 0.0222583
4.6626 0.0225778
4.66291 0.0222538
4.66291 0.0225733
4.66291 0.0222538
4.66326 0.0225999
4.66326 0.0222804
4.66326 0.0222804
4.66622 0.0662133
4.66847 0.0684613
4.67134 0.071337
4.67312 0.0731127
4.67359 0.0735877
4.67391 0.0739072
4.67678 0.0767773
4.68229 0.0222729
4.68229 0.0222729
4.68229 0.0222729
4.68261 0.0222684
4.68261 0.0222684
4.68261 0.022588
4.68292 0.022264
4.68292 0.0225835
4.68292 0.022264
4.68324 0.022579
4.68324 0.0222595
4.68324 0.0222595
4.68356 0.0835512
4.68889 0.0888785
4.68939 0.0893846
4.69214 0.0921302
4.69376 0.0937447
4.69545 0.0954442
4.69789 0.0978674
4.69842 0.098416
4.69893 0.0989221
4.70127 0.101263
4.70174 0.101738
4.70228 0.0222548
4.70228 0.0222548
4.70228 0.0222548
4.70259 0.0222503
4.70259 0.0222503
4.70259 0.0225698
4.70294 0.0222769
4.70294 0.0225964
4.70294 0.0222769
4.70325 0.0225919
4.70325 0.0222724
4.70325 0.0222724
4.70451 0.1045
4.70489 0.104882
4.70627 0.106264
4.70683 0.106827
4.7074 0.107395
4.70772 0.107715
4.70772 0.107715
4.70873 0.108719
4.70979 0.109779
4.71011 0.110104
4.71043 0.110424
4.71043 0.110424
4.71075 0.110726
4.71107 0.111063
4.71232 0.112315
4.71264 0.112635
4.71361 0.113608
4.71452 0.114518
4.7155 0.115491
4.71964 0.119636
4.72018 0.120173
4.72143 0.121417
4.72175 0.121745
4.72223 0.12222
4.72255 0.0225209
4.72267 0.0223298
4.72267 0.0223298
4.72267 0.0223298
4.72293 0.0222631
4.72293 0.0222631
4.72293 0.0225826
4.72324 0.0222586
4.72324 0.0225781
4.72324 0.0222586
4.72356 0.0225736
4.72356 0.0222541
4.72356 0.0222541
4.72531 0.0253022
4.72563 0.0256275
4.72595 0.12594
4.72595 0.12594
4.72683 0.12682
4.7287 0.0286926
4.72902 0.0290148
4.72996 0.0299564
4.73093 0.0309291
4.7316 0.0315908
4.73192 0.131909
4.73236 0.132353
4.73287 0.0328553
4.73406 0.13405
4.73459 0.034588
4.73588 0.135871
4.7362 0.0361912
4.73779 0.037761
4.73836 0.0383543
4.73868 0.138673
4.73868 0.138673
4.73962 0.0396154
4.73994 0.139934
4.74026 0.0402517
4.74238 0.042378
4.7427 0.0426975
4.74283 0.0228261
4.74283 0.0228261
4.74283 0.0228261
4.74283 0.0225066
4.74283 0.0225066
4.74283 0.0228261
4.74296 0.0229545
4.74296 0.0223154
4.74296 0.0226349
4.74296 0.0223154
4.74324 0.0225993
4.74324 0.0222798
4.74324 0.0222798
4.74356 0.143557
4.74699 0.146987
4.74731 0.0473102
4.74731 0.147306
4.74782 0.147812
4.74823 0.148225
4.75123 0.0512149
4.75226 0.152255
4.75317 0.0531659
4.75349 0.0534854
4.75608 0.156075
4.7596 0.0595987
4.76228 0.0222752
4.76228 0.0222752
4.76228 0.0222752
4.7626 0.0222707
4.7626 0.0222707
4.7626 0.0225902
4.76291 0.0222662
4.76291 0.0225857
4.76291 0.0222662
4.76323 0.0225812
4.76323 0.0222617
4.76323 0.0222617
4.76629 0.0662793
4.76847 0.0684651
4.77119 0.0711853
4.77318 0.0731787
4.7736 0.0735915
4.77392 0.073911
4.77679 0.0767811
4.78227 0.0222543
4.78227 0.0222543
4.78227 0.0222543
4.78261 0.0222809
4.78261 0.0222809
4.78261 0.0226004
4.78293 0.0222764
4.78293 0.0225959
4.78293 0.0222764
4.78324 0.0225914
4.78324 0.0222719
4.78324 0.0222719
4.78356 0.083555
4.78892 0.0889133
4.78939 0.0893884
4.79214 0.092134
4.79377 0.0937572
4.79545 0.0954479
4.79773 0.0977243
4.79839 0.0983887
4.7989 0.0988948
4.80127 0.101267
4.80175 0.101742
4.80228 0.0222672
4.80228 0.0222672
4.80228 0.0222672
4.8026 0.0222627
4.8026 0.0222627
4.8026 0.0225822
4.80291 0.0222582
4.80291 0.0225777
4.80291 0.0222582
4.80323 0.0225732
4.80323 0.0222537
4.80323 0.0222537
4.80451 0.104504
4.80492 0.104917
4.80627 0.106268
4.80684 0.106831
4.80737 0.107368
4.80769 0.107688
4.80769 0.107688
4.80873 0.108722
4.80976 0.10976
4.81008 0.110077
4.81008 0.110077
4.8104 0.110396
4.81072 0.110707
4.81104 0.111035
4.81229 0.112288
4.81261 0.112607
4.81362 0.113611
4.81453 0.114522
4.8155 0.115494
4.81961 0.119609
4.82015 0.120146
4.82144 0.12143
4.82175 0.121749
4.82223 0.122224
4.82255 0.0225333
4.82268 0.0226617
4.82268 0.0226617
4.82268 0.0223422
4.82268 0.0223422
4.82268 0.0223422
4.82293 0.0222755
4.82293 0.0222755
4.82293 0.022595
4.82325 0.022271
4.82325 0.0225905
4.82325 0.022271
4.82531 0.025302
4.82563 0.0256048
4.82595 0.12594
4.82627 0.12626
4.82671 0.126704
4.82871 0.0286784
4.82903 0.0290231
4.82988 0.0298714
4.83088 0.0308752
4.83157 0.0315679
4.83189 0.131887
4.83237 0.132362
4.8329 0.0328757
4.83406 0.134058
4.8346 0.0345962
4.83585 0.135848
4.83617 0.0361684
4.8378 0.0377983
4.83837 0.0383626
4.83869 0.138681
4.83869 0.138681
4.83963 0.0396237
4.83995 0.139942
4.84027 0.0402375
4.8423 0.0422929
4.84262 0.0426124
4.84275 0.022727
4.84275 0.022727
4.84275 0.022727
4.84275 0.0224075
4.84275 0.0224075
4.84275 0.022727
4.843 0.0223448
4.843 0.0226643
4.843 0.0223448
4.84326 0.0225976
4.84326 0.0222781
4.84326 0.0222781
4.84357 0.143569
4.847 0.146999
4.84732 0.0473173
4.84732 0.147319
4.84783 0.147825
4.84815 0.148144
4.85124 0.0512357
4.85224 0.152236
4.85315 0.053147
4.85347 0.0534665
4.85603 0.156025
4.85958 0.0595798
4.86229 0.0222734
4.86229 0.0222734
4.86229 0.0222734
4.86261 0.0222689
4.86261 0.0222689
4.86261 0.0225884
4.86292 0.0222644
4.86292 0.0225839
4.86292 0.0222644
4.86324 0.0225795
4.86324 0.0222599
4.86324 0.0222599
4.86592 0.0659183
4.86845 0.0684462
4.87141 0.0713841
4.8732 0.0731909
4.87361 0.0736038
4.87393 0.0739233
4.87677 0.0767622
4.88228 0.0222525
4.88228 0.0222525
4.88228 0.0222525
4.88262 0.0222791
4.88262 0.0222791
4.88262 0.0225986
4.88294 0.0222746
4.88294 0.0225941
4.88294 0.0222746
4.88325 0.0225896
4.88325 0.0222701
4.88325 0.0222701
4.88357 0.0835672
4.88887 0.0888634
4.88937 0.0893695
4.89215 0.0921462
4.89378 0.093747
4.89547 0.0954602
4.89787 0.0978385
4.89841 0.0984009
4.89888 0.0988759
4.90128 0.101279
4.90176 0.101754
4.90229 0.0222655
4.90229 0.0222655
4.90229 0.0222655
4.90261 0.022261
4.90261 0.022261
4.90261 0.0225805
4.90292 0.0222565
4.90292 0.022576
4.90292 0.0222565
4.90324 0.0225715
4.90324 0.022252
4.90324 0.022252
4.90455 0.104547
4.90487 0.104867
4.90628 0.106249
4.90685 0.106843
4.90739 0.10738
4.9077 0.1077
4.90802 0.108019
4.90872 0.108712
4.90981 0.10979
4.91013 0.110129
4.91045 0.110448
4.91045 0.110448
4.91077 0.110768
4.91077 0.110768
4.9124 0.112394
4.91272 0.112713
4.91369 0.113686
4.91451 0.114503
4.91551 0.115507
4.91963 0.119621
4.92016 0.120158
4.92142 0.121388
4.92174 0.12173
4.92224 0.122236
4.92256 0.0225316
4.92269 0.02266
4.92269 0.02266
4.92269 0.0223405
4.92269 0.0223405
4.92269 0.0223405
4.92294 0.0222738
4.92294 0.0222738
4.92294 0.0225933
4.92326 0.0222693
4.92326 0.0225888
4.92326 0.0222693
4.92532 0.0253143
4.92564 0.0256257
4.92596 0.125952
4.92596 0.125952
4.92684 0.126832
4.92871 0.0286909
4.92903 0.0290269
4.92988 0.0298752
4.93088 0.0308789
4.93158 0.0315717
4.9319 0.13189
4.93234 0.0323232
4.93266 0.132654
4.93407 0.134062
4.9346 0.0346
4.93586 0.135852
4.93618 0.0361722
4.9378 0.0377833
4.93834 0.0383353
4.93866 0.138654
4.93866 0.138654
4.93966 0.0396586
4.93998 0.139977
4.9403 0.0402811
4.9423 0.0422967
4.94262 0.0426162
4.94275 0.0227479
4.94275 0.0227479
4.94275 0.0227479
4.94275 0.0224284
4.94275 0.0224284
4.94275 0.0227479
4.94301 0.0223657
4.94301 0.0226852
4.94301 0.0223657
4.94333 0.14332
4.94345 0.0228136
4.94345 0.0224941
4.94345 0.0224941
4.94701 0.147003
4.94733 0.0473159
4.94733 0.147322
4.94783 0.147828
4.94818 0.148179
4.95124 0.0512171
4.95224 0.152239
4.95315 0.0531508
4.95347 0.0534703
4.95603 0.156028
4.95959 0.0595836
4.96227 0.0222632
4.96227 0.0222632
4.96227 0.0222632
4.96258 0.0222587
4.96258 0.0222587
4.96258 0.0225782
4.9629 0.0222542
4.9629 0.0225737
4.9629 0.0222542
4.96324 0.0226003
4.96324 0.0222808
4.96324 0.0222808
4.96602 0.0660154
4.96845 0.06845
4.9712 0.0711702
4.9732 0.0731947
4.97361 0.0736075
4.97393 0.073927
4.97677 0.076766
4.98228 0.0222734
4.98228 0.0222734
4.98228 0.0222734
4.98259 0.0222689
4.98259 0.0222689
4.98259 0.0225884
4.98291 0.0222644
4.98291 0.0225839
4.98291 0.0222644
4.98322 0.0225794
4.98322 0.0222599
4.98322 0.0222599
4.98354 0.0835399
4.9889 0.0888983
4.98947 0.0894666
4.99215 0.09215
4.99378 0.0937594
4.99547 0.095464
4.99784 0.0978198
4.99841 0.0984047
4.99888 0.0988797
5.00135 0.101345
5.00176 0.101758
5.00226 0.0222553
5.00226 0.0222553
5.00226 0.0222553
5.00258 0.0222508
5.00258 0.0222508
5.00258 0.0225703
5.00293 0.0222774
5.00293 0.0225969
5.00293 0.0222774
5.00324 0.0225924
5.00324 0.0222729
5.00324 0.0222729
5.00456 0.104558
5.00488 0.104877
5.00629 0.10626
5.00686 0.106854
5.0074 0.107391
5.00771 0.107711
5.00803 0.10803
5.00873 0.108723
5.00982 0.109809
5.01014 0.110139
5.01014 0.110139
5.01046 0.110459
5.01078 0.110756
5.0111 0.111098
5.01235 0.112351
5.01267 0.11267
5.01346 0.113456
5.01453 0.114522
5.0155 0.115495
5.01964 0.11964
5.02015 0.120146
5.02147 0.121447
5.02178 0.121781
5.02223 0.122224
5.02255 0.0225368
5.02293 0.022279
5.02293 0.022279
5.02324 0.0222745
5.02324 0.022594
5.02324 0.0222745
5.02531 0.0253024
5.02563 0.0256225
5.02594 0.125941
5.02594 0.125941
5.02704 0.127038
5.02876 0.0287498
5.02908 0.0290772
5.02987 0.0298632
5.0309 0.0308981
5.03159 0.0315909
5.03191 0.13191
5.03239 0.132385
5.03271 0.0326825
5.03405 0.13405
5.03459 0.0345881
5.03588 0.135871
5.03619 0.0361914
5.03782 0.0378147
5.03839 0.0383856
5.03871 0.138704
5.03871 0.138704
5.03962 0.0396156
5.03994 0.139934
5.04026 0.0402467
5.04229 0.0422848
5.04261 0.0426043
5.04274 0.022722
5.04274 0.022722
5.04274 0.022722
5.04274 0.0224025
5.04274 0.0224025
5.04274 0.022722
5.04299 0.0223398
5.04299 0.0226593
5.04299 0.0223398
5.04325 0.0225926
5.04325 0.0222731
5.04325 0.0222731
5.04357 0.143561
5.047 0.146991
5.04731 0.0472988
5.04731 0.14731
5.04782 0.147817
5.0482 0.148198
5.05126 0.0512449
5.05223 0.152228
5.05314 0.0531389
5.05346 0.0534584
5.05605 0.156048
5.05964 0.0596339
5.06229 0.0222684
5.06229 0.0222684
5.06229 0.0222684
5.0626 0.0222639
5.0626 0.0222639
5.0626 0.0225834
5.06292 0.0222594
5.06292 0.0225789
5.06292 0.0222594
5.06323 0.0225744
5.06323 0.0222549
5.06323 0.0222549
5.06622 0.0662212
5.06847 0.0684692
5.07122 0.0711894
5.07319 0.0731828
5.0736 0.0735956
5.07392 0.0739151
5.07679 0.0767852
5.0823 0.0222786
5.0823 0.0222786
5.0823 0.0222786
5.08261 0.0222741
5.08261 0.0222741
5.08261 0.0225936
5.08293 0.0222696
5.08293 0.0225891
5.08293 0.0222696
5.08324 0.0225846
5.08324 0.0222651
5.08324 0.0222651
5.08356 0.0835591
5.08889 0.0888864
5.08952 0.0895169
5.09214 0.0921381
5.09377 0.0937561
5.09546 0.0954521
5.09783 0.0978166
5.0984 0.0983928
5.09893 0.09893
5.10124 0.10124
5.10191 0.101902
5.10228 0.0222605
5.10228 0.0222605
5.10228 0.0222605
5.1026 0.022256
5.1026 0.022256
5.1026 0.0225755
5.10294 0.0222826
5.10294 0.0226021
5.10294 0.0222826
5.10326 0.0225976
5.10326 0.0222781
5.10326 0.0222781
5.10451 0.104508
5.10489 0.10489
5.10627 0.106241
5.10684 0.106835
5.10738 0.107372
5.10769 0.107692
5.10801 0.108011
5.10902 0.109015
5.10977 0.109768
5.11009 0.110089
5.11041 0.110409
5.11041 0.110409
5.11073 0.110715
5.11105 0.111048
5.1123 0.112301
5.11262 0.11262
5.11347 0.113468
5.11451 0.114503
5.11551 0.115507
5.11962 0.119621
5.12022 0.120221
5.12148 0.121468
5.1218 0.121793
5.12224 0.122237
5.12256 0.022535
5.12269 0.0226634
5.12269 0.0226634
5.12269 0.0223439
5.12269 0.0223439
5.12269 0.0223439
5.12294 0.0222772
5.12294 0.0222772
5.12294 0.0225967
5.12326 0.0222727
5.12326 0.0225922
5.12326 0.0222727
5.12532 0.0253146
5.12564 0.0256123
5.12596 0.125953
5.12628 0.126272
5.12694 0.126934
5.12869 0.0286858
5.12901 0.0290046
5.12989 0.029884
5.13092 0.0309189
5.13158 0.0315805
5.1319 0.131899
5.13238 0.132374
5.1327 0.0326927
5.13414 0.134133
5.13467 0.034671
5.1359 0.135892
5.13621 0.0362121
5.13781 0.0378075
5.13835 0.0383441
5.13867 0.138663
5.13867 0.138663
5.13967 0.0396674
5.13999 0.139986
5.14031 0.0403072
5.14228 0.0422744
5.1426 0.0425939
5.14272 0.0226976
5.14272 0.0226976
5.14272 0.0226976
5.14272 0.0223781
5.14272 0.0223781
5.14272 0.0226976
5.14298 0.0223154
5.14298 0.0226349
5.14298 0.0223154
5.14327 0.0225993
5.14327 0.0222798
5.14327 0.0222798
5.14359 0.143582
5.14701 0.147012
5.14733 0.0473144
5.14733 0.147331
5.14781 0.147806
5.14813 0.148126
5.15122 0.051212
5.15228 0.152279
5.15316 0.0531596
5.15348 0.0534791
5.15617 0.156162
5.15963 0.0596235
5.1623 0.0222751
5.1623 0.0222751
5.1623 0.0222751
5.16262 0.0222706
5.16262 0.0222706
5.16262 0.0225901
5.16293 0.0222661
5.16293 0.0225856
5.16293 0.0222661
5.16325 0.0225812
5.16325 0.0222617
5.16325 0.0222617
5.16618 0.0661797
5.16846 0.0684588
5.17124 0.0712101
5.17321 0.0732035
5.17362 0.0736163
5.17394 0.0739359
5.17678 0.0767748
5.18229 0.0222853
5.18229 0.0222853
5.18229 0.0222853
5.1826 0.0222808
5.1826 0.0222808
5.1826 0.0226003
5.18292 0.0222763
5.18292 0.0225958
5.18292 0.0222763
5.18323 0.0225913
5.18323 0.0222718
5.18323 0.0222718
5.18355 0.0835487
5.18888 0.088876
5.18945 0.0894443
5.19179 0.0917856
5.19376 0.0937544
5.19544 0.0954417
5.19782 0.0978148
5.19838 0.0983824
5.19892 0.0989196
5.20126 0.101261
5.20189 0.101891
5.20227 0.0222672
5.20227 0.0222672
5.20227 0.0222672
5.20259 0.0222627
5.20259 0.0222627
5.20259 0.0225822
5.2029 0.0222582
5.2029 0.0225777
5.2029 0.0222582
5.20325 0.0226043
5.20325 0.0222848
5.20325 0.0222848
5.20444 0.104435
5.20494 0.104941
5.20629 0.106262
5.20683 0.106825
5.2074 0.107393
5.20771 0.107712
5.20803 0.108032
5.20876 0.108756
5.20992 0.10989
5.21024 0.110235
5.21024 0.110235
5.21056 0.110554
5.21088 0.110869
5.21088 0.110874
5.21235 0.112344
5.21267 0.112663
5.21355 0.113543
5.21449 0.114484
5.21549 0.115488
5.21964 0.119633
5.22017 0.120171
5.22146 0.121427
5.22178 0.121774
5.22225 0.122249
5.22257 0.0225644
5.2227 0.0226928
5.2227 0.0226928
5.2227 0.0223733
5.2227 0.0223733
5.2227 0.0223733
5.22292 0.0222755
5.22292 0.0222755
5.22292 0.022595
5.22324 0.022271
5.22324 0.0225905
5.22324 0.022271
5.22533 0.0253269
5.22565 0.0256331
5.22597 0.125965
5.22597 0.125965
5.22682 0.126813
5.22872 0.0286983
5.22904 0.0290395
5.22986 0.0298566
5.23089 0.0308915
5.23159 0.0315843
5.23191 0.131903
5.23238 0.132378
5.23238 0.0323664
5.2341 0.134097
5.23461 0.0346041
5.23586 0.135856
5.23618 0.0361763
5.2378 0.0377748
5.23834 0.0383394
5.23866 0.138658
5.23866 0.138658
5.2397 0.0396938
5.24002 0.140012
5.24033 0.0403111
5.2423 0.0423008
5.24262 0.0426203
5.24275 0.0227412
5.24275 0.0227412
5.24275 0.0227412
5.24275 0.0224216
5.24275 0.0224216
5.24275 0.0227412
5.24301 0.0223589
5.24301 0.0226784
5.24301 0.0223589
5.24339 0.143386
5.24352 0.022869
5.24352 0.0225495
5.24352 0.0225495
5.24701 0.147007
5.24733 0.0473045
5.24733 0.147326
5.24777 0.14777
5.24822 0.148214
5.2513 0.0512782
5.25215 0.15215
5.25309 0.0530927
5.25341 0.0534122
5.25616 0.156157
5.25962 0.0596188
5.26227 0.0222564
5.26227 0.0222564
5.26227 0.0222564
5.26261 0.0222831
5.26261 0.0222831
5.26261 0.0226026
5.26293 0.0222786
5.26293 0.0225981
5.26293 0.0222786
5.26324 0.0225936
5.26324 0.0222741
5.26324 0.0222741
5.26618 0.066175
5.26846 0.0684541
5.2712 0.0711743
5.27311 0.0731055
5.27361 0.0736117
5.27393 0.0739312
5.27677 0.0767701
5.28228 0.0222666
5.28228 0.0222666
5.28228 0.0222666
5.2826 0.0222621
5.2826 0.0222621
5.2826 0.0225817
5.28291 0.0222577
5.28291 0.0225772
5.28291 0.0222577
5.28345 0.0834467
5.28358 0.0229233
5.28358 0.0226038
5.28358 0.0226038
5.2889 0.0889024
5.28944 0.0894396
5.29178 0.0917809
5.29378 0.0937583
5.29544 0.095437
5.29787 0.0978499
5.29838 0.0983777
5.29895 0.098946
5.30088 0.100883
5.30192 0.101918
5.3023 0.0222796
5.3023 0.0222796
5.3023 0.0222796
5.30261 0.0222751
5.30261 0.0222751
5.30261 0.0225946
5.30293 0.0222706
5.30293 0.0225901
5.30293 0.0222706
5.30324 0.0225856
5.30324 0.0222661
5.30324 0.0222661
5.30456 0.104555
5.30488 0.104874
5.30628 0.106257
5.30685 0.106851
5.30736 0.107357
5.30768 0.107677
5.30768 0.107677
5.30893 0.108929
5.30978 0.109761
5.3101 0.110097
5.31042 0.110416
5.31042 0.110416
5.31074 0.110709
5.31106 0.111056
5.31234 0.112339
5.31266 0.112659
5.31348 0.113476
5.31448 0.11448
5.31549 0.115484
5.31963 0.119629
5.32014 0.120135
5.32145 0.121431
5.32177 0.121769
5.32225 0.122244
5.32257 0.0225457
5.32269 0.0226741
5.32269 0.0226741
5.32269 0.0223546
5.32269 0.0223546
5.32269 0.0223546
5.32292 0.0222568
5.32292 0.0222568
5.32292 0.0225763
5.32326 0.0222834
5.32326 0.0226029
5.32326 0.0222834
5.32532 0.0253222
5.32564 0.0256371
5.32596 0.12596
5.32596 0.12596
5.32681 0.126809
5.32869 0.0286711
5.329 0.0290037
5.32988 0.0298831
5.33092 0.030918
5.33158 0.0315796
5.3319 0.131898
5.33238 0.132373
5.33269 0.0326707
5.33407 0.13407
5.33461 0.0346079
5.33589 0.135891
5.33621 0.0362112
5.33781 0.0377817
5.33841 0.0384054
5.33873 0.138724
5.33873 0.138724
5.33961 0.0396043
5.33992 0.139923
5.34024 0.0402302
5.34227 0.0422735
5.34259 0.042593
5.34272 0.0226998
5.34272 0.0226998
5.34272 0.0226998
5.34272 0.0223803
5.34272 0.0223803
5.34272 0.0226998
5.34298 0.0223176
5.34298 0.0226371
5.34298 0.0223176
5.34326 0.0226015
5.34326 0.022282
5.34326 0.022282
5.34358 0.143581
5.34636 0.0463304
5.34699 0.146988
5.34731 0.147308
5.34778 0.147783
5.34823 0.148227
5.35125 0.0512369
5.35213 0.152131
5.35311 0.0531049
5.35343 0.0534245
5.35617 0.156169
5.35935 0.0593511
5.36228 0.0222547
5.36228 0.0222547
5.36228 0.0222547
5.36263 0.0222813
5.36263 0.0222813
5.36263 0.0226008
5.36294 0.0222768
5.36294 0.0225963
5.36294 0.0222768
5.36326 0.0225918
5.36326 0.0222723
5.36326 0.0222723
5.36628 0.0662806
5.36847 0.0684663
5.37131 0.0712799
5.37312 0.0731178
5.37359 0.0735928
5.37391 0.0739123
5.37675 0.0767512
5.38229 0.0222649
5.38229 0.0222649
5.38229 0.0222649
5.38261 0.0222604
5.38261 0.0222604
5.38261 0.0225799
5.38292 0.0222559
5.38292 0.0225754
5.38292 0.0222559
5.38346 0.083459
5.38359 0.0229215
5.38359 0.022602
5.38359 0.022602
5.38888 0.0888835
5.38942 0.0894208
5.39176 0.091762
5.39376 0.0937481
5.39545 0.0954492
5.39782 0.0978086
5.39839 0.0983899
5.39896 0.0989583
5.40127 0.101268
5.4019 0.101899
5.40231 0.0222779
5.40231 0.0222779
5.40231 0.0222779
5.40262 0.0222734
5.40262 0.0222734
5.40262 0.0225929
5.40294 0.0222689
5.40294 0.0225884
5.40294 0.0222689
5.40325 0.0225839
5.40325 0.0222644
5.40325 0.0222644
5.40454 0.104536
5.40489 0.104887
5.4063 0.106269
5.40662 0.106614
5.40693 0.106934
5.4075 0.107502
5.40782 0.107822
5.4088 0.108794
5.40977 0.10976
5.41009 0.110087
5.41041 0.110406
5.41041 0.110406
5.41073 0.110707
5.41105 0.111045
5.41233 0.112329
5.41265 0.112648
5.41359 0.11359
5.4145 0.1145
5.41547 0.115473
5.41962 0.119618
5.42019 0.120187
5.42144 0.121429
5.42176 0.121759
5.42227 0.122265
5.42259 0.0225835
5.42271 0.0227119
5.42271 0.0227119
5.42271 0.0223924
5.42271 0.0223924
5.42271 0.0223924
5.4229 0.0222635
5.4229 0.0222635
5.4229 0.022583
5.42322 0.022259
5.42322 0.0225785
5.42322 0.022259
5.42531 0.0253118
5.42563 0.0256042
5.42595 0.12595
5.42595 0.12595
5.42692 0.126923
5.4287 0.0287005
5.42902 0.0290244
5.42987 0.0298727
5.43094 0.0309387
5.4316 0.0316003
5.43192 0.131919
5.43236 0.132363
5.43268 0.0326809
5.43412 0.134122
5.43469 0.0346908
5.43585 0.135849
5.43617 0.0361697
5.4378 0.0377692
5.43836 0.0383639
5.43868 0.138683
5.43868 0.138683
5.43969 0.0396872
5.44001 0.140006
5.44033 0.0403218
5.44229 0.0422942
5.44261 0.0426137
5.44274 0.0227377
5.44274 0.0227377
5.44274 0.0227377
5.44274 0.0224182
5.44274 0.0224182
5.44274 0.0227377
5.443 0.0223554
5.443 0.0226749
5.443 0.0223554
5.44332 0.143318
5.44345 0.0228033
5.44345 0.0224838
5.44345 0.0224838
5.44635 0.0463233
5.44701 0.147009
5.44733 0.147328
5.44777 0.147772
5.44815 0.148154
5.4513 0.0512974
5.45162 0.151623
5.45313 0.0531257
5.45345 0.0534452
5.45616 0.156159
5.45934 0.0593408
5.46227 0.0222614
5.46227 0.0222614
5.46227 0.0222614
5.46258 0.0222569
5.46258 0.0222569
5.46258 0.0225764
5.46293 0.0222835
5.46293 0.022603
5.46293 0.0222835
5.46324 0.0225986
5.46324 0.022279
5.46324 0.022279
5.46618 0.0661769
5.46849 0.0684871
5.47123 0.0712073
5.47311 0.0731074
5.47358 0.0735824
5.4739 0.0739019
5.47677 0.076772
5.48228 0.0222716
5.48228 0.0222716
5.48228 0.0222716
5.4826 0.0222671
5.4826 0.0222671
5.4826 0.0225866
5.48291 0.0222626
5.48291 0.0225821
5.48291 0.0222626
5.48323 0.0225776
5.48323 0.0222581
5.48323 0.0222581
5.48355 0.0835459
5.48887 0.0888731
5.48944 0.0894415
5.49178 0.0917827
5.49341 0.0934042
5.49544 0.0954388
5.49781 0.0978068
5.49838 0.0983796
5.49882 0.0988235
5.50129 0.101289
5.5018 0.101795
5.5023 0.0222846
5.5023 0.0222846
5.5023 0.0222846
5.50261 0.0222801
5.50261 0.0222801
5.50261 0.0225996
5.50293 0.0222756
5.50293 0.0225951
5.50293 0.0222756
5.50324 0.0225906
5.50324 0.0222711
5.50324 0.0222711
5.50443 0.104432
5.50488 0.104876
5.50628 0.106259
5.5066 0.106604
5.50692 0.106923
5.50752 0.107523
5.50784 0.107842
5.50875 0.108753
5.50979 0.109758
5.51011 0.110107
5.51011 0.110107
5.51043 0.110427
5.51075 0.110736
5.51107 0.111066
5.51232 0.112318
5.51264 0.112638
5.51349 0.113486
5.51449 0.11449
5.51549 0.115494
5.51967 0.11967
5.52015 0.120145
5.52137 0.121365
5.52169 0.121686
5.52235 0.122348
5.52267 0.0226525
5.5228 0.0227808
5.5228 0.0227808
5.5228 0.0224613
5.5228 0.0224613
5.5228 0.0224613
5.52292 0.0222702
5.52292 0.0222702
5.52292 0.0225897
5.52324 0.0222657
5.52324 0.0225852
5.52324 0.0222657
5.52533 0.0253014
5.52565 0.0256336
5.52597 0.125971
5.52597 0.125971
5.52691 0.126912
5.52872 0.0286987
5.52904 0.029014
5.52989 0.0298623
5.53093 0.0308972
5.53162 0.0315899
5.53194 0.13194
5.53235 0.0323405
5.53235 0.132353
5.53407 0.134072
5.53464 0.0346098
5.53589 0.135893
5.53621 0.0361819
5.53784 0.0378249
5.53847 0.0384383
5.53879 0.138788
5.53879 0.138788
5.53954 0.139543
5.53986 0.0398323
5.54018 0.0401561
5.54231 0.0422754
5.54263 0.0425949
5.54275 0.0227359
5.54275 0.0227359
5.54275 0.0227359
5.54275 0.0224164
5.54275 0.0224164
5.54275 0.0227359
5.54301 0.0223537
5.54301 0.0226732
5.54301 0.0223537
5.54333 0.14333
5.54346 0.0228016
5.54346 0.0224821
5.54346 0.0224821
5.54658 0.0465566
5.54699 0.14699
5.54731 0.147309
5.54772 0.147722
5.54814 0.148135
5.55135 0.0513182
5.55167 0.151667
5.55311 0.0530757
5.55343 0.0533952
5.55611 0.156109
5.55938 0.059353
5.56228 0.0222597
5.56228 0.0222597
5.56228 0.0222597
5.5626 0.0222552
5.5626 0.0222552
5.5626 0.0225747
5.56294 0.0222818
5.56294 0.0226013
5.56294 0.0222818
5.56326 0.0225968
5.56326 0.0222773
5.56326 0.0222773
5.56603 0.0660025
5.5685 0.0684682
5.57124 0.0712195
5.57315 0.0731196
5.57363 0.0735947
5.57394 0.0739142
5.57678 0.0767531
5.58229 0.0222699
5.58229 0.0222699
5.58229 0.0222699
5.58261 0.0222654
5.58261 0.0222654
5.58261 0.0225849
5.58292 0.0222609
5.58292 0.0225804
5.58292 0.0222609
5.58324 0.0225759
5.58324 0.0222564
5.58324 0.0222564
5.58356 0.083527
5.58892 0.0888854
5.58952 0.0894848
5.59179 0.0917639
5.59339 0.0933714
5.59548 0.0954511
5.59776 0.0977344
5.59842 0.0983918
5.59893 0.0988979
5.6013 0.10127
5.60184 0.101808
5.60231 0.0222828
5.60231 0.0222828
5.60231 0.0222828
5.60262 0.0222783
5.60262 0.0222783
5.60262 0.0225978
5.60294 0.0222738
5.60294 0.0225933
5.60294 0.0222738
5.60325 0.0225889
5.60325 0.0222693
5.60325 0.0222693
5.60454 0.104507
5.60495 0.10492
5.60626 0.10624
5.60683 0.106803
5.6074 0.107371
5.60772 0.107691
5.60804 0.10801
5.60892 0.10889
5.60986 0.109841
5.61018 0.11018
5.61018 0.110151
5.61018 0.110151
5.6105 0.11047
5.61082 0.11079
5.61235 0.112322
5.61267 0.112642
5.61352 0.11349
5.61452 0.114494
5.6155 0.115467
5.61967 0.119643
5.62015 0.120118
5.62146 0.12144
5.62178 0.121752
5.62229 0.122258
5.62261 0.02258
5.62274 0.0227084
5.62274 0.0227084
5.62274 0.0223889
5.62274 0.0223889
5.62274 0.0223889
5.62293 0.02226
5.62293 0.02226
5.62293 0.0225795
5.62324 0.0222555
5.62324 0.022575
5.62324 0.0222555
5.62533 0.0253052
5.62565 0.025646
5.62597 0.125943
5.62597 0.125943
5.62695 0.126916
5.62876 0.0287423
5.62908 0.0290489
5.62996 0.0299283
5.63093 0.030901
5.63162 0.0315937
5.63194 0.131912
5.63239 0.132356
5.63271 0.0326844
5.63408 0.134053
5.63471 0.0346842
5.63597 0.135936
5.63629 0.0362564
5.63773 0.0377158
5.63839 0.0383573
5.63871 0.138676
5.63871 0.138676
5.63965 0.0396184
5.63997 0.139937
5.64029 0.0402703
5.64232 0.0422876
5.64264 0.0426071
5.64277 0.0227342
5.64277 0.0227342
5.64277 0.0227342
5.64277 0.0224147
5.64277 0.0224147
5.64277 0.0227342
5.64302 0.0223519
5.64302 0.0226714
5.64302 0.0223519
5.64337 0.143342
5.6435 0.0228309
5.6435 0.0225114
5.6435 0.0225114
5.64659 0.0465721
5.64703 0.147002
5.64735 0.147322
5.6478 0.147766
5.64824 0.14821
5.65127 0.0512458
5.65158 0.151555
5.65315 0.0531191
5.65347 0.0534386
5.65606 0.156028
5.65936 0.0593342
5.66226 0.0222579
5.66226 0.0222579
5.66226 0.0222579
5.66261 0.0222845
5.66261 0.0222845
5.66261 0.022604
5.66292 0.02228
5.66292 0.0225996
5.66292 0.02228
5.66324 0.0225951
5.66324 0.0222756
5.66324 0.0222756
5.66595 0.0659215
5.66851 0.0684805
5.67129 0.0712629
5.67313 0.0731008
5.67364 0.0736069
5.67396 0.0739264
5.67679 0.0767653
5.68227 0.0222681
5.68227 0.0222681
5.68227 0.0222681
5.68259 0.0222636
5.68259 0.0222636
5.68259 0.0225831
5.6829 0.0222591
5.6829 0.0225786
5.6829 0.0222591
5.68322 0.0225741
5.68322 0.0222546
5.68322 0.0222546
5.68354 0.0835082
5.68893 0.0888976
5.68946 0.0894349
5.69218 0.0921494
5.69377 0.0937429
5.69549 0.0954633
5.6978 0.0977864
5.69843 0.0984041
5.69888 0.098848
5.70128 0.101251
5.70191 0.101882
5.70229 0.0222811
5.70229 0.0222811
5.70229 0.0222811
5.7026 0.0222766
5.7026 0.0222766
5.7026 0.0225961
5.70292 0.0222721
5.70292 0.0225916
5.70292 0.0222721
5.70323 0.0225871
5.70323 0.0222676
5.70323 0.0222676
5.70455 0.104519
5.70493 0.104901
5.70628 0.106252
5.70684 0.106815
5.70741 0.107383
5.70773 0.107703
5.70773 0.107703
5.7088 0.108769
5.7098 0.109791
5.71012 0.110108
5.71012 0.110092
5.71044 0.110412
5.71044 0.110412
5.71076 0.110731
5.71229 0.112264
5.71261 0.112583
5.71355 0.113525
5.71453 0.114498
5.7155 0.11547
5.71974 0.119709
5.72021 0.120184
5.72147 0.121452
5.72179 0.121756
5.72229 0.122262
5.72261 0.0226009
5.72274 0.0227293
5.72274 0.0227293
5.72274 0.0224098
5.72274 0.0224098
5.72274 0.0224098
5.72293 0.0222809
5.72293 0.0222809
5.72293 0.0226004
5.72325 0.0222764
5.72325 0.0225959
5.72325 0.0222764
5.72534 0.025309
5.72566 0.0256273
5.72598 0.125947
5.72598 0.125947
5.72682 0.126795
5.7287 0.0286925
5.72902 0.0289905
5.72999 0.0299632
5.73093 0.0309047
5.73163 0.0315975
5.73195 0.131916
5.73236 0.0323581
5.73268 0.132649
5.73418 0.13415
5.73469 0.0346569
5.73584 0.135815
5.73616 0.0361357
5.73773 0.0377206
5.73839 0.0383611
5.73871 0.13868
5.73871 0.13868
5.73968 0.0396533
5.74 0.139972
5.74032 0.0403138
5.74232 0.0422914
5.74264 0.0426109
5.74277 0.0227551
5.74277 0.0227551
5.74277 0.0227551
5.74277 0.0224355
5.74277 0.0224355
5.74277 0.0227551
5.74302 0.0223728
5.74302 0.0226923
5.74302 0.0223728
5.74338 0.143346
5.7435 0.0228518
5.7435 0.0225323
5.7435 0.0225323
5.74659 0.0465792
5.74704 0.147006
5.74735 0.147325
5.7478 0.147769
5.74821 0.148182
5.7513 0.0512893
5.75162 0.151589
5.75315 0.0531228
5.75347 0.0534423
5.75615 0.156125
5.7593 0.0592757
5.76229 0.0222788
5.76229 0.0222788
5.76229 0.0222788
5.76261 0.0222743
5.76261 0.0222743
5.76261 0.0225938
5.76292 0.0222698
5.76292 0.0225893
5.76292 0.0222698
5.76324 0.0225848
5.76324 0.0222653
5.76324 0.0222653
5.76633 0.0662985
5.76851 0.0684842
5.7712 0.0711733
5.77313 0.0731046
5.77358 0.0735485
5.7739 0.073868
5.7768 0.0767691
5.78228 0.0222579
5.78228 0.0222579
5.78228 0.0222579
5.78262 0.0222845
5.78262 0.0222845
5.78262 0.022604
5.78294 0.02228
5.78294 0.0225995
5.78294 0.02228
5.78325 0.022595
5.78325 0.0222755
5.78325 0.0222755
5.78357 0.0835431
5.78893 0.0889014
5.78944 0.0894075
5.79218 0.0921532
5.79378 0.0937553
5.79546 0.095436
5.79774 0.0977366
5.79841 0.0983767
5.79904 0.0990073
5.80138 0.101349
5.80191 0.101886
5.80229 0.0222709
5.80229 0.0222709
5.80229 0.0222709
5.80261 0.0222664
5.80261 0.0222664
5.80261 0.0225859
5.80292 0.0222619
5.80292 0.0225814
5.80292 0.0222619
5.80324 0.0225769
5.80324 0.0222574
5.80324 0.0222574
5.80461 0.104585
5.80493 0.104905
5.80628 0.106256
5.80685 0.106819
5.80742 0.107387
5.80774 0.107707
5.80774 0.107707
5.80877 0.108742
5.80977 0.109772
5.81009 0.110067
5.81009 0.110065
5.81041 0.110384
5.81041 0.110384
5.81076 0.110735
5.81236 0.11233
5.81268 0.112649
5.81365 0.113622
5.81453 0.114501
5.8155 0.115474
5.81971 0.119682
5.82015 0.120126
5.82147 0.121465
5.82179 0.12176
5.82233 0.122297
5.82265 0.0226218
5.82277 0.0224307
5.82277 0.0224307
5.82277 0.0224307
5.82293 0.0222707
5.82293 0.0222707
5.82293 0.0225902
5.82325 0.0222662
5.82325 0.0225857
5.82325 0.0222662
5.82356 0.0225812
5.82356 0.0222617
5.82356 0.0222617
5.82534 0.0253167
5.82566 0.0256437
5.82598 0.125955
5.82598 0.125955
5.82686 0.126834
5.82871 0.0286778
5.82903 0.0289982
5.83012 0.0300953
5.83094 0.0309125
5.83163 0.0316052
5.83195 0.131924
5.8324 0.132368
5.8329 0.0328926
5.83409 0.134064
5.83472 0.0346958
5.83582 0.135792
5.83614 0.0361124
5.83774 0.0377315
5.83843 0.0383999
5.83875 0.138719
5.83907 0.139038
5.83964 0.0396073
5.83995 0.139926
5.84027 0.0402453
5.8424 0.0423698
5.84272 0.0426893
5.84285 0.0228421
5.84285 0.0228421
5.84285 0.0228421
5.84285 0.0225226
5.84285 0.0225226
5.84285 0.0228421
5.84297 0.0229705
5.84297 0.0223315
5.84297 0.022651
5.84297 0.0223315
5.84336 0.143327
5.84348 0.0228416
5.84348 0.0225221
5.84348 0.0225221
5.84679 0.0467813
5.84711 0.14708
5.84743 0.1474
5.84781 0.147782
5.84829 0.148257
5.85137 0.0513724
5.85169 0.151664
5.85313 0.053104
5.85345 0.0534235
5.85623 0.156199
5.85928 0.0592569
5.86227 0.0222686
5.86227 0.0222686
5.86227 0.0222686
5.86259 0.0222641
5.86259 0.0222641
5.86259 0.0225836
5.8629 0.0222596
5.8629 0.0225791
5.8629 0.0222596
5.86322 0.0225746
5.86322 0.0222551
5.86322 0.0222551
5.86621 0.0661863
5.86849 0.0684654
5.87143 0.0714033
5.87318 0.0731479
5.87362 0.0735918
5.87394 0.0739113
5.87678 0.0767503
5.88229 0.0222788
5.88229 0.0222788
5.88229 0.0222788
5.8826 0.0222743
5.8826 0.0222743
5.8826 0.0225938
5.88292 0.0222698
5.88292 0.0225893
5.88292 0.0222698
5.88323 0.0225848
5.88323 0.0222653
5.88323 0.0222653
5.88355 0.0835242
5.88894 0.0889137
5.88942 0.0893887
5.89216 0.0921343
5.89376 0.0937451
5.89548 0.0954483
5.89785 0.0978197
5.89842 0.098389
5.89889 0.098864
5.90126 0.101236
5.90189 0.101867
5.90227 0.0222606
5.90227 0.0222606
5.90227 0.0222606
5.90259 0.0222562
5.90259 0.0222562
5.90259 0.0225757
5.90293 0.0222828
5.90293 0.0226023
5.90293 0.0222828
5.90325 0.0225978
5.90325 0.0222783
5.90325 0.0222783
5.90453 0.104504
5.90498 0.104948
5.90629 0.106268
5.90683 0.1068
5.9074 0.107368
5.90772 0.107688
5.90772 0.107688
5.90897 0.10894
5.90979 0.109762
5.91011 0.110096
5.91042 0.110397
5.91042 0.110397
5.91042 0.110397
5.91084 0.110809
5.91228 0.112249
5.9126 0.112568
5.9136 0.113572
5.91451 0.114483
5.91551 0.115486
5.91963 0.119601
5.92017 0.120138
5.92148 0.121454
5.9218 0.121772
5.92228 0.122247
5.92259 0.0225805
5.92272 0.0223894
5.92272 0.0223894
5.92272 0.0223894
5.92291 0.0222605
5.92291 0.0222605
5.92291 0.02258
5.92323 0.022256
5.92323 0.0225755
5.92323 0.022256
5.92357 0.0226021
5.92357 0.0222826
5.92357 0.0222826
5.92532 0.0252979
5.92564 0.0256335
5.92596 0.125936
5.92596 0.125936
5.92672 0.126691
5.92872 0.0286987
5.92904 0.0290105
5.93007 0.0300454
5.93092 0.0308936
5.93161 0.0315864
5.93193 0.131905
5.93241 0.13238
5.93288 0.0328547
5.93417 0.134139
5.93464 0.0346147
5.93583 0.135804
5.93615 0.0361246
5.93775 0.0377417
5.93838 0.03835
5.9387 0.138669
5.93902 0.138988
5.93968 0.0396506
5.94 0.139969
5.94032 0.0402973
5.94241 0.0423821
5.94273 0.0427016
5.94286 0.0228319
5.94286 0.0228319
5.94286 0.0228319
5.94286 0.0225124
5.94286 0.0225124
5.94286 0.0228319
5.94299 0.0229603
5.94299 0.0223213
5.94299 0.0226408
5.94299 0.0223213
5.94324 0.0225741
5.94324 0.0222546
5.94324 0.0222546
5.94356 0.14353
5.9468 0.0467969
5.94712 0.147093
5.94744 0.147412
5.94779 0.147763
5.94823 0.148207
5.95123 0.0512067
5.95155 0.151521
5.95317 0.0531473
5.95349 0.0534668
5.95627 0.156243
5.95936 0.0593313
5.96229 0.0222584
5.96229 0.0222584
5.96229 0.0222584
5.96263 0.022285
5.96263 0.022285
5.96263 0.0226045
5.96295 0.0222805
5.96295 0.0226
5.96295 0.0222805
5.96326 0.0225955
5.96326 0.022276
5.96326 0.022276
5.96619 0.0661675
5.9685 0.0684776
5.97141 0.0713845
5.97316 0.0731291
5.9736 0.073573
5.97392 0.0738925
5.97679 0.0767625
5.9823 0.0222686
5.9823 0.0222686
5.9823 0.0222686
5.98261 0.0222641
5.98261 0.0222641
5.98261 0.0225836
5.98293 0.0222596
5.98293 0.0225791
5.98293 0.0222596
5.98324 0.0225746
5.98324 0.0222551
5.98324 0.0222551
5.98356 0.0835365
5.98892 0.0888948
5.98943 0.0894009
5.99217 0.0921466
5.99374 0.0937349
5.99549 0.0954605
5.9978 0.0977784
5.99843 0.0984012
5.99893 0.0989074
6.00137 0.101342
6.00191 0.101879
6.00228 0.0222815
6.00228 0.0222815
6.00228 0.0222815
6.0026 0.022277
6.0026 0.022277
6.0026 0.0225966
6.00291 0.0222726
6.00291 0.0225921
6.00291 0.0222726
6.00323 0.0225876
6.00323 0.0222681
6.00323 0.0222681
6.00455 0.104523
6.00503 0.104998
6.00631 0.106288
6.00685 0.106819
6.00741 0.107388
6.00773 0.107707
6.00805 0.108027
6.00881 0.108782
6.00981 0.109799
6.01013 0.11011
6.01013 0.110105
6.01045 0.110424
6.01045 0.110424
6.01077 0.110744
6.01227 0.112245
6.01259 0.112565
6.0136 0.113569
6.01454 0.11451
6.01551 0.115483
6.01966 0.119628
6.02016 0.120134
6.02148 0.12146
6.0218 0.121769
6.0224 0.122368
6.02271 0.0227102
6.02291 0.0222618
6.02291 0.0222618
6.02325 0.0222884
6.02325 0.0226079
6.02325 0.0222884
6.02357 0.0226034
6.02357 0.0222839
6.02357 0.0222839
6.02535 0.0253216
6.02567 0.025666
6.02599 0.12596
6.02599 0.12596
6.02696 0.126933
6.02871 0.0287
6.02903 0.0290031
6.03006 0.030038
6.03094 0.0309174
6.03164 0.131609
6.03196 0.0319297
6.0324 0.132373
6.03284 0.0328284
6.0341 0.134069
6.03463 0.0346074
6.03582 0.135797
6.03614 0.0361173
6.03783 0.0378195
6.03815 0.138124
6.03847 0.0384444
6.03879 0.138763
6.0397 0.0396744
6.04002 0.139993
6.04034 0.0403298
6.0424 0.0423748
6.04272 0.0426943
6.04285 0.0228332
6.04285 0.0228332
6.04285 0.0228332
6.04285 0.0225137
6.04285 0.0225137
6.04285 0.0228332
6.04298 0.0229616
6.04298 0.0223226
6.04298 0.0226421
6.04298 0.0223226
6.04336 0.143332
6.04349 0.0228327
6.04349 0.0225132
6.04349 0.0225132
6.04682 0.046824
6.04714 0.147116
6.04746 0.147436
6.04781 0.147787
6.04823 0.148199
6.05138 0.0513636
6.0517 0.151669
6.05314 0.0531089
6.05345 0.0534284
6.05604 0.156018
6.05985 0.0598217
6.06228 0.0222597
6.06228 0.0222597
6.06228 0.0222597
6.06262 0.0222863
6.06262 0.0222863
6.06262 0.0226058
6.06294 0.0222818
6.06294 0.0226013
6.06294 0.0222818
6.06325 0.0225968
6.06325 0.0222773
6.06325 0.0222773
6.06634 0.0663157
6.06856 0.0685325
6.0714 0.0713772
6.07318 0.0731528
6.07359 0.0735657
6.07391 0.0738852
6.07678 0.0767552
6.08229 0.0222699
6.08229 0.0222699
6.08229 0.0222699
6.08261 0.0222654
6.08261 0.0222654
6.08261 0.0225849
6.08292 0.0222609
6.08292 0.0225804
6.08292 0.0222609
6.08327 0.022607
6.08327 0.0222875
6.08327 0.0222875
6.08359 0.0835602
6.08891 0.0888875
6.08945 0.0894247
6.09217 0.0921392
6.09379 0.0937673
6.09548 0.0954532
6.09776 0.0977486
6.09851 0.0984872
6.09905 0.0990245
6.10136 0.101335
6.10196 0.101934
6.10231 0.0222829
6.10231 0.0222829
6.10231 0.0222829
6.10262 0.0222784
6.10262 0.0222784
6.10262 0.0225979
6.10294 0.0222739
6.10294 0.0225934
6.10294 0.0222739
6.10325 0.0225889
6.10325 0.0222694
6.10325 0.0222694
6.10454 0.104509
6.10498 0.104953
6.10629 0.106273
6.10686 0.106836
6.1074 0.107373
6.10772 0.107693
6.10804 0.108012
6.10889 0.108861
6.10921 0.109202
6.10993 0.109926
6.11025 0.110223
6.11025 0.110223
6.11057 0.110543
6.11089 0.110862
6.1123 0.112271
6.11262 0.11259
6.11365 0.113625
6.11453 0.114504
6.1155 0.115477
6.1198 0.119778
6.12025 0.120222
6.12147 0.121462
6.12179 0.121763
6.12239 0.122362
6.12271 0.0226819
6.12284 0.0224907
6.12284 0.0224907
6.12284 0.0224907
6.12296 0.0222996
6.12296 0.0222996
6.12296 0.0226191
6.12325 0.022264
6.12325 0.0225835
6.12325 0.022264
6.12356 0.022579
6.12356 0.0222595
6.12356 0.0222595
6.12535 0.0253197
6.12566 0.0256416
6.12598 0.125958
6.12598 0.125958
6.12668 0.126651
6.12871 0.0287067
6.12903 0.0290012
6.13 0.0299739
6.13094 0.0309155
6.13163 0.0316083
6.13195 0.131927
6.1324 0.132371
6.13287 0.0328697
6.13412 0.134099
6.13472 0.0346988
6.13585 0.135826
6.13617 0.0361465
6.13783 0.0378142
6.13815 0.138122
6.13847 0.0384425
6.13879 0.138761
6.13964 0.0396103
6.13996 0.139929
6.14027 0.0402743
6.1424 0.0423728
6.14272 0.0426923
6.14285 0.02284
6.14285 0.02284
6.14285 0.02284
6.14285 0.0225205
6.14285 0.0225205
6.14285 0.02284
6.14297 0.0229684
6.14297 0.0223293
6.14297 0.0226488
6.14297 0.0223293
6.14336 0.14333
6.14348 0.0228394
6.14348 0.0225199
6.14348 0.0225199
6.14682 0.0467942
6.14714 0.147115
6.14746 0.147434
6.14778 0.147754
6.14825 0.148229
6.15134 0.0513392
6.15166 0.151636
6.15313 0.053107
6.15345 0.0534265
6.1562 0.156171
6.15963 0.059602
6.16228 0.0222664
6.16228 0.0222664
6.16228 0.0222664
6.16259 0.0222619
6.16259 0.0222619
6.16259 0.0225814
6.16294 0.0222886
6.16294 0.0226081
6.16294 0.0222886
6.16325 0.0226036
6.16325 0.0222841
6.16325 0.0222841
6.16618 0.0661582
6.16849 0.0684684
6.17143 0.0714063
6.17318 0.0731509
6.17359 0.0735637
6.17391 0.0738832
6.17678 0.0767533
6.18229 0.0222766
6.18229 0.0222766
6.18229 0.0222766
6.1826 0.0222721
6.1826 0.0222721
6.1826 0.0225916
6.18292 0.0222676
6.18292 0.0225871
6.18292 0.0222676
6.18323 0.0225827
6.18323 0.0222631
6.18323 0.0222631
6.18355 0.0835272
6.18894 0.0889167
6.18951 0.089485
6.19216 0.0921373
6.19376 0.0937429
6.19548 0.0954513
6.19772 0.0977242
6.19842 0.098392
6.19905 0.0990225
6.20126 0.101239
6.2019 0.10187
6.2023 0.0222896
6.2023 0.0222896
6.2023 0.0222896
6.20262 0.0222851
6.20262 0.0222851
6.20262 0.0226046
6.20293 0.0222806
6.20293 0.0226001
6.20293 0.0222806
6.20325 0.0225956
6.20325 0.0222761
6.20325 0.0222761
6.20453 0.104507
6.20504 0.105013
6.20629 0.106271
6.20683 0.106803
6.2074 0.107371
6.20772 0.107691
6.20772 0.107691
6.20903 0.109006
6.20935 0.109333
6.20992 0.109901
6.21024 0.110213
6.21024 0.110213
6.21056 0.110533
6.21088 0.110852
6.21232 0.112291
6.21264 0.112611
6.21364 0.113615
6.21452 0.114494
6.21549 0.115467
6.21964 0.119612
6.22014 0.120118
6.22152 0.121492
6.22184 0.121815
6.22238 0.122352
6.2227 0.0226801
6.22283 0.022489
6.22283 0.022489
6.22283 0.022489
6.22295 0.0222979
6.22295 0.0222979
6.22295 0.0226174
6.22324 0.0222623
6.22324 0.0225818
6.22324 0.0222623
6.22358 0.0226084
6.22358 0.0222889
6.22358 0.0222889
6.22533 0.0253093
6.22565 0.0256398
6.22597 0.125948
6.22597 0.125948
6.22691 0.126889
6.22879 0.0287672
6.22911 0.0290841
6.23008 0.0300568
6.23096 0.0309362
6.23162 0.0315979
6.23194 0.131917
6.23239 0.13236
6.23292 0.0329025
6.23414 0.134119
6.23468 0.0346573
6.23575 0.135722
6.23607 0.0360428
6.23785 0.0378328
6.23817 0.138143
6.23849 0.0384632
6.23881 0.138782
6.23969 0.0396621
6.24004 0.140012
6.24036 0.0403347
6.24242 0.0423935
6.24274 0.0427131
6.24287 0.0228382
6.24287 0.0228382
6.24287 0.0228382
6.24287 0.0225187
6.24287 0.0225187
6.24287 0.0228382
6.24299 0.0229666
6.24299 0.0223276
6.24299 0.0226471
6.24299 0.0223276
6.24335 0.14332
6.24347 0.0228066
6.24347 0.0224871
6.24347 0.0224871
6.24703 0.147002
6.24735 0.0473244
6.24735 0.147322
6.24776 0.147735
6.24814 0.148116
6.25135 0.051329
6.25217 0.152146
6.25318 0.0531503
6.25349 0.0534698
6.25618 0.156152
6.25964 0.0596143
6.26232 0.0222873
6.26232 0.0222873
6.26232 0.0222873
6.26263 0.0222828
6.26263 0.0222828
6.26263 0.0226023
6.26295 0.0222783
6.26295 0.0225978
6.26295 0.0222783
6.26326 0.0225934
6.26326 0.0222738
6.26326 0.0222738
6.2662 0.0661705
6.26854 0.0685117
6.27144 0.0714186
6.27316 0.0731321
6.2736 0.073576
6.27392 0.0738955
6.27679 0.0767655
6.28227 0.0222664
6.28227 0.0222664
6.28227 0.0222664
6.28258 0.0222619
6.28258 0.0222619
6.28258 0.0225814
6.28293 0.0222885
6.28293 0.022608
6.28293 0.0222885
6.28324 0.0226035
6.28324 0.022284
6.28324 0.022284
6.28356 0.0835395
6.28892 0.0888978
6.28946 0.0894351
6.29217 0.0921496
6.29377 0.0937638
6.29546 0.0954324
6.29783 0.0978073
6.2984 0.0983731
6.29894 0.0989104
6.30128 0.101252
6.30194 0.101913
6.30228 0.0222794
6.30228 0.0222794
6.30228 0.0222794
6.3026 0.0222749
6.3026 0.0222749
6.3026 0.0225944
6.30291 0.0222704
6.30291 0.0225899
6.30291 0.0222704
6.30323 0.0225854
6.30323 0.0222659
6.30323 0.0222659
6.30461 0.104581
6.30493 0.104901
6.3063 0.106284
6.30684 0.106815
6.30741 0.107384
6.30773 0.107703
6.30773 0.107703
6.30889 0.108862
6.3098 0.109767
6.31012 0.110092
6.31012 0.110092
6.31044 0.110412
6.31076 0.110725
6.31108 0.111051
6.31236 0.112335
6.31268 0.112654
6.31374 0.11372
6.3145 0.114475
6.3155 0.115479
6.31965 0.119624
6.32022 0.120193
6.32147 0.12145
6.32179 0.121765
6.3223 0.122271
6.32262 0.0226077
6.32274 0.0224166
6.32274 0.0224166
6.32274 0.0224166
6.32293 0.0222877
6.32293 0.0222877
6.32293 0.0226072
6.32325 0.0222832
6.32325 0.0226027
6.32325 0.0222832
6.32356 0.0225982
6.32356 0.0222787
6.32356 0.0222787
6.32535 0.0253216
6.32566 0.0256607
6.32598 0.12596
6.32598 0.12596
6.32699 0.126964
6.32877 0.0287569
6.32909 0.0290653
6.33006 0.030038
6.331 0.0309796
6.33163 0.131609
6.33195 0.0319296
6.3324 0.132373
6.33287 0.0328646
6.33425 0.134225
6.33463 0.0346073
6.33582 0.135797
6.33614 0.0361173
6.33783 0.037815
6.33837 0.0383426
6.33869 0.138661
6.33869 0.138661
6.33963 0.0396037
6.33995 0.139922
6.34027 0.0402538
6.34239 0.0423662
6.34271 0.0426857
6.34284 0.0228195
6.34284 0.0228195
6.34284 0.0228195
6.34284 0.0225
6.34284 0.0225
6.34284 0.0228195
6.34297 0.0229479
6.34297 0.0223089
6.34297 0.0226284
6.34297 0.0223089
6.34332 0.143292
6.34345 0.0227879
6.34345 0.0224684
6.34345 0.0224684
6.34706 0.0470346
6.34738 0.147357
6.34738 0.147357
6.34779 0.14777
6.3483 0.148276
6.35136 0.0513414
6.35221 0.152181
6.35318 0.0531541
6.3535 0.0534736
6.35603 0.156001
6.35964 0.0596181
6.36229 0.0222686
6.36229 0.0222686
6.36229 0.0222686
6.3626 0.0222642
6.3626 0.0222642
6.3626 0.0225837
6.36292 0.0222597
6.36292 0.0225792
6.36292 0.0222597
6.36327 0.0226058
6.36327 0.0222863
6.36327 0.0222863
6.36626 0.0662365
6.36854 0.0685155
6.37141 0.0713913
6.37316 0.0731358
6.3736 0.0735798
6.37392 0.0738993
6.37679 0.0767693
6.3823 0.0222788
6.3823 0.0222788
6.3823 0.0222788
6.38262 0.0222743
6.38262 0.0222743
6.38262 0.0225939
6.38293 0.0222699
6.38293 0.0225894
6.38293 0.0222699
6.38325 0.0225849
6.38325 0.0222654
6.38325 0.0222654
6.38357 0.0835432
6.38896 0.0889327
6.38946 0.0894388
6.39218 0.0921533
6.39377 0.0937451
6.39546 0.0954362
6.39774 0.0977264
6.3984 0.0983769
6.39891 0.098883
6.40128 0.101255
6.40194 0.101917
6.40229 0.0222607
6.40229 0.0222607
6.40229 0.0222607
6.40263 0.0222873
6.40263 0.0222873
6.40263 0.0226068
6.40295 0.0222828
6.40295 0.0226023
6.40295 0.0222828
6.40326 0.0225978
6.40326 0.0222783
6.40326 0.0222783
6.40455 0.104523
6.40502 0.104998
6.40631 0.106288
6.40684 0.106819
6.40741 0.107387
6.40773 0.107707
6.40773 0.107707
6.40895 0.108928
6.4098 0.109779
6.41012 0.110096
6.41012 0.110096
6.41044 0.110416
6.41076 0.110738
6.41108 0.111055
6.41236 0.112338
6.41268 0.112658
6.41378 0.113755
6.4145 0.114479
6.41551 0.115483
6.41962 0.119597
6.42016 0.120134
6.42135 0.121339
6.42167 0.121644
6.42236 0.122337
6.42268 0.0226512
6.42281 0.0224601
6.42281 0.0224601
6.42281 0.0224601
6.42294 0.022269
6.42294 0.022269
6.42294 0.0225885
6.42325 0.0222645
6.42325 0.022584
6.42325 0.0222645
6.42357 0.0225795
6.42357 0.02226
6.42357 0.02226
6.42535 0.0253254
6.42567 0.025642
6.42567 0.125644
6.42599 0.125964
6.4268 0.126781
6.42877 0.0287694
6.42909 0.0290691
6.4301 0.0300729
6.43094 0.0309211
6.43164 0.131613
6.43196 0.0319334
6.4324 0.132377
6.43288 0.0328494
6.4341 0.134073
6.43463 0.0346111
6.43579 0.13577
6.43611 0.0360899
6.43783 0.0378084
6.43837 0.0383464
6.43869 0.138665
6.43901 0.138985
6.43964 0.0396159
6.44002 0.139997
6.44034 0.0403369
6.4424 0.0423785
6.44272 0.042698
6.44285 0.0228404
6.44285 0.0228404
6.44285 0.0228404
6.44285 0.0225209
6.44285 0.0225209
6.44285 0.0228404
6.44298 0.0229688
6.44298 0.0223298
6.44298 0.0226493
6.44298 0.0223298
6.44336 0.143336
6.44349 0.0228399
6.44349 0.0225204
6.44349 0.0225204
6.44704 0.0470416
6.44736 0.147338
6.44736 0.147338
6.44771 0.147688
6.44828 0.148257
6.45128 0.051269
6.45215 0.152131
6.45316 0.0531353
6.45348 0.0534548
6.45604 0.156013
6.45965 0.0596303
6.4623 0.0222895
6.4623 0.0222895
6.4623 0.0222895
6.46262 0.022285
6.46262 0.022285
6.46262 0.0226045
6.46293 0.0222805
6.46293 0.0226001
6.46293 0.0222805
6.46325 0.0225956
6.46325 0.0222761
6.46325 0.0222761
6.46618 0.0661554
6.46852 0.0684967
6.47142 0.0714035
6.47314 0.073117
6.47358 0.0735609
6.4739 0.0738804
6.47677 0.0767505
6.48228 0.0222686
6.48228 0.0222686
6.48228 0.0222686
6.4826 0.0222641
6.4826 0.0222641
6.4826 0.0225836
6.48291 0.0222596
6.48291 0.0225791
6.48291 0.0222596
6.48345 0.0834271
6.48358 0.0229253
6.48358 0.0226058
6.48358 0.0226058
6.48894 0.0889138
6.48951 0.0894822
6.49216 0.0921345
6.49375 0.0937349
6.49547 0.0954485
6.49772 0.0977162
6.49841 0.0983892
6.49889 0.0988642
6.50126 0.101237
6.50189 0.101867
6.5023 0.0222816
6.5023 0.0222816
6.5023 0.0222816
6.50261 0.0222771
6.50261 0.0222771
6.50261 0.0225966
6.50293 0.0222726
6.50293 0.0225921
6.50293 0.0222726
6.50324 0.0225876
6.50324 0.0222681
6.50324 0.0222681
6.50453 0.104504
6.50497 0.104948
6.50629 0.106269
6.50682 0.1068
6.50742 0.1074
6.50774 0.107719
6.50774 0.107719
6.5089 0.108878
6.50978 0.109769
6.5101 0.110077
6.5101 0.110077
6.51042 0.110397
6.5108 0.110779
6.51112 0.111109
6.51234 0.11232
6.51266 0.112639
6.5137 0.113674
6.51451 0.114491
6.51549 0.115464
6.51963 0.119609
6.52017 0.120146
6.52136 0.121359
6.52168 0.121656
6.52237 0.122349
6.52269 0.0226721
6.52282 0.022481
6.52282 0.022481
6.52282 0.022481
6.52295 0.0222899
6.52295 0.0222899
6.52295 0.0226094
6.52326 0.0222854
6.52326 0.0226049
6.52326 0.0222854
6.52358 0.0226004
6.52358 0.0222809
6.52358 0.0222809
6.52536 0.0253376
6.52568 0.0256629
6.526 0.125976
6.526 0.125976
6.52682 0.126793
6.52872 0.0286969
6.52904 0.0290191
6.53008 0.030054
6.53096 0.0309334
6.53162 0.031595
6.53194 0.131914
6.53241 0.132389
6.53289 0.0328738
6.53417 0.134148
6.53465 0.0346234
6.5358 0.135782
6.53612 0.0361022
6.53784 0.0378172
6.53838 0.0383586
6.5387 0.138677
6.5387 0.138677
6.53967 0.0396508
6.53999 0.139969
6.54031 0.0402872
6.5424 0.0423823
6.54272 0.0427018
6.54285 0.0228217
6.54285 0.0228217
6.54285 0.0228217
6.54285 0.0225022
6.54285 0.0225022
6.54285 0.0228217
6.54298 0.0229501
6.54298 0.0223111
6.54298 0.0226306
6.54298 0.0223111
6.54339 0.143371
6.54352 0.0228523
6.54352 0.0225328
6.54352 0.0225328
6.54701 0.146991
6.54733 0.0473286
6.54733 0.147311
6.54772 0.147692
6.54816 0.148136
6.55134 0.0513125
6.55228 0.152259
6.55319 0.0531702
6.55351 0.0534897
6.55604 0.156017
6.55963 0.059603
6.56227 0.0222709
6.56227 0.0222709
6.56227 0.0222709
6.56259 0.0222664
6.56259 0.0222664
6.56259 0.0225859
6.5629 0.0222619
6.5629 0.0225814
6.5629 0.0222619
6.56325 0.022608
6.56325 0.0222885
6.56325 0.0222885
6.56618 0.0661592
6.56852 0.0685004
6.57142 0.0714073
6.5733 0.0732763
6.57362 0.0735958
6.57394 0.0739153
6.57678 0.0767542
6.58229 0.022281
6.58229 0.022281
6.58229 0.022281
6.5826 0.0222766
6.5826 0.0222766
6.5826 0.0225961
6.58292 0.0222721
6.58292 0.0225916
6.58292 0.0222721
6.58323 0.0225871
6.58323 0.0222676
6.58323 0.0222676
6.58355 0.0835282
6.58894 0.0889176
6.58945 0.0894238
6.59216 0.0921383
6.59376 0.0937473
6.59547 0.0954522
6.59785 0.0978219
6.59842 0.0983929
6.59895 0.0989302
6.60129 0.101271
6.60196 0.101933
6.60227 0.0222629
6.60227 0.0222629
6.60227 0.0222629
6.60262 0.0222895
6.60262 0.0222895
6.60262 0.022609
6.60293 0.022285
6.60293 0.0226045
6.60293 0.022285
6.60325 0.0226
6.60325 0.0222805
6.60325 0.0222805
6.60453 0.104508
6.60501 0.104983
6.60629 0.106272
6.60683 0.106804
6.60752 0.107497
6.60784 0.107816
6.60784 0.107816
6.60881 0.108789
6.60978 0.109781
6.6101 0.110081
6.61042 0.110401
6.61042 0.110401
6.61074 0.11074
6.61106 0.11104
6.61235 0.112323
6.61267 0.112643
6.61376 0.11374
6.61452 0.114495
6.61549 0.115468
6.61964 0.119613
6.62023 0.120212
6.62146 0.121434
6.62178 0.121753
6.62238 0.122353
6.62269 0.0226845
6.62282 0.0224934
6.62282 0.0224934
6.62282 0.0224934
6.62295 0.0223023
6.62295 0.0223023
6.62295 0.0226218
6.62324 0.0222667
6.62324 0.0225862
6.62324 0.0222667
6.62355 0.0225817
6.62355 0.0222622
6.62355 0.0222622
6.62533 0.0253103
6.62565 0.0256442
6.62597 0.125948
6.62597 0.125948
6.62697 0.126952
6.62876 0.0287405
6.62908 0.029054
6.63008 0.0300578
6.63102 0.0309994
6.63162 0.131598
6.63194 0.0319183
6.63238 0.132361
6.63289 0.0328897
6.63424 0.134214
6.63465 0.0346271
6.63584 0.135817
6.63616 0.0361371
6.63785 0.0378417
6.63838 0.0383624
6.6387 0.138681
6.63902 0.139001
6.63962 0.0396008
6.63994 0.13992
6.64026 0.0402458
6.64238 0.0423634
6.6427 0.0426829
6.64283 0.0228115
6.64283 0.0228115
6.64283 0.0228115
6.64283 0.022492
6.64283 0.022492
6.64283 0.0228115
6.64296 0.0229399
6.64296 0.0223009
6.64296 0.0226204
6.64296 0.0223009
6.64328 0.143258
6.64341 0.0227488
6.64341 0.0224293
6.64341 0.0224293
6.64706 0.0470473
6.64738 0.147354
6.64738 0.147354
6.64779 0.147767
6.6483 0.148273
6.65135 0.0513334
6.65226 0.15224
6.65323 0.0532135
6.65355 0.053533
6.65602 0.155998
6.65964 0.0596152
6.66228 0.0222606
6.66228 0.0222606
6.66228 0.0222606
6.66263 0.0222873
6.66263 0.0222873
6.66263 0.0226068
6.66295 0.0222828
6.66295 0.0226023
6.66295 0.0222828
6.66326 0.0225978
6.66326 0.0222783
6.66326 0.0222783
6.66619 0.0661714
6.66853 0.0685127
6.6714 0.0713884
6.67315 0.073133
6.6736 0.0735769
6.67392 0.0738965
6.67679 0.0767665
6.6823 0.0222708
6.6823 0.0222708
6.6823 0.0222708
6.68261 0.0222663
6.68261 0.0222663
6.68261 0.0225858
6.68293 0.0222618
6.68293 0.0225814
6.68293 0.0222618
6.68346 0.0834431
6.68359 0.0229275
6.68359 0.022608
6.68359 0.022608
6.68895 0.0889299
6.68946 0.089436
6.69217 0.0921505
6.69377 0.0937371
6.69545 0.0954334
6.69783 0.0978117
6.6984 0.0983741
6.69893 0.0989113
6.70127 0.101253
6.70194 0.101914
6.70231 0.0222838
6.70231 0.0222838
6.70231 0.0222838
6.70263 0.0222793
6.70263 0.0222793
6.70263 0.0225988
6.70294 0.0222748
6.70294 0.0225943
6.70294 0.0222748
6.70326 0.0225898
6.70326 0.0222703
6.70326 0.0222703
6.70454 0.10452
6.70499 0.104964
6.7063 0.106285
6.70684 0.106816
6.70741 0.107385
6.70773 0.107704
6.70773 0.107704
6.70895 0.108926
6.7098 0.109771
6.71011 0.110093
6.71043 0.110413
6.71043 0.110413
6.71075 0.11073
6.71107 0.111052
6.71236 0.112336
6.71268 0.112655
6.71374 0.113721
6.7145 0.114476
6.7155 0.11548
6.71965 0.119625
6.72021 0.120194
6.72147 0.121455
6.72179 0.121766
6.72229 0.122272
6.72261 0.0226121
6.72274 0.022421
6.72274 0.022421
6.72274 0.022421
6.7229 0.022261
6.7229 0.022261
6.7229 0.0225805
6.72325 0.0222876
6.72325 0.0226071
6.72325 0.0222876
6.72356 0.0226026
6.72356 0.0222831
6.72356 0.0222831
6.72534 0.0253225
6.72566 0.025634
6.72598 0.125961
6.72598 0.125961
6.72692 0.126902
6.72874 0.0287303
6.72906 0.0290351
6.73 0.0299767
6.73097 0.0309494
6.73163 0.0316111
6.73195 0.13193
6.7324 0.132374
6.73287 0.0328518
6.73425 0.134226
6.73463 0.0346083
6.73582 0.135798
6.73614 0.0361182
6.73783 0.0378125
6.73836 0.0383435
6.73868 0.138662
6.73868 0.138662
6.73959 0.139573
6.73991 0.039893
6.74023 0.0402272
6.74239 0.0423672
6.74271 0.0426867
6.74284 0.022824
6.74284 0.022824
6.74284 0.022824
6.74284 0.0225044
6.74284 0.0225044
6.74284 0.022824
6.74296 0.0229523
6.74296 0.0223133
6.74296 0.0226328
6.74296 0.0223133
6.74344 0.143418
6.74357 0.0229167
6.74357 0.0225972
6.74357 0.0225972
6.74706 0.0470459
6.74738 0.147358
6.74738 0.147358
6.74782 0.147802
6.74817 0.148152
6.75135 0.0513458
6.75227 0.152244
6.75318 0.0531551
6.7535 0.0534746
6.75627 0.15625
6.75964 0.059619
6.76229 0.0222731
6.76229 0.0222731
6.76229 0.0222731
6.7626 0.0222686
6.7626 0.0222686
6.7626 0.0225881
6.76292 0.0222641
6.76292 0.0225836
6.76292 0.0222641
6.76323 0.0225791
6.76323 0.0222596
6.76323 0.0222596
6.7662 0.0661752
6.76851 0.0684854
6.77144 0.0714233
6.77316 0.0731368
6.7736 0.0735807
6.77392 0.0739002
6.77679 0.0767703
6.7823 0.0222833
6.7823 0.0222833
6.7823 0.0222833
6.78262 0.0222788
6.78262 0.0222788
6.78262 0.0225983
6.78293 0.0222743
6.78293 0.0225938
6.78293 0.0222743
6.78325 0.0225893
6.78325 0.0222698
6.78325 0.0222698
6.78356 0.0835442
6.78892 0.0889026
6.78946 0.0894398
6.79217 0.0921543
6.79377 0.0937495
6.79546 0.0954372
6.79774 0.0977308
6.7984 0.0983779
6.7989 0.098884
6.80128 0.101256
6.80203 0.102011
6.80228 0.0222651
6.80228 0.0222651
6.80228 0.0222651
6.8026 0.0222606
6.8026 0.0222606
6.8026 0.0225801
6.80295 0.0222872
6.80295 0.0226067
6.80295 0.0222872
6.80326 0.0226022
6.80326 0.0222827
6.80326 0.0222827
6.80461 0.104586
6.80499 0.104968
6.8063 0.106288
6.80684 0.10682
6.80741 0.107388
6.80773 0.107708
6.80773 0.107708
6.80889 0.108867
6.8098 0.109784
6.81012 0.110097
6.81012 0.110097
6.81044 0.110417
6.81076 0.110742
6.81108 0.111056
6.81236 0.112339
6.81268 0.112659
6.8139 0.11388
6.8145 0.11448
6.8155 0.115484
6.81962 0.119598
6.82016 0.120135
6.82135 0.121343
6.82167 0.121645
6.8223 0.122276
6.82262 0.0225934
6.82274 0.0224023
6.82274 0.0224023
6.82274 0.0224023
6.82293 0.0222734
6.82293 0.0222734
6.82293 0.0225929
6.82325 0.0222689
6.82325 0.0225884
6.82325 0.0222689
6.82356 0.0225839
6.82356 0.0222644
6.82356 0.0222644
6.82535 0.0253263
6.82567 0.0256465
6.82599 0.125965
6.82599 0.125965
6.82693 0.126906
6.8288 0.0287738
6.82912 0.0291011
6.83009 0.0300738
6.83094 0.0309221
6.83163 0.0316149
6.83195 0.131934
6.8324 0.132377
6.83287 0.0328677
6.83416 0.134136
6.83463 0.0346121
6.83582 0.135802
6.83614 0.036122
6.83783 0.0378059
6.83843 0.0384095
6.83875 0.138728
6.83875 0.138728
6.83969 0.0396706
6.84001 0.139989
6.84033 0.0403018
6.84239 0.042371
6.84271 0.0426905
6.84284 0.0228364
6.84284 0.0228364
6.84284 0.0228364
6.84284 0.0225169
6.84284 0.0225169
6.84284 0.0228364
6.84297 0.0229648
6.84297 0.0223257
6.84297 0.0226453
6.84297 0.0223257
6.84341 0.14339
6.84354 0.0228981
6.84354 0.0225786
6.84354 0.0225786
6.84706 0.0470445
6.84738 0.147361
6.84738 0.147361
6.8477 0.147681
6.84821 0.148187
6.85139 0.0513582
6.85227 0.152248
6.85324 0.0532211
6.85356 0.0535406
6.85603 0.156005
6.85964 0.0596228
6.86229 0.0222855
6.86229 0.0222855
6.86229 0.0222855
6.86261 0.022281
6.86261 0.022281
6.86261 0.0226005
6.86292 0.0222765
6.86292 0.022596
6.86292 0.0222765
6.86324 0.0225915
6.86324 0.022272
6.86324 0.022272
6.86617 0.0661479
6.86851 0.0684892
6.87141 0.071396
6.87319 0.0731717
6.8736 0.0735845
6.87392 0.073904
6.87676 0.0767429
6.88227 0.0222646
6.88227 0.0222646
6.88227 0.0222646
6.88259 0.0222601
6.88259 0.0222601
6.88259 0.0225796
6.88293 0.0222867
6.88293 0.0226062
6.88293 0.0222867
6.88325 0.0226017
6.88325 0.0222822
6.88325 0.0222822
6.88357 0.083548
6.88893 0.0889063
6.88949 0.0894747
6.89215 0.092127
6.89377 0.093762
6.89546 0.0954409
6.89783 0.0978055
6.8984 0.0983816
6.89897 0.09895
6.90128 0.10126
6.90191 0.101891
6.90229 0.0222775
6.90229 0.0222775
6.90229 0.0222775
6.9026 0.022273
6.9026 0.022273
6.9026 0.0225925
6.90292 0.0222685
6.90292 0.0225881
6.90292 0.0222685
6.90323 0.0225836
6.90323 0.0222641
6.90323 0.0222641
6.90452 0.104497
6.90502 0.105003
6.90628 0.106261
6.90684 0.106824
6.90741 0.107392
6.90773 0.107712
6.90805 0.108031
6.90893 0.108911
6.90978 0.109773
6.9101 0.110078
6.91042 0.110398
6.91074 0.110732
6.91106 0.111037
6.91106 0.111037
6.91234 0.112321
6.91266 0.11264
6.91376 0.113737
6.91451 0.114492
6.91548 0.115465
6.91963 0.11961
6.92014 0.120116
6.92145 0.121426
6.92177 0.121751
6.9224 0.122381
6.92272 0.0227076
6.92285 0.0225165
6.92285 0.0225165
6.92285 0.0225165
6.92298 0.0223254
6.92298 0.0223254
6.92298 0.0226449
6.92326 0.0222898
6.92326 0.0226093
6.92326 0.0222898
6.92358 0.0226048
6.92358 0.0222853
6.92358 0.0222853
6.92536 0.0253386
6.92568 0.0256673
6.92568 0.125657
6.926 0.125977
6.92694 0.126918
6.92875 0.0287325
6.92907 0.0290512
6.93007 0.030055
6.93095 0.0309343
6.93161 0.131595
6.93193 0.0319155
6.93238 0.132359
6.93285 0.0328299
6.93407 0.134055
6.93464 0.0346243
6.9358 0.135783
6.93612 0.0361031
6.93784 0.0378297
6.93838 0.0383596
6.9387 0.138678
6.93902 0.138998
6.93962 0.039598
6.93994 0.139917
6.94026 0.0402378
6.94241 0.0423917
6.94273 0.0427112
6.94286 0.0228346
6.94286 0.0228346
6.94286 0.0228346
6.94286 0.0225151
6.94286 0.0225151
6.94286 0.0228346
6.94299 0.022963
6.94299 0.022324
6.94299 0.0226435
6.94299 0.022324
6.9434 0.14338
6.94353 0.0228652
6.94353 0.0225457
6.94353 0.0225457
6.94705 0.0470289
6.94737 0.147351
6.94737 0.147351
6.94778 0.147764
6.94835 0.148332
6.95128 0.0512632
6.95223 0.152206
6.95317 0.0531485
6.95349 0.053468
6.95608 0.156057
6.95963 0.0596124
6.96231 0.0222837
6.96231 0.0222837
6.96231 0.0222837
6.96263 0.0222792
6.96263 0.0222792
6.96263 0.0225988
6.96294 0.0222748
6.96294 0.0225943
6.96294 0.0222748
6.96326 0.0225898
6.96326 0.0222703
6.96326 0.0222703
6.96625 0.0662308
6.96853 0.0685099
6.9714 0.0713856
6.97315 0.0731302
6.97359 0.0735741
6.97391 0.0738936
6.97678 0.0767637
6.98229 0.0222628
6.98229 0.0222628
6.98229 0.0222628
6.98264 0.0222894
6.98264 0.0222894
6.98264 0.0226089
6.98295 0.0222849
6.98295 0.0226045
6.98295 0.0222849
6.98346 0.0834403
6.98359 0.0229195
6.98359 0.0226
6.98359 0.0226
6.98891 0.0888959
6.98942 0.0894021
6.99217 0.0921477
6.99376 0.0937602
6.99545 0.0954305
6.99785 0.0978348
6.99839 0.0983713
6.9989 0.0988774
7.00127 0.10125
7.00193 0.101911
7.00228 0.0222758
7.00228 0.0222758
7.00228 0.0222758
7.00259 0.0222713
7.00259 0.0222713
7.00259 0.0225908
7.00291 0.0222668
7.00291 0.0225863
7.00291 0.0222668
7.00322 0.0225818
7.00322 0.0222623
7.00322 0.0222623
7.00454 0.104525
7.00502 0.105
7.0063 0.106289
7.00684 0.106821
7.00741 0.107389
7.00773 0.107708
7.00773 0.107708
7.0091 0.109085
7.0098 0.10977
7.01012 0.110098
7.01044 0.110417
7.01044 0.110417
7.01076 0.110729
7.01108 0.111056
7.01233 0.112309
7.01265 0.112628
7.01371 0.113694
7.0145 0.11448
7.0155 0.115484
7.01965 0.11963
7.02015 0.120136
7.02153 0.121516
7.02185 0.121832
7.02239 0.122369
7.02271 0.0227046
7.02293 0.0222872
7.02293 0.0222872
7.02324 0.0222828
7.02324 0.0226023
7.02324 0.0222828
7.02356 0.0225978
7.02356 0.0222783
7.02356 0.0222783
7.02534 0.0253229
7.02566 0.0256603
7.02598 0.125961
7.02598 0.125961
7.0268 0.126778
7.02873 0.0287254
7.02905 0.0290355
7.03012 0.0301015
7.03097 0.0309498
7.03163 0.0316114
7.03195 0.13193
7.03239 0.132374
7.0329 0.0328885
7.03415 0.134133
7.03472 0.0347019
7.03582 0.135798
7.03614 0.0361186
7.03786 0.0378256
7.03839 0.038375
7.03871 0.138694
7.03871 0.138694
7.03969 0.0396672
7.04 0.139986
7.04032 0.0403156
7.04242 0.0423986
7.04274 0.0427181
7.04286 0.0228502
7.04286 0.0228502
7.04286 0.0228502
7.04286 0.0225307
7.04286 0.0225307
7.04286 0.0228502
7.04299 0.0229786
7.04299 0.0223396
7.04299 0.0226591
7.04299 0.0223396
7.04331 0.143294
7.04344 0.0227875
7.04344 0.022468
7.04344 0.022468
7.04709 0.0470618
7.04741 0.147389
7.04741 0.147389
7.04776 0.14774
7.04817 0.148153
7.05135 0.051341
7.05226 0.152244
7.05317 0.0531554
7.05349 0.0534749
7.05608 0.156064
7.05976 0.0597438
7.06229 0.0222682
7.06229 0.0222682
7.06229 0.0222682
7.0626 0.0222637
7.0626 0.0222637
7.0626 0.0225832
7.06295 0.0222903
7.06295 0.0226099
7.06295 0.0222903
7.06326 0.0226054
7.06326 0.0222859
7.06326 0.0222859
7.06619 0.0661756
7.06853 0.0685168
7.07122 0.0712059
7.07316 0.0731371
7.07354 0.0735189
7.07386 0.0738384
7.07679 0.0767706
7.0823 0.0222784
7.0823 0.0222784
7.0823 0.0222784
7.08261 0.0222739
7.08261 0.0222739
7.08261 0.0225934
7.08293 0.0222694
7.08293 0.0225889
7.08293 0.0222694
7.08324 0.0225845
7.08324 0.0222649
7.08324 0.0222649
7.08356 0.0835445
7.08895 0.088934
7.08949 0.0894712
7.09217 0.0921546
7.09349 0.0934648
7.09546 0.0954375
7.09773 0.097726
7.0984 0.0983782
7.0989 0.0988843
7.10127 0.101257
7.10197 0.101949
7.10231 0.0222914
7.10231 0.0222914
7.10231 0.0222914
7.10263 0.0222869
7.10263 0.0222869
7.10263 0.0226064
7.10294 0.0222824
7.10294 0.0226019
7.10294 0.0222824
7.10326 0.0225974
7.10326 0.0222779
7.10326 0.0222779
7.1046 0.104587
7.10499 0.104968
7.10627 0.106258
7.10659 0.106572
7.10741 0.107389
7.10773 0.107708
7.10805 0.108028
7.10889 0.108876
7.10977 0.109756
7.11009 0.110075
7.11009 0.110075
7.11041 0.110394
7.11073 0.110715
7.11105 0.111033
7.1123 0.112286
7.11262 0.112606
7.11391 0.113889
7.11451 0.114489
7.11551 0.115492
7.11962 0.119607
7.12022 0.120206
7.12145 0.12144
7.12177 0.121747
7.1224 0.122378
7.12272 0.0226904
7.12284 0.0228188
7.12284 0.0228188
7.12284 0.0224993
7.12284 0.0224993
7.12284 0.0224993
7.12297 0.0223081
7.12297 0.0223081
7.12297 0.0226276
7.12326 0.0222725
7.12326 0.022592
7.12326 0.0222725
7.12535 0.0253312
7.12567 0.0256461
7.12599 0.125969
7.12599 0.125969
7.1268 0.126787
7.12877 0.0287423
7.12909 0.0290749
7.12991 0.029892
7.13101 0.0309891
7.13151 0.0314953
7.13183 0.131814
7.13231 0.0322783
7.13263 0.132608
7.13413 0.13411
7.13467 0.034648
7.13582 0.135807
7.13614 0.0361268
7.13783 0.0378258
7.1384 0.0383833
7.13872 0.138702
7.13872 0.138702
7.13969 0.0396755
7.14001 0.139994
7.14033 0.0403015
7.14239 0.0423758
7.14271 0.0426953
7.14284 0.0228134
7.14284 0.0228134
7.14284 0.0228134
7.14284 0.0224939
7.14284 0.0224939
7.14284 0.0228134
7.14297 0.0229418
7.14297 0.0223028
7.14297 0.0226223
7.14297 0.0223028
7.14329 0.143271
7.14342 0.0227507
7.14342 0.0224312
7.14342 0.0224312
7.14703 0.0470338
7.14735 0.147335
7.14735 0.147335
7.14777 0.147748
7.14827 0.148254
7.15133 0.0513268
7.15224 0.152221
7.15321 0.0531948
7.15353 0.0535143
7.15603 0.15601
7.15964 0.0596276
7.16232 0.0222936
7.16232 0.0222936
7.16232 0.0222936
7.16264 0.0222891
7.16264 0.0222891
7.16264 0.0226086
7.16295 0.0222846
7.16295 0.0226041
7.16295 0.0222846
7.16327 0.0225996
7.16327 0.0222801
7.16327 0.0222801
7.16595 0.065935
7.16851 0.068494
7.17132 0.0713075
7.17316 0.0731454
7.17361 0.0735893
7.17393 0.0739089
7.17677 0.0767478
7.18227 0.0222727
7.18227 0.0222727
7.18227 0.0222727
7.18259 0.0222682
7.18259 0.0222682
7.18259 0.0225877
7.1829 0.0222637
7.1829 0.0225832
7.1829 0.0222637
7.18344 0.0834244
7.18357 0.0229293
7.18357 0.0226098
7.18357 0.0226098
7.18893 0.0889112
7.1895 0.0894795
7.19215 0.0921318
7.1935 0.0934901
7.19546 0.0954458
7.19737 0.0973386
7.1984 0.0983865
7.19903 0.099017
7.20128 0.101265
7.20194 0.101927
7.20229 0.0222857
7.20229 0.0222857
7.20229 0.0222857
7.20261 0.0222812
7.20261 0.0222812
7.20261 0.0226007
7.20292 0.0222767
7.20292 0.0225962
7.20292 0.0222767
7.20324 0.0225917
7.20324 0.0222722
7.20324 0.0222722
7.20449 0.10447
7.20496 0.104945
7.20628 0.106266
7.2066 0.10658
7.20741 0.107397
7.20773 0.107716
7.20773 0.107716
7.20896 0.108938
7.2098 0.109796
7.21012 0.110106
7.21012 0.110106
7.21044 0.110425
7.21076 0.110754
7.21108 0.111064
7.21227 0.112255
7.21259 0.112574
7.21363 0.113609
7.21451 0.114489
7.21551 0.115492
7.21962 0.119606
7.22019 0.120175
7.22144 0.121417
7.22176 0.121747
7.22239 0.122378
7.22271 0.0227073
7.22284 0.0228357
7.22284 0.0228357
7.22284 0.0225162
7.22284 0.0225162
7.22284 0.0225162
7.22297 0.0223251
7.22297 0.0223251
7.22297 0.0226446
7.22326 0.0222895
7.22326 0.022609
7.22326 0.0222895
7.22535 0.025331
7.22567 0.025663
7.22599 0.125969
7.22599 0.125969
7.22677 0.126755
7.22877 0.0287508
7.22909 0.0290747
7.22991 0.0298918
7.23088 0.0308645
7.23164 0.131619
7.23196 0.031939
7.23228 0.0322676
7.23259 0.132577
7.2341 0.134079
7.23466 0.0346478
7.23579 0.135775
7.23611 0.0360955
7.23783 0.0378235
7.23837 0.038352
7.23869 0.138671
7.23869 0.138671
7.23963 0.039613
7.23995 0.139932
7.24027 0.0402477
7.24239 0.0423756
7.24271 0.0426951
7.24284 0.0228303
7.24284 0.0228303
7.24284 0.0228303
7.24284 0.0225108
7.24284 0.0225108
7.24284 0.0228303
7.24297 0.0229587
7.24297 0.0223197
7.24297 0.0226392
7.24297 0.0223197
7.24341 0.143395
7.24354 0.022892
7.24354 0.0225725
7.24354 0.0225725
7.24706 0.0470595
7.24738 0.147366
7.24738 0.147366
7.24777 0.147748
7.24821 0.148192
7.25136 0.0513352
7.25224 0.152221
7.25318 0.0531635
7.2535 0.053483
7.25603 0.15601
7.25964 0.0596274
7.26229 0.0222794
7.26229 0.0222794
7.26229 0.0222794
7.26261 0.0222749
7.26261 0.0222749
7.26261 0.0225944
7.26292 0.0222704
7.26292 0.0225899
7.26292 0.0222704
7.26324 0.0225855
7.26324 0.0222659
7.26324 0.0222659
7.26617 0.0661525
7.26851 0.0684938
7.27129 0.0712762
7.27319 0.0731763
7.27361 0.0735892
7.27393 0.0739087
7.27676 0.0767476
7.2823 0.0222896
7.2823 0.0222896
7.2823 0.0222896
7.28262 0.0222851
7.28262 0.0222851
7.28262 0.0226046
7.28293 0.0222806
7.28293 0.0226001
7.28293 0.0222806
7.28344 0.0834242
7.28357 0.0229152
7.28357 0.0225956
7.28357 0.0225956
7.28893 0.088911
7.28943 0.0894171
7.29215 0.0921316
7.29346 0.0934449
7.29552 0.0955078
7.29743 0.0974177
7.2984 0.0983863
7.29894 0.0989235
7.30137 0.101358
7.30194 0.101926
7.30229 0.0222715
7.30229 0.0222715
7.30229 0.0222715
7.3026 0.022267
7.3026 0.022267
7.3026 0.0225865
7.30295 0.0222936
7.30295 0.0226131
7.30295 0.0222936
7.30327 0.0226086
7.30327 0.0222891
7.30327 0.0222891
7.30461 0.104595
7.30493 0.104914
7.30628 0.106266
7.3066 0.10658
7.30741 0.107397
7.30773 0.107716
7.30805 0.108036
7.3089 0.108884
7.30978 0.10975
7.3101 0.110083
7.3101 0.110083
7.31042 0.110402
7.31074 0.110709
7.31106 0.111041
7.31228 0.112263
7.3126 0.112583
7.3136 0.113586
7.31451 0.114497
7.31549 0.115469
7.31963 0.119615
7.3202 0.120183
7.32145 0.121434
7.32177 0.121755
7.32237 0.122355
7.32269 0.0226705
7.32282 0.0227989
7.32282 0.0227989
7.32282 0.0224793
7.32282 0.0224793
7.32282 0.0224793
7.32295 0.0222882
7.32295 0.0222882
7.32295 0.0226077
7.32326 0.0222837
7.32326 0.0226032
7.32326 0.0222837
7.32535 0.0253392
7.32567 0.0256573
7.32599 0.125977
7.32599 0.125977
7.3269 0.126888
7.32878 0.0287677
7.3291 0.0290829
7.32992 0.0299001
7.33104 0.0310283
7.33152 0.0315034
7.33184 0.131822
7.33231 0.0322964
7.33263 0.132617
7.33407 0.134056
7.33455 0.0345317
7.3358 0.135783
7.33612 0.0361038
7.33784 0.0378078
7.33838 0.0383602
7.3387 0.138679
7.3387 0.138679
7.3397 0.0396835
7.34002 0.140002
7.34034 0.0403268
7.34231 0.0422906
7.34263 0.0426101
7.34275 0.0227313
7.34275 0.0227313
7.34275 0.0227313
7.34275 0.0224118
7.34275 0.0224118
7.34275 0.0227313
7.34301 0.022349
7.34301 0.0226686
7.34301 0.022349
7.34333 0.143314
7.34346 0.0227969
7.34346 0.0224774
7.34346 0.0224774
7.34704 0.0470355
7.34736 0.147347
7.34736 0.147347
7.34778 0.14776
7.34816 0.148142
7.35131 0.0512939
7.35222 0.152202
7.35316 0.0531446
7.35348 0.0534642
7.35604 0.156022
7.35978 0.0597641
7.3623 0.0222777
7.3623 0.0222777
7.3623 0.0222777
7.36262 0.0222732
7.36262 0.0222732
7.36262 0.0225927
7.36293 0.0222687
7.36293 0.0225882
7.36293 0.0222687
7.36325 0.0225837
7.36325 0.0222642
7.36325 0.0222642
7.36618 0.0661648
7.36855 0.0685372
7.37124 0.0712263
7.3732 0.0731886
7.37359 0.0735703
7.37391 0.0738898
7.37678 0.0767598
7.38232 0.0222879
7.38232 0.0222879
7.38232 0.0222879
7.38263 0.0222834
7.38263 0.0222834
7.38263 0.0226029
7.38295 0.0222789
7.38295 0.0225984
7.38295 0.0222789
7.38345 0.0834365
7.38358 0.0229134
7.38358 0.0225939
7.38358 0.0225939
7.389 0.0889854
7.38945 0.0894294
7.39216 0.0921439
7.39375 0.0937541
7.39544 0.0954267
7.39741 0.0973848
7.39838 0.0983674
7.39892 0.0989047
7.40129 0.101277
7.40195 0.101939
7.4023 0.0222697
7.4023 0.0222697
7.4023 0.0222697
7.40262 0.0222652
7.40262 0.0222652
7.40262 0.0225847
7.40296 0.0222918
7.40296 0.0226113
7.40296 0.0222918
7.40328 0.0226069
7.40328 0.0222873
7.40328 0.0222873
7.40453 0.104514
7.40494 0.104926
7.40629 0.106278
7.40661 0.106592
7.40739 0.107378
7.40771 0.107697
7.40803 0.108017
7.40888 0.108865
7.40982 0.109802
7.41014 0.110126
7.41014 0.110126
7.41046 0.110446
7.41078 0.110761
7.4111 0.111085
7.41235 0.112337
7.41267 0.112657
7.41371 0.113692
7.41449 0.114478
7.4155 0.115482
7.41964 0.119627
7.42012 0.120102
7.42134 0.121331
7.42166 0.121643
7.42238 0.122367
7.4227 0.0226998
7.42283 0.0228282
7.42283 0.0228282
7.42283 0.0225087
7.42283 0.0225087
7.42283 0.0225087
7.42296 0.0223176
7.42296 0.0223176
7.42296 0.0226371
7.42324 0.022282
7.42324 0.0226015
7.42324 0.022282
7.42534 0.0253204
7.42565 0.0256471
7.42597 0.125959
7.42597 0.125959
7.42679 0.126776
7.42876 0.0287575
7.42908 0.0290641
7.4299 0.0298813
7.43099 0.0309784
7.43162 0.131608
7.43194 0.0319284
7.43239 0.0323604
7.43239 0.132372
7.43417 0.134153
7.43455 0.0345355
7.4358 0.135787
7.43612 0.0361076
7.43784 0.0378238
7.43838 0.038364
7.4387 0.138683
7.4387 0.138683
7.43961 0.039594
7.43993 0.139913
7.44025 0.0402459
7.4424 0.0423877
7.44272 0.0427072
7.44285 0.0228455
7.44285 0.0228455
7.44285 0.0228455
7.44285 0.022526
7.44285 0.022526
7.44285 0.0228455
7.44298 0.0229739
7.44298 0.0223349
7.44298 0.0226544
7.44298 0.0223349
7.44342 0.143407
7.44355 0.0229072
7.44355 0.0225877
7.44355 0.0225877
7.44704 0.0470301
7.44736 0.147347
7.44736 0.147347
7.44768 0.147667
7.44816 0.148142
7.45137 0.0513646
7.45209 0.152078
7.45316 0.0531445
7.45348 0.053464
7.4561 0.156084
7.45965 0.0596395
7.46227 0.0222635
7.46227 0.0222635
7.46227 0.0222635
7.46262 0.0222901
7.46262 0.0222901
7.46262 0.0226096
7.46293 0.0222856
7.46293 0.0226051
7.46293 0.0222856
7.46325 0.0226006
7.46325 0.0222811
7.46325 0.0222811
7.46618 0.0661646
7.46855 0.068537
7.4713 0.0712883
7.47317 0.0731573
7.47358 0.0735701
7.4739 0.0738896
7.47646 0.0764486
7.48228 0.0222737
7.48228 0.0222737
7.48228 0.0222737
7.4826 0.0222692
7.4826 0.0222692
7.4826 0.0225887
7.48291 0.0222647
7.48291 0.0225842
7.48291 0.0222647
7.48345 0.0834363
7.48358 0.0229303
7.48358 0.0226108
7.48358 0.0226108
7.48894 0.088923
7.48944 0.0894292
7.49216 0.0921437
7.49378 0.0937626
7.49544 0.0954265
7.49735 0.0973396
7.49838 0.0983672
7.49892 0.0989045
7.50132 0.101308
7.50192 0.101907
7.5023 0.0222866
7.5023 0.0222866
7.5023 0.0222866
7.50261 0.0222821
7.50261 0.0222821
7.50261 0.0226017
7.50293 0.0222777
7.50293 0.0225972
7.50293 0.0222777
7.50324 0.0225927
7.50324 0.0222732
7.50324 0.0222732
7.50462 0.104607
7.50494 0.104926
7.50629 0.106278
7.50686 0.10684
7.50739 0.107378
7.50771 0.107697
7.50803 0.108017
7.50894 0.108927
7.50976 0.109749
7.51008 0.110064
7.51008 0.110064
7.5104 0.110383
7.51072 0.110707
7.51104 0.111022
7.51235 0.112337
7.51267 0.112657
7.51361 0.113598
7.51449 0.114478
7.5155 0.115482
7.51964 0.119627
7.52021 0.120195
7.52146 0.121432
7.52178 0.121767
7.52238 0.122367
7.5227 0.0226856
7.52283 0.022814
7.52283 0.022814
7.52283 0.0224945
7.52283 0.0224945
7.52283 0.0224945
7.52296 0.0223034
7.52296 0.0223034
7.52296 0.0226229
7.52324 0.0222678
7.52324 0.0225873
7.52324 0.0222678
7.52533 0.0253202
7.52565 0.0256244
7.52565 0.125639
7.52597 0.125958
7.52691 0.1269
7.52882 0.0287971
7.52914 0.0291261
7.52999 0.0299744
7.53096 0.0309471
7.53162 0.0316087
7.53194 0.131927
7.53229 0.0322874
7.53261 0.132598
7.53414 0.13413
7.53465 0.034637
7.53578 0.135764
7.5361 0.0360848
7.53785 0.0378352
7.53839 0.0383723
7.53871 0.138691
7.53871 0.138691
7.53962 0.0396023
7.54022 0.0401922
7.54054 0.14052
7.54241 0.0423959
7.54273 0.0427154
7.54286 0.0228398
7.54286 0.0228398
7.54286 0.0228398
7.54286 0.0225203
7.54286 0.0225203
7.54286 0.0228398
7.54299 0.0229682
7.54299 0.0223291
7.54299 0.0226486
7.54299 0.0223291
7.54327 0.022613
7.54327 0.0222935
7.54327 0.0222935
7.54362 0.143606
7.54705 0.0470332
7.54737 0.147355
7.54737 0.147355
7.54778 0.147768
7.54813 0.148119
7.55131 0.0512882
7.5521 0.152086
7.5532 0.0531838
7.55352 0.0535033
7.55605 0.15603
7.55976 0.0597411
7.56231 0.0222889
7.56231 0.0222889
7.56231 0.0222889
7.56262 0.0222844
7.56262 0.0222844
7.56262 0.0226039
7.56294 0.0222799
7.56294 0.0225994
7.56294 0.0222799
7.56325 0.0225949
7.56325 0.0222754
7.56325 0.0222754
7.56622 0.066204
7.56856 0.0685452
7.57124 0.0712343
7.57315 0.0731345
7.5735 0.0734851
7.57382 0.0738046
7.57647 0.0764569
7.58229 0.022268
7.58229 0.022268
7.58229 0.022268
7.58261 0.0222635
7.58261 0.0222635
7.58261 0.022583
7.58295 0.0222901
7.58295 0.0226096
7.58295 0.0222901
7.58346 0.0834446
7.58359 0.0229246
7.58359 0.0226051
7.58359 0.0226051
7.58901 0.0889935
7.58933 0.089313
7.59217 0.092152
7.59376 0.0937484
7.59545 0.0954348
7.59782 0.0978004
7.59839 0.0983755
7.59893 0.0989128
7.6013 0.101285
7.60209 0.102071
7.60231 0.0222809
7.60231 0.0222809
7.60231 0.0222809
7.60262 0.0222764
7.60262 0.0222764
7.60262 0.0225959
7.60294 0.0222719
7.60294 0.0225914
7.60294 0.0222719
7.60325 0.0225869
7.60325 0.0222674
7.60325 0.0222674
7.60463 0.104615
7.60501 0.104997
7.60626 0.106255
7.60683 0.106818
7.6074 0.107386
7.60772 0.107706
7.60772 0.107706
7.60891 0.108896
7.60976 0.109757
7.61008 0.110064
7.6104 0.110383
7.6104 0.110383
7.61072 0.110716
7.61104 0.111022
7.61229 0.112275
7.61261 0.112594
7.61361 0.113598
7.61449 0.114478
7.6155 0.115481
7.61964 0.119627
7.62021 0.120195
7.62143 0.12141
7.62175 0.121736
7.62238 0.122367
7.6227 0.0226714
7.62283 0.0227998
7.62283 0.0227998
7.62283 0.0224803
7.62283 0.0224803
7.62283 0.0224803
7.62296 0.0222892
7.62296 0.0222892
7.62296 0.0226087
7.62327 0.0222847
7.62327 0.0226042
7.62327 0.0222847
7.62533 0.02532
7.62565 0.0256414
7.62597 0.125958
7.62597 0.125958
7.62691 0.1269
7.62876 0.0287433
7.62908 0.0290637
7.62999 0.0299742
7.63096 0.0309469
7.63162 0.0316085
7.63194 0.131927
7.63229 0.0322767
7.63261 0.132597
7.63411 0.134099
7.63465 0.0346368
7.63581 0.135795
7.63613 0.0361157
7.63785 0.037833
7.63835 0.038341
7.63867 0.13866
7.63867 0.13866
7.63971 0.0396954
7.64003 0.140014
7.64035 0.0403335
7.64241 0.0423957
7.64273 0.0427152
7.64286 0.0228567
7.64286 0.0228567
7.64286 0.0228567
7.64286 0.0225372
7.64286 0.0225372
7.64286 0.0228567
7.64299 0.0229851
7.64299 0.0223461
7.64299 0.0226656
7.64299 0.0223461
7.6433 0.143291
7.64343 0.022794
7.64343 0.0224744
7.64343 0.0224744
7.64708 0.047059
7.6474 0.147386
7.6474 0.147386
7.64778 0.147768
7.64816 0.14815
7.65131 0.0512966
7.65229 0.152272
7.6532 0.0531836
7.65352 0.0535031
7.65601 0.155999
7.65975 0.0597409
7.66228 0.0222747
7.66228 0.0222747
7.66228 0.0222747
7.66259 0.0222702
7.66259 0.0222702
7.66259 0.0225897
7.66291 0.0222657
7.66291 0.0225852
7.66291 0.0222657
7.66325 0.0226118
7.66325 0.0222923
7.66325 0.0222923
7.66615 0.0661416
7.66856 0.068545
7.67124 0.0712342
7.67327 0.0732587
7.67359 0.0735782
7.67391 0.0738977
7.67647 0.0764567
7.68229 0.0222849
7.68229 0.0222849
7.68229 0.0222849
7.68261 0.0222804
7.68261 0.0222804
7.68261 0.0225999
7.68292 0.0222759
7.68292 0.0225954
7.68292 0.0222759
7.68324 0.0225909
7.68324 0.0222714
7.68324 0.0222714
7.68355 0.0835417
7.68901 0.0889933
7.68945 0.0894372
7.69217 0.0921518
7.69376 0.0937569
7.69545 0.0954346
7.69782 0.0978088
7.69839 0.0983753
7.69893 0.0989126
7.7013 0.101285
7.70196 0.101947
7.70227 0.0222667
7.70227 0.0222667
7.70227 0.0222667
7.70262 0.0222933
7.70262 0.0222933
7.70262 0.0226128
7.70294 0.0222888
7.70294 0.0226084
7.70294 0.0222888
7.70325 0.0226039
7.70325 0.0222844
7.70325 0.0222844
7.70453 0.104521
7.70489 0.104872
7.70626 0.106255
7.70683 0.106817
7.7074 0.107386
7.70772 0.107705
7.70804 0.108025
7.70889 0.108873
7.70977 0.109743
7.71009 0.110072
7.7104 0.110391
7.7104 0.110391
7.71076 0.110733
7.71107 0.111062
7.71233 0.112314
7.71265 0.112634
7.71359 0.113575
7.7145 0.114486
7.71547 0.115459
7.71962 0.119604
7.71994 0.119923
7.72147 0.121458
7.72179 0.121775
7.72242 0.122406
7.72274 0.0227279
7.72287 0.0228563
7.72287 0.0228563
7.72287 0.0225368
7.72287 0.0225368
7.72287 0.0225368
7.723 0.0223457
7.723 0.0223457
7.723 0.0226652
7.72325 0.022279
7.72325 0.0225985
7.72325 0.022279
7.72534 0.0253283
7.72566 0.0256583
7.72598 0.125966
7.72598 0.125966
7.72689 0.126877
7.72876 0.0287602
7.72908 0.029072
7.72996 0.0299514
7.73097 0.0309552
7.73163 0.131616
7.73195 0.0319363
7.73236 0.132348
7.73268 0.0326562
7.73412 0.134107
7.73466 0.0346451
7.73579 0.135773
7.73611 0.0360928
7.73782 0.0378224
7.73836 0.0383493
7.73868 0.138668
7.73868 0.138668
7.73962 0.0396104
7.73994 0.139929
7.74026 0.0402571
7.74239 0.0423729
7.7427 0.0426924
7.74283 0.0228199
7.74283 0.0228199
7.74283 0.0228199
7.74283 0.0225003
7.74283 0.0225003
7.74283 0.0228199
7.74296 0.0229482
7.74296 0.0223092
7.74296 0.0226287
7.74296 0.0223092
7.74328 0.143268
7.74341 0.0227571
7.74341 0.0224376
7.74341 0.0224376
7.74637 0.0463467
7.74713 0.147115
7.74745 0.147434
7.74777 0.147754
7.74818 0.148166
7.75117 0.0511665
7.75208 0.152071
7.75315 0.0531382
7.75347 0.0534577
7.756 0.155985
7.75974 0.0597265
7.76229 0.0222774
7.76229 0.0222774
7.76229 0.0222774
7.76261 0.0222729
7.76261 0.0222729
7.76261 0.0225924
7.76292 0.0222684
7.76292 0.022588
7.76292 0.0222684
7.76324 0.0225835
7.76324 0.022264
7.76324 0.022264
7.76626 0.0662516
7.76851 0.0684996
7.77132 0.0713131
7.77323 0.0732132
7.77355 0.0735327
7.77386 0.0738522
7.77677 0.0767534
7.78231 0.0222876
7.78231 0.0222876
7.78231 0.0222876
7.78262 0.0222831
7.78262 0.0222831
7.78262 0.0226026
7.78294 0.0222786
7.78294 0.0225981
7.78294 0.0222786
7.78344 0.08343
7.78357 0.0229132
7.78357 0.0225937
7.78357 0.0225937
7.78899 0.088979
7.78944 0.0894229
7.79224 0.0922307
7.79378 0.0937511
7.79543 0.0954203
7.79784 0.0978342
7.79847 0.0984543
7.79891 0.0988982
7.80128 0.101271
7.80204 0.102026
7.80229 0.0222695
7.80229 0.0222695
7.80229 0.0222695
7.80261 0.022265
7.80261 0.022265
7.80261 0.0225845
7.80295 0.0222916
7.80295 0.0226111
7.80295 0.0222916
7.80327 0.0226066
7.80327 0.0222871
7.80327 0.0222871
7.80443 0.104414
7.80506 0.105044
7.80628 0.106272
7.80691 0.106896
7.80738 0.107371
7.8077 0.107691
7.80802 0.10801
7.80906 0.109045
7.80978 0.109768
7.8101 0.110088
7.8101 0.110089
7.81042 0.110408
7.81042 0.110408
7.81083 0.110821
7.81233 0.112323
7.81265 0.112642
7.81369 0.113677
7.81451 0.114494
7.81548 0.115467
7.81966 0.119643
7.81998 0.119963
7.82148 0.121475
7.8218 0.121784
7.82243 0.122414
7.82275 0.0227222
7.82287 0.0228506
7.82287 0.0228506
7.82287 0.0225311
7.82287 0.0225311
7.82287 0.0225311
7.823 0.02234
7.823 0.02234
7.823 0.0226595
7.82326 0.0222733
7.82326 0.0225928
7.82326 0.0222733
7.82535 0.0253365
7.82567 0.0256441
7.82599 0.125975
7.82599 0.125975
7.82677 0.126761
7.82877 0.028746
7.82909 0.0290803
7.82991 0.0298974
7.83098 0.0309634
7.83164 0.0316251
7.83196 0.131944
7.83228 0.0322722
7.8326 0.132583
7.83416 0.134146
7.83473 0.0347156
7.83579 0.135781
7.83611 0.0361011
7.83789 0.0378649
7.83821 0.138201
7.83853 0.0385215
7.83885 0.13884
7.83958 0.139564
7.8399 0.0398844
7.84022 0.0401892
7.8424 0.0423897
7.84272 0.0427092
7.84285 0.0228226
7.84285 0.0228226
7.84285 0.0228226
7.84285 0.0225031
7.84285 0.0225031
7.84285 0.0228226
7.84298 0.022951
7.84298 0.022312
7.84298 0.0226315
7.84298 0.022312
7.84333 0.143316
7.84346 0.022791
7.84346 0.0224715
7.84346 0.0224715
7.84639 0.0463667
7.84711 0.1471
7.84743 0.14742
7.84775 0.147739
7.84816 0.148152
7.85135 0.0513248
7.85222 0.152213
7.8532 0.053186
7.85352 0.0535055
7.85601 0.156001
7.85972 0.0597122
7.86231 0.0222802
7.86231 0.0222802
7.86231 0.0222802
7.86262 0.0222757
7.86262 0.0222757
7.86262 0.0225952
7.86294 0.0222712
7.86294 0.0225907
7.86294 0.0222712
7.86325 0.0225862
7.86325 0.0222667
7.86325 0.0222667
7.86616 0.0661439
7.86853 0.0685163
7.87121 0.0712054
7.87318 0.0731677
7.87362 0.0736117
7.87394 0.0739312
7.87675 0.076739
7.88229 0.0222904
7.88229 0.0222904
7.88229 0.0222904
7.88261 0.0222859
7.88261 0.0222859
7.88261 0.0226054
7.88292 0.0222814
7.88292 0.0226009
7.88292 0.0222814
7.88324 0.0225964
7.88324 0.0222769
7.88324 0.0222769
7.88356 0.083544
7.88891 0.0889024
7.88945 0.0894396
7.8922 0.0921852
7.89376 0.0937454
7.89545 0.095437
7.89776 0.0977352
7.89851 0.0985021
7.89893 0.0989149
7.9013 0.101287
7.90196 0.101949
7.90228 0.0222722
7.90228 0.0222722
7.90228 0.0222722
7.90259 0.0222677
7.90259 0.0222677
7.90259 0.0225872
7.90294 0.0222943
7.90294 0.0226138
7.90294 0.0222943
7.90325 0.0226094
7.90325 0.0222898
7.90325 0.0222898
7.90441 0.104399
7.90501 0.104999
7.90626 0.106257
7.90683 0.10682
7.9074 0.107388
7.90772 0.107708
7.90772 0.107708
7.90891 0.108898
7.90979 0.109785
7.91011 0.110097
7.91011 0.110097
7.91043 0.110417
7.91075 0.110721
7.91107 0.111056
7.91235 0.112339
7.91267 0.112659
7.91367 0.113663
7.91449 0.11448
7.91497 0.114955
7.91964 0.119629
7.92018 0.120166
7.92146 0.121438
7.92178 0.121769
7.92238 0.122369
7.9227 0.0226939
7.92283 0.0228222
7.92283 0.0228222
7.92283 0.0225027
7.92283 0.0225027
7.92283 0.0225027
7.92296 0.0223116
7.92296 0.0223116
7.92296 0.0226311
7.92324 0.022276
7.92324 0.0225955
7.92324 0.022276
7.92533 0.0253222
7.92565 0.0256384
7.92565 0.125641
7.92597 0.12596
7.92679 0.126778
7.92876 0.0287403
7.92908 0.0290659
7.93005 0.0300386
7.93096 0.0309491
7.93162 0.13161
7.93194 0.0319302
7.93235 0.0323406
7.93267 0.132662
7.93411 0.134101
7.93465 0.034639
7.93578 0.135766
7.9361 0.0360868
7.93785 0.0378424
7.93817 0.138156
7.93849 0.0384761
7.93881 0.138795
7.93969 0.0396749
7.94001 0.139994
7.94032 0.0403079
7.94239 0.0423753
7.94271 0.0426948
7.94283 0.0228253
7.94283 0.0228253
7.94283 0.0228253
7.94283 0.0225058
7.94283 0.0225058
7.94283 0.0228253
7.94296 0.0229537
7.94296 0.0223147
7.94296 0.0226342
7.94296 0.0223147
7.94328 0.14327
7.94341 0.0227626
7.94341 0.0224431
7.94341 0.0224431
7.94637 0.0463556
7.9471 0.147086
7.94742 0.147405
7.9478 0.147787
7.94815 0.148138
7.95133 0.051319
7.95224 0.152229
7.95318 0.0531717
7.9535 0.0534912
7.95606 0.156049
7.95974 0.0597289
7.96229 0.0222829
7.96229 0.0222829
7.96229 0.0222829
7.96261 0.0222784
7.96261 0.0222784
7.96261 0.0225979
7.96292 0.0222739
7.96292 0.0225934
7.96292 0.0222739
7.96324 0.022589
7.96324 0.0222694
7.96324 0.0222694
7.96623 0.0662229
7.96857 0.0685642
7.97123 0.0712222
7.9732 0.0731845
7.97361 0.0735973
7.97393 0.0739168
7.97677 0.0767557
7.98231 0.0222931
7.98231 0.0222931
7.98231 0.0222931
7.98262 0.0222886
7.98262 0.0222886
7.98262 0.0226081
7.98294 0.0222841
7.98294 0.0226036
7.98294 0.0222841
7.98344 0.0834324
7.98357 0.0229187
7.98357 0.0225991
7.98357 0.0225991
7.98893 0.0889191
7.98944 0.0894253
7.99215 0.0921398
7.99375 0.0937397
7.99543 0.0954226
7.99784 0.0978228
7.99837 0.0983633
7.99897 0.0989628
8.00128 0.101273
8.00195 0.101935
8.00229 0.022275
8.00229 0.022275
8.00229 0.022275
8.00261 0.0222705
8.00261 0.0222705
8.00261 0.02259
8.00292 0.022266
8.00292 0.0225855
8.00292 0.022266
8.00327 0.0226121
8.00327 0.0222926
8.00327 0.0222926
8.00459 0.104579
8.005 0.104992
8.00629 0.106281
8.00682 0.106813
8.00739 0.107381
8.00771 0.107701
8.00803 0.10802
8.00888 0.108868
8.00979 0.109764
8.01011 0.110098
8.01043 0.110418
8.01043 0.110418
8.01075 0.110731
8.01107 0.111057
8.01238 0.112372
8.0127 0.112691
8.01364 0.113633
8.01452 0.114512
8.01484 0.114832
8.01964 0.11963
8.02021 0.120199
8.02149 0.121479
8.02181 0.121802
8.02241 0.122401
8.02273 0.0227123
8.02295 0.022295
8.02295 0.022295
8.02327 0.0222905
8.02327 0.02261
8.02327 0.0222905
8.02358 0.0226055
8.02358 0.022286
8.02358 0.022286
8.02536 0.0253546
8.02568 0.0256568
8.02568 0.125673
8.026 0.125993
8.02695 0.126934
8.02873 0.0287192
8.02905 0.0290361
8.03017 0.0301643
8.03099 0.0309815
8.03153 0.131518
8.03185 0.0318383
8.03239 0.132375
8.03298 0.032962
8.03414 0.134133
8.03465 0.0346404
8.03578 0.135768
8.0361 0.0360881
8.03785 0.0378469
8.03817 0.138157
8.03849 0.0384774
8.03881 0.138796
8.03962 0.0396141
8.03994 0.139933
8.04026 0.0402557
8.04239 0.0423766
8.04271 0.0426961
8.04283 0.0228042
8.04283 0.0228042
8.04283 0.0228042
8.04283 0.0224847
8.04283 0.0224847
8.04283 0.0228042
8.04296 0.0229326
8.04296 0.0222936
8.04296 0.0226131
8.04296 0.0222936
8.04328 0.143272
8.04341 0.0227415
8.04341 0.022422
8.04341 0.022422
8.04637 0.0463603
8.04713 0.147118
8.04745 0.147438
8.04777 0.147757
8.04815 0.148139
8.05136 0.0513601
8.05227 0.152262
8.05318 0.053173
8.0535 0.0534925
8.056 0.155988
8.05974 0.0597302
8.06229 0.0222929
8.06229 0.0222929
8.06229 0.0222929
8.06261 0.0222884
8.06261 0.0222884
8.06261 0.0226079
8.06292 0.0222839
8.06292 0.0226034
8.06292 0.0222839
8.06324 0.0225989
8.06324 0.0222794
8.06324 0.0222794
8.06617 0.066162
8.06854 0.0685344
8.07126 0.0712546
8.07316 0.0731547
8.07361 0.0735987
8.07393 0.0739182
8.07677 0.0767571
8.08228 0.022272
8.08228 0.022272
8.08228 0.022272
8.08262 0.0222986
8.08262 0.0222986
8.08262 0.0226181
8.08294 0.0222941
8.08294 0.0226136
8.08294 0.0222941
8.08344 0.0834337
8.08357 0.0229286
8.08357 0.0226091
8.08357 0.0226091
8.08893 0.0889205
8.08947 0.0894577
8.09224 0.0922344
8.09378 0.0937497
8.09543 0.095424
8.09784 0.0978328
8.09847 0.098458
8.09901 0.0989952
8.10128 0.101274
8.10195 0.101936
8.10229 0.022285
8.10229 0.022285
8.10229 0.022285
8.10261 0.0222805
8.10261 0.0222805
8.10261 0.0226
8.10292 0.022276
8.10292 0.0225955
8.10292 0.022276
8.10324 0.022591
8.10324 0.0222715
8.10324 0.0222715
8.10446 0.104449
8.105 0.104986
8.10631 0.106306
8.10685 0.106838
8.10742 0.107406
8.10774 0.107726
8.10806 0.108045
8.10903 0.109018
8.10935 0.109331
8.10995 0.109937
8.11027 0.110256
8.11059 0.110576
8.11091 0.110898
8.11122 0.111215
8.11235 0.112343
8.11267 0.112663
8.11365 0.113635
8.11449 0.114484
8.1155 0.115487
8.11964 0.119633
8.12018 0.12017
8.12146 0.121459
8.12178 0.121773
8.12241 0.122404
8.12273 0.0227235
8.12286 0.0225324
8.12286 0.0225324
8.12286 0.0225324
8.12299 0.0223413
8.12299 0.0223413
8.12299 0.0226608
8.12324 0.0222746
8.12324 0.0225941
8.12324 0.0222746
8.12356 0.0225896
8.12356 0.0222701
8.12356 0.0222701
8.12534 0.0253301
8.12566 0.0256409
8.12598 0.125968
8.12598 0.125968
8.12695 0.126941
8.12873 0.0287033
8.12905 0.0290427
8.12999 0.0299843
8.13103 0.0310192
8.13163 0.0316186
8.13195 0.131937
8.13236 0.13235
8.13287 0.0328562
8.13409 0.134078
8.13466 0.0346469
8.13572 0.135712
8.13604 0.0360324
8.13785 0.0378514
8.13817 0.138164
8.13849 0.038484
8.13881 0.138803
8.13969 0.0396828
8.14001 0.140002
8.14033 0.0403019
8.14239 0.0423832
8.14271 0.0427027
8.14284 0.0228194
8.14284 0.0228194
8.14284 0.0228194
8.14284 0.0224999
8.14284 0.0224999
8.14284 0.0228194
8.14297 0.0229478
8.14297 0.0223088
8.14297 0.0226283
8.14297 0.0223088
8.14329 0.143278
8.14342 0.0227567
8.14342 0.0224372
8.14342 0.0224372
8.14613 0.0461213
8.1471 0.147094
8.14742 0.147413
8.14774 0.147733
8.14812 0.148114
8.15134 0.0513131
8.15225 0.152237
8.15316 0.0531484
8.15348 0.053468
8.15619 0.156182
8.15975 0.0597368
8.1623 0.022277
8.1623 0.022277
8.1623 0.022277
8.16262 0.0222725
8.16262 0.0222725
8.16262 0.022592
8.16293 0.022268
8.16293 0.0225875
8.16293 0.022268
8.16328 0.0226141
8.16328 0.0222946
8.16328 0.0222946
8.16615 0.0661375
8.16861 0.0686032
8.17123 0.0712301
8.17317 0.0731613
8.17349 0.0734808
8.17384 0.0738314
8.17674 0.0767325
8.18231 0.0222872
8.18231 0.0222872
8.18231 0.0222872
8.18263 0.0222827
8.18263 0.0222827
8.18263 0.0226022
8.18294 0.0222782
8.18294 0.0225977
8.18294 0.0222782
8.18342 0.0834092
8.18355 0.0228816
8.18355 0.0225621
8.18355 0.0225621
8.18894 0.088927
8.18944 0.0894332
8.19216 0.0921477
8.19378 0.0937649
8.19544 0.0954305
8.19781 0.0977858
8.19838 0.0983712
8.19901 0.0990018
8.20132 0.101312
8.20198 0.101974
8.2023 0.022269
8.2023 0.022269
8.2023 0.022269
8.20264 0.0222957
8.20264 0.0222957
8.20264 0.0226152
8.20296 0.0222912
8.20296 0.0226107
8.20296 0.0222912
8.20327 0.0226062
8.20327 0.0222867
8.20327 0.0222867
8.20397 0.103958
8.20503 0.105024
8.20629 0.106282
8.20682 0.106813
8.20739 0.107382
8.20771 0.107701
8.20803 0.108021
8.20888 0.108869
8.20979 0.109759
8.21011 0.110099
8.21043 0.110419
8.21043 0.110419
8.21075 0.110718
8.21107 0.111058
8.21232 0.11231
8.2127 0.112692
8.21364 0.113633
8.21452 0.114513
8.21546 0.115454
8.21964 0.119631
8.22008 0.120075
8.22134 0.12131
8.22166 0.121647
8.22235 0.12234
8.22267 0.022668
8.2228 0.0224769
8.2228 0.0224769
8.2228 0.0224769
8.22293 0.0222858
8.22293 0.0222858
8.22293 0.0226053
8.22324 0.0222813
8.22324 0.0226008
8.22324 0.0222813
8.22356 0.0225963
8.22356 0.0222768
8.22356 0.0222768
8.22537 0.0253593
8.22569 0.0256787
8.22601 0.125997
8.22601 0.125997
8.22673 0.126721
8.22882 0.0288033
8.22914 0.0291341
8.23008 0.0300757
8.23103 0.0310172
8.23153 0.131523
8.23185 0.0318429
8.23236 0.132348
8.23299 0.0329597
8.23412 0.134107
8.23465 0.034645
8.23578 0.135772
8.2361 0.0360927
8.23779 0.0377852
8.23811 0.138099
8.23843 0.0384198
8.23875 0.138739
8.23969 0.0396809
8.24001 0.14
8.24033 0.0403087
8.24239 0.0423813
8.24271 0.0427008
8.24284 0.0228261
8.24284 0.0228261
8.24284 0.0228261
8.24284 0.0225066
8.24284 0.0225066
8.24284 0.0228261
8.24297 0.0229545
8.24297 0.0223155
8.24297 0.022635
8.24297 0.0223155
8.24329 0.143276
8.24341 0.0227634
8.24341 0.0224439
8.24341 0.0224439
8.24638 0.0463715
8.24701 0.146999
8.24733 0.147318
8.24768 0.147669
8.24812 0.148113
8.25137 0.0513509
8.25228 0.152266
8.25322 0.0532087
8.25354 0.0535282
8.256 0.155993
8.25974 0.0597349
8.2623 0.0222837
8.2623 0.0222837
8.2623 0.0222837
8.26261 0.0222792
8.26261 0.0222792
8.26261 0.0225987
8.26293 0.0222747
8.26293 0.0225942
8.26293 0.0222747
8.26324 0.0225897
8.26324 0.0222702
8.26324 0.0222702
8.26624 0.0662289
8.26855 0.068539
8.27123 0.0712281
8.27317 0.0731594
8.27361 0.0736033
8.27393 0.0739228
8.27674 0.0767306
8.28231 0.0222939
8.28231 0.0222939
8.28231 0.0222939
8.28263 0.0222894
8.28263 0.0222894
8.28263 0.0226089
8.28294 0.0222849
8.28294 0.0226044
8.28294 0.0222849
8.28342 0.0834073
8.28354 0.0228883
8.28354 0.0225688
8.28354 0.0225688
8.28893 0.0889251
8.28947 0.0894623
8.29215 0.0921457
8.29375 0.0937405
8.29544 0.0954286
8.29781 0.0977925
8.29838 0.0983693
8.29895 0.0989377
8.30132 0.10131
8.30198 0.101972
8.3023 0.0222758
8.3023 0.0222758
8.3023 0.0222758
8.30261 0.0222713
8.30261 0.0222713
8.30261 0.0225908
8.30296 0.0222979
8.30296 0.0226174
8.30296 0.0222979
8.30327 0.0226129
8.30327 0.0222934
8.30327 0.0222934
8.30443 0.104422
8.30503 0.105022
8.30628 0.10628
8.30682 0.106811
8.30739 0.10738
8.30771 0.107699
8.30771 0.107699
8.30896 0.108952
8.30978 0.109758
8.3101 0.110089
8.3101 0.110089
8.31042 0.110408
8.31074 0.110716
8.31106 0.111047
8.31231 0.1123
8.31269 0.112681
8.31372 0.113716
8.31451 0.114502
8.31548 0.115475
8.31975 0.119745
8.3202 0.120189
8.32136 0.12134
8.32168 0.121668
8.32237 0.12236
8.32269 0.0226663
8.32282 0.0224752
8.32282 0.0224752
8.32282 0.0224752
8.32294 0.0222841
8.32294 0.0222841
8.32294 0.0226036
8.32326 0.0222796
8.32326 0.0225991
8.32326 0.0222796
8.32358 0.0225946
8.32358 0.0222751
8.32358 0.0222751
8.32536 0.0253489
8.32568 0.0256459
8.32568 0.125668
8.32606 0.126049
8.32681 0.126804
8.32872 0.0287082
8.32904 0.0290304
8.33007 0.0300653
8.33098 0.0309757
8.33152 0.131512
8.33184 0.0318325
8.33238 0.132369
8.33288 0.0328681
8.33414 0.134128
8.33467 0.0346657
8.33518 0.135171
8.33593 0.0359268
8.33784 0.0378401
8.33816 0.138151
8.33848 0.0384716
8.3388 0.13879
8.33962 0.0396083
8.33994 0.139927
8.34025 0.0402447
8.34238 0.0423709
8.3427 0.0426904
8.34283 0.0228244
8.34283 0.0228244
8.34283 0.0228244
8.34283 0.0225049
8.34283 0.0225049
8.34283 0.0228244
8.34295 0.0229528
8.34295 0.0223138
8.34295 0.0226333
8.34295 0.0223138
8.34327 0.143266
8.3434 0.0227617
8.3434 0.0224422
8.3434 0.0224422
8.34637 0.0463644
8.34703 0.147019
8.34735 0.147339
8.34767 0.147658
8.34814 0.148133
8.35132 0.0513181
8.35223 0.152225
8.35314 0.0531361
8.35346 0.0534556
8.35599 0.155983
8.35973 0.0597245
8.36229 0.022282
8.36229 0.022282
8.36229 0.022282
8.3626 0.0222775
8.3626 0.0222775
8.3626 0.022597
8.36292 0.022273
8.36292 0.0225925
8.36292 0.022273
8.36323 0.022588
8.36323 0.0222685
8.36323 0.0222685
8.36616 0.0661563
8.36857 0.0685597
8.37122 0.0712178
8.37319 0.0731801
8.3736 0.0735929
8.37392 0.0739124
8.37676 0.0767513
8.3823 0.0222922
8.3823 0.0222922
8.3823 0.0222922
8.38261 0.0222877
8.38261 0.0222877
8.38261 0.0226072
8.38293 0.0222832
8.38293 0.0226027
8.38293 0.0222832
8.38344 0.083428
8.38356 0.0229177
8.38356 0.0225982
8.38356 0.0225982
8.38895 0.0889458
8.38946 0.0894519
8.39224 0.0922287
8.39377 0.0937387
8.39543 0.0954182
8.39783 0.0978218
8.39846 0.0984522
8.39897 0.0989584
8.40131 0.1013
8.40197 0.101961
8.40228 0.022274
8.40228 0.022274
8.40228 0.022274
8.4026 0.0222695
8.4026 0.0222695
8.4026 0.022589
8.40294 0.0222961
8.40294 0.0226156
8.40294 0.0222961
8.40326 0.0226111
8.40326 0.0222916
8.40326 0.0222916
8.40445 0.104443
8.40477 0.104762
8.4063 0.106301
8.40684 0.106832
8.40741 0.107401
8.40773 0.10772
8.40805 0.10804
8.4089 0.108888
8.40984 0.109827
8.41016 0.110149
8.41016 0.110149
8.41048 0.110468
8.4108 0.110785
8.41111 0.111107
8.41234 0.112329
8.41266 0.112648
8.41366 0.113652
8.41451 0.114501
8.41548 0.115473
8.41963 0.119619
8.42019 0.120187
8.42135 0.121346
8.42167 0.121666
8.42233 0.122327
8.42265 0.0226419
8.42278 0.0224508
8.42278 0.0224508
8.42278 0.0224508
8.42294 0.0222908
8.42294 0.0222908
8.42294 0.0226103
8.42326 0.0222863
8.42326 0.0226058
8.42326 0.0222863
8.42357 0.0226013
8.42357 0.0222818
8.42357 0.0222818
8.42535 0.0253469
8.42567 0.0256526
8.42567 0.125666
8.42599 0.125985
8.42697 0.126958
8.42872 0.028715
8.42904 0.0290284
8.43001 0.0300011
8.43098 0.0309738
8.43152 0.13151
8.43184 0.0318306
8.43237 0.132367
8.43288 0.0328783
8.4341 0.134095
8.43467 0.0346638
8.43518 0.135169
8.43602 0.0360182
8.43784 0.0378347
8.43816 0.138149
8.43848 0.0384697
8.4388 0.138788
8.43971 0.0396997
8.44003 0.140018
8.44035 0.0403447
8.44238 0.0423689
8.4427 0.0426885
8.44282 0.0228
8.44282 0.0228
8.44282 0.0228
8.44282 0.0224805
8.44282 0.0224805
8.44282 0.0228
8.44295 0.0229284
8.44295 0.0222894
8.44295 0.0226089
8.44295 0.0222894
8.44327 0.143264
8.4434 0.0227373
8.4434 0.0224178
8.4434 0.0224178
8.44639 0.0463657
8.44702 0.147017
8.44734 0.147337
8.44766 0.147656
8.44811 0.1481
8.45135 0.0513248
8.45217 0.152161
8.45311 0.0531031
8.45343 0.0534226
8.45599 0.155981
8.45936 0.0593493
8.46231 0.0222887
8.46231 0.0222887
8.46231 0.0222887
8.46263 0.0222842
8.46263 0.0222842
8.46263 0.0226037
8.46294 0.0222797
8.46294 0.0225992
8.46294 0.0222797
8.46326 0.0225947
8.46326 0.0222752
8.46326 0.0222752
8.46616 0.0661543
8.46863 0.06862
8.47143 0.0714336
8.47318 0.0731781
8.4735 0.0734977
8.47385 0.0738483
8.47676 0.0767494
8.48233 0.0222989
8.48233 0.0222989
8.48233 0.0222989
8.48264 0.0222944
8.48264 0.0222944
8.48264 0.0226139
8.48296 0.0222899
8.48296 0.0226094
8.48296 0.0222899
8.48343 0.083426
8.48356 0.0228933
8.48356 0.0225738
8.48356 0.0225738
8.48895 0.0889439
8.48946 0.08945
8.49223 0.0922267
8.49377 0.0937455
8.49542 0.0954163
8.49783 0.0977974
8.49836 0.098357
8.49903 0.0990187
8.50134 0.101329
8.50197 0.101959
8.50228 0.0222807
8.50228 0.0222807
8.50228 0.0222807
8.5026 0.0222762
8.5026 0.0222762
8.5026 0.0225958
8.50291 0.0222717
8.50291 0.0225913
8.50291 0.0222717
8.50326 0.0226179
8.50326 0.0222984
8.50326 0.0222984
8.50445 0.104441
8.50477 0.10476
8.5063 0.106299
8.50684 0.10683
8.50741 0.107399
8.50772 0.107718
8.50804 0.108038
8.50889 0.108886
8.50977 0.109771
8.51009 0.110085
8.51009 0.110085
8.51041 0.110404
8.51073 0.11073
8.51105 0.111043
8.51233 0.112327
8.51265 0.112647
8.51369 0.113681
8.51451 0.114499
8.51548 0.115471
8.51965 0.119648
8.52019 0.120185
8.52135 0.121322
8.52167 0.121664
8.52236 0.122356
8.52268 0.0226797
8.52281 0.0224886
8.52281 0.0224886
8.52281 0.0224886
8.52294 0.0222975
8.52294 0.0222975
8.52294 0.022617
8.52325 0.022293
8.52325 0.0226125
8.52325 0.022293
8.52357 0.022608
8.52357 0.0222885
8.52357 0.0222885
8.52535 0.025345
8.52567 0.0256593
8.52567 0.125664
8.52602 0.126014
8.5269 0.126894
8.52881 0.0287839
8.52913 0.0291198
8.53019 0.0301858
8.53098 0.0309719
8.53152 0.131508
8.53183 0.0318286
8.53234 0.132334
8.53294 0.0329196
8.53413 0.134124
8.53467 0.0346619
8.53521 0.135198
8.53593 0.035923
8.53771 0.137704
8.53803 0.0380039
8.53835 0.0383434
8.53867 0.138662
8.53961 0.0396045
8.53993 0.139923
8.54025 0.040227
8.5424 0.0423981
8.54272 0.0427176
8.54285 0.0228378
8.54285 0.0228378
8.54285 0.0228378
8.54285 0.0225183
8.54285 0.0225183
8.54285 0.0228378
8.54298 0.0229662
8.54298 0.0223272
8.54298 0.0226467
8.54298 0.0223272
8.5433 0.143293
8.54343 0.0227751
8.54343 0.0224556
8.54343 0.0224556
8.54639 0.0463671
8.54702 0.147015
8.54734 0.147335
8.54769 0.147686
8.54814 0.148129
8.55138 0.0513626
8.5517 0.151692
8.5532 0.0531945
8.55352 0.053514
8.55599 0.155979
8.55973 0.0597206
8.56231 0.0222954
8.56231 0.0222954
8.56231 0.0222954
8.56263 0.0222909
8.56263 0.0222909
8.56263 0.0226104
8.56294 0.0222864
8.56294 0.0226059
8.56294 0.0222864
8.56326 0.0226014
8.56326 0.0222819
8.56326 0.0222819
8.56619 0.0661835
8.56856 0.0685559
8.57125 0.071245
8.57328 0.0732695
8.57359 0.073589
8.57391 0.0739085
8.57675 0.0767475
8.58229 0.0222745
8.58229 0.0222745
8.58229 0.0222745
8.58261 0.02227
8.58261 0.02227
8.58261 0.0225895
8.58296 0.0222966
8.58296 0.0226161
8.58296 0.0222966
8.58343 0.0834241
8.58356 0.0229
8.58356 0.0225805
8.58356 0.0225805
8.58901 0.0890042
8.58945 0.0894481
8.59214 0.0921315
8.59376 0.0937522
8.59542 0.0954144
8.59782 0.0978042
8.59839 0.0983862
8.59896 0.0989545
8.6013 0.101296
8.60193 0.101926
8.60231 0.0222875
8.60231 0.0222875
8.60231 0.0222875
8.60262 0.022283
8.60262 0.022283
8.60262 0.0226025
8.60294 0.0222785
8.60294 0.022598
8.60294 0.0222785
8.60325 0.0225935
8.60325 0.022274
8.60325 0.022274
8.60451 0.104501
8.60489 0.104883
8.60627 0.106266
8.60683 0.106828
8.6074 0.107397
8.60772 0.107716
8.60772 0.107716
8.60894 0.108938
8.60976 0.109738
8.61008 0.110074
8.6104 0.110394
8.6104 0.110394
8.61072 0.110697
8.61104 0.111033
8.61226 0.112254
8.61261 0.112605
8.61374 0.113733
8.61453 0.114519
8.61547 0.115461
8.61964 0.119637
8.62018 0.120175
8.62134 0.12132
8.62166 0.121653
8.62235 0.122346
8.62267 0.0226469
8.6228 0.0224558
8.6228 0.0224558
8.6228 0.0224558
8.62296 0.0222957
8.62296 0.0222957
8.62296 0.0226153
8.62327 0.0222913
8.62327 0.0226108
8.62327 0.0222913
8.62359 0.0226063
8.62359 0.0222868
8.62359 0.0222868
8.62534 0.0253346
8.62566 0.0256576
8.62566 0.125653
8.62607 0.126066
8.6268 0.12679
8.6288 0.0287821
8.62911 0.0291094
8.63009 0.0300821
8.631 0.0309926
8.6315 0.131498
8.63182 0.0318183
8.63236 0.132355
8.63293 0.0329213
8.63409 0.134082
8.63466 0.0346515
8.63572 0.135717
8.63604 0.036037
8.63785 0.0378274
8.63836 0.0383556
8.63868 0.138674
8.63868 0.138674
8.63962 0.0396167
8.63994 0.139935
8.64026 0.0402479
8.64238 0.0423793
8.6427 0.0426988
8.64283 0.0228276
8.64283 0.0228276
8.64283 0.0228276
8.64283 0.0225081
8.64283 0.0225081
8.64283 0.0228276
8.64296 0.022956
8.64296 0.022317
8.64296 0.0226365
8.64296 0.022317
8.64328 0.143274
8.64341 0.0227649
8.64341 0.0224454
8.64341 0.0224454
8.64703 0.147019
8.64734 0.0473242
8.64734 0.147339
8.64766 0.147658
8.64814 0.148133
8.65132 0.0513128
8.65211 0.1521
8.6532 0.0531983
8.65352 0.0535178
8.65599 0.155983
8.65973 0.0597244
8.66228 0.0222767
8.66228 0.0222767
8.66228 0.0222767
8.6626 0.0222722
8.6626 0.0222722
8.6626 0.0225917
8.66295 0.0222988
8.66295 0.0226184
8.66295 0.0222988
8.66326 0.0226139
8.66326 0.0222944
8.66326 0.0222944
8.66616 0.0661562
8.66853 0.0685286
8.67125 0.0712177
8.67322 0.0732111
8.6736 0.0735928
8.67392 0.0739123
8.67676 0.0767513
8.6823 0.0222869
8.6823 0.0222869
8.6823 0.0222869
8.68261 0.0222824
8.68261 0.0222824
8.68261 0.0226019
8.68293 0.0222779
8.68293 0.0225974
8.68293 0.0222779
8.68343 0.0834279
8.68356 0.0229125
8.68356 0.022593
8.68356 0.022593
8.68895 0.0889458
8.68946 0.0894519
8.69214 0.0921353
8.69377 0.0937646
8.69542 0.0954182
8.69783 0.0978166
8.6984 0.09839
8.69896 0.0989583
8.7013 0.1013
8.70197 0.101961
8.70228 0.0222688
8.70228 0.0222688
8.70228 0.0222688
8.70263 0.0222954
8.70263 0.0222954
8.70263 0.0226149
8.70294 0.0222909
8.70294 0.0226104
8.70294 0.0222909
8.70326 0.0226059
8.70326 0.0222864
8.70326 0.0222864
8.70451 0.104505
8.70495 0.104949
8.70633 0.106301
8.70684 0.106832
8.70753 0.107525
8.70785 0.107844
8.70785 0.107844
8.70888 0.108879
8.70976 0.109751
8.71008 0.110078
8.7104 0.110398
8.7104 0.110398
8.71072 0.110709
8.71104 0.111037
8.71233 0.11232
8.71265 0.11264
8.71384 0.11383
8.7145 0.114492
8.71547 0.115465
8.71962 0.11961
8.72009 0.120085
8.72134 0.121333
8.72166 0.121657
8.72235 0.12235
8.72267 0.0226593
8.7228 0.0224682
8.7228 0.0224682
8.7228 0.0224682
8.72293 0.0222771
8.72293 0.0222771
8.72293 0.0225966
8.72325 0.0222726
8.72325 0.0225921
8.72325 0.0222726
8.72356 0.0225876
8.72356 0.0222681
8.72356 0.0222681
8.72534 0.0253384
8.72566 0.0256389
8.72566 0.125657
8.72598 0.125977
8.72667 0.126669
8.7287 0.0287013
8.72902 0.0290199
8.73009 0.0300859
8.731 0.0309964
8.73151 0.131502
8.73183 0.031822
8.73233 0.132327
8.7329 0.032875
8.73409 0.134086
8.73466 0.0346553
8.73569 0.135689
8.73601 0.0360097
8.73783 0.0378231
8.73836 0.0383594
8.73868 0.138678
8.73868 0.138678
8.73969 0.139682
8.74001 0.0400022
8.74033 0.0403226
8.74239 0.0423831
8.74271 0.0427026
8.74284 0.0228089
8.74284 0.0228089
8.74284 0.0228089
8.74284 0.0224894
8.74284 0.0224894
8.74284 0.0228089
8.74296 0.0229373
8.74296 0.0222983
8.74296 0.0226178
8.74296 0.0222983
8.74328 0.143278
8.74341 0.0227462
8.74341 0.0224267
8.74341 0.0224267
8.747 0.146992
8.74732 0.0472917
8.74732 0.147311
8.74767 0.147662
8.74811 0.148106
8.75135 0.0513253
8.75223 0.152229
8.75311 0.0531087
8.75343 0.0534283
8.75599 0.155986
8.75967 0.059666
8.76232 0.0222892
8.76232 0.0222892
8.76232 0.0222892
8.76263 0.0222847
8.76263 0.0222847
8.76263 0.0226042
8.76295 0.0222802
8.76295 0.0225997
8.76295 0.0222802
8.76326 0.0225952
8.76326 0.0222757
8.76326 0.0222757
8.76616 0.06616
8.76857 0.0685635
8.77125 0.0712215
8.77322 0.0732149
8.77354 0.0735344
8.77386 0.0738539
8.77673 0.0767239
8.78227 0.0222682
8.78227 0.0222682
8.78227 0.0222682
8.78261 0.0222949
8.78261 0.0222949
8.78261 0.0226144
8.78293 0.0222904
8.78293 0.0226099
8.78293 0.0222904
8.78344 0.0834317
8.78356 0.0229249
8.78356 0.0226054
8.78356 0.0226054
8.78892 0.0889184
8.78946 0.0894557
8.79214 0.0921391
8.79377 0.0937459
8.79543 0.0954219
8.79774 0.0977357
8.79837 0.0983626
8.79906 0.0990554
8.80131 0.101303
8.80197 0.101965
8.80228 0.0222812
8.80228 0.0222812
8.80228 0.0222812
8.8026 0.0222767
8.8026 0.0222767
8.8026 0.0225962
8.80291 0.0222722
8.80291 0.0225917
8.80291 0.0222722
8.80326 0.0226183
8.80326 0.0222988
8.80326 0.0222988
8.80451 0.104509
8.80496 0.104953
8.80633 0.106304
8.80684 0.106836
8.80741 0.107404
8.80773 0.107724
8.80805 0.108043
8.8089 0.108892
8.80978 0.109772
8.81009 0.11009
8.81009 0.11009
8.81041 0.11041
8.81092 0.110917
8.81124 0.111236
8.81231 0.112302
8.81263 0.112621
8.81382 0.113811
8.81451 0.114504
8.81545 0.115446
8.81963 0.119622
8.82019 0.120191
8.82132 0.121322
8.82164 0.121638
8.82234 0.122331
8.82265 0.0226491
8.82278 0.022458
8.82278 0.022458
8.82278 0.022458
8.82294 0.022298
8.82294 0.022298
8.82294 0.0226175
8.82326 0.0222935
8.82326 0.022613
8.82326 0.0222935
8.82357 0.0226085
8.82357 0.022289
8.82357 0.022289
8.82535 0.0253507
8.82567 0.0256598
8.82599 0.125989
8.82599 0.125989
8.82697 0.126962
8.82872 0.028691
8.82904 0.0290322
8.8301 0.0300982
8.83098 0.0309775
8.83152 0.131514
8.83184 0.0318343
8.83231 0.132308
8.83297 0.0329615
8.8341 0.134098
8.83467 0.0346675
8.83577 0.135764
8.83609 0.0360841
8.83784 0.0378113
8.83834 0.0383406
8.83866 0.138659
8.83866 0.138659
8.83961 0.0396016
8.83992 0.13992
8.84024 0.040219
8.8424 0.0423953
8.84272 0.0427148
8.84285 0.0228298
8.84285 0.0228298
8.84285 0.0228298
8.84285 0.0225103
8.84285 0.0225103
8.84285 0.0228298
8.84298 0.0229582
8.84298 0.0223192
8.84298 0.0226387
8.84298 0.0223192
8.84329 0.14329
8.84342 0.0227671
8.84342 0.0224476
8.84342 0.0224476
8.84701 0.147004
8.84733 0.0472988
8.84733 0.147324
8.84768 0.147674
8.84815 0.148149
8.85137 0.0513461
8.85206 0.152054
8.85312 0.053121
8.85348 0.0534716
8.856 0.155999
8.85974 0.0597404
8.8623 0.0222789
8.8623 0.0222789
8.8623 0.0222789
8.86261 0.0222744
8.86261 0.0222744
8.86261 0.022594
8.86293 0.02227
8.86293 0.0225895
8.86293 0.02227
8.86327 0.0226161
8.86327 0.0222966
8.86327 0.0222966
8.86614 0.0661411
8.86855 0.0685446
8.87139 0.0713581
8.87326 0.0732582
8.87358 0.0735777
8.8739 0.0738973
8.87674 0.0767362
8.88231 0.0222891
8.88231 0.0222891
8.88231 0.0222891
8.88263 0.0222846
8.88263 0.0222846
8.88263 0.0226041
8.88294 0.0222801
8.88294 0.0225997
8.88294 0.0222801
8.88342 0.0834128
8.88354 0.0228836
8.88354 0.0225641
8.88354 0.0225641
8.88893 0.0889307
8.88944 0.0894368
8.89215 0.0921513
8.89375 0.0937357
8.89544 0.0954342
8.89781 0.0977877
8.89838 0.0983749
8.89895 0.0989432
8.90132 0.101316
8.90198 0.101977
8.9023 0.022271
8.9023 0.022271
8.9023 0.022271
8.90264 0.0222976
8.90264 0.0222976
8.90264 0.0226171
8.90296 0.0222931
8.90296 0.0226126
8.90296 0.0222931
8.90327 0.0226081
8.90327 0.0222886
8.90327 0.0222886
8.90443 0.104428
8.90497 0.104965
8.90631 0.106285
8.90685 0.106848
8.90739 0.107385
8.90771 0.107705
8.90771 0.107705
8.90924 0.109237
8.90978 0.109753
8.9101 0.110094
8.9101 0.110094
8.91042 0.110414
8.91074 0.110711
8.91106 0.111053
8.91234 0.112336
8.91278 0.11278
8.91382 0.113815
8.91451 0.114508
8.91545 0.11545
8.91963 0.119626
8.9202 0.120194
8.92136 0.121335
8.92168 0.121673
8.92237 0.122366
8.92269 0.0226615
8.92282 0.0224704
8.92282 0.0224704
8.92282 0.0224704
8.92295 0.0222793
8.92295 0.0222793
8.92295 0.0225988
8.92326 0.0222748
8.92326 0.0225943
8.92326 0.0222748
8.92358 0.0225898
8.92358 0.0222703
8.92358 0.0222703
8.92536 0.0253544
8.92568 0.0256722
8.926 0.125993
8.926 0.125993
8.92684 0.126841
8.92881 0.0287968
8.92913 0.0291293
8.93017 0.0301642
8.93102 0.0310124
8.93152 0.131518
8.93184 0.0318381
8.93235 0.132343
8.93292 0.0328841
8.93407 0.134071
8.93467 0.0346713
8.93577 0.135768
8.93609 0.0360879
8.93784 0.0378267
8.93835 0.0383443
8.93867 0.138663
8.93867 0.138663
8.9397 0.0396987
8.94002 0.140017
8.94034 0.0403248
8.9424 0.0423991
8.94272 0.0427186
8.94285 0.0228423
8.94285 0.0228423
8.94285 0.0228423
8.94285 0.0225227
8.94285 0.0225227
8.94285 0.0228423
8.94298 0.0229706
8.94298 0.0223316
8.94298 0.0226511
8.94298 0.0223316
8.9433 0.143294
8.94343 0.0227795
8.94343 0.02246
8.94343 0.02246
8.94701 0.147008
8.94733 0.0473285
8.94733 0.147327
8.94768 0.147678
8.94828 0.148277
8.95131 0.0512964
8.95215 0.152151
8.95322 0.0532181
8.95354 0.0535376
8.95597 0.155971
8.95975 0.0597442
8.9623 0.0222914
8.9623 0.0222914
8.9623 0.0222914
8.96262 0.0222869
8.96262 0.0222869
8.96262 0.0226064
8.96293 0.0222824
8.96293 0.0226019
8.96293 0.0222824
8.96325 0.0225974
8.96325 0.0222779
8.96325 0.0222779
8.96615 0.0661449
8.96855 0.0685484
8.97123 0.0712064
8.97326 0.073262
8.97362 0.0736126
8.97393 0.0739321
8.97674 0.07674
8.98228 0.0222705
8.98228 0.0222705
8.98228 0.0222705
8.98263 0.0222971
8.98263 0.0222971
8.98263 0.0226166
8.98294 0.0222926
8.98294 0.0226121
8.98294 0.0222926
8.98342 0.0834166
8.98355 0.022896
8.98355 0.0225765
8.98355 0.0225765
8.98897 0.0889656
8.98944 0.0894406
8.99216 0.0921551
8.99375 0.0937481
8.99544 0.095438
8.99781 0.0978001
8.99838 0.0983787
8.99895 0.098947
9.00129 0.101288
9.00208 0.102074
9.0023 0.0222834
9.0023 0.0222834
9.0023 0.0222834
9.00261 0.0222789
9.00261 0.0222789
9.00261 0.0225984
9.00293 0.0222744
9.00293 0.0225939
9.00293 0.0222744
9.00324 0.0225894
9.00324 0.0222699
9.00324 0.0222699
9.00453 0.104532
9.00489 0.104883
9.00632 0.106297
9.00683 0.106828
9.0074 0.107396
9.00772 0.107716
9.00804 0.108036
9.00889 0.108884
9.00986 0.109843
9.01018 0.110176
9.01018 0.110176
9.0105 0.110495
9.01082 0.110802
9.01114 0.111135
9.01233 0.112325
9.01265 0.112644
9.01381 0.113804
9.01453 0.114528
9.01547 0.115469
9.01962 0.119614
9.02019 0.120183
9.02138 0.121363
9.0217 0.121693
9.02239 0.122386
9.02271 0.0226897
9.02296 0.0223035
9.02296 0.0223035
9.02328 0.022299
9.02328 0.0226185
9.02328 0.022299
9.02359 0.0226141
9.02359 0.0222945
9.02359 0.0222945
9.02534 0.025339
9.02566 0.0256343
9.02566 0.125658
9.02598 0.125977
9.02683 0.126825
9.0288 0.0287899
9.02912 0.0291138
9.03009 0.0300865
9.031 0.0309969
9.0315 0.131502
9.03182 0.0318226
9.03233 0.132328
9.03299 0.032974
9.03409 0.134087
9.03466 0.0346558
9.03572 0.135721
9.03604 0.0360413
9.03786 0.0378539
9.03836 0.03836
9.03868 0.138679
9.03868 0.138679
9.03972 0.0397144
9.04004 0.140033
9.04036 0.040349
9.04239 0.0423836
9.0427 0.0427031
9.04283 0.0228043
9.04283 0.0228043
9.04283 0.0228043
9.04283 0.0224848
9.04283 0.0224848
9.04283 0.0228043
9.04296 0.0229327
9.04296 0.0222937
9.04296 0.0226132
9.04296 0.0222937
9.04328 0.143279
9.04341 0.0227416
9.04341 0.0224221
9.04341 0.0224221
9.04703 0.147023
9.04735 0.0473389
9.04735 0.147343
9.0477 0.147694
9.04817 0.148169
9.05135 0.0513517
9.05205 0.152042
9.0532 0.0532026
9.05352 0.0535221
9.05599 0.155987
9.05976 0.0597598
9.06229 0.0222845
9.06229 0.0222845
9.06229 0.0222845
9.0626 0.02228
9.0626 0.02228
9.0626 0.0225995
9.06292 0.0222755
9.06292 0.022595
9.06292 0.0222755
9.06326 0.0226216
9.06326 0.0223021
9.06326 0.0223021
9.06616 0.0661605
9.06857 0.068564
9.07125 0.071222
9.07325 0.0732465
9.0736 0.0735971
9.07392 0.0739167
9.07676 0.0767556
9.0823 0.0222947
9.0823 0.0222947
9.0823 0.0222947
9.08261 0.0222902
9.08261 0.0222902
9.08261 0.0226097
9.08293 0.0222857
9.08293 0.0226052
9.08293 0.0222857
9.08343 0.0834322
9.08356 0.0229202
9.08356 0.0226007
9.08356 0.0226007
9.08895 0.0889501
9.08949 0.0894873
9.09214 0.0921396
9.0938 0.0937724
9.09542 0.0954225
9.09783 0.0978244
9.0984 0.0983943
9.09903 0.0990248
9.10131 0.101304
9.10206 0.102059
9.10228 0.0222766
9.10228 0.0222766
9.10228 0.0222766
9.10263 0.0223032
9.10263 0.0223032
9.10263 0.0226227
9.10294 0.0222987
9.10294 0.0226182
9.10294 0.0222987
9.10326 0.0226137
9.10326 0.0222942
9.10326 0.0222942
9.10445 0.104447
9.10499 0.104984
9.10633 0.106305
9.10684 0.106836
9.10741 0.107405
9.10773 0.107724
9.10805 0.108044
9.10899 0.108985
9.10974 0.109736
9.11006 0.11006
9.11038 0.110379
9.11038 0.110379
9.1107 0.110694
9.11102 0.111018
9.11234 0.112333
9.11265 0.112653
9.11381 0.113812
9.11451 0.114505
9.11548 0.115477
9.11962 0.119623
9.12013 0.120129
9.12132 0.121318
9.12164 0.121639
9.12236 0.122363
9.12268 0.0226756
9.12281 0.0224844
9.12281 0.0224844
9.12281 0.0224844
9.12294 0.0222933
9.12294 0.0222933
9.12294 0.0226128
9.12326 0.0222888
9.12326 0.0226083
9.12326 0.0222888
9.12357 0.0226038
9.12357 0.0222843
9.12357 0.0222843
9.12535 0.0253512
9.12567 0.0256551
9.12567 0.12567
9.12599 0.125989
9.12675 0.126744
9.12875 0.0287175
9.12906 0.0290638
9.13001 0.0300054
9.13101 0.0310092
9.13152 0.131515
9.13184 0.0318348
9.13231 0.132309
9.13291 0.0329051
9.13413 0.13413
9.13467 0.0346681
9.13577 0.135764
9.13609 0.0360847
9.13784 0.0378155
9.13834 0.0383411
9.13866 0.13866
9.13866 0.13866
9.13954 0.139539
9.13986 0.0398595
9.14021 0.0401833
9.1424 0.0423958
9.14272 0.0427154
9.14284 0.0228252
9.14284 0.0228252
9.14284 0.0228252
9.14284 0.0225057
9.14284 0.0225057
9.14284 0.0228252
9.14297 0.0229536
9.14297 0.0223146
9.14297 0.0226341
9.14297 0.0223146
9.14329 0.143291
9.14342 0.0227625
9.14342 0.022443
9.14342 0.022443
9.14701 0.147005
9.14733 0.0473149
9.14733 0.147324
9.14768 0.147675
9.14815 0.14815
9.15143 0.0514037
9.15209 0.152086
9.15315 0.0531526
9.15347 0.0534722
9.156 0.155999
9.15965 0.0596477
9.1623 0.0222743
9.1623 0.0222743
9.1623 0.0222743
9.16264 0.0223009
9.16264 0.0223009
9.16264 0.0226204
9.16296 0.0222964
9.16296 0.0226159
9.16296 0.0222964
9.16327 0.0226114
9.16327 0.0222919
9.16327 0.0222919
9.16614 0.0661417
9.16864 0.0686385
9.17126 0.0712343
9.17326 0.0732588
9.17358 0.0735783
9.1739 0.0738978
9.17674 0.0767367
9.18231 0.0222845
9.18231 0.0222845
9.18231 0.0222845
9.18262 0.02228
9.18262 0.02228
9.18262 0.0225995
9.18294 0.0222755
9.18294 0.022595
9.18294 0.0222755
9.18341 0.0834134
9.18354 0.0228789
9.18354 0.0225594
9.18354 0.0225594
9.18893 0.0889312
9.18947 0.0894685
9.19215 0.0921519
9.19378 0.0937622
9.1954 0.0954036
9.19784 0.0978142
9.19838 0.0983754
9.19922 0.0992237
9.20132 0.101316
9.2021 0.102102
9.20232 0.0222975
9.20232 0.0222975
9.20232 0.0222975
9.20264 0.022293
9.20264 0.022293
9.20264 0.0226125
9.20295 0.0222885
9.20295 0.022608
9.20295 0.0222885
9.20327 0.0226035
9.20327 0.022284
9.20327 0.022284
9.20455 0.104553
9.205 0.104997
9.20631 0.106286
9.20685 0.106849
9.20754 0.107541
9.20786 0.107861
9.20786 0.107861
9.20905 0.109051
9.20978 0.109748
9.2101 0.110095
9.21042 0.110414
9.21073 0.110707
9.21105 0.111053
9.21105 0.111053
9.21237 0.112368
9.21288 0.112874
9.21382 0.113816
9.21451 0.114509
9.21545 0.11545
9.21963 0.119627
9.22007 0.12007
9.22132 0.121299
9.22164 0.121643
9.22237 0.122366
9.22269 0.0226569
9.22282 0.0224658
9.22282 0.0224658
9.22282 0.0224658
9.22294 0.0222746
9.22294 0.0222746
9.22294 0.0225941
9.22329 0.0223012
9.22329 0.0226208
9.22329 0.0223012
9.2236 0.0226163
9.2236 0.0222968
9.2236 0.0222968
9.22536 0.025355
9.22567 0.0256676
9.22567 0.125674
9.22599 0.125993
9.22675 0.126748
9.22872 0.0286988
9.22904 0.0290365
9.2301 0.0301025
9.23108 0.0310752
9.23149 0.131487
9.23181 0.0318075
9.23234 0.132344
9.23301 0.0329832
9.2341 0.134103
9.23467 0.0346718
9.23571 0.135706
9.23603 0.0360262
9.23784 0.0378172
9.23844 0.0384382
9.23876 0.138757
9.23876 0.138757
9.23961 0.039606
9.23993 0.139925
9.24025 0.0402268
9.2424 0.0423996
9.24272 0.0427191
9.24285 0.0228376
9.24285 0.0228376
9.24285 0.0228376
9.24285 0.0225181
9.24285 0.0225181
9.24285 0.0228376
9.24298 0.022966
9.24298 0.022327
9.24298 0.0226465
9.24298 0.022327
9.2433 0.143295
9.24342 0.0227749
9.24342 0.0224554
9.24342 0.0224554
9.24701 0.147008
9.24733 0.0473135
9.24733 0.147328
9.24771 0.14771
9.24815 0.148154
9.25137 0.0513539
9.25209 0.15209
9.25313 0.0531253
9.25345 0.0534448
9.25597 0.155972
9.25974 0.0597448
9.2623 0.0222867
9.2623 0.0222867
9.2623 0.0222867
9.26261 0.0222822
9.26261 0.0222822
9.26261 0.0226017
9.26293 0.0222777
9.26293 0.0225972
9.26293 0.0222777
9.26324 0.0225928
9.26324 0.0222732
9.26324 0.0222732
9.26615 0.0661455
9.26861 0.0686111
9.27126 0.071238
9.27326 0.0732626
9.27358 0.0735821
9.2739 0.0739016
9.27674 0.0767405
9.28231 0.0222969
9.28231 0.0222969
9.28231 0.0222969
9.28263 0.0222924
9.28263 0.0222924
9.28263 0.0226119
9.28294 0.0222879
9.28294 0.0226074
9.28294 0.0222879
9.28342 0.0834172
9.28355 0.0228914
9.28355 0.0225718
9.28355 0.0225718
9.28897 0.0889661
9.28929 0.0892856
9.29216 0.0921557
9.29319 0.0931836
9.29541 0.0954074
9.29781 0.0977955
9.29838 0.0983792
9.29898 0.0989787
9.30132 0.10132
9.30195 0.10195
9.3023 0.0222788
9.3023 0.0222788
9.3023 0.0222788
9.30261 0.0222743
9.30261 0.0222743
9.30261 0.0225938
9.30296 0.0223009
9.30296 0.0226204
9.30296 0.0223009
9.30327 0.0226159
9.30327 0.0222964
9.30327 0.0222964
9.3044 0.104401
9.305 0.105
9.30632 0.10629
9.30685 0.106852
9.30755 0.107545
9.30786 0.107865
9.30786 0.107865
9.3089 0.1089
9.30975 0.10973
9.31007 0.110067
9.31039 0.110387
9.31039 0.110387
9.31071 0.110688
9.31103 0.111026
9.31184 0.111843
9.3126 0.112598
9.31382 0.11382
9.31451 0.114512
9.31545 0.115454
9.3192 0.119195
9.32007 0.120074
9.32133 0.121311
9.32165 0.121646
9.32237 0.12237
9.32269 0.0226693
9.32282 0.0227977
9.32282 0.0227977
9.32282 0.0224782
9.32282 0.0224782
9.32282 0.0224782
9.32295 0.0222871
9.32295 0.0222871
9.32295 0.0226066
9.32326 0.0222826
9.32326 0.0226021
9.32326 0.0222826
9.32535 0.0253237
9.32567 0.0256449
9.32567 0.125673
9.32599 0.125993
9.32669 0.126686
9.32872 0.0287073
9.32904 0.0290052
9.33001 0.0299779
9.33104 0.0310128
9.33149 0.131487
9.33181 0.0317762
9.33231 0.132313
9.33231 0.0323023
9.33416 0.134156
9.33469 0.0346632
9.3357 0.135697
9.33602 0.0359865
9.33789 0.0378626
9.33846 0.0384295
9.33878 0.138779
9.33878 0.138779
9.33963 0.0395973
9.33995 0.139947
9.34027 0.0402579
9.34233 0.0422977
9.34265 0.0426172
9.34278 0.0227528
9.34278 0.0227528
9.34278 0.0227528
9.34278 0.0224332
9.34278 0.0224332
9.34278 0.0227528
9.34322 0.143224
9.34335 0.02269
9.34335 0.0230095
9.34335 0.02269
9.34335 0.02269
9.34335 0.0223705
9.34335 0.0223705
9.347 0.147004
9.34732 0.0473036
9.34732 0.147323
9.34764 0.147643
9.34812 0.148118
9.35142 0.0514201
9.35224 0.15224
9.35315 0.0531206
9.35347 0.0534401
9.35603 0.156029
9.35977 0.0597401
9.36233 0.0222991
9.36233 0.0222991
9.36233 0.0222991
9.36264 0.0222947
9.36264 0.0222947
9.36264 0.0226142
9.36296 0.0222902
9.36296 0.0226097
9.36296 0.0222902
9.36327 0.0226052
9.36327 0.0222857
9.36327 0.0222857
9.36595 0.065923
9.36842 0.0683887
9.37135 0.0713267
9.37326 0.0732268
9.37361 0.0735774
9.37393 0.0738969
9.37677 0.0767358
9.38231 0.0222782
9.38231 0.0222782
9.38231 0.0222782
9.38262 0.0222737
9.38262 0.0222737
9.38262 0.0225933
9.38297 0.0223004
9.38297 0.0226199
9.38297 0.0223004
9.38344 0.0834125
9.38357 0.0229038
9.38357 0.0225843
9.38357 0.0225843
9.38896 0.0889303
9.38928 0.0892498
9.39181 0.0917777
9.39319 0.0931649
9.39543 0.0954027
9.39774 0.0977372
9.39837 0.0983434
9.39907 0.0990362
9.40131 0.101284
9.40198 0.101946
9.40229 0.0222912
9.40229 0.0222912
9.40229 0.0222912
9.40261 0.0222867
9.40261 0.0222867
9.40261 0.0226062
9.40292 0.0222822
9.40292 0.0226017
9.40292 0.0222822
9.40324 0.0225972
9.40324 0.0222777
9.40324 0.0222777
9.40443 0.104396
9.40503 0.104996
9.40631 0.106285
9.40685 0.106817
9.40754 0.107509
9.40786 0.107829
9.40786 0.107829
9.40902 0.108988
9.4098 0.109796
9.41012 0.110094
9.41012 0.110094
9.41066 0.110652
9.41098 0.110951
9.41098 0.110951
9.41198 0.111954
9.41255 0.112523
9.41371 0.113682
9.41456 0.11453
9.4155 0.115472
9.41921 0.119182
9.42015 0.120123
9.42134 0.121338
9.42166 0.121633
9.42239 0.122357
9.42271 0.0227044
9.42284 0.0228327
9.42284 0.0228327
9.42284 0.0225132
9.42284 0.0225132
9.42284 0.0225132
9.42296 0.0223221
9.42296 0.0223221
9.42296 0.0226416
9.42325 0.0222865
9.42325 0.022606
9.42325 0.0222865
9.42537 0.0253416
9.42569 0.0256715
9.42569 0.12566
9.42601 0.12598
9.4267 0.126673
9.42873 0.0287028
9.42905 0.0290231
9.42999 0.0299647
9.43115 0.031124
9.43154 0.131505
9.43185 0.0318253
9.43239 0.132362
9.43239 0.032372
9.43417 0.134143
9.43471 0.0346811
9.43575 0.135715
9.43607 0.0360355
9.43788 0.0378611
9.43838 0.0383542
9.4387 0.138673
9.4387 0.138673
9.43964 0.0396153
9.43996 0.139934
9.44028 0.0402534
9.44231 0.0422845
9.44263 0.042604
9.44276 0.0227567
9.44276 0.0227567
9.44276 0.0227567
9.44276 0.0224372
9.44276 0.0224372
9.44276 0.0227567
9.44302 0.0223745
9.44302 0.022694
9.44302 0.0223745
9.44334 0.143308
9.44347 0.0228224
9.44347 0.0225029
9.44347 0.0225029
9.44705 0.147022
9.44737 0.0473475
9.44737 0.147341
9.44769 0.147661
9.44817 0.148136
9.45138 0.0513534
9.45226 0.152227
9.4532 0.0531697
9.45352 0.0534892
9.45602 0.155985
9.45976 0.0597269
9.46231 0.0223031
9.46231 0.0223031
9.46231 0.0223031
9.46263 0.0222986
9.46263 0.0222986
9.46263 0.0226181
9.46294 0.0222941
9.46294 0.0226136
9.46294 0.0222941
9.46326 0.0226091
9.46326 0.0222896
9.46326 0.0222896
9.46591 0.0658788
9.46856 0.0685311
9.47124 0.0712202
9.47327 0.0732447
9.47359 0.0735642
9.47391 0.0738837
9.47675 0.0767227
9.48229 0.0222822
9.48229 0.0222822
9.48229 0.0222822
9.48261 0.0222777
9.48261 0.0222777
9.48261 0.0225972
9.48292 0.0222732
9.48292 0.0225927
9.48292 0.0222732
9.48343 0.0833993
9.48356 0.0229077
9.48356 0.0225882
9.48356 0.0225882
9.48898 0.0889483
9.48948 0.0894544
9.49217 0.0921378
9.49308 0.0930756
9.49548 0.0954518
9.49782 0.0977949
9.49842 0.0983925
9.49915 0.0991163
9.5013 0.101271
9.50206 0.102026
9.50231 0.0222952
9.50231 0.0222952
9.50231 0.0222952
9.50262 0.0222907
9.50262 0.0222907
9.50262 0.0226102
9.50294 0.0222862
9.50294 0.0226057
9.50294 0.0222862
9.50325 0.0226012
9.50325 0.0222817
9.50325 0.0222817
9.50447 0.104445
9.50504 0.105014
9.5063 0.106272
9.50683 0.106804
9.50753 0.107496
9.50785 0.107816
9.50785 0.107816
9.509 0.108975
9.50979 0.10976
9.51011 0.110081
9.51011 0.110081
9.51043 0.1104
9.51075 0.110719
9.51107 0.111039
9.51182 0.111794
9.51273 0.112705
9.51383 0.113802
9.51456 0.114526
9.5155 0.115467
9.51927 0.119239
9.52015 0.120119
9.52134 0.121311
9.52166 0.121629
9.52241 0.122384
9.52273 0.0227168
9.52286 0.0228452
9.52286 0.0228452
9.52286 0.0225257
9.52286 0.0225257
9.52286 0.0225257
9.52299 0.0223345
9.52299 0.0223345
9.52299 0.0226541
9.52327 0.0222989
9.52327 0.0226185
9.52327 0.0222989
9.5254 0.0253681
9.52572 0.0257066
9.52572 0.125687
9.52604 0.126006
9.52676 0.12673
9.52876 0.0287378
9.52908 0.0290496
9.52999 0.02996
9.53102 0.0309949
9.53153 0.1315
9.53185 0.0318206
9.53236 0.0323256
9.53268 0.132645
9.53415 0.134116
9.53471 0.0346849
9.53572 0.135688
9.53604 0.0360082
9.53788 0.03785
9.53839 0.0383579
9.53871 0.138677
9.53871 0.138677
9.53971 0.0396813
9.54003 0.14
9.54035 0.040328
9.54232 0.0422883
9.54264 0.0426078
9.54277 0.0227465
9.54277 0.0227465
9.54277 0.0227465
9.54277 0.022427
9.54277 0.022427
9.54277 0.0227465
9.54321 0.143183
9.54334 0.0226838
9.54334 0.0230033
9.54334 0.0226838
9.54334 0.0226838
9.54334 0.0223643
9.54334 0.0223643
9.54706 0.147025
9.54737 0.0473461
9.54737 0.147345
9.54769 0.147664
9.54814 0.148108
9.55135 0.0513347
9.55223 0.1522
9.55317 0.0531424
9.55349 0.0534619
9.55605 0.15602
9.55976 0.0597307
9.56231 0.0222929
9.56231 0.0222929
9.56231 0.0222929
9.56263 0.0222884
9.56263 0.0222884
9.56263 0.0226079
9.56294 0.0222839
9.56294 0.0226034
9.56294 0.0222839
9.56326 0.0225989
9.56326 0.0222794
9.56326 0.0222794
9.56597 0.0659448
9.56859 0.068566
9.57125 0.071224
9.57322 0.0731863
9.5736 0.073568
9.57392 0.0738875
9.57676 0.0767265
9.58233 0.0223031
9.58233 0.0223031
9.58233 0.0223031
9.58264 0.0222986
9.58264 0.0222986
9.58264 0.0226181
9.58296 0.0222941
9.58296 0.0226136
9.58296 0.0222941
9.58343 0.0834031
9.58356 0.0228975
9.58356 0.022578
9.58356 0.022578
9.58898 0.0889521
9.58949 0.0894582
9.59217 0.0921416
9.59345 0.0934386
9.59545 0.0954244
9.59736 0.0973408
9.59839 0.0983652
9.59909 0.0990579
9.60093 0.100902
9.60203 0.101999
9.60231 0.0222849
9.60231 0.0222849
9.60231 0.0222849
9.60263 0.0222804
9.60263 0.0222804
9.60263 0.0226
9.60294 0.022276
9.60294 0.0225955
9.60294 0.022276
9.60329 0.0226221
9.60329 0.0223026
9.60329 0.0223026
9.60448 0.104449
9.60492 0.104893
9.6063 0.106276
9.6069 0.10687
9.6075 0.107469
9.60782 0.107788
9.60782 0.107788
9.60901 0.108979
9.60979 0.109773
9.61011 0.110084
9.61011 0.110084
9.61011 0.110084
9.61068 0.11066
9.611 0.110972
9.61182 0.111789
9.6126 0.112576
9.61376 0.113735
9.61455 0.114521
9.61549 0.115463
9.61964 0.119608
9.62011 0.120083
9.62133 0.121315
9.62165 0.121624
9.62241 0.122379
9.62273 0.0226981
9.62286 0.0228265
9.62286 0.0228265
9.62286 0.022507
9.62286 0.022507
9.62286 0.022507
9.62298 0.0223159
9.62298 0.0223159
9.62298 0.0226354
9.62327 0.0222803
9.62327 0.0225998
9.62327 0.0222803
9.62539 0.0253634
9.62539 0.025391
9.62571 0.125682
9.62603 0.126002
9.62666 0.126632
9.62872 0.0287107
9.62904 0.0290138
9.62995 0.0299243
9.63117 0.0311458
9.63152 0.131496
9.63184 0.0318159
9.63223 0.0322171
9.63255 0.132516
9.63414 0.134111
9.63471 0.0346802
9.63571 0.135683
9.63603 0.0360035
9.63784 0.0378265
9.63838 0.0383533
9.6387 0.138672
9.6387 0.138672
9.63964 0.0396144
9.63996 0.139933
9.64028 0.0402698
9.64231 0.0422836
9.64263 0.0426031
9.64276 0.0227589
9.64276 0.0227589
9.64276 0.0227589
9.64276 0.0224394
9.64276 0.0224394
9.64276 0.0227589
9.64321 0.143179
9.64334 0.0226962
9.64334 0.0230157
9.64334 0.0226962
9.64334 0.0226962
9.64334 0.0223767
9.64334 0.0223767
9.64705 0.147021
9.64737 0.0473674
9.64737 0.14734
9.64769 0.14766
9.64819 0.148166
9.65144 0.051432
9.65226 0.152226
9.65317 0.0531377
9.65349 0.0534572
9.65601 0.155984
9.65975 0.059726
9.66228 0.0222742
9.66228 0.0222742
9.66228 0.0222742
9.66262 0.0223008
9.66262 0.0223008
9.66262 0.0226203
9.66294 0.0222963
9.66294 0.0226158
9.66294 0.0222963
9.66325 0.0226113
9.66325 0.0222918
9.66325 0.0222918
9.66615 0.0661267
9.66862 0.0685924
9.67124 0.0712193
9.67321 0.0731816
9.67359 0.0735633
9.67391 0.0738828
9.67675 0.0767218
9.68229 0.0222844
9.68229 0.0222844
9.68229 0.0222844
9.68261 0.0222799
9.68261 0.0222799
9.68261 0.0225994
9.68292 0.0222754
9.68292 0.0225949
9.68292 0.0222754
9.68343 0.0833984
9.68355 0.0229099
9.68355 0.0225904
9.68355 0.0225904
9.68907 0.0890407
9.68948 0.0894535
9.69216 0.0921369
9.69348 0.093451
9.69545 0.0954198
9.69735 0.0973532
9.69842 0.0983916
9.69908 0.0990532
9.70133 0.101301
9.70199 0.101963
9.70231 0.0222974
9.70231 0.0222974
9.70231 0.0222974
9.70262 0.0222929
9.70262 0.0222929
9.70262 0.0226124
9.70294 0.0222884
9.70294 0.0226079
9.70294 0.0222884
9.70325 0.0226034
9.70325 0.0222839
9.70325 0.0222839
9.70453 0.104507
9.70495 0.104919
9.70629 0.106271
9.70683 0.106803
9.70752 0.107495
9.70784 0.107815
9.70784 0.107815
9.709 0.108974
9.70979 0.109776
9.71011 0.11008
9.71011 0.11008
9.71011 0.11008
9.71068 0.110664
9.71103 0.110999
9.71197 0.11194
9.71266 0.112633
9.7137 0.113668
9.71454 0.114516
9.71545 0.115427
9.71972 0.119696
9.72011 0.120078
9.72133 0.121319
9.72165 0.121619
9.7224 0.122374
9.72272 0.0227105
9.72285 0.0225194
9.72285 0.0225194
9.72285 0.0225194
9.72298 0.0223283
9.72298 0.0223283
9.72298 0.0226478
9.72326 0.0222927
9.72326 0.0226122
9.72326 0.0222927
9.72358 0.0226077
9.72358 0.0222882
9.72358 0.0222882
9.72539 0.0253627
9.72571 0.0256958
9.72571 0.125681
9.72603 0.126001
9.72666 0.126631
9.72872 0.0287186
9.72904 0.0290131
9.73001 0.0299857
9.73117 0.0311451
9.73152 0.131495
9.73184 0.0318152
9.73222 0.0322059
9.73254 0.132516
9.73417 0.134141
9.73461 0.0345862
9.73574 0.135714
9.73606 0.0360339
9.73787 0.0378579
9.73838 0.0383525
9.7387 0.138671
9.7387 0.138671
9.73964 0.0396136
9.73996 0.139932
9.74028 0.0402777
9.74231 0.0422829
9.74263 0.0426024
9.74276 0.0227357
9.74276 0.0227357
9.74276 0.0227357
9.74276 0.0224162
9.74276 0.0224162
9.74276 0.0227357
9.74301 0.0223535
9.74301 0.022673
9.74301 0.0223535
9.74333 0.143306
9.74346 0.0228014
9.74346 0.0224819
9.74346 0.0224819
9.74705 0.14702
9.74737 0.0473615
9.74737 0.14734
9.74769 0.147659
9.74819 0.148165
9.75137 0.0513466
9.75216 0.152132
9.75316 0.053137
9.75348 0.0534565
9.75607 0.156046
9.75978 0.0597564
9.76231 0.0222821
9.76231 0.0222821
9.76231 0.0222821
9.76262 0.0222776
9.76262 0.0222776
9.76262 0.0225972
9.76294 0.0222732
9.76294 0.0225927
9.76294 0.0222732
9.76328 0.0226193
9.76328 0.0222998
9.76328 0.0222998
9.76618 0.0661571
9.76859 0.0685606
9.77124 0.0712186
9.77327 0.0732431
9.77359 0.0735626
9.77391 0.0738821
9.77656 0.0765344
9.78232 0.0222923
9.78232 0.0222923
9.78232 0.0222923
9.78263 0.0222878
9.78263 0.0222878
9.78263 0.0226073
9.78295 0.0222833
9.78295 0.0226029
9.78295 0.0222833
9.78346 0.0834288
9.78358 0.0229179
9.78358 0.0225984
9.78358 0.0225984
9.789 0.0889778
9.78948 0.0894528
9.79216 0.0921362
9.79348 0.0934674
9.79545 0.095419
9.79745 0.0974318
9.79842 0.0983909
9.79902 0.0989903
9.80133 0.1013
9.80211 0.102087
9.8023 0.0222742
9.8023 0.0222742
9.8023 0.0222742
9.80265 0.0223008
9.80265 0.0223008
9.80265 0.0226203
9.80297 0.0222963
9.80297 0.0226158
9.80297 0.0222963
9.80328 0.0226113
9.80328 0.0222918
9.80328 0.0222918
9.80447 0.104444
9.80491 0.104888
9.80629 0.10627
9.80683 0.106802
9.80743 0.107401
9.80775 0.107721
9.80807 0.10804
9.80895 0.10892
9.80976 0.109762
9.81008 0.110056
9.81008 0.110056
9.8104 0.110376
9.81072 0.11072
9.81104 0.111015
9.81186 0.111832
9.81265 0.112618
9.81387 0.11384
9.81456 0.114532
9.81544 0.115412
9.81965 0.119619
9.82009 0.120063
9.82134 0.121313
9.82166 0.121635
9.82239 0.122359
9.82271 0.0227043
9.82283 0.0225132
9.82283 0.0225132
9.82283 0.0225132
9.82296 0.022322
9.82296 0.022322
9.82296 0.0226416
9.82325 0.0222864
9.82325 0.022606
9.82325 0.0222864
9.82356 0.0226015
9.82356 0.022282
9.82356 0.022282
9.82537 0.0253478
9.82569 0.0256669
9.82569 0.125666
9.82601 0.125986
9.82667 0.126648
9.82874 0.0287124
9.82906 0.0290293
9.83 0.0299709
9.83103 0.0310058
9.83166 0.0316363
9.83198 0.131955
9.8323 0.0322738
9.83262 0.132594
9.83412 0.134095
9.8346 0.0345713
9.83573 0.135699
9.83605 0.036019
9.83789 0.0378593
9.8384 0.0383688
9.83871 0.138687
9.83871 0.138687
9.83972 0.0396921
9.84004 0.140011
9.84036 0.0403337
9.84233 0.0422991
9.84265 0.0426186
9.84277 0.0227606
9.84277 0.0227606
9.84277 0.0227606
9.84277 0.0224411
9.84277 0.0224411
9.84277 0.0227606
9.84322 0.143194
9.84335 0.0226979
9.84335 0.0230174
9.84335 0.0226979
9.84335 0.0226979
9.84335 0.0223784
9.84335 0.0223784
9.84703 0.147005
9.84735 0.0473414
9.84735 0.147325
9.84773 0.147706
9.84821 0.148181
9.85136 0.0513403
9.85205 0.152024
9.85315 0.0531221
9.85347 0.0534416
9.85606 0.156031
9.85977 0.0597415
9.86229 0.0222759
9.86229 0.0222759
9.86229 0.0222759
9.86264 0.0223025
9.86264 0.0223025
9.86264 0.022622
9.86295 0.022298
9.86295 0.0226175
9.86295 0.022298
9.86327 0.022613
9.86327 0.0222935
9.86327 0.0222935
9.8662 0.0661733
9.86857 0.0685457
9.87126 0.0712348
9.87329 0.0732593
9.87361 0.0735788
9.87392 0.0738983
9.87648 0.0764573
9.8823 0.0222861
9.8823 0.0222861
9.8823 0.0222861
9.88262 0.0222816
9.88262 0.0222816
9.88262 0.0226011
9.88293 0.0222771
9.88293 0.0225966
9.88293 0.0222771
9.88344 0.0834139
9.88357 0.0229116
9.88357 0.0225921
9.88357 0.0225921
9.88896 0.0889318
9.8895 0.089469
9.89218 0.0921524
9.89343 0.0934075
9.89543 0.0954042
9.89743 0.0974029
9.8984 0.098376
9.899 0.0989754
9.90134 0.101317
9.90197 0.101947
9.90232 0.0222991
9.90232 0.0222991
9.90232 0.0222991
9.90263 0.0222946
9.90263 0.0222946
9.90263 0.0226141
9.90295 0.0222901
9.90295 0.0226096
9.90295 0.0222901
9.90326 0.0226051
9.90326 0.0222856
9.90326 0.0222856
9.90449 0.10446
9.9049 0.104873
9.90631 0.106287
9.90684 0.106818
9.90741 0.107386
9.90773 0.107706
9.90805 0.108025
9.90899 0.108967
9.90981 0.109787
9.91013 0.110104
9.91013 0.110104
9.91013 0.110104
9.91067 0.110643
9.91102 0.110992
9.9118 0.111778
9.91259 0.112564
9.91378 0.113754
9.91454 0.114509
9.91545 0.11542
9.91965 0.119627
9.9201 0.120071
9.92135 0.121329
9.92167 0.121643
9.92239 0.122367
9.92271 0.0226896
9.92284 0.0224985
9.92284 0.0224985
9.92284 0.0224985
9.92297 0.0223073
9.92297 0.0223073
9.92297 0.0226268
9.92328 0.0223028
9.92328 0.0226224
9.92328 0.0223028
9.9236 0.0226179
9.9236 0.0222984
9.9236 0.0222984
9.92438 0.0222939
9.92539 0.0253595
9.9257 0.0256958
9.9257 0.125678
9.92602 0.125998
9.92666 0.126632
9.92872 0.0287056
9.92904 0.0290139
9.93007 0.0300488
9.93111 0.0310877
9.93153 0.1315
9.93185 0.03182
9.93223 0.0322207
9.93223 0.022494
9.93255 0.13252
9.93417 0.134146
9.93462 0.034595
9.93575 0.135722
9.93607 0.0360427
9.9362 0.0225584
9.93782 0.0378058
9.93839 0.0383653
9.93871 0.138684
9.93871 0.138684
9.93962 0.0395993
9.94001 0.13998
9.94033 0.0403117
9.94033 0.0226585
9.94233 0.0422996
9.94264 0.0426191
9.94277 0.0227642
9.94277 0.0227642
9.94277 0.0227642
9.94277 0.0224447
9.94277 0.0224447
9.94277 0.0227642
9.94303 0.022382
9.94303 0.0227015
9.94303 0.022382
9.94335 0.143323
9.94348 0.0228299
9.94348 0.0225104
9.94348 0.0225104
9.94348 0.0225104
9.94704 0.14701
9.94736 0.0473407
9.94736 0.147329
9.94768 0.147649
9.94815 0.148124
9.95142 0.0514157
9.95206 0.152029
9.95316 0.0531305
9.95351 0.0534811
9.95475 0.0222847
9.95607 0.156043
9.9586 0.0222842
9.95979 0.0597619
9.96228 0.0222837
9.96228 0.0222837
9.96228 0.0222837
9.9626 0.0222792
9.9626 0.0222792
9.9626 0.0225987
9.96291 0.0222747
9.96291 0.0225942
9.96291 0.0222747
9.96326 0.0226208
9.96326 0.0223013
9.96326 0.0223013
9.96619 0.0661666
9.96719 0.0222741
9.96857 0.0685429
9.97126 0.071236
9.97163 0.0222821
9.97329 0.0732645
9.97361 0.073584
9.97361 0.0226638
9.97393 0.0739035
9.97555 0.0222945
9.97649 0.0764665
9.98232 0.0222895
9.98232 0.0222895
9.98232 0.0222895
9.98264 0.022285
9.98264 0.022285
9.98264 0.0226045
9.98295 0.0222805
9.98295 0.0226
9.98295 0.0222805
9.98343 0.0833999
9.98355 0.022884
9.98355 0.0225645
9.98355 0.0225645
9.98355 0.0225645
9.98761 0.0222755
9.98898 0.0889568
9.98949 0.0894629
9.9917 0.0222835
9.99218 0.0921543
9.9934 0.0933953
9.99544 0.09541
9.99556 0.0225487
9.99744 0.0974299
9.99842 0.0983898
9.99908 0.0990514

