% time_sec delay_sec
0.131977 0.0319462
0.135375 0.035345
0.135913 0.0358822
0.136232 0.0362018
0.137049 0.0370189
0.137369 0.0373384
0.138404 0.0383733
0.139439 0.0394082
0.140349 0.0403187
0.142224 0.0421934
0.14273 0.0426995
0.14305 0.0430191
0.145173 0.0451426
0.148136 0.0481059
0.148643 0.0486121
0.15229 0.0522597
0.153387 0.0533568
0.155418 0.055387
0.156919 0.0568885
0.15926 0.0592298
0.161695 0.0616643
0.162014 0.0619839
0.162014 0.0619839
0.16252 0.06249
0.167257 0.0672263
0.169225 0.0691943
0.172841 0.0728108
0.173161 0.0731303
0.173161 0.0731303
0.173854 0.0738231
0.17579 0.07576
0.177572 0.0775414
0.178451 0.0784208
0.182472 0.0824416
0.183631 0.083601
0.184449 0.0844181
0.184768 0.0847376
0.188042 0.088012
0.18858 0.0885493
0.188961 0.088931
0.194817 0.094787
0.195541 0.0955109
0.196203 0.0961725
0.197829 0.0977984
0.198335 0.0983045
0.199277 0.0992461
0.199596 0.0995656
0.199916 0.0998851
0.199916 0.0998851
0.199916 0.0998851
0.20179 0.10176
0.20211 0.102079
0.202429 0.102399
0.202749 0.102718
0.203068 0.103038
0.203068 0.103038
0.206187 0.106157
0.208249 0.108218
0.210061 0.110031
0.210505 0.110474
0.211322 0.111292
0.21301 0.11298
0.214232 0.114201
0.214551 0.114521
0.215306 0.115276
0.216932 0.116902
0.219367 0.119336
0.221304 0.121273
0.221872 0.121841
0.223373 0.123343
0.224719 0.124689
0.227278 0.127248
0.228033 0.128003
0.231961 0.0319536
0.23536 0.0353524
0.235897 0.0358897
0.236216 0.0362092
0.237034 0.0370263
0.237353 0.0373458
0.237673 0.137642
0.238365 0.0383581
0.2394 0.039393
0.240342 0.0403346
0.240661 0.140631
0.242256 0.0422489
0.242731 0.0427239
0.243051 0.0430434
0.243619 0.143588
0.245151 0.0451443
0.248115 0.0481077
0.248621 0.0486138
0.250962 0.150932
0.251717 0.151687
0.252254 0.0522473
0.253414 0.0534066
0.255382 0.0553746
0.255701 0.155671
0.256021 0.15599
0.2569 0.056893
0.259086 0.159055
0.259405 0.0593982
0.261684 0.0616773
0.262004 0.0619968
0.262004 0.0619968
0.26251 0.0625029
0.267246 0.0672392
0.269339 0.0693316
0.272831 0.0728238
0.27315 0.0731433
0.27315 0.0731433
0.273812 0.0738049
0.27578 0.0757729
0.277562 0.0775543
0.278441 0.0784337
0.282431 0.0824235
0.283621 0.0836139
0.284469 0.0844622
0.284789 0.0847817
0.288001 0.0879939
0.288538 0.0885311
0.288951 0.0889439
0.294807 0.0947999
0.295593 0.095586
0.296193 0.0961854
0.297787 0.0977802
0.298294 0.0982863
0.299266 0.099259
0.299586 0.0995785
0.299905 0.0998981
0.299905 0.0998981
0.299905 0.0998981
0.30178 0.101773
0.302099 0.102092
0.302419 0.102412
0.302738 0.102731
0.303058 0.103051
0.303058 0.103051
0.306115 0.106107
0.308238 0.108231
0.31002 0.110012
0.310401 0.110394
0.311343 0.111336
0.313062 0.113055
0.314252 0.114245
0.314572 0.114565
0.315389 0.115382
0.316891 0.116883
0.319419 0.119411
0.321293 0.121286
0.321862 0.121854
0.323363 0.123356
0.324678 0.124671
0.327361 0.127354
0.328085 0.128078
0.33195 0.0319355
0.335349 0.0353343
0.335887 0.0358715
0.336206 0.036191
0.337054 0.0370393
0.337374 0.0373588
0.337374 0.137367
0.338378 0.0383626
0.339413 0.0393975
0.340354 0.140347
0.340674 0.0406586
0.342268 0.0422534
0.342774 0.0427595
0.343094 0.043079
0.3436 0.143593
0.345164 0.0451488
0.348127 0.0481121
0.348633 0.0486183
0.350943 0.150936
0.35173 0.151722
0.352267 0.0522517
0.353395 0.0533799
0.355394 0.0553791
0.355714 0.155706
0.356033 0.156026
0.356881 0.0568664
0.359036 0.159029
0.359356 0.0593405
0.361728 0.0617129
0.362047 0.0620324
0.362047 0.0620324
0.362491 0.0624763
0.367259 0.0672437
0.369258 0.0692428
0.372812 0.0727971
0.373132 0.0731166
0.373132 0.0731166
0.373824 0.0738094
0.375792 0.0757774
0.377574 0.0775588
0.378422 0.0784071
0.382443 0.082428
0.383696 0.0836806
0.384482 0.0844667
0.384801 0.0847862
0.388013 0.0879983
0.388519 0.0885045
0.388963 0.0889484
0.394788 0.0947733
0.395574 0.0955594
0.396205 0.0961899
0.397862 0.0978469
0.398275 0.0982597
0.399185 0.0991702
0.399505 0.0994897
0.399824 0.0998092
0.399824 0.0998092
0.399824 0.0998092
0.401761 0.101746
0.402081 0.102066
0.4024 0.102385
0.40272 0.102705
0.403039 0.103024
0.403039 0.103024
0.406127 0.106112
0.408313 0.108298
0.410032 0.110017
0.410414 0.110399
0.411293 0.111278
0.412981 0.112966
0.414327 0.114312
0.414646 0.114631
0.41537 0.115355
0.416903 0.116888
0.419369 0.119354
0.421274 0.121259
0.421874 0.121859
0.423375 0.12336
0.42469 0.124675
0.427374 0.127359
0.428066 0.128051
0.431963 0.0319399
0.435362 0.0353387
0.435899 0.035876
0.436218 0.0361955
0.437067 0.0370438
0.437386 0.0373633
0.437386 0.137371
0.43839 0.0383671
0.439425 0.039402
0.440397 0.140382
0.440397 0.0403747
0.442272 0.0422494
0.442716 0.0426933
0.443036 0.0430128
0.443604 0.143589
0.445168 0.0451448
0.448131 0.0481081
0.448637 0.0486143
0.450978 0.150963
0.451702 0.151687
0.452271 0.0522477
0.453399 0.053376
0.455398 0.0553751
0.455717 0.155702
0.456037 0.156022
0.456916 0.0568935
0.459133 0.159118
0.459453 0.0594298
0.461732 0.0617089
0.462051 0.0620284
0.462051 0.0620284
0.462526 0.0625034
0.467263 0.0672397
0.469231 0.0692077
0.472847 0.0728242
0.473167 0.0731438
0.473167 0.0731438
0.473828 0.0738054
0.475796 0.0757734
0.477578 0.0775548
0.478426 0.0784031
0.482447 0.082424
0.483637 0.0836144
0.484486 0.0844627
0.484805 0.0847822
0.488017 0.0879944
0.488554 0.0885316
0.488967 0.0889444
0.494792 0.0947693
0.495578 0.0955554
0.496209 0.0961859
0.497804 0.0977807
0.49831 0.0982868
0.499282 0.0992595
0.499602 0.099579
0.499602 0.099579
0.499921 0.0998985
0.499921 0.0998985
0.501765 0.101742
0.502084 0.102062
0.502404 0.102381
0.502724 0.102701
0.503043 0.10302
0.503043 0.10302
0.506131 0.106108
0.508254 0.108231
0.510036 0.110013
0.510511 0.110488
0.511359 0.111336
0.512985 0.112962
0.514206 0.114184
0.514557 0.114534
0.515312 0.115289
0.516907 0.116884
0.519372 0.11935
0.521309 0.121287
0.52194 0.121917
0.523379 0.123356
0.524694 0.124671
0.527377 0.127355
0.52807 0.128047
0.531967 0.031936
0.535365 0.0353348
0.535903 0.035872
0.536222 0.0361915
0.53707 0.0370398
0.53739 0.0373593
0.53739 0.137367
0.538394 0.0383631
0.539429 0.039398
0.54037 0.0403396
0.54069 0.140667
0.542285 0.0422538
0.542791 0.04276
0.54311 0.0430795
0.543616 0.143593
0.54518 0.0451493
0.548143 0.0481126
0.548649 0.0486188
0.55096 0.150937
0.551746 0.151723
0.552283 0.0522522
0.553411 0.0533804
0.55541 0.0553796
0.55573 0.155707
0.556049 0.156026
0.556898 0.0568668
0.559114 0.159092
0.559434 0.0594032
0.561744 0.0617134
0.562064 0.0620329
0.562064 0.0620329
0.562507 0.0624768
0.567275 0.0672442
0.569243 0.0692122
0.572828 0.0727976
0.573148 0.0731171
0.573148 0.0731171
0.573841 0.0738099
0.575809 0.0757779
0.57759 0.0775593
0.5785 0.0784698
0.582459 0.0824285
0.58365 0.0836189
0.584498 0.0844671
0.584817 0.0847867
0.588029 0.0879988
0.588536 0.088505
0.58898 0.0889489
0.594804 0.0947738
0.595591 0.0955599
0.596221 0.0961904
0.597816 0.0977852
0.598322 0.0982913
0.599295 0.099264
0.599614 0.0995835
0.599614 0.0995835
0.599934 0.099903
0.599934 0.099903
0.601777 0.101747
0.602097 0.102066
0.602416 0.102386
0.602736 0.102705
0.603055 0.103025
0.603055 0.103025
0.606205 0.106175
0.608267 0.108236
0.610048 0.110017
0.610523 0.110492
0.61134 0.11131
0.612997 0.112967
0.614219 0.114188
0.614538 0.114508
0.615293 0.115263
0.616919 0.116888
0.619385 0.119354
0.621291 0.12126
0.621952 0.121922
0.623391 0.123361
0.624706 0.124676
0.62739 0.127359
0.628082 0.128052
0.631948 0.0319404
0.635347 0.0353392
0.635884 0.0358765
0.636203 0.036196
0.637052 0.0370443
0.637371 0.0373638
0.637691 0.13766
0.638383 0.038376
0.639418 0.0394109
0.640391 0.0403836
0.640711 0.14068
0.642274 0.0422668
0.642718 0.0427107
0.643038 0.0430302
0.643606 0.143575
0.645139 0.0451311
0.648102 0.0480945
0.648639 0.0486317
0.650949 0.150919
0.651735 0.151705
0.652273 0.0522652
0.653401 0.0533934
0.655369 0.0553614
0.655688 0.155658
0.656039 0.156008
0.656918 0.0569109
0.659166 0.159136
0.659486 0.0594784
0.661671 0.0616641
0.661991 0.0619836
0.661991 0.0619836
0.662497 0.0624897
0.667233 0.067226
0.669201 0.069194
0.672818 0.0728106
0.673137 0.0731301
0.673137 0.0731301
0.67383 0.0738228
0.675767 0.0757597
0.677517 0.07751
0.678428 0.0784205
0.682449 0.0824414
0.683608 0.0836007
0.684487 0.0844801
0.684807 0.0847996
0.688019 0.0880118
0.688588 0.0885801
0.689 0.0889929
0.694794 0.0947867
0.695611 0.0956039
0.69618 0.0961723
0.697806 0.0977981
0.698312 0.0983043
0.699253 0.0992458
0.699573 0.0995654
0.699892 0.0998849
0.699892 0.0998849
0.699892 0.0998849
0.701767 0.10176
0.702086 0.102079
0.702406 0.102399
0.702725 0.102718
0.703045 0.103038
0.703045 0.103038
0.706133 0.106125
0.708225 0.108218
0.710038 0.11003
0.710482 0.110474
0.711361 0.111354
0.713049 0.113042
0.714239 0.114232
0.71459 0.114583
0.715314 0.115307
0.716909 0.116901
0.719406 0.119398
0.72128 0.121273
0.721849 0.121841
0.72335 0.123343
0.724696 0.124689
0.72741 0.127403
0.728103 0.128096
0.731969 0.0319534
0.735367 0.0353522
0.735874 0.0358583
0.736193 0.0361778
0.737041 0.0370261
0.737361 0.0373456
0.73768 0.137673
0.738373 0.0383579
0.739408 0.0393928
0.74035 0.140342
0.740669 0.0406539
0.742264 0.0422486
0.742708 0.0426925
0.743027 0.0430121
0.743596 0.143588
0.745159 0.0451441
0.748123 0.0481074
0.748629 0.0486135
0.750939 0.150932
0.751663 0.151655
0.752262 0.052247
0.753422 0.0534063
0.75539 0.0553743
0.755709 0.155702
0.756029 0.156021
0.756908 0.0568927
0.759156 0.159149
0.759475 0.0594602
0.761723 0.0617081
0.762043 0.0620277
0.762043 0.0620277
0.762518 0.0625027
0.767254 0.067239
0.769222 0.069207
0.772839 0.0728235
0.773158 0.073143
0.773158 0.073143
0.77382 0.0738047
0.775788 0.0757727
0.777569 0.0775541
0.778418 0.0784024
0.782438 0.0824232
0.783629 0.0836137
0.784477 0.0844619
0.784797 0.0847814
0.788009 0.0879936
0.788608 0.0885931
0.788959 0.0889437
0.794815 0.0947997
0.79557 0.0955547
0.7962 0.0961852
0.797795 0.09778
0.798332 0.0983172
0.799274 0.0992588
0.799594 0.0995783
0.799594 0.0995783
0.799913 0.0998978
0.799913 0.0998978
0.801757 0.101741
0.802076 0.102061
0.802396 0.10238
0.802715 0.1027
0.803035 0.103019
0.803035 0.103019
0.806122 0.106107
0.808308 0.108293
0.810027 0.110012
0.810409 0.110394
0.81132 0.111304
0.81307 0.113055
0.814229 0.114214
0.814549 0.114533
0.815366 0.115351
0.816898 0.116883
0.819426 0.119411
0.821301 0.121286
0.821932 0.121916
0.823371 0.123356
0.824686 0.12467
0.827369 0.127354
0.828062 0.128047
0.831958 0.0319352
0.835357 0.035334
0.835894 0.0358713
0.836214 0.0361908
0.837062 0.037039
0.837382 0.0373585
0.837382 0.137366
0.838385 0.0383623
0.83942 0.0393972
0.840393 0.140378
0.840393 0.0403699
0.842268 0.0422446
0.842805 0.0427819
0.843124 0.0431014
0.843599 0.143584
0.845163 0.0451401
0.848126 0.0481034
0.848633 0.0486096
0.850943 0.150928
0.851729 0.151714
0.852297 0.0522741
0.853456 0.0534334
0.855393 0.0553703
0.855713 0.155698
0.856032 0.156017
0.856912 0.0568887
0.859129 0.159113
0.859448 0.0594251
0.861727 0.0617042
0.862047 0.0620237
0.862047 0.0620237
0.862522 0.0624987
0.867258 0.067235
0.869257 0.0692341
0.872843 0.0728195
0.873162 0.073139
0.873162 0.073139
0.873824 0.0738007
0.875792 0.0757687
0.877573 0.0775501
0.878421 0.0783984
0.882442 0.0824192
0.883695 0.0836719
0.884481 0.0844579
0.8848 0.0847775
0.888013 0.0879896
0.88855 0.0885269
0.888994 0.0889708
0.894819 0.0947957
0.895574 0.0955507
0.896204 0.0961812
0.897892 0.0978693
0.898274 0.098251
0.899216 0.0991926
0.899535 0.0995121
0.899855 0.0998316
0.899855 0.0998316
0.899855 0.0998316
0.90176 0.101737
0.90208 0.102057
0.902399 0.102376
0.902719 0.102696
0.903038 0.103015
0.903038 0.103015
0.906126 0.106103
0.908312 0.108289
0.910062 0.110039
0.910413 0.11039
0.911292 0.111269
0.913074 0.113051
0.914326 0.114303
0.914646 0.114623
0.915307 0.115284
0.916902 0.116879
0.91943 0.119407
0.921305 0.121282
0.921904 0.121881
0.923375 0.123352
0.924689 0.124666
0.927404 0.127381
0.928066 0.128043
0.931993 0.0319623
0.935361 0.03533
0.935898 0.0358673
0.936218 0.0361868
0.937066 0.037035
0.937385 0.0373546
0.937385 0.137362
0.938389 0.0383584
0.939424 0.0393932
0.940366 0.0403348
0.940685 0.140662
0.94228 0.0422491
0.942724 0.042693
0.943043 0.0430125
0.943612 0.143589
0.945175 0.0451446
0.948139 0.0481079
0.948645 0.048614
0.950955 0.150932
0.951741 0.151718
0.952278 0.0522475
0.953407 0.0533757
0.955406 0.0553748
0.955725 0.155702
0.956045 0.156022
0.956924 0.0568932
0.959141 0.159118
0.95946 0.0594296
0.96174 0.0617086
0.962059 0.0620281
0.962059 0.0620281
0.962534 0.0625032
0.96727 0.0672394
0.969238 0.0692075
0.972855 0.072824
0.973174 0.0731435
0.973174 0.0731435
0.973836 0.0738052
0.975804 0.0757732
0.977585 0.0775546
0.978434 0.0784028
0.982455 0.0824237
0.983645 0.0836141
0.984493 0.0844624
0.984813 0.0847819
0.988025 0.0879941
0.988562 0.0885313
0.988975 0.0889442
0.994831 0.0948002
0.995586 0.0955551
0.996217 0.0961857
0.997842 0.0978116
0.998349 0.0983177
0.999228 0.0991971
0.999547 0.0995166
0.999867 0.0998361
0.999867 0.0998361
0.999867 0.0998361
1.00177 0.101742
1.00209 0.102061
1.00241 0.102381
1.00273 0.1027
1.00305 0.10302
1.00305 0.10302
1.0062 0.106172
1.0083 0.108265
1.01005 0.110015
1.01052 0.11049
1.01131 0.111276
1.01299 0.112964
1.01434 0.11431
1.01466 0.114629
1.01529 0.11526
1.01692 0.116886
1.01938 0.119352
1.02132 0.121288
1.02189 0.121857
1.02339 0.123358
1.0247 0.124673
1.02739 0.127356
1.02808 0.128049
1.03195 0.0319379
1.03534 0.0353367
1.03588 0.0358739
1.0362 0.0361934
1.03702 0.0370106
1.03734 0.0373301
1.03766 0.137626
1.03835 0.0383424
1.03942 0.0394084
1.04039 0.0403811
1.04071 0.140677
1.04224 0.0422331
1.04268 0.0426771
1.043 0.0429966
1.04363 0.143604
1.04514 0.0451286
1.0481 0.0480919
1.04861 0.0485981
1.05095 0.150916
1.05173 0.151702
1.05224 0.0522315
1.05337 0.0533597
1.05537 0.0553589
1.05569 0.155655
1.05604 0.156006
1.05688 0.0568772
1.05913 0.159102
1.05945 0.0594447
1.06167 0.0616616
1.06199 0.0619811
1.06199 0.0619811
1.06249 0.0624872
1.06723 0.0672235
1.06929 0.0692848
1.07194 0.0319289
1.07194 0.0319289
1.07194 0.0319289
1.07226 0.0322484
1.07226 0.0319289
1.07226 0.0319289
1.0728 0.0727939
1.07312 0.0731134
1.07312 0.0731134
1.07378 0.073775
1.07578 0.0757741
1.07753 0.0775244
1.07841 0.0784038
1.08243 0.0824247
1.08362 0.0836151
1.08447 0.0844634
1.08479 0.0847829
1.08797 0.087964
1.08857 0.0885634
1.08898 0.0889762
1.09195 0.0319457
1.09195 0.0319457
1.09195 0.0319457
1.09227 0.0322652
1.09227 0.0319457
1.09227 0.0319457
1.09479 0.094787
1.09561 0.0956041
1.09618 0.0961725
1.09777 0.0977672
1.09834 0.0983356
1.09925 0.0992461
1.09957 0.0995656
1.09989 0.0998851
1.09989 0.0998851
1.09989 0.0998851
1.10174 0.101729
1.10206 0.102048
1.10238 0.102368
1.10269 0.102687
1.10301 0.103007
1.10301 0.103007
1.1061 0.106094
1.10823 0.108218
1.11001 0.109999
1.11045 0.110443
1.11136 0.111354
1.11177 0.0317514
1.11177 0.0317514
1.11177 0.0317514
1.11208 0.0320664
1.11208 0.0317469
1.11208 0.0317469
1.11306 0.11305
1.11431 0.114302
1.11463 0.114622
1.11538 0.115377
1.11689 0.116878
1.11938 0.119375
1.12129 0.121281
1.12186 0.121849
1.12336 0.123351
1.1247 0.124697
1.12739 0.12738
1.12808 0.128073
1.13195 0.0319418
1.13207 0.0317507
1.13207 0.0317507
1.13207 0.0317507
1.13239 0.0320657
1.13239 0.0317462
1.13239 0.0317462
1.13532 0.0353175
1.13586 0.0358547
1.13618 0.0361545
1.13703 0.0370225
1.13735 0.037342
1.13767 0.137658
1.13836 0.0383346
1.13939 0.0393892
1.14033 0.140327
1.14033 0.0403111
1.1423 0.0422988
1.14268 0.0426805
1.143 0.043
1.1436 0.143596
1.14514 0.045132
1.1481 0.0480954
1.14861 0.0486015
1.15092 0.150908
1.15173 0.151725
1.15186 0.0318319
1.15186 0.0318319
1.15186 0.0318319
1.15224 0.0522389
1.15237 0.032342
1.15237 0.0320225
1.15237 0.0320225
1.15341 0.0534022
1.15537 0.0553702
1.15569 0.155686
1.15601 0.156006
1.15689 0.0568886
1.15908 0.159071
1.1594 0.0593939
1.16168 0.0616729
1.162 0.0619925
1.162 0.0619925
1.16247 0.0624675
1.16721 0.0672069
1.1693 0.0692765
1.17176 0.0317464
1.17176 0.0317464
1.17176 0.0317464
1.17208 0.0320614
1.17208 0.0317419
1.17208 0.0317419
1.1728 0.0727963
1.17312 0.0730961
1.17312 0.0731158
1.17378 0.0737774
1.17581 0.0757879
1.17747 0.0774646
1.17847 0.0784684
1.18243 0.0824271
1.18362 0.0836175
1.18447 0.0844606
1.18479 0.0847853
1.18797 0.0879664
1.18851 0.0885036
1.18895 0.0889475
1.19175 0.0317542
1.19175 0.0317542
1.19175 0.0317542
1.19207 0.0320692
1.19207 0.0317497
1.19207 0.0317497
1.19478 0.0947804
1.19557 0.0955468
1.19617 0.0961659
1.1978 0.0977918
1.1983 0.0982979
1.19924 0.0992198
1.19956 0.099559
1.19988 0.0998588
1.19988 0.0998785
1.19988 0.0998785
1.20176 0.101753
1.20208 0.102073
1.2024 0.102392
1.20272 0.102712
1.20304 0.103031
1.20304 0.103031
1.20609 0.106088
1.20822 0.108186
1.21 0.109993
1.21041 0.110406
1.21129 0.111265
1.21176 0.0317421
1.21176 0.0317421
1.21176 0.0317421
1.21207 0.0320571
1.21207 0.0317376
1.21207 0.0317376
1.21305 0.113043
1.2143 0.114276
1.21462 0.114615
1.21534 0.115339
1.21688 0.116872
1.2194 0.1194
1.22128 0.121274
1.22185 0.121843
1.22338 0.123375
1.22469 0.12469
1.22735 0.127342
1.22804 0.128035
1.23194 0.0319325
1.23206 0.0317414
1.23206 0.0317414
1.23206 0.0317414
1.23238 0.0320564
1.23238 0.0317369
1.23238 0.0317369
1.23531 0.0353081
1.23585 0.0358454
1.23617 0.0361623
1.23702 0.0370132
1.23734 0.0373327
1.23766 0.137651
1.23829 0.0382801
1.23935 0.0393487
1.24023 0.0402255
1.24055 0.140547
1.2423 0.0422979
1.24268 0.0426796
1.243 0.0429991
1.2436 0.143598
1.24513 0.0451311
1.24807 0.0480634
1.24857 0.0485695
1.25098 0.150947
1.25176 0.151758
1.25189 0.0318622
1.25189 0.0318622
1.25189 0.0318622
1.25224 0.0522381
1.25237 0.0323412
1.25237 0.0320217
1.25237 0.0320217
1.2534 0.0534013
1.25531 0.0553072
1.25563 0.155626
1.25601 0.156008
1.25677 0.0567633
1.25908 0.159073
1.2594 0.059393
1.26168 0.0616721
1.26199 0.0619916
1.26199 0.0619916
1.26247 0.0624666
1.26686 0.066836
1.26908 0.069075
1.27176 0.0317455
1.27176 0.0317455
1.27176 0.0317455
1.27207 0.0320605
1.27207 0.031741
1.27207 0.031741
1.27267 0.0726684
1.27299 0.0729905
1.27299 0.0729905
1.27378 0.0737765
1.27559 0.0755864
1.27744 0.0774326
1.27832 0.078312
1.28234 0.0823329
1.28374 0.083741
1.28406 0.0840448
1.28406 0.0840605
1.28787 0.0878637
1.28856 0.0885565
1.28888 0.088876
1.29178 0.0317448
1.29178 0.0317448
1.29178 0.0317448
1.29209 0.0320598
1.29209 0.0317403
1.29209 0.0317403
1.29471 0.0947088
1.29534 0.0953368
1.29613 0.0961254
1.29772 0.0977202
1.29804 0.0980397
1.29902 0.0990098
1.29937 0.099363
1.29969 0.0996799
1.29969 0.0996825
1.30001 0.100002
1.30157 0.101566
1.30189 0.101885
1.30221 0.102205
1.30253 0.102524
1.30288 0.102875
1.30288 0.102875
1.30606 0.106056
1.30815 0.108123
1.3099 0.109899
1.31022 0.110218
1.31104 0.111033
1.31176 0.0317412
1.31176 0.0317412
1.31176 0.0317412
1.31207 0.0320562
1.31207 0.0317367
1.31207 0.0317367
1.31286 0.112856
1.31396 0.11395
1.31446 0.114459
1.31519 0.115183
1.31672 0.116715
1.31925 0.119243
1.32112 0.121118
1.32175 0.121749
1.32328 0.123281
1.32454 0.124534
1.32719 0.127186
1.32782 0.127817
1.33193 0.0319316
1.33206 0.0317405
1.33206 0.0317405
1.33206 0.0317405
1.33238 0.0320555
1.33238 0.031736
1.33238 0.031736
1.33537 0.0353695
1.33591 0.0359067
1.33623 0.0362096
1.33705 0.0370434
1.33737 0.137362
1.33737 0.0373629
1.33859 0.0385678
1.33953 0.039526
1.34016 0.140156
1.34057 0.0405528
1.34223 0.0422264
1.3427 0.0427014
1.34302 0.0430209
1.34347 0.143464
1.34509 0.0450907
1.34815 0.0481473
1.34869 0.0486846
1.35087 0.150844
1.35157 0.151562
1.35176 0.0317284
1.35176 0.0317284
1.35176 0.0317284
1.35217 0.0521665
1.3523 0.0322696
1.3523 0.0319501
1.3523 0.0319501
1.35336 0.0533609
1.35539 0.15539
1.35571 0.0557106
1.35603 0.156029
1.35701 0.0570028
1.35897 0.15897
1.35929 0.0592903
1.36176 0.061756
1.36176 0.061756
1.36208 0.0620755
1.36258 0.0625817
1.36835 0.068323
1.36985 0.0698292
1.37175 0.0317362
1.37175 0.0317362
1.37175 0.0317362
1.37206 0.0320512
1.37206 0.0317317
1.37206 0.0317317
1.37301 0.0730038
1.37333 0.0733233
1.37365 0.0736262
1.37396 0.0739623
1.37649 0.0764772
1.37765 0.0776495
1.37881 0.0788088
1.38268 0.0826742
1.38356 0.0835535
1.38444 0.0844329
1.38671 0.0866857
1.38837 0.088369
1.38888 0.0888751
1.38938 0.0893812
1.39178 0.0317524
1.39178 0.0317524
1.39178 0.0317524
1.3921 0.0320674
1.3921 0.0317479
1.3921 0.0317479
1.39497 0.0949652
1.39644 0.096419
1.39676 0.0967551
1.39832 0.0983188
1.39892 0.0989182
1.39968 0.0996732
1.39968 0.0996566
1.4 0.0999927
1.40031 0.100296
1.40031 0.100312
1.40219 0.102187
1.40251 0.102506
1.40283 0.102826
1.40283 0.102826
1.40315 0.103145
1.40347 0.103465
1.40637 0.106366
1.40849 0.108464
1.4103 0.110302
1.4109 0.110902
1.41175 0.0317318
1.41175 0.0317318
1.41175 0.0317318
1.41225 0.112235
1.41238 0.0323664
1.41238 0.0320469
1.41238 0.0320469
1.41335 0.113353
1.41486 0.114854
1.41536 0.115344
1.41587 0.115866
1.41731 0.117306
1.4198 0.119802
1.42187 0.121864
1.42228 0.122276
1.42378 0.123778
1.42525 0.125248
1.42775 0.127745
1.42853 0.128531
1.43193 0.0319307
1.43206 0.0317396
1.43206 0.0317396
1.43206 0.0317396
1.43238 0.0320546
1.43238 0.0317351
1.43238 0.0317351
1.43537 0.0353686
1.43591 0.0359058
1.43623 0.0362174
1.43708 0.0370736
1.43739 0.0373931
1.43778 0.137774
1.43859 0.0385841
1.43954 0.0395336
1.44073 0.0407161
1.44105 0.141043
1.4423 0.0422961
1.44277 0.0427712
1.44309 0.0430907
1.44413 0.144125
1.44529 0.0452849
1.44816 0.0481549
1.44869 0.0486922
1.45175 0.151723
1.45188 0.0318519
1.45188 0.0318519
1.45188 0.0318519
1.4521 0.0320736
1.4521 0.0317541
1.4521 0.0317541
1.45242 0.152418
1.45274 0.0527379
1.45349 0.0534929
1.45528 0.155273
1.4556 0.0555938
1.45654 0.156535
1.45701 0.0570104
1.45938 0.0593828
1.45986 0.159857
1.46177 0.0617636
1.46208 0.0620831
1.46208 0.0620831
1.46268 0.0626826
1.46835 0.0683254
1.46979 0.0697833
1.47176 0.0317438
1.47176 0.0317438
1.47176 0.0317438
1.47207 0.0320588
1.47207 0.0317393
1.47207 0.0317393
1.47298 0.0729802
1.4733 0.0732997
1.47362 0.0736113
1.474 0.074001
1.47647 0.0764456
1.47775 0.0777504
1.47872 0.0787231
1.48265 0.0826506
1.48384 0.0838411
1.48444 0.0844405
1.48681 0.0867987
1.48841 0.0884076
1.48873 0.0887272
1.48936 0.0893577
1.49176 0.0317289
1.49176 0.0317289
1.49176 0.0317289
1.4921 0.032075
1.4921 0.0317555
1.4921 0.0317555
1.49497 0.0949728
1.49638 0.096381
1.4967 0.0966925
1.49833 0.0983264
1.49865 0.0986459
1.49956 0.0995564
1.49988 0.0998679
1.5002 0.100195
1.5002 0.100187
1.50052 0.100515
1.50227 0.102265
1.50259 0.102585
1.50291 0.102904
1.50291 0.102904
1.50323 0.103224
1.50354 0.103543
1.50629 0.106289
1.50848 0.108449
1.51038 0.11038
1.51095 0.110949
1.51176 0.0317479
1.51176 0.0317479
1.51176 0.0317479
1.51218 0.112166
1.5123 0.0322891
1.5123 0.0319696
1.5123 0.0319696
1.51337 0.113369
1.51521 0.115204
1.51553 0.115532
1.51604 0.116038
1.51729 0.11729
1.51982 0.119818
1.52185 0.121849
1.52226 0.122261
1.52376 0.123763
1.52514 0.12514
1.52789 0.127886
1.52849 0.128485
1.53195 0.0319468
1.53208 0.0317557
1.53208 0.0317557
1.53208 0.0317557
1.53239 0.0320707
1.53239 0.0317512
1.53239 0.0317512
1.53539 0.0353846
1.53592 0.0359219
1.53624 0.0362421
1.53709 0.0370897
1.53741 0.0374092
1.53779 0.13779
1.53858 0.0385777
1.53952 0.0395185
1.54074 0.0407408
1.54106 0.141059
1.54228 0.0422811
1.54276 0.0427561
1.54308 0.0430756
1.54411 0.14411
1.5453 0.0453009
1.54814 0.0481399
1.54868 0.0486771
1.55167 0.151645
1.5518 0.0317747
1.5518 0.0317747
1.5518 0.0317747
1.55224 0.152243
1.55256 0.0525634
1.55269 0.0326665
1.55269 0.032347
1.55269 0.032347
1.55348 0.0534778
1.55551 0.0555081
1.55598 0.155982
1.55658 0.156582
1.557 0.0569954
1.55937 0.0593677
1.55987 0.159873
1.56178 0.0617797
1.5621 0.0620992
1.5621 0.0620992
1.56285 0.0628541
1.56831 0.0683051
1.56981 0.069808
1.57174 0.0317287
1.57174 0.0317287
1.57174 0.0317287
1.57209 0.0320748
1.57209 0.0317553
1.57209 0.0317553
1.57297 0.0729652
1.57329 0.0732847
1.5736 0.0736049
1.57399 0.0739859
1.57648 0.0764535
1.57774 0.0777353
1.57871 0.078708
1.58264 0.0826356
1.5838 0.0837949
1.58443 0.0844254
1.58667 0.0866714
1.58842 0.0884237
1.58887 0.0888676
1.58937 0.0893738
1.59177 0.031745
1.59177 0.031745
1.59177 0.031745
1.59209 0.03206
1.59209 0.0317405
1.59209 0.0317405
1.59496 0.0949578
1.59637 0.0963659
1.59669 0.0966861
1.59841 0.0984046
1.59876 0.0987552
1.59967 0.0996657
1.59999 0.0999859
1.60031 0.100305
1.60031 0.100305
1.60031 0.100305
1.60224 0.102242
1.60256 0.102561
1.60288 0.102881
1.60288 0.102881
1.6032 0.1032
1.6032 0.1032
1.60632 0.106319
1.60851 0.108479
1.61044 0.110442
1.61092 0.110917
1.61176 0.031747
1.61176 0.031747
1.61176 0.031747
1.61217 0.112174
1.6123 0.0322882
1.6123 0.0319687
1.6123 0.0319687
1.61337 0.113368
1.61521 0.115212
1.61553 0.115531
1.61604 0.116037
1.61732 0.117321
1.61976 0.119755
1.62194 0.121941
1.62229 0.122292
1.62376 0.123762
1.62514 0.125139
1.62789 0.127885
1.62855 0.128546
1.63198 0.0319459
1.63211 0.0317548
1.63211 0.0317548
1.63211 0.0317548
1.63242 0.0320698
1.63242 0.0317503
1.63242 0.0317503
1.63541 0.0353838
1.63595 0.035921
1.63627 0.0362499
1.63712 0.0370888
1.63744 0.0374083
1.63779 0.137789
1.63861 0.0385854
1.63955 0.0395177
1.64065 0.0406241
1.64097 0.140965
1.64234 0.0423113
1.64288 0.0428486
1.6432 0.0431681
1.64411 0.144109
1.6453 0.045269
1.64817 0.048139
1.64871 0.0486762
1.65164 0.151613
1.65177 0.0317427
1.65177 0.0317427
1.65177 0.0317427
1.65224 0.152242
1.65256 0.0525314
1.65269 0.0326656
1.65269 0.0323461
1.65269 0.0323461
1.65351 0.053477
1.65554 0.0555072
1.65601 0.156013
1.65655 0.15655
1.65721 0.0571811
1.65946 0.0594291
1.65994 0.159934
1.66181 0.0617788
1.66213 0.0620983
1.66213 0.0620983
1.66279 0.0627599
1.66834 0.0683302
1.66981 0.0697846
1.67174 0.0317278
1.67174 0.0317278
1.67174 0.0317278
1.67208 0.0320739
1.67208 0.0317544
1.67208 0.0317544
1.673 0.0729643
1.67331 0.0732838
1.67367 0.0736438
1.67402 0.073985
1.67645 0.0764445
1.67777 0.0777344
1.67874 0.0787071
1.68267 0.0826347
1.68383 0.083794
1.68446 0.0844246
1.68673 0.0867137
1.68842 0.0883917
1.68893 0.0888978
1.68934 0.0893107
1.69177 0.0317441
1.69177 0.0317441
1.69177 0.0317441
1.69209 0.0320591
1.69209 0.0317396
1.69209 0.0317396
1.69499 0.0949569
1.6964 0.096365
1.69672 0.0966939
1.69819 0.0981549
1.69875 0.0987232
1.69963 0.0996026
1.69995 0.0999315
1.70027 0.100251
1.70027 0.100242
1.70059 0.100561
1.70225 0.102218
1.70257 0.102538
1.70289 0.102857
1.70289 0.102857
1.70321 0.103177
1.70353 0.103496
1.70634 0.106304
1.70855 0.108527
1.71033 0.110302
1.71099 0.110964
1.71175 0.031732
1.71175 0.031732
1.71175 0.031732
1.71219 0.112168
1.71232 0.0323043
1.71232 0.0319848
1.71232 0.0319848
1.71338 0.113353
1.71513 0.115112
1.71545 0.115422
1.71593 0.115897
1.71727 0.117243
1.71986 0.119834
1.72196 0.121926
1.72231 0.122277
1.7239 0.123871
1.72519 0.125155
1.7279 0.12787
1.72856 0.128531
1.73196 0.0319309
1.73209 0.0317397
1.73209 0.0317397
1.73209 0.0317397
1.7324 0.0320548
1.7324 0.0317352
1.7324 0.0317352
1.7354 0.0353687
1.73594 0.0359059
1.73626 0.0362434
1.7371 0.0370737
1.73742 0.0373932
1.73781 0.137774
1.73859 0.038579
1.73956 0.0395337
1.74075 0.0407421
1.74107 0.141043
1.74233 0.0422963
1.7428 0.0427713
1.74312 0.0430908
1.74416 0.144125
1.74532 0.045285
1.74819 0.048155
1.74872 0.0486923
1.75165 0.151629
1.75178 0.0317587
1.75178 0.0317587
1.75178 0.0317587
1.7521 0.0320738
1.7521 0.0317543
1.7521 0.0317543
1.75245 0.152418
1.75277 0.052738
1.75352 0.053493
1.75552 0.0554921
1.756 0.155966
1.75657 0.156535
1.7571 0.0570727
1.75948 0.0594451
1.76004 0.160013
1.76179 0.0617637
1.76211 0.0620832
1.76211 0.0620832
1.76274 0.0627138
1.76835 0.0683411
1.76979 0.0697782
1.77175 0.0317439
1.77175 0.0317439
1.77175 0.0317439
1.77207 0.0320589
1.77207 0.0317394
1.77207 0.0317394
1.77301 0.0729804
1.77333 0.0732999
1.77365 0.0736374
1.77403 0.0740011
1.77647 0.0764585
1.77778 0.0777505
1.77875 0.0787232
1.78268 0.0826508
1.78384 0.0838101
1.78447 0.0844406
1.78672 0.0867108
1.78847 0.0884389
1.78879 0.0887584
1.78936 0.0893267
1.79176 0.031729
1.79176 0.031729
1.79176 0.031729
1.7921 0.0320751
1.7921 0.0317556
1.7921 0.0317556
1.795 0.094973
1.79641 0.0963811
1.79641 0.0963991
1.79832 0.0982869
1.79885 0.0988241
1.79964 0.0996102
1.79996 0.0999477
1.80028 0.100267
1.80028 0.100249
1.8006 0.100569
1.80222 0.102195
1.80254 0.102514
1.80286 0.102834
1.80286 0.102834
1.80318 0.103153
1.8035 0.103473
1.80634 0.106312
1.8085 0.108472
1.8104 0.110372
1.81088 0.110847
1.81175 0.0317396
1.81175 0.0317396
1.81175 0.0317396
1.8122 0.112184
1.81232 0.0323119
1.81232 0.0319924
1.81232 0.0319924
1.81336 0.113329
1.81514 0.115129
1.81546 0.11543
1.81612 0.116092
1.81734 0.117313
1.81984 0.11981
1.82193 0.121902
1.82231 0.122284
1.82391 0.123879
1.82519 0.125163
1.82778 0.127753
1.82854 0.128508
1.83197 0.0319384
1.8321 0.0317473
1.8321 0.0317473
1.8321 0.0317473
1.83241 0.0320623
1.83241 0.0317428
1.83241 0.0317428
1.83541 0.0353763
1.83594 0.0359135
1.83626 0.0362597
1.83711 0.0370813
1.83743 0.0374008
1.83781 0.137782
1.8386 0.0385952
1.83954 0.0395102
1.84057 0.0405717
1.84089 0.140864
1.8424 0.0423661
1.84278 0.0427478
1.8431 0.0430673
1.84416 0.144132
1.84532 0.0452926
1.84819 0.0481626
1.84873 0.0486999
1.85157 0.151544
1.85176 0.0317352
1.85176 0.0317352
1.85176 0.0317352
1.85207 0.0320502
1.85207 0.0317307
1.85207 0.0317307
1.85246 0.0524261
1.85278 0.152745
1.85353 0.0535006
1.85553 0.0554997
1.856 0.155974
1.85654 0.156511
1.85723 0.0572047
1.85939 0.0593594
1.85989 0.159865
1.8618 0.0617713
1.86212 0.0620908
1.86212 0.0620908
1.86278 0.0627525
1.86833 0.0683124
1.8698 0.0697944
1.87176 0.0317515
1.87176 0.0317515
1.87176 0.0317515
1.87208 0.0320665
1.87208 0.031747
1.87208 0.031747
1.87299 0.0729568
1.87331 0.0732763
1.87363 0.0736225
1.87401 0.0739776
1.87644 0.0764329
1.87769 0.0776648
1.87876 0.0787308
1.88269 0.0826583
1.88391 0.0838799
1.88445 0.0844171
1.88666 0.0866371
1.88838 0.0883531
1.88886 0.0888282
1.88939 0.0893654
1.89176 0.0317366
1.89176 0.0317366
1.89176 0.0317366
1.89208 0.0320516
1.89208 0.0317321
1.89208 0.0317321
1.89501 0.0949805
1.89639 0.0963576
1.89671 0.0967037
1.89833 0.098303
1.89878 0.0987469
1.89966 0.0996263
1.89966 0.0996529
1.90001 0.0999769
1.90033 0.100323
1.90033 0.100296
1.90223 0.102202
1.90255 0.102522
1.90287 0.102841
1.90287 0.102841
1.90319 0.103161
1.90351 0.10348
1.90632 0.106288
1.9085 0.10848
1.91041 0.11038
1.91088 0.110855
1.91176 0.0317471
1.91176 0.0317471
1.91176 0.0317471
1.91217 0.112169
1.9123 0.0322884
1.9123 0.0319688
1.9123 0.0319688
1.91337 0.113337
1.91493 0.1149
1.91525 0.115247
1.91582 0.115788
1.91732 0.11729
1.91975 0.119724
1.92197 0.121941
1.92229 0.122261
1.92379 0.123762
1.92523 0.125201
1.92791 0.127885
1.92858 0.128546
1.93197 0.031946
1.9321 0.0317549
1.9321 0.0317549
1.9321 0.0317549
1.93242 0.0320699
1.93242 0.0317504
1.93242 0.0317504
1.93541 0.0353839
1.93601 0.0359833
1.93633 0.036307
1.93712 0.0370889
1.93744 0.0374084
1.93782 0.137789
1.9386 0.0385804
1.93955 0.0395178
1.94077 0.0407435
1.94109 0.141058
1.94231 0.0422803
1.94278 0.0427554
1.9431 0.0430749
1.94414 0.144109
1.9453 0.0452691
1.94817 0.0481391
1.9487 0.0486764
1.95157 0.151551
1.95177 0.0317428
1.95177 0.0317428
1.95177 0.0317428
1.95208 0.0320578
1.95208 0.0317383
1.95208 0.0317383
1.95252 0.152495
1.95284 0.0528154
1.95351 0.0534771
1.95554 0.0555073
1.95601 0.155982
1.95655 0.156519
1.95709 0.0570568
1.9594 0.059367
1.95987 0.159841
1.96181 0.0617789
1.96213 0.0620984
1.96213 0.0620984
1.96288 0.0628534
1.96833 0.0683148
1.9698 0.0697796
1.97174 0.031728
1.97174 0.031728
1.97174 0.031728
1.97208 0.0320741
1.97208 0.0317546
1.97208 0.0317546
1.97299 0.0729644
1.97331 0.0732839
1.97363 0.0736076
1.97401 0.0739852
1.97645 0.0764384
1.97776 0.0777346
1.97877 0.0787384
1.98266 0.0826348
1.98388 0.0838564
1.98445 0.0844247
1.9867 0.0866879
1.98845 0.0884229
1.9889 0.0888669
1.98934 0.0893108
1.99177 0.0317442
1.99177 0.0317442
1.99177 0.0317442
1.99208 0.0320592
1.99208 0.0317397
1.99208 0.0317397
1.99499 0.094957
1.99639 0.0963652
1.99671 0.0966888
1.99831 0.0982794
1.99875 0.0987234
1.99963 0.0996027
1.99995 0.0999264
2.00027 0.100242
2.00059 0.100561
2.00059 0.100565
2.00225 0.102218
2.00257 0.102538
2.00289 0.102857
2.00289 0.102857
2.00321 0.103177
2.00352 0.103496
2.00634 0.106306
2.00849 0.108467
2.01046 0.110429
2.01093 0.110904
2.01175 0.0317344
2.01175 0.0317344
2.01175 0.0317344
2.01219 0.112165
2.01232 0.0323067
2.01232 0.0319872
2.01232 0.0319872
2.01338 0.113355
2.01523 0.115203
2.01555 0.115518
2.01587 0.115838
2.01731 0.117277
2.01986 0.119836
2.02177 0.121742
2.02231 0.122279
2.02381 0.12378
2.02519 0.125157
2.02793 0.127903
2.02853 0.128503
2.03196 0.0319333
2.03209 0.0317422
2.03209 0.0317422
2.03209 0.0317422
2.0324 0.0320572
2.0324 0.0317377
2.0324 0.0317377
2.03537 0.03534
2.036 0.0359706
2.03632 0.0363029
2.03707 0.0370451
2.03739 0.0373646
2.03781 0.137777
2.03856 0.0385451
2.03953 0.039505
2.04075 0.0407394
2.04107 0.141045
2.0423 0.0422676
2.04277 0.0427426
2.04309 0.0430621
2.04416 0.144127
2.04532 0.0452874
2.04815 0.0481264
2.04869 0.0486636
2.05156 0.151539
2.05175 0.0317301
2.05175 0.0317301
2.05175 0.0317301
2.05226 0.15223
2.05239 0.0323646
2.05239 0.0320451
2.05239 0.0320451
2.05271 0.0526783
2.05355 0.0535265
2.05552 0.0554946
2.056 0.155969
2.05657 0.156537
2.0571 0.0570752
2.05938 0.0593542
2.05998 0.159953
2.06179 0.0617662
2.06211 0.0620857
2.06211 0.0620857
2.06274 0.0627162
2.06838 0.0683591
2.06982 0.0698066
2.07172 0.0317152
2.07172 0.0317152
2.07172 0.0317152
2.07207 0.0320613
2.07207 0.0317418
2.07207 0.0317418
2.07298 0.0729517
2.0733 0.0732712
2.07362 0.0736035
2.074 0.0739724
2.07647 0.0764547
2.07766 0.0776285
2.07872 0.0786945
2.08265 0.0826221
2.08387 0.0838436
2.08444 0.0844119
2.08669 0.0866873
2.08844 0.0884102
2.08876 0.0887297
2.08936 0.0893291
2.09176 0.0317314
2.09176 0.0317314
2.09176 0.0317314
2.09207 0.0320465
2.09207 0.0317269
2.09207 0.0317269
2.095 0.0949754
2.09641 0.0963835
2.09673 0.0967158
2.09829 0.0982667
2.09874 0.0987106
2.09965 0.0996211
2.09997 0.0999534
2.10029 0.10026
2.10029 0.100273
2.10029 0.10026
2.10226 0.102228
2.10258 0.102548
2.10289 0.102867
2.10289 0.102867
2.10321 0.103187
2.10353 0.103506
2.10631 0.106283
2.1085 0.108474
2.1104 0.110374
2.11091 0.110881
2.11175 0.031742
2.11175 0.031742
2.11175 0.031742
2.11216 0.11215
2.11229 0.0322832
2.11229 0.0319637
2.11229 0.0319637
2.11339 0.113363
2.11517 0.115157
2.11549 0.115464
2.11594 0.115907
2.11731 0.117285
2.11987 0.119844
2.12193 0.121905
2.12228 0.122255
2.12391 0.123881
2.12519 0.125165
2.12794 0.127911
2.12854 0.12851
2.13194 0.0319098
2.13207 0.0317186
2.13207 0.0317186
2.13207 0.0317186
2.13241 0.0320648
2.13241 0.0317453
2.13241 0.0317453
2.13537 0.0353476
2.13591 0.0358849
2.13623 0.0362258
2.13708 0.0370526
2.1374 0.0373721
2.13781 0.137784
2.13857 0.0385614
2.13954 0.0395126
2.14057 0.040569
2.14089 0.140866
2.1424 0.0423685
2.14287 0.0428435
2.14319 0.043163
2.14413 0.144104
2.14532 0.045295
2.14816 0.048134
2.1487 0.0486712
2.15166 0.151639
2.15179 0.0317688
2.15179 0.0317688
2.15179 0.0317688
2.15207 0.0320527
2.15207 0.0317332
2.15207 0.0317332
2.15249 0.152459
2.15281 0.0527792
2.1535 0.0534719
2.1555 0.055471
2.156 0.155976
2.15654 0.156514
2.15733 0.0573005
2.15945 0.059424
2.15989 0.159867
2.16177 0.0617426
2.16209 0.0620621
2.16209 0.0620621
2.16278 0.0627549
2.16836 0.0683304
2.1698 0.0697917
2.17173 0.0317228
2.17173 0.0317228
2.17173 0.0317228
2.17204 0.0320378
2.17204 0.0317183
2.17204 0.0317183
2.17299 0.0729593
2.17331 0.0732788
2.17363 0.0736197
2.17398 0.0739489
2.1766 0.0765786
2.17766 0.0776361
2.17873 0.0787021
2.18266 0.0826297
2.18391 0.0838823
2.18445 0.0844195
2.18666 0.0866448
2.18857 0.0885422
2.18889 0.0888617
2.18946 0.08943
2.19176 0.031739
2.19176 0.031739
2.19176 0.031739
2.19208 0.032054
2.19208 0.0317345
2.19208 0.0317345
2.19498 0.0949519
2.19636 0.0963503
2.19668 0.0966484
2.19827 0.0982432
2.19878 0.0987493
2.19959 0.0995665
2.19991 0.0999074
2.20023 0.100227
2.20023 0.100205
2.20055 0.100525
2.20227 0.102244
2.20259 0.102564
2.20291 0.102883
2.20291 0.102883
2.20323 0.103203
2.20355 0.103522
2.20633 0.106299
2.20857 0.108553
2.21045 0.110422
2.21083 0.110803
2.21174 0.0317269
2.21174 0.0317269
2.21174 0.0317269
2.21215 0.112144
2.21228 0.0322681
2.21228 0.0319486
2.21228 0.0319486
2.21341 0.113379
2.21491 0.11488
2.21523 0.115221
2.21604 0.116017
2.21727 0.117238
2.21992 0.119891
2.22195 0.121921
2.2223 0.122272
2.22392 0.123897
2.22524 0.125212
2.22802 0.127989
2.22855 0.128526
2.23195 0.0319258
2.23208 0.0317347
2.23208 0.0317347
2.23208 0.0317347
2.2324 0.0320497
2.2324 0.0317302
2.2324 0.0317302
2.23539 0.0353637
2.23599 0.0359631
2.23631 0.0362816
2.23709 0.0370687
2.23741 0.0373882
2.23783 0.1378
2.23858 0.038555
2.23952 0.0394976
2.24075 0.0407181
2.24106 0.141038
2.24229 0.0422601
2.24276 0.0427351
2.24308 0.0430547
2.24412 0.144089
2.24531 0.04528
2.24815 0.0481189
2.24868 0.0486561
2.25165 0.151624
2.25177 0.0317537
2.25177 0.0317537
2.25177 0.0317537
2.25206 0.0320376
2.25206 0.0317181
2.25206 0.0317181
2.25244 0.0524135
2.25276 0.152732
2.25348 0.0534569
2.25551 0.0554871
2.25599 0.155961
2.25653 0.156499
2.25709 0.0570677
2.25947 0.0594401
2.25991 0.159883
2.26178 0.0617587
2.2621 0.0620782
2.2621 0.0620782
2.2627 0.0626776
2.26834 0.0683412
2.26984 0.0698164
2.27174 0.0317388
2.27174 0.0317388
2.27174 0.0317388
2.27206 0.0320539
2.27206 0.0317343
2.27206 0.0317343
2.27297 0.0729442
2.27329 0.0732637
2.27361 0.0735822
2.27399 0.0739649
2.27646 0.0764507
2.27777 0.0777455
2.27871 0.078687
2.28264 0.0826146
2.28389 0.0838672
2.28443 0.0844045
2.28671 0.086704
2.2884 0.0883716
2.28887 0.0888466
2.28935 0.0893217
2.29175 0.031724
2.29175 0.031724
2.29175 0.031724
2.29206 0.032039
2.29206 0.0317195
2.29206 0.0317195
2.29499 0.0949679
2.29643 0.0964061
2.29675 0.0967267
2.29829 0.0982592
2.29876 0.0987343
2.29958 0.0995514
2.2999 0.0998699
2.30022 0.100189
2.30022 0.10019
2.30022 0.10019
2.30222 0.10219
2.30254 0.102509
2.30285 0.102829
2.30285 0.102829
2.30317 0.103148
2.30317 0.103148
2.30632 0.106298
2.30848 0.108458
2.31045 0.110421
2.31083 0.110802
2.31173 0.031726
2.31173 0.031726
2.31173 0.031726
2.31218 0.112151
2.31231 0.0322984
2.31231 0.0319789
2.31231 0.0319789
2.31337 0.113347
2.31512 0.115096
2.31544 0.115417
2.31582 0.115798
2.31733 0.1173
2.31988 0.119859
2.32195 0.12192
2.3223 0.122271
2.32392 0.123897
2.32514 0.125118
2.32792 0.127895
2.32855 0.128525
2.33195 0.0319249
2.33208 0.0317338
2.33208 0.0317338
2.33208 0.0317338
2.33239 0.0320488
2.33239 0.0317293
2.33239 0.0317293
2.33539 0.0353628
2.33593 0.0359
2.33624 0.0362272
2.33709 0.0370678
2.33741 0.0373873
2.33783 0.137799
2.33858 0.0385627
2.33952 0.0394967
2.34074 0.0407258
2.34106 0.141037
2.34228 0.0422592
2.34279 0.0427654
2.34311 0.0430849
2.34415 0.144119
2.3453 0.0452791
2.34814 0.048118
2.34868 0.0486553
2.35168 0.151655
2.3518 0.0317839
2.3518 0.0317839
2.3518 0.0317839
2.35206 0.0320367
2.35206 0.0317172
2.35206 0.0317172
2.35238 0.15235
2.35273 0.052701
2.35348 0.053456
2.35551 0.0554862
2.35599 0.15596
2.35652 0.156498
2.35709 0.0570668
2.35946 0.0594392
2.36 0.159976
2.36178 0.0617578
2.3621 0.0620773
2.3621 0.0620773
2.36273 0.0627079
2.36834 0.0683352
2.36984 0.0698241
2.37174 0.031738
2.37174 0.031738
2.37174 0.031738
2.37206 0.032053
2.37206 0.0317335
2.37206 0.0317335
2.37297 0.0729433
2.37329 0.0732628
2.37361 0.07359
2.37399 0.0739641
2.37649 0.0764706
2.37777 0.0777446
2.37871 0.0786862
2.38267 0.0826448
2.38386 0.0838353
2.38443 0.0844036
2.38671 0.0866842
2.3884 0.0883707
2.38887 0.0888458
2.38935 0.0893208
2.39175 0.0317231
2.39175 0.0317231
2.39175 0.0317231
2.39206 0.0320381
2.39206 0.0317186
2.39206 0.0317186
2.39499 0.094967
2.39637 0.0963441
2.39669 0.0966712
2.39828 0.0982583
2.39876 0.0987334
2.39958 0.0995505
2.3999 0.0998777
2.40021 0.100197
2.40021 0.10019
2.40021 0.10019
2.40218 0.102158
2.4025 0.102477
2.40282 0.102797
2.40282 0.102797
2.40314 0.103116
2.40346 0.103436
2.40633 0.106306
2.40849 0.108466
2.41039 0.110366
2.41084 0.11081
2.41174 0.0317336
2.41174 0.0317336
2.41174 0.0317336
2.41219 0.112168
2.41231 0.0323059
2.41231 0.0319864
2.41231 0.0319864
2.41338 0.113354
2.41513 0.115112
2.41545 0.115424
2.41583 0.115806
2.41733 0.117307
2.41989 0.119866
2.42195 0.121928
2.4223 0.122278
2.4239 0.123873
2.42515 0.125126
2.42793 0.127902
2.42856 0.128533
2.43196 0.0319325
2.43209 0.0317414
2.43209 0.0317414
2.43209 0.0317414
2.4324 0.0320564
2.4324 0.0317369
2.4324 0.0317369
2.43536 0.0353393
2.43593 0.0359076
2.43625 0.0362434
2.43707 0.0370443
2.43739 0.0373638
2.4378 0.137776
2.43856 0.0385478
2.43953 0.0395043
2.44075 0.0407421
2.44107 0.141044
2.44229 0.0422668
2.44277 0.0427418
2.44309 0.0430614
2.44412 0.144095
2.44531 0.0452867
2.44815 0.0481256
2.44869 0.0486628
2.45168 0.151662
2.45181 0.0317915
2.45181 0.0317915
2.45181 0.0317915
2.45206 0.0320443
2.45206 0.0317248
2.45206 0.0317248
2.45251 0.0524824
2.45283 0.152801
2.45349 0.0534636
2.45552 0.0554938
2.45599 0.155968
2.45656 0.156536
2.4571 0.0570744
2.45938 0.0593535
2.45988 0.159859
2.46179 0.0617654
2.46211 0.0620849
2.46211 0.0620849
2.46274 0.0627155
2.46835 0.0683376
2.46982 0.0698093
2.47172 0.0317144
2.47172 0.0317144
2.47172 0.0317144
2.47206 0.0320606
2.47206 0.0317411
2.47206 0.0317411
2.47298 0.0729509
2.47329 0.0732704
2.47361 0.0736062
2.474 0.0739716
2.47649 0.0764633
2.47775 0.0777211
2.47872 0.0786937
2.48265 0.0826213
2.48387 0.0838428
2.48444 0.0844112
2.48668 0.0866727
2.48865 0.0886272
2.48897 0.0889467
2.48938 0.0893595
2.49175 0.0317307
2.49175 0.0317307
2.49175 0.0317307
2.49207 0.0320457
2.49207 0.0317262
2.49207 0.0317262
2.495 0.0949746
2.49635 0.0963368
2.49666 0.0966401
2.49829 0.0982659
2.49877 0.098741
2.49958 0.0995581
2.4999 0.0998939
2.50022 0.100197
2.50022 0.100213
2.50054 0.100517
2.50226 0.102236
2.50258 0.102555
2.5029 0.102875
2.5029 0.102875
2.50322 0.103194
2.50354 0.103514
2.50632 0.106291
2.5085 0.108482
2.51044 0.110413
2.51085 0.110826
2.51173 0.0317186
2.51173 0.0317186
2.51173 0.0317186
2.51217 0.112161
2.5123 0.0322909
2.5123 0.0319714
2.5123 0.0319714
2.51336 0.113339
2.51511 0.115106
2.51543 0.115409
2.51606 0.11604
2.51732 0.117292
2.51988 0.119851
2.52194 0.121913
2.52232 0.122294
2.52391 0.123889
2.52517 0.125142
2.52785 0.127825
2.52854 0.128518
2.53194 0.0319175
2.53207 0.0317264
2.53207 0.0317264
2.53207 0.0317264
2.53238 0.0320414
2.53238 0.0317219
2.53238 0.0317219
2.53538 0.0353553
2.53601 0.0359859
2.53633 0.0362992
2.53708 0.0370603
2.5374 0.0373798
2.53782 0.137792
2.53857 0.0385414
2.53954 0.0395203
2.54073 0.0407045
2.54105 0.141029
2.54231 0.0422829
2.54275 0.0427268
2.54307 0.0430463
2.54414 0.144111
2.5453 0.0452716
2.54817 0.0481417
2.5487 0.0486789
2.55167 0.151647
2.55179 0.0317765
2.55179 0.0317765
2.55179 0.0317765
2.55227 0.152245
2.5524 0.0323799
2.5524 0.0320604
2.5524 0.0320604
2.55272 0.0526936
2.55347 0.0534485
2.5555 0.0554787
2.55601 0.155984
2.55658 0.156552
2.55711 0.0570905
2.55936 0.0593384
2.55993 0.159906
2.56177 0.0617503
2.56209 0.0620699
2.56209 0.0620699
2.56272 0.0627004
2.56836 0.0683485
2.56983 0.0698029
2.57173 0.0317305
2.57173 0.0317305
2.57173 0.0317305
2.57205 0.0320455
2.57205 0.031726
2.57205 0.031726
2.57296 0.0729359
2.57328 0.0732554
2.5736 0.0735687
2.57398 0.0739566
2.57648 0.0764584
2.57776 0.0777371
2.57873 0.0787098
2.58266 0.0826374
2.58388 0.0838589
2.5842 0.0841784
2.5867 0.0866698
2.58839 0.0883633
2.58892 0.0889005
2.58937 0.0893444
2.59174 0.0317156
2.59174 0.0317156
2.59174 0.0317156
2.59208 0.0320617
2.59208 0.0317422
2.59208 0.0317422
2.59498 0.0949596
2.59645 0.0964237
2.59677 0.0967494
2.59827 0.0982509
2.59878 0.098757
2.59957 0.0995431
2.59989 0.0998564
2.60021 0.100176
2.60021 0.100182
2.60053 0.100502
2.60221 0.10219
2.60253 0.102509
2.60285 0.102829
2.60285 0.102829
2.60317 0.103148
2.60317 0.103148
2.60632 0.106298
2.60848 0.108459
2.61041 0.11039
2.61083 0.110803
2.61173 0.0317262
2.61173 0.0317262
2.61173 0.0317262
2.61218 0.112146
2.6123 0.0322985
2.6123 0.031979
2.6123 0.031979
2.61337 0.113347
2.61515 0.115122
2.61547 0.115448
2.61582 0.115798
2.61732 0.1173
2.61988 0.119859
2.62176 0.121734
2.62233 0.122302
2.6238 0.123772
2.62514 0.125118
2.62792 0.127895
2.62852 0.128494
2.63195 0.0319251
2.63208 0.0317339
2.63208 0.0317339
2.63208 0.0317339
2.63239 0.032049
2.63239 0.0317294
2.63239 0.0317294
2.63539 0.0353629
2.63592 0.0359001
2.63624 0.0362221
2.63709 0.0370679
2.63741 0.0373874
2.63782 0.137799
2.63858 0.0385577
2.63952 0.0394968
2.64074 0.0407208
2.64106 0.141037
2.64228 0.0422594
2.64276 0.0427344
2.64308 0.0430539
2.64424 0.144212
2.6453 0.0452792
2.64814 0.0481181
2.64868 0.0486554
2.65164 0.151624
2.65177 0.0317529
2.65177 0.0317529
2.65177 0.0317529
2.65205 0.0320369
2.65205 0.0317173
2.65205 0.0317173
2.65237 0.15235
2.65272 0.0527011
2.65348 0.0534561
2.65551 0.0554863
2.65598 0.155961
2.65652 0.156498
2.65709 0.0570669
2.65946 0.0594393
2.65988 0.159851
2.66178 0.0617579
2.6621 0.0620774
2.6621 0.0620774
2.66279 0.0627702
2.66834 0.0683198
2.66981 0.069788
2.67174 0.0317381
2.67174 0.0317381
2.67174 0.0317381
2.67206 0.0320531
2.67206 0.0317336
2.67206 0.0317336
2.67278 0.0727568
2.6731 0.0730763
2.67354 0.0735227
2.67399 0.0739642
2.67645 0.0764472
2.67777 0.0777447
2.67874 0.0787174
2.68233 0.0823028
2.68386 0.0838354
2.68418 0.0841549
2.68671 0.0866895
2.68867 0.0886508
2.68899 0.0889703
2.68934 0.0893209
2.69174 0.0317232
2.69174 0.0317232
2.69174 0.0317232
2.69206 0.0320382
2.69206 0.0317187
2.69206 0.0317187
2.69499 0.0949672
2.69637 0.0963442
2.69669 0.0966662
2.69828 0.0982585
2.69876 0.0987335
2.69964 0.0996129
2.69996 0.0999348
2.70027 0.100254
2.70027 0.100252
2.70027 0.100252
2.70224 0.10222
2.70256 0.102539
2.70288 0.102859
2.70288 0.102859
2.7032 0.103178
2.70352 0.103498
2.70633 0.106306
2.70848 0.108466
2.71039 0.110366
2.71086 0.110841
2.71174 0.0317338
2.71174 0.0317338
2.71174 0.0317338
2.71218 0.112163
2.71231 0.0323061
2.71231 0.0319866
2.71231 0.0319866
2.71341 0.113386
2.71454 0.114516
2.71501 0.114989
2.71595 0.11593
2.71733 0.117307
2.71989 0.119866
2.72176 0.121741
2.72236 0.122341
2.7239 0.123873
2.72521 0.125188
2.72793 0.127902
2.72824 0.128222
2.73195 0.0319326
2.73208 0.0317415
2.73208 0.0317415
2.73208 0.0317415
2.7324 0.0320565
2.7324 0.031737
2.7324 0.031737
2.73536 0.0353394
2.73593 0.0359077
2.73625 0.0362383
2.73707 0.0370444
2.73739 0.0373639
2.7378 0.137776
2.73855 0.0385428
2.73953 0.0395044
2.74075 0.040737
2.74107 0.141045
2.74229 0.0422669
2.74276 0.042742
2.74308 0.0430615
2.74412 0.144096
2.74531 0.0452868
2.74815 0.0481257
2.74869 0.048663
2.75156 0.151538
2.75175 0.0317294
2.75175 0.0317294
2.75175 0.0317294
2.75225 0.152229
2.75257 0.0525492
2.7527 0.0326835
2.7527 0.0323639
2.7527 0.0323639
2.75349 0.0534637
2.75552 0.0554939
2.75599 0.155968
2.75656 0.156536
2.7571 0.0570745
2.75938 0.0593536
2.75998 0.159952
2.76179 0.0617655
2.76211 0.062085
2.76211 0.062085
2.76271 0.0626845
2.76834 0.0683222
2.76982 0.0698042
2.77172 0.0317146
2.77172 0.0317146
2.77172 0.0317146
2.77206 0.0320607
2.77206 0.0317412
2.77206 0.0317412
2.77276 0.0727333
2.77307 0.0730528
2.77355 0.0735389
2.77399 0.0739718
2.77646 0.0764527
2.77774 0.0777212
2.77872 0.0786939
2.7823 0.0822793
2.7839 0.0838741
2.78453 0.0845234
2.78485 0.0848241
2.78865 0.0886273
2.78897 0.0889468
2.78935 0.0893285
2.79175 0.0317308
2.79175 0.0317308
2.79175 0.0317308
2.79206 0.0320458
2.79206 0.0317263
2.79206 0.0317263
2.795 0.0949747
2.79644 0.0964251
2.79676 0.0967335
2.79829 0.0982661
2.7987 0.0986789
2.79964 0.0996205
2.79996 0.0999511
2.80028 0.100271
2.80028 0.100259
2.80028 0.100259
2.80222 0.102196
2.80254 0.102516
2.80286 0.102835
2.80286 0.102835
2.80318 0.103155
2.80318 0.103155
2.80633 0.106305
2.80848 0.108465
2.81042 0.110396
2.81086 0.11084
2.81168 0.111669
2.81181 0.0318035
2.81181 0.0318035
2.81181 0.0318035
2.81206 0.0320564
2.81206 0.0317368
2.81206 0.0317368
2.8135 0.113478
2.81513 0.115123
2.81545 0.115423
2.81595 0.115929
2.81733 0.117307
2.81989 0.119866
2.82179 0.121771
2.82236 0.12234
2.82399 0.123966
2.82521 0.125187
2.82786 0.127839
2.82818 0.128159
2.83195 0.0319318
2.83208 0.0317406
2.83208 0.0317406
2.83208 0.0317406
2.8324 0.0320557
2.8324 0.0317362
2.8324 0.0317362
2.83536 0.0353385
2.83599 0.0359691
2.83631 0.0363083
2.83706 0.0370435
2.83738 0.037363
2.83783 0.137806
2.83858 0.0385817
2.83952 0.0395035
2.84075 0.0407448
2.84113 0.141106
2.84229 0.0422661
2.84276 0.0427411
2.84308 0.0430606
2.84412 0.144095
2.84531 0.0452859
2.84815 0.0481248
2.84875 0.0487243
2.85165 0.15163
2.85178 0.0317596
2.85178 0.0317596
2.85178 0.0317596
2.85225 0.152228
2.85238 0.0323631
2.85238 0.0320436
2.85238 0.0320436
2.8527 0.0526767
2.85348 0.0534628
2.85551 0.055493
2.85599 0.155967
2.85656 0.156536
2.85731 0.0572914
2.85947 0.059446
2.85979 0.159765
2.86179 0.0617646
2.86211 0.0620841
2.86211 0.0620841
2.8627 0.0626836
2.86834 0.0683161
2.86981 0.069812
2.87175 0.0317448
2.87175 0.0317448
2.87175 0.0317448
2.87206 0.0320598
2.87206 0.0317403
2.87206 0.0317403
2.87297 0.0729502
2.87329 0.0732697
2.87361 0.0736089
2.87399 0.0739709
2.87646 0.0764549
2.87774 0.0777203
2.87871 0.078693
2.88236 0.0823406
2.88389 0.0838732
2.88452 0.084512
2.88484 0.0848232
2.88849 0.0884709
2.88881 0.0887904
2.88935 0.0893276
2.89175 0.0317299
2.89175 0.0317299
2.89175 0.0317299
2.89206 0.0320449
2.89206 0.0317254
2.89206 0.0317254
2.895 0.0949739
2.89643 0.0964328
2.89675 0.0967326
2.89829 0.0982652
2.8987 0.098678
2.89958 0.0995574
2.8999 0.0998966
2.90022 0.100216
2.90022 0.100196
2.90054 0.100516
2.90223 0.102204
2.90254 0.102523
2.90286 0.102843
2.90286 0.102843
2.90318 0.103162
2.9035 0.103482
2.90631 0.10629
2.90853 0.108512
2.91037 0.11035
2.91085 0.110825
2.91157 0.111546
2.91173 0.0317263
2.91173 0.0317263
2.91173 0.0317263
2.91204 0.0320413
2.91204 0.0317218
2.91204 0.0317218
2.91348 0.113463
2.91514 0.115117
2.91546 0.115439
2.91587 0.115852
2.91728 0.11726
2.91993 0.119913
2.92175 0.121725
2.92228 0.122262
2.92394 0.123919
2.92516 0.125141
2.92791 0.127887
2.92823 0.128206
2.93194 0.0319167
2.93207 0.0317256
2.93207 0.0317256
2.93207 0.0317256
2.93238 0.0320406
2.93238 0.0317211
2.93238 0.0317211
2.93538 0.0353546
2.93591 0.0358918
2.93623 0.0362086
2.93708 0.0370596
2.9374 0.0373791
2.93781 0.137791
2.93857 0.0385441
2.93954 0.0395196
2.94048 0.0404584
2.94099 0.140966
2.94261 0.0425932
2.94293 0.0429127
2.94325 0.0432322
2.94419 0.144173
2.9451 0.0450842
2.94816 0.0481409
2.9487 0.0486781
2.95169 0.151677
2.95182 0.0318068
2.95182 0.0318068
2.95182 0.0318068
2.95227 0.152244
2.95258 0.0525644
2.95271 0.0326986
2.95271 0.0323791
2.95271 0.0323791
2.95347 0.0534478
2.95544 0.0554158
2.95597 0.155952
2.95657 0.156552
2.9573 0.0572763
2.9592 0.0591821
2.95974 0.159719
2.96158 0.061563
2.9619 0.0618825
2.9619 0.0618825
2.96278 0.0627618
2.96752 0.0675183
2.96983 0.0698056
2.97173 0.0317297
2.97173 0.0317297
2.97173 0.0317297
2.97205 0.0320447
2.97205 0.0317252
2.97205 0.0317252
2.97296 0.0729351
2.97328 0.0732546
2.97359 0.0735714
2.97407 0.0740491
2.97657 0.0765363
2.97776 0.0777363
2.97876 0.0787401
2.98266 0.0826366
2.98385 0.083827
2.98454 0.0845176
2.98486 0.0848393
2.98869 0.0886736
2.98901 0.0889931
2.98946 0.089437
2.99173 0.0317149
2.99173 0.0317149
2.99173 0.0317149
2.99208 0.032061
2.99208 0.0317415
2.99208 0.0317415
2.99498 0.0949588
2.9962 0.0961803
2.99652 0.0964971
2.99827 0.0982501
2.99871 0.098694
2.99956 0.0995423
2.99988 0.0998591
3.0002 0.100181
3.0002 0.100179
3.00052 0.100501
3.00215 0.102127
3.00247 0.102446
3.00279 0.102766
3.00279 0.102766
3.00311 0.103085
3.00343 0.103405
3.00633 0.106308
3.00855 0.108531
3.01039 0.110369
3.01093 0.110906
3.01168 0.111675
3.01181 0.031807
3.01181 0.031807
3.01181 0.031807
3.01206 0.0320598
3.01206 0.0317403
3.01206 0.0317403
3.01341 0.113388
3.01522 0.115206
3.01554 0.11552
3.01592 0.115902
3.0173 0.117279
3.01989 0.119869
3.0218 0.121775
3.02233 0.122312
3.0238 0.123782
3.02518 0.125159
3.02783 0.127812
3.02856 0.128536
3.03195 0.0319352
3.03236 0.0317045
3.03236 0.0317045
3.03536 0.035338
3.03596 0.0359518
3.03628 0.0362569
3.03706 0.037043
3.03738 0.0373625
3.03783 0.137806
3.03839 0.0383807
3.03952 0.039503
3.04046 0.0404589
3.04078 0.140763
3.04229 0.0422655
3.04276 0.0427405
3.04308 0.04306
3.0443 0.144281
3.04509 0.0450676
3.04814 0.0481243
3.04868 0.0486615
3.05164 0.15163
3.05177 0.0317591
3.05177 0.0317591
3.05177 0.0317591
3.05222 0.152196
3.05254 0.0525167
3.05266 0.0326509
3.05266 0.0323314
3.05266 0.0323314
3.05348 0.0534623
3.05551 0.0554925
3.05599 0.155967
3.05656 0.156535
3.05709 0.0570731
3.05919 0.0591655
3.05991 0.159889
3.0616 0.0615775
3.06192 0.061897
3.06224 0.0622165
3.06271 0.0626915
3.06751 0.0674823
3.06982 0.0698061
3.07175 0.0317216
3.07175 0.0317216
3.07175 0.0317216
3.07207 0.0320366
3.07207 0.0317171
3.07207 0.0317171
3.07292 0.0728959
3.07323 0.0732154
3.07355 0.0735408
3.07397 0.0739477
3.07646 0.076445
3.07769 0.077666
3.07875 0.078732
3.08268 0.0826596
3.08387 0.08385
3.08509 0.0850899
3.08541 0.085391
3.08841 0.0883855
3.08885 0.0888294
3.08939 0.0893666
3.09172 0.0317067
3.09172 0.0317067
3.09172 0.0317067
3.09204 0.0320217
3.09204 0.0317022
3.09204 0.0317022
3.09497 0.0949507
3.09625 0.0962344
3.09657 0.0965598
3.09826 0.098242
3.09858 0.0985615
3.09949 0.099472
3.09981 0.0997915
3.10013 0.100117
3.10013 0.100111
3.10045 0.100436
3.10223 0.102212
3.10255 0.102531
3.10287 0.102851
3.10287 0.102851
3.10319 0.10317
3.10351 0.10349
3.10635 0.106329
3.10844 0.108427
3.11041 0.110389
3.11085 0.110833
3.1117 0.111682
3.11183 0.0318275
3.11183 0.0318275
3.11183 0.0318275
3.11205 0.0320492
3.11205 0.0317297
3.11205 0.0317297
3.11346 0.11344
3.11515 0.115142
3.11547 0.115447
3.11597 0.115953
3.11732 0.117299
3.11991 0.119889
3.12175 0.121733
3.12229 0.12227
3.12379 0.123772
3.12514 0.125118
3.12791 0.127894
3.12848 0.128463
3.13191 0.0318935
3.13204 0.0317024
3.13204 0.0317024
3.13204 0.0317024
3.13239 0.0320485
3.13239 0.031729
3.13239 0.031729
3.13535 0.0353314
3.13598 0.0359623
3.13598 0.0359619
3.13705 0.0370279
3.13737 0.0373474
3.13781 0.137791
3.13841 0.0383827
3.13954 0.039519
3.14051 0.0404921
3.14083 0.14081
3.14227 0.0422505
3.14274 0.0427255
3.14306 0.043045
3.14441 0.14439
3.14513 0.0451148
3.14813 0.0481092
3.14854 0.0485221
3.15163 0.151615
3.15176 0.031744
3.15176 0.031744
3.15176 0.031744
3.15204 0.032028
3.15204 0.0317084
3.15204 0.0317084
3.15236 0.152341
3.15271 0.0526922
3.15347 0.0534472
3.1555 0.0554774
3.15597 0.155952
3.15657 0.156551
3.15689 0.0568714
3.15917 0.0591505
3.15999 0.159967
3.16177 0.061749
3.16209 0.0620685
3.16209 0.0620685
3.16269 0.062668
3.16755 0.0675243
3.16939 0.0693868
3.17176 0.0317292
3.17176 0.0317292
3.17176 0.0317292
3.17207 0.0320442
3.17207 0.0317247
3.17207 0.0317247
3.17302 0.0729968
3.17334 0.0733163
3.17365 0.0736503
3.17397 0.0739553
3.1765 0.076496
3.17769 0.0776736
3.17873 0.0787085
3.18262 0.082605
3.18381 0.0837954
3.18413 0.0841149
3.18511 0.0850954
3.18844 0.0884242
3.18876 0.0887437
3.18936 0.0893431
3.19173 0.0317143
3.19173 0.0317143
3.19173 0.0317143
3.19204 0.0320293
3.19204 0.0317098
3.19204 0.0317098
3.19498 0.0949582
3.19617 0.0961487
3.19649 0.0964827
3.1983 0.0982807
3.19877 0.0987557
3.19956 0.0995418
3.19988 0.0998758
3.2002 0.100181
3.2002 0.100195
3.2002 0.100181
3.20223 0.102211
3.20255 0.102531
3.20287 0.10285
3.20287 0.10285
3.20319 0.10317
3.20351 0.103489
3.20632 0.106297
3.20847 0.108457
3.21041 0.110388
3.21088 0.110863
3.2117 0.111698
3.21183 0.0318266
3.21183 0.0318266
3.21183 0.0318266
3.21205 0.0320483
3.21205 0.0317288
3.21205 0.0317288
3.21346 0.113439
3.21511 0.115088
3.21543 0.115415
3.21591 0.11589
3.21729 0.117267
3.21981 0.119795
3.22175 0.121732
3.22229 0.122269
3.22379 0.123771
3.22514 0.125117
3.22794 0.127925
3.22854 0.128524
3.23191 0.0318926
3.23204 0.0317015
3.23204 0.0317015
3.23204 0.0317015
3.23239 0.0320476
3.23239 0.0317281
3.23239 0.0317281
3.23535 0.0353305
3.23589 0.0358677
3.23621 0.0362047
3.23705 0.0370355
3.23737 0.037355
3.23782 0.137798
3.23839 0.0383763
3.23951 0.0394955
3.24064 0.0406412
3.24096 0.140942
3.2424 0.0423825
3.24275 0.0427331
3.24307 0.0430526
3.2442 0.14418
3.24508 0.0450602
3.24813 0.0481168
3.24855 0.0485296
3.25167 0.151653
3.25179 0.0317827
3.25179 0.0317827
3.25179 0.0317827
3.25205 0.0320355
3.25205 0.031716
3.25205 0.031716
3.25249 0.0524736
3.25281 0.152792
3.25344 0.0534237
3.25547 0.0554539
3.25598 0.155959
3.25655 0.156528
3.25687 0.0568479
3.25921 0.0591892
3.2599 0.159881
3.26177 0.0617566
3.26209 0.0620761
3.26209 0.0620761
3.26272 0.0627067
3.26749 0.067473
3.26943 0.0694115
3.27173 0.0317057
3.27173 0.0317057
3.27173 0.0317057
3.27208 0.0320518
3.27208 0.0317323
3.27208 0.0317323
3.27287 0.0728488
3.27319 0.0731683
3.27354 0.073511
3.27386 0.0738384
3.27657 0.0765418
3.2777 0.0776812
3.2788 0.0787783
3.28266 0.0826436
3.28379 0.0837719
3.28467 0.0846485
3.28499 0.0849707
3.2887 0.0886806
3.28902 0.0890001
3.28943 0.0894129
3.29174 0.0317219
3.29174 0.0317219
3.29174 0.0317219
3.29205 0.0320369
3.29205 0.0317174
3.29205 0.0317174
3.29498 0.0949658
3.29633 0.0963039
3.29665 0.0966313
3.29834 0.0983194
3.29866 0.0986389
3.29957 0.0995494
3.29989 0.099861
3.30021 0.100188
3.30021 0.10018
3.30053 0.100508
3.30221 0.102196
3.30253 0.102515
3.30285 0.102835
3.30285 0.102835
3.30317 0.103154
3.30349 0.103474
3.3063 0.106282
3.30852 0.108504
3.31039 0.110373
3.3109 0.11088
3.31122 0.111202
3.31172 0.0317183
3.31172 0.0317183
3.31172 0.0317183
3.31203 0.0320333
3.31203 0.0317138
3.31203 0.0317138
3.31347 0.113455
3.3151 0.115081
3.31542 0.115401
3.31589 0.115875
3.31724 0.117221
3.3198 0.11978
3.32198 0.121966
3.3223 0.122286
3.32396 0.123942
3.32524 0.125226
3.32783 0.127816
3.32859 0.128571
3.33193 0.0319087
3.33205 0.0317176
3.33205 0.0317176
3.33205 0.0317176
3.33237 0.0320326
3.33237 0.0317131
3.33237 0.0317131
3.33527 0.0352532
3.33599 0.0359771
3.33631 0.0362916
3.33707 0.0370516
3.33739 0.0373711
3.33789 0.137876
3.3384 0.0383784
3.33953 0.0395115
3.34063 0.0406037
3.34095 0.140927
3.34235 0.0423363
3.34274 0.042718
3.34305 0.0430375
3.34421 0.144196
3.34509 0.0450762
3.34812 0.0481018
3.34856 0.0485457
3.35162 0.151607
3.35175 0.0317366
3.35175 0.0317366
3.35175 0.0317366
3.35225 0.152236
3.35238 0.0323711
3.35238 0.0320516
3.35238 0.0320516
3.3527 0.0526848
3.35346 0.0534397
3.35549 0.05547
3.35599 0.155975
3.35659 0.156575
3.35691 0.056895
3.35919 0.0591741
3.35976 0.159742
3.36176 0.0617416
3.36208 0.0620611
3.36208 0.0620611
3.36268 0.0626605
3.36748 0.0674612
3.36944 0.0694136
3.37175 0.0317217
3.37175 0.0317217
3.37175 0.0317217
3.37206 0.0320367
3.37206 0.0317172
3.37206 0.0317172
3.37285 0.0728338
3.37317 0.0731533
3.37355 0.0735357
3.37397 0.0739478
3.37659 0.0765589
3.37771 0.0776972
3.37875 0.0787321
3.38268 0.0826597
3.38387 0.0838501
3.38462 0.0845918
3.38494 0.0849246
3.3884 0.0883856
3.38872 0.0887051
3.38945 0.089429
3.39172 0.0317069
3.39172 0.0317069
3.39172 0.0317069
3.39204 0.0320219
3.39204 0.0317024
3.39204 0.0317024
3.39497 0.0949508
3.39631 0.0962975
3.39663 0.0966162
3.39823 0.098211
3.39858 0.0985616
3.39961 0.0995965
3.39993 0.0999168
3.40025 0.100236
3.40025 0.100236
3.40057 0.100555
3.4022 0.102181
3.40252 0.1025
3.40284 0.10282
3.40284 0.10282
3.40316 0.103139
3.40348 0.103459
3.40632 0.106298
3.40863 0.108614
3.41038 0.110358
3.41088 0.110864
3.4112 0.111173
3.41173 0.0317032
3.41173 0.0317032
3.41173 0.0317032
3.41208 0.0320493
3.41208 0.0317298
3.41208 0.0317298
3.41346 0.11344
3.41496 0.114941
3.41531 0.115301
3.41591 0.115891
3.41732 0.1173
3.41978 0.119765
3.42197 0.121951
3.42229 0.12227
3.42398 0.123959
3.42517 0.125149
3.42791 0.127895
3.42892 0.128898
3.43191 0.0318936
3.43204 0.0317025
3.43204 0.0317025
3.43204 0.0317025
3.43238 0.0320486
3.43238 0.0317291
3.43238 0.0317291
3.43529 0.0352693
3.43589 0.0358687
3.4362 0.0361919
3.43705 0.0370365
3.43737 0.037356
3.43782 0.137799
3.43838 0.0383804
3.43951 0.0394965
3.44064 0.0406284
3.44096 0.140943
3.44259 0.0425701
3.44291 0.0428896
3.44323 0.0432091
3.4441 0.144088
3.44508 0.0450612
3.44813 0.0481178
3.44855 0.0485306
3.45151 0.151499
3.45173 0.0317215
3.45173 0.0317215
3.45173 0.0317215
3.45224 0.152221
3.45237 0.032356
3.45237 0.0320365
3.45237 0.0320365
3.45272 0.0527008
3.45344 0.0534247
3.45547 0.0554549
3.45598 0.15596
3.45658 0.15656
3.45708 0.0570666
3.45918 0.0591591
3.45974 0.159727
3.46177 0.0617576
3.46209 0.0620771
3.46209 0.0620771
3.46276 0.0627388
3.46749 0.0674806
3.46943 0.0694156
3.47173 0.0317067
3.47173 0.0317067
3.47173 0.0317067
3.47205 0.0320217
3.47205 0.0317022
3.47205 0.0317022
3.47287 0.0728498
3.47319 0.0731693
3.47354 0.0735293
3.47395 0.0739328
3.47657 0.0765561
3.4777 0.0776822
3.47873 0.0787171
3.48266 0.0826446
3.48379 0.0837729
3.48467 0.0846596
3.48499 0.0849717
3.48842 0.0884016
3.48874 0.0887212
3.48906 0.0890407
3.49174 0.0317229
3.49174 0.0317229
3.49174 0.0317229
3.49205 0.0320379
3.49205 0.0317184
3.49205 0.0317184
3.49498 0.0949668
3.49633 0.0963222
3.49665 0.0966323
3.49821 0.098196
3.49872 0.0987021
3.49957 0.0995504
3.49989 0.0998792
3.50021 0.100199
3.50021 0.100189
3.50053 0.100509
3.50221 0.102197
3.50253 0.102516
3.50285 0.102836
3.50285 0.102836
3.50317 0.103155
3.50349 0.103475
3.5063 0.106283
3.50845 0.108443
3.51036 0.110343
3.51096 0.110943
3.51128 0.111269
3.51175 0.0317193
3.51175 0.0317193
3.51175 0.0317193
3.51206 0.0320343
3.51206 0.0317148
3.51206 0.0317148
3.51344 0.113425
3.51519 0.115162
3.51551 0.115495
3.51583 0.115814
3.5173 0.117284
3.5198 0.119781
3.52186 0.121843
3.52227 0.122255
3.52396 0.123943
3.52518 0.125165
3.52783 0.127817
3.5285 0.128479
3.53193 0.0319097
3.53205 0.0317186
3.53205 0.0317186
3.53205 0.0317186
3.53237 0.0320336
3.53237 0.0317141
3.53237 0.0317141
3.53527 0.0352542
3.5359 0.0358848
3.53622 0.0362166
3.53704 0.0370215
3.53736 0.037341
3.53789 0.137877
3.5384 0.0383825
3.53953 0.0395125
3.54063 0.040622
3.54094 0.140928
3.54242 0.0423995
3.54277 0.0427501
3.54309 0.0430696
3.54412 0.144104
3.54509 0.0450772
3.54812 0.0481028
3.54866 0.04864
3.55171 0.151702
3.55184 0.0318309
3.55184 0.0318309
3.55184 0.0318309
3.55203 0.0320215
3.55203 0.031702
3.55203 0.031702
3.55241 0.0523974
3.55273 0.152716
3.55346 0.0534407
3.55549 0.055471
3.55599 0.155976
3.55656 0.156545
3.5571 0.0570827
3.55925 0.0592373
3.55973 0.159712
3.56176 0.0617426
3.56208 0.0620621
3.56208 0.0620621
3.56274 0.0627237
3.56748 0.0674688
3.56951 0.0694799
3.57175 0.0317227
3.57175 0.0317227
3.57175 0.0317227
3.57206 0.0320377
3.57206 0.0317182
3.57206 0.0317182
3.57285 0.0728348
3.57317 0.0731543
3.57352 0.0734918
3.57396 0.0739488
3.57655 0.0765421
3.57768 0.0776671
3.57881 0.0787953
3.58268 0.0826607
3.58387 0.0838511
3.58419 0.0841674
3.58451 0.0844901
3.5884 0.0883866
3.58872 0.0887061
3.58941 0.0893989
3.59172 0.0317079
3.59172 0.0317079
3.59172 0.0317079
3.59204 0.0320229
3.59204 0.0317034
3.59204 0.0317034
3.59497 0.0949518
3.59638 0.0963599
3.5967 0.0966664
3.59829 0.0982742
3.59873 0.0987181
3.59968 0.0996597
3.59999 0.0999661
3.59999 0.0999792
3.60031 0.100286
3.60031 0.100299
3.60219 0.102173
3.60251 0.102493
3.60283 0.102812
3.60283 0.102812
3.60315 0.103132
3.60315 0.103132
3.6063 0.106282
3.60855 0.108536
3.61039 0.110373
3.61083 0.110817
3.61165 0.111627
3.61178 0.0317495
3.61178 0.0317495
3.61178 0.0317495
3.61206 0.0320334
3.61206 0.0317139
3.61206 0.0317139
3.61347 0.113455
3.615 0.114988
3.61535 0.115334
3.61605 0.116031
3.61724 0.117221
3.6198 0.11978
3.62176 0.121748
3.62227 0.122255
3.62399 0.123974
3.62515 0.125133
3.62789 0.127879
3.62852 0.128509
3.63192 0.0319088
3.63205 0.0317177
3.63205 0.0317177
3.63205 0.0317177
3.63237 0.0320327
3.63237 0.0317132
3.63237 0.0317132
3.63527 0.0352534
3.63599 0.0359772
3.63631 0.0362866
3.63707 0.0370517
3.63739 0.0373712
3.63783 0.137814
3.6384 0.0383676
3.63953 0.0395117
3.64062 0.0405986
3.64094 0.140927
3.64251 0.0424919
3.64283 0.0428115
3.64315 0.043131
3.64412 0.144103
3.64509 0.0450763
3.64812 0.0481019
3.64865 0.0486391
3.65149 0.151483
3.65171 0.0317056
3.65171 0.0317056
3.65171 0.0317056
3.65222 0.152205
3.65254 0.0525254
3.65267 0.0326596
3.65267 0.0323401
3.65267 0.0323401
3.65345 0.0534399
3.65548 0.0554701
3.65599 0.155975
3.65656 0.156544
3.65707 0.0570507
3.65916 0.0591431
3.65976 0.159742
3.66176 0.0617417
3.66208 0.0620612
3.66208 0.0620612
3.66277 0.062754
3.66747 0.0674712
3.66941 0.0694028
3.67175 0.0317218
3.67175 0.0317218
3.67175 0.0317218
3.67206 0.0320368
3.67206 0.0317173
3.67206 0.0317173
3.67285 0.0728339
3.67317 0.0731534
3.67361 0.0735929
3.67396 0.0739479
3.67655 0.0765391
3.67771 0.0776973
3.67872 0.0787011
3.68267 0.0826598
3.68386 0.0838502
3.6844 0.0843875
3.68674 0.086715
3.6884 0.0883857
3.68872 0.0887052
3.68941 0.089398
3.69172 0.031707
3.69172 0.031707
3.69172 0.031707
3.69203 0.032022
3.69203 0.0317025
3.69203 0.0317025
3.69497 0.0949509
3.69631 0.0962924
3.69663 0.0966164
3.69829 0.0982733
3.69892 0.0989039
3.69955 0.0995344
3.69987 0.0998495
3.70019 0.100173
3.70019 0.100169
3.70051 0.100493
3.7022 0.102181
3.70252 0.102501
3.70283 0.10282
3.70283 0.10282
3.70315 0.10314
3.70347 0.103459
3.70631 0.106298
3.70853 0.108521
3.71044 0.110421
3.71094 0.110927
3.71175 0.031726
3.71175 0.031726
3.71175 0.031726
3.71217 0.112162
3.7123 0.0322672
3.7123 0.0319477
3.7123 0.0319477
3.71339 0.113378
3.71517 0.115163
3.71549 0.115479
3.71581 0.115798
3.71728 0.117269
3.71978 0.119765
3.72184 0.121827
3.72229 0.122271
3.72397 0.123959
3.72523 0.125211
3.72782 0.127801
3.72854 0.128525
3.73191 0.0318938
3.73204 0.0317026
3.73204 0.0317026
3.73204 0.0317026
3.73238 0.0320488
3.73238 0.0317293
3.73238 0.0317293
3.73535 0.0353316
3.73588 0.0358689
3.7362 0.0361869
3.73705 0.0370366
3.73737 0.0373561
3.73781 0.137799
3.73838 0.0383697
3.73951 0.0394966
3.74064 0.0406233
3.74096 0.140944
3.74249 0.0424769
3.74281 0.0427964
3.74313 0.0431159
3.7441 0.144088
3.74508 0.0450613
3.74813 0.0481179
3.74867 0.0486552
3.75179 0.151779
3.75192 0.0319083
3.75192 0.0319083
3.75192 0.0319083
3.75224 0.152221
3.75256 0.0525415
3.75268 0.0326757
3.75268 0.0323562
3.75268 0.0323562
3.75344 0.0534248
3.75547 0.055455
3.75598 0.15596
3.75667 0.156653
3.75699 0.0569734
3.75917 0.0591592
3.7599 0.159882
3.76177 0.0617577
3.76209 0.0620772
3.76209 0.0620772
3.76285 0.0628322
3.76758 0.0675527
3.76946 0.069436
3.77173 0.0317068
3.77173 0.0317068
3.77173 0.0317068
3.77205 0.0320218
3.77205 0.0317023
3.77205 0.0317023
3.77286 0.0728499
3.77318 0.0731695
3.7735 0.0734932
3.77395 0.0739329
3.77666 0.0766464
3.7777 0.0776823
3.77873 0.0787172
3.78263 0.0826137
3.78385 0.0838352
3.78442 0.0844035
3.78676 0.0867432
3.78838 0.0883707
3.7887 0.0886902
3.78943 0.089414
3.79173 0.031723
3.79173 0.031723
3.79173 0.031723
3.79205 0.032038
3.79205 0.0317185
3.79205 0.0317185
3.79498 0.094967
3.79636 0.096344
3.79668 0.0966677
3.79824 0.0982272
3.79859 0.0985778
3.79966 0.0996438
3.79998 0.0999675
3.79998 0.0999633
3.8003 0.100287
3.8003 0.100283
3.80214 0.102126
3.80246 0.102446
3.80278 0.102765
3.80278 0.102765
3.8031 0.103085
3.80342 0.103404
3.80629 0.106274
3.80844 0.108435
3.81038 0.110366
3.81089 0.110872
3.81173 0.0317025
3.81173 0.0317025
3.81173 0.0317025
3.81217 0.112147
3.8123 0.0322748
3.8123 0.0319553
3.8123 0.0319553
3.81337 0.113354
3.81518 0.115179
3.8155 0.115486
3.81601 0.115992
3.81726 0.117245
3.81979 0.119773
3.82185 0.121834
3.82229 0.122278
3.82379 0.12378
3.82523 0.125219
3.82792 0.127902
3.82861 0.128595
3.83191 0.0319013
3.83204 0.0317102
3.83204 0.0317102
3.83204 0.0317102
3.83236 0.0320252
3.83236 0.0317057
3.83236 0.0317057
3.83535 0.0353392
3.83589 0.0358764
3.83621 0.0361804
3.83706 0.0370442
3.83738 0.0373637
3.83782 0.137807
3.83858 0.0385499
3.83952 0.0395042
3.84061 0.0406084
3.84093 0.14092
3.8424 0.0423912
3.84272 0.0427107
3.84304 0.0430302
3.8442 0.144189
3.84508 0.0450689
3.84814 0.0481255
3.84868 0.0486628
3.85164 0.151631
3.85177 0.0317603
3.85177 0.0317603
3.85177 0.0317603
3.85205 0.0320442
3.85205 0.0317247
3.85205 0.0317247
3.85246 0.15245
3.85278 0.0527707
3.85345 0.0534324
3.85548 0.0554626
3.85601 0.155999
3.85652 0.156505
3.85699 0.056981
3.85909 0.0590734
3.86 0.159983
3.86175 0.0617342
3.86207 0.0620537
3.86207 0.0620537
3.86276 0.0627465
3.86837 0.0683412
3.86984 0.0698339
3.87174 0.0317144
3.87174 0.0317144
3.87174 0.0317144
3.87205 0.0320294
3.87205 0.0317099
3.87205 0.0317099
3.87293 0.0729197
3.87325 0.0732392
3.87357 0.0735716
3.87395 0.0739405
3.87648 0.0764705
3.87764 0.0776277
3.87871 0.0786937
3.88263 0.0826212
3.88386 0.0838428
3.88439 0.08438
3.88673 0.0867317
3.88839 0.0883783
3.88871 0.0886978
3.88937 0.0893594
3.89174 0.0317306
3.89174 0.0317306
3.89174 0.0317306
3.89206 0.0320456
3.89206 0.0317261
3.89206 0.0317261
3.89496 0.0949434
3.8963 0.0963022
3.89662 0.0966089
3.89828 0.0982659
3.89875 0.0987409
3.89954 0.099527
3.89986 0.0998593
3.90018 0.100166
3.90018 0.100179
3.9005 0.100485
3.90219 0.102174
3.90251 0.102493
3.90283 0.102813
3.90283 0.102813
3.90315 0.103132
3.90346 0.103452
3.9063 0.106291
3.90846 0.108451
3.9104 0.110382
3.91087 0.110857
3.91175 0.0317185
3.91175 0.0317185
3.91175 0.0317185
3.91216 0.112141
3.91229 0.0322597
3.91229 0.0319402
3.91229 0.0319402
3.91345 0.113433
3.91516 0.115142
3.91548 0.115471
3.9159 0.115884
3.91727 0.117261
3.91977 0.119758
3.92193 0.121913
3.92228 0.122263
3.9239 0.123889
3.92512 0.125111
3.9279 0.127887
3.92887 0.12886
3.93193 0.0319174
3.93206 0.0317263
3.93206 0.0317263
3.93206 0.0317263
3.93237 0.0320413
3.93237 0.0317218
3.93237 0.0317218
3.93534 0.0353242
3.9359 0.0358925
3.93622 0.0362051
3.93704 0.0370292
3.93736 0.0373487
3.9378 0.137792
3.93856 0.0385435
3.9395 0.0394891
3.94063 0.040602
3.94095 0.140936
3.94251 0.0425005
3.94283 0.04282
3.94315 0.0431395
3.94409 0.14408
3.94528 0.0452716
3.94812 0.0481105
3.94866 0.0486477
3.95165 0.151647
3.95178 0.0317764
3.95178 0.0317764
3.95178 0.0317764
3.95223 0.152214
3.95255 0.052534
3.95267 0.0326682
3.95267 0.0323487
3.95267 0.0323487
3.95343 0.0534173
3.95546 0.0554476
3.956 0.155984
3.95653 0.156521
3.95701 0.0569971
3.95932 0.0593072
3.95983 0.159813
3.96176 0.0617503
3.96208 0.0620698
3.96208 0.0620698
3.96287 0.0628559
3.96832 0.0682899
3.96985 0.0698275
3.97175 0.0317304
3.97175 0.0317304
3.97175 0.0317304
3.97207 0.0320454
3.97207 0.0317259
3.97207 0.0317259
3.97295 0.0729358
3.97327 0.0732553
3.97359 0.0735652
3.97394 0.0739254
3.9765 0.0764762
3.97772 0.0777059
3.97869 0.0786786
3.98262 0.0826062
3.98384 0.0838277
3.98441 0.0843961
3.98675 0.0867288
3.98847 0.0884565
3.98885 0.0888382
3.98939 0.0893755
3.99172 0.0317156
3.99172 0.0317156
3.99172 0.0317156
3.99204 0.0320306
3.99204 0.0317111
3.99204 0.0317111
3.99497 0.0949595
3.99632 0.0962958
3.99664 0.0966249
3.99829 0.0982819
3.99861 0.0986014
3.99956 0.099543
3.99987 0.0998529
4.00019 0.100182
4.00019 0.100172
4.00019 0.100182
4.00216 0.10215
4.00248 0.10247
4.0028 0.102789
4.0028 0.102789
4.00312 0.103109
4.00344 0.103428
4.00631 0.106301
4.00844 0.10843
4.01047 0.110454
4.01091 0.110898
4.01175 0.0317286
4.01175 0.0317286
4.01175 0.0317286
4.01217 0.112159
4.0123 0.0322698
4.0123 0.0319503
4.0123 0.0319503
4.01339 0.11338
4.01502 0.115006
4.01534 0.115325
4.01588 0.115863
4.01738 0.117365
4.01978 0.119768
4.02187 0.12186
4.02229 0.122273
4.02391 0.123899
4.02516 0.125152
4.02788 0.127866
4.02851 0.128497
4.03191 0.0318964
4.03235 0.0316968
4.03235 0.0316968
4.03534 0.0353303
4.03588 0.0358675
4.0362 0.0361888
4.03705 0.0370353
4.03737 0.0373548
4.03781 0.137798
4.03853 0.0385272
4.03951 0.0394953
4.0406 0.0405857
4.04092 0.140911
4.04252 0.0425067
4.04284 0.0428262
4.04316 0.0431457
4.0441 0.144086
4.04529 0.0452777
4.04813 0.0481166
4.04867 0.0486539
4.0516 0.151591
4.05173 0.0317203
4.05173 0.0317203
4.05173 0.0317203
4.05204 0.0320353
4.05204 0.0317158
4.05204 0.0317158
4.05239 0.152379
4.05271 0.0526996
4.05343 0.0534235
4.05547 0.0554537
4.05597 0.155959
4.05654 0.156527
4.05729 0.0572831
4.05942 0.0594067
4.05992 0.159912
4.06177 0.0617564
4.06209 0.0620759
4.06209 0.0620759
4.06269 0.0626754
4.06829 0.0682909
4.06983 0.0698112
4.07173 0.0317055
4.07173 0.0317055
4.07173 0.0317055
4.07204 0.0320205
4.07204 0.031701
4.07204 0.031701
4.07292 0.0729108
4.07324 0.0732303
4.07362 0.0736111
4.07394 0.0739316
4.07669 0.0766805
4.07763 0.0776188
4.0787 0.0786848
4.08262 0.0826123
4.08388 0.083865
4.08441 0.0844022
4.08672 0.0867159
4.08838 0.0883693
4.08879 0.0887822
4.08933 0.0893194
4.0917 0.0316906
4.0917 0.0316906
4.0917 0.0316906
4.09204 0.0320367
4.09204 0.0317172
4.09204 0.0317172
4.09498 0.0949656
4.09635 0.0963417
4.09635 0.0963427
4.09838 0.0983729
4.0987 0.0986924
4.09955 0.0995407
4.09987 0.0998592
4.10019 0.100179
4.10019 0.10018
4.10051 0.100499
4.10217 0.102156
4.10249 0.102476
4.10281 0.102795
4.10281 0.102795
4.10313 0.103115
4.10345 0.103434
4.10628 0.106273
4.10841 0.108402
4.11047 0.110458
4.11094 0.110933
4.11173 0.0317011
4.11173 0.0317011
4.11173 0.0317011
4.11217 0.11214
4.1123 0.0322735
4.1123 0.0319539
4.1123 0.0319539
4.11346 0.113446
4.11511 0.115111
4.11543 0.115423
4.11585 0.115836
4.11726 0.117244
4.11985 0.119834
4.12188 0.121864
4.12229 0.122277
4.12391 0.123903
4.12517 0.125155
4.12788 0.12787
4.12854 0.128532
4.13191 0.0319
4.13204 0.0317089
4.13204 0.0317089
4.13204 0.0317089
4.13235 0.0320239
4.13235 0.0317044
4.13235 0.0317044
4.13532 0.0353068
4.13589 0.0358751
4.13621 0.0362051
4.13702 0.0370118
4.13734 0.0373313
4.13782 0.137806
4.13854 0.0385123
4.13951 0.0395029
4.1407 0.0406953
4.14102 0.141012
4.14228 0.0422654
4.14272 0.0427094
4.14304 0.0430289
4.14411 0.144094
4.1453 0.0452853
4.1481 0.0480931
4.14864 0.0486303
4.1517 0.151692
4.15183 0.0318212
4.15183 0.0318212
4.15183 0.0318212
4.15202 0.0320118
4.15202 0.0316923
4.15202 0.0316923
4.15246 0.0524499
4.15278 0.152769
4.15341 0.0534
4.15544 0.0554302
4.15598 0.155967
4.15658 0.156566
4.15721 0.0571974
4.1593 0.0592899
4.15993 0.15992
4.16174 0.0617329
4.16206 0.0620524
4.16206 0.0620524
4.16269 0.062683
4.1683 0.0682933
4.16983 0.0698274
4.17173 0.0317131
4.17173 0.0317131
4.17173 0.0317131
4.17205 0.0320281
4.17205 0.0317086
4.17205 0.0317086
4.17293 0.0729184
4.17325 0.0732379
4.17357 0.0735651
4.17392 0.073908
4.17666 0.0766375
4.17761 0.0775953
4.17867 0.0786613
4.1826 0.0825888
4.18385 0.0838415
4.18439 0.0843787
4.1867 0.0866734
4.18842 0.088408
4.1888 0.0887898
4.18943 0.0894203
4.19171 0.0316982
4.19171 0.0316982
4.19171 0.0316982
4.19202 0.0320132
4.19202 0.0316937
4.19202 0.0316937
4.19495 0.0949421
4.19633 0.0963268
4.19665 0.0966387
4.19837 0.0983579
4.19878 0.0987707
4.19954 0.0995256
4.19986 0.0998528
4.20018 0.100165
4.20018 0.100172
4.20018 0.100165
4.20214 0.102133
4.20246 0.102452
4.20278 0.102772
4.20278 0.102772
4.2031 0.103091
4.20342 0.103411
4.20629 0.106281
4.20854 0.108534
4.21038 0.110372
4.21092 0.11091
4.21173 0.0317087
4.21173 0.0317087
4.21173 0.0317087
4.21218 0.112157
4.21231 0.032281
4.21231 0.0319615
4.21231 0.0319615
4.21343 0.113423
4.21512 0.115096
4.21544 0.11543
4.21582 0.115812
4.21729 0.117282
4.21982 0.11981
4.22191 0.121903
4.22226 0.122253
4.22392 0.12391
4.22514 0.125132
4.22792 0.127909
4.22855 0.128539
4.23192 0.0319076
4.23205 0.0317165
4.23205 0.0317165
4.23205 0.0317165
4.23236 0.0320315
4.23236 0.031712
4.23236 0.031712
4.23532 0.0353144
4.23586 0.0358516
4.23618 0.0361591
4.23703 0.0370194
4.23735 0.0373389
4.23782 0.137813
4.23855 0.0385285
4.23952 0.0395105
4.24062 0.0405871
4.24094 0.140926
4.2425 0.0424907
4.24282 0.0428103
4.24314 0.0431298
4.24408 0.144071
4.2453 0.0452929
4.24811 0.0481007
4.24865 0.0486379
4.25161 0.151606
4.25174 0.0317355
4.25174 0.0317355
4.25174 0.0317355
4.25202 0.0320194
4.25202 0.0316999
4.25202 0.0316999
4.25244 0.152426
4.25276 0.0527459
4.25348 0.0534698
4.25545 0.0554378
4.25595 0.155943
4.25655 0.156543
4.25706 0.0570495
4.25931 0.0592974
4.25991 0.159896
4.26175 0.0617405
4.26207 0.06206
4.26207 0.06206
4.26286 0.0628461
4.26831 0.0682957
4.26984 0.0698126
4.27171 0.0316895
4.27171 0.0316895
4.27171 0.0316895
4.27206 0.0320357
4.27206 0.0317161
4.27206 0.0317161
4.2729 0.0728949
4.27322 0.0732144
4.27361 0.0735813
4.27393 0.0739156
4.2767 0.076672
4.27761 0.0776028
4.27868 0.0786688
4.28261 0.0825964
4.28389 0.0838801
4.2844 0.0843863
4.28674 0.0867242
4.28843 0.0884156
4.28881 0.0887973
4.28941 0.0893968
4.29171 0.0317058
4.29171 0.0317058
4.29171 0.0317058
4.29203 0.0320208
4.29203 0.0317013
4.29203 0.0317013
4.29496 0.0949497
4.29634 0.096312
4.29666 0.0966463
4.29834 0.0983343
4.29866 0.0986538
4.29954 0.0995332
4.29986 0.0998379
4.30018 0.100172
4.30018 0.100172
4.3005 0.100477
4.30216 0.102149
4.30248 0.102468
4.3028 0.102788
4.3028 0.102788
4.30312 0.103107
4.30344 0.103427
4.30628 0.106266
4.30849 0.108488
4.31043 0.110419
4.31094 0.110926
4.31172 0.0316937
4.31172 0.0316937
4.31172 0.0316937
4.31216 0.11215
4.31229 0.032266
4.31229 0.0319465
4.31229 0.0319465
4.31342 0.113408
4.3152 0.115183
4.31552 0.115509
4.3159 0.11589
4.31725 0.117236
4.31984 0.119826
4.32174 0.121732
4.32228 0.122269
4.32394 0.123926
4.32513 0.125117
4.32787 0.127862
4.32853 0.128524
4.3319 0.0318926
4.33203 0.0317014
4.33203 0.0317014
4.33203 0.0317014
4.33235 0.0320165
4.33235 0.031697
4.33235 0.031697
4.33534 0.0353304
4.33588 0.0358677
4.3362 0.0361838
4.33701 0.0370043
4.33733 0.0373238
4.33781 0.137798
4.33853 0.0385221
4.3395 0.0394954
4.3406 0.0405807
4.34092 0.140911
4.34252 0.0425068
4.34284 0.0428263
4.34315 0.0431458
4.3441 0.144087
4.34529 0.0452778
4.34809 0.0480856
4.34863 0.0486229
4.3516 0.151591
4.35172 0.0317205
4.35172 0.0317205
4.35172 0.0317205
4.35204 0.0320355
4.35204 0.031716
4.35204 0.031716
4.35242 0.152411
4.35274 0.0527309
4.3534 0.0533925
4.35546 0.0554538
4.35597 0.155959
4.35663 0.156621
4.3572 0.05719
4.35929 0.0592824
4.35992 0.159912
4.36173 0.0617254
4.36205 0.0620449
4.36205 0.0620449
4.36284 0.062831
4.36829 0.0682754
4.36986 0.0698373
4.37173 0.0317056
4.37173 0.0317056
4.37173 0.0317056
4.37204 0.0320206
4.37204 0.0317011
4.37204 0.0317011
4.37292 0.072911
4.37324 0.0732305
4.37356 0.0735438
4.37391 0.0739006
4.37659 0.0765708
4.3776 0.0775878
4.37869 0.0786849
4.38259 0.0825814
4.38384 0.083834
4.38438 0.0843712
4.38669 0.0866902
4.38841 0.0884006
4.38882 0.0888134
4.38945 0.0894439
4.3917 0.0316907
4.3917 0.0316907
4.3917 0.0316907
4.39204 0.0320368
4.39204 0.0317173
4.39204 0.0317173
4.39497 0.0949658
4.39632 0.0963055
4.39664 0.0966312
4.39836 0.0983504
4.39877 0.0987632
4.39953 0.0995182
4.39985 0.0998315
4.40017 0.100157
4.40017 0.100151
4.40017 0.100157
4.40223 0.102219
4.40255 0.102538
4.40287 0.102858
4.40287 0.102858
4.40319 0.103177
4.40319 0.103177
4.40627 0.106265
4.40846 0.108456
4.41037 0.110356
4.4109 0.110894
4.41172 0.0316928
4.41172 0.0316928
4.41172 0.0316928
4.41216 0.112158
4.41229 0.0322651
4.41229 0.0319456
4.41229 0.0319456
4.41342 0.113407
4.41517 0.115159
4.41549 0.115477
4.41602 0.116014
4.41728 0.117266
4.41983 0.119825
4.4218 0.121793
4.42228 0.122269
4.42393 0.123925
4.42512 0.125116
4.42781 0.127799
4.42856 0.128554
4.4319 0.0318917
4.43203 0.0317006
4.43203 0.0317006
4.43203 0.0317006
4.43234 0.0320156
4.43234 0.0316961
4.43234 0.0316961
4.43534 0.0353295
4.43587 0.0358668
4.43619 0.0361915
4.43701 0.0370035
4.43733 0.037323
4.43781 0.137797
4.43853 0.0385299
4.4395 0.0394945
4.4406 0.0405884
4.44092 0.14091
4.44233 0.0423193
4.44271 0.042701
4.44303 0.0430205
4.44409 0.144086
4.44529 0.0452769
4.44809 0.0480848
4.44863 0.048622
4.45162 0.151621
4.45175 0.0317507
4.45175 0.0317507
4.45175 0.0317507
4.45204 0.0320346
4.45204 0.0317151
4.45204 0.0317151
4.45236 0.0523483
4.45268 0.152667
4.4534 0.0533916
4.45546 0.055453
4.45597 0.155958
4.45657 0.156558
4.45707 0.0570647
4.45929 0.0592815
4.45989 0.15988
4.46173 0.0617246
4.46205 0.0620441
4.46205 0.0620441
4.46284 0.0628301
4.46832 0.0683005
4.46982 0.0698139
4.47172 0.0317047
4.47172 0.0317047
4.47172 0.0317047
4.47204 0.0320197
4.47204 0.0317002
4.47204 0.0317002
4.47292 0.0729101
4.47324 0.0732296
4.47356 0.0735516
4.47391 0.0738997
4.47659 0.0765687
4.4776 0.0775869
4.47869 0.078684
4.48259 0.0825805
4.48378 0.0837709
4.48438 0.0843703
4.48672 0.0867014
4.48841 0.0883997
4.48882 0.0888125
4.48945 0.0894431
4.49169 0.0316898
4.49169 0.0316898
4.49169 0.0316898
4.49204 0.032036
4.49204 0.0317165
4.49204 0.0317165
4.49497 0.0949649
4.49632 0.0963133
4.49664 0.0966303
4.49839 0.0983806
4.4988 0.0987934
4.49953 0.0995173
4.49985 0.0998393
4.50016 0.100156
4.50016 0.100159
4.50016 0.100156
4.50213 0.102124
4.50245 0.102444
4.50277 0.102763
4.50277 0.102763
4.50309 0.103083
4.50341 0.103402
4.50628 0.106272
4.50847 0.108464
4.51037 0.110364
4.51103 0.111026
4.51172 0.0317004
4.51172 0.0317004
4.51172 0.0317004
4.51217 0.112143
4.51229 0.0322727
4.51229 0.0319532
4.51229 0.0319532
4.51342 0.113414
4.5152 0.115176
4.51552 0.115515
4.51587 0.115866
4.51728 0.117274
4.51984 0.119833
4.5219 0.121894
4.52228 0.122276
4.52391 0.123902
4.52513 0.125123
4.52788 0.127869
4.52857 0.128562
4.53191 0.0318993
4.53204 0.0317082
4.53204 0.0317082
4.53204 0.0317082
4.53235 0.0320232
4.53235 0.0317037
4.53235 0.0317037
4.53531 0.035306
4.53588 0.0358744
4.5362 0.0361767
4.53702 0.037011
4.53734 0.0373305
4.53781 0.137805
4.53854 0.038515
4.53951 0.0395021
4.54061 0.0406047
4.54093 0.140918
4.54261 0.0426068
4.54293 0.0429263
4.54325 0.0432458
4.5441 0.144093
4.54529 0.0452845
4.5481 0.0480924
4.54864 0.0486296
4.5516 0.151598
4.55173 0.0317272
4.55173 0.0317272
4.55173 0.0317272
4.55201 0.0320111
4.55201 0.0316916
4.55201 0.0316916
4.55252 0.152511
4.55284 0.0528309
4.55341 0.0533992
4.55544 0.0554294
4.55597 0.155966
4.55657 0.156565
4.55705 0.0570411
4.55939 0.0593824
4.5599 0.159888
4.56174 0.0617321
4.56206 0.0620517
4.56206 0.0620517
4.56285 0.0628377
4.56833 0.0683029
4.56986 0.0698301
4.57173 0.0317123
4.57173 0.0317123
4.57173 0.0317123
4.57205 0.0320273
4.57205 0.0317078
4.57205 0.0317078
4.57293 0.0729177
4.57324 0.0732372
4.5736 0.0735678
4.57391 0.0739073
4.57647 0.0764726
4.5776 0.0775945
4.57867 0.0786605
4.5826 0.0825881
4.58388 0.0838718
4.58439 0.0843779
4.58673 0.0867211
4.58869 0.0886872
4.58901 0.0890067
4.58936 0.0893573
4.5917 0.0316974
4.5917 0.0316974
4.5917 0.0316974
4.59202 0.0320124
4.59202 0.0316929
4.59202 0.0316929
4.59495 0.0949414
4.59633 0.0962984
4.59665 0.0966379
4.59815 0.0981394
4.59868 0.0986766
4.59953 0.0995249
4.59985 0.0998244
4.60017 0.100164
4.60017 0.100144
4.60049 0.100483
4.60218 0.102171
4.6025 0.102491
4.60282 0.10281
4.60282 0.10281
4.60314 0.10313
4.60346 0.10345
4.6063 0.106288
4.60857 0.108573
4.61054 0.110536
4.61092 0.110917
4.61174 0.0317164
4.61174 0.0317164
4.61174 0.0317164
4.61215 0.112137
4.61228 0.0322576
4.61228 0.0319381
4.61228 0.0319381
4.61341 0.113399
4.61519 0.115169
4.61551 0.1155
4.61589 0.115882
4.61736 0.117352
4.61979 0.119787
4.62173 0.121724
4.62227 0.122261
4.62389 0.123887
4.62515 0.12514
4.62786 0.127854
4.62852 0.128516
4.63189 0.0318842
4.63202 0.0316931
4.63202 0.0316931
4.63202 0.0316931
4.63233 0.0320081
4.63233 0.0316886
4.63233 0.0316886
4.63533 0.0353221
4.63587 0.0358593
4.63619 0.0361702
4.63703 0.0370271
4.63735 0.0373466
4.63783 0.137821
4.63852 0.0385086
4.63949 0.0394871
4.64059 0.0405671
4.64091 0.140903
4.64241 0.0424051
4.64273 0.0427247
4.64305 0.0430442
4.64409 0.144078
4.64528 0.0452695
4.64812 0.0481084
4.64865 0.0486456
4.65158 0.151583
4.65171 0.0317121
4.65171 0.0317121
4.65171 0.0317121
4.65203 0.0320271
4.65203 0.0317076
4.65203 0.0317076
4.65244 0.152433
4.65276 0.0527536
4.65352 0.0535086
4.65545 0.0554455
4.65599 0.155982
4.65662 0.156612
4.65706 0.0570572
4.65941 0.0593985
4.65985 0.159842
4.66172 0.0617171
4.66204 0.0620366
4.66204 0.0620366
4.66283 0.0628227
4.66831 0.0682827
4.66984 0.0698237
4.67171 0.0316972
4.67171 0.0316972
4.67171 0.0316972
4.67203 0.0320123
4.67203 0.0316927
4.67203 0.0316927
4.67291 0.0729026
4.67323 0.0732221
4.67355 0.0735303
4.6739 0.0738922
4.67646 0.0764563
4.67762 0.0776105
4.67868 0.0786765
4.68261 0.0826041
4.68377 0.0837634
4.6844 0.084394
4.68671 0.086687
4.68843 0.0884233
4.68887 0.0888673
4.68938 0.0893734
4.69172 0.0317135
4.69172 0.0317135
4.69172 0.0317135
4.69203 0.0320285
4.69203 0.031709
4.69203 0.031709
4.69496 0.0949574
4.69631 0.096292
4.69663 0.0966229
4.69841 0.0984043
4.69873 0.0987238
4.69955 0.0995409
4.69987 0.0998491
4.70019 0.10018
4.70019 0.100169
4.70051 0.100499
4.70229 0.102281
4.70261 0.1026
4.70261 0.1026
4.70293 0.10292
4.70325 0.103239
4.70325 0.103239
4.70627 0.106265
4.70846 0.108456
4.71043 0.110419
4.71093 0.110925
4.71171 0.0316929
4.71171 0.0316929
4.71171 0.0316929
4.71216 0.112153
4.71229 0.0322652
4.71229 0.0319457
4.71229 0.0319457
4.71341 0.113407
4.71516 0.115154
4.71548 0.115477
4.7158 0.115796
4.71727 0.117267
4.71983 0.119826
4.72199 0.12198
4.72231 0.1223
4.72381 0.123801
4.72512 0.125116
4.72784 0.127831
4.72859 0.128585
4.7319 0.0318918
4.73203 0.0317007
4.73203 0.0317007
4.73203 0.0317007
4.73234 0.0320157
4.73234 0.0316962
4.73234 0.0316962
4.73534 0.0353297
4.73587 0.0358669
4.73619 0.0361865
4.73701 0.0370036
4.73733 0.0373231
4.7378 0.137797
4.73853 0.0385248
4.7395 0.0394947
4.74063 0.0406145
4.74095 0.140942
4.74261 0.0425994
4.74292 0.0429189
4.74324 0.0432384
4.74412 0.144117
4.74528 0.0452771
4.74809 0.0480849
4.74863 0.0486221
4.75159 0.15159
4.75172 0.0316886
4.75172 0.0316886
4.75172 0.0316886
4.75207 0.0320347
4.75207 0.0317152
4.75207 0.0317152
4.75242 0.15241
4.75274 0.0527301
4.75343 0.0534229
4.75546 0.0554531
4.75596 0.155958
4.75656 0.156558
4.7571 0.0570959
4.75938 0.0593749
4.75992 0.159911
4.76173 0.0617247
4.76205 0.0620442
4.76205 0.0620442
4.76284 0.0628303
4.76829 0.0682851
4.76985 0.06984
4.77172 0.0317048
4.77172 0.0317048
4.77172 0.0317048
4.77204 0.0320198
4.77204 0.0317003
4.77204 0.0317003
4.77292 0.0729102
4.77324 0.0732297
4.77359 0.0735776
4.77391 0.0738998
4.77668 0.0766516
4.77759 0.077587
4.77869 0.0786841
4.78259 0.0825806
4.78381 0.0838021
4.78438 0.0843705
4.78672 0.0867067
4.78847 0.088462
4.78879 0.0887815
4.78945 0.0894432
4.79169 0.03169
4.79169 0.03169
4.79169 0.03169
4.79204 0.0320361
4.79204 0.0317166
4.79204 0.0317166
4.79497 0.094965
4.79632 0.0963082
4.79664 0.0966304
4.79839 0.0983807
4.79871 0.0987002
4.79952 0.0995174
4.79984 0.0998342
4.80016 0.100156
4.80016 0.100154
4.80048 0.100476
4.80217 0.102164
4.80249 0.102484
4.80281 0.102803
4.80281 0.102803
4.80313 0.103123
4.80345 0.103442
4.80629 0.106281
4.80847 0.108472
4.81044 0.110435
4.81104 0.111034
4.81173 0.031709
4.81173 0.031709
4.81173 0.031709
4.81217 0.112147
4.8123 0.0322813
4.8123 0.0319618
4.8123 0.0319618
4.81346 0.113454
4.81518 0.115179
4.8155 0.115493
4.81585 0.115843
4.81729 0.117283
4.81988 0.119873
4.82185 0.121841
4.82226 0.122254
4.82392 0.123911
4.82514 0.125132
4.82785 0.127847
4.82858 0.12857
4.83191 0.0319079
4.83204 0.0317167
4.83204 0.0317167
4.83204 0.0317167
4.83236 0.0320318
4.83236 0.0317122
4.83236 0.0317122
4.83532 0.0353146
4.83586 0.0358518
4.83618 0.036149
4.83702 0.0370196
4.83734 0.0373391
4.83782 0.137813
4.83854 0.0385184
4.83952 0.0395107
4.84061 0.0406081
4.84093 0.140927
4.84259 0.0425843
4.84291 0.0429038
4.84323 0.0432233
4.84411 0.144102
4.8453 0.0452931
4.84811 0.0481009
4.84864 0.0486382
4.85176 0.151762
4.85189 0.0318602
4.85189 0.0318602
4.85189 0.0318602
4.85205 0.0320197
4.85205 0.0317001
4.85205 0.0317001
4.85246 0.152457
4.85278 0.0527773
4.85351 0.0535011
4.85544 0.055438
4.85595 0.155943
4.85664 0.156636
4.85712 0.0571119
4.8593 0.0592977
4.8599 0.159896
4.86175 0.0617407
4.86207 0.0620602
4.86207 0.0620602
4.86285 0.0628463
4.8683 0.068296
4.86984 0.0698335
4.87171 0.0316898
4.87171 0.0316898
4.87171 0.0316898
4.87205 0.0320359
4.87205 0.0317164
4.87205 0.0317164
4.8729 0.0728951
4.87322 0.0732147
4.8736 0.0735712
4.87392 0.0739159
4.87648 0.0764789
4.87761 0.0776031
4.87867 0.0786691
4.8826 0.0825967
4.88389 0.0838804
4.8842 0.0841999
4.88673 0.0867038
4.88867 0.0886647
4.88899 0.0889842
4.88899 0.0889842
4.8917 0.0316975
4.8917 0.0316975
4.8917 0.0316975
4.89201 0.0320126
4.89201 0.0316931
4.89201 0.0316931
4.89495 0.0949415
4.89632 0.0962934
4.89664 0.096638
4.89836 0.0983572
4.89868 0.0986767
4.89953 0.099525
4.89985 0.0998194
4.90017 0.100164
4.90017 0.100139
4.90049 0.100484
4.90218 0.102172
4.9025 0.102491
4.90282 0.102811
4.90282 0.102811
4.90314 0.10313
4.90314 0.10313
4.90629 0.10628
4.90847 0.10844
4.91038 0.110372
4.9107 0.110691
4.91161 0.11159
4.91174 0.0317166
4.91174 0.0317166
4.91174 0.0317166
4.91205 0.0320316
4.91205 0.0317121
4.91205 0.0317121
4.91346 0.113453
4.91518 0.115156
4.9155 0.115492
4.91588 0.115874
4.91729 0.117282
4.91981 0.11981
4.92175 0.121747
4.92226 0.122253
4.92398 0.123972
4.92514 0.125131
4.92791 0.127908
4.92851 0.128507
4.93191 0.031907
4.93204 0.0317159
4.93204 0.0317159
4.93204 0.0317159
4.93235 0.0320309
4.93235 0.0317114
4.93235 0.0317114
4.93532 0.0353137
4.93589 0.0358821
4.93621 0.0361878
4.93702 0.0370187
4.93734 0.0373383
4.93782 0.137812
4.93854 0.0385262
4.93951 0.0395098
4.94061 0.0405847
4.94093 0.140926
4.9424 0.0423968
4.94272 0.0427163
4.94304 0.0430358
4.94407 0.14407
4.9453 0.0452922
4.9481 0.0481001
4.94864 0.0486373
4.95179 0.151761
4.95192 0.0318904
4.95192 0.0318904
4.95192 0.0318904
4.95205 0.0320188
4.95205 0.0316993
4.95205 0.0316993
4.95243 0.152425
4.95275 0.0527453
4.95347 0.0534691
4.95544 0.0554371
4.95601 0.156005
4.95661 0.156604
4.95718 0.0571733
4.9593 0.0592968
4.95974 0.15974
4.96174 0.0617399
4.96206 0.0620594
4.96206 0.0620594
4.96285 0.0628454
4.9683 0.0682899
4.96986 0.0698413
4.9717 0.0316889
4.9717 0.0316889
4.9717 0.0316889
4.97205 0.032035
4.97205 0.0317155
4.97205 0.0317155
4.9729 0.0728943
4.97322 0.0732138
4.9736 0.073579
4.97392 0.073915
4.97651 0.0764903
4.97761 0.0776022
4.97867 0.0786682
4.9826 0.0825958
4.98385 0.0838484
4.98455 0.0845293
4.98486 0.0848607
4.98842 0.088415
4.98886 0.0888589
4.98886 0.0888589
4.9917 0.0316967
4.9917 0.0316967
4.9917 0.0316967
4.99201 0.0320117
4.99201 0.0316922
4.99201 0.0316922
4.99494 0.0949406
4.99632 0.0963011
4.99664 0.0966372
4.99836 0.0983563
4.99868 0.0986758
4.99956 0.0995552
4.99988 0.0998582
5.0002 0.100194
5.0002 0.100178
5.0002 0.100194
5.00223 0.102224
5.00255 0.102544
5.00287 0.102863
5.00287 0.102863
5.00319 0.103183
5.00319 0.103183
5.00628 0.106273
5.0084 0.108372
5.0104 0.110396
5.01072 0.110716
5.01107 0.111041
5.01173 0.0317099
5.01173 0.0317099
5.01173 0.0317099
5.01204 0.0320249
5.01204 0.0317054
5.01204 0.0317054
5.01345 0.113447
5.01517 0.115158
5.01549 0.115485
5.0159 0.115898
5.01722 0.117213
5.01984 0.119834
5.02178 0.121771
5.02228 0.122277
5.02381 0.12381
5.02513 0.125124
5.02787 0.12787
5.02854 0.128532
5.0319 0.0319003
5.03234 0.0317007
5.03234 0.0317007
5.03531 0.0353031
5.03587 0.0358714
5.03619 0.0361858
5.03701 0.0370081
5.03733 0.0373276
5.03781 0.137802
5.03853 0.0385241
5.0395 0.0394992
5.0406 0.0405827
5.04092 0.140915
5.04251 0.0425105
5.04283 0.04283
5.04315 0.0431496
5.04409 0.14409
5.04528 0.0452816
5.04809 0.0480894
5.04863 0.0486266
5.05159 0.151564
5.05172 0.0316931
5.05172 0.0316931
5.05172 0.0316931
5.05204 0.0320081
5.05204 0.0316886
5.05204 0.0316886
5.05251 0.152508
5.05283 0.0528279
5.0534 0.0533962
5.05543 0.0554265
5.056 0.155994
5.05657 0.156562
5.05701 0.0570071
5.05929 0.0592861
5.05976 0.15976
5.06173 0.0617292
5.06205 0.0620487
5.06205 0.0620487
5.06284 0.0628348
5.06832 0.0683051
5.06985 0.0698393
5.07169 0.0316782
5.07169 0.0316782
5.07169 0.0316782
5.07204 0.0320243
5.07204 0.0317048
5.07204 0.0317048
5.07292 0.0729147
5.07324 0.0732342
5.07356 0.0735458
5.07391 0.0739043
5.0765 0.0764919
5.07759 0.0775915
5.07869 0.0786886
5.08259 0.0825851
5.08381 0.0838066
5.08469 0.0846636
5.08501 0.0850055
5.08844 0.0884354
5.08882 0.0888171
5.08914 0.0891366
5.09169 0.0316945
5.09169 0.0316945
5.09169 0.0316945
5.09201 0.0320095
5.09201 0.03169
5.09201 0.03169
5.09494 0.0949384
5.09635 0.0963387
5.09667 0.0966661
5.09839 0.0983852
5.09871 0.0987047
5.09956 0.099553
5.09988 0.0998647
5.1002 0.100192
5.1002 0.100184
5.1002 0.100192
5.10213 0.102129
5.10245 0.102448
5.10277 0.102768
5.10277 0.102768
5.10309 0.103087
5.10341 0.103407
5.10628 0.106277
5.10837 0.108344
5.11037 0.110369
5.11069 0.110688
5.11101 0.111
5.1117 0.0316824
5.1117 0.0316824
5.1117 0.0316824
5.11201 0.0319974
5.11201 0.0316779
5.11201 0.0316779
5.11345 0.11345
5.11517 0.11517
5.11549 0.115489
5.11581 0.115808
5.11728 0.117279
5.11978 0.119775
5.12196 0.121961
5.12228 0.122281
5.12391 0.123907
5.12516 0.125159
5.12788 0.127874
5.12891 0.128909
5.13188 0.0318728
5.132 0.0316817
5.132 0.0316817
5.132 0.0316817
5.13232 0.0319967
5.13232 0.0316772
5.13232 0.0316772
5.13531 0.0353106
5.13585 0.0358479
5.13617 0.0361398
5.13699 0.0369846
5.13731 0.0373041
5.13781 0.137809
5.13854 0.0385092
5.13948 0.0394756
5.14058 0.0405678
5.14089 0.140891
5.1424 0.0423937
5.14272 0.0427132
5.14304 0.0430327
5.1441 0.144098
5.14529 0.0452891
5.1481 0.048097
5.14861 0.0486031
5.1516 0.151571
5.15173 0.0317007
5.15173 0.0317007
5.15173 0.0317007
5.15223 0.152231
5.15236 0.0323352
5.15236 0.0320157
5.15236 0.0320157
5.15268 0.05268
5.15338 0.0533727
5.15544 0.0554341
5.15597 0.15597
5.15664 0.156632
5.1572 0.0572013
5.15927 0.0592626
5.15977 0.159768
5.16171 0.0617057
5.16203 0.0620252
5.16203 0.0620252
5.16272 0.0627179
5.1683 0.0682765
5.16986 0.0698555
5.1717 0.0316858
5.1717 0.0316858
5.1717 0.0316858
5.17201 0.0320008
5.17201 0.0316813
5.17201 0.0316813
5.17289 0.0728912
5.17321 0.0732107
5.17353 0.073531
5.17388 0.0738808
5.17666 0.0766582
5.1776 0.0775991
5.17867 0.0786651
5.18256 0.0825616
5.18385 0.0838453
5.1846 0.0845984
5.18492 0.0849198
5.18863 0.0886296
5.18895 0.0889491
5.18895 0.0889491
5.19172 0.0316936
5.19172 0.0316936
5.19172 0.0316936
5.19204 0.0320086
5.19204 0.0316891
5.19204 0.0316891
5.19494 0.0949375
5.19632 0.0963153
5.19664 0.0966341
5.19826 0.0982599
5.19864 0.0986417
5.19952 0.099521
5.19984 0.0998413
5.20016 0.10016
5.20016 0.100161
5.20048 0.10048
5.2017 0.101701
5.2023 0.102301
5.20262 0.10262
5.20294 0.10294
5.20326 0.103259
5.20326 0.103259
5.20626 0.106253
5.20847 0.108445
5.21022 0.110221
5.21054 0.11054
5.21096 0.110931
5.21171 0.03169
5.21171 0.03169
5.21171 0.03169
5.21202 0.032005
5.21202 0.0316855
5.21202 0.0316855
5.21343 0.113427
5.21515 0.115124
5.21547 0.115465
5.21613 0.116127
5.21726 0.117255
5.21985 0.119845
5.22197 0.121969
5.22229 0.122288
5.22379 0.12379
5.22514 0.125136
5.22788 0.127881
5.22858 0.128574
5.23188 0.0318804
5.23201 0.0316893
5.23201 0.0316893
5.23201 0.0316893
5.23233 0.0320043
5.23233 0.0316848
5.23233 0.0316848
5.23529 0.0352871
5.23586 0.0358555
5.23618 0.036156
5.23699 0.0369921
5.23731 0.0373116
5.23782 0.137817
5.23851 0.0384944
5.23948 0.0394832
5.24055 0.0405218
5.24087 0.140868
5.24228 0.0422769
5.24266 0.0426586
5.24298 0.0429781
5.24408 0.144074
5.24533 0.0453278
5.24808 0.0480735
5.24861 0.0486107
5.25161 0.151579
5.25174 0.0317083
5.25174 0.0317083
5.25174 0.0317083
5.25205 0.0320233
5.25205 0.0317038
5.25205 0.0317038
5.25243 0.0524303
5.25275 0.152749
5.25338 0.0533803
5.25541 0.0554105
5.25601 0.156009
5.25658 0.156578
5.25718 0.0571778
5.25927 0.0592702
5.2599 0.1599
5.26171 0.0617132
5.26203 0.0620328
5.26203 0.0620328
5.26273 0.0627255
5.2683 0.0682789
5.26987 0.0698406
5.27171 0.0316934
5.27171 0.0316934
5.27171 0.0316934
5.27202 0.0320084
5.27202 0.0316889
5.27202 0.0316889
5.2729 0.0728988
5.27322 0.0732183
5.27354 0.0735161
5.27389 0.0738884
5.27667 0.0766378
5.27758 0.0775756
5.27867 0.0786727
5.28257 0.0825692
5.28385 0.0838529
5.28458 0.0845644
5.2849 0.0848963
5.28842 0.0884195
5.2888 0.0888012
5.28912 0.0891207
5.29171 0.0316785
5.29171 0.0316785
5.29171 0.0316785
5.29205 0.0320247
5.29205 0.0317051
5.29205 0.0317051
5.29496 0.0949536
5.29636 0.0963617
5.29636 0.09634
5.29842 0.098423
5.29874 0.0987426
5.29956 0.0995597
5.29988 0.0998575
5.29988 0.0998792
5.3002 0.100177
5.3002 0.100199
5.3018 0.101794
5.3023 0.1023
5.30262 0.102619
5.30294 0.102939
5.30326 0.103258
5.30326 0.103258
5.30625 0.106253
5.30841 0.108382
5.31038 0.110375
5.3107 0.110695
5.31158 0.111569
5.3117 0.0316891
5.3117 0.0316891
5.3117 0.0316891
5.31202 0.0320041
5.31202 0.0316846
5.31202 0.0316846
5.31346 0.113457
5.31512 0.115101
5.31544 0.115433
5.31597 0.115971
5.31722 0.117223
5.31981 0.119813
5.32175 0.12175
5.32226 0.122256
5.32379 0.123789
5.32517 0.125166
5.32791 0.127912
5.32851 0.128511
5.33188 0.0318795
5.33201 0.0316884
5.33201 0.0316884
5.33201 0.0316884
5.33232 0.0320034
5.33232 0.0316839
5.33232 0.0316839
5.33529 0.0352862
5.33586 0.0358546
5.33617 0.0361638
5.33699 0.0369913
5.33731 0.0373108
5.33782 0.137816
5.33851 0.0385021
5.33948 0.0394823
5.34055 0.0405296
5.34087 0.140867
5.34228 0.042276
5.34269 0.0426888
5.34301 0.0430083
5.3442 0.144198
5.3453 0.0452959
5.34807 0.0480726
5.34861 0.0486098
5.35164 0.151609
5.35176 0.0317385
5.35176 0.0317385
5.35176 0.0317385
5.35205 0.0320224
5.35205 0.0317029
5.35205 0.0317029
5.35259 0.152584
5.35291 0.0529044
5.35338 0.0533794
5.35541 0.0554097
5.35601 0.156008
5.35661 0.156608
5.35693 0.0569281
5.35927 0.0592693
5.35978 0.159775
5.36171 0.0617124
5.36203 0.0620319
5.36203 0.0620319
5.36269 0.0626935
5.36706 0.0670286
5.36987 0.0698484
5.3717 0.0316925
5.3717 0.0316925
5.3717 0.0316925
5.37202 0.0320075
5.37202 0.031688
5.37202 0.031688
5.3729 0.0728979
5.37322 0.0732174
5.37357 0.073555
5.37389 0.0738875
5.37657 0.0765467
5.37758 0.0775747
5.3787 0.0787029
5.38257 0.0825683
5.38385 0.083852
5.38436 0.0843582
5.38527 0.0852457
5.38845 0.0884497
5.38877 0.0887692
5.38909 0.0890887
5.39171 0.0316777
5.39171 0.0316777
5.39171 0.0316777
5.39205 0.0320238
5.39205 0.0317043
5.39205 0.0317043
5.39495 0.0949527
5.39633 0.0963167
5.39665 0.0966492
5.39834 0.0983373
5.39866 0.0986568
5.39954 0.0995362
5.39986 0.0998427
5.40018 0.100175
5.40018 0.100162
5.4005 0.100495
5.40172 0.101716
5.40229 0.102285
5.4026 0.102604
5.40292 0.102924
5.40292 0.102924
5.40324 0.103243
5.40627 0.106269
5.40846 0.108429
5.41045 0.110454
5.41077 0.110773
5.41168 0.111665
5.41181 0.0317984
5.41181 0.0317984
5.41181 0.0317984
5.41203 0.0320201
5.41203 0.0317006
5.41203 0.0317006
5.41344 0.113442
5.41498 0.114974
5.41529 0.115289
5.41583 0.115831
5.41724 0.117239
5.4198 0.119798
5.42195 0.121953
5.42227 0.122272
5.42396 0.12396
5.42515 0.125151
5.4279 0.127896
5.42856 0.128558
5.4319 0.0318955
5.43202 0.0317044
5.43202 0.0317044
5.43202 0.0317044
5.43234 0.0320194
5.43234 0.0316999
5.43234 0.0316999
5.4353 0.0353023
5.43584 0.0358395
5.43616 0.0361574
5.43701 0.0370073
5.43733 0.0373268
5.4378 0.137801
5.43853 0.0384957
5.4395 0.0394984
5.44053 0.0405232
5.44085 0.140852
5.44226 0.0422609
5.4427 0.0427049
5.44302 0.0430244
5.44406 0.144058
5.44528 0.0452808
5.44809 0.0480886
5.44863 0.0486259
5.45159 0.151563
5.45172 0.0316923
5.45172 0.0316923
5.45172 0.0316923
5.45203 0.0320073
5.45203 0.0316878
5.45203 0.0316878
5.45241 0.152414
5.45273 0.0527338
5.45336 0.0533644
5.45543 0.0554257
5.45599 0.155993
5.45656 0.156562
5.45688 0.0568819
5.45953 0.0595342
5.45985 0.159853
5.46173 0.0617284
5.46205 0.0620479
5.46205 0.0620479
5.46255 0.0625541
5.46707 0.067048
5.46991 0.0699042
5.47169 0.0316775
5.47169 0.0316775
5.47169 0.0316775
5.47203 0.0320236
5.47203 0.0317041
5.47203 0.0317041
5.47288 0.0728828
5.4732 0.0732023
5.47355 0.0735485
5.47387 0.0738725
5.47656 0.0765296
5.47759 0.0775908
5.47869 0.0786879
5.48258 0.0825843
5.48387 0.0838681
5.48459 0.0845896
5.48491 0.0849114
5.48862 0.0886213
5.48894 0.0889408
5.48894 0.0889408
5.49171 0.0316852
5.49171 0.0316852
5.49171 0.0316852
5.49203 0.0320003
5.49203 0.0316807
5.49203 0.0316807
5.49499 0.0949914
5.49631 0.0963018
5.49663 0.0966257
5.49841 0.0984071
5.49873 0.0987266
5.49926 0.0992595
5.49958 0.0995834
5.4999 0.0999029
5.50022 0.100218
5.50022 0.100222
5.50169 0.101693
5.50229 0.102292
5.50261 0.102612
5.50293 0.102931
5.50293 0.102931
5.50325 0.103251
5.50628 0.106276
5.50837 0.108343
5.5104 0.110399
5.51072 0.110718
5.51163 0.111627
5.51176 0.0317438
5.51176 0.0317438
5.51176 0.0317438
5.51201 0.0319966
5.51201 0.0316771
5.51201 0.0316771
5.51342 0.113418
5.51495 0.114951
5.5153 0.115274
5.51603 0.116025
5.51725 0.117247
5.51984 0.119837
5.52199 0.121992
5.52231 0.122311
5.52397 0.123968
5.52519 0.12519
5.52806 0.12806
5.5286 0.128597
5.5319 0.031872
5.53203 0.0316809
5.53203 0.0316809
5.53203 0.0316809
5.53235 0.0319959
5.53235 0.0316764
5.53235 0.0316764
5.53534 0.0353099
5.53597 0.0359404
5.53629 0.0362669
5.53701 0.0369838
5.53733 0.0373033
5.538 0.137995
5.53853 0.038512
5.53951 0.0394749
5.54045 0.0404461
5.54077 0.140766
5.54227 0.0422374
5.54281 0.0427747
5.54312 0.0430942
5.54422 0.144222
5.54532 0.0452884
5.54813 0.0480962
5.54863 0.0486023
5.55169 0.151664
5.55182 0.0317932
5.55182 0.0317932
5.55182 0.0317932
5.55204 0.0320149
5.55204 0.0316954
5.55204 0.0316954
5.55242 0.152421
5.55274 0.0527103
5.5534 0.053372
5.55546 0.0554333
5.556 0.156001
5.5566 0.1566
5.55692 0.0568895
5.55929 0.0592619
5.55974 0.159736
5.56174 0.0617049
5.56205 0.0620244
5.56205 0.0620244
5.56272 0.0626861
5.56755 0.0675254
5.56989 0.0698582
5.5717 0.031685
5.5717 0.031685
5.5717 0.031685
5.57201 0.0320001
5.57201 0.0316806
5.57201 0.0316806
5.57292 0.0728904
5.57324 0.0732099
5.57356 0.0735337
5.57391 0.07388
5.57659 0.0765805
5.57763 0.0775984
5.57879 0.0787577
5.58259 0.0825608
5.58381 0.0837823
5.58457 0.0845555
5.58489 0.0848568
5.58857 0.0885356
5.58889 0.0888551
5.5892 0.0891746
5.59173 0.0317013
5.59173 0.0317013
5.59173 0.0317013
5.59204 0.0320163
5.59204 0.0316968
5.59204 0.0316968
5.59498 0.0949452
5.59635 0.0963265
5.59667 0.0966418
5.59842 0.0983921
5.59874 0.0987116
5.59928 0.0992615
5.5996 0.0995683
5.59992 0.0998878
5.60024 0.100212
5.60024 0.100207
5.60174 0.101709
5.60234 0.102308
5.60266 0.102628
5.60298 0.102947
5.6033 0.103267
5.6033 0.103267
5.60629 0.106261
5.60854 0.108515
5.61038 0.110353
5.6107 0.110672
5.61168 0.11166
5.6118 0.031791
5.6118 0.031791
5.6118 0.031791
5.61203 0.0320127
5.61203 0.0316932
5.61203 0.0316932
5.61343 0.113403
5.61531 0.115291
5.61563 0.115597
5.61601 0.115979
5.61726 0.117232
5.61982 0.119791
5.62198 0.121945
5.6223 0.122265
5.62386 0.123829
5.62517 0.125143
5.62786 0.127827
5.62858 0.128551
5.63192 0.0318881
5.63205 0.031697
5.63205 0.031697
5.63205 0.031697
5.63236 0.032012
5.63236 0.0316925
5.63236 0.0316925
5.63532 0.0352948
5.63586 0.0358321
5.63618 0.0361672
5.63703 0.0369998
5.63735 0.0373194
5.63786 0.137825
5.63855 0.0385366
5.63952 0.0394909
5.64037 0.0403548
5.64081 0.140782
5.64228 0.0422535
5.64282 0.0427907
5.64314 0.0431102
5.6443 0.144269
5.6453 0.0452733
5.64811 0.0480812
5.64865 0.0486184
5.65161 0.151587
5.65174 0.031716
5.65174 0.031716
5.65174 0.031716
5.65202 0.0319999
5.65202 0.0316804
5.65202 0.0316804
5.65237 0.152344
5.65269 0.0526642
5.65351 0.0534813
5.65545 0.0554183
5.65602 0.155986
5.65665 0.156616
5.65697 0.0569366
5.65931 0.0592779
5.65981 0.159783
5.66175 0.061721
5.66207 0.0620405
5.66207 0.0620405
5.6627 0.062671
5.66747 0.0674514
5.66987 0.0698518
5.67171 0.0317011
5.67171 0.0317011
5.67171 0.0317011
5.67203 0.0320161
5.67203 0.0316966
5.67203 0.0316966
5.6729 0.0728754
5.67322 0.0731949
5.67354 0.0735273
5.67389 0.073865
5.6767 0.076693
5.67761 0.0775833
5.67871 0.0786804
5.68261 0.0825769
5.68386 0.0838295
5.68461 0.0845922
5.68493 0.084904
5.68861 0.0885827
5.68893 0.0889022
5.68925 0.0892217
5.69171 0.0316862
5.69171 0.0316862
5.69171 0.0316862
5.69203 0.0320013
5.69203 0.0316817
5.69203 0.0316817
5.69499 0.0949613
5.69634 0.0963201
5.69666 0.0966267
5.69838 0.0983459
5.69876 0.0987276
5.69954 0.0995137
5.69986 0.0998319
5.70018 0.100153
5.70018 0.100166
5.7005 0.100472
5.70222 0.102191
5.70254 0.102511
5.70286 0.10283
5.70286 0.10283
5.70318 0.10315
5.7035 0.103469
5.70631 0.106277
5.70849 0.108469
5.71031 0.110276
5.71062 0.110595
5.71172 0.111693
5.71185 0.0318381
5.71185 0.0318381
5.71185 0.0318381
5.71201 0.0319976
5.71201 0.0316781
5.71201 0.0316781
5.71348 0.11345
5.71514 0.115129
5.71546 0.115427
5.71599 0.115964
5.71728 0.117248
5.71984 0.119807
5.72196 0.12193
5.72228 0.12225
5.72391 0.123876
5.72519 0.125159
5.72793 0.127905
5.72857 0.128536
5.7319 0.031873
5.73203 0.0316819
5.73203 0.0316819
5.73203 0.0316819
5.73235 0.0319969
5.73235 0.0316774
5.73235 0.0316774
5.73534 0.0353109
5.73588 0.0358481
5.7362 0.0361919
5.73701 0.0369848
5.73733 0.0373043
5.73784 0.13781
5.73853 0.0385302
5.7395 0.0394759
5.74045 0.0404191
5.7408 0.140767
5.74224 0.0422073
5.74277 0.0427446
5.74309 0.0430641
5.7441 0.144067
5.74532 0.0452894
5.74813 0.0480972
5.74863 0.0486033
5.75172 0.151696
5.75185 0.0318253
5.75185 0.0318253
5.75185 0.0318253
5.75204 0.0320159
5.75204 0.0316964
5.75204 0.0316964
5.75245 0.152422
5.75277 0.0527424
5.7535 0.0534663
5.75546 0.0554343
5.75603 0.156002
5.7566 0.15657
5.75692 0.0568905
5.75929 0.0592629
5.7598 0.159768
5.76173 0.0617059
5.76205 0.0620254
5.76205 0.0620254
5.76259 0.0625626
5.76745 0.0674397
5.76986 0.0698454
5.77169 0.0316861
5.77169 0.0316861
5.77169 0.0316861
5.77201 0.0320011
5.77201 0.0316816
5.77201 0.0316816
5.77292 0.0728914
5.77324 0.0732109
5.77356 0.073552
5.77391 0.073881
5.77669 0.076679
5.77763 0.0775994
5.77873 0.0786965
5.78259 0.0825618
5.78391 0.0838767
5.78454 0.0845355
5.78486 0.0848267
5.78847 0.0884432
5.78879 0.0887628
5.78939 0.0893622
5.79173 0.0317023
5.79173 0.0317023
5.79173 0.0317023
5.79204 0.0320173
5.79204 0.0316978
5.79204 0.0316978
5.79497 0.0949462
5.79632 0.0963137
5.79664 0.0966117
5.79836 0.0983309
5.79871 0.0986815
5.79956 0.0995297
5.79988 0.0998566
5.79988 0.0998493
5.8002 0.10019
5.80052 0.100488
5.80221 0.102176
5.80252 0.102496
5.80284 0.102815
5.80284 0.102815
5.80316 0.103135
5.80348 0.103454
5.80629 0.106262
5.80848 0.108454
5.81032 0.110292
5.81064 0.110611
5.81111 0.111104
5.81171 0.0316987
5.81171 0.0316987
5.81171 0.0316987
5.81202 0.0320137
5.81202 0.0316942
5.81202 0.0316942
5.81346 0.113435
5.81518 0.115153
5.8155 0.115474
5.81582 0.115794
5.81729 0.117264
5.81985 0.119823
5.82182 0.121791
5.82229 0.122266
5.82383 0.123798
5.82514 0.125113
5.82783 0.127797
5.82855 0.128521
5.83192 0.0318891
5.83205 0.031698
5.83205 0.031698
5.83205 0.031698
5.83236 0.032013
5.83236 0.0316935
5.83236 0.0316935
5.83532 0.0352958
5.83595 0.0359264
5.83627 0.0362477
5.83703 0.0370009
5.83735 0.0373204
5.83785 0.137826
5.83855 0.0385238
5.83952 0.0394919
5.84046 0.0404523
5.84081 0.140783
5.84225 0.0422234
5.84273 0.0426984
5.84305 0.0430179
5.84411 0.144083
5.8453 0.0452743
5.84811 0.0480822
5.84865 0.0486194
5.85161 0.151588
5.85174 0.031717
5.85174 0.031717
5.85174 0.031717
5.85202 0.0320009
5.85202 0.0316814
5.85202 0.0316814
5.8525 0.0524701
5.85282 0.152789
5.85342 0.053389
5.85545 0.0554193
5.85598 0.155956
5.85655 0.156524
5.85687 0.0568443
5.85928 0.0592478
5.85975 0.159722
5.86175 0.061722
5.86207 0.0620415
5.86207 0.0620415
5.86267 0.0626409
5.86787 0.0678634
5.86984 0.069839
5.87171 0.0317021
5.87171 0.0317021
5.87171 0.0317021
5.87202 0.0320171
5.87202 0.0316976
5.87202 0.0316976
5.8729 0.0728764
5.87322 0.0731959
5.87354 0.0735144
5.87389 0.073866
5.87667 0.076667
5.87761 0.0775843
5.87877 0.0787436
5.88261 0.0825779
5.88389 0.0838616
5.8844 0.0843677
5.88674 0.0867268
5.88867 0.0886459
5.88899 0.0889654
5.88947 0.0894405
5.89171 0.0316872
5.89171 0.0316872
5.89171 0.0316872
5.89203 0.0320023
5.89203 0.0316827
5.89203 0.0316827
5.89502 0.0949934
5.89646 0.0964317
5.89678 0.0967521
5.89834 0.0983158
5.89891 0.0988841
5.89954 0.0995147
5.89986 0.0998502
5.89986 0.0998342
5.90018 0.100153
5.90018 0.100154
5.90218 0.102153
5.9025 0.102472
5.90282 0.102792
5.90282 0.102792
5.90314 0.103111
5.90346 0.103431
5.90633 0.106301
5.90848 0.108461
5.91039 0.110361
5.9109 0.110867
5.91171 0.0316978
5.91171 0.0316978
5.91171 0.0316978
5.91202 0.0320128
5.91202 0.0316933
5.91202 0.0316933
5.91234 0.112319
5.91344 0.113412
5.91516 0.115138
5.91548 0.11545
5.91595 0.115926
5.91727 0.11724
5.91992 0.119893
5.92176 0.121736
5.9223 0.122273
5.92383 0.123806
5.92524 0.125214
5.92783 0.127804
5.92874 0.128715
5.93192 0.0318967
5.93205 0.0317056
5.93205 0.0317056
5.93205 0.0317056
5.93237 0.0320206
5.93237 0.0317011
5.93237 0.0317011
5.93533 0.0353034
5.93587 0.0358407
5.93619 0.0361706
5.93704 0.0370084
5.93736 0.0373279
5.93783 0.137802
5.93852 0.038509
5.93953 0.0394995
5.94044 0.0404148
5.94079 0.14076
5.94223 0.0421999
5.9428 0.0427682
5.94311 0.0430877
5.94415 0.144122
5.94531 0.0452819
5.94812 0.0480898
5.94865 0.048627
5.95162 0.151595
5.95175 0.0317246
5.95175 0.0317246
5.95175 0.0317246
5.95203 0.0320085
5.95203 0.031689
5.95203 0.031689
5.95235 0.152321
5.95267 0.0526416
5.95352 0.0534899
5.95545 0.0554268
5.95602 0.155994
5.95656 0.156532
5.95688 0.0568519
5.95928 0.0592554
5.95985 0.159823
5.96176 0.0617295
5.96208 0.0620491
5.96208 0.0620491
5.96268 0.0626485
5.968 0.0679987
5.96988 0.0698552
5.97169 0.0316786
5.97169 0.0316786
5.97169 0.0316786
5.97203 0.0320247
5.97203 0.0317052
5.97203 0.0317052
5.97291 0.072884
5.97323 0.0732035
5.97355 0.0735307
5.97387 0.0738425
5.97658 0.0765792
5.97762 0.0775919
5.97872 0.078689
5.98261 0.0825855
5.98383 0.083807
5.9844 0.0843753
5.98671 0.0866842
5.98846 0.0884358
5.98878 0.0887553
5.98944 0.0894169
5.99172 0.0316948
5.99172 0.0316948
5.99172 0.0316948
5.99203 0.0320098
5.99203 0.0316903
5.99203 0.0316903
5.99497 0.0949388
5.99647 0.0964402
5.99647 0.0964479
5.99837 0.098346
5.99891 0.0988833
5.99954 0.0995138
5.99986 0.099858
5.99986 0.0998333
6.00018 0.100161
6.00018 0.100153
6.00218 0.102152
6.0025 0.102471
6.00282 0.102791
6.00282 0.102791
6.00314 0.10311
6.00346 0.10343
6.0063 0.106272
6.00845 0.108432
6.01039 0.110363
6.01105 0.111025
6.01171 0.0316997
6.01171 0.0316997
6.01171 0.0316997
6.01215 0.112139
6.01228 0.032272
6.01228 0.0319525
6.01228 0.0319525
6.01344 0.113414
6.01504 0.115008
6.01536 0.115344
6.01602 0.11599
6.0173 0.117273
6.01995 0.119926
6.02195 0.121925
6.0223 0.122275
6.02384 0.123808
6.02518 0.125154
6.02786 0.127837
6.02874 0.128717
6.03192 0.0318986
6.03233 0.0316679
6.03233 0.0316679
6.03533 0.0353013
6.03596 0.0359319
6.03628 0.0362705
6.03703 0.0370063
6.03735 0.0373259
6.03801 0.137987
6.03833 0.0383289
6.03949 0.0394663
6.04043 0.0404298
6.04082 0.140789
6.04222 0.0421978
6.0427 0.0426728
6.04302 0.0429923
6.04412 0.144089
6.04531 0.0452798
6.04811 0.0480877
6.04865 0.0486249
6.05161 0.151593
6.05174 0.0317225
6.05174 0.0317225
6.05174 0.0317225
6.05203 0.0320064
6.05203 0.0316869
6.05203 0.0316869
6.05235 0.152319
6.05267 0.0526396
6.05339 0.0533634
6.05545 0.0554248
6.05605 0.156023
6.05656 0.15653
6.05703 0.0570054
6.05928 0.0592533
6.05994 0.159914
6.06175 0.0617275
6.06207 0.062047
6.06207 0.062047
6.06261 0.0625842
6.06788 0.0678755
6.07003 0.0700173
6.07168 0.0316765
6.07168 0.0316765
6.07168 0.0316765
6.072 0.0319915
6.072 0.031672
6.072 0.031672
6.07294 0.072913
6.07326 0.0732325
6.07358 0.0735683
6.0739 0.0738715
6.07664 0.0766312
6.07765 0.0776209
6.07871 0.0786869
6.08261 0.0825834
6.0838 0.0837738
6.0844 0.0843732
6.08671 0.0866943
6.08862 0.0885892
6.08894 0.0889087
6.08947 0.089446
6.09172 0.0316927
6.09172 0.0316927
6.09172 0.0316927
6.09203 0.0320078
6.09203 0.0316882
6.09203 0.0316882
6.09496 0.0949367
6.09637 0.0963612
6.09669 0.0966643
6.09838 0.0983524
6.09879 0.0987652
6.09955 0.0995202
6.09987 0.0998419
6.10019 0.100176
6.10019 0.100159
6.10019 0.100159
6.10228 0.102252
6.1026 0.102571
6.10292 0.102891
6.10292 0.102891
6.10324 0.10321
6.10324 0.10321
6.10629 0.106267
6.10835 0.108334
6.11038 0.110358
6.11102 0.110989
6.11167 0.0316637
6.11167 0.0316637
6.11167 0.0316637
6.11218 0.112174
6.11231 0.0322982
6.11231 0.0319787
6.11231 0.0319787
6.1134 0.113378
6.11519 0.115184
6.1155 0.115479
6.11582 0.115798
6.11729 0.117268
6.11982 0.119796
6.12188 0.121858
6.1223 0.122271
6.12383 0.123803
6.12524 0.125211
6.12783 0.127801
6.12858 0.128556
6.13189 0.0318626
6.13202 0.0316715
6.13202 0.0316715
6.13202 0.0316715
6.13233 0.0319865
6.13233 0.031667
6.13233 0.031667
6.13529 0.0352693
6.13593 0.0358999
6.13624 0.036216
6.137 0.0369744
6.13732 0.0372939
6.13795 0.137924
6.13833 0.038314
6.13949 0.0394654
6.14043 0.0404149
6.14081 0.140788
6.14222 0.0421969
6.14267 0.0426408
6.14299 0.0429603
6.14415 0.144119
6.1453 0.045279
6.14808 0.0480557
6.14862 0.0485929
6.15161 0.151592
6.15174 0.0317216
6.15174 0.0317216
6.15174 0.0317216
6.15203 0.0320055
6.15203 0.031686
6.15203 0.031686
6.15234 0.152318
6.15266 0.0526387
6.15339 0.0533625
6.15542 0.0553928
6.15599 0.15596
6.15671 0.156684
6.15706 0.0570356
6.15931 0.0592835
6.15988 0.159851
6.16172 0.0616955
6.16204 0.062015
6.16204 0.062015
6.16264 0.0626144
6.168 0.0679712
6.16987 0.0698695
6.17168 0.0316756
6.17168 0.0316756
6.17168 0.0316756
6.172 0.0319906
6.172 0.0316711
6.172 0.0316711
6.17294 0.0729121
6.17326 0.0732316
6.17358 0.0735761
6.17358 0.0735511
6.17657 0.0765562
6.17764 0.0776116
6.1787 0.0786776
6.18257 0.0825429
6.18385 0.0838267
6.18439 0.0843639
6.1867 0.086697
6.18864 0.088611
6.18896 0.0889305
6.1894 0.0893744
6.19171 0.0316834
6.19171 0.0316834
6.19171 0.0316834
6.19202 0.0319984
6.19202 0.0316789
6.19202 0.0316789
6.19495 0.0949273
6.19636 0.0963605
6.19636 0.0963355
6.1982 0.0981791
6.19868 0.0986541
6.19956 0.0995335
6.19988 0.0998638
6.2002 0.100197
6.2002 0.100172
6.2002 0.100172
6.20226 0.102234
6.20258 0.102553
6.2029 0.102873
6.2029 0.102873
6.20322 0.103192
6.20322 0.103192
6.20627 0.106249
6.20846 0.10844
6.2104 0.110372
6.21084 0.110816
6.21168 0.031677
6.21168 0.031677
6.21168 0.031677
6.21219 0.112165
6.21232 0.0323115
6.21232 0.031992
6.21232 0.031992
6.21354 0.113515
6.21514 0.115113
6.21546 0.11543
6.21609 0.11606
6.21728 0.117251
6.21984 0.11981
6.22183 0.121809
6.22231 0.122284
6.22384 0.123816
6.22522 0.125193
6.22787 0.127846
6.22891 0.128881
6.2319 0.0318759
6.23203 0.0316848
6.23203 0.0316848
6.23203 0.0316848
6.23234 0.0319998
6.23234 0.0316803
6.23234 0.0316803
6.23531 0.0352826
6.23584 0.0358199
6.23616 0.0361447
6.23701 0.0369877
6.23733 0.0373072
6.23784 0.137812
6.23853 0.0384999
6.2395 0.0394787
6.2406 0.0405697
6.24092 0.140895
6.24233 0.0423035
6.24268 0.0426541
6.243 0.0429736
6.24419 0.144163
6.24532 0.0452922
6.24809 0.048069
6.24863 0.0486062
6.25169 0.151668
6.25182 0.0317971
6.25182 0.0317971
6.25182 0.0317971
6.25201 0.0319877
6.25201 0.0316682
6.25201 0.0316682
6.25239 0.152363
6.25271 0.0526831
6.25337 0.0533447
6.25543 0.0554061
6.25597 0.155942
6.2566 0.156573
6.25729 0.0572666
6.25926 0.0592346
6.25992 0.159895
6.26173 0.0617088
6.26205 0.0620283
6.26205 0.0620283
6.26265 0.0626277
6.26829 0.0682677
6.26989 0.0698604
6.27169 0.0316889
6.27169 0.0316889
6.27169 0.0316889
6.27201 0.0320039
6.27201 0.0316844
6.27201 0.0316844
6.27289 0.0728632
6.27321 0.0731827
6.27359 0.0735669
6.27391 0.0738839
6.27656 0.0765448
6.2776 0.0775711
6.27869 0.0786682
6.28259 0.0825647
6.28384 0.0838173
6.28438 0.0843545
6.28675 0.0867309
6.28866 0.0886327
6.28898 0.0889522
6.28951 0.0894895
6.2917 0.031674
6.2917 0.031674
6.2917 0.031674
6.29201 0.0319891
6.29201 0.0316695
6.29201 0.0316695
6.29497 0.0949491
6.29648 0.0964531
6.29679 0.09677
6.29836 0.0983337
6.29868 0.0986532
6.29953 0.0995015
6.29985 0.0998405
6.30017 0.100143
6.30017 0.100141
6.30048 0.10046
6.30214 0.102117
6.30246 0.102437
6.30278 0.102756
6.3031 0.103076
6.3031 0.103076
6.30342 0.103395
6.30629 0.106265
6.30841 0.108394
6.31047 0.11045
6.31079 0.110769
6.3117 0.031693
6.3117 0.031693
6.3117 0.031693
6.31218 0.112158
6.3123 0.0322965
6.3123 0.031977
6.3123 0.031977
6.31359 0.113563
6.31518 0.115168
6.3155 0.115477
6.3161 0.116076
6.31726 0.117236
6.31985 0.119826
6.32197 0.121949
6.32229 0.122269
6.32395 0.123926
6.32517 0.125147
6.32786 0.127831
6.32892 0.128897
6.33188 0.0318608
6.33201 0.0316697
6.33201 0.0316697
6.33201 0.0316697
6.33233 0.0319847
6.33233 0.0316652
6.33233 0.0316652
6.33532 0.0352987
6.33586 0.0358359
6.33618 0.0361694
6.337 0.0369726
6.33732 0.0372921
6.33785 0.137829
6.33851 0.0384935
6.33952 0.0394948
6.34058 0.0405633
6.3409 0.140879
6.34231 0.0422884
6.34269 0.0426702
6.34301 0.0429897
6.34408 0.144055
6.3453 0.0452772
6.34808 0.0480539
6.34861 0.0485912
6.35173 0.151715
6.35186 0.0318442
6.35186 0.0318442
6.35186 0.0318442
6.35202 0.0320037
6.35202 0.0316842
6.35202 0.0316842
6.35234 0.152317
6.35266 0.0526369
6.35338 0.0533608
6.35545 0.0554221
6.35605 0.156021
6.35661 0.156589
6.35718 0.0571582
6.35927 0.0592507
6.35994 0.159911
6.36172 0.0616937
6.36204 0.0620132
6.36204 0.0620132
6.36273 0.062706
6.36831 0.0682786
6.36987 0.0698539
6.37168 0.0316739
6.37168 0.0316739
6.37168 0.0316739
6.37199 0.0319889
6.37199 0.0316694
6.37199 0.0316694
6.3729 0.0728792
6.37322 0.0731987
6.37357 0.0735605
6.37389 0.0738688
6.37667 0.0766552
6.37758 0.0775561
6.37868 0.0786532
6.38257 0.0825496
6.38379 0.0837712
6.38436 0.0843395
6.3867 0.0866968
6.38864 0.0886177
6.38896 0.0889372
6.38953 0.0895055
6.39171 0.0316901
6.39171 0.0316901
6.39171 0.0316901
6.39203 0.0320051
6.39203 0.0316856
6.39203 0.0316856
6.39496 0.094934
6.39649 0.0964666
6.39681 0.0967973
6.39825 0.0982254
6.39866 0.0986382
6.39954 0.0995175
6.39986 0.099834
6.40018 0.100157
6.40018 0.100168
6.4005 0.100476
6.40216 0.102133
6.40248 0.102453
6.4028 0.102772
6.4028 0.102772
6.40312 0.103092
6.40343 0.103411
6.40627 0.10625
6.40843 0.10841
6.4104 0.110373
6.41081 0.110785
6.41168 0.031678
6.41168 0.031678
6.41168 0.031678
6.41216 0.112152
6.41229 0.0322814
6.41229 0.0319619
6.41229 0.0319619
6.41357 0.113548
6.41514 0.115131
6.41545 0.115431
6.41584 0.115812
6.41728 0.117252
6.41983 0.119811
6.42183 0.12181
6.42228 0.122254
6.42384 0.123817
6.42519 0.125163
6.42803 0.128002
6.42872 0.128695
6.4319 0.0318769
6.43203 0.0316858
6.43203 0.0316858
6.43203 0.0316858
6.43234 0.0320008
6.43234 0.0316813
6.43234 0.0316813
6.43534 0.0353147
6.43584 0.0358209
6.43616 0.0361629
6.43701 0.0369887
6.43733 0.0373082
6.43793 0.137907
6.43853 0.0385182
6.4395 0.0394797
6.4406 0.040588
6.44092 0.140896
6.44251 0.0424911
6.44283 0.0428106
6.44315 0.0431301
6.44406 0.14404
6.44532 0.0452932
6.44809 0.04807
6.44863 0.0486072
6.45166 0.151638
6.45178 0.031767
6.45178 0.031767
6.45178 0.031767
6.45201 0.0319887
6.45201 0.0316692
6.45201 0.0316692
6.45233 0.152302
6.45264 0.0526219
6.45343 0.0534079
6.45543 0.0554071
6.45597 0.155943
6.4566 0.156574
6.45717 0.0571432
6.45926 0.0592356
6.45992 0.159896
6.46173 0.0617098
6.46205 0.0620293
6.46205 0.0620293
6.46284 0.0628153
6.46832 0.0683205
6.46985 0.0698475
6.47169 0.0316899
6.47169 0.0316899
6.47169 0.0316899
6.47201 0.0320049
6.47201 0.0316854
6.47201 0.0316854
6.47289 0.0728642
6.47321 0.0731837
6.47353 0.073523
6.47391 0.0738849
6.47668 0.0766609
6.4776 0.0775721
6.47869 0.0786692
6.48259 0.0825657
6.48384 0.0838183
6.48438 0.0843555
6.48678 0.0867561
6.48859 0.0885715
6.48891 0.088891
6.48954 0.0895216
6.49169 0.031675
6.49169 0.031675
6.49169 0.031675
6.49201 0.0319901
6.49201 0.0316706
6.49201 0.0316706
6.49497 0.0949501
6.49644 0.0964204
6.49676 0.0967598
6.49833 0.0983036
6.49868 0.0986542
6.49953 0.0995025
6.49985 0.0998276
6.50016 0.100161
6.50016 0.100142
6.50016 0.100142
6.50213 0.10211
6.50245 0.102429
6.50277 0.102749
6.50277 0.102749
6.50309 0.103068
6.50341 0.103388
6.50628 0.106258
6.5084 0.108387
6.5104 0.11038
6.51088 0.110855
6.51169 0.0316856
6.51169 0.0316856
6.51169 0.0316856
6.51217 0.112137
6.51229 0.032289
6.51229 0.0319695
6.51229 0.0319695
6.51358 0.113555
6.51517 0.115147
6.51549 0.115469
6.516 0.115976
6.51731 0.11729
6.51984 0.119818
6.52184 0.121817
6.52232 0.122292
6.52385 0.123825
6.52523 0.125202
6.52791 0.127885
6.52873 0.128703
6.53191 0.0318845
6.53204 0.0316934
6.53204 0.0316934
6.53204 0.0316934
6.53235 0.0320084
6.53235 0.0316889
6.53235 0.0316889
6.53531 0.0352912
6.53585 0.0358285
6.53617 0.0361481
6.53699 0.0369651
6.53731 0.0372846
6.53794 0.137914
6.53851 0.0385033
6.53951 0.0394873
6.54061 0.0406042
6.54093 0.140903
6.5423 0.042281
6.54275 0.0427249
6.54307 0.0430444
6.54416 0.144141
6.54529 0.0452697
6.5481 0.0480776
6.54861 0.0485837
6.55166 0.151645
6.55179 0.0317746
6.55179 0.0317746
6.55179 0.0317746
6.55201 0.0319963
6.55201 0.0316768
6.55201 0.0316768
6.55246 0.152434
6.55278 0.0527539
6.55338 0.0533533
6.55544 0.0554146
6.55597 0.155951
6.5566 0.156582
6.55711 0.0570886
6.55927 0.0592432
6.55993 0.159904
6.56174 0.0617173
6.56206 0.0620369
6.56206 0.0620369
6.56285 0.0628229
6.5683 0.0682918
6.56989 0.0698638
6.57167 0.0316664
6.57167 0.0316664
6.57167 0.0316664
6.57201 0.0320125
6.57201 0.031693
6.57201 0.031693
6.57289 0.0728718
6.57321 0.0731913
6.57356 0.0735392
6.57391 0.0738925
6.57657 0.0765406
6.5776 0.0775797
6.57867 0.0786457
6.58256 0.0825422
6.58385 0.0838259
6.58439 0.0843631
6.58676 0.0867447
6.58857 0.088548
6.58889 0.0888675
6.58949 0.089467
6.5917 0.0316826
6.5917 0.0316826
6.5917 0.0316826
6.59202 0.0319976
6.59202 0.0316781
6.59202 0.0316781
6.59495 0.0949266
6.59633 0.096301
6.59665 0.0966231
6.59827 0.098249
6.59868 0.0986618
6.59953 0.0995101
6.59985 0.0998439
6.60017 0.100149
6.60017 0.100149
6.60049 0.100466
6.60215 0.102126
6.60247 0.102445
6.60279 0.102765
6.60279 0.102765
6.60311 0.103084
6.60343 0.103404
6.60626 0.106243
6.60836 0.108341
6.61039 0.110365
6.61083 0.110809
6.61168 0.0316705
6.61168 0.0316705
6.61168 0.0316705
6.61218 0.112162
6.61231 0.0323051
6.61231 0.0319855
6.61231 0.0319855
6.61359 0.113571
6.61522 0.115203
6.61554 0.115517
6.61608 0.116054
6.61733 0.117306
6.61983 0.119803
6.62189 0.121865
6.6223 0.122277
6.62399 0.123965
6.62515 0.125125
6.62799 0.127964
6.6289 0.128874
6.63189 0.0318694
6.63202 0.0316783
6.63202 0.0316783
6.63202 0.0316783
6.63233 0.0319933
6.63233 0.0316738
6.63233 0.0316738
6.6353 0.0352762
6.63587 0.0358445
6.63619 0.0361728
6.637 0.0369812
6.63732 0.0373007
6.63792 0.137899
6.63852 0.0384969
6.63949 0.0394723
6.64059 0.0405667
6.641 0.140981
6.64251 0.0424837
6.64282 0.0428032
6.64314 0.0431227
6.64418 0.144157
6.64531 0.0452858
6.64808 0.0480625
6.64862 0.0485997
6.65158 0.151568
6.65171 0.0316973
6.65171 0.0316973
6.65171 0.0316973
6.65203 0.0320123
6.65203 0.0316928
6.65203 0.0316928
6.65238 0.152356
6.6527 0.0526766
6.65336 0.0533383
6.65542 0.0553996
6.65596 0.155936
6.65662 0.156598
6.65716 0.0571357
6.65925 0.0592281
6.65988 0.159858
6.66172 0.0617023
6.66204 0.0620218
6.66204 0.0620218
6.66283 0.0628079
6.66834 0.0683338
6.66988 0.0698574
6.67168 0.0316824
6.67168 0.0316824
6.67168 0.0316824
6.672 0.0319975
6.672 0.031678
6.672 0.031678
6.67288 0.0728567
6.6732 0.0731762
6.67352 0.0735017
6.67387 0.0738463
6.67658 0.0765774
6.67759 0.0775646
6.67868 0.0786618
6.68258 0.0825582
6.6838 0.0837797
6.68437 0.0843481
6.68671 0.0867106
6.68862 0.0885952
6.68894 0.0889147
6.68944 0.0894208
6.69169 0.0316676
6.69169 0.0316676
6.69169 0.0316676
6.692 0.0319826
6.692 0.0316631
6.692 0.0316631
6.69496 0.0949426
6.69647 0.0964501
6.69678 0.0967636
6.69832 0.0982961
6.69867 0.0986468
6.69952 0.099495
6.69984 0.0998064
6.70016 0.10014
6.70016 0.100134
6.70016 0.100134
6.70215 0.102133
6.70247 0.102453
6.70279 0.102772
6.70279 0.102772
6.70311 0.103092
6.70343 0.103411
6.70627 0.10625
6.70843 0.10841
6.71039 0.110373
6.71087 0.110848
6.71168 0.0316781
6.71168 0.0316781
6.71168 0.0316781
6.71216 0.112147
6.71229 0.0322815
6.71229 0.031962
6.71229 0.031962
6.71357 0.113548
6.71516 0.115157
6.71548 0.115462
6.71608 0.116061
6.71727 0.117252
6.71983 0.119811
6.72189 0.121872
6.72231 0.122285
6.72393 0.123911
6.72525 0.125226
6.72802 0.128002
6.7289 0.128882
6.7319 0.031877
6.73203 0.0316859
6.73203 0.0316859
6.73203 0.0316859
6.73234 0.0320009
6.73234 0.0316814
6.73234 0.0316814
6.7353 0.0352838
6.73584 0.035821
6.73616 0.0361579
6.73701 0.0369888
6.73733 0.0373083
6.73783 0.137814
6.73853 0.0385132
6.7395 0.0394799
6.7406 0.040583
6.74092 0.140896
6.74251 0.0424912
6.74283 0.0428108
6.74315 0.0431303
6.74406 0.14404
6.74531 0.0452934
6.74809 0.0480701
6.74863 0.0486073
6.75162 0.151607
6.75175 0.031736
6.75175 0.031736
6.75175 0.031736
6.752 0.0319888
6.752 0.0316693
6.752 0.0316693
6.75232 0.152302
6.75264 0.052622
6.75337 0.0533458
6.75543 0.0554072
6.75596 0.155944
6.7566 0.156574
6.75716 0.0571433
6.75926 0.0592357
6.75992 0.159897
6.76173 0.0617099
6.76205 0.0620294
6.76205 0.0620294
6.76284 0.0628155
6.76829 0.068274
6.76985 0.0698425
6.77169 0.03169
6.77169 0.03169
6.77169 0.03169
6.77201 0.032005
6.77201 0.0316855
6.77201 0.0316855
6.77288 0.0728643
6.7732 0.0731838
6.77352 0.0735179
6.77387 0.0738539
6.77656 0.0765435
6.77759 0.0775722
6.77866 0.0786382
6.78259 0.0825658
6.78387 0.0838495
6.78438 0.0843557
6.78675 0.0867303
6.78872 0.0886961
6.78904 0.0890156
6.78942 0.0893973
6.79169 0.0316752
6.79169 0.0316752
6.79169 0.0316752
6.79201 0.0319902
6.79201 0.0316707
6.79201 0.0316707
6.79497 0.0949502
6.79632 0.0963108
6.79664 0.0966156
6.79836 0.0983348
6.79867 0.0986543
6.79952 0.0995026
6.79984 0.0998226
6.80016 0.100156
6.80016 0.100142
6.80016 0.100142
6.80213 0.10211
6.80245 0.102429
6.80277 0.102749
6.80277 0.102749
6.80309 0.103068
6.80341 0.103388
6.80628 0.106258
6.80834 0.108325
6.8104 0.11038
6.81091 0.110887
6.81169 0.0316857
6.81169 0.0316857
6.81169 0.0316857
6.81213 0.112132
6.81226 0.032258
6.81226 0.0319385
6.81226 0.0319385
6.81358 0.113555
6.8152 0.115173
6.81552 0.115501
6.816 0.115976
6.81731 0.11729
6.81984 0.119818
6.82187 0.121849
6.82228 0.122261
6.82394 0.123918
6.82516 0.12514
6.82797 0.127948
6.82854 0.128516
6.8319 0.0318846
6.83203 0.0316935
6.83203 0.0316935
6.83203 0.0316935
6.83235 0.0320085
6.83235 0.031689
6.83235 0.031689
6.83531 0.0352913
6.83585 0.0358286
6.83617 0.036143
6.83699 0.0369653
6.8373 0.0372848
6.83784 0.137821
6.8385 0.0384983
6.83951 0.0394874
6.84057 0.0405681
6.84095 0.140934
6.8423 0.0422811
6.84268 0.0426628
6.843 0.0429823
6.84407 0.144048
6.84529 0.0452699
6.8481 0.0480777
6.8486 0.0485838
6.8516 0.151583
6.85173 0.0317125
6.85173 0.0317125
6.85173 0.0317125
6.85201 0.0319964
6.85201 0.0316769
6.85201 0.0316769
6.85245 0.152434
6.85277 0.052754
6.85337 0.0533534
6.85543 0.0554148
6.85603 0.156013
6.8566 0.156582
6.85717 0.0571509
6.85926 0.0592433
6.85992 0.159904
6.86174 0.0617175
6.86206 0.062037
6.86206 0.062037
6.86284 0.062823
6.86833 0.0683075
6.86989 0.0698587
6.8717 0.0316665
6.8717 0.0316665
6.8717 0.0316665
6.87204 0.0320126
6.87204 0.0316931
6.87204 0.0316931
6.87289 0.0728719
6.87321 0.0731914
6.87356 0.0735342
6.87388 0.0738615
6.87656 0.0765408
6.8776 0.0775798
6.87876 0.0787391
6.88256 0.0825423
6.88378 0.0837638
6.88438 0.0843633
6.88669 0.0866878
6.88863 0.0886103
6.88863 0.0886103
6.88945 0.0894275
6.89169 0.0316743
6.89169 0.0316743
6.89169 0.0316743
6.89201 0.0319893
6.89201 0.0316698
6.89201 0.0316698
6.89497 0.0949493
6.8965 0.0964741
6.8965 0.0964819
6.89822 0.0982011
6.89866 0.098645
6.89954 0.0995244
6.89986 0.099853
6.90018 0.100163
6.90018 0.100156
6.90018 0.100163
6.90215 0.102131
6.90247 0.102451
6.90279 0.10277
6.90279 0.10277
6.90311 0.10309
6.90343 0.103409
6.90627 0.106248
6.90842 0.108409
6.91039 0.110371
6.9108 0.110784
6.91168 0.0316764
6.91168 0.0316764
6.91168 0.0316764
6.91218 0.112162
6.91231 0.0323109
6.91231 0.0319914
6.91231 0.0319914
6.91357 0.113546
6.91519 0.115172
6.91551 0.115491
6.91599 0.115966
6.91727 0.11725
6.91983 0.119809
6.92198 0.121964
6.9223 0.122283
6.92393 0.123909
6.92518 0.125162
6.92783 0.127814
6.92859 0.128569
6.93189 0.0318752
6.93202 0.0316841
6.93202 0.0316841
6.93202 0.0316841
6.93234 0.0319991
6.93234 0.0316796
6.93234 0.0316796
6.9353 0.035282
6.93587 0.0358503
6.93619 0.0361734
6.93701 0.036987
6.93733 0.0373065
6.93796 0.137936
6.93852 0.0384976
6.9395 0.0394781
6.94059 0.0405674
6.94091 0.140894
6.94242 0.0423962
6.94273 0.0427157
6.94305 0.0430352
6.94418 0.144163
6.94531 0.0452916
6.94809 0.0480683
6.94862 0.0486056
6.95177 0.15176
6.9519 0.0318898
6.9519 0.0318898
6.9519 0.0318898
6.95203 0.0320181
6.95203 0.0316986
6.95203 0.0316986
6.95238 0.152362
6.9527 0.0526824
6.95339 0.0533752
6.95542 0.0554054
6.95596 0.155942
6.95659 0.156572
6.95716 0.0571415
6.95925 0.059234
6.95991 0.159895
6.96173 0.0617081
6.96205 0.0620276
6.96205 0.0620276
6.96283 0.0628137
6.96835 0.0683241
6.96988 0.069858
6.97172 0.0316883
6.97172 0.0316883
6.97172 0.0316883
6.97203 0.0320033
6.97203 0.0316838
6.97203 0.0316838
6.97288 0.0728625
6.9732 0.073182
6.97358 0.0735646
6.9739 0.0738833
6.97668 0.0766674
6.97759 0.0775705
6.97866 0.0786365
6.98258 0.082564
6.98384 0.0838167
6.98437 0.0843539
6.98671 0.0866906
6.98862 0.088601
6.98894 0.0889205
6.98954 0.0895199
6.99169 0.0316734
6.99169 0.0316734
6.99169 0.0316734
6.992 0.0319884
6.992 0.0316689
6.992 0.0316689
6.99497 0.0949484
6.99644 0.0964196
6.99676 0.0967383
6.99832 0.098302
6.99867 0.0986526
6.99961 0.0996119
6.99993 0.0999137
7.00025 0.100234
7.00025 0.100233
7.00025 0.100233
7.00216 0.102139
7.00248 0.102459
7.0028 0.102778
7.0028 0.102778
7.00312 0.103098
7.00344 0.103417
7.00628 0.106259
7.0084 0.108388
7.01049 0.110475
7.01088 0.110857
7.01169 0.0316868
7.01169 0.0316868
7.01169 0.0316868
7.01216 0.11215
7.01229 0.0322902
7.01229 0.0319707
7.01229 0.0319707
7.01358 0.113556
7.01517 0.11516
7.01549 0.115471
7.01584 0.115821
7.01728 0.11726
7.01984 0.119819
7.02196 0.121943
7.02228 0.122263
7.02397 0.123951
7.02519 0.125172
7.02784 0.127824
7.02888 0.128859
7.0319 0.0318857
7.03231 0.031655
7.03231 0.031655
7.03531 0.0352885
7.03591 0.0358879
7.03623 0.0362197
7.03701 0.0369935
7.03733 0.037313
7.03793 0.137912
7.03853 0.0385127
7.0395 0.0394846
7.04057 0.0405514
7.04089 0.140869
7.0423 0.0422782
7.04271 0.0426911
7.04303 0.0430106
7.04409 0.144076
7.04529 0.045267
7.04809 0.0480748
7.0486 0.048581
7.05162 0.151611
7.05175 0.0317407
7.05175 0.0317407
7.05175 0.0317407
7.05201 0.0319935
7.05201 0.031674
7.05201 0.031674
7.05245 0.152431
7.05277 0.0527511
7.0534 0.0533817
7.0554 0.0553808
7.05597 0.155948
7.05663 0.15661
7.0572 0.0571791
7.05926 0.0592405
7.05989 0.15987
7.06173 0.0617146
7.06205 0.0620341
7.06205 0.0620341
7.06275 0.0627269
7.06829 0.0682632
7.06985 0.069842
7.07169 0.0316637
7.07169 0.0316637
7.07169 0.0316637
7.07201 0.0319787
7.07201 0.0316592
7.07201 0.0316592
7.07289 0.072869
7.07321 0.0731885
7.07356 0.0735486
7.07388 0.0738587
7.07665 0.0766233
7.0776 0.077577
7.07866 0.078643
7.08256 0.0825394
7.08387 0.0838543
7.08438 0.0843604
7.08675 0.0867403
7.08872 0.0887008
7.08904 0.0890203
7.08951 0.0894953
7.09169 0.0316799
7.09169 0.0316799
7.09169 0.0316799
7.09201 0.0319949
7.09201 0.0316754
7.09201 0.0316754
7.09507 0.0950482
7.09632 0.0963103
7.09664 0.0966204
7.09814 0.0981218
7.09868 0.0986591
7.09921 0.0991916
7.0996 0.099578
7.09992 0.099907
7.10024 0.100217
7.10024 0.100217
7.10214 0.102123
7.10246 0.102442
7.10278 0.102762
7.10278 0.102762
7.10278 0.102762
7.1031 0.103081
7.10625 0.106231
7.10844 0.108423
7.1105 0.110478
7.111 0.110985
7.11166 0.0316593
7.11166 0.0316593
7.11166 0.0316593
7.11197 0.0319743
7.11197 0.0316548
7.11197 0.0316548
7.11229 0.112291
7.11358 0.11356
7.1152 0.115204
7.11552 0.115505
7.11619 0.116167
7.11731 0.117295
7.11984 0.119823
7.12187 0.121853
7.12232 0.122297
7.12391 0.123892
7.12513 0.125114
7.12785 0.127828
7.12891 0.128894
7.13188 0.0318582
7.132 0.0316671
7.132 0.0316671
7.132 0.0316671
7.13232 0.0319821
7.13232 0.0316626
7.13232 0.0316626
7.13528 0.035265
7.13585 0.0358333
7.13617 0.0361426
7.13699 0.03697
7.13731 0.0372895
7.13794 0.137919
7.13851 0.0384978
7.13948 0.0394611
7.14058 0.0405676
7.14093 0.140908
7.14218 0.0421614
7.14265 0.0426364
7.14297 0.042956
7.14407 0.144052
7.14529 0.0452746
7.14807 0.0480513
7.14861 0.0485885
7.15157 0.151557
7.1517 0.0316861
7.1517 0.0316861
7.1517 0.0316861
7.15198 0.03197
7.15198 0.0316505
7.15198 0.0316505
7.15236 0.152345
7.15268 0.0526654
7.15341 0.0533893
7.15541 0.0553884
7.15597 0.155956
7.1566 0.156586
7.15717 0.0571556
7.15923 0.0592169
7.15968 0.15966
7.16171 0.0616911
7.16203 0.0620106
7.16203 0.0620106
7.16281 0.0627967
7.1683 0.0682967
7.16986 0.0698583
7.1717 0.0316712
7.1717 0.0316712
7.1717 0.0316712
7.17201 0.0319863
7.17201 0.0316668
7.17201 0.0316668
7.17286 0.0728455
7.17318 0.073165
7.17356 0.0735337
7.17388 0.0738662
7.17666 0.0766538
7.17757 0.0775534
7.17867 0.0786506
7.18256 0.082547
7.18379 0.0837685
7.18411 0.0840766
7.18442 0.0844076
7.18851 0.0884906
7.18883 0.0888102
7.18915 0.0891297
7.19167 0.0316564
7.19167 0.0316564
7.19167 0.0316564
7.19199 0.0319714
7.19199 0.0316519
7.19199 0.0316519
7.19504 0.0950247
7.19639 0.0963577
7.19671 0.0966902
7.19833 0.0983161
7.19865 0.0986356
7.19922 0.0992163
7.19954 0.0995234
7.19986 0.0998429
7.19986 0.0998299
7.20018 0.100162
7.20212 0.102099
7.20244 0.102419
7.20276 0.102738
7.20308 0.103058
7.20308 0.103058
7.20339 0.103377
7.20626 0.106247
7.20839 0.108377
7.21042 0.110401
7.21099 0.11097
7.21131 0.111281
7.21168 0.0316527
7.21168 0.0316527
7.21168 0.0316527
7.21203 0.0319989
7.21203 0.0316794
7.21203 0.0316794
7.21356 0.113545
7.2146 0.114575
7.21507 0.115055
7.21608 0.116059
7.21727 0.117249
7.21986 0.119839
7.22182 0.121807
7.22233 0.122313
7.22389 0.123877
7.22521 0.125192
7.22802 0.128
7.22855 0.128537
7.23186 0.0318432
7.23199 0.0316521
7.23199 0.0316521
7.23199 0.0316521
7.23233 0.0319982
7.23233 0.0316787
7.23233 0.0316787
7.2353 0.035281
7.23583 0.0358183
7.23615 0.0361362
7.23697 0.0369549
7.23729 0.0372744
7.23792 0.137904
7.23849 0.0384603
7.23949 0.0394771
7.24056 0.0405301
7.241 0.140986
7.24216 0.0421464
7.24273 0.0427147
7.24305 0.0430342
7.24409 0.144068
7.24531 0.0452906
7.24805 0.0480363
7.24859 0.0485735
7.25155 0.151542
7.25168 0.0316711
7.25168 0.0316711
7.25168 0.0316711
7.252 0.0319861
7.252 0.0316666
7.252 0.0316666
7.25238 0.052362
7.2527 0.152681
7.25339 0.0533742
7.25539 0.0553733
7.25596 0.155941
7.25662 0.156603
7.25719 0.0571717
7.25922 0.0592019
7.25969 0.159676
7.26172 0.0617072
7.26204 0.0620267
7.26204 0.0620267
7.2627 0.0626883
7.26828 0.0682765
7.26991 0.069883
7.27168 0.0316562
7.27168 0.0316562
7.27168 0.0316562
7.272 0.0319712
7.272 0.0316517
7.272 0.0316517
7.27285 0.0728305
7.27317 0.07315
7.27355 0.0735273
7.27387 0.0738512
7.27655 0.0765434
7.27759 0.0775695
7.27865 0.0786355
7.28255 0.082532
7.28355 0.0835448
7.28387 0.0838553
7.28435 0.0843303
7.28806 0.0880401
7.28875 0.0887329
7.28907 0.0890524
7.29169 0.0316724
7.29169 0.0316724
7.29169 0.0316724
7.292 0.0319874
7.292 0.0316679
7.292 0.0316679
7.29506 0.0950408
7.29637 0.0963512
7.29669 0.0966751
7.29832 0.098301
7.29867 0.0986516
7.29921 0.0991872
7.29952 0.0995084
7.29984 0.0998279
7.29984 0.099832
7.30016 0.100147
7.30213 0.102115
7.30245 0.102435
7.30277 0.102754
7.30277 0.102754
7.30309 0.103074
7.30341 0.103393
7.30625 0.106232
7.30831 0.108299
7.31046 0.110448
7.31097 0.110954
7.31129 0.111283
7.3117 0.0316688
7.3117 0.0316688
7.3117 0.0316688
7.31201 0.0319838
7.31201 0.0316643
7.31201 0.0316643
7.31355 0.11353
7.31449 0.114484
7.31512 0.115102
7.316 0.115981
7.31728 0.117265
7.31984 0.119824
7.32175 0.12173
7.32228 0.122267
7.32391 0.123893
7.32529 0.12527
7.32797 0.127953
7.32857 0.128553
7.33187 0.0318592
7.332 0.0316681
7.332 0.0316681
7.332 0.0316681
7.33232 0.0319831
7.33232 0.0316636
7.33232 0.0316636
7.33528 0.035266
7.33582 0.0358032
7.33614 0.0361298
7.33699 0.036971
7.33731 0.0372905
7.33791 0.137889
7.33851 0.038485
7.33948 0.0394621
7.34057 0.0405548
7.34093 0.140909
7.34218 0.0421624
7.34272 0.0426997
7.34303 0.0430192
7.34416 0.144147
7.34529 0.0452756
7.34807 0.0480523
7.34861 0.0485895
7.3516 0.151589
7.35173 0.0317182
7.35173 0.0317182
7.35173 0.0317182
7.35198 0.031971
7.35198 0.0316515
7.35198 0.0316515
7.35249 0.152471
7.35281 0.0527908
7.35337 0.0533592
7.35541 0.0553894
7.356 0.155988
7.35654 0.156525
7.35708 0.0570633
7.35923 0.0592179
7.35974 0.159723
7.36171 0.0616921
7.36203 0.0620116
7.36203 0.0620116
7.36269 0.0626733
7.36836 0.0683496
7.36989 0.0698765
7.3717 0.0316722
7.3717 0.0316722
7.3717 0.0316722
7.37201 0.0319873
7.37201 0.0316678
7.37201 0.0316678
7.37286 0.0728465
7.37318 0.073166
7.37356 0.073552
7.37388 0.0738672
7.37663 0.0765977
7.37757 0.0775544
7.37867 0.0786516
7.38256 0.082548
7.38388 0.0838629
7.3842 0.0841809
7.38452 0.0845019
7.38851 0.0884916
7.38883 0.0888112
7.38915 0.0891307
7.39167 0.0316574
7.39167 0.0316574
7.39167 0.0316574
7.39198 0.0319724
7.39198 0.0316529
7.39198 0.0316529
7.39507 0.0950568
7.39636 0.0963448
7.39668 0.0966601
7.39833 0.0983171
7.39865 0.0986366
7.39959 0.0995781
7.39991 0.0999132
7.39991 0.0998977
7.39991 0.0998878
7.40023 0.100217
7.40211 0.102092
7.40246 0.102442
7.40278 0.102762
7.40278 0.102762
7.4031 0.103081
7.4031 0.103081
7.40625 0.106231
7.4084 0.108392
7.41021 0.110199
7.41053 0.110518
7.41095 0.110926
7.4117 0.0316679
7.4117 0.0316679
7.4117 0.0316679
7.41201 0.0319829
7.41201 0.0316634
7.41201 0.0316634
7.41361 0.113591
7.4152 0.115185
7.41552 0.115505
7.41552 0.115505
7.4173 0.117287
7.41983 0.119815
7.42177 0.121752
7.42227 0.122258
7.42393 0.123915
7.42521 0.125199
7.42787 0.127851
7.42856 0.128544
7.43186 0.0318499
7.43199 0.0316588
7.43199 0.0316588
7.43199 0.0316588
7.43231 0.0319738
7.43231 0.0316543
7.43231 0.0316543
7.43527 0.0352566
7.43584 0.035825
7.43616 0.036129
7.43698 0.0369616
7.4373 0.0372812
7.43793 0.137911
7.43849 0.0384843
7.4395 0.0394838
7.44056 0.0405541
7.44088 0.140869
7.44217 0.0421531
7.44274 0.0427214
7.44306 0.0430409
7.44415 0.144137
7.44531 0.0452973
7.44806 0.048043
7.4486 0.0485802
7.45162 0.151611
7.45175 0.03174
7.45175 0.03174
7.45175 0.03174
7.452 0.0319928
7.452 0.0316733
7.452 0.0316733
7.45235 0.0523376
7.45267 0.152656
7.45333 0.0533187
7.45533 0.0553178
7.45596 0.155948
7.45659 0.156578
7.4571 0.0570851
7.45922 0.0592086
7.45992 0.159901
7.4617 0.0616828
7.46202 0.0620023
7.46202 0.0620023
7.46262 0.0626017
7.46829 0.0682729
7.46991 0.0699069
7.47169 0.0316629
7.47169 0.0316629
7.47169 0.0316629
7.472 0.0319779
7.472 0.0316584
7.472 0.0316584
7.47285 0.0728372
7.47317 0.0731567
7.47355 0.0735513
7.47387 0.0738579
7.47656 0.0765384
7.47756 0.0775451
7.47866 0.0786422
7.48227 0.0822587
7.48387 0.0838535
7.48419 0.084161
7.48451 0.0844925
7.48853 0.0885134
7.48885 0.0888329
7.48917 0.0891524
7.49169 0.0316791
7.49169 0.0316791
7.49169 0.0316791
7.49201 0.0319942
7.49201 0.0316746
7.49201 0.0316746
7.49503 0.0950164
7.49635 0.0963441
7.49667 0.0966507
7.49832 0.0983077
7.49864 0.0986272
7.49949 0.0994755
7.49981 0.0998022
7.49981 0.099788
7.50013 0.100115
7.50013 0.100115
7.50213 0.102114
7.50245 0.102433
7.50277 0.102753
7.50277 0.102753
7.50309 0.103072
7.50309 0.103072
7.50627 0.106253
7.50833 0.10832
7.51039 0.110376
7.51087 0.110851
7.51119 0.111183
7.51169 0.0316586
7.51169 0.0316586
7.51169 0.0316586
7.512 0.0319736
7.512 0.0316541
7.512 0.0316541
7.51357 0.113551
7.51516 0.115153
7.51548 0.115465
7.51548 0.115465
7.51726 0.117246
7.51985 0.119837
7.52173 0.121711
7.52226 0.122248
7.52392 0.123905
7.52524 0.12522
7.52792 0.127904
7.52889 0.128876
7.53189 0.0318716
7.53201 0.0316805
7.53201 0.0316805
7.53201 0.0316805
7.53233 0.0319955
7.53233 0.031676
7.53233 0.031676
7.53529 0.0352784
7.53592 0.0359089
7.53624 0.0362217
7.53697 0.0369523
7.53729 0.0372718
7.53792 0.137902
7.53848 0.0384836
7.53949 0.0394745
7.54055 0.0405534
7.54094 0.140921
7.54216 0.0421437
7.54273 0.0427121
7.54305 0.0430316
7.54417 0.144159
7.5453 0.045288
7.54808 0.0480647
7.54858 0.0485708
7.55158 0.15157
7.55171 0.0316995
7.55171 0.0316995
7.55171 0.0316995
7.55199 0.0319834
7.55199 0.0316639
7.55199 0.0316639
7.55237 0.0523593
7.55269 0.152678
7.55335 0.0533405
7.55538 0.0553707
7.55598 0.155969
7.55658 0.156569
7.55728 0.0572623
7.55921 0.0591993
7.55969 0.159673
7.56172 0.0617045
7.56204 0.062024
7.56204 0.062024
7.56282 0.0628101
7.56828 0.0682583
7.5699 0.0698751
7.57168 0.0316536
7.57168 0.0316536
7.57168 0.0316536
7.57202 0.0319997
7.57202 0.0316802
7.57202 0.0316802
7.57287 0.0728589
7.57319 0.0731784
7.57354 0.0735195
7.57386 0.0738485
7.57655 0.0765321
7.57758 0.0775669
7.57868 0.078664
7.58223 0.0822183
7.58389 0.0838753
7.58421 0.0842034
7.58453 0.0845143
7.58864 0.0886285
7.58896 0.088948
7.58896 0.088948
7.59167 0.0316613
7.59167 0.0316613
7.59167 0.0316613
7.59199 0.0319763
7.59199 0.0316568
7.59199 0.0316568
7.59504 0.0950297
7.59648 0.0964689
7.5968 0.0967789
7.59812 0.0981033
7.59865 0.0986405
7.5996 0.0995821
7.59992 0.0999033
7.59992 0.0998948
7.60024 0.100221
7.60024 0.100221
7.60211 0.102096
7.60243 0.102415
7.60275 0.102735
7.60275 0.102735
7.60307 0.103054
7.60339 0.103374
7.60626 0.106244
7.60851 0.108498
7.61047 0.11046
7.61098 0.110966
7.6113 0.111284
7.61171 0.0316803
7.61171 0.0316803
7.61171 0.0316803
7.61202 0.0319953
7.61202 0.0316758
7.61202 0.0316758
7.61356 0.113541
7.61459 0.114561
7.6151 0.115082
7.61576 0.115744
7.61726 0.117246
7.61985 0.119836
7.62191 0.121897
7.62226 0.122248
7.62392 0.123905
7.6252 0.125188
7.62792 0.127903
7.62886 0.128844
7.63188 0.0318708
7.63201 0.0316796
7.63201 0.0316796
7.63201 0.0316796
7.63233 0.0319946
7.63233 0.0316751
7.63233 0.0316751
7.63529 0.0352775
7.63586 0.0358458
7.63618 0.0361672
7.6369 0.0368892
7.63725 0.0372398
7.63791 0.137901
7.63848 0.0384603
7.63949 0.0394736
7.64058 0.0405612
7.6409 0.140889
7.64216 0.0421428
7.64272 0.0427112
7.64304 0.0430307
7.64408 0.144065
7.6453 0.0452871
7.64808 0.0480638
7.64858 0.04857
7.65155 0.151538
7.65187 0.151852
7.65199 0.031987
7.65199 0.031987
7.65199 0.031987
7.65199 0.031987
7.65199 0.0316675
7.65199 0.0316675
7.65212 0.0317959
7.65254 0.0525224
7.65338 0.0533707
7.65545 0.055432
7.65595 0.155937
7.65661 0.156599
7.65718 0.0571681
7.65921 0.0591984
7.65972 0.159704
7.66172 0.0617036
7.66204 0.0620231
7.66204 0.0620231
7.66264 0.0626226
7.66827 0.0682523
7.6699 0.0698829
7.67168 0.0316527
7.67168 0.0316527
7.67168 0.0316527
7.67202 0.0319988
7.67202 0.0316793
7.67202 0.0316793
7.67287 0.072858
7.67319 0.0731775
7.67354 0.0735273
7.67389 0.0738788
7.67654 0.0765292
7.67758 0.077566
7.67865 0.078632
7.68223 0.0822174
7.68383 0.0838122
7.68414 0.0841297
7.68446 0.0844512
7.68852 0.0885032
7.68884 0.0888227
7.68916 0.0891422
7.69168 0.0316689
7.69168 0.0316689
7.69168 0.0316689
7.69199 0.0319839
7.69199 0.0316644
7.69199 0.0316644
7.69502 0.0950062
7.69637 0.0963512
7.69668 0.0966716
7.69831 0.0982975
7.69866 0.0986481
7.6996 0.0996
7.69992 0.0999092
7.69992 0.0999092
7.70024 0.100231
7.70024 0.100229
7.70212 0.102103
7.70244 0.102423
7.70276 0.102742
7.70276 0.102742
7.70308 0.103062
7.70339 0.103381
7.70626 0.106251
7.70839 0.108381
7.71042 0.110405
7.71086 0.110849
7.71118 0.111153
7.71168 0.0316568
7.71168 0.0316568
7.71168 0.0316568
7.712 0.0319718
7.712 0.0316523
7.712 0.0316523
7.71356 0.113549
7.71522 0.115208
7.71554 0.115525
7.71586 0.115845
7.71739 0.117378
7.71986 0.119843
7.72198 0.121967
7.7223 0.122286
7.72383 0.123819
7.72521 0.125196
7.72799 0.127973
7.72887 0.128852
7.73186 0.0318472
7.73199 0.0316561
7.73199 0.0316561
7.73199 0.0316561
7.7323 0.0319711
7.7323 0.0316516
7.7323 0.0316516
7.73527 0.035254
7.73583 0.0358223
7.73615 0.0361523
7.73688 0.0368657
7.73723 0.0372163
7.73792 0.137908
7.73849 0.0384765
7.73949 0.0394812
7.7404 0.0403908
7.74107 0.141053
7.74219 0.0421815
7.74273 0.0427188
7.74305 0.0430383
7.74418 0.144166
7.74531 0.0452947
7.74805 0.0480403
7.74859 0.0485776
7.75158 0.151577
7.75171 0.0317062
7.75171 0.0317062
7.75171 0.0317062
7.752 0.0319901
7.752 0.0316706
7.752 0.0316706
7.75241 0.0523971
7.75273 0.152716
7.75336 0.0533472
7.75539 0.0553774
7.75599 0.155976
7.75659 0.156575
7.75709 0.0570824
7.75922 0.059206
7.75988 0.159867
7.76172 0.0617112
7.76204 0.0620307
7.76204 0.0620307
7.76283 0.0628168
7.76707 0.0670416
7.76947 0.0694637
7.77168 0.0316603
7.77168 0.0316603
7.77168 0.0316603
7.772 0.0319753
7.772 0.0316558
7.772 0.0316558
7.77285 0.0728345
7.77317 0.073154
7.77355 0.0735357
7.77387 0.073863
7.77664 0.0766424
7.77755 0.0775425
7.77865 0.0786396
7.78255 0.082536
7.78383 0.0838198
7.78415 0.0841268
7.78447 0.0844588
7.78865 0.0886352
7.78897 0.0889547
7.78897 0.0889547
7.79168 0.031668
7.79168 0.031668
7.79168 0.031668
7.79199 0.031983
7.79199 0.0316635
7.79199 0.0316635
7.79508 0.0950675
7.79636 0.0963589
7.79668 0.0966707
7.79812 0.09811
7.79866 0.0986472
7.79957 0.0995577
7.79989 0.0998651
7.79989 0.0998877
7.80021 0.100197
7.80021 0.100197
7.80211 0.102103
7.80243 0.102422
7.80275 0.102742
7.80275 0.102742
7.80307 0.103061
7.80339 0.103381
7.80626 0.106251
7.80845 0.108442
7.81048 0.110467
7.81099 0.110973
7.8113 0.111294
7.81168 0.0316559
7.81168 0.0316559
7.81168 0.0316559
7.812 0.0319709
7.812 0.0316514
7.812 0.0316514
7.8135 0.113486
7.81516 0.115153
7.81547 0.115462
7.81583 0.115813
7.81726 0.117252
7.81982 0.119811
7.82195 0.121935
7.82233 0.122316
7.82383 0.123818
7.82511 0.125102
7.82792 0.127909
7.82871 0.128696
7.83186 0.0318464
7.83199 0.0316552
7.83199 0.0316552
7.83199 0.0316552
7.8323 0.0319702
7.8323 0.0316507
7.8323 0.0316507
7.8353 0.0352842
7.83593 0.0359148
7.83625 0.0362223
7.83697 0.0369581
7.83729 0.0372776
7.83795 0.137938
7.83849 0.0384842
7.83949 0.0394803
7.84056 0.0405314
7.84088 0.140865
7.84216 0.0421495
7.84264 0.0426246
7.84299 0.0429752
7.84408 0.144071
7.84531 0.0452938
7.84805 0.0480394
7.84859 0.0485767
7.85155 0.151545
7.85168 0.0316742
7.85168 0.0316742
7.85168 0.0316742
7.852 0.0319893
7.852 0.0316697
7.852 0.0316697
7.85244 0.152427
7.85276 0.0527469
7.85333 0.0533152
7.85539 0.0553765
7.85599 0.155975
7.85659 0.156575
7.85709 0.0570815
7.85922 0.0592051
7.85988 0.159866
7.86172 0.0617103
7.86204 0.0620298
7.86204 0.0620298
7.86283 0.0628159
7.86707 0.067044
7.86987 0.0698531
7.87168 0.0316594
7.87168 0.0316594
7.87168 0.0316594
7.872 0.0319744
7.872 0.0316549
7.872 0.0316549
7.87285 0.0728336
7.87316 0.0731531
7.87355 0.0735201
7.87387 0.0738544
7.87667 0.0766446
7.87755 0.0775416
7.87865 0.0786387
7.88255 0.0825351
7.88383 0.0838189
7.88415 0.0841465
7.88447 0.0844579
7.88861 0.0886032
7.88893 0.0889227
7.88925 0.0892422
7.89168 0.0316756
7.89168 0.0316756
7.89168 0.0316756
7.892 0.0319906
7.892 0.0316711
7.892 0.0316711
7.89506 0.095044
7.89637 0.0963441
7.89669 0.0966783
7.89832 0.0983042
7.89867 0.0986548
7.89958 0.0995653
7.8999 0.0998813
7.8999 0.0998848
7.90022 0.100192
7.90022 0.100204
7.90212 0.10211
7.90257 0.102554
7.90289 0.102874
7.90289 0.102874
7.9032 0.103193
7.9032 0.103193
7.90626 0.10625
7.90845 0.108441
7.91042 0.110403
7.91086 0.110847
7.91165 0.111621
7.91177 0.0317484
7.91177 0.0317484
7.91177 0.0317484
7.912 0.0319701
7.912 0.0316506
7.912 0.0316506
7.91359 0.113578
7.91515 0.11513
7.91547 0.115461
7.91582 0.115812
7.91726 0.117251
7.91985 0.119841
7.92185 0.121841
7.9223 0.122284
7.92398 0.123973
7.92524 0.125225
7.92792 0.127909
7.92877 0.128757
7.93186 0.0318455
7.93198 0.0316544
7.93198 0.0316544
7.93198 0.0316544
7.93233 0.0320005
7.93233 0.031681
7.93233 0.031681
7.9352 0.03519
7.93583 0.0358206
7.93615 0.0361367
7.93697 0.0369572
7.93729 0.0372767
7.93792 0.137906
7.93849 0.0384609
7.93949 0.0394794
7.94056 0.0405392
7.94091 0.140895
7.94216 0.0421487
7.94273 0.042717
7.94305 0.0430365
7.94405 0.144039
7.9453 0.0452929
7.94805 0.0480386
7.94859 0.0485758
7.95158 0.151575
7.95171 0.0317045
7.95171 0.0317045
7.95171 0.0317045
7.95199 0.0319884
7.95199 0.0316689
7.95199 0.0316689
7.95244 0.152426
7.95276 0.052746
7.95333 0.0533143
7.95536 0.0553445
7.95595 0.155943
7.95662 0.156605
7.95718 0.057174
7.95922 0.0592042
7.95969 0.159678
7.96172 0.0617095
7.96204 0.062029
7.96204 0.062029
7.96283 0.062815
7.96719 0.0671709
7.96987 0.0698609
7.97168 0.0316585
7.97168 0.0316585
7.97168 0.0316585
7.972 0.0319735
7.972 0.031654
7.972 0.031654
7.97284 0.0728328
7.97316 0.0731523
7.97354 0.0735279
7.97386 0.0738535
7.97655 0.0765423
7.97755 0.0775407
7.97865 0.0786378
7.98255 0.0825343
7.98386 0.0838491
7.98418 0.0841662
7.9845 0.0844881
7.98852 0.088509
7.98884 0.0888285
7.98916 0.089148
7.99168 0.0316747
7.99168 0.0316747
7.99168 0.0316747
7.992 0.0319897
7.992 0.0316702
7.992 0.0316702
7.99505 0.0950431
7.99637 0.0963518
7.99669 0.0966774
7.99831 0.0983033
7.99866 0.0986539
7.99961 0.0995955
7.99993 0.0999202
7.99993 0.099915
8.00025 0.100231
8.00025 0.100235
8.00215 0.10214
8.00247 0.10246
8.00279 0.102779
8.00279 0.102779
8.00311 0.103099
8.00343 0.103418
8.00627 0.10626
8.00846 0.108452
8.01039 0.110383
8.01087 0.110858
8.01165 0.111649
8.01178 0.0317589
8.01178 0.0317589
8.01178 0.0317589
8.012 0.0319806
8.012 0.0316611
8.012 0.0316611
8.01344 0.113433
8.01457 0.114558
8.01511 0.115099
8.0158 0.115792
8.01727 0.117262
8.01986 0.119852
8.02186 0.121851
8.02227 0.122264
8.02396 0.123952
8.02518 0.125174
8.0279 0.127888
8.0289 0.128892
8.03187 0.0318561
8.03231 0.0316565
8.03231 0.0316565
8.03527 0.0352588
8.03584 0.0358272
8.03616 0.036152
8.03697 0.0369638
8.03729 0.0372834
8.03792 0.137913
8.03831 0.0382895
8.03946 0.0394549
8.04056 0.0405544
8.04088 0.140871
8.04217 0.0421553
8.0427 0.0426925
8.04302 0.043012
8.04415 0.144139
8.04528 0.0452684
8.04806 0.0480452
8.04859 0.0485824
8.05159 0.151582
8.05172 0.0317111
8.05172 0.0317111
8.05172 0.0317111
8.05197 0.0319639
8.05197 0.0316444
8.05197 0.0316444
8.05238 0.0523709
8.0527 0.15269
8.05333 0.0533209
8.05539 0.0553823
8.05596 0.15595
8.05659 0.15658
8.05716 0.0571495
8.05922 0.0592108
8.05985 0.159841
8.06169 0.061685
8.06201 0.0620045
8.06201 0.0620045
8.06283 0.0628216
8.06704 0.0670252
8.06988 0.0698762
8.07169 0.0316651
8.07169 0.0316651
8.07169 0.0316651
8.072 0.0319801
8.072 0.0316606
8.072 0.0316606
8.07276 0.0727461
8.07308 0.0730656
8.07355 0.0735431
8.07387 0.0738601
8.07652 0.0765209
8.07762 0.0776095
8.07875 0.0787377
8.08255 0.0825409
8.08393 0.0839179
8.08434 0.0843307
8.08678 0.0867524
8.08853 0.0885156
8.08885 0.0888351
8.08951 0.0894968
8.09166 0.0316502
8.09166 0.0316502
8.09166 0.0316502
8.09197 0.0319653
8.09197 0.0316457
8.09197 0.0316457
8.09509 0.0950808
8.09628 0.0962738
8.0966 0.0965907
8.09826 0.0982477
8.09864 0.0986294
8.09949 0.0994777
8.09981 0.0997799
8.10013 0.100122
8.10013 0.100117
8.10045 0.100436
8.1021 0.102093
8.10242 0.102413
8.10274 0.102732
8.10274 0.102732
8.10306 0.103052
8.10338 0.103371
8.10625 0.106241
8.10841 0.108402
8.11041 0.110395
8.11082 0.110808
8.11166 0.0316381
8.11166 0.0316381
8.11166 0.0316381
8.11217 0.112149
8.1123 0.0322727
8.1123 0.0319532
8.1123 0.0319532
8.11349 0.113477
8.11521 0.115178
8.11553 0.115515
8.11594 0.115928
8.11738 0.117367
8.11981 0.119802
8.12197 0.121957
8.12229 0.122276
8.12394 0.123933
8.12513 0.125123
8.12785 0.127838
8.12888 0.128873
8.13185 0.031837
8.13197 0.0316459
8.13197 0.0316459
8.13197 0.0316459
8.13229 0.0319609
8.13229 0.0316414
8.13229 0.0316414
8.13525 0.0352438
8.13582 0.0358121
8.13614 0.0361145
8.13696 0.0369488
8.13728 0.0372683
8.13794 0.137929
8.13848 0.0384471
8.13948 0.039471
8.14055 0.0405169
8.14087 0.140856
8.14215 0.0421402
8.14269 0.0426775
8.14301 0.042997
8.14407 0.144062
8.14529 0.0452845
8.14804 0.0480301
8.14845 0.0484429
8.15157 0.151567
8.1517 0.031696
8.1517 0.031696
8.1517 0.031696
8.15198 0.0319799
8.15198 0.0316604
8.15198 0.0316604
8.15233 0.152324
8.15265 0.0526442
8.15332 0.0533059
8.15538 0.0553672
8.15594 0.155935
8.15658 0.156565
8.15717 0.0571655
8.1592 0.0591958
8.15974 0.159732
8.16171 0.061701
8.16203 0.0620205
8.16203 0.0620205
8.16282 0.0628066
8.16671 0.0667024
8.16996 0.069932
8.17167 0.0316501
8.17167 0.0316501
8.17167 0.0316501
8.17199 0.0319651
8.17199 0.0316456
8.17199 0.0316456
8.17274 0.072731
8.17306 0.0730505
8.17353 0.0735056
8.17385 0.073845
8.1766 0.0765971
8.17754 0.0775323
8.17864 0.0786294
8.18254 0.0825258
8.18379 0.0837785
8.18436 0.0843468
8.1867 0.0866872
8.18851 0.0885006
8.18883 0.0888201
8.18943 0.0894195
8.19167 0.0316663
8.19167 0.0316663
8.19167 0.0316663
8.19199 0.0319813
8.19199 0.0316618
8.19199 0.0316618
8.19504 0.0950346
8.19633 0.0962985
8.19665 0.0966379
8.19818 0.0981704
8.19865 0.0986455
8.19953 0.0995249
8.19985 0.0998357
8.20017 0.100147
8.20017 0.100164
8.20017 0.100164
8.20211 0.102101
8.20243 0.10242
8.20275 0.10274
8.20275 0.10274
8.20307 0.103059
8.20307 0.103059
8.20625 0.10624
8.20844 0.108432
8.21047 0.110456
8.21085 0.110838
8.21169 0.0316684
8.21169 0.0316684
8.21169 0.0316684
8.2122 0.112187
8.21233 0.0323029
8.21233 0.0319834
8.21233 0.0319834
8.21355 0.113538
8.21514 0.115124
8.21546 0.115452
8.21581 0.115803
8.21728 0.117273
8.21984 0.119832
8.22193 0.121925
8.22225 0.122244
8.22394 0.123932
8.22523 0.125216
8.22788 0.127868
8.22891 0.128903
8.23184 0.0318362
8.23197 0.031645
8.23197 0.031645
8.23197 0.031645
8.23229 0.03196
8.23229 0.0316405
8.23229 0.0316405
8.23525 0.0352429
8.23585 0.0358423
8.23617 0.0361534
8.23696 0.0369479
8.23728 0.0372674
8.23788 0.137866
8.23847 0.0384549
8.23948 0.0394701
8.24054 0.0405247
8.24086 0.140855
8.24215 0.0421393
8.24272 0.0427077
8.24304 0.0430272
8.24407 0.144061
8.24529 0.0452836
8.24804 0.0480292
8.24857 0.0485665
8.25157 0.151566
8.2517 0.0316951
8.2517 0.0316951
8.2517 0.0316951
8.25198 0.0319791
8.25198 0.0316595
8.25198 0.0316595
8.25243 0.0524171
8.25275 0.152736
8.25338 0.0533672
8.25531 0.0553041
8.25601 0.155996
8.25667 0.156658
8.25708 0.0570713
8.2592 0.0591949
8.25974 0.159731
8.26158 0.0615757
8.2619 0.0618952
8.2619 0.0618952
8.26275 0.0627435
8.26715 0.0671403
8.26989 0.0698775
8.27167 0.0316492
8.27167 0.0316492
8.27167 0.0316492
8.27198 0.0319642
8.27198 0.0316447
8.27198 0.0316447
8.27274 0.0727301
8.27306 0.0730496
8.27353 0.0735134
8.27385 0.0738442
8.27675 0.0767497
8.27757 0.0775625
8.27864 0.0786285
8.28253 0.0825249
8.28375 0.0837465
8.28432 0.0843148
8.28679 0.0867606
8.28851 0.0884997
8.28883 0.0888192
8.28952 0.0895119
8.29167 0.0316654
8.29167 0.0316654
8.29167 0.0316654
8.29199 0.0319804
8.29199 0.0316609
8.29199 0.0316609
8.29504 0.0950338
8.29645 0.0964419
8.29677 0.0967502
8.29824 0.0982318
8.29893 0.0989245
8.29953 0.099524
8.29985 0.0998434
8.29985 0.0998435
8.30017 0.100154
8.30017 0.100163
8.30211 0.1021
8.30243 0.102419
8.30275 0.102739
8.30275 0.102739
8.30307 0.103058
8.30339 0.103378
8.30626 0.106248
8.30844 0.108439
8.31044 0.110433
8.31082 0.110815
8.31167 0.0316448
8.31167 0.0316448
8.31167 0.0316448
8.31198 0.0319599
8.31198 0.0316404
8.31198 0.0316404
8.3123 0.112301
8.31358 0.113577
8.31512 0.115109
8.31544 0.115429
8.31585 0.115841
8.31732 0.117312
8.31982 0.119809
8.32194 0.121932
8.32229 0.122283
8.32398 0.123971
8.32526 0.125255
8.32785 0.127845
8.32876 0.128755
8.33185 0.0318437
8.33198 0.0316526
8.33198 0.0316526
8.33198 0.0316526
8.33229 0.0319676
8.33229 0.0316481
8.33229 0.0316481
8.33526 0.0352505
8.3358 0.0357877
8.33611 0.0361074
8.33693 0.0369244
8.33725 0.0372439
8.33788 0.137874
8.33848 0.0384711
8.3393 0.0392911
8.34055 0.0405409
8.34087 0.140862
8.34215 0.0421469
8.34266 0.0426531
8.34298 0.0429726
8.34417 0.144162
8.3453 0.0452912
8.34804 0.0480368
8.34858 0.0485741
8.35173 0.151729
8.35186 0.0318582
8.35186 0.0318582
8.35186 0.0318582
8.35199 0.0319866
8.35199 0.0316671
8.35199 0.0316671
8.35234 0.152331
8.35266 0.0526509
8.35332 0.0533126
8.35538 0.0553739
8.35595 0.155941
8.35658 0.156572
8.35715 0.0571411
8.35918 0.0591714
8.35975 0.159739
8.36159 0.0615833
8.36191 0.0619028
8.36223 0.0622223
8.36274 0.0627284
8.36704 0.0670352
8.36988 0.0698711
8.37168 0.0316652
8.37168 0.0316652
8.37168 0.0316652
8.372 0.0319802
8.372 0.0316607
8.372 0.0316607
8.37272 0.0727151
8.37304 0.0730346
8.37352 0.0735096
8.37352 0.073507
8.37651 0.0765115
8.37755 0.077539
8.37864 0.0786361
8.38251 0.0825014
8.38385 0.0838474
8.38433 0.0843224
8.3868 0.0867803
8.38848 0.0884762
8.3888 0.0887957
8.3895 0.0894884
8.39165 0.0316419
8.39165 0.0316419
8.39165 0.0316419
8.39199 0.031988
8.39199 0.0316685
8.39199 0.0316685
8.39502 0.0950102
8.3963 0.0962914
8.39662 0.0966135
8.39825 0.0982394
8.39863 0.0986211
8.39954 0.0995316
8.39986 0.0998286
8.39986 0.0998511
8.40018 0.100171
8.40018 0.100171
8.40208 0.102076
8.4024 0.102396
8.40272 0.102715
8.40272 0.102715
8.40304 0.103035
8.40336 0.103354
8.40623 0.106224
8.40842 0.108416
8.41054 0.110534
8.41086 0.110853
8.41167 0.0316524
8.41167 0.0316524
8.41167 0.0316524
8.41215 0.112127
8.41228 0.0322558
8.41228 0.0319363
8.41228 0.0319363
8.41347 0.11346
8.41522 0.115188
8.41554 0.11553
8.41595 0.115942
8.4173 0.117288
8.41982 0.119816
8.42189 0.121878
8.4223 0.12229
8.42395 0.123947
8.42518 0.125169
8.42789 0.127883
8.42889 0.128887
8.43186 0.0318513
8.43199 0.0316602
8.43199 0.0316602
8.43199 0.0316602
8.4323 0.0319752
8.4323 0.0316557
8.4323 0.0316557
8.43526 0.0352581
8.4358 0.0357953
8.43612 0.0360925
8.43694 0.036932
8.43726 0.0372515
8.43786 0.13785
8.43849 0.0384873
8.43927 0.0392675
8.44053 0.040526
8.44085 0.140839
8.44225 0.0422478
8.44273 0.0427229
8.44305 0.0430424
8.44418 0.14417
8.44531 0.0452988
8.44805 0.0480444
8.44856 0.0485505
8.45155 0.15155
8.45168 0.0316792
8.45168 0.0316792
8.45168 0.0316792
8.45196 0.0319631
8.45196 0.0316436
8.45196 0.0316436
8.45231 0.152307
8.45263 0.0526274
8.4533 0.0532891
8.45536 0.0553504
8.45596 0.155949
8.45659 0.15658
8.45691 0.0568999
8.45919 0.0591789
8.45997 0.159964
8.46157 0.0615598
8.46189 0.0618793
8.46221 0.0621988
8.46259 0.0625805
8.46704 0.067015
8.46991 0.0698873
8.47166 0.0316417
8.47166 0.0316417
8.47166 0.0316417
8.47201 0.0319878
8.47201 0.0316683
8.47201 0.0316683
8.47273 0.0727227
8.47305 0.0730422
8.47359 0.0735854
8.47359 0.0735794
8.47649 0.0764846
8.47755 0.0775465
8.47865 0.0786437
8.48252 0.082509
8.48377 0.0837616
8.48434 0.08433
8.48671 0.0867067
8.48858 0.0885771
8.4889 0.0888966
8.48944 0.0894338
8.49165 0.0316495
8.49165 0.0316495
8.49165 0.0316495
8.49197 0.0319645
8.49197 0.031645
8.49197 0.031645
8.49509 0.09508
8.49634 0.0963387
8.49666 0.0966522
8.4981 0.0980914
8.49864 0.0986287
8.49955 0.0995391
8.49987 0.0998448
8.50018 0.100156
8.50018 0.100178
8.50018 0.100178
8.50209 0.102084
8.50241 0.102403
8.50273 0.102723
8.50273 0.102723
8.50305 0.103042
8.50305 0.103042
8.50623 0.106224
8.50845 0.108446
8.51045 0.11044
8.51095 0.110946
8.51167 0.0316516
8.51167 0.0316516
8.51167 0.0316516
8.51215 0.112134
8.51228 0.032255
8.51228 0.0319355
8.51228 0.0319355
8.51353 0.113521
8.51512 0.115102
8.51544 0.115435
8.51582 0.115817
8.51726 0.117256
8.51982 0.119815
8.52191 0.121908
8.52239 0.122383
8.52392 0.123915
8.52521 0.125199
8.52786 0.127851
8.52899 0.12898
8.53186 0.0318504
8.53198 0.0316593
8.53198 0.0316593
8.53198 0.0316593
8.5323 0.0319743
8.5323 0.0316548
8.5323 0.0316548
8.53526 0.0352572
8.53583 0.0358255
8.53615 0.0361314
8.53694 0.0369311
8.53726 0.0372506
8.53786 0.137849
8.53849 0.038464
8.53946 0.0394533
8.54053 0.0405027
8.54084 0.140838
8.54225 0.0422469
8.54273 0.042722
8.54305 0.0430415
8.54408 0.144076
8.5453 0.0452979
8.54805 0.0480435
8.54856 0.0485497
8.55177 0.151767
8.5519 0.0318961
8.5519 0.0318961
8.5519 0.0318961
8.55202 0.0320244
8.55202 0.0317049
8.55202 0.0317049
8.55234 0.152337
8.55266 0.0526576
8.55329 0.0532882
8.55542 0.0554117
8.55595 0.155948
8.55662 0.15661
8.55718 0.0571789
8.55918 0.0591781
8.55975 0.159746
8.56169 0.0616833
8.56201 0.0620028
8.56201 0.0620028
8.5627 0.0626956
8.56716 0.0671334
8.5699 0.0698866
8.57168 0.0316635
8.57168 0.0316635
8.57168 0.0316635
8.572 0.0319785
8.572 0.031659
8.572 0.031659
8.57272 0.0727133
8.57304 0.0730328
8.57351 0.0734914
8.57383 0.0738274
8.57673 0.0767085
8.57755 0.0775457
8.57865 0.0786428
8.58251 0.0825081
8.58377 0.0837608
8.58434 0.0843291
8.58674 0.0867179
8.58861 0.0886073
8.58893 0.0889268
8.5895 0.0894951
8.59165 0.0316486
8.59165 0.0316486
8.59165 0.0316486
8.59197 0.0319636
8.59197 0.0316441
8.59197 0.0316441
8.59505 0.0950481
8.59643 0.0964251
8.59675 0.0967282
8.59828 0.0982772
8.59888 0.0988766
8.59954 0.0995383
8.59986 0.0998526
8.60018 0.100164
8.60018 0.100177
8.60018 0.100177
8.60212 0.102114
8.60244 0.102434
8.60276 0.102753
8.60276 0.102753
8.60308 0.103073
8.60308 0.103073
8.60623 0.106223
8.60838 0.108383
8.61041 0.110408
8.61095 0.110945
8.61167 0.0316507
8.61167 0.0316507
8.61167 0.0316507
8.61199 0.0319657
8.61199 0.0316462
8.61199 0.0316462
8.6123 0.112302
8.61356 0.113551
8.61512 0.11511
8.61544 0.115434
8.61582 0.115816
8.61726 0.117255
8.61985 0.119846
8.62194 0.121938
8.62226 0.122257
8.62395 0.123946
8.62524 0.125229
8.62786 0.12785
8.62892 0.128917
8.63185 0.0318496
8.63198 0.0316584
8.63198 0.0316584
8.63198 0.0316584
8.6323 0.0319735
8.6323 0.031654
8.6323 0.031654
8.63526 0.0352563
8.6358 0.0357935
8.63612 0.036108
8.63694 0.0369302
8.63725 0.0372497
8.63785 0.137848
8.63848 0.0384717
8.63946 0.0394524
8.64055 0.0405415
8.64087 0.140868
8.64213 0.0421217
8.6427 0.04269
8.64301 0.0430095
8.64414 0.144137
8.6453 0.045297
8.64805 0.0480426
8.64855 0.0485488
8.65161 0.15161
8.65174 0.0317086
8.65174 0.0317086
8.65174 0.0317086
8.65199 0.0319614
8.65199 0.0316418
8.65199 0.0316418
8.65237 0.152368
8.65269 0.0526879
8.65329 0.0532873
8.65535 0.0553486
8.65595 0.155947
8.65652 0.156516
8.65715 0.057147
8.65918 0.0591772
8.65972 0.159714
8.66169 0.0616824
8.66201 0.0620019
8.66201 0.0620019
8.6627 0.0626947
8.66831 0.0682866
8.66996 0.0699566
8.67168 0.0316626
8.67168 0.0316626
8.67168 0.0316626
8.67199 0.0319776
8.67199 0.0316581
8.67199 0.0316581
8.67272 0.0727124
8.67304 0.0730319
8.67351 0.0734992
8.67386 0.0738576
8.67664 0.0766122
8.67755 0.0775448
8.67865 0.0786419
8.68251 0.0825073
8.68376 0.0837599
8.68433 0.0843282
8.68674 0.0867292
8.68861 0.0886064
8.68893 0.0889259
8.6895 0.0894942
8.69165 0.0316477
8.69165 0.0316477
8.69165 0.0316477
8.69196 0.0319627
8.69196 0.0316432
8.69196 0.0316432
8.69508 0.0950783
8.69643 0.0964242
8.69675 0.0967359
8.69825 0.0982452
8.69863 0.0986269
8.69954 0.0995374
8.69986 0.0998603
8.70018 0.100171
8.70018 0.100176
8.70018 0.100176
8.70209 0.102082
8.70241 0.102402
8.70273 0.102721
8.70273 0.102721
8.70305 0.103041
8.70337 0.10336
8.70624 0.10623
8.70839 0.10836
8.71042 0.110415
8.71083 0.110828
8.71168 0.0316583
8.71168 0.0316583
8.71168 0.0316583
8.71218 0.112158
8.71231 0.0322928
8.71231 0.0319733
8.71231 0.0319733
8.71353 0.113528
8.71513 0.115126
8.71545 0.115442
8.71595 0.115948
8.71727 0.117263
8.71983 0.119822
8.72192 0.121914
8.72227 0.122265
8.72396 0.123953
8.72518 0.125175
8.72799 0.127983
8.72868 0.128675
8.73186 0.0318571
8.73199 0.031666
8.73199 0.031666
8.73199 0.031666
8.7323 0.031981
8.7323 0.0316615
8.7323 0.0316615
8.7353 0.035295
8.73581 0.0358011
8.73612 0.0361242
8.73694 0.0369378
8.73726 0.0372573
8.73786 0.137856
8.73846 0.0384569
8.73946 0.03946
8.74053 0.0405267
8.74101 0.141
8.74226 0.0422537
8.7427 0.0426976
8.74302 0.0430171
8.74415 0.144144
8.74528 0.0452735
8.74802 0.0480191
8.74856 0.0485564
8.75162 0.151587
8.75175 0.0317161
8.75175 0.0317161
8.75175 0.0317161
8.752 0.0319689
8.752 0.0316494
8.752 0.0316494
8.75232 0.152313
8.75264 0.0526332
8.7533 0.0532949
8.75536 0.0553562
8.75599 0.155986
8.75659 0.156585
8.75707 0.0570612
8.75922 0.0592159
8.7596 0.159597
8.76169 0.06169
8.76201 0.0620095
8.76201 0.0620095
8.76261 0.062609
8.76828 0.0682579
8.76991 0.0698795
8.77165 0.0316391
8.77165 0.0316391
8.77165 0.0316391
8.772 0.0319852
8.772 0.0316657
8.772 0.0316657
8.77272 0.07272
8.77304 0.0730395
8.77352 0.0735154
8.77384 0.0738341
8.77652 0.0765184
8.77756 0.0775524
8.77862 0.0786184
8.78252 0.0825148
8.7838 0.0837986
8.78431 0.0843047
8.78671 0.0866866
8.78849 0.0884896
8.78881 0.0888091
8.78951 0.0895018
8.79166 0.0316553
8.79166 0.0316553
8.79166 0.0316553
8.79197 0.0319703
8.79197 0.0316508
8.79197 0.0316508
8.795 0.0949926
8.79628 0.0962771
8.7966 0.0965958
8.79819 0.0981906
8.79864 0.0986345
8.79952 0.0995139
8.79984 0.0998143
8.80016 0.100156
8.80016 0.100153
8.80016 0.100153
8.80209 0.10209
8.80241 0.102409
8.80273 0.102729
8.80273 0.102729
8.80305 0.103048
8.80337 0.103368
8.80624 0.106238
8.80837 0.108336
8.81046 0.110454
8.81096 0.11096
8.81168 0.0316658
8.81168 0.0316658
8.81168 0.0316658
8.81216 0.112143
8.81229 0.0322693
8.81229 0.0319498
8.81229 0.0319498
8.81354 0.113535
8.81513 0.115111
8.81545 0.11545
8.8158 0.1158
8.81734 0.117333
8.81983 0.11983
8.82183 0.121829
8.82225 0.122242
8.82384 0.123836
8.82522 0.125213
8.82787 0.127866
8.8289 0.128901
8.83184 0.0318336
8.83197 0.0316425
8.83197 0.0316425
8.83197 0.0316425
8.83228 0.0319575
8.83228 0.031638
8.83228 0.031638
8.83524 0.0352404
8.83581 0.0358087
8.83613 0.0361094
8.83701 0.0370076
8.83733 0.0373271
8.83787 0.137864
8.83847 0.038442
8.83947 0.0394676
8.84054 0.0405118
8.84086 0.140852
8.84226 0.0422612
8.84271 0.0427052
8.84303 0.0430247
8.84416 0.144152
8.84528 0.0452811
8.84803 0.0480267
8.84857 0.0485639
8.85156 0.151532
8.85169 0.0316615
8.85169 0.0316615
8.85169 0.0316615
8.85201 0.0319765
8.85201 0.031657
8.85201 0.031657
8.85232 0.15232
8.85264 0.0526408
8.85337 0.0533647
8.8554 0.0553949
8.856 0.155994
8.85663 0.156624
8.85707 0.0570688
8.85923 0.0592235
8.85973 0.159729
8.8617 0.0616976
8.86202 0.0620171
8.86202 0.0620171
8.86268 0.0626788
8.86829 0.0682603
8.86992 0.0698957
8.87166 0.0316467
8.87166 0.0316467
8.87166 0.0316467
8.87198 0.0319617
8.87198 0.0316422
8.87198 0.0316422
8.87273 0.0727276
8.87305 0.0730471
8.87353 0.0735005
8.87385 0.0738416
8.87672 0.0766886
8.87756 0.07756
8.87863 0.078626
8.88253 0.0825224
8.88384 0.0838373
8.88435 0.0843434
8.88681 0.0867996
8.88869 0.0886838
8.88901 0.0890033
8.88958 0.0895716
8.89166 0.0316629
8.89166 0.0316629
8.89166 0.0316629
8.89198 0.0319779
8.89198 0.0316584
8.89198 0.0316584
8.89507 0.0950623
8.89641 0.0963867
8.89673 0.0967278
8.89829 0.0982915
8.89865 0.0986421
8.89952 0.0995214
8.89984 0.0998306
8.90016 0.10016
8.90016 0.100142
8.90048 0.10048
8.90208 0.102075
8.9024 0.102394
8.90272 0.102714
8.90272 0.102714
8.90304 0.103033
8.90304 0.103033
8.90625 0.106245
8.90837 0.108344
8.9104 0.110399
8.91094 0.110936
8.91166 0.0316423
8.91166 0.0316423
8.91166 0.0316423
8.91197 0.0319573
8.91197 0.0316378
8.91197 0.0316378
8.91229 0.112288
8.91358 0.113574
8.91511 0.115096
8.91543 0.115426
8.91581 0.115808
8.91741 0.117403
8.91984 0.119837
8.92193 0.12193
8.92228 0.12228
8.92394 0.123937
8.92522 0.125221
8.92788 0.127873
8.92891 0.128908
8.93184 0.0318412
8.93197 0.0316501
8.93197 0.0316501
8.93197 0.0316501
8.93229 0.0319651
8.93229 0.0316456
8.93229 0.0316456
8.93525 0.035248
8.93585 0.0358474
8.93617 0.0361567
8.93692 0.0369219
8.93724 0.0372414
8.93787 0.137871
8.93847 0.0384582
8.93948 0.0394752
8.94051 0.0404969
8.94089 0.140891
8.94224 0.0422377
8.94262 0.0426194
8.94294 0.0429389
8.94416 0.14416
8.94529 0.0452887
8.94804 0.0480343
8.94857 0.0485715
8.95172 0.151695
8.95185 0.0318246
8.95185 0.0318246
8.95185 0.0318246
8.95201 0.0319841
8.95201 0.0316646
8.95201 0.0316646
8.95233 0.152328
8.95265 0.0526484
8.95331 0.0533101
8.95531 0.0553092
8.95597 0.15597
8.95657 0.156569
8.95708 0.0570764
8.9592 0.0591999
8.95971 0.159705
8.96168 0.0616741
8.962 0.0619936
8.962 0.0619936
8.9626 0.062593
8.96827 0.0682627
8.96989 0.0698809
8.97167 0.0316542
8.97167 0.0316542
8.97167 0.0316542
8.97198 0.0319693
8.97198 0.0316497
8.97198 0.0316497
8.97274 0.0727352
8.97306 0.0730547
8.97353 0.0735167
8.97385 0.0738492
8.97669 0.0766766
8.97754 0.0775364
8.97864 0.0786335
8.98253 0.08253
8.98382 0.0838137
8.98432 0.0843199
8.98676 0.086726
8.98851 0.0885047
8.98883 0.0888242
8.98952 0.089517
8.99167 0.0316394
8.99167 0.0316394
8.99167 0.0316394
8.99202 0.0319855
8.99202 0.031666
8.99202 0.031666
8.99507 0.0950699
8.99645 0.096447
8.99677 0.0967535
8.9983 0.098299
8.99862 0.0986186
8.99956 0.0995601
8.99956 0.0995584
8.99994 0.0999316
9.00026 0.100261
9.00026 0.100261
9.00208 0.102074
9.0024 0.102393
9.00272 0.102713
9.00304 0.103032
9.00304 0.103032
9.00335 0.103352
9.00623 0.106225
9.00835 0.108323
9.01041 0.11041
9.01095 0.110947
9.01167 0.031653
9.01167 0.031653
9.01167 0.031653
9.01218 0.112148
9.0123 0.0322875
9.0123 0.031968
9.0123 0.031968
9.01356 0.113554
9.01512 0.115116
9.01544 0.115437
9.01604 0.116036
9.01726 0.117258
9.01982 0.119817
9.02194 0.12194
9.02226 0.12226
9.02398 0.123979
9.0252 0.125201
9.02786 0.127853
9.02886 0.128857
9.03185 0.0318519
9.03229 0.0316523
9.03229 0.0316523
9.03526 0.0352547
9.03582 0.035823
9.03614 0.036141
9.03693 0.0369286
9.03725 0.0372481
9.03791 0.137909
9.03848 0.0384736
9.03945 0.0394508
9.04052 0.0405123
9.0409 0.140898
9.04212 0.04212
9.04263 0.0426262
9.04295 0.0429457
9.04414 0.144135
9.04527 0.0452643
9.04804 0.048041
9.04855 0.0485472
9.05154 0.151515
9.05167 0.0316447
9.05167 0.0316447
9.05167 0.0316447
9.05199 0.0319597
9.05199 0.0316402
9.05199 0.0316402
9.05234 0.0523356
9.05266 0.152654
9.05335 0.0533479
9.05535 0.055347
9.05598 0.155977
9.05658 0.156576
9.05708 0.0570831
9.05921 0.0592067
9.05996 0.159961
9.06168 0.0616808
9.062 0.0620003
9.062 0.0620003
9.0626 0.0625998
9.06833 0.0683265
9.06999 0.0699895
9.07164 0.0316299
9.07164 0.0316299
9.07164 0.0316299
9.07196 0.0319449
9.07196 0.0316254
9.07196 0.0316254
9.07271 0.0727108
9.07306 0.0730614
9.07354 0.0735321
9.07386 0.073856
9.0766 0.0766016
9.07755 0.0775432
9.07864 0.0786403
9.08254 0.0825367
9.08382 0.0838205
9.08433 0.0843266
9.08679 0.086776
9.08861 0.0886048
9.08861 0.0886048
9.08949 0.0894842
9.09167 0.0316376
9.09167 0.0316376
9.09167 0.0316376
9.09198 0.0319526
9.09198 0.0316331
9.09198 0.0316331
9.09498 0.0949749
9.09635 0.0963519
9.09667 0.0966671
9.09827 0.0982662
9.09865 0.0986479
9.09956 0.0995584
9.09988 0.0998537
9.09988 0.0998763
9.1002 0.100197
9.1002 0.100197
9.10207 0.102072
9.10239 0.102392
9.10271 0.102711
9.10271 0.102711
9.10303 0.103031
9.10335 0.10335
9.10622 0.10622
9.10838 0.108349
9.11041 0.110405
9.11091 0.110911
9.11166 0.0316482
9.11166 0.0316482
9.11166 0.0316482
9.11217 0.112152
9.1123 0.0322827
9.1123 0.0319632
9.1123 0.0319632
9.11355 0.113549
9.11515 0.115119
9.11546 0.115463
9.11582 0.115814
9.11738 0.117377
9.11981 0.119812
9.12194 0.121935
9.12229 0.122286
9.12398 0.123974
9.1251 0.125102
9.12785 0.127848
9.1287 0.128696
9.13185 0.0318471
9.13198 0.0316559
9.13198 0.0316559
9.13198 0.0316559
9.13229 0.031971
9.13229 0.0316514
9.13229 0.0316514
9.13529 0.0352849
9.13579 0.035791
9.13611 0.0360865
9.13693 0.0369277
9.13725 0.0372472
9.13788 0.137877
9.13848 0.0384502
9.13945 0.0394499
9.14052 0.0404889
9.14084 0.140835
9.14212 0.0421192
9.1426 0.0425942
9.14295 0.0429448
9.14417 0.144165
9.1453 0.0452945
9.14801 0.048009
9.14855 0.0485463
9.1516 0.151577
9.15173 0.0317061
9.15173 0.0317061
9.15173 0.0317061
9.15199 0.0319589
9.15199 0.0316393
9.15199 0.0316393
9.1523 0.152303
9.15262 0.0526231
9.15329 0.0532848
9.15535 0.0553461
9.15598 0.155976
9.15658 0.156575
9.15708 0.0570822
9.15921 0.0592058
9.15965 0.159649
9.16168 0.0616799
9.162 0.0619994
9.162 0.0619994
9.1626 0.0625989
9.16827 0.0682582
9.16996 0.0699351
9.17164 0.031629
9.17164 0.031629
9.17164 0.031629
9.17199 0.0319751
9.17199 0.0316556
9.17199 0.0316556
9.17271 0.0727099
9.17303 0.0730294
9.17351 0.0734777
9.17382 0.073824
9.17663 0.0766123
9.17751 0.0775112
9.17861 0.0786083
9.18251 0.0825048
9.18376 0.0837574
9.18433 0.0843257
9.1867 0.0866939
9.1886 0.0886039
9.18892 0.0889234
9.18946 0.0894606
9.19167 0.0316452
9.19167 0.0316452
9.19167 0.0316452
9.19199 0.0319602
9.19199 0.0316407
9.19199 0.0316407
9.19498 0.0949825
9.19636 0.0963327
9.19668 0.096679
9.19812 0.0981183
9.19887 0.0988732
9.19957 0.099566
9.19989 0.0998699
9.19989 0.0998615
9.20021 0.100205
9.20021 0.100205
9.20208 0.10208
9.2024 0.102399
9.20272 0.102719
9.20272 0.102719
9.20304 0.103038
9.20304 0.103038
9.20622 0.106219
9.20837 0.108349
9.21044 0.110435
9.21079 0.110786
9.21166 0.0316473
9.21166 0.0316473
9.21166 0.0316473
9.21198 0.0319623
9.21198 0.0316428
9.21198 0.0316428
9.2123 0.112288
9.21352 0.113517
9.21517 0.115158
9.21549 0.115493
9.21603 0.116031
9.21741 0.117408
9.21984 0.119842
9.22184 0.121841
9.22226 0.122254
9.22397 0.123973
9.22523 0.125226
9.22788 0.127878
9.22885 0.128851
9.23185 0.0318462
9.23197 0.0316551
9.23197 0.0316551
9.23197 0.0316551
9.23229 0.0319701
9.23229 0.0316506
9.23229 0.0316506
9.23522 0.0352218
9.23582 0.0358213
9.23614 0.0361254
9.23693 0.0369268
9.23725 0.0372463
9.23788 0.137876
9.23845 0.0384269
9.23945 0.039449
9.24067 0.0406522
9.24099 0.140989
9.24212 0.0421183
9.24275 0.0427488
9.24307 0.0430683
9.24417 0.144165
9.24529 0.0452936
9.24801 0.0480082
9.24855 0.0485454
9.2516 0.151576
9.25173 0.0317052
9.25173 0.0317052
9.25173 0.0317052
9.25198 0.031958
9.25198 0.0316385
9.25198 0.0316385
9.25237 0.152364
9.25268 0.0526845
9.25328 0.0532839
9.25535 0.0553452
9.25601 0.156006
9.25654 0.156543
9.25711 0.0571125
9.25924 0.059236
9.25962 0.159617
9.26168 0.0616791
9.262 0.0619986
9.262 0.0619986
9.26278 0.0627846
9.26827 0.0682522
9.26996 0.0699429
9.27164 0.0316281
9.27164 0.0316281
9.27164 0.0316281
9.27199 0.0319742
9.27199 0.0316547
9.27199 0.0316547
9.27271 0.072709
9.27303 0.0730286
9.2735 0.0734854
9.27382 0.0738231
9.27663 0.0766094
9.27754 0.0775414
9.2787 0.0787007
9.2825 0.0825039
9.28382 0.0838187
9.28433 0.0843248
9.28682 0.0867984
9.2886 0.088603
9.28892 0.0889225
9.28949 0.0894909
9.29167 0.0316443
9.29167 0.0316443
9.29167 0.0316443
9.29199 0.0319594
9.29199 0.0316398
9.29199 0.0316398
9.29498 0.0949816
9.2963 0.0962783
9.29662 0.0966159
9.29821 0.0982107
9.29862 0.0986235
9.29894 0.0989361
9.29926 0.0992625
9.29986 0.0998466
9.30018 0.100181
9.30018 0.100181
9.30206 0.102056
9.30238 0.102376
9.3027 0.102695
9.3027 0.102695
9.30301 0.103015
9.30333 0.103334
9.3063 0.106298
9.30836 0.108333
9.31042 0.11042
9.31086 0.110864
9.31165 0.0316322
9.31165 0.0316322
9.31165 0.0316322
9.31196 0.0319473
9.31196 0.0316277
9.31196 0.0316277
9.31228 0.11225
9.31353 0.113533
9.31513 0.115121
9.31545 0.115447
9.31605 0.116047
9.31733 0.11733
9.31983 0.119827
9.32186 0.121857
9.32227 0.12227
9.32393 0.123927
9.32521 0.125211
9.32796 0.127956
9.32887 0.128867
9.33186 0.0318311
9.33199 0.03164
9.33199 0.03164
9.33199 0.03164
9.33231 0.031955
9.33231 0.0316355
9.33231 0.0316355
9.33527 0.0352379
9.33581 0.0357751
9.33613 0.036119
9.33694 0.0369118
9.33726 0.0372313
9.33789 0.137892
9.33849 0.0384827
9.3395 0.0394651
9.3405 0.0404903
9.34085 0.14085
9.34223 0.0421965
9.3427 0.0426716
9.34302 0.0429911
9.34415 0.14415
9.34531 0.0452786
9.34805 0.0480242
9.34856 0.0485303
9.35156 0.15153
9.35187 0.151875
9.352 0.0319785
9.352 0.0319785
9.352 0.0319785
9.352 0.0319785
9.352 0.031659
9.352 0.031659
9.35213 0.0317874
9.35245 0.0524206
9.35333 0.0533
9.35536 0.0553302
9.35599 0.155991
9.35653 0.156528
9.35707 0.0570352
9.35919 0.0591588
9.3596 0.159602
9.36169 0.061664
9.36201 0.0619835
9.36201 0.0619835
9.36283 0.0628007
9.36828 0.068263
9.36997 0.0699676
9.37165 0.0316442
9.37165 0.0316442
9.37165 0.0316442
9.37197 0.0319592
9.37197 0.0316397
9.37197 0.0316397
9.37272 0.072694
9.37304 0.0730135
9.37355 0.0735412
9.37387 0.0738391
9.3768 0.0767728
9.37759 0.0775575
9.37881 0.078779
9.38252 0.0824888
9.3838 0.0837726
9.38412 0.0841121
9.38444 0.0844116
9.38865 0.0886191
9.38897 0.0889386
9.38929 0.0892581
9.39166 0.0316293
9.39166 0.0316293
9.39166 0.0316293
9.392 0.0319754
9.392 0.0316559
9.392 0.0316559
9.39506 0.0950287
9.39631 0.096303
9.39663 0.0966009
9.39829 0.0982579
9.39861 0.0985774
9.39893 0.0989071
9.39925 0.0992164
9.39957 0.0995359
9.39989 0.0998797
9.40021 0.100175
9.40168 0.101645
9.40231 0.102276
9.40263 0.102595
9.40295 0.102915
9.40295 0.102915
9.40326 0.103234
9.40629 0.10626
9.40829 0.108265
9.41035 0.11032
9.41067 0.11064
9.41099 0.110969
9.41165 0.0316341
9.41165 0.0316341
9.41165 0.0316341
9.41196 0.0319491
9.41196 0.0316296
9.41196 0.0316296
9.41356 0.113526
9.41518 0.115154
9.4155 0.115472
9.41616 0.116133
9.41729 0.117262
9.41988 0.119852
9.42179 0.121757
9.42211 0.122077
9.42389 0.123858
9.4252 0.125173
9.42795 0.127919
9.42877 0.128736
9.43185 0.0318245
9.43198 0.0316334
9.43198 0.0316334
9.43198 0.0316334
9.4323 0.0319484
9.4323 0.0316289
9.4323 0.0316289
9.43535 0.0353246
9.4358 0.0357685
9.43612 0.0360899
9.43693 0.0369052
9.43725 0.0372247
9.43792 0.137886
9.43848 0.0384537
9.43949 0.0394585
9.44052 0.0404924
9.4409 0.140874
9.44225 0.0422211
9.44269 0.042665
9.44305 0.0430156
9.44408 0.14405
9.4453 0.045272
9.44805 0.0480176
9.44858 0.0485549
9.45164 0.151616
9.45196 0.15193
9.45209 0.0320652
9.45209 0.0320652
9.45209 0.0320652
9.45209 0.0320652
9.45209 0.0317457
9.45209 0.0317457
9.45222 0.0318741
9.4526 0.0525695
9.45335 0.0533245
9.45538 0.0553547
9.45601 0.155984
9.45661 0.156584
9.45709 0.0570597
9.45921 0.0591833
9.45963 0.159595
9.46172 0.0616885
9.46204 0.062008
9.46204 0.062008
9.46273 0.0627008
9.46834 0.0683135
9.47006 0.0700318
9.47165 0.0316376
9.47165 0.0316376
9.47165 0.0316376
9.47196 0.0319526
9.47196 0.0316331
9.47196 0.0316331
9.47275 0.0727185
9.47307 0.073038
9.47354 0.0735122
9.47386 0.0738326
9.47661 0.0765912
9.47755 0.0775198
9.47865 0.0786169
9.48261 0.0825755
9.4838 0.083766
9.48412 0.0840949
9.48443 0.084405
9.48864 0.0886125
9.48896 0.088932
9.48896 0.088932
9.49167 0.0316453
9.49167 0.0316453
9.49167 0.0316453
9.49199 0.0319604
9.49199 0.0316408
9.49199 0.0316408
9.49501 0.0949826
9.4963 0.0962654
9.49662 0.0965858
9.49815 0.0981184
9.49869 0.0986556
9.499 0.0990024
9.49932 0.0992946
9.49964 0.0996141
9.49996 0.0999355
9.50028 0.100253
9.50203 0.102003
9.50235 0.102323
9.50235 0.102323
9.50267 0.102642
9.50299 0.102962
9.50331 0.103281
9.50627 0.106245
9.5084 0.108374
9.51018 0.11015
9.5105 0.110469
9.51094 0.11094
9.51166 0.0316502
9.51166 0.0316502
9.51166 0.0316502
9.51198 0.0319652
9.51198 0.0316457
9.51198 0.0316457
9.51357 0.113542
9.51504 0.115013
9.51536 0.115343
9.51602 0.115994
9.51731 0.117278
9.5199 0.119868
9.5219 0.121867
9.52231 0.12228
9.5239 0.123874
9.52525 0.12522
9.5279 0.127873
9.52878 0.128752
9.53187 0.0318406
9.532 0.0316495
9.532 0.0316495
9.532 0.0316495
9.53231 0.0319645
9.53231 0.031645
9.53231 0.031645
9.53528 0.0352473
9.53588 0.0358468
9.5362 0.0361768
9.53695 0.0369213
9.53727 0.0372408
9.53796 0.137933
9.5385 0.0384784
9.5395 0.0394746
9.54051 0.0404859
9.54095 0.140921
9.54223 0.042206
9.54265 0.0426188
9.543 0.0429694
9.54419 0.144159
9.54532 0.0452881
9.54803 0.0480026
9.54857 0.0485398
9.55159 0.15157
9.55172 0.0316996
9.55172 0.0316996
9.55172 0.0316996
9.55198 0.0319524
9.55198 0.0316329
9.55198 0.0316329
9.55245 0.152421
9.55277 0.0527411
9.55331 0.0532783
9.55537 0.0553397
9.55603 0.156
9.5566 0.156569
9.55701 0.0569825
9.55926 0.0592304
9.55964 0.159611
9.5617 0.0616735
9.56202 0.061993
9.56202 0.061993
9.56271 0.0626857
9.56832 0.0682933
9.56998 0.0699632
9.57166 0.0316536
9.57166 0.0316536
9.57166 0.0316536
9.57198 0.0319686
9.57198 0.0316491
9.57198 0.0316491
9.57273 0.0727035
9.57305 0.073023
9.57353 0.0735058
9.57385 0.0738175
9.57669 0.0766546
9.57756 0.0775358
9.57866 0.0786329
9.58253 0.0824983
9.58387 0.0838442
9.58419 0.0841627
9.58419 0.0841637
9.58865 0.0886201
9.58897 0.0889396
9.58897 0.0889396
9.59168 0.0316529
9.59168 0.0316529
9.59168 0.0316529
9.59199 0.0319679
9.59199 0.0316484
9.59199 0.0316484
9.59508 0.0950524
9.59633 0.0963128
9.59665 0.0966245
9.59828 0.0982504
9.59866 0.0986321
9.5991 0.0990893
9.59946 0.0994266
9.59978 0.0997461
9.59978 0.0997567
9.59978 0.0997461
9.60209 0.102056
9.6024 0.102376
9.6024 0.102376
9.60272 0.102695
9.60272 0.102695
9.60304 0.103015
9.60626 0.106227
9.60825 0.108232
9.61029 0.110256
9.6106 0.110576
9.61164 0.111624
9.61177 0.0317568
9.61177 0.0317568
9.61177 0.0317568
9.61196 0.0319474
9.61196 0.0316279
9.61196 0.0316279
9.61358 0.113556
9.61515 0.115138
9.61547 0.115439
9.61604 0.116007
9.61729 0.11726
9.61991 0.119881
9.62175 0.121725
9.62229 0.122262
9.62395 0.123919
9.62523 0.125203
9.62791 0.127886
9.6287 0.128672
9.63185 0.0318228
9.63198 0.0316317
9.63198 0.0316317
9.63198 0.0316317
9.63229 0.0319467
9.63229 0.0316272
9.63229 0.0316272
9.63529 0.0352606
9.63579 0.0357668
9.63611 0.0361055
9.63693 0.0369034
9.63725 0.037223
9.63791 0.137884
9.63848 0.0384692
9.63948 0.0394567
9.64052 0.0405079
9.6409 0.140873
9.64225 0.0422193
9.64263 0.042601
9.64298 0.0429516
9.64426 0.144235
9.64533 0.0453014
9.64804 0.0480159
9.64858 0.0485531
9.65164 0.151615
9.65177 0.031744
9.65177 0.031744
9.65177 0.031744
9.65199 0.0319657
9.65199 0.0316462
9.65199 0.0316462
9.65246 0.0524349
9.65278 0.152754
9.65329 0.0532605
9.65538 0.055353
9.65604 0.156014
9.65661 0.156582
9.65715 0.0571202
9.65927 0.0592437
9.65975 0.159718
9.66171 0.0616868
9.66203 0.0620063
9.66203 0.0620063
9.66266 0.0626368
9.66824 0.0682392
9.66996 0.069954
9.67164 0.0316358
9.67164 0.0316358
9.67164 0.0316358
9.67196 0.0319508
9.67196 0.0316313
9.67196 0.0316313
9.67274 0.0727168
9.67306 0.0730363
9.67345 0.0734344
9.6738 0.0737686
9.6766 0.0765869
9.67755 0.077518
9.67864 0.0786151
9.68254 0.0825116
9.68354 0.0835349
9.68386 0.0838349
9.68434 0.0843099
9.68867 0.0886418
9.68899 0.0889613
9.68899 0.0889613
9.69167 0.0316436
9.69167 0.0316436
9.69167 0.0316436
9.69198 0.0319586
9.69198 0.0316391
9.69198 0.0316391
9.69498 0.0949497
9.69635 0.0963432
9.69667 0.0966463
9.69827 0.098241
9.69878 0.0987472
9.69916 0.0991282
9.69954 0.0995382
9.69986 0.0998301
9.69986 0.0998301
9.70018 0.10015
9.70208 0.102055
9.7024 0.102375
9.7024 0.102375
9.70272 0.102694
9.70304 0.103014
9.70304 0.103014
9.70625 0.106226
9.70828 0.108262
9.71019 0.110162
9.71051 0.110482
9.71164 0.111609
9.71177 0.0317559
9.71177 0.0317559
9.71177 0.0317559
9.71196 0.0319465
9.71196 0.031627
9.71196 0.031627
9.71355 0.113524
9.71452 0.114524
9.71512 0.115096
9.716 0.115975
9.7175 0.117477
9.71997 0.119942
9.72175 0.121724
9.72229 0.122261
9.72388 0.123856
9.7252 0.125171
9.72801 0.127978
9.72861 0.128578
9.73185 0.0318219
9.73198 0.0316308
9.73198 0.0316308
9.73198 0.0316308
9.73229 0.0319458
9.73229 0.0316263
9.73229 0.0316263
9.73526 0.0352287
9.73579 0.0357659
9.73611 0.0360821
9.73693 0.0369026
9.73725 0.0372221
9.73794 0.137914
9.73848 0.0384769
9.73948 0.0394559
9.74055 0.0405467
9.7409 0.140872
9.74215 0.0421251
9.74263 0.0426001
9.74298 0.0429507
9.74426 0.144234
9.74533 0.0453005
9.74804 0.048015
9.74858 0.0485522
9.7517 0.151676
9.75183 0.0318053
9.75183 0.0318053
9.75183 0.0318053
9.75199 0.0319648
9.75199 0.0316453
9.75199 0.0316453
9.7524 0.152371
9.75272 0.0526913
9.75332 0.0532907
9.75538 0.0553521
9.75598 0.155951
9.75661 0.156581
9.75708 0.0570571
9.75924 0.0592117
9.75975 0.159717
9.76171 0.0616859
9.76203 0.0620054
9.76203 0.0620054
9.76263 0.0626048
9.76827 0.0682642
9.76996 0.0699307
9.77164 0.0316349
9.77164 0.0316349
9.77164 0.0316349
9.77196 0.0319499
9.77196 0.0316304
9.77196 0.0316304
9.77274 0.0727159
9.77306 0.0730354
9.77354 0.0735355
9.77386 0.0738299
9.77666 0.0766492
9.77758 0.0775482
9.77864 0.0786142
9.7822 0.0821686
9.78351 0.0834924
9.78383 0.0838029
9.78434 0.084309
9.78854 0.0885165
9.78886 0.088836
9.78918 0.0891555
9.79168 0.0316512
9.79168 0.0316512
9.79168 0.0316512
9.79199 0.0319662
9.79199 0.0316467
9.79199 0.0316467
9.79498 0.0949573
9.79627 0.0962661
9.79659 0.0965605
9.79815 0.0981242
9.79866 0.0986303
9.79916 0.0991529
9.79951 0.0995007
9.79983 0.0998066
9.79983 0.0998066
9.79983 0.0998066
9.80208 0.102055
9.8024 0.102374
9.8024 0.102374
9.80272 0.102694
9.80304 0.103013
9.80336 0.103333
9.80626 0.106234
9.80838 0.108363
9.8102 0.11017
9.81052 0.110489
9.81164 0.0316306
9.81164 0.0316306
9.81164 0.0316306
9.81196 0.0319456
9.81196 0.0316261
9.81196 0.0316261
9.81227 0.112264
9.81356 0.113531
9.81475 0.114735
9.81513 0.115103
9.81545 0.115423
9.81729 0.117266
9.81988 0.119857
9.82176 0.121731
9.8223 0.122269
9.82389 0.123863
9.82524 0.125209
9.82801 0.127986
9.82874 0.12871
9.83186 0.0318295
9.83198 0.0316384
9.83198 0.0316384
9.83198 0.0316384
9.8323 0.0319534
9.8323 0.0316339
9.8323 0.0316339
9.83532 0.0352984
9.83589 0.0358668
9.83621 0.0361916
9.83694 0.0369102
9.83726 0.0372297
9.83789 0.137859
9.83849 0.0384621
9.83949 0.0394634
9.84052 0.0405008
9.84088 0.140848
9.84225 0.042226
9.84263 0.0426077
9.84298 0.0429583
9.84418 0.144148
9.8453 0.045277
9.84805 0.0480226
9.84859 0.0485598
9.85158 0.151559
9.85171 0.0316885
9.85171 0.0316885
9.85171 0.0316885
9.85199 0.0319724
9.85199 0.0316529
9.85199 0.0316529
9.85234 0.152316
9.85266 0.0526367
9.85332 0.0532983
9.85535 0.0553286
9.85599 0.155958
9.85662 0.156589
9.85712 0.0570958
9.85921 0.0591882
9.85975 0.159725
9.86169 0.0616624
9.86201 0.0619819
9.86201 0.0619819
9.86261 0.0625813
9.86828 0.0682666
9.86997 0.0699469
9.87165 0.0316425
9.87165 0.0316425
9.87165 0.0316425
9.87196 0.0319575
9.87196 0.031638
9.87196 0.031638
9.87272 0.0726924
9.87304 0.0730119
9.87354 0.0735206
9.87386 0.0738375
9.87661 0.0765797
9.87755 0.0775247
9.87865 0.0786218
9.8822 0.0821761
9.88352 0.0834894
9.88387 0.0838416
9.88437 0.0843477
9.88852 0.088493
9.8889 0.0888747
9.8889 0.0888747
9.89167 0.0316503
9.89167 0.0316503
9.89167 0.0316503
9.89199 0.0319653
9.89199 0.0316458
9.89199 0.0316458
9.89498 0.0949564
9.8963 0.0962739
9.89662 0.0965908
9.89831 0.0982789
9.89866 0.0986295
9.89919 0.0991691
9.89954 0.0995173
9.89986 0.0998365
9.89986 0.0998368
9.90018 0.100156
9.90212 0.102093
9.90244 0.102413
9.90244 0.102413
9.90276 0.102732
9.90276 0.102732
9.90308 0.103052
9.90626 0.106233
9.90829 0.108269
9.91023 0.1102
9.91055 0.110519
9.91164 0.0316297
9.91164 0.0316297
9.91164 0.0316297
9.91195 0.0319447
9.91195 0.0316252
9.91195 0.0316252
9.91227 0.112271
9.91353 0.113499
9.91453 0.114503
9.91513 0.115102
9.91545 0.115422
9.91729 0.117266
9.91991 0.119887
9.92176 0.12173
9.92229 0.122268
9.92389 0.123862
9.9252 0.125177
9.92792 0.127892
9.92892 0.128896
9.93185 0.0318286
9.93198 0.0316375
9.93198 0.0316375
9.93198 0.0316375
9.9323 0.0319525
9.9323 0.031633
9.9323 0.031633
9.93526 0.0352354
9.9358 0.0357726
9.93612 0.0361061
9.93612 0.0320854
9.93693 0.0369093
9.93725 0.0372288
9.93788 0.137859
9.93848 0.0384698
9.93949 0.0394626
9.93962 0.0318744
9.9405 0.0404814
9.94088 0.140851
9.94222 0.042198
9.94264 0.0426108
9.94299 0.0429614
9.94343 0.0316323
9.94418 0.144155
9.94531 0.045284
9.94758 0.0316447
9.94803 0.0480025
9.94857 0.0485397
9.95096 0.0316261
9.95159 0.151574
9.95172 0.0316923
9.95172 0.0316923
9.95172 0.0316923
9.95198 0.0319451
9.95198 0.0316256
9.95198 0.0316256
9.95236 0.152331
9.95268 0.0526517
9.95334 0.0533133
9.95537 0.0553436
9.9555 0.0319038
9.95597 0.155946
9.9566 0.156577
9.95717 0.0571459
9.9592 0.0591761
9.95933 0.031902
9.95974 0.159716
9.96171 0.0616853
9.96203 0.0620048
9.96203 0.0620048
9.96263 0.0626043
9.96347 0.0316515
9.96721 0.031647
9.96828 0.0682612
9.9699 0.0698932
9.97165 0.0316283
9.97165 0.0316283
9.97165 0.0316283
9.97199 0.0319744
9.97199 0.0316549
9.97199 0.0316549
9.97272 0.0726922
9.97304 0.0730117
9.97354 0.073529
9.97386 0.0738373
9.97399 0.0317154
9.97652 0.0765025
9.97755 0.0775285
9.97802 0.0316345
9.97866 0.0786296
9.98193 0.0316385
9.98224 0.082219
9.98353 0.0835217
9.98385 0.0838222
9.98432 0.0842972
9.98856 0.0885358
9.98888 0.0888554
9.98948 0.0894548
9.98961 0.0317866
9.99163 0.0316266
9.99163 0.0316266
9.99163 0.0316266
9.99198 0.0319727
9.99198 0.0316532
9.99198 0.0316532
9.99323 0.0316487
9.99501 0.0949846
9.99636 0.0963417
9.99668 0.09665
9.99774 0.0316385
9.99815 0.0981243
9.99878 0.0987549
9.99919 0.0991872
9.99954 0.0995351
9.99986 0.0998378

