% time_sec delay_sec
0.14211 0.0420795
0.150454 0.0504238
0.15575 0.0557199
0.162944 0.0629134
0.166125 0.0660945
0.168902 0.0688712
0.169221 0.0691907
0.169727 0.0696969
0.17042 0.0703896
0.171579 0.0715489
0.17389 0.0738591
0.17508 0.0750495
0.175399 0.075369
0.176186 0.0761551
0.177065 0.0770345
0.177416 0.0773851
0.177953 0.0779223
0.178272 0.0782418
0.180147 0.0801165
0.180498 0.0804671
0.181346 0.0813154
0.182256 0.0822259
0.18522 0.0851893
0.185539 0.0855088
0.187227 0.0871968
0.187547 0.0875163
0.188177 0.0881469
0.189617 0.0895861
0.189936 0.0899057
0.190256 0.0902252
0.191695 0.0916644
0.192854 0.0928237
0.193174 0.0931432
0.193649 0.0936183
0.193968 0.0939378
0.196403 0.0963723
0.196722 0.0966919
0.198286 0.0982555
0.198605 0.098575
0.198605 0.098575
0.200325 0.100294
0.20108 0.101049
0.202021 0.101991
0.204985 0.104954
0.205584 0.105554
0.206401 0.106371
0.207561 0.10753
0.207942 0.107912
0.208915 0.108884
0.209577 0.109546
0.210829 0.110799
0.215317 0.115286
0.216476 0.116445
0.216795 0.116765
0.217488 0.117458
0.219238 0.119208
0.222357 0.122327
0.222677 0.122646
0.222996 0.122966
0.223378 0.123348
0.225502 0.125471
0.225821 0.125791
0.229096 0.129065
0.229415 0.129385
0.230263 0.130233
0.230987 0.130957
0.232333 0.132303
0.233928 0.133897
0.238384 0.138354
0.239388 0.139358
0.242071 0.0420642
0.243946 0.143916
0.248434 0.148403
0.249033 0.149003
0.250472 0.0504651
0.250792 0.150761
0.253413 0.153383
0.254355 0.154324
0.254892 0.154861
0.255211 0.155181
0.255717 0.0557103
0.260143 0.160112
0.260462 0.160432
0.263021 0.063014
0.266171 0.066164
0.268886 0.0688785
0.269205 0.069198
0.269587 0.169556
0.269906 0.0698992
0.270413 0.0704053
0.271634 0.0716269
0.273944 0.073937
0.275041 0.0750341
0.275361 0.0753536
0.276147 0.0761397
0.277088 0.0770813
0.277408 0.0774008
0.277945 0.077938
0.278265 0.0782575
0.280108 0.0801011
0.28049 0.0804829
0.281307 0.0813
0.28228 0.0822727
0.285212 0.085205
0.285532 0.0855245
0.287189 0.0871814
0.287508 0.087501
0.288139 0.0881315
0.28964 0.089633
0.28996 0.0899525
0.290279 0.090272
0.291718 0.0917112
0.292816 0.0928083
0.293135 0.0931278
0.29361 0.0936029
0.29393 0.0939224
0.296364 0.096357
0.296684 0.0966765
0.298278 0.0982712
0.298598 0.0985907
0.298598 0.0985907
0.300317 0.10031
0.301072 0.101065
0.301983 0.101975
0.304977 0.10497
0.305576 0.105569
0.306394 0.106386
0.307553 0.107546
0.307935 0.107927
0.308907 0.1089
0.309569 0.109562
0.310853 0.110846
0.315278 0.115271
0.316437 0.11643
0.316757 0.11675
0.31745 0.117442
0.319231 0.119224
0.322381 0.122374
0.3227 0.122693
0.32302 0.123013
0.323464 0.123457
0.325463 0.125456
0.325938 0.125931
0.329026 0.129019
0.329407 0.1294
0.330287 0.13028
0.330948 0.130941
0.332326 0.132318
0.333889 0.133882
0.338346 0.138338
0.33938 0.139373
0.342095 0.0420799
0.343907 0.1439
0.348488 0.148481
0.349025 0.149018
0.350434 0.0504186
0.350753 0.150746
0.353499 0.153492
0.354347 0.15434
0.354853 0.154846
0.355173 0.155165
0.355741 0.055726
0.360104 0.160097
0.360424 0.160416
0.362951 0.0629364
0.366132 0.0661175
0.368878 0.0688631
0.369198 0.0691826
0.369517 0.16951
0.369837 0.0698216
0.370405 0.0703899
0.371564 0.0715493
0.373906 0.0738905
0.375065 0.0750498
0.375384 0.0753693
0.37617 0.0761554
0.37705 0.0770348
0.3774 0.0773854
0.377938 0.0779226
0.378257 0.0782421
0.380132 0.0801168
0.380482 0.0804675
0.381331 0.0813157
0.382272 0.0822573
0.385205 0.0851896
0.385524 0.0855091
0.387181 0.0871661
0.387501 0.0874856
0.388162 0.0881472
0.389664 0.0896487
0.389983 0.0899682
0.390303 0.0902877
0.391711 0.0916958
0.392839 0.092824
0.393159 0.0931435
0.393634 0.0936186
0.393953 0.0939381
0.396388 0.0963727
0.396707 0.0966922
0.398271 0.0982558
0.39859 0.0985753
0.39859 0.0985753
0.40031 0.100295
0.401065 0.101049
0.401975 0.10196
0.404969 0.104954
0.405569 0.105554
0.406386 0.106371
0.407545 0.10753
0.407865 0.10785
0.4089 0.108885
0.409561 0.109546
0.410814 0.110799
0.415301 0.115286
0.416461 0.116446
0.41678 0.116765
0.417473 0.117458
0.419223 0.119208
0.422342 0.122327
0.422662 0.122647
0.422981 0.122966
0.423394 0.123379
0.425486 0.125471
0.425837 0.125822
0.42908 0.129065
0.4294 0.129385
0.430248 0.130233
0.431034 0.131019
0.432318 0.132303
0.433913 0.133898
0.438369 0.138354
0.439404 0.139389
0.442087 0.0420646
0.443931 0.143916
0.448481 0.148466
0.449018 0.149003
0.450457 0.0504343
0.450777 0.150762
0.453491 0.153476
0.454339 0.154324
0.454939 0.154924
0.455258 0.155243
0.455733 0.0557106
0.460128 0.160113
0.460447 0.160432
0.463006 0.0629832
0.466156 0.0661332
0.468871 0.0688477
0.46919 0.0691672
0.469572 0.169557
0.469891 0.0698684
0.470428 0.0704056
0.471619 0.0715961
0.473929 0.0739062
0.475057 0.0750344
0.475377 0.0753539
0.476163 0.07614
0.477073 0.0770505
0.477393 0.07737
0.477961 0.0779383
0.478281 0.0782579
0.480124 0.0801015
0.480506 0.0804832
0.481323 0.0813003
0.482265 0.0822419
0.485228 0.0852053
0.485548 0.0855248
0.487205 0.0871818
0.487524 0.0875013
0.488155 0.0881318
0.489656 0.0896333
0.489976 0.0899528
0.490295 0.0902723
0.491734 0.0917115
0.492831 0.0928086
0.493151 0.0931282
0.493626 0.0936032
0.493946 0.0939227
0.49638 0.0963573
0.4967 0.0966768
0.498294 0.0982715
0.498614 0.098591
0.498614 0.098591
0.500302 0.100279
0.501088 0.101065
0.501999 0.101976
0.504962 0.104939
0.505872 0.10585
0.506472 0.106449
0.507569 0.107546
0.507888 0.107866
0.508923 0.1089
0.509585 0.109562
0.510806 0.110784
0.515294 0.115271
0.516453 0.11643
0.516773 0.11675
0.517466 0.117443
0.519247 0.119224
0.522366 0.122343
0.522685 0.122662
0.523005 0.122982
0.52348 0.123457
0.525479 0.125456
0.52583 0.125807
0.529042 0.129019
0.529423 0.129401
0.530365 0.130342
0.531058 0.131035
0.532342 0.132319
0.533905 0.133882
0.538362 0.138339
0.539396 0.139374
0.542111 0.0420803
0.543923 0.143901
0.548504 0.148481
0.549041 0.149019
0.55045 0.0504189
0.550769 0.150746
0.553452 0.15343
0.554363 0.15434
0.554931 0.154908
0.555251 0.155228
0.555757 0.0557263
0.56012 0.160097
0.560439 0.160417
0.562998 0.0629678
0.566148 0.0661178
0.568894 0.0688634
0.569214 0.0691829
0.569564 0.169541
0.569884 0.069853
0.570421 0.0703903
0.571642 0.0716118
0.573922 0.0738908
0.575081 0.0750501
0.575431 0.0754008
0.576186 0.0761557
0.577066 0.0770351
0.577416 0.0773857
0.577954 0.0779229
0.578273 0.0782425
0.580148 0.0801172
0.580498 0.0804678
0.581347 0.081316
0.582257 0.0822265
0.585221 0.0851899
0.58554 0.0855094
0.587197 0.0871664
0.587517 0.0874859
0.588178 0.0881475
0.58968 0.089649
0.589999 0.0899685
0.590319 0.090288
0.591727 0.0916961
0.592855 0.0928244
0.593175 0.0931439
0.59365 0.0936189
0.593969 0.0939384
0.596404 0.096373
0.596723 0.0966925
0.598287 0.0982561
0.598606 0.0985757
0.598606 0.0985757
0.600326 0.100295
0.60108 0.10105
0.602022 0.101991
0.604985 0.104955
0.605585 0.105554
0.606464 0.106434
0.607561 0.107531
0.607881 0.10785
0.608916 0.108885
0.609577 0.109547
0.61083 0.110799
0.615317 0.115287
0.616477 0.116446
0.616796 0.116766
0.617489 0.117458
0.619239 0.119209
0.622358 0.122328
0.622678 0.122647
0.622997 0.122967
0.623503 0.123473
0.625502 0.125472
0.625853 0.125822
0.629096 0.129066
0.629416 0.129385
0.630295 0.130265
0.63105 0.13102
0.632334 0.132303
0.633929 0.133898
0.638385 0.138354
0.639389 0.139358
0.642072 0.0420649
0.643947 0.143916
0.648434 0.148404
0.649034 0.149003
0.650442 0.0504346
0.650762 0.150731
0.653445 0.153414
0.654355 0.154325
0.654955 0.154924
0.655274 0.155244
0.655718 0.0557109
0.660144 0.160113
0.660463 0.160432
0.663022 0.0630146
0.666172 0.0661646
0.668918 0.0689102
0.669237 0.0692297
0.669588 0.169557
0.669907 0.0698998
0.670413 0.070406
0.671635 0.0716275
0.673945 0.0739376
0.675042 0.0750348
0.675362 0.0753543
0.676148 0.0761403
0.677089 0.0770819
0.677409 0.0774014
0.677946 0.0779387
0.678266 0.0782582
0.680109 0.0801018
0.680491 0.0804835
0.681308 0.0813007
0.682281 0.0822733
0.685213 0.0852056
0.685532 0.0855251
0.687189 0.0871821
0.687509 0.0875016
0.68814 0.0881321
0.689641 0.0896336
0.68996 0.0899531
0.69028 0.0902726
0.691719 0.0917119
0.692816 0.092809
0.693136 0.0931285
0.693611 0.0936035
0.69393 0.093923
0.696365 0.0963576
0.696684 0.0966771
0.69831 0.098303
0.69863 0.0986225
0.698949 0.098942
0.700295 0.100288
0.701081 0.101074
0.701992 0.101984
0.704955 0.104948
0.705555 0.105547
0.706372 0.106364
0.707562 0.107555
0.707913 0.107905
0.708886 0.108878
0.709578 0.109571
0.710862 0.110855
0.715287 0.11528
0.716447 0.116439
0.716766 0.116759
0.717459 0.117451
0.71924 0.119233
0.722328 0.122321
0.722647 0.12264
0.722967 0.12296
0.723473 0.123466
0.725472 0.125465
0.725947 0.12594
0.729066 0.129059
0.729417 0.129409
0.730296 0.130289
0.730958 0.13095
0.732304 0.132296
0.733899 0.133891
0.738355 0.138347
0.73939 0.139382
0.742073 0.0420579
0.743917 0.143909
0.748435 0.148428
0.749066 0.149058
0.750443 0.0504277
0.750762 0.150755
0.753477 0.15347
0.754356 0.154349
0.754862 0.154855
0.755182 0.155175
0.755719 0.055704
0.760113 0.160106
0.760433 0.160425
0.762961 0.0629455
0.766173 0.0661577
0.768887 0.0688722
0.769207 0.0691917
0.769558 0.16955
0.769877 0.0698618
0.770414 0.070399
0.771636 0.0716206
0.773915 0.0738996
0.775074 0.0750589
0.775394 0.0753784
0.776149 0.0761334
0.777059 0.0770439
0.777379 0.0773634
0.777916 0.0779006
0.778235 0.0782201
0.780141 0.0801259
0.780492 0.0804766
0.78134 0.0813248
0.782375 0.0823597
0.785214 0.0851987
0.785533 0.0855182
0.78719 0.0871751
0.78751 0.0874947
0.78814 0.0881252
0.789611 0.0895956
0.78993 0.0899151
0.79025 0.0902346
0.791689 0.0916738
0.792817 0.092802
0.793137 0.0931215
0.793643 0.0936277
0.793962 0.0939472
0.796366 0.0963507
0.796685 0.0966702
0.79828 0.0982649
0.7986 0.0985844
0.7986 0.0985844
0.800319 0.100304
0.801074 0.101059
0.802015 0.102
0.804948 0.104932
0.805547 0.105532
0.806395 0.10638
0.807555 0.107539
0.807874 0.107859
0.808909 0.108894
0.809571 0.109556
0.810886 0.11087
0.81528 0.115264
0.816439 0.116424
0.816759 0.116743
0.817451 0.117436
0.819233 0.119217
0.822352 0.122336
0.822671 0.122656
0.822991 0.122975
0.823466 0.12345
0.825496 0.125481
0.825846 0.125831
0.829027 0.129012
0.829409 0.129394
0.830289 0.130273
0.831044 0.131028
0.832327 0.132312
0.833891 0.133876
0.838378 0.138363
0.839413 0.139398
0.842097 0.0420736
0.84394 0.143925
0.84849 0.148475
0.849027 0.149012
0.850466 0.0504434
0.850786 0.150771
0.853532 0.153516
0.854349 0.154334
0.854948 0.154933
0.855268 0.155252
0.855743 0.0557197
0.860106 0.160091
0.860425 0.16041
0.863015 0.0629923
0.866165 0.0661423
0.868911 0.0688879
0.86923 0.0692074
0.869612 0.169597
0.869932 0.0699086
0.870438 0.0704147
0.871597 0.0715741
0.873907 0.0738842
0.875067 0.0750435
0.875417 0.0753941
0.876172 0.0761491
0.877083 0.0770596
0.877402 0.0773791
0.877939 0.0779163
0.878259 0.0782358
0.880134 0.0801105
0.880484 0.0804612
0.881332 0.0813094
0.882274 0.082251
0.885237 0.0852144
0.885557 0.0855339
0.887214 0.0871909
0.887533 0.0875104
0.888164 0.0881409
0.889665 0.0896424
0.889985 0.0899619
0.890304 0.0902814
0.891713 0.0916895
0.892841 0.0928177
0.89316 0.0931372
0.893635 0.0936123
0.893955 0.0939318
0.896389 0.0963664
0.896709 0.0966859
0.898273 0.0982495
0.898592 0.098569
0.898592 0.098569
0.900311 0.100288
0.901097 0.101074
0.901977 0.101954
0.904971 0.104948
0.905571 0.105548
0.906481 0.106458
0.907578 0.107555
0.907898 0.107875
0.908902 0.108878
0.909594 0.109571
0.910878 0.110855
0.915303 0.11528
0.916463 0.116439
0.916782 0.116759
0.917475 0.117452
0.919256 0.119233
0.922344 0.122321
0.922663 0.12264
0.922983 0.12296
0.923489 0.123466
0.925488 0.125465
0.925839 0.125816
0.929051 0.129028
0.929433 0.12941
0.930281 0.130258
0.931036 0.131013
0.93232 0.132297
0.933914 0.133891
0.938371 0.138348
0.939375 0.139352
0.942089 0.0420583
0.943933 0.14391
0.948513 0.14849
0.94902 0.148997
0.950459 0.050428
0.950778 0.150755
0.953431 0.153408
0.954372 0.154349
0.954941 0.154918
0.95526 0.155237
0.955735 0.0557043
0.960129 0.160106
0.960449 0.160426
0.963008 0.0629769
0.966158 0.0661269
0.968903 0.0688725
0.969223 0.069192
0.969573 0.16955
0.969893 0.0698621
0.97043 0.0703993
0.97159 0.0715587
0.973931 0.0738999
0.97509 0.0750592
0.975441 0.0754099
0.976165 0.0761337
0.977075 0.0770442
0.977395 0.0773637
0.977994 0.0779631
0.978314 0.0782827
0.980157 0.0801263
0.980508 0.0804769
0.981356 0.0813251
0.982266 0.0822356
0.98523 0.085199
0.985549 0.0855185
0.987206 0.0871755
0.987526 0.087495
0.988156 0.0881255
0.989658 0.089627
0.989977 0.0899465
0.990297 0.090266
0.991767 0.0917363
0.992833 0.0928023
0.993153 0.0931219
0.993659 0.093628
0.993978 0.0939475
0.996382 0.096351
0.996701 0.0966705
0.998296 0.0982652
0.998616 0.0985847
0.998616 0.0985847
1.0003 0.100273
1.00109 0.101059
1.00203 0.102
1.00497 0.104934
1.00569 0.105658
1.00648 0.106444
1.00757 0.107541
1.00789 0.107861
1.00893 0.108896
1.00959 0.109557
1.01081 0.110779
1.0153 0.115266
1.01646 0.116426
1.01678 0.116745
1.01747 0.117438
1.01925 0.119219
1.02237 0.122338
1.02269 0.122658
1.02301 0.122977
1.02342 0.12339
1.02551 0.125483
1.02586 0.125833
1.02908 0.129045
1.02943 0.129396
1.03034 0.130306
1.03106 0.13103
1.03234 0.132314
1.03391 0.133878
1.0384 0.138365
1.0394 0.139369
1.04208 0.0420756
1.04396 0.143927
1.04845 0.148414
1.04904 0.149014
1.05045 0.0504453
1.05077 0.150742
1.05346 0.153425
1.05437 0.154335
1.05493 0.154904
1.05525 0.155223
1.05573 0.0557216
1.06012 0.160092
1.06044 0.160412
1.063 0.0629942
1.06618 0.0661753
1.0689 0.0688898
1.06922 0.0692093
1.06957 0.169537
1.06989 0.0698794
1.07042 0.0704167
1.07165 0.0716382
1.07396 0.0739484
1.07508 0.0750766
1.0754 0.0753961
1.07616 0.076151
1.0771 0.0770926
1.07742 0.0774121
1.07796 0.0779494
1.07828 0.0782689
1.08012 0.0801125
1.0805 0.0804942
1.08135 0.0813425
1.08211 0.0420892
1.08211 0.0420892
1.08211 0.0420892
1.08242 0.0824169
1.08274 0.0427282
1.08274 0.0424087
1.08274 0.0424087
1.08524 0.0852332
1.08556 0.0855527
1.08722 0.0872097
1.08754 0.0875292
1.08817 0.0881598
1.08964 0.0896301
1.08996 0.0899496
1.09028 0.0902691
1.09175 0.0917395
1.09281 0.0928055
1.09329 0.0932805
1.09364 0.0936311
1.09396 0.0939507
1.09639 0.0963852
1.09671 0.0967047
1.09828 0.0982684
1.0986 0.0985879
1.0986 0.0985879
1.10035 0.100338
1.1011 0.101093
1.10198 0.101973
1.1023 0.0422981
1.1023 0.0422981
1.1023 0.0422981
1.10262 0.0426176
1.10262 0.0422981
1.10262 0.0422981
1.10496 0.104953
1.10568 0.105677
1.10638 0.106369
1.10754 0.107529
1.10792 0.10791
1.10889 0.108883
1.10955 0.109545
1.11084 0.110829
1.11529 0.115285
1.11642 0.116413
1.11674 0.116733
1.11743 0.117425
1.11921 0.119207
1.12189 0.0418749
1.12189 0.0418749
1.12189 0.0418749
1.12237 0.122361
1.12269 0.12268
1.12301 0.123
1.12314 0.0431174
1.12314 0.0427979
1.12314 0.0427979
1.12349 0.123479
1.12549 0.125478
1.12593 0.125922
1.12902 0.12901
1.1294 0.129391
1.13034 0.130333
1.13094 0.130932
1.13229 0.132278
1.13388 0.133873
1.13837 0.13836
1.1394 0.139395
1.14209 0.0420823
1.14221 0.0418912
1.14221 0.0418912
1.14221 0.0418912
1.14253 0.0422062
1.14253 0.0418867
1.14253 0.0418867
1.14394 0.14393
1.14843 0.148418
1.14899 0.148986
1.15046 0.0504346
1.15078 0.150776
1.1535 0.15349
1.15432 0.154308
1.15485 0.154845
1.15517 0.155164
1.15571 0.0557052
1.1601 0.160096
1.16042 0.160415
1.16192 0.0418905
1.16192 0.0418905
1.16192 0.0418905
1.16223 0.0422055
1.16223 0.041886
1.16223 0.041886
1.16296 0.0629546
1.16614 0.066116
1.16889 0.0688616
1.1692 0.0692008
1.16956 0.169548
1.16987 0.069871
1.17041 0.0704082
1.17163 0.0716297
1.17391 0.0738891
1.17507 0.0750681
1.17542 0.0754187
1.17615 0.0761426
1.17709 0.0770841
1.17741 0.0774037
1.17794 0.0779357
1.17826 0.0782604
1.18011 0.080104
1.18049 0.0804857
1.18137 0.0813454
1.1819 0.0418869
1.1819 0.0418869
1.1819 0.0418869
1.18225 0.0822288
1.18238 0.0423659
1.18238 0.0420464
1.18238 0.0420464
1.18522 0.0852158
1.18554 0.0855353
1.1872 0.0871954
1.18752 0.0875118
1.18815 0.0881423
1.18965 0.0896438
1.18997 0.0899633
1.19029 0.0902828
1.19169 0.0916909
1.19282 0.0928191
1.19317 0.0931501
1.19365 0.0936448
1.19397 0.0939643
1.1964 0.0963989
1.19672 0.0967184
1.19829 0.098282
1.19861 0.0986015
1.19893 0.0989211
1.2003 0.100298
1.20109 0.101064
1.202 0.101995
1.20213 0.0421264
1.20213 0.0421264
1.20213 0.0421264
1.20226 0.0422547
1.20226 0.0419352
1.20226 0.0419352
1.20494 0.104935
1.20557 0.105565
1.20645 0.106425
1.20751 0.107511
1.2079 0.107892
1.20887 0.108865
1.20959 0.109564
1.21085 0.110842
1.2153 0.115278
1.21643 0.116426
1.21675 0.116746
1.21744 0.117438
1.21932 0.119293
1.2219 0.0418853
1.2219 0.0418853
1.2219 0.0418853
1.22222 0.0422003
1.22222 0.0418808
1.22222 0.0418808
1.22254 0.122533
1.22254 0.122533
1.22289 0.122884
1.22333 0.123328
1.22549 0.125482
1.22584 0.125833
1.22908 0.129076
1.2294 0.129396
1.23028 0.130256
1.23094 0.130937
1.23229 0.132283
1.23388 0.133878
1.23834 0.138334
1.2394 0.1394
1.24209 0.0420842
1.24222 0.0418931
1.24222 0.0418931
1.24222 0.0418931
1.24253 0.0422081
1.24253 0.0418886
1.24253 0.0418886
1.24394 0.143935
1.24846 0.148453
1.24903 0.149022
1.25043 0.0504054
1.25075 0.150749
1.25347 0.153464
1.25435 0.154343
1.25492 0.154912
1.25524 0.155231
1.25571 0.055707
1.2601 0.1601
1.26042 0.16042
1.26192 0.0418924
1.26192 0.0418924
1.26192 0.0418924
1.26224 0.0422074
1.26224 0.0418879
1.26224 0.0418879
1.26299 0.0629876
1.26608 0.0660728
1.26879 0.0687873
1.26911 0.0691094
1.26959 0.169584
1.26991 0.0699039
1.27035 0.0703479
1.27151 0.0715072
1.27376 0.0737526
1.27498 0.0749767
1.2753 0.0752962
1.27609 0.0760822
1.277 0.0769927
1.27732 0.0773122
1.27763 0.077616
1.27805 0.0780446
1.28005 0.0800437
1.2804 0.0803943
1.28118 0.0811778
1.28203 0.082026
1.28216 0.042146
1.28216 0.042146
1.28216 0.042146
1.28229 0.0422744
1.28229 0.0419549
1.28229 0.0419549
1.28516 0.0851554
1.28551 0.0855061
1.28682 0.0867962
1.28742 0.0874203
1.28809 0.088082
1.28956 0.0895523
1.28988 0.0898718
1.29019 0.0901914
1.29157 0.0915684
1.29276 0.0927588
1.29308 0.0930757
1.29359 0.0935845
1.29391 0.093904
1.29631 0.0963074
1.29663 0.0966269
1.29829 0.0982839
1.29861 0.0986034
1.29893 0.0989229
1.30018 0.100176
1.30078 0.100772
1.30181 0.10181
1.30194 0.0419105
1.30194 0.0419105
1.30194 0.0419105
1.30223 0.0421944
1.30223 0.0418749
1.30223 0.0418749
1.30491 0.104906
1.30548 0.105474
1.30611 0.106102
1.30742 0.107419
1.30774 0.107739
1.30881 0.108805
1.30947 0.109441
1.31069 0.110688
1.31505 0.115048
1.31643 0.116428
1.31675 0.116748
1.31732 0.117316
1.31907 0.119064
1.3219 0.0418872
1.3219 0.0418872
1.3219 0.0418872
1.32222 0.12222
1.32254 0.12254
1.32286 0.122859
1.32299 0.0429741
1.32299 0.0426546
1.32299 0.0426546
1.3234 0.1234
1.32531 0.125306
1.32578 0.125781
1.329 0.128993
1.32932 0.129313
1.33001 0.130003
1.33083 0.130823
1.33214 0.132138
1.33374 0.133732
1.33813 0.138127
1.33935 0.139348
1.34207 0.0420634
1.34219 0.0418723
1.34219 0.0418723
1.34219 0.0418723
1.34251 0.0421873
1.34251 0.0418678
1.34251 0.0418678
1.34367 0.143665
1.34822 0.148215
1.34879 0.148783
1.35051 0.0504779
1.35051 0.150503
1.35331 0.15331
1.35416 0.154159
1.35482 0.15482
1.35514 0.15514
1.35577 0.0557711
1.36011 0.160102
1.36042 0.160422
1.36192 0.0418943
1.36192 0.0418943
1.36192 0.0418943
1.36224 0.0422093
1.36224 0.0418898
1.36224 0.0418898
1.36305 0.0630517
1.36648 0.066465
1.36917 0.069165
1.36949 0.169484
1.36949 0.069468
1.36999 0.0699907
1.37056 0.070559
1.37178 0.0717805
1.3744 0.0743852
1.37531 0.0753122
1.37563 0.0756317
1.37636 0.0763556
1.3773 0.0772972
1.37762 0.0776167
1.37844 0.0784339
1.37947 0.0794425
1.38035 0.0803481
1.38083 0.0808232
1.38208 0.0820628
1.38221 0.0421932
1.38221 0.0421932
1.38221 0.0421932
1.38221 0.0421932
1.38221 0.0418737
1.38221 0.0418737
1.38233 0.0420021
1.3829 0.0828843
1.38543 0.0854288
1.38575 0.0857483
1.38784 0.0878407
1.38866 0.0886365
1.38898 0.0889774
1.38973 0.0897324
1.39005 0.0900519
1.39037 0.0903714
1.39231 0.0923083
1.39297 0.09297
1.39379 0.0937705
1.39411 0.0941066
1.39411 0.0941066
1.39689 0.0968834
1.39721 0.0972029
1.39812 0.0981134
1.39844 0.0984329
1.39882 0.0988146
1.40057 0.100565
1.40201 0.101988
1.40213 0.0421047
1.40213 0.0421047
1.40213 0.0421047
1.40226 0.0422331
1.40226 0.0419136
1.40226 0.0419136
1.40258 0.10258
1.40514 0.105139
1.40546 0.105459
1.40737 0.107348
1.40794 0.107933
1.40825 0.108253
1.40913 0.109132
1.40998 0.109955
1.4112 0.111202
1.41603 0.116015
1.41642 0.116413
1.41673 0.116733
1.41783 0.11783
1.41999 0.119968
1.42189 0.0418721
1.42189 0.0418721
1.42189 0.0418721
1.4223 0.122298
1.42243 0.0424133
1.42243 0.0420938
1.42243 0.0420938
1.42284 0.12284
1.42335 0.123346
1.42367 0.123665
1.4262 0.126193
1.42652 0.126513
1.42892 0.128916
1.42989 0.129889
1.43136 0.131343
1.43168 0.131679
1.43278 0.132776
1.43437 0.134371
1.43886 0.138858
1.43999 0.139986
1.44208 0.0420795
1.44221 0.0418884
1.44221 0.0418884
1.44221 0.0418884
1.44252 0.0422034
1.44252 0.0418839
1.44252 0.0418839
1.44443 0.144428
1.44886 0.148853
1.44955 0.149546
1.45049 0.0504629
1.45103 0.151025
1.45402 0.154019
1.45506 0.155054
1.45541 0.155405
1.45573 0.155724
1.45605 0.0560445
1.46004 0.160033
1.46092 0.160913
1.46191 0.0418877
1.46191 0.0418877
1.46191 0.0418877
1.46223 0.0422027
1.46223 0.0418832
1.46223 0.0418832
1.46308 0.0630762
1.46645 0.066436
1.46922 0.0692127
1.46954 0.0695402
1.47008 0.0700774
1.4704 0.170396
1.47072 0.0707164
1.47185 0.0718446
1.47431 0.0743024
1.47532 0.0753141
1.47564 0.0756336
1.47636 0.0763575
1.4773 0.0772991
1.47762 0.0776186
1.47838 0.0783735
1.47963 0.079612
1.48035 0.08035
1.4808 0.0807939
1.48208 0.0820566
1.48221 0.0421951
1.48221 0.0421951
1.48221 0.0421951
1.48221 0.0421951
1.48221 0.0418756
1.48221 0.0418756
1.48234 0.042004
1.48294 0.0829259
1.48549 0.0854929
1.48581 0.0858124
1.48784 0.0878426
1.4886 0.088571
1.48892 0.0889171
1.48977 0.0897654
1.49009 0.0900849
1.49041 0.0904044
1.49234 0.0923413
1.4931 0.0930963
1.49379 0.0937811
1.49411 0.0941085
1.49411 0.0941085
1.49682 0.096823
1.49714 0.0971425
1.4988 0.0987995
1.49912 0.099119
1.49912 0.099119
1.50056 0.100558
1.502 0.10199
1.50213 0.0420981
1.50213 0.0420981
1.50213 0.0420981
1.50245 0.102445
1.50258 0.042546
1.50258 0.0422265
1.50258 0.0422265
1.50513 0.105133
1.50604 0.106043
1.50733 0.107319
1.50796 0.107958
1.50828 0.108277
1.50913 0.109125
1.50994 0.109917
1.51117 0.111164
1.51603 0.116017
1.51694 0.116935
1.51729 0.117286
1.51786 0.117854
1.52001 0.120001
1.52191 0.0418967
1.52191 0.0418967
1.52191 0.0418967
1.52223 0.0422117
1.52223 0.0418922
1.52223 0.0418922
1.5228 0.122793
1.52311 0.123113
1.52343 0.123433
1.52391 0.123908
1.52597 0.125969
1.52629 0.126288
1.52956 0.129563
1.52991 0.129913
1.53145 0.131438
1.53177 0.131765
1.53286 0.132863
1.53437 0.134364
1.53885 0.138851
1.54007 0.140073
1.54207 0.0420729
1.5422 0.0418818
1.5422 0.0418818
1.5422 0.0418818
1.54252 0.0421968
1.54252 0.0418773
1.54252 0.0418773
1.54439 0.14439
1.54885 0.148847
1.54967 0.149664
1.55051 0.0504874
1.55108 0.15108
1.55395 0.15395
1.55517 0.155172
1.55549 0.155491
1.55581 0.155811
1.55581 0.0558117
1.5607 0.160703
1.56102 0.161022
1.5619 0.0418726
1.5619 0.0418726
1.5619 0.0418726
1.56221 0.0421876
1.56221 0.0418681
1.56221 0.0418681
1.56319 0.0631856
1.56643 0.0664296
1.56914 0.0691434
1.56946 0.0694636
1.57009 0.0700935
1.57009 0.170093
1.57057 0.0705685
1.57179 0.07179
1.57432 0.0743186
1.57529 0.0752906
1.57561 0.0756101
1.57637 0.0763651
1.57753 0.0775244
1.57784 0.0778439
1.57841 0.0784122
1.57945 0.0794451
1.58054 0.0805442
1.58086 0.0808637
1.58209 0.0820561
1.58221 0.0422027
1.58221 0.0422027
1.58221 0.0422027
1.58221 0.0422027
1.58221 0.0418832
1.58221 0.0418832
1.58234 0.0420116
1.58288 0.08288
1.58544 0.0854383
1.58576 0.0857578
1.58776 0.0877569
1.58861 0.0886045
1.58893 0.0889247
1.58974 0.0897418
1.59006 0.0900614
1.59038 0.0903809
1.59229 0.0922867
1.59298 0.0929794
1.59383 0.0938284
1.59415 0.0941472
1.59415 0.0941472
1.59664 0.096644
1.59696 0.0969635
1.59878 0.098776
1.5991 0.0990955
1.5991 0.0990955
1.60057 0.100566
1.60201 0.102006
1.60213 0.0421057
1.60213 0.0421057
1.60213 0.0421057
1.60245 0.102453
1.60258 0.0425536
1.60258 0.0422341
1.60258 0.0422341
1.60514 0.10514
1.60608 0.106082
1.6073 0.107304
1.60797 0.107965
1.60829 0.108285
1.6091 0.109102
1.61001 0.109987
1.61117 0.111172
1.616 0.116002
1.61697 0.116974
1.61729 0.117293
1.61783 0.117831
1.62002 0.120017
1.62189 0.0418731
1.62189 0.0418731
1.62189 0.0418731
1.6222 0.0421881
1.6222 0.0418686
1.6222 0.0418686
1.62277 0.12277
1.62309 0.123089
1.62341 0.123409
1.62392 0.123915
1.62613 0.126132
1.62645 0.126451
1.62957 0.12957
1.62992 0.129921
1.63145 0.131454
1.63177 0.131773
1.63284 0.132839
1.63437 0.134372
1.63886 0.138859
1.64005 0.140049
1.64211 0.0420805
1.64224 0.0418894
1.64224 0.0418894
1.64224 0.0418894
1.64255 0.0422044
1.64255 0.0418849
1.64255 0.0418849
1.64437 0.144367
1.64898 0.148979
1.64967 0.149671
1.65049 0.0504639
1.65109 0.151088
1.65396 0.153958
1.65521 0.155211
1.65553 0.15553
1.65585 0.15585
1.65585 0.0558193
1.66074 0.160741
1.66106 0.161061
1.66191 0.0418802
1.66191 0.0418802
1.66191 0.0418802
1.66222 0.0421952
1.66222 0.0418757
1.66222 0.0418757
1.66319 0.0631621
1.66644 0.0664147
1.66924 0.0692225
1.66956 0.0695327
1.6701 0.1701
1.67042 0.0703894
1.67074 0.070709
1.67181 0.071775
1.67433 0.0743122
1.67534 0.0753066
1.67566 0.0756261
1.67638 0.07635
1.67735 0.0773227
1.67767 0.0776422
1.6784 0.0783661
1.67949 0.0794732
1.68037 0.0803425
1.68079 0.0807554
1.68191 0.0819085
1.68204 0.0420321
1.68204 0.0420321
1.68204 0.0420321
1.6822 0.0421916
1.6822 0.0418721
1.6822 0.0418721
1.6829 0.0828736
1.68549 0.0854543
1.6858 0.0857738
1.68787 0.0878352
1.68871 0.0887087
1.68903 0.0890029
1.68976 0.0897268
1.69008 0.0900463
1.6904 0.0903658
1.69236 0.0923338
1.693 0.0929644
1.69397 0.0939464
1.69429 0.0942566
1.69429 0.0942566
1.69675 0.0967223
1.69707 0.0970418
1.69876 0.0987298
1.69908 0.0990494
1.69908 0.0990494
1.70058 0.100551
1.70202 0.101999
1.70215 0.0421218
1.70215 0.0421218
1.70215 0.0421218
1.70247 0.102438
1.7026 0.0425697
1.7026 0.0422502
1.7026 0.0422502
1.70519 0.105156
1.7061 0.106067
1.70741 0.107391
1.70798 0.10795
1.7083 0.10827
1.70915 0.109118
1.70994 0.10991
1.71119 0.111157
1.71605 0.116027
1.71696 0.116928
1.71731 0.117278
1.71788 0.117847
1.72006 0.120042
1.7219 0.0418892
1.7219 0.0418892
1.7219 0.0418892
1.72222 0.0422042
1.72222 0.0418847
1.72222 0.0418847
1.72279 0.122755
1.72311 0.123074
1.72358 0.123549
1.72393 0.1239
1.72609 0.126055
1.72641 0.126374
1.72971 0.12968
1.73003 0.129999
1.73147 0.131448
1.73179 0.131758
1.73286 0.132824
1.73442 0.134388
1.73888 0.138844
1.74016 0.140128
1.7421 0.0420654
1.74222 0.0418743
1.74222 0.0418743
1.74222 0.0418743
1.74254 0.0421893
1.74254 0.0418698
1.74254 0.0418698
1.74435 0.144321
1.74903 0.148995
1.74959 0.149563
1.7505 0.0504799
1.75123 0.151197
1.75394 0.153912
1.75504 0.155009
1.75539 0.15536
1.75571 0.155679
1.75603 0.0559993
1.76073 0.160704
1.76105 0.161023
1.7619 0.0418736
1.7619 0.0418736
1.7619 0.0418736
1.76221 0.0421886
1.76221 0.0418691
1.76221 0.0418691
1.76319 0.0631555
1.76643 0.0664168
1.76924 0.0692246
1.76956 0.0695261
1.77012 0.0700945
1.77044 0.170413
1.77076 0.0707335
1.7718 0.0717684
1.77436 0.0743454
1.77533 0.0753001
1.77568 0.0756507
1.77637 0.0763434
1.77747 0.0774405
1.77779 0.07776
1.77845 0.0784217
1.77949 0.0794788
1.7804 0.0803671
1.78081 0.0807799
1.78194 0.0819309
1.78207 0.0420566
1.78207 0.0420566
1.78207 0.0420566
1.78223 0.0422161
1.78223 0.0418966
1.78223 0.0418966
1.78292 0.0829067
1.78551 0.0854788
1.78583 0.0857983
1.78789 0.0878597
1.78877 0.0887591
1.78909 0.0890586
1.78975 0.0897202
1.79007 0.0900397
1.79039 0.0903592
1.7923 0.092265
1.79299 0.0929578
1.79387 0.0938552
1.79419 0.0941567
1.79419 0.0941567
1.7969 0.0968712
1.79722 0.0971907
1.79882 0.0987855
1.79914 0.099105
1.79945 0.0994245
1.80058 0.100553
1.80202 0.10201
1.80215 0.0421237
1.80215 0.0421237
1.80215 0.0421237
1.80228 0.0422521
1.80228 0.0419325
1.80228 0.0419325
1.8026 0.102568
1.80519 0.105158
1.8061 0.106069
1.80732 0.107308
1.80795 0.107921
1.80827 0.10824
1.80915 0.10912
1.81003 0.110005
1.81125 0.111221
1.81602 0.116006
1.81699 0.116961
1.81731 0.11728
1.81788 0.117849
1.82 0.11999
1.8219 0.0418911
1.8219 0.0418911
1.8219 0.0418911
1.82222 0.0422061
1.82222 0.0418866
1.82222 0.0418866
1.82279 0.122757
1.82311 0.123076
1.82343 0.123396
1.82393 0.123902
1.82609 0.126057
1.82641 0.126376
1.82965 0.129619
1.82997 0.129939
1.83138 0.131365
1.8317 0.131667
1.83289 0.132857
1.83436 0.134327
1.83891 0.138877
1.84032 0.140285
1.8421 0.0420673
1.84223 0.0418762
1.84223 0.0418762
1.84223 0.0418762
1.84254 0.0421912
1.84254 0.0418717
1.84254 0.0418717
1.84438 0.144354
1.84893 0.148903
1.8496 0.149565
1.85051 0.0504818
1.85114 0.151106
1.85398 0.153945
1.85504 0.155011
1.85539 0.155361
1.85571 0.155681
1.85603 0.0560012
1.8607 0.160674
1.86102 0.160994
1.8619 0.0418755
1.8619 0.0418755
1.8619 0.0418755
1.86221 0.0421905
1.86221 0.041871
1.86221 0.041871
1.86319 0.0631574
1.86643 0.0664273
1.86921 0.069204
1.86953 0.0694969
1.87013 0.0700963
1.87045 0.170415
1.87076 0.0707354
1.8718 0.0717703
1.87433 0.0743248
1.87533 0.0753019
1.87565 0.0756214
1.87641 0.0763764
1.87757 0.0775357
1.87788 0.0778552
1.87842 0.0783925
1.87949 0.0794617
1.88058 0.0805556
1.8809 0.0808751
1.88194 0.0819307
1.88207 0.0420585
1.88207 0.0420585
1.88207 0.0420585
1.8822 0.0421869
1.8822 0.0418674
1.8822 0.0418674
1.88292 0.0829172
1.88554 0.0855118
1.88586 0.0858313
1.88777 0.0877371
1.88877 0.0887558
1.88909 0.0890604
1.88975 0.0897221
1.89007 0.0900416
1.89039 0.0903611
1.8923 0.0922669
1.89299 0.0929597
1.89387 0.0938657
1.89419 0.0941586
1.89419 0.0941586
1.8969 0.0968731
1.89722 0.0971926
1.89882 0.0987874
1.89914 0.0991069
1.89914 0.0991069
1.90058 0.100546
1.90205 0.102043
1.90217 0.0421482
1.90217 0.0421482
1.90217 0.0421482
1.9023 0.0422766
1.9023 0.0419571
1.9023 0.0419571
1.90262 0.102593
1.90518 0.105152
1.90615 0.106124
1.90731 0.10731
1.90794 0.107914
1.90826 0.108234
1.90914 0.109113
1.90993 0.109905
1.91124 0.111214
1.91601 0.116008
1.91698 0.116954
1.9173 0.117274
1.91787 0.117842
1.92003 0.120023
1.9219 0.0418845
1.9219 0.0418845
1.9219 0.0418845
1.92221 0.0421995
1.92221 0.04188
1.92221 0.04188
1.92278 0.12275
1.9231 0.12307
1.92357 0.123545
1.92392 0.123895
1.92599 0.125957
1.92631 0.126276
1.92964 0.129613
1.92996 0.129932
1.9314 0.131398
1.93172 0.131691
1.93288 0.13285
1.93441 0.134383
1.9389 0.13887
1.94018 0.140154
1.94209 0.0420607
1.94222 0.0418696
1.94222 0.0418696
1.94222 0.0418696
1.94256 0.0422157
1.94256 0.0418962
1.94256 0.0418962
1.94438 0.144347
1.94902 0.14899
1.94968 0.149652
1.9505 0.0504752
1.95116 0.15113
1.95403 0.154
1.95519 0.15516
1.95551 0.155479
1.95583 0.155799
1.95583 0.0557995
1.96072 0.160691
1.96104 0.16101
1.96191 0.0418916
1.96191 0.0418916
1.96191 0.0418916
1.96223 0.0422066
1.96223 0.0418871
1.96223 0.0418871
1.96323 0.0632045
1.96645 0.0664209
1.96919 0.0691623
1.96951 0.069486
1.97011 0.0700813
1.97043 0.1704
1.97075 0.0707203
1.97181 0.0717863
1.97434 0.0743184
1.97532 0.0752869
1.97563 0.0756064
1.97648 0.0764547
1.97746 0.0774274
1.97778 0.0777469
1.97844 0.0784085
1.97947 0.0794587
1.98038 0.0803539
1.9808 0.0807667
1.98192 0.0819136
1.98205 0.0420435
1.98205 0.0420435
1.98205 0.0420435
1.98221 0.0422029
1.98221 0.0418834
1.98221 0.0418834
1.9829 0.0828797
1.98553 0.0854968
1.98584 0.0858163
1.98781 0.0877843
1.98872 0.0887045
1.98904 0.0890143
1.98977 0.0897381
1.99009 0.0900577
1.99041 0.0903772
1.99228 0.0922519
1.993 0.0929757
1.99388 0.0938593
1.9942 0.0941746
1.9942 0.0941746
1.99673 0.0967025
1.99705 0.097022
1.99874 0.0987101
1.99906 0.0990296
1.99938 0.0993491
2.0006 0.100571
2.00204 0.102014
2.00217 0.0421416
2.00217 0.0421416
2.00217 0.0421416
2.00249 0.102458
2.00261 0.0425895
2.00261 0.04227
2.00261 0.04227
2.00518 0.105147
2.00609 0.106057
2.00734 0.107314
2.00794 0.107909
2.00826 0.108229
2.00914 0.109108
2.00995 0.109931
2.01121 0.111178
2.01604 0.116012
2.01698 0.116949
2.0173 0.117269
2.01787 0.117837
2.02005 0.120027
2.02189 0.0418796
2.02189 0.0418796
2.02189 0.0418796
2.02221 0.0421947
2.02221 0.0418751
2.02221 0.0418751
2.02281 0.122776
2.02312 0.123096
2.02344 0.123415
2.02395 0.123922
2.02601 0.125983
2.02633 0.126302
2.0297 0.12967
2.03002 0.12999
2.0314 0.131371
2.03171 0.131686
2.03284 0.132814
2.03441 0.134378
2.03889 0.138866
2.04027 0.140243
2.04211 0.042087
2.04224 0.0418959
2.04224 0.0418959
2.04224 0.0418959
2.04256 0.0422109
2.04256 0.0418914
2.04256 0.0418914
2.0444 0.144373
2.04895 0.148923
2.04961 0.149584
2.05049 0.0504704
2.05122 0.151188
2.05399 0.153964
2.05503 0.154999
2.05541 0.155381
2.05573 0.155701
2.05605 0.0560209
2.06075 0.160725
2.06107 0.161045
2.06192 0.0418952
2.06192 0.0418952
2.06192 0.0418952
2.06223 0.0422102
2.06223 0.0418907
2.06223 0.0418907
2.0632 0.0631771
2.06645 0.0664331
2.06922 0.0692099
2.06954 0.0695166
2.07011 0.0700849
2.07043 0.170404
2.07075 0.0707239
2.07182 0.0717899
2.07435 0.0743306
2.07535 0.0753216
2.07567 0.0756411
2.07639 0.076365
2.07746 0.077431
2.07778 0.0777505
2.07847 0.0784432
2.07947 0.0794744
2.08039 0.0803575
2.0808 0.0807703
2.08189 0.0418831
2.08189 0.0418831
2.08189 0.0418831
2.08221 0.0821991
2.08234 0.042331
2.08234 0.0420115
2.08234 0.0420115
2.08291 0.082892
2.08553 0.0855004
2.08585 0.0858199
2.08778 0.0877568
2.08873 0.088703
2.08905 0.0890179
2.08977 0.0897418
2.09009 0.0900613
2.09041 0.0903808
2.09228 0.0922555
2.09298 0.0929482
2.09386 0.0938404
2.09417 0.0941471
2.09417 0.0941471
2.09677 0.0967372
2.09708 0.0970567
2.09883 0.098807
2.09915 0.0991265
2.09915 0.0991265
2.10056 0.100535
2.10203 0.102018
2.10216 0.0421368
2.10216 0.0421368
2.10216 0.0421368
2.10248 0.102453
2.10261 0.0425846
2.10261 0.0422651
2.10261 0.0422651
2.10517 0.10514
2.10611 0.106082
2.10733 0.107316
2.10793 0.107903
2.10825 0.108222
2.10913 0.109102
2.10995 0.109925
2.11126 0.111234
2.11603 0.116014
2.11697 0.116943
2.11732 0.117293
2.11786 0.117831
2.11998 0.119967
2.12188 0.0418731
2.12188 0.0418731
2.12188 0.0418731
2.1222 0.0421881
2.1222 0.0418686
2.1222 0.0418686
2.1228 0.12277
2.12312 0.123089
2.12356 0.123533
2.12388 0.123853
2.126 0.125976
2.12632 0.126296
2.12966 0.129632
2.12998 0.129952
2.13139 0.131373
2.13171 0.13168
2.1329 0.13287
2.1344 0.134372
2.13889 0.138859
2.14023 0.140205
2.14211 0.0420804
2.14224 0.0418893
2.14224 0.0418893
2.14224 0.0418893
2.14255 0.0422043
2.14255 0.0418848
2.14255 0.0418848
2.14436 0.144336
2.14891 0.148885
2.14964 0.149609
2.15049 0.0504638
2.15115 0.151119
2.15399 0.153958
2.15502 0.154993
2.1554 0.155374
2.15572 0.155694
2.15604 0.0560143
2.16068 0.160656
2.161 0.160976
2.16191 0.0418886
2.16191 0.0418886
2.16191 0.0418886
2.16222 0.0422036
2.16222 0.0418841
2.16222 0.0418841
2.1632 0.0631705
2.16644 0.0664352
2.16919 0.0691594
2.16951 0.0695003
2.17011 0.0700783
2.17042 0.170397
2.17074 0.0707173
2.17181 0.0717833
2.17434 0.0743327
2.17534 0.075315
2.17566 0.0756345
2.17642 0.0763895
2.17748 0.0774555
2.1778 0.077775
2.17837 0.0783434
2.1795 0.07948
2.1806 0.0805687
2.18092 0.0808882
2.18188 0.0418765
2.18188 0.0418765
2.18188 0.0418765
2.1822 0.0821844
2.18233 0.0423244
2.18233 0.0420049
2.18233 0.0420049
2.1829 0.0828941
2.18555 0.0855249
2.18587 0.0858444
2.18778 0.0877502
2.18875 0.0887223
2.18907 0.0890424
2.18976 0.0897352
2.19008 0.0900547
2.1904 0.0903742
2.19231 0.09228
2.193 0.0929728
2.19388 0.0938736
2.1942 0.0941717
2.1942 0.0941717
2.19679 0.0967618
2.19711 0.0970813
2.19886 0.0988316
2.19918 0.0991511
2.19918 0.0991511
2.20059 0.100559
2.20203 0.10202
2.20215 0.0421302
2.20215 0.0421302
2.20215 0.0421302
2.20228 0.0422586
2.20228 0.0419391
2.20228 0.0419391
2.2026 0.102575
2.20516 0.105134
2.2061 0.106075
2.20732 0.107318
2.20792 0.107896
2.20824 0.108216
2.20915 0.109126
2.21 0.10998
2.21122 0.111196
2.21602 0.116016
2.21696 0.116936
2.21728 0.117256
2.21785 0.117824
2.22001 0.12
2.22191 0.0418976
2.22191 0.0418976
2.22191 0.0418976
2.22222 0.0422126
2.22222 0.0418931
2.22222 0.0418931
2.22276 0.122732
2.22308 0.123052
2.22343 0.123402
2.22387 0.123846
2.22606 0.126032
2.22638 0.126351
2.22975 0.129719
2.23007 0.130039
2.23138 0.131375
2.2317 0.131673
2.2328 0.13277
2.23436 0.134334
2.23888 0.138852
2.24023 0.140198
2.2421 0.0420738
2.24223 0.0418827
2.24223 0.0418827
2.24223 0.0418827
2.24254 0.0421977
2.24254 0.0418782
2.24254 0.0418782
2.24436 0.144329
2.24887 0.148847
2.24969 0.149665
2.25051 0.0504883
2.25114 0.151112
2.25401 0.153982
2.25492 0.154893
2.25539 0.155368
2.25571 0.155687
2.25603 0.0560077
2.26071 0.160681
2.26103 0.161
2.2619 0.041882
2.2619 0.041882
2.2619 0.041882
2.26222 0.042197
2.26222 0.0418775
2.26222 0.0418775
2.26319 0.0631639
2.26646 0.0664373
2.26924 0.069214
2.26956 0.0695345
2.2701 0.170071
2.27042 0.0703913
2.27074 0.0707108
2.2718 0.0717768
2.27436 0.0743347
2.27543 0.0754018
2.27575 0.0757213
2.27638 0.0763518
2.27748 0.0774489
2.27779 0.0777684
2.27846 0.0784301
2.27949 0.0794855
2.28049 0.0804688
2.28081 0.0807883
2.28188 0.0418699
2.28188 0.0418699
2.28188 0.0418699
2.2822 0.0821894
2.28232 0.0423178
2.28232 0.0419983
2.28232 0.0419983
2.28292 0.0828961
2.28554 0.0855183
2.28586 0.0858378
2.28786 0.087837
2.28874 0.0887416
2.28906 0.0890358
2.28975 0.0897286
2.29007 0.0900481
2.29039 0.0903676
2.2923 0.0922734
2.29299 0.0929662
2.29393 0.0939068
2.29425 0.0942273
2.29425 0.0942273
2.29675 0.0967241
2.29707 0.0970436
2.29876 0.0987317
2.29908 0.0990512
2.2994 0.0993707
2.30059 0.100561
2.30203 0.101999
2.30215 0.0421321
2.30215 0.0421321
2.30215 0.0421321
2.30228 0.0422604
2.30228 0.0419409
2.30228 0.0419409
2.3026 0.102577
2.30516 0.105136
2.30607 0.106046
2.30732 0.107298
2.30796 0.107929
2.30827 0.108249
2.30919 0.109159
2.30994 0.10992
2.31119 0.111167
2.31602 0.115995
2.31693 0.116907
2.31725 0.117226
2.31785 0.117826
2.32001 0.11998
2.32188 0.0418684
2.32188 0.0418684
2.32188 0.0418684
2.32222 0.0422145
2.32222 0.041895
2.32222 0.041895
2.32279 0.122765
2.32311 0.123085
2.32355 0.123529
2.32387 0.123848
2.32606 0.126034
2.32638 0.126353
2.32975 0.129721
2.33007 0.130041
2.33135 0.131323
2.33167 0.131644
2.33286 0.132834
2.33436 0.134336
2.33888 0.138854
2.34026 0.140231
2.3421 0.0420757
2.34223 0.0418846
2.34223 0.0418846
2.34223 0.0418846
2.34254 0.0421996
2.34254 0.0418801
2.34254 0.0418801
2.34439 0.144362
2.34888 0.148849
2.3496 0.149573
2.35051 0.0504902
2.35117 0.151145
2.35401 0.153984
2.35501 0.154988
2.3554 0.15537
2.35572 0.155689
2.35603 0.0560096
2.36068 0.160652
2.361 0.160971
2.3619 0.0418839
2.3619 0.0418839
2.3619 0.0418839
2.36222 0.0421989
2.36222 0.0418794
2.36222 0.0418794
2.36319 0.0631658
2.36647 0.0664478
2.36924 0.0692245
2.36956 0.0695364
2.37013 0.0701047
2.37045 0.170423
2.37077 0.0707437
2.3718 0.0717786
2.37433 0.0743142
2.37534 0.0753103
2.37566 0.0756298
2.37638 0.0763537
2.37748 0.0774508
2.3778 0.0777703
2.3784 0.0783698
2.37949 0.0794684
2.3805 0.0804707
2.38082 0.0807902
2.38188 0.0418718
2.38188 0.0418718
2.38188 0.0418718
2.3822 0.0821809
2.38232 0.0423197
2.38232 0.0420002
2.38232 0.0420002
2.38292 0.0829066
2.38558 0.0855513
2.3859 0.0858708
2.38786 0.0878388
2.38877 0.0887694
2.38909 0.0890688
2.38976 0.0897305
2.39008 0.09005
2.39039 0.0903695
2.3923 0.0922753
2.39299 0.0929681
2.3939 0.0938862
2.39422 0.0941981
2.39422 0.0941981
2.39691 0.0968815
2.39723 0.097201
2.39885 0.0988268
2.39917 0.0991464
2.39917 0.0991464
2.40058 0.100555
2.40202 0.102001
2.40215 0.0421255
2.40215 0.0421255
2.40215 0.0421255
2.40228 0.0422539
2.40228 0.0419344
2.40228 0.0419344
2.4026 0.10257
2.40522 0.105191
2.4061 0.106071
2.40732 0.1073
2.40792 0.107892
2.40824 0.108211
2.40918 0.109153
2.40996 0.109944
2.41122 0.111191
2.41602 0.115997
2.41699 0.116963
2.41731 0.117282
2.41784 0.117819
2.42 0.119982
2.4219 0.0418929
2.4219 0.0418929
2.4219 0.0418929
2.42222 0.0422079
2.42222 0.0418884
2.42222 0.0418884
2.42278 0.122759
2.4231 0.123078
2.42358 0.123553
2.4239 0.123873
2.42596 0.125934
2.42628 0.126253
2.42974 0.129714
2.43006 0.130034
2.43141 0.131388
2.43172 0.131699
2.43285 0.132828
2.43435 0.134329
2.43887 0.138848
2.44013 0.1401
2.44209 0.0420691
2.44222 0.041878
2.44222 0.041878
2.44222 0.041878
2.44254 0.042193
2.44254 0.0418735
2.44254 0.0418735
2.44438 0.144355
2.44887 0.148843
2.44962 0.149598
2.4505 0.0504836
2.4512 0.15117
2.45413 0.154102
2.45504 0.155013
2.45539 0.155363
2.45571 0.155683
2.45603 0.056003
2.4607 0.160676
2.46102 0.160996
2.4619 0.0418773
2.4619 0.0418773
2.4619 0.0418773
2.46221 0.0421923
2.46221 0.0418728
2.46221 0.0418728
2.46318 0.0631592
2.46643 0.0664187
2.46923 0.0692266
2.46955 0.0695298
2.47009 0.170066
2.47041 0.0703866
2.47073 0.0707061
2.47183 0.0718032
2.47432 0.0743162
2.47533 0.0753037
2.47565 0.0756233
2.47637 0.0763471
2.47747 0.0774442
2.47779 0.0777637
2.47848 0.0784565
2.47948 0.0794739
2.48058 0.0805574
2.4809 0.0808769
2.48209 0.0820622
2.48222 0.0422158
2.48222 0.0422158
2.48222 0.0422158
2.48222 0.0422158
2.48222 0.0418963
2.48222 0.0418963
2.48235 0.0420247
2.48292 0.0829087
2.48557 0.0855447
2.48589 0.0858642
2.48776 0.0877389
2.48874 0.0887266
2.48906 0.0890311
2.48975 0.0897239
2.49007 0.0900434
2.49039 0.0903629
2.49229 0.0922687
2.49299 0.0929615
2.4939 0.0938882
2.49422 0.0941915
2.49422 0.0941915
2.49677 0.0967505
2.49709 0.09707
2.49881 0.0987892
2.49913 0.0991087
2.49945 0.0994282
2.50058 0.100556
2.50205 0.102043
2.50218 0.0421585
2.50218 0.0421585
2.50218 0.0421585
2.50231 0.0422868
2.50231 0.0419673
2.50231 0.0419673
2.50263 0.102603
2.50522 0.105193
2.5061 0.106073
2.50732 0.10731
2.50792 0.107893
2.50824 0.108213
2.50918 0.109155
2.50993 0.109915
2.51119 0.111162
2.51602 0.116008
2.51699 0.116964
2.51731 0.117284
2.51785 0.117821
2.52 0.119992
2.5219 0.0418948
2.5219 0.0418948
2.5219 0.0418948
2.52222 0.0422098
2.52222 0.0418903
2.52222 0.0418903
2.52279 0.12276
2.5231 0.12308
2.52342 0.1234
2.5239 0.123875
2.52596 0.125936
2.52628 0.126255
2.52955 0.12953
2.52987 0.129849
2.53131 0.131305
2.53163 0.131608
2.53279 0.132767
2.53436 0.134331
2.53891 0.138881
2.54022 0.140195
2.54209 0.042071
2.54222 0.0418799
2.54222 0.0418799
2.54222 0.0418799
2.54254 0.0421949
2.54254 0.0418754
2.54254 0.0418754
2.54444 0.144419
2.54899 0.148969
2.54969 0.149662
2.5505 0.0504855
2.5511 0.151078
2.554 0.15398
2.55504 0.155014
2.55539 0.155365
2.55571 0.155685
2.55603 0.0560049
2.5607 0.160678
2.56102 0.160998
2.5619 0.0418792
2.5619 0.0418792
2.5619 0.0418792
2.56221 0.0421942
2.56221 0.0418747
2.56221 0.0418747
2.56322 0.0631922
2.56646 0.0664293
2.56927 0.0692371
2.56959 0.0695628
2.57009 0.170068
2.57041 0.0703884
2.57073 0.0707079
2.57183 0.071805
2.57436 0.0743267
2.57533 0.0753056
2.57565 0.0756251
2.57637 0.076349
2.57747 0.0774461
2.57779 0.0777656
2.57845 0.0784273
2.57952 0.0794879
2.58049 0.080466
2.58081 0.0807855
2.58209 0.0820742
2.58222 0.0422177
2.58222 0.0422177
2.58222 0.0422177
2.58222 0.0422177
2.58222 0.0418982
2.58222 0.0418982
2.58235 0.0420266
2.58292 0.0828881
2.58557 0.0855466
2.58589 0.0858661
2.58786 0.0878341
2.58868 0.0886611
2.58899 0.0889708
2.58975 0.0897258
2.59007 0.0900453
2.59039 0.0903648
2.59229 0.0922706
2.59299 0.0929634
2.59402 0.0939921
2.59434 0.0943178
2.59434 0.0943178
2.59681 0.0967835
2.59713 0.097103
2.59878 0.0987599
2.5991 0.0990794
2.5991 0.0990794
2.60011 0.100083
2.60201 0.101983
2.60214 0.0421208
2.60214 0.0421208
2.60214 0.0421208
2.60227 0.0422492
2.60227 0.0419296
2.60227 0.0419296
2.60259 0.102565
2.60515 0.105124
2.60609 0.106066
2.60734 0.107312
2.60794 0.107918
2.60826 0.108237
2.60917 0.109148
2.60993 0.109909
2.61121 0.111187
2.61604 0.11601
2.61695 0.116927
2.61727 0.117246
2.61784 0.117815
2.62009 0.120056
2.62189 0.0418882
2.62189 0.0418882
2.62189 0.0418882
2.62221 0.0422032
2.62221 0.0418837
2.62221 0.0418837
2.62281 0.122785
2.62313 0.123105
2.62354 0.123517
2.62386 0.123837
2.62608 0.126054
2.6264 0.126373
2.62973 0.12971
2.63005 0.130029
2.63137 0.131338
2.63169 0.131664
2.63285 0.132823
2.63435 0.134324
2.6389 0.138874
2.64009 0.140064
2.64209 0.0420644
2.64222 0.0418733
2.64222 0.0418733
2.64222 0.0418733
2.64253 0.0421883
2.64253 0.0418688
2.64253 0.0418688
2.64447 0.144444
2.64889 0.148869
2.64962 0.149593
2.6505 0.0504789
2.65116 0.151134
2.65397 0.153942
2.65503 0.155008
2.65538 0.155358
2.6557 0.155678
2.65602 0.0559983
2.6607 0.160672
2.66101 0.160991
2.66189 0.0418726
2.66189 0.0418726
2.66189 0.0418726
2.66224 0.0422187
2.66224 0.0418992
2.66224 0.0418992
2.66321 0.0631856
2.66623 0.0662136
2.66926 0.0692392
2.66958 0.0695562
2.67012 0.170093
2.67012 0.0700934
2.67059 0.0705685
2.67181 0.07179
2.67434 0.0743203
2.67534 0.0753217
2.67566 0.0756412
2.67639 0.076365
2.67745 0.0774311
2.67777 0.0777506
2.67847 0.0784433
2.6795 0.0794849
2.68057 0.0805442
2.68089 0.0808637
2.68189 0.0418832
2.68189 0.0418832
2.68189 0.0418832
2.68221 0.0821999
2.68233 0.0423311
2.68233 0.0420115
2.68233 0.0420115
2.68284 0.0828195
2.68555 0.0855316
2.68587 0.0858511
2.68756 0.0875392
2.68875 0.0887342
2.68907 0.0890491
2.68976 0.0897418
2.69008 0.0900613
2.6904 0.0903809
2.69231 0.0922867
2.69297 0.0929483
2.69388 0.0938612
2.6942 0.0941783
2.6942 0.0941783
2.69688 0.0968617
2.6972 0.0971812
2.69877 0.0987449
2.69909 0.0990644
2.69941 0.0993839
2.70007 0.100046
2.70204 0.102016
2.70216 0.0421453
2.70216 0.0421453
2.70216 0.0421453
2.70229 0.0422737
2.70229 0.0419542
2.70229 0.0419542
2.70261 0.10259
2.70517 0.105149
2.70608 0.106059
2.70743 0.107408
2.70775 0.107725
2.70819 0.108169
2.7092 0.109173
2.70992 0.109902
2.71061 0.110589
2.71603 0.116012
2.71694 0.11692
2.71726 0.11724
2.71786 0.117839
2.71999 0.119965
2.72189 0.0418816
2.72189 0.0418816
2.72189 0.0418816
2.7222 0.0421966
2.7222 0.0418771
2.7222 0.0418771
2.7228 0.122778
2.72312 0.123098
2.72344 0.123417
2.72388 0.123861
2.72607 0.126047
2.72639 0.126367
2.72954 0.129517
2.72986 0.129836
2.73136 0.13134
2.73168 0.131657
2.73284 0.132816
2.73434 0.134318
2.73895 0.13893
2.74008 0.140058
2.74211 0.0420889
2.74224 0.0418978
2.74224 0.0418978
2.74224 0.0418978
2.74255 0.0422128
2.74255 0.0418933
2.74255 0.0418933
2.74437 0.144344
2.74898 0.148956
2.74961 0.149586
2.75049 0.0504723
2.75115 0.151127
2.75396 0.153935
2.75502 0.155001
2.75537 0.155352
2.75569 0.155671
2.75601 0.0559917
2.76075 0.160727
2.76107 0.161047
2.76191 0.0418971
2.76191 0.0418971
2.76191 0.0418971
2.76223 0.0422121
2.76223 0.0418926
2.76223 0.0418926
2.76317 0.0631479
2.76644 0.0664419
2.76897 0.0689613
2.76929 0.0692697
2.77014 0.070118
2.77046 0.170437
2.77078 0.070757
2.77181 0.0717919
2.77434 0.0743309
2.77535 0.0753236
2.77567 0.0756431
2.77639 0.0763669
2.77746 0.0774329
2.77777 0.0777524
2.77809 0.0780908
2.77841 0.0783915
2.78038 0.0803595
2.78079 0.0807723
2.78189 0.041885
2.78189 0.041885
2.78189 0.041885
2.78221 0.0821997
2.78233 0.0423329
2.78233 0.0420134
2.78233 0.0420134
2.7829 0.0828922
2.78556 0.0855334
2.78588 0.085853
2.7875 0.0874788
2.7886 0.0885753
2.78892 0.0888954
2.78973 0.0897126
2.79005 0.0900321
2.7904 0.0903827
2.79228 0.0922574
2.79297 0.0929502
2.79388 0.0938718
2.7942 0.0941802
2.7942 0.0941802
2.7967 0.096677
2.79702 0.0969965
2.79877 0.0987468
2.79909 0.0990663
2.79941 0.0993858
2.80007 0.100047
2.80204 0.102027
2.80217 0.0421472
2.80217 0.0421472
2.80217 0.0421472
2.80229 0.0422756
2.80229 0.0419561
2.80229 0.0419561
2.80261 0.102592
2.80514 0.10512
2.80608 0.106061
2.8073 0.107294
2.80762 0.107602
2.80819 0.108171
2.80917 0.109143
2.80992 0.109904
2.81061 0.110591
2.816 0.115992
2.81704 0.117015
2.81736 0.117335
2.81783 0.11781
2.81999 0.119976
2.82189 0.0418835
2.82189 0.0418835
2.82189 0.0418835
2.8222 0.0421985
2.8222 0.041879
2.8222 0.041879
2.82277 0.122749
2.82309 0.123069
2.82344 0.123419
2.82389 0.123863
2.82604 0.126018
2.82636 0.126337
2.82954 0.129518
2.82986 0.129838
2.83136 0.131351
2.83168 0.131659
2.83284 0.132818
2.83444 0.134413
2.83895 0.138932
2.84024 0.140215
2.84208 0.0420597
2.84221 0.0418686
2.84221 0.0418686
2.84221 0.0418686
2.84256 0.0422147
2.84256 0.0418952
2.84256 0.0418952
2.84437 0.144346
2.84898 0.148958
2.84958 0.149557
2.85049 0.0504742
2.85115 0.151129
2.85396 0.153937
2.85503 0.155003
2.85538 0.155354
2.8557 0.155673
2.85601 0.0559936
2.86069 0.160667
2.86101 0.160986
2.86191 0.041899
2.86191 0.041899
2.86191 0.041899
2.86223 0.042214
2.86223 0.0418945
2.86223 0.0418945
2.86317 0.0631498
2.86645 0.0664213
2.869 0.0689803
2.86932 0.0693027
2.87011 0.0700887
2.87043 0.170407
2.87075 0.0707278
2.87182 0.0717938
2.87431 0.0743103
2.87535 0.0753254
2.87567 0.075645
2.87639 0.0763688
2.87746 0.0774348
2.87778 0.0777543
2.8781 0.0780821
2.87841 0.0783933
2.88057 0.080548
2.88089 0.0808675
2.88189 0.0418869
2.88189 0.0418869
2.88189 0.0418869
2.88221 0.0822047
2.88234 0.0423348
2.88234 0.0420153
2.88234 0.0420153
2.8829 0.0829028
2.88556 0.0855353
2.88588 0.0858548
2.8875 0.0874807
2.8886 0.0885721
2.88892 0.0888973
2.88974 0.0897145
2.89009 0.0900651
2.89041 0.0903846
2.89228 0.0922593
2.89297 0.0929521
2.89388 0.0938823
2.8942 0.0941821
2.8942 0.0941821
2.89667 0.0966478
2.89699 0.0969673
2.89874 0.0987176
2.89906 0.0990371
2.89938 0.0993566
2.9001 0.10008
2.90204 0.102037
2.90217 0.0421491
2.90217 0.0421491
2.90217 0.0421491
2.9023 0.0422774
2.9023 0.0419579
2.9023 0.0419579
2.90261 0.102594
2.90514 0.105122
2.90608 0.106063
2.90731 0.107304
2.90794 0.107915
2.90826 0.108235
2.90917 0.109145
2.90995 0.109937
2.91061 0.110593
2.916 0.116002
2.91695 0.116924
2.91726 0.117243
2.91783 0.117812
2.91999 0.119986
2.92189 0.0418854
2.92189 0.0418854
2.92189 0.0418854
2.9222 0.0422004
2.9222 0.0418809
2.9222 0.0418809
2.92277 0.122751
2.92309 0.123071
2.92354 0.123515
2.92386 0.123834
2.92595 0.125926
2.92627 0.126246
2.92963 0.129614
2.92995 0.129933
2.93136 0.131361
2.93168 0.131661
2.93284 0.13282
2.93444 0.134415
2.93889 0.138871
2.94033 0.140311
2.94208 0.0420616
2.94221 0.0418705
2.94221 0.0418705
2.94221 0.0418705
2.94256 0.0422166
2.94256 0.0418971
2.94256 0.0418971
2.94434 0.144317
2.94889 0.148866
2.94961 0.14959
2.95049 0.0504761
2.95112 0.1511
2.95396 0.153939
2.95503 0.155005
2.95538 0.155356
2.9557 0.155675
2.95602 0.0559955
2.96069 0.160669
2.96101 0.160988
2.96188 0.0418698
2.96188 0.0418698
2.96188 0.0418698
2.96223 0.0422159
2.96223 0.0418964
2.96223 0.0418964
2.96317 0.0631517
2.96645 0.0664318
2.96897 0.0689682
2.96929 0.0692735
2.97011 0.17009
2.97011 0.0700906
2.97059 0.0705657
2.97181 0.0717872
2.97434 0.0743123
2.97534 0.0753189
2.97566 0.0756384
2.97638 0.0763622
2.97748 0.0774593
2.9778 0.0777788
2.97812 0.0780961
2.97844 0.0784179
2.98059 0.0805725
2.98091 0.080892
2.98188 0.0418803
2.98188 0.0418803
2.98188 0.0418803
2.98226 0.0822323
2.98239 0.0423904
2.98239 0.0420709
2.98239 0.0420709
2.9829 0.0828737
2.98555 0.0855287
2.98587 0.0858483
2.98771 0.087712
2.98803 0.0880114
2.98841 0.0883931
2.98976 0.089739
2.99008 0.0900585
2.9904 0.090378
2.99209 0.0920661
2.99297 0.0929455
2.994 0.0939777
2.99432 0.0942999
2.99432 0.0942999
2.99669 0.0966723
2.99701 0.0969918
2.99879 0.0987732
2.99911 0.0990927
2.99911 0.0990927
3.00005 0.100034
3.00137 0.101346
3.0019 0.0418852
3.0019 0.0418852
3.0019 0.0418852
3.00222 0.0422002
3.00222 0.0418807
3.00222 0.0418807
3.00257 0.102547
3.00516 0.105139
3.00595 0.105925
3.00732 0.1073
3.00795 0.107933
3.00827 0.108253
3.00918 0.109163
3.00997 0.109955
3.01125 0.111233
3.01602 0.115998
3.01702 0.117004
3.01734 0.117324
3.01785 0.11783
3.02007 0.120044
3.02187 0.0418722
3.02187 0.0418722
3.02187 0.0418722
3.02226 0.122236
3.02239 0.0423823
3.02239 0.0420628
3.02239 0.0420628
3.0228 0.122777
3.02343 0.123408
3.02387 0.123852
3.02603 0.126007
3.02635 0.126326
3.02956 0.129538
3.02988 0.129858
3.03066 0.130641
3.03151 0.131492
3.03286 0.132838
3.03448 0.134464
3.03891 0.138889
3.04007 0.140048
3.0421 0.0420795
3.04223 0.0418884
3.04223 0.0418884
3.04223 0.0418884
3.04254 0.0422034
3.04254 0.0418839
3.04254 0.0418839
3.04451 0.14449
3.049 0.148978
3.04957 0.149546
3.05048 0.0504629
3.05111 0.151087
3.05404 0.154019
3.05479 0.154774
3.05511 0.155094
3.05543 0.155413
3.05578 0.0557646
3.06071 0.160687
3.06103 0.161006
3.0619 0.0418877
3.0619 0.0418877
3.0619 0.0418877
3.06222 0.0422027
3.06222 0.0418832
3.06222 0.0418832
3.06313 0.0631074
3.06643 0.0664272
3.06902 0.0690032
3.06934 0.0693225
3.0701 0.170077
3.07042 0.0703969
3.07074 0.0707164
3.07183 0.0718136
3.07439 0.0743785
3.07527 0.0752519
3.07559 0.0755714
3.07641 0.0763886
3.07738 0.0773613
3.0777 0.0776808
3.07839 0.0783919
3.07871 0.0786931
3.08049 0.0804745
3.08084 0.0808251
3.08207 0.0820472
3.08219 0.042164
3.08219 0.042164
3.08219 0.042164
3.08232 0.0422924
3.08232 0.0419729
3.08232 0.0419729
3.08295 0.0829398
3.08557 0.0855551
3.08589 0.0858746
3.08774 0.0877182
3.08806 0.0880301
3.08856 0.0885439
3.08985 0.0898276
3.09017 0.0901471
3.09049 0.0904666
3.09208 0.0920614
3.09296 0.0929408
3.09396 0.0939505
3.09428 0.0942641
3.09428 0.0942641
3.09669 0.0966675
3.09701 0.0969871
3.09879 0.0987684
3.09911 0.099088
3.09911 0.099088
3.10008 0.100061
3.10136 0.101359
3.1019 0.0418804
3.1019 0.0418804
3.1019 0.0418804
3.10221 0.0421955
3.10221 0.0418759
3.10221 0.0418759
3.10253 0.102512
3.10515 0.105133
3.10594 0.105919
3.10669 0.10668
3.10792 0.107895
3.10823 0.108215
3.10918 0.109156
3.10993 0.109917
3.11121 0.111195
3.11601 0.116
3.11692 0.116904
3.11724 0.117224
3.11784 0.117823
3.12 0.119984
3.1219 0.0418967
3.1219 0.0418967
3.1219 0.0418967
3.12225 0.12223
3.12238 0.0423757
3.12238 0.0420562
3.12238 0.0420562
3.12279 0.122771
3.12351 0.123495
3.1239 0.123876
3.12596 0.125938
3.12637 0.126351
3.12955 0.129532
3.13003 0.130007
3.13066 0.130652
3.13151 0.131486
3.13279 0.132769
3.13441 0.134395
3.13887 0.138851
3.13991 0.139886
3.14209 0.0420729
3.14222 0.0418818
3.14222 0.0418818
3.14222 0.0418818
3.14254 0.0421968
3.14254 0.0418773
3.14254 0.0418773
3.1445 0.144484
3.14899 0.148971
3.14968 0.149664
3.1505 0.0504874
3.1511 0.15108
3.15394 0.153919
3.15504 0.155016
3.15539 0.155367
3.15571 0.155687
3.15603 0.0560068
3.16067 0.160649
3.16099 0.160968
3.16189 0.0418811
3.16189 0.0418811
3.16189 0.0418811
3.16221 0.0421961
3.16221 0.0418766
3.16221 0.0418766
3.16321 0.0631941
3.16646 0.0664293
3.16898 0.0689826
3.1693 0.0692848
3.17 0.0699775
3.17032 0.170296
3.17064 0.0706165
3.17183 0.071807
3.17432 0.0743183
3.17536 0.0753387
3.17568 0.0756582
3.17637 0.0763509
3.17747 0.077448
3.17779 0.0777675
3.17842 0.0784059
3.17874 0.0787176
3.18049 0.0804679
3.18081 0.0807874
3.18209 0.082084
3.18222 0.0421885
3.18222 0.0421885
3.18222 0.0421885
3.18235 0.0423169
3.18235 0.0419974
3.18235 0.0419974
3.18285 0.0828486
3.18547 0.0854552
3.18579 0.0857747
3.1877 0.0876762
3.18802 0.0880001
3.18843 0.0884129
3.18978 0.0897588
3.1901 0.0900783
3.19042 0.0903978
3.19232 0.0923036
3.19298 0.0929653
3.19349 0.093486
3.1939 0.0938842
3.19422 0.0942037
3.19672 0.0967005
3.19704 0.09702
3.19873 0.0987081
3.19905 0.0990276
3.19905 0.0990276
3.20011 0.100094
3.20143 0.101409
3.2019 0.0418823
3.2019 0.0418823
3.2019 0.0418823
3.20221 0.0421973
3.20221 0.0418778
3.20221 0.0418778
3.20253 0.102514
3.20512 0.105104
3.20597 0.105952
3.20666 0.106637
3.20788 0.107866
3.2082 0.108186
3.20911 0.109096
3.20993 0.109919
3.21122 0.111197
3.21598 0.115979
3.21702 0.116999
3.21734 0.117319
3.21781 0.117794
3.21997 0.119963
3.2219 0.0418986
3.2219 0.0418986
3.2219 0.0418986
3.22225 0.122232
3.22238 0.0423776
3.22238 0.0420581
3.22238 0.0420581
3.22282 0.122804
3.22348 0.123466
3.22396 0.123941
3.22605 0.126033
3.22637 0.126352
3.22952 0.129502
3.22984 0.129822
3.23066 0.13064
3.23154 0.131519
3.23276 0.13274
3.23451 0.13449
3.23806 0.138045
3.23984 0.139826
3.24209 0.0420748
3.24222 0.0418837
3.24222 0.0418837
3.24222 0.0418837
3.24254 0.0421987
3.24254 0.0418792
3.24254 0.0418792
3.2445 0.144485
3.24896 0.148942
3.24962 0.149603
3.2505 0.0504893
3.25113 0.151113
3.25391 0.15389
3.25479 0.154769
3.25511 0.155089
3.25543 0.155408
3.25578 0.0557599
3.26067 0.160651
3.26099 0.16097
3.2619 0.041883
3.2619 0.041883
3.2619 0.041883
3.26221 0.042198
3.26221 0.0418785
3.26221 0.0418785
3.26321 0.063196
3.26646 0.0664398
3.26874 0.0687216
3.26918 0.0691622
3.26997 0.0699483
3.27029 0.170267
3.27061 0.0705873
3.27183 0.0718089
3.27439 0.0743599
3.27536 0.0753405
3.27568 0.07566
3.27637 0.0763528
3.27747 0.0774499
3.27779 0.0777694
3.27811 0.0780862
3.27843 0.0784084
3.28049 0.0804698
3.28096 0.0809448
3.2819 0.0418709
3.2819 0.0418709
3.2819 0.0418709
3.28222 0.0821902
3.28235 0.0423188
3.28235 0.0419993
3.28235 0.0419993
3.28298 0.0829524
3.28554 0.0855193
3.28586 0.0858388
3.2877 0.0876813
3.28802 0.0880019
3.28843 0.0884148
3.28978 0.0897607
3.2901 0.0900802
3.29042 0.0903997
3.29229 0.0922744
3.29299 0.0929672
3.29349 0.0934739
3.2939 0.0938861
3.29422 0.0942056
3.29672 0.0967024
3.29704 0.0970219
3.29873 0.09871
3.29905 0.0990295
3.29937 0.099349
3.30006 0.100042
3.30203 0.102027
3.30216 0.0421415
3.30216 0.0421415
3.30216 0.0421415
3.30248 0.102458
3.3026 0.0425894
3.3026 0.0422699
3.3026 0.0422699
3.30513 0.105114
3.30592 0.1059
3.30667 0.106664
3.30793 0.107908
3.30825 0.108227
3.30922 0.1092
3.30994 0.109929
3.31123 0.111207
3.31602 0.115998
3.31634 0.116325
3.31719 0.117174
3.31782 0.117804
3.32007 0.120044
3.32188 0.0418778
3.32188 0.0418778
3.32188 0.0418778
3.32229 0.122273
3.32242 0.042419
3.32242 0.0420995
3.32242 0.0420995
3.32283 0.122814
3.3234 0.123383
3.32384 0.123826
3.32603 0.126012
3.32635 0.126332
3.32953 0.129513
3.32985 0.129832
3.33135 0.131351
3.33167 0.131653
3.33286 0.132844
3.33443 0.134407
3.33807 0.138055
3.33995 0.13993
3.3421 0.0420852
3.34223 0.041894
3.34223 0.041894
3.34223 0.041894
3.34255 0.0422091
3.34255 0.0418896
3.34255 0.0418896
3.34436 0.14434
3.34897 0.148952
3.3496 0.149583
3.35048 0.0504686
3.35114 0.151124
3.35398 0.153963
3.35492 0.154904
3.35543 0.15541
3.35575 0.15573
3.35607 0.0560502
3.36068 0.160661
3.36103 0.161012
3.3619 0.0418934
3.3619 0.0418934
3.3619 0.0418934
3.36222 0.0422084
3.36222 0.0418889
3.36222 0.0418889
3.36313 0.063113
3.36644 0.0664277
3.36875 0.068718
3.36919 0.0691726
3.36998 0.0699587
3.3703 0.170277
3.37061 0.0705977
3.37184 0.0718192
3.37433 0.0743167
3.37543 0.0754131
3.37575 0.0757326
3.37638 0.0763631
3.37757 0.0775536
3.37789 0.0778731
3.37821 0.0781793
3.37853 0.0785121
3.38044 0.0804179
3.38085 0.0808307
3.38191 0.0418813
3.38191 0.0418813
3.38191 0.0418813
3.38223 0.0822016
3.38236 0.0423292
3.38236 0.0420096
3.38236 0.0420096
3.38296 0.0829403
3.38555 0.0855297
3.38587 0.0858492
3.38762 0.0876017
3.38794 0.087919
3.38847 0.0884562
3.38976 0.0897399
3.39008 0.0900594
3.39043 0.0904101
3.39236 0.092347
3.39296 0.0929464
3.39344 0.093408
3.39391 0.0938965
3.39423 0.094216
3.3967 0.0966817
3.39702 0.0970012
3.39836 0.0983471
3.39887 0.0988532
3.39919 0.0991727
3.40004 0.100021
3.40201 0.101984
3.40213 0.0421207
3.40213 0.0421207
3.40213 0.0421207
3.40226 0.0422491
3.40226 0.0419296
3.40226 0.0419296
3.40258 0.102565
3.40514 0.105124
3.40596 0.105941
3.40668 0.10666
3.40794 0.107918
3.40825 0.108237
3.40917 0.109148
3.40992 0.109909
3.4112 0.111187
3.416 0.115986
3.41698 0.116958
3.41729 0.117277
3.41783 0.117815
3.41999 0.11997
3.42192 0.0418882
3.42192 0.0418882
3.42192 0.0418882
3.42224 0.122221
3.42237 0.0423361
3.42237 0.0420165
3.42237 0.0420165
3.42284 0.122825
3.42335 0.123331
3.42395 0.12393
3.42601 0.125991
3.42633 0.126311
3.4296 0.129585
3.42995 0.129936
3.43133 0.131308
3.43165 0.131633
3.43278 0.132761
3.43443 0.134418
3.43814 0.138128
3.43986 0.139847
3.44208 0.0420644
3.44221 0.0418733
3.44221 0.0418733
3.44221 0.0418733
3.44256 0.0422194
3.44256 0.0418999
3.44256 0.0418999
3.44434 0.144319
3.44895 0.148931
3.44961 0.149593
3.45049 0.0504789
3.45115 0.151134
3.45393 0.153911
3.45493 0.154915
3.45544 0.155421
3.45576 0.15574
3.45608 0.0560605
3.46069 0.160672
3.46104 0.161022
3.46188 0.0418726
3.46188 0.0418726
3.46188 0.0418726
3.46223 0.0422187
3.46223 0.0418992
3.46223 0.0418992
3.46317 0.0631545
3.46648 0.0664467
3.46872 0.0687144
3.46917 0.0691518
3.46999 0.069969
3.4703 0.170288
3.47062 0.070608
3.47181 0.0717984
3.47434 0.0743357
3.4751 0.0750813
3.47557 0.0755563
3.47639 0.0763735
3.47746 0.0774395
3.47778 0.077759
3.47809 0.0780858
3.47841 0.078398
3.48048 0.0804594
3.4808 0.0807789
3.48211 0.0820958
3.48224 0.0422111
3.48224 0.0422111
3.48224 0.0422111
3.48224 0.0422111
3.48224 0.0418916
3.48224 0.0418916
3.48237 0.04202
3.48294 0.0829282
3.48549 0.0854778
3.48581 0.0857973
3.48772 0.0877086
3.48804 0.0880226
3.48842 0.0884044
3.48992 0.0899058
3.49024 0.0902253
3.49056 0.0905448
3.49228 0.092264
3.49297 0.0929568
3.49342 0.0934044
3.49392 0.0939068
3.49424 0.0942263
3.49671 0.096692
3.49703 0.0970115
3.49872 0.0986996
3.49904 0.0990191
3.49935 0.0993386
3.50055 0.100529
3.50202 0.102003
3.50214 0.0421311
3.50214 0.0421311
3.50214 0.0421311
3.50227 0.0422595
3.50227 0.04194
3.50227 0.04194
3.50262 0.102607
3.50512 0.105104
3.50594 0.105921
3.50669 0.106688
3.50791 0.107897
3.50823 0.108217
3.50921 0.109189
3.50996 0.10995
3.51121 0.111197
3.51598 0.115974
3.51695 0.116937
3.51727 0.117257
3.51781 0.117794
3.52003 0.12002
3.52193 0.0418985
3.52193 0.0418985
3.52193 0.0418985
3.52225 0.122231
3.52238 0.0423464
3.52238 0.0420269
3.52238 0.0420269
3.52282 0.122804
3.52354 0.123528
3.52396 0.12394
3.52599 0.125971
3.52631 0.12629
3.52952 0.129502
3.5299 0.129884
3.53134 0.131327
3.53166 0.131643
3.53276 0.13274
3.53444 0.134428
3.53803 0.138013
3.53984 0.139826
3.54209 0.0420748
3.54222 0.0418836
3.54222 0.0418836
3.54222 0.0418836
3.54253 0.0421987
3.54253 0.0418792
3.54253 0.0418792
3.54435 0.14433
3.54902 0.149004
3.54971 0.149697
3.5505 0.0504893
3.5511 0.151082
3.55394 0.153921
3.55491 0.154894
3.55542 0.1554
3.55574 0.155719
3.55606 0.0560398
3.5607 0.160682
3.56102 0.161001
3.56189 0.041883
3.56189 0.041883
3.56189 0.041883
3.56221 0.042198
3.56221 0.0418785
3.56221 0.0418785
3.56309 0.0630715
3.56645 0.0664346
3.56901 0.0689907
3.56933 0.0693177
3.57012 0.0701038
3.57044 0.170422
3.57076 0.0707428
3.57182 0.0718088
3.57435 0.0743236
3.57536 0.0753405
3.57568 0.07566
3.57637 0.0763527
3.57747 0.0774499
3.57778 0.0777694
3.57778 0.0777661
3.57842 0.0783999
3.58054 0.0805234
3.58095 0.0809363
3.58199 0.0819743
3.58212 0.0420886
3.58212 0.0420886
3.58212 0.0420886
3.58224 0.042217
3.58224 0.0418975
3.58224 0.0418975
3.58287 0.0828454
3.58553 0.0855108
3.58585 0.0858303
3.5876 0.0875894
3.58792 0.0879001
3.58842 0.0884062
3.58983 0.0898144
3.59015 0.0901339
3.59047 0.0904534
3.59231 0.092297
3.59297 0.0929586
3.59342 0.0933923
3.59392 0.0939087
3.59424 0.0942282
3.59671 0.0966939
3.59715 0.0971378
3.59872 0.0987015
3.59904 0.099021
3.59936 0.0993405
3.60055 0.100531
3.60202 0.102014
3.60215 0.042133
3.60215 0.042133
3.60215 0.042133
3.60246 0.102449
3.60259 0.0425809
3.60259 0.0422614
3.60259 0.0422614
3.60512 0.105105
3.60594 0.105923
3.60676 0.106738
3.60791 0.107899
3.60823 0.108219
3.60911 0.109098
3.60993 0.109921
3.61121 0.111199
3.61601 0.115984
3.61692 0.116908
3.61724 0.117227
3.61781 0.117796
3.62009 0.120062
3.62193 0.0419004
3.62193 0.0419004
3.62193 0.0419004
3.62225 0.122233
3.62238 0.0423483
3.62238 0.0420288
3.62238 0.0420288
3.62279 0.122775
3.62351 0.123498
3.62383 0.123818
3.62608 0.126066
3.6264 0.126385
3.62952 0.129504
3.63003 0.13001
3.63134 0.131338
3.63166 0.131645
3.63276 0.132742
3.63448 0.134461
3.63887 0.138855
3.63991 0.13989
3.64209 0.0420766
3.64222 0.0418855
3.64222 0.0418855
3.64222 0.0418855
3.64253 0.0422005
3.64253 0.041881
3.64253 0.041881
3.64444 0.144425
3.64905 0.149037
3.64959 0.149574
3.6505 0.0504911
3.6511 0.151084
3.654 0.153985
3.65491 0.154896
3.65542 0.155402
3.65574 0.155721
3.65606 0.0560416
3.6607 0.160684
3.66105 0.161034
3.66189 0.0418848
3.66189 0.0418848
3.66189 0.0418848
3.66221 0.0421998
3.66221 0.0418803
3.66221 0.0418803
3.66315 0.0631356
3.66646 0.0664451
3.66917 0.0691556
3.66949 0.0694847
3.67009 0.170074
3.67041 0.0703941
3.67073 0.0707136
3.67183 0.0718107
3.67435 0.0743341
3.67536 0.0753424
3.67568 0.0756619
3.6764 0.0763857
3.67756 0.077545
3.67788 0.0778646
3.67839 0.0783707
3.67964 0.0796096
3.68049 0.0804716
3.68081 0.0807911
3.68209 0.0820759
3.68222 0.0421922
3.68222 0.0421922
3.68222 0.0421922
3.68222 0.0421922
3.68222 0.0418727
3.68222 0.0418727
3.68235 0.0420011
3.68291 0.0828955
3.68554 0.0855211
3.68586 0.0858407
3.68764 0.0876341
3.68796 0.0879416
3.68852 0.0885099
3.68975 0.0897314
3.6901 0.090082
3.69042 0.0904015
3.69235 0.0923385
3.69308 0.0930623
3.6934 0.0933886
3.6939 0.0938879
3.69422 0.0942075
3.69678 0.0967665
3.6971 0.097086
3.69873 0.0987118
3.69905 0.0990313
3.69905 0.0990313
3.70055 0.100533
3.70202 0.101993
3.70215 0.0421349
3.70215 0.0421349
3.70215 0.0421349
3.70227 0.0422633
3.70227 0.0419437
3.70227 0.0419437
3.70259 0.102579
3.70512 0.105107
3.70594 0.105925
3.70663 0.106601
3.70795 0.107932
3.70827 0.108252
3.70911 0.1091
3.70993 0.109923
3.71122 0.111201
3.71601 0.115995
3.71696 0.116941
3.71731 0.117291
3.71781 0.117798
3.72 0.119979
3.7219 0.0418712
3.7219 0.0418712
3.7219 0.0418712
3.72225 0.122235
3.72238 0.0423502
3.72238 0.0420307
3.72238 0.0420307
3.72282 0.122808
3.72355 0.123531
3.72396 0.123944
3.72596 0.125943
3.72628 0.126263
3.72955 0.129537
3.7299 0.129888
3.73134 0.131317
3.73166 0.131647
3.73276 0.132744
3.73448 0.134463
3.73887 0.138857
3.73991 0.139892
3.74209 0.0420785
3.74222 0.0418874
3.74222 0.0418874
3.74222 0.0418874
3.74254 0.0422024
3.74254 0.0418829
3.74254 0.0418829
3.74429 0.144271
3.74902 0.149008
3.74972 0.1497
3.75047 0.0504619
3.7511 0.151086
3.75403 0.154018
3.75491 0.154898
3.75542 0.155404
3.75574 0.155723
3.75606 0.0560435
3.7607 0.160686
3.76102 0.161005
3.76189 0.0418867
3.76189 0.0418867
3.76189 0.0418867
3.76221 0.0422017
3.76221 0.0418822
3.76221 0.0418822
3.76309 0.0630753
3.76646 0.0664556
3.76926 0.0692379
3.76958 0.0695703
3.77012 0.0701075
3.77044 0.170426
3.77076 0.0707466
3.77183 0.0718126
3.77435 0.0743447
3.77536 0.0753442
3.77568 0.0756638
3.77637 0.0763565
3.77747 0.0774536
3.77779 0.0777731
3.77839 0.0783726
3.77964 0.0796236
3.78058 0.0805668
3.7809 0.0808863
3.78209 0.0820757
3.78222 0.0421941
3.78222 0.0421941
3.78222 0.0421941
3.78222 0.0421941
3.78222 0.0418746
3.78222 0.0418746
3.78235 0.042003
3.78292 0.082906
3.78554 0.085523
3.78586 0.0858425
3.78776 0.0877326
3.78808 0.0880679
3.78843 0.0884185
3.78975 0.0897333
3.79007 0.0900528
3.79042 0.0904034
3.79232 0.0923092
3.79311 0.0930953
3.79343 0.0934076
3.7939 0.0938898
3.79422 0.0942093
3.79681 0.0967994
3.79713 0.0971189
3.79885 0.0988381
3.79917 0.0991576
3.79917 0.0991576
3.80055 0.100535
3.80205 0.102035
3.80218 0.0421679
3.80218 0.0421679
3.80218 0.0421679
3.8025 0.102484
3.80263 0.0426158
3.80263 0.0422962
3.80263 0.0422962
3.80512 0.105109
3.80594 0.105926
3.80663 0.10662
3.80798 0.107965
3.8083 0.108285
3.80912 0.109102
3.80993 0.109925
3.81122 0.111203
3.81598 0.115974
3.81696 0.116943
3.81728 0.117262
3.81781 0.117799
3.81997 0.119958
3.8219 0.0418731
3.8219 0.0418731
3.8219 0.0418731
3.82225 0.122237
3.82238 0.0423521
3.82238 0.0420325
3.82238 0.0420325
3.82276 0.122747
3.82358 0.123564
3.82396 0.123946
3.82593 0.125914
3.82625 0.126234
3.82952 0.129508
3.82993 0.129921
3.8306 0.130581
3.83148 0.131462
3.83276 0.132746
3.83445 0.134434
3.83887 0.138859
3.83994 0.139925
3.84209 0.0420804
3.84222 0.0418893
3.84222 0.0418893
3.84222 0.0418893
3.84254 0.0422043
3.84254 0.0418848
3.84254 0.0418848
3.84429 0.144273
3.84905 0.149041
3.84959 0.149578
3.85047 0.0504638
3.85107 0.151057
3.85394 0.153927
3.85491 0.154899
3.85545 0.155437
3.85577 0.155756
3.85577 0.055757
3.86072 0.16071
3.86104 0.16103
3.86189 0.0418801
3.86189 0.0418801
3.86189 0.0418801
3.8622 0.0421951
3.8622 0.0418756
3.8622 0.0418756
3.86308 0.0630687
3.86645 0.0664266
3.86926 0.06924
3.86958 0.0695637
3.87011 0.070101
3.87011 0.1701
3.87059 0.070576
3.87181 0.0717975
3.87434 0.0743382
3.87534 0.0753292
3.87566 0.0756487
3.87645 0.0764348
3.87745 0.0774386
3.87777 0.0777581
3.87837 0.0783575
3.8795 0.0794962
3.88047 0.0804584
3.88079 0.0807779
3.88204 0.0820327
3.88217 0.042148
3.88217 0.042148
3.88217 0.042148
3.8823 0.0422764
3.8823 0.0419569
3.8823 0.0419569
3.8829 0.0828996
3.88549 0.0854769
3.88581 0.0857964
3.88784 0.0878266
3.88878 0.0887557
3.8891 0.0890877
3.88973 0.0897182
3.89005 0.0900378
3.8904 0.0903884
3.89234 0.0923253
3.89297 0.0929558
3.89394 0.0939384
3.89426 0.094248
3.89426 0.094248
3.89691 0.0969003
3.89723 0.0972198
3.89836 0.0983481
3.89887 0.0988542
3.89919 0.0991737
3.90056 0.100551
3.902 0.101997
3.90213 0.0421217
3.90213 0.0421217
3.90213 0.0421217
3.90226 0.0422501
3.90226 0.0419306
3.90226 0.0419306
3.90258 0.102566
3.90514 0.105125
3.90592 0.105911
3.9073 0.107276
3.90793 0.107919
3.90825 0.108238
3.90916 0.109149
3.90995 0.109941
3.9112 0.111188
3.916 0.115999
3.91694 0.116928
3.91726 0.117247
3.91783 0.117816
3.91998 0.119983
3.92192 0.0418891
3.92192 0.0418891
3.92192 0.0418891
3.92224 0.122222
3.92236 0.042337
3.92236 0.0420175
3.92236 0.0420175
3.92278 0.122763
3.92353 0.123518
3.92394 0.123931
3.92601 0.125992
3.92633 0.126312
3.92951 0.129493
3.93004 0.13003
3.93148 0.131454
3.9318 0.131789
3.93277 0.132762
3.93443 0.134419
3.93886 0.138844
3.9403 0.140283
3.94208 0.0420654
3.94221 0.0418742
3.94221 0.0418742
3.94221 0.0418742
3.94252 0.0421893
3.94252 0.0418697
3.94252 0.0418697
3.94436 0.144352
3.94888 0.14887
3.94954 0.149532
3.95049 0.0504799
3.95105 0.151042
3.95408 0.154067
3.95502 0.155009
3.95543 0.155422
3.95575 0.155741
3.95607 0.0560615
3.96072 0.160704
3.96104 0.161023
3.96188 0.0418735
3.96188 0.0418735
3.96188 0.0418735
3.96223 0.0422197
3.96223 0.0419002
3.96223 0.0419002
3.96311 0.0630932
3.96644 0.0664287
3.96928 0.0692731
3.9696 0.0695882
3.97008 0.170062
3.9704 0.0703828
3.97071 0.0707023
3.97181 0.0717994
3.97434 0.0743177
3.97534 0.0753311
3.97566 0.0756506
3.97645 0.0764367
3.97745 0.0774404
3.97777 0.07776
3.97837 0.0783594
3.97962 0.0796035
3.98047 0.0804603
3.98079 0.0807798
3.98211 0.0820864
3.98224 0.0422121
3.98224 0.0422121
3.98224 0.0422121
3.98224 0.0422121
3.98224 0.0418926
3.98224 0.0418926
3.98236 0.0420209
3.9829 0.082879
3.98552 0.0855099
3.98584 0.0858294
3.98775 0.0877352
3.98878 0.0887524
3.9891 0.0890896
3.98979 0.0897823
3.99011 0.0901018
3.99043 0.0904214
3.99228 0.092265
3.99309 0.0930821
3.99404 0.0940112
3.99436 0.0943432
3.99436 0.0943432
3.99691 0.0969022
3.99723 0.0972217
3.99874 0.0987232
3.99905 0.0990427
3.99937 0.0993622
4.00056 0.100553
4.002 0.101977
4.00213 0.0421236
4.00213 0.0421236
4.00213 0.0421236
4.00245 0.10244
4.00258 0.0425715
4.00258 0.042252
4.00258 0.042252
4.00514 0.105129
4.00596 0.105946
4.0074 0.107381
4.00797 0.107954
4.00829 0.108273
4.00913 0.109122
4.00995 0.109945
4.01117 0.11116
4.01603 0.116011
4.01697 0.116963
4.01729 0.117282
4.01783 0.117819
4.02008 0.120058
4.02192 0.041893
4.02192 0.041893
4.02192 0.041893
4.02223 0.042208
4.02223 0.0418885
4.02223 0.0418885
4.02277 0.122759
4.02309 0.123078
4.02347 0.12346
4.02395 0.123935
4.02604 0.126027
4.02636 0.126347
4.02951 0.129497
4.02992 0.12991
4.03133 0.131311
4.03165 0.131637
4.03278 0.132766
4.03437 0.13436
4.03886 0.138848
4.04008 0.140069
4.04208 0.0420692
4.04221 0.0418781
4.04221 0.0418781
4.04221 0.0418781
4.04252 0.0421931
4.04252 0.0418736
4.04252 0.0418736
4.04446 0.144449
4.04889 0.148874
4.04958 0.149567
4.05049 0.0504837
4.05112 0.151108
4.05393 0.153916
4.05506 0.155044
4.05538 0.155363
4.0557 0.155683
4.05601 0.0560031
4.06069 0.160676
4.06101 0.160996
4.06188 0.0418774
4.06188 0.0418774
4.06188 0.0418774
4.0622 0.0421924
4.0622 0.0418729
4.0622 0.0418729
4.06317 0.0631593
4.06645 0.0664412
4.06925 0.0692234
4.06957 0.069561
4.07011 0.0700982
4.07043 0.170417
4.07075 0.0707372
4.07181 0.0718032
4.07434 0.0743302
4.07535 0.0753349
4.07567 0.0756544
4.07639 0.0763783
4.07749 0.0774754
4.07781 0.0777949
4.07841 0.0783944
4.07963 0.0796195
4.08041 0.0804019
4.08083 0.0808148
4.08211 0.0821019
4.08224 0.0422159
4.08224 0.0422159
4.08224 0.0422159
4.08224 0.0422159
4.08224 0.0418964
4.08224 0.0418964
4.08237 0.0420248
4.08294 0.0829226
4.08549 0.0854826
4.08581 0.0858021
4.08778 0.0877701
4.08879 0.0887822
4.0891 0.0890934
4.08974 0.089724
4.09005 0.0900435
4.09044 0.0904252
4.09237 0.0923621
4.0931 0.093086
4.09395 0.0939303
4.09427 0.0942538
4.09427 0.0942538
4.09692 0.0969061
4.09724 0.0972256
4.09877 0.0987581
4.09909 0.0990776
4.09941 0.0993972
4.10057 0.100556
4.10201 0.101989
4.10214 0.0421274
4.10214 0.0421274
4.10214 0.0421274
4.10246 0.102444
4.10258 0.0425753
4.10258 0.0422558
4.10258 0.0422558
4.10511 0.1051
4.10593 0.105917
4.10734 0.10733
4.108 0.107987
4.10832 0.108306
4.10917 0.109155
4.10992 0.109915
4.11124 0.111224
4.116 0.115991
4.11698 0.116965
4.1173 0.117284
4.11783 0.117821
4.11999 0.119975
4.12192 0.0418948
4.12192 0.0418948
4.12192 0.0418948
4.12223 0.0422099
4.12223 0.0418903
4.12223 0.0418903
4.12277 0.122761
4.12309 0.12308
4.12344 0.123431
4.12395 0.123937
4.12595 0.125936
4.12627 0.126255
4.12951 0.129499
4.12992 0.129912
4.13133 0.131321
4.13165 0.131639
4.13275 0.132736
4.13437 0.134362
4.13886 0.13885
4.14005 0.14004
4.14208 0.0420711
4.14221 0.04188
4.14221 0.04188
4.14221 0.04188
4.14253 0.042195
4.14253 0.0418755
4.14253 0.0418755
4.14434 0.144326
4.14895 0.148938
4.14955 0.149537
4.15049 0.0504856
4.15121 0.151203
4.15393 0.153917
4.15499 0.154983
4.15538 0.155365
4.1557 0.155685
4.15602 0.056005
4.16066 0.160647
4.16098 0.160967
4.16188 0.0418793
4.16188 0.0418793
4.16188 0.0418793
4.1622 0.0421943
4.1622 0.0418748
4.1622 0.0418748
4.16314 0.0631301
4.16648 0.0664517
4.16925 0.0692339
4.16957 0.0695629
4.17008 0.170068
4.1704 0.0703885
4.17072 0.070708
4.17182 0.0718051
4.17434 0.0743407
4.17544 0.0754301
4.17576 0.0757496
4.17639 0.0763802
4.17746 0.0774462
4.17778 0.0777657
4.17838 0.0783651
4.17963 0.0796023
4.18048 0.080466
4.1808 0.0807855
4.18211 0.0820842
4.18224 0.0422178
4.18224 0.0422178
4.18224 0.0422178
4.18224 0.0422178
4.18224 0.0418983
4.18224 0.0418983
4.18237 0.0420267
4.18294 0.0829332
4.18553 0.0855156
4.18585 0.0858351
4.18794 0.0879275
4.18869 0.0886856
4.18901 0.089002
4.18974 0.0897259
4.19006 0.0900454
4.19044 0.0904271
4.19228 0.0922707
4.1931 0.0930879
4.19401 0.0940031
4.19433 0.0943179
4.19433 0.0943179
4.19683 0.0968146
4.19714 0.0971342
4.19877 0.09876
4.19909 0.0990795
4.19941 0.099399
4.20054 0.100527
4.20201 0.102
4.20214 0.0421293
4.20214 0.0421293
4.20214 0.0421293
4.20246 0.102446
4.20258 0.0425772
4.20258 0.0422577
4.20258 0.0422577
4.20511 0.105102
4.20596 0.10595
4.20734 0.107309
4.20791 0.107895
4.20823 0.108215
4.20917 0.109157
4.20992 0.109917
4.21111 0.111102
4.216 0.116001
4.21688 0.116873
4.2172 0.117193
4.2178 0.117792
4.22002 0.120017
4.22192 0.0418967
4.22192 0.0418967
4.22192 0.0418967
4.22224 0.0422117
4.22224 0.0418922
4.22224 0.0418922
4.22274 0.122731
4.22306 0.123051
4.22351 0.123495
4.22386 0.123845
4.22595 0.125938
4.22627 0.126257
4.22951 0.129501
4.22999 0.129976
4.23133 0.131332
4.23165 0.131641
4.23275 0.132738
4.23434 0.134333
4.23886 0.138852
4.24024 0.140229
4.24208 0.042073
4.24221 0.0418819
4.24221 0.0418819
4.24221 0.0418819
4.24253 0.0421969
4.24253 0.0418774
4.24253 0.0418774
4.24434 0.144328
4.24895 0.14894
4.24958 0.14957
4.25049 0.0504875
4.25109 0.15108
4.25393 0.153919
4.2549 0.154892
4.25535 0.155336
4.25567 0.155655
4.25599 0.0559758
4.26066 0.160649
4.26098 0.160969
4.26189 0.0418812
4.26189 0.0418812
4.26189 0.0418812
4.2622 0.0421962
4.2622 0.0418767
4.2622 0.0418767
4.26314 0.0631319
4.26648 0.0664622
4.26926 0.0692445
4.26957 0.0695648
4.27005 0.170039
4.27037 0.0703593
4.27069 0.0706788
4.27182 0.071807
4.27438 0.0743512
4.27544 0.075432
4.27576 0.0757515
4.27645 0.0764443
4.27746 0.0774481
4.27778 0.0777676
4.27838 0.078367
4.27963 0.0796163
4.28048 0.0804679
4.2808 0.0807874
4.28208 0.0820509
4.28221 0.0421886
4.28221 0.0421886
4.28221 0.0421886
4.28234 0.042317
4.28234 0.0419975
4.28234 0.0419975
4.28303 0.0830059
4.2855 0.0854864
4.28582 0.0858059
4.28785 0.0878361
4.28879 0.0887756
4.28911 0.0890972
4.28977 0.0897589
4.29009 0.0900784
4.29044 0.090429
4.29231 0.0923037
4.2931 0.0930897
4.29404 0.0940136
4.29436 0.0943508
4.29436 0.0943508
4.29692 0.0969098
4.29724 0.0972293
4.29871 0.0986997
4.29903 0.0990192
4.29935 0.0993387
4.30054 0.100529
4.30201 0.101979
4.30214 0.0421312
4.30214 0.0421312
4.30214 0.0421312
4.30227 0.0422596
4.30227 0.0419401
4.30227 0.0419401
4.30259 0.102576
4.30511 0.105104
4.30593 0.105921
4.30734 0.10732
4.30794 0.107928
4.30826 0.108248
4.30907 0.109065
4.30992 0.109919
4.31121 0.111197
4.31601 0.115981
4.31692 0.116906
4.31724 0.117226
4.3178 0.117794
4.32008 0.120058
4.32192 0.0418986
4.32192 0.0418986
4.32192 0.0418986
4.32224 0.0422136
4.32224 0.0418941
4.32224 0.0418941
4.32277 0.122764
4.32309 0.123084
4.32351 0.123497
4.32383 0.123816
4.32601 0.126002
4.32633 0.126321
4.32951 0.129503
4.32983 0.129822
4.33133 0.131311
4.33165 0.131643
4.33275 0.13274
4.33444 0.134428
4.33889 0.138885
4.34018 0.140168
4.34208 0.0420749
4.34221 0.0418837
4.34221 0.0418837
4.34221 0.0418837
4.34253 0.0421988
4.34253 0.0418793
4.34253 0.0418793
4.34446 0.144454
4.34895 0.148942
4.34955 0.149541
4.35049 0.0504894
4.35112 0.151113
4.35396 0.153952
4.35506 0.155049
4.35538 0.155369
4.3557 0.155688
4.35602 0.0560088
4.36066 0.160651
4.36098 0.16097
4.36189 0.0418831
4.36189 0.0418831
4.36189 0.0418831
4.3622 0.0421981
4.3622 0.0418786
4.3622 0.0418786
4.36321 0.063196
4.36645 0.0664416
4.36923 0.0692239
4.36954 0.0695355
4.36996 0.0699484
4.37028 0.170267
4.3706 0.0705874
4.37182 0.0718089
4.37435 0.0743306
4.37535 0.0753406
4.37567 0.0756601
4.37639 0.076384
4.37746 0.07745
4.37778 0.0777695
4.37838 0.0783689
4.37954 0.079537
4.38039 0.0803765
4.3808 0.0807893
4.38208 0.0820598
4.38221 0.0421905
4.38221 0.0421905
4.38221 0.0421905
4.38221 0.0421905
4.38221 0.041871
4.38221 0.041871
4.38234 0.0419993
4.38294 0.0829231
4.38553 0.0855194
4.38585 0.0858389
4.38775 0.0877447
4.38879 0.0887723
4.38911 0.0890991
4.38977 0.0897607
4.39009 0.0900802
4.39044 0.0904309
4.39238 0.0923678
4.39301 0.0929983
4.39398 0.0939619
4.3943 0.0942905
4.3943 0.0942905
4.39692 0.0969117
4.39724 0.0972312
4.39877 0.0987638
4.39909 0.0990833
4.39941 0.0994028
4.40054 0.100531
4.40201 0.10199
4.40214 0.0421331
4.40214 0.0421331
4.40214 0.0421331
4.40246 0.102449
4.40259 0.042581
4.40259 0.0422615
4.40259 0.0422615
4.40511 0.105106
4.40596 0.105954
4.40734 0.10733
4.40794 0.10793
4.40826 0.10825
4.40917 0.10916
4.40992 0.109921
4.41121 0.111199
4.41601 0.115991
4.41695 0.116939
4.41727 0.117259
4.4178 0.117796
4.42008 0.120069
4.42192 0.0419005
4.42192 0.0419005
4.42192 0.0419005
4.42224 0.0422155
4.42224 0.041896
4.42224 0.041896
4.42278 0.122766
4.42309 0.123086
4.42354 0.12353
4.42386 0.123849
4.42611 0.126097
4.42643 0.126417
4.42951 0.129504
4.42993 0.129917
4.43133 0.131322
4.43165 0.131645
4.43275 0.132742
4.43435 0.134337
4.43886 0.138855
4.44021 0.140201
4.44208 0.0420767
4.44221 0.0418856
4.44221 0.0418856
4.44221 0.0418856
4.44253 0.0422006
4.44253 0.0418811
4.44253 0.0418811
4.44437 0.144363
4.44901 0.149006
4.44955 0.149543
4.45049 0.0504912
4.45112 0.151115
4.45393 0.153923
4.45494 0.154927
4.45535 0.15534
4.45567 0.155659
4.45599 0.0559795
4.46079 0.160777
4.46111 0.161097
4.46189 0.0418849
4.46189 0.0418849
4.46189 0.0418849
4.4622 0.0421999
4.4622 0.0418804
4.4622 0.0418804
4.46314 0.0631357
4.46648 0.0664521
4.46926 0.0692344
4.46958 0.0695685
4.47011 0.0701058
4.47011 0.170105
4.47059 0.0705808
4.47181 0.0718023
4.47443 0.074426
4.47544 0.0754273
4.47576 0.0757468
4.47639 0.0763774
4.47745 0.0774434
4.47777 0.0777629
4.47837 0.0783623
4.47962 0.0796047
4.48038 0.0803699
4.48079 0.0807827
4.48211 0.0820831
4.48223 0.042215
4.48223 0.042215
4.48223 0.042215
4.48223 0.042215
4.48223 0.0418955
4.48223 0.0418955
4.48236 0.0420239
4.48293 0.0829252
4.48552 0.0855128
4.48584 0.0858323
4.48784 0.0878314
4.48878 0.0887606
4.4891 0.0890925
4.48976 0.0897542
4.49008 0.0900737
4.49043 0.0904243
4.4924 0.0923923
4.49309 0.093085
4.49397 0.093964
4.49429 0.0942839
4.49429 0.0942839
4.49691 0.0969051
4.49723 0.0972246
4.49873 0.0987261
4.49908 0.0990767
4.4994 0.0993962
4.50053 0.100524
4.502 0.101992
4.50213 0.0421265
4.50213 0.0421265
4.50213 0.0421265
4.50245 0.102443
4.50258 0.0425744
4.50258 0.0422549
4.50258 0.0422549
4.50511 0.105099
4.50596 0.105947
4.50733 0.107332
4.50793 0.107924
4.50825 0.108243
4.50916 0.109154
4.50998 0.109977
4.51111 0.111099
4.516 0.115993
4.51694 0.116932
4.51726 0.117252
4.5178 0.117789
4.52001 0.120009
4.52192 0.0418939
4.52192 0.0418939
4.52192 0.0418939
4.52223 0.0422089
4.52223 0.0418894
4.52223 0.0418894
4.52277 0.12276
4.52309 0.123079
4.52347 0.123461
4.52385 0.123843
4.52601 0.125997
4.52632 0.126317
4.52951 0.129498
4.52992 0.129911
4.53133 0.131324
4.53165 0.131638
4.53274 0.132735
4.53434 0.13433
4.53886 0.138849
4.54005 0.140039
4.54208 0.0420702
4.54221 0.041879
4.54221 0.041879
4.54221 0.041879
4.54252 0.0421941
4.54252 0.0418746
4.54252 0.0418746
4.5443 0.144294
4.54895 0.148937
4.54958 0.149568
4.55049 0.0504847
4.55112 0.151109
4.55392 0.153917
4.55493 0.15492
4.55537 0.155364
4.55569 0.155684
4.55601 0.0560041
4.56072 0.160708
4.56104 0.161028
4.56188 0.0418784
4.56188 0.0418784
4.56188 0.0418784
4.56219 0.0421934
4.56219 0.0418739
4.56219 0.0418739
4.56314 0.0631291
4.56647 0.0664542
4.56925 0.0692365
4.56957 0.0695619
4.57011 0.0700992
4.57011 0.170098
4.57058 0.0705742
4.57183 0.0718268
4.57436 0.0743347
4.57546 0.0754518
4.57578 0.0757713
4.57647 0.0764641
4.57748 0.0774679
4.57779 0.0777874
4.57839 0.0783868
4.57965 0.0796414
4.5804 0.0803944
4.58081 0.0808072
4.5821 0.0820973
4.58223 0.0422084
4.58223 0.0422084
4.58223 0.0422084
4.58223 0.0422084
4.58223 0.0418889
4.58223 0.0418889
4.58236 0.0420173
4.58302 0.0829894
4.58551 0.0855062
4.58583 0.0858257
4.58783 0.0878248
4.58877 0.0887488
4.58909 0.0890859
4.58975 0.0897476
4.59007 0.0900671
4.59043 0.0904177
4.59239 0.0923857
4.59312 0.0931096
4.59397 0.0939349
4.59428 0.0942773
4.59428 0.0942773
4.59691 0.0968986
4.59723 0.0972181
4.59873 0.0987195
4.59905 0.099039
4.59937 0.0993585
4.60053 0.100518
4.60203 0.102025
4.60216 0.042151
4.60216 0.042151
4.60216 0.042151
4.60247 0.102467
4.6026 0.0425989
4.6026 0.0422794
4.6026 0.0422794
4.60513 0.105123
4.60592 0.10591
4.60736 0.107334
4.60792 0.107917
4.60824 0.108237
4.60909 0.109085
4.60997 0.10997
4.61122 0.111217
4.61602 0.115995
4.61696 0.116957
4.61728 0.117277
4.61779 0.117783
4.6201 0.120073
4.62191 0.0418873
4.62191 0.0418873
4.62191 0.0418873
4.62222 0.0422023
4.62222 0.0418828
4.62222 0.0418828
4.62279 0.122784
4.62311 0.123104
4.62343 0.123423
4.62384 0.123836
4.62594 0.125928
4.62626 0.126248
4.6295 0.129491
4.62982 0.129811
4.63132 0.131295
4.63164 0.131632
4.63274 0.132729
4.63433 0.134324
4.63891 0.138904
4.64004 0.140033
4.64207 0.0420636
4.6422 0.0418725
4.6422 0.0418725
4.6422 0.0418725
4.64254 0.0422186
4.64254 0.0418991
4.64254 0.0418991
4.64445 0.144443
4.64894 0.148931
4.64957 0.149561
4.65048 0.0504781
4.65114 0.151133
4.65392 0.15391
4.6552 0.155194
4.65552 0.155513
4.65584 0.155833
4.65584 0.0558335
4.66073 0.160724
4.66105 0.161044
4.6619 0.0418944
4.6619 0.0418944
4.6619 0.0418944
4.66221 0.0422094
4.66221 0.0418899
4.66221 0.0418899
4.66315 0.0631452
4.66646 0.0664478
4.66923 0.06923
4.66955 0.0695469
4.67006 0.070053
4.67006 0.170052
4.6706 0.0705903
4.67188 0.071874
4.67438 0.0743594
4.67535 0.0753435
4.67567 0.075663
4.67639 0.0763868
4.67746 0.0774528
4.67778 0.0777723
4.67838 0.0783718
4.67963 0.0796073
4.68042 0.0804105
4.6808 0.0807922
4.68208 0.082081
4.68221 0.0421933
4.68221 0.0421933
4.68221 0.0421933
4.68221 0.0421933
4.68221 0.0418738
4.68221 0.0418738
4.68234 0.0420022
4.68291 0.0828897
4.6855 0.0854911
4.68582 0.0858107
4.68775 0.0877476
4.68876 0.0887286
4.68908 0.0890709
4.68977 0.0897636
4.69009 0.0900831
4.69044 0.0904337
4.69232 0.0923085
4.6931 0.0930945
4.69404 0.0940218
4.69436 0.0943556
4.69436 0.0943556
4.69692 0.0969146
4.69724 0.0972341
4.69871 0.0987045
4.69909 0.0990862
4.69941 0.0994057
4.70054 0.100534
4.70204 0.102018
4.70217 0.0421671
4.70217 0.0421671
4.70217 0.0421671
4.70249 0.102483
4.70262 0.042615
4.70262 0.0422955
4.70262 0.0422955
4.70512 0.105108
4.7059 0.105895
4.70734 0.107328
4.70797 0.107964
4.70829 0.108284
4.70914 0.109132
4.70992 0.109924
4.71112 0.111109
4.71601 0.115989
4.71695 0.116942
4.71727 0.117261
4.71781 0.117799
4.72012 0.120098
4.72189 0.0418723
4.72189 0.0418723
4.72189 0.0418723
4.72224 0.0422184
4.72224 0.0418989
4.72224 0.0418989
4.72278 0.122769
4.7231 0.123089
4.72341 0.123408
4.72386 0.123852
4.72595 0.125944
4.72627 0.126264
4.72964 0.129632
4.72996 0.129951
4.7313 0.131289
4.73162 0.131617
4.73275 0.132745
4.73441 0.134402
4.73886 0.138858
4.74002 0.140017
4.74209 0.0420796
4.74221 0.0418885
4.74221 0.0418885
4.74221 0.0418885
4.74253 0.0422035
4.74253 0.041884
4.74253 0.041884
4.74447 0.144459
4.74895 0.148947
4.74955 0.149546
4.75046 0.050463
4.75109 0.151087
4.75393 0.153926
4.75503 0.155023
4.75535 0.155343
4.75567 0.155662
4.75599 0.0559824
4.76066 0.160656
4.76098 0.160975
4.76192 0.0418878
4.76192 0.0418878
4.76192 0.0418878
4.76223 0.0422028
4.76223 0.0418833
4.76223 0.0418833
4.76318 0.0631697
4.76645 0.0664499
4.76916 0.0691586
4.76948 0.0694583
4.77005 0.170046
4.77037 0.0703659
4.77069 0.0706855
4.77182 0.0718137
4.77435 0.0743389
4.77535 0.0753454
4.77567 0.0756649
4.77636 0.0763576
4.77746 0.0774547
4.77778 0.0777742
4.77841 0.0784048
4.77966 0.0796524
4.78039 0.0803813
4.7808 0.0807941
4.78208 0.0820529
4.78221 0.0421952
4.78221 0.0421952
4.78221 0.0421952
4.78221 0.0421952
4.78221 0.0418757
4.78221 0.0418757
4.78234 0.0420041
4.78291 0.0829002
4.78553 0.0855241
4.78585 0.0858436
4.78785 0.0878428
4.78876 0.0887564
4.78908 0.0890728
4.78974 0.0897344
4.79006 0.0900539
4.79044 0.0904356
4.79238 0.0923725
4.79313 0.0931275
4.79395 0.093939
4.79427 0.0942642
4.79427 0.0942642
4.79689 0.0968854
4.79721 0.0972049
4.79871 0.0987064
4.79903 0.0990259
4.79935 0.0993454
4.80054 0.100536
4.80201 0.101998
4.80214 0.0421379
4.80214 0.0421379
4.80214 0.0421379
4.80246 0.102454
4.80259 0.0425857
4.80259 0.0422662
4.80259 0.0422662
4.80512 0.10511
4.8059 0.105896
4.80731 0.107307
4.80791 0.107904
4.80823 0.108223
4.80914 0.109134
4.80993 0.109926
4.81121 0.111204
4.81601 0.116
4.81695 0.116944
4.81727 0.117263
4.81781 0.117801
4.81996 0.119953
4.82189 0.0418742
4.82189 0.0418742
4.82189 0.0418742
4.82224 0.0422203
4.82224 0.0419008
4.82224 0.0419008
4.82278 0.122771
4.8231 0.12309
4.82354 0.123534
4.82386 0.123854
4.82595 0.125946
4.82627 0.126266
4.82948 0.129478
4.8299 0.129891
4.83134 0.13133
4.83166 0.13165
4.83275 0.132747
4.83435 0.134342
4.8389 0.138891
4.84003 0.140019
4.84209 0.0420815
4.84221 0.0418904
4.84221 0.0418904
4.84221 0.0418904
4.84253 0.0422054
4.84253 0.0418859
4.84253 0.0418859
4.84431 0.144305
4.84886 0.148855
4.84955 0.149548
4.8505 0.0504649
4.85113 0.15112
4.85393 0.153928
4.85491 0.154901
4.85535 0.155344
4.85567 0.155664
4.85599 0.0559843
4.86073 0.16072
4.86105 0.161039
4.86192 0.0418897
4.86192 0.0418897
4.86192 0.0418897
4.86223 0.0422047
4.86223 0.0418852
4.86223 0.0418852
4.86315 0.0631405
4.86648 0.0664604
4.86907 0.069056
4.86939 0.0693867
4.87012 0.0701105
4.87012 0.17011
4.87059 0.0705856
4.87181 0.0718071
4.87437 0.0743409
4.87506 0.0750588
4.87563 0.0756272
4.87614 0.0761333
4.87745 0.0774481
4.87777 0.0777676
4.8784 0.0783982
4.87966 0.0796268
4.88038 0.0803747
4.88079 0.0807875
4.88208 0.0820753
4.8822 0.0421886
4.8822 0.0421886
4.8822 0.0421886
4.88233 0.042317
4.88233 0.0419975
4.88233 0.0419975
4.88296 0.0829334
4.88549 0.0854864
4.88581 0.085806
4.88784 0.0878362
4.88878 0.0887757
4.8891 0.0890973
4.88983 0.0898211
4.89015 0.0901406
4.89047 0.0904601
4.89237 0.092366
4.89313 0.0931209
4.89394 0.0939411
4.89426 0.0942576
4.89426 0.0942576
4.89691 0.0969099
4.89723 0.0972294
4.89874 0.0987309
4.89906 0.0990504
4.89937 0.0993699
4.9001 0.100094
4.902 0.102
4.90213 0.0421313
4.90213 0.0421313
4.90213 0.0421313
4.90245 0.102447
4.90258 0.0425792
4.90258 0.0422597
4.90258 0.0422597
4.90511 0.105104
4.90589 0.10589
4.90733 0.107309
4.9079 0.107897
4.90822 0.108217
4.90919 0.10919
4.90995 0.109919
4.9112 0.111197
4.91603 0.116002
4.91688 0.116875
4.9172 0.117195
4.9178 0.117794
4.92011 0.120079
4.92192 0.0418987
4.92192 0.0418987
4.92192 0.0418987
4.92223 0.0422137
4.92223 0.0418942
4.92223 0.0418942
4.92277 0.122764
4.92309 0.123084
4.92347 0.123466
4.92385 0.123847
4.92604 0.126033
4.92636 0.126353
4.92948 0.129471
4.9298 0.129791
4.93133 0.131301
4.93165 0.131643
4.93275 0.13274
4.9344 0.134397
4.93892 0.138916
4.94024 0.140231
4.94208 0.0420749
4.94221 0.0418838
4.94221 0.0418838
4.94221 0.0418838
4.94252 0.0421988
4.94252 0.0418793
4.94252 0.0418793
4.9444 0.144392
4.94895 0.148942
4.94967 0.149666
4.95052 0.0504894
4.95112 0.151113
4.95393 0.153921
4.95502 0.155018
4.95534 0.155338
4.95566 0.155657
4.95598 0.0559777
4.96078 0.160775
4.9611 0.161095
4.96191 0.0418831
4.96191 0.0418831
4.96191 0.0418831
4.96223 0.0421981
4.96223 0.0418786
4.96223 0.0418786
4.9632 0.0631961
4.96647 0.0664624
4.96882 0.0687866
4.9692 0.0691935
4.97014 0.170134
4.97014 0.0701351
4.97058 0.070579
4.97184 0.0718316
4.97443 0.0744052
4.97509 0.0750834
4.97566 0.0756517
4.97613 0.0761267
4.97745 0.0774416
4.97777 0.0777611
4.97808 0.0780687
4.9784 0.0784001
4.98037 0.0803681
4.98079 0.0807809
4.9821 0.082081
4.98223 0.0422132
4.98223 0.0422132
4.98223 0.0422132
4.98223 0.0422132
4.98223 0.0418937
4.98223 0.0418937
4.98236 0.042022
4.98296 0.0829355
4.98552 0.085511
4.98583 0.0858305
4.98783 0.0878296
4.98868 0.0886707
4.989 0.0889974
4.98979 0.0897834
4.99011 0.090103
4.99043 0.0904225
4.99236 0.0923594
4.99296 0.0929588
4.99394 0.0939121
4.99426 0.094251
4.99426 0.094251
4.99672 0.0967167
4.99704 0.0970362
4.99873 0.0987243
4.99908 0.0990749
4.9994 0.0993944
5.00012 0.100118
5.00203 0.102002
5.00216 0.0421558
5.00216 0.0421558
5.00216 0.0421558
5.00248 0.102472
5.0026 0.0426037
5.0026 0.0422842
5.0026 0.0422842
5.0051 0.105099
5.00595 0.105948
5.00733 0.107314
5.00799 0.107986
5.00831 0.108306
5.00919 0.109185
5.00994 0.109915
5.0111 0.111099
5.01603 0.116006
5.01694 0.116933
5.01726 0.117252
5.01782 0.117821
5.02007 0.120052
5.02191 0.0418942
5.02191 0.0418942
5.02191 0.0418942
5.02223 0.0422092
5.02223 0.0418897
5.02223 0.0418897
5.02276 0.12276
5.02308 0.123079
5.02343 0.12343
5.02385 0.123843
5.02603 0.126029
5.02635 0.126348
5.0295 0.129498
5.02982 0.129818
5.03132 0.131305
5.03164 0.131639
5.03274 0.132736
5.03443 0.134424
5.03888 0.13888
5.04023 0.140226
5.04207 0.0420704
5.0422 0.0418793
5.0422 0.0418793
5.0422 0.0418793
5.04252 0.0421943
5.04252 0.0418748
5.04252 0.0418748
5.04436 0.144357
5.04894 0.148937
5.04967 0.149661
5.05051 0.0504849
5.05111 0.151109
5.05392 0.153917
5.05533 0.155325
5.05565 0.155644
5.05565 0.155644
5.05597 0.0559648
5.0607 0.1607
5.06102 0.16102
5.06193 0.0419013
5.06193 0.0419013
5.06193 0.0419013
5.06224 0.0422163
5.06224 0.0418968
5.06224 0.0418968
5.06316 0.063152
5.06646 0.0664581
5.06874 0.0687285
5.06918 0.0691805
5.06997 0.0699666
5.07029 0.170285
5.07061 0.0706056
5.07202 0.0720137
5.07445 0.0744404
5.07505 0.0750477
5.07565 0.0756472
5.07613 0.0761222
5.07747 0.0774682
5.07779 0.0777877
5.07814 0.0781159
5.07846 0.0784578
5.0804 0.0803947
5.08084 0.0808386
5.08209 0.0820888
5.08222 0.0422087
5.08222 0.0422087
5.08222 0.0422087
5.08222 0.0422087
5.08222 0.0418892
5.08222 0.0418892
5.08235 0.0420175
5.08295 0.0829396
5.08551 0.0855065
5.08583 0.085826
5.08783 0.0878251
5.08871 0.0886921
5.08903 0.089024
5.08981 0.0898101
5.09013 0.0901296
5.09045 0.0904491
5.09236 0.0923549
5.09293 0.0929232
5.09396 0.0939473
5.09428 0.0942776
5.09428 0.0942776
5.09675 0.0967433
5.09713 0.097125
5.09875 0.0987509
5.09907 0.0990704
5.09939 0.0993899
5.10052 0.100518
5.10202 0.102006
5.10215 0.0421513
5.10215 0.0421513
5.10215 0.0421513
5.10247 0.102467
5.1026 0.0425992
5.1026 0.0422797
5.1026 0.0422797
5.1051 0.105093
5.10604 0.106034
5.10735 0.107347
5.10792 0.107917
5.10824 0.108237
5.10906 0.109054
5.10994 0.109908
5.11122 0.111217
5.11602 0.116008
5.11693 0.116926
5.11725 0.117246
5.11782 0.117814
5.12007 0.120054
5.1219 0.0418876
5.1219 0.0418876
5.1219 0.0418876
5.12222 0.0422026
5.12222 0.0418831
5.12222 0.0418831
5.12276 0.122753
5.12308 0.123073
5.12352 0.123517
5.12396 0.123961
5.12603 0.126022
5.12634 0.126342
5.12949 0.129491
5.12985 0.129842
5.13132 0.131307
5.13164 0.131632
5.13273 0.132729
5.13439 0.134386
5.13885 0.138842
5.14022 0.140219
5.14207 0.0420638
5.14219 0.0418727
5.14219 0.0418727
5.14219 0.0418727
5.14254 0.0422188
5.14254 0.0418993
5.14254 0.0418993
5.14435 0.14435
5.14897 0.148962
5.14953 0.14953
5.15051 0.0504783
5.15111 0.151102
5.15394 0.153941
5.1552 0.155194
5.15552 0.155513
5.15584 0.155833
5.15584 0.0558338
5.16073 0.160725
5.16105 0.161044
5.16192 0.0418947
5.16192 0.0418947
5.16192 0.0418947
5.16224 0.0422097
5.16224 0.0418902
5.16224 0.0418902
5.16315 0.0631454
5.16648 0.0664602
5.16876 0.0687391
5.16927 0.0692672
5.16996 0.06996
5.17028 0.170279
5.1706 0.070599
5.17185 0.0718516
5.17435 0.0743492
5.17507 0.0750723
5.17564 0.0756406
5.17612 0.0761156
5.17746 0.0774616
5.17778 0.0777811
5.17813 0.0781299
5.17845 0.0784512
5.18042 0.0804192
5.1808 0.0808009
5.18209 0.0820853
5.18222 0.0422021
5.18222 0.0422021
5.18222 0.0422021
5.18222 0.0422021
5.18222 0.0418826
5.18222 0.0418826
5.18234 0.042011
5.18294 0.0829417
5.1855 0.0854999
5.18582 0.0858194
5.18782 0.0878185
5.1887 0.0886803
5.18902 0.0890174
5.18984 0.0898346
5.19016 0.0901541
5.19048 0.0904736
5.19232 0.0923172
5.19295 0.0929477
5.19395 0.0939494
5.19427 0.094271
5.19427 0.094271
5.19677 0.0967678
5.19712 0.0971184
5.19878 0.0987754
5.1991 0.0990949
5.19942 0.0994144
5.20051 0.100512
5.20208 0.10207
5.2024 0.102395
5.20253 0.0424953
5.20253 0.0424953
5.20253 0.0424953
5.20253 0.0424953
5.20253 0.0421758
5.20253 0.0421758
5.20265 0.0423042
5.20512 0.105117
5.20587 0.105872
5.20738 0.107349
5.20785 0.107849
5.20817 0.108168
5.20917 0.109172
5.20993 0.109901
5.21115 0.111148
5.21598 0.115979
5.21692 0.11692
5.21724 0.117239
5.21781 0.117807
5.22006 0.120056
5.2219 0.041881
5.2219 0.041881
5.2219 0.041881
5.22221 0.042196
5.22221 0.0418765
5.22221 0.0418765
5.22275 0.122747
5.22307 0.123066
5.22342 0.123417
5.22386 0.123861
5.22599 0.125984
5.22631 0.126304
5.22949 0.129485
5.22981 0.129804
5.23131 0.131278
5.23163 0.131625
5.23288 0.132878
5.23441 0.134411
5.23887 0.138867
5.24006 0.140057
5.24209 0.0420884
5.24222 0.0418972
5.24222 0.0418972
5.24222 0.0418972
5.24253 0.0422123
5.24253 0.0418928
5.24253 0.0418928
5.24435 0.144343
5.24896 0.148955
5.24956 0.149555
5.2505 0.0504718
5.2511 0.151096
5.25394 0.153935
5.255 0.155001
5.25538 0.155382
5.2557 0.155702
5.25602 0.0560223
5.26067 0.160664
5.26099 0.160984
5.26192 0.0418966
5.26192 0.0418966
5.26192 0.0418966
5.26224 0.0422116
5.26224 0.0418921
5.26224 0.0418921
5.26315 0.0631473
5.26645 0.0664396
5.26901 0.0690069
5.26933 0.0693313
5.26996 0.0699619
5.27028 0.170281
5.2706 0.0706009
5.27182 0.0718224
5.27438 0.0743597
5.27508 0.0750742
5.27564 0.0756425
5.27612 0.0761175
5.27747 0.0774635
5.27778 0.077783
5.2781 0.0780901
5.27842 0.078422
5.28049 0.0804833
5.2808 0.0808028
5.28209 0.0820592
5.28222 0.042204
5.28222 0.042204
5.28222 0.042204
5.28222 0.042204
5.28222 0.0418845
5.28222 0.0418845
5.28235 0.0420128
5.28294 0.0829211
5.28553 0.0855329
5.28585 0.0858524
5.28773 0.0877271
5.2887 0.088677
5.28902 0.0890193
5.28974 0.0897431
5.29006 0.0900626
5.29045 0.0904444
5.29235 0.0923502
5.29295 0.0929496
5.29408 0.0940532
5.2944 0.0943973
5.2944 0.0943973
5.29674 0.0967386
5.29706 0.0970581
5.29872 0.0987151
5.29904 0.0990346
5.29936 0.0993541
5.30058 0.100576
5.30202 0.101987
5.30214 0.0421155
5.30214 0.0421155
5.30214 0.0421155
5.30246 0.102463
5.30259 0.0425634
5.30259 0.0422439
5.30259 0.0422439
5.30512 0.105119
5.30588 0.105874
5.30747 0.107453
5.30785 0.107851
5.30817 0.10817
5.30918 0.109174
5.30999 0.109966
5.31109 0.111088
5.31601 0.115989
5.31692 0.116921
5.31724 0.117241
5.31778 0.117778
5.32012 0.120098
5.3219 0.0418829
5.3219 0.0418829
5.3219 0.0418829
5.32221 0.0421979
5.32221 0.0418784
5.32221 0.0418784
5.32278 0.12278
5.3231 0.123099
5.3231 0.123099
5.32382 0.123823
5.32592 0.125916
5.32624 0.126235
5.32948 0.129478
5.3298 0.129798
5.33133 0.131311
5.33165 0.13165
5.33272 0.132716
5.33441 0.134404
5.33886 0.13886
5.34002 0.14002
5.34208 0.0420818
5.34221 0.0418907
5.34221 0.0418907
5.34221 0.0418907
5.34253 0.0422057
5.34253 0.0418862
5.34253 0.0418862
5.34443 0.14443
5.34901 0.149011
5.34955 0.149548
5.35049 0.0504652
5.35112 0.15112
5.35396 0.153959
5.355 0.154994
5.35538 0.155376
5.3557 0.155695
5.35602 0.0560157
5.36066 0.160658
5.36098 0.160977
5.36192 0.04189
5.36192 0.04189
5.36192 0.04189
5.36223 0.042205
5.36223 0.0418855
5.36223 0.0418855
5.36314 0.0631407
5.36645 0.0664417
5.36907 0.0690485
5.36939 0.0693869
5.36996 0.0699553
5.37028 0.170274
5.3706 0.0705943
5.37182 0.0718158
5.37438 0.0743618
5.37507 0.0750676
5.37567 0.075667
5.37614 0.076142
5.37746 0.0774569
5.37778 0.0777764
5.37856 0.0785395
5.37888 0.078882
5.38048 0.0804767
5.38083 0.0808273
5.38189 0.0418779
5.38189 0.0418779
5.38189 0.0418779
5.38221 0.0821841
5.38234 0.0423258
5.38234 0.0420063
5.38234 0.0420063
5.38306 0.0830476
5.3855 0.0854952
5.38582 0.0858147
5.38725 0.087226
5.38773 0.087729
5.38848 0.0884839
5.38983 0.0898299
5.39015 0.0901494
5.39047 0.0904689
5.39231 0.0923125
5.39294 0.092943
5.39404 0.0940242
5.39436 0.0943596
5.39436 0.0943596
5.39676 0.0967631
5.39708 0.0970826
5.39831 0.0983042
5.39881 0.0988103
5.39913 0.0991298
5.40051 0.100507
5.40201 0.10199
5.40214 0.0421089
5.40214 0.0421089
5.40214 0.0421089
5.40246 0.102456
5.40259 0.0425568
5.40259 0.0422373
5.40259 0.0422373
5.40511 0.105112
5.40605 0.106054
5.40737 0.107361
5.40797 0.107968
5.40829 0.108288
5.40904 0.109043
5.40995 0.109928
5.41124 0.111237
5.41601 0.115991
5.41692 0.116915
5.41724 0.117234
5.4178 0.117803
5.42005 0.120038
5.42189 0.0418763
5.42189 0.0418763
5.42189 0.0418763
5.4223 0.122303
5.42243 0.0424175
5.42243 0.042098
5.42243 0.042098
5.42294 0.122937
5.42332 0.123319
5.42386 0.123856
5.42601 0.126011
5.42633 0.12633
5.42951 0.129511
5.42983 0.129831
5.4313 0.131291
5.43162 0.131621
5.43272 0.132718
5.43438 0.134375
5.4388 0.1388
5.44002 0.140022
5.44208 0.0420837
5.44221 0.0418925
5.44221 0.0418925
5.44221 0.0418925
5.44253 0.0422076
5.44253 0.0418881
5.44253 0.0418881
5.44434 0.144339
5.44895 0.148951
5.44952 0.149519
5.45049 0.0504671
5.45109 0.151091
5.45393 0.15393
5.45518 0.155183
5.4555 0.155502
5.45582 0.155822
5.45582 0.0558225
5.45987 0.159874
5.46091 0.160909
5.46191 0.0418834
5.46191 0.0418834
5.46191 0.0418834
5.46222 0.0421984
5.46222 0.0418789
5.46222 0.0418789
5.46313 0.0631342
5.46647 0.0664437
5.46903 0.0690279
5.46935 0.0693493
5.46995 0.0699487
5.47027 0.170267
5.47059 0.0705877
5.47184 0.0718403
5.47437 0.0743638
5.47506 0.075061
5.47563 0.0756293
5.47614 0.0761355
5.47745 0.0774503
5.47777 0.0777698
5.47812 0.0781181
5.47844 0.0784399
5.48044 0.080439
5.48082 0.0808208
5.48191 0.0419024
5.48191 0.0419024
5.48191 0.0419024
5.48223 0.0822066
5.48236 0.0423503
5.48236 0.0420308
5.48236 0.0420308
5.48296 0.0829563
5.48552 0.0855197
5.48584 0.0858392
5.48725 0.0872227
5.48772 0.0877224
5.48848 0.0884773
5.48989 0.0898855
5.49021 0.090205
5.49052 0.0905245
5.4924 0.0923992
5.49294 0.0929364
5.49403 0.0940262
5.49435 0.0943531
5.49435 0.0943531
5.49676 0.0967565
5.49708 0.097076
5.49811 0.0981109
5.4989 0.098897
5.49922 0.0992165
5.50053 0.100531
5.50206 0.102054
5.50219 0.0421645
5.50219 0.0421645
5.50219 0.0421645
5.50251 0.102512
5.50264 0.0426124
5.50264 0.0422929
5.50264 0.0422929
5.50511 0.105106
5.50605 0.106047
5.50749 0.107457
5.50793 0.107931
5.50825 0.10825
5.50919 0.109192
5.51001 0.109984
5.51114 0.111137
5.5155 0.115496
5.51694 0.116939
5.51726 0.117259
5.5178 0.117796
5.52004 0.12004
5.52191 0.0419008
5.52191 0.0419008
5.52191 0.0419008
5.52223 0.122234
5.52236 0.0423487
5.52236 0.0420292
5.52236 0.0420292
5.52315 0.123148
5.52347 0.123468
5.52382 0.123818
5.526 0.126004
5.52632 0.126324
5.52963 0.129629
5.52995 0.129949
5.53129 0.131293
5.53161 0.131614
5.53271 0.132711
5.53443 0.13443
5.53879 0.138793
5.54023 0.140233
5.54211 0.0420771
5.54224 0.041886
5.54224 0.041886
5.54224 0.041886
5.54255 0.042201
5.54255 0.0418815
5.54255 0.0418815
5.54433 0.144332
5.54885 0.148851
5.54948 0.149481
5.55052 0.0504916
5.55115 0.151147
5.55395 0.153955
5.55521 0.155207
5.55553 0.155527
5.55553 0.155527
5.55585 0.0558159
5.5598 0.159805
5.56096 0.160964
5.5619 0.0418768
5.5619 0.0418768
5.5619 0.0418768
5.56225 0.0422229
5.56225 0.0419034
5.56225 0.0419034
5.56313 0.0630965
5.56646 0.0664458
5.56902 0.0690074
5.56934 0.0693116
5.56997 0.0699421
5.57029 0.170292
5.57061 0.0705811
5.57186 0.0718338
5.57439 0.0743659
5.57505 0.0750233
5.57568 0.0756538
5.57625 0.0762222
5.57751 0.0774748
5.57782 0.0777943
5.57814 0.0781321
5.57846 0.0784333
5.58043 0.0804013
5.581 0.0809697
5.58191 0.0418958
5.58191 0.0418958
5.58191 0.0418958
5.58226 0.0822434
5.58239 0.0423748
5.58239 0.0420553
5.58239 0.0420553
5.58302 0.0829895
5.58554 0.0855131
5.58586 0.0858326
5.58764 0.0876238
5.58796 0.0879335
5.5885 0.0884708
5.58988 0.0898478
5.5902 0.0901673
5.59052 0.0904868
5.59233 0.0922993
5.59296 0.0929299
5.59409 0.0940594
5.59441 0.0943776
5.59441 0.0943776
5.59678 0.09675
5.5971 0.0970695
5.59876 0.0987264
5.59908 0.0990459
5.5994 0.0993655
5.60018 0.100152
5.60131 0.101309
5.60191 0.041878
5.60191 0.041878
5.60191 0.041878
5.60222 0.042193
5.60222 0.0418735
5.60222 0.0418735
5.60254 0.102509
5.60516 0.10513
5.60592 0.105885
5.60739 0.107365
5.60786 0.107831
5.60818 0.10815
5.60912 0.109092
5.60994 0.109915
5.61113 0.111099
5.61556 0.115537
5.61696 0.116933
5.61728 0.117252
5.61782 0.11779
5.62001 0.11998
5.62191 0.0418942
5.62191 0.0418942
5.62191 0.0418942
5.62222 0.0422093
5.62222 0.0418898
5.62222 0.0418898
5.62276 0.122729
5.62308 0.123048
5.62346 0.12343
5.62384 0.123812
5.62593 0.125904
5.62625 0.126224
5.62965 0.129623
5.62997 0.129942
5.63135 0.131326
5.63167 0.131639
5.63273 0.132705
5.63442 0.134393
5.63882 0.138787
5.64004 0.140008
5.6421 0.0420705
5.64223 0.0418794
5.64223 0.0418794
5.64223 0.0418794
5.64254 0.0421944
5.64254 0.0418749
5.64254 0.0418749
5.64448 0.14445
5.64897 0.148937
5.6496 0.149568
5.65051 0.050485
5.65114 0.151109
5.65395 0.153917
5.6552 0.155169
5.65552 0.155489
5.65584 0.155808
5.65584 0.0558093
5.65992 0.159892
5.66093 0.160895
5.66193 0.0419013
5.66193 0.0419013
5.66193 0.0419013
5.66224 0.0422163
5.66224 0.0418968
5.66224 0.0418968
5.66315 0.063121
5.66649 0.0664789
5.66908 0.069049
5.6694 0.0693672
5.67012 0.17009
5.67012 0.0700911
5.67063 0.0705972
5.67191 0.0718809
5.67441 0.0743906
5.6751 0.0750705
5.67567 0.0756388
5.67614 0.0761138
5.67749 0.0774598
5.67781 0.0777793
5.67813 0.0781065
5.67848 0.0784494
5.68042 0.0803863
5.68083 0.0807991
5.68189 0.0418808
5.68189 0.0418808
5.68189 0.0418808
5.68221 0.0822003
5.68234 0.0423287
5.68234 0.0420091
5.68234 0.0420091
5.683 0.0829831
5.68553 0.0854981
5.68585 0.0858176
5.68772 0.0877053
5.68804 0.0880118
5.68849 0.0884557
5.68989 0.0898639
5.69021 0.0901834
5.69053 0.0905029
5.69238 0.0923465
5.69298 0.0929459
5.69398 0.0939597
5.6943 0.0942692
5.6943 0.0942692
5.6968 0.096766
5.69712 0.0970855
5.69874 0.0987114
5.69906 0.0990309
5.69938 0.0993504
5.70004 0.100012
5.70133 0.101311
5.70192 0.0418941
5.70192 0.0418941
5.70192 0.0418941
5.70224 0.0422091
5.70224 0.0418896
5.70224 0.0418896
5.70255 0.102525
5.70514 0.105115
5.70593 0.105901
5.70737 0.107359
5.70788 0.107847
5.7082 0.108166
5.7092 0.10917
5.70992 0.1099
5.71127 0.11124
5.71601 0.115975
5.71695 0.116918
5.71727 0.117237
5.7178 0.117775
5.72002 0.120004
5.72189 0.0418792
5.72189 0.0418792
5.72189 0.0418792
5.72221 0.0421942
5.72221 0.0418747
5.72221 0.0418747
5.72277 0.122745
5.72309 0.123064
5.72354 0.123508
5.72389 0.123859
5.72607 0.126045
5.72639 0.126364
5.72951 0.129483
5.72986 0.129834
5.73133 0.13132
5.73165 0.131624
5.73275 0.132721
5.73447 0.13444
5.73889 0.138865
5.74002 0.139993
5.74212 0.0420866
5.74224 0.0418954
5.74224 0.0418954
5.74224 0.0418954
5.74256 0.0422104
5.74256 0.0418909
5.74256 0.0418909
5.74459 0.144559
5.74889 0.14886
5.74971 0.149677
5.75049 0.0504699
5.75119 0.151156
5.75406 0.154026
5.75503 0.154999
5.75538 0.15535
5.7557 0.155669
5.75602 0.0559893
5.75998 0.159947
5.76101 0.160982
5.76192 0.0418947
5.76192 0.0418947
5.76192 0.0418947
5.76223 0.0422098
5.76223 0.0418902
5.76223 0.0418902
5.76317 0.0631455
5.76654 0.0665121
5.76882 0.0688107
5.76923 0.0692051
5.76999 0.06996
5.77031 0.170279
5.77063 0.0705991
5.77185 0.0718206
5.77435 0.0743389
5.77538 0.0753523
5.7757 0.0756718
5.77614 0.0761157
5.77749 0.0774616
5.77781 0.0777811
5.77813 0.0781289
5.77845 0.0784202
5.78042 0.0803882
5.78083 0.080801
5.78189 0.0418826
5.78189 0.0418826
5.78189 0.0418826
5.78221 0.0822032
5.78234 0.0423305
5.78234 0.042011
5.78234 0.042011
5.78297 0.0829625
5.78553 0.0855
5.78585 0.0858195
5.78763 0.0876172
5.78795 0.0879204
5.78858 0.0885509
5.7898 0.0897724
5.79012 0.0900919
5.79047 0.0904425
5.79235 0.0923173
5.79298 0.0929478
5.79407 0.0940635
5.79439 0.0943644
5.79439 0.0943644
5.7968 0.0967679
5.79712 0.0970874
5.79874 0.0987133
5.79906 0.0990328
5.79938 0.0993523
5.80054 0.100512
5.80133 0.101299
5.80192 0.0418959
5.80192 0.0418959
5.80192 0.0418959
5.80224 0.042211
5.80224 0.0418914
5.80224 0.0418914
5.80256 0.102527
5.80515 0.105117
5.8059 0.105872
5.80728 0.107276
5.80788 0.107849
5.8082 0.108168
5.80917 0.109141
5.80992 0.109902
5.81115 0.111117
5.81601 0.115985
5.81695 0.11692
5.81727 0.117239
5.81781 0.117776
5.81996 0.119953
5.82189 0.0418811
5.82189 0.0418811
5.82189 0.0418811
5.82221 0.0421961
5.82221 0.0418766
5.82221 0.0418766
5.82278 0.122747
5.8231 0.123066
5.82345 0.123417
5.82386 0.12383
5.82595 0.125922
5.82627 0.126242
5.82951 0.129485
5.82993 0.129898
5.83133 0.13133
5.83165 0.131625
5.83275 0.132723
5.83447 0.134442
5.83886 0.138836
5.84024 0.140213
5.84212 0.0420884
5.84224 0.0418973
5.84224 0.0418973
5.84224 0.0418973
5.84256 0.0422123
5.84256 0.0418928
5.84256 0.0418928
5.84434 0.144312
5.84902 0.148986
5.84971 0.149679
5.85049 0.0504718
5.85116 0.151127
5.85393 0.153904
5.85503 0.155001
5.85538 0.155351
5.8557 0.155671
5.85602 0.0559912
5.85979 0.159762
5.86095 0.160922
5.86192 0.0418966
5.86192 0.0418966
5.86192 0.0418966
5.86223 0.0422116
5.86223 0.0418921
5.86223 0.0418921
5.86321 0.0631785
5.86648 0.0664604
5.86926 0.069234
5.86958 0.0695491
5.87011 0.170086
5.87043 0.0704059
5.87075 0.0707254
5.87185 0.0718225
5.87438 0.0743494
5.8756 0.0755719
5.87592 0.0758914
5.87649 0.0764597
5.87749 0.0774635
5.87781 0.077783
5.87841 0.0783825
5.87966 0.0796529
5.88042 0.0803901
5.88089 0.0808651
5.88189 0.0418845
5.88189 0.0418845
5.88189 0.0418845
5.88221 0.0822082
5.88234 0.0423324
5.88234 0.0420129
5.88234 0.0420129
5.883 0.082973
5.88553 0.0855018
5.88585 0.0858213
5.88776 0.0877272
5.88845 0.0884395
5.88877 0.0887394
5.88977 0.0897432
5.89009 0.0900627
5.89047 0.0904444
5.89235 0.0923191
5.89313 0.0931052
5.89398 0.0939535
5.8943 0.0943002
5.89462 0.0945925
5.89678 0.0967471
5.89709 0.0970666
5.89878 0.0987547
5.8991 0.0990742
5.89942 0.0993937
5.90055 0.100522
5.9013 0.101296
5.9019 0.0418752
5.9019 0.0418752
5.9019 0.0418752
5.90244 0.102409
5.90257 0.0425408
5.90257 0.0422213
5.90257 0.0422213
5.90512 0.105096
5.90591 0.105883
5.90735 0.107326
5.90789 0.107859
5.90821 0.108179
5.90909 0.109058
5.91009 0.110067
5.91112 0.111097
5.91599 0.115973
5.91693 0.116899
5.91725 0.117218
5.91781 0.117787
5.92009 0.120065
5.9219 0.0418914
5.9219 0.0418914
5.9219 0.0418914
5.92222 0.0422064
5.92222 0.0418869
5.92222 0.0418869
5.92275 0.122726
5.92307 0.123046
5.92355 0.123521
5.92387 0.12384
5.92602 0.125995
5.92634 0.126314
5.92949 0.129464
5.92984 0.129815
5.93134 0.131318
5.93166 0.131636
5.93276 0.132733
5.93436 0.134328
5.93891 0.138877
5.94006 0.140037
5.94209 0.0420677
5.94222 0.0418766
5.94222 0.0418766
5.94222 0.0418766
5.94257 0.0422227
5.94257 0.0419032
5.94257 0.0419032
5.94451 0.144478
5.94893 0.148904
5.94959 0.149565
5.9505 0.0504822
5.95113 0.151106
5.95391 0.153883
5.95491 0.154887
5.95539 0.155362
5.95571 0.155681
5.95603 0.0560016
5.95999 0.159959
5.96093 0.160901
5.9619 0.0418759
5.9619 0.0418759
5.9619 0.0418759
5.96224 0.042222
5.96224 0.0419025
5.96224 0.0419025
5.96315 0.0631266
5.96646 0.0664483
5.9693 0.0692841
5.96962 0.0695906
5.97006 0.170034
5.97038 0.070354
5.9707 0.0706735
5.97186 0.0718328
5.97436 0.0743373
5.97548 0.0754578
5.9758 0.0757773
5.97647 0.076439
5.9775 0.0774739
5.97782 0.0777934
5.97839 0.0783617
5.97964 0.0796131
5.98046 0.0804315
5.98084 0.0808132
5.9819 0.0418949
5.9819 0.0418949
5.9819 0.0418949
5.98222 0.0822165
5.98235 0.0423428
5.98235 0.0420233
5.98235 0.0420233
5.98298 0.0829609
5.98554 0.0855122
5.98586 0.0858317
5.98776 0.0877375
5.98846 0.0884532
5.98878 0.0887498
5.98987 0.0898469
5.99019 0.0901664
5.99051 0.0904859
5.99239 0.0923606
5.99311 0.0930844
5.99396 0.0939375
5.99428 0.0942522
5.99428 0.0942522
5.99678 0.096749
5.9971 0.0970685
5.99894 0.0989121
5.99926 0.0992316
5.99926 0.0992316
6.00054 0.100515
6.00133 0.101306
6.00192 0.0418997
6.00192 0.0418997
6.00192 0.0418997
6.00224 0.0422147
6.00224 0.0418952
6.00224 0.0418952
6.00259 0.102562
6.00512 0.105092
6.00594 0.105909
6.00744 0.107424
6.00788 0.107855
6.0082 0.108174
6.00921 0.109178
6.00993 0.109908
6.01112 0.111092
6.01598 0.115978
6.0163 0.116272
6.01709 0.117058
6.01781 0.117782
6.02003 0.120007
6.0219 0.041887
6.0219 0.041887
6.0219 0.041887
6.02221 0.0422021
6.02221 0.0418826
6.02221 0.0418826
6.02275 0.122722
6.02307 0.123041
6.02345 0.123423
6.02383 0.123805
6.02599 0.125959
6.02631 0.126279
6.02949 0.12946
6.02987 0.129842
6.03134 0.131322
6.03166 0.131631
6.03276 0.132729
6.03435 0.134323
6.0389 0.138873
6.04003 0.140001
6.04212 0.0420944
6.04225 0.0419033
6.04225 0.0419033
6.04225 0.0419033
6.04256 0.0422183
6.04256 0.0418988
6.04256 0.0418988
6.04447 0.144443
6.04896 0.14893
6.04959 0.149561
6.0505 0.0504778
6.05116 0.151133
6.05391 0.153879
6.05522 0.155193
6.05554 0.155513
6.05554 0.155513
6.05586 0.0558332
6.05997 0.159947
6.06101 0.160981
6.06191 0.0418941
6.06191 0.0418941
6.06191 0.0418941
6.06223 0.0422091
6.06223 0.0418896
6.06223 0.0418896
6.06317 0.0631449
6.06648 0.0664752
6.06928 0.0692799
6.0696 0.0695777
6.06999 0.0699594
6.07031 0.170278
6.07062 0.0705984
6.07188 0.0718511
6.07437 0.0743642
6.07547 0.075445
6.07579 0.0757645
6.07645 0.0764261
6.07746 0.0774299
6.07778 0.0777494
6.07841 0.07838
6.07966 0.0796435
6.08048 0.0804498
6.08086 0.0808315
6.08189 0.041882
6.08189 0.041882
6.08189 0.041882
6.08224 0.0822266
6.08237 0.042361
6.08237 0.0420415
6.08237 0.0420415
6.08297 0.0829567
6.08556 0.0855304
6.08588 0.0858499
6.08775 0.0877247
6.08844 0.0884436
6.08876 0.0887369
6.08986 0.089834
6.09018 0.0901535
6.0905 0.090473
6.09234 0.0923166
6.09313 0.0931027
6.09398 0.093951
6.0943 0.0942839
6.09462 0.09459
6.0968 0.0967757
6.09718 0.0971575
6.09878 0.0987522
6.0991 0.0990717
6.09942 0.0993912
6.10055 0.100519
6.1013 0.101296
6.10193 0.0419038
6.10193 0.0419038
6.10193 0.0419038
6.10224 0.0422188
6.10224 0.0418993
6.10224 0.0418993
6.10256 0.102535
6.10515 0.105125
6.10594 0.105911
6.10669 0.106688
6.10788 0.107857
6.1082 0.108176
6.10908 0.109055
6.10993 0.109909
6.11115 0.111125
6.11601 0.115988
6.11633 0.116305
6.11715 0.117123
6.11781 0.117784
6.11997 0.119955
6.1219 0.0418889
6.1219 0.0418889
6.1219 0.0418889
6.12221 0.0422039
6.12221 0.0418844
6.12221 0.0418844
6.12278 0.122755
6.1231 0.123074
6.12345 0.123425
6.12389 0.123869
6.12593 0.125899
6.12628 0.12625
6.12949 0.129462
6.12987 0.129843
6.13134 0.131333
6.13166 0.131633
6.13276 0.13273
6.13444 0.134418
6.13887 0.138844
6.13981 0.139785
6.14209 0.0420652
6.14222 0.0418741
6.14222 0.0418741
6.14222 0.0418741
6.14257 0.0422202
6.14257 0.0419007
6.14257 0.0419007
6.14438 0.144351
6.14899 0.148963
6.14959 0.149563
6.1505 0.0504797
6.1511 0.151073
6.15391 0.15388
6.15488 0.154853
6.15539 0.155359
6.15571 0.155679
6.15602 0.0559991
6.15998 0.159957
6.16099 0.160961
6.16192 0.0419045
6.16192 0.0419045
6.16192 0.0419045
6.16224 0.0422195
6.16224 0.0419
6.16224 0.0419
6.16315 0.0631241
6.16655 0.0665253
6.1692 0.0691752
6.16952 0.069494
6.17 0.0699698
6.17031 0.170288
6.17063 0.0706088
6.17186 0.0718303
6.17435 0.0743521
6.17539 0.075362
6.17571 0.0756815
6.17643 0.0764054
6.1775 0.0774714
6.17782 0.0777909
6.17842 0.0783903
6.17967 0.0796659
6.18042 0.0803979
6.18084 0.0808107
6.1819 0.0418924
6.1819 0.0418924
6.1819 0.0418924
6.18222 0.0822024
6.18235 0.0423403
6.18235 0.0420208
6.18235 0.0420208
6.18298 0.0829757
6.18557 0.0855408
6.18589 0.0858603
6.18776 0.087735
6.18852 0.0884884
6.18883 0.0888095
6.18981 0.0897822
6.19013 0.0901017
6.19048 0.0904523
6.19238 0.0923581
6.19314 0.0931131
6.19399 0.0939613
6.19431 0.0943029
6.19463 0.0946003
6.19681 0.0967861
6.19713 0.0971056
6.19885 0.0988248
6.19917 0.0991443
6.19949 0.0994638
6.20052 0.100499
6.20131 0.101293
6.20191 0.041883
6.20191 0.041883
6.20191 0.041883
6.20222 0.0421981
6.20222 0.0418785
6.20222 0.0418785
6.20257 0.102545
6.20516 0.105135
6.20588 0.105859
6.20667 0.106653
6.20786 0.107836
6.20818 0.108155
6.20906 0.109035
6.20997 0.109951
6.21113 0.111104
6.21599 0.115976
6.21631 0.116285
6.21707 0.11704
6.21779 0.117763
6.21994 0.119943
6.22191 0.0418993
6.22191 0.0418993
6.22191 0.0418993
6.22222 0.0422143
6.22222 0.0418948
6.22222 0.0418948
6.22276 0.122734
6.22308 0.123053
6.22343 0.123404
6.22381 0.123786
6.22593 0.125909
6.22625 0.126229
6.2295 0.129472
6.22985 0.129823
6.23135 0.131321
6.23167 0.131644
6.23277 0.132741
6.23445 0.134429
6.23888 0.138854
6.23991 0.139889
6.2421 0.0420755
6.24223 0.0418844
6.24223 0.0418844
6.24223 0.0418844
6.24254 0.0421994
6.24254 0.0418799
6.24254 0.0418799
6.24432 0.1443
6.24897 0.148942
6.2496 0.149573
6.25051 0.05049
6.25105 0.151021
6.25392 0.153891
6.2552 0.155175
6.25552 0.155494
6.25584 0.155814
6.25584 0.0558143
6.26082 0.160799
6.26114 0.161118
6.26189 0.0418753
6.26189 0.0418753
6.26189 0.0418753
6.26224 0.0422214
6.26224 0.0419019
6.26224 0.0419019
6.26315 0.063126
6.26649 0.0664736
6.26926 0.0692472
6.26958 0.0695588
6.27003 0.0700028
6.27035 0.170321
6.27067 0.0706418
6.27189 0.0718633
6.27445 0.0744248
6.27554 0.0755194
6.27586 0.0758389
6.2764 0.0763762
6.2775 0.0774733
6.27782 0.0777928
6.27842 0.0783922
6.27967 0.0796488
6.28055 0.0805242
6.28087 0.0808437
6.2819 0.0418943
6.2819 0.0418943
6.2819 0.0418943
6.28222 0.0822022
6.28235 0.0423422
6.28235 0.0420226
6.28235 0.0420226
6.28304 0.0830173
6.28554 0.0855116
6.28586 0.0858311
6.28776 0.0877369
6.28886 0.0888357
6.28918 0.0891535
6.28978 0.0897529
6.2901 0.0900724
6.29048 0.0904542
6.29242 0.0923911
6.29314 0.0931149
6.29399 0.0939632
6.29431 0.0942823
6.29463 0.0946022
6.297 0.0969746
6.29732 0.0972941
6.29876 0.0987334
6.29908 0.0990529
6.2994 0.0993724
6.30053 0.100501
6.30203 0.101996
6.30216 0.0421338
6.30216 0.0421338
6.30216 0.0421338
6.30247 0.10245
6.3026 0.0425816
6.3026 0.0422621
6.3026 0.0422621
6.30516 0.105137
6.30589 0.105861
6.30742 0.107388
6.30786 0.107838
6.30818 0.108157
6.30906 0.109037
6.30994 0.109922
6.31113 0.111106
6.31599 0.115986
6.31687 0.116846
6.31719 0.117166
6.31779 0.117765
6.32007 0.120047
6.32191 0.0419012
6.32191 0.0419012
6.32191 0.0419012
6.32222 0.0422162
6.32222 0.0418967
6.32222 0.0418967
6.32276 0.122736
6.32308 0.123055
6.32349 0.123468
6.32387 0.12385
6.326 0.125973
6.32632 0.126293
6.3295 0.129474
6.32997 0.129949
6.33135 0.131331
6.33167 0.131646
6.33274 0.132712
6.33442 0.1344
6.33891 0.138887
6.34001 0.139984
6.3421 0.0420774
6.34223 0.0418863
6.34223 0.0418863
6.34223 0.0418863
6.34254 0.0422013
6.34254 0.0418818
6.34254 0.0418818
6.34436 0.144333
6.34897 0.148944
6.34957 0.149544
6.35051 0.0504919
6.35105 0.151023
6.35395 0.153924
6.3552 0.155176
6.35552 0.155496
6.35584 0.155815
6.35584 0.0558162
6.3607 0.160676
6.36102 0.160996
6.3619 0.0418771
6.3619 0.0418771
6.3619 0.0418771
6.36224 0.0422233
6.36224 0.0419037
6.36224 0.0419037
6.36315 0.0631279
6.36646 0.066453
6.36927 0.0692577
6.36958 0.0695607
6.37 0.0699735
6.37032 0.170292
6.37064 0.0706126
6.37186 0.0718341
6.37445 0.0744353
6.37555 0.0755213
6.37586 0.0758408
6.3764 0.076378
6.37765 0.0776307
6.37797 0.0779502
6.37842 0.0783941
6.37964 0.0796317
6.38052 0.080495
6.38084 0.0808145
6.3819 0.0418961
6.3819 0.0418961
6.3819 0.0418961
6.38228 0.0822674
6.38241 0.0424062
6.38241 0.0420867
6.38241 0.0420867
6.38298 0.0829656
6.38554 0.0855134
6.38586 0.085833
6.38776 0.0877388
6.3888 0.0887702
6.38912 0.0890932
6.38993 0.0899103
6.39025 0.0902299
6.39057 0.0905494
6.39242 0.092393
6.39311 0.0930857
6.39414 0.0941288
6.39446 0.0944401
6.39446 0.0944401
6.39693 0.0969058
6.39725 0.0972253
6.39878 0.0987579
6.3991 0.0990774
6.39942 0.0993969
6.40052 0.100494
6.40205 0.102029
6.40218 0.0421583
6.40218 0.0421583
6.40218 0.0421583
6.4025 0.102474
6.40263 0.0426062
6.40263 0.0422867
6.40263 0.0422867
6.40515 0.105131
6.40591 0.105886
6.40738 0.107359
6.40785 0.107831
6.40817 0.108151
6.40908 0.109061
6.40993 0.109915
6.41119 0.111162
6.41602 0.115989
6.41696 0.116933
6.41728 0.117253
6.41778 0.117759
6.41997 0.119956
6.4219 0.0418946
6.4219 0.0418946
6.4219 0.0418946
6.42222 0.0422096
6.42222 0.0418901
6.42222 0.0418901
6.42275 0.122729
6.42307 0.123049
6.42342 0.123399
6.42384 0.123812
6.42593 0.125905
6.42628 0.126255
6.42949 0.129467
6.42994 0.129911
6.43122 0.131209
6.43154 0.131515
6.43273 0.132705
6.43442 0.134393
6.43887 0.138849
6.44 0.139978
6.44209 0.0420708
6.44222 0.0418797
6.44222 0.0418797
6.44222 0.0418797
6.44254 0.0421947
6.44254 0.0418752
6.44254 0.0418752
6.44435 0.144326
6.44899 0.148969
6.4495 0.149475
6.4505 0.0504853
6.4511 0.151078
6.45391 0.153886
6.45501 0.154983
6.45536 0.155334
6.45568 0.155653
6.456 0.0559736
6.46067 0.160647
6.46099 0.160966
6.4619 0.041879
6.4619 0.041879
6.4619 0.041879
6.46221 0.042194
6.46221 0.0418745
6.46221 0.0418745
6.46315 0.0631298
6.46649 0.0664636
6.46927 0.0692372
6.46959 0.0695626
6.47006 0.170037
6.47038 0.0703571
6.4707 0.0706767
6.47186 0.071836
6.47445 0.0744459
6.47552 0.0754921
6.47593 0.0759049
6.4764 0.0763799
6.47766 0.0776325
6.47798 0.0779521
6.47842 0.078396
6.47964 0.0796146
6.48052 0.0804969
6.48084 0.0808164
6.4819 0.041898
6.4819 0.041898
6.4819 0.041898
6.48222 0.0821967
6.48235 0.0423459
6.48235 0.0420264
6.48235 0.0420264
6.48298 0.0829761
6.48554 0.0855153
6.48586 0.0858348
6.48776 0.0877407
6.48871 0.0887047
6.48902 0.0890017
6.4899 0.0898811
6.49022 0.0902006
6.49054 0.0905201
6.49245 0.0924259
6.49311 0.0930876
6.49402 0.0940149
6.49434 0.0943176
6.49434 0.0943176
6.49693 0.0969077
6.49725 0.0972272
6.49875 0.0987287
6.49907 0.0990482
6.49939 0.0993677
6.50052 0.100496
6.50211 0.102102
6.50224 0.0422224
6.50224 0.0422224
6.50224 0.0422224
6.50224 0.0422224
6.50224 0.0419029
6.50224 0.0419029
6.50237 0.0420312
6.50269 0.102667
6.50516 0.105133
6.50591 0.105888
6.50747 0.107462
6.50786 0.107833
6.50818 0.108152
6.50905 0.109032
6.50993 0.109917
6.51116 0.111133
6.51602 0.115999
6.51696 0.116935
6.51728 0.117255
6.51778 0.117761
6.51997 0.119966
6.5219 0.0418965
6.5219 0.0418965
6.5219 0.0418965
6.52222 0.0422115
6.52222 0.041892
6.52222 0.041892
6.52275 0.122731
6.52307 0.123051
6.52346 0.123432
6.52381 0.123783
6.52593 0.125906
6.52625 0.126226
6.52949 0.129469
6.52994 0.129913
6.53122 0.131219
6.53154 0.131516
6.53273 0.132707
6.53442 0.134395
6.53891 0.138882
6.54003 0.140011
6.54209 0.0420727
6.54222 0.0418816
6.54222 0.0418816
6.54222 0.0418816
6.54254 0.0421966
6.54254 0.0418771
6.54254 0.0418771
6.54435 0.144328
6.54896 0.14894
6.54947 0.149446
6.5505 0.0504872
6.5511 0.15108
6.55391 0.153888
6.55498 0.154954
6.55536 0.155336
6.55568 0.155655
6.556 0.0559755
6.56067 0.160649
6.56099 0.160968
6.5619 0.0418809
6.5619 0.0418809
6.5619 0.0418809
6.56221 0.0421959
6.56221 0.0418764
6.56221 0.0418764
6.56315 0.0631317
6.56649 0.0664741
6.56927 0.0692477
6.56959 0.0695645
6.57009 0.17007
6.57041 0.0703901
6.57073 0.0707096
6.57186 0.0718379
6.57442 0.0743942
6.57549 0.0754628
6.57584 0.0758135
6.5764 0.0763818
6.57766 0.0776344
6.57798 0.0779539
6.57839 0.0783668
6.57964 0.0796286
6.58043 0.0804054
6.58084 0.0808183
6.5819 0.0418999
6.5819 0.0418999
6.5819 0.0418999
6.58222 0.0821951
6.58235 0.0423478
6.58235 0.0420283
6.58235 0.0420283
6.58304 0.0830178
6.58557 0.0855483
6.58589 0.0858678
6.58792 0.0878981
6.5888 0.0887947
6.58912 0.0890969
6.58991 0.089883
6.59022 0.0902025
6.59054 0.090522
6.59242 0.0923967
6.59311 0.0930895
6.59415 0.0941188
6.59447 0.0944439
6.59447 0.0944439
6.59693 0.0969096
6.59725 0.0972291
6.59881 0.0987927
6.59913 0.0991123
6.59945 0.0994318
6.60052 0.100498
6.60205 0.10205
6.60218 0.042162
6.60218 0.042162
6.60218 0.042162
6.60231 0.0422904
6.60231 0.0419709
6.60231 0.0419709
6.60263 0.102607
6.60516 0.105135
6.60588 0.105858
6.60726 0.107255
6.60786 0.107835
6.60818 0.108154
6.60906 0.109034
6.60994 0.109919
6.61125 0.111228
6.61599 0.115979
6.61696 0.116937
6.61728 0.117256
6.61778 0.117763
6.62006 0.120039
6.6219 0.0418983
6.6219 0.0418983
6.6219 0.0418983
6.62222 0.0422134
6.62222 0.0418938
6.62222 0.0418938
6.62276 0.122733
6.62307 0.123052
6.62339 0.123372
6.6239 0.123878
6.6259 0.125877
6.62622 0.126197
6.62952 0.129502
6.62984 0.129822
6.63138 0.131354
6.6317 0.131674
6.63279 0.132771
6.63442 0.134397
6.63894 0.138915
6.64 0.139981
6.6421 0.0420746
6.64222 0.0418835
6.64222 0.0418835
6.64222 0.0418835
6.64254 0.0421985
6.64254 0.041879
6.64254 0.041879
6.64438 0.144361
6.64899 0.148973
6.64959 0.149572
6.6505 0.0504891
6.65101 0.150989
6.65391 0.15389
6.6552 0.155174
6.65552 0.155493
6.65583 0.155813
6.65583 0.0558134
6.6607 0.160673
6.66101 0.160993
6.66189 0.0418743
6.66189 0.0418743
6.66189 0.0418743
6.66224 0.0422204
6.66224 0.0419009
6.66224 0.0419009
6.66315 0.0631251
6.66648 0.0664761
6.66926 0.0692497
6.66958 0.0695579
6.67009 0.170063
6.6704 0.0703836
6.67072 0.0707031
6.67185 0.0718313
6.67444 0.0744274
6.67548 0.0754563
6.6758 0.0757758
6.6764 0.0763752
6.67765 0.0776278
6.67797 0.0779473
6.67841 0.0783913
6.67967 0.0796652
6.68042 0.0803989
6.68083 0.0808117
6.68189 0.0418933
6.68189 0.0418933
6.68189 0.0418933
6.68221 0.0822093
6.68234 0.0423412
6.68234 0.0420217
6.68234 0.0420217
6.683 0.0829887
6.68553 0.0855106
6.68585 0.0858301
6.68776 0.0877359
6.6887 0.0886896
6.68902 0.088997
6.68977 0.089752
6.69009 0.0900715
6.69047 0.0904532
6.69263 0.0926079
6.6931 0.0930829
6.69408 0.0940586
6.6944 0.0943751
6.6944 0.0943751
6.69692 0.096903
6.69724 0.0972225
6.69881 0.0987862
6.69913 0.0991057
6.69945 0.0994252
6.70054 0.100522
6.70201 0.10199
6.70214 0.0421243
6.70214 0.0421243
6.70214 0.0421243
6.70227 0.0422527
6.70227 0.0419332
6.70227 0.0419332
6.70259 0.102569
6.70515 0.105128
6.7059 0.105883
6.70741 0.107382
6.70794 0.107922
6.70826 0.108241
6.70905 0.109027
6.70993 0.109912
6.71115 0.111128
6.71601 0.115981
6.71689 0.116868
6.71721 0.117188
6.71778 0.117756
6.72006 0.120041
6.7219 0.0418918
6.7219 0.0418918
6.7219 0.0418918
6.72221 0.0422068
6.72221 0.0418873
6.72221 0.0418873
6.72278 0.122757
6.7231 0.123077
6.72348 0.123459
6.72389 0.123872
6.72599 0.125964
6.7263 0.126283
6.72949 0.129465
6.72999 0.129971
6.73134 0.131325
6.73166 0.131636
6.73275 0.132733
6.73441 0.13439
6.7389 0.138878
6.74003 0.140006
6.74209 0.042068
6.74222 0.0418769
6.74222 0.0418769
6.74222 0.0418769
6.74256 0.042223
6.74256 0.0419035
6.74256 0.0419035
6.74438 0.144354
6.74899 0.148966
6.74959 0.149566
6.7505 0.0504825
6.75113 0.151107
6.75394 0.153914
6.75519 0.155167
6.75551 0.155486
6.75583 0.155806
6.75583 0.0558068
6.76069 0.160667
6.76101 0.160986
6.76191 0.0418988
6.76191 0.0418988
6.76191 0.0418988
6.76223 0.0422139
6.76223 0.0418943
6.76223 0.0418943
6.76314 0.0631185
6.76648 0.0664471
6.76925 0.0692518
6.76957 0.0695513
6.76998 0.0699641
6.7703 0.170283
6.77062 0.0706032
6.77188 0.0718558
6.7744 0.0743983
6.77541 0.0753875
6.77573 0.075707
6.77642 0.0763997
6.77758 0.0775591
6.7779 0.0778786
6.77841 0.0783847
6.77966 0.0796396
6.78044 0.0804234
6.78083 0.0808051
6.78189 0.0418867
6.78189 0.0418867
6.78189 0.0418867
6.78227 0.0822545
6.7824 0.0423968
6.7824 0.0420773
6.7824 0.0420773
6.78297 0.0829597
6.78556 0.0855352
6.78588 0.0858547
6.78775 0.0877294
6.78875 0.0887401
6.78907 0.0890527
6.7898 0.0897765
6.79012 0.090096
6.7905 0.0904777
6.7924 0.0923836
6.79313 0.0931074
6.79401 0.0939868
6.79433 0.094318
6.79465 0.0946258
6.79699 0.0969671
6.79731 0.0972866
6.79875 0.0987258
6.79907 0.0990453
6.79939 0.0993649
6.80051 0.100493
6.80202 0.102001
6.80214 0.0421262
6.80214 0.0421262
6.80214 0.0421262
6.80227 0.0422546
6.80227 0.0419351
6.80227 0.0419351
6.80259 0.102571
6.80515 0.10513
6.80591 0.105885
6.80738 0.107361
6.80791 0.107892
6.80823 0.108212
6.80905 0.109029
6.80993 0.109914
6.81112 0.111099
6.81601 0.115991
6.81689 0.11687
6.81721 0.11719
6.81778 0.117758
6.81996 0.119958
6.8219 0.0418936
6.8219 0.0418936
6.8219 0.0418936
6.82221 0.0422087
6.82221 0.0418891
6.82221 0.0418891
6.82275 0.122728
6.82307 0.123048
6.82348 0.123461
6.82383 0.123811
6.82592 0.125904
6.82624 0.126223
6.82964 0.129622
6.82996 0.129941
6.83121 0.131211
6.83153 0.131514
6.83272 0.132704
6.83441 0.134392
6.8389 0.13888
6.84003 0.140008
6.84209 0.0420699
6.84222 0.0418788
6.84222 0.0418788
6.84222 0.0418788
6.84253 0.0421938
6.84253 0.0418743
6.84253 0.0418743
6.84435 0.144325
6.84899 0.148968
6.84949 0.149474
6.8505 0.0504844
6.85113 0.151108
6.85394 0.153916
6.85519 0.155169
6.85551 0.155488
6.85583 0.155808
6.85583 0.0558087
6.86069 0.160669
6.86101 0.160988
6.86191 0.0419007
6.86191 0.0419007
6.86191 0.0419007
6.86223 0.0422157
6.86223 0.0418962
6.86223 0.0418962
6.86314 0.0631204
6.86648 0.0664576
6.86928 0.0692623
6.8696 0.0695843
6.87014 0.170121
6.87046 0.0704411
6.87078 0.0707606
6.87185 0.0718266
6.87447 0.0744399
6.87556 0.0755449
6.87588 0.0758644
6.87645 0.0764327
6.87749 0.0774676
6.87781 0.0777871
6.87841 0.0783866
6.87966 0.0796536
6.88041 0.0803942
6.88098 0.0809625
6.88192 0.0418886
6.88192 0.0418886
6.88192 0.0418886
6.88224 0.0822149
6.88237 0.0423365
6.88237 0.042017
6.88237 0.042017
6.883 0.0829702
6.88556 0.085537
6.88588 0.0858565
6.88775 0.0877312
6.88879 0.0887679
6.88911 0.0890857
6.88986 0.0898406
6.89018 0.0901601
6.8905 0.0904796
6.89247 0.0924477
6.89313 0.0931093
6.8941 0.0940712
6.89442 0.0944015
6.89442 0.0944015
6.89695 0.0969294
6.89727 0.0972489
6.89877 0.0987504
6.89909 0.0990699
6.89941 0.0993894
6.90054 0.100518
6.90204 0.102034
6.90217 0.0421508
6.90217 0.0421508
6.90217 0.0421508
6.9023 0.0422791
6.9023 0.0419596
6.9023 0.0419596
6.90262 0.102595
6.90514 0.105123
6.9059 0.105878
6.90734 0.107332
6.90791 0.107886
6.90823 0.108205
6.90907 0.109054
6.91005 0.110032
6.91114 0.111123
6.916 0.115993
6.91698 0.116957
6.9173 0.117276
6.91777 0.117751
6.92005 0.120022
6.92189 0.0418871
6.92189 0.0418871
6.92189 0.0418871
6.9222 0.0422021
6.9222 0.0418826
6.9222 0.0418826
6.92274 0.122722
6.92306 0.123041
6.92341 0.123392
6.92382 0.123805
6.92589 0.125866
6.92636 0.126341
6.92948 0.12946
6.9298 0.129779
6.93136 0.131338
6.93168 0.131663
6.93275 0.132729
6.93441 0.134386
6.93886 0.138842
6.94002 0.140001
6.94211 0.0420944
6.94224 0.0419033
6.94224 0.0419033
6.94224 0.0419033
6.94256 0.0422183
6.94256 0.0418988
6.94256 0.0418988
6.9444 0.144381
6.94898 0.148961
6.94958 0.149561
6.95049 0.0504778
6.95103 0.151009
6.95393 0.15391
6.95521 0.155193
6.95553 0.155513
6.95553 0.155513
6.95585 0.0558332
6.96068 0.160662
6.961 0.160981
6.96191 0.0418941
6.96191 0.0418941
6.96191 0.0418941
6.96222 0.0422092
6.96222 0.0418896
6.96222 0.0418896
6.96313 0.0631138
6.96647 0.0664597
6.96928 0.0692644
6.9696 0.0695777
6.97007 0.0700528
6.97007 0.170052
6.97061 0.07059
6.97186 0.0718426
6.97442 0.0744024
6.97549 0.0754676
6.97581 0.0757871
6.97641 0.0763866
6.97756 0.0775459
6.97788 0.0778654
6.97839 0.0783715
6.97964 0.0796195
6.98043 0.0804102
6.98084 0.080823
6.98213 0.0821142
6.98225 0.0422242
6.98225 0.0422242
6.98225 0.0422242
6.98225 0.0422242
6.98225 0.0419047
6.98225 0.0419047
6.98238 0.0420331
6.98298 0.0829638
6.9856 0.0855842
6.98592 0.0859037
6.98774 0.0877162
6.9888 0.0887787
6.98912 0.0891017
6.98988 0.0898567
6.9902 0.0901762
6.99051 0.0904957
6.99245 0.0924326
6.99311 0.0930943
6.99399 0.0939715
6.99431 0.0942931
6.99431 0.0942931
6.99693 0.0969143
6.99725 0.0972338
6.99875 0.0987353
6.99907 0.0990548
6.99939 0.0993743
7.00052 0.100503
7.00202 0.101996
7.00215 0.0421357
7.00215 0.0421357
7.00215 0.0421357
7.00228 0.0422641
7.00228 0.0419446
7.00228 0.0419446
7.0026 0.10258
7.0051 0.105079
7.00592 0.105897
7.00748 0.107452
7.00795 0.107935
7.00827 0.108255
7.00906 0.109041
7.00994 0.109926
7.01116 0.111142
7.01599 0.115989
7.01693 0.116913
7.01725 0.117232
7.01779 0.11777
7.02007 0.12005
7.02191 0.0419054
7.02191 0.0419054
7.02191 0.0419054
7.02222 0.0422204
7.02222 0.0419009
7.02222 0.0419009
7.02276 0.12274
7.02308 0.12306
7.02343 0.12341
7.02381 0.123792
7.02603 0.126009
7.02635 0.126328
7.02947 0.129447
7.02994 0.129922
7.03132 0.131303
7.03164 0.131619
7.03273 0.132716
7.03439 0.134373
7.03888 0.13886
7.04001 0.139988
7.0421 0.0420817
7.04223 0.0418906
7.04223 0.0418906
7.04223 0.0418906
7.04254 0.0422056
7.04254 0.0418861
7.04254 0.0418861
7.04436 0.144337
7.04897 0.148949
7.04957 0.149548
7.05048 0.0504651
7.05108 0.151058
7.05395 0.153928
7.05501 0.154994
7.05536 0.155345
7.05568 0.155664
7.056 0.0559845
7.06068 0.160658
7.061 0.160977
7.0619 0.0418899
7.0619 0.0418899
7.0619 0.0418899
7.06222 0.0422049
7.06222 0.0418854
7.06222 0.0418854
7.06316 0.0631406
7.06646 0.066464
7.06927 0.0692688
7.06959 0.0695735
7.07007 0.170048
7.07039 0.070368
7.07071 0.0706875
7.07196 0.0719401
7.07439 0.0743842
7.07552 0.0755029
7.07584 0.0758224
7.07641 0.0763908
7.07751 0.0774879
7.07783 0.0778074
7.07842 0.0784068
7.07968 0.079667
7.08043 0.0804144
7.08085 0.0808272
7.08191 0.0418778
7.08191 0.0418778
7.08191 0.0418778
7.08223 0.0821961
7.08235 0.0423257
7.08235 0.0420062
7.08235 0.0420062
7.08302 0.0830077
7.08558 0.0855573
7.08589 0.0858768
7.08774 0.0877204
7.08887 0.08884
7.08919 0.0891681
7.08988 0.0898609
7.0902 0.0901804
7.09052 0.0904999
7.09245 0.0924368
7.09312 0.0930984
7.09409 0.0940777
7.09441 0.0943906
7.09441 0.0943906
7.097 0.0969807
7.09732 0.0973003
7.09879 0.0987706
7.09911 0.0990901
7.09943 0.0994096
7.10052 0.100507
7.10203 0.102009
7.10215 0.0421399
7.10215 0.0421399
7.10215 0.0421399
7.10228 0.0422683
7.10228 0.0419488
7.10228 0.0419488
7.1026 0.102584
7.10516 0.105143
7.10592 0.105898
7.10726 0.107245
7.10792 0.107906
7.10824 0.108226
7.10912 0.109105
7.10997 0.109959
7.11116 0.111144
7.11559 0.115564
7.11693 0.116915
7.11725 0.117234
7.11779 0.117772
7.11998 0.119967
7.12188 0.0418762
7.12188 0.0418762
7.12188 0.0418762
7.12223 0.122209
7.12236 0.0423552
7.12236 0.0420357
7.12236 0.0420357
7.12296 0.122937
7.12343 0.123412
7.12387 0.123856
7.12594 0.125917
7.12625 0.126237
7.1295 0.12948
7.12982 0.1298
7.13138 0.131375
7.1317 0.131683
7.13277 0.132749
7.13433 0.134312
7.13891 0.138893
7.14001 0.13999
7.1421 0.0420836
7.14223 0.0418924
7.14223 0.0418924
7.14223 0.0418924
7.14254 0.0422075
7.14254 0.041888
7.14254 0.041888
7.14429 0.144276
7.14897 0.148951
7.1496 0.149581
7.15048 0.050467
7.15102 0.150998
7.15395 0.15393
7.15498 0.154965
7.1554 0.155378
7.15572 0.155697
7.15603 0.0560175
7.16068 0.16066
7.161 0.160979
7.1619 0.0418918
7.1619 0.0418918
7.1619 0.0418918
7.16222 0.0422068
7.16222 0.0418873
7.16222 0.0418873
7.16313 0.0631114
7.16625 0.0662257
7.16881 0.0687816
7.16919 0.069171
7.17007 0.17005
7.17039 0.0703699
7.17071 0.0706894
7.17187 0.0718487
7.17443 0.0743947
7.17509 0.0750693
7.17541 0.0753889
7.17644 0.0764238
7.1776 0.0775831
7.17792 0.0779026
7.17792 0.0778911
7.17839 0.0783776
7.18039 0.0803767
7.18087 0.0808518
7.18193 0.0419023
7.18193 0.0419023
7.18193 0.0419023
7.18225 0.0822437
7.18238 0.0423502
7.18238 0.0420307
7.18238 0.0420307
7.18298 0.0829476
7.18557 0.0855507
7.18589 0.0858702
7.18776 0.0877449
7.18864 0.0886416
7.18896 0.0889438
7.18987 0.0898543
7.19019 0.0901738
7.19051 0.0904933
7.19245 0.0924302
7.19295 0.0929363
7.19408 0.0940797
7.1944 0.0943841
7.1944 0.0943841
7.19684 0.0968186
7.19719 0.0971693
7.19878 0.098764
7.1991 0.0990835
7.19942 0.099403
7.20008 0.100065
7.20202 0.102011
7.20215 0.0421333
7.20215 0.0421333
7.20215 0.0421333
7.20247 0.10245
7.2026 0.0425812
7.2026 0.0422617
7.2026 0.0422617
7.20515 0.105137
7.20591 0.105892
7.20729 0.107278
7.20792 0.107899
7.20824 0.108219
7.20905 0.109036
7.20993 0.109921
7.21122 0.111199
7.21564 0.115637
7.21693 0.116908
7.21725 0.117228
7.21775 0.117734
7.21944 0.119409
7.22193 0.0419007
7.22193 0.0419007
7.22193 0.0419007
7.22225 0.122234
7.22238 0.0423486
7.22238 0.0420291
7.22238 0.0420291
7.22292 0.122899
7.22342 0.123405
7.22387 0.123849
7.2259 0.12588
7.22622 0.126199
7.22949 0.129474
7.22984 0.129824
7.23122 0.131191
7.23154 0.131521
7.23279 0.132773
7.23432 0.134306
7.23881 0.138793
7.23997 0.139953
7.24209 0.042077
7.24222 0.0418859
7.24222 0.0418859
7.24222 0.0418859
7.24254 0.0422009
7.24254 0.0418814
7.24254 0.0418814
7.24435 0.144332
7.24912 0.149099
7.2495 0.149481
7.2505 0.0504915
7.2511 0.151084
7.25391 0.153892
7.25498 0.154958
7.25536 0.15534
7.25568 0.155659
7.256 0.0559798
7.26067 0.160653
7.26099 0.160973
7.2619 0.0418852
7.2619 0.0418852
7.2619 0.0418852
7.26221 0.0422002
7.26221 0.0418807
7.26221 0.0418807
7.26315 0.0631359
7.26624 0.0662363
7.2688 0.0687921
7.26921 0.0691955
7.27 0.0699816
7.27032 0.1703
7.27064 0.0706206
7.27195 0.0719354
7.27445 0.0744278
7.27508 0.0750628
7.2754 0.0753823
7.27643 0.0764172
7.27716 0.077141
7.27748 0.0774696
7.2778 0.07778
7.2784 0.0783795
7.2804 0.0803786
7.28084 0.0808225
7.28193 0.0419042
7.28193 0.0419042
7.28193 0.0419042
7.28225 0.0822435
7.28238 0.0423521
7.28238 0.0420326
7.28238 0.0420326
7.28298 0.0829581
7.28557 0.0855526
7.28589 0.0858721
7.28776 0.0877468
7.28874 0.0887316
7.28906 0.089039
7.28987 0.0898562
7.29019 0.0901757
7.29051 0.0904952
7.29248 0.0924632
7.29305 0.0930315
7.29408 0.0940591
7.2944 0.0943859
7.2944 0.0943859
7.29684 0.0968205
7.29716 0.09714
7.29878 0.0987659
7.2991 0.0990854
7.29942 0.0994049
7.30052 0.100502
7.30202 0.10199
7.30215 0.0421352
7.30215 0.0421352
7.30215 0.0421352
7.30247 0.102451
7.3026 0.0425831
7.3026 0.0422636
7.3026 0.0422636
7.30516 0.105139
7.30591 0.105894
7.30729 0.107258
7.30782 0.107808
7.30814 0.108128
7.30905 0.109038
7.30993 0.109923
7.31116 0.111139
7.31564 0.115625
7.31693 0.11691
7.31725 0.11723
7.31775 0.117736
7.31947 0.119459
7.32193 0.0419026
7.32193 0.0419026
7.32193 0.0419026
7.32225 0.122236
7.32238 0.0423505
7.32238 0.042031
7.32238 0.042031
7.32292 0.122901
7.32342 0.123407
7.3239 0.123882
7.3259 0.125882
7.32622 0.126201
7.32949 0.129475
7.32984 0.129826
7.33122 0.131201
7.33154 0.131523
7.33273 0.132713
7.33432 0.134308
7.33887 0.138857
7.34 0.139986
7.34209 0.0420789
7.34222 0.0418877
7.34222 0.0418877
7.34222 0.0418877
7.34254 0.0422028
7.34254 0.0418833
7.34254 0.0418833
7.34435 0.144334
7.3489 0.148884
7.34953 0.149514
7.3505 0.0504934
7.35101 0.150993
7.35391 0.153894
7.35507 0.155053
7.35539 0.155373
7.35571 0.155692
7.35603 0.0560128
7.36061 0.160593
7.36093 0.160912
7.3619 0.0418871
7.3619 0.0418871
7.3619 0.0418871
7.36221 0.0422021
7.36221 0.0418826
7.36221 0.0418826
7.3629 0.062889
7.36649 0.066473
7.36883 0.0688111
7.36924 0.0692285
7.37 0.0699835
7.37032 0.170302
7.37064 0.0706225
7.37186 0.071844
7.37445 0.0744384
7.37508 0.0750646
7.3754 0.0753842
7.37615 0.0761391
7.37756 0.0775473
7.37788 0.0778668
7.37788 0.0778653
7.37842 0.078404
7.38048 0.0804653
7.38083 0.0808159
7.38192 0.0418976
7.38192 0.0418976
7.38192 0.0418976
7.38224 0.0822129
7.38237 0.0423455
7.38237 0.042026
7.38237 0.042026
7.383 0.0829913
7.38556 0.085546
7.38588 0.0858655
7.38779 0.0877713
7.38864 0.0886265
7.38895 0.0889391
7.38993 0.0899118
7.39025 0.0902313
7.39057 0.0905508
7.39241 0.0923944
7.39298 0.0929627
7.39404 0.0940301
7.39436 0.0943483
7.39436 0.0943483
7.39683 0.0968139
7.39721 0.0971957
7.39878 0.0987593
7.39909 0.0990788
7.39941 0.0993983
7.40051 0.100495
7.40201 0.101993
7.40214 0.0421286
7.40214 0.0421286
7.40214 0.0421286
7.40246 0.102445
7.40259 0.0425765
7.40259 0.042257
7.40259 0.042257
7.40518 0.105163
7.4059 0.105887
7.4075 0.107478
7.40782 0.107801
7.40814 0.108121
7.40905 0.109031
7.40993 0.109916
7.41112 0.111101
7.41598 0.115977
7.41692 0.116903
7.41724 0.117223
7.41778 0.11776
7.41953 0.119501
7.42193 0.041896
7.42193 0.041896
7.42193 0.041896
7.42228 0.12226
7.4224 0.042375
7.4224 0.0420555
7.4224 0.0420555
7.42294 0.122926
7.42342 0.123401
7.42386 0.123845
7.42589 0.125875
7.42621 0.126194
7.42948 0.129469
7.4298 0.129788
7.43121 0.131204
7.43153 0.131516
7.43272 0.132706
7.43438 0.134363
7.43887 0.138851
7.43999 0.139979
7.44209 0.0420723
7.44222 0.0418812
7.44222 0.0418812
7.44222 0.0418812
7.44253 0.0421962
7.44253 0.0418767
7.44253 0.0418767
7.44434 0.144327
7.44892 0.148908
7.44946 0.149445
7.4505 0.0504868
7.451 0.150986
7.4539 0.153888
7.45497 0.154954
7.45535 0.155335
7.45567 0.155655
7.45599 0.0559751
7.46066 0.160648
7.46101 0.160999
7.46189 0.0418805
7.46189 0.0418805
7.46189 0.0418805
7.4622 0.0421955
7.4622 0.041876
7.4622 0.041876
7.46302 0.0630068
7.46648 0.066475
7.46882 0.0688217
7.46921 0.0691908
7.47005 0.170038
7.47037 0.0703586
7.47069 0.0706781
7.47195 0.0719307
7.47444 0.0744404
7.47507 0.0750581
7.47577 0.0757508
7.47643 0.0764125
7.47759 0.0775718
7.47791 0.0778913
7.47791 0.0778793
7.47841 0.0783974
7.48047 0.0804588
7.48082 0.0808094
7.48192 0.041891
7.48192 0.041891
7.48192 0.041891
7.48224 0.0822186
7.48236 0.0423389
7.48236 0.0420194
7.48236 0.0420194
7.48296 0.0829622
7.48555 0.0855394
7.48587 0.0858589
7.48778 0.0877647
7.48866 0.0886459
7.48898 0.0889636
7.48986 0.089843
7.49018 0.0901625
7.4905 0.090482
7.4924 0.0923878
7.493 0.0929873
7.49416 0.0941566
7.49448 0.0944661
7.49448 0.0944661
7.49682 0.0968074
7.49714 0.0971269
7.49877 0.0987527
7.49909 0.0990722
7.49941 0.0993918
7.5005 0.100489
7.50204 0.102026
7.50216 0.0421531
7.50216 0.0421531
7.50216 0.0421531
7.50248 0.102469
7.50261 0.042601
7.50261 0.0422815
7.50261 0.0422815
7.50517 0.105157
7.5059 0.105881
7.50727 0.107262
7.5079 0.107888
7.50822 0.108208
7.50904 0.109025
7.50992 0.10991
7.51052 0.110504
7.516 0.115979
7.51691 0.116897
7.51723 0.117216
7.51777 0.117754
7.51946 0.119449
7.52192 0.0418894
7.52192 0.0418894
7.52192 0.0418894
7.52223 0.0422045
7.52223 0.0418849
7.52223 0.0418849
7.52277 0.122755
7.52309 0.123075
7.52353 0.123519
7.52388 0.123869
7.52588 0.125868
7.52623 0.126219
7.52945 0.129431
7.5298 0.129782
7.53136 0.13133
7.53168 0.131665
7.53271 0.1327
7.5344 0.134388
7.53886 0.138844
7.54002 0.140004
7.54211 0.0420968
7.54224 0.0419057
7.54224 0.0419057
7.54224 0.0419057
7.54255 0.0422207
7.54255 0.0419012
7.54255 0.0419012
7.54427 0.144259
7.54895 0.148933
7.54958 0.149563
7.55049 0.0504802
7.55115 0.151135
7.5539 0.153881
7.55509 0.155071
7.55541 0.155391
7.55573 0.15571
7.55573 0.0557112
7.56065 0.160633
7.561 0.160984
7.5619 0.0418965
7.5619 0.0418965
7.5619 0.0418965
7.56222 0.0422115
7.56222 0.041892
7.56222 0.041892
7.56313 0.0631162
7.56628 0.0662509
7.56881 0.0687926
7.56922 0.0692069
7.57007 0.170054
7.57039 0.0703746
7.57071 0.0706942
7.57193 0.0719157
7.57449 0.0744651
7.57515 0.0751363
7.57572 0.0757047
7.57641 0.0763974
7.57748 0.0774634
7.5778 0.0777829
7.57812 0.078111
7.57844 0.0784219
7.58047 0.0804522
7.58085 0.0808339
7.58191 0.0418844
7.58191 0.0418844
7.58191 0.0418844
7.58223 0.0822151
7.58236 0.0423323
7.58236 0.0420128
7.58236 0.0420128
7.58302 0.0829954
7.58555 0.0855328
7.58587 0.0858523
7.58774 0.087727
7.58871 0.0886963
7.58903 0.0890192
7.58988 0.0898675
7.5902 0.090187
7.59052 0.0905065
7.59246 0.0924434
7.59293 0.0929185
7.59406 0.0940342
7.59438 0.0943662
7.59438 0.0943662
7.59681 0.0968008
7.59723 0.0972136
7.59876 0.0987462
7.59908 0.0990657
7.5994 0.0993852
7.6005 0.100482
7.6019 0.0418893
7.6019 0.0418893
7.6019 0.0418893
7.60222 0.102218
7.60254 0.102525
7.60267 0.0426567
7.60267 0.0423371
7.60267 0.0423371
7.60516 0.10515
7.60589 0.105874
7.60727 0.107264
7.6079 0.107882
7.60822 0.108201
7.60909 0.10908
7.60991 0.109903
7.61051 0.110497
7.61599 0.115982
7.6169 0.11689
7.61722 0.11721
7.61776 0.117747
7.62004 0.120019
7.62191 0.0418829
7.62191 0.0418829
7.62191 0.0418829
7.62223 0.0421979
7.62223 0.0418784
7.62223 0.0418784
7.62273 0.122717
7.62305 0.123037
7.62349 0.123481
7.62388 0.123863
7.62588 0.125862
7.62623 0.126212
7.62947 0.129456
7.62979 0.129775
7.63123 0.131208
7.63155 0.131534
7.63274 0.132724
7.63433 0.134319
7.63885 0.138838
7.64001 0.139997
7.6421 0.0420902
7.64223 0.0418991
7.64223 0.0418991
7.64223 0.0418991
7.64255 0.0422141
7.64255 0.0418946
7.64255 0.0418946
7.64436 0.144345
7.64897 0.148957
7.64951 0.149494
7.65048 0.0504736
7.65114 0.151129
7.65389 0.153874
7.65508 0.155065
7.6554 0.155384
7.65572 0.155704
7.65604 0.0560241
7.66068 0.160666
7.661 0.160986
7.66191 0.0418984
7.66191 0.0418984
7.66191 0.0418984
7.66222 0.0422134
7.66222 0.0418939
7.66222 0.0418939
7.66313 0.0631181
7.66647 0.0664565
7.66881 0.0687805
7.66922 0.0692087
7.67004 0.0700259
7.67036 0.170345
7.67068 0.0706649
7.67187 0.0718554
7.67443 0.0744134
7.67515 0.0751382
7.67569 0.0756754
7.67641 0.0763993
7.67748 0.0774653
7.6778 0.0777848
7.6778 0.0777829
7.6784 0.0783843
7.68043 0.0804145
7.68084 0.0808273
7.6819 0.0418778
7.6819 0.0418778
7.6819 0.0418778
7.68225 0.0822375
7.68238 0.0423568
7.68238 0.0420373
7.68238 0.0420373
7.68298 0.0829663
7.68557 0.0855574
7.68589 0.0858769
7.68786 0.0878449
7.68864 0.0886224
7.68896 0.0889505
7.68991 0.089892
7.69022 0.0902115
7.69054 0.0905311
7.69264 0.0926235
7.69296 0.092943
7.69408 0.0940674
7.6944 0.0943907
7.6944 0.0943907
7.69684 0.0968253
7.69719 0.0971759
7.69878 0.0987707
7.6991 0.0990902
7.69942 0.0994097
7.70052 0.100507
7.70208 0.102061
7.70221 0.0422022
7.70221 0.0422022
7.70221 0.0422022
7.70221 0.0422022
7.70221 0.0418827
7.70221 0.0418827
7.70253 0.102518
7.70253 0.0422022
7.70515 0.10514
7.70606 0.10605
7.70728 0.107262
7.70782 0.107809
7.7082 0.108191
7.70905 0.109039
7.70993 0.109924
7.71053 0.110518
7.71598 0.11598
7.71696 0.116942
7.71727 0.117261
7.71775 0.117737
7.72006 0.120049
7.72193 0.0419034
7.72193 0.0419034
7.72193 0.0419034
7.72225 0.0422184
7.72225 0.0418989
7.72225 0.0418989
7.72275 0.122738
7.72307 0.123058
7.72339 0.123377
7.72371 0.123697
7.72602 0.126007
7.72634 0.126326
7.72949 0.129476
7.72981 0.129796
7.73137 0.131361
7.73169 0.131679
7.73273 0.132714
7.73438 0.134371
7.73887 0.138858
7.74019 0.140173
7.74209 0.0420797
7.74222 0.0418885
7.74222 0.0418885
7.74222 0.0418885
7.74254 0.0422036
7.74254 0.041884
7.74254 0.041884
7.74432 0.144304
7.74896 0.148947
7.7495 0.149484
7.7505 0.0504942
7.75116 0.151149
7.75391 0.153895
7.75507 0.155054
7.75539 0.155374
7.75571 0.155693
7.75603 0.0560136
7.76067 0.160656
7.76099 0.160975
7.76189 0.0418878
7.76189 0.0418878
7.76189 0.0418878
7.76221 0.0422029
7.76221 0.0418834
7.76221 0.0418834
7.76312 0.0631075
7.76646 0.0664546
7.7688 0.0687871
7.76924 0.0692293
7.77006 0.170046
7.77038 0.070366
7.7707 0.0706855
7.77195 0.0719381
7.77445 0.0744426
7.77514 0.0751276
7.77577 0.0757582
7.77646 0.076451
7.77762 0.0776103
7.77794 0.0779298
7.77794 0.0779173
7.77839 0.0783737
7.78045 0.080435
7.78083 0.0808167
7.78192 0.0418984
7.78192 0.0418984
7.78192 0.0418984
7.78224 0.0822392
7.78237 0.0423463
7.78237 0.0420268
7.78237 0.0420268
7.78297 0.0829644
7.78556 0.0855468
7.78588 0.0858663
7.78732 0.0872918
7.78779 0.0877806
7.78861 0.0885978
7.78996 0.0899437
7.79028 0.0902632
7.7906 0.0905827
7.79247 0.0924574
7.79294 0.0929324
7.79367 0.0936611
7.79402 0.0940069
7.79434 0.0943264
7.79684 0.0968232
7.79719 0.0971738
7.79875 0.0987375
7.79907 0.099057
7.79939 0.0993765
7.80052 0.100505
7.8013 0.10129
7.8019 0.041889
7.8019 0.041889
7.8019 0.041889
7.80221 0.0422041
7.80221 0.0418846
7.80221 0.0418846
7.80256 0.102551
7.80515 0.105141
7.80588 0.105865
7.80735 0.107335
7.80785 0.107842
7.80817 0.108161
7.80905 0.109041
7.80996 0.109957
7.81112 0.11111
7.81598 0.115959
7.8163 0.116291
7.81715 0.117139
7.81775 0.117738
7.82006 0.120059
7.82193 0.0419053
7.82193 0.0419053
7.82193 0.0419053
7.82225 0.0422203
7.82225 0.0419008
7.82225 0.0419008
7.82285 0.122833
7.82317 0.123153
7.82348 0.123472
7.82348 0.123472
7.82601 0.126
7.82633 0.12632
7.82948 0.12947
7.8298 0.129789
7.83137 0.131363
7.83168 0.131672
7.83278 0.132769
7.83447 0.134457
7.83874 0.138727
7.83999 0.13998
7.84208 0.0420731
7.84221 0.041882
7.84221 0.041882
7.84221 0.041882
7.84253 0.042197
7.84253 0.0418775
7.84253 0.0418775
7.8445 0.144484
7.84901 0.149002
7.84952 0.149508
7.85049 0.0504876
7.85109 0.15108
7.8539 0.153888
7.85497 0.154954
7.85535 0.155336
7.85567 0.155656
7.85599 0.0559759
7.86069 0.16068
7.86101 0.161
7.86189 0.0418813
7.86189 0.0418813
7.86189 0.0418813
7.8622 0.0421963
7.8622 0.0418768
7.8622 0.0418768
7.86314 0.063132
7.86648 0.0664567
7.86913 0.0691086
7.86945 0.0694404
7.86999 0.0699777
7.87031 0.170296
7.87063 0.0706167
7.87194 0.0719315
7.87444 0.0744136
7.87507 0.0750589
7.87567 0.0756583
7.87642 0.0764133
7.87755 0.0775415
7.87787 0.077861
7.87787 0.0778691
7.87841 0.0783982
7.88053 0.0805218
7.88085 0.0808413
7.88191 0.0418918
7.88191 0.0418918
7.88191 0.0418918
7.88223 0.0822047
7.88236 0.0423397
7.88236 0.0420202
7.88236 0.0420202
7.88296 0.0829354
7.88555 0.0855402
7.88587 0.0858597
7.88731 0.0872885
7.88775 0.0877429
7.88857 0.0885601
7.88992 0.089906
7.89024 0.0902255
7.89056 0.090545
7.89246 0.0924508
7.89294 0.0929259
7.8941 0.094076
7.89442 0.0944047
7.89442 0.0944047
7.89682 0.0968082
7.89723 0.097221
7.8988 0.0987846
7.89912 0.0991041
7.89944 0.0994237
7.9005 0.10049
7.902 0.101976
7.90213 0.0421228
7.90213 0.0421228
7.90213 0.0421228
7.90226 0.0422512
7.90226 0.0419317
7.90226 0.0419317
7.90261 0.102599
7.90517 0.105157
7.90592 0.105912
7.90724 0.107235
7.90787 0.107858
7.90819 0.108177
7.90904 0.109026
7.90998 0.109973
7.91114 0.111127
7.916 0.115984
7.91632 0.116307
7.9171 0.117093
7.91777 0.117754
7.91998 0.119959
7.92192 0.0418902
7.92192 0.0418902
7.92192 0.0418902
7.92223 0.0422052
7.92223 0.0418857
7.92223 0.0418857
7.92274 0.122725
7.92306 0.123044
7.92341 0.123395
7.92388 0.12387
7.92594 0.125931
7.92626 0.126251
7.92944 0.129432
7.92983 0.129814
7.93136 0.131334
7.93168 0.131666
7.93274 0.132732
7.9344 0.134389
7.93879 0.138783
7.93998 0.139973
7.94211 0.0420976
7.94224 0.0419065
7.94224 0.0419065
7.94224 0.0419065
7.94255 0.0422215
7.94255 0.041902
7.94255 0.041902
7.94427 0.144259
7.94898 0.148965
7.94976 0.149751
7.95049 0.050481
7.95112 0.151105
7.95389 0.153882
7.95496 0.154948
7.95534 0.155329
7.95566 0.155649
7.95598 0.0559693
7.96069 0.160674
7.96107 0.161055
7.96191 0.0419058
7.96191 0.0419058
7.96191 0.0419058
7.96223 0.0422208
7.96223 0.0419013
7.96223 0.0419013
7.9632 0.0631877
7.96626 0.066241
7.96906 0.0690569
7.96938 0.0693716
7.96998 0.0699711
7.9703 0.17029
7.97062 0.0706101
7.97197 0.071956
7.97443 0.0744156
7.97522 0.0752078
7.97576 0.075745
7.97642 0.0764067
7.97758 0.077566
7.9779 0.0778855
7.9779 0.0778831
7.9784 0.0783916
7.98043 0.0804219
7.98085 0.0808347
7.98191 0.0418852
7.98191 0.0418852
7.98191 0.0418852
7.98223 0.0822211
7.98235 0.0423331
7.98235 0.0420136
7.98235 0.0420136
7.98295 0.0829374
7.98558 0.0855647
7.9859 0.0858842
7.98724 0.087223
7.98778 0.0877674
7.9886 0.0885846
7.98994 0.0899305
7.99026 0.09025
7.99058 0.0905695
7.99239 0.092382
7.99293 0.0929193
7.99415 0.0941402
7.99447 0.0944603
7.99447 0.0944603
7.99681 0.0968016
7.99723 0.0972144
7.99876 0.0987469
7.99908 0.0990665
7.9994 0.099386
8.00049 0.100483
8.00203 0.102009
8.00215 0.0421473
8.00215 0.0421473
8.00215 0.0421473
8.00228 0.0422757
8.00228 0.0419562
8.00228 0.0419562
8.0026 0.102592
8.00516 0.105153
8.00604 0.106033
8.00736 0.107333
8.00786 0.107854
8.00818 0.108173
8.00903 0.109021
8.00991 0.109907
8.01113 0.111122
8.01596 0.115957
8.01628 0.116271
8.01713 0.11712
8.01776 0.11775
8.02004 0.120026
8.02191 0.0418861
8.02191 0.0418861
8.02191 0.0418861
8.02223 0.0422011
8.02223 0.0418816
8.02223 0.0418816
8.02273 0.122721
8.02305 0.12304
8.02343 0.123422
8.02388 0.123866
8.026 0.125989
8.02632 0.126309
8.02947 0.129459
8.02979 0.129778
8.03138 0.13137
8.0317 0.131693
8.03274 0.132728
8.03443 0.134416
8.03888 0.138872
8.04001 0.14
8.0421 0.0420934
8.04223 0.0419023
8.04223 0.0419023
8.04223 0.0419023
8.04255 0.0422173
8.04255 0.0418978
8.04255 0.0418978
8.04433 0.144317
8.04897 0.14896
8.0496 0.149591
8.05048 0.0504768
8.05114 0.151132
8.05389 0.153878
8.0552 0.155192
8.05552 0.155512
8.05584 0.155831
8.05584 0.0558322
8.06067 0.160661
8.06099 0.160981
8.0619 0.0418932
8.0619 0.0418932
8.0619 0.0418932
8.06221 0.0422082
8.06221 0.0418887
8.06221 0.0418887
8.06312 0.0631128
8.06649 0.0664632
8.0693 0.0692792
8.06962 0.0696079
8.07 0.0699896
8.07032 0.170308
8.07064 0.0706286
8.07192 0.0719123
8.07439 0.0743806
8.07564 0.0756306
8.07596 0.0759501
8.0764 0.0763941
8.07763 0.0776156
8.07795 0.0779351
8.07842 0.0784101
8.07983 0.0798053
8.08043 0.0804177
8.081 0.080986
8.0819 0.0418811
8.0819 0.0418811
8.0819 0.0418811
8.08225 0.0822511
8.08238 0.0423601
8.08238 0.0420406
8.08238 0.0420406
8.08304 0.0830352
8.08557 0.0855606
8.08589 0.0858801
8.08733 0.0873154
8.08774 0.0877322
8.08862 0.0886115
8.08994 0.0899264
8.09026 0.0902459
8.09058 0.0905654
8.09242 0.092409
8.09293 0.0929151
8.09402 0.0940122
8.09434 0.0943398
8.09466 0.0946512
8.09685 0.096837
8.09723 0.0972187
8.09876 0.0987513
8.09908 0.0990708
8.09908 0.0990708
8.10052 0.10051
8.10202 0.102014
8.10215 0.0421432
8.10215 0.0421432
8.10215 0.0421432
8.10228 0.0422716
8.10228 0.0419521
8.10228 0.0419521
8.1026 0.102588
8.10506 0.105053
8.10588 0.105871
8.10667 0.106651
8.10792 0.107909
8.10824 0.108229
8.10902 0.109015
8.11 0.109993
8.11113 0.111116
8.11599 0.115959
8.11631 0.116296
8.11715 0.117144
8.11775 0.117744
8.12003 0.120028
8.1219 0.0418795
8.1219 0.0418795
8.1219 0.0418795
8.12225 0.0422256
8.12225 0.0419061
8.12225 0.0419061
8.12279 0.122776
8.12311 0.123096
8.12343 0.123415
8.12387 0.123859
8.12587 0.125858
8.12625 0.12624
8.12949 0.129483
8.12981 0.129803
8.13135 0.131341
8.13166 0.131655
8.13276 0.132752
8.13439 0.134378
8.13881 0.138803
8.13979 0.139776
8.1421 0.0420869
8.14222 0.0418957
8.14222 0.0418957
8.14222 0.0418957
8.14254 0.0422108
8.14254 0.0418912
8.14254 0.0418912
8.14435 0.144342
8.14896 0.148954
8.14959 0.149584
8.15047 0.0504702
8.15101 0.151001
8.15394 0.153933
8.1552 0.155186
8.15552 0.155505
8.15583 0.155825
8.15583 0.0558257
8.1607 0.160686
8.16102 0.161005
8.16189 0.0418866
8.16189 0.0418866
8.16189 0.0418866
8.1622 0.0422016
8.1622 0.0418821
8.1622 0.0418821
8.16312 0.0631062
8.16648 0.0664653
8.1692 0.0691885
8.16952 0.0695074
8.16999 0.069983
8.17031 0.170302
8.17063 0.070622
8.17188 0.0718746
8.17441 0.0743826
8.17542 0.0754063
8.17573 0.0757258
8.1764 0.0763875
8.17752 0.0775157
8.17784 0.0778352
8.17841 0.0784035
8.17967 0.0796553
8.18042 0.0804111
8.18083 0.0808239
8.18193 0.0419056
8.18193 0.0419056
8.18193 0.0419056
8.18225 0.0822425
8.18237 0.0423535
8.18237 0.042034
8.18237 0.042034
8.183 0.0829751
8.18556 0.085554
8.18588 0.0858735
8.18673 0.0867212
8.18773 0.0877256
8.18858 0.0885738
8.1898 0.0897954
8.19012 0.0901149
8.19054 0.0905277
8.19241 0.0924024
8.1931 0.0930952
8.19414 0.0941157
8.19446 0.0944496
8.19446 0.0944496
8.19686 0.096853
8.19721 0.0972036
8.19878 0.0987673
8.1991 0.0990868
8.19942 0.0994063
8.20048 0.100472
8.20201 0.101985
8.20214 0.0421366
8.20214 0.0421366
8.20214 0.0421366
8.20227 0.042265
8.20227 0.0419455
8.20227 0.0419455
8.20259 0.102581
8.20506 0.105047
8.2059 0.105895
8.20725 0.107221
8.20779 0.107778
8.20811 0.108098
8.20908 0.109071
8.20999 0.109987
8.21115 0.11114
8.21598 0.115961
8.2163 0.116289
8.21712 0.117107
8.21775 0.117737
8.22003 0.119999
8.22193 0.041904
8.22193 0.041904
8.22193 0.041904
8.22224 0.042219
8.22224 0.0418995
8.22224 0.0418995
8.22275 0.122739
8.22307 0.123058
8.22342 0.123409
8.22377 0.123759
8.22599 0.125976
8.2263 0.126296
8.22949 0.129477
8.22981 0.129796
8.23128 0.13125
8.2316 0.131586
8.23272 0.132714
8.23438 0.134371
8.23803 0.138019
8.24 0.139987
8.24209 0.0420803
8.24222 0.0418892
8.24222 0.0418892
8.24222 0.0418892
8.24253 0.0422042
8.24253 0.0418847
8.24253 0.0418847
8.24431 0.144304
8.24896 0.148947
8.24946 0.149453
8.2505 0.0504948
8.25107 0.151057
8.2539 0.153896
8.25482 0.154806
8.25535 0.155343
8.25567 0.155663
8.25599 0.0559831
8.26067 0.160656
8.26098 0.160976
8.26189 0.0418885
8.26189 0.0418885
8.26189 0.0418885
8.26221 0.0422035
8.26221 0.041884
8.26221 0.041884
8.26312 0.0631081
8.26648 0.0664758
8.2692 0.0691903
8.26952 0.0695179
8.26999 0.0699849
8.27031 0.170304
8.27063 0.0706239
8.27195 0.0719387
8.27451 0.0744865
8.2756 0.0755948
8.27592 0.0759143
8.2764 0.0763894
8.27756 0.0775487
8.27788 0.0778682
8.27841 0.0784054
8.27982 0.0797937
8.28042 0.080413
8.28083 0.0808258
8.28212 0.0821139
8.28225 0.042227
8.28225 0.042227
8.28225 0.042227
8.28225 0.042227
8.28225 0.0419075
8.28225 0.0419075
8.28237 0.0420359
8.28297 0.0829545
8.28556 0.0855559
8.28588 0.0858754
8.28726 0.0872551
8.28774 0.0877275
8.28862 0.0886068
8.2899 0.0898906
8.29022 0.0902101
8.29054 0.0905296
8.29263 0.092622
8.29295 0.0929415
8.29411 0.0940951
8.29443 0.0944203
8.29443 0.0944203
8.29686 0.0968549
8.29724 0.0972366
8.29878 0.0987692
8.2991 0.0990887
8.29942 0.0994082
8.30048 0.100474
8.30189 0.0418812
8.30189 0.0418812
8.30189 0.0418812
8.30221 0.102186
8.30253 0.102517
8.30265 0.0426486
8.30265 0.0423291
8.30265 0.0423291
8.30506 0.105049
8.30603 0.106021
8.30725 0.107232
8.30779 0.10778
8.30811 0.1081
8.30908 0.109072
8.30999 0.109989
8.31112 0.111111
8.31598 0.115972
8.3163 0.116291
8.31709 0.117077
8.31775 0.117739
8.32003 0.12001
8.32193 0.0419059
8.32193 0.0419059
8.32193 0.0419059
8.32224 0.0422209
8.32224 0.0419014
8.32224 0.0419014
8.32278 0.122772
8.3231 0.123091
8.32342 0.123411
8.32386 0.123855
8.32599 0.125978
8.32631 0.126298
8.32967 0.129665
8.32999 0.129985
8.33125 0.131229
8.33157 0.131557
8.33272 0.132716
8.33435 0.134342
8.33881 0.138798
8.34 0.139989
8.34209 0.0420822
8.34222 0.041891
8.34222 0.041891
8.34222 0.041891
8.34253 0.0422061
8.34253 0.0418865
8.34253 0.0418865
8.34431 0.144306
8.34899 0.14898
8.34943 0.149424
8.35047 0.0504655
8.35113 0.151121
8.35391 0.153897
8.35494 0.154932
8.35535 0.155345
8.35567 0.155665
8.35599 0.0559849
8.36067 0.160658
8.36099 0.160978
8.36189 0.0418903
8.36189 0.0418903
8.36189 0.0418903
8.36221 0.0422054
8.36221 0.0418858
8.36221 0.0418858
8.36312 0.06311
8.36652 0.0664863
8.36929 0.169285
8.36929 0.0692712
8.36961 0.069605
8.36999 0.0699868
8.37062 0.0706173
8.37188 0.0718699
8.37444 0.0744263
8.3755 0.0754949
8.37582 0.0758144
8.37639 0.0763828
8.37752 0.077511
8.37784 0.0778305
8.37841 0.0783988
8.37966 0.0796437
8.38051 0.0804997
8.38083 0.0808192
8.38192 0.0419009
8.38192 0.0419009
8.38192 0.0419009
8.38224 0.0822388
8.38237 0.0423488
8.38237 0.0420293
8.38237 0.0420293
8.38303 0.0830188
8.38559 0.0855804
8.38559 0.0855804
8.38721 0.0872122
8.38778 0.0877746
8.3886 0.0885918
8.38976 0.0897511
8.39008 0.0900706
8.39052 0.0905145
8.39246 0.0924514
8.39312 0.0931131
8.39406 0.0940576
8.39438 0.0943742
8.39438 0.0943742
8.39685 0.0968399
8.39726 0.0972527
8.39879 0.0987853
8.39911 0.0991048
8.39911 0.0991048
8.40049 0.100482
8.40202 0.102012
8.40234 0.102334
8.40247 0.0424656
8.40247 0.0424656
8.40247 0.0424656
8.40247 0.0424656
8.40247 0.0421461
8.40247 0.0421461
8.4026 0.0422745
8.40506 0.105056
8.40591 0.105905
8.40726 0.107248
8.4078 0.107788
8.40811 0.108107
8.40903 0.109018
8.40997 0.109965
8.41116 0.11115
8.41599 0.115957
8.41631 0.116299
8.41709 0.117085
8.41775 0.117747
8.42003 0.120026
8.4219 0.0418824
8.4219 0.0418824
8.4219 0.0418824
8.42222 0.0421974
8.42222 0.0418779
8.42222 0.0418779
8.42282 0.12281
8.42314 0.12313
8.42346 0.123449
8.42387 0.123862
8.42599 0.125986
8.42631 0.126305
8.42943 0.129424
8.42978 0.129775
8.43125 0.131245
8.43157 0.131565
8.43276 0.132755
8.43439 0.134381
8.43878 0.138775
8.43997 0.139965
8.4421 0.0420897
8.44222 0.0418986
8.44222 0.0418986
8.44222 0.0418986
8.44254 0.0422136
8.44254 0.0418941
8.44254 0.0418941
8.44432 0.144314
8.44893 0.148926
8.44944 0.149432
8.45047 0.0504731
8.45117 0.151159
8.45388 0.153874
8.4552 0.155189
8.45552 0.155508
8.45584 0.155828
8.45584 0.0558285
8.46066 0.160657
8.46098 0.160977
8.46189 0.0418895
8.46189 0.0418895
8.46189 0.0418895
8.46221 0.0422045
8.46221 0.041885
8.46221 0.041885
8.46312 0.0631091
8.46648 0.066463
8.46929 0.169284
8.46961 0.0695984
8.46961 0.0696042
8.46999 0.0699859
8.47062 0.0706164
8.47188 0.071869
8.4745 0.0744963
8.47541 0.0754007
8.47573 0.0757202
8.47639 0.0763819
8.47752 0.0775101
8.47784 0.0778296
8.4784 0.0783979
8.47966 0.0796549
8.48054 0.08053
8.48086 0.0808495
8.48192 0.0419
8.48192 0.0419
8.48192 0.0419
8.48224 0.0822345
8.48237 0.0423479
8.48237 0.0420284
8.48237 0.0420284
8.483 0.0829954
8.48559 0.0855795
8.48591 0.085899
8.48722 0.087192
8.48776 0.0877511
8.48857 0.0885683
8.48977 0.0897587
8.49008 0.0900782
8.49053 0.0905221
8.49234 0.0923346
8.49313 0.0931207
8.4941 0.0940738
8.49442 0.0944129
8.49442 0.0944129
8.49685 0.0968475
8.49717 0.097167
8.49877 0.0987617
8.49909 0.0990812
8.49941 0.0994007
8.5005 0.100498
8.50207 0.102067
8.50239 0.102381
8.50252 0.0425127
8.50252 0.0425127
8.50252 0.0425127
8.50252 0.0425127
8.50252 0.0421932
8.50252 0.0421932
8.50264 0.0423216
8.50505 0.105041
8.5059 0.10589
8.50724 0.107241
8.5079 0.107897
8.50822 0.108217
8.50901 0.109003
8.50995 0.10995
8.51114 0.111135
8.51597 0.11595
8.51629 0.116284
8.51708 0.11707
8.51774 0.117732
8.52002 0.119988
8.52192 0.0418984
8.52192 0.0418984
8.52192 0.0418984
8.52223 0.0422134
8.52223 0.0418939
8.52223 0.0418939
8.52277 0.122764
8.52309 0.123084
8.52341 0.123403
8.52388 0.123878
8.52601 0.126002
8.52633 0.126321
8.52966 0.129658
8.52998 0.129977
8.53127 0.131239
8.53159 0.131581
8.53268 0.132678
8.53437 0.134366
8.53883 0.138822
8.53999 0.139981
8.54208 0.0420747
8.54221 0.0418836
8.54221 0.0418836
8.54221 0.0418836
8.54252 0.0421986
8.54252 0.0418791
8.54252 0.0418791
8.54434 0.14433
8.54901 0.149004
8.54945 0.149448
8.55049 0.0504892
8.55109 0.151082
8.5539 0.15389
8.55509 0.15508
8.55541 0.1554
8.55573 0.155719
8.55605 0.0560397
8.55997 0.159966
8.56095 0.160939
8.56188 0.0418829
8.56188 0.0418829
8.56188 0.0418829
8.5622 0.0421979
8.5622 0.0418784
8.5622 0.0418784
8.56314 0.0631336
8.56654 0.0665272
8.56916 0.169153
8.56948 0.0694761
8.56948 0.0694732
8.57002 0.0700104
8.57062 0.0706098
8.57187 0.0718625
8.57449 0.0744672
8.57562 0.0756119
8.57594 0.0759314
8.57641 0.0764064
8.57757 0.0775657
8.57789 0.0778852
8.5784 0.0783914
8.57977 0.0797538
8.58044 0.0804301
8.58085 0.0808429
8.58191 0.0418934
8.58191 0.0418934
8.58191 0.0418934
8.58226 0.082235
8.58239 0.0423724
8.58239 0.0420529
8.58239 0.0420529
8.58299 0.0829664
8.58561 0.085604
8.58593 0.0859235
8.58728 0.0872509
8.58784 0.0878378
8.5886 0.0885928
8.58985 0.0898454
8.59017 0.0901649
8.59052 0.0905155
8.59249 0.0924835
8.59293 0.0929275
8.59412 0.094107
8.59444 0.0944374
8.59444 0.0944374
8.59685 0.0968409
8.59723 0.0972226
8.59876 0.0987551
8.59908 0.0990747
8.5994 0.0993942
8.6005 0.100491
8.6019 0.0418982
8.6019 0.0418982
8.6019 0.0418982
8.60222 0.102198
8.60254 0.102534
8.60267 0.0426657
8.60267 0.0423461
8.60267 0.0423461
8.60504 0.105035
8.60589 0.105883
8.60727 0.107243
8.6078 0.107797
8.60812 0.108117
8.60906 0.109058
8.61004 0.110037
8.61113 0.111128
8.61596 0.115953
8.61684 0.116837
8.61716 0.117157
8.61773 0.117725
8.62004 0.120021
8.62191 0.0418919
8.62191 0.0418919
8.62191 0.0418919
8.62223 0.0422069
8.62223 0.0418874
8.62223 0.0418874
8.62276 0.122758
8.62308 0.123077
8.62346 0.123459
8.62388 0.123872
8.626 0.125995
8.62632 0.126315
8.62963 0.12962
8.62995 0.12994
8.63126 0.131241
8.63158 0.131574
8.63271 0.132702
8.63433 0.134328
8.63885 0.138847
8.63998 0.139975
8.6421 0.0420992
8.64223 0.0419081
8.64223 0.0419081
8.64223 0.0419081
8.64255 0.0422231
8.64255 0.0419036
8.64255 0.0419036
8.64433 0.144323
8.64894 0.148935
8.64951 0.149503
8.65051 0.0504826
8.65114 0.151138
8.65392 0.153914
8.65496 0.154949
8.65534 0.155331
8.65566 0.155651
8.65598 0.0559709
8.66065 0.160644
8.66097 0.160964
8.66194 0.0419074
8.66194 0.0419074
8.66194 0.0419074
8.66225 0.0422224
8.66225 0.0419029
8.66225 0.0419029
8.66313 0.0631271
8.66647 0.0664671
8.66918 0.0691782
8.6695 0.0694781
8.67001 0.0700038
8.67033 0.170323
8.67065 0.0706428
8.67187 0.0718643
8.67449 0.0744778
8.67559 0.0755827
8.67591 0.0759022
8.67641 0.0764083
8.67751 0.0775054
8.67783 0.0778249
8.6784 0.0783932
8.67968 0.0796744
8.68047 0.080463
8.68085 0.0808448
8.68191 0.0418953
8.68191 0.0418953
8.68191 0.0418953
8.68226 0.0822348
8.68239 0.0423743
8.68239 0.0420548
8.68239 0.0420548
8.68302 0.083008
8.68558 0.0855748
8.6859 0.0858943
8.68781 0.0878001
8.68875 0.0887264
8.68907 0.0890612
8.68979 0.0897851
8.69011 0.0901046
8.69052 0.0905174
8.69246 0.0924543
8.69293 0.0929294
8.69406 0.0940553
8.69438 0.0943771
8.69438 0.0943771
8.69697 0.0969672
8.69729 0.0972867
8.69886 0.0988503
8.69917 0.0991699
8.69949 0.0994894
8.7005 0.100493
8.7019 0.0419001
8.7019 0.0419001
8.7019 0.0419001
8.70222 0.102208
8.70254 0.102536
8.70267 0.0426675
8.70267 0.042348
8.70267 0.042348
8.70504 0.105037
8.70589 0.105885
8.70727 0.107254
8.7078 0.107799
8.70812 0.108119
8.70903 0.109029
8.71007 0.110039
8.71117 0.111161
8.716 0.115994
8.71684 0.116839
8.71716 0.117159
8.71773 0.117727
8.72004 0.120032
8.72191 0.0418937
8.72191 0.0418937
8.72191 0.0418937
8.72223 0.0422087
8.72223 0.0418892
8.72223 0.0418892
8.72276 0.122759
8.72308 0.123079
8.7234 0.123398
8.72375 0.123749
8.72603 0.126028
8.72635 0.126348
8.72944 0.129435
8.72976 0.129755
8.73126 0.131251
8.73158 0.131576
8.73271 0.132704
8.73437 0.134361
8.73885 0.138849
8.73998 0.139977
8.74207 0.04207
8.7422 0.0418789
8.7422 0.0418789
8.7422 0.0418789
8.74255 0.042225
8.74255 0.0419055
8.74255 0.0419055
8.74433 0.144325
8.74894 0.148937
8.74948 0.149474
8.75051 0.0504845
8.75105 0.151046
8.75389 0.153885
8.7548 0.154796
8.75534 0.155333
8.75566 0.155652
8.75598 0.0559728
8.76068 0.160677
8.761 0.160997
8.76191 0.0418782
8.76191 0.0418782
8.76191 0.0418782
8.76225 0.0422243
8.76225 0.0419048
8.76225 0.0419048
8.76313 0.0631289
8.7665 0.0664776
8.76928 0.0692625
8.7696 0.0695929
8.77001 0.0700057
8.77033 0.170324
8.77065 0.0706447
8.77187 0.0718662
8.7744 0.074395
8.77559 0.0755845
8.77591 0.075904
8.77641 0.0764102
8.77757 0.0775695
8.77789 0.077889
8.7784 0.0783951
8.77975 0.0797195
8.7805 0.080496
8.78085 0.0808466
8.78191 0.0418972
8.78191 0.0418972
8.78191 0.0418972
8.78226 0.0822597
8.78239 0.0423762
8.78239 0.0420567
8.78239 0.0420567
8.78299 0.0829874
8.78558 0.0855767
8.7859 0.0858962
8.78778 0.0877709
8.78887 0.0888476
8.78919 0.0891875
8.78982 0.0898181
8.79014 0.0901376
8.79052 0.0905193
8.79234 0.0923318
8.79294 0.0929312
8.79409 0.0940658
8.79441 0.0944101
8.79441 0.0944101
8.79704 0.0970313
8.79736 0.0973508
8.79876 0.0987589
8.79908 0.0990784
8.7994 0.0993979
8.8005 0.100495
8.80209 0.10209
8.80222 0.0422215
8.80222 0.0422215
8.80222 0.0422215
8.80222 0.0422215
8.80222 0.041902
8.80222 0.041902
8.80254 0.102538
8.80254 0.0422215
8.80504 0.105034
8.80589 0.105883
8.80723 0.107229
8.8078 0.107797
8.80812 0.108117
8.80906 0.109058
8.80997 0.109943
8.81113 0.111128
8.81602 0.116001
8.81684 0.116837
8.81716 0.117156
8.81773 0.117725
8.81995 0.119945
8.82191 0.0418916
8.82191 0.0418916
8.82191 0.0418916
8.82222 0.0422067
8.82222 0.0418871
8.82222 0.0418871
8.82276 0.122757
8.82308 0.123077
8.82346 0.123459
8.82388 0.123871
8.82594 0.125933
8.82626 0.126252
8.82947 0.129464
8.82979 0.129784
8.83126 0.131258
8.83158 0.131574
8.83274 0.132733
8.83436 0.134359
8.83888 0.138878
8.83998 0.139975
8.8421 0.042099
8.84223 0.0419079
8.84223 0.0419079
8.84223 0.0419079
8.84255 0.0422229
8.84255 0.0419034
8.84255 0.0419034
8.84423 0.14423
8.84894 0.148935
8.84948 0.149472
8.85051 0.0504824
8.85105 0.151044
8.85392 0.153914
8.8552 0.155198
8.85552 0.155517
8.85584 0.155837
8.85584 0.0558378
8.86067 0.160667
8.86099 0.160986
8.86193 0.0418987
8.86193 0.0418987
8.86193 0.0418987
8.86224 0.0422137
8.86224 0.0418942
8.86224 0.0418942
8.86312 0.0631184
8.86649 0.0664757
8.86927 0.0692605
8.86959 0.0695823
8.87003 0.170025
8.87035 0.0703457
8.87067 0.0706653
8.87195 0.071949
8.87442 0.0743931
8.87552 0.0755118
8.87583 0.0758313
8.8764 0.0763996
8.87753 0.0775278
8.87785 0.0778473
8.87839 0.0783846
8.87989 0.0798766
8.88049 0.0804855
8.88084 0.0808361
8.8819 0.0418866
8.8819 0.0418866
8.8819 0.0418866
8.88222 0.082194
8.88235 0.0423345
8.88235 0.042015
8.88235 0.042015
8.88298 0.0829544
8.8856 0.0855972
8.88592 0.0859168
8.88783 0.0878226
8.88886 0.0888318
8.88918 0.089177
8.8899 0.0899008
8.89022 0.0902203
8.89054 0.0905398
8.89236 0.0923523
8.89292 0.0929207
8.89411 0.094095
8.89443 0.0944306
8.89443 0.0944306
8.89702 0.0970207
8.89734 0.0973402
8.89878 0.0987795
8.8991 0.099099
8.89942 0.0994185
8.90049 0.100484
8.90202 0.101995
8.90215 0.0421488
8.90215 0.0421488
8.90215 0.0421488
8.90247 0.102465
8.9026 0.0425967
8.9026 0.0422771
8.9026 0.0422771
8.90506 0.105059
8.90588 0.105876
8.90726 0.107231
8.90779 0.10779
8.90811 0.10811
8.90902 0.10902
8.91 0.109968
8.91112 0.111121
8.91599 0.115972
8.91686 0.116861
8.91718 0.117181
8.91772 0.117718
8.92003 0.120009
8.9219 0.0418851
8.9219 0.0418851
8.9219 0.0418851
8.92222 0.0422001
8.92222 0.0418806
8.92222 0.0418806
8.92275 0.122751
8.92307 0.12307
8.92349 0.123483
8.92387 0.123865
8.92599 0.125988
8.92631 0.126308
8.92952 0.12952
8.92984 0.12984
8.93125 0.131229
8.93157 0.131567
8.9327 0.132695
8.93439 0.134384
8.93878 0.138778
8.94013 0.140124
8.9421 0.0420924
8.94222 0.0419013
8.94222 0.0419013
8.94222 0.0419013
8.94254 0.0422163
8.94254 0.0418968
8.94254 0.0418968
8.94432 0.144316
8.94896 0.148959
8.94953 0.149528
8.9505 0.0504758
8.95107 0.151069
8.95391 0.153908
8.95501 0.155005
8.95533 0.155324
8.95565 0.155644
8.95597 0.0559641
8.96067 0.160668
8.96099 0.160988
8.96193 0.0419006
8.96193 0.0419006
8.96193 0.0419006
8.96224 0.0422156
8.96224 0.0418961
8.96224 0.0418961
8.96319 0.0631825
8.96649 0.0664862
8.96921 0.0692025
8.96952 0.0694973
8.97 0.069997
8.97032 0.170316
8.97064 0.070636
8.97195 0.0719509
8.97448 0.0744658
8.97558 0.0755759
8.9759 0.0758954
8.9764 0.0764015
8.97753 0.0775297
8.97785 0.0778492
8.97839 0.0783865
8.97967 0.0796418
8.98052 0.0805185
8.98084 0.080838
8.9819 0.0418885
8.9819 0.0418885
8.9819 0.0418885
8.98225 0.0822386
8.98238 0.0423675
8.98238 0.042048
8.98238 0.042048
8.98298 0.0829649
8.98557 0.085568
8.98589 0.0858875
8.98783 0.0878244
8.98886 0.0888596
8.98918 0.0891789
8.98991 0.0899027
8.99022 0.0902222
8.99054 0.0905417
8.99251 0.0925097
8.99314 0.0931403
8.99405 0.0940433
8.99437 0.0943703
8.99437 0.0943703
8.99703 0.0970226
8.99734 0.0973421
8.99875 0.0987502
8.9991 0.0991009
8.99942 0.0994204
9.00049 0.100486
9.00211 0.102099
9.00243 0.102432
9.00243 0.0420845
9.00256 0.0425324
9.00256 0.0425324
9.00256 0.0425324
9.00256 0.0425324
9.00256 0.0422128
9.00256 0.0422128
9.00506 0.105059
9.00591 0.105908
9.00726 0.107241
9.00782 0.107822
9.00814 0.108142
9.00902 0.109021
9.00997 0.109937
9.01112 0.111122
9.01599 0.115981
9.01686 0.116862
9.01718 0.117181
9.01775 0.11775
9.02003 0.120019
9.0219 0.0418855
9.0219 0.0418855
9.0219 0.0418855
9.02222 0.0422005
9.02222 0.041881
9.02222 0.041881
9.02275 0.122751
9.02307 0.123071
9.02349 0.123484
9.02387 0.123865
9.02596 0.125958
9.02628 0.126277
9.02943 0.129427
9.02975 0.129747
9.03128 0.131269
9.0316 0.131599
9.03273 0.132727
9.03432 0.134322
9.03887 0.138871
9.04022 0.140217
9.04209 0.0420929
9.04222 0.0419018
9.04222 0.0419018
9.04222 0.0419018
9.04254 0.0422168
9.04254 0.0418973
9.04254 0.0418973
9.04432 0.144317
9.04893 0.148929
9.0495 0.149497
9.0505 0.0504763
9.05117 0.151162
9.05391 0.153908
9.05495 0.154943
9.05533 0.155325
9.05565 0.155644
9.05597 0.0559646
9.06067 0.160669
9.06099 0.160988
9.06193 0.0419011
9.06193 0.0419011
9.06193 0.0419011
9.06224 0.0422161
9.06224 0.0418966
9.06224 0.0418966
9.06312 0.0631207
9.06652 0.0664953
9.0693 0.0692802
9.06962 0.0696158
9.07 0.0699975
9.07032 0.170316
9.07064 0.0706365
9.07189 0.0718891
9.07448 0.0744749
9.07558 0.0755763
9.0759 0.0758958
9.0765 0.0764953
9.07753 0.0775302
9.07785 0.0778497
9.07842 0.078418
9.07989 0.0798721
9.08043 0.0804256
9.08087 0.0808695
9.0819 0.041889
9.0819 0.041889
9.0819 0.041889
9.08225 0.0822506
9.08238 0.042368
9.08238 0.0420485
9.08238 0.0420485
9.08301 0.0830051
9.08557 0.0855685
9.08589 0.085888
9.0878 0.0877938
9.08874 0.0887305
9.08906 0.0890549
9.08981 0.0898099
9.09013 0.0901294
9.09051 0.0905111
9.09245 0.092448
9.09292 0.092923
9.09408 0.0940835
9.0944 0.0944018
9.0944 0.0944018
9.09699 0.0969919
9.09731 0.0973114
9.09878 0.0987818
9.0991 0.0991013
9.09942 0.0994208
9.10049 0.100487
9.10192 0.0418938
9.10192 0.0418938
9.10192 0.0418938
9.10224 0.102237
9.10256 0.102561
9.10269 0.0426612
9.10269 0.0423417
9.10269 0.0423417
9.10503 0.10503
9.10588 0.105879
9.10726 0.107251
9.10779 0.107793
9.10811 0.108112
9.10899 0.108992
9.10997 0.109939
9.11116 0.111155
9.11602 0.115991
9.1169 0.116895
9.11722 0.117214
9.11772 0.117721
9.12003 0.120029
9.1219 0.0418874
9.1219 0.0418874
9.1219 0.0418874
9.12222 0.0422024
9.12222 0.0418829
9.12222 0.0418829
9.12275 0.122753
9.12307 0.123073
9.12349 0.123485
9.12381 0.123805
9.12599 0.125991
9.12631 0.12631
9.12946 0.12946
9.12978 0.12978
9.13125 0.131248
9.13157 0.13157
9.1327 0.132698
9.13439 0.134386
9.13878 0.13878
9.14022 0.140219
9.1421 0.0420948
9.14222 0.0419036
9.14222 0.0419036
9.14222 0.0419036
9.14254 0.0422187
9.14254 0.0418991
9.14254 0.0418991
9.14432 0.144319
9.14893 0.148931
9.14944 0.149437
9.1505 0.0504781
9.15117 0.151164
9.15388 0.153879
9.15482 0.15482
9.15533 0.155327
9.15565 0.155646
9.15597 0.0559664
9.16064 0.16064
9.16096 0.160959
9.16193 0.0419029
9.16193 0.0419029
9.16193 0.0419029
9.16224 0.042218
9.16224 0.0418984
9.16224 0.0418984
9.16312 0.0631226
9.16649 0.0664747
9.16927 0.0692596
9.16959 0.0695865
9.17003 0.17003
9.17035 0.07035
9.17067 0.0706695
9.17202 0.0720154
9.17442 0.0743921
9.17542 0.0754227
9.17574 0.0757422
9.1764 0.0764038
9.17753 0.0775321
9.17785 0.0778516
9.17839 0.0783888
9.17967 0.0796683
9.18055 0.0805519
9.18087 0.0808714
9.1819 0.0418908
9.1819 0.0418908
9.1819 0.0418908
9.18222 0.0822019
9.18235 0.0423387
9.18235 0.0420192
9.18235 0.0420192
9.18307 0.0830468
9.1856 0.0856015
9.1856 0.0856015
9.18782 0.0878183
9.18873 0.0887187
9.18905 0.0890483
9.1898 0.0898033
9.19012 0.0901228
9.19054 0.0905356
9.19238 0.0923792
9.19292 0.0929164
9.19417 0.0941478
9.19449 0.0944886
9.19449 0.0944886
9.19699 0.0969854
9.19731 0.0973049
9.19878 0.0987752
9.1991 0.0990947
9.19942 0.0994142
9.20048 0.10048
9.20201 0.101986
9.20214 0.0421134
9.20214 0.0421134
9.20214 0.0421134
9.20227 0.0422418
9.20227 0.0419223
9.20227 0.0419223
9.20259 0.102589
9.20502 0.105024
9.206 0.105996
9.20725 0.107222
9.20776 0.107755
9.20808 0.108075
9.20908 0.109078
9.21002 0.109995
9.21102 0.111024
9.21601 0.115993
9.21686 0.116857
9.21718 0.117177
9.21771 0.117714
9.22006 0.120031
9.2219 0.0418808
9.2219 0.0418808
9.2219 0.0418808
9.22224 0.0422269
9.22224 0.0419074
9.22224 0.0419074
9.22284 0.12284
9.22316 0.123159
9.22348 0.123479
9.2238 0.123798
9.22586 0.12586
9.22646 0.126459
9.22949 0.129485
9.22981 0.129804
9.23124 0.131219
9.23156 0.131563
9.23282 0.132816
9.23438 0.134379
9.2389 0.138898
9.24021 0.140213
9.24209 0.0420882
9.24222 0.0418971
9.24222 0.0418971
9.24222 0.0418971
9.24253 0.0422121
9.24253 0.0418926
9.24253 0.0418926
9.24438 0.144374
9.24893 0.148924
9.24949 0.149492
9.2505 0.0504716
9.25107 0.151064
9.25387 0.153872
9.25481 0.154814
9.25532 0.15532
9.25564 0.15564
9.25596 0.0559599
9.26067 0.160664
9.26098 0.160984
9.26192 0.0418964
9.26192 0.0418964
9.26192 0.0418964
9.26224 0.0422114
9.26224 0.0418919
9.26224 0.0418919
9.26312 0.063116
9.26648 0.0664768
9.2692 0.0691982
9.26952 0.0694878
9.27002 0.0700239
9.27034 0.170343
9.27066 0.0706629
9.27198 0.0719777
9.27441 0.0743942
9.2756 0.0756027
9.27592 0.0759222
9.2764 0.0763973
9.27765 0.0776499
9.27797 0.0779694
9.27841 0.0784133
9.27982 0.0797983
9.28045 0.080452
9.28099 0.0809892
9.2819 0.0418843
9.2819 0.0418843
9.2819 0.0418843
9.28225 0.0822243
9.28237 0.0423633
9.28237 0.0420438
9.28237 0.0420438
9.283 0.0829866
9.2856 0.0855949
9.2856 0.0855949
9.28781 0.0878117
9.28885 0.0888314
9.28917 0.0891661
9.28989 0.08989
9.29021 0.0902095
9.29053 0.090529
9.29237 0.0923726
9.29291 0.0929098
9.29416 0.0941498
9.29448 0.094482
9.29448 0.094482
9.29701 0.0970099
9.29733 0.0973294
9.29883 0.0988308
9.29915 0.0991503
9.29947 0.0994699
9.30047 0.100474
9.30201 0.101988
9.30213 0.0421068
9.30213 0.0421068
9.30213 0.0421068
9.30226 0.0422352
9.30226 0.0419157
9.30226 0.0419157
9.30258 0.102582
9.30505 0.105048
9.3059 0.105896
9.30724 0.107224
9.30778 0.10778
9.3081 0.108099
9.30907 0.109072
9.31011 0.110081
9.31102 0.111017
9.3151 0.115093
9.31688 0.116882
9.3172 0.117201
9.31774 0.117738
9.32002 0.120002
9.32192 0.0419053
9.32192 0.0419053
9.32192 0.0419053
9.32223 0.0422203
9.32223 0.0419008
9.32223 0.0419008
9.32277 0.122771
9.32309 0.123091
9.32341 0.12341
9.32373 0.12373
9.32595 0.125946
9.32627 0.126266
9.3296 0.129603
9.32992 0.129922
9.33124 0.131221
9.33156 0.131556
9.33272 0.132716
9.33372 0.133719
9.33867 0.138674
9.34014 0.140144
9.34211 0.0420816
9.34224 0.0418905
9.34224 0.0418905
9.34224 0.0418905
9.34256 0.0422055
9.34256 0.041886
9.34256 0.041886
9.34431 0.144306
9.34895 0.148949
9.34949 0.149486
9.35052 0.0504961
9.35109 0.151089
9.35321 0.153213
9.35481 0.154807
9.35534 0.155345
9.35566 0.155664
9.35598 0.0559533
9.36069 0.160689
9.36101 0.161008
9.36191 0.0418898
9.36191 0.0418898
9.36191 0.0418898
9.36223 0.0422048
9.36223 0.0418853
9.36223 0.0418853
9.36314 0.0631094
9.36651 0.0664789
9.36888 0.0688593
9.36923 0.0692001
9.37005 0.170048
9.37037 0.0703368
9.37069 0.0706563
9.37163 0.0715979
9.37441 0.0743962
9.37516 0.0751296
9.37548 0.0754491
9.37617 0.0761418
9.37736 0.0773323
9.37768 0.0776518
9.378 0.0779913
9.37845 0.0784152
9.38051 0.0804765
9.38101 0.0809827
9.38192 0.0419088
9.38192 0.0419088
9.38192 0.0419088
9.38224 0.0822096
9.38237 0.0423567
9.38237 0.0420372
9.38237 0.0420372
9.38306 0.0830509
9.38562 0.0855883
9.38562 0.0855883
9.3878 0.087774
9.38868 0.0886641
9.389 0.0889729
9.38979 0.089759
9.39011 0.0900785
9.39062 0.0905846
9.39243 0.0923971
9.39293 0.0929033
9.39419 0.094183
9.39451 0.0944754
9.39451 0.0944754
9.39691 0.0968789
9.39723 0.0971984
9.39882 0.0987932
9.39921 0.0991749
9.39952 0.0994944
9.40012 0.100094
9.40206 0.102052
9.40219 0.0421624
9.40219 0.0421624
9.40219 0.0421624
9.40251 0.102479
9.40264 0.0426103
9.40264 0.0422908
9.40264 0.0422908
9.40507 0.105042
9.40592 0.10589
9.4073 0.107288
9.4078 0.107773
9.40812 0.108093
9.40903 0.109003
9.40994 0.109919
9.4111 0.111073
9.415 0.114979
9.41687 0.116844
9.41719 0.117164
9.41776 0.117732
9.41995 0.119942
9.42191 0.0418987
9.42191 0.0418987
9.42191 0.0418987
9.42223 0.0422138
9.42223 0.0418943
9.42223 0.0418943
9.42283 0.122796
9.42315 0.123115
9.42347 0.123435
9.42378 0.123754
9.42588 0.125847
9.42641 0.126384
9.42944 0.129409
9.42976 0.129729
9.43126 0.131255
9.43158 0.13155
9.43271 0.132678
9.43384 0.133806
9.43879 0.13876
9.44014 0.140106
9.4421 0.042075
9.44223 0.0418839
9.44223 0.0418839
9.44223 0.0418839
9.44258 0.04223
9.44258 0.0419105
9.44258 0.0419105
9.44424 0.144206
9.44897 0.148942
9.44951 0.149479
9.45051 0.0504895
9.45105 0.15102
9.45324 0.153206
9.45486 0.154832
9.45537 0.155338
9.45569 0.155657
9.45601 0.0559778
9.46071 0.160682
9.46103 0.161002
9.46191 0.0418832
9.46191 0.0418832
9.46191 0.0418832
9.46225 0.0422293
9.46225 0.0419098
9.46225 0.0419098
9.46316 0.063134
9.4665 0.0664809
9.46878 0.0687766
9.46922 0.0691935
9.47004 0.0700107
9.47036 0.170329
9.47068 0.0706497
9.47193 0.0719023
9.47443 0.0743983
9.47515 0.075123
9.47547 0.0754425
9.4762 0.0761664
9.47773 0.0776989
9.47805 0.0780184
9.47805 0.0780279
9.47843 0.0784001
9.48043 0.0803993
9.48087 0.0808432
9.4819 0.0418937
9.4819 0.0418937
9.4819 0.0418937
9.48225 0.0822372
9.48238 0.0423727
9.48238 0.0420532
9.48238 0.0420532
9.48308 0.0830445
9.4856 0.0855732
9.48592 0.0858928
9.48783 0.0877986
9.48871 0.0886834
9.48903 0.0889974
9.48981 0.0897835
9.49013 0.090103
9.49058 0.0905469
9.49248 0.0924528
9.49293 0.0928967
9.49421 0.0941851
9.49453 0.0944999
9.49453 0.0944999
9.497 0.0969656
9.49731 0.0972851
9.49885 0.0988177
9.49917 0.0991372
9.49949 0.0994567
9.49999 0.0999628
9.50202 0.101992
9.50215 0.0421248
9.50215 0.0421248
9.50215 0.0421248
9.50228 0.0422531
9.50228 0.0419336
9.50228 0.0419336
9.5026 0.102569
9.50506 0.105035
9.50604 0.106008
9.50726 0.107228
9.5078 0.107766
9.50812 0.108086
9.50903 0.108996
9.50994 0.109913
9.51116 0.111128
9.51502 0.115021
9.5169 0.116869
9.51722 0.117188
9.51775 0.117725
9.52003 0.120006
9.5219 0.0418922
9.5219 0.0418922
9.5219 0.0418922
9.52222 0.0422072
9.52222 0.0418877
9.52222 0.0418877
9.52282 0.122789
9.52314 0.123109
9.52346 0.123428
9.52381 0.123779
9.5259 0.125871
9.52622 0.126191
9.52946 0.129434
9.52981 0.129784
9.53125 0.131226
9.53157 0.131543
9.53273 0.132703
9.5337 0.133675
9.53881 0.138785
9.54025 0.140224
9.54213 0.0420995
9.54226 0.0419084
9.54226 0.0419084
9.54226 0.0419084
9.54257 0.0422234
9.54257 0.0419039
9.54257 0.0419039
9.54432 0.144292
9.54893 0.148904
9.54947 0.149441
9.55051 0.0504829
9.55114 0.151107
9.55323 0.153199
9.55492 0.154887
9.55542 0.155394
9.55574 0.155713
9.55606 0.0560334
9.56067 0.160644
9.56099 0.160964
9.56193 0.0419077
9.56193 0.0419077
9.56193 0.0419077
9.56225 0.0422227
9.56225 0.0419032
9.56225 0.0419032
9.56316 0.0631274
9.56649 0.066483
9.56905 0.0690359
9.56937 0.0693425
9.57003 0.0700041
9.57035 0.170323
9.57067 0.0706431
9.57192 0.0718958
9.57442 0.0744003
9.57521 0.0751786
9.57556 0.0755292
9.57619 0.0761598
9.57757 0.0775368
9.57789 0.0778563
9.57789 0.0778553
9.57842 0.0783936
9.58045 0.0804238
9.58087 0.0808366
9.5819 0.0418871
9.5819 0.0418871
9.5819 0.0418871
9.58225 0.0822158
9.58237 0.0423661
9.58237 0.0420466
9.58237 0.0420466
9.58304 0.0830154
9.58563 0.0855978
9.58595 0.0859173
9.58776 0.0877298
9.5887 0.0886717
9.58902 0.0889909
9.58984 0.089808
9.59016 0.0901275
9.59057 0.0905404
9.59241 0.092384
9.59295 0.0929212
9.59414 0.0941249
9.59446 0.0944311
9.59446 0.0944311
9.59689 0.0968657
9.59725 0.0972163
9.59881 0.09878
9.59913 0.0990995
9.59945 0.099419
9.60017 0.100143
9.60205 0.102025
9.60217 0.0421493
9.60217 0.0421493
9.60217 0.0421493
9.60249 0.102465
9.60262 0.0425972
9.60262 0.0422777
9.60262 0.0422777
9.60506 0.105028
9.60594 0.105908
9.60731 0.107292
9.60779 0.10776
9.6082 0.108173
9.60908 0.109052
9.60993 0.109906
9.61109 0.11106
9.61551 0.115498
9.61686 0.116831
9.61718 0.11715
9.61775 0.117719
9.6194 0.119386
9.6219 0.0418856
9.6219 0.0418856
9.6219 0.0418856
9.62221 0.0422006
9.62221 0.0418811
9.62221 0.0418811
9.62284 0.122814
9.62316 0.123133
9.62316 0.123133
9.62376 0.123732
9.62588 0.125856
9.6262 0.126176
9.62945 0.129419
9.62977 0.129738
9.63127 0.13125
9.63159 0.131559
9.63275 0.132719
9.63369 0.13366
9.63871 0.138676
9.64024 0.140209
9.64211 0.0420845
9.64224 0.0418934
9.64224 0.0418934
9.64224 0.0418934
9.64256 0.0422084
9.64256 0.0418889
9.64256 0.0418889
9.64424 0.144215
9.64901 0.148983
9.64949 0.149458
9.65049 0.0504679
9.65106 0.15103
9.65396 0.153931
9.65487 0.154841
9.65538 0.155347
9.6557 0.155667
9.65602 0.0559873
9.66069 0.160661
9.6611 0.161073
9.66191 0.0418927
9.66191 0.0418927
9.66191 0.0418927
9.66223 0.0422077
9.66223 0.0418882
9.66223 0.0418882
9.66314 0.0631123
9.66626 0.0662588
9.66904 0.0690069
9.66936 0.0693274
9.67002 0.169988
9.67034 0.0703086
9.67066 0.0706281
9.67194 0.0719118
9.67441 0.0743939
9.67513 0.0751014
9.67551 0.0754831
9.67617 0.0761447
9.67752 0.0775102
9.67784 0.0778102
9.67784 0.0778102
9.67844 0.0784096
9.68047 0.0804398
9.68088 0.0808527
9.68191 0.0419032
9.68191 0.0419032
9.68191 0.0419032
9.68223 0.082213
9.68236 0.0423511
9.68236 0.0420316
9.68236 0.0420316
9.68296 0.0829468
9.68561 0.0855827
9.68561 0.0855827
9.68777 0.0877374
9.68874 0.0887363
9.68906 0.0890296
9.68984 0.0898156
9.69016 0.0901351
9.69058 0.0905479
9.69248 0.0924538
9.69302 0.092991
9.69424 0.0942345
9.69456 0.094532
9.69456 0.094532
9.6969 0.0968733
9.69731 0.0972861
9.69882 0.0987876
9.69914 0.0991071
9.69945 0.0994266
9.70052 0.100493
9.70202 0.10201
9.70215 0.0421258
9.70215 0.0421258
9.70215 0.0421258
9.70247 0.102442
9.7026 0.0425737
9.7026 0.0422541
9.7026 0.0422541
9.70506 0.105036
9.70594 0.105915
9.70723 0.107215
9.7078 0.107767
9.70821 0.10818
9.70903 0.108997
9.70994 0.109914
9.71119 0.111161
9.71549 0.115461
9.7169 0.11687
9.71722 0.117189
9.71775 0.117726
9.71938 0.11938
9.7219 0.0418932
9.7219 0.0418932
9.7219 0.0418932
9.72222 0.0422082
9.72222 0.0418887
9.72222 0.0418887
9.72282 0.12279
9.72314 0.12311
9.72346 0.123429
9.72378 0.123749
9.72587 0.125841
9.72619 0.12616
9.72956 0.129528
9.72988 0.129848
9.73125 0.131244
9.73157 0.131544
9.73273 0.132704
9.73383 0.133801
9.73888 0.138848
9.74019 0.140163
9.74213 0.0421005
9.74226 0.0419094
9.74226 0.0419094
9.74226 0.0419094
9.74257 0.0422244
9.74257 0.0419049
9.74257 0.0419049
9.74429 0.144262
9.74896 0.148936
9.7495 0.149474
9.75051 0.0504839
9.75107 0.151046
9.75401 0.153978
9.75482 0.154795
9.75536 0.155332
9.75568 0.155652
9.756 0.0559722
9.76067 0.160645
9.76109 0.161058
9.76193 0.0419087
9.76193 0.0419087
9.76193 0.0419087
9.76225 0.0422237
9.76225 0.0419042
9.76225 0.0419042
9.76303 0.063004
9.76627 0.0662609
9.7693 0.0692889
9.76962 0.0695923
9.77003 0.0700051
9.77035 0.170324
9.77067 0.0706441
9.77192 0.0718968
9.77445 0.0744497
9.77518 0.0751485
9.7755 0.075468
9.77619 0.0761608
9.7775 0.0774846
9.77782 0.0777951
9.77782 0.0777951
9.77842 0.0783946
9.78042 0.0803937
9.78086 0.0808376
9.7819 0.0418881
9.7819 0.0418881
9.7819 0.0418881
9.78225 0.0822301
9.78237 0.0423671
9.78237 0.0420476
9.78237 0.0420476
9.78297 0.0829715
9.78563 0.0855988
9.78563 0.0855988
9.78784 0.0878156
9.78872 0.0887161
9.78904 0.0890145
9.78983 0.0898006
9.79015 0.0901201
9.79056 0.0905329
9.79237 0.0923454
9.79303 0.093007
9.79413 0.0941036
9.79445 0.0944237
9.79445 0.0944237
9.79698 0.0969516
9.7973 0.0972711
9.7988 0.0987725
9.79912 0.099092
9.79944 0.0994115
9.8005 0.100478
9.80204 0.102035
9.80217 0.0421418
9.80217 0.0421418
9.80217 0.0421418
9.80249 0.102458
9.80261 0.0425897
9.80261 0.0422702
9.80261 0.0422702
9.80505 0.105021
9.80593 0.1059
9.80724 0.10724
9.80781 0.107784
9.80813 0.108103
9.8091 0.109076
9.81001 0.109992
9.81052 0.110492
9.81547 0.115463
9.81688 0.116854
9.8172 0.117174
9.81774 0.117711
9.81949 0.119475
9.82192 0.0419092
9.82192 0.0419092
9.82192 0.0419092
9.82223 0.0422242
9.82223 0.0419047
9.82223 0.0419047
9.82274 0.122713
9.82306 0.123032
9.8235 0.123476
9.82382 0.123796
9.82585 0.125826
9.82617 0.126145
9.82945 0.12942
9.82977 0.129739
9.83127 0.131237
9.83159 0.13156
9.83275 0.13272
9.83372 0.133692
9.8387 0.138677
9.84021 0.140179
9.84211 0.0420855
9.84224 0.0418944
9.84224 0.0418944
9.84224 0.0418944
9.84256 0.0422094
9.84256 0.0418899
9.84256 0.0418899
9.84427 0.144247
9.84898 0.148952
9.84949 0.149459
9.85049 0.0504689
9.85103 0.151
9.8539 0.15387
9.85487 0.154842
9.85538 0.155348
9.8557 0.155668
9.85601 0.0559883
9.86066 0.16063
9.86107 0.161043
9.86191 0.0418937
9.86191 0.0418937
9.86191 0.0418937
9.86223 0.0422087
9.86223 0.0418892
9.86223 0.0418892
9.86305 0.06302
9.86629 0.066263
9.86928 0.0692825
9.8696 0.0695773
9.87002 0.169989
9.87034 0.0703096
9.87066 0.0706291
9.87191 0.0718817
9.8744 0.0743811
9.87519 0.0751646
9.8757 0.0756707
9.87617 0.0761457
9.87755 0.0775228
9.87787 0.0778407
9.87787 0.0778423
9.87844 0.0784106
9.88047 0.0804408
9.88088 0.0808537
9.88191 0.0419042
9.88191 0.0419042
9.88191 0.0419042
9.88226 0.0822313
9.88239 0.0423832
9.88239 0.0420637
9.88239 0.0420637
9.88302 0.0829962
9.88561 0.0855837
9.88561 0.0855837
9.88786 0.0878317
9.88868 0.0886647
9.88899 0.0889683
9.88981 0.0897855
9.89013 0.090105
9.89058 0.090549
9.89242 0.0923926
9.89302 0.092992
9.89415 0.0941283
9.89447 0.0944397
9.89447 0.0944397
9.89699 0.0969676
9.89731 0.0972871
9.89881 0.0987886
9.8992 0.0991703
9.89952 0.0994898
9.90058 0.100556
9.90202 0.101997
9.90215 0.0421268
9.90215 0.0421268
9.90215 0.0421268
9.90247 0.102443
9.9026 0.0425747
9.9026 0.0422551
9.9026 0.0422551
9.90506 0.105037
9.90594 0.105916
9.90729 0.107265
9.90779 0.107768
9.90821 0.108181
9.90906 0.10903
9.91 0.109977
9.9105 0.110477
9.91549 0.115465
9.9169 0.116871
9.91722 0.11719
9.91775 0.117727
9.9195 0.119477
9.9219 0.0418942
9.9219 0.0418942
9.9219 0.0418942
9.92222 0.0422092
9.92222 0.0418897
9.92222 0.0418897
9.92276 0.122729
9.92307 0.123048
9.92352 0.123492
9.92384 0.123812
9.92587 0.125842
9.92619 0.126161
9.92943 0.129405
9.92975 0.129724
9.93125 0.131231
9.93157 0.131545
9.93273 0.132705
9.9337 0.133677
9.93878 0.138756
9.94025 0.140226
9.94213 0.0421015
9.94226 0.0419104
9.94226 0.0419104
9.94226 0.0419104
9.94257 0.0422254
9.94257 0.0419059
9.94257 0.0419059
9.94423 0.144201
9.94436 0.0420032
9.94806 0.0419054
9.94897 0.148945
9.94951 0.149483
9.95051 0.0504929
9.95105 0.151024
9.95177 0.0419037
9.95396 0.153929
9.95487 0.154839
9.95537 0.155345
9.95569 0.155665
9.95601 0.0559851
9.95614 0.042097
9.95984 0.0419059
9.96066 0.160635
9.96111 0.161079
9.96192 0.0418872
9.96192 0.0418872
9.96192 0.0418872
9.96223 0.0422023
9.96223 0.0418828
9.96223 0.0418828
9.96296 0.0629315
9.96393 0.0418867
9.96627 0.0662578
9.96863 0.0418907
9.9693 0.0692728
9.96962 0.06959
9.97003 0.0700028
9.97035 0.170322
9.97067 0.0706419
9.97192 0.0718945
9.97289 0.0419059
9.97442 0.0744065
9.97552 0.0754924
9.97584 0.0758119
9.97597 0.0420823
9.97629 0.0762598
9.97751 0.0775003
9.97783 0.0778008
9.97783 0.0778008
9.97843 0.0784002
9.98046 0.0804305
9.98087 0.0808433
9.9819 0.0418798
9.9819 0.0418798
9.9819 0.0418798
9.98222 0.0822021
9.98235 0.0423277
9.98235 0.0420082
9.98235 0.0420082
9.98257 0.0419104
9.98295 0.0829362
9.9856 0.0855773
9.9856 0.0855773
9.98604 0.0418917
9.98785 0.0878292
9.98873 0.0887193
9.98905 0.0890281
9.98981 0.0897831
9.99013 0.0901026
9.99057 0.0905465
9.99073 0.0419069
9.99251 0.0924874
9.99302 0.0929935
9.99424 0.0942318
9.99456 0.0945346
9.99456 0.0945346
9.99491 0.0419052
9.99697 0.096942
9.99729 0.0972615
9.99841 0.0418865
9.99882 0.0987981
9.99914 0.0991176
9.99946 0.0994371

