% time_sec delay_sec
0.112256 0.0122252
0.113602 0.0135711
0.117156 0.0171255
0.120617 0.0205865
0.120936 0.020906
0.12362 0.0235894
0.125152 0.0251219
0.131817 0.0317867
0.137704 0.0376738
0.141974 0.0419435
0.143444 0.0434139
0.146377 0.0463461
0.147629 0.0475987
0.149784 0.0497534
0.151907 0.0518769
0.172227 0.0721963
0.174008 0.0739777
0.174888 0.0748571
0.175425 0.0753943
0.176646 0.0766158
0.177557 0.0775263
0.178778 0.0787478
0.179782 0.0797516
0.182248 0.0822173
0.18378 0.0837499
0.184473 0.0844426
0.185446 0.0854153
0.185765 0.0857348
0.186147 0.0861165
0.187369 0.0873381
0.188621 0.0885907
0.188941 0.0889102
0.191033 0.0910026
0.191353 0.0913221
0.191734 0.0917039
0.192614 0.0925832
0.192933 0.0929027
0.193253 0.0932223
0.193572 0.0935418
0.193923 0.0938924
0.195207 0.0951761
0.19621 0.0961799
0.19653 0.0964994
0.197503 0.0974721
0.198009 0.0979782
0.201159 0.101128
0.201478 0.101448
0.202264 0.102234
0.202739 0.102709
0.203059 0.103028
0.203378 0.103348
0.204475 0.104445
0.20607 0.10604
0.206638 0.106608
0.207051 0.107021
0.208148 0.108118
0.209899 0.109868
0.210218 0.110188
0.211689 0.111658
0.212226 0.0122186
0.212545 0.112515
0.21358 0.013573
0.2139 0.113869
0.214966 0.114935
0.216467 0.116437
0.217191 0.0171839
0.217511 0.11748
0.21979 0.119759
0.220109 0.120079
0.220584 0.020577
0.220904 0.0208965
0.221223 0.121193
0.223596 0.0235883
0.224662 0.124631
0.225137 0.0251294
0.225456 0.125426
0.226304 0.126274
0.226748 0.126718
0.227254 0.127224
0.227574 0.127543
0.228298 0.128267
0.231852 0.0318449
0.233354 0.133323
0.234326 0.134296
0.237663 0.0376556
0.237982 0.137952
0.24079 0.14076
0.242012 0.0420045
0.242984 0.142954
0.243397 0.04339
0.246361 0.0463534
0.247613 0.047606
0.249768 0.0497606
0.251891 0.0518842
0.258338 0.158308
0.259124 0.159094
0.272197 0.0721894
0.273978 0.0739708
0.274857 0.0748501
0.275395 0.0753874
0.276678 0.0766711
0.277527 0.0775194
0.278748 0.0787409
0.279752 0.0797447
0.28228 0.0822726
0.283843 0.0838363
0.284443 0.0844357
0.285416 0.0854084
0.285735 0.0857279
0.286117 0.0861096
0.287369 0.0873622
0.288591 0.0885838
0.28891 0.0889033
0.291034 0.0910268
0.291354 0.0913463
0.291704 0.0916969
0.292583 0.0925763
0.292903 0.0928958
0.293223 0.0932153
0.293542 0.0935348
0.293893 0.0938854
0.295176 0.0951692
0.29618 0.096173
0.2965 0.0964925
0.297472 0.0974652
0.29801 0.0980024
0.30116 0.101152
0.30116 0.101152
0.302257 0.102249
0.302732 0.102725
0.303051 0.103044
0.303371 0.103364
0.304437 0.10443
0.306031 0.106024
0.3066 0.106593
0.307013 0.107005
0.308141 0.108134
0.309891 0.109884
0.310211 0.110203
0.31165 0.111643
0.312218 0.0122032
0.312538 0.112531
0.313573 0.0135576
0.313892 0.113885
0.314927 0.11492
0.316429 0.116421
0.317152 0.0171374
0.317472 0.117465
0.319782 0.119775
0.320102 0.120094
0.320608 0.0205927
0.320927 0.0209122
0.321247 0.12124
0.323588 0.0235729
0.324623 0.124616
0.32516 0.0251451
0.32548 0.125472
0.326266 0.126258
0.326647 0.12664
0.32734 0.127333
0.32766 0.127652
0.32829 0.128283
0.331813 0.0317984
0.333315 0.133308
0.334319 0.134311
0.337686 0.0376713
0.338006 0.137999
0.340783 0.140775
0.342004 0.0419891
0.342977 0.14297
0.343421 0.0434057
0.346353 0.046338
0.347606 0.0475906
0.34976 0.0497452
0.351915 0.0518999
0.358424 0.158417
0.359179 0.159172
0.37222 0.0722051
0.37397 0.0739554
0.37485 0.0748347
0.375387 0.075372
0.37664 0.0766246
0.37755 0.0775351
0.378772 0.0787566
0.379838 0.0798226
0.38221 0.082195
0.383743 0.0837276
0.384373 0.0843581
0.385408 0.085393
0.385728 0.0857125
0.386109 0.0860942
0.387393 0.087378
0.388583 0.0885684
0.388903 0.0888879
0.390995 0.0909803
0.391315 0.0912998
0.391728 0.0917126
0.392607 0.092592
0.392927 0.0929115
0.393246 0.093231
0.393566 0.0935505
0.393916 0.0939011
0.3952 0.0951849
0.396204 0.0961887
0.396523 0.0965082
0.397465 0.0974498
0.398002 0.097987
0.401152 0.101137
0.401152 0.101137
0.402249 0.102234
0.402724 0.102709
0.403044 0.103029
0.403394 0.103379
0.40446 0.104445
0.406055 0.10604
0.406623 0.106608
0.407036 0.107021
0.408133 0.108118
0.409884 0.109869
0.410203 0.110188
0.411673 0.111658
0.412242 0.0122189
0.412561 0.112546
0.413596 0.0135733
0.413916 0.113901
0.414951 0.114936
0.41639 0.116375
0.417176 0.0171531
0.417495 0.11748
0.419774 0.119759
0.420187 0.120172
0.4206 0.0205773
0.42092 0.0208968
0.421239 0.121224
0.423611 0.0235886
0.424646 0.124631
0.425153 0.0251297
0.425472 0.125457
0.42632 0.126305
0.426764 0.126749
0.427333 0.127318
0.427652 0.127637
0.428376 0.128361
0.431806 0.031783
0.433338 0.133323
0.434311 0.134296
0.437679 0.037656
0.438061 0.138045
0.440775 0.14076
0.441997 0.0419737
0.442969 0.142954
0.443413 0.0433903
0.446345 0.0463226
0.447629 0.0476063
0.449784 0.0497609
0.451907 0.0518845
0.458385 0.15837
0.459171 0.159156
0.472213 0.0721897
0.473994 0.0739711
0.474873 0.0748505
0.475411 0.0753877
0.476663 0.0766403
0.477543 0.0775197
0.478764 0.0787412
0.47983 0.0798072
0.482234 0.0822107
0.483766 0.0837433
0.484397 0.0843738
0.485432 0.0854087
0.485751 0.0857282
0.486133 0.0861099
0.487354 0.0873315
0.488607 0.0885841
0.488926 0.0889036
0.491019 0.090996
0.491338 0.0913155
0.49172 0.0916972
0.492599 0.0925766
0.492919 0.0928961
0.493238 0.0932156
0.493558 0.0935351
0.493909 0.0938858
0.495192 0.0951695
0.496196 0.0961733
0.496516 0.0964928
0.497488 0.0974655
0.498057 0.0980338
0.501176 0.101153
0.501176 0.101153
0.502273 0.10225
0.502748 0.102725
0.503067 0.103044
0.503418 0.103395
0.504453 0.10443
0.506047 0.106025
0.506647 0.106624
0.50706 0.107037
0.508157 0.108134
0.509907 0.109884
0.510227 0.110204
0.511666 0.111643
0.512234 0.0122035
0.512554 0.112531
0.513589 0.0135579
0.513908 0.113885
0.514943 0.11492
0.516538 0.116515
0.517168 0.0171377
0.517488 0.117465
0.519767 0.119744
0.520086 0.120064
0.520624 0.020593
0.520943 0.0209125
0.521263 0.12124
0.523604 0.0235733
0.524639 0.124616
0.525176 0.0251454
0.525496 0.125473
0.526282 0.126259
0.526757 0.126734
0.527294 0.127271
0.527613 0.127591
0.528337 0.128314
0.531829 0.0317987
0.533331 0.133308
0.534304 0.134281
0.537702 0.0376717
0.538022 0.137999
0.540799 0.140776
0.54202 0.0419894
0.542993 0.14297
0.543437 0.043406
0.546369 0.0463383
0.547622 0.0475909
0.549776 0.0497455
0.551931 0.0519002
0.558409 0.158386
0.559164 0.159141
0.572236 0.0722054
0.573986 0.0739557
0.574866 0.0748351
0.575403 0.0753723
0.576656 0.0766249
0.577566 0.0775354
0.578788 0.0787569
0.579854 0.0798229
0.582226 0.0821953
0.583759 0.0837279
0.584389 0.0843584
0.585424 0.0853933
0.585743 0.0857128
0.586125 0.0860945
0.587347 0.0873161
0.588599 0.0885687
0.588919 0.0888882
0.591011 0.0909806
0.591331 0.0913001
0.591744 0.091713
0.592623 0.0925923
0.592943 0.0929118
0.593262 0.0932313
0.593582 0.0935509
0.593932 0.0939015
0.595216 0.0951852
0.59622 0.096189
0.596539 0.0965085
0.597481 0.0974501
0.59808 0.0980495
0.601168 0.101137
0.601168 0.101137
0.602265 0.102234
0.60274 0.102709
0.60306 0.103029
0.603441 0.103411
0.604476 0.104446
0.606071 0.10604
0.606639 0.106609
0.607052 0.107021
0.608149 0.108119
0.6099 0.109869
0.610219 0.110188
0.611689 0.111659
0.612227 0.0122192
0.612546 0.112515
0.613581 0.0135737
0.613901 0.11387
0.614967 0.114936
0.61653 0.1165
0.617192 0.0171845
0.617511 0.117481
0.61979 0.11976
0.62011 0.120079
0.620585 0.0205776
0.620904 0.0208971
0.621224 0.121193
0.623596 0.023589
0.624662 0.124632
0.625137 0.02513
0.625457 0.125426
0.626305 0.126274
0.62678 0.12675
0.627255 0.127225
0.627575 0.127544
0.628392 0.128361
0.631822 0.0318144
0.633354 0.133324
0.634327 0.134296
0.637664 0.0376563
0.637983 0.137952
0.640791 0.14076
0.642013 0.0420051
0.642985 0.142955
0.643398 0.0433906
0.646361 0.046354
0.647614 0.0476066
0.649769 0.0497612
0.651892 0.0518848
0.658401 0.158371
0.659156 0.159126
0.672197 0.07219
0.673979 0.0739714
0.674858 0.0748508
0.675395 0.075388
0.676679 0.0766717
0.677527 0.07752
0.678749 0.0787415
0.679753 0.0797453
0.68225 0.0822421
0.683844 0.0838369
0.684444 0.0844363
0.685416 0.085409
0.685736 0.0857285
0.686118 0.0861102
0.687339 0.0873318
0.688592 0.0885844
0.688911 0.0889039
0.691004 0.0909963
0.691323 0.0913158
0.691705 0.0916976
0.692584 0.0925769
0.692904 0.0928964
0.693223 0.093216
0.693543 0.0935355
0.693893 0.0938861
0.695177 0.0951698
0.696181 0.0961736
0.6965 0.0964931
0.697473 0.0974658
0.698073 0.0980652
0.70116 0.101153
0.70116 0.101153
0.702257 0.10225
0.702733 0.102725
0.703052 0.103045
0.703372 0.103364
0.704438 0.10443
0.706032 0.106025
0.706601 0.106593
0.707076 0.107068
0.708142 0.108134
0.709892 0.109885
0.710211 0.110204
0.711651 0.111643
0.712219 0.0122039
0.712539 0.112531
0.713573 0.0135583
0.713893 0.113886
0.714928 0.11492
0.716429 0.116422
0.717153 0.017138
0.717473 0.117465
0.719783 0.119775
0.720102 0.120095
0.720609 0.0205933
0.720928 0.0209128
0.720928 0.120921
0.72358 0.0235651
0.724615 0.124608
0.725152 0.0251372
0.725472 0.125465
0.726289 0.126282
0.726764 0.126757
0.727239 0.127232
0.727559 0.127551
0.728407 0.1284
0.731868 0.0318528
0.733338 0.133331
0.734311 0.134304
0.737679 0.0376635
0.737998 0.137991
0.740775 0.140768
0.741996 0.0419813
0.742969 0.142962
0.743413 0.0433979
0.746345 0.0463301
0.747629 0.0476138
0.749753 0.0497374
0.751907 0.051892
0.758385 0.158378
0.759171 0.159164
0.772212 0.0721972
0.773994 0.0739786
0.774842 0.0748269
0.77541 0.0753952
0.776663 0.0766479
0.777542 0.0775273
0.778764 0.0787488
0.77983 0.0798148
0.782296 0.0822805
0.783859 0.0838441
0.784397 0.0843814
0.785431 0.0854163
0.785751 0.0857358
0.786133 0.0861175
0.787354 0.087339
0.788607 0.0885916
0.788926 0.0889111
0.791019 0.0910036
0.791338 0.0913231
0.79172 0.0917048
0.792599 0.0925842
0.792919 0.0929037
0.793238 0.0932232
0.793558 0.0935427
0.793909 0.0938933
0.795192 0.095177
0.796196 0.0961808
0.796516 0.0965003
0.797488 0.097473
0.797994 0.0979792
0.801144 0.101129
0.801144 0.101129
0.802241 0.102226
0.802716 0.102701
0.803036 0.103021
0.803387 0.103371
0.804453 0.104437
0.806047 0.106032
0.806616 0.106601
0.807029 0.107013
0.808157 0.108142
0.809907 0.109892
0.810227 0.110211
0.811666 0.111651
0.812234 0.0122111
0.812554 0.112538
0.813589 0.0135655
0.813908 0.113893
0.814943 0.114928
0.816507 0.116491
0.817168 0.0171452
0.817488 0.117473
0.819767 0.119752
0.820086 0.120071
0.820624 0.0206005
0.820624 0.0206005
0.820974 0.120959
0.823595 0.0235723
0.82463 0.124615
0.825168 0.0251445
0.825487 0.125472
0.826273 0.126258
0.826748 0.126733
0.827348 0.127332
0.827667 0.127652
0.82836 0.128345
0.831852 0.0318289
0.833322 0.133307
0.834326 0.134311
0.837694 0.0376707
0.838013 0.137998
0.84079 0.140775
0.842012 0.0419885
0.842984 0.142969
0.843428 0.0434051
0.84636 0.0463374
0.847613 0.04759
0.849768 0.0497446
0.851922 0.0518993
0.8584 0.158385
0.859155 0.15914
0.872228 0.0722045
0.873978 0.0739548
0.874857 0.0748342
0.875394 0.0753714
0.876647 0.076624
0.877558 0.0775345
0.878779 0.078756
0.879845 0.079822
0.882311 0.0822877
0.883781 0.0837581
0.884381 0.0843575
0.885415 0.0853924
0.885735 0.0857119
0.886117 0.0860936
0.887369 0.0873463
0.888591 0.0885678
0.88891 0.0888873
0.891003 0.0909797
0.891322 0.0912992
0.891735 0.091712
0.892614 0.0925914
0.892934 0.0929109
0.893253 0.0932304
0.893573 0.0935499
0.893924 0.0939006
0.895207 0.0951843
0.896211 0.0961881
0.896531 0.0965076
0.897472 0.0974492
0.898072 0.0980486
0.901159 0.101136
0.901159 0.101136
0.902257 0.102233
0.902732 0.102709
0.903051 0.103028
0.903402 0.103379
0.904468 0.104445
0.906062 0.106039
0.906631 0.106608
0.907044 0.107021
0.908141 0.108118
0.909891 0.109868
0.910211 0.110187
0.911681 0.111658
0.912249 0.0122183
0.912569 0.112546
0.913604 0.0135727
0.913923 0.1139
0.914958 0.114935
0.916397 0.116374
0.917183 0.0171525
0.917503 0.11748
0.919782 0.119759
0.920195 0.120172
0.920608 0.0205767
0.920927 0.0208962
0.921247 0.121224
0.923619 0.0235881
0.924654 0.124631
0.92516 0.0251291
0.925479 0.125456
0.926297 0.126274
0.926772 0.126749
0.927247 0.127224
0.927566 0.127543
0.928383 0.12836
0.931813 0.0317824
0.933346 0.133323
0.934319 0.134295
0.937686 0.0376554
0.938037 0.138014
0.940782 0.140759
0.942004 0.0419731
0.942977 0.142954
0.943421 0.0433897
0.946353 0.046322
0.947637 0.0476057
0.949791 0.0497603
0.951915 0.0518839
0.958393 0.15837
0.959179 0.159156
0.97222 0.0721891
0.974001 0.0739705
0.974881 0.0748499
0.975418 0.0753871
0.976671 0.0766397
0.97755 0.0775191
0.978771 0.0787406
0.979837 0.0798066
0.982241 0.0822101
0.983774 0.0837427
0.984404 0.0843732
0.985439 0.0854081
0.985758 0.0857276
0.98614 0.0861093
0.987362 0.0873309
0.988614 0.0885835
0.988934 0.088903
0.991026 0.0909954
0.991346 0.0913149
0.991728 0.0916966
0.992607 0.092576
0.992926 0.0928955
0.993246 0.093215
0.993565 0.0935345
0.993916 0.0938852
0.9952 0.0951689
0.996204 0.0961727
0.996523 0.0964922
0.997496 0.0974649
0.998064 0.0980332
1.00118 0.101152
1.00118 0.101152
1.00228 0.102249
1.00276 0.102724
1.00307 0.103044
1.00343 0.103394
1.00446 0.104426
1.00605 0.106021
1.00662 0.106589
1.00706 0.107033
1.00816 0.10813
1.00991 0.109881
1.01023 0.1102
1.0117 0.111671
1.01224 0.0122311
1.01256 0.112527
1.01359 0.0135855
1.01391 0.113882
1.01495 0.114917
1.01654 0.116511
1.01717 0.0171652
1.01749 0.117461
1.01977 0.119741
1.02022 0.120184
1.0206 0.0205894
1.0206 0.0205894
1.02095 0.120917
1.02357 0.0235612
1.02463 0.124604
1.02514 0.0251334
1.02546 0.12543
1.02628 0.126247
1.02675 0.126722
1.02726 0.127228
1.02758 0.127547
1.02836 0.128334
1.03179 0.0317867
1.03333 0.133296
1.0343 0.134269
1.03764 0.0376285
1.03799 0.137956
1.04079 0.140764
1.04192 0.0419152
1.04299 0.142958
1.0434 0.043394
1.04633 0.0463262
1.04762 0.04761
1.04974 0.0497335
1.05186 0.0518571
1.05225 0.0122306
1.05225 0.0122306
1.05225 0.0122306
1.05257 0.0125501
1.05257 0.0122306
1.05257 0.0122306
1.05839 0.15836
1.05918 0.159146
1.07216 0.0721481
1.07248 0.0124737
1.07248 0.0124737
1.07248 0.0124737
1.07279 0.0127932
1.07279 0.0124737
1.07279 0.0124737
1.07392 0.0739153
1.07483 0.0748258
1.07534 0.0753319
1.07665 0.0766468
1.0775 0.077495
1.07872 0.0787166
1.07973 0.0797204
1.08222 0.0822172
1.08382 0.0838119
1.08442 0.0844114
1.08539 0.0853841
1.08571 0.0857036
1.08609 0.0860853
1.08735 0.0873379
1.0886 0.0885905
1.08892 0.08891
1.09098 0.0909714
1.0913 0.0912909
1.09168 0.0916726
1.09225 0.0122302
1.09225 0.0122302
1.09225 0.0122302
1.09257 0.0125497
1.09257 0.0122302
1.09257 0.0122302
1.09289 0.0928799
1.09289 0.0928799
1.09321 0.0931995
1.09353 0.093519
1.09391 0.0939007
1.09516 0.0951533
1.09613 0.096126
1.09645 0.0964455
1.09746 0.0974493
1.09803 0.0980176
1.10111 0.101105
1.10111 0.101105
1.10221 0.102203
1.10269 0.102678
1.103 0.102997
1.10332 0.103317
1.10442 0.104414
1.10605 0.10604
1.10662 0.106608
1.10706 0.107052
1.10813 0.108118
1.10988 0.109868
1.1102 0.110188
1.11163 0.111627
1.11223 0.0122299
1.11255 0.112546
1.11268 0.0123583
1.11268 0.0123583
1.11268 0.0123583
1.11268 0.0123583
1.11268 0.0120387
1.11268 0.0120387
1.11281 0.0121671
1.11357 0.0135611
1.11388 0.113877
1.11492 0.114912
1.11648 0.116476
1.11714 0.0171211
1.11746 0.117457
1.11974 0.119736
1.12019 0.12018
1.1206 0.0205961
1.1206 0.0205961
1.12095 0.120943
1.12357 0.0235483
1.12464 0.12463
1.12511 0.025109
1.12543 0.125425
1.12625 0.126242
1.12672 0.126717
1.12736 0.127348
1.12767 0.127667
1.12831 0.128298
1.13183 0.0318245
1.13205 0.0120209
1.13205 0.0120209
1.13205 0.0120209
1.1324 0.0123671
1.1324 0.0120476
1.1324 0.0120476
1.13331 0.133299
1.13428 0.134272
1.13765 0.0376432
1.13797 0.137959
1.14077 0.140767
1.142 0.0419921
1.14291 0.142899
1.14338 0.0433776
1.14631 0.0463098
1.1476 0.0475935
1.14975 0.0497285
1.15188 0.0518717
1.15204 0.0120202
1.15204 0.0120202
1.15204 0.0120202
1.15238 0.0123664
1.15238 0.0120469
1.15238 0.0120469
1.15842 0.158416
1.15915 0.15914
1.17219 0.0721849
1.17232 0.0123166
1.17232 0.0123166
1.17232 0.0123166
1.17245 0.012445
1.17245 0.0121255
1.17245 0.0121255
1.17392 0.073912
1.17483 0.0748225
1.17533 0.0753286
1.17665 0.0766181
1.1775 0.0774917
1.17875 0.0787444
1.17981 0.0798104
1.18228 0.0822761
1.18381 0.0838086
1.18435 0.0843459
1.18538 0.0853839
1.1857 0.0857003
1.18612 0.0861131
1.18743 0.0874082
1.18859 0.0885872
1.18891 0.0889067
1.191 0.0909795
1.19132 0.0913187
1.19167 0.0916693
1.19205 0.012033
1.19205 0.012033
1.19205 0.012033
1.19237 0.012348
1.19237 0.0120285
1.19237 0.0120285
1.19269 0.092681
1.193 0.0929808
1.19332 0.0933003
1.19364 0.0936396
1.19396 0.0939394
1.19515 0.0951495
1.19616 0.0961533
1.19657 0.0965661
1.19736 0.0973522
1.19796 0.0979516
1.20111 0.101102
1.20143 0.101421
1.20221 0.102207
1.20269 0.102682
1.20301 0.102997
1.20333 0.103321
1.20439 0.104387
1.20605 0.106044
1.20662 0.106613
1.20703 0.107025
1.20813 0.108122
1.20988 0.109873
1.2102 0.110192
1.21164 0.111631
1.21223 0.0122317
1.21255 0.11255
1.21268 0.0123601
1.21268 0.0123601
1.21268 0.0123601
1.21268 0.0123601
1.21268 0.0120406
1.21268 0.0120406
1.21281 0.012169
1.21357 0.013563
1.21389 0.113862
1.21492 0.114917
1.21636 0.116356
1.21711 0.017109
1.21743 0.117411
1.21974 0.11974
1.22019 0.120165
1.22057 0.0205669
1.22089 0.0208864
1.22121 0.121205
1.22352 0.0235135
1.22462 0.124612
1.22509 0.0250882
1.22541 0.125407
1.22629 0.126261
1.22673 0.12673
1.2273 0.127299
1.22762 0.127618
1.22831 0.128311
1.23178 0.0317727
1.23206 0.0120313
1.23206 0.0120313
1.23206 0.0120313
1.23237 0.0123463
1.23237 0.0120268
1.23237 0.0120268
1.23329 0.133281
1.23429 0.134285
1.23763 0.0376225
1.23807 0.138066
1.24075 0.140749
1.24201 0.0420024
1.24292 0.142912
1.24339 0.0433879
1.24629 0.0462891
1.24758 0.0475728
1.24967 0.0496626
1.25176 0.0517577
1.25204 0.0120306
1.25204 0.0120306
1.25204 0.0120306
1.25236 0.0123456
1.25236 0.0120261
1.25236 0.0120261
1.25834 0.158336
1.25916 0.159153
1.27211 0.0721019
1.27223 0.0122025
1.27223 0.0122025
1.27223 0.0122025
1.27239 0.012362
1.27239 0.0120425
1.27239 0.0120425
1.27386 0.0738602
1.27474 0.0747395
1.27531 0.0753079
1.27659 0.0765662
1.27744 0.0774399
1.27863 0.0786303
1.2797 0.0796963
1.28213 0.0821309
1.28373 0.0837257
1.28439 0.0843873
1.28496 0.0849309
1.28528 0.0852752
1.28597 0.0859679
1.28716 0.0871557
1.28854 0.0885354
1.28886 0.0888549
1.29073 0.090727
1.29105 0.0910491
1.29162 0.0916174
1.29206 0.0120434
1.29206 0.0120434
1.29206 0.0120434
1.29254 0.0925319
1.29285 0.0928488
1.29317 0.0931683
1.29349 0.0934904
1.29381 0.0938073
1.29394 0.0139248
1.29394 0.0136053
1.29394 0.0136053
1.29516 0.0951598
1.29607 0.0960703
1.29639 0.0963898
1.2973 0.0973003
1.29797 0.097962
1.30099 0.100988
1.30131 0.101307
1.30194 0.101922
1.30226 0.102257
1.30267 0.10267
1.30324 0.103238
1.30431 0.104304
1.3059 0.105899
1.30653 0.10653
1.30688 0.10688
1.30801 0.108008
1.30967 0.109665
1.30999 0.109985
1.31149 0.111486
1.31209 0.112086
1.31241 0.0124061
1.31254 0.012215
1.31254 0.012215
1.31254 0.012215
1.31267 0.0123434
1.31267 0.0120238
1.31267 0.0120238
1.31339 0.113383
1.31371 0.0137062
1.31481 0.114803
1.31612 0.116117
1.31688 0.11687
1.3172 0.0171761
1.3196 0.119595
1.31992 0.119912
1.32058 0.0205773
1.3209 0.0208968
1.3209 0.120896
1.32368 0.0236569
1.32462 0.124614
1.32519 0.0251834
1.32551 0.125502
1.32623 0.126201
1.32658 0.126577
1.32712 0.127114
1.32747 0.127464
1.32825 0.128251
1.33181 0.0318056
1.33206 0.0120332
1.33206 0.0120332
1.33206 0.0120332
1.33238 0.0123482
1.33238 0.0120287
1.33238 0.0120287
1.33319 0.13319
1.3342 0.134194
1.3376 0.0375932
1.33792 0.137912
1.34063 0.140626
1.34188 0.0418799
1.34282 0.142821
1.34336 0.0433587
1.34639 0.0463843
1.34761 0.0476058
1.34995 0.0499305
1.35192 0.0519151
1.35205 0.0120325
1.35205 0.0120325
1.35205 0.0120325
1.35236 0.0123475
1.35236 0.012028
1.35236 0.012028
1.35815 0.158151
1.35888 0.158875
1.37207 0.0120404
1.37207 0.0120404
1.37207 0.0120404
1.37239 0.0723877
1.37252 0.0124883
1.37252 0.0121688
1.37252 0.0121688
1.37411 0.0741109
1.37515 0.0751458
1.3755 0.0754964
1.37678 0.0767547
1.37766 0.0776595
1.37898 0.0789743
1.38007 0.0800714
1.38242 0.0824127
1.38392 0.0839142
1.38427 0.0842648
1.38552 0.0855174
1.38631 0.0863035
1.38703 0.0870059
1.38816 0.088139
1.38882 0.0888172
1.38914 0.0891367
1.3912 0.091198
1.39183 0.091812
1.39215 0.0921481
1.39228 0.012263
1.39228 0.012263
1.39228 0.012263
1.39241 0.0123914
1.39241 0.0120719
1.39241 0.0120719
1.39285 0.0928488
1.39333 0.0933072
1.39365 0.0936433
1.39397 0.0939462
1.39478 0.094767
1.3956 0.0955972
1.39645 0.0964454
1.39686 0.0968583
1.39765 0.0976443
1.39797 0.0979638
1.40143 0.101425
1.40175 0.101744
1.4026 0.102593
1.40291 0.102912
1.4037 0.103698
1.40461 0.104609
1.40571 0.10568
1.40656 0.106554
1.40688 0.106874
1.40754 0.107535
1.4086 0.108601
1.41035 0.110352
1.41067 0.110671
1.41214 0.112141
1.41246 0.0124617
1.41278 0.11278
1.41291 0.0125901
1.41291 0.0125901
1.41291 0.0125901
1.41291 0.0125901
1.41291 0.0122706
1.41291 0.0122706
1.41304 0.012399
1.41358 0.0135752
1.41477 0.114748
1.41546 0.115458
1.41709 0.117083
1.41741 0.0173958
1.41819 0.118172
1.42041 0.120406
1.42073 0.0207262
1.42073 0.0207262
1.4213 0.121277
1.42162 0.121613
1.42368 0.0236674
1.42453 0.124523
1.42519 0.0251853
1.4256 0.125597
1.42701 0.12698
1.42733 0.127325
1.42786 0.127862
1.42818 0.128182
1.42891 0.128906
1.43187 0.0318697
1.43206 0.0120351
1.43206 0.0120351
1.43206 0.0120351
1.43238 0.0123501
1.43238 0.0120306
1.43238 0.0120306
1.43372 0.13372
1.4347 0.134693
1.43772 0.0377195
1.43844 0.138443
1.44122 0.141219
1.44207 0.0420684
1.44338 0.143382
1.4437 0.0437027
1.44642 0.0464172
1.4477 0.047701
1.45004 0.0500343
1.45192 0.0519169
1.45205 0.0120344
1.45205 0.0120344
1.45205 0.0120344
1.45236 0.0123494
1.45236 0.0120299
1.45236 0.0120299
1.45906 0.159055
1.45987 0.159873
1.47207 0.0120423
1.47207 0.0120423
1.47207 0.0120423
1.47239 0.0723896
1.47252 0.0124902
1.47252 0.0121707
1.47252 0.0121707
1.47411 0.0741128
1.47515 0.0751477
1.47553 0.0755294
1.47678 0.0767566
1.47766 0.0776614
1.47895 0.0789451
1.48007 0.0800733
1.48242 0.0824146
1.48414 0.0841338
1.48455 0.0845466
1.48558 0.0855815
1.48631 0.0863054
1.48703 0.0870026
1.48813 0.0881184
1.48882 0.0888191
1.48914 0.0891386
1.49117 0.0911688
1.4918 0.0917914
1.49212 0.0921189
1.49225 0.0122338
1.49225 0.0122338
1.49225 0.0122338
1.49238 0.0123622
1.49238 0.0120427
1.49238 0.0120427
1.49282 0.0928196
1.49327 0.0932555
1.49358 0.093583
1.4939 0.0938946
1.49481 0.0947919
1.49554 0.0955368
1.49642 0.0964162
1.49689 0.0968912
1.49774 0.0977395
1.49828 0.0982768
1.50137 0.101365
1.50169 0.101684
1.5026 0.102595
1.50304 0.103038
1.5037 0.1037
1.50461 0.104611
1.50574 0.105725
1.50656 0.106556
1.50688 0.106875
1.50751 0.107506
1.50854 0.108541
1.51032 0.110322
1.51064 0.110642
1.51218 0.112174
1.5125 0.0124947
1.51281 0.112813
1.51294 0.0126231
1.51294 0.0126231
1.51294 0.0126231
1.51294 0.0126231
1.51294 0.0123036
1.51294 0.0123036
1.51307 0.012432
1.51358 0.0135771
1.51474 0.114728
1.51546 0.115459
1.51681 0.116805
1.51716 0.0171575
1.5181 0.11809
1.52041 0.120408
1.52073 0.0207281
1.52073 0.0207281
1.52111 0.121101
1.52143 0.121428
1.52365 0.0236469
1.52506 0.125053
1.52537 0.0253738
1.52576 0.125755
1.52688 0.126858
1.5272 0.127202
1.52799 0.127989
1.52831 0.128308
1.52891 0.128907
1.53184 0.0318405
1.53206 0.0120369
1.53206 0.0120369
1.53206 0.0120369
1.53238 0.012352
1.53238 0.0120324
1.53238 0.0120324
1.53366 0.13366
1.53467 0.134664
1.53772 0.0377214
1.53845 0.138444
1.54119 0.14119
1.54204 0.0420392
1.54339 0.143384
1.54371 0.0437046
1.54639 0.046388
1.5477 0.0477029
1.55004 0.0500448
1.55192 0.0519188
1.55205 0.0120362
1.55205 0.0120362
1.55205 0.0120362
1.55236 0.0123513
1.55236 0.0120318
1.55236 0.0120318
1.55903 0.159026
1.55984 0.159843
1.57207 0.0120442
1.57207 0.0120442
1.57207 0.0120442
1.57239 0.0723915
1.57252 0.0124921
1.57252 0.0121726
1.57252 0.0121726
1.57412 0.0741146
1.57515 0.0751495
1.5755 0.0755002
1.57685 0.0768207
1.57766 0.0776633
1.57895 0.078947
1.58008 0.0800752
1.58242 0.0824165
1.58404 0.0840423
1.58455 0.0845485
1.58558 0.0855834
1.58631 0.0863072
1.58691 0.086906
1.5881 0.0880978
1.58882 0.088821
1.58914 0.0891405
1.59117 0.0911707
1.5918 0.0918019
1.59212 0.0921207
1.59225 0.0122357
1.59225 0.0122357
1.59225 0.0122357
1.59238 0.012364
1.59238 0.0120445
1.59238 0.0120445
1.59282 0.0928214
1.59327 0.0932661
1.59359 0.0935849
1.59391 0.0939051
1.59482 0.0947857
1.59554 0.0955387
1.59642 0.0964181
1.59686 0.096862
1.59774 0.0977414
1.59828 0.0982786
1.60137 0.101366
1.60169 0.101686
1.6026 0.102596
1.60323 0.103227
1.6037 0.103702
1.60461 0.104612
1.60552 0.105521
1.60659 0.106589
1.60691 0.106908
1.60751 0.107508
1.60864 0.108636
1.61032 0.110324
1.61064 0.110644
1.61215 0.112145
1.61247 0.0124344
1.61278 0.112784
1.61291 0.0125628
1.61291 0.0125628
1.61291 0.0125628
1.61291 0.0125628
1.61291 0.0122433
1.61291 0.0122433
1.61304 0.0123716
1.61361 0.013579
1.61474 0.114738
1.61549 0.115492
1.6169 0.116901
1.61722 0.0171992
1.6181 0.1181
1.62038 0.120379
1.6207 0.0206678
1.62102 0.0209873
1.62134 0.121338
1.62134 0.121337
1.62368 0.0236574
1.62506 0.125055
1.62538 0.0253446
1.6257 0.125694
1.62685 0.126828
1.62717 0.127173
1.6279 0.127897
1.62822 0.128217
1.62903 0.129034
1.63187 0.0318424
1.63206 0.0120388
1.63206 0.0120388
1.63206 0.0120388
1.63238 0.0123538
1.63238 0.0120343
1.63238 0.0120343
1.63369 0.133693
1.63464 0.134635
1.63775 0.0377233
1.63845 0.138446
1.64125 0.141254
1.64204 0.0420099
1.64339 0.143386
1.64371 0.0436754
1.64642 0.0463899
1.6478 0.0477669
1.65001 0.0499931
1.65195 0.0519207
1.65208 0.0120692
1.65208 0.0120692
1.65208 0.0120692
1.65236 0.0123531
1.65236 0.0120336
1.65236 0.0120336
1.65903 0.159028
1.65978 0.159783
1.67207 0.0120461
1.67207 0.0120461
1.67207 0.0120461
1.67242 0.0723934
1.67255 0.0125251
1.67255 0.0122056
1.67255 0.0122056
1.67412 0.0740854
1.67537 0.075338
1.67569 0.0756576
1.67679 0.0767604
1.6777 0.0776651
1.67898 0.0789489
1.68011 0.0800771
1.68245 0.0824184
1.68417 0.0841375
1.68461 0.0845815
1.68555 0.0855231
1.68634 0.0863091
1.68694 0.0869338
1.68813 0.0881083
1.68885 0.0888228
1.68917 0.0891423
1.6912 0.0911726
1.6919 0.0918653
1.69222 0.0921942
1.69234 0.0123308
1.69234 0.0123308
1.69234 0.0123308
1.69247 0.0124592
1.69247 0.0121397
1.69247 0.0121397
1.69298 0.0929477
1.69333 0.0933077
1.69365 0.0936179
1.69397 0.0939467
1.69485 0.0948416
1.69554 0.0955095
1.69645 0.09642
1.69689 0.0968639
1.69777 0.0977433
1.69825 0.0982183
1.70143 0.101399
1.70175 0.101719
1.70263 0.102598
1.70317 0.103136
1.70373 0.103704
1.70465 0.104614
1.70552 0.105504
1.70659 0.10656
1.70691 0.106879
1.70751 0.107479
1.70854 0.108514
1.71036 0.110326
1.71149 0.111454
1.71224 0.0122101
1.71256 0.112529
1.71288 0.112848
1.71288 0.0122101
1.71301 0.012658
1.71301 0.012658
1.71301 0.012658
1.71301 0.012658
1.71301 0.0123384
1.71301 0.0123384
1.71361 0.0135769
1.71474 0.114714
1.71543 0.115397
1.71693 0.116899
1.71725 0.0172368
1.71813 0.118107
1.72038 0.120345
1.7207 0.0206657
1.7207 0.0206657
1.72108 0.121056
1.72149 0.121459
1.72368 0.0236639
1.72505 0.125022
1.72537 0.0253425
1.72569 0.125661
1.72685 0.126826
1.72742 0.127389
1.72793 0.127895
1.72825 0.128214
1.72903 0.129001
1.73187 0.0318403
1.73206 0.0120367
1.73206 0.0120367
1.73206 0.0120367
1.73238 0.0123517
1.73238 0.0120322
1.73238 0.0120322
1.73366 0.133629
1.73466 0.134633
1.73775 0.0377212
1.73848 0.138444
1.74122 0.14119
1.74207 0.042039
1.74345 0.143415
1.74377 0.0437355
1.74642 0.0463878
1.74773 0.0477026
1.74995 0.0499375
1.75195 0.0519186
1.75208 0.0120671
1.75208 0.0120671
1.75208 0.0120671
1.75236 0.0123511
1.75236 0.0120315
1.75236 0.0120315
1.75906 0.159026
1.75978 0.15975
1.77207 0.012044
1.77207 0.012044
1.77207 0.012044
1.77239 0.0723602
1.77252 0.0124919
1.77252 0.0121724
1.77252 0.0121724
1.77414 0.0741144
1.77518 0.0751493
1.77553 0.0754999
1.77678 0.0767583
1.77769 0.0776631
1.77898 0.0789468
1.78011 0.080075
1.78245 0.0824163
1.78407 0.0840421
1.78458 0.0845483
1.78561 0.0855832
1.78634 0.086307
1.78706 0.087051
1.78816 0.088146
1.78885 0.0888207
1.78917 0.0891403
1.7912 0.0911705
1.7918 0.0917879
1.79212 0.0920894
1.79225 0.0122354
1.79225 0.0122354
1.79225 0.0122354
1.79238 0.0123638
1.79238 0.0120443
1.79238 0.0120443
1.79298 0.0929457
1.7933 0.0932831
1.79361 0.0935847
1.79393 0.0939222
1.79484 0.0948375
1.79554 0.0955074
1.79645 0.0964179
1.79689 0.0968618
1.79777 0.0977412
1.79828 0.0982473
1.8014 0.101366
1.80172 0.101686
1.80263 0.102596
1.8031 0.103071
1.80373 0.103702
1.80464 0.104612
1.8058 0.105794
1.80662 0.106589
1.80694 0.106908
1.80751 0.107477
1.80857 0.108543
1.81035 0.110324
1.81067 0.110643
1.81224 0.112207
1.81224 0.012208
1.81237 0.0120168
1.81237 0.0120168
1.81237 0.0120168
1.81272 0.112686
1.81284 0.0124958
1.81284 0.0121763
1.81284 0.0121763
1.81363 0.0136014
1.81473 0.114716
1.81548 0.115453
1.81702 0.116985
1.81733 0.0173322
1.81812 0.118109
1.8204 0.12037
1.82072 0.0206902
1.82072 0.0206902
1.82107 0.121058
1.82167 0.121639
1.82367 0.023666
1.82508 0.125047
1.8254 0.025367
1.82572 0.125686
1.82678 0.126757
1.8271 0.127071
1.82801 0.127982
1.82833 0.128301
1.8289 0.12887
1.83186 0.0318337
1.83205 0.0120301
1.83205 0.0120301
1.83205 0.0120301
1.83237 0.0123452
1.83237 0.0120257
1.83237 0.0120257
1.83371 0.133684
1.83472 0.134688
1.83778 0.0377457
1.83847 0.138438
1.84128 0.141245
1.84203 0.0420013
1.84341 0.143377
1.84373 0.0436978
1.84644 0.0464123
1.84773 0.0476961
1.84994 0.0499395
1.85194 0.051912
1.85207 0.0120606
1.85207 0.0120606
1.85207 0.0120606
1.85235 0.0123445
1.85235 0.012025
1.85235 0.012025
1.85902 0.158988
1.8599 0.159868
1.87206 0.0120374
1.87206 0.0120374
1.87206 0.0120374
1.87238 0.0723536
1.87251 0.0124853
1.87251 0.0121658
1.87251 0.0121658
1.87414 0.0741079
1.87539 0.0753605
1.87571 0.07568
1.87678 0.0767517
1.87769 0.0776565
1.879 0.0789713
1.88016 0.0801306
1.8825 0.0824719
1.88397 0.0839422
1.88463 0.0846039
1.88561 0.0855766
1.8863 0.0862693
1.88693 0.0869148
1.88812 0.0881169
1.88884 0.0888142
1.88916 0.0891337
1.89119 0.0911639
1.89179 0.09179
1.89211 0.0920828
1.89224 0.0122289
1.89224 0.0122289
1.89224 0.0122289
1.89237 0.0123573
1.89237 0.0120377
1.89237 0.0120377
1.89288 0.0928458
1.89329 0.0932852
1.89361 0.0935781
1.89393 0.0939242
1.89478 0.0947666
1.89553 0.0955008
1.89644 0.0964113
1.89692 0.0968863
1.8977 0.0976724
1.89827 0.0982407
1.90139 0.10136
1.90171 0.101679
1.90262 0.10259
1.90316 0.103127
1.90372 0.103695
1.90464 0.104606
1.90555 0.105519
1.90655 0.10652
1.9069 0.106871
1.90753 0.107501
1.90869 0.10866
1.91035 0.110317
1.91067 0.110637
1.91226 0.0122325
1.91258 0.112551
1.9129 0.112871
1.9129 0.0122325
1.91303 0.0126804
1.91303 0.0126804
1.91303 0.0126804
1.91303 0.0126804
1.91303 0.0123609
1.91303 0.0123609
1.91363 0.0135993
1.91473 0.114722
1.91548 0.115451
1.91692 0.11689
1.91724 0.0172143
1.91809 0.118084
1.9204 0.120368
1.92072 0.0206881
1.92072 0.0206881
1.92107 0.121065
1.92151 0.121482
1.92367 0.0236414
1.92507 0.125045
1.92539 0.0253649
1.92574 0.125715
1.92678 0.126755
1.9271 0.127069
1.92785 0.127824
1.92817 0.128144
1.92902 0.128992
1.93186 0.0318316
1.93205 0.0120281
1.93205 0.0120281
1.93205 0.0120281
1.93237 0.0123431
1.93237 0.0120236
1.93237 0.0120236
1.93371 0.133682
1.93465 0.134624
1.93777 0.0377436
1.9385 0.138467
1.94134 0.141306
1.94203 0.0419992
1.94337 0.143344
1.94369 0.0436646
1.94644 0.0464102
1.94772 0.047694
1.94997 0.0499461
1.95194 0.0519099
1.95207 0.0120585
1.95207 0.0120585
1.95207 0.0120585
1.95235 0.0123424
1.95235 0.0120229
1.95235 0.0120229
1.95905 0.159017
1.9598 0.159772
1.97206 0.0120353
1.97206 0.0120353
1.97206 0.0120353
1.97238 0.0723515
1.97251 0.0124832
1.97251 0.0121637
1.97251 0.0121637
1.97413 0.0741058
1.97517 0.0751407
1.97552 0.0754913
1.97683 0.0768118
1.97768 0.0776544
1.979 0.0789692
1.98016 0.0801285
1.9825 0.0824698
1.98416 0.0841268
1.98457 0.0845396
1.9856 0.0855745
1.98639 0.0863606
1.98693 0.0869075
1.98812 0.0880924
1.98884 0.0888121
1.98916 0.0891316
1.99119 0.0911618
1.99182 0.0917965
1.99214 0.0921119
1.99227 0.0122579
1.99227 0.0122579
1.99227 0.0122579
1.9924 0.0123863
1.9924 0.0120668
1.9924 0.0120668
1.99287 0.0928437
1.99332 0.0932918
1.99364 0.0936071
1.99396 0.0939308
1.99483 0.0948247
1.99556 0.0955298
1.99644 0.0964092
1.99691 0.0968843
1.99776 0.0977325
1.99827 0.0982387
2.00139 0.101358
2.00171 0.101677
2.00262 0.102588
2.00325 0.103218
2.00372 0.103693
2.00463 0.104601
2.00551 0.105495
2.00661 0.106577
2.00693 0.106897
2.00749 0.107465
2.00856 0.108531
2.01034 0.110312
2.01066 0.110632
2.01222 0.112196
2.01254 0.012516
2.01286 0.112835
2.01299 0.0126443
2.01299 0.0126443
2.01299 0.0126443
2.01299 0.0126443
2.01299 0.0123248
2.01299 0.0123248
2.01312 0.0124532
2.01363 0.0135984
2.01472 0.114699
2.01538 0.115356
2.01692 0.116889
2.01724 0.017222
2.01812 0.118092
2.0204 0.120367
2.02071 0.0206871
2.02071 0.0206871
2.0211 0.121072
2.02142 0.121388
2.02366 0.0236491
2.02507 0.125044
2.02539 0.025364
2.02577 0.125745
2.02678 0.126754
2.02713 0.127099
2.02785 0.127823
2.02817 0.128143
2.02905 0.129022
2.03186 0.0318307
2.03205 0.0120271
2.03205 0.0120271
2.03205 0.0120271
2.0324 0.0123732
2.0324 0.0120537
2.0324 0.0120537
2.03371 0.133681
2.03471 0.134685
2.03774 0.0377116
2.03846 0.138435
2.04124 0.141211
2.04199 0.0419671
2.04337 0.143343
2.04369 0.0436637
2.04641 0.0463782
2.04772 0.047693
2.04994 0.0499227
2.05191 0.0518779
2.05207 0.0120575
2.05207 0.0120575
2.05207 0.0120575
2.05238 0.0123725
2.05238 0.012053
2.05238 0.012053
2.05904 0.159016
2.05986 0.159833
2.07206 0.0120343
2.07206 0.0120343
2.07206 0.0120343
2.07238 0.0723505
2.07251 0.0124822
2.07251 0.0121627
2.07251 0.0121627
2.0741 0.0740737
2.07517 0.0751397
2.07549 0.0754592
2.07683 0.0768108
2.07765 0.0776223
2.07893 0.078906
2.08016 0.0801276
2.08247 0.0824377
2.08403 0.0840014
2.08454 0.0845075
2.0856 0.0855735
2.08639 0.0863596
2.08702 0.0869947
2.08812 0.0881001
2.08881 0.08878
2.08913 0.0890995
2.09119 0.0911608
2.09179 0.0917731
2.09211 0.0920798
2.09224 0.0122258
2.09224 0.0122258
2.09224 0.0122258
2.09236 0.0123542
2.09236 0.0120347
2.09236 0.0120347
2.09296 0.092936
2.09328 0.0932683
2.0936 0.093575
2.09392 0.0939073
2.0948 0.0947905
2.09556 0.0955289
2.0964 0.0963772
2.09688 0.0968522
2.09767 0.0976383
2.09827 0.0982377
2.10135 0.101325
2.10167 0.101645
2.10258 0.102555
2.10309 0.103062
2.10369 0.103661
2.10463 0.104603
2.10567 0.105665
2.10661 0.106579
2.10693 0.106899
2.10749 0.107467
2.10862 0.108595
2.11034 0.110314
2.11066 0.110634
2.11223 0.112198
2.11254 0.0125178
2.11286 0.112837
2.11299 0.0126462
2.11299 0.0126462
2.11299 0.0126462
2.11299 0.0126462
2.11299 0.0123267
2.11299 0.0123267
2.11312 0.0124551
2.11363 0.0136003
2.11472 0.114709
2.11548 0.115452
2.11689 0.11686
2.11721 0.0172014
2.11809 0.118071
2.1204 0.120369
2.12072 0.020689
2.12072 0.020689
2.12104 0.121021
2.12157 0.121545
2.12363 0.0236285
2.12507 0.125046
2.12539 0.0253659
2.12571 0.125685
2.12687 0.12685
2.12719 0.127163
2.12792 0.127887
2.12823 0.128207
2.12899 0.128962
2.13186 0.0318326
2.13205 0.012029
2.13205 0.012029
2.13205 0.012029
2.1324 0.0123751
2.1324 0.0120556
2.1324 0.0120556
2.13368 0.133652
2.13465 0.134625
2.13774 0.0377135
2.1385 0.138468
2.14124 0.141213
2.142 0.041969
2.14334 0.143314
2.14366 0.0436344
2.14641 0.0463801
2.14769 0.0476638
2.14991 0.0499021
2.15191 0.0518798
2.15204 0.0120283
2.15204 0.0120283
2.15204 0.0120283
2.15238 0.0123744
2.15238 0.0120549
2.15238 0.0120549
2.15905 0.159018
2.15986 0.159835
2.17206 0.0120362
2.17206 0.0120362
2.17206 0.0120362
2.17238 0.0723524
2.17251 0.0124841
2.17251 0.0121646
2.17251 0.0121646
2.1741 0.0740756
2.17539 0.0753593
2.17571 0.0756788
2.17674 0.0767194
2.17765 0.0776242
2.17893 0.0789079
2.18013 0.0800983
2.18244 0.0824085
2.18397 0.0839411
2.18463 0.0846027
2.18557 0.0855443
2.18636 0.0863304
2.18702 0.0869914
2.18812 0.0881106
2.18881 0.0887819
2.18913 0.0891014
2.19119 0.0911627
2.19179 0.0917836
2.19211 0.0920817
2.19224 0.0122277
2.19224 0.0122277
2.19224 0.0122277
2.19237 0.0123561
2.19237 0.0120366
2.19237 0.0120366
2.19296 0.0929379
2.19328 0.0932789
2.1936 0.0935769
2.19392 0.0939179
2.19486 0.0948465
2.19556 0.0955308
2.19641 0.096379
2.19688 0.0968541
2.19767 0.0976401
2.1983 0.0982707
2.20135 0.101327
2.20167 0.101647
2.20258 0.102557
2.20312 0.103095
2.20372 0.103694
2.20463 0.104604
2.2056 0.105586
2.2067 0.106674
2.20702 0.106994
2.20759 0.107562
2.20869 0.108659
2.21031 0.110285
2.21063 0.110605
2.21213 0.112106
2.21245 0.0124264
2.21277 0.112745
2.2129 0.0125548
2.2129 0.0125548
2.2129 0.0125548
2.2129 0.0125548
2.2129 0.0122353
2.2129 0.0122353
2.21303 0.0123637
2.21363 0.0136021
2.21463 0.114627
2.21548 0.115453
2.21692 0.116893
2.21724 0.017212
2.21809 0.118082
2.2204 0.120371
2.22072 0.0206909
2.22072 0.0206909
2.22104 0.121031
2.22151 0.121485
2.22367 0.0236391
2.22507 0.125047
2.22539 0.0253677
2.22571 0.125686
2.22684 0.12682
2.22725 0.127227
2.22792 0.127889
2.22824 0.128209
2.22899 0.128964
2.23186 0.0318344
2.23205 0.0120309
2.23205 0.0120309
2.23205 0.0120309
2.2324 0.012377
2.2324 0.0120575
2.2324 0.0120575
2.23368 0.133654
2.23465 0.134627
2.23774 0.0377153
2.23847 0.138438
2.2413 0.141277
2.242 0.0419709
2.24328 0.143254
2.2436 0.0435741
2.24641 0.0463819
2.24769 0.0476657
2.24994 0.0499126
2.25191 0.0518816
2.25204 0.0120302
2.25204 0.0120302
2.25204 0.0120302
2.25238 0.0123763
2.25238 0.0120568
2.25238 0.0120568
2.25905 0.15902
2.25986 0.159837
2.27206 0.0120381
2.27206 0.0120381
2.27206 0.0120381
2.27238 0.0723543
2.27251 0.012486
2.27251 0.0121665
2.27251 0.0121665
2.2741 0.0740775
2.27517 0.0751435
2.27549 0.075463
2.27674 0.0767213
2.27765 0.0776261
2.27894 0.0789098
2.28013 0.0801002
2.28244 0.0824104
2.28412 0.0840985
2.28454 0.0845113
2.2856 0.0855773
2.28633 0.0863012
2.28702 0.0870192
2.28815 0.0881211
2.28881 0.0887838
2.28913 0.0891033
2.29119 0.0911646
2.29182 0.0917941
2.29214 0.0921147
2.29227 0.0122607
2.29227 0.0122607
2.29227 0.0122607
2.2924 0.0123891
2.2924 0.0120696
2.2924 0.0120696
2.293 0.0929709
2.29332 0.0932894
2.29364 0.0936099
2.29364 0.0936089
2.2948 0.0947893
2.29555 0.0955242
2.2964 0.0963725
2.29687 0.0968475
2.29772 0.0976958
2.29826 0.098233
2.30135 0.101321
2.30167 0.10164
2.30261 0.102582
2.30305 0.103026
2.30371 0.103687
2.30462 0.104598
2.3055 0.105498
2.30654 0.106512
2.30689 0.106863
2.30749 0.107462
2.30852 0.108497
2.31034 0.11031
2.31066 0.110629
2.31219 0.112162
2.31251 0.012482
2.31264 0.0122909
2.31264 0.0122909
2.31264 0.0122909
2.31296 0.112929
2.31308 0.0127388
2.31308 0.0124193
2.31308 0.0124193
2.31362 0.0135956
2.31472 0.114691
2.31547 0.115447
2.31691 0.116886
2.31723 0.017214
2.31811 0.118084
2.32036 0.120333
2.32068 0.0206532
2.32068 0.0206532
2.32106 0.121033
2.32138 0.121354
2.32366 0.0236411
2.32507 0.125041
2.32539 0.0253612
2.32571 0.12568
2.32687 0.126845
2.32722 0.12719
2.32782 0.127789
2.32813 0.128109
2.32908 0.12905
2.33185 0.0318278
2.33207 0.0120554
2.33207 0.0120554
2.33207 0.0120554
2.33239 0.0123704
2.33239 0.0120509
2.33239 0.0120509
2.33367 0.133647
2.33474 0.134713
2.33773 0.0377087
2.33846 0.138432
2.34123 0.141209
2.34205 0.0420265
2.3434 0.143372
2.34372 0.0436919
2.34643 0.0464065
2.34768 0.0476591
2.34993 0.0499147
2.3519 0.0518751
2.35206 0.0120547
2.35206 0.0120547
2.35206 0.0120547
2.35237 0.0123697
2.35237 0.0120502
2.35237 0.0120502
2.35904 0.159013
2.35986 0.159831
2.37205 0.0120315
2.37205 0.0120315
2.37205 0.0120315
2.37237 0.0723477
2.3725 0.0124794
2.3725 0.0121599
2.3725 0.0121599
2.3741 0.0740709
2.37516 0.0751369
2.37548 0.0754564
2.37673 0.0767147
2.37764 0.0776195
2.37893 0.0789032
2.38012 0.0800936
2.38246 0.0824349
2.38415 0.084123
2.38453 0.0845047
2.3856 0.0855707
2.38635 0.0863257
2.38701 0.0870074
2.38814 0.0881232
2.3888 0.0887772
2.38912 0.0890967
2.39118 0.091158
2.39181 0.0917962
2.39213 0.0921081
2.39226 0.0122541
2.39226 0.0122541
2.39226 0.0122541
2.39239 0.0123825
2.39239 0.012063
2.39239 0.012063
2.39299 0.0929643
2.39331 0.0932914
2.39363 0.0936033
2.39363 0.0936109
2.39482 0.0948034
2.39545 0.0954243
2.39639 0.0963659
2.39687 0.0968409
2.39771 0.0976892
2.39825 0.0982264
2.40134 0.101314
2.40166 0.101634
2.40263 0.102606
2.40308 0.10305
2.40371 0.103681
2.40462 0.104591
2.40559 0.105566
2.40656 0.106537
2.40688 0.106856
2.40751 0.107487
2.40855 0.108522
2.41033 0.110303
2.41065 0.110623
2.41218 0.112155
2.4125 0.0124754
2.41282 0.112794
2.41295 0.0126038
2.41295 0.0126038
2.41295 0.0126038
2.41295 0.0126038
2.41295 0.0122843
2.41295 0.0122843
2.41308 0.0124127
2.41361 0.013589
2.41474 0.114724
2.41547 0.11544
2.41694 0.116911
2.41726 0.0172472
2.4181 0.118086
2.42038 0.120357
2.4207 0.0206777
2.4207 0.0206777
2.42105 0.121035
2.42159 0.121565
2.42365 0.0236432
2.42506 0.125034
2.42538 0.0253546
2.4257 0.125673
2.42686 0.126838
2.4273 0.127277
2.42787 0.127845
2.42819 0.128164
2.42898 0.12895
2.43185 0.0318213
2.43207 0.0120488
2.43207 0.0120488
2.43207 0.0120488
2.43238 0.0123638
2.43238 0.0120443
2.43238 0.0120443
2.43367 0.133641
2.4347 0.134676
2.43773 0.0377022
2.43848 0.138456
2.44123 0.141202
2.44204 0.0420199
2.44327 0.143241
2.44359 0.0435609
2.44639 0.0463688
2.44768 0.0476525
2.44992 0.0499167
2.45189 0.0518685
2.45205 0.0120481
2.45205 0.0120481
2.45205 0.0120481
2.45237 0.0123631
2.45237 0.0120436
2.45237 0.0120436
2.45903 0.159007
2.45985 0.159824
2.47208 0.0120561
2.47208 0.0120561
2.47208 0.0120561
2.4724 0.0723722
2.47253 0.0125039
2.47253 0.0121844
2.47253 0.0121844
2.47409 0.0740643
2.47515 0.0751303
2.47547 0.0754498
2.47676 0.0767392
2.47767 0.077644
2.47895 0.0789277
2.48011 0.0800871
2.48245 0.0824283
2.48414 0.0841164
2.48455 0.0845292
2.48559 0.0855641
2.48634 0.0863191
2.48701 0.0869957
2.48813 0.0881252
2.4888 0.0887706
2.48911 0.0890901
2.49118 0.0911514
2.49181 0.0917983
2.49213 0.0921015
2.49225 0.0122475
2.49225 0.0122475
2.49225 0.0122475
2.49238 0.0123759
2.49238 0.0120564
2.49238 0.0120564
2.49298 0.0929577
2.4933 0.0932935
2.49362 0.0935967
2.49362 0.093613
2.49481 0.094782
2.49554 0.095511
2.49641 0.0963904
2.49686 0.0968343
2.49774 0.0977137
2.49828 0.0982509
2.50133 0.101308
2.50165 0.101627
2.50259 0.102569
2.5031 0.103075
2.5037 0.103674
2.50461 0.104585
2.50561 0.105602
2.50671 0.106686
2.50703 0.107005
2.50754 0.107511
2.50857 0.108546
2.51032 0.110296
2.51064 0.110616
2.51217 0.112149
2.51249 0.0124689
2.51281 0.112788
2.51294 0.0125973
2.51294 0.0125973
2.51294 0.0125973
2.51294 0.0125973
2.51294 0.0122777
2.51294 0.0122777
2.51307 0.0124061
2.51361 0.0135824
2.51461 0.114602
2.51546 0.115434
2.5169 0.116873
2.51722 0.017187
2.5181 0.118088
2.52041 0.120382
2.52073 0.0207023
2.52073 0.0207023
2.52105 0.121037
2.52136 0.12134
2.52368 0.0236452
2.52505 0.125028
2.52537 0.025348
2.52569 0.125667
2.52701 0.126987
2.52733 0.127301
2.52789 0.127869
2.52821 0.128189
2.529 0.128975
2.53184 0.0318147
2.53206 0.0120422
2.53206 0.0120422
2.53206 0.0120422
2.53238 0.0123572
2.53238 0.0120377
2.53238 0.0120377
2.53366 0.133634
2.53469 0.134669
2.53772 0.0376956
2.53847 0.13845
2.54122 0.141195
2.54201 0.0419822
2.54338 0.143358
2.5437 0.0436788
2.54642 0.0463933
2.54767 0.0476459
2.54995 0.0499188
2.55189 0.0518619
2.55205 0.0120415
2.55205 0.0120415
2.55205 0.0120415
2.55236 0.0123565
2.55236 0.012037
2.55236 0.012037
2.55902 0.159
2.55987 0.159849
2.57207 0.0120495
2.57207 0.0120495
2.57207 0.0120495
2.57239 0.0723657
2.57252 0.0124974
2.57252 0.0121779
2.57252 0.0121779
2.57408 0.0740577
2.57515 0.0751237
2.5755 0.0754743
2.57675 0.0767327
2.57766 0.0776374
2.57894 0.0789212
2.5801 0.0800805
2.58245 0.0824217
2.58413 0.0841098
2.58455 0.0845226
2.58561 0.0855887
2.58634 0.0863125
2.587 0.0869839
2.58813 0.0880962
2.58882 0.0887951
2.58914 0.0891146
2.5912 0.091176
2.59183 0.0918003
2.59215 0.092126
2.59228 0.012272
2.59228 0.012272
2.59228 0.012272
2.59241 0.0124004
2.59241 0.0120809
2.59241 0.0120809
2.59288 0.0928578
2.59326 0.0932333
2.59358 0.093559
2.5939 0.0938724
2.59481 0.0947941
2.59557 0.095544
2.59642 0.0963923
2.59686 0.0968362
2.59771 0.0976845
2.59828 0.0982528
2.60133 0.101309
2.60165 0.101629
2.60213 0.102104
2.60304 0.103014
2.6037 0.103676
2.60461 0.104587
2.60558 0.105554
2.60656 0.106532
2.60688 0.106852
2.60751 0.107482
2.60854 0.108517
2.61035 0.110329
2.61067 0.110649
2.61217 0.11215
2.61249 0.0124707
2.61281 0.112789
2.61294 0.0125991
2.61294 0.0125991
2.61294 0.0125991
2.61294 0.0125991
2.61294 0.0122796
2.61294 0.0122796
2.61307 0.012408
2.61361 0.0135843
2.61474 0.114705
2.61537 0.115342
2.61693 0.116906
2.61725 0.0172286
2.61813 0.118099
2.62038 0.120353
2.6207 0.020673
2.6207 0.020673
2.62105 0.121017
2.62137 0.121342
2.62365 0.0236247
2.62505 0.12503
2.62537 0.0253499
2.62569 0.125669
2.62685 0.126834
2.6273 0.127272
2.62786 0.12784
2.62818 0.12816
2.62897 0.128946
2.63184 0.0318166
2.63206 0.0120441
2.63206 0.0120441
2.63206 0.0120441
2.63238 0.0123591
2.63238 0.0120396
2.63238 0.0120396
2.63366 0.133636
2.63469 0.134671
2.63772 0.0376975
2.63844 0.138421
2.64122 0.141197
2.64204 0.0420152
2.64326 0.143236
2.64358 0.0435562
2.64642 0.0463952
2.64767 0.0476478
2.64992 0.0498982
2.65189 0.0518638
2.65205 0.0120434
2.65205 0.0120434
2.65205 0.0120434
2.65236 0.0123584
2.65236 0.0120389
2.65236 0.0120389
2.65903 0.159002
2.65987 0.15985
2.67207 0.0120514
2.67207 0.0120514
2.67207 0.0120514
2.67239 0.0723675
2.67252 0.0124992
2.67252 0.0121797
2.67252 0.0121797
2.67408 0.0740596
2.67515 0.0751256
2.6755 0.0754762
2.67675 0.0767345
2.67766 0.0776393
2.67895 0.078923
2.68011 0.0800824
2.68245 0.0824236
2.68413 0.0841117
2.68455 0.0845245
2.68558 0.0855594
2.68634 0.0863144
2.687 0.0869806
2.68813 0.0881067
2.68882 0.088797
2.68914 0.0891165
2.6908 0.0907735
2.69183 0.0918108
2.69215 0.0921279
2.69228 0.0122739
2.69228 0.0122739
2.69228 0.0122739
2.69241 0.0124023
2.69241 0.0120828
2.69241 0.0120828
2.69298 0.092953
2.6933 0.093275
2.69361 0.093592
2.69361 0.0935945
2.69477 0.0947687
2.69556 0.0955374
2.69641 0.0963857
2.69688 0.0968607
2.69773 0.097709
2.69827 0.0982462
2.70108 0.101054
2.7014 0.101374
2.70212 0.102097
2.70312 0.103101
2.70372 0.103701
2.7046 0.10458
2.70558 0.105559
2.7067 0.106681
2.70702 0.107
2.7075 0.107475
2.70853 0.10851
2.71035 0.110323
2.71067 0.110642
2.71217 0.112144
2.71249 0.0124642
2.71281 0.112783
2.71293 0.0125926
2.71293 0.0125926
2.71293 0.0125926
2.71293 0.0125926
2.71293 0.012273
2.71293 0.012273
2.71306 0.0124014
2.71363 0.0136088
2.71473 0.114708
2.71545 0.115429
2.71692 0.116899
2.71724 0.0172307
2.71812 0.118101
2.7204 0.12038
2.72072 0.120697
2.72072 0.0206976
2.72072 0.0206976
2.72135 0.121327
2.72363 0.0236183
2.72504 0.125014
2.72536 0.0253348
2.72568 0.125654
2.72677 0.126756
2.72709 0.12707
2.72785 0.127825
2.72817 0.128145
2.72898 0.128962
2.73185 0.0318326
2.73205 0.012029
2.73205 0.012029
2.73205 0.012029
2.73239 0.0123752
2.73239 0.0120557
2.73239 0.0120557
2.73368 0.133652
2.73468 0.134656
2.73774 0.0377135
2.73846 0.138437
2.74124 0.141213
2.74205 0.0420313
2.7434 0.143376
2.74372 0.0436967
2.7464 0.0463801
2.74769 0.0476639
2.74993 0.0499229
2.7519 0.0518798
2.75203 0.0120284
2.75203 0.0120284
2.75203 0.0120284
2.75238 0.0123745
2.75238 0.012055
2.75238 0.012055
2.75904 0.159018
2.75936 0.159338
2.77206 0.0120363
2.77206 0.0120363
2.77206 0.0120363
2.77237 0.0723525
2.7725 0.0124842
2.7725 0.0121647
2.7725 0.0121647
2.7741 0.0740756
2.77516 0.0751416
2.77548 0.0754612
2.77674 0.0767195
2.77765 0.0776243
2.77893 0.078908
2.78012 0.0800984
2.78243 0.0824086
2.78412 0.0840967
2.78453 0.0845095
2.78563 0.0856066
2.78635 0.0863304
2.78701 0.0869915
2.78811 0.0881003
2.7888 0.088782
2.78912 0.0891015
2.79075 0.0907273
2.79178 0.0917733
2.7921 0.0920817
2.79223 0.0122278
2.79223 0.0122278
2.79223 0.0122278
2.79236 0.0123561
2.79236 0.0120366
2.79236 0.0120366
2.79296 0.092938
2.79328 0.0932686
2.7936 0.093577
2.79392 0.0939076
2.79477 0.09476
2.79555 0.0955308
2.7964 0.0963791
2.79688 0.0968541
2.79772 0.0977024
2.79826 0.0982396
2.80104 0.101016
2.80136 0.101336
2.80211 0.102091
2.80284 0.102834
2.80316 0.103134
2.80372 0.103703
2.8046 0.104582
2.80673 0.106705
2.80705 0.107025
2.80749 0.107469
2.80853 0.108504
2.81031 0.110285
2.81063 0.110605
2.81219 0.112168
2.81251 0.0124887
2.81283 0.112807
2.81296 0.0126171
2.81296 0.0126171
2.81296 0.0126171
2.81296 0.0126171
2.81296 0.0122976
2.81296 0.0122976
2.81309 0.012426
2.81362 0.0136022
2.81472 0.11471
2.81544 0.115422
2.81688 0.116862
2.8172 0.0172017
2.81752 0.117512
2.82042 0.120402
2.82074 0.0207221
2.82074 0.0207221
2.82106 0.12106
2.82138 0.12136
2.82363 0.0236288
2.82504 0.125016
2.82536 0.0253367
2.82568 0.125655
2.82684 0.12682
2.82716 0.127134
2.82769 0.127671
2.82801 0.127991
2.82883 0.128808
2.83186 0.0318345
2.83205 0.0120309
2.83205 0.0120309
2.83205 0.0120309
2.83239 0.012377
2.83239 0.0120575
2.83239 0.0120575
2.83368 0.133654
2.8348 0.134782
2.83774 0.0377154
2.83846 0.138438
2.84124 0.141215
2.84199 0.0419709
2.8434 0.143378
2.84372 0.0436986
2.8464 0.046382
2.84769 0.0476657
2.8499 0.0499023
2.8519 0.0518817
2.85203 0.0120302
2.85203 0.0120302
2.85203 0.0120302
2.85238 0.0123764
2.85238 0.0120568
2.85238 0.0120568
2.85907 0.159051
2.85939 0.159371
2.87206 0.0120382
2.87206 0.0120382
2.87206 0.0120382
2.87238 0.0723544
2.8725 0.0124861
2.8725 0.0121666
2.8725 0.0121666
2.8741 0.0740775
2.87535 0.0753302
2.87567 0.0756497
2.87674 0.0767214
2.87765 0.0776261
2.87893 0.0789099
2.88012 0.0801003
2.88243 0.0824105
2.88412 0.0840985
2.88453 0.0845114
2.88557 0.0855463
2.88632 0.0863012
2.88702 0.0869882
2.88811 0.0881108
2.88881 0.0887838
2.88912 0.0891033
2.89115 0.0911336
2.89179 0.0917839
2.8921 0.0920836
2.89223 0.0122296
2.89223 0.0122296
2.89223 0.0122296
2.89236 0.012358
2.89236 0.0120385
2.89236 0.0120385
2.89296 0.0929399
2.89328 0.0932791
2.8936 0.0935789
2.8936 0.0935986
2.89479 0.0947877
2.89555 0.0955242
2.89639 0.0963725
2.89687 0.0968476
2.89772 0.0976958
2.89825 0.0982331
2.90103 0.10101
2.90135 0.101329
2.90214 0.102115
2.90289 0.102879
2.90321 0.10319
2.90372 0.103696
2.9046 0.104575
2.90663 0.106606
2.90695 0.106925
2.90748 0.107462
2.90852 0.108497
2.9103 0.110279
2.91062 0.110598
2.91225 0.0122248
2.91256 0.112543
2.91288 0.112863
2.91288 0.0122248
2.91301 0.0126727
2.91301 0.0126727
2.91301 0.0126727
2.91301 0.0126727
2.91301 0.0123532
2.91301 0.0123532
2.91358 0.0135605
2.91474 0.114739
2.91543 0.115412
2.91687 0.116851
2.91719 0.0171686
2.91751 0.117487
2.92041 0.120391
2.92073 0.0207115
2.92073 0.0207115
2.92105 0.121027
2.92137 0.12135
2.92365 0.0236269
2.92506 0.125037
2.92538 0.0253572
2.92576 0.125738
2.92689 0.126872
2.92721 0.127186
2.92768 0.127661
2.928 0.12798
2.92882 0.128798
2.93184 0.0318239
2.93207 0.0120515
2.93207 0.0120515
2.93207 0.0120515
2.93238 0.0123665
2.93238 0.012047
2.93238 0.012047
2.93366 0.133644
2.93486 0.134834
2.9376 0.0375804
2.93845 0.138428
2.94123 0.141205
2.94201 0.0419915
2.94339 0.143368
2.94371 0.043688
2.94639 0.0463715
2.94771 0.0476863
2.94977 0.0497449
2.95189 0.0518712
2.95205 0.0120508
2.95205 0.0120508
2.95205 0.0120508
2.95237 0.0123658
2.95237 0.0120463
2.95237 0.0120463
2.95903 0.15901
2.95935 0.159329
2.97204 0.0120276
2.97204 0.0120276
2.97204 0.0120276
2.97236 0.0723438
2.97249 0.0124755
2.97249 0.012156
2.97249 0.012156
2.97409 0.074067
2.97537 0.0753507
2.97569 0.0756702
2.97676 0.0767419
2.97767 0.0776467
2.97889 0.0788682
2.97964 0.0796232
2.98245 0.082431
2.98414 0.0841191
2.98455 0.0845319
2.98559 0.0855668
2.98591 0.0859065
2.98629 0.086268
2.98813 0.0881089
2.98879 0.0887733
2.98911 0.0890928
2.99117 0.0911541
2.99181 0.0917819
2.99212 0.0921042
2.99225 0.0122502
2.99225 0.0122502
2.99225 0.0122502
2.99238 0.0123786
2.99238 0.0120591
2.99238 0.0120591
2.99286 0.092836
2.9933 0.0932772
2.99362 0.0935994
2.99394 0.0939162
2.99479 0.0947576
2.99554 0.0955222
2.99642 0.0964015
2.99687 0.0968455
2.99771 0.0976937
2.99828 0.0982621
3.0014 0.101381
3.00172 0.1017
3.00207 0.102051
3.00286 0.102835
3.00318 0.103157
3.00371 0.103694
3.00459 0.104571
3.00671 0.106694
3.00703 0.107014
3.00757 0.107551
3.00851 0.108492
3.01048 0.11046
3.0108 0.11078
3.01224 0.01222
3.01256 0.112539
3.01288 0.112858
3.01301 0.0126679
3.01301 0.0126679
3.01301 0.0126679
3.01301 0.0126679
3.01301 0.0123484
3.01301 0.0123484
3.01314 0.0124768
3.01358 0.0135597
3.01465 0.114622
3.0154 0.11538
3.01693 0.116912
3.01725 0.0172471
3.01757 0.117566
3.02029 0.120266
3.02064 0.0206174
3.02096 0.0209369
3.02128 0.121261
3.02128 0.121256
3.02356 0.0235413
3.02506 0.125036
3.02538 0.0253564
3.0257 0.125675
3.02685 0.12684
3.02717 0.127154
3.02799 0.127971
3.02831 0.128291
3.02897 0.128952
3.03184 0.0318231
3.03206 0.0120506
3.03206 0.0120506
3.03206 0.0120506
3.03238 0.0123656
3.03238 0.0120461
3.03238 0.0120461
3.03366 0.133643
3.03417 0.134149
3.03757 0.0375485
3.03848 0.138458
3.04122 0.141204
3.04201 0.0419906
3.04326 0.143242
3.04358 0.0435628
3.04636 0.0463395
3.04767 0.0476543
3.04974 0.04973
3.05186 0.0518392
3.05208 0.0120499
3.05208 0.0120499
3.05208 0.0120499
3.0524 0.0123649
3.0524 0.0120454
3.0524 0.0120454
3.05903 0.159009
3.05982 0.159795
3.07207 0.0120579
3.07207 0.0120579
3.07207 0.0120579
3.07239 0.0723741
3.07252 0.0125058
3.07252 0.0121863
3.07252 0.0121863
3.07405 0.074035
3.07515 0.0751321
3.07547 0.0754516
3.07672 0.07671
3.07763 0.0776147
3.07892 0.0788985
3.07961 0.0795912
3.08245 0.0824302
3.08411 0.0840871
3.08461 0.0845933
3.08555 0.0855349
3.08587 0.0858467
3.08629 0.0862672
3.0881 0.0880856
3.08879 0.0887724
3.08911 0.0890919
3.09117 0.0911533
3.09177 0.0917586
3.09209 0.0920722
3.09222 0.0122182
3.09222 0.0122182
3.09222 0.0122182
3.09238 0.0123777
3.09238 0.0120582
3.09238 0.0120582
3.09285 0.0928351
3.09321 0.0931917
3.09352 0.0935053
3.09384 0.0938307
3.09482 0.094798
3.09554 0.0955213
3.09633 0.0963074
3.09686 0.0968446
3.09765 0.0976307
3.09825 0.0982301
3.10137 0.101349
3.10169 0.101668
3.10204 0.102019
3.10301 0.102992
3.10367 0.103672
3.10399 0.103973
3.10459 0.104572
3.10653 0.106509
3.10688 0.10686
3.10751 0.10749
3.10873 0.108712
3.11045 0.110431
3.11077 0.110751
3.11149 0.111475
3.11225 0.0122303
3.11238 0.0120392
3.11238 0.0120392
3.11238 0.0120392
3.11279 0.112771
3.11292 0.0125804
3.11292 0.0122609
3.11292 0.0122609
3.11361 0.0135927
3.11462 0.114602
3.11577 0.115755
3.11681 0.11679
3.11713 0.0171106
3.11757 0.117554
3.12038 0.120361
3.1207 0.0206815
3.1207 0.0206815
3.12105 0.121046
3.12137 0.121351
3.12359 0.0235603
3.12506 0.125038
3.12538 0.0253583
3.12576 0.125739
3.12686 0.126842
3.12724 0.127218
3.1279 0.12788
3.12822 0.128199
3.12904 0.129016
3.13181 0.0317939
3.13207 0.0120525
3.13207 0.0120525
3.13207 0.0120525
3.13238 0.0123675
3.13238 0.012048
3.13238 0.012048
3.13366 0.133645
3.13436 0.134337
3.13757 0.0375504
3.13845 0.138429
3.14123 0.141206
3.14201 0.0419925
3.14339 0.143369
3.14371 0.0436891
3.14639 0.0463725
3.14771 0.0476873
3.14974 0.0497179
3.15186 0.0518411
3.15208 0.0120518
3.15208 0.0120518
3.15208 0.0120518
3.1524 0.0123668
3.1524 0.0120473
3.1524 0.0120473
3.15903 0.159011
3.15985 0.159828
3.17208 0.0120598
3.17208 0.0120598
3.17208 0.0120598
3.17239 0.0723759
3.17252 0.0125077
3.17252 0.0121882
3.17252 0.0121882
3.17381 0.0737881
3.17469 0.0746674
3.17544 0.0754224
3.17672 0.0767118
3.1776 0.0775855
3.17898 0.0789626
3.18011 0.0800908
3.18245 0.082432
3.18411 0.084089
3.18452 0.0845018
3.18556 0.0855367
3.18588 0.0858519
3.18635 0.0863313
3.18754 0.0875362
3.18879 0.0887743
3.18911 0.0890938
3.19114 0.0911241
3.19184 0.0918314
3.19184 0.0918168
3.19206 0.0120561
3.19206 0.0120561
3.19206 0.0120561
3.19237 0.0123711
3.19237 0.0120516
3.19237 0.0120516
3.19288 0.0928597
3.1932 0.0931937
3.19352 0.0934987
3.19384 0.0938327
3.19478 0.0947726
3.19541 0.0953903
3.19651 0.0964874
3.19686 0.096838
3.19764 0.0976241
3.19827 0.0982546
3.20127 0.101249
3.20159 0.101569
3.20203 0.102013
3.203 0.102985
3.20363 0.103624
3.20395 0.103935
3.20458 0.104566
3.20661 0.106596
3.20693 0.106916
3.2075 0.107484
3.2086 0.108581
3.21054 0.110518
3.21086 0.110837
3.2122 0.112183
3.21252 0.0125037
3.21284 0.112822
3.21297 0.0126321
3.21297 0.0126321
3.21297 0.0126321
3.21297 0.0126321
3.21297 0.0123126
3.21297 0.0123126
3.2131 0.012441
3.2136 0.0135861
3.21461 0.114604
3.2158 0.115779
3.21693 0.116908
3.21725 0.0172455
3.21757 0.117564
3.22037 0.120355
3.22069 0.0206749
3.22069 0.0206749
3.22104 0.121017
3.22167 0.121655
3.22355 0.0235398
3.22505 0.125031
3.22537 0.0253517
3.22569 0.12567
3.22697 0.12696
3.22729 0.127274
3.22789 0.127873
3.22821 0.128193
3.22894 0.128916
3.23181 0.0317873
3.23206 0.0120459
3.23206 0.0120459
3.23206 0.0120459
3.23237 0.0123609
3.23237 0.0120414
3.23237 0.0120414
3.23366 0.133638
3.23426 0.134237
3.23759 0.0375749
3.23853 0.138516
3.24128 0.141261
3.24197 0.0419548
3.24332 0.0433008
3.24332 0.1433
3.24634 0.0463263
3.24766 0.0476412
3.24988 0.0498755
3.25188 0.0518571
3.25207 0.0120368
3.25207 0.0120368
3.25207 0.0120368
3.25241 0.0123829
3.25241 0.0120634
3.25241 0.0120634
3.25908 0.159058
3.25983 0.159813
3.27206 0.0120447
3.27206 0.0120447
3.27206 0.0120447
3.27238 0.0723609
3.27251 0.0124926
3.27251 0.0121731
3.27251 0.0121731
3.27379 0.073773
3.27467 0.0746524
3.27546 0.0754385
3.27671 0.0766968
3.27762 0.0776016
3.2789 0.0788853
3.28009 0.0800757
3.28243 0.082417
3.28412 0.0841051
3.28457 0.084549
3.28554 0.0855217
3.28586 0.0858401
3.2863 0.0862851
3.28756 0.0875383
3.28878 0.0887593
3.2891 0.0890788
3.29113 0.091109
3.29179 0.0917627
3.29211 0.0920902
3.29224 0.0122362
3.29224 0.0122362
3.29224 0.0122362
3.29236 0.0123646
3.29236 0.0120451
3.29236 0.0120451
3.29303 0.0930086
3.29335 0.0933202
3.29367 0.0936476
3.29367 0.0936397
3.29479 0.0947646
3.29542 0.0954064
3.2964 0.0963791
3.297 0.0969785
3.29772 0.0977024
3.29826 0.0982396
3.30131 0.101296
3.30163 0.101616
3.30202 0.101997
3.30299 0.102967
3.30331 0.10329
3.30369 0.103671
3.30457 0.104551
3.30685 0.10683
3.30717 0.107149
3.30758 0.107562
3.30852 0.108504
3.31043 0.11041
3.31075 0.110729
3.31225 0.112231
3.31225 0.0122313
3.31238 0.0120402
3.31238 0.0120402
3.31238 0.0120402
3.3127 0.112678
3.31282 0.0124881
3.31282 0.0121686
3.31282 0.0121686
3.31361 0.0135937
3.31461 0.114589
3.31565 0.115632
3.31678 0.11676
3.3171 0.117083
3.31742 0.0173946
3.32035 0.120331
3.32067 0.0206514
3.32067 0.0206514
3.32114 0.121126
3.32146 0.121445
3.32356 0.0235334
3.32506 0.125039
3.32538 0.0253593
3.3257 0.125678
3.32682 0.126812
3.32714 0.127126
3.32781 0.127787
3.32812 0.128107
3.32879 0.128769
3.33181 0.0317949
3.33206 0.0120535
3.33206 0.0120535
3.33206 0.0120535
3.33238 0.0123685
3.33238 0.012049
3.33238 0.012049
3.3336 0.133583
3.33467 0.134649
3.33757 0.0375514
3.33851 0.138492
3.34122 0.141207
3.34201 0.0419935
3.34326 0.143245
3.34358 0.0435657
3.34639 0.0463735
3.34764 0.0476261
3.34989 0.0498691
3.3517 0.0516866
3.35208 0.0120528
3.35208 0.0120528
3.35208 0.0120528
3.3524 0.0123678
3.3524 0.0120483
3.3524 0.0120483
3.35906 0.159043
3.35985 0.159829
3.37207 0.0120608
3.37207 0.0120608
3.37207 0.0120608
3.37239 0.072377
3.37252 0.0125087
3.37252 0.0121892
3.37252 0.0121892
3.37381 0.0737891
3.37469 0.0746685
3.37544 0.0754234
3.37672 0.0767128
3.3776 0.0775865
3.37898 0.0789636
3.38014 0.0801229
3.38245 0.082433
3.38405 0.0840278
3.38464 0.0846273
3.38555 0.0855377
3.38587 0.0858595
3.38638 0.0863634
3.3876 0.0875715
3.38879 0.0887753
3.38911 0.0890948
3.39114 0.0911251
3.39177 0.0917563
3.39209 0.0920751
3.39222 0.01219
3.39222 0.01219
3.39222 0.01219
3.39241 0.0123806
3.39241 0.0120611
3.39241 0.0120611
3.39301 0.0929935
3.39333 0.0933138
3.39365 0.0936326
3.39365 0.0936333
3.39478 0.0947506
3.39541 0.0953913
3.39629 0.0962707
3.39701 0.0969946
3.39767 0.0976562
3.39827 0.0982556
3.4013 0.101281
3.40162 0.101601
3.40203 0.102014
3.40294 0.102911
3.40326 0.103244
3.4037 0.103687
3.40458 0.104567
3.40655 0.106535
3.40687 0.106854
3.4076 0.107578
3.40872 0.108706
3.41044 0.110426
3.41076 0.110745
3.41226 0.0122474
3.41258 0.112566
3.4129 0.112886
3.4129 0.0122474
3.41303 0.0126953
3.41303 0.0126953
3.41303 0.0126953
3.41303 0.0126953
3.41303 0.0123758
3.41303 0.0123758
3.4136 0.0135831
3.4146 0.114587
3.41545 0.115434
3.41677 0.116749
3.41709 0.117058
3.41741 0.0173927
3.42034 0.12032
3.42066 0.0206408
3.42066 0.0206408
3.42116 0.121155
3.42148 0.121466
3.42354 0.0235399
3.42505 0.125028
3.42537 0.0253487
3.42568 0.125667
3.42669 0.126677
3.42701 0.126991
3.42783 0.127808
3.42814 0.128127
3.42871 0.128696
3.4318 0.0317843
3.43205 0.012043
3.43205 0.012043
3.43205 0.012043
3.43237 0.012358
3.43237 0.0120385
3.43237 0.0120385
3.43365 0.133635
3.43478 0.134763
3.43756 0.0375408
3.43847 0.13845
3.44121 0.141196
3.44203 0.0420141
3.44331 0.143297
3.44363 0.0436173
3.44641 0.046394
3.44766 0.0476467
3.44991 0.0498983
3.45169 0.051676
3.45207 0.0120423
3.45207 0.0120423
3.45207 0.0120423
3.45238 0.0123573
3.45238 0.0120378
3.45238 0.0120378
3.45908 0.159063
3.46002 0.160005
3.47206 0.0120502
3.47206 0.0120502
3.47206 0.0120502
3.47238 0.0723664
3.47251 0.0124981
3.47251 0.0121786
3.47251 0.0121786
3.47379 0.0737785
3.47514 0.0751245
3.47546 0.075444
3.47671 0.0767023
3.47762 0.0776071
3.47888 0.0788597
3.4801 0.0800812
3.48244 0.0824225
3.48406 0.0840484
3.48451 0.0844923
3.48554 0.0855272
3.48586 0.0858522
3.48637 0.0863528
3.48759 0.087578
3.48878 0.0887648
3.4891 0.0890843
3.49116 0.0911456
3.49179 0.0917855
3.49211 0.0920957
3.49224 0.0122106
3.49224 0.0122106
3.49224 0.0122106
3.4924 0.0123701
3.4924 0.0120506
3.4924 0.0120506
3.493 0.092983
3.49332 0.0933119
3.49364 0.093622
3.49364 0.0936314
3.49477 0.0947523
3.4954 0.0953808
3.49628 0.0962601
3.49684 0.0968285
3.49766 0.0976456
3.49826 0.0982451
3.50129 0.101271
3.50161 0.10159
3.50255 0.102532
3.50299 0.102983
3.50331 0.103295
3.50369 0.103677
3.50457 0.104556
3.50654 0.106524
3.50705 0.10703
3.50737 0.10735
3.50849 0.108478
3.51043 0.110415
3.51075 0.110735
3.51225 0.0122368
3.51257 0.112556
3.51289 0.112875
3.51289 0.0122368
3.51302 0.0126847
3.51302 0.0126847
3.51302 0.0126847
3.51302 0.0126847
3.51302 0.0123652
3.51302 0.0123652
3.51359 0.0135726
3.51459 0.114585
3.51556 0.115548
3.51688 0.116863
3.5172 0.117189
3.5172 0.0171957
3.52035 0.120333
3.52067 0.0206529
3.52067 0.0206529
3.52105 0.121021
3.52168 0.121664
3.52356 0.023538
3.52503 0.125009
3.52535 0.0253297
3.52566 0.125648
3.52698 0.126969
3.5273 0.127283
3.5279 0.127882
3.5279 0.127882
3.52881 0.128793
3.5318 0.0317879
3.53206 0.0120466
3.53206 0.0120466
3.53206 0.0120466
3.53237 0.0123616
3.53237 0.0120421
3.53237 0.0120421
3.53359 0.133576
3.53463 0.134611
3.53756 0.0375444
3.53847 0.138454
3.54128 0.141262
3.54197 0.0419555
3.54322 0.143207
3.54354 0.0435276
3.54635 0.0463354
3.54763 0.0476192
3.54988 0.0498794
3.5517 0.0516796
3.55207 0.0120459
3.55207 0.0120459
3.55207 0.0120459
3.55239 0.0123609
3.55239 0.0120414
3.55239 0.0120414
3.55902 0.159005
3.55984 0.159822
3.57207 0.0120538
3.57207 0.0120538
3.57207 0.0120538
3.57239 0.07237
3.57251 0.0125017
3.57251 0.0121822
3.57251 0.0121822
3.57405 0.074031
3.57514 0.0751281
3.57546 0.0754476
3.57672 0.0767059
3.57763 0.0776107
3.57888 0.0788633
3.58013 0.0801159
3.58244 0.0824261
3.58407 0.084052
3.58457 0.0845581
3.58555 0.0855308
3.58587 0.0858591
3.58631 0.0862942
3.58766 0.0876298
3.58878 0.0887684
3.5891 0.0890879
3.59113 0.0911181
3.5918 0.0917667
3.59211 0.0920993
3.59224 0.0122142
3.59224 0.0122142
3.59224 0.0122142
3.5924 0.0123737
3.5924 0.0120542
3.5924 0.0120542
3.593 0.0929866
3.59332 0.093293
3.59364 0.0936256
3.59364 0.0936125
3.5948 0.0947881
3.59543 0.0954155
3.59631 0.0962949
3.59694 0.0969254
3.59773 0.0977115
3.59826 0.0982487
3.60129 0.101274
3.60161 0.101594
3.6023 0.102283
3.60262 0.102606
3.60307 0.10305
3.6037 0.10368
3.60458 0.10456
3.60654 0.106528
3.60689 0.106879
3.60756 0.10754
3.6085 0.108482
3.61043 0.110419
3.61075 0.110738
3.61226 0.0122404
3.61257 0.112559
3.61289 0.112879
3.61289 0.0122404
3.61302 0.0126883
3.61302 0.0126883
3.61302 0.0126883
3.61302 0.0126883
3.61302 0.0123688
3.61302 0.0123688
3.61359 0.0135762
3.61475 0.114722
3.61535 0.115334
3.61688 0.116867
3.6172 0.0171769
3.61752 0.117498
3.62036 0.120345
3.62068 0.020665
3.62068 0.020665
3.62115 0.121135
3.62147 0.121459
3.62357 0.0235361
3.62504 0.125021
3.62536 0.0253418
3.62568 0.12566
3.62671 0.126701
3.62703 0.127015
3.62772 0.127708
3.62804 0.128027
3.62883 0.128813
3.63182 0.0318085
3.63208 0.0120671
3.63208 0.0120671
3.63208 0.0120671
3.63239 0.0123821
3.63239 0.0120626
3.63239 0.0120626
3.63364 0.133628
3.63465 0.134632
3.63755 0.0375339
3.63846 0.138444
3.6412 0.141189
3.64199 0.041976
3.64327 0.143259
3.64359 0.0435793
3.64634 0.0463249
3.64765 0.0476397
3.6499 0.0498775
3.65171 0.0517002
3.65209 0.0120664
3.65209 0.0120664
3.65209 0.0120664
3.65241 0.0123814
3.65241 0.0120619
3.65241 0.0120619
3.65904 0.159025
3.65983 0.159811
3.67205 0.0120433
3.67205 0.0120433
3.67205 0.0120433
3.67237 0.0723594
3.6725 0.0124912
3.6725 0.0121717
3.6725 0.0121717
3.67404 0.0740204
3.67513 0.0751175
3.67545 0.075437
3.6767 0.0766953
3.67761 0.0776001
3.6789 0.0788839
3.68006 0.0800432
3.68243 0.0824155
3.68406 0.0840414
3.6845 0.0844853
3.68553 0.0855202
3.68585 0.0858518
3.6863 0.0862837
3.68755 0.0875431
3.68877 0.0887578
3.68909 0.0890773
3.69115 0.0911387
3.69182 0.0918003
3.69213 0.0921154
3.69226 0.0122347
3.69226 0.0122347
3.69226 0.0122347
3.69239 0.0123631
3.69239 0.0120436
3.69239 0.0120436
3.69302 0.0930071
3.69334 0.0933222
3.69366 0.0936462
3.69366 0.0936417
3.69476 0.0947444
3.69542 0.0954049
3.69636 0.0963465
3.69684 0.0968215
3.69765 0.0976387
3.69825 0.0982381
3.70128 0.101264
3.7016 0.101583
3.70254 0.102525
3.70308 0.103062
3.70371 0.103693
3.70459 0.104572
3.70578 0.105749
3.70656 0.106548
3.70688 0.106868
3.70758 0.107561
3.70852 0.108502
3.71042 0.110408
3.71074 0.110728
3.71224 0.112229
3.71224 0.0122299
3.71237 0.0120388
3.71237 0.0120388
3.71237 0.0120388
3.71269 0.112677
3.71282 0.0124867
3.71282 0.0121672
3.71282 0.0121672
3.71361 0.0135922
3.71461 0.114591
3.71536 0.11535
3.71708 0.117069
3.7174 0.0173882
3.7181 0.118091
3.72034 0.12033
3.72066 0.0206499
3.72066 0.0206499
3.72101 0.121004
3.72133 0.121319
3.72355 0.0235381
3.72505 0.125038
3.72537 0.0253578
3.72575 0.125739
3.72691 0.126898
3.72723 0.127223
3.7278 0.127786
3.72812 0.128105
3.729 0.128985
3.73181 0.0317934
3.73206 0.0120521
3.73206 0.0120521
3.73206 0.0120521
3.73238 0.0123671
3.73238 0.0120476
3.73238 0.0120476
3.73369 0.133675
3.73482 0.134803
3.73756 0.0375499
3.73847 0.13846
3.74122 0.141205
3.74197 0.041961
3.74323 0.143213
3.74355 0.0435331
3.74635 0.0463409
3.7477 0.0476869
3.74973 0.0497156
3.75185 0.0518406
3.75208 0.0120514
3.75208 0.0120514
3.75208 0.0120514
3.75239 0.0123664
3.75239 0.0120469
3.75239 0.0120469
3.75906 0.159041
3.75984 0.159827
3.77207 0.0120593
3.77207 0.0120593
3.77207 0.0120593
3.77239 0.0723755
3.77252 0.0125072
3.77252 0.0121877
3.77252 0.0121877
3.77405 0.0740365
3.77515 0.0751336
3.77547 0.0754531
3.77672 0.0767114
3.7776 0.0775851
3.77888 0.0788688
3.78007 0.0800592
3.78245 0.0824316
3.78398 0.0839642
3.78458 0.0845636
3.78555 0.0855363
3.78587 0.0858401
3.78631 0.0862997
3.7876 0.0875762
3.78879 0.0887739
3.78911 0.0890934
3.79114 0.0911236
3.79177 0.0917584
3.79209 0.0920737
3.79222 0.0121886
3.79222 0.0121886
3.79222 0.0121886
3.79241 0.0123792
3.79241 0.0120597
3.79241 0.0120597
3.79285 0.0928366
3.7932 0.0931914
3.79352 0.0935067
3.79384 0.0938304
3.79481 0.0947979
3.79541 0.0953983
3.79629 0.0962777
3.79683 0.0968149
3.79765 0.0976321
3.79825 0.0982316
3.80127 0.101257
3.80159 0.101577
3.80256 0.102549
3.80326 0.103242
3.8037 0.103686
3.80458 0.104565
3.80568 0.105661
3.80656 0.106542
3.80688 0.106861
3.80757 0.107554
3.80851 0.108496
3.81054 0.110526
3.81086 0.110845
3.81224 0.112222
3.81256 0.0125428
3.81288 0.112861
3.813 0.0126712
3.813 0.0126712
3.813 0.0126712
3.813 0.0126712
3.813 0.0123517
3.813 0.0123517
3.81313 0.0124801
3.81361 0.0135941
3.81474 0.114726
3.81543 0.115414
3.81671 0.116698
3.81716 0.0171499
3.8181 0.118071
3.82028 0.120269
3.8206 0.0205896
3.82092 0.0209091
3.82124 0.12124
3.82156 0.121547
3.82365 0.0236278
3.82506 0.125048
3.82538 0.0253682
3.82573 0.125718
3.82686 0.126852
3.82718 0.127166
3.82797 0.127952
3.82829 0.128271
3.82904 0.129026
3.83182 0.0318038
3.83207 0.0120624
3.83207 0.0120624
3.83207 0.0120624
3.83238 0.0123774
3.83238 0.0120579
3.83238 0.0120579
3.83364 0.133623
3.83464 0.134627
3.83754 0.0375292
3.83855 0.138532
3.84123 0.141216
3.84198 0.0419713
3.84324 0.143223
3.84356 0.0435435
3.84636 0.0463513
3.84765 0.047635
3.84993 0.0498986
3.85186 0.051851
3.85209 0.0120617
3.85209 0.0120617
3.85209 0.0120617
3.8524 0.0123767
3.8524 0.0120572
3.8524 0.0120572
3.85903 0.159021
3.85982 0.159807
3.87224 0.0722264
3.87237 0.0123581
3.87237 0.0123581
3.87237 0.0123581
3.87237 0.0123581
3.87237 0.0120386
3.87237 0.0120386
3.8725 0.012167
3.87403 0.0740157
3.87516 0.0751439
3.87548 0.0754634
3.87679 0.076784
3.87761 0.0775954
3.87889 0.0788792
3.88011 0.0801007
3.88246 0.0824419
3.88411 0.0840989
3.88456 0.0845428
3.88559 0.0855777
3.88635 0.0863327
3.88698 0.0869508
3.88814 0.0881325
3.88877 0.0887531
3.88909 0.0890726
3.89115 0.091134
3.89178 0.0917773
3.8921 0.092084
3.89223 0.0121989
3.89223 0.0121989
3.89223 0.0121989
3.89239 0.0123584
3.89239 0.0120389
3.89239 0.0120389
3.89295 0.0929402
3.89327 0.0932726
3.89359 0.0935792
3.89391 0.0939116
3.89479 0.0947803
3.89539 0.0953776
3.89636 0.0963503
3.89684 0.0968253
3.89762 0.0976114
3.89826 0.0982419
3.9014 0.101392
3.9014 0.101392
3.90256 0.102551
3.90307 0.103057
3.9037 0.103688
3.90458 0.104567
3.90552 0.105519
3.90656 0.106544
3.90688 0.106863
3.90751 0.107494
3.90857 0.10856
3.91029 0.110279
3.91061 0.110598
3.91211 0.1121
3.91243 0.0124203
3.91275 0.112739
3.91288 0.0125487
3.91288 0.0125487
3.91288 0.0125487
3.91288 0.0125487
3.91288 0.0122292
3.91288 0.0122292
3.91301 0.0123575
3.91361 0.013596
3.91461 0.114612
3.91546 0.115447
3.9169 0.116887
3.91722 0.0171915
3.9181 0.118081
3.92038 0.120364
3.9207 0.0206848
3.9207 0.0206848
3.92102 0.120994
3.92134 0.121323
3.92365 0.0236299
3.92505 0.125041
3.92537 0.0253616
3.92569 0.12568
3.92682 0.126814
3.92714 0.127128
3.9279 0.127883
3.9279 0.127883
3.92896 0.128949
3.9318 0.0317887
3.93205 0.0120474
3.93205 0.0120474
3.93205 0.0120474
3.93237 0.0123624
3.93237 0.0120429
3.93237 0.0120429
3.93365 0.133639
3.93481 0.134799
3.93768 0.0376696
3.9385 0.138486
3.94121 0.1412
3.94197 0.0419563
3.94322 0.143208
3.94354 0.0435284
3.94635 0.0463362
3.94763 0.04762
3.94991 0.0498922
3.95185 0.0518359
3.95207 0.0120467
3.95207 0.0120467
3.95207 0.0120467
3.95238 0.0123617
3.95238 0.0120422
3.95238 0.0120422
3.95905 0.159037
3.95984 0.159823
3.97225 0.0722424
3.97238 0.0123741
3.97238 0.0123741
3.97238 0.0123741
3.97238 0.0123741
3.97238 0.0120546
3.97238 0.0120546
3.97251 0.012183
3.97404 0.0740318
3.97514 0.0751289
3.97546 0.0754484
3.97678 0.0767689
3.97762 0.0776115
3.97888 0.0788641
3.9801 0.0800856
3.98244 0.0824269
3.98397 0.0839595
3.98457 0.0845589
3.98564 0.0856249
3.98633 0.0863177
3.98696 0.0869306
3.98815 0.0881261
3.98878 0.0887692
3.9891 0.0890887
3.99113 0.0911189
3.99179 0.0917709
3.99211 0.0921001
3.99224 0.012215
3.99224 0.012215
3.99224 0.012215
3.9924 0.0123745
3.9924 0.012055
3.9924 0.012055
3.99297 0.0929563
3.99329 0.0932662
3.99361 0.0935953
3.99361 0.0935857
3.9948 0.0947775
3.99543 0.0954163
3.99634 0.0963267
3.99685 0.0968329
3.99769 0.0976812
3.99826 0.0982495
4.00132 0.101306
4.00164 0.101626
4.00255 0.102536
4.00318 0.103167
4.00369 0.103673
4.00456 0.10455
4.00566 0.105638
4.0066 0.106588
4.00692 0.106908
4.00752 0.107507
4.00859 0.108573
4.0103 0.110292
4.01062 0.110612
4.01206 0.112051
4.01238 0.0123715
4.0127 0.11269
4.01283 0.0124999
4.01283 0.0124999
4.01283 0.0124999
4.01283 0.0124999
4.01283 0.0121804
4.01283 0.0121804
4.01296 0.0123088
4.01362 0.0136094
4.01462 0.114603
4.01538 0.115367
4.01679 0.116776
4.01717 0.0171514
4.01811 0.118103
4.02039 0.120378
4.02071 0.0206982
4.02071 0.0206982
4.02103 0.121016
4.02138 0.121368
4.02363 0.0236208
4.02504 0.125024
4.02536 0.0253439
4.02577 0.125756
4.02683 0.126828
4.02715 0.127141
4.02788 0.127865
4.0282 0.128185
4.02895 0.12894
4.03179 0.0317795
4.03207 0.0120693
4.03207 0.0120693
4.03207 0.0120693
4.03239 0.0123843
4.03239 0.0120648
4.03239 0.0120648
4.03364 0.13363
4.03471 0.134696
4.0377 0.0376915
4.03846 0.138446
4.04123 0.141222
4.04199 0.0419782
4.04324 0.14323
4.04356 0.0435503
4.04634 0.046327
4.04768 0.047673
4.04987 0.0498605
4.05184 0.0518267
4.05209 0.0120686
4.05209 0.0120686
4.05209 0.0120686
4.05241 0.0123836
4.05241 0.0120641
4.05241 0.0120641
4.05904 0.159027
4.05983 0.159813
4.07221 0.0722021
4.07234 0.0123338
4.07234 0.0123338
4.07234 0.0123338
4.07247 0.0124622
4.07247 0.0121427
4.07247 0.0121427
4.074 0.0739914
4.07526 0.0752441
4.07558 0.0755636
4.0767 0.0766975
4.07764 0.0776334
4.07896 0.0789482
4.08009 0.0800764
4.08243 0.0824177
4.08409 0.0840747
4.0845 0.0844875
4.08556 0.0855535
4.08632 0.0863085
4.08695 0.0869473
4.08814 0.0881255
4.08874 0.0887289
4.08906 0.0890484
4.09112 0.0911097
4.09181 0.0918025
4.09181 0.0918015
4.0921 0.0120729
4.0921 0.0120729
4.0921 0.0120729
4.09241 0.0123879
4.09241 0.0120684
4.09241 0.0120684
4.09298 0.0929697
4.0933 0.0932883
4.09362 0.0936087
4.09362 0.0936078
4.09484 0.0948336
4.09538 0.0953675
4.09632 0.0963091
4.09683 0.0968152
4.09761 0.0976013
4.09818 0.0981696
4.10136 0.101351
4.10168 0.10167
4.10256 0.10255
4.103 0.102994
4.1037 0.103686
4.10455 0.104535
4.10571 0.105697
4.10655 0.106542
4.10687 0.106862
4.10747 0.107461
4.10851 0.108496
4.11032 0.110308
4.11142 0.111406
4.11208 0.112067
4.1124 0.0123875
4.11272 0.112706
4.11285 0.0125159
4.11285 0.0125159
4.11285 0.0125159
4.11285 0.0125159
4.11285 0.0121964
4.11285 0.0121964
4.11297 0.0123248
4.11361 0.0135944
4.11464 0.114627
4.11546 0.115446
4.11674 0.116729
4.11715 0.017145
4.1181 0.118066
4.12037 0.120363
4.12069 0.0206832
4.12069 0.0206832
4.12101 0.121009
4.12158 0.12157
4.12361 0.0235833
4.12502 0.125009
4.12534 0.0253289
4.12566 0.125648
4.12694 0.126937
4.12726 0.127251
4.12761 0.127601
4.12793 0.127921
4.12897 0.128956
4.13178 0.0317645
4.13206 0.0120542
4.13206 0.0120542
4.13206 0.0120542
4.13237 0.0123692
4.13237 0.0120497
4.13237 0.0120497
4.13356 0.133553
4.1346 0.134588
4.13766 0.0376454
4.1385 0.138493
4.14122 0.141207
4.14194 0.041932
4.14323 0.143215
4.14355 0.0435353
4.14632 0.046312
4.14761 0.0475957
4.14985 0.0498541
4.15182 0.0518117
4.15208 0.0120535
4.15208 0.0120535
4.15208 0.0120535
4.15239 0.0123685
4.15239 0.012049
4.15239 0.012049
4.15912 0.159106
4.15981 0.159798
4.1722 0.0721871
4.17233 0.0123188
4.17233 0.0123188
4.17233 0.0123188
4.17245 0.0124472
4.17245 0.0121276
4.17245 0.0121276
4.17399 0.0739764
4.17527 0.0752601
4.17559 0.0755796
4.17672 0.0767135
4.17757 0.0775561
4.17894 0.0789332
4.18004 0.0800303
4.18244 0.0824337
4.18413 0.0841218
4.18448 0.0844724
4.18558 0.0855695
4.1863 0.0862934
4.18693 0.0869271
4.18813 0.0881191
4.18882 0.0888071
4.18914 0.0891266
4.19111 0.0910947
4.19177 0.091764
4.19209 0.0920758
4.19221 0.0121907
4.19221 0.0121907
4.19221 0.0121907
4.19241 0.0123813
4.19241 0.0120618
4.19241 0.0120618
4.19294 0.092932
4.19326 0.0932592
4.19358 0.093571
4.19358 0.0935787
4.19477 0.0947453
4.19537 0.0953609
4.19631 0.0963025
4.19682 0.0968086
4.19761 0.0975947
4.19827 0.0982563
4.20135 0.101344
4.20167 0.101664
4.20252 0.102512
4.203 0.102987
4.20369 0.10368
4.20454 0.104528
4.2057 0.105672
4.20655 0.106536
4.20687 0.106855
4.20768 0.107672
4.2085 0.108489
4.21028 0.110271
4.2106 0.11059
4.2121 0.112092
4.21242 0.0124121
4.21274 0.112731
4.21287 0.0125405
4.21287 0.0125405
4.21287 0.0125405
4.21287 0.0125405
4.21287 0.012221
4.21287 0.012221
4.213 0.0123493
4.21363 0.0136189
4.2146 0.114598
4.21545 0.115439
4.21698 0.116972
4.2173 0.0172714
4.21809 0.118068
4.22037 0.120356
4.22069 0.0206766
4.22069 0.0206766
4.22104 0.121011
4.22148 0.12147
4.2236 0.0235854
4.22504 0.125033
4.22536 0.0253534
4.22568 0.125672
4.22678 0.126775
4.2271 0.127089
4.22782 0.127813
4.22814 0.128132
4.22896 0.128949
4.2318 0.031789
4.23205 0.0120476
4.23205 0.0120476
4.23205 0.0120476
4.2324 0.0123937
4.2324 0.0120742
4.2324 0.0120742
4.23362 0.133609
4.23459 0.134581
4.23768 0.0376699
4.23847 0.138455
4.24121 0.141201
4.24194 0.0419254
4.24319 0.143177
4.24351 0.0434976
4.24632 0.0463054
4.24763 0.0476202
4.24988 0.0498562
4.25181 0.0518051
4.2521 0.012078
4.2521 0.012078
4.2521 0.012078
4.25241 0.0123931
4.25241 0.0120735
4.25241 0.0120735
4.25905 0.159037
4.2598 0.159792
4.27219 0.0721805
4.27232 0.0123122
4.27232 0.0123122
4.27232 0.0123122
4.27245 0.0124406
4.27245 0.0121211
4.27245 0.0121211
4.27401 0.0740009
4.27514 0.0751291
4.27546 0.0754486
4.27671 0.076707
4.27759 0.0775806
4.27894 0.0789266
4.28006 0.0800548
4.28244 0.0824272
4.28409 0.0840841
4.28448 0.0844659
4.28557 0.085563
4.2863 0.0862868
4.28693 0.0869153
4.28815 0.0881212
4.28875 0.0887383
4.28907 0.0890578
4.2911 0.0910881
4.29179 0.091766
4.29179 0.0917808
4.29207 0.0120512
4.29207 0.0120512
4.29207 0.0120512
4.29242 0.0123974
4.29242 0.0120779
4.29242 0.0120779
4.29299 0.0929792
4.29331 0.0932839
4.29363 0.0936182
4.29363 0.0936034
4.29479 0.0947572
4.29539 0.095377
4.2963 0.0962874
4.2968 0.0967936
4.29759 0.0975796
4.29828 0.0982724
4.30137 0.10136
4.30137 0.10136
4.30259 0.102582
4.30316 0.10315
4.3037 0.103687
4.30455 0.104536
4.30567 0.10566
4.30655 0.106543
4.30687 0.106863
4.30753 0.107524
4.30848 0.108466
4.31029 0.110278
4.31061 0.110598
4.31205 0.112037
4.31237 0.0123574
4.31269 0.112676
4.31281 0.0124858
4.31281 0.0124858
4.31281 0.0124858
4.31281 0.0124858
4.31281 0.0121663
4.31281 0.0121663
4.31294 0.0122947
4.3136 0.0135954
4.31461 0.114584
4.31533 0.115322
4.31683 0.116824
4.31715 0.0171321
4.31806 0.118053
4.32037 0.120364
4.32069 0.0206842
4.32069 0.0206842
4.32101 0.120997
4.32149 0.121478
4.32361 0.0236016
4.32502 0.12501
4.32534 0.0253299
4.32575 0.125742
4.32682 0.126814
4.32714 0.127127
4.32786 0.127851
4.32818 0.128171
4.32897 0.128957
4.33177 0.0317655
4.33206 0.0120552
4.33206 0.0120552
4.33206 0.0120552
4.33237 0.0123702
4.33237 0.0120507
4.33237 0.0120507
4.33366 0.133647
4.3346 0.134589
4.33766 0.0376464
4.33847 0.138463
4.34122 0.141208
4.34197 0.0419641
4.34319 0.143185
4.34351 0.0435052
4.34632 0.046313
4.3477 0.04769
4.34985 0.0498413
4.35182 0.0518127
4.35207 0.0120545
4.35207 0.0120545
4.35207 0.0120545
4.35239 0.0123695
4.35239 0.01205
4.35239 0.01205
4.35899 0.158982
4.35981 0.159799
4.3722 0.0721881
4.37233 0.0123198
4.37233 0.0123198
4.37233 0.0123198
4.37245 0.0124482
4.37245 0.0121287
4.37245 0.0121287
4.37399 0.0739774
4.37524 0.07523
4.37556 0.0755495
4.37669 0.0766834
4.37763 0.0776193
4.37894 0.0789342
4.38004 0.0800313
4.38244 0.0824347
4.38407 0.0840606
4.38448 0.0844734
4.38555 0.0855394
4.3863 0.0862944
4.38693 0.0869177
4.38812 0.0881063
4.38875 0.0887459
4.38907 0.0890654
4.3911 0.0910957
4.39177 0.0917511
4.39209 0.0920768
4.39221 0.0121917
4.39221 0.0121917
4.39221 0.0121917
4.3924 0.0123823
4.3924 0.0120628
4.3924 0.0120628
4.39297 0.0929641
4.39329 0.0932775
4.39361 0.0936032
4.39361 0.093597
4.39477 0.0947493
4.39537 0.0953619
4.39631 0.0963035
4.39682 0.0968096
4.3976 0.0975957
4.39827 0.0982573
4.40135 0.101345
4.40135 0.101345
4.40254 0.102536
4.40318 0.103166
4.40368 0.103672
4.40453 0.10452
4.40556 0.105564
4.40657 0.106559
4.40689 0.106879
4.40758 0.107571
4.40849 0.108482
4.4103 0.110294
4.41062 0.110614
4.41209 0.112084
4.41241 0.0124046
4.41273 0.112723
4.41286 0.012533
4.41286 0.012533
4.41286 0.012533
4.41286 0.012533
4.41286 0.0122135
4.41286 0.0122135
4.41299 0.0123419
4.41362 0.0136114
4.41459 0.114577
4.41538 0.115369
4.41691 0.116902
4.41723 0.017219
4.41808 0.118078
4.42036 0.120349
4.42068 0.0206691
4.42068 0.0206691
4.42103 0.121021
4.42157 0.121556
4.4236 0.0235952
4.42503 0.125026
4.42535 0.0253459
4.42567 0.125665
4.4268 0.126799
4.42712 0.127112
4.42788 0.127867
4.4282 0.128187
4.42895 0.128942
4.43179 0.0317815
4.43207 0.0120713
4.43207 0.0120713
4.43207 0.0120713
4.43239 0.0123863
4.43239 0.0120668
4.43239 0.0120668
4.43364 0.133632
4.43461 0.134605
4.43767 0.0376624
4.43849 0.138479
4.4412 0.141193
4.44196 0.0419491
4.44318 0.14317
4.4435 0.0434901
4.44631 0.0462979
4.44762 0.0476128
4.44987 0.049866
4.45184 0.0518287
4.45209 0.0120706
4.45209 0.0120706
4.45209 0.0120706
4.4524 0.0123856
4.4524 0.0120661
4.4524 0.0120661
4.45901 0.158998
4.45982 0.159815
4.47221 0.0722041
4.47234 0.0123358
4.47234 0.0123358
4.47234 0.0123358
4.47247 0.0124642
4.47247 0.0121447
4.47247 0.0121447
4.474 0.0739935
4.47513 0.0751217
4.47545 0.0754412
4.4767 0.0766995
4.47758 0.0775732
4.47893 0.0789191
4.48006 0.0800473
4.48246 0.0824508
4.48408 0.0840767
4.48453 0.0845206
4.48556 0.0855555
4.48629 0.0862794
4.48692 0.0868975
4.48814 0.088131
4.48874 0.0887309
4.48906 0.0890504
4.49112 0.0911117
4.49175 0.0917447
4.49207 0.0920618
4.4922 0.0121767
4.4922 0.0121767
4.4922 0.0121767
4.49239 0.0123673
4.49239 0.0120478
4.49239 0.0120478
4.49296 0.0929491
4.49328 0.0932711
4.4936 0.0935881
4.4936 0.0935906
4.49479 0.0947641
4.49539 0.095378
4.4963 0.0962884
4.4968 0.0967946
4.49759 0.0975806
4.49825 0.0982423
4.50134 0.10133
4.50166 0.10165
4.50257 0.10256
4.50317 0.103159
4.50367 0.103666
4.50455 0.104545
4.50574 0.105725
4.50656 0.106553
4.50688 0.106872
4.50757 0.107565
4.50848 0.108475
4.5103 0.110288
4.51062 0.110607
4.51205 0.112047
4.51237 0.0123669
4.51269 0.112686
4.51282 0.0124953
4.51282 0.0124953
4.51282 0.0124953
4.51282 0.0124953
4.51282 0.0121758
4.51282 0.0121758
4.51295 0.0123042
4.51361 0.0136049
4.51458 0.114579
4.51537 0.115363
4.51693 0.116926
4.51725 0.0172522
4.5181 0.11808
4.52038 0.120373
4.5207 0.0206936
4.5207 0.0206936
4.52102 0.120992
4.52159 0.121581
4.52362 0.0235973
4.52503 0.125019
4.52535 0.0253394
4.52567 0.125658
4.52679 0.126792
4.52711 0.127106
4.5279 0.127892
4.52822 0.128211
4.52888 0.128873
4.53178 0.0317749
4.53207 0.0120647
4.53207 0.0120647
4.53207 0.0120647
4.53238 0.0123797
4.53238 0.0120602
4.53238 0.0120602
4.53357 0.133563
4.53461 0.134598
4.53766 0.0376558
4.53848 0.138472
4.54119 0.141187
4.54195 0.0419425
4.5432 0.143194
4.54352 0.0435146
4.54633 0.0463225
4.54761 0.0476062
4.54989 0.049868
4.55183 0.0518222
4.55208 0.012064
4.55208 0.012064
4.55208 0.012064
4.5524 0.012379
4.5524 0.0120595
4.5524 0.0120595
4.55903 0.159023
4.55982 0.159809
4.5722 0.0721975
4.57233 0.0123292
4.57233 0.0123292
4.57233 0.0123292
4.57246 0.0124576
4.57246 0.0121381
4.57246 0.0121381
4.57399 0.0739869
4.57512 0.0751151
4.57544 0.0754346
4.57669 0.0766929
4.57757 0.0775666
4.57895 0.0789436
4.58011 0.0801029
4.58245 0.0824442
4.58408 0.0840701
4.58446 0.0844518
4.58556 0.0855489
4.58634 0.086335
4.58691 0.0868857
4.58813 0.0881019
4.58873 0.0887243
4.58905 0.0890438
4.59111 0.0911051
4.59181 0.0917979
4.59212 0.0920974
4.59225 0.0122323
4.59225 0.0122323
4.59225 0.0122323
4.59241 0.0123918
4.59241 0.0120723
4.59241 0.0120723
4.59295 0.0929425
4.59327 0.093242
4.59359 0.0935815
4.59359 0.0935615
4.59475 0.0947471
4.59541 0.0954025
4.59629 0.0962819
4.59683 0.0968191
4.59758 0.0975741
4.59824 0.0982357
4.60133 0.101323
4.60165 0.101643
4.60259 0.102585
4.60316 0.103153
4.6037 0.10369
4.60455 0.104538
4.60567 0.105669
4.6068 0.106795
4.60712 0.107114
4.6075 0.107496
4.60848 0.108469
4.61032 0.110312
4.61142 0.111409
4.61205 0.11204
4.61237 0.0123603
4.61269 0.112679
4.61281 0.0124887
4.61281 0.0124887
4.61281 0.0124887
4.61281 0.0124887
4.61281 0.0121692
4.61281 0.0121692
4.61294 0.0122976
4.6136 0.0135983
4.61461 0.114581
4.61533 0.115325
4.6168 0.116795
4.61715 0.0171299
4.6181 0.118082
4.62044 0.120429
4.62076 0.0207493
4.62076 0.0207493
4.62108 0.121056
4.62149 0.121481
4.62361 0.0235993
4.62502 0.125012
4.62534 0.0253328
4.62575 0.125745
4.62682 0.126816
4.62726 0.127255
4.62789 0.127885
4.62821 0.128205
4.62897 0.12896
4.63181 0.0317995
4.63206 0.0120581
4.63206 0.0120581
4.63206 0.0120581
4.63237 0.0123731
4.63237 0.0120536
4.63237 0.0120536
4.63356 0.133557
4.6346 0.134592
4.63766 0.0376493
4.63847 0.138466
4.64122 0.141211
4.64197 0.041967
4.6432 0.143188
4.64351 0.043508
4.64632 0.0463159
4.6477 0.0476929
4.64989 0.0498701
4.65182 0.0518156
4.65207 0.0120574
4.65207 0.0120574
4.65207 0.0120574
4.65239 0.0123724
4.65239 0.0120529
4.65239 0.0120529
4.65899 0.158985
4.65981 0.159802
4.6722 0.0721909
4.67233 0.0123227
4.67233 0.0123227
4.67233 0.0123227
4.67245 0.012451
4.67245 0.0121315
4.67245 0.0121315
4.67399 0.0739803
4.67512 0.0751085
4.67543 0.075428
4.67669 0.0766863
4.67757 0.07756
4.67894 0.078937
4.68004 0.0800342
4.68244 0.0824376
4.68407 0.0840635
4.68455 0.0845385
4.68555 0.0855423
4.6863 0.0862973
4.68693 0.0869051
4.68812 0.088104
4.68876 0.0887488
4.68907 0.0890683
4.69111 0.0910985
4.69177 0.0917489
4.69209 0.0920797
4.69221 0.0121946
4.69221 0.0121946
4.69221 0.0121946
4.69241 0.0123852
4.69241 0.0120657
4.69241 0.0120657
4.69285 0.0928426
4.69317 0.0931508
4.69349 0.0934816
4.69381 0.0937898
4.69478 0.0947789
4.69538 0.0953733
4.69629 0.0962837
4.69683 0.096821
4.69758 0.0975759
4.69821 0.0982065
4.70136 0.101356
4.70136 0.101356
4.70258 0.102578
4.70315 0.103146
4.70369 0.103684
4.70454 0.104532
4.70564 0.105612
4.70655 0.106539
4.70687 0.106859
4.7075 0.107489
4.70847 0.108462
4.71028 0.110275
4.7106 0.110594
4.71204 0.112033
4.71236 0.0123537
4.71268 0.112672
4.71281 0.0124821
4.71281 0.0124821
4.71281 0.0124821
4.71281 0.0124821
4.71281 0.0121626
4.71281 0.0121626
4.71294 0.012291
4.71363 0.0136228
4.7146 0.114583
4.71561 0.115598
4.71686 0.116851
4.71718 0.017163
4.71806 0.118053
4.72037 0.12036
4.72069 0.0206805
4.72069 0.0206805
4.72101 0.120996
4.72148 0.121474
4.7236 0.0236014
4.72501 0.125006
4.72533 0.0253262
4.72565 0.125645
4.72681 0.12681
4.72713 0.127124
4.72785 0.127848
4.72785 0.127848
4.72889 0.128882
4.73179 0.0317844
4.73211 0.0120742
4.73211 0.0120742
4.73211 0.0120742
4.73242 0.0123892
4.73242 0.0120697
4.73242 0.0120697
4.73355 0.133542
4.73461 0.134608
4.73767 0.0376653
4.73846 0.138451
4.7412 0.141196
4.74193 0.0419209
4.74318 0.143173
4.7435 0.043493
4.74631 0.0463008
4.74762 0.0476157
4.74987 0.0498637
4.75184 0.0518316
4.75209 0.0120735
4.75209 0.0120735
4.75209 0.0120735
4.75241 0.0123885
4.75241 0.012069
4.75241 0.012069
4.75901 0.159001
4.75979 0.159787
4.77221 0.072207
4.77234 0.0123387
4.77234 0.0123387
4.77234 0.0123387
4.77247 0.0124671
4.77247 0.0121476
4.77247 0.0121476
4.774 0.0739963
4.77525 0.075249
4.77557 0.0755685
4.7767 0.0767024
4.77761 0.0776072
4.77893 0.078922
4.78006 0.0800502
4.78243 0.0824226
4.78409 0.0840796
4.78447 0.0844613
4.78556 0.0855584
4.78629 0.0862822
4.78692 0.0869159
4.78814 0.0881287
4.78874 0.0887338
4.78906 0.0890533
4.79109 0.0910835
4.79178 0.0917736
4.79178 0.0917762
4.7921 0.0120778
4.7921 0.0120778
4.7921 0.0120778
4.79241 0.0123928
4.79241 0.0120733
4.79241 0.0120733
4.79295 0.0929435
4.79327 0.0932603
4.79359 0.0935825
4.79359 0.0935798
4.79478 0.094748
4.79538 0.0953724
4.79629 0.0962829
4.79683 0.0968201
4.79758 0.0975751
4.79827 0.0982678
4.80136 0.101356
4.80136 0.101356
4.80258 0.102577
4.80315 0.103145
4.80369 0.103683
4.80454 0.104531
4.80566 0.105654
4.80658 0.10657
4.80689 0.106889
4.80759 0.107582
4.80847 0.108461
4.81031 0.110305
4.81141 0.111402
4.81207 0.112064
4.81239 0.012384
4.81271 0.112703
4.81284 0.0125124
4.81284 0.0125124
4.81284 0.0125124
4.81284 0.0125124
4.81284 0.0121929
4.81284 0.0121929
4.81297 0.0123212
4.81363 0.0136219
4.8146 0.114591
4.81542 0.115411
4.81679 0.116788
4.81714 0.0171397
4.81809 0.11806
4.82037 0.120359
4.82068 0.0206796
4.82068 0.0206796
4.821 0.121004
4.82148 0.121473
4.82363 0.0236091
4.82501 0.125005
4.82533 0.0253253
4.82574 0.125737
4.82696 0.126965
4.82728 0.127278
4.82785 0.127847
4.82785 0.127847
4.82889 0.128882
4.83179 0.0317835
4.8321 0.0120733
4.8321 0.0120733
4.8321 0.0120733
4.83242 0.0123883
4.83242 0.0120688
4.83242 0.0120688
4.83358 0.133572
4.83458 0.134576
4.83767 0.0376644
4.83846 0.13845
4.8412 0.141195
4.84196 0.0419511
4.84318 0.143172
4.8435 0.0434921
4.8463 0.0462999
4.84768 0.047677
4.84987 0.0498403
4.85184 0.0518307
4.85209 0.0120726
4.85209 0.0120726
4.85209 0.0120726
4.8524 0.0123876
4.8524 0.0120681
4.8524 0.0120681
4.85901 0.159
4.85979 0.159786
4.87221 0.0722061
4.87234 0.0123378
4.87234 0.0123378
4.87234 0.0123378
4.87247 0.0124662
4.87247 0.0121467
4.87247 0.0121467
4.874 0.0739955
4.87525 0.0752481
4.87557 0.0755676
4.87679 0.0767637
4.87761 0.0776063
4.87893 0.0789211
4.88005 0.0800493
4.88246 0.0824528
4.88411 0.0841098
4.88447 0.0844604
4.88556 0.0855575
4.88629 0.0862814
4.88692 0.0869099
4.88814 0.0881364
4.88874 0.0887329
4.88906 0.0890524
4.89112 0.0911137
4.89178 0.0917502
4.89178 0.0917754
4.8921 0.0120769
4.8921 0.0120769
4.8921 0.0120769
4.89241 0.0123919
4.89241 0.0120724
4.89241 0.0120724
4.89295 0.0929426
4.89327 0.093237
4.89359 0.0935816
4.89359 0.0935565
4.89475 0.094745
4.89541 0.0954026
4.89629 0.096282
4.89682 0.0968192
4.89758 0.0975742
4.89824 0.0982358
4.90136 0.101355
4.90168 0.101674
4.902 0.101994
4.90316 0.103153
4.9037 0.10369
4.90454 0.104539
4.90567 0.105643
4.9068 0.106795
4.90712 0.107114
4.90712 0.107114
4.9085 0.108492
4.91031 0.110304
4.91063 0.110624
4.91207 0.112063
4.91239 0.0123831
4.91271 0.112702
4.91284 0.0125115
4.91284 0.0125115
4.91284 0.0125115
4.91284 0.0125115
4.91284 0.012192
4.91284 0.012192
4.91296 0.0123204
4.91363 0.013621
4.9146 0.114568
4.91535 0.115348
4.91679 0.116787
4.91717 0.0171474
4.91765 0.117633
4.92046 0.120452
4.92078 0.020772
4.92078 0.020772
4.9211 0.121074
4.92148 0.121472
4.9236 0.0235858
4.92507 0.125066
4.92539 0.0253866
4.92571 0.125705
4.92696 0.126933
4.92728 0.127277
4.9276 0.127597
4.92792 0.127916
4.9288 0.128796
4.93176 0.03176
4.93208 0.0120498
4.93208 0.0120498
4.93208 0.0120498
4.93243 0.0123959
4.93243 0.0120764
4.93243 0.0120764
4.93355 0.133549
4.93459 0.134583
4.93768 0.037672
4.93846 0.138457
4.94121 0.141203
4.94193 0.0419276
4.94318 0.143179
4.9435 0.0434997
4.94631 0.0463075
4.9476 0.0475913
4.94987 0.0498566
4.95181 0.0518072
4.95206 0.0120491
4.95206 0.0120491
4.95206 0.0120491
4.95241 0.0123952
4.95241 0.0120757
4.95241 0.0120757
4.95901 0.159008
4.9598 0.159794
4.97219 0.0721826
4.97232 0.0123143
4.97232 0.0123143
4.97232 0.0123143
4.97244 0.0124427
4.97244 0.0121232
4.97244 0.0121232
4.97398 0.0739719
4.97523 0.0752246
4.97555 0.0755441
4.97671 0.076678
4.97762 0.0776139
4.97893 0.0789287
4.98006 0.0800569
4.98243 0.0824293
4.98409 0.0840863
4.98453 0.0845302
4.98557 0.0855651
4.98629 0.0862889
4.98692 0.0869123
4.98815 0.0881216
4.98874 0.0887405
4.98906 0.08906
4.99109 0.0910902
4.99179 0.0917664
4.99211 0.0921025
4.99223 0.0122174
4.99223 0.0122174
4.99223 0.0122174
4.99239 0.0123769
4.99239 0.0120573
4.99239 0.0120573
4.99287 0.0928654
4.99319 0.0931684
4.99351 0.0935044
4.99383 0.0938074
4.99477 0.0947507
4.9954 0.095396
4.99631 0.0963065
4.99682 0.0968126
4.99757 0.0975676
4.99826 0.0982604
5.00135 0.101348
5.00135 0.101348
5.00198 0.101979
5.00286 0.102846
5.00318 0.103178
5.00369 0.103684
5.00453 0.104529
5.00656 0.10656
5.00688 0.106879
5.0072 0.107199
5.00849 0.108482
5.0103 0.110295
5.01062 0.110614
5.01206 0.112054
5.01238 0.012374
5.0127 0.112693
5.01283 0.0125024
5.01283 0.0125024
5.01283 0.0125024
5.01283 0.0125024
5.01283 0.0121829
5.01283 0.0121829
5.01295 0.0123113
5.01362 0.0136119
5.01462 0.114598
5.01537 0.11537
5.01681 0.116809
5.01713 0.117103
5.01745 0.0174354
5.02035 0.120349
5.02067 0.0206696
5.02067 0.0206696
5.02102 0.121011
5.02156 0.121557
5.02359 0.0235853
5.02506 0.125057
5.02538 0.0253775
5.0257 0.125696
5.0268 0.126768
5.02712 0.127113
5.02772 0.127712
5.02804 0.128032
5.02882 0.128818
5.03179 0.031782
5.0321 0.0120718
5.0321 0.0120718
5.0321 0.0120718
5.03242 0.0123868
5.03242 0.0120673
5.03242 0.0120673
5.03354 0.133539
5.0347 0.134699
5.03767 0.0376629
5.03845 0.138448
5.04123 0.141225
5.04198 0.0419807
5.04321 0.143201
5.04353 0.0435217
5.0463 0.0462984
5.04759 0.0475822
5.04986 0.0498561
5.0518 0.0517981
5.05209 0.0120711
5.05209 0.0120711
5.05209 0.0120711
5.0524 0.0123861
5.0524 0.0120666
5.0524 0.0120666
5.05903 0.15903
5.05979 0.159785
5.07218 0.0721735
5.07231 0.0123052
5.07231 0.0123052
5.07231 0.0123052
5.07243 0.0124336
5.07243 0.0121141
5.07243 0.0121141
5.07397 0.0739628
5.07513 0.0751222
5.07545 0.0754417
5.0767 0.0766689
5.07755 0.0775426
5.07892 0.0789196
5.08005 0.0800478
5.08242 0.0824202
5.08408 0.0840772
5.08446 0.0844589
5.08556 0.085556
5.08628 0.0862799
5.08691 0.086898
5.08814 0.0881211
5.0887 0.0887003
5.08902 0.0890198
5.09108 0.0910811
5.09175 0.0917349
5.09207 0.0920623
5.09219 0.0121772
5.09219 0.0121772
5.09219 0.0121772
5.09242 0.0123989
5.09242 0.0120794
5.09242 0.0120794
5.09295 0.0929496
5.09327 0.0932612
5.09359 0.0935886
5.09359 0.0935807
5.09475 0.0947454
5.09535 0.0953474
5.09626 0.0962578
5.09695 0.0969506
5.09758 0.0975811
5.09825 0.0982428
5.10133 0.101331
5.10165 0.10165
5.10256 0.102561
5.10307 0.103044
5.10339 0.103386
5.10371 0.103706
5.10453 0.104523
5.10659 0.106584
5.10691 0.106904
5.10723 0.107223
5.10848 0.108476
5.11029 0.110288
5.11061 0.110608
5.11205 0.112047
5.11237 0.0123674
5.11269 0.112686
5.11282 0.0124958
5.11282 0.0124958
5.11282 0.0124958
5.11282 0.0124958
5.11282 0.0121763
5.11282 0.0121763
5.11295 0.0123047
5.11361 0.0136054
5.11461 0.1146
5.11555 0.11555
5.11671 0.116709
5.11703 0.117021
5.11735 0.0173441
5.12038 0.120374
5.1207 0.0206941
5.1207 0.0206941
5.12102 0.121013
5.12134 0.121332
5.12361 0.0235874
5.12505 0.125051
5.12537 0.025371
5.12576 0.125752
5.12691 0.126886
5.12723 0.127231
5.12758 0.127581
5.1279 0.127901
5.12881 0.128811
5.13175 0.0317443
5.13209 0.0120652
5.13209 0.0120652
5.13209 0.0120652
5.13241 0.0123802
5.13241 0.0120607
5.13241 0.0120607
5.13354 0.133533
5.13457 0.134568
5.13763 0.0376252
5.13848 0.138473
5.14119 0.141187
5.14191 0.0419119
5.14323 0.143226
5.14355 0.0435462
5.14629 0.0462919
5.14767 0.0476689
5.14986 0.0498271
5.15179 0.0517916
5.15208 0.0120645
5.15208 0.0120645
5.15208 0.0120645
5.15239 0.0123795
5.15239 0.01206
5.15239 0.01206
5.159 0.158992
5.15978 0.159778
5.17217 0.0721669
5.1723 0.0122675
5.1723 0.0122675
5.1723 0.0122675
5.17243 0.0123959
5.17243 0.0120764
5.17243 0.0120764
5.17396 0.0739563
5.17524 0.07524
5.17556 0.0755595
5.17678 0.0767556
5.17754 0.077536
5.17888 0.0788819
5.18004 0.0800412
5.18245 0.0824447
5.1841 0.0841017
5.18455 0.0845456
5.18565 0.0856427
5.18631 0.0863044
5.18691 0.0868863
5.18813 0.0881232
5.18848 0.088476
5.18886 0.0888577
5.19114 0.0911367
5.19177 0.091768
5.19177 0.0917673
5.19208 0.0120688
5.19208 0.0120688
5.19208 0.0120688
5.1924 0.0123838
5.1924 0.0120643
5.1924 0.0120643
5.19287 0.0928723
5.19319 0.0931926
5.19351 0.0935113
5.19351 0.0935121
5.1948 0.0947957
5.19533 0.0953323
5.19628 0.0962739
5.19678 0.09678
5.19757 0.0975661
5.19814 0.0981344
5.20129 0.101284
5.20161 0.101604
5.20258 0.102577
5.2029 0.102894
5.20322 0.103216
5.20363 0.103628
5.20451 0.104508
5.20676 0.106756
5.20708 0.107075
5.20708 0.107075
5.20849 0.108483
5.2103 0.110296
5.21062 0.110615
5.21206 0.112055
5.21238 0.012375
5.2127 0.112694
5.21282 0.0125034
5.21282 0.0125034
5.21282 0.0125034
5.21282 0.0125034
5.21282 0.0121839
5.21282 0.0121839
5.21295 0.0123123
5.21361 0.0136129
5.21459 0.114586
5.21553 0.115526
5.21681 0.11681
5.21713 0.117108
5.21745 0.0174226
5.22045 0.120444
5.22077 0.0207639
5.22077 0.0207639
5.22109 0.121061
5.2215 0.121495
5.22359 0.0235725
5.22506 0.125058
5.22538 0.0253785
5.2257 0.125697
5.2268 0.126769
5.22712 0.127114
5.22772 0.127713
5.22816 0.128157
5.22895 0.128943
5.23175 0.0317519
5.2321 0.0120728
5.2321 0.0120728
5.2321 0.0120728
5.23241 0.0123878
5.23241 0.0120683
5.23241 0.0120683
5.23354 0.13354
5.23458 0.134575
5.23763 0.0376328
5.23848 0.13848
5.24126 0.141257
5.24189 0.0418884
5.24314 0.14314
5.24346 0.0434605
5.24627 0.0462683
5.24758 0.0475832
5.24983 0.0498122
5.2518 0.0517991
5.25208 0.0120721
5.25208 0.0120721
5.25208 0.0120721
5.2524 0.0123871
5.2524 0.0120676
5.2524 0.0120676
5.25903 0.159031
5.25979 0.159786
5.27218 0.0721745
5.2723 0.0122751
5.2723 0.0122751
5.2723 0.0122751
5.27243 0.0124035
5.27243 0.012084
5.27243 0.012084
5.27397 0.0739639
5.27512 0.0751232
5.27544 0.0754427
5.2767 0.0766699
5.27755 0.0775436
5.27889 0.0788895
5.28005 0.0800488
5.28245 0.0824523
5.28411 0.0841093
5.28449 0.084491
5.28556 0.085557
5.28628 0.0862809
5.28688 0.0868576
5.28813 0.0881083
5.28845 0.0884524
5.28884 0.0888342
5.29108 0.0910821
5.29178 0.0917532
5.29178 0.0917749
5.29209 0.0120764
5.29209 0.0120764
5.29209 0.0120764
5.29241 0.0123914
5.29241 0.0120719
5.29241 0.0120719
5.29291 0.092911
5.29323 0.0932088
5.29323 0.0932305
5.29355 0.0935283
5.29487 0.0948375
5.29537 0.095371
5.29628 0.0962815
5.29682 0.0968187
5.29758 0.0975737
5.29817 0.0981731
5.30136 0.101354
5.30136 0.101354
5.30261 0.102607
5.30293 0.102914
5.30325 0.103246
5.30366 0.103659
5.30451 0.104507
5.30657 0.106568
5.30689 0.106888
5.30721 0.107207
5.30846 0.10846
5.31027 0.110272
5.31059 0.110592
5.31203 0.112031
5.31235 0.0123515
5.31267 0.11267
5.3128 0.0124799
5.3128 0.0124799
5.3128 0.0124799
5.3128 0.0124799
5.3128 0.0121604
5.3128 0.0121604
5.31293 0.0122888
5.31362 0.0136205
5.31463 0.114602
5.31535 0.115347
5.31679 0.116787
5.31717 0.0171504
5.31749 0.117483
5.32036 0.120358
5.32068 0.0206782
5.32068 0.0206782
5.321 0.120984
5.32157 0.121565
5.3236 0.0235888
5.32507 0.125066
5.32539 0.0253861
5.32574 0.125736
5.32677 0.126745
5.32709 0.12709
5.32772 0.127721
5.32804 0.12804
5.32886 0.128858
5.33176 0.0317595
5.33211 0.0120804
5.33211 0.0120804
5.33211 0.0120804
5.33242 0.0123954
5.33242 0.0120759
5.33242 0.0120759
5.33355 0.133548
5.33455 0.134552
5.33764 0.0376404
5.33846 0.138457
5.3412 0.141202
5.34196 0.0419582
5.34315 0.143148
5.34347 0.0434681
5.34628 0.0462759
5.34768 0.0476841
5.34984 0.0498284
5.35178 0.0517756
5.35209 0.0120797
5.35209 0.0120797
5.35209 0.0120797
5.35241 0.0123947
5.35241 0.0120752
5.35241 0.0120752
5.35901 0.159007
5.3598 0.159793
5.37215 0.072151
5.37228 0.0122516
5.37228 0.0122516
5.37228 0.0122516
5.37241 0.01238
5.37241 0.0120605
5.37241 0.0120605
5.37394 0.0739403
5.37463 0.0746331
5.37536 0.0753569
5.37677 0.0767397
5.37752 0.0775201
5.3789 0.0788971
5.38003 0.0800253
5.38246 0.0824599
5.38406 0.0840547
5.38447 0.0844675
5.38522 0.0851945
5.38554 0.085542
5.3863 0.0862969
5.38814 0.0881245
5.38846 0.08846
5.38884 0.0888417
5.39109 0.0910897
5.39157 0.0915647
5.39189 0.0918712
5.39208 0.0120613
5.39208 0.0120613
5.39208 0.0120613
5.39242 0.0124075
5.39242 0.012088
5.39242 0.012088
5.39296 0.0929582
5.39328 0.0932646
5.3936 0.0935972
5.3936 0.0935841
5.39479 0.0947634
5.39536 0.095356
5.39627 0.0962664
5.39693 0.0969281
5.39759 0.0975897
5.39825 0.0982514
5.40134 0.101339
5.40166 0.101659
5.40251 0.102507
5.40283 0.102826
5.40371 0.103683
5.40403 0.104025
5.4045 0.1045
5.40656 0.106562
5.40688 0.106881
5.4072 0.107201
5.40845 0.108453
5.4103 0.110297
5.41062 0.110616
5.41206 0.112056
5.41238 0.012376
5.4127 0.112695
5.41282 0.0125044
5.41282 0.0125044
5.41282 0.0125044
5.41282 0.0125044
5.41282 0.0121849
5.41282 0.0121849
5.41295 0.0123133
5.41361 0.0136139
5.41459 0.114573
5.4159 0.115901
5.41678 0.11678
5.41713 0.0171214
5.41745 0.117431
5.42035 0.120351
5.42067 0.0206716
5.42067 0.0206716
5.42118 0.121172
5.4215 0.121496
5.42362 0.0235908
5.42506 0.125059
5.42538 0.0253795
5.4257 0.125698
5.4268 0.12677
5.42724 0.127239
5.42765 0.127652
5.42797 0.127972
5.42891 0.128913
5.43175 0.0317529
5.4321 0.0120738
5.4321 0.0120738
5.4321 0.0120738
5.43241 0.0123888
5.43241 0.0120693
5.43241 0.0120693
5.43354 0.133541
5.43458 0.134576
5.43782 0.0378205
5.43845 0.13845
5.4412 0.141196
5.44189 0.0418894
5.4432 0.143203
5.44352 0.0435237
5.44633 0.0463315
5.44758 0.0475842
5.44983 0.0498305
5.4518 0.0518001
5.45208 0.0120731
5.45208 0.0120731
5.45208 0.0120731
5.4524 0.0123881
5.4524 0.0120686
5.4524 0.0120686
5.459 0.159001
5.45979 0.159787
5.47218 0.0721755
5.4723 0.0122761
5.4723 0.0122761
5.4723 0.0122761
5.47243 0.0124045
5.47243 0.012085
5.47243 0.012085
5.47393 0.0739338
5.47466 0.0746576
5.47535 0.0753504
5.4767 0.0766709
5.47754 0.0775446
5.47889 0.0788905
5.48002 0.0800187
5.48245 0.0824533
5.48405 0.0840481
5.48446 0.0844609
5.48522 0.0851912
5.48557 0.0855665
5.48629 0.0862903
5.48817 0.0881577
5.48848 0.0884845
5.48884 0.0888352
5.49108 0.0910831
5.49156 0.0915581
5.49188 0.0918732
5.4921 0.0120859
5.4921 0.0120859
5.4921 0.0120859
5.49241 0.0124009
5.49241 0.0120814
5.49241 0.0120814
5.49289 0.092885
5.49321 0.0932089
5.49353 0.0935284
5.49385 0.0938435
5.49479 0.0947632
5.49542 0.09542
5.49627 0.0962683
5.49681 0.0968056
5.49759 0.0975916
5.49825 0.0982533
5.50134 0.101341
5.50166 0.101661
5.50254 0.10254
5.50286 0.102859
5.50318 0.103177
5.50359 0.103592
5.5045 0.104502
5.50672 0.106719
5.50704 0.107039
5.50736 0.107358
5.50846 0.108455
5.5103 0.110299
5.51062 0.110618
5.51206 0.112058
5.51238 0.0123468
5.5127 0.112697
5.51283 0.0124752
5.51283 0.0124752
5.51283 0.0124752
5.51283 0.0124752
5.51283 0.0121557
5.51283 0.0121557
5.51295 0.0122841
5.51365 0.0136158
5.51459 0.114583
5.51562 0.115623
5.51678 0.116782
5.5171 0.0171008
5.51748 0.117481
5.52035 0.120353
5.52067 0.0206424
5.52099 0.0209619
5.52131 0.121285
5.52163 0.121631
5.5236 0.0235787
5.52504 0.125038
5.52536 0.0253277
5.52568 0.125677
5.52681 0.126806
5.52713 0.1271
5.52772 0.127725
5.52804 0.128044
5.5288 0.128799
5.53179 0.0317633
5.53211 0.0120841
5.53211 0.0120841
5.53211 0.0120841
5.53242 0.0123991
5.53242 0.0120796
5.53242 0.0120796
5.53358 0.133583
5.53456 0.134556
5.53767 0.0376442
5.53849 0.138492
5.54121 0.141206
5.54193 0.0418997
5.54315 0.143152
5.54347 0.0434408
5.54631 0.0462797
5.54759 0.0475634
5.54984 0.0498184
5.55181 0.0517794
5.55209 0.0120834
5.55209 0.0120834
5.55209 0.0120834
5.55241 0.0123984
5.55241 0.0120789
5.55241 0.0120789
5.55901 0.159011
5.55983 0.159828
5.57219 0.0721548
5.57231 0.0122865
5.57231 0.0122865
5.57231 0.0122865
5.57244 0.0124149
5.57244 0.0120954
5.57244 0.0120954
5.57397 0.0739441
5.57467 0.0746369
5.57539 0.0753607
5.57671 0.0766813
5.57755 0.0775238
5.57893 0.0789009
5.58006 0.0800291
5.58246 0.0824326
5.58412 0.0840895
5.58447 0.0844401
5.5856 0.0855684
5.58592 0.0858976
5.58633 0.0863007
5.58817 0.0881456
5.58849 0.0884638
5.58888 0.0888455
5.59109 0.0910624
5.59175 0.0917282
5.59207 0.0920435
5.5922 0.0121895
5.5922 0.0121895
5.5922 0.0121895
5.59239 0.0123801
5.59239 0.0120606
5.59239 0.0120606
5.5929 0.0928686
5.59322 0.0932008
5.59354 0.0935076
5.59354 0.0935119
5.59479 0.0947773
5.59545 0.0954219
5.5963 0.0962702
5.59693 0.0969007
5.59753 0.0975002
5.59825 0.098224
5.60137 0.101343
5.60169 0.101662
5.60201 0.101982
5.60277 0.102737
5.60309 0.103075
5.60369 0.103656
5.60453 0.104504
5.6066 0.106565
5.60698 0.106947
5.6073 0.107267
5.60849 0.108457
5.61046 0.110425
5.61077 0.110745
5.61206 0.112028
5.61238 0.0123487
5.6127 0.112667
5.61283 0.0124771
5.61283 0.0124771
5.61283 0.0124771
5.61283 0.0124771
5.61283 0.0121576
5.61283 0.0121576
5.61295 0.0122859
5.61365 0.0136177
5.61462 0.114594
5.61553 0.1155
5.61681 0.116784
5.61713 0.0171198
5.61745 0.117438
5.62039 0.120355
5.6207 0.0206754
5.6207 0.0206754
5.62121 0.121193
5.62153 0.1215
5.62359 0.0235808
5.62509 0.125063
5.62541 0.0253833
5.62573 0.125702
5.6268 0.126774
5.62712 0.127088
5.62781 0.12778
5.62813 0.1281
5.62889 0.128855
5.63179 0.0317567
5.6321 0.0120775
5.6321 0.0120775
5.6321 0.0120775
5.63242 0.0123926
5.63242 0.012073
5.63242 0.012073
5.63358 0.133545
5.6347 0.134673
5.63767 0.0376376
5.63852 0.138485
5.64123 0.1412
5.64198 0.0419554
5.64318 0.143145
5.64349 0.0434653
5.6463 0.0462731
5.64762 0.0475879
5.64983 0.0498204
5.6518 0.0517728
5.65209 0.0120768
5.65209 0.0120768
5.65209 0.0120768
5.6524 0.0123919
5.6524 0.0120724
5.6524 0.0120724
5.659 0.158973
5.65982 0.159791
5.67218 0.0721482
5.67231 0.0122799
5.67231 0.0122799
5.67231 0.0122799
5.67243 0.0124083
5.67243 0.0120888
5.67243 0.0120888
5.67397 0.0739375
5.67469 0.0746614
5.67538 0.0753541
5.67673 0.0767058
5.67758 0.0775483
5.67892 0.0788943
5.68005 0.0800225
5.68249 0.0824571
5.68411 0.0840829
5.68449 0.0844647
5.68575 0.0857303
5.68607 0.0860368
5.68639 0.0863563
5.68814 0.0881165
5.68874 0.088706
5.68906 0.0890255
5.69112 0.0910869
5.69181 0.0917925
5.69181 0.0917796
5.69209 0.0120812
5.69209 0.0120812
5.69209 0.0120812
5.69241 0.0123962
5.69241 0.0120767
5.69241 0.0120767
5.69295 0.0929158
5.69326 0.093234
5.69358 0.0935548
5.69358 0.0935677
5.69477 0.0947654
5.69534 0.0953136
5.69632 0.0962863
5.69695 0.0969168
5.69761 0.0975785
5.69827 0.0982401
5.7013 0.101266
5.70161 0.101585
5.702 0.101967
5.70275 0.102722
5.70307 0.103049
5.7037 0.103672
5.70455 0.10452
5.70661 0.106582
5.70699 0.106963
5.70731 0.107283
5.70856 0.108535
5.71047 0.110441
5.71079 0.110761
5.71229 0.0122629
5.71229 0.112262
5.71242 0.0120718
5.71242 0.0120718
5.71242 0.0120718
5.71274 0.11271
5.71287 0.0125197
5.71287 0.0122002
5.71287 0.0122002
5.71365 0.0136253
5.7146 0.114579
5.71566 0.115632
5.71688 0.116854
5.7172 0.0171756
5.71752 0.117494
5.72036 0.120332
5.72068 0.0206519
5.72068 0.0206519
5.72103 0.121023
5.72154 0.121508
5.72357 0.0235659
5.72507 0.125039
5.72539 0.0253598
5.72571 0.125678
5.72696 0.126937
5.72728 0.127251
5.72776 0.127726
5.72807 0.128045
5.72886 0.128831
5.73179 0.0317643
5.73211 0.0120851
5.73211 0.0120851
5.73211 0.0120851
5.73242 0.0124001
5.73242 0.0120806
5.73242 0.0120806
5.73358 0.133553
5.73459 0.134557
5.73767 0.0376452
5.73852 0.138493
5.74124 0.141207
5.74193 0.0419007
5.74318 0.143153
5.7435 0.0434729
5.74631 0.0462807
5.74759 0.0475644
5.74984 0.0498367
5.75181 0.0517804
5.75209 0.0120844
5.75209 0.0120844
5.75209 0.0120844
5.75241 0.0123994
5.75241 0.0120799
5.75241 0.0120799
5.75901 0.158981
5.75983 0.159798
5.77218 0.0721558
5.77231 0.0122875
5.77231 0.0122875
5.77231 0.0122875
5.77244 0.0124159
5.77244 0.0120964
5.77244 0.0120964
5.77397 0.0739451
5.77467 0.0746379
5.77539 0.0753617
5.77671 0.0766823
5.77755 0.0775248
5.77893 0.0789019
5.78006 0.0800301
5.78246 0.0824336
5.78412 0.0840905
5.78447 0.0844411
5.78575 0.0857412
5.78607 0.0860444
5.78639 0.0863639
5.78814 0.0881328
5.78874 0.0887136
5.78906 0.0890331
5.79109 0.0910634
5.79175 0.0917465
5.79207 0.0920445
5.7922 0.0121905
5.7922 0.0121905
5.7922 0.0121905
5.79239 0.0123811
5.79239 0.0120616
5.79239 0.0120616
5.7929 0.0928696
5.79322 0.0931965
5.79354 0.0935086
5.79354 0.0935302
5.79479 0.0947825
5.79536 0.0953296
5.79633 0.0963023
5.79696 0.0969329
5.79759 0.0975634
5.79825 0.0982251
5.80131 0.101282
5.80163 0.101601
5.80263 0.102605
5.80263 0.102605
5.80295 0.102953
5.80368 0.103648
5.80453 0.104497
5.80659 0.106558
5.80697 0.10694
5.80751 0.107477
5.80848 0.10845
5.81035 0.110324
5.81067 0.110644
5.81221 0.112176
5.81252 0.0124967
5.81284 0.112815
5.81297 0.0126251
5.81297 0.0126251
5.81297 0.0126251
5.81297 0.0126251
5.81297 0.0123056
5.81297 0.0123056
5.8131 0.012434
5.81364 0.0136102
5.81461 0.114604
5.81543 0.115399
5.81684 0.116807
5.81716 0.117145
5.81716 0.0171465
5.82046 0.120432
5.82078 0.0207528
5.82078 0.0207528
5.8211 0.12107
5.82161 0.121578
5.82361 0.0235821
5.82504 0.125016
5.82536 0.0253363
5.82568 0.125655
5.82681 0.126789
5.82713 0.127103
5.82773 0.127702
5.82805 0.128022
5.82881 0.128777
5.83177 0.0317408
5.83208 0.0120616
5.83208 0.0120616
5.83208 0.0120616
5.83243 0.0124077
5.83243 0.0120882
5.83243 0.0120882
5.83356 0.133529
5.83475 0.13472
5.83765 0.0376217
5.83853 0.1385
5.84121 0.141184
5.84194 0.0419083
5.84325 0.143222
5.84357 0.0435427
5.84632 0.0462883
5.8476 0.047572
5.84985 0.0498218
5.85182 0.051788
5.85207 0.0120609
5.85207 0.0120609
5.85207 0.0120609
5.85241 0.012407
5.85241 0.0120875
5.85241 0.0120875
5.85905 0.15902
5.8598 0.159775
5.87219 0.0721633
5.87232 0.0122951
5.87232 0.0122951
5.87232 0.0122951
5.87245 0.0124234
5.87245 0.0121039
5.87245 0.0121039
5.87398 0.0739527
5.87467 0.0746454
5.8754 0.0753693
5.87668 0.0766587
5.87756 0.0775324
5.87891 0.0788784
5.88007 0.0800377
5.88247 0.0824411
5.88413 0.0840981
5.88448 0.0844487
5.88557 0.0855458
5.8863 0.0862893
5.88662 0.0865892
5.88812 0.0881179
5.88875 0.0887212
5.88907 0.0890407
5.8911 0.0910709
5.89176 0.0917317
5.89208 0.0920521
5.89221 0.0121981
5.89221 0.0121981
5.89221 0.0121981
5.8924 0.0123887
5.8924 0.0120692
5.8924 0.0120692
5.89291 0.0928772
5.89326 0.0932438
5.89358 0.0935473
5.89358 0.0935464
5.8948 0.0947932
5.89537 0.0953372
5.89631 0.0962788
5.89694 0.0969093
5.89754 0.0975088
5.89826 0.0982326
5.90135 0.10132
5.90167 0.10164
5.90261 0.102581
5.90293 0.102901
5.90368 0.103656
5.90453 0.104504
5.90569 0.105681
5.90663 0.106605
5.90698 0.106956
5.90758 0.107555
5.90849 0.108466
5.91093 0.1109
5.91125 0.11122
5.91206 0.112037
5.91238 0.0123573
5.9127 0.112676
5.91283 0.0124856
5.91283 0.0124856
5.91283 0.0124856
5.91283 0.0124856
5.91283 0.0121661
5.91283 0.0121661
5.91296 0.0122945
5.91365 0.0136263
5.91475 0.114722
5.91538 0.115353
5.9171 0.117072
5.9171 0.0170779
5.9182 0.118174
5.92045 0.120417
5.92076 0.0207377
5.92076 0.0207377
5.92108 0.121064
5.92143 0.121407
5.92359 0.0235757
5.92509 0.125063
5.92541 0.0253834
5.92573 0.125702
5.92695 0.126924
5.92695 0.126929
5.92802 0.12799
5.92834 0.128309
5.92894 0.128909
5.93178 0.0317484
5.93209 0.0120692
5.93209 0.0120692
5.93209 0.0120692
5.93241 0.0123842
5.93241 0.0120647
5.93241 0.0120647
5.93366 0.13363
5.93479 0.134758
5.93766 0.0376293
5.9385 0.138477
5.94122 0.141191
5.94194 0.0419159
5.94326 0.0432307
5.94358 0.143549
5.94629 0.0462648
5.94761 0.0475796
5.94985 0.049838
5.95182 0.0517956
5.95208 0.0120685
5.95208 0.0120685
5.95208 0.0120685
5.95239 0.0123835
5.95239 0.012064
5.95239 0.012064
5.95906 0.159027
5.95984 0.159813
5.9722 0.0721709
5.97233 0.0123026
5.97233 0.0123026
5.97233 0.0123026
5.97245 0.012431
5.97245 0.0121115
5.97245 0.0121115
5.97399 0.0739603
5.97468 0.074653
5.97537 0.0753458
5.97669 0.0766663
5.97757 0.07754
5.97888 0.0788548
5.98007 0.0800453
5.98248 0.0824487
5.98407 0.0840435
5.98445 0.0844252
5.98558 0.0855534
5.98643 0.0864246
5.98675 0.0867212
5.98813 0.088103
5.98876 0.0887288
5.98908 0.0890483
5.99111 0.0910785
5.99177 0.0917479
5.99209 0.0920597
5.99222 0.0122057
5.99222 0.0122057
5.99222 0.0122057
5.99241 0.0123963
5.99241 0.0120768
5.99241 0.0120768
5.99288 0.0928537
5.9932 0.0931978
5.99352 0.0934927
5.99352 0.0935004
5.99477 0.0947676
5.99537 0.0953448
5.99631 0.0962864
5.99694 0.0969169
5.99761 0.0975786
5.99827 0.0982402
6.00136 0.101328
6.00167 0.101647
6.00252 0.102496
6.00284 0.102815
6.00369 0.103664
6.00454 0.104509
6.0057 0.105668
6.00658 0.106548
6.00708 0.107054
6.00759 0.10756
6.0085 0.108471
6.01028 0.110252
6.011 0.110976
6.01207 0.112042
6.01239 0.0123625
6.01271 0.112681
6.01284 0.0124908
6.01284 0.0124908
6.01284 0.0124908
6.01284 0.0124908
6.01284 0.0121713
6.01284 0.0121713
6.01297 0.0122997
6.01363 0.0136004
6.01475 0.114735
6.01542 0.115389
6.01707 0.117046
6.01739 0.0173886
6.01805 0.118041
6.02049 0.120462
6.02081 0.0207825
6.02081 0.0207825
6.02113 0.121117
6.02151 0.121483
6.02351 0.0235047
6.02507 0.125046
6.02539 0.025366
6.02571 0.125685
6.02684 0.126819
6.02716 0.127132
6.02795 0.127918
6.02827 0.128238
6.02896 0.128931
6.03177 0.0317394
6.03211 0.0120913
6.03211 0.0120913
6.03211 0.0120913
6.03243 0.0124063
6.03243 0.0120868
6.03243 0.0120868
6.03356 0.133528
6.03459 0.134563
6.03765 0.0376203
6.03849 0.138468
6.04124 0.141213
6.042 0.0419691
6.04315 0.143128
6.04347 0.043448
6.04628 0.0462558
6.0476 0.0475706
6.04981 0.0498066
6.05181 0.0517866
6.0521 0.0120906
6.0521 0.0120906
6.0521 0.0120906
6.05241 0.0124056
6.05241 0.0120861
6.05241 0.0120861
6.05911 0.159081
6.05983 0.159804
6.07219 0.072162
6.07232 0.0122937
6.07232 0.0122937
6.07232 0.0122937
6.07245 0.0124221
6.07245 0.0121026
6.07245 0.0121026
6.07395 0.0739202
6.07514 0.0751106
6.07546 0.0754301
6.07668 0.0766573
6.07756 0.077531
6.07878 0.0787525
6.08006 0.0800363
6.08247 0.0824398
6.08412 0.0840967
6.08444 0.0844162
6.08557 0.0855445
6.08629 0.0862945
6.08661 0.0865878
6.08821 0.088196
6.08872 0.0886887
6.08903 0.0890082
6.0911 0.0910696
6.09176 0.0917475
6.09176 0.0917312
6.0921 0.0120949
6.0921 0.0120949
6.0921 0.0120949
6.09242 0.01241
6.09242 0.0120905
6.09242 0.0120905
6.09289 0.0928674
6.09324 0.0932202
6.09356 0.0935375
6.09356 0.0935538
6.09479 0.0947731
6.09532 0.0952962
6.0963 0.0962689
6.09693 0.0968995
6.09759 0.0975611
6.09825 0.0982228
6.10137 0.101342
6.10169 0.101661
6.1025 0.102478
6.10282 0.102798
6.10367 0.103646
6.10452 0.104494
6.10568 0.105665
6.10668 0.106657
6.107 0.106977
6.1076 0.107576
6.10848 0.108456
6.11089 0.110859
6.11121 0.111179
6.11205 0.112027
6.11237 0.0123474
6.11269 0.112666
6.11282 0.0124758
6.11282 0.0124758
6.11282 0.0124758
6.11282 0.0124758
6.11282 0.0121563
6.11282 0.0121563
6.11295 0.0122847
6.11364 0.0136164
6.11461 0.114605
6.1154 0.115374
6.1169 0.116876
6.11722 0.017204
6.11807 0.118065
6.12047 0.120447
6.12079 0.0207674
6.12079 0.0207674
6.12111 0.121111
6.12143 0.121406
6.12352 0.0235067
6.12503 0.125
6.12535 0.0253198
6.12576 0.125732
6.12682 0.126798
6.12714 0.127123
6.12781 0.127779
6.12812 0.128099
6.12897 0.128947
6.13175 0.0317243
6.1321 0.0120763
6.1321 0.0120763
6.1321 0.0120763
6.13241 0.0123913
6.13241 0.0120718
6.13241 0.0120718
6.13363 0.133606
6.13476 0.134734
6.13766 0.0376363
6.13851 0.138484
6.14122 0.141198
6.14189 0.0418608
6.14314 0.143113
6.14346 0.0434329
6.14627 0.0462407
6.14758 0.0475556
6.14983 0.0498002
6.1518 0.0517715
6.15208 0.0120756
6.15208 0.0120756
6.15208 0.0120756
6.1524 0.0123906
6.1524 0.0120711
6.1524 0.0120711
6.15906 0.159034
6.15982 0.159789
6.1722 0.072178
6.17233 0.0123097
6.17233 0.0123097
6.17233 0.0123097
6.17246 0.0124381
6.17246 0.0121186
6.17246 0.0121186
6.17393 0.0739051
6.17512 0.0750956
6.17544 0.0754151
6.17666 0.0766423
6.17754 0.077516
6.17876 0.0787375
6.18005 0.0800212
6.18248 0.0824558
6.18404 0.0840195
6.18443 0.0844012
6.18559 0.0855605
6.18637 0.086345
6.18669 0.0866661
6.18813 0.0881274
6.18873 0.0887048
6.18905 0.0890243
6.19108 0.0910545
6.19171 0.09171
6.19203 0.0920046
6.19216 0.0121506
6.19216 0.0121506
6.19216 0.0121506
6.19241 0.0124034
6.19241 0.0120839
6.19241 0.0120839
6.19289 0.0928608
6.19321 0.0931911
6.19353 0.0934998
6.19353 0.0935248
6.19475 0.094732
6.19532 0.0952897
6.19629 0.0962623
6.19692 0.0968929
6.19758 0.0975545
6.19824 0.0982162
6.20121 0.10118
6.20152 0.101499
6.20253 0.102503
6.20291 0.102885
6.20366 0.10364
6.20451 0.104488
6.20567 0.10567
6.20677 0.106744
6.20709 0.107064
6.20756 0.107539
6.20847 0.108449
6.21026 0.110231
6.21095 0.110923
6.21205 0.11202
6.21237 0.0123408
6.21268 0.11266
6.21281 0.0124692
6.21281 0.0124692
6.21281 0.0124692
6.21281 0.0124692
6.21281 0.0121497
6.21281 0.0121497
6.21294 0.0122781
6.21363 0.0136099
6.21461 0.114607
6.21539 0.115368
6.21683 0.116807
6.21715 0.0171213
6.21819 0.118161
6.22037 0.120347
6.22069 0.0206675
6.22069 0.0206675
6.22104 0.12102
6.22146 0.12143
6.22358 0.0235484
6.22505 0.125024
6.22537 0.0253444
6.22578 0.125756
6.22685 0.126828
6.22751 0.127484
6.22786 0.127835
6.22818 0.128154
6.22897 0.12894
6.23174 0.0317177
6.23209 0.0120697
6.23209 0.0120697
6.23209 0.0120697
6.23243 0.0124158
6.23243 0.0120963
6.23243 0.0120963
6.23353 0.133506
6.23457 0.134541
6.23762 0.0375986
6.23856 0.138539
6.24122 0.141192
6.242 0.0419786
6.24316 0.143137
6.24348 0.0434574
6.24629 0.0462653
6.24757 0.047549
6.24982 0.0498022
6.25179 0.051765
6.25207 0.012069
6.25207 0.012069
6.25207 0.012069
6.25242 0.0124151
6.25242 0.0120956
6.25242 0.0120956
6.25902 0.158997
6.2599 0.159876
6.27216 0.0721403
6.27229 0.012272
6.27229 0.012272
6.27229 0.012272
6.27242 0.0124004
6.27242 0.0120809
6.27242 0.0120809
6.27392 0.0738986
6.27521 0.0751823
6.27553 0.0755018
6.27669 0.0766668
6.2776 0.0775716
6.27888 0.0788553
6.28004 0.0800146
6.28257 0.0825425
6.28413 0.0841062
6.28451 0.0844879
6.28558 0.0855539
6.28633 0.0863089
6.2869 0.0868789
6.28815 0.0881294
6.28872 0.0886982
6.28904 0.0890177
6.29113 0.0911101
6.29173 0.0917121
6.29205 0.0920291
6.29218 0.0121751
6.29218 0.0121751
6.29218 0.0121751
6.2924 0.0123968
6.2924 0.0120773
6.2924 0.0120773
6.29297 0.0929475
6.29329 0.0932865
6.29361 0.0935865
6.29361 0.093589
6.29477 0.0947545
6.29534 0.0953142
6.29625 0.0962247
6.29691 0.0968863
6.29757 0.097548
6.29827 0.0982407
6.30126 0.101235
6.30158 0.101555
6.30249 0.102465
6.3029 0.102878
6.30366 0.103633
6.30451 0.104481
6.30573 0.105707
6.30667 0.106644
6.30699 0.106964
6.30762 0.107594
6.30853 0.108505
6.31028 0.110255
6.3106 0.110575
6.31207 0.112045
6.31239 0.0123653
6.31271 0.112684
6.31284 0.0124937
6.31284 0.0124937
6.31284 0.0124937
6.31284 0.0124937
6.31284 0.0121742
6.31284 0.0121742
6.31297 0.0123026
6.31366 0.0136344
6.31476 0.114733
6.31554 0.115517
6.31686 0.116832
6.31718 0.0171544
6.31806 0.118038
6.32037 0.120341
6.32068 0.0206609
6.32068 0.0206609
6.32104 0.121022
6.32135 0.12133
6.32357 0.0235504
6.3251 0.12508
6.32542 0.0254
6.32574 0.125719
6.32693 0.126915
6.32725 0.127229
6.32763 0.12761
6.32802 0.127992
6.32893 0.128903
6.33177 0.0317423
6.33211 0.0120942
6.33211 0.0120942
6.33211 0.0120942
6.33243 0.0124092
6.33243 0.0120897
6.33243 0.0120897
6.33359 0.133562
6.33471 0.13469
6.33765 0.0376232
6.33853 0.138502
6.34127 0.141247
6.3419 0.0418787
6.34316 0.143131
6.34347 0.0434508
6.34628 0.0462587
6.3476 0.0475735
6.34981 0.0498043
6.35178 0.0517584
6.3521 0.0120935
6.3521 0.0120935
6.3521 0.0120935
6.35241 0.0124085
6.35241 0.012089
6.35241 0.012089
6.35908 0.159052
6.36011 0.160087
6.37216 0.0721337
6.37229 0.0122655
6.37229 0.0122655
6.37229 0.0122655
6.37241 0.0123938
6.37241 0.0120743
6.37241 0.0120743
6.37395 0.0739231
6.37523 0.0752068
6.37555 0.0755263
6.37671 0.0766913
6.37759 0.077565
6.37887 0.0788487
6.38003 0.0800081
6.38256 0.082536
6.38415 0.0841307
6.38451 0.0844813
6.3856 0.0855784
6.38633 0.0863023
6.38686 0.086836
6.38815 0.0881315
6.38872 0.0886916
6.38903 0.0890111
6.39113 0.0911035
6.39176 0.0917453
6.39208 0.0920536
6.39221 0.0121996
6.39221 0.0121996
6.39221 0.0121996
6.3924 0.0123902
6.3924 0.0120707
6.3924 0.0120707
6.3929 0.0928787
6.39322 0.0931952
6.39354 0.0935177
6.39354 0.0935289
6.39479 0.09478
6.39533 0.0953076
6.39624 0.0962181
6.39678 0.0967553
6.39757 0.0975414
6.39813 0.0981097
6.40128 0.10126
6.4016 0.101579
6.40248 0.102459
6.40302 0.102996
6.40368 0.103657
6.4045 0.104475
6.40572 0.105712
6.40666 0.106638
6.40704 0.107019
6.4078 0.107774
6.40855 0.108529
6.41027 0.110249
6.41059 0.110568
6.41206 0.112038
6.41238 0.0123588
6.4127 0.112677
6.41283 0.0124871
6.41283 0.0124871
6.41283 0.0124871
6.41283 0.0124871
6.41283 0.0121676
6.41283 0.0121676
6.41296 0.012296
6.41365 0.0136278
6.41472 0.114704
6.41541 0.115386
6.41685 0.116825
6.4172 0.0171876
6.41808 0.118071
6.42036 0.120334
6.42068 0.0206544
6.42068 0.0206544
6.42103 0.121024
6.42138 0.121355
6.42356 0.0235525
6.42503 0.125011
6.42535 0.0253312
6.42567 0.12565
6.4268 0.126784
6.42746 0.12744
6.42781 0.12779
6.42813 0.12811
6.42892 0.128896
6.43176 0.0317357
6.4321 0.0120876
6.4321 0.0120876
6.4321 0.0120876
6.43242 0.0124026
6.43242 0.0120831
6.43242 0.0120831
6.43358 0.133555
6.43465 0.134621
6.43764 0.0376166
6.43852 0.138495
6.44126 0.141241
6.4419 0.0418721
6.44315 0.143124
6.44347 0.0434443
6.44628 0.0462521
6.44759 0.0475669
6.44981 0.0498063
6.45177 0.0517518
6.45209 0.0120869
6.45209 0.0120869
6.45209 0.0120869
6.4524 0.0124019
6.4524 0.0120824
6.4524 0.0120824
6.4591 0.159077
6.45992 0.159894
6.47215 0.0721272
6.47228 0.0122589
6.47228 0.0122589
6.47228 0.0122589
6.47244 0.0124184
6.47244 0.0120989
6.47244 0.0120989
6.47394 0.0739165
6.47522 0.0752002
6.47554 0.0755197
6.4767 0.0766848
6.47761 0.0775895
6.47887 0.0788422
6.48006 0.0800326
6.48255 0.0825294
6.48412 0.084093
6.48444 0.0844125
6.48559 0.0855719
6.48632 0.0862957
6.48689 0.0868865
6.48814 0.0881335
6.48871 0.088685
6.48903 0.0890045
6.49118 0.0911592
6.49172 0.0917162
6.49204 0.0920159
6.49217 0.0121619
6.49217 0.0121619
6.49217 0.0121619
6.49242 0.0124147
6.49242 0.0120952
6.49242 0.0120952
6.4929 0.0928721
6.49321 0.0931973
6.49353 0.0935111
6.49353 0.093531
6.49479 0.0947631
6.49532 0.095301
6.49627 0.0962426
6.49693 0.0969042
6.49759 0.0975659
6.49813 0.0981031
6.50128 0.101253
6.5016 0.101573
6.50251 0.102483
6.50311 0.103083
6.50367 0.103651
6.50449 0.104468
6.50568 0.105656
6.50659 0.106569
6.50704 0.107013
6.50764 0.107612
6.50855 0.108523
6.51023 0.110211
6.51055 0.11053
6.51209 0.112063
6.51241 0.0123833
6.51272 0.112702
6.51285 0.0125117
6.51285 0.0125117
6.51285 0.0125117
6.51285 0.0125117
6.51285 0.0121922
6.51285 0.0121922
6.51298 0.0123205
6.51364 0.0136212
6.51471 0.114706
6.5154 0.115379
6.51681 0.116787
6.51719 0.0171896
6.51807 0.118042
6.52035 0.120327
6.52067 0.0206478
6.52099 0.0209673
6.52131 0.121283
6.52163 0.121605
6.52357 0.023563
6.52504 0.125013
6.52536 0.0253331
6.52577 0.125745
6.5268 0.126786
6.52712 0.127099
6.52797 0.127948
6.52829 0.128267
6.52892 0.128898
6.53176 0.0317376
6.53211 0.0120895
6.53211 0.0120895
6.53211 0.0120895
6.53242 0.0124045
6.53242 0.012085
6.53242 0.012085
6.53361 0.133588
6.53458 0.134561
6.53764 0.0376185
6.53852 0.138497
6.5412 0.14118
6.54199 0.0419673
6.54315 0.143126
6.54347 0.0434461
6.54628 0.046254
6.54756 0.0475377
6.54981 0.0497858
6.55178 0.0517537
6.55209 0.0120888
6.55209 0.0120888
6.55209 0.0120888
6.55241 0.0124038
6.55241 0.0120843
6.55241 0.0120843
6.55904 0.159017
6.55983 0.159803
6.57215 0.072129
6.57228 0.0122608
6.57228 0.0122608
6.57228 0.0122608
6.57241 0.0123891
6.57241 0.0120696
6.57241 0.0120696
6.57394 0.0739184
6.57522 0.0752021
6.57554 0.0755216
6.57667 0.0766555
6.57758 0.0775603
6.57887 0.078844
6.58003 0.0800034
6.58255 0.0825313
6.58412 0.0840949
6.5845 0.0844766
6.5856 0.0855737
6.58632 0.0862976
6.58692 0.0869143
6.58814 0.088113
6.58871 0.0886869
6.58903 0.0890064
6.59112 0.0910988
6.59175 0.0917267
6.59175 0.0917294
6.5921 0.0120931
6.5921 0.0120931
6.5921 0.0120931
6.59241 0.0124081
6.59241 0.0120886
6.59241 0.0120886
6.59301 0.09299
6.59333 0.0933238
6.59365 0.093629
6.59365 0.0936263
6.59478 0.094753
6.59535 0.0953255
6.59623 0.0962049
6.59692 0.0968977
6.59755 0.0975282
6.59812 0.0980966
6.60127 0.101247
6.60159 0.101566
6.6025 0.102477
6.6031 0.103076
6.60367 0.103644
6.60451 0.104493
6.60571 0.105692
6.60668 0.106656
6.60703 0.107006
6.60763 0.107606
6.60848 0.108454
6.61026 0.110235
6.61058 0.110555
6.61208 0.112056
6.6124 0.0123767
6.61272 0.112695
6.61285 0.0125051
6.61285 0.0125051
6.61285 0.0125051
6.61285 0.0125051
6.61285 0.0121856
6.61285 0.0121856
6.61297 0.012314
6.61364 0.0136146
6.61458 0.114553
6.61539 0.115373
6.61687 0.116843
6.61718 0.0171606
6.61806 0.118045
6.6205 0.120476
6.62082 0.0207967
6.62082 0.0207967
6.62114 0.121121
6.62146 0.121435
6.62358 0.0235566
6.62502 0.124998
6.62534 0.025318
6.62575 0.12573
6.62679 0.126771
6.62723 0.127209
6.62761 0.127591
6.62806 0.128034
6.62894 0.128914
6.63174 0.0317225
6.63209 0.0120745
6.63209 0.0120745
6.63209 0.0120745
6.63241 0.0123895
6.63241 0.01207
6.63241 0.01207
6.63363 0.133604
6.63463 0.134608
6.63762 0.0376034
6.6385 0.138482
6.64122 0.141196
6.64197 0.0419523
6.64316 0.143142
6.64348 0.0434622
6.64626 0.0462389
6.64758 0.0475538
6.64982 0.0498105
6.65179 0.0517697
6.65208 0.0120738
6.65208 0.0120738
6.65208 0.0120738
6.65239 0.0123888
6.65239 0.0120693
6.65239 0.0120693
6.65899 0.15897
6.65984 0.159819
6.67217 0.0721451
6.67229 0.0122768
6.67229 0.0122768
6.67229 0.0122768
6.67242 0.0124052
6.67242 0.0120857
6.67242 0.0120857
6.67392 0.0739033
6.67521 0.0751871
6.67553 0.0755066
6.67666 0.0766405
6.6776 0.0775764
6.67888 0.0788601
6.68007 0.0800505
6.68257 0.0825473
6.68416 0.0841421
6.68448 0.0844616
6.68558 0.0855587
6.68634 0.0863137
6.6869 0.0868941
6.68812 0.0881066
6.68869 0.0886719
6.68901 0.0889914
6.69107 0.0910527
6.69174 0.0917203
6.69206 0.0920338
6.69218 0.0121799
6.69218 0.0121799
6.69218 0.0121799
6.69241 0.0124016
6.69241 0.0120821
6.69241 0.0120821
6.69297 0.0929523
6.69329 0.0932636
6.69361 0.0935913
6.69361 0.0935973
6.69477 0.0947672
6.69534 0.0953189
6.69625 0.0962294
6.69679 0.0967667
6.69754 0.0975216
6.69824 0.0982144
6.70126 0.10124
6.70158 0.101559
6.70249 0.10247
6.70309 0.103069
6.70366 0.103638
6.70451 0.104486
6.7057 0.105698
6.70658 0.106556
6.7069 0.106875
6.70756 0.107537
6.70847 0.108447
6.71025 0.110229
6.71057 0.110548
6.71207 0.11205
6.71239 0.0123701
6.71271 0.112689
6.71284 0.0124985
6.71284 0.0124985
6.71284 0.0124985
6.71284 0.0124985
6.71284 0.012179
6.71284 0.012179
6.71297 0.0123074
6.71363 0.013608
6.71476 0.114741
6.71536 0.115335
6.7168 0.116774
6.71715 0.0171315
6.71806 0.118047
6.72034 0.120314
6.72066 0.0206346
6.72097 0.0209541
6.72129 0.121287
6.72161 0.121592
6.72358 0.0235671
6.72502 0.125
6.72534 0.0253199
6.72566 0.125639
6.72679 0.126773
6.72711 0.127086
6.72786 0.127841
6.72818 0.128161
6.72891 0.128885
6.73174 0.0317244
6.73209 0.0120763
6.73209 0.0120763
6.73209 0.0120763
6.73241 0.0123914
6.73241 0.0120718
6.73241 0.0120718
6.73353 0.133513
6.73457 0.134548
6.73763 0.0376053
6.73851 0.138484
6.74122 0.141198
6.74188 0.0418608
6.74313 0.143113
6.74345 0.043433
6.74626 0.0462408
6.74758 0.0475556
6.74979 0.0497899
6.75179 0.0517716
6.75208 0.0120756
6.75208 0.0120756
6.75208 0.0120756
6.75239 0.0123907
6.75239 0.0120712
6.75239 0.0120712
6.75899 0.158972
6.75984 0.159821
6.77214 0.0721159
6.77226 0.0122476
6.77226 0.0122476
6.77226 0.0122476
6.77242 0.0124071
6.77242 0.0120876
6.77242 0.0120876
6.77393 0.0739052
6.77521 0.0751889
6.77553 0.0755085
6.77669 0.0766735
6.7776 0.0775782
6.77888 0.078862
6.78004 0.0800213
6.78254 0.0825181
6.78413 0.0841129
6.78445 0.0844324
6.78558 0.0855606
6.78634 0.0863155
6.78687 0.0868597
6.78813 0.0881171
6.78869 0.0886737
6.78901 0.0889932
6.79108 0.0910546
6.79174 0.0917309
6.79206 0.0920357
6.79218 0.0121817
6.79218 0.0121817
6.79218 0.0121817
6.79241 0.0124034
6.79241 0.0120839
6.79241 0.0120839
6.79294 0.0929231
6.79326 0.093243
6.79358 0.0935621
6.79358 0.0935767
6.79477 0.0947587
6.79531 0.0952897
6.79625 0.0962313
6.79679 0.0967685
6.79754 0.0975235
6.79824 0.0982163
6.80126 0.101242
6.80158 0.101561
6.80249 0.102472
6.80309 0.103071
6.80366 0.10364
6.80451 0.104488
6.80567 0.105649
6.80673 0.106713
6.80705 0.107033
6.80756 0.107539
6.80856 0.108543
6.81025 0.110231
6.81057 0.11055
6.81207 0.112052
6.81239 0.012372
6.81271 0.112691
6.81284 0.0125004
6.81284 0.0125004
6.81284 0.0125004
6.81284 0.0125004
6.81284 0.0121809
6.81284 0.0121809
6.81297 0.0123093
6.81363 0.0136099
6.8146 0.114596
6.81542 0.115399
6.8168 0.116776
6.81715 0.0171421
6.81806 0.118057
6.82052 0.120503
6.82084 0.0208231
6.82084 0.0208231
6.82116 0.121134
6.82151 0.121492
6.82357 0.0235692
6.82508 0.125055
6.8254 0.0253755
6.82571 0.125694
6.82681 0.126797
6.82713 0.127111
6.82795 0.127928
6.82827 0.128248
6.82893 0.128909
6.83174 0.0317178
6.83208 0.0120698
6.83208 0.0120698
6.83208 0.0120698
6.83243 0.0124159
6.83243 0.0120964
6.83243 0.0120964
6.83362 0.1336
6.83466 0.134635
6.83762 0.0375987
6.83853 0.138508
6.84121 0.141192
6.84191 0.0418854
6.84316 0.143137
6.84348 0.0434575
6.84629 0.0462653
6.8476 0.0475802
6.84982 0.0497919
6.85178 0.051765
6.8521 0.0120691
6.8521 0.0120691
6.8521 0.0120691
6.85245 0.0124152
6.85245 0.0120957
6.85245 0.0120957
6.85905 0.159028
6.85987 0.159845
6.87216 0.0721404
6.87229 0.0122721
6.87229 0.0122721
6.87229 0.0122721
6.87242 0.0124005
6.87242 0.012081
6.87242 0.012081
6.87392 0.0738986
6.8752 0.0751824
6.87552 0.0755019
6.87668 0.0766669
6.87759 0.0775717
6.87888 0.0788554
6.88003 0.0800147
6.88256 0.0825426
6.88413 0.0841063
6.88451 0.084488
6.88557 0.085554
6.88633 0.0863089
6.88687 0.0868479
6.88815 0.0881191
6.88872 0.0886983
6.88904 0.0890178
6.89107 0.091048
6.89176 0.0917329
6.89208 0.0920603
6.89221 0.0122063
6.89221 0.0122063
6.89221 0.0122063
6.8924 0.0123969
6.8924 0.0120774
6.8924 0.0120774
6.89294 0.0929165
6.89326 0.0932451
6.89358 0.0935555
6.89358 0.0935477
6.8948 0.0947729
6.89533 0.0953142
6.89624 0.0962247
6.89691 0.0968864
6.89751 0.0974858
6.89814 0.0981164
6.90126 0.101235
6.90157 0.101555
6.90248 0.102465
6.90312 0.103096
6.90365 0.103633
6.9045 0.104481
6.90572 0.105717
6.90676 0.106738
6.90708 0.107057
6.90758 0.107563
6.90852 0.108505
6.91027 0.110255
6.91059 0.110575
6.91206 0.112045
6.91238 0.0123654
6.9127 0.112684
6.91283 0.0124938
6.91283 0.0124938
6.91283 0.0124938
6.91283 0.0124938
6.91283 0.0121743
6.91283 0.0121743
6.91296 0.0123027
6.91365 0.0136344
6.91475 0.114723
6.91551 0.115486
6.91685 0.116832
6.91717 0.0171441
6.91808 0.118059
6.92036 0.120341
6.92068 0.020661
6.92068 0.020661
6.92106 0.121043
6.92138 0.121361
6.9236 0.0235713
6.92504 0.125018
6.92536 0.0253378
6.92568 0.125657
6.92693 0.126915
6.92725 0.127229
6.92791 0.12789
6.92823 0.12821
6.92892 0.128903
6.93176 0.0317423
6.93211 0.0120943
6.93211 0.0120943
6.93211 0.0120943
6.93242 0.0124093
6.93242 0.0120898
6.93242 0.0120898
6.93361 0.133593
6.93474 0.134721
6.93764 0.0376232
6.93849 0.138471
6.9412 0.141185
6.9419 0.0418788
6.94315 0.143131
6.94347 0.0434509
6.94628 0.0462587
6.94759 0.0475736
6.94981 0.049794
6.95178 0.0517584
6.95212 0.0120936
6.95212 0.0120936
6.95212 0.0120936
6.95244 0.0124086
6.95244 0.0120891
6.95244 0.0120891
6.95907 0.159052
6.95983 0.159807
6.97215 0.0721338
6.97228 0.0122655
6.97228 0.0122655
6.97228 0.0122655
6.97241 0.0123939
6.97241 0.0120744
6.97241 0.0120744
6.97394 0.0739231
6.97523 0.0752069
6.97555 0.0755264
6.97667 0.0766603
6.97758 0.0775651
6.97887 0.0788488
6.98003 0.0800081
6.98255 0.082536
6.98412 0.0840997
6.98444 0.0844192
6.9856 0.0855785
6.98632 0.0863024
6.98692 0.0868984
6.98814 0.0881212
6.98871 0.0886917
6.98903 0.0890112
6.99106 0.0910414
6.99175 0.091735
6.99175 0.0917342
6.9921 0.0120979
6.9921 0.0120979
6.9921 0.0120979
6.99241 0.0124129
6.99241 0.0120934
6.99241 0.0120934
6.99298 0.0929636
6.9933 0.0933009
6.99362 0.0936026
6.99362 0.0936035
6.99481 0.0948005
6.99532 0.0952992
6.99623 0.0962097
6.99689 0.0968713
6.99755 0.097533
6.99812 0.0981013
7.00127 0.101251
7.00159 0.101571
7.0025 0.102481
7.0031 0.103081
7.00367 0.103649
7.00449 0.104466
7.00567 0.10565
7.00674 0.10672
7.00706 0.10704
7.00781 0.107795
7.00844 0.108425
7.01026 0.110238
7.01058 0.110557
7.01208 0.112059
7.0124 0.0123792
7.01272 0.112698
7.01285 0.0125076
7.01285 0.0125076
7.01285 0.0125076
7.01285 0.0125076
7.01285 0.0121881
7.01285 0.0121881
7.01297 0.0123165
7.01364 0.0136171
7.0147 0.114683
7.01552 0.115499
7.0168 0.116783
7.01715 0.0171354
7.01806 0.11805
7.0204 0.120386
7.02072 0.0207059
7.02072 0.0207059
7.02104 0.121034
7.02149 0.121469
7.02358 0.0235626
7.02502 0.125
7.02534 0.0253205
7.02575 0.125733
7.02682 0.126804
7.02723 0.127211
7.02777 0.127749
7.02809 0.128068
7.0289 0.128885
7.03174 0.031725
7.03212 0.0121081
7.03212 0.0121081
7.03212 0.0121081
7.03244 0.0124231
7.03244 0.0121036
7.03244 0.0121036
7.0335 0.133482
7.03463 0.134611
7.03762 0.0376059
7.0385 0.138484
7.04122 0.141199
7.04197 0.0419548
7.04313 0.143113
7.04345 0.0434336
7.04626 0.0462414
7.04757 0.0475562
7.04979 0.0497853
7.05176 0.0517411
7.05214 0.0121074
7.05214 0.0121074
7.05214 0.0121074
7.05245 0.0124224
7.05245 0.0121029
7.05245 0.0121029
7.05909 0.159066
7.05984 0.159821
7.07213 0.0721165
7.07226 0.0122482
7.07226 0.0122482
7.07226 0.0122482
7.07242 0.0124077
7.07242 0.0120882
7.07242 0.0120882
7.07389 0.0738747
7.07518 0.0751585
7.0755 0.075478
7.07666 0.076643
7.07757 0.0775478
7.07885 0.0788315
7.08004 0.0800219
7.08254 0.0825187
7.08416 0.0841446
7.08448 0.0844641
7.08558 0.0855612
7.0863 0.086285
7.08687 0.0868447
7.08812 0.0881125
7.08869 0.0886743
7.08901 0.0889939
7.09107 0.0910552
7.09155 0.0915302
7.09187 0.0918592
7.09209 0.012089
7.09209 0.012089
7.09209 0.012089
7.0924 0.0124041
7.0924 0.0120845
7.0924 0.0120845
7.09294 0.0929189
7.09326 0.0932432
7.09358 0.0935627
7.09358 0.0935721
7.0948 0.0947721
7.09531 0.0952903
7.09622 0.0962008
7.09679 0.0967692
7.09754 0.0975241
7.09811 0.0980925
7.10126 0.101242
7.10158 0.101562
7.10249 0.102472
7.103 0.102979
7.10366 0.10364
7.10448 0.104457
7.1057 0.105686
7.10673 0.106714
7.10705 0.107033
7.10771 0.107695
7.10847 0.10845
7.11031 0.110294
7.11141 0.111391
7.11213 0.112114
7.11245 0.0124348
7.11277 0.112754
7.1129 0.0125632
7.1129 0.0125632
7.1129 0.0125632
7.1129 0.0125632
7.1129 0.0122437
7.1129 0.0122437
7.11303 0.0123721
7.11366 0.0136416
7.11457 0.114561
7.11539 0.115368
7.11679 0.116777
7.11715 0.0171375
7.11812 0.118115
7.12049 0.120472
7.12081 0.0207926
7.12081 0.0207926
7.12113 0.121129
7.12145 0.121431
7.12354 0.0235335
7.12501 0.124994
7.12533 0.0253139
7.12578 0.125757
7.12681 0.126798
7.12713 0.127111
7.12779 0.127773
7.12811 0.128093
7.12874 0.128723
7.1318 0.0317806
7.13211 0.0121015
7.13211 0.0121015
7.13211 0.0121015
7.13243 0.0124165
7.13243 0.012097
7.13243 0.012097
7.13368 0.133662
7.13459 0.134573
7.13762 0.0375993
7.1385 0.138478
7.1413 0.141286
7.14187 0.0418549
7.14312 0.143107
7.14344 0.043427
7.14625 0.0462348
7.14754 0.0475186
7.14978 0.0497563
7.15175 0.0517345
7.15213 0.0121008
7.15213 0.0121008
7.15213 0.0121008
7.15244 0.0124158
7.15244 0.0120963
7.15244 0.0120963
7.15902 0.158997
7.15996 0.159939
7.17213 0.0721099
7.17226 0.0122416
7.17226 0.0122416
7.17226 0.0122416
7.17242 0.0124011
7.17242 0.0120816
7.17242 0.0120816
7.17389 0.0738681
7.1752 0.075183
7.17552 0.0755025
7.17665 0.0766364
7.1775 0.077479
7.17881 0.0787938
7.18003 0.0800153
7.18253 0.0825121
7.18412 0.0841069
7.18444 0.0844264
7.1856 0.0855857
7.18633 0.0863096
7.1869 0.0868952
7.18812 0.0881146
7.18869 0.0886678
7.189 0.0889873
7.19103 0.0910175
7.19157 0.0915547
7.19189 0.0918612
7.19211 0.0120825
7.19211 0.0120825
7.19211 0.0120825
7.19246 0.0124286
7.19246 0.0121091
7.19246 0.0121091
7.1929 0.0928984
7.19322 0.0932055
7.19322 0.0931925
7.19354 0.093525
7.19483 0.0948196
7.19524 0.0952215
7.19624 0.0962253
7.19681 0.0967937
7.19753 0.0975175
7.1981 0.0980859
7.20122 0.101205
7.20154 0.101524
7.20199 0.101968
7.20231 0.102276
7.20306 0.103043
7.20366 0.103642
7.20448 0.104459
7.2066 0.106583
7.20698 0.106965
7.2073 0.107284
7.20852 0.108506
7.21027 0.110256
7.2114 0.111384
7.21172 0.111704
7.21229 0.0122727
7.21261 0.112591
7.21274 0.0124011
7.21274 0.0124011
7.21274 0.0124011
7.21274 0.0124011
7.21274 0.0120816
7.21274 0.0120816
7.21287 0.01221
7.21365 0.0136351
7.21466 0.114625
7.21532 0.1153
7.21676 0.116739
7.21708 0.117051
7.2174 0.0173658
7.22036 0.120337
7.22068 0.120661
7.22068 0.0206616
7.22068 0.0206616
7.2215 0.121478
7.22356 0.0235271
7.22503 0.12501
7.22535 0.02533
7.22579 0.125773
7.22679 0.126783
7.22711 0.127096
7.22756 0.12754
7.22809 0.128078
7.22869 0.128677
7.23178 0.0317656
7.2321 0.0120864
7.2321 0.0120864
7.2321 0.0120864
7.23241 0.0124014
7.23241 0.0120819
7.23241 0.0120819
7.23373 0.13371
7.23461 0.134589
7.2376 0.0375843
7.23851 0.138494
7.24123 0.141208
7.24186 0.0418398
7.24311 0.143092
7.24343 0.0434119
7.24624 0.0462198
7.24755 0.0475346
7.2498 0.049781
7.25174 0.0517195
7.25211 0.0120857
7.25211 0.0120857
7.25211 0.0120857
7.25243 0.0124007
7.25243 0.0120812
7.25243 0.0120812
7.25909 0.159076
7.25982 0.159799
7.27211 0.0720948
7.27224 0.0122266
7.27224 0.0122266
7.27224 0.0122266
7.27243 0.0124172
7.27243 0.0120976
7.27243 0.0120976
7.2739 0.0738842
7.27518 0.0751679
7.2755 0.0754874
7.27663 0.0766213
7.27757 0.0775572
7.27883 0.0788099
7.28002 0.0800003
7.28254 0.0825282
7.28414 0.0841229
7.28446 0.0844424
7.28559 0.0855706
7.28631 0.0862945
7.28691 0.0869061
7.28816 0.0881393
7.28867 0.0886527
7.28899 0.0889722
7.29105 0.0910335
7.29156 0.0915397
7.29188 0.0918548
7.29213 0.0120985
7.29213 0.0120985
7.29213 0.0120985
7.29244 0.0124135
7.29244 0.012094
7.29244 0.012094
7.29292 0.0929004
7.29324 0.0932215
7.29324 0.0932256
7.29356 0.093541
7.29478 0.0947714
7.29525 0.0952376
7.2962 0.0961792
7.2968 0.0967786
7.29752 0.0975025
7.29809 0.0980708
7.30124 0.101221
7.30156 0.10154
7.30156 0.101549
7.30247 0.102451
7.30294 0.102926
7.30367 0.10365
7.30448 0.104467
7.30605 0.106031
7.30699 0.106972
7.30731 0.107292
7.30853 0.108513
7.31025 0.110232
7.31138 0.111361
7.3117 0.11168
7.3123 0.0122803
7.31262 0.112599
7.31274 0.0124087
7.31274 0.0124087
7.31274 0.0124087
7.31274 0.0124087
7.31274 0.0120892
7.31274 0.0120892
7.31287 0.0122176
7.31366 0.0136426
7.31463 0.11461
7.31532 0.115307
7.31679 0.116778
7.31711 0.117107
7.31743 0.0174131
7.32033 0.12033
7.32065 0.120637
7.32065 0.0206381
7.32097 0.0209576
7.32154 0.121525
7.32357 0.0235518
7.32501 0.124995
7.32533 0.0253149
7.32565 0.125634
7.32681 0.126799
7.32722 0.127206
7.32754 0.127525
7.32792 0.127907
7.32871 0.128693
7.33177 0.0317505
7.33211 0.0121025
7.33211 0.0121025
7.33211 0.0121025
7.33243 0.0124175
7.33243 0.012098
7.33243 0.012098
7.3338 0.133788
7.33459 0.134574
7.33762 0.0376003
7.33853 0.13851
7.34124 0.141225
7.34187 0.0418559
7.34312 0.143108
7.34344 0.043428
7.34625 0.0462358
7.34754 0.0475196
7.34978 0.0497746
7.35175 0.0517355
7.35213 0.0121018
7.35213 0.0121018
7.35213 0.0121018
7.35244 0.0124168
7.35244 0.0120973
7.35244 0.0120973
7.35914 0.159123
7.3598 0.159784
7.37213 0.0721109
7.37225 0.0122426
7.37225 0.0122426
7.37225 0.0122426
7.37241 0.0124021
7.37241 0.0120826
7.37241 0.0120826
7.37388 0.0738691
7.3752 0.075184
7.37552 0.0755035
7.37665 0.0766374
7.37756 0.0775422
7.37881 0.0787948
7.38003 0.0800163
7.38253 0.0825131
7.38415 0.084139
7.38447 0.0844585
7.3856 0.0855867
7.38633 0.0863106
7.38689 0.0868858
7.38815 0.0881329
7.38872 0.0886999
7.38904 0.0890194
7.39103 0.0910185
7.39154 0.0915246
7.39186 0.0918484
7.39211 0.0120835
7.39211 0.0120835
7.39211 0.0120835
7.39246 0.0124296
7.39246 0.0121101
7.39246 0.0121101
7.39296 0.0929492
7.39328 0.0932842
7.39328 0.0932588
7.3936 0.0935882
7.39486 0.0948256
7.39524 0.0952225
7.39627 0.0962574
7.39687 0.0968569
7.39753 0.0975185
7.39813 0.098118
7.40122 0.101206
7.40154 0.101525
7.4022 0.102185
7.40252 0.102506
7.40293 0.102919
7.40366 0.103643
7.40448 0.10446
7.4066 0.106584
7.40692 0.106903
7.40724 0.107223
7.40843 0.108413
7.41024 0.110226
7.41056 0.110545
7.41141 0.111394
7.41229 0.0122737
7.41261 0.112592
7.41274 0.0124021
7.41274 0.0124021
7.41274 0.0124021
7.41274 0.0124021
7.41274 0.0120826
7.41274 0.0120826
7.41286 0.012211
7.41365 0.0136361
7.41462 0.114612
7.41535 0.115332
7.41682 0.116802
7.41714 0.117117
7.41714 0.0171267
7.42051 0.120489
7.42082 0.0208097
7.42082 0.0208097
7.42114 0.121127
7.42156 0.121541
7.42356 0.0235454
7.42503 0.125011
7.42535 0.025331
7.42579 0.125774
7.42679 0.126784
7.42711 0.127097
7.42711 0.127097
7.42759 0.127572
7.4289 0.128887
7.43171 0.0316959
7.43212 0.0121101
7.43212 0.0121101
7.43212 0.0121101
7.43243 0.0124251
7.43243 0.0121056
7.43243 0.0121056
7.43369 0.133671
7.4346 0.134582
7.43759 0.0375768
7.4385 0.138486
7.44125 0.141232
7.44194 0.0419257
7.4431 0.143084
7.44342 0.0434045
7.44623 0.0462123
7.44754 0.0475271
7.44979 0.0497597
7.45176 0.0517431
7.45214 0.0121094
7.45214 0.0121094
7.45214 0.0121094
7.45245 0.0124244
7.45245 0.0121049
7.45245 0.0121049
7.45902 0.159006
7.45984 0.159823
7.4721 0.0720874
7.47223 0.0122191
7.47223 0.0122191
7.47223 0.0122191
7.47242 0.0124097
7.47242 0.0120902
7.47242 0.0120902
7.47389 0.0738767
7.47521 0.0751916
7.47553 0.0755111
7.47665 0.076645
7.47747 0.0774564
7.47866 0.0786469
7.48001 0.0799928
7.48254 0.0825207
7.48413 0.0841155
7.48445 0.084435
7.48558 0.0855632
7.48633 0.0863181
7.4869 0.0868882
7.48819 0.0881802
7.48866 0.0886452
7.48898 0.0889648
7.49104 0.0910261
7.4917 0.0917006
7.49202 0.0920072
7.49215 0.0121221
7.49215 0.0121221
7.49215 0.0121221
7.49243 0.0124061
7.49243 0.0120866
7.49243 0.0120866
7.49294 0.0929257
7.49326 0.0932382
7.49326 0.0932524
7.49358 0.0935647
7.49477 0.0947522
7.49525 0.0952301
7.49622 0.0962028
7.49679 0.0967712
7.49754 0.0975261
7.49811 0.0980945
7.50085 0.10084
7.50124 0.101222
7.50233 0.102307
7.50265 0.102638
7.50297 0.102958
7.50367 0.103651
7.50448 0.104468
7.50661 0.106591
7.50699 0.106973
7.50731 0.107293
7.50853 0.108514
7.51025 0.110233
7.51057 0.110553
7.51207 0.112054
7.51239 0.0123746
7.51271 0.112693
7.51284 0.012503
7.51284 0.012503
7.51284 0.012503
7.51284 0.012503
7.51284 0.0121835
7.51284 0.0121835
7.51296 0.0123119
7.51366 0.0136436
7.51463 0.114628
7.51532 0.115308
7.51676 0.116748
7.51708 0.11708
7.5174 0.0174003
7.52036 0.12035
7.52068 0.0206702
7.52068 0.0206702
7.521 0.120996
7.52167 0.121651
7.52354 0.023539
7.52501 0.124996
7.52533 0.0253159
7.52577 0.125759
7.52681 0.1268
7.52713 0.127113
7.52745 0.127433
7.52777 0.127752
7.52868 0.128663
7.5317 0.0316893
7.53211 0.0121035
7.53211 0.0121035
7.53211 0.0121035
7.53243 0.0124185
7.53243 0.012099
7.53243 0.012099
7.53368 0.133664
7.53453 0.134513
7.53762 0.0376013
7.53853 0.138511
7.54127 0.141257
7.54196 0.0419502
7.54309 0.143078
7.54341 0.0433979
7.54622 0.0462057
7.54753 0.0475206
7.54978 0.0497617
7.55175 0.0517365
7.55213 0.0121028
7.55213 0.0121028
7.55213 0.0121028
7.55244 0.0124178
7.55244 0.0120983
7.55244 0.0120983
7.55901 0.158999
7.55983 0.159817
7.57213 0.0721119
7.57225 0.0122436
7.57225 0.0122436
7.57225 0.0122436
7.57241 0.0124031
7.57241 0.0120836
7.57241 0.0120836
7.57388 0.0738701
7.5752 0.075185
7.57552 0.0755045
7.57665 0.0766384
7.57756 0.0775432
7.57881 0.0787958
7.58003 0.0800173
7.58256 0.0825452
7.58412 0.0841089
7.58444 0.0844284
7.5856 0.0855877
7.58633 0.0863116
7.58689 0.0868765
7.58815 0.08812
7.58868 0.0886698
7.589 0.0889893
7.59106 0.0910506
7.59173 0.0917123
7.59205 0.0920222
7.59217 0.0121467
7.59217 0.0121467
7.59217 0.0121467
7.59243 0.0123995
7.59243 0.01208
7.59243 0.01208
7.59293 0.0929191
7.59325 0.0932403
7.59357 0.0935581
7.59357 0.0935513
7.59479 0.0947798
7.5953 0.0952858
7.59624 0.0962273
7.59687 0.0968579
7.59747 0.0974573
7.5981 0.0980879
7.60082 0.100802
7.60123 0.101215
7.60223 0.102228
7.60255 0.102539
7.60309 0.103076
7.60366 0.103644
7.60448 0.104461
7.60669 0.106678
7.60701 0.106998
7.60733 0.107317
7.60852 0.108508
7.6103 0.110289
7.6114 0.111386
7.61212 0.11211
7.61244 0.0124302
7.61276 0.112749
7.61289 0.0125586
7.61289 0.0125586
7.61289 0.0125586
7.61289 0.0125586
7.61289 0.0122391
7.61289 0.0122391
7.61302 0.0123675
7.61365 0.0136371
7.61475 0.114724
7.61547 0.115457
7.61676 0.116741
7.61707 0.117059
7.61739 0.0173712
7.62033 0.120297
7.62065 0.120632
7.62065 0.0206325
7.62097 0.020952
7.62097 0.120951
7.62356 0.0235326
7.62503 0.125012
7.62535 0.025332
7.62576 0.125744
7.62679 0.126785
7.62749 0.127472
7.62781 0.127791
7.62781 0.127791
7.62875 0.128733
7.63177 0.0317591
7.63209 0.01208
7.63209 0.01208
7.63209 0.01208
7.63243 0.0124261
7.63243 0.0121066
7.63243 0.0121066
7.63369 0.133672
7.6346 0.134583
7.63759 0.0375778
7.63856 0.13855
7.64125 0.141233
7.64172 0.0417089
7.6431 0.143085
7.64342 0.0434055
7.64623 0.0462133
7.64754 0.0475281
7.64979 0.049778
7.65173 0.051713
7.6521 0.0120793
7.6521 0.0120793
7.6521 0.0120793
7.65245 0.0124254
7.65245 0.0121059
7.65245 0.0121059
7.65902 0.159007
7.65987 0.159855
7.6721 0.0720884
7.67223 0.0122201
7.67223 0.0122201
7.67223 0.0122201
7.67242 0.0124107
7.67242 0.0120912
7.67242 0.0120912
7.67389 0.0738777
7.67517 0.0751615
7.67549 0.075481
7.67665 0.076646
7.67747 0.0774574
7.67885 0.0788345
7.68001 0.0799938
7.68253 0.0825217
7.68413 0.0841165
7.68445 0.084436
7.68558 0.0855642
7.68633 0.0863191
7.68687 0.0868478
7.68815 0.0881363
7.68866 0.0886462
7.68898 0.0889658
7.69113 0.0911204
7.69173 0.0917189
7.69173 0.0917198
7.69211 0.0120836
7.69211 0.0120836
7.69211 0.0120836
7.69243 0.0123986
7.69243 0.0120791
7.69243 0.0120791
7.6929 0.0928871
7.69322 0.0932169
7.69354 0.0935261
7.69354 0.093528
7.69479 0.0947769
7.6953 0.0952849
7.69621 0.0961954
7.69687 0.096857
7.69753 0.0975187
7.6981 0.098087
7.70085 0.100833
7.70123 0.101214
7.70226 0.102247
7.70258 0.102569
7.7029 0.102888
7.70366 0.103643
7.70447 0.10446
7.7066 0.106584
7.70698 0.106966
7.7073 0.107285
7.70852 0.108507
7.71024 0.110226
7.71056 0.110545
7.71212 0.112109
7.71244 0.0124293
7.71276 0.112748
7.71289 0.0125577
7.71289 0.0125577
7.71289 0.0125577
7.71289 0.0125577
7.71289 0.0122382
7.71289 0.0122382
7.71302 0.0123666
7.71365 0.0136362
7.71462 0.114607
7.7155 0.115487
7.71675 0.11674
7.71707 0.117044
7.71739 0.017379
7.72051 0.120498
7.72083 0.0208183
7.72083 0.0208183
7.72115 0.121139
7.7215 0.121488
7.72356 0.0235488
7.72503 0.125019
7.72535 0.0253396
7.72576 0.125752
7.7268 0.126792
7.72712 0.127106
7.72756 0.12755
7.72788 0.127869
7.72889 0.128873
7.73173 0.031713
7.7321 0.012096
7.7321 0.012096
7.7321 0.012096
7.73242 0.012411
7.73242 0.0120915
7.73242 0.0120915
7.7337 0.133688
7.73458 0.134567
7.73761 0.0375939
7.73855 0.138535
7.74126 0.141249
7.74171 0.0416939
7.74311 0.143101
7.74343 0.0434215
7.74624 0.0462294
7.74753 0.0475131
7.74977 0.0497716
7.75174 0.0517291
7.75212 0.0120953
7.75212 0.0120953
7.75212 0.0120953
7.75243 0.0124103
7.75243 0.0120908
7.75243 0.0120908
7.75901 0.158992
7.75982 0.159809
7.77212 0.0721044
7.77225 0.0122361
7.77225 0.0122361
7.77225 0.0122361
7.77244 0.0124267
7.77244 0.0121072
7.77244 0.0121072
7.77388 0.0738627
7.77519 0.0751775
7.77551 0.075497
7.77664 0.0766309
7.77758 0.0775668
7.77874 0.0787261
7.78002 0.0800099
7.78249 0.0824755
7.78411 0.0841014
7.78443 0.0844209
7.78519 0.0851621
7.7856 0.0855887
7.78632 0.0863126
7.78758 0.08757
7.78867 0.0886623
7.78899 0.0889818
7.79102 0.091012
7.79172 0.0917048
7.79204 0.092032
7.79217 0.0121392
7.79217 0.0121392
7.79217 0.0121392
7.79245 0.0124231
7.79245 0.0121036
7.79245 0.0121036
7.79289 0.0928805
7.79321 0.0931879
7.79353 0.0935195
7.79353 0.09353
7.79475 0.0947514
7.79529 0.0952783
7.79629 0.0962821
7.79677 0.0967571
7.79752 0.0975121
7.79809 0.0980804
7.80121 0.101199
7.80153 0.101519
7.80229 0.102261
7.80261 0.102593
7.80305 0.103037
7.80365 0.103637
7.80447 0.104454
7.80675 0.106733
7.80706 0.107052
7.80706 0.107052
7.80854 0.108523
7.81035 0.110335
7.81067 0.110655
7.81217 0.112156
7.81249 0.0124765
7.81281 0.112795
7.81294 0.0126049
7.81294 0.0126049
7.81294 0.0126049
7.81294 0.0126049
7.81294 0.0122854
7.81294 0.0122854
7.81306 0.0124138
7.81363 0.0136211
7.81461 0.114601
7.81548 0.115472
7.81677 0.116756
7.81709 0.117077
7.81741 0.017381
7.8204 0.12039
7.82072 0.0207099
7.82072 0.0207099
7.82104 0.121039
7.82152 0.121504
7.82355 0.0235424
7.82502 0.125004
7.82534 0.0253245
7.82575 0.125737
7.82675 0.12674
7.82707 0.127066
7.82755 0.127535
7.82787 0.127854
7.8289 0.128889
7.83171 0.0316979
7.83209 0.012081
7.83209 0.012081
7.83209 0.012081
7.83243 0.0124271
7.83243 0.0121076
7.83243 0.0121076
7.83365 0.133642
7.8346 0.134584
7.83759 0.0375788
7.83856 0.138551
7.84122 0.141203
7.84185 0.0418344
7.84313 0.143117
7.84345 0.0434376
7.84623 0.0462143
7.84754 0.0475291
7.84979 0.0497651
7.85157 0.0515585
7.8521 0.0120803
7.8521 0.0120803
7.8521 0.0120803
7.85245 0.0124264
7.85245 0.0121069
7.85245 0.0121069
7.85902 0.159008
7.85981 0.159794
7.8721 0.0720894
7.87223 0.0122211
7.87223 0.0122211
7.87223 0.0122211
7.87242 0.0124117
7.87242 0.0120922
7.87242 0.0120922
7.87389 0.0738787
7.87517 0.0751625
7.87549 0.075482
7.87665 0.076647
7.87756 0.0775518
7.87872 0.0787111
7.88001 0.0799948
7.88247 0.0824605
7.88413 0.0841175
7.88445 0.084437
7.8852 0.0851815
7.88559 0.0855737
7.88631 0.0862975
7.88815 0.0881319
7.88866 0.0886472
7.88898 0.0889668
7.89107 0.0910592
7.89173 0.0917208
7.89173 0.0917061
7.89211 0.0120846
7.89211 0.0120846
7.89211 0.0120846
7.89242 0.0123996
7.89242 0.0120801
7.89242 0.0120801
7.89296 0.0929503
7.89328 0.0932663
7.8936 0.0935893
7.8936 0.0935774
7.89488 0.0948555
7.8953 0.0952859
7.8963 0.0962897
7.89687 0.096858
7.89753 0.0975197
7.8981 0.098088
7.90122 0.101207
7.90154 0.101526
7.90217 0.102165
7.90249 0.102476
7.90306 0.103045
7.90366 0.103644
7.90447 0.104461
7.90672 0.106709
7.90704 0.107029
7.90736 0.107348
7.90852 0.108508
7.9103 0.110289
7.91062 0.110609
7.91212 0.11211
7.91244 0.0124303
7.91276 0.112749
7.91289 0.0125587
7.91289 0.0125587
7.91289 0.0125587
7.91289 0.0125587
7.91289 0.0122392
7.91289 0.0122392
7.91302 0.0123676
7.91365 0.0136372
7.91465 0.114625
7.91534 0.115333
7.91675 0.116741
7.91713 0.0171173
7.91745 0.11743
7.92054 0.0205309
7.92086 0.12085
7.92086 0.0208504
7.92118 0.121157
7.9215 0.121489
7.92356 0.023536
7.925 0.124989
7.92532 0.0253095
7.92576 0.125753
7.9268 0.126793
7.92712 0.127107
7.9275 0.127489
7.92782 0.127808
7.9287 0.128688
7.93172 0.031714
7.9321 0.012097
7.9321 0.012097
7.9321 0.012097
7.93242 0.012412
7.93242 0.0120925
7.93242 0.0120925
7.93364 0.133627
7.93458 0.134568
7.93761 0.0375949
7.93855 0.138536
7.94132 0.141312
7.94186 0.0418504
7.94311 0.143102
7.94343 0.0434225
7.94624 0.0462304
7.94752 0.0475141
7.94977 0.0497587
7.95159 0.0515746
7.95212 0.0120963
7.95212 0.0120963
7.95212 0.0120963
7.95243 0.0124113
7.95243 0.0120918
7.95243 0.0120918
7.959 0.158993
7.95988 0.159872
7.97212 0.0721054
7.97224 0.0122372
7.97224 0.0122372
7.97224 0.0122372
7.97244 0.0124277
7.97244 0.0121082
7.97244 0.0121082
7.97387 0.0738637
7.97519 0.0751785
7.97551 0.075498
7.97664 0.0766319
7.97758 0.0775678
7.97868 0.0786649
7.98002 0.0800109
7.98249 0.0824765
7.98411 0.0841024
7.98443 0.0844219
7.98525 0.0852319
7.9856 0.0855897
7.98632 0.0863136
7.98814 0.0881255
7.98867 0.0886633
7.98899 0.0889828
7.99105 0.0910441
7.99172 0.0917058
7.99172 0.0916997
7.99212 0.0121006
7.99212 0.0121006
7.99212 0.0121006
7.99244 0.0124156
7.99244 0.0120961
7.99244 0.0120961
7.99295 0.0929353
7.99327 0.0932599
7.99359 0.0935743
7.99359 0.093571
7.99478 0.0947701
7.99528 0.0952708
7.99619 0.0961813
7.99688 0.0968741
7.99752 0.0975046
7.99808 0.098073
8.00123 0.101223
8.00155 0.101542
8.00231 0.102295
8.00263 0.102617
8.00307 0.103061
8.00364 0.103629
8.00446 0.104446
8.00658 0.106568
8.00699 0.106981
8.00731 0.1073
8.0085 0.10849
8.01025 0.110241
8.01057 0.11056
8.0121 0.112093
8.01242 0.0124131
8.01274 0.112732
8.01287 0.0125415
8.01287 0.0125415
8.01287 0.0125415
8.01287 0.0125415
8.01287 0.012222
8.01287 0.012222
8.013 0.0123504
8.01363 0.01362
8.0146 0.114586
8.01533 0.115316
8.0168 0.116786
8.01712 0.0171088
8.01744 0.11743
8.02037 0.120354
8.02069 0.120677
8.02069 0.0206776
8.02069 0.0206776
8.0215 0.121494
8.02347 0.0234567
8.02501 0.124995
8.02532 0.0253149
8.02577 0.125758
8.02677 0.126768
8.02709 0.127081
8.0275 0.127494
8.02782 0.127814
8.02889 0.12888
8.0317 0.0316883
8.03211 0.0121024
8.03211 0.0121024
8.03211 0.0121024
8.03242 0.0124175
8.03242 0.0120979
8.03242 0.0120979
8.03364 0.133632
8.03455 0.134543
8.03758 0.0375692
8.03852 0.13851
8.0412 0.141193
8.04193 0.041918
8.04312 0.143108
8.04344 0.043428
8.04621 0.0462047
8.04753 0.0475195
8.04978 0.0497728
8.05171 0.0517044
8.05212 0.0121017
8.05212 0.0121017
8.05212 0.0121017
8.05244 0.0124168
8.05244 0.0120973
8.05244 0.0120973
8.05901 0.158998
8.05995 0.15994
8.07212 0.0721109
8.07225 0.0122426
8.07225 0.0122426
8.07225 0.0122426
8.07244 0.0124332
8.07244 0.0121137
8.07244 0.0121137
8.07385 0.073838
8.07519 0.0751839
8.07551 0.0755034
8.07661 0.0766063
8.07755 0.0775421
8.07871 0.0787015
8.08003 0.0800163
8.08246 0.0824509
8.08412 0.0841078
8.08444 0.0844274
8.08516 0.0851473
8.08557 0.085564
8.08633 0.086319
8.08814 0.0881396
8.08865 0.0886376
8.08897 0.0889571
8.09103 0.0910185
8.09169 0.0916801
8.09201 0.0920022
8.09214 0.0121145
8.09214 0.0121145
8.09214 0.0121145
8.09245 0.0124295
8.09245 0.01211
8.09245 0.01211
8.09293 0.0929181
8.09325 0.0932202
8.09357 0.0935571
8.09357 0.0935624
8.09476 0.094756
8.09526 0.0952536
8.09617 0.0961641
8.09687 0.0968569
8.09747 0.0974563
8.0981 0.0980868
8.10115 0.101144
8.10147 0.101463
8.10245 0.102436
8.10308 0.103066
8.10364 0.103635
8.10443 0.104421
8.10562 0.105598
8.10662 0.106615
8.10701 0.106997
8.10776 0.107752
8.10852 0.108507
8.11027 0.110257
8.11059 0.110576
8.11206 0.112047
8.11238 0.012367
8.1127 0.112686
8.11282 0.0124954
8.11282 0.0124954
8.11282 0.0124954
8.11282 0.0124954
8.11282 0.0121759
8.11282 0.0121759
8.11295 0.0123043
8.11365 0.013636
8.11456 0.114548
8.11537 0.115363
8.11678 0.116771
8.11713 0.0171024
8.11804 0.118023
8.12029 0.12028
8.12061 0.0206004
8.12093 0.0209199
8.12125 0.121221
8.12157 0.121558
8.12357 0.0235379
8.12501 0.124996
8.12533 0.0253168
8.12565 0.125635
8.1268 0.1268
8.12719 0.127177
8.12751 0.127496
8.12783 0.127816
8.1288 0.128788
8.1317 0.0316902
8.13211 0.0121043
8.13211 0.0121043
8.13211 0.0121043
8.13242 0.0124193
8.13242 0.0120998
8.13242 0.0120998
8.13361 0.133603
8.13455 0.134545
8.13758 0.0375711
8.13849 0.138481
8.14127 0.141257
8.14184 0.0418266
8.14306 0.143047
8.14338 0.0433676
8.14622 0.0462066
8.14753 0.0475214
8.14978 0.0497522
8.15175 0.0517374
8.15212 0.0121036
8.15212 0.0121036
8.15212 0.0121036
8.15244 0.0124186
8.15244 0.0120991
8.15244 0.0120991
8.15901 0.159
8.15989 0.15988
8.17206 0.0720505
8.17219 0.0121823
8.17219 0.0121823
8.17219 0.0121823
8.17244 0.0124351
8.17244 0.0121155
8.17244 0.0121155
8.1736 0.073591
8.17516 0.0751547
8.17548 0.0754742
8.17661 0.0766081
8.17746 0.0774507
8.17868 0.0786722
8.18 0.0799871
8.18249 0.0824839
8.18415 0.0841408
8.18447 0.0844603
8.18479 0.0847792
8.18561 0.085597
8.18633 0.0863209
8.18814 0.088119
8.18865 0.0886395
8.18897 0.088959
8.19109 0.0910826
8.19169 0.091682
8.19201 0.0919816
8.19214 0.0121164
8.19214 0.0121164
8.19214 0.0121164
8.19245 0.0124314
8.19245 0.0121119
8.19245 0.0121119
8.19296 0.092951
8.19328 0.0932619
8.1936 0.0935901
8.1936 0.0935729
8.19476 0.0947558
8.19526 0.0952555
8.19611 0.0961038
8.19687 0.0968587
8.1975 0.0974893
8.1981 0.0980887
8.20119 0.101176
8.20151 0.101496
8.20245 0.102438
8.20302 0.103006
8.20365 0.103636
8.20453 0.104516
8.20559 0.105581
8.20659 0.106586
8.20695 0.106936
8.20754 0.107536
8.20842 0.108415
8.2103 0.11029
8.21062 0.110609
8.21206 0.112049
8.21238 0.0123689
8.2127 0.112688
8.21283 0.0124973
8.21283 0.0124973
8.21283 0.0124973
8.21283 0.0124973
8.21283 0.0121777
8.21283 0.0121777
8.21295 0.0123061
8.21365 0.0136379
8.21459 0.114559
8.21534 0.115334
8.21675 0.116742
8.21713 0.0171129
8.21817 0.118158
8.22032 0.120313
8.22064 0.0206334
8.22096 0.0209529
8.22128 0.121263
8.2216 0.121591
8.22354 0.0235174
8.22501 0.124998
8.22533 0.0253187
8.22577 0.125762
8.22681 0.126802
8.22713 0.127116
8.22779 0.127778
8.22811 0.128097
8.22874 0.128728
8.2317 0.031692
8.23211 0.0121062
8.23211 0.0121062
8.23211 0.0121062
8.23242 0.0124212
8.23242 0.0121017
8.23242 0.0121017
8.23361 0.133605
8.23456 0.134547
8.23758 0.0375729
8.23843 0.13842
8.24121 0.141197
8.2419 0.0418907
8.24312 0.143111
8.24344 0.0434317
8.24619 0.0461774
8.24766 0.0476477
8.24975 0.0497316
8.25175 0.0517393
8.25212 0.0121055
8.25212 0.0121055
8.25212 0.0121055
8.25244 0.0124205
8.25244 0.012101
8.25244 0.012101
8.25904 0.159033
8.25989 0.159881
8.27206 0.0720524
8.27219 0.0121841
8.27219 0.0121841
8.27219 0.0121841
8.27244 0.0124369
8.27244 0.0121174
8.27244 0.0121174
8.27385 0.0738418
8.27516 0.0751566
8.27548 0.0754761
8.27661 0.07661
8.27746 0.0774526
8.27862 0.0786119
8.28 0.079989
8.28249 0.0824857
8.28415 0.0841427
8.28447 0.0844622
8.28523 0.0852199
8.28561 0.0855989
8.28633 0.0863228
8.28814 0.0881295
8.28865 0.0886414
8.28897 0.0889609
8.29103 0.0910222
8.29169 0.0916839
8.29201 0.0919921
8.29214 0.0121183
8.29214 0.0121183
8.29214 0.0121183
8.29246 0.0124333
8.29246 0.0121138
8.29246 0.0121138
8.29305 0.0930462
8.29337 0.0933657
8.29337 0.0933657
8.29369 0.0936767
8.29485 0.0948489
8.29527 0.0952574
8.29605 0.0960434
8.29684 0.0968295
8.2975 0.0974912
8.2981 0.0980906
8.30078 0.100774
8.30123 0.101218
8.30245 0.102439
8.30302 0.103008
8.30362 0.103607
8.30453 0.104518
8.30565 0.105626
8.3066 0.106588
8.30698 0.106969
8.30773 0.107724
8.30843 0.108417
8.31024 0.110229
8.31056 0.110549
8.31215 0.112144
8.31247 0.0124641
8.31279 0.112783
8.31292 0.0125925
8.31292 0.0125925
8.31292 0.0125925
8.31292 0.0125925
8.31292 0.0122729
8.31292 0.0122729
8.31305 0.0124013
8.31365 0.0136398
8.31474 0.114725
8.31556 0.115553
8.31713 0.117117
8.31744 0.0174344
8.31817 0.118168
8.32029 0.120284
8.32061 0.0206041
8.32093 0.0209237
8.32125 0.121242
8.32157 0.121562
8.32354 0.0235279
8.32501 0.125
8.32533 0.0253206
8.32574 0.125733
8.32687 0.126861
8.32719 0.127186
8.32751 0.1275
8.32783 0.127819
8.3288 0.128792
8.3317 0.0316939
8.33211 0.0121081
8.33211 0.0121081
8.33211 0.0121081
8.33242 0.0124231
8.33242 0.0121036
8.33242 0.0121036
8.33362 0.133607
8.33453 0.134517
8.33758 0.0375748
8.33843 0.138422
8.34121 0.141199
8.34184 0.0418304
8.34312 0.143113
8.34344 0.0434336
8.34619 0.0461792
8.3475 0.0474941
8.34975 0.0497422
8.35172 0.05171
8.35213 0.0121074
8.35213 0.0121074
8.35213 0.0121074
8.35244 0.0124224
8.35244 0.0121029
8.35244 0.0121029
8.35901 0.159004
8.35989 0.159883
8.37206 0.0720543
8.37219 0.012186
8.37219 0.012186
8.37219 0.012186
8.37244 0.0124388
8.37244 0.0121193
8.37244 0.0121193
8.37385 0.0738436
8.37517 0.0751585
8.37549 0.075478
8.37661 0.0766119
8.37746 0.0774545
8.37868 0.078676
8.38 0.0799908
8.3825 0.0824876
8.38415 0.0841446
8.38447 0.0844641
8.38516 0.0851628
8.38561 0.0856008
8.38633 0.0863246
8.38814 0.08814
8.38865 0.0886433
8.38897 0.0889628
8.39106 0.0910552
8.39169 0.0916858
8.39201 0.0920026
8.39214 0.0121202
8.39214 0.0121202
8.39214 0.0121202
8.39246 0.0124352
8.39246 0.0121157
8.39246 0.0121157
8.39306 0.0930256
8.39338 0.0933676
8.39338 0.0933676
8.39369 0.0936873
8.39476 0.0947606
8.39527 0.0952593
8.39608 0.0960764
8.39675 0.0967381
8.3975 0.097493
8.3981 0.0980925
8.40078 0.100776
8.40123 0.10122
8.40242 0.10241
8.40302 0.10301
8.40362 0.103609
8.40453 0.10452
8.40562 0.105609
8.4066 0.106589
8.40698 0.106971
8.40776 0.107757
8.40843 0.108419
8.41027 0.110262
8.41059 0.110582
8.41206 0.112052
8.41238 0.0123726
8.4127 0.112691
8.41283 0.012501
8.41283 0.012501
8.41283 0.012501
8.41283 0.012501
8.41283 0.0121815
8.41283 0.0121815
8.41296 0.0123099
8.41365 0.0136417
8.41456 0.114549
8.4155 0.115493
8.41675 0.116746
8.4171 0.0171028
8.41805 0.118023
8.42029 0.120286
8.42061 0.020606
8.42093 0.0209255
8.42125 0.121222
8.42157 0.121564
8.42354 0.0235384
8.42501 0.125002
8.42533 0.0253224
8.42574 0.125734
8.42681 0.126806
8.42731 0.127307
8.42763 0.127626
8.42795 0.127946
8.42896 0.128949
8.4317 0.0316958
8.43211 0.01211
8.43211 0.01211
8.43211 0.01211
8.43243 0.012425
8.43243 0.0121055
8.43243 0.0121055
8.43359 0.133578
8.43453 0.134519
8.43758 0.0375767
8.43843 0.138424
8.44121 0.141201
8.44184 0.0418323
8.44306 0.143053
8.44338 0.0433733
8.44619 0.0461811
8.44766 0.0476515
8.44978 0.0497527
8.45172 0.0517119
8.45213 0.0121093
8.45213 0.0121093
8.45213 0.0121093
8.45244 0.0124243
8.45244 0.0121048
8.45244 0.0121048
8.45904 0.159037
8.45989 0.159885
8.47206 0.0720562
8.47219 0.0121879
8.47219 0.0121879
8.47219 0.0121879
8.47241 0.0124096
8.47241 0.0120901
8.47241 0.0120901
8.47385 0.0738455
8.47464 0.0746316
8.47524 0.075231
8.47661 0.0766138
8.47743 0.0774253
8.47868 0.0786779
8.48 0.0799927
8.4825 0.0824895
8.48412 0.0841154
8.48444 0.0844349
8.48517 0.0851369
8.48561 0.0856027
8.48633 0.0863265
8.48815 0.0881195
8.48865 0.0886452
8.48897 0.0889647
8.49103 0.091026
8.49169 0.0916876
8.49201 0.0920132
8.49214 0.0121221
8.49214 0.0121221
8.49214 0.0121221
8.49246 0.0124371
8.49246 0.0121176
8.49246 0.0121176
8.49293 0.0929256
8.49325 0.0932312
8.49357 0.0935646
8.49357 0.0935423
8.49479 0.0947901
8.49527 0.0952611
8.49612 0.0961094
8.49675 0.09674
8.4975 0.0974949
8.4981 0.0980944
8.50078 0.100778
8.50123 0.101222
8.50242 0.102412
8.50274 0.102732
8.50362 0.103611
8.50453 0.104521
8.50566 0.105654
8.50663 0.106622
8.50698 0.106973
8.50755 0.107541
8.50843 0.108421
8.51033 0.110327
8.51065 0.110646
8.512 0.111992
8.51232 0.0123123
8.51264 0.112631
8.51277 0.0124407
8.51277 0.0124407
8.51277 0.0124407
8.51277 0.0124407
8.51277 0.0121212
8.51277 0.0121212
8.51289 0.0122496
8.51365 0.0136436
8.51459 0.11459
8.51556 0.115557
8.51682 0.11681
8.51714 0.0171134
8.51805 0.118034
8.52029 0.120288
8.52061 0.0206079
8.52093 0.0209274
8.52125 0.121232
8.52157 0.121566
8.52354 0.0235178
8.52501 0.125004
8.52533 0.0253243
8.52574 0.125736
8.52678 0.126771
8.5271 0.127096
8.52782 0.127815
8.52814 0.128134
8.5288 0.128796
8.53167 0.0316666
8.53211 0.0121119
8.53211 0.0121119
8.53211 0.0121119
8.53243 0.0124269
8.53243 0.0121074
8.53243 0.0121074
8.53362 0.133611
8.53456 0.134552
8.53758 0.0375786
8.5384 0.138395
8.54121 0.141203
8.54184 0.0418341
8.54312 0.143117
8.54344 0.0434374
8.54619 0.046183
8.54766 0.0476534
8.54975 0.0497321
8.55172 0.0517138
8.55213 0.0121112
8.55213 0.0121112
8.55213 0.0121112
8.55244 0.0124262
8.55244 0.0121067
8.55244 0.0121067
8.55901 0.159008
8.5598 0.159794
8.57206 0.0720581
8.57219 0.0121898
8.57219 0.0121898
8.57219 0.0121898
8.57241 0.0124115
8.57241 0.012092
8.57241 0.012092
8.57385 0.0738474
8.57517 0.0751622
8.57549 0.0754818
8.57662 0.0766157
8.57743 0.0774271
8.57878 0.0787731
8.58 0.0799946
8.5825 0.0824914
8.58412 0.0841173
8.58444 0.0844368
8.5852 0.0851732
8.58561 0.0856046
8.58633 0.0863284
8.58815 0.08813
8.58865 0.088647
8.58897 0.0889665
8.59103 0.0910279
8.5917 0.0916895
8.59201 0.0919926
8.59214 0.0121239
8.59214 0.0121239
8.59214 0.0121239
8.59246 0.012439
8.59246 0.0121194
8.59246 0.0121194
8.59296 0.0929586
8.59328 0.0932729
8.5936 0.0935976
8.5936 0.0935839
8.59486 0.0948302
8.59527 0.095263
8.59606 0.0960491
8.59684 0.0968352
8.5975 0.0974968
8.5981 0.0980963
8.60116 0.101153
8.60148 0.101472
8.60245 0.102445
8.60289 0.102889
8.60362 0.103613
8.60453 0.104523
8.60566 0.105637
8.60669 0.106686
8.60701 0.107006
8.60761 0.107605
8.60843 0.108423
8.61024 0.110235
8.61056 0.110555
8.61216 0.112149
8.61247 0.0124697
8.61279 0.112788
8.61292 0.0125981
8.61292 0.0125981
8.61292 0.0125981
8.61292 0.0125981
8.61292 0.0122786
8.61292 0.0122786
8.61305 0.012407
8.61365 0.0136454
8.61469 0.114663
8.61547 0.115466
8.61707 0.11706
8.61739 0.0173727
8.61817 0.118169
8.62036 0.120352
8.62068 0.020672
8.62068 0.020672
8.62103 0.121017
8.62138 0.121372
8.62353 0.0235199
8.625 0.124997
8.62532 0.0253177
8.62564 0.125636
8.6268 0.126801
8.62712 0.127115
8.62772 0.127715
8.62804 0.128034
8.6288 0.128789
8.6317 0.0316911
8.63214 0.0121053
8.63214 0.0121053
8.63214 0.0121053
8.63245 0.0124203
8.63245 0.0121008
8.63245 0.0121008
8.63361 0.133604
8.63455 0.134546
8.63758 0.037572
8.63843 0.138419
8.6412 0.141196
8.64183 0.0418276
8.64312 0.14311
8.64344 0.0434308
8.64621 0.0462075
8.6475 0.0474913
8.64974 0.0497342
8.65171 0.0517072
8.65212 0.0121046
8.65212 0.0121046
8.65212 0.0121046
8.65244 0.0124196
8.65244 0.0121001
8.65244 0.0121001
8.65904 0.159032
8.65992 0.159912
8.67206 0.0720515
8.67218 0.0121832
8.67218 0.0121832
8.67218 0.0121832
8.67244 0.012436
8.67244 0.0121165
8.67244 0.0121165
8.67385 0.0738408
8.67519 0.0751868
8.67551 0.0755063
8.67664 0.0766091
8.67746 0.0774517
8.67868 0.0786732
8.67999 0.079988
8.68252 0.0825159
8.68412 0.0841107
8.68444 0.0844302
8.68559 0.0855895
8.68632 0.0863134
8.68686 0.0868353
8.68814 0.0881321
8.68865 0.0886405
8.68897 0.08896
8.69106 0.0910524
8.69169 0.0916829
8.69201 0.0919947
8.69214 0.0121174
8.69214 0.0121174
8.69214 0.0121174
8.69245 0.0124324
8.69245 0.0121129
8.69245 0.0121129
8.69308 0.0930798
8.6934 0.0933959
8.6934 0.0933959
8.69372 0.0937104
8.69479 0.0947593
8.69526 0.0952564
8.69611 0.0961047
8.69683 0.0968286
8.6975 0.0974902
8.69809 0.0980897
8.70115 0.101146
8.70147 0.101466
8.70244 0.102439
8.70292 0.102914
8.70361 0.103606
8.70452 0.104517
8.70559 0.10558
8.70669 0.10668
8.707 0.106999
8.70776 0.107754
8.70842 0.108416
8.71023 0.110229
8.71055 0.110548
8.71215 0.112143
8.71247 0.0124631
8.71279 0.112782
8.71292 0.0125915
8.71292 0.0125915
8.71292 0.0125915
8.71292 0.0125915
8.71292 0.012272
8.71292 0.012272
8.71304 0.0124004
8.71364 0.0136389
8.71468 0.114665
8.7155 0.11549
8.71675 0.116743
8.71716 0.017157
8.71813 0.118109
8.72035 0.120345
8.72067 0.0206654
8.72067 0.0206654
8.72099 0.120988
8.72137 0.121366
8.72353 0.023522
8.72503 0.125022
8.72535 0.0253423
8.72576 0.125754
8.72679 0.126789
8.72679 0.126764
8.7278 0.127793
8.72812 0.128112
8.72865 0.12865
8.73168 0.0316761
8.73212 0.0120902
8.73212 0.0120902
8.73212 0.0120902
8.73247 0.0124363
8.73247 0.0121168
8.73247 0.0121168
8.73359 0.133589
8.73454 0.134531
8.73756 0.037557
8.73841 0.138404
8.74119 0.141181
8.74191 0.0419058
8.74307 0.143064
8.74339 0.0433846
8.7462 0.0461925
8.74751 0.0475073
8.74973 0.0497278
8.7517 0.0516922
8.75214 0.0121206
8.75214 0.0121206
8.75214 0.0121206
8.75245 0.0124356
8.75245 0.0121161
8.75245 0.0121161
8.75902 0.159017
8.75987 0.159865
8.77207 0.0720675
8.7722 0.0121993
8.7722 0.0121993
8.7722 0.0121993
8.77242 0.012421
8.77242 0.0121014
8.77242 0.0121014
8.77383 0.0738258
8.77518 0.0751717
8.7755 0.0754912
8.77675 0.0767184
8.77744 0.0774366
8.77866 0.0786581
8.78001 0.0800041
8.78251 0.0825009
8.78413 0.0841267
8.78445 0.0844462
8.78558 0.0855744
8.78633 0.0863294
8.78687 0.0868462
8.78815 0.0881256
8.78863 0.0886254
8.78895 0.0889449
8.79101 0.0910062
8.7917 0.091699
8.79202 0.0920193
8.79215 0.0121334
8.79215 0.0121334
8.79215 0.0121334
8.79244 0.0124173
8.79244 0.0120978
8.79244 0.0120978
8.79288 0.0928747
8.7932 0.0931752
8.79352 0.0935137
8.79352 0.0935173
8.79477 0.0947673
8.79525 0.0952414
8.79609 0.0960897
8.79672 0.0967202
8.79751 0.0975063
8.79808 0.0980746
8.80117 0.101162
8.80149 0.101482
8.80243 0.102423
8.80284 0.102836
8.80363 0.103622
8.80451 0.104502
8.80563 0.105608
8.80661 0.106603
8.80699 0.106984
8.80777 0.10777
8.80853 0.108525
8.81028 0.110276
8.81138 0.111373
8.81207 0.112066
8.81239 0.0123859
8.81271 0.112705
8.81284 0.0125143
8.81284 0.0125143
8.81284 0.0125143
8.81284 0.0125143
8.81284 0.0121948
8.81284 0.0121948
8.81297 0.0123231
8.81363 0.0136238
8.81454 0.114534
8.81545 0.115444
8.81683 0.116821
8.81714 0.0171195
8.81806 0.11804
8.82033 0.12033
8.82065 0.0206504
8.82097 0.0209699
8.82129 0.12127
8.82161 0.121608
8.82355 0.023524
8.82505 0.125046
8.82537 0.0253668
8.82575 0.125748
8.82679 0.126757
8.82711 0.127102
8.82771 0.127702
8.82803 0.128021
8.82875 0.128745
8.83174 0.0317402
8.83212 0.0120921
8.83212 0.0120921
8.83212 0.0120921
8.83247 0.0124382
8.83247 0.0121187
8.83247 0.0121187
8.83366 0.133653
8.83454 0.134532
8.83756 0.0375588
8.83841 0.138406
8.84119 0.141183
8.84182 0.0418144
8.8431 0.143097
8.84342 0.0434176
8.8462 0.0461944
8.84767 0.0476647
8.84976 0.0497383
8.8517 0.0516941
8.85211 0.0120914
8.85211 0.0120914
8.85211 0.0120914
8.85245 0.0124375
8.85245 0.012118
8.85245 0.012118
8.85902 0.159019
8.8599 0.159898
8.87207 0.0720694
8.8722 0.0122011
8.8722 0.0122011
8.8722 0.0122011
8.87242 0.0124228
8.87242 0.0121033
8.87242 0.0121033
8.87383 0.0738277
8.87515 0.0751425
8.87547 0.075462
8.87675 0.0767203
8.87744 0.0774385
8.87879 0.0787844
8.88001 0.080006
8.88257 0.0825649
8.88413 0.0841286
8.88445 0.0844481
8.88558 0.0855763
8.88633 0.0863313
8.88684 0.0868118
8.88816 0.0881362
8.88863 0.0886273
8.88895 0.0889468
8.89104 0.0910392
8.8917 0.0917009
8.89202 0.0919988
8.89215 0.0121353
8.89215 0.0121353
8.89215 0.0121353
8.89244 0.0124192
8.89244 0.0120997
8.89244 0.0120997
8.89294 0.0929388
8.89326 0.0932479
8.89358 0.0935778
8.89358 0.093559
8.89483 0.0948074
8.89528 0.0952744
8.89603 0.0960293
8.89673 0.0967221
8.89751 0.0975082
8.89808 0.0980765
8.90117 0.101164
8.90149 0.101484
8.90246 0.102456
8.9029 0.1029
8.90363 0.103624
8.90451 0.104504
8.90567 0.105654
8.90679 0.106791
8.90711 0.107111
8.90774 0.107741
8.90841 0.108403
8.91025 0.110246
8.91057 0.110566
8.9122 0.112192
8.91251 0.0125122
8.91283 0.112831
8.91296 0.0126406
8.91296 0.0126406
8.91296 0.0126406
8.91296 0.0126406
8.91296 0.012321
8.91296 0.012321
8.91309 0.0124494
8.91363 0.0136257
8.91463 0.114607
8.91548 0.115477
8.9168 0.116792
8.91715 0.0171301
8.91809 0.118082
8.9204 0.120394
8.92072 0.0207145
8.92072 0.0207145
8.92104 0.121023
8.92139 0.121384
8.92354 0.0235261
8.92504 0.12504
8.92536 0.0253602
8.92574 0.125741
8.92693 0.126906
8.92744 0.127438
8.92776 0.127757
8.92808 0.128077
8.92877 0.128769
8.93167 0.0316714
8.93214 0.0121166
8.93214 0.0121166
8.93214 0.0121166
8.93246 0.0124316
8.93246 0.0121121
8.93246 0.0121121
8.93362 0.133615
8.93447 0.134464
8.93755 0.0375523
8.9384 0.1384
8.94121 0.141208
8.94181 0.0418078
8.94306 0.14306
8.94338 0.0433799
8.94625 0.04625
8.94751 0.0475026
8.94975 0.0497403
8.95169 0.0516875
8.95213 0.0121159
8.95213 0.0121159
8.95213 0.0121159
8.95244 0.0124309
8.95244 0.0121114
8.95244 0.0121114
8.95902 0.159013
8.9599 0.159892
8.97207 0.0720628
8.97219 0.0121634
8.97219 0.0121634
8.97219 0.0121634
8.97245 0.0124163
8.97245 0.0120967
8.97245 0.0120967
8.97382 0.0738211
8.97517 0.075167
8.97549 0.0754865
8.97674 0.0767137
8.97743 0.0774319
8.97862 0.0786223
8.98 0.0799994
8.9825 0.0824962
8.98412 0.084122
8.98444 0.0844415
8.9856 0.0856009
8.98633 0.0863247
8.98686 0.0868622
8.98815 0.0881382
8.98862 0.0886207
8.98894 0.0889402
8.99107 0.0910637
8.9917 0.0916943
8.9917 0.0916813
8.99214 0.0121202
8.99214 0.0121202
8.99214 0.0121202
8.99245 0.0124353
8.99245 0.0121157
8.99245 0.0121157
8.99308 0.0930775
8.9934 0.0933988
8.9934 0.0933988
8.99372 0.0937081
8.99491 0.0948972
8.99526 0.0952593
8.99605 0.0960454
8.99683 0.0968315
8.9975 0.0974931
8.9981 0.0980926
9.00115 0.101149
9.00147 0.101469
9.00244 0.102441
9.00283 0.102823
9.00361 0.103609
9.00452 0.10452
9.00565 0.105617
9.00659 0.106587
9.00697 0.106969
9.00779 0.107786
9.00839 0.108386
9.01023 0.110229
9.01136 0.111358
9.01215 0.112144
9.01247 0.012464
9.01279 0.112783
9.01291 0.0125924
9.01291 0.0125924
9.01291 0.0125924
9.01291 0.0125924
9.01291 0.0122728
9.01291 0.0122728
9.01304 0.0124012
9.01364 0.0136397
9.01468 0.114661
9.01546 0.11546
9.01675 0.116744
9.01716 0.0171527
9.0181 0.118073
9.02032 0.120315
9.02064 0.0206352
9.02096 0.0209547
9.02128 0.121272
9.0216 0.121593
9.02353 0.0235261
9.02503 0.125031
9.02535 0.0253516
9.0257 0.125701
9.0268 0.126773
9.02712 0.127118
9.02778 0.12778
9.0281 0.128099
9.02895 0.128947
9.03173 0.0317249
9.03214 0.012108
9.03214 0.012108
9.03214 0.012108
9.03245 0.012423
9.03245 0.0121035
9.03245 0.0121035
9.03361 0.133607
9.03452 0.134517
9.03758 0.0375747
9.03842 0.138422
9.0412 0.141199
9.0418 0.0417992
9.04305 0.143051
9.04337 0.0433713
9.04618 0.0461791
9.0475 0.047494
9.04974 0.0497404
9.05168 0.0516788
9.05212 0.0121073
9.05212 0.0121073
9.05212 0.0121073
9.05244 0.0124223
9.05244 0.0121028
9.05244 0.0121028
9.05901 0.159004
9.05992 0.159914
9.07206 0.0720542
9.07218 0.0121548
9.07218 0.0121548
9.07218 0.0121548
9.07247 0.0124387
9.07247 0.0121192
9.07247 0.0121192
9.07381 0.0738124
9.07516 0.0751584
9.07548 0.0754779
9.07664 0.0766118
9.07752 0.0775166
9.07865 0.0786448
9.07999 0.0799907
9.08255 0.0825497
9.08415 0.0841445
9.08447 0.084464
9.08559 0.0855922
9.08632 0.0863161
9.08686 0.0868484
9.08823 0.0882316
9.08861 0.0886121
9.08893 0.0889316
9.09106 0.0910551
9.09169 0.0916857
9.09169 0.0916813
9.09213 0.0121116
9.09213 0.0121116
9.09213 0.0121116
9.09244 0.0124266
9.09244 0.0121071
9.09244 0.0121071
9.09307 0.0930465
9.09339 0.0933902
9.09339 0.0933902
9.09371 0.0937081
9.09478 0.0947757
9.09522 0.0952196
9.0961 0.096099
9.09686 0.0968539
9.09749 0.0974845
9.09805 0.0980528
9.10114 0.101141
9.10146 0.10146
9.10243 0.102433
9.10282 0.102815
9.1036 0.103601
9.10451 0.104511
9.10564 0.105623
9.10671 0.106705
9.10703 0.107025
9.10772 0.107718
9.10841 0.10841
9.11022 0.110223
9.11054 0.110542
9.11214 0.112137
9.11246 0.0124574
9.11278 0.112776
9.11291 0.0125858
9.11291 0.0125858
9.11291 0.0125858
9.11291 0.0125858
9.11291 0.0122663
9.11291 0.0122663
9.11303 0.0123947
9.11363 0.0136331
9.11467 0.114663
9.11549 0.115484
9.11674 0.116737
9.11715 0.0171237
9.11803 0.118013
9.12047 0.120464
9.12079 0.0207841
9.12079 0.0207841
9.1211 0.121079
9.12142 0.121422
9.12355 0.0235197
9.12502 0.125016
9.12534 0.0253365
9.12566 0.125655
9.12669 0.12669
9.12701 0.126984
9.1278 0.127796
9.12812 0.128115
9.12869 0.128684
9.13165 0.0316477
9.13215 0.012124
9.13215 0.012124
9.13215 0.012124
9.13247 0.0124391
9.13247 0.0121196
9.13247 0.0121196
9.13359 0.133592
9.13447 0.134471
9.13753 0.0375286
9.1385 0.1385
9.14125 0.141246
9.14182 0.0418152
9.14304 0.143036
9.14339 0.0433874
9.14623 0.0462263
9.14754 0.0475411
9.14973 0.0497028
9.15166 0.0516638
9.15214 0.0121234
9.15214 0.0121234
9.15214 0.0121234
9.15245 0.0124384
9.15245 0.0121189
9.15245 0.0121189
9.15899 0.158989
9.15987 0.159868
9.17204 0.0720392
9.17217 0.0121398
9.17217 0.0121398
9.17217 0.0121398
9.17245 0.0124237
9.17245 0.0121042
9.17245 0.0121042
9.1738 0.0737974
9.17514 0.0751433
9.17546 0.0754628
9.17662 0.0765968
9.17741 0.0774082
9.17863 0.0786297
9.17998 0.0799757
9.1825 0.0825036
9.18416 0.0841606
9.18448 0.0844801
9.18561 0.0856083
9.18633 0.0863321
9.18687 0.0868593
9.18815 0.0881318
9.1886 0.088597
9.18892 0.0889165
9.19104 0.0910401
9.19167 0.0916706
9.19199 0.0919633
9.19212 0.012105
9.19212 0.012105
9.19212 0.012105
9.19247 0.0124511
9.19247 0.0121316
9.19247 0.0121316
9.19307 0.0930485
9.19338 0.0933836
9.19338 0.0933836
9.1937 0.0936791
9.1948 0.0947807
9.19525 0.0952441
9.19612 0.0961235
9.19682 0.0968163
9.19748 0.0974779
9.19805 0.0980462
9.20114 0.101134
9.20145 0.101454
9.20243 0.102426
9.20281 0.102808
9.20369 0.103687
9.20447 0.104473
9.20554 0.105535
9.2067 0.106699
9.20702 0.107018
9.20759 0.107587
9.20853 0.108528
9.21016 0.110154
9.21057 0.110567
9.21207 0.112068
9.21239 0.0123886
9.21271 0.112707
9.21284 0.012517
9.21284 0.012517
9.21284 0.012517
9.21284 0.012517
9.21284 0.0121975
9.21284 0.0121975
9.21297 0.0123259
9.21366 0.0136576
9.21463 0.114603
9.21529 0.115291
9.21695 0.116948
9.21727 0.0172501
9.21821 0.118202
9.2204 0.120395
9.22072 0.0207153
9.22072 0.0207153
9.22104 0.121018
9.22139 0.121385
9.22354 0.0235217
9.22504 0.125041
9.22536 0.025361
9.22568 0.12568
9.22681 0.126783
9.22713 0.127127
9.22785 0.127851
9.22817 0.128171
9.22865 0.128646
9.23167 0.0316722
9.23214 0.0121175
9.23214 0.0121175
9.23214 0.0121175
9.23246 0.0124325
9.23246 0.012113
9.23246 0.012113
9.23352 0.133523
9.2345 0.134496
9.23755 0.0375531
9.23843 0.138432
9.24118 0.141177
9.24181 0.0418086
9.24303 0.143029
9.24335 0.0433497
9.24616 0.0461575
9.24757 0.0475657
9.24972 0.0497049
9.25166 0.0516572
9.25213 0.0121168
9.25213 0.0121168
9.25213 0.0121168
9.25244 0.0124318
9.25244 0.0121123
9.25244 0.0121123
9.25901 0.159013
9.25986 0.159862
9.27203 0.0720326
9.27216 0.0121332
9.27216 0.0121332
9.27216 0.0121332
9.27248 0.0124482
9.27248 0.0121287
9.27248 0.0121287
9.27379 0.0737908
9.27514 0.0751368
9.27546 0.0754563
9.27662 0.0765902
9.2774 0.0774016
9.27862 0.0786232
9.27997 0.0799691
9.28253 0.0825281
9.28412 0.0841229
9.28444 0.0844424
9.2856 0.0856017
9.28633 0.0863256
9.28686 0.0868475
9.28815 0.0881339
9.28862 0.0886215
9.28894 0.088941
9.29103 0.0910335
9.29166 0.091664
9.29198 0.0919654
9.29214 0.0121295
9.29214 0.0121295
9.29214 0.0121295
9.29246 0.0924556
9.29259 0.0125774
9.29259 0.0122579
9.29259 0.0122579
9.29304 0.0930349
9.29335 0.0933544
9.29367 0.0936585
9.29483 0.0948116
9.29525 0.095246
9.296 0.096001
9.29679 0.096787
9.29739 0.0973865
9.29805 0.0980481
9.30101 0.101011
9.30133 0.101331
9.30243 0.102428
9.303 0.102996
9.30369 0.103689
9.30413 0.104133
9.30563 0.105611
9.30661 0.106607
9.30696 0.106958
9.30759 0.107588
9.30847 0.108468
9.31022 0.110218
9.31144 0.11144
9.31207 0.11207
9.31239 0.0123594
9.31271 0.112709
9.31284 0.0124878
9.31284 0.0124878
9.31284 0.0124878
9.31284 0.0124878
9.31284 0.0121683
9.31284 0.0121683
9.31297 0.0122966
9.31366 0.0136284
9.31454 0.11452
9.31545 0.115449
9.31673 0.116732
9.31711 0.0171051
9.31815 0.118119
9.32033 0.120335
9.32065 0.0206239
9.32097 0.0209434
9.32129 0.121286
9.32129 0.121293
9.32351 0.0235012
9.32501 0.125011
9.32533 0.0253007
9.32565 0.12565
9.32684 0.126816
9.32716 0.12716
9.32716 0.12716
9.32792 0.127915
9.32867 0.12867
9.3317 0.0316656
9.33214 0.0121109
9.33214 0.0121109
9.33214 0.0121109
9.33245 0.0124259
9.33245 0.0121064
9.33245 0.0121064
9.33345 0.133454
9.33452 0.13452
9.33758 0.0375465
9.33846 0.138456
9.3412 0.141202
9.34183 0.0418021
9.34315 0.143147
9.34347 0.0434364
9.34618 0.0461509
9.3475 0.0474658
9.34971 0.049707
9.35171 0.0516817
9.35212 0.0121102
9.35212 0.0121102
9.35212 0.0121102
9.35244 0.0124252
9.35244 0.0121057
9.35244 0.0121057
9.35901 0.159007
9.35989 0.159886
9.37206 0.072026
9.37218 0.0121577
9.37218 0.0121577
9.37218 0.0121577
9.37247 0.0124416
9.37247 0.0121221
9.37247 0.0121221
9.37381 0.0737842
9.37513 0.0750991
9.37545 0.0754186
9.37664 0.0766147
9.37752 0.0774884
9.37865 0.0786166
9.38002 0.0799936
9.38252 0.0824904
9.38408 0.0840541
9.3844 0.0843736
9.38563 0.0855951
9.38635 0.086319
9.38689 0.0868669
9.38814 0.0881359
9.38846 0.0884283
9.3889 0.0888723
9.39103 0.0909958
9.39169 0.091679
9.39169 0.0916574
9.39213 0.0121145
9.39213 0.0121145
9.39213 0.0121145
9.39245 0.0924266
9.39258 0.0125624
9.39258 0.0122429
9.39258 0.0122429
9.39293 0.0928954
9.39334 0.0933082
9.39366 0.0936521
9.39497 0.094944
9.39529 0.0952621
9.39614 0.0961103
9.39686 0.0968342
9.39743 0.0974025
9.39809 0.0980642
9.40106 0.101028
9.40138 0.101347
9.40198 0.101946
9.4023 0.102286
9.40302 0.10299
9.40334 0.103309
9.40413 0.104095
9.40672 0.106686
9.40704 0.107005
9.40736 0.107325
9.40855 0.108515
9.41014 0.11011
9.41046 0.110429
9.4114 0.111371
9.41234 0.0123132
9.41266 0.112632
9.41279 0.0124416
9.41279 0.0124416
9.41279 0.0124416
9.41279 0.0124416
9.41279 0.0121221
9.41279 0.0121221
9.41292 0.0122505
9.41367 0.0136445
9.41455 0.114545
9.41543 0.115402
9.41622 0.116188
9.41666 0.116642
9.41714 0.0171072
9.42038 0.120351
9.4207 0.020671
9.4207 0.020671
9.42108 0.121054
9.4214 0.121371
9.42353 0.0234947
9.42506 0.125028
9.42538 0.0253479
9.42573 0.125698
9.42683 0.1268
9.42714 0.127114
9.42746 0.127434
9.42806 0.128033
9.42869 0.128664
9.43169 0.031659
9.43213 0.0121043
9.43213 0.0121043
9.43213 0.0121043
9.43247 0.0124504
9.43247 0.0121309
9.43247 0.0121309
9.43357 0.133541
9.43451 0.134482
9.43757 0.0375399
9.43845 0.138418
9.44123 0.141195
9.44183 0.0417955
9.44317 0.143141
9.44349 0.0434609
9.44627 0.0462376
9.44749 0.0474592
9.44974 0.049709
9.4517 0.0516751
9.45211 0.0121036
9.45211 0.0121036
9.45211 0.0121036
9.45246 0.0124497
9.45246 0.0121302
9.45246 0.0121302
9.45906 0.159031
9.45985 0.159817
9.47205 0.0720194
9.47218 0.0121511
9.47218 0.0121511
9.47218 0.0121511
9.47246 0.012435
9.47246 0.0121155
9.47246 0.0121155
9.47384 0.0738087
9.47515 0.0751236
9.47547 0.0754431
9.47669 0.0766703
9.47745 0.0774196
9.47867 0.0786411
9.48002 0.079987
9.48251 0.0824838
9.48408 0.0840475
9.4844 0.084367
9.48562 0.0855885
9.48634 0.0863124
9.48688 0.0868551
9.48832 0.0882935
9.48864 0.0886084
9.48896 0.0889279
9.49105 0.0910203
9.49171 0.091682
9.49203 0.0920006
9.49216 0.0121475
9.49216 0.0121475
9.49216 0.0121475
9.49248 0.0924767
9.49261 0.0125954
9.49261 0.0122759
9.49261 0.0122759
9.49296 0.0929284
9.49334 0.0933101
9.49366 0.0936315
9.49476 0.0947397
9.49508 0.0950462
9.49608 0.09605
9.49674 0.0967117
9.4975 0.0974666
9.4981 0.0980661
9.50106 0.101029
9.50138 0.101349
9.50198 0.101948
9.5023 0.102277
9.50302 0.102992
9.50371 0.103684
9.50416 0.104128
9.50675 0.106719
9.50707 0.107038
9.50707 0.107038
9.50854 0.108508
9.51029 0.110259
9.51061 0.110578
9.51143 0.111395
9.51234 0.0123066
9.51266 0.112625
9.51278 0.012435
9.51278 0.012435
9.51278 0.012435
9.51278 0.012435
9.51278 0.0121155
9.51278 0.0121155
9.51291 0.0122439
9.51367 0.0136379
9.51455 0.114516
9.51546 0.115427
9.5168 0.116773
9.51712 0.117119
9.51712 0.0171008
9.52033 0.120305
9.52065 0.0206249
9.52097 0.0209444
9.52129 0.121273
9.52161 0.121583
9.52352 0.0234968
9.52508 0.125052
9.5254 0.0253724
9.52572 0.125691
9.52682 0.126794
9.52717 0.127139
9.52749 0.127458
9.5279 0.127871
9.52869 0.128657
9.53171 0.0316836
9.53215 0.0121288
9.53215 0.0121288
9.53215 0.0121288
9.53247 0.0124438
9.53247 0.0121243
9.53247 0.0121243
9.53366 0.133628
9.53451 0.134476
9.53756 0.0375334
9.53847 0.138443
9.54122 0.141189
9.54182 0.0417889
9.54307 0.143041
9.54339 0.043361
9.54623 0.0462
9.54754 0.0475148
9.54973 0.0497111
9.5517 0.0516686
9.55214 0.0121281
9.55214 0.0121281
9.55214 0.0121281
9.55245 0.0124431
9.55245 0.0121236
9.55245 0.0121236
9.55902 0.158994
9.55984 0.159811
9.57207 0.0720439
9.5722 0.0121756
9.5722 0.0121756
9.5722 0.0121756
9.57245 0.0124284
9.57245 0.0121089
9.57245 0.0121089
9.57383 0.0738022
9.57511 0.0750859
9.57543 0.0754054
9.57662 0.0766015
9.57747 0.0774441
9.57866 0.0786345
9.58001 0.0799805
9.58254 0.0825083
9.58416 0.0841342
9.58448 0.0844537
9.58564 0.085613
9.58637 0.0863369
9.5869 0.0868745
9.58816 0.0881401
9.58863 0.0886018
9.58895 0.0889213
9.59104 0.0910137
9.5917 0.0916832
9.59202 0.0919949
9.59215 0.0121409
9.59215 0.0121409
9.59215 0.0121409
9.59244 0.0124248
9.59244 0.0121053
9.59244 0.0121053
9.59276 0.09274
9.59308 0.0930462
9.59308 0.0930462
9.59308 0.0930567
9.59486 0.0948258
9.59518 0.0951471
9.59602 0.0959954
9.59675 0.0967192
9.5975 0.0974742
9.59807 0.0980425
9.60107 0.101037
9.60139 0.101357
9.60198 0.101956
9.6023 0.102274
9.60293 0.102906
9.60372 0.103692
9.60426 0.104229
9.60669 0.106664
9.60701 0.106983
9.60701 0.106983
9.60848 0.108454
9.61026 0.110235
9.61058 0.110555
9.61137 0.111341
9.61234 0.0123142
9.61266 0.112633
9.61279 0.0124426
9.61279 0.0124426
9.61279 0.0124426
9.61279 0.0124426
9.61279 0.0121231
9.61279 0.0121231
9.61292 0.0122515
9.61367 0.0136455
9.61455 0.114532
9.61534 0.11531
9.61678 0.116749
9.61713 0.017117
9.61748 0.117464
9.62038 0.120352
9.6207 0.020672
9.6207 0.020672
9.62108 0.121072
9.62153 0.121497
9.62352 0.023513
9.62509 0.12506
9.62541 0.02538
9.62573 0.125699
9.62682 0.126801
9.62714 0.127115
9.62749 0.127466
9.62797 0.127941
9.62882 0.128789
9.63169 0.03166
9.63213 0.0121053
9.63213 0.0121053
9.63213 0.0121053
9.63247 0.0124514
9.63247 0.0121319
9.63247 0.0121319
9.6336 0.133573
9.63451 0.134483
9.63757 0.0375409
9.63848 0.138451
9.64123 0.141196
9.64182 0.0417965
9.64305 0.143017
9.64337 0.0433375
9.6462 0.0461764
9.64755 0.0475224
9.64974 0.0497273
9.6517 0.0516761
9.65211 0.0121046
9.65211 0.0121046
9.65211 0.0121046
9.65246 0.0124507
9.65246 0.0121312
9.65246 0.0121312
9.65906 0.159032
9.65988 0.159849
9.67205 0.0720204
9.67218 0.0121521
9.67218 0.0121521
9.67218 0.0121521
9.67246 0.012436
9.67246 0.0121165
9.67246 0.0121165
9.67384 0.0738098
9.67515 0.0751246
9.67547 0.0754441
9.67663 0.0766091
9.67745 0.0774206
9.67867 0.0786421
9.68002 0.079988
9.68251 0.0824848
9.68417 0.0841418
9.68449 0.0844613
9.68562 0.0855895
9.68678 0.0867751
9.6871 0.0870683
9.68813 0.0881252
9.68864 0.0886094
9.68902 0.0889911
9.69102 0.0909902
9.69168 0.0916683
9.692 0.0919714
9.69213 0.0121174
9.69213 0.0121174
9.69213 0.0121174
9.69244 0.0124324
9.69244 0.0121129
9.69244 0.0121129
9.69286 0.0928269
9.69318 0.0931471
9.69318 0.0931747
9.69349 0.0934666
9.69478 0.0947608
9.6951 0.0950698
9.6962 0.096167
9.69673 0.0967042
9.69749 0.0974592
9.69806 0.0980275
9.70105 0.101022
9.70137 0.101341
9.70169 0.10168
9.70244 0.102416
9.70286 0.102829
9.70364 0.103615
9.70409 0.104059
9.70677 0.106742
9.70709 0.107062
9.70709 0.107062
9.70856 0.108532
9.71025 0.11022
9.71057 0.11054
9.71142 0.111388
9.71233 0.0122992
9.71265 0.112618
9.71277 0.0124276
9.71277 0.0124276
9.71277 0.0124276
9.71277 0.0124276
9.71277 0.012108
9.71277 0.012108
9.7129 0.0122364
9.71366 0.0136304
9.7146 0.114588
9.71532 0.115295
9.71686 0.116828
9.71718 0.0171728
9.71749 0.117466
9.7203 0.120274
9.72062 0.120622
9.72062 0.0205948
9.72094 0.0209143
9.72145 0.12142
9.72351 0.0235066
9.72504 0.125013
9.72536 0.0253338
9.72568 0.125653
9.72681 0.126786
9.72713 0.1271
9.72751 0.127482
9.72799 0.127957
9.7288 0.128774
9.7317 0.0316761
9.73214 0.0121213
9.73214 0.0121213
9.73214 0.0121213
9.73246 0.0124364
9.73246 0.0121169
9.73246 0.0121169
9.73362 0.133589
9.73456 0.134531
9.73762 0.0375881
9.73849 0.138467
9.74121 0.141181
9.74181 0.0417814
9.74306 0.143033
9.74338 0.0433536
9.74622 0.0461925
9.74757 0.0475384
9.74975 0.0497209
9.75169 0.0516611
9.75213 0.0121207
9.75213 0.0121207
9.75213 0.0121207
9.75244 0.0124357
9.75244 0.0121162
9.75244 0.0121162
9.75939 0.159359
9.75986 0.159834
9.77206 0.0720365
9.77219 0.0121682
9.77219 0.0121682
9.77219 0.0121682
9.77244 0.012421
9.77244 0.0121015
9.77244 0.0121015
9.77382 0.0737947
9.77517 0.0751406
9.77549 0.0754601
9.77662 0.0765941
9.77743 0.0774055
9.77865 0.0786271
9.78 0.079973
9.78256 0.082532
9.78419 0.0841579
9.7845 0.0844774
9.78563 0.0856056
9.78636 0.0863294
9.78686 0.0868566
9.78818 0.0881499
9.78865 0.0886254
9.78897 0.0889449
9.791 0.0909752
9.7917 0.0916679
9.79201 0.0920125
9.79214 0.0121334
9.79214 0.0121334
9.79214 0.0121334
9.79246 0.0124485
9.79246 0.0121289
9.79246 0.0121289
9.79278 0.0927668
9.7931 0.0930698
9.7931 0.0930835
9.79342 0.0933894
9.79486 0.0948401
9.79518 0.0951481
9.79602 0.0959964
9.79675 0.0967202
9.7975 0.0974752
9.79807 0.0980435
9.80072 0.100696
9.80104 0.101015
9.80152 0.101499
9.80243 0.102401
9.80284 0.102814
9.80372 0.103693
9.8041 0.104075
9.80663 0.106603
9.80695 0.106922
9.80727 0.107242
9.80855 0.108525
9.8103 0.110276
9.81062 0.110595
9.81141 0.111381
9.81232 0.0122926
9.81264 0.112611
9.81277 0.012421
9.81277 0.012421
9.81277 0.012421
9.81277 0.012421
9.81277 0.0121015
9.81277 0.0121015
9.8129 0.0122299
9.81368 0.0136549
9.81453 0.114527
9.81532 0.115288
9.81675 0.116728
9.81714 0.0171127
9.81814 0.118129
9.82039 0.120361
9.82071 0.0206815
9.82071 0.120694
9.82071 0.0206815
9.8214 0.121373
9.82352 0.0235002
9.82503 0.124998
9.82535 0.0253188
9.82566 0.125637
9.82682 0.126802
9.82714 0.127116
9.82746 0.127436
9.82778 0.127755
9.82882 0.12879
9.83172 0.0316921
9.83213 0.0121063
9.83213 0.0121063
9.83213 0.0121063
9.83244 0.0124213
9.83244 0.0121018
9.83244 0.0121018
9.8336 0.133574
9.83451 0.134484
9.83757 0.0375419
9.83851 0.138483
9.84122 0.141197
9.84182 0.0417975
9.84305 0.143018
9.84336 0.0433385
9.8462 0.0461774
9.84755 0.0475234
9.84974 0.0497145
9.8517 0.0516771
9.85211 0.0121056
9.85211 0.0121056
9.85211 0.0121056
9.85243 0.0124206
9.85243 0.0121011
9.85243 0.0121011
9.85909 0.159064
9.85988 0.15985
9.87205 0.0720214
9.87218 0.0121531
9.87218 0.0121531
9.87218 0.0121531
9.87246 0.012437
9.87246 0.0121175
9.87246 0.0121175
9.87384 0.0738108
9.87518 0.0751567
9.8755 0.0754762
9.87663 0.0766101
9.87745 0.0774216
9.87867 0.0786431
9.88002 0.079989
9.88251 0.0824858
9.88417 0.0841428
9.88449 0.0844623
9.88562 0.0855905
9.88634 0.0863144
9.88688 0.0868675
9.88816 0.0881435
9.88864 0.0886104
9.88896 0.0889299
9.89105 0.0910223
9.89168 0.0916529
9.892 0.091975
9.89213 0.0121184
9.89213 0.0121184
9.89213 0.0121184
9.89244 0.0124334
9.89244 0.0121139
9.89244 0.0121139
9.89286 0.092831
9.89317 0.0931481
9.89317 0.0931478
9.89349 0.0934676
9.89481 0.0947791
9.89513 0.095102
9.89613 0.0961057
9.89673 0.0967052
9.89749 0.0974602
9.89805 0.0980285
9.90074 0.100712
9.90106 0.101031
9.90153 0.101505
9.90247 0.102448
9.90283 0.102799
9.90374 0.103709
9.90409 0.10406
9.90661 0.106588
9.90693 0.106907
9.90725 0.107227
9.90854 0.10851
9.91026 0.11023
9.91058 0.110549
9.91205 0.112019
9.91237 0.0123397
9.91268 0.112658
9.91281 0.0124681
9.91281 0.0124681
9.91281 0.0124681
9.91281 0.0124681
9.91281 0.0121486
9.91281 0.0121486
9.91294 0.012277
9.91367 0.0136399
9.91454 0.114521
9.91533 0.115305
9.91574 0.0121113
9.91674 0.116717
9.91712 0.0171102
9.91813 0.118127
9.919 0.0121011
9.92035 0.120323
9.92067 0.120642
9.92067 0.0206433
9.92099 0.0209628
9.9214 0.121375
9.92352 0.0235102
9.92503 0.125
9.92535 0.0253201
9.92535 0.0123385
9.92579 0.125763
9.92682 0.126804
9.92714 0.127118
9.92746 0.127437
9.92778 0.127757
9.92847 0.0121275
9.92882 0.128796
9.93169 0.0316664
9.93213 0.0121089
9.93213 0.0121089
9.93213 0.0121089
9.93245 0.0124239
9.93245 0.0121044
9.93245 0.0121044
9.93279 0.012131
9.93361 0.133583
9.93461 0.134587
9.93758 0.0375513
9.93846 0.13843
9.93886 0.0121293
9.94121 0.141179
9.94181 0.0417797
9.94309 0.143063
9.94341 0.0433829
9.94341 0.0124035
9.94619 0.0461596
9.94666 0.0121275
9.9475 0.0474784
9.94972 0.0497093
9.95119 0.0121089
9.95169 0.0516673
9.95213 0.0121128
9.95213 0.0121128
9.95213 0.0121128
9.95245 0.0124279
9.95245 0.0121084
9.95245 0.0121084
9.95547 0.0121039
9.95908 0.159059
9.95921 0.01217
9.95987 0.159849
9.96293 0.0121118
9.96691 0.0121073
9.97093 0.0121028
9.97206 0.0720314
9.97219 0.012169
9.97219 0.012169
9.97219 0.012169
9.97244 0.0124218
9.97244 0.0121023
9.97244 0.0121023
9.97382 0.0737896
9.97519 0.0751667
9.97551 0.0754862
9.97661 0.076589
9.9772 0.0121317
9.97752 0.0774978
9.97865 0.078626
9.98 0.0799719
9.98156 0.0121215
9.98253 0.0825038
9.98419 0.0841608
9.98451 0.0844803
9.98538 0.0121113
9.9857 0.0856747
9.98636 0.0863363
9.98687 0.0868532
9.98815 0.0881429
9.98863 0.0886012
9.98901 0.0889829
9.9897 0.0121265
9.99104 0.0910171
9.99167 0.0916477
9.99199 0.0919784
9.99212 0.0121163
9.99212 0.0121163
9.99212 0.0121163
9.99244 0.0124313
9.99244 0.0121118
9.99244 0.0121118
9.99276 0.0927496
9.99308 0.0930496
9.99308 0.0930663
9.99339 0.0933691
9.99352 0.0121638
9.99478 0.094759
9.9951 0.0950696
9.9961 0.0960734
9.99673 0.096704
9.99748 0.0974589
9.99761 0.0121394
9.99806 0.0980312

