% time_sec delay_sec
0.134818 0.0347876
0.137066 0.0370355
0.137821 0.0377905
0.141406 0.0413759
0.142908 0.0428774
0.143258 0.043228
0.143578 0.0435475
0.144426 0.0443958
0.145617 0.0455862
0.146061 0.0460301
0.147282 0.0472517
0.147633 0.0476023
0.147952 0.0479218
0.150169 0.0501386
0.150489 0.0504581
0.151679 0.0516485
0.151999 0.0519681
0.152318 0.0522876
0.153229 0.053198
0.153828 0.0537975
0.154645 0.0546147
0.156147 0.0561161
0.162096 0.0620654
0.162415 0.062385
0.162415 0.062385
0.162735 0.0627045
0.163117 0.0630862
0.163436 0.0634057
0.164907 0.064876
0.165941 0.0659109
0.16651 0.0664793
0.16714 0.0671098
0.16746 0.0674293
0.16746 0.0674293
0.167779 0.0677488
0.167779 0.0677488
0.170991 0.070961
0.171311 0.0712805
0.172937 0.0729064
0.173287 0.073257
0.174011 0.0739809
0.17601 0.07598
0.176485 0.076455
0.176805 0.0767745
0.177124 0.077094
0.177506 0.0774757
0.17795 0.0779197
0.17827 0.0782392
0.178682 0.078652
0.179873 0.0798424
0.181779 0.0817482
0.182845 0.0828142
0.183164 0.0831337
0.18395 0.0839198
0.188998 0.0889671
0.190903 0.0908729
0.19284 0.0928098
0.194777 0.0947468
0.196465 0.0964348
0.197811 0.0977808
0.198877 0.0988468
0.199197 0.0991663
0.201165 0.101134
0.202417 0.102387
0.203981 0.103951
0.205047 0.105017
0.207637 0.107607
0.208765 0.108735
0.210142 0.110112
0.210462 0.110431
0.214576 0.114546
0.215238 0.115207
0.216397 0.116367
0.21737 0.117339
0.2194 0.11937
0.225567 0.125537
0.234813 0.0348062
0.23703 0.0370231
0.23735 0.137319
0.237825 0.0378176
0.241379 0.0413719
0.242881 0.0428734
0.243231 0.043224
0.243551 0.0435435
0.244399 0.0443918
0.245621 0.0456133
0.246064 0.0460572
0.247255 0.0472477
0.247605 0.0475983
0.247925 0.0479178
0.248804 0.148774
0.25015 0.0501431
0.25047 0.0504626
0.25166 0.051653
0.25198 0.0519725
0.252299 0.052292
0.252712 0.152682
0.253218 0.053211
0.253818 0.0538104
0.254635 0.0546276
0.25539 0.155359
0.255958 0.155928
0.256278 0.0562704
0.262071 0.0620642
0.262391 0.0623837
0.262391 0.0623837
0.26271 0.0627032
0.263123 0.0631161
0.263443 0.0634356
0.264882 0.0648748
0.265917 0.0659097
0.266516 0.0665092
0.267147 0.0671397
0.267466 0.0674592
0.267466 0.0674592
0.267466 0.0674592
0.267786 0.0677787
0.270967 0.0709598
0.271286 0.0712793
0.272912 0.0729052
0.273263 0.0732558
0.273987 0.0739796
0.275986 0.0759788
0.276461 0.0764538
0.27678 0.0767733
0.2771 0.0770928
0.277482 0.0774745
0.277926 0.0779184
0.278245 0.078238
0.278658 0.0786508
0.279879 0.0798723
0.281754 0.081747
0.28282 0.082813
0.28314 0.0831325
0.283926 0.0839186
0.288973 0.0889659
0.290879 0.0908717
0.292816 0.0928086
0.294753 0.0947455
0.296441 0.0964336
0.297787 0.0977796
0.298853 0.0988456
0.299172 0.0991651
0.30114 0.101133
0.302393 0.102386
0.303957 0.103949
0.305023 0.105015
0.307613 0.107605
0.308741 0.108734
0.310118 0.110111
0.310437 0.11043
0.314552 0.114544
0.315213 0.115206
0.316341 0.116334
0.317345 0.117338
0.319376 0.119368
0.325543 0.125535
0.33482 0.034805
0.337037 0.0370219
0.337356 0.137349
0.337831 0.0378164
0.341386 0.0413707
0.342887 0.0428722
0.343238 0.0432228
0.343557 0.0435423
0.344406 0.0443906
0.345627 0.0456121
0.346071 0.046056
0.347261 0.0472464
0.347612 0.047597
0.347932 0.0479166
0.34878 0.148773
0.350157 0.0501419
0.350476 0.0504614
0.351667 0.0516518
0.351986 0.0519713
0.352306 0.0522908
0.352688 0.15268
0.353225 0.0532098
0.353824 0.0538092
0.354641 0.0546264
0.355365 0.155358
0.355934 0.155926
0.356253 0.0562381
0.362078 0.062063
0.362398 0.0623825
0.362398 0.0623825
0.362717 0.062702
0.36313 0.0631148
0.363449 0.0634343
0.364889 0.0648736
0.365924 0.0659085
0.366523 0.0665079
0.367153 0.0671385
0.367473 0.067458
0.367473 0.067458
0.367473 0.067458
0.367793 0.0677775
0.370974 0.0709586
0.371293 0.0712781
0.372919 0.0729039
0.37327 0.0732546
0.373993 0.0739784
0.375993 0.0759775
0.376468 0.0764526
0.376787 0.0767721
0.377107 0.0770916
0.377488 0.0774733
0.377932 0.0779172
0.378252 0.0782367
0.378665 0.0786495
0.379886 0.0798711
0.381761 0.0817458
0.382827 0.0828118
0.383146 0.0831313
0.383932 0.0839174
0.38898 0.0889647
0.390885 0.0908705
0.392822 0.0928074
0.394759 0.0947443
0.396447 0.0964324
0.397793 0.0977783
0.398859 0.0988443
0.399179 0.0991638
0.401147 0.101132
0.4024 0.102384
0.403963 0.103948
0.405029 0.105014
0.407619 0.107604
0.408747 0.108732
0.410125 0.11011
0.410444 0.110429
0.414558 0.114543
0.41522 0.115205
0.416379 0.116364
0.417352 0.117337
0.419382 0.119367
0.425549 0.125534
0.434827 0.0348038
0.437043 0.0370206
0.437363 0.137348
0.437838 0.0378152
0.441423 0.0414006
0.442894 0.042871
0.443244 0.0432216
0.443564 0.0435411
0.444412 0.0443893
0.445634 0.0456109
0.446078 0.0460548
0.447268 0.0472452
0.447619 0.0475958
0.447938 0.0479153
0.448786 0.148771
0.450163 0.0501406
0.450483 0.0504602
0.451673 0.0516506
0.451993 0.0519701
0.452312 0.0522896
0.452694 0.152679
0.453231 0.0532085
0.453831 0.053808
0.454648 0.0546252
0.455372 0.155357
0.45594 0.155925
0.45626 0.0562369
0.462085 0.0620618
0.462404 0.0623813
0.462404 0.0623813
0.462724 0.0627008
0.463136 0.0631136
0.463456 0.0634331
0.464895 0.0648724
0.46593 0.0659073
0.46653 0.0665067
0.46716 0.0671373
0.46748 0.0674568
0.46748 0.0674568
0.46748 0.0674568
0.467799 0.0677763
0.47098 0.0709573
0.4713 0.0712768
0.472926 0.0729027
0.473276 0.0732533
0.474 0.0739772
0.475999 0.0759763
0.476474 0.0764513
0.476794 0.0767709
0.477113 0.0770904
0.477495 0.0774721
0.477939 0.077916
0.478258 0.0782355
0.478671 0.0786483
0.479893 0.0798698
0.481767 0.0817446
0.482833 0.0828106
0.483153 0.0831301
0.483939 0.0839161
0.488986 0.0889634
0.490892 0.0908693
0.492829 0.0928062
0.494766 0.0947431
0.496454 0.0964312
0.4978 0.0977771
0.498897 0.0988742
0.499217 0.0991937
0.501153 0.101131
0.502406 0.102383
0.50397 0.103947
0.505036 0.105013
0.507626 0.107603
0.508754 0.108731
0.510131 0.110108
0.510451 0.110428
0.514565 0.114542
0.515226 0.115204
0.516386 0.116363
0.517358 0.117336
0.519389 0.119366
0.525556 0.125533
0.534833 0.0348026
0.53705 0.0370194
0.53737 0.137347
0.537845 0.0378139
0.54143 0.0413994
0.5429 0.0428697
0.543251 0.0432203
0.543571 0.0435398
0.544419 0.0443881
0.54564 0.0456096
0.546084 0.0460536
0.547275 0.047244
0.547625 0.0475946
0.547945 0.0479141
0.548793 0.14877
0.55017 0.0501394
0.55049 0.0504589
0.55168 0.0516493
0.552 0.0519689
0.552319 0.0522884
0.552701 0.152678
0.553238 0.0532073
0.553837 0.0538068
0.554655 0.0546239
0.555378 0.155356
0.555947 0.155924
0.556266 0.0562356
0.562091 0.0620605
0.562411 0.0623801
0.562411 0.0623801
0.56273 0.0626996
0.563143 0.0631124
0.563463 0.0634319
0.564902 0.0648711
0.565937 0.065906
0.566536 0.0665055
0.567167 0.067136
0.567486 0.0674555
0.567486 0.0674555
0.567806 0.067775
0.567806 0.067775
0.570987 0.0709561
0.571306 0.0712756
0.572932 0.0729015
0.573283 0.0732521
0.574007 0.073976
0.576006 0.0759751
0.576481 0.0764501
0.5768 0.0767696
0.57712 0.0770891
0.577502 0.0774708
0.577945 0.0779148
0.578265 0.0782343
0.578678 0.0786471
0.579899 0.0798686
0.581774 0.0817433
0.58284 0.0828093
0.58316 0.0831288
0.583946 0.0839149
0.588993 0.0889622
0.590899 0.090868
0.592836 0.0928049
0.594773 0.0947419
0.596461 0.0964299
0.597807 0.0977759
0.598904 0.098873
0.599223 0.0991925
0.60116 0.101129
0.602413 0.102382
0.603976 0.103946
0.605042 0.105012
0.607632 0.107602
0.608761 0.10873
0.610138 0.110107
0.610457 0.110427
0.614571 0.114541
0.615233 0.115202
0.616392 0.116362
0.617365 0.117334
0.619395 0.119365
0.625562 0.125532
0.634809 0.0348013
0.637026 0.0370182
0.637345 0.137314
0.63782 0.0378127
0.641406 0.0413981
0.642876 0.0428685
0.643227 0.0432191
0.643546 0.0435386
0.644394 0.0443869
0.645616 0.0456084
0.64606 0.0460523
0.64725 0.0472428
0.647601 0.0475934
0.64792 0.0479129
0.6488 0.148769
0.650146 0.0501382
0.650465 0.0504577
0.651656 0.0516481
0.651975 0.0519676
0.652295 0.0522871
0.652707 0.152677
0.653213 0.0532061
0.653813 0.0538055
0.65463 0.0546227
0.655385 0.155354
0.655953 0.155923
0.656273 0.0562655
0.662098 0.0620904
0.662417 0.0624099
0.662417 0.0624099
0.662737 0.0627294
0.663119 0.0631112
0.663438 0.0634307
0.664877 0.0648699
0.665912 0.0659048
0.666512 0.0665043
0.667142 0.0671348
0.667462 0.0674543
0.667462 0.0674543
0.667781 0.0677738
0.667781 0.0677738
0.670962 0.0709549
0.671282 0.0712744
0.672908 0.0729003
0.673258 0.0732509
0.673982 0.0739747
0.675981 0.0759739
0.676456 0.0764489
0.676776 0.0767684
0.677095 0.0770879
0.677477 0.0774696
0.677921 0.0779135
0.67824 0.0782331
0.678653 0.0786459
0.679875 0.0798674
0.681749 0.0817421
0.682815 0.0828081
0.683135 0.0831276
0.683921 0.0839137
0.688968 0.088961
0.690874 0.0908668
0.692811 0.0928037
0.694748 0.0947406
0.696436 0.0964287
0.697782 0.0977747
0.698879 0.0988718
0.699199 0.0991913
0.701136 0.101128
0.702388 0.102381
0.703952 0.103944
0.705018 0.10501
0.707608 0.107601
0.708736 0.108729
0.710113 0.110106
0.710433 0.110425
0.714547 0.11454
0.715209 0.115201
0.716368 0.116361
0.717341 0.117333
0.719371 0.119363
0.725538 0.12553
0.734815 0.0348001
0.737032 0.037017
0.737352 0.137344
0.737827 0.0378115
0.741412 0.0413969
0.742882 0.0428673
0.743233 0.0432179
0.743553 0.0435374
0.744401 0.0443857
0.745622 0.0456072
0.746066 0.0460511
0.747257 0.0472415
0.747607 0.0475921
0.747927 0.0479117
0.748806 0.148799
0.750152 0.050137
0.750472 0.0504565
0.751662 0.0516469
0.751982 0.0519664
0.752301 0.0522859
0.752683 0.152675
0.75322 0.0532049
0.75382 0.0538043
0.754637 0.0546215
0.755361 0.155353
0.755929 0.155922
0.756248 0.0562332
0.762104 0.0620892
0.762424 0.0624087
0.762424 0.0624087
0.762743 0.0627282
0.763125 0.0631099
0.763445 0.0634294
0.764884 0.0648687
0.765919 0.0659036
0.766518 0.066503
0.767149 0.0671336
0.767468 0.0674531
0.767468 0.0674531
0.767788 0.0677726
0.767788 0.0677726
0.770969 0.0709537
0.771288 0.0712732
0.772914 0.072899
0.773265 0.0732497
0.773989 0.0739735
0.775988 0.0759726
0.776463 0.0764477
0.776782 0.0767672
0.777102 0.0770867
0.777484 0.0774684
0.777928 0.0779123
0.778247 0.0782318
0.77866 0.0786446
0.779881 0.0798662
0.781756 0.0817409
0.782853 0.082838
0.783173 0.0831575
0.783928 0.0839125
0.788975 0.0889598
0.790881 0.0908656
0.792818 0.0928025
0.794755 0.0947394
0.796443 0.0964275
0.79782 0.0978045
0.798886 0.0988705
0.799205 0.09919
0.801142 0.101127
0.802395 0.10238
0.803958 0.103943
0.805024 0.105009
0.807615 0.107599
0.808774 0.108759
0.81012 0.110105
0.810439 0.110424
0.814554 0.114538
0.815215 0.1152
0.816374 0.116359
0.817347 0.117332
0.819377 0.119362
0.825544 0.125529
0.834822 0.0347989
0.837039 0.0370157
0.837358 0.137343
0.837833 0.0378103
0.841419 0.0413957
0.842889 0.0428661
0.84324 0.0432167
0.843559 0.0435362
0.844407 0.0443844
0.845629 0.045606
0.846073 0.0460499
0.847263 0.0472403
0.847614 0.0475909
0.847933 0.0479104
0.848813 0.148798
0.850159 0.0501357
0.850478 0.0504553
0.851669 0.0516457
0.851988 0.0519652
0.852308 0.0522847
0.852689 0.152674
0.853227 0.0532036
0.853826 0.0538031
0.854643 0.0546203
0.855367 0.155352
0.855935 0.15592
0.856255 0.056232
0.862111 0.062088
0.862431 0.0624075
0.862431 0.0624075
0.86275 0.062727
0.863132 0.0631087
0.863451 0.0634282
0.864891 0.0648675
0.865925 0.0659024
0.866525 0.0665018
0.867155 0.0671324
0.867475 0.0674519
0.867475 0.0674519
0.867794 0.0677714
0.867794 0.0677714
0.870975 0.0709524
0.871295 0.0712719
0.872921 0.0728978
0.873271 0.0732484
0.873995 0.0739723
0.875994 0.0759714
0.876469 0.0764464
0.876789 0.0767659
0.877109 0.0770855
0.87749 0.0774672
0.877934 0.0779111
0.878254 0.0782306
0.878666 0.0786434
0.879888 0.0798649
0.881763 0.0817397
0.88286 0.0828368
0.883179 0.0831563
0.883934 0.0839112
0.888982 0.0889585
0.890887 0.0908644
0.892824 0.0928013
0.894761 0.0947382
0.896449 0.0964263
0.897826 0.0978033
0.898892 0.0988693
0.899212 0.0991888
0.901149 0.101126
0.902401 0.102378
0.903965 0.103942
0.905031 0.105008
0.907621 0.107598
0.90878 0.108757
0.910126 0.110103
0.910446 0.110423
0.91456 0.114537
0.915222 0.115199
0.916381 0.116358
0.917354 0.117331
0.919384 0.119361
0.925551 0.125528
0.934829 0.0347977
0.937045 0.0370145
0.937365 0.137342
0.93784 0.037809
0.941425 0.0413945
0.942896 0.0428648
0.943246 0.0432154
0.943566 0.0435349
0.944445 0.0444143
0.945636 0.0456047
0.94608 0.0460487
0.94727 0.0472391
0.947621 0.0475897
0.94794 0.0479092
0.948819 0.148796
0.950165 0.0501345
0.950485 0.050454
0.951675 0.0516444
0.951995 0.051964
0.952314 0.0522835
0.952727 0.152704
0.953233 0.0532024
0.953833 0.0538019
0.95465 0.054619
0.955374 0.155351
0.955942 0.155919
0.956262 0.0562307
0.962118 0.0620868
0.962437 0.0624063
0.962437 0.0624063
0.962757 0.0627258
0.963138 0.0631075
0.963458 0.063427
0.964897 0.0648662
0.965932 0.0659011
0.966531 0.0665006
0.967162 0.0671311
0.967482 0.0674506
0.967482 0.0674506
0.967801 0.0677701
0.967801 0.0677701
0.970982 0.0709512
0.971302 0.0712707
0.972927 0.0728966
0.973278 0.0732472
0.974002 0.0739711
0.976001 0.0759702
0.976476 0.0764452
0.976796 0.0767647
0.977115 0.0770842
0.977497 0.0774659
0.977941 0.0779099
0.97826 0.0782294
0.978673 0.0786422
0.979895 0.0798637
0.981769 0.0817384
0.982866 0.0828355
0.983186 0.083155
0.983941 0.08391
0.988988 0.0889573
0.990894 0.0908631
0.992831 0.0928
0.994768 0.094737
0.996456 0.096425
0.997833 0.0978021
0.998899 0.0988681
0.999218 0.0991876
1.00116 0.101125
1.00241 0.102377
1.00397 0.103941
1.00504 0.105012
1.00763 0.107602
1.00879 0.108761
1.01014 0.110107
1.01046 0.110427
1.01457 0.114541
1.01523 0.115203
1.01639 0.116362
1.01737 0.117335
1.0194 0.119365
1.02556 0.125532
1.03478 0.0347703
1.03703 0.0370183
1.03735 0.137315
1.03779 0.0377817
1.04137 0.0413671
1.04288 0.0428686
1.04323 0.0432192
1.04355 0.0435387
1.04439 0.044387
1.04562 0.0456085
1.04606 0.0460524
1.04725 0.0472429
1.0476 0.0475935
1.04792 0.047913
1.04883 0.1488
1.05015 0.0501383
1.05047 0.0504578
1.05166 0.0516482
1.05198 0.0519677
1.05229 0.0522872
1.05271 0.152677
1.05318 0.0531751
1.05381 0.0538056
1.05463 0.0546228
1.05539 0.155354
1.05595 0.155923
1.05627 0.0562656
1.06207 0.0620594
1.06239 0.0623789
1.06239 0.0623789
1.06271 0.0626984
1.06312 0.0631112
1.06344 0.0634308
1.06488 0.06487
1.06591 0.0659049
1.06648 0.0664732
1.06714 0.0671349
1.06746 0.0674544
1.06746 0.0674544
1.06746 0.0674544
1.06778 0.0677739
1.07096 0.070955
1.07128 0.0712745
1.07288 0.0728693
1.07326 0.073251
1.07398 0.0739748
1.0748 0.0347838
1.0748 0.0347838
1.0748 0.0347838
1.07512 0.0351033
1.07512 0.0347838
1.07512 0.0347838
1.076 0.0759909
1.07647 0.0764659
1.07679 0.0767854
1.07711 0.0771049
1.07743 0.0774244
1.07791 0.0778995
1.07823 0.078219
1.07864 0.0786318
1.07986 0.0798533
1.08177 0.0817591
1.08283 0.0828251
1.08315 0.0831446
1.08391 0.0838996
1.08892 0.0889158
1.09089 0.0908838
1.0928 0.0927896
1.09473 0.0947266
1.09505 0.0350521
1.09505 0.0350521
1.09505 0.0350521
1.09537 0.0353717
1.09537 0.0350521
1.09537 0.0350521
1.09644 0.0964316
1.09782 0.0978086
1.09888 0.0988746
1.0992 0.0991941
1.10114 0.101131
1.10239 0.102384
1.10395 0.103947
1.10499 0.104982
1.10758 0.107572
1.10874 0.108732
1.11012 0.110109
1.11044 0.110428
1.11458 0.114573
1.11471 0.0346912
1.11471 0.0346912
1.11471 0.0346912
1.11493 0.0349129
1.11493 0.0345934
1.11493 0.0345934
1.11525 0.115243
1.11635 0.11634
1.11735 0.117344
1.11938 0.119374
1.12552 0.12551
1.1348 0.0347912
1.13492 0.0346001
1.13492 0.0346001
1.13492 0.0346001
1.13524 0.0349151
1.13524 0.0345956
1.13524 0.0345956
1.13702 0.037016
1.13734 0.137332
1.13778 0.0377794
1.14137 0.0413649
1.14287 0.0428663
1.14325 0.0432283
1.14357 0.0435707
1.14439 0.0443847
1.14561 0.0456062
1.14609 0.0460616
1.14724 0.0472406
1.14763 0.0476026
1.14795 0.0479366
1.14879 0.148787
1.15014 0.050136
1.15046 0.0504555
1.15168 0.0516574
1.152 0.0519966
1.15232 0.0523161
1.1527 0.152694
1.15318 0.0531728
1.15381 0.0538034
1.15462 0.0546205
1.15475 0.0347236
1.15475 0.0347236
1.15475 0.0347236
1.15494 0.0349142
1.15494 0.0345947
1.15494 0.0345947
1.15536 0.155349
1.15592 0.155917
1.15624 0.0562402
1.16207 0.0620651
1.16239 0.0623846
1.16239 0.0623846
1.16271 0.0627041
1.16312 0.0630972
1.16344 0.0634167
1.16488 0.0648757
1.16595 0.065922
1.16651 0.0664903
1.16714 0.0671406
1.16746 0.0674404
1.16746 0.0674404
1.16746 0.0674601
1.16778 0.0677796
1.17096 0.0709607
1.17128 0.0712802
1.17288 0.0728749
1.17326 0.0732567
1.17398 0.0739805
1.17461 0.0345956
1.17461 0.0345956
1.17461 0.0345956
1.17493 0.0349106
1.17493 0.0345911
1.17493 0.0345911
1.17599 0.0759622
1.17647 0.0764626
1.17679 0.0767821
1.17711 0.0771016
1.17746 0.0774522
1.1779 0.0778962
1.17822 0.078196
1.17863 0.0786285
1.17985 0.07985
1.18176 0.0817558
1.18283 0.0828218
1.18315 0.0831413
1.1839 0.0838963
1.18892 0.0889125
1.19088 0.0908805
1.19279 0.0927863
1.19473 0.0947233
1.19486 0.034855
1.19486 0.034855
1.19486 0.034855
1.19498 0.0349834
1.19498 0.0346638
1.19498 0.0346638
1.19642 0.0964193
1.1978 0.0977963
1.1989 0.0988934
1.19922 0.0992129
1.20115 0.10115
1.20241 0.102377
1.20394 0.103935
1.20497 0.10497
1.2076 0.107591
1.20872 0.108719
1.21013 0.110128
1.21045 0.110447
1.21457 0.114561
1.21469 0.0346761
1.21469 0.0346761
1.21469 0.0346761
1.21492 0.0348978
1.21492 0.0345783
1.21492 0.0345783
1.21523 0.115231
1.21636 0.116359
1.21737 0.117363
1.21937 0.119362
1.22553 0.125529
1.23478 0.0347762
1.23491 0.034585
1.23491 0.034585
1.23491 0.034585
1.23522 0.0349001
1.23522 0.0345806
1.23522 0.0345806
1.237 0.037001
1.23732 0.13732
1.2378 0.0377955
1.24138 0.0413809
1.24285 0.0428513
1.24321 0.0431993
1.24352 0.0434967
1.2444 0.0444008
1.24559 0.0455912
1.24604 0.0460325
1.24726 0.0472566
1.24758 0.0475736
1.2479 0.0478799
1.24878 0.148774
1.25012 0.050121
1.25044 0.0504405
1.25163 0.0516283
1.25195 0.0519504
1.25227 0.0522699
1.25269 0.152682
1.25319 0.0531889
1.25382 0.0538194
1.25461 0.0546055
1.25474 0.0347086
1.25474 0.0347086
1.25474 0.0347086
1.25493 0.0348992
1.25493 0.0345797
1.25493 0.0345797
1.25537 0.155368
1.25591 0.155905
1.25623 0.0562251
1.26205 0.06205
1.26237 0.0623696
1.26237 0.0623696
1.26269 0.0626891
1.26311 0.0630993
1.26342 0.0634188
1.26486 0.0648606
1.2659 0.0658929
1.26647 0.0664613
1.26713 0.0671255
1.26745 0.0674424
1.26745 0.0674424
1.26745 0.067445
1.26745 0.067445
1.27094 0.0709371
1.27126 0.0712567
1.27285 0.0728514
1.27324 0.0732331
1.27396 0.073957
1.27462 0.0346032
1.27462 0.0346032
1.27462 0.0346032
1.27493 0.0349182
1.27493 0.0345987
1.27493 0.0345987
1.276 0.0759698
1.27644 0.0764391
1.27676 0.0767586
1.27708 0.0770781
1.27743 0.0774287
1.27791 0.0779037
1.27823 0.0782207
1.27861 0.078605
1.27986 0.0798576
1.28174 0.0817323
1.28283 0.0828294
1.28315 0.0831489
1.28391 0.0839039
1.28892 0.0889201
1.29086 0.090857
1.2928 0.0927939
1.29473 0.0947308
1.29486 0.0348314
1.29486 0.0348314
1.29486 0.0348314
1.29499 0.0349598
1.29499 0.0346403
1.29499 0.0346403
1.2964 0.0963958
1.29781 0.0978039
1.29887 0.0988699
1.29919 0.0991894
1.30113 0.101126
1.30241 0.102385
1.30395 0.103943
1.30498 0.104978
1.3076 0.107599
1.30873 0.108727
1.31011 0.110104
1.31043 0.110423
1.31454 0.114538
1.31467 0.0346526
1.31467 0.0346526
1.31467 0.0346526
1.31492 0.0349054
1.31492 0.0345859
1.31492 0.0345859
1.31524 0.115238
1.31634 0.116335
1.31734 0.117339
1.31937 0.11937
1.32551 0.125505
1.33479 0.0347838
1.33491 0.0345926
1.33491 0.0345926
1.33491 0.0345926
1.33523 0.0349076
1.33523 0.0345881
1.33523 0.0345881
1.33701 0.0370085
1.33733 0.137327
1.33781 0.0378031
1.34139 0.0413885
1.34289 0.04289
1.34327 0.0432551
1.34359 0.0435698
1.34441 0.0444084
1.34563 0.0456299
1.34611 0.046092
1.34727 0.0472642
1.34765 0.0476294
1.348 0.0479703
1.34879 0.148782
1.35016 0.0501597
1.35048 0.0504792
1.3517 0.0516841
1.35202 0.0520202
1.35234 0.0523397
1.35269 0.15269
1.3532 0.0531964
1.35383 0.053827
1.35462 0.0546131
1.35474 0.0347162
1.35474 0.0347162
1.35474 0.0347162
1.35493 0.0349068
1.35493 0.0345873
1.35493 0.0345873
1.35535 0.155344
1.35592 0.155912
1.35624 0.0562327
1.36209 0.0620887
1.36241 0.0624082
1.36241 0.0624082
1.36273 0.0627277
1.36317 0.0631551
1.36349 0.0634746
1.3649 0.0648993
1.36597 0.0659487
1.36657 0.0665482
1.36717 0.0671642
1.36749 0.0674671
1.36749 0.0674671
1.36781 0.0678032
1.36781 0.0678032
1.37096 0.0709532
1.37128 0.0712727
1.3729 0.0728986
1.37328 0.0732803
1.37401 0.0740042
1.3746 0.0345881
1.3746 0.0345881
1.3746 0.0345881
1.37492 0.0349031
1.37492 0.0345836
1.37492 0.0345836
1.37601 0.0759858
1.37646 0.0764551
1.37678 0.0767747
1.3771 0.0770942
1.37742 0.0774137
1.37789 0.0778887
1.37821 0.0781916
1.37865 0.0786521
1.37988 0.0798737
1.38178 0.0817795
1.38285 0.0828455
1.38317 0.083165
1.38392 0.0839199
1.38891 0.088905
1.39091 0.0909042
1.39281 0.09281
1.39472 0.0947158
1.39485 0.0348164
1.39485 0.0348164
1.39485 0.0348164
1.39497 0.0349448
1.39497 0.0346253
1.39497 0.0346253
1.39645 0.0964429
1.39785 0.0978511
1.39892 0.0989171
1.39924 0.0992366
1.40118 0.101173
1.40246 0.102432
1.40396 0.103959
1.40496 0.104962
1.40755 0.107553
1.40871 0.108712
1.41015 0.110151
1.41047 0.110471
1.41462 0.114616
1.41475 0.0347309
1.41475 0.0347309
1.41475 0.0347309
1.41494 0.0349215
1.41494 0.0346019
1.41494 0.0346019
1.41526 0.115254
1.41639 0.116383
1.41739 0.117386
1.41942 0.119417
1.42552 0.125522
1.43477 0.0347687
1.4349 0.0345776
1.4349 0.0345776
1.4349 0.0345776
1.43524 0.0349237
1.43524 0.0346042
1.43524 0.0346042
1.43703 0.0370246
1.43735 0.137343
1.43779 0.037788
1.44138 0.0413735
1.44288 0.0428749
1.44326 0.0432487
1.44358 0.0435495
1.44443 0.0444244
1.44562 0.0456148
1.44609 0.0460748
1.44728 0.0472803
1.44763 0.0476229
1.44798 0.0479674
1.44877 0.148767
1.45015 0.0501446
1.45047 0.0504641
1.45172 0.0517088
1.45204 0.0520363
1.45236 0.0523558
1.45274 0.152737
1.45318 0.0531814
1.45384 0.053843
1.45463 0.0546291
1.45476 0.0347322
1.45476 0.0347322
1.45476 0.0347322
1.45495 0.0349228
1.45495 0.0346033
1.45495 0.0346033
1.45542 0.155422
1.45596 0.15596
1.45628 0.0562799
1.46208 0.0620737
1.46239 0.0623932
1.46271 0.0627127
1.46271 0.0627127
1.46316 0.0631487
1.46348 0.0634682
1.46489 0.0648843
1.46598 0.0659734
1.46655 0.0665418
1.46715 0.0671492
1.46747 0.0674607
1.46747 0.0674607
1.46779 0.0677882
1.46779 0.0677882
1.47097 0.0709693
1.47129 0.0712888
1.47289 0.0728835
1.47327 0.0732652
1.47399 0.0739891
1.47462 0.0346042
1.47462 0.0346042
1.47462 0.0346042
1.47493 0.0349192
1.47493 0.0345997
1.47493 0.0345997
1.47603 0.0760019
1.47647 0.0764712
1.47679 0.0767907
1.47711 0.0771102
1.47746 0.0774608
1.47794 0.0779359
1.47826 0.0782474
1.47864 0.0786371
1.47989 0.0798897
1.48177 0.0817644
1.48283 0.0828304
1.48315 0.0831499
1.48394 0.083936
1.48898 0.0889833
1.49089 0.0908891
1.49283 0.092826
1.49476 0.0947629
1.49489 0.0348636
1.49489 0.0348636
1.49489 0.0348636
1.49502 0.0349919
1.49502 0.0346724
1.49502 0.0346724
1.49646 0.096459
1.49784 0.097836
1.4989 0.098902
1.49922 0.0992215
1.50119 0.10119
1.50244 0.102417
1.50398 0.103975
1.50504 0.105041
1.50763 0.107631
1.50876 0.108759
1.51017 0.110167
1.51049 0.110487
1.5146 0.114601
1.51473 0.0347158
1.51473 0.0347158
1.51473 0.0347158
1.51492 0.0349064
1.51492 0.0345869
1.51492 0.0345869
1.51524 0.115239
1.5164 0.116399
1.51737 0.117371
1.5194 0.119402
1.52557 0.125569
1.53479 0.0347848
1.53491 0.0345936
1.53491 0.0345936
1.53491 0.0345936
1.53523 0.0349086
1.53523 0.0345891
1.53523 0.0345891
1.53701 0.0370096
1.53733 0.137328
1.5378 0.0378041
1.54139 0.0413895
1.54289 0.042891
1.54324 0.0432423
1.54356 0.0435604
1.54441 0.0444094
1.5456 0.0455998
1.54611 0.0460888
1.54727 0.0472652
1.54762 0.0476165
1.54797 0.0479644
1.54885 0.148845
1.55016 0.0501607
1.55048 0.0504802
1.5517 0.0517024
1.55202 0.0520212
1.55234 0.0523407
1.55275 0.152753
1.5532 0.0531975
1.55383 0.053828
1.55461 0.0546141
1.55474 0.0347172
1.55474 0.0347172
1.55474 0.0347172
1.55493 0.0349078
1.55493 0.0345883
1.55493 0.0345883
1.55541 0.155407
1.55598 0.155976
1.5563 0.0562959
1.56209 0.0620897
1.56241 0.0624092
1.56241 0.0624092
1.56273 0.0627288
1.56314 0.0631423
1.56346 0.0634618
1.5649 0.0649003
1.56597 0.065967
1.56654 0.0665354
1.56717 0.0671652
1.56749 0.0674854
1.56749 0.0674854
1.5678 0.0678042
1.5678 0.0678042
1.57095 0.0709542
1.57127 0.0712737
1.5729 0.0728996
1.57328 0.0732813
1.57401 0.0740052
1.5746 0.0345891
1.5746 0.0345891
1.5746 0.0345891
1.57492 0.0349041
1.57492 0.0345846
1.57492 0.0345846
1.57601 0.0759868
1.57646 0.0764562
1.57678 0.0767757
1.5771 0.0770952
1.57748 0.0774769
1.57792 0.0779208
1.57824 0.078241
1.57865 0.0786531
1.57988 0.0798747
1.58178 0.0817805
1.58285 0.0828465
1.58317 0.083166
1.58392 0.0839209
1.58897 0.0889683
1.59091 0.0909052
1.59281 0.092811
1.59475 0.0947479
1.59488 0.0348485
1.59488 0.0348485
1.59488 0.0348485
1.59501 0.0349769
1.59501 0.0346574
1.59501 0.0346574
1.59644 0.0964439
1.59785 0.0978521
1.59892 0.0989181
1.59924 0.0992376
1.60118 0.101174
1.60246 0.102433
1.60396 0.10396
1.60503 0.105026
1.60762 0.107616
1.60878 0.108775
1.61015 0.110152
1.61047 0.110472
1.61462 0.114617
1.61475 0.0347319
1.61475 0.0347319
1.61475 0.0347319
1.61494 0.0349225
1.61494 0.034603
1.61494 0.034603
1.61526 0.115255
1.61638 0.116384
1.61739 0.117387
1.61942 0.119418
1.62555 0.125554
1.6348 0.0347697
1.63493 0.0345786
1.63493 0.0345786
1.63493 0.0345786
1.63528 0.0349247
1.63528 0.0346052
1.63528 0.0346052
1.63706 0.0370256
1.63738 0.137375
1.63782 0.037789
1.64141 0.0413745
1.64291 0.0428759
1.64329 0.043267
1.64361 0.0436024
1.64446 0.0444254
1.64565 0.0456158
1.64612 0.0461028
1.64731 0.0472813
1.64763 0.0476101
1.64798 0.0479615
1.64883 0.14883
1.65018 0.0501456
1.6505 0.0504651
1.65172 0.051696
1.65204 0.0520062
1.65236 0.0523257
1.65274 0.152738
1.65321 0.0531824
1.65388 0.0538441
1.65466 0.0546301
1.65479 0.0347643
1.65479 0.0347643
1.65479 0.0347643
1.65495 0.0349238
1.65495 0.0346043
1.65495 0.0346043
1.65542 0.155423
1.65596 0.155961
1.65628 0.0562498
1.66211 0.0620747
1.66243 0.0623942
1.66243 0.0623942
1.66274 0.0627137
1.66316 0.0631359
1.66348 0.0634554
1.66492 0.0648853
1.66598 0.0659606
1.66655 0.066529
1.66718 0.0671502
1.6675 0.067479
1.6675 0.067479
1.66782 0.0677892
1.66782 0.0677892
1.671 0.0709703
1.67132 0.0712898
1.67292 0.0728845
1.6733 0.0732662
1.67402 0.0739901
1.67462 0.0346052
1.67462 0.0346052
1.67462 0.0346052
1.67493 0.0349202
1.67493 0.0346007
1.67493 0.0346007
1.67603 0.0760029
1.6765 0.0764722
1.67682 0.0767917
1.67714 0.0771112
1.67749 0.0774618
1.67797 0.0779369
1.67829 0.0782657
1.67867 0.0786381
1.67989 0.0798596
1.6818 0.0817654
1.68286 0.0828314
1.68318 0.0831509
1.68397 0.083937
1.68902 0.0889843
1.69092 0.0908901
1.69286 0.092827
1.69479 0.0947639
1.69492 0.0348957
1.69492 0.0348957
1.69492 0.0348957
1.69492 0.0348957
1.69492 0.0345762
1.69492 0.0345762
1.69505 0.0347045
1.69649 0.09646
1.69787 0.097837
1.69893 0.098903
1.69925 0.0992225
1.70122 0.101191
1.70244 0.102418
1.70401 0.103976
1.70507 0.105042
1.70766 0.107632
1.70879 0.10876
1.7102 0.110168
1.7102 0.110168
1.71462 0.114593
1.71475 0.0347394
1.71475 0.0347394
1.71475 0.0347394
1.71491 0.0348989
1.71491 0.0345794
1.71491 0.0345794
1.71526 0.115232
1.71642 0.116391
1.71743 0.117395
1.71946 0.119425
1.72559 0.125561
1.73481 0.0347773
1.73494 0.0345862
1.73494 0.0345862
1.73494 0.0345862
1.73525 0.0349012
1.73525 0.0345817
1.73525 0.0345817
1.73706 0.0370332
1.73738 0.137352
1.73783 0.0377966
1.74141 0.041382
1.74291 0.0428835
1.74326 0.0432521
1.74358 0.0435737
1.74443 0.0444019
1.74565 0.0456234
1.7461 0.0460772
1.74729 0.0472578
1.74764 0.0476264
1.74796 0.0479501
1.74887 0.148838
1.75018 0.0501532
1.7505 0.0504727
1.75169 0.0516811
1.75201 0.0519826
1.75233 0.0523021
1.75278 0.152745
1.75322 0.05319
1.75388 0.0538516
1.75467 0.0546377
1.7548 0.0347719
1.7548 0.0347719
1.7548 0.0347719
1.75492 0.0349003
1.75492 0.0345808
1.75492 0.0345808
1.75543 0.1554
1.756 0.155968
1.75632 0.0562885
1.76211 0.0620823
1.76243 0.0624018
1.76243 0.0624018
1.76275 0.0627213
1.76316 0.0631521
1.76348 0.0634716
1.76492 0.0648929
1.76599 0.0659769
1.76656 0.0665452
1.76719 0.0671578
1.76751 0.0674952
1.76751 0.0674952
1.76783 0.0677968
1.76783 0.0677968
1.77101 0.0709778
1.77133 0.0712973
1.77292 0.0728921
1.7733 0.0732738
1.77403 0.0739977
1.77459 0.0345817
1.77459 0.0345817
1.77459 0.0345817
1.77491 0.0348967
1.77491 0.0345772
1.77491 0.0345772
1.77603 0.0760105
1.77651 0.0764798
1.77683 0.0767993
1.77715 0.0771188
1.7775 0.0774694
1.77797 0.0779444
1.77829 0.0782819
1.77868 0.0786457
1.7799 0.0798672
1.7818 0.081773
1.78287 0.082839
1.78319 0.0831585
1.78394 0.0839135
1.78899 0.0889608
1.79093 0.0908977
1.79283 0.0928035
1.7948 0.0947715
1.79493 0.0349032
1.79493 0.0349032
1.79493 0.0349032
1.79493 0.0349032
1.79493 0.0345837
1.79493 0.0345837
1.79506 0.0347121
1.79647 0.0964365
1.79787 0.0978446
1.79894 0.0989106
1.79926 0.0992301
1.8012 0.101167
1.80245 0.102425
1.80401 0.103983
1.80505 0.105018
1.80767 0.107639
1.8088 0.108768
1.81017 0.110145
1.81049 0.110464
1.81464 0.114609
1.81477 0.0347555
1.81477 0.0347555
1.81477 0.0347555
1.81493 0.034915
1.81493 0.0345955
1.81493 0.0345955
1.81528 0.115248
1.81641 0.116376
1.81741 0.11738
1.81944 0.11941
1.82561 0.125577
1.83482 0.0347933
1.83495 0.0346022
1.83495 0.0346022
1.83495 0.0346022
1.83527 0.0349172
1.83527 0.0345977
1.83527 0.0345977
1.83705 0.0370181
1.83737 0.137337
1.83781 0.0377816
1.8414 0.041367
1.8429 0.0428685
1.84325 0.0432457
1.84357 0.0435535
1.84445 0.044418
1.84564 0.0456084
1.84611 0.0460912
1.8473 0.0472738
1.84762 0.04762
1.84797 0.0479471
1.84885 0.148822
1.85017 0.0501381
1.85049 0.0504577
1.85171 0.0517058
1.85203 0.0519987
1.85235 0.0523182
1.85276 0.15273
1.85324 0.053206
1.85387 0.0538366
1.85465 0.0546227
1.85478 0.0347569
1.85478 0.0347569
1.85478 0.0347569
1.85494 0.0349164
1.85494 0.0345969
1.85494 0.0345969
1.85545 0.155416
1.85601 0.155984
1.85633 0.0563045
1.8621 0.0620672
1.86242 0.0623867
1.86274 0.0627062
1.86274 0.0627062
1.86315 0.0631457
1.86347 0.0634652
1.86494 0.0649089
1.86597 0.0659704
1.86654 0.0665388
1.8672 0.0671738
1.8672 0.0672004
1.86752 0.0675199
1.86752 0.0674933
1.86752 0.0674933
1.87098 0.0709543
1.8713 0.0712738
1.87293 0.0728997
1.87331 0.0732814
1.87403 0.0740053
1.8746 0.0345893
1.8746 0.0345893
1.8746 0.0345893
1.87491 0.0349043
1.87491 0.0345848
1.87491 0.0345848
1.87601 0.0759869
1.87649 0.0764563
1.87681 0.0767758
1.87712 0.0770953
1.87751 0.077477
1.87795 0.0779209
1.87827 0.0782671
1.87868 0.0786533
1.8799 0.0798748
1.88181 0.0817806
1.88288 0.0828466
1.8832 0.0831661
1.88395 0.0839211
1.889 0.0889684
1.89093 0.0909053
1.89284 0.0928111
1.89478 0.094748
1.89491 0.0348797
1.89491 0.0348797
1.89491 0.0348797
1.89503 0.0350081
1.89503 0.0346886
1.89503 0.0346886
1.89647 0.096444
1.89788 0.0978522
1.89895 0.0989182
1.89927 0.0992377
1.9012 0.101175
1.90246 0.102433
1.90399 0.10396
1.90506 0.105026
1.90765 0.107616
1.9088 0.108775
1.91018 0.110152
1.9105 0.110472
1.91465 0.114617
1.91477 0.0347631
1.91477 0.0347631
1.91477 0.0347631
1.91493 0.0349226
1.91493 0.0346031
1.91493 0.0346031
1.91525 0.115224
1.91641 0.116384
1.91742 0.117388
1.91945 0.119418
1.92558 0.125554
1.9348 0.0347698
1.93493 0.0345787
1.93493 0.0345787
1.93493 0.0345787
1.93527 0.0349248
1.93527 0.0346053
1.93527 0.0346053
1.93705 0.0370257
1.93737 0.137344
1.93782 0.0377892
1.9414 0.0413746
1.9429 0.042876
1.94329 0.0432619
1.94361 0.043587
1.94445 0.0444255
1.94564 0.045616
1.94612 0.0460967
1.94731 0.0472814
1.94763 0.0476051
1.94798 0.0479668
1.94886 0.14883
1.95017 0.0501457
1.95049 0.0504652
1.95172 0.0516909
1.95203 0.0520063
1.95235 0.0523258
1.95277 0.152738
1.95321 0.0531825
1.95387 0.0538442
1.95466 0.0546302
1.95479 0.0347645
1.95479 0.0347645
1.95479 0.0347645
1.95495 0.034924
1.95495 0.0346044
1.95495 0.0346044
1.95545 0.155423
1.95599 0.155961
1.95631 0.056281
1.9621 0.0620748
1.96242 0.0623943
1.96274 0.0627138
1.96274 0.0627138
1.96316 0.0631308
1.96347 0.0634503
1.96491 0.0648854
1.96598 0.0659556
1.96655 0.0665239
1.96718 0.0671503
1.9675 0.067474
1.9675 0.067474
1.96782 0.0677893
1.96782 0.0677893
1.971 0.0709704
1.97132 0.0712899
1.97291 0.0728847
1.97329 0.0732664
1.97402 0.0739902
1.97461 0.0346053
1.97461 0.0346053
1.97461 0.0346053
1.97493 0.0349203
1.97493 0.0346008
1.97493 0.0346008
1.97603 0.076003
1.9765 0.0764723
1.97682 0.0767918
1.97714 0.0771113
1.97749 0.077462
1.97797 0.077937
1.97829 0.0782606
1.97867 0.0786382
1.97989 0.0798597
1.98179 0.0817655
1.98286 0.0828315
1.98318 0.083151
1.98397 0.0839371
1.98901 0.0889844
1.99092 0.0908902
1.99286 0.0928272
1.99479 0.0947641
1.99492 0.0348958
1.99492 0.0348958
1.99492 0.0348958
1.99492 0.0348958
1.99492 0.0345763
1.99492 0.0345763
1.99505 0.0347047
1.99649 0.0964601
1.99787 0.0978371
1.99893 0.0989031
1.99925 0.0992227
2.00122 0.101191
2.00244 0.102418
2.004 0.103976
2.00508 0.105047
2.00767 0.107637
2.00879 0.108765
2.01017 0.110142
2.01049 0.110462
2.01464 0.114607
2.01476 0.0347531
2.01476 0.0347531
2.01476 0.0347531
2.01492 0.0349126
2.01492 0.0345931
2.01492 0.0345931
2.01527 0.115246
2.01643 0.116405
2.01741 0.117378
2.01944 0.119408
2.0256 0.125575
2.03479 0.0347599
2.03492 0.0345688
2.03492 0.0345688
2.03492 0.0345688
2.03526 0.0349149
2.03526 0.0345954
2.03526 0.0345954
2.03704 0.0370158
2.03736 0.137334
2.03781 0.0377792
2.04139 0.0413646
2.04289 0.0428661
2.04328 0.0432606
2.0436 0.0435719
2.04444 0.0444156
2.04563 0.045606
2.04611 0.0460938
2.0473 0.0472715
2.04765 0.0476349
2.04797 0.047969
2.04888 0.148851
2.05016 0.0501358
2.05048 0.0504553
2.05174 0.0517207
2.05206 0.0520274
2.05237 0.0523469
2.05279 0.152759
2.0532 0.0531726
2.05386 0.0538342
2.05465 0.0546203
2.05478 0.0347545
2.05478 0.0347545
2.05478 0.0347545
2.05494 0.034914
2.05494 0.0345945
2.05494 0.0345945
2.05544 0.155413
2.05601 0.155982
2.05633 0.0563021
2.06209 0.0620649
2.06241 0.0623844
2.06241 0.0623844
2.06273 0.0627039
2.06318 0.0631606
2.0635 0.0634801
2.06493 0.0649065
2.066 0.0659854
2.06654 0.0665226
2.0672 0.0671714
2.06752 0.0675038
2.06752 0.0675038
2.06784 0.0678105
2.06784 0.0678105
2.07099 0.0709604
2.07131 0.0712799
2.0729 0.0728747
2.07332 0.0732875
2.07401 0.0739803
2.0746 0.0345954
2.0746 0.0345954
2.0746 0.0345954
2.07492 0.0349104
2.07492 0.0345909
2.07492 0.0345909
2.07602 0.0759931
2.07649 0.0764624
2.07681 0.0767819
2.07713 0.0771014
2.07748 0.077452
2.07792 0.0778959
2.07824 0.0782282
2.07866 0.0786282
2.07991 0.0798809
2.08178 0.0817556
2.08288 0.0828527
2.0832 0.0831722
2.08392 0.0838961
2.08897 0.0889434
2.09091 0.0908803
2.09284 0.0928172
2.09475 0.094723
2.09488 0.0348547
2.09488 0.0348547
2.09488 0.0348547
2.09501 0.0349831
2.09501 0.0346636
2.09501 0.0346636
2.09648 0.0964501
2.09789 0.0978583
2.09895 0.0989243
2.09927 0.0992438
2.10121 0.101181
2.10246 0.102439
2.10399 0.103966
2.10503 0.105001
2.10762 0.107591
2.10878 0.10875
2.11019 0.110158
2.11051 0.110478
2.11465 0.114623
2.11478 0.0347692
2.11478 0.0347692
2.11478 0.0347692
2.11491 0.0348976
2.11491 0.0345781
2.11491 0.0345781
2.11526 0.115231
2.11642 0.11639
2.11742 0.117394
2.11945 0.119424
2.12559 0.12556
2.1348 0.0347759
2.13493 0.0345848
2.13493 0.0345848
2.13493 0.0345848
2.13525 0.0348998
2.13525 0.0345803
2.13525 0.0345803
2.13703 0.0370007
2.13735 0.137319
2.13782 0.0377953
2.14141 0.0413807
2.14291 0.0428821
2.14326 0.0432542
2.14358 0.0435516
2.14443 0.0444005
2.14565 0.0456221
2.14612 0.0461109
2.14728 0.0472564
2.14763 0.0476285
2.14798 0.047966
2.14886 0.148836
2.15018 0.0501518
2.1505 0.0504713
2.15172 0.0517143
2.15204 0.0520124
2.15236 0.0523319
2.15277 0.152744
2.15322 0.0531886
2.15388 0.0538503
2.15463 0.0546052
2.15476 0.0347395
2.15476 0.0347395
2.15476 0.0347395
2.15492 0.034899
2.15492 0.0345794
2.15492 0.0345794
2.15543 0.155398
2.15599 0.155967
2.15631 0.0562871
2.16208 0.0620498
2.1624 0.0623693
2.16272 0.0626888
2.16272 0.0626888
2.16316 0.0631542
2.16348 0.0634737
2.16492 0.0648915
2.16598 0.0659789
2.16652 0.0665162
2.16721 0.0671875
2.16721 0.0672089
2.16753 0.0675284
2.16753 0.067507
2.16753 0.067507
2.17099 0.070968
2.17131 0.0712875
2.17291 0.0728823
2.17329 0.073264
2.17401 0.0739879
2.17458 0.0345718
2.17458 0.0345718
2.17458 0.0345718
2.17489 0.0348869
2.17489 0.0345673
2.17489 0.0345673
2.17602 0.0760006
2.1765 0.07647
2.17682 0.0767895
2.17714 0.077109
2.17749 0.0774596
2.17793 0.0779035
2.17825 0.0782445
2.17866 0.0786358
2.17992 0.0798885
2.18179 0.0817632
2.18286 0.0828292
2.18318 0.0831487
2.18393 0.0839036
2.18895 0.0889199
2.19091 0.0908879
2.19282 0.0927937
2.19476 0.0947306
2.19489 0.0348623
2.19489 0.0348623
2.19489 0.0348623
2.19501 0.0349907
2.19501 0.0346712
2.19501 0.0346712
2.19645 0.0964266
2.19789 0.0978659
2.19896 0.0989319
2.19928 0.0992514
2.20122 0.101188
2.20247 0.102447
2.204 0.103973
2.20504 0.105008
2.20763 0.107598
2.20878 0.108758
2.21019 0.110166
2.21051 0.110485
2.21466 0.114631
2.21479 0.0347768
2.21479 0.0347768
2.21479 0.0347768
2.21491 0.0349052
2.21491 0.0345857
2.21491 0.0345857
2.21527 0.115238
2.21642 0.116397
2.21743 0.117401
2.21946 0.119431
2.22556 0.125536
2.23481 0.0347835
2.23494 0.0345924
2.23494 0.0345924
2.23494 0.0345924
2.23525 0.0349074
2.23525 0.0345879
2.23525 0.0345879
2.23703 0.0370083
2.23735 0.137327
2.2378 0.0377717
2.24138 0.0413572
2.24288 0.0428586
2.24327 0.0432393
2.24359 0.0435851
2.24443 0.0444081
2.24562 0.0455985
2.2461 0.0460945
2.24729 0.047264
2.24764 0.0476136
2.24799 0.0479857
2.24887 0.148844
2.25019 0.0501594
2.25051 0.0504789
2.25173 0.0516994
2.25205 0.05202
2.25237 0.0523395
2.25278 0.152751
2.25322 0.0531962
2.25388 0.0538579
2.25464 0.0546128
2.25477 0.034747
2.25477 0.034747
2.25477 0.034747
2.25493 0.0349065
2.25493 0.034587
2.25493 0.034587
2.25543 0.155406
2.256 0.155974
2.25632 0.0562947
2.26208 0.0620574
2.2624 0.0623769
2.26272 0.0626964
2.26272 0.0626964
2.26317 0.0631393
2.26349 0.0634588
2.26493 0.0648991
2.26599 0.0659641
2.26656 0.0665324
2.26719 0.067164
2.26751 0.0674825
2.26751 0.0674825
2.26783 0.067803
2.26783 0.067803
2.27098 0.070953
2.2713 0.0712725
2.27289 0.0728672
2.27331 0.0732801
2.27403 0.0740039
2.27459 0.0345879
2.27459 0.0345879
2.27459 0.0345879
2.27491 0.0349029
2.27491 0.0345834
2.27491 0.0345834
2.27601 0.0759856
2.27648 0.0764549
2.2768 0.0767744
2.27712 0.0770939
2.27747 0.0774445
2.27795 0.0779196
2.27827 0.0782381
2.27865 0.0786208
2.2799 0.0798734
2.28181 0.0817792
2.28287 0.0828452
2.28319 0.0831647
2.28395 0.0839197
2.28896 0.0889359
2.29093 0.0909039
2.29284 0.0928097
2.29477 0.0947467
2.2949 0.0348784
2.2949 0.0348784
2.2949 0.0348784
2.29503 0.0350068
2.29503 0.0346872
2.29503 0.0346872
2.29647 0.0964427
2.29788 0.0978508
2.29897 0.0989479
2.29929 0.0992674
2.30123 0.101204
2.30245 0.102432
2.30398 0.103958
2.30502 0.104993
2.30764 0.107615
2.30877 0.108743
2.31021 0.110182
2.31021 0.110182
2.31463 0.114607
2.31476 0.0347533
2.31476 0.0347533
2.31476 0.0347533
2.31492 0.0349127
2.31492 0.0345932
2.31492 0.0345932
2.31527 0.115246
2.31643 0.116405
2.31744 0.117409
2.31943 0.119408
2.32557 0.125544
2.33479 0.03476
2.33491 0.0345689
2.33491 0.0345689
2.33491 0.0345689
2.33526 0.034915
2.33526 0.0345955
2.33526 0.0345955
2.33704 0.0370159
2.33736 0.137335
2.3378 0.0377793
2.34139 0.0413648
2.34289 0.0428662
2.34327 0.0432556
2.34359 0.0435876
2.34444 0.0444157
2.34563 0.0456061
2.34611 0.0461031
2.3473 0.0472716
2.34765 0.0476298
2.348 0.0479743
2.34888 0.148851
2.35016 0.0501359
2.35048 0.0504554
2.35173 0.0517157
2.35205 0.0520275
2.35237 0.0523471
2.35279 0.152759
2.3532 0.0531727
2.35386 0.0538343
2.35465 0.0546204
2.35477 0.0347546
2.35477 0.0347546
2.35477 0.0347546
2.35493 0.0349141
2.35493 0.0345946
2.35493 0.0345946
2.35544 0.155414
2.35601 0.155982
2.35633 0.0563023
2.36209 0.062065
2.36241 0.0623845
2.36241 0.0623845
2.36273 0.062704
2.36317 0.0631555
2.36349 0.063475
2.36493 0.0649067
2.366 0.0659803
2.36654 0.0665175
2.3672 0.0671716
2.36752 0.0674987
2.36752 0.0674987
2.36784 0.0678106
2.36784 0.0678106
2.37099 0.0709605
2.37131 0.0712801
2.3729 0.0728748
2.37331 0.0732876
2.37401 0.0739804
2.3746 0.0345955
2.3746 0.0345955
2.3746 0.0345955
2.37492 0.0349105
2.37492 0.034591
2.37492 0.034591
2.37601 0.0759932
2.37649 0.0764625
2.37681 0.076782
2.37713 0.0771015
2.37748 0.0774521
2.37792 0.077896
2.37824 0.0782232
2.37865 0.0786284
2.37991 0.079881
2.38178 0.0817557
2.38288 0.0828528
2.3832 0.0831723
2.38392 0.0838962
2.38897 0.0889435
2.39091 0.0908804
2.39284 0.0928173
2.39475 0.0947231
2.39488 0.0348548
2.39488 0.0348548
2.39488 0.0348548
2.39501 0.0349832
2.39501 0.0346637
2.39501 0.0346637
2.39648 0.0964503
2.39788 0.0978584
2.39895 0.0989244
2.39927 0.0992439
2.40121 0.101181
2.40246 0.102439
2.40399 0.103966
2.40503 0.105001
2.40762 0.107591
2.40878 0.10875
2.41021 0.11019
2.41021 0.11019
2.41464 0.114615
2.41477 0.0347608
2.41477 0.0347608
2.41477 0.0347608
2.4149 0.0348892
2.4149 0.0345697
2.4149 0.0345697
2.41528 0.115253
2.41641 0.116382
2.41741 0.117385
2.41944 0.119416
2.42558 0.125552
2.43479 0.0347676
2.43492 0.0345765
2.43492 0.0345765
2.43492 0.0345765
2.43524 0.0348915
2.43524 0.034572
2.43524 0.034572
2.43705 0.0370235
2.43737 0.137342
2.43781 0.0377869
2.4414 0.0413723
2.4429 0.0428738
2.44325 0.0432407
2.44357 0.0435589
2.44445 0.0444233
2.44564 0.0456137
2.44611 0.0461118
2.4473 0.0472792
2.44762 0.0476149
2.44797 0.0479629
2.44885 0.148828
2.45017 0.0501435
2.45049 0.050463
2.45171 0.0517008
2.45203 0.052004
2.45235 0.0523235
2.45276 0.152736
2.4532 0.0531803
2.45387 0.0538419
2.45465 0.054628
2.45478 0.0347622
2.45478 0.0347622
2.45478 0.0347622
2.45491 0.0348906
2.45491 0.0345711
2.45491 0.0345711
2.45545 0.155421
2.45598 0.155958
2.4563 0.0562788
2.4621 0.0620726
2.46242 0.0623921
2.46242 0.0623921
2.46274 0.0627116
2.46315 0.0631407
2.46347 0.0634602
2.46494 0.0649143
2.46597 0.0659654
2.46651 0.0665027
2.4672 0.0671791
2.4672 0.0671954
2.46752 0.0675149
2.46752 0.0674987
2.46752 0.0674987
2.47098 0.0709597
2.4713 0.0712792
2.4729 0.0728739
2.47331 0.0732868
2.47404 0.0740106
2.4746 0.0345946
2.4746 0.0345946
2.4746 0.0345946
2.47491 0.0349096
2.47491 0.0345901
2.47491 0.0345901
2.47601 0.0759923
2.47649 0.0764616
2.47681 0.0767811
2.47713 0.0771006
2.47748 0.0774512
2.47792 0.0778952
2.47824 0.0782309
2.47865 0.0786275
2.4799 0.0798801
2.48178 0.0817548
2.48288 0.0828519
2.4832 0.0831714
2.48392 0.0838953
2.48897 0.0889426
2.4909 0.0908795
2.49284 0.0928164
2.49475 0.0947223
2.49488 0.034854
2.49488 0.034854
2.49488 0.034854
2.495 0.0349824
2.495 0.0346628
2.495 0.0346628
2.49647 0.0964494
2.49788 0.0978575
2.49895 0.0989235
2.49927 0.099243
2.5012 0.10118
2.50246 0.102438
2.50399 0.103965
2.50502 0.105
2.50761 0.10759
2.50877 0.108749
2.51018 0.110158
2.5105 0.110477
2.51465 0.114622
2.51478 0.0347684
2.51478 0.0347684
2.51478 0.0347684
2.5149 0.0348968
2.5149 0.0345773
2.5149 0.0345773
2.51525 0.11523
2.51641 0.116389
2.51742 0.117393
2.51945 0.119423
2.52558 0.125559
2.5348 0.0347752
2.53493 0.034584
2.53493 0.034584
2.53493 0.034584
2.53524 0.0348991
2.53524 0.0345796
2.53524 0.0345796
2.53702 0.037
2.53734 0.137319
2.53782 0.0377945
2.5414 0.0413799
2.54291 0.0428814
2.54329 0.0432569
2.54361 0.0435924
2.54442 0.0443998
2.54565 0.0456213
2.54612 0.0460893
2.54728 0.0472556
2.54766 0.0476312
2.54798 0.0479515
2.54886 0.148835
2.55017 0.0501511
2.55049 0.0504706
2.55175 0.051717
2.55207 0.0520427
2.55239 0.0523622
2.55277 0.152743
2.55321 0.0531879
2.55387 0.0538495
2.55463 0.0546045
2.55476 0.0347387
2.55476 0.0347387
2.55476 0.0347387
2.55492 0.0348982
2.55492 0.0345787
2.55492 0.0345787
2.55542 0.155398
2.55599 0.155966
2.55631 0.0562863
2.56207 0.062049
2.56239 0.0623686
2.56271 0.0626881
2.56271 0.0626881
2.56319 0.0631569
2.56351 0.0634764
2.56491 0.0648907
2.56601 0.0659817
2.56655 0.0665189
2.56721 0.0671867
2.56753 0.0675
2.56753 0.0675
2.56785 0.0678257
2.56785 0.0678257
2.571 0.0709757
2.57132 0.0712952
2.57291 0.07289
2.5733 0.0732717
2.57402 0.0739956
2.57458 0.0345795
2.57458 0.0345795
2.57458 0.0345795
2.5749 0.0348946
2.5749 0.0345751
2.5749 0.0345751
2.57603 0.0760083
2.5765 0.0764777
2.57682 0.0767972
2.57714 0.0771167
2.57746 0.0774362
2.57793 0.0779112
2.57825 0.0782245
2.57864 0.0786124
2.57989 0.0798651
2.58179 0.0817709
2.58286 0.0828369
2.58318 0.0831564
2.58394 0.0839113
2.58895 0.0889276
2.59092 0.0908956
2.59283 0.0928014
2.59476 0.0947383
2.59489 0.03487
2.59489 0.03487
2.59489 0.03487
2.59502 0.0349984
2.59502 0.0346789
2.59502 0.0346789
2.59646 0.0964343
2.5979 0.0978736
2.59896 0.0989396
2.59928 0.0992591
2.60122 0.101196
2.60244 0.102423
2.60397 0.10395
2.60501 0.104985
2.60763 0.107606
2.60876 0.108734
2.6102 0.110174
2.6102 0.110174
2.61465 0.11463
2.61478 0.034776
2.61478 0.034776
2.61478 0.034776
2.61491 0.0349044
2.61491 0.0345849
2.61491 0.0345849
2.61526 0.115237
2.61642 0.116397
2.61742 0.117401
2.61945 0.119431
2.62556 0.125536
2.63481 0.0347827
2.63493 0.0345916
2.63493 0.0345916
2.63493 0.0345916
2.63525 0.0349066
2.63525 0.0345871
2.63525 0.0345871
2.63703 0.0370075
2.63735 0.137326
2.63779 0.037771
2.64138 0.0413564
2.64288 0.0428579
2.64326 0.043242
2.64358 0.0435637
2.64443 0.0444074
2.64565 0.0456289
2.64613 0.0460979
2.64729 0.0472632
2.64764 0.0476163
2.64799 0.0479712
2.64887 0.148843
2.65018 0.0501587
2.6505 0.0504782
2.65172 0.0517021
2.65204 0.0520192
2.65236 0.0523387
2.65277 0.152751
2.65322 0.0531954
2.65388 0.0538571
2.65463 0.0546121
2.65476 0.0347463
2.65476 0.0347463
2.65476 0.0347463
2.65492 0.0349058
2.65492 0.0345863
2.65492 0.0345863
2.65543 0.155405
2.656 0.155974
2.65632 0.0562939
2.66208 0.0620566
2.6624 0.0623761
2.66272 0.0626956
2.66272 0.0626956
2.66316 0.063142
2.66348 0.0634615
2.66492 0.0648983
2.66599 0.0659668
2.66652 0.066504
2.66719 0.0671632
2.66751 0.0674852
2.66751 0.0674852
2.66783 0.0678022
2.66783 0.0678022
2.67098 0.0709522
2.67129 0.0712717
2.67289 0.0728665
2.6733 0.0732793
2.67403 0.0740032
2.67459 0.0345871
2.67459 0.0345871
2.67459 0.0345871
2.6749 0.0349021
2.6749 0.0345826
2.6749 0.0345826
2.676 0.0759848
2.67648 0.0764541
2.6768 0.0767737
2.67712 0.0770932
2.67747 0.0774438
2.67794 0.0779188
2.67826 0.0782408
2.67864 0.07862
2.6799 0.0798727
2.6818 0.0817785
2.68287 0.0828445
2.68319 0.083164
2.68394 0.0839189
2.68896 0.0889351
2.69093 0.0909032
2.69283 0.092809
2.69477 0.0947459
2.6949 0.0348776
2.6949 0.0348776
2.6949 0.0348776
2.69503 0.035006
2.69503 0.0346865
2.69503 0.0346865
2.69646 0.0964419
2.69787 0.0978501
2.69897 0.0989472
2.69929 0.0992667
2.70123 0.101204
2.70245 0.102431
2.70398 0.103958
2.70502 0.104993
2.70761 0.107583
2.70876 0.108742
2.7102 0.110181
2.7102 0.110181
2.71463 0.114606
2.71476 0.0347525
2.71476 0.0347525
2.71476 0.0347525
2.71492 0.034912
2.71492 0.0345925
2.71492 0.0345925
2.71527 0.115245
2.71643 0.116404
2.71743 0.117408
2.71946 0.119438
2.72557 0.125543
2.73478 0.0347592
2.73491 0.0345681
2.73491 0.0345681
2.73491 0.0345681
2.73526 0.0349142
2.73526 0.0345947
2.73526 0.0345947
2.73704 0.0370151
2.73736 0.137334
2.7378 0.0377786
2.74139 0.041364
2.74289 0.0428654
2.74327 0.0432583
2.74359 0.0435661
2.74444 0.0444149
2.74563 0.0456054
2.74613 0.0461065
2.74729 0.0472708
2.74764 0.0476325
2.74796 0.0479598
2.74887 0.148851
2.75016 0.0501351
2.75048 0.0504547
2.75173 0.0517184
2.75205 0.0520268
2.75237 0.0523463
2.75278 0.152758
2.75319 0.0531719
2.75386 0.0538336
2.75464 0.0546196
2.75477 0.0347539
2.75477 0.0347539
2.75477 0.0347539
2.75493 0.0349134
2.75493 0.0345939
2.75493 0.0345939
2.75544 0.155413
2.756 0.155981
2.75632 0.0563015
2.76209 0.0620642
2.76241 0.0623837
2.76241 0.0623837
2.76273 0.0627032
2.76317 0.0631582
2.76349 0.0634778
2.76493 0.0649059
2.76599 0.065983
2.76653 0.0665202
2.76719 0.0671708
2.76751 0.0675014
2.76751 0.0675014
2.76783 0.0678098
2.76783 0.0678098
2.77098 0.0709598
2.7713 0.0712793
2.7729 0.0728741
2.77331 0.0732869
2.77403 0.0740107
2.7746 0.0345947
2.7746 0.0345947
2.7746 0.0345947
2.77491 0.0349097
2.77491 0.0345902
2.77491 0.0345902
2.77601 0.0759924
2.77648 0.0764617
2.7768 0.0767812
2.77712 0.0771007
2.77747 0.0774514
2.77792 0.0778953
2.77824 0.0782259
2.77865 0.0786276
2.7799 0.0798802
2.78178 0.0817549
2.78287 0.082852
2.78319 0.0831716
2.78392 0.0838954
2.78896 0.0889427
2.7909 0.0908796
2.79284 0.0928166
2.79474 0.0947224
2.79487 0.0348541
2.79487 0.0348541
2.79487 0.0348541
2.795 0.0349825
2.795 0.034663
2.795 0.034663
2.79647 0.0964495
2.79788 0.0978577
2.79895 0.0989237
2.79927 0.0992432
2.8012 0.10118
2.80245 0.102438
2.80399 0.103965
2.80502 0.105
2.80761 0.10759
2.80877 0.10875
2.81018 0.110158
2.8105 0.110477
2.81464 0.114623
2.81477 0.0347685
2.81477 0.0347685
2.81477 0.0347685
2.8149 0.0348969
2.8149 0.0345774
2.8149 0.0345774
2.81525 0.11523
2.81641 0.116389
2.81742 0.117393
2.81945 0.119423
2.82558 0.125559
2.8348 0.0347753
2.83492 0.0345842
2.83492 0.0345842
2.83492 0.0345842
2.83524 0.0348992
2.83524 0.0345797
2.83524 0.0345797
2.83702 0.0370001
2.83734 0.137319
2.83782 0.0377946
2.8414 0.04138
2.8429 0.0428815
2.84325 0.0432518
2.84357 0.0435459
2.84442 0.0443999
2.84564 0.0456214
2.84612 0.0460925
2.84728 0.0472558
2.84763 0.0476261
2.84798 0.0479568
2.84886 0.148836
2.85017 0.0501512
2.85049 0.0504707
2.85171 0.051712
2.85203 0.0520117
2.85235 0.0523312
2.85277 0.152743
2.85321 0.053188
2.85387 0.0538496
2.85463 0.0546046
2.85475 0.0347388
2.85475 0.0347388
2.85475 0.0347388
2.85491 0.0348983
2.85491 0.0345788
2.85491 0.0345788
2.85542 0.155398
2.85599 0.155966
2.85631 0.0562865
2.86207 0.0620492
2.86239 0.0623687
2.86271 0.0626882
2.86271 0.0626882
2.86315 0.0631518
2.86347 0.0634713
2.86491 0.0648909
2.86598 0.0659766
2.86652 0.0665138
2.86721 0.0671869
2.86721 0.0672066
2.86753 0.0675261
2.86753 0.0675064
2.86753 0.0675064
2.87099 0.0709674
2.87131 0.0712869
2.8729 0.0728816
2.87328 0.0732634
2.87401 0.0739872
2.87457 0.0345712
2.87457 0.0345712
2.87457 0.0345712
2.87489 0.0348862
2.87489 0.0345667
2.87489 0.0345667
2.87602 0.076
2.87649 0.0764693
2.87681 0.0767888
2.87713 0.0771083
2.87748 0.0774589
2.87792 0.0779029
2.87824 0.0782421
2.87866 0.0786352
2.87991 0.0798878
2.88178 0.0817625
2.88285 0.0828285
2.88317 0.083148
2.88392 0.083903
2.88897 0.0889503
2.89091 0.0908872
2.89281 0.092793
2.89475 0.09473
2.89488 0.0348617
2.89488 0.0348617
2.89488 0.0348617
2.89501 0.0349901
2.89501 0.0346706
2.89501 0.0346706
2.89645 0.096426
2.89789 0.0978652
2.89895 0.0989312
2.89927 0.0992507
2.90121 0.101188
2.90243 0.102415
2.90399 0.103973
2.90503 0.105008
2.90762 0.107598
2.90878 0.108757
2.91019 0.110165
2.91051 0.110485
2.91465 0.11463
2.91478 0.0347761
2.91478 0.0347761
2.91478 0.0347761
2.91491 0.0349045
2.91491 0.034585
2.91491 0.034585
2.91526 0.115238
2.91642 0.116397
2.91742 0.117401
2.91945 0.119431
2.92556 0.125536
2.9348 0.0347829
2.93493 0.0345918
2.93493 0.0345918
2.93493 0.0345918
2.93525 0.0349068
2.93525 0.0345873
2.93525 0.0345873
2.93703 0.0370077
2.93735 0.137326
2.93779 0.0377711
2.94138 0.0413565
2.94288 0.042858
2.94326 0.043237
2.94358 0.0435794
2.94443 0.0444075
2.94565 0.045629
2.94612 0.0461011
2.94728 0.0472633
2.94767 0.0476423
2.94799 0.0479765
2.94886 0.148843
2.95018 0.0501588
2.9505 0.0504783
2.95172 0.0516971
2.95204 0.0520193
2.95236 0.0523388
2.95277 0.152751
2.95322 0.0531956
2.95388 0.0538572
2.95463 0.0546122
2.95476 0.0347464
2.95476 0.0347464
2.95476 0.0347464
2.95492 0.0349059
2.95492 0.0345864
2.95492 0.0345864
2.95543 0.155405
2.95599 0.155974
2.95631 0.056294
2.96208 0.0620568
2.9624 0.0623763
2.96272 0.0626958
2.96272 0.0626958
2.96316 0.063137
2.96348 0.0634565
2.96492 0.0648984
2.96598 0.0659617
2.96655 0.0665301
2.96718 0.0671633
2.9675 0.0674801
2.9675 0.0674801
2.96782 0.0678023
2.96782 0.0678023
2.97097 0.0709523
2.97129 0.0712718
2.97289 0.0728666
2.9733 0.0732794
2.97402 0.0740033
2.97459 0.0345873
2.97459 0.0345873
2.97459 0.0345873
2.9749 0.0349023
2.9749 0.0345828
2.9749 0.0345828
2.976 0.0759849
2.97647 0.0764543
2.97679 0.0767738
2.97711 0.0770933
2.97746 0.0774439
2.97794 0.0779189
2.97826 0.0782357
2.97864 0.0786201
2.97989 0.0798728
2.9818 0.0817786
2.98287 0.0828446
2.98318 0.0831641
2.98394 0.0839191
2.98896 0.0889353
2.99092 0.0909033
2.99283 0.0928091
2.99477 0.094746
2.99489 0.0348777
2.99489 0.0348777
2.99489 0.0348777
2.99502 0.0350061
2.99502 0.0346866
2.99502 0.0346866
2.99646 0.096442
2.99787 0.0978502
2.99897 0.0989473
2.99929 0.0992668
3.00122 0.101204
3.00245 0.102431
3.00398 0.103958
3.00502 0.104998
3.00764 0.107619
3.00877 0.108747
3.01021 0.110187
3.01021 0.110187
3.01463 0.114612
3.01476 0.0347578
3.01476 0.0347578
3.01476 0.0347578
3.01492 0.0349173
3.01492 0.0345978
3.01492 0.0345978
3.01527 0.11525
3.01643 0.11641
3.01743 0.117413
3.01946 0.119444
3.02557 0.125548
3.03478 0.0347646
3.03522 0.034565
3.03522 0.034565
3.03704 0.0370165
3.03736 0.137335
3.0378 0.0377799
3.04138 0.0413653
3.04289 0.0428668
3.04327 0.0432544
3.04359 0.043583
3.04444 0.0444163
3.04563 0.0456067
3.04613 0.046111
3.04729 0.0472722
3.04764 0.0476287
3.04799 0.0479663
3.04887 0.148852
3.05016 0.0501365
3.05048 0.050456
3.05173 0.0517145
3.05205 0.0520281
3.05237 0.0523476
3.05278 0.15276
3.05319 0.0531733
3.05389 0.053866
3.05464 0.054621
3.05477 0.0347552
3.05477 0.0347552
3.05477 0.0347552
3.0549 0.0348836
3.0549 0.0345641
3.0549 0.0345641
3.0554 0.155383
3.056 0.155983
3.05632 0.0563029
3.06205 0.0620345
3.06237 0.062354
3.06269 0.0626735
3.06269 0.0626735
3.06317 0.0631544
3.06349 0.0634739
3.06493 0.0649073
3.06599 0.0659792
3.06653 0.0665164
3.06719 0.0671722
3.06751 0.0674976
3.06751 0.0674976
3.06783 0.0678112
3.06783 0.0678112
3.07098 0.0709611
3.0713 0.0712806
3.07286 0.0728443
3.07331 0.0732882
3.07403 0.0740121
3.0746 0.034565
3.0746 0.034565
3.0746 0.034565
3.07491 0.03488
3.07491 0.0345605
3.07491 0.0345605
3.07601 0.0759938
3.07648 0.0764631
3.0768 0.0767826
3.07712 0.0771021
3.07747 0.0774527
3.07792 0.0778966
3.07824 0.0782221
3.07865 0.078629
3.0799 0.0798816
3.08178 0.0817563
3.08287 0.0828534
3.08319 0.0831729
3.08392 0.0838968
3.08893 0.088913
3.09093 0.0909121
3.09284 0.0928179
3.09474 0.0947237
3.09487 0.0348554
3.09487 0.0348554
3.09487 0.0348554
3.095 0.0349838
3.095 0.0346643
3.095 0.0346643
3.09647 0.0964509
3.09788 0.097859
3.09894 0.098925
3.09926 0.0992445
3.1012 0.101181
3.10245 0.10244
3.10399 0.103967
3.10502 0.105002
3.10761 0.107592
3.10877 0.108751
3.11021 0.11019
3.11021 0.11019
3.11464 0.114615
3.11476 0.0347614
3.11476 0.0347614
3.11476 0.0347614
3.11489 0.0348898
3.11489 0.0345703
3.11489 0.0345703
3.11527 0.115254
3.1164 0.116382
3.11741 0.117386
3.11944 0.119416
3.12557 0.125552
3.13479 0.0347682
3.13492 0.0345771
3.13492 0.0345771
3.13492 0.0345771
3.13523 0.0348921
3.13523 0.0345726
3.13523 0.0345726
3.13701 0.036993
3.13733 0.137312
3.13778 0.0377564
3.14136 0.0413418
3.14289 0.0428744
3.14324 0.0432396
3.14356 0.0435543
3.14441 0.0443928
3.14563 0.0456143
3.14614 0.0461196
3.1473 0.0472798
3.14762 0.0476138
3.148 0.047986
3.14885 0.148828
3.15016 0.0501441
3.15048 0.0504636
3.15174 0.0517308
3.15205 0.0520357
3.15237 0.0523552
3.15276 0.152736
3.1532 0.0531809
3.15386 0.0538425
3.15465 0.0546286
3.15478 0.0347628
3.15478 0.0347628
3.15478 0.0347628
3.1549 0.0348912
3.1549 0.0345717
3.1549 0.0345717
3.15544 0.155422
3.15598 0.155959
3.1563 0.0562793
3.16206 0.0620421
3.16238 0.0623616
3.1627 0.0626811
3.1627 0.0626811
3.16314 0.0631395
3.16346 0.0634591
3.16493 0.0649149
3.16597 0.0659643
3.16651 0.0665015
3.1672 0.0671943
3.1672 0.0671797
3.16752 0.0675138
3.16752 0.0674992
3.16752 0.0674992
3.17098 0.0709603
3.1713 0.0712798
3.17286 0.0728434
3.17331 0.0732874
3.174 0.0739801
3.17459 0.0345641
3.17459 0.0345641
3.17459 0.0345641
3.17491 0.0348791
3.17491 0.0345596
3.17491 0.0345596
3.17601 0.0759929
3.17648 0.0764622
3.1768 0.0767817
3.17712 0.0771012
3.17744 0.0774207
3.17791 0.0778958
3.17823 0.0782298
3.17862 0.078597
3.1799 0.0798807
3.18177 0.0817554
3.18287 0.0828525
3.18319 0.083172
3.18391 0.0838959
3.18893 0.0889121
3.19093 0.0909112
3.1928 0.0927859
3.19471 0.0946917
3.19484 0.0348235
3.19484 0.0348235
3.19484 0.0348235
3.19497 0.0349518
3.19497 0.0346323
3.19497 0.0346323
3.19647 0.09645
3.19791 0.0978892
3.19897 0.0989552
3.19929 0.0992747
3.20123 0.101212
3.20245 0.102439
3.20398 0.103966
3.20499 0.10497
3.20758 0.10756
3.20874 0.108719
3.21021 0.110189
3.21021 0.110189
3.21463 0.114615
3.21476 0.0347606
3.21476 0.0347606
3.21476 0.0347606
3.21489 0.0348889
3.21489 0.0345694
3.21489 0.0345694
3.21527 0.115253
3.2164 0.116381
3.21743 0.117416
3.21947 0.119446
3.22554 0.12552
3.23479 0.0347673
3.23491 0.0345762
3.23491 0.0345762
3.23491 0.0345762
3.23523 0.0348912
3.23523 0.0345717
3.23523 0.0345717
3.23701 0.0369921
3.23733 0.137311
3.23777 0.0377555
3.24136 0.0413409
3.24289 0.0428735
3.24327 0.0432473
3.24359 0.0435794
3.24441 0.0443919
3.24563 0.0456134
3.24611 0.0460947
3.2473 0.0472789
3.24765 0.0476216
3.24797 0.0479661
3.24888 0.148859
3.25016 0.0501432
3.25048 0.0504627
3.25176 0.0517385
3.25208 0.0520659
3.2524 0.0523855
3.25275 0.152735
3.2532 0.05318
3.25386 0.0538416
3.25465 0.0546277
3.25477 0.0347619
3.25477 0.0347619
3.25477 0.0347619
3.2549 0.0348903
3.2549 0.0345708
3.2549 0.0345708
3.25544 0.155421
3.25601 0.155989
3.25633 0.0563096
3.26206 0.0620412
3.26238 0.0623607
3.2627 0.0626802
3.2627 0.0626802
3.26317 0.0631473
3.26349 0.0634668
3.26493 0.064914
3.266 0.0659721
3.26654 0.0665093
3.2672 0.0671789
3.26752 0.0674905
3.26752 0.0674905
3.26784 0.0678179
3.26784 0.0678179
3.27099 0.0709678
3.27131 0.0712874
3.27287 0.072851
3.27328 0.0732638
3.27401 0.0739877
3.2746 0.0345717
3.2746 0.0345717
3.2746 0.0345717
3.27492 0.0348867
3.27492 0.0345672
3.27492 0.0345672
3.27601 0.0760005
3.27649 0.0764698
3.27681 0.0767893
3.27713 0.0771088
3.27745 0.0774283
3.27792 0.0779033
3.27824 0.0782149
3.27862 0.0786046
3.27988 0.0798572
3.28178 0.081763
3.28285 0.082829
3.28317 0.0831485
3.28392 0.0839035
3.28894 0.0889197
3.29091 0.0908877
3.29281 0.0927935
3.29472 0.0946993
3.29485 0.034831
3.29485 0.034831
3.29485 0.034831
3.29497 0.0349594
3.29497 0.0346399
3.29497 0.0346399
3.29644 0.0964265
3.29791 0.0978968
3.29898 0.0989628
3.2993 0.0992823
3.30121 0.101188
3.30246 0.102446
3.30399 0.103973
3.305 0.104977
3.30759 0.107567
3.30874 0.108727
3.31018 0.110166
3.31018 0.110166
3.31464 0.114622
3.31477 0.0347681
3.31477 0.0347681
3.31477 0.0347681
3.3149 0.0348965
3.3149 0.034577
3.3149 0.034577
3.31525 0.11523
3.31641 0.116389
3.31741 0.117393
3.31944 0.119423
3.32555 0.125528
3.33479 0.0347749
3.33492 0.0345838
3.33492 0.0345838
3.33492 0.0345838
3.33524 0.0348988
3.33524 0.0345793
3.33524 0.0345793
3.33702 0.0369997
3.33734 0.137318
3.33778 0.0377631
3.34137 0.0413485
3.34287 0.04285
3.34325 0.0432324
3.34357 0.0435507
3.34442 0.0443995
3.34564 0.045621
3.34611 0.0461033
3.3473 0.0472865
3.34765 0.0476378
3.348 0.0479858
3.34885 0.148835
3.35017 0.0501508
3.35049 0.0504703
3.35174 0.0517237
3.35206 0.0520424
3.35238 0.0523619
3.35276 0.152743
3.35317 0.0531565
3.35387 0.0538492
3.35462 0.0546042
3.35475 0.0347384
3.35475 0.0347384
3.35475 0.0347384
3.35491 0.0348979
3.35491 0.0345784
3.35491 0.0345784
3.35542 0.155397
3.35598 0.155966
3.3563 0.0562861
3.36207 0.0620488
3.36239 0.0623683
3.3627 0.0626878
3.3627 0.0626878
3.36318 0.0631635
3.3635 0.063483
3.36491 0.0648905
3.36597 0.0659572
3.36651 0.0664944
3.3672 0.0671864
3.3672 0.0671872
3.36752 0.0675067
3.36752 0.067506
3.36752 0.067506
3.37098 0.070967
3.3713 0.0712865
3.37287 0.0728501
3.37328 0.073263
3.374 0.0739868
3.3746 0.0345708
3.3746 0.0345708
3.3746 0.0345708
3.37491 0.0348858
3.37491 0.0345663
3.37491 0.0345663
3.37601 0.0759996
3.37649 0.0764689
3.37681 0.0767884
3.37713 0.0771079
3.37744 0.0774274
3.37792 0.0779025
3.37824 0.0782227
3.37862 0.0786037
3.37987 0.0798563
3.38178 0.0817621
3.38285 0.0828281
3.38316 0.0831476
3.38392 0.0839026
3.38894 0.0889188
3.3909 0.0908868
3.39281 0.0927926
3.39472 0.0946984
3.39484 0.0348302
3.39484 0.0348302
3.39484 0.0348302
3.39497 0.0349586
3.39497 0.034639
3.39497 0.034639
3.39644 0.0964256
3.39791 0.0978959
3.39898 0.0989619
3.3993 0.0992814
3.40124 0.101218
3.40246 0.102446
3.40399 0.103972
3.40499 0.104976
3.40758 0.107566
3.40874 0.108726
3.41018 0.110165
3.4105 0.110484
3.41465 0.11463
3.41478 0.0347446
3.41478 0.0347446
3.41478 0.0347446
3.41493 0.0349041
3.41493 0.0345846
3.41493 0.0345846
3.41525 0.115237
3.41641 0.116396
3.41742 0.1174
3.41945 0.11943
3.42555 0.125535
3.43477 0.0347514
3.4349 0.0345602
3.4349 0.0345602
3.4349 0.0345602
3.43524 0.0349064
3.43524 0.0345869
3.43524 0.0345869
3.43702 0.0370073
3.43734 0.137326
3.43779 0.0377707
3.44137 0.0413561
3.44287 0.0428576
3.44326 0.0432487
3.44358 0.0435531
3.44442 0.0444071
3.44561 0.0455975
3.44612 0.046112
3.44728 0.0472629
3.44763 0.0476229
3.44798 0.0479744
3.44886 0.148843
3.45014 0.0501273
3.45046 0.0504468
3.45172 0.0517088
3.45204 0.0520189
3.45235 0.0523384
3.45277 0.15275
3.45318 0.0531641
3.45387 0.0538568
3.45463 0.0546118
3.45476 0.034746
3.45476 0.034746
3.45476 0.034746
3.45492 0.0349055
3.45492 0.034586
3.45492 0.034586
3.45542 0.155405
3.45599 0.155973
3.45631 0.0562936
3.46207 0.0620563
3.46239 0.0623759
3.46239 0.0623759
3.46271 0.0626954
3.46316 0.0631487
3.46348 0.0634682
3.46491 0.064898
3.46598 0.0659734
3.46652 0.0665107
3.46721 0.0672034
3.46721 0.067194
3.46753 0.0675229
3.46753 0.0675135
3.46753 0.0675135
3.47099 0.0709746
3.47131 0.0712941
3.47287 0.0728577
3.47329 0.0732705
3.47401 0.0739944
3.47461 0.0345784
3.47461 0.0345784
3.47461 0.0345784
3.47492 0.0348934
3.47492 0.0345739
3.47492 0.0345739
3.47602 0.0760072
3.47649 0.0764765
3.47681 0.076796
3.47713 0.0771155
3.47745 0.077435
3.4779 0.0778789
3.47821 0.0782078
3.47863 0.0786113
3.47988 0.0798639
3.48179 0.0817697
3.48285 0.0828357
3.48317 0.0831552
3.4839 0.0838791
3.48891 0.0888953
3.49091 0.0908944
3.49282 0.0928002
3.49472 0.094706
3.49485 0.0348377
3.49485 0.0348377
3.49485 0.0348377
3.49498 0.0349661
3.49498 0.0346466
3.49498 0.0346466
3.49645 0.0964332
3.49789 0.0978724
3.49899 0.0989695
3.49931 0.099289
3.50121 0.101195
3.50243 0.102422
3.504 0.10398
3.505 0.104984
3.50759 0.107574
3.50875 0.108733
3.51019 0.110172
3.51019 0.110172
3.51465 0.114629
3.51477 0.0347437
3.51477 0.0347437
3.51477 0.0347437
3.51493 0.0349032
3.51493 0.0345837
3.51493 0.0345837
3.51525 0.115236
3.51641 0.116396
3.51742 0.117399
3.51945 0.11943
3.52555 0.125534
3.53477 0.0347505
3.53489 0.0345594
3.53489 0.0345594
3.53489 0.0345594
3.53524 0.0349055
3.53524 0.034586
3.53524 0.034586
3.53702 0.0370064
3.53734 0.137325
3.53779 0.0377698
3.54137 0.0413552
3.54287 0.0428567
3.54329 0.0432564
3.5436 0.0435781
3.54442 0.0444062
3.54564 0.0456277
3.54612 0.0461121
3.54728 0.0472621
3.54766 0.0476307
3.54801 0.0479856
3.54886 0.148842
3.55014 0.0501264
3.55046 0.0504459
3.55175 0.0517165
3.55206 0.0520491
3.55238 0.0523686
3.55277 0.15275
3.55318 0.0531632
3.55387 0.0538559
3.55463 0.0546109
3.55475 0.0347451
3.55475 0.0347451
3.55475 0.0347451
3.55491 0.0349046
3.55491 0.0345851
3.55491 0.0345851
3.55542 0.155404
3.55599 0.155972
3.55631 0.0562928
3.56207 0.0620555
3.56239 0.062375
3.56239 0.062375
3.56271 0.0626945
3.56319 0.0631564
3.5635 0.0634759
3.56491 0.0648972
3.56601 0.0659812
3.56652 0.0664873
3.56721 0.0671932
3.56753 0.0674996
3.56753 0.0674996
3.56785 0.0678322
3.56785 0.0678322
3.57097 0.070951
3.57129 0.0712705
3.57288 0.0728653
3.57329 0.0732781
3.57402 0.074002
3.57461 0.034586
3.57461 0.034586
3.57461 0.034586
3.57493 0.034901
3.57493 0.0345815
3.57493 0.0345815
3.57599 0.0759837
3.57647 0.076453
3.57679 0.0767725
3.57711 0.077092
3.57743 0.0774115
3.5779 0.0778865
3.57822 0.078193
3.57863 0.0786189
3.57989 0.0798715
3.58179 0.0817773
3.58286 0.0828433
3.58318 0.0831628
3.5839 0.0838867
3.58892 0.0889029
3.59092 0.090902
3.59279 0.0927767
3.59473 0.0947136
3.59486 0.0348453
3.59486 0.0348453
3.59486 0.0348453
3.59499 0.0349737
3.59499 0.0346542
3.59499 0.0346542
3.59646 0.0964408
3.5979 0.09788
3.59896 0.098946
3.59928 0.0992655
3.60122 0.101202
3.60244 0.10243
3.60397 0.103957
3.60501 0.104991
3.6076 0.107582
3.60876 0.108741
3.6102 0.11018
3.6102 0.11018
3.61465 0.114636
3.61478 0.0347513
3.61478 0.0347513
3.61478 0.0347513
3.61491 0.0348797
3.61491 0.0345602
3.61491 0.0345602
3.61526 0.115244
3.61642 0.116403
3.61742 0.117407
3.61945 0.119437
3.62556 0.125542
3.63477 0.0347581
3.6349 0.0345669
3.6349 0.0345669
3.6349 0.0345669
3.63522 0.034882
3.63522 0.0345625
3.63522 0.0345625
3.63703 0.037014
3.63735 0.137333
3.63779 0.0377774
3.64138 0.0413628
3.64288 0.0428643
3.64326 0.0432416
3.64358 0.0435494
3.64443 0.0444138
3.64562 0.0456042
3.64613 0.0461208
3.64728 0.0472696
3.64764 0.0476158
3.64799 0.0479742
3.64886 0.148849
3.65018 0.0501651
3.6505 0.0504846
3.65175 0.0517328
3.65207 0.0520567
3.65239 0.0523762
3.65277 0.152757
3.65319 0.0531708
3.65388 0.0538635
3.65463 0.0546185
3.65476 0.0347527
3.65476 0.0347527
3.65476 0.0347527
3.65489 0.0348811
3.65489 0.0345616
3.65489 0.0345616
3.65543 0.155412
3.656 0.15598
3.65632 0.0563003
3.66205 0.0620319
3.66237 0.0623515
3.66269 0.062671
3.66269 0.062671
3.66316 0.0631415
3.66348 0.0634611
3.66492 0.0649047
3.66599 0.0659663
3.66652 0.0665035
3.66722 0.0672007
3.66722 0.0671963
3.66753 0.0675158
3.66753 0.0675202
3.66753 0.0675202
3.67096 0.0709502
3.67128 0.0712697
3.67288 0.0728644
3.67329 0.0732772
3.67402 0.0740011
3.67461 0.0345851
3.67461 0.0345851
3.67461 0.0345851
3.67493 0.0349001
3.67493 0.0345806
3.67493 0.0345806
3.67599 0.0759828
3.67647 0.0764521
3.67679 0.0767716
3.67711 0.0770911
3.67743 0.0774106
3.6779 0.0778857
3.67822 0.0782007
3.67863 0.078618
3.67989 0.0798706
3.68179 0.0817764
3.68286 0.0828424
3.68318 0.0831619
3.6839 0.0838858
3.68892 0.088902
3.69092 0.0909011
3.69282 0.0928069
3.69473 0.0947127
3.69486 0.0348445
3.69486 0.0348445
3.69486 0.0348445
3.69498 0.0349728
3.69498 0.0346533
3.69498 0.0346533
3.69645 0.0964399
3.69789 0.0978791
3.69896 0.0989451
3.69928 0.0992646
3.70122 0.101202
3.70244 0.102429
3.70397 0.103956
3.70501 0.104991
3.7076 0.107581
3.70875 0.10874
3.71019 0.110179
3.71019 0.110179
3.71465 0.114636
3.71478 0.0347504
3.71478 0.0347504
3.71478 0.0347504
3.71491 0.0348788
3.71491 0.0345593
3.71491 0.0345593
3.71526 0.115243
3.71642 0.116402
3.71742 0.117406
3.71945 0.119436
3.72556 0.125541
3.73477 0.0347572
3.7349 0.0345661
3.7349 0.0345661
3.7349 0.0345661
3.73521 0.0348811
3.73521 0.0345616
3.73521 0.0345616
3.73703 0.0370131
3.73735 0.137332
3.73779 0.0377765
3.74138 0.0413619
3.74288 0.0428634
3.74326 0.0432493
3.74358 0.0435745
3.74443 0.0444129
3.74562 0.0456033
3.74612 0.0461209
3.74728 0.0472688
3.74763 0.0476236
3.74802 0.0479855
3.74886 0.148849
3.75015 0.0501331
3.75047 0.0504526
3.75172 0.0517094
3.75204 0.0520247
3.75236 0.0523442
3.75277 0.152756
3.75318 0.0531699
3.75388 0.0538626
3.75463 0.0546176
3.75476 0.0347518
3.75476 0.0347518
3.75476 0.0347518
3.75489 0.0348802
3.75489 0.0345607
3.75489 0.0345607
3.75543 0.155411
3.75599 0.155979
3.75631 0.0562995
3.76204 0.0620311
3.76236 0.0623506
3.76268 0.0626701
3.76268 0.0626701
3.76316 0.0631493
3.76348 0.0634688
3.76492 0.0649039
3.76598 0.0659741
3.76652 0.0665113
3.76721 0.0671999
3.76721 0.0672041
3.76753 0.0675236
3.76753 0.0675194
3.76753 0.0675194
3.77096 0.0709493
3.77128 0.0712688
3.77288 0.0728635
3.77329 0.0732764
3.77401 0.0740002
3.77461 0.0345842
3.77461 0.0345842
3.77461 0.0345842
3.77492 0.0348992
3.77492 0.0345797
3.77492 0.0345797
3.77599 0.0759819
3.77647 0.0764512
3.77678 0.0767707
3.7771 0.0770902
3.77742 0.0774097
3.7779 0.0778848
3.77822 0.0782085
3.77863 0.0786171
3.77988 0.0798697
3.78179 0.0817755
3.78286 0.0828415
3.78317 0.083161
3.7839 0.0838849
3.78892 0.0889011
3.79091 0.0909002
3.79282 0.092806
3.79473 0.0947119
3.79485 0.0348436
3.79485 0.0348436
3.79485 0.0348436
3.79498 0.034972
3.79498 0.0346525
3.79498 0.0346525
3.79645 0.096439
3.79789 0.0978782
3.79896 0.0989442
3.79928 0.0992638
3.80121 0.101201
3.80244 0.102428
3.80397 0.103955
3.805 0.10499
3.80759 0.10758
3.80875 0.108739
3.81019 0.110178
3.81019 0.110178
3.81465 0.114635
3.81478 0.0347496
3.81478 0.0347496
3.81478 0.0347496
3.81491 0.034878
3.81491 0.0345584
3.81491 0.0345584
3.81526 0.115242
3.81642 0.116401
3.81742 0.117405
3.81945 0.119435
3.82555 0.12554
3.83477 0.0347563
3.8349 0.0345652
3.8349 0.0345652
3.8349 0.0345652
3.83521 0.0348802
3.83521 0.0345607
3.83521 0.0345607
3.83703 0.0370122
3.83734 0.137331
3.83779 0.0377756
3.84137 0.0413611
3.84288 0.0428625
3.84326 0.0432571
3.84358 0.0435684
3.84443 0.044412
3.84562 0.0456024
3.84612 0.0461211
3.84728 0.0472679
3.84763 0.0476313
3.84798 0.0479656
3.84886 0.148848
3.85015 0.0501322
3.85046 0.0504517
3.85172 0.0517172
3.85204 0.0520239
3.85236 0.0523434
3.85277 0.152755
3.85318 0.053169
3.85387 0.0538618
3.85463 0.0546167
3.85476 0.0347509
3.85476 0.0347509
3.85476 0.0347509
3.85489 0.0348793
3.85489 0.0345598
3.85489 0.0345598
3.85542 0.15541
3.85599 0.155978
3.85631 0.0562986
3.86204 0.0620302
3.86236 0.0623497
3.86268 0.0626692
3.86268 0.0626692
3.86316 0.0631571
3.86348 0.0634766
3.86492 0.064903
3.86598 0.0659818
3.86649 0.066488
3.86721 0.0672118
3.86721 0.067199
3.86753 0.0675313
3.86753 0.0675185
3.86753 0.0675185
3.87096 0.0709484
3.87128 0.0712679
3.87288 0.0728627
3.87329 0.0732755
3.87401 0.0739993
3.87461 0.0345833
3.87461 0.0345833
3.87461 0.0345833
3.87492 0.0348983
3.87492 0.0345788
3.87492 0.0345788
3.87599 0.075981
3.87649 0.0764814
3.87681 0.076801
3.87713 0.0771205
3.87745 0.07744
3.8779 0.0778839
3.87822 0.0782162
3.87863 0.0786162
3.87988 0.0798688
3.88179 0.0817747
3.88285 0.0828407
3.88317 0.0831602
3.8839 0.083884
3.88891 0.0889002
3.89091 0.0908994
3.89282 0.0928052
3.89472 0.094711
3.89485 0.0348427
3.89485 0.0348427
3.89485 0.0348427
3.89498 0.0349711
3.89498 0.0346516
3.89498 0.0346516
3.89645 0.0964381
3.89792 0.0979085
3.89896 0.0989434
3.89928 0.0992629
3.90121 0.1012
3.90243 0.102427
3.90397 0.103954
3.905 0.104989
3.90759 0.107579
3.90875 0.108738
3.91019 0.110177
3.91019 0.110177
3.91465 0.114634
3.91478 0.0347487
3.91478 0.0347487
3.91478 0.0347487
3.9149 0.0348771
3.9149 0.0345576
3.9149 0.0345576
3.91525 0.115241
3.91641 0.1164
3.91742 0.117404
3.91945 0.119435
3.92555 0.125539
3.93477 0.0347554
3.9349 0.0345643
3.9349 0.0345643
3.9349 0.0345643
3.93521 0.0348793
3.93521 0.0345598
3.93521 0.0345598
3.93702 0.0370113
3.93734 0.13733
3.93779 0.0377748
3.94137 0.0413602
3.94287 0.0428616
3.94326 0.0432337
3.94358 0.0435623
3.94442 0.0444111
3.94561 0.0456016
3.94615 0.0461212
3.94728 0.047267
3.94763 0.047608
3.94798 0.0479768
3.94886 0.148847
3.95014 0.0501313
3.95046 0.0504508
3.95175 0.051725
3.95207 0.0520541
3.95239 0.0523736
3.95277 0.152754
3.95318 0.0531681
3.95387 0.0538609
3.95463 0.0546158
3.95476 0.0347501
3.95476 0.0347501
3.95476 0.0347501
3.95488 0.0348784
3.95488 0.0345589
3.95488 0.0345589
3.95542 0.155409
3.95599 0.155977
3.95631 0.0562977
3.96204 0.0620293
3.96236 0.0623488
3.96268 0.0626683
3.96268 0.0626683
3.96316 0.0631337
3.96348 0.0634532
3.96491 0.0649021
3.96601 0.0659896
3.96652 0.0664957
3.96721 0.0671981
3.96721 0.0671885
3.96753 0.067508
3.96753 0.0675176
3.96753 0.0675176
3.97096 0.0709475
3.97128 0.071267
3.97287 0.0728618
3.97329 0.0732746
3.97401 0.0739985
3.97461 0.0345824
3.97461 0.0345824
3.97461 0.0345824
3.97492 0.0348975
3.97492 0.0345779
3.97492 0.0345779
3.97599 0.0759801
3.97649 0.0764806
3.97681 0.0768001
3.97713 0.0771196
3.97745 0.0774391
3.9779 0.077883
3.97821 0.0781929
3.97863 0.0786153
3.97988 0.079868
3.98179 0.0817738
3.98285 0.0828398
3.98317 0.0831593
3.9839 0.0838831
3.98891 0.0888994
3.99091 0.0908985
3.99282 0.0928043
3.99472 0.0947101
3.99485 0.0348418
3.99485 0.0348418
3.99485 0.0348418
3.99498 0.0349702
3.99498 0.0346507
3.99498 0.0346507
3.99645 0.0964372
3.99789 0.0978765
3.99899 0.0989736
3.99931 0.0992931
4.00121 0.101199
4.00243 0.102426
4.004 0.103984
4.00501 0.104993
4.00756 0.107552
4.00875 0.108743
4.01019 0.110182
4.01019 0.110182
4.01465 0.114638
4.01478 0.0347531
4.01478 0.0347531
4.01478 0.0347531
4.01491 0.0348815
4.01491 0.034562
4.01491 0.034562
4.01526 0.115246
4.01642 0.116405
4.01742 0.117409
4.01945 0.119439
4.02556 0.125544
4.03477 0.0347599
4.03521 0.0345603
4.03521 0.0345603
4.03702 0.0370118
4.03734 0.13733
4.03779 0.0377752
4.04137 0.0413606
4.04287 0.0428621
4.04326 0.0432428
4.04357 0.0435576
4.04442 0.0444116
4.04561 0.045602
4.04615 0.0461227
4.04728 0.0472675
4.04763 0.0476171
4.04801 0.0479894
4.04886 0.148847
4.05017 0.0501629
4.05049 0.0504824
4.05175 0.0517341
4.05207 0.0520545
4.05239 0.052374
4.0528 0.152786
4.05318 0.0531686
4.05387 0.0538613
4.05463 0.0546163
4.05476 0.0347505
4.05476 0.0347505
4.05476 0.0347505
4.05488 0.0348789
4.05488 0.0345594
4.05488 0.0345594
4.05542 0.15541
4.05599 0.155978
4.05631 0.0562982
4.06204 0.0620298
4.06236 0.0623493
4.06268 0.0626688
4.06268 0.0626688
4.06316 0.0631428
4.06347 0.0634623
4.06491 0.0649026
4.06598 0.0659676
4.06652 0.0665048
4.06721 0.0671986
4.06721 0.0671976
4.06753 0.0675171
4.06753 0.0675181
4.06753 0.0675181
4.07099 0.0709791
4.07131 0.0712986
4.07287 0.0728622
4.07329 0.0732751
4.07401 0.0739989
4.07457 0.0345518
4.07457 0.0345518
4.07457 0.0345518
4.07489 0.0348668
4.07489 0.0345473
4.07489 0.0345473
4.07599 0.0759806
4.07649 0.076481
4.07681 0.0768005
4.07713 0.07712
4.07745 0.0774395
4.07789 0.0778835
4.07821 0.078202
4.07863 0.0786158
4.07988 0.0798684
4.08179 0.0817742
4.08285 0.0828402
4.08317 0.0831597
4.0839 0.0838836
4.08891 0.0888998
4.09091 0.0908989
4.09282 0.0928047
4.09472 0.0947106
4.09485 0.0348423
4.09485 0.0348423
4.09485 0.0348423
4.09498 0.0349707
4.09498 0.0346512
4.09498 0.0346512
4.09645 0.0964377
4.09789 0.0978769
4.09899 0.098974
4.09931 0.0992936
4.10121 0.101199
4.10243 0.102427
4.10396 0.103953
4.105 0.104988
4.10756 0.107547
4.10875 0.108738
4.11019 0.110177
4.11019 0.110177
4.11464 0.114633
4.11477 0.0347483
4.11477 0.0347483
4.11477 0.0347483
4.1149 0.0348767
4.1149 0.0345571
4.1149 0.0345571
4.11525 0.115241
4.11641 0.1164
4.11742 0.117404
4.11945 0.119434
4.12555 0.125539
4.13477 0.034755
4.13489 0.0345639
4.13489 0.0345639
4.13489 0.0345639
4.13521 0.0348789
4.13521 0.0345594
4.13521 0.0345594
4.13699 0.0369798
4.13731 0.137298
4.13775 0.0377432
4.14137 0.0413598
4.14287 0.0428612
4.14325 0.0432506
4.14357 0.0435516
4.14442 0.0444107
4.14561 0.0456011
4.14615 0.0461229
4.14728 0.0472666
4.14763 0.0476249
4.14801 0.0480006
4.14886 0.148846
4.15014 0.0501309
4.15046 0.0504504
4.15174 0.0517418
4.15206 0.0520537
4.15238 0.0523732
4.15277 0.152754
4.15318 0.0531677
4.15387 0.0538605
4.15463 0.0546154
4.15475 0.0347496
4.15475 0.0347496
4.15475 0.0347496
4.15488 0.034878
4.15488 0.0345585
4.15488 0.0345585
4.15542 0.155409
4.15599 0.155977
4.15631 0.0562973
4.16204 0.0620289
4.16236 0.0623484
4.16268 0.0626679
4.16268 0.0626679
4.16315 0.0631506
4.16347 0.0634701
4.16491 0.0649017
4.16598 0.0659753
4.16648 0.0664815
4.16721 0.0672053
4.16721 0.0671977
4.16753 0.0675248
4.16753 0.0675172
4.16753 0.0675172
4.17096 0.0709471
4.17128 0.0712666
4.17284 0.0728303
4.17328 0.0732742
4.17401 0.073998
4.17457 0.0345509
4.17457 0.0345509
4.17457 0.0345509
4.17492 0.034897
4.17492 0.0345775
4.17492 0.0345775
4.17598 0.0759797
4.17649 0.0764801
4.17681 0.0767996
4.17713 0.0771192
4.17745 0.0774387
4.17786 0.0778515
4.17818 0.0781787
4.17859 0.0785838
4.17988 0.0798675
4.18178 0.0817734
4.18285 0.0828394
4.18317 0.0831589
4.18389 0.0838827
4.18891 0.0888989
4.19091 0.0908981
4.19278 0.0927728
4.19469 0.0946786
4.19482 0.0348103
4.19482 0.0348103
4.19482 0.0348103
4.19495 0.0349387
4.19495 0.0346192
4.19495 0.0346192
4.19645 0.0964368
4.19792 0.0979072
4.19898 0.0989732
4.1993 0.0992927
4.20124 0.10123
4.20243 0.102426
4.20399 0.103984
4.20497 0.104956
4.20756 0.107546
4.20875 0.108737
4.21019 0.110176
4.21051 0.110496
4.21465 0.114641
4.21478 0.0347558
4.21478 0.0347558
4.21478 0.0347558
4.21491 0.0348842
4.21491 0.0345647
4.21491 0.0345647
4.21526 0.115248
4.21642 0.116408
4.21742 0.117411
4.21945 0.119442
4.22553 0.125515
4.23477 0.0347626
4.2349 0.0345715
4.2349 0.0345715
4.2349 0.0345715
4.23522 0.0348865
4.23522 0.034567
4.23522 0.034567
4.237 0.0369874
4.23732 0.137306
4.23776 0.0377508
4.24135 0.0413362
4.24288 0.0428688
4.24326 0.0432357
4.24358 0.043554
4.24443 0.0444183
4.24562 0.0456087
4.24612 0.0461065
4.24728 0.0472742
4.24763 0.04761
4.24802 0.0479892
4.24886 0.148854
4.25015 0.0501385
4.25047 0.050458
4.25175 0.0517269
4.25207 0.0520612
4.25239 0.0523808
4.25277 0.152762
4.25319 0.0531753
4.25388 0.053868
4.25463 0.054623
4.25476 0.0347572
4.25476 0.0347572
4.25476 0.0347572
4.25489 0.0348856
4.25489 0.0345661
4.25489 0.0345661
4.25543 0.155416
4.256 0.155985
4.25631 0.0563049
4.26205 0.0620365
4.26237 0.062356
4.26269 0.0626755
4.26269 0.0626755
4.26316 0.0631357
4.26348 0.0634552
4.26492 0.0649093
4.26599 0.0659605
4.26652 0.0664977
4.26722 0.0672053
4.26722 0.0671905
4.26753 0.06751
4.26753 0.0675248
4.26753 0.0675248
4.27096 0.0709547
4.27128 0.0712742
4.27285 0.0728378
4.27329 0.0732818
4.27402 0.0740056
4.27458 0.0345585
4.27458 0.0345585
4.27458 0.0345585
4.27489 0.0348735
4.27489 0.034554
4.27489 0.034554
4.27599 0.0759873
4.27647 0.0764566
4.27679 0.0767761
4.27711 0.0770956
4.27743 0.0774151
4.27787 0.0778591
4.27819 0.0781638
4.2786 0.0785914
4.27988 0.0798751
4.28179 0.0817809
4.28286 0.0828469
4.28318 0.0831664
4.2839 0.0838903
4.28889 0.0888754
4.29092 0.0909056
4.29279 0.0927803
4.2947 0.0946862
4.29482 0.0348179
4.29482 0.0348179
4.29482 0.0348179
4.29495 0.0349463
4.29495 0.0346268
4.29495 0.0346268
4.29645 0.0964444
4.29792 0.0979148
4.29899 0.0989808
4.29931 0.0993003
4.30122 0.101206
4.30244 0.102433
4.30397 0.10396
4.30497 0.104964
4.30756 0.107554
4.30872 0.108713
4.31019 0.110184
4.31019 0.110184
4.31465 0.11464
4.31478 0.034755
4.31478 0.034755
4.31478 0.034755
4.31491 0.0348834
4.31491 0.0345639
4.31491 0.0345639
4.31526 0.115247
4.31642 0.116407
4.31742 0.117411
4.31945 0.119441
4.32552 0.125515
4.33477 0.0347617
4.3349 0.0345706
4.3349 0.0345706
4.3349 0.0345706
4.33521 0.0348856
4.33521 0.0345661
4.33521 0.0345661
4.337 0.0369865
4.33732 0.137305
4.33776 0.0377499
4.34134 0.0413354
4.34288 0.0428679
4.34326 0.0432435
4.34358 0.0435479
4.34443 0.0444174
4.34562 0.0456078
4.34612 0.0461087
4.34728 0.0472733
4.34763 0.0476177
4.34801 0.0480004
4.34886 0.148853
4.35015 0.0501376
4.35047 0.0504571
4.35175 0.0517347
4.35207 0.0520604
4.35239 0.0523799
4.35277 0.152761
4.35318 0.0531744
4.35388 0.0538672
4.35463 0.0546221
4.35476 0.0347563
4.35476 0.0347563
4.35476 0.0347563
4.35489 0.0348847
4.35489 0.0345652
4.35489 0.0345652
4.35543 0.155415
4.35599 0.155984
4.35631 0.056304
4.36204 0.0620356
4.36236 0.0623551
4.36268 0.0626746
4.36268 0.0626746
4.36316 0.0631435
4.36348 0.063463
4.36492 0.0649084
4.36598 0.0659682
4.36649 0.0664744
4.36721 0.0671982
4.36721 0.0672044
4.36753 0.0675177
4.36753 0.0675239
4.36753 0.0675239
4.37096 0.0709538
4.37128 0.0712733
4.37285 0.072837
4.37329 0.0732809
4.37401 0.0740047
4.37458 0.0345576
4.37458 0.0345576
4.37458 0.0345576
4.37489 0.0348726
4.37489 0.0345531
4.37489 0.0345531
4.37599 0.0759864
4.37646 0.0764557
4.37678 0.0767753
4.3771 0.0770948
4.37742 0.0774143
4.37787 0.0778582
4.37819 0.0781715
4.3786 0.0785905
4.37988 0.0798742
4.38179 0.0817801
4.38286 0.0828461
4.38317 0.0831656
4.3839 0.0838894
4.38888 0.0888745
4.39091 0.0909048
4.39279 0.0927795
4.39469 0.0946853
4.39482 0.034817
4.39482 0.034817
4.39482 0.034817
4.39495 0.0349454
4.39495 0.0346259
4.39495 0.0346259
4.39645 0.0964435
4.39792 0.0979139
4.39899 0.0989799
4.39931 0.0992994
4.40121 0.101205
4.40244 0.102432
4.40397 0.103959
4.40497 0.104963
4.40756 0.107553
4.40872 0.108712
4.41019 0.110183
4.41019 0.110183
4.41465 0.114639
4.41478 0.0347541
4.41478 0.0347541
4.41478 0.0347541
4.41491 0.0348825
4.41491 0.034563
4.41491 0.034563
4.41526 0.115247
4.41641 0.116406
4.41742 0.11741
4.41945 0.11944
4.42552 0.125514
4.43477 0.0347608
4.4349 0.0345697
4.4349 0.0345697
4.4349 0.0345697
4.43521 0.0348847
4.43521 0.0345652
4.43521 0.0345652
4.43699 0.0369856
4.43731 0.137304
4.43776 0.0377491
4.44134 0.0413345
4.44288 0.042867
4.44326 0.0432512
4.44358 0.043573
4.44442 0.0444165
4.44562 0.045607
4.44612 0.0461088
4.44728 0.0472724
4.44763 0.0476255
4.44798 0.0479805
4.44886 0.148852
4.45014 0.0501367
4.45046 0.0504562
4.45175 0.0517425
4.45207 0.0520595
4.45239 0.052379
4.45277 0.15276
4.45318 0.0531735
4.45387 0.0538663
4.45463 0.0546212
4.45476 0.0347555
4.45476 0.0347555
4.45476 0.0347555
4.45489 0.0348839
4.45489 0.0345643
4.45489 0.0345643
4.45542 0.155414
4.45599 0.155983
4.45631 0.0563031
4.46204 0.0620347
4.46236 0.0623542
4.46268 0.0626737
4.46268 0.0626737
4.46316 0.0631512
4.46348 0.0634707
4.46492 0.0649075
4.46598 0.065976
4.46649 0.0664821
4.46721 0.067206
4.46721 0.0672035
4.46753 0.0675255
4.46753 0.067523
4.46753 0.067523
4.47096 0.0709529
4.47128 0.0712724
4.47284 0.0728361
4.47329 0.07328
4.47401 0.0740039
4.47458 0.0345567
4.47458 0.0345567
4.47458 0.0345567
4.47489 0.0348718
4.47489 0.0345522
4.47489 0.0345522
4.47599 0.0759855
4.47649 0.076486
4.47681 0.0768055
4.47713 0.077125
4.47745 0.0774445
4.47787 0.0778573
4.47819 0.0781793
4.4786 0.0785896
4.47988 0.0798734
4.48179 0.0817792
4.48285 0.0828452
4.48317 0.0831647
4.4839 0.0838885
4.48891 0.0889048
4.49091 0.0909039
4.49279 0.0927786
4.49469 0.0946844
4.49482 0.0348161
4.49482 0.0348161
4.49482 0.0348161
4.49495 0.0349445
4.49495 0.034625
4.49495 0.034625
4.49645 0.0964426
4.49792 0.097913
4.49899 0.098979
4.49931 0.0992985
4.50121 0.101204
4.50243 0.102432
4.50397 0.103958
4.50497 0.104962
4.50756 0.107552
4.50872 0.108712
4.51019 0.110182
4.51019 0.110182
4.51465 0.114638
4.51477 0.0347532
4.51477 0.0347532
4.51477 0.0347532
4.5149 0.0348816
4.5149 0.0345621
4.5149 0.0345621
4.51525 0.115246
4.51641 0.116405
4.51742 0.117409
4.51945 0.119439
4.52552 0.125513
4.53477 0.0347599
4.5349 0.0345688
4.5349 0.0345688
4.5349 0.0345688
4.53521 0.0348838
4.53521 0.0345643
4.53521 0.0345643
4.53699 0.0369847
4.53731 0.137303
4.53776 0.0377482
4.54134 0.0413336
4.54287 0.0428662
4.54326 0.0432279
4.54357 0.0435669
4.54442 0.0444157
4.54561 0.0456061
4.54612 0.046109
4.54728 0.0472715
4.54766 0.0476333
4.54801 0.0479918
4.54886 0.148851
4.55014 0.0501359
4.55046 0.0504554
4.55178 0.0517502
4.5521 0.0520897
4.55242 0.0524092
4.55277 0.152759
4.55318 0.0531726
4.55387 0.0538654
4.55463 0.0546204
4.55476 0.0347546
4.55476 0.0347546
4.55476 0.0347546
4.55488 0.034883
4.55488 0.0345635
4.55488 0.0345635
4.55542 0.155414
4.55599 0.155982
4.55631 0.0563022
4.56204 0.0620338
4.56236 0.0623533
4.56268 0.0626728
4.56268 0.0626728
4.56319 0.063159
4.56351 0.0634785
4.56491 0.0649066
4.56601 0.0659838
4.56652 0.0664899
4.56721 0.0672026
4.56721 0.0671826
4.56753 0.0675021
4.56753 0.0675221
4.56753 0.0675221
4.57096 0.070952
4.57128 0.0712715
4.57284 0.0728352
4.57329 0.0732791
4.57401 0.074003
4.57457 0.0345559
4.57457 0.0345559
4.57457 0.0345559
4.57489 0.0348709
4.57489 0.0345514
4.57489 0.0345514
4.57599 0.0759847
4.57649 0.0764851
4.57681 0.0768046
4.57713 0.0771241
4.57745 0.0774436
4.57786 0.0778564
4.57818 0.078156
4.5786 0.0785888
4.57988 0.0798725
4.58179 0.0817783
4.58285 0.0828443
4.58317 0.0831638
4.5839 0.0838877
4.58888 0.0888728
4.59091 0.090903
4.59279 0.0927777
4.59469 0.0946835
4.59482 0.0348152
4.59482 0.0348152
4.59482 0.0348152
4.59495 0.0349436
4.59495 0.0346241
4.59495 0.0346241
4.59645 0.0964418
4.59792 0.0979121
4.59899 0.0989781
4.59931 0.0992976
4.60121 0.101203
4.60243 0.102431
4.60396 0.103958
4.60497 0.104961
4.60756 0.107551
4.60872 0.108711
4.61019 0.110181
4.61019 0.110181
4.61464 0.114637
4.61477 0.0347523
4.61477 0.0347523
4.61477 0.0347523
4.6149 0.0348807
4.6149 0.0345612
4.6149 0.0345612
4.61525 0.115245
4.61641 0.116404
4.61742 0.117408
4.61945 0.119438
4.62552 0.125512
4.63477 0.0347591
4.63489 0.0345679
4.63489 0.0345679
4.63489 0.0345679
4.63521 0.034883
4.63521 0.0345635
4.63521 0.0345635
4.63699 0.0369839
4.63731 0.137303
4.63775 0.0377473
4.64134 0.0413327
4.64287 0.0428653
4.64325 0.0432357
4.64357 0.0435608
4.64442 0.0444148
4.64561 0.0456052
4.64612 0.0461092
4.64728 0.0472706
4.64763 0.0476099
4.64801 0.048003
4.64886 0.14885
4.65014 0.050135
4.65046 0.0504545
4.65174 0.0517269
4.65206 0.0520577
4.65238 0.0523772
4.65277 0.152758
4.65318 0.0531718
4.65387 0.0538645
4.65463 0.0546195
4.65475 0.0347537
4.65475 0.0347537
4.65475 0.0347537
4.65488 0.0348821
4.65488 0.0345626
4.65488 0.0345626
4.65542 0.155413
4.65599 0.155981
4.65631 0.0563013
4.66204 0.0620329
4.66236 0.0623525
4.66268 0.062672
4.66268 0.062672
4.66315 0.0631357
4.66347 0.0634552
4.66491 0.0649057
4.66598 0.0659604
4.66652 0.0664976
4.66721 0.0672017
4.66721 0.0671904
4.66753 0.0675099
4.66753 0.0675212
4.66753 0.0675212
4.67096 0.0709512
4.67128 0.0712707
4.67284 0.0728343
4.67328 0.0732782
4.67401 0.0740021
4.67457 0.034555
4.67457 0.034555
4.67457 0.034555
4.67489 0.03487
4.67489 0.0345505
4.67489 0.0345505
4.67598 0.0759838
4.67649 0.0764842
4.67681 0.0768037
4.67713 0.0771232
4.67745 0.0774427
4.67786 0.0778555
4.67818 0.0781637
4.67859 0.0785879
4.67988 0.0798716
4.68178 0.0817774
4.68285 0.0828434
4.68317 0.0831629
4.68389 0.0838868
4.68891 0.088903
4.69091 0.0909021
4.69278 0.0927768
4.69469 0.0946826
4.69482 0.0348143
4.69482 0.0348143
4.69482 0.0348143
4.69495 0.0349427
4.69495 0.0346232
4.69495 0.0346232
4.69645 0.0964409
4.69792 0.0979112
4.69898 0.0989772
4.6993 0.0992967
4.70121 0.101203
4.70243 0.10243
4.70396 0.103957
4.70497 0.10496
4.70756 0.107551
4.70872 0.10871
4.71019 0.11018
4.71019 0.11018
4.71464 0.114637
4.71477 0.0347514
4.71477 0.0347514
4.71477 0.0347514
4.7149 0.0348798
4.7149 0.0345603
4.7149 0.0345603
4.71525 0.115244
4.71641 0.116403
4.71741 0.117407
4.71944 0.119437
4.72552 0.125511
4.73476 0.0347582
4.73489 0.0345671
4.73489 0.0345671
4.73489 0.0345671
4.73521 0.0348821
4.73521 0.0345626
4.73521 0.0345626
4.73699 0.036983
4.73731 0.137302
4.73775 0.0377464
4.74134 0.0413318
4.74287 0.0428644
4.74325 0.0432434
4.74357 0.0435548
4.74442 0.0444139
4.74561 0.0456043
4.74612 0.0461093
4.74728 0.0472698
4.74763 0.0476177
4.74801 0.0479831
4.74886 0.14885
4.75014 0.0501341
4.75046 0.0504536
4.75174 0.0517346
4.75206 0.0520568
4.75238 0.0523763
4.75276 0.152757
4.75318 0.0531709
4.75387 0.0538636
4.75462 0.0546186
4.75475 0.0347217
4.75475 0.0347217
4.75475 0.0347217
4.75491 0.0348812
4.75491 0.0345617
4.75491 0.0345617
4.75542 0.155412
4.75599 0.15598
4.75631 0.0563005
4.76204 0.0620321
4.76236 0.0623516
4.76268 0.0626711
4.76268 0.0626711
4.76315 0.0631434
4.76347 0.0634629
4.76491 0.0649049
4.76598 0.0659682
4.76648 0.0664743
4.76721 0.0671982
4.76721 0.0672009
4.76753 0.0675177
4.76753 0.0675204
4.76753 0.0675204
4.77096 0.0709503
4.77128 0.0712698
4.77284 0.0728334
4.77328 0.0732774
4.77401 0.0740012
4.77457 0.0345541
4.77457 0.0345541
4.77457 0.0345541
4.77489 0.0348691
4.77489 0.0345496
4.77489 0.0345496
4.77598 0.0759829
4.77649 0.0764833
4.77681 0.0768028
4.77713 0.0771223
4.77745 0.0774418
4.77786 0.0778547
4.77818 0.0781715
4.77859 0.078587
4.77988 0.0798707
4.78178 0.0817765
4.78285 0.0828425
4.78317 0.083162
4.78389 0.0838859
4.78888 0.088871
4.79091 0.0909012
4.79278 0.0927759
4.79469 0.0946818
4.79482 0.0348135
4.79482 0.0348135
4.79482 0.0348135
4.79494 0.0349419
4.79494 0.0346223
4.79494 0.0346223
4.79645 0.09644
4.79792 0.0979103
4.79898 0.0989764
4.7993 0.0992959
4.80121 0.101202
4.80243 0.102429
4.80399 0.103987
4.80497 0.10496
4.80756 0.10755
4.80871 0.108709
4.81019 0.110179
4.8105 0.110499
4.81465 0.114644
4.81478 0.034759
4.81478 0.034759
4.81478 0.034759
4.81491 0.0348874
4.81491 0.0345679
4.81491 0.0345679
4.81526 0.115252
4.81639 0.11638
4.81742 0.117415
4.81945 0.119445
4.82552 0.125519
4.83477 0.0347658
4.8349 0.0345747
4.8349 0.0345747
4.8349 0.0345747
4.83521 0.0348897
4.83521 0.0345702
4.83521 0.0345702
4.837 0.0369906
4.83732 0.137309
4.83776 0.037754
4.84134 0.0413394
4.84285 0.0428409
4.84326 0.0432285
4.84358 0.0435572
4.8444 0.0443904
4.84562 0.0456119
4.84612 0.0461179
4.84728 0.0472774
4.84766 0.0476339
4.84801 0.0480028
4.84883 0.148826
4.85015 0.0501417
4.85047 0.0504612
4.85178 0.0517509
4.8521 0.0520955
4.85242 0.052415
4.85277 0.152765
4.85315 0.0531474
4.85388 0.0538712
4.8546 0.0545951
4.85473 0.0346982
4.85473 0.0346982
4.85473 0.0346982
4.85492 0.0348888
4.85492 0.0345693
4.85492 0.0345693
4.85543 0.155419
4.85599 0.155988
4.85631 0.056308
4.86204 0.0620397
4.86236 0.0623592
4.86268 0.0626787
4.86268 0.0626787
4.86319 0.0631596
4.86351 0.0634791
4.86492 0.0649124
4.86601 0.0659844
4.86652 0.0664905
4.86721 0.0672084
4.86721 0.0671833
4.86753 0.0675028
4.86753 0.0675279
4.86753 0.0675279
4.87096 0.0709579
4.87128 0.0712774
4.87285 0.072841
4.87329 0.073285
4.87401 0.0740088
4.87458 0.0345617
4.87458 0.0345617
4.87458 0.0345617
4.87489 0.0348767
4.87489 0.0345572
4.87489 0.0345572
4.87602 0.0759905
4.87646 0.0764598
4.87678 0.0767793
4.8771 0.0770988
4.87742 0.0774183
4.87787 0.0778622
4.87819 0.0781566
4.8786 0.0785946
4.87988 0.0798783
4.88176 0.081753
4.88286 0.0828501
4.88317 0.0831696
4.88387 0.0838624
4.88888 0.0888786
4.89091 0.0909088
4.89279 0.0927835
4.89469 0.0946893
4.89482 0.0348211
4.89482 0.0348211
4.89482 0.0348211
4.89495 0.0349494
4.89495 0.0346299
4.89495 0.0346299
4.89642 0.0964165
4.89792 0.0979179
4.89899 0.0989839
4.89931 0.0993034
4.90121 0.101209
4.90247 0.102436
4.90397 0.103963
4.90497 0.104967
4.90756 0.107557
4.90872 0.108717
4.91019 0.110187
4.91019 0.110187
4.91465 0.114643
4.91478 0.0347582
4.91478 0.0347582
4.91478 0.0347582
4.9149 0.0348865
4.9149 0.034567
4.9149 0.034567
4.91526 0.115251
4.91641 0.11641
4.91742 0.117414
4.91945 0.119444
4.92552 0.125518
4.93477 0.0347649
4.9349 0.0345738
4.9349 0.0345738
4.9349 0.0345738
4.93521 0.0348888
4.93521 0.0345693
4.93521 0.0345693
4.93699 0.0369897
4.93731 0.137308
4.93776 0.0377531
4.94134 0.0413385
4.94284 0.04284
4.94326 0.0432363
4.94358 0.0435511
4.94439 0.0443895
4.94562 0.045611
4.94612 0.0461181
4.94728 0.0472765
4.94763 0.0476106
4.94801 0.0479829
4.94883 0.148825
4.95014 0.0501408
4.95046 0.0504603
4.95175 0.0517275
4.95207 0.0520635
4.95239 0.0523831
4.95277 0.152764
4.95315 0.0531465
4.95387 0.0538703
4.9546 0.0545942
4.95473 0.0346973
4.95473 0.0346973
4.95473 0.0346973
4.95492 0.0348879
4.95492 0.0345684
4.95492 0.0345684
4.95542 0.155419
4.95599 0.155987
4.95631 0.0563072
4.96204 0.0620388
4.96236 0.0623583
4.96268 0.0626778
4.96268 0.0626778
4.96316 0.0631363
4.96348 0.0634558
4.96492 0.0649116
4.96598 0.0659611
4.96652 0.0664983
4.96721 0.0672076
4.96721 0.067191
4.96753 0.0675106
4.96753 0.0675271
4.96753 0.0675271
4.97096 0.070957
4.97128 0.0712765
4.97284 0.0728401
4.97329 0.0732841
4.97401 0.0740079
4.97458 0.0345608
4.97458 0.0345608
4.97458 0.0345608
4.97489 0.0348758
4.97489 0.0345563
4.97489 0.0345563
4.97602 0.0759896
4.97646 0.0764589
4.97678 0.0767784
4.9771 0.0770979
4.97742 0.0774174
4.97787 0.0778614
4.97819 0.0781644
4.9786 0.0785937
4.97988 0.0798774
4.98176 0.0817521
4.98285 0.0828492
4.98317 0.0831687
4.98387 0.0838615
4.98888 0.0888777
4.99091 0.0909079
4.99279 0.0927826
4.99469 0.0946885
4.99482 0.0348202
4.99482 0.0348202
4.99482 0.0348202
4.99495 0.0349486
4.99495 0.0346291
4.99495 0.0346291
4.99645 0.0964467
4.99792 0.0979171
4.99899 0.0989831
4.99931 0.0993026
5.00121 0.101208
5.00247 0.102436
5.00397 0.103962
5.00498 0.104972
5.00753 0.107531
5.00873 0.108721
5.0102 0.110191
5.0102 0.110191
5.01465 0.114648
5.01478 0.0347627
5.01478 0.0347627
5.01478 0.0347627
5.01491 0.0348911
5.01491 0.0345716
5.01491 0.0345716
5.01526 0.115255
5.01642 0.116414
5.01742 0.117418
5.01945 0.119449
5.02553 0.125522
5.03477 0.0347694
5.03518 0.0345387
5.03518 0.0345387
5.03699 0.0369903
5.03731 0.137309
5.03776 0.0377537
5.04134 0.0413391
5.04288 0.0428717
5.04326 0.0432455
5.04358 0.0435465
5.04442 0.0444212
5.04561 0.0456116
5.04612 0.0461197
5.04728 0.047277
5.04763 0.0476198
5.04801 0.0479956
5.04886 0.148857
5.05014 0.0501414
5.05046 0.0504609
5.05175 0.0517367
5.05207 0.0520641
5.05239 0.0523836
5.05277 0.152765
5.05318 0.0531782
5.05387 0.0538709
5.05463 0.0546259
5.05476 0.034729
5.05476 0.034729
5.05476 0.034729
5.05492 0.0348885
5.05492 0.034569
5.05492 0.034569
5.05542 0.155419
5.05599 0.155987
5.05631 0.0563077
5.06204 0.0620393
5.06236 0.0623588
5.06268 0.0626784
5.06268 0.0626784
5.06316 0.0631455
5.06348 0.063465
5.06492 0.0649121
5.06598 0.0659703
5.06649 0.0664764
5.06721 0.0672003
5.06721 0.0672081
5.06753 0.0675198
5.06753 0.0675276
5.06753 0.0675276
5.07096 0.0709575
5.07128 0.0712771
5.07284 0.0728407
5.07329 0.0732846
5.07401 0.0740085
5.07458 0.0345614
5.07458 0.0345614
5.07458 0.0345614
5.07489 0.0348764
5.07489 0.0345569
5.07489 0.0345569
5.07602 0.0759902
5.07646 0.0764595
5.07678 0.076779
5.0771 0.0770985
5.07742 0.077418
5.07787 0.0778619
5.07818 0.0781736
5.0786 0.0785943
5.07988 0.079878
5.08179 0.0817838
5.08285 0.0828498
5.08317 0.0831693
5.0839 0.0838932
5.08888 0.0888783
5.09091 0.0909085
5.09279 0.0927832
5.09466 0.0946579
5.09479 0.0347896
5.09479 0.0347896
5.09479 0.0347896
5.09492 0.034918
5.09492 0.0345985
5.09492 0.0345985
5.09645 0.0964473
5.09792 0.0979176
5.09899 0.0989836
5.09931 0.0993031
5.10121 0.101209
5.10246 0.102436
5.10397 0.103963
5.10497 0.104967
5.10753 0.107526
5.10872 0.108716
5.11019 0.110187
5.11019 0.110187
5.11465 0.114643
5.11477 0.0347578
5.11477 0.0347578
5.11477 0.0347578
5.1149 0.0348862
5.1149 0.0345667
5.1149 0.0345667
5.11525 0.11525
5.11641 0.11641
5.11742 0.117413
5.11945 0.119444
5.12552 0.125517
5.13474 0.0347335
5.13486 0.0345424
5.13486 0.0345424
5.13486 0.0345424
5.13521 0.0348885
5.13521 0.034569
5.13521 0.034569
5.13699 0.0369894
5.13731 0.137308
5.13776 0.0377528
5.14134 0.0413382
5.14284 0.0428397
5.14322 0.0432222
5.14354 0.0435405
5.14439 0.0443892
5.14561 0.0456107
5.14615 0.0461219
5.14728 0.0472762
5.14763 0.0476275
5.14801 0.0480068
5.14886 0.148856
5.15011 0.0501094
5.15043 0.0504289
5.15175 0.0517445
5.15207 0.0520632
5.15239 0.0523827
5.15277 0.152764
5.15315 0.0531462
5.15387 0.05387
5.1546 0.0545939
5.15472 0.034697
5.15472 0.034697
5.15472 0.034697
5.15492 0.0348876
5.15492 0.0345681
5.15492 0.0345681
5.15542 0.155418
5.15599 0.155987
5.15631 0.0563069
5.16201 0.0620074
5.16233 0.0623269
5.16265 0.0626464
5.16265 0.0626464
5.16316 0.0631533
5.16347 0.0634728
5.16491 0.0649113
5.16598 0.065978
5.16645 0.0664531
5.16718 0.0671769
5.1675 0.0674957
5.1675 0.0674964
5.1675 0.0674957
5.16782 0.0678152
5.17097 0.0709651
5.17129 0.0712846
5.17282 0.0728172
5.17329 0.0732922
5.17399 0.073985
5.17458 0.034569
5.17458 0.034569
5.17458 0.034569
5.1749 0.034884
5.1749 0.0345645
5.1749 0.0345645
5.17603 0.0759978
5.17647 0.0764671
5.17679 0.0767866
5.17711 0.0771061
5.17743 0.0774256
5.17784 0.0778384
5.17816 0.0781587
5.17857 0.0785707
5.17986 0.0798545
5.18176 0.0817603
5.18283 0.0828263
5.18315 0.0831458
5.18387 0.0838697
5.18886 0.0888548
5.19092 0.0909161
5.19276 0.0927597
5.19464 0.0946344
5.19477 0.034735
5.19477 0.034735
5.19477 0.034735
5.19489 0.0348634
5.19489 0.0345439
5.19489 0.0345439
5.19643 0.0964238
5.19793 0.0979252
5.19899 0.0989912
5.19931 0.0993107
5.20122 0.101217
5.20247 0.102444
5.20397 0.103971
5.20495 0.104943
5.2075 0.107502
5.20873 0.108724
5.21017 0.110163
5.21049 0.110483
5.21466 0.114659
5.21479 0.0347739
5.21479 0.0347739
5.21479 0.0347739
5.21492 0.0349023
5.21492 0.0345828
5.21492 0.0345828
5.21524 0.115235
5.2164 0.116395
5.21743 0.117429
5.21946 0.11946
5.2255 0.125502
5.23475 0.0347495
5.23488 0.0345584
5.23488 0.0345584
5.23488 0.0345584
5.23519 0.0348734
5.23519 0.0345539
5.23519 0.0345539
5.23698 0.0369743
5.2373 0.137293
5.23774 0.0377378
5.24132 0.0413232
5.24286 0.0428557
5.24327 0.0432469
5.24359 0.0435824
5.24441 0.0444052
5.24563 0.0456268
5.24617 0.0461451
5.24729 0.0472922
5.24764 0.0476211
5.24803 0.0480039
5.24884 0.148841
5.25013 0.0501254
5.25045 0.0504449
5.25179 0.0517692
5.25211 0.0521104
5.25243 0.0524299
5.25275 0.152749
5.25316 0.0531622
5.25389 0.0538861
5.25461 0.0546099
5.25474 0.0347131
5.25474 0.0347131
5.25474 0.0347131
5.2549 0.0348726
5.2549 0.034553
5.2549 0.034553
5.25544 0.155434
5.25597 0.155971
5.25629 0.0562918
5.26203 0.0620234
5.26234 0.0623429
5.26266 0.0626624
5.26266 0.0626624
5.26317 0.0631469
5.26349 0.0634664
5.26493 0.0649273
5.266 0.0659716
5.2665 0.0664778
5.26723 0.0672016
5.26723 0.0672233
5.26754 0.0675211
5.26754 0.0675428
5.26754 0.0675428
5.27094 0.0709416
5.27126 0.0712611
5.27283 0.0728248
5.27327 0.0732687
5.27399 0.0739926
5.27456 0.0345454
5.27456 0.0345454
5.27456 0.0345454
5.27487 0.0348605
5.27487 0.0345409
5.27487 0.0345409
5.27603 0.0760053
5.27648 0.0764747
5.2768 0.0767942
5.27712 0.0771137
5.27743 0.0774332
5.27785 0.077846
5.27817 0.0781438
5.27858 0.0785783
5.27986 0.0798621
5.28177 0.0817679
5.28284 0.0828339
5.28316 0.0831534
5.28385 0.0838461
5.28886 0.0888624
5.29089 0.0908926
5.29277 0.0927673
5.29464 0.094642
5.29477 0.0347426
5.29477 0.0347426
5.29477 0.0347426
5.2949 0.034871
5.2949 0.0345515
5.2949 0.0345515
5.29643 0.0964313
5.29793 0.0979328
5.299 0.0989988
5.29932 0.0993183
5.30123 0.101224
5.30248 0.102451
5.30401 0.104009
5.30495 0.104951
5.30751 0.10751
5.3087 0.1087
5.31017 0.110171
5.31049 0.11049
5.31467 0.114667
5.3148 0.0347815
5.3148 0.0347815
5.3148 0.0347815
5.31493 0.0349099
5.31493 0.0345904
5.31493 0.0345904
5.31524 0.115243
5.3164 0.116402
5.31744 0.117437
5.31947 0.119467
5.32551 0.12551
5.33476 0.0347571
5.33489 0.034566
5.33489 0.034566
5.33489 0.034566
5.3352 0.034881
5.3352 0.0345615
5.3352 0.0345615
5.33698 0.0369819
5.3373 0.137301
5.33775 0.0377453
5.34133 0.0413308
5.34283 0.0428322
5.34325 0.043232
5.34357 0.0435538
5.34441 0.0444128
5.3456 0.0456032
5.34614 0.0461247
5.34727 0.0472687
5.34765 0.0476374
5.348 0.0479925
5.34885 0.148848
5.35013 0.050133
5.35045 0.0504525
5.35177 0.0517543
5.35209 0.0520869
5.35241 0.0524064
5.35276 0.152756
5.35314 0.0531387
5.35389 0.0538937
5.35462 0.0546175
5.35475 0.0347206
5.35475 0.0347206
5.35475 0.0347206
5.35491 0.0348801
5.35491 0.0345606
5.35491 0.0345606
5.35541 0.155411
5.35598 0.155979
5.3563 0.0562994
5.362 0.0619999
5.36232 0.0623194
5.36264 0.0626389
5.36264 0.0626389
5.36318 0.0631631
5.3635 0.0634826
5.3649 0.0649038
5.366 0.0659879
5.36648 0.0664629
5.3672 0.0671867
5.36752 0.0675193
5.36752 0.0675062
5.36752 0.0675193
5.36784 0.0678388
5.37096 0.0709577
5.37128 0.0712772
5.37281 0.0728097
5.37329 0.0732848
5.37401 0.0740086
5.37457 0.0345615
5.37457 0.0345615
5.37457 0.0345615
5.37489 0.0348765
5.37489 0.034557
5.37489 0.034557
5.37602 0.0759903
5.37646 0.0764596
5.37678 0.0767791
5.3771 0.0770986
5.37742 0.0774181
5.37783 0.077831
5.37815 0.0781374
5.37856 0.0785633
5.37988 0.0798781
5.38175 0.0817528
5.38285 0.0828499
5.38317 0.0831694
5.38386 0.0838622
5.38885 0.0888473
5.39091 0.0909086
5.39278 0.0927833
5.39466 0.094658
5.39479 0.0347587
5.39479 0.0347587
5.39479 0.0347587
5.39492 0.034887
5.39492 0.0345675
5.39492 0.0345675
5.39642 0.0964163
5.39792 0.0979177
5.39898 0.0989837
5.3993 0.0993033
5.40124 0.10124
5.40246 0.102436
5.40396 0.103963
5.40494 0.104936
5.40753 0.107526
5.40872 0.108716
5.41019 0.110187
5.41051 0.110506
5.41465 0.114652
5.41478 0.0347664
5.41478 0.0347664
5.41478 0.0347664
5.41491 0.0348948
5.41491 0.0345753
5.41491 0.0345753
5.41526 0.115259
5.41639 0.116387
5.41742 0.117422
5.41945 0.119452
5.4255 0.125495
5.43474 0.0347421
5.43487 0.0345509
5.43487 0.0345509
5.43487 0.0345509
5.43519 0.034866
5.43519 0.0345465
5.43519 0.0345465
5.43697 0.0369669
5.43729 0.137286
5.43773 0.0377303
5.44135 0.0413468
5.44285 0.0428483
5.44323 0.0432256
5.44355 0.0435335
5.4444 0.0443978
5.44562 0.0456193
5.44616 0.0461438
5.44728 0.0472847
5.44764 0.047631
5.44802 0.0479895
5.44883 0.148833
5.45012 0.050118
5.45044 0.0504375
5.45175 0.0517479
5.45207 0.0520718
5.45239 0.0523913
5.45274 0.152741
5.45315 0.0531548
5.45388 0.0538786
5.4546 0.0546025
5.45473 0.0347056
5.45473 0.0347056
5.45473 0.0347056
5.45489 0.0348651
5.45489 0.0345456
5.45489 0.0345456
5.45543 0.155427
5.45596 0.155964
5.45628 0.0562843
5.46202 0.0620159
5.46234 0.0623355
5.46266 0.062655
5.46266 0.062655
5.46316 0.0631567
5.46348 0.0634762
5.46492 0.0649198
5.46599 0.0659814
5.46646 0.0664565
5.46718 0.0671803
5.4675 0.0675042
5.4675 0.0674998
5.4675 0.0675042
5.46782 0.0678237
5.47094 0.0709426
5.47126 0.0712621
5.47283 0.0728258
5.47327 0.0732697
5.47399 0.0739936
5.47456 0.0345464
5.47456 0.0345464
5.47456 0.0345464
5.47487 0.0348615
5.47487 0.034542
5.47487 0.034542
5.47603 0.0760063
5.47648 0.0764757
5.4768 0.0767952
5.47711 0.0771147
5.47743 0.0774342
5.47785 0.077847
5.47817 0.0781621
5.47858 0.0785793
5.47986 0.0798631
5.48177 0.0817689
5.48283 0.0828349
5.48315 0.0831544
5.48385 0.0838471
5.48886 0.0888634
5.49089 0.0908936
5.49277 0.0927683
5.49464 0.094643
5.49477 0.0347436
5.49477 0.0347436
5.49477 0.0347436
5.4949 0.034872
5.4949 0.0345525
5.4949 0.0345525
5.49643 0.0964323
5.49793 0.0979338
5.499 0.0989998
5.49932 0.0993193
5.50123 0.101225
5.50245 0.102421
5.50398 0.103979
5.50495 0.104952
5.50751 0.107511
5.5087 0.108701
5.51017 0.110172
5.51049 0.110491
5.51467 0.114668
5.5148 0.0347825
5.5148 0.0347825
5.5148 0.0347825
5.51492 0.0349109
5.51492 0.0345914
5.51492 0.0345914
5.51524 0.115244
5.5164 0.116403
5.51744 0.117438
5.51947 0.119468
5.52551 0.125511
5.53479 0.0347581
5.53492 0.034567
5.53492 0.034567
5.53492 0.034567
5.53523 0.034882
5.53523 0.0345625
5.53523 0.0345625
5.53701 0.0369829
5.53733 0.137333
5.53778 0.0377463
5.54136 0.0413318
5.54286 0.0428332
5.54328 0.0432503
5.5436 0.0435755
5.54444 0.0444138
5.54563 0.0456042
5.54614 0.0461359
5.5473 0.0472697
5.54765 0.0476245
5.548 0.0479866
5.54885 0.148849
5.55016 0.050134
5.55048 0.0504535
5.55177 0.0517415
5.55209 0.0520568
5.55241 0.0523763
5.55276 0.152757
5.55317 0.0531397
5.55389 0.0538636
5.55465 0.0546185
5.55478 0.0347528
5.55478 0.0347528
5.55478 0.0347528
5.55491 0.0348811
5.55491 0.0345616
5.55491 0.0345616
5.55541 0.155412
5.55598 0.15598
5.5563 0.0562693
5.56203 0.0620009
5.56235 0.0623204
5.56267 0.0626399
5.56267 0.0626399
5.56318 0.0631503
5.5635 0.0634698
5.56494 0.0649048
5.566 0.065975
5.56651 0.0664812
5.56723 0.067205
5.56723 0.0672008
5.56755 0.0675245
5.56755 0.0675203
5.56755 0.0675203
5.57098 0.0709502
5.5713 0.0712697
5.57286 0.0728334
5.57331 0.0732773
5.57403 0.0740012
5.57456 0.034554
5.57456 0.034554
5.57456 0.034554
5.57488 0.034869
5.57488 0.0345495
5.57488 0.0345495
5.57601 0.0759828
5.57648 0.0764522
5.5768 0.0767717
5.57712 0.0770912
5.57744 0.0774107
5.57788 0.0778546
5.5782 0.0781783
5.57862 0.0785869
5.5799 0.0798707
5.58181 0.0817765
5.58287 0.0828425
5.58319 0.083162
5.58389 0.0838547
5.58887 0.0888398
5.59093 0.0909012
5.59281 0.0927759
5.59468 0.0946506
5.59481 0.0347823
5.59481 0.0347823
5.59481 0.0347823
5.59494 0.0349107
5.59494 0.0345912
5.59494 0.0345912
5.59647 0.0964399
5.59797 0.0979414
5.59904 0.0990074
5.59936 0.0993269
5.60126 0.101233
5.60245 0.102429
5.60399 0.103956
5.60499 0.104959
5.60755 0.107518
5.60874 0.108709
5.61021 0.110179
5.61053 0.110499
5.61467 0.114644
5.6148 0.0347901
5.6148 0.0347901
5.6148 0.0347901
5.61493 0.0349185
5.61493 0.034599
5.61493 0.034599
5.61528 0.115251
5.61644 0.116411
5.61748 0.117446
5.61948 0.119445
5.62552 0.125487
5.63476 0.0347346
5.63489 0.0345435
5.63489 0.0345435
5.63489 0.0345435
5.63521 0.0348585
5.63521 0.034539
5.63521 0.034539
5.63702 0.0369905
5.63734 0.137309
5.63778 0.0377539
5.64137 0.0413394
5.64287 0.0428408
5.64325 0.0432354
5.64357 0.0435468
5.64442 0.0443903
5.64564 0.0456118
5.64615 0.0461466
5.64731 0.0472773
5.64763 0.0476097
5.64801 0.0480063
5.64889 0.148857
5.65014 0.0501105
5.65046 0.05043
5.65177 0.0517577
5.65209 0.0520644
5.65241 0.0523839
5.6528 0.152765
5.65318 0.0531473
5.6539 0.0538712
5.65462 0.054595
5.65475 0.0347292
5.65475 0.0347292
5.65475 0.0347292
5.65488 0.0348576
5.65488 0.0345381
5.65488 0.0345381
5.65545 0.155419
5.65602 0.155988
5.65634 0.056308
5.66204 0.0620085
5.66236 0.062328
5.66268 0.0626475
5.66268 0.0626475
5.66318 0.0631665
5.6635 0.063486
5.66494 0.0649124
5.66601 0.0659913
5.66648 0.0664663
5.66721 0.0671901
5.66753 0.0674968
5.66753 0.0675097
5.66753 0.0674968
5.66785 0.0678163
5.671 0.0709663
5.67132 0.0712858
5.67285 0.0728183
5.67329 0.0732622
5.67402 0.0739861
5.67455 0.034539
5.67455 0.034539
5.67455 0.034539
5.67489 0.0348851
5.67489 0.0345656
5.67489 0.0345656
5.67602 0.0759989
5.6765 0.0764682
5.67682 0.0767877
5.67714 0.0771072
5.67746 0.0774267
5.67787 0.0778395
5.67819 0.0781719
5.6786 0.0785719
5.67989 0.0798556
5.68179 0.0817614
5.68286 0.0828274
5.68318 0.0831469
5.6839 0.0838708
5.68889 0.0888559
5.69095 0.0909172
5.69279 0.0927608
5.69467 0.0946355
5.69479 0.0347672
5.69479 0.0347672
5.69479 0.0347672
5.69492 0.0348956
5.69492 0.0345761
5.69492 0.0345761
5.69645 0.0964249
5.69796 0.0979263
5.69902 0.0989923
5.69934 0.0993118
5.70125 0.101218
5.70247 0.102445
5.704 0.103972
5.70497 0.104944
5.70753 0.107503
5.70875 0.108725
5.71019 0.110164
5.71051 0.110484
5.71469 0.11466
5.71482 0.0348061
5.71482 0.0348061
5.71482 0.0348061
5.71495 0.0349345
5.71495 0.034615
5.71495 0.034615
5.71527 0.115236
5.71643 0.116396
5.71746 0.117431
5.71949 0.119461
5.72553 0.125503
5.73478 0.0347507
5.73491 0.0345595
5.73491 0.0345595
5.73491 0.0345595
5.73522 0.0348745
5.73522 0.034555
5.73522 0.034555
5.737 0.0369754
5.73732 0.137294
5.73777 0.0377389
5.74135 0.0413243
5.74289 0.0428569
5.74324 0.043229
5.74356 0.0435266
5.74444 0.0444064
5.74563 0.0455968
5.74616 0.0461346
5.74732 0.0472933
5.74764 0.0476344
5.74802 0.0480033
5.74887 0.148842
5.75016 0.0501266
5.75047 0.0504461
5.75176 0.0517513
5.75208 0.0520493
5.7524 0.0523688
5.75278 0.15275
5.75319 0.0531633
5.75392 0.0538872
5.75464 0.0546111
5.75477 0.0347453
5.75477 0.0347453
5.75477 0.0347453
5.7549 0.0348737
5.7549 0.0345542
5.7549 0.0345542
5.75543 0.155404
5.756 0.155973
5.75632 0.0562929
5.76202 0.0619934
5.76234 0.0623129
5.76266 0.0626324
5.76266 0.0626324
5.76317 0.0631601
5.76349 0.0634796
5.76496 0.0649284
5.76599 0.0659849
5.76647 0.0664599
5.76719 0.0671837
5.76751 0.0674817
5.76751 0.0675032
5.76751 0.0674817
5.76783 0.0678012
5.77098 0.0709512
5.7713 0.0712707
5.77286 0.0728344
5.77331 0.0732783
5.77403 0.0740022
5.77456 0.034555
5.77456 0.034555
5.77456 0.034555
5.77488 0.03487
5.77488 0.0345505
5.77488 0.0345505
5.77601 0.0759838
5.77648 0.0764532
5.7768 0.0767727
5.77712 0.0770922
5.77744 0.0774117
5.77788 0.0778556
5.7782 0.0781966
5.77862 0.0785879
5.7799 0.0798717
5.78181 0.0817775
5.78287 0.0828435
5.78319 0.083163
5.78388 0.0838557
5.7889 0.0888719
5.79093 0.0909022
5.79281 0.0927769
5.79468 0.0946516
5.79481 0.0347833
5.79481 0.0347833
5.79481 0.0347833
5.79494 0.0349117
5.79494 0.0345922
5.79494 0.0345922
5.79647 0.0964409
5.79797 0.0979424
5.79904 0.0990084
5.79936 0.0993279
5.80126 0.101234
5.80245 0.10243
5.80399 0.103957
5.80499 0.10496
5.80755 0.107519
5.80874 0.10871
5.81021 0.11018
5.81053 0.1105
5.81467 0.114645
5.8148 0.0347911
5.8148 0.0347911
5.8148 0.0347911
5.81493 0.0349195
5.81493 0.0346
5.81493 0.0346
5.81528 0.115252
5.81644 0.116412
5.81744 0.117416
5.81947 0.119446
5.82552 0.125488
5.83476 0.0347356
5.83489 0.0345445
5.83489 0.0345445
5.83489 0.0345445
5.83521 0.0348595
5.83521 0.03454
5.83521 0.03454
5.83702 0.0369915
5.83734 0.13731
5.83778 0.0377549
5.84137 0.0413404
5.84287 0.0428418
5.84325 0.0432226
5.84357 0.0435686
5.84442 0.0443913
5.84564 0.0456128
5.84615 0.0461227
5.84731 0.0472783
5.84766 0.047628
5.84801 0.0480004
5.84886 0.148827
5.85014 0.0501115
5.85046 0.050431
5.85177 0.0517449
5.85209 0.0520654
5.85241 0.0523849
5.85279 0.152766
5.85318 0.0531483
5.8539 0.0538722
5.85462 0.054596
5.85475 0.0347302
5.85475 0.0347302
5.85475 0.0347302
5.85488 0.0348586
5.85488 0.0345391
5.85488 0.0345391
5.85545 0.15542
5.85602 0.155989
5.85634 0.056309
5.86204 0.0620095
5.86236 0.062329
5.86268 0.0626485
5.86268 0.0626485
5.86318 0.0631537
5.8635 0.0634732
5.86494 0.0649134
5.86601 0.0659784
5.86648 0.0664535
5.86721 0.0671773
5.86753 0.0674978
5.86753 0.0674968
5.86753 0.0674978
5.86785 0.0678173
5.871 0.0709673
5.87131 0.0712868
5.87285 0.0728193
5.87329 0.0732633
5.87402 0.0739871
5.87455 0.03454
5.87455 0.03454
5.87455 0.03454
5.87489 0.0348861
5.87489 0.0345666
5.87489 0.0345666
5.87602 0.0759999
5.8765 0.0764692
5.87682 0.0767887
5.87714 0.0771082
5.87746 0.0774277
5.87787 0.0778405
5.87819 0.0781591
5.8786 0.0785729
5.87988 0.0798566
5.88179 0.0817624
5.88286 0.0828284
5.88318 0.0831479
5.8839 0.0838718
5.88888 0.0888569
5.89095 0.0909182
5.89279 0.0927618
5.89466 0.0946365
5.89479 0.0347682
5.89479 0.0347682
5.89479 0.0347682
5.89492 0.0348966
5.89492 0.0345771
5.89492 0.0345771
5.89645 0.0964259
5.89796 0.0979273
5.89902 0.0989933
5.89934 0.0993128
5.90125 0.101219
5.90247 0.102446
5.904 0.103973
5.90497 0.104945
5.90753 0.107504
5.90872 0.108695
5.91019 0.110165
5.91051 0.110485
5.91469 0.114661
5.91482 0.0348071
5.91482 0.0348071
5.91482 0.0348071
5.91495 0.0349355
5.91495 0.034616
5.91495 0.034616
5.91527 0.115237
5.91642 0.116397
5.91746 0.117432
5.91949 0.119462
5.92553 0.125504
5.93478 0.0347517
5.93491 0.0345605
5.93491 0.0345605
5.93491 0.0345605
5.93522 0.0348755
5.93522 0.034556
5.93522 0.034556
5.937 0.0369765
5.93732 0.137295
5.93777 0.0377399
5.94135 0.0413253
5.94288 0.0428579
5.94327 0.0432473
5.94359 0.0435794
5.94443 0.0444074
5.94562 0.0455978
5.94616 0.0461419
5.94732 0.0472943
5.94764 0.0476215
5.94802 0.0479974
5.94887 0.148843
5.95015 0.0501276
5.95047 0.0504471
5.95179 0.0517696
5.95211 0.0520814
5.95243 0.0524009
5.95278 0.152751
5.95319 0.0531644
5.95392 0.0538882
5.95464 0.0546121
5.95477 0.0347463
5.95477 0.0347463
5.95477 0.0347463
5.9549 0.0348747
5.9549 0.0345552
5.9549 0.0345552
5.95543 0.155405
5.956 0.155974
5.95632 0.0562939
5.96202 0.0619944
5.96234 0.0623139
5.96266 0.0626334
5.96266 0.0626334
5.96317 0.0631473
5.96349 0.0634668
5.96493 0.0648983
5.96599 0.065972
5.9665 0.0664782
5.96722 0.067202
5.96754 0.0675138
5.96754 0.0675215
5.96754 0.0675138
5.96786 0.0678333
5.97098 0.0709522
5.9713 0.0712717
5.97283 0.0728043
5.97331 0.0732793
5.97403 0.0740032
5.97456 0.034556
5.97456 0.034556
5.97456 0.034556
5.97488 0.034871
5.97488 0.0345515
5.97488 0.0345515
5.97601 0.0759848
5.97648 0.0764542
5.9768 0.0767737
5.97712 0.0770932
5.97744 0.0774127
5.97788 0.0778566
5.9782 0.0781838
5.97862 0.0785889
5.9799 0.0798727
5.98181 0.0817785
5.98287 0.0828445
5.98319 0.083164
5.98388 0.0838567
5.98887 0.0888418
5.99093 0.0909032
5.9928 0.0927779
5.99468 0.0946526
5.99481 0.0347843
5.99481 0.0347843
5.99481 0.0347843
5.99494 0.0349127
5.99494 0.0345932
5.99494 0.0345932
5.99647 0.0964419
5.99797 0.0979434
5.99904 0.0990094
5.99936 0.0993289
6.00126 0.101235
6.00245 0.102431
6.00398 0.103958
6.00496 0.104936
6.00752 0.107495
6.00874 0.108716
6.01021 0.110187
6.01053 0.110506
6.01468 0.114652
6.01481 0.0347976
6.01481 0.0347976
6.01481 0.0347976
6.01494 0.034926
6.01494 0.0346065
6.01494 0.0346065
6.01529 0.115259
6.01641 0.116387
6.01745 0.117422
6.01948 0.119452
6.02552 0.125495
6.03477 0.0347421
6.03521 0.0345425
6.03521 0.0345425
6.03702 0.0369941
6.03734 0.137313
6.03778 0.0377575
6.04137 0.0413429
6.04287 0.0428444
6.04325 0.0432424
6.04357 0.0435608
6.04442 0.0443939
6.04564 0.0456154
6.04615 0.0461315
6.04731 0.0472808
6.04763 0.0476167
6.04801 0.047996
6.04889 0.148861
6.05014 0.0501141
6.05046 0.0504336
6.05177 0.0517648
6.05209 0.0520679
6.05241 0.0523874
6.0528 0.152768
6.05318 0.0531509
6.0539 0.0538747
6.05462 0.0545986
6.05475 0.0347328
6.05475 0.0347328
6.05475 0.0347328
6.05488 0.0348612
6.05488 0.0345417
6.05488 0.0345417
6.05545 0.155423
6.05602 0.155991
6.05634 0.0563115
6.06204 0.062012
6.06236 0.0623315
6.06268 0.0626511
6.06268 0.0626511
6.06315 0.0631424
6.06347 0.0634619
6.06494 0.0649159
6.06601 0.0659983
6.06648 0.0664733
6.06721 0.0671972
6.06753 0.0675003
6.06753 0.0675167
6.06753 0.0675003
6.06785 0.0678198
6.071 0.0709698
6.07132 0.0712893
6.07282 0.0727908
6.07332 0.0732969
6.07402 0.0739897
6.07455 0.0345425
6.07455 0.0345425
6.07455 0.0345425
6.07486 0.0348576
6.07486 0.034538
6.07486 0.034538
6.07602 0.0760024
6.0765 0.0764718
6.07682 0.0767913
6.07714 0.0771108
6.07746 0.0774303
6.07787 0.0778431
6.07819 0.078179
6.0786 0.0785754
6.07989 0.0798592
6.08179 0.081765
6.08289 0.0828621
6.08321 0.0831816
6.08387 0.0838432
6.08889 0.0888595
6.09095 0.0909208
6.09279 0.0927644
6.09467 0.0946391
6.09479 0.0347708
6.09479 0.0347708
6.09479 0.0347708
6.09492 0.0348992
6.09492 0.0345797
6.09492 0.0345797
6.09645 0.0964284
6.09796 0.0979299
6.09902 0.0989959
6.09934 0.0993154
6.10125 0.101221
6.10247 0.102448
6.104 0.103975
6.10497 0.104948
6.10753 0.107507
6.10872 0.108697
6.11023 0.110199
6.11023 0.110199
6.11468 0.114655
6.11481 0.0348012
6.11481 0.0348012
6.11481 0.0348012
6.11494 0.0349296
6.11494 0.0346101
6.11494 0.0346101
6.11529 0.115263
6.11645 0.116422
6.11745 0.117426
6.11948 0.119456
6.12552 0.125499
6.13477 0.0347457
6.1349 0.0345546
6.1349 0.0345546
6.1349 0.0345546
6.13521 0.0348696
6.13521 0.0345501
6.13521 0.0345501
6.137 0.0369705
6.13732 0.137289
6.13776 0.037734
6.14134 0.0413194
6.14288 0.042852
6.14323 0.0432276
6.14355 0.0435321
6.14443 0.0444015
6.14565 0.045623
6.14615 0.0461422
6.14731 0.0472884
6.14763 0.0476329
6.14805 0.0480157
6.14886 0.148837
6.15015 0.0501217
6.15047 0.0504412
6.15178 0.051781
6.1521 0.0520755
6.15242 0.052395
6.15277 0.152745
6.15315 0.0531273
6.15391 0.0538823
6.15463 0.0546062
6.15476 0.0347404
6.15476 0.0347404
6.15476 0.0347404
6.15489 0.0348688
6.15489 0.0345493
6.15489 0.0345493
6.15546 0.15543
6.15599 0.155968
6.15631 0.056288
6.16201 0.0619885
6.16233 0.062308
6.16265 0.0626275
6.16265 0.0626275
6.16316 0.0631587
6.16348 0.0634782
6.16495 0.0649235
6.16598 0.0659834
6.16646 0.0664584
6.16718 0.0671823
6.1675 0.0674768
6.1675 0.0675018
6.1675 0.0674768
6.16782 0.0677963
6.17097 0.0709463
6.17129 0.0712658
6.17282 0.0727984
6.1733 0.0732734
6.17402 0.0739973
6.17456 0.0345501
6.17456 0.0345501
6.17456 0.0345501
6.17487 0.0348651
6.17487 0.0345456
6.17487 0.0345456
6.176 0.0759789
6.17647 0.0764482
6.17679 0.0767678
6.17711 0.0770873
6.17743 0.0774068
6.17785 0.0778196
6.17816 0.0781641
6.17858 0.0785519
6.17989 0.0798668
6.1818 0.0817726
6.18286 0.0828386
6.18318 0.0831581
6.18388 0.0838508
6.18886 0.0888359
6.19092 0.0908973
6.1928 0.092772
6.19464 0.0946156
6.19477 0.0347473
6.19477 0.0347473
6.19477 0.0347473
6.1949 0.0348757
6.1949 0.0345562
6.1949 0.0345562
6.19646 0.096436
6.19796 0.0979375
6.19903 0.0990035
6.19935 0.099323
6.20129 0.10126
6.20244 0.102425
6.20398 0.103952
6.20495 0.104924
6.20751 0.107483
6.20873 0.108705
6.2102 0.110175
6.21052 0.110495
6.2147 0.114671
6.21483 0.0348173
6.21483 0.0348173
6.21483 0.0348173
6.21495 0.0349457
6.21495 0.0346262
6.21495 0.0346262
6.21527 0.115248
6.21643 0.116407
6.21747 0.117442
6.2195 0.119472
6.22551 0.125484
6.23476 0.0347307
6.23488 0.0345396
6.23488 0.0345396
6.23488 0.0345396
6.2352 0.0348546
6.2352 0.0345351
6.2352 0.0345351
6.23698 0.0369555
6.2373 0.137274
6.23774 0.0377189
6.24136 0.0413355
6.24286 0.0428369
6.24324 0.0432212
6.24356 0.0435429
6.24441 0.0443864
6.24563 0.0456079
6.24614 0.0461342
6.2473 0.0472734
6.24765 0.0476265
6.24803 0.0480128
6.24888 0.148853
6.25013 0.0501066
6.25045 0.0504261
6.2518 0.0517746
6.25212 0.0520916
6.25244 0.0524111
6.25279 0.152761
6.25317 0.0531434
6.25392 0.0538984
6.25462 0.0545911
6.25474 0.0347253
6.25474 0.0347253
6.25474 0.0347253
6.25487 0.0348537
6.25487 0.0345342
6.25487 0.0345342
6.25544 0.155415
6.25601 0.155984
6.25633 0.0563041
6.26203 0.0620046
6.26235 0.0623241
6.26267 0.0626436
6.26267 0.0626436
6.26317 0.0631522
6.26349 0.0634717
6.26493 0.0649085
6.266 0.065977
6.26647 0.066452
6.2672 0.0671759
6.26752 0.0674929
6.26752 0.0674954
6.26752 0.0674929
6.26784 0.0678124
6.27099 0.0709624
6.27131 0.0712819
6.27284 0.0728144
6.27331 0.0732895
6.27404 0.0740133
6.27454 0.0345351
6.27454 0.0345351
6.27454 0.0345351
6.27485 0.0348501
6.27485 0.0345306
6.27485 0.0345306
6.27601 0.075995
6.27649 0.0764643
6.27681 0.0767838
6.27713 0.0771033
6.27745 0.0774228
6.27786 0.0778356
6.27818 0.0781577
6.27859 0.078568
6.27991 0.0798828
6.28178 0.0817575
6.28288 0.0828546
6.2832 0.0831741
6.28386 0.0838358
6.28885 0.0888209
6.29094 0.0909133
6.29278 0.0927569
6.29466 0.0946316
6.29478 0.0347633
6.29478 0.0347633
6.29478 0.0347633
6.29491 0.0348917
6.29491 0.0345722
6.29491 0.0345722
6.29645 0.096421
6.29798 0.0979535
6.29904 0.0990195
6.29936 0.099339
6.30127 0.101245
6.30246 0.102441
6.30399 0.103968
6.30497 0.104941
6.30752 0.1075
6.30871 0.10869
6.31022 0.110191
6.31054 0.110511
6.31468 0.114656
6.31481 0.0348022
6.31481 0.0348022
6.31481 0.0348022
6.31494 0.0349306
6.31494 0.0346111
6.31494 0.0346111
6.31529 0.115264
6.31642 0.116392
6.31748 0.117458
6.31948 0.119457
6.32549 0.125468
6.33477 0.0347467
6.3349 0.0345556
6.3349 0.0345556
6.3349 0.0345556
6.33521 0.0348706
6.33521 0.0345511
6.33521 0.0345511
6.337 0.0369715
6.33731 0.13729
6.33776 0.037735
6.34134 0.0413204
6.34288 0.042853
6.34326 0.0432458
6.34358 0.0435538
6.34443 0.0444025
6.34565 0.045624
6.34615 0.0461534
6.34731 0.0472894
6.34763 0.0476201
6.34801 0.0480098
6.34886 0.148838
6.35015 0.0501227
6.35047 0.0504422
6.35178 0.0517682
6.3521 0.0520765
6.35242 0.052396
6.35277 0.152746
6.35315 0.0531283
6.35391 0.0538833
6.35463 0.0546072
6.35476 0.0347414
6.35476 0.0347414
6.35476 0.0347414
6.35489 0.0348698
6.35489 0.0345503
6.35489 0.0345503
6.35543 0.1554
6.35599 0.155969
6.35631 0.056289
6.36201 0.0619895
6.36233 0.062309
6.36265 0.0626285
6.36265 0.0626285
6.36316 0.0631458
6.36348 0.0634653
6.36495 0.0649245
6.36598 0.0659706
6.36646 0.0664456
6.36721 0.0672006
6.36753 0.0675089
6.36753 0.0675201
6.36753 0.0675089
6.36785 0.0678284
6.37097 0.0709473
6.37129 0.0712668
6.37282 0.0727994
6.3733 0.0732744
6.37402 0.0739983
6.37455 0.0345511
6.37455 0.0345511
6.37455 0.0345511
6.37487 0.0348661
6.37487 0.0345466
6.37487 0.0345466
6.376 0.0759799
6.37647 0.0764493
6.37679 0.0767688
6.37711 0.0770883
6.37743 0.0774078
6.37784 0.0778206
6.37816 0.0781513
6.37858 0.0785529
6.37989 0.0798678
6.3818 0.0817736
6.38286 0.0828396
6.38318 0.0831591
6.38388 0.0838518
6.38886 0.0888369
6.39092 0.0908983
6.3928 0.092773
6.39464 0.0946166
6.39477 0.0347483
6.39477 0.0347483
6.39477 0.0347483
6.3949 0.0348767
6.3949 0.0345572
6.3949 0.0345572
6.39646 0.096437
6.39796 0.0979385
6.39903 0.0990045
6.39935 0.099324
6.40125 0.10123
6.40244 0.102426
6.40398 0.103953
6.40495 0.104925
6.40751 0.107484
6.40873 0.108706
6.4102 0.110176
6.41052 0.110496
6.4147 0.114672
6.41482 0.0348183
6.41482 0.0348183
6.41482 0.0348183
6.41495 0.0349467
6.41495 0.0346272
6.41495 0.0346272
6.41527 0.115249
6.41643 0.116408
6.41747 0.117443
6.4195 0.119473
6.42551 0.125485
6.43475 0.0347317
6.43488 0.0345406
6.43488 0.0345406
6.43488 0.0345406
6.4352 0.0348556
6.4352 0.0345361
6.4352 0.0345361
6.43698 0.0369565
6.4373 0.137275
6.43774 0.0377199
6.44136 0.0413365
6.44286 0.0428379
6.44324 0.0432394
6.44356 0.0435336
6.44441 0.0443874
6.44563 0.0456089
6.44617 0.0461415
6.4473 0.0472744
6.44762 0.0476137
6.44803 0.0480069
6.44888 0.148854
6.45013 0.0501076
6.45045 0.0504271
6.45176 0.0517618
6.45208 0.0520615
6.4524 0.052381
6.45279 0.152762
6.45317 0.0531444
6.45392 0.0538994
6.45462 0.0545921
6.45474 0.0347263
6.45474 0.0347263
6.45474 0.0347263
6.45487 0.0348547
6.45487 0.0345352
6.45487 0.0345352
6.45544 0.155416
6.45601 0.155985
6.45633 0.0563051
6.46203 0.0620056
6.46235 0.0623251
6.46267 0.0626446
6.46267 0.0626446
6.46314 0.0631394
6.46346 0.0634589
6.46493 0.0649095
6.466 0.0659953
6.46644 0.0664392
6.4672 0.0671942
6.46752 0.0674939
6.46752 0.0675137
6.46752 0.0674939
6.46784 0.0678134
6.47099 0.0709634
6.47131 0.0712829
6.47284 0.0728154
6.47331 0.0732905
6.47404 0.0740143
6.47454 0.0345361
6.47454 0.0345361
6.47454 0.0345361
6.47485 0.0348511
6.47485 0.0345316
6.47485 0.0345316
6.47601 0.075996
6.47649 0.0764653
6.47681 0.0767848
6.47713 0.0771043
6.47745 0.0774238
6.47786 0.0778366
6.47818 0.078176
6.47859 0.078569
6.47988 0.0798527
6.48178 0.0817585
6.48288 0.0828556
6.4832 0.0831751
6.48386 0.0838368
6.48884 0.0888219
6.49094 0.0909143
6.49278 0.0927579
6.49466 0.0946326
6.49478 0.0347643
6.49478 0.0347643
6.49478 0.0347643
6.49491 0.0348927
6.49491 0.0345732
6.49491 0.0345732
6.49645 0.096422
6.49798 0.0979545
6.49904 0.0990205
6.49936 0.09934
6.50127 0.101246
6.50246 0.102442
6.50399 0.103969
6.50496 0.104942
6.50752 0.107501
6.50871 0.108691
6.51022 0.110192
6.51053 0.110512
6.51468 0.114657
6.51481 0.0348032
6.51481 0.0348032
6.51481 0.0348032
6.51494 0.0349316
6.51494 0.0346121
6.51494 0.0346121
6.51529 0.115265
6.51642 0.116393
6.51745 0.117428
6.51951 0.119489
6.52549 0.125469
6.53477 0.0347478
6.5349 0.0345566
6.5349 0.0345566
6.5349 0.0345566
6.53521 0.0348716
6.53521 0.0345521
6.53521 0.0345521
6.53699 0.0369725
6.53731 0.137291
6.53776 0.037736
6.54134 0.0413214
6.54285 0.0428229
6.54326 0.043233
6.54358 0.0435756
6.54443 0.0444035
6.54565 0.045625
6.54615 0.0461295
6.54731 0.0472904
6.54766 0.0476384
6.54801 0.048004
6.54886 0.148839
6.55015 0.0501237
6.55047 0.0504432
6.55178 0.0517553
6.5521 0.0520775
6.55242 0.052397
6.55277 0.152747
6.55315 0.0531293
6.55391 0.0538843
6.55463 0.0546082
6.55476 0.0347424
6.55476 0.0347424
6.55476 0.0347424
6.55489 0.0348708
6.55489 0.0345513
6.55489 0.0345513
6.55546 0.155432
6.55599 0.15597
6.55631 0.05629
6.56201 0.0619905
6.56233 0.06231
6.56265 0.0626295
6.56265 0.0626295
6.56319 0.0631641
6.56351 0.0634836
6.56495 0.0649255
6.56601 0.0659889
6.56649 0.0664639
6.56721 0.0671878
6.56753 0.0675099
6.56753 0.0675073
6.56753 0.0675099
6.56785 0.0678294
6.57097 0.0709483
6.57129 0.0712678
6.57282 0.0728004
6.5733 0.0732754
6.57402 0.0739993
6.57455 0.0345521
6.57455 0.0345521
6.57455 0.0345521
6.57487 0.0348671
6.57487 0.0345476
6.57487 0.0345476
6.576 0.0759809
6.57647 0.0764503
6.57679 0.0767698
6.57711 0.0770893
6.57743 0.0774088
6.57784 0.0778216
6.57816 0.0781384
6.57858 0.0785539
6.57989 0.0798688
6.5818 0.0817746
6.58286 0.0828406
6.58318 0.0831601
6.58388 0.0838528
6.58886 0.0888379
6.59092 0.0908993
6.59277 0.0927429
6.59464 0.0946176
6.59477 0.0347493
6.59477 0.0347493
6.59477 0.0347493
6.5949 0.0348777
6.5949 0.0345582
6.5949 0.0345582
6.59646 0.096438
6.59796 0.0979395
6.59903 0.0990055
6.59935 0.099325
6.60125 0.101231
6.60244 0.102427
6.60398 0.103954
6.60495 0.104926
6.60751 0.107485
6.60873 0.108707
6.6102 0.110177
6.61052 0.110497
6.6147 0.114673
6.61482 0.0348193
6.61482 0.0348193
6.61482 0.0348193
6.61495 0.0349477
6.61495 0.0346282
6.61495 0.0346282
6.61527 0.11525
6.61643 0.116409
6.61747 0.117444
6.6195 0.119474
6.62551 0.125486
6.63475 0.0347327
6.63488 0.0345416
6.63488 0.0345416
6.63488 0.0345416
6.6352 0.0348566
6.6352 0.0345371
6.6352 0.0345371
6.63698 0.0369575
6.6373 0.137276
6.63774 0.0377209
6.64136 0.0413375
6.64286 0.0428389
6.64324 0.0432266
6.64356 0.0435553
6.64441 0.0443884
6.64563 0.0456099
6.64617 0.0461487
6.6473 0.0472754
6.64765 0.047632
6.64803 0.048001
6.64888 0.148855
6.65013 0.0501086
6.65045 0.0504281
6.6518 0.05178
6.65211 0.0520936
6.65243 0.0524131
6.65279 0.152763
6.65317 0.0531454
6.65392 0.0539004
6.65461 0.0545931
6.65474 0.0347273
6.65474 0.0347273
6.65474 0.0347273
6.65487 0.0348557
6.65487 0.0345362
6.65487 0.0345362
6.65544 0.155417
6.65601 0.155986
6.65633 0.0563061
6.66203 0.0620066
6.66235 0.0623261
6.66267 0.0626456
6.66267 0.0626456
6.66317 0.0631577
6.66349 0.0634772
6.66493 0.0649105
6.666 0.0659825
6.66647 0.0664575
6.6672 0.0671814
6.66752 0.0674949
6.66752 0.0675009
6.66752 0.0674949
6.66784 0.0678144
6.67099 0.0709644
6.67131 0.0712839
6.67284 0.0728164
6.67328 0.0732604
6.67401 0.0739842
6.67454 0.0345371
6.67454 0.0345371
6.67454 0.0345371
6.67485 0.0348521
6.67485 0.0345326
6.67485 0.0345326
6.67601 0.075997
6.67649 0.0764663
6.67681 0.0767858
6.67713 0.0771053
6.67745 0.0774248
6.67786 0.0778376
6.67818 0.0781631
6.67859 0.07857
6.67988 0.0798537
6.68178 0.0817595
6.68288 0.0828566
6.6832 0.0831761
6.68389 0.0838689
6.68884 0.0888229
6.69094 0.0909153
6.69278 0.0927589
6.69466 0.0946336
6.69478 0.0347653
6.69478 0.0347653
6.69478 0.0347653
6.69491 0.0348937
6.69491 0.0345742
6.69491 0.0345742
6.69644 0.096423
6.69798 0.0979555
6.69904 0.0990215
6.69936 0.099341
6.70127 0.101247
6.70246 0.102443
6.70399 0.10397
6.70496 0.104943
6.70752 0.107502
6.70871 0.108692
6.71021 0.110193
6.71053 0.110513
6.71468 0.114658
6.71481 0.0348042
6.71481 0.0348042
6.71481 0.0348042
6.71494 0.0349326
6.71494 0.0346131
6.71494 0.0346131
6.71529 0.115266
6.71642 0.116394
6.71745 0.117429
6.71948 0.119459
6.72549 0.12547
6.73477 0.0347488
6.7349 0.0345576
6.7349 0.0345576
6.7349 0.0345576
6.73521 0.0348726
6.73521 0.0345531
6.73521 0.0345531
6.73699 0.0369736
6.73731 0.137292
6.73776 0.037737
6.74134 0.0413224
6.74284 0.0428239
6.74323 0.0432202
6.74355 0.0435351
6.74443 0.0444045
6.74565 0.045626
6.74615 0.0461367
6.74731 0.0472914
6.74763 0.0476256
6.74801 0.0479981
6.74886 0.14884
6.75015 0.0501247
6.75046 0.0504442
6.75178 0.0517736
6.7521 0.0520785
6.75242 0.052398
6.75277 0.152748
6.75315 0.0531303
6.75391 0.0538853
6.75463 0.0546092
6.75476 0.0347434
6.75476 0.0347434
6.75476 0.0347434
6.75489 0.0348718
6.75489 0.0345523
6.75489 0.0345523
6.75542 0.155402
6.75599 0.155971
6.75631 0.056291
6.76201 0.0619915
6.76233 0.062311
6.76265 0.0626305
6.76265 0.0626305
6.76316 0.0631513
6.76348 0.0634708
6.76495 0.0649265
6.76598 0.0659761
6.76646 0.0664511
6.76718 0.0671749
6.7675 0.0674798
6.7675 0.0674945
6.7675 0.0674798
6.76782 0.0677993
6.77097 0.0709493
6.77129 0.0712688
6.77282 0.0728014
6.7733 0.0732764
6.77402 0.0740003
6.77455 0.0345531
6.77455 0.0345531
6.77455 0.0345531
6.77487 0.0348681
6.77487 0.0345486
6.77487 0.0345486
6.776 0.0759819
6.77647 0.0764513
6.77679 0.0767708
6.77711 0.0770903
6.77743 0.0774098
6.77784 0.0778226
6.77816 0.0781567
6.77858 0.0785549
6.77989 0.0798698
6.7818 0.0817756
6.78286 0.0828416
6.78318 0.0831611
6.78387 0.0838538
6.78886 0.0888389
6.79092 0.0909003
6.79276 0.0927439
6.79464 0.0946186
6.79477 0.0347503
6.79477 0.0347503
6.79477 0.0347503
6.7949 0.0348787
6.7949 0.0345592
6.7949 0.0345592
6.79646 0.096439
6.79796 0.0979405
6.79903 0.0990065
6.79935 0.099326
6.80125 0.101232
6.80244 0.102428
6.80398 0.103955
6.80495 0.104927
6.80751 0.107486
6.80873 0.108708
6.8102 0.110178
6.81052 0.110498
6.81469 0.114674
6.81482 0.0348203
6.81482 0.0348203
6.81482 0.0348203
6.81495 0.0349487
6.81495 0.0346292
6.81495 0.0346292
6.81527 0.115251
6.81643 0.11641
6.81747 0.117445
6.8195 0.119475
6.82551 0.125487
6.83475 0.0347337
6.83488 0.0345426
6.83488 0.0345426
6.83488 0.0345426
6.8352 0.0348576
6.8352 0.0345381
6.8352 0.0345381
6.83698 0.0369585
6.8373 0.137277
6.83774 0.0377219
6.84136 0.0413385
6.84286 0.0428399
6.84327 0.0432449
6.84359 0.0435771
6.84441 0.0443894
6.84563 0.0456109
6.84617 0.0461559
6.8473 0.0472764
6.84765 0.0476192
6.848 0.0479951
6.84888 0.148856
6.85013 0.0501096
6.85045 0.0504291
6.85179 0.0517672
6.85211 0.0520946
6.85243 0.0524141
6.85278 0.152764
6.85317 0.0531464
6.85392 0.0539014
6.85461 0.0545941
6.85474 0.0347283
6.85474 0.0347283
6.85474 0.0347283
6.85487 0.0348567
6.85487 0.0345372
6.85487 0.0345372
6.85544 0.155418
6.85601 0.155987
6.85633 0.0563071
6.86203 0.0620076
6.86235 0.0623271
6.86267 0.0626466
6.86267 0.0626466
6.86317 0.0631449
6.86349 0.0634644
6.86493 0.0649115
6.86603 0.0660008
6.86647 0.0664447
6.86723 0.0671996
6.86755 0.067527
6.86755 0.0675192
6.86755 0.067527
6.86787 0.0678465
6.87099 0.0709654
6.8713 0.0712849
6.87284 0.0728174
6.87331 0.0732925
6.874 0.0739852
6.87457 0.0345381
6.87457 0.0345381
6.87457 0.0345381
6.87488 0.0348531
6.87488 0.0345336
6.87488 0.0345336
6.87601 0.075998
6.87649 0.0764673
6.87681 0.0767868
6.87713 0.0771063
6.87745 0.0774258
6.87786 0.0778386
6.87818 0.0781503
6.87859 0.078571
6.87987 0.0798547
6.88178 0.0817605
6.88285 0.0828265
6.88317 0.083146
6.88386 0.0838388
6.88884 0.0888239
6.89094 0.0909163
6.89278 0.0927599
6.89465 0.0946346
6.89478 0.0347663
6.89478 0.0347663
6.89478 0.0347663
6.89491 0.0348947
6.89491 0.0345752
6.89491 0.0345752
6.89644 0.096424
6.89798 0.0979565
6.89904 0.0990225
6.89936 0.0993421
6.90127 0.101248
6.90246 0.102444
6.90399 0.103971
6.90496 0.104944
6.90749 0.107471
6.90871 0.108693
6.91021 0.110194
6.91053 0.110514
6.91468 0.114659
6.91481 0.0348052
6.91481 0.0348052
6.91481 0.0348052
6.91494 0.0349336
6.91494 0.0346141
6.91494 0.0346141
6.91529 0.115267
6.91641 0.116395
6.91745 0.11743
6.91948 0.11946
6.92549 0.125471
6.93477 0.0347498
6.9349 0.0345586
6.9349 0.0345586
6.9349 0.0345586
6.93521 0.0348737
6.93521 0.0345541
6.93521 0.0345541
6.93699 0.0369746
6.93731 0.137293
6.93776 0.037738
6.94134 0.0413234
6.94284 0.0428249
6.94326 0.0432385
6.94358 0.0435569
6.94442 0.0444055
6.94565 0.045627
6.94615 0.046144
6.94731 0.0472924
6.94763 0.0476128
6.94804 0.0480233
6.94886 0.148841
6.95014 0.0501257
6.95046 0.0504452
6.95178 0.0517608
6.9521 0.0520795
6.95242 0.052399
6.95277 0.152749
6.95315 0.0531313
6.95391 0.0538863
6.95463 0.0546102
6.95476 0.0347444
6.95476 0.0347444
6.95476 0.0347444
6.95489 0.0348728
6.95489 0.0345533
6.95489 0.0345533
6.95542 0.155403
6.95599 0.155972
6.95631 0.056292
6.96201 0.0619925
6.96233 0.062312
6.96265 0.0626315
6.96265 0.0626315
6.96319 0.0631696
6.96351 0.0634891
6.96495 0.0649275
6.96601 0.0659943
6.96649 0.0664694
6.96721 0.0671932
6.96753 0.0675119
6.96753 0.0675127
6.96753 0.0675119
6.96785 0.0678314
6.97097 0.0709503
6.97129 0.0712698
6.97282 0.0728024
6.9733 0.0732774
6.97402 0.0740013
6.97458 0.0345541
6.97458 0.0345541
6.97458 0.0345541
6.9749 0.0348691
6.9749 0.0345496
6.9749 0.0345496
6.976 0.0759829
6.97647 0.0764523
6.97679 0.0767718
6.97711 0.0770913
6.97743 0.0774108
6.97784 0.0778236
6.97816 0.0781439
6.97857 0.0785559
6.97989 0.0798708
6.9818 0.0817766
6.98286 0.0828426
6.98318 0.0831621
6.98387 0.0838548
6.98886 0.0888399
6.99092 0.0909013
6.99276 0.0927449
6.99464 0.0946196
6.99477 0.0347513
6.99477 0.0347513
6.99477 0.0347513
6.9949 0.0348797
6.9949 0.0345602
6.9949 0.0345602
6.99646 0.09644
6.99796 0.0979415
6.99903 0.0990075
6.99935 0.099327
7.00125 0.101233
7.00244 0.102429
7.00397 0.103956
7.00495 0.104934
7.00748 0.107462
7.00873 0.108715
7.0102 0.110185
7.01052 0.110505
7.0147 0.114681
7.01483 0.0348269
7.01483 0.0348269
7.01483 0.0348269
7.01496 0.0349553
7.01496 0.0346358
7.01496 0.0346358
7.01528 0.115257
7.01644 0.116417
7.01747 0.117451
7.0195 0.119482
7.02551 0.125493
7.03476 0.0347403
7.0352 0.0345408
7.0352 0.0345408
7.03698 0.0369612
7.0373 0.13728
7.03774 0.0377246
7.04136 0.0413411
7.04286 0.0428426
7.04324 0.0432338
7.04356 0.0435383
7.04441 0.0443921
7.04563 0.0456136
7.04614 0.0461337
7.0473 0.0472791
7.04765 0.0476391
7.04803 0.048022
7.04888 0.148859
7.05013 0.0501123
7.05045 0.0504318
7.0518 0.0517872
7.05212 0.0520972
7.05243 0.0524167
7.05279 0.152767
7.05317 0.0531491
7.05392 0.053904
7.05461 0.0545968
7.05474 0.034731
7.05474 0.034731
7.05474 0.034731
7.05487 0.0348594
7.05487 0.0345399
7.05487 0.0345399
7.05544 0.155421
7.05601 0.155989
7.05633 0.0563098
7.062 0.0619791
7.06232 0.0622987
7.06264 0.0626182
7.06264 0.0626182
7.06317 0.0631648
7.06349 0.0634844
7.06493 0.0649142
7.066 0.0659896
7.06644 0.0664335
7.0672 0.0671885
7.06752 0.0674985
7.06752 0.067508
7.06752 0.0674985
7.06784 0.0678181
7.07099 0.070968
7.07131 0.0712875
7.07281 0.072789
7.07328 0.073264
7.07401 0.0739879
7.07457 0.0345408
7.07457 0.0345408
7.07457 0.0345408
7.07488 0.0348558
7.07488 0.0345363
7.07488 0.0345363
7.07601 0.0760007
7.07649 0.07647
7.07681 0.0767895
7.07713 0.077109
7.07745 0.0774285
7.07783 0.0778102
7.07815 0.0781392
7.07856 0.0785425
7.07988 0.0798574
7.08178 0.0817632
7.08288 0.0828603
7.0832 0.0831798
7.08386 0.0838414
7.08884 0.0888266
7.09094 0.090919
7.09278 0.0927626
7.09462 0.0946062
7.09475 0.0347379
7.09475 0.0347379
7.09475 0.0347379
7.09488 0.0348663
7.09488 0.0345468
7.09488 0.0345468
7.09644 0.0964266
7.09798 0.0979592
7.09904 0.0990252
7.09936 0.0993447
7.10127 0.101251
7.10246 0.102447
7.10399 0.103974
7.10493 0.104915
7.10749 0.107474
7.10871 0.108696
7.11018 0.110166
7.1105 0.110485
7.11468 0.114662
7.11481 0.0348079
7.11481 0.0348079
7.11481 0.0348079
7.11494 0.0349363
7.11494 0.0346168
7.11494 0.0346168
7.11529 0.115269
7.11642 0.116397
7.11745 0.117432
7.11948 0.119463
7.12549 0.125474
7.13474 0.0347213
7.13487 0.0345302
7.13487 0.0345302
7.13487 0.0345302
7.13518 0.0348452
7.13518 0.0345257
7.13518 0.0345257
7.13696 0.0369461
7.13728 0.137265
7.13773 0.0377095
7.14134 0.0413261
7.14284 0.0428275
7.14326 0.0432273
7.14358 0.0435492
7.14443 0.0444081
7.14562 0.0455986
7.14615 0.0461529
7.14731 0.0472951
7.14766 0.0476327
7.14804 0.0480191
7.14886 0.148844
7.15015 0.0501283
7.15047 0.0504478
7.15181 0.0517808
7.15213 0.0521133
7.15245 0.0524328
7.15277 0.152751
7.15315 0.053134
7.15394 0.0539201
7.1546 0.0545817
7.15473 0.034716
7.15473 0.034716
7.15473 0.034716
7.15486 0.0348443
7.15486 0.0345248
7.15486 0.0345248
7.15542 0.155406
7.15599 0.155974
7.15631 0.0562947
7.16198 0.0619641
7.1623 0.0622836
7.16262 0.0626031
7.16262 0.0626031
7.16319 0.0631584
7.16351 0.0634779
7.16495 0.0649302
7.16604 0.0660143
7.16646 0.0664271
7.16721 0.0671821
7.16753 0.0675146
7.16753 0.0675016
7.16753 0.0675146
7.16785 0.0678341
7.17097 0.070953
7.17129 0.0712725
7.17279 0.0727739
7.1733 0.0732801
7.17402 0.0740039
7.17455 0.0345257
7.17455 0.0345257
7.17455 0.0345257
7.17487 0.0348407
7.17487 0.0345212
7.17487 0.0345212
7.176 0.0759856
7.17647 0.0764549
7.17679 0.0767744
7.17711 0.0770939
7.17743 0.0774134
7.17781 0.0777952
7.17813 0.0781017
7.17854 0.0785275
7.17989 0.0798734
7.1818 0.0817792
7.18286 0.0828452
7.18318 0.0831647
7.18384 0.0838264
7.18883 0.0888115
7.19092 0.0909039
7.19276 0.0927475
7.19461 0.0945911
7.19474 0.0347229
7.19474 0.0347229
7.19474 0.0347229
7.19487 0.0348513
7.19487 0.0345317
7.19487 0.0345317
7.19643 0.0964116
7.19799 0.0979753
7.19906 0.0990413
7.19906 0.0990413
7.20128 0.101258
7.20247 0.102454
7.204 0.103981
7.20494 0.104923
7.20747 0.107451
7.20869 0.108672
7.21019 0.110174
7.21051 0.110493
7.21469 0.114669
7.21482 0.0347844
7.21482 0.0347844
7.21482 0.0347844
7.21494 0.0349128
7.21494 0.0345933
7.21494 0.0345933
7.21526 0.115246
7.21642 0.116405
7.21746 0.11744
7.21952 0.119501
7.22547 0.125451
7.23475 0.0347289
7.23487 0.0345378
7.23487 0.0345378
7.23487 0.0345378
7.23519 0.0348528
7.23519 0.0345333
7.23519 0.0345333
7.23697 0.0369537
7.23729 0.137272
7.23773 0.0377171
7.24132 0.0413026
7.24285 0.0428351
7.24323 0.0432125
7.24355 0.0435516
7.2444 0.0443846
7.24562 0.0456061
7.24616 0.0461364
7.24732 0.0473027
7.24764 0.0476178
7.24802 0.0480076
7.24887 0.148851
7.25012 0.0501048
7.25044 0.0504243
7.25182 0.051797
7.25214 0.0521209
7.25246 0.0524404
7.25278 0.152759
7.25316 0.0531416
7.25391 0.0538966
7.25461 0.0545893
7.25473 0.0347235
7.25473 0.0347235
7.25473 0.0347235
7.25486 0.0348519
7.25486 0.0345324
7.25486 0.0345324
7.25543 0.155414
7.256 0.155982
7.25632 0.0563023
7.26199 0.0619717
7.26231 0.0622912
7.26263 0.0626107
7.26263 0.0626107
7.26316 0.0631436
7.26348 0.0634631
7.26495 0.0649378
7.26602 0.0659994
7.26646 0.0664433
7.26722 0.0671983
7.26754 0.0675222
7.26754 0.0675178
7.26754 0.0675222
7.26786 0.0678417
7.27098 0.0709606
7.2713 0.0712801
7.2728 0.0727815
7.2733 0.0732877
7.27403 0.0740115
7.27456 0.0345333
7.27456 0.0345333
7.27456 0.0345333
7.27488 0.0348483
7.27488 0.0345288
7.27488 0.0345288
7.276 0.0759932
7.27648 0.0764625
7.2768 0.076782
7.27712 0.0771015
7.27744 0.077421
7.27782 0.0778027
7.27814 0.0781179
7.27855 0.0785351
7.2799 0.079881
7.28177 0.0817557
7.28287 0.0828528
7.28319 0.0831723
7.28385 0.083834
7.2888 0.088788
7.29093 0.0909115
7.29277 0.0927551
7.29462 0.0945987
7.29474 0.0347304
7.29474 0.0347304
7.29474 0.0347304
7.29487 0.0348588
7.29487 0.0345393
7.29487 0.0345393
7.29644 0.0964192
7.298 0.0979828
7.29907 0.0990488
7.29907 0.0990488
7.30128 0.101266
7.30244 0.102431
7.30397 0.103958
7.30492 0.104899
7.30747 0.107458
7.3087 0.10868
7.3102 0.110181
7.31052 0.110501
7.31469 0.114677
7.31482 0.034792
7.31482 0.034792
7.31482 0.034792
7.31495 0.0349204
7.31495 0.0346008
7.31495 0.0346008
7.31527 0.115253
7.31643 0.116413
7.31746 0.117448
7.31949 0.119478
7.32547 0.125458
7.33475 0.0347365
7.33488 0.0345454
7.33488 0.0345454
7.33488 0.0345454
7.3352 0.0348604
7.3352 0.0345409
7.3352 0.0345409
7.33698 0.0369613
7.3373 0.13728
7.33774 0.0377247
7.34133 0.0413101
7.34286 0.0428427
7.34324 0.0432287
7.34356 0.043554
7.34441 0.0443922
7.34563 0.0456137
7.34617 0.0461511
7.34729 0.0472792
7.34765 0.0476341
7.34806 0.0480273
7.34888 0.148859
7.35013 0.0501124
7.35045 0.0504319
7.35179 0.0517821
7.35211 0.0520974
7.35243 0.0524169
7.35278 0.152767
7.35313 0.0531181
7.35392 0.0539042
7.35461 0.0545969
7.35474 0.0347311
7.35474 0.0347311
7.35474 0.0347311
7.35487 0.0348595
7.35487 0.03454
7.35487 0.03454
7.35544 0.155421
7.35601 0.15599
7.35633 0.0563099
7.36199 0.0619793
7.36231 0.0622988
7.36263 0.0626183
7.36263 0.0626183
7.36317 0.0631598
7.36349 0.0634793
7.36493 0.0649143
7.366 0.0659845
7.36644 0.0664285
7.36719 0.0671834
7.36751 0.0674987
7.36751 0.0675029
7.36751 0.0674987
7.36783 0.0678182
7.37095 0.070937
7.37127 0.0712566
7.3728 0.0727891
7.37328 0.0732641
7.374 0.073988
7.37457 0.0345409
7.37457 0.0345409
7.37457 0.0345409
7.37488 0.0348559
7.37488 0.0345364
7.37488 0.0345364
7.37601 0.0760008
7.37649 0.0764701
7.37681 0.0767896
7.37712 0.0771091
7.37744 0.0774286
7.37783 0.0778103
7.37815 0.0781341
7.37856 0.0785427
7.37987 0.0798575
7.38178 0.0817633
7.38285 0.0828293
7.38316 0.0831488
7.38386 0.0838416
7.38881 0.0887956
7.39093 0.0909191
7.39278 0.0927627
7.39462 0.0946063
7.39475 0.034738
7.39475 0.034738
7.39475 0.034738
7.39488 0.0348664
7.39488 0.0345469
7.39488 0.0345469
7.39644 0.0964268
7.39798 0.0979593
7.39904 0.0990253
7.39936 0.0993448
7.40127 0.101251
7.40246 0.102447
7.40399 0.103974
7.40493 0.104915
7.40749 0.107474
7.40871 0.108696
7.41018 0.110166
7.4105 0.110486
7.41471 0.114693
7.41484 0.034808
7.41484 0.034808
7.41484 0.034808
7.41497 0.0349364
7.41497 0.0346169
7.41497 0.0346169
7.41529 0.115269
7.41641 0.116398
7.41748 0.117464
7.41951 0.119494
7.42549 0.125474
7.43474 0.0347214
7.43486 0.0345303
7.43486 0.0345303
7.43486 0.0345303
7.43518 0.0348453
7.43518 0.0345258
7.43518 0.0345258
7.43696 0.0369462
7.43728 0.137265
7.43772 0.0377097
7.44134 0.0413262
7.44284 0.0428277
7.44322 0.0432223
7.44354 0.0435338
7.44442 0.0444083
7.44561 0.0455987
7.44615 0.0461432
7.44731 0.0472952
7.44763 0.0476276
7.44804 0.0480244
7.44886 0.148844
7.45011 0.0500974
7.45043 0.0504169
7.45178 0.0517757
7.4521 0.0520823
7.45242 0.0524018
7.45277 0.152752
7.45315 0.0531341
7.45394 0.0539202
7.4546 0.0545819
7.45473 0.0347161
7.45473 0.0347161
7.45473 0.0347161
7.45485 0.0348445
7.45485 0.034525
7.45485 0.034525
7.45542 0.155406
7.45599 0.155974
7.45631 0.0562948
7.46198 0.0619642
7.4623 0.0622837
7.46262 0.0626032
7.46262 0.0626032
7.46316 0.0631534
7.46347 0.0634729
7.46495 0.0649303
7.46598 0.0659781
7.46642 0.0664221
7.46718 0.067177
7.4675 0.0674836
7.4675 0.0674965
7.4675 0.0674836
7.46782 0.0678031
7.47097 0.0709531
7.47129 0.0712726
7.47279 0.0727741
7.4733 0.0732802
7.47402 0.0740041
7.47455 0.0345258
7.47455 0.0345258
7.47455 0.0345258
7.47487 0.0348408
7.47487 0.0345213
7.47487 0.0345213
7.47599 0.0759857
7.47647 0.076455
7.47679 0.0767746
7.47711 0.0770941
7.47743 0.0774136
7.47781 0.0777953
7.47813 0.0781277
7.47854 0.0785276
7.47989 0.0798735
7.48179 0.0817794
7.48286 0.0828454
7.48318 0.0831649
7.48384 0.0838265
7.48883 0.0888116
7.49092 0.0909041
7.49276 0.0927477
7.49461 0.0945913
7.49473 0.034723
7.49473 0.034723
7.49473 0.034723
7.49486 0.0348514
7.49486 0.0345319
7.49486 0.0345319
7.49643 0.0964117
7.49799 0.0979754
7.49906 0.0990414
7.49906 0.0990414
7.50127 0.101258
7.50246 0.102454
7.50396 0.10395
7.50494 0.104923
7.50747 0.107451
7.50869 0.108672
7.51019 0.110174
7.51051 0.110493
7.51468 0.11467
7.51481 0.0347845
7.51481 0.0347845
7.51481 0.0347845
7.51494 0.0349129
7.51494 0.0345934
7.51494 0.0345934
7.51526 0.115246
7.51642 0.116405
7.51745 0.11744
7.51949 0.11947
7.52547 0.125451
7.53474 0.034729
7.53487 0.0345379
7.53487 0.0345379
7.53487 0.0345379
7.53519 0.0348529
7.53519 0.0345334
7.53519 0.0345334
7.53697 0.0369538
7.53729 0.137273
7.53773 0.0377173
7.54132 0.0413027
7.54285 0.0428352
7.54326 0.0432385
7.54358 0.0435673
7.5444 0.0443847
7.54562 0.0456063
7.54619 0.0461578
7.54732 0.0473028
7.54764 0.0476128
7.54802 0.048013
7.54887 0.148851
7.55012 0.0501049
7.55044 0.0504244
7.55182 0.0517919
7.55214 0.052121
7.55245 0.0524405
7.55277 0.152759
7.55316 0.0531417
7.55391 0.0538967
7.5546 0.0545894
7.55473 0.0347237
7.55473 0.0347237
7.55473 0.0347237
7.55486 0.0348521
7.55486 0.0345325
7.55486 0.0345325
7.55543 0.155414
7.556 0.155982
7.55632 0.0563024
7.56199 0.0619718
7.56231 0.0622913
7.56262 0.0626108
7.56262 0.0626108
7.56319 0.0631696
7.56351 0.0634891
7.56495 0.0649379
7.56602 0.0659944
7.56646 0.0664383
7.56722 0.0671933
7.56754 0.0675223
7.56754 0.0675128
7.56754 0.0675223
7.56786 0.0678418
7.57097 0.0709607
7.57129 0.0712802
7.5728 0.0727816
7.5733 0.0732878
7.57403 0.0740116
7.57456 0.0345334
7.57456 0.0345334
7.57456 0.0345334
7.57487 0.0348484
7.57487 0.0345289
7.57487 0.0345289
7.576 0.0759933
7.57648 0.0764626
7.5768 0.0767821
7.57712 0.0771016
7.57744 0.0774212
7.57782 0.0778029
7.57814 0.0781128
7.57855 0.0785352
7.5799 0.0798811
7.58177 0.0817558
7.58287 0.0828529
7.58319 0.0831725
7.58385 0.0838341
7.5888 0.0887881
7.59093 0.0909116
7.59277 0.0927553
7.59461 0.0945989
7.59474 0.0347306
7.59474 0.0347306
7.59474 0.0347306
7.59487 0.034859
7.59487 0.0345394
7.59487 0.0345394
7.59643 0.0964193
7.598 0.097983
7.59906 0.099049
7.59906 0.099049
7.60128 0.101266
7.60244 0.102431
7.60397 0.103958
7.60491 0.104899
7.60747 0.107458
7.60869 0.10868
7.6102 0.110181
7.61051 0.110501
7.61469 0.114677
7.61482 0.0347921
7.61482 0.0347921
7.61482 0.0347921
7.61495 0.0349205
7.61495 0.034601
7.61495 0.034601
7.61527 0.115253
7.61643 0.116413
7.61746 0.117448
7.61949 0.119478
7.62547 0.125458
7.63475 0.0347366
7.63488 0.0345455
7.63488 0.0345455
7.63488 0.0345455
7.63519 0.0348605
7.63519 0.034541
7.63519 0.034541
7.63697 0.0369614
7.63729 0.13728
7.63774 0.0377248
7.64132 0.0413103
7.64286 0.0428428
7.64324 0.0432236
7.64356 0.0435386
7.64441 0.0443923
7.64563 0.0456138
7.64616 0.0461414
7.64729 0.0472793
7.64764 0.047629
7.64806 0.0480327
7.64887 0.148859
7.65013 0.0501125
7.65045 0.050432
7.65179 0.0517771
7.65211 0.0520975
7.65243 0.052417
7.65278 0.152767
7.65313 0.0531182
7.65392 0.0539043
7.65461 0.054597
7.65474 0.0347312
7.65474 0.0347312
7.65474 0.0347312
7.65487 0.0348596
7.65487 0.0345401
7.65487 0.0345401
7.65544 0.155421
7.656 0.15599
7.65632 0.05631
7.66199 0.0619794
7.66231 0.0622989
7.66263 0.0626184
7.66263 0.0626184
7.66317 0.0631547
7.66349 0.0634742
7.66493 0.0649144
7.66599 0.0659795
7.66644 0.0664234
7.66719 0.0671784
7.66751 0.0674988
7.66751 0.0674979
7.66751 0.0674988
7.66783 0.0678183
7.67095 0.0709372
7.67127 0.0712567
7.6728 0.0727892
7.67328 0.0732643
7.674 0.0739881
7.67457 0.034541
7.67457 0.034541
7.67457 0.034541
7.67488 0.034856
7.67488 0.0345365
7.67488 0.0345365
7.67601 0.0760009
7.67648 0.0764702
7.6768 0.0767897
7.67712 0.0771092
7.67744 0.0774287
7.67782 0.0778105
7.67814 0.0781291
7.67856 0.0785428
7.67987 0.0798576
7.68178 0.0817634
7.68284 0.0828294
7.68316 0.0831489
7.68385 0.0838417
7.68881 0.0887957
7.69093 0.0909192
7.69274 0.0927317
7.69462 0.0946064
7.69475 0.0347382
7.69475 0.0347382
7.69475 0.0347382
7.69488 0.0348665
7.69488 0.034547
7.69488 0.034547
7.69644 0.0964269
7.69797 0.0979595
7.69904 0.0990255
7.69936 0.099345
7.70126 0.101251
7.70245 0.102447
7.70399 0.103974
7.70493 0.104915
7.70749 0.107474
7.70871 0.108696
7.71018 0.110166
7.7105 0.110486
7.71471 0.114693
7.71483 0.0348081
7.71483 0.0348081
7.71483 0.0348081
7.71496 0.0349365
7.71496 0.034617
7.71496 0.034617
7.71528 0.11527
7.71641 0.116398
7.71748 0.117464
7.71951 0.119494
7.72549 0.125474
7.73473 0.0347216
7.73486 0.0345304
7.73486 0.0345304
7.73486 0.0345304
7.73518 0.0348455
7.73518 0.0345259
7.73518 0.0345259
7.73696 0.0369464
7.73728 0.137265
7.73772 0.0377098
7.74134 0.0413263
7.74284 0.0428278
7.74322 0.0432172
7.74354 0.0435183
7.74442 0.0444084
7.74561 0.0455988
7.74618 0.0461645
7.74731 0.0472953
7.74763 0.0476226
7.74804 0.0480297
7.74886 0.148844
7.75011 0.0500975
7.75043 0.050417
7.75181 0.0518018
7.75213 0.0521135
7.75245 0.052433
7.75276 0.152752
7.75315 0.0531343
7.75393 0.0539203
7.75459 0.054582
7.75472 0.0347162
7.75472 0.0347162
7.75472 0.0347162
7.75485 0.0348446
7.75485 0.0345251
7.75485 0.0345251
7.75542 0.155406
7.75599 0.155975
7.75631 0.0562949
7.76198 0.0619643
7.7623 0.0622838
7.76262 0.0626034
7.76262 0.0626034
7.76315 0.0631483
7.76347 0.0634678
7.76494 0.0649304
7.76601 0.0660042
7.76645 0.0664481
7.76718 0.067172
7.7675 0.0674837
7.7675 0.0674915
7.7675 0.0674837
7.76782 0.0678032
7.77097 0.0709532
7.77129 0.0712727
7.77279 0.0727742
7.77329 0.0732803
7.77402 0.0740042
7.77455 0.0345259
7.77455 0.0345259
7.77455 0.0345259
7.77486 0.034841
7.77486 0.0345214
7.77486 0.0345214
7.77599 0.0759858
7.77647 0.0764552
7.77679 0.0767747
7.77711 0.0770942
7.77743 0.0774137
7.77784 0.0778265
7.77816 0.0781538
7.77854 0.0785277
7.77989 0.0798737
7.78179 0.0817795
7.78286 0.0828455
7.78318 0.083165
7.78384 0.0838266
7.78882 0.0888117
7.79092 0.0909042
7.79276 0.0927478
7.7946 0.0945914
7.79473 0.0347231
7.79473 0.0347231
7.79473 0.0347231
7.79486 0.0348515
7.79486 0.034532
7.79486 0.034532
7.79642 0.0964118
7.79799 0.0979755
7.79905 0.0990415
7.79905 0.0990415
7.80127 0.101258
7.80246 0.102454
7.80396 0.10395
7.80494 0.104923
7.80746 0.107451
7.80868 0.108672
7.81019 0.110174
7.81051 0.110493
7.81468 0.11467
7.81481 0.0347846
7.81481 0.0347846
7.81481 0.0347846
7.81494 0.034913
7.81494 0.0345935
7.81494 0.0345935
7.81526 0.115246
7.81642 0.116405
7.81745 0.11744
7.81948 0.11947
7.82546 0.125451
7.83474 0.0347291
7.83487 0.034538
7.83487 0.034538
7.83487 0.034538
7.83518 0.034853
7.83518 0.0345335
7.83518 0.0345335
7.83697 0.0369539
7.83729 0.137273
7.83773 0.0377174
7.84131 0.0413028
7.84285 0.0428354
7.84326 0.0432335
7.84358 0.0435519
7.8444 0.0443849
7.84562 0.0456064
7.84616 0.0461481
7.84731 0.0473029
7.84767 0.0476388
7.84805 0.0480183
7.84886 0.148852
7.85012 0.0501051
7.85044 0.0504246
7.85181 0.0517869
7.85213 0.0521211
7.85245 0.0524406
7.85277 0.152759
7.85315 0.0531418
7.85391 0.0538968
7.8546 0.0545896
7.85473 0.0347238
7.85473 0.0347238
7.85473 0.0347238
7.85486 0.0348522
7.85486 0.0345327
7.85486 0.0345327
7.85543 0.155414
7.85599 0.155982
7.85631 0.0563025
7.86198 0.0619719
7.8623 0.0622914
7.86262 0.0626109
7.86262 0.0626109
7.86319 0.0631645
7.86351 0.0634841
7.86495 0.064938
7.86602 0.0659893
7.86646 0.0664332
7.86721 0.0671882
7.86753 0.0675224
7.86753 0.0675077
7.86753 0.0675224
7.86785 0.0678419
7.87097 0.0709608
7.87129 0.0712803
7.87279 0.0727818
7.8733 0.0732879
7.87402 0.0740118
7.87456 0.0345335
7.87456 0.0345335
7.87456 0.0345335
7.87487 0.0348485
7.87487 0.034529
7.87487 0.034529
7.876 0.0759934
7.87647 0.0764628
7.87679 0.0767823
7.87711 0.0771018
7.87743 0.0774213
7.87781 0.077803
7.87813 0.0781078
7.87855 0.0785353
7.87989 0.0798813
7.88177 0.081756
7.88286 0.0828531
7.88318 0.0831726
7.88385 0.0838342
7.8888 0.0887882
7.89092 0.0909118
7.89277 0.0927554
7.89461 0.094599
7.89474 0.0347307
7.89474 0.0347307
7.89474 0.0347307
7.89487 0.0348591
7.89487 0.0345396
7.89487 0.0345396
7.89643 0.0964194
7.89799 0.0979831
7.89906 0.0990491
7.89906 0.0990491
7.90128 0.101266
7.90244 0.102431
7.90397 0.103958
7.90491 0.104899
7.90747 0.107458
7.90869 0.10868
7.91019 0.110181
7.91051 0.110501
7.91469 0.114677
7.91482 0.0347922
7.91482 0.0347922
7.91482 0.0347922
7.91495 0.0349206
7.91495 0.0346011
7.91495 0.0346011
7.91527 0.115254
7.91642 0.116413
7.91746 0.117448
7.91949 0.119478
7.92547 0.125458
7.93475 0.0347367
7.93488 0.0345456
7.93488 0.0345456
7.93488 0.0345456
7.93519 0.0348606
7.93519 0.0345411
7.93519 0.0345411
7.93697 0.0369615
7.93729 0.13728
7.93774 0.037725
7.94132 0.0413104
7.94285 0.042843
7.94324 0.0432186
7.94355 0.0435543
7.9444 0.0443924
7.94562 0.045614
7.94619 0.0461628
7.94729 0.0472794
7.94764 0.0476239
7.94802 0.0480069
7.94887 0.148859
7.95012 0.0501126
7.95044 0.0504322
7.95179 0.051772
7.95211 0.0520976
7.95243 0.0524171
7.95278 0.152767
7.95313 0.0531183
7.95392 0.0539044
7.95461 0.0545971
7.95474 0.0347314
7.95474 0.0347314
7.95474 0.0347314
7.95486 0.0348598
7.95486 0.0345403
7.95486 0.0345403
7.95543 0.155421
7.956 0.15599
7.95632 0.0563101
7.96199 0.0619795
7.96231 0.062299
7.96263 0.0626185
7.96263 0.0626185
7.96317 0.0631497
7.96349 0.0634692
7.96493 0.0649145
7.96602 0.0660055
7.96647 0.0664495
7.96719 0.0671733
7.96751 0.0674989
7.96751 0.0674928
7.96751 0.0674989
7.96783 0.0678184
7.97095 0.0709373
7.97127 0.0712568
7.9728 0.0727894
7.97328 0.0732644
7.974 0.0739882
7.97456 0.0345411
7.97456 0.0345411
7.97456 0.0345411
7.97488 0.0348561
7.97488 0.0345366
7.97488 0.0345366
7.97601 0.076001
7.97648 0.0764703
7.9768 0.0767898
7.97712 0.0771094
7.97744 0.0774289
7.97782 0.0778106
7.97814 0.078124
7.97855 0.0785429
7.97987 0.0798577
7.98177 0.0817635
7.98284 0.0828296
7.98316 0.0831491
7.98385 0.0838418
7.98881 0.0887958
7.99093 0.0909194
7.99274 0.0927319
7.99462 0.0946066
7.99475 0.0347383
7.99475 0.0347383
7.99475 0.0347383
7.99487 0.0348667
7.99487 0.0345472
7.99487 0.0345472
7.99644 0.096427
7.99797 0.0979596
7.99904 0.0990256
7.99936 0.0993451
8.00126 0.101251
8.00245 0.102447
8.00398 0.103974
8.00493 0.104921
8.00746 0.107449
8.00871 0.108702
8.01018 0.110172
8.0105 0.110492
8.01471 0.114699
8.01484 0.034814
8.01484 0.034814
8.01484 0.034814
8.01497 0.0349424
8.01497 0.0346229
8.01497 0.0346229
8.01529 0.115275
8.01641 0.116404
8.01748 0.11747
8.01951 0.1195
8.02546 0.125449
8.03474 0.0347274
8.03518 0.0345278
8.03518 0.0345278
8.03699 0.0369794
8.03731 0.137298
8.03772 0.0377117
8.04134 0.0413282
8.04284 0.0428297
8.04325 0.0432451
8.04357 0.0435669
8.04442 0.0444103
8.04561 0.0456007
8.04618 0.0461566
8.04731 0.0472972
8.04763 0.0476193
8.04804 0.0480368
8.04886 0.148846
8.05014 0.0501305
8.05046 0.05045
8.05181 0.0517985
8.05213 0.0521154
8.05244 0.0524349
8.05276 0.152754
8.05315 0.0531362
8.05393 0.0539222
8.05462 0.054615
8.05475 0.0347492
8.05475 0.0347492
8.05475 0.0347492
8.05488 0.0348776
8.05488 0.0345581
8.05488 0.0345581
8.05542 0.155408
8.05602 0.156008
8.05634 0.0563279
8.06198 0.0619662
8.0623 0.0622857
8.06262 0.0626052
8.06262 0.0626052
8.06318 0.0631761
8.0635 0.0634956
8.06494 0.0649323
8.06601 0.0660009
8.06645 0.0664448
8.06721 0.0671998
8.06753 0.0675167
8.06753 0.0675193
8.06753 0.0675167
8.06785 0.0678362
8.07097 0.0709551
8.07128 0.0712746
8.07279 0.0727761
8.07329 0.0732822
8.07402 0.0740061
8.07455 0.0345278
8.07455 0.0345278
8.07455 0.0345278
8.07486 0.0348428
8.07486 0.0345233
8.07486 0.0345233
8.07599 0.0759877
8.07647 0.0764571
8.07679 0.0767766
8.07711 0.0770961
8.07743 0.0774156
8.07781 0.0777973
8.07813 0.0781194
8.07854 0.0785296
8.07989 0.0798756
8.08179 0.0817814
8.08286 0.0828474
8.08318 0.0831669
8.08384 0.0838285
8.08879 0.0887825
8.09092 0.0909061
8.09276 0.0927497
8.0946 0.0945933
8.09473 0.034725
8.09473 0.034725
8.09473 0.034725
8.09486 0.0348534
8.09486 0.0345339
8.09486 0.0345339
8.09642 0.0964137
8.09799 0.0979774
8.09905 0.0990434
8.09905 0.0990434
8.10127 0.10126
8.10246 0.102456
8.10396 0.103952
8.1049 0.104894
8.10746 0.107453
8.10868 0.108674
8.11019 0.110176
8.11051 0.110495
8.11468 0.114672
8.11481 0.0347865
8.11481 0.0347865
8.11481 0.0347865
8.11494 0.0349149
8.11494 0.0345954
8.11494 0.0345954
8.11526 0.115248
8.11642 0.116407
8.11745 0.117442
8.11948 0.119472
8.12546 0.125453
8.13474 0.034731
8.13487 0.0345399
8.13487 0.0345399
8.13487 0.0345399
8.13518 0.0348549
8.13518 0.0345354
8.13518 0.0345354
8.13697 0.0369558
8.13728 0.137275
8.13773 0.0377193
8.14131 0.0413047
8.14285 0.0428373
8.14326 0.0432302
8.14358 0.0435693
8.1444 0.0443868
8.14562 0.0456083
8.14619 0.0461713
8.14731 0.0473048
8.14766 0.0476355
8.14805 0.0480254
8.14886 0.148854
8.15012 0.050107
8.15044 0.0504265
8.15184 0.0518147
8.15216 0.0521541
8.15248 0.0524736
8.1528 0.152792
8.15312 0.0531126
8.15391 0.0538987
8.1546 0.0545915
8.15473 0.0347257
8.15473 0.0347257
8.15473 0.0347257
8.15486 0.0348541
8.15486 0.0345346
8.15486 0.0345346
8.15543 0.155416
8.15599 0.155984
8.15631 0.0563044
8.16198 0.0619738
8.1623 0.0622933
8.16262 0.0626128
8.16262 0.0626128
8.16319 0.0631613
8.16351 0.0634808
8.16495 0.0649399
8.16602 0.065986
8.16646 0.06643
8.16721 0.0671849
8.16753 0.0675243
8.16753 0.0675044
8.16753 0.0675243
8.16785 0.0678438
8.17097 0.0709627
8.17129 0.0712822
8.17276 0.0727526
8.1733 0.0732898
8.17402 0.0740137
8.17456 0.0345354
8.17456 0.0345354
8.17456 0.0345354
8.17487 0.0348504
8.17487 0.0345309
8.17487 0.0345309
8.176 0.0759953
8.17647 0.0764646
8.17679 0.0767842
8.17711 0.0771037
8.17743 0.0774232
8.17778 0.0777738
8.1781 0.0780734
8.17855 0.0785372
8.17986 0.079852
8.1818 0.081789
8.18286 0.082855
8.18318 0.0831745
8.18381 0.083805
8.18877 0.088759
8.19092 0.0909137
8.19274 0.0927262
8.19458 0.0945698
8.19471 0.0347015
8.19471 0.0347015
8.19471 0.0347015
8.19487 0.034861
8.19487 0.0345415
8.19487 0.0345415
8.19643 0.0964213
8.19799 0.097985
8.19906 0.099051
8.19938 0.0993705
8.20129 0.101276
8.20244 0.102441
8.20398 0.103968
8.20489 0.104879
8.20745 0.107438
8.20867 0.108659
8.21017 0.110161
8.21049 0.11048
8.2147 0.114688
8.21483 0.0348026
8.21483 0.0348026
8.21483 0.0348026
8.21495 0.034931
8.21495 0.0346114
8.21495 0.0346114
8.21527 0.115264
8.2164 0.116392
8.21747 0.117458
8.2195 0.119488
8.22545 0.125438
8.23472 0.034716
8.23485 0.0345249
8.23485 0.0345249
8.23485 0.0345249
8.23517 0.0348399
8.23517 0.0345204
8.23517 0.0345204
8.23695 0.0369408
8.23727 0.137259
8.23771 0.0377042
8.2413 0.0412896
8.24283 0.0428222
8.24324 0.0432238
8.24356 0.0435491
8.24441 0.0444028
8.24563 0.0456243
8.24617 0.0461633
8.2473 0.0472898
8.24765 0.0476291
8.24803 0.0480225
8.24885 0.148838
8.25013 0.050123
8.25045 0.0504425
8.25183 0.0518083
8.25215 0.0521391
8.25247 0.0524586
8.25279 0.152777
8.25314 0.0531287
8.25392 0.0539148
8.25458 0.0545764
8.25471 0.0347106
8.25471 0.0347106
8.25471 0.0347106
8.25484 0.034839
8.25484 0.0345195
8.25484 0.0345195
8.25544 0.155432
8.25598 0.155969
8.2563 0.0562894
8.26197 0.0619588
8.26229 0.0622783
8.26261 0.0625978
8.26261 0.0625978
8.26317 0.0631549
8.26349 0.0634744
8.26493 0.0649249
8.26603 0.0660107
8.26644 0.0664235
8.2672 0.0671785
8.26752 0.0675093
8.26752 0.067498
8.26752 0.0675093
8.26784 0.0678288
8.27096 0.0709476
8.27128 0.0712672
8.27278 0.0727686
8.27328 0.0732747
8.27401 0.0739986
8.27454 0.0345204
8.27454 0.0345204
8.27454 0.0345204
8.27485 0.0348354
8.27485 0.0345159
8.27485 0.0345159
8.27598 0.0759803
8.27646 0.0764496
8.27678 0.0767691
8.2771 0.0770886
8.27742 0.0774081
8.2778 0.0777898
8.27812 0.0780981
8.27853 0.0785222
8.27988 0.0798681
8.28178 0.0817739
8.28285 0.0828399
8.28317 0.0831594
8.28383 0.0838211
8.28878 0.0887751
8.29094 0.0909297
8.29275 0.0927422
8.29456 0.0945547
8.29469 0.0346864
8.29469 0.0346864
8.29469 0.0346864
8.29485 0.0348459
8.29485 0.0345264
8.29485 0.0345264
8.29641 0.0964063
8.29801 0.098001
8.29908 0.099067
8.29908 0.099067
8.30129 0.101284
8.30245 0.102449
8.30398 0.103976
8.30489 0.104886
8.30745 0.107445
8.30868 0.108667
8.31018 0.110168
8.3105 0.110488
8.3147 0.114695
8.31483 0.0348101
8.31483 0.0348101
8.31483 0.0348101
8.31496 0.0349385
8.31496 0.034619
8.31496 0.034619
8.31528 0.115272
8.31641 0.1164
8.31747 0.117466
8.3195 0.119496
8.32545 0.125445
8.33473 0.0347236
8.33486 0.0345325
8.33486 0.0345325
8.33486 0.0345325
8.33517 0.0348475
8.33517 0.034528
8.33517 0.034528
8.33696 0.0369484
8.33728 0.137267
8.33772 0.0377118
8.3413 0.0412972
8.34284 0.0428298
8.34322 0.0432089
8.34354 0.0435204
8.34439 0.0443793
8.34561 0.0456008
8.34618 0.0461469
8.3473 0.0472974
8.34766 0.0476454
8.34807 0.0480422
8.34885 0.148846
8.35014 0.0501306
8.35046 0.0504501
8.3518 0.0517934
8.35212 0.0521155
8.35244 0.0524351
8.35276 0.152754
8.35311 0.0531052
8.35393 0.0539223
8.35459 0.054584
8.35472 0.0347182
8.35472 0.0347182
8.35472 0.0347182
8.35485 0.0348466
8.35485 0.0345271
8.35485 0.0345271
8.35542 0.155408
8.35598 0.155977
8.3563 0.056297
8.36197 0.0619664
8.36229 0.0622859
8.36261 0.0626054
8.36261 0.0626054
8.36318 0.0631711
8.3635 0.0634906
8.36494 0.0649325
8.36601 0.0659958
8.36642 0.0664087
8.3672 0.0671947
8.36752 0.0675169
8.36752 0.0675142
8.36752 0.0675169
8.36784 0.0678364
8.37096 0.0709552
8.37128 0.0712747
8.37278 0.0727762
8.37329 0.0732823
8.37401 0.0740062
8.37455 0.034528
8.37455 0.034528
8.37455 0.034528
8.37486 0.034843
8.37486 0.0345235
8.37486 0.0345235
8.37599 0.0759879
8.37646 0.0764572
8.37678 0.0767767
8.3771 0.0770962
8.37742 0.0774157
8.3778 0.0777974
8.37812 0.0781143
8.37854 0.0785297
8.37988 0.0798757
8.38176 0.0817504
8.38286 0.0828475
8.38317 0.083167
8.38381 0.0837976
8.38879 0.0887827
8.39091 0.0909062
8.39276 0.0927498
8.39457 0.0945623
8.3947 0.034694
8.3947 0.034694
8.3947 0.034694
8.39486 0.0348535
8.39486 0.034534
8.39486 0.034534
8.39642 0.0964139
8.39802 0.0980086
8.39905 0.0990435
8.39937 0.099363
8.40128 0.101269
8.40244 0.102434
8.40397 0.103961
8.40491 0.104902
8.40744 0.10743
8.40869 0.108683
8.41019 0.110184
8.41051 0.110504
8.41472 0.114711
8.41485 0.0348262
8.41485 0.0348262
8.41485 0.0348262
8.41498 0.0349546
8.41498 0.0346351
8.41498 0.0346351
8.4153 0.115288
8.41642 0.116416
8.41749 0.117482
8.41952 0.119512
8.42547 0.125461
8.43472 0.0347085
8.43484 0.0345174
8.43484 0.0345174
8.43484 0.0345174
8.43516 0.0348324
8.43516 0.0345129
8.43516 0.0345129
8.43697 0.0369644
8.43729 0.137283
8.4377 0.0376968
8.44132 0.0413133
8.44282 0.0428147
8.44323 0.0432336
8.44355 0.0435313
8.4444 0.0443953
8.44562 0.0456169
8.44619 0.04617
8.44729 0.0472823
8.44764 0.0476389
8.44805 0.0480392
8.44887 0.148862
8.45012 0.0501155
8.45044 0.050435
8.45179 0.051787
8.45211 0.0521005
8.45243 0.05242
8.45278 0.15277
8.45313 0.0531212
8.45391 0.0539073
8.45461 0.0546
8.45474 0.0347343
8.45474 0.0347343
8.45474 0.0347343
8.45486 0.0348627
8.45486 0.0345431
8.45486 0.0345431
8.45543 0.155424
8.456 0.155993
8.45632 0.056313
8.46196 0.0619513
8.46228 0.0622708
8.4626 0.0625903
8.4626 0.0625903
8.46317 0.0631647
8.46348 0.0634842
8.46492 0.0649174
8.46599 0.0659894
8.46643 0.0664334
8.46719 0.0671883
8.46751 0.0675018
8.46751 0.0675078
8.46751 0.0675018
8.46783 0.0678213
8.47095 0.0709402
8.47127 0.0712597
8.47277 0.0727611
8.47327 0.0732673
8.474 0.0739911
8.47453 0.0345129
8.47453 0.0345129
8.47453 0.0345129
8.47488 0.034859
8.47488 0.0345395
8.47488 0.0345395
8.476 0.0760039
8.47648 0.0764732
8.4768 0.0767927
8.47712 0.0771122
8.47744 0.0774318
8.47779 0.0777824
8.47811 0.0781079
8.47852 0.0785147
8.47987 0.0798606
8.48177 0.0817664
8.48284 0.0828324
8.48316 0.083152
8.48382 0.0838136
8.48877 0.0887676
8.49093 0.0909223
8.49274 0.0927348
8.49459 0.0945784
8.49471 0.0347101
8.49471 0.0347101
8.49471 0.0347101
8.49484 0.0348385
8.49484 0.0345189
8.49484 0.0345189
8.49644 0.0964299
8.498 0.0979936
8.49907 0.0990596
8.49907 0.0990596
8.50128 0.101276
8.50244 0.102441
8.50398 0.103968
8.50489 0.104879
8.50744 0.107438
8.50867 0.108659
8.51017 0.110161
8.51049 0.11048
8.51469 0.114688
8.51482 0.0348027
8.51482 0.0348027
8.51482 0.0348027
8.51495 0.0349311
8.51495 0.0346116
8.51495 0.0346116
8.51527 0.115264
8.5164 0.116392
8.51747 0.117458
8.5195 0.119489
8.52544 0.125438
8.53472 0.0347161
8.53485 0.034525
8.53485 0.034525
8.53485 0.034525
8.53517 0.03484
8.53517 0.0345205
8.53517 0.0345205
8.53695 0.0369409
8.53727 0.13726
8.53771 0.0377043
8.5413 0.0412898
8.54283 0.0428223
8.54324 0.0432187
8.54356 0.0435337
8.54441 0.0444029
8.54563 0.0456245
8.54617 0.0461536
8.5473 0.0472899
8.54765 0.0476241
8.54803 0.0480278
8.54885 0.148839
8.55013 0.0501231
8.55045 0.0504426
8.55183 0.0518032
8.55215 0.0521392
8.55246 0.0524587
8.55278 0.152777
8.55313 0.0531288
8.55392 0.0539149
8.55458 0.0545765
8.55471 0.0347107
8.55471 0.0347107
8.55471 0.0347107
8.55484 0.0348391
8.55484 0.0345196
8.55484 0.0345196
8.55544 0.155432
8.55598 0.155969
8.5563 0.0562895
8.56196 0.0619589
8.56228 0.0622784
8.5626 0.0625979
8.5626 0.0625979
8.56317 0.0631498
8.56349 0.0634693
8.56493 0.064925
8.56603 0.0660057
8.56644 0.0664185
8.5672 0.0671734
8.56752 0.0675094
8.56752 0.067493
8.56752 0.0675094
8.56783 0.0678289
8.57095 0.0709478
8.57127 0.0712673
8.57277 0.0727687
8.57328 0.0732749
8.574 0.0739987
8.57454 0.0345205
8.57454 0.0345205
8.57454 0.0345205
8.57485 0.0348355
8.57485 0.034516
8.57485 0.034516
8.57598 0.0759804
8.57646 0.0764497
8.57678 0.0767692
8.57709 0.0770887
8.57741 0.0774082
8.5778 0.07779
8.57812 0.078093
8.57853 0.0785223
8.57987 0.0798682
8.58178 0.081774
8.58285 0.08284
8.58317 0.0831595
8.58383 0.0838212
8.58878 0.0887752
8.59094 0.0909298
8.59275 0.0927423
8.59456 0.0945548
8.59469 0.0346865
8.59469 0.0346865
8.59469 0.0346865
8.59485 0.034846
8.59485 0.0345265
8.59485 0.0345265
8.59641 0.0964064
8.59801 0.0980012
8.59907 0.0990672
8.59907 0.0990672
8.60129 0.101284
8.60245 0.102449
8.60398 0.103976
8.60489 0.104886
8.60745 0.107445
8.60867 0.108667
8.61017 0.110168
8.61049 0.110488
8.6147 0.114695
8.61483 0.0348103
8.61483 0.0348103
8.61483 0.0348103
8.61496 0.0349387
8.61496 0.0346192
8.61496 0.0346192
8.61528 0.115272
8.61641 0.1164
8.61747 0.117466
8.6195 0.119496
8.62545 0.125445
8.63473 0.0347237
8.63486 0.0345326
8.63486 0.0345326
8.63486 0.0345326
8.63517 0.0348476
8.63517 0.0345281
8.63517 0.0345281
8.63695 0.0369485
8.63727 0.137267
8.63772 0.0377119
8.6413 0.0412974
8.64284 0.0428299
8.64325 0.0432349
8.64357 0.0435672
8.64438 0.0443794
8.64561 0.0456009
8.64617 0.0461683
8.6473 0.0472975
8.64765 0.0476403
8.64807 0.0480475
8.64885 0.148846
8.65014 0.0501307
8.65046 0.0504502
8.6518 0.0517884
8.65212 0.0521157
8.65244 0.0524352
8.65276 0.152754
8.65311 0.0531053
8.65393 0.0539225
8.65459 0.0545841
8.65472 0.0346872
8.65472 0.0346872
8.65472 0.0346872
8.65488 0.0348467
8.65488 0.0345272
8.65488 0.0345272
8.65541 0.155408
8.65598 0.155977
8.6563 0.0562971
8.66197 0.0619665
8.66229 0.062286
8.66261 0.0626055
8.66261 0.0626055
8.66318 0.063166
8.6635 0.0634855
8.66494 0.0649326
8.666 0.0659908
8.66645 0.0664347
8.6672 0.0671897
8.66752 0.067517
8.66752 0.0675092
8.66752 0.067517
8.66784 0.0678365
8.67096 0.0709554
8.67128 0.0712749
8.67278 0.0727763
8.67329 0.0732825
8.67401 0.0740063
8.67454 0.0345281
8.67454 0.0345281
8.67454 0.0345281
8.67486 0.0348431
8.67486 0.0345236
8.67486 0.0345236
8.67602 0.075988
8.67646 0.0764573
8.67678 0.0767768
8.6771 0.0770963
8.67742 0.0774158
8.67777 0.0777664
8.67809 0.0780781
8.67853 0.0785299
8.67988 0.0798758
8.68176 0.0817505
8.68285 0.0828476
8.68317 0.0831671
8.6838 0.0837977
8.68879 0.0887828
8.69091 0.0909063
8.69276 0.0927499
8.69457 0.0945624
8.6947 0.0346941
8.6947 0.0346941
8.6947 0.0346941
8.69486 0.0348536
8.69486 0.0345341
8.69486 0.0345341
8.69642 0.096414
8.69801 0.0980087
8.69905 0.0990436
8.69937 0.0993631
8.70127 0.101269
8.70246 0.102434
8.70397 0.103961
8.70491 0.104902
8.70744 0.10743
8.70869 0.108683
8.71019 0.110184
8.71051 0.110504
8.71472 0.114711
8.71484 0.0348263
8.71484 0.0348263
8.71484 0.0348263
8.71497 0.0349547
8.71497 0.0346352
8.71497 0.0346352
8.71529 0.115288
8.71642 0.116416
8.71746 0.117451
8.71952 0.119512
8.72547 0.125461
8.73471 0.0347086
8.73484 0.0345175
8.73484 0.0345175
8.73484 0.0345175
8.73516 0.0348325
8.73516 0.034513
8.73516 0.034513
8.73697 0.0369645
8.73729 0.137283
8.7377 0.0376969
8.74132 0.0413134
8.74282 0.0428149
8.74323 0.0432285
8.74355 0.043547
8.7444 0.0443955
8.74562 0.045617
8.74619 0.0461603
8.74729 0.0472824
8.74764 0.0476339
8.74805 0.0480446
8.74887 0.148862
8.75012 0.0501157
8.75044 0.0504352
8.75182 0.0518131
8.75214 0.0521317
8.75246 0.0524512
8.75278 0.15277
8.75313 0.0531213
8.75391 0.0539074
8.7546 0.0546002
8.75473 0.0347033
8.75473 0.0347033
8.75473 0.0347033
8.75486 0.0348317
8.75486 0.0345122
8.75486 0.0345122
8.75543 0.155424
8.756 0.155993
8.75632 0.0563131
8.76196 0.0619514
8.76228 0.0622709
8.76259 0.0625904
8.76259 0.0625904
8.76316 0.0631596
8.76348 0.0634791
8.76492 0.0649175
8.76599 0.0659844
8.76643 0.0664283
8.76719 0.0671833
8.76751 0.0675019
8.76751 0.0675028
8.76751 0.0675019
8.76783 0.0678214
8.77094 0.0709403
8.77126 0.0712598
8.77277 0.0727613
8.77327 0.0732674
8.774 0.0739913
8.77453 0.034513
8.77453 0.034513
8.77453 0.034513
8.77487 0.0348591
8.77487 0.0345396
8.77487 0.0345396
8.77603 0.076004
8.77648 0.0764734
8.7768 0.0767929
8.77712 0.0771124
8.77744 0.0774319
8.77779 0.0777825
8.77811 0.0781028
8.77852 0.0785148
8.77987 0.0798608
8.78177 0.0817666
8.78284 0.0828326
8.78316 0.0831521
8.78382 0.0838137
8.78877 0.0887677
8.79093 0.0909224
8.79274 0.0927349
8.79458 0.0945785
8.79471 0.0347102
8.79471 0.0347102
8.79471 0.0347102
8.79484 0.0348386
8.79484 0.0345191
8.79484 0.0345191
8.79643 0.09643
8.798 0.0979937
8.79906 0.0990597
8.79906 0.0990597
8.80128 0.101277
8.80247 0.102442
8.80397 0.103968
8.80488 0.104879
8.80744 0.107438
8.80866 0.108659
8.81017 0.110161
8.81048 0.11048
8.81469 0.114688
8.81482 0.0348028
8.81482 0.0348028
8.81482 0.0348028
8.81495 0.0349312
8.81495 0.0346117
8.81495 0.0346117
8.81527 0.115264
8.8164 0.116392
8.81746 0.117458
8.81949 0.119489
8.82544 0.125438
8.83472 0.0347162
8.83485 0.0345251
8.83485 0.0345251
8.83485 0.0345251
8.83516 0.0348401
8.83516 0.0345206
8.83516 0.0345206
8.83694 0.036941
8.83726 0.13726
8.83771 0.0377045
8.84129 0.0412899
8.84283 0.0428224
8.84324 0.0432137
8.84356 0.0435494
8.84441 0.0444031
8.84563 0.0456246
8.8462 0.046175
8.84729 0.04729
8.84764 0.047619
8.84806 0.0480331
8.84884 0.148839
8.85013 0.0501232
8.85045 0.0504428
8.85182 0.0517982
8.85214 0.0521393
8.85246 0.0524588
8.85278 0.152778
8.85313 0.0531289
8.85392 0.053915
8.85458 0.0545766
8.85471 0.0346798
8.85471 0.0346798
8.85471 0.0346798
8.85487 0.0348393
8.85487 0.0345198
8.85487 0.0345198
8.85544 0.155432
8.85597 0.155969
8.85629 0.0562896
8.86196 0.061959
8.86228 0.0622785
8.8626 0.062598
8.8626 0.062598
8.86317 0.0631447
8.86349 0.0634642
8.86493 0.0649251
8.86603 0.0660006
8.86644 0.0664134
8.86719 0.0671684
8.86751 0.0675095
8.86751 0.0674879
8.86751 0.0675095
8.86783 0.067829
8.87095 0.0709479
8.87127 0.0712674
8.87277 0.0727689
8.87328 0.073275
8.874 0.0739988
8.87454 0.0345206
8.87454 0.0345206
8.87454 0.0345206
8.87485 0.0348356
8.87485 0.0345161
8.87485 0.0345161
8.87601 0.0759805
8.87645 0.0764498
8.87677 0.0767693
8.87709 0.0770889
8.87741 0.0774084
8.87779 0.0777901
8.87811 0.078088
8.87853 0.0785224
8.87987 0.0798683
8.88178 0.0817742
8.88284 0.0828402
8.88316 0.0831597
8.88382 0.0838213
8.88878 0.0887753
8.89093 0.09093
8.89275 0.0927425
8.89456 0.094555
8.89469 0.0346867
8.89469 0.0346867
8.89469 0.0346867
8.89485 0.0348462
8.89485 0.0345267
8.89485 0.0345267
8.89641 0.0964065
8.898 0.0980013
8.89907 0.0990673
8.89907 0.0990673
8.90129 0.101284
8.90248 0.102449
8.90398 0.103976
8.90489 0.104886
8.90745 0.107445
8.90867 0.108667
8.91017 0.110168
8.91049 0.110488
8.9147 0.114695
8.91483 0.0348104
8.91483 0.0348104
8.91483 0.0348104
8.91496 0.0349388
8.91496 0.0346193
8.91496 0.0346193
8.91528 0.115272
8.9164 0.1164
8.91747 0.117466
8.9195 0.119496
8.92545 0.125446
8.93473 0.0347238
8.93485 0.0345327
8.93485 0.0345327
8.93485 0.0345327
8.93517 0.0348477
8.93517 0.0345282
8.93517 0.0345282
8.93695 0.0369486
8.93727 0.137267
8.93771 0.037712
8.9413 0.0412975
8.94283 0.04283
8.94325 0.0432299
8.94357 0.0435518
8.94438 0.0443795
8.9456 0.0456011
8.94617 0.0461585
8.9473 0.0472976
8.94765 0.0476352
8.94803 0.0480217
8.94885 0.148846
8.95013 0.0501308
8.95045 0.0504503
8.95183 0.0518144
8.95215 0.0521469
8.95247 0.0524664
8.95279 0.152785
8.95311 0.0531054
8.95393 0.0539226
8.95459 0.0545842
8.95472 0.0346874
8.95472 0.0346874
8.95472 0.0346874
8.95487 0.0348468
8.95487 0.0345273
8.95487 0.0345273
8.95541 0.155409
8.95598 0.155977
8.9563 0.0562972
8.96197 0.0619666
8.96229 0.0622861
8.96261 0.0626056
8.96261 0.0626056
8.96318 0.063161
8.9635 0.0634805
8.96494 0.0649327
8.966 0.0659857
8.96645 0.0664297
8.9672 0.0671846
8.96752 0.0675171
8.96752 0.0675041
8.96752 0.0675171
8.96784 0.0678366
8.97096 0.0709555
8.97128 0.071275
8.97275 0.0727453
8.97329 0.0732826
8.97401 0.0740064
8.97454 0.0345282
8.97454 0.0345282
8.97454 0.0345282
8.97486 0.0348432
8.97486 0.0345237
8.97486 0.0345237
8.97602 0.0759881
8.97646 0.0764574
8.97678 0.0767769
8.9771 0.0770964
8.97742 0.0774159
8.97777 0.0777666
8.97809 0.0780731
8.97853 0.07853
8.97988 0.0798759
8.98175 0.0817506
8.98285 0.0828477
8.98317 0.0831672
8.9838 0.0837978
8.98879 0.0887829
8.99091 0.0909064
8.99275 0.09275
8.99457 0.0945625
8.99469 0.0346632
8.99469 0.0346632
8.99469 0.0346632
8.99488 0.0348537
8.99488 0.0345342
8.99488 0.0345342
8.99642 0.0964141
8.99801 0.0980089
8.99905 0.0990438
8.99937 0.0993633
9.00127 0.101269
9.00246 0.102434
9.00396 0.103961
9.00491 0.104908
9.00744 0.107436
9.00869 0.108689
9.01019 0.11019
9.01051 0.11051
9.01469 0.114686
9.01482 0.0348012
9.01482 0.0348012
9.01482 0.0348012
9.01495 0.0349296
9.01495 0.0346101
9.01495 0.0346101
9.01527 0.115263
9.01642 0.116422
9.01746 0.117457
9.01952 0.119518
9.02544 0.125436
9.03472 0.0347146
9.03516 0.034515
9.03516 0.034515
9.03697 0.0369665
9.03729 0.137285
9.0377 0.0376989
9.04132 0.0413154
9.04282 0.0428169
9.04323 0.0432254
9.04355 0.0435334
9.0444 0.0443975
9.04562 0.045619
9.04616 0.0461525
9.04729 0.0472844
9.04764 0.0476307
9.04808 0.0480518
9.04887 0.148864
9.05012 0.0501177
9.05044 0.0504372
9.05182 0.0518099
9.05214 0.0521337
9.05246 0.0524532
9.05277 0.152772
9.05313 0.0531233
9.05391 0.0539094
9.0546 0.0546022
9.05473 0.0347053
9.05473 0.0347053
9.05473 0.0347053
9.05486 0.0348337
9.05486 0.0345142
9.05486 0.0345142
9.0554 0.155395
9.056 0.155995
9.05632 0.0563151
9.06196 0.0619534
9.06227 0.0622729
9.06259 0.0625924
9.06259 0.0625924
9.06316 0.0631564
9.06348 0.0634759
9.06492 0.0649195
9.06602 0.0660123
9.06643 0.0664251
9.06719 0.0671801
9.06751 0.0675039
9.06751 0.0674996
9.06751 0.0675039
9.06783 0.0678234
9.07094 0.0709423
9.07126 0.0712618
9.07277 0.0727633
9.07327 0.0732694
9.074 0.0739933
9.07453 0.034515
9.07453 0.034515
9.07453 0.034515
9.07484 0.03483
9.07484 0.0345105
9.07484 0.0345105
9.07603 0.076006
9.07648 0.0764754
9.0768 0.0767949
9.07712 0.0771144
9.07744 0.0774339
9.07779 0.0777845
9.07811 0.0780997
9.07852 0.0785168
9.07986 0.0798628
9.08177 0.0817686
9.08284 0.0828346
9.08316 0.0831541
9.08382 0.0838157
9.08877 0.0887697
9.09093 0.0909244
9.09274 0.0927369
9.09455 0.0945494
9.09468 0.03465
9.09468 0.03465
9.09468 0.03465
9.09487 0.0348406
9.09487 0.0345211
9.09487 0.0345211
9.09643 0.096432
9.098 0.0979957
9.09906 0.0990617
9.09906 0.0990617
9.10128 0.101279
9.10247 0.102444
9.10397 0.10397
9.10488 0.104881
9.10744 0.10744
9.10866 0.108661
9.11016 0.110163
9.11048 0.110482
9.11469 0.11469
9.11482 0.0348048
9.11482 0.0348048
9.11482 0.0348048
9.11495 0.0349332
9.11495 0.0346137
9.11495 0.0346137
9.11527 0.115266
9.1164 0.116394
9.11746 0.11746
9.11949 0.119491
9.12544 0.12544
9.13472 0.0347182
9.13485 0.0345271
9.13485 0.0345271
9.13485 0.0345271
9.13516 0.0348421
9.13516 0.0345226
9.13516 0.0345226
9.13694 0.036943
9.13726 0.137262
9.13771 0.0377065
9.14129 0.0412919
9.14283 0.0428245
9.14324 0.0432105
9.14356 0.0435358
9.14441 0.0444051
9.14563 0.0456266
9.1462 0.0461671
9.14729 0.047292
9.14767 0.0476469
9.14806 0.0480404
9.14884 0.148841
9.1501 0.0500941
9.15041 0.0504137
9.15185 0.0518261
9.15217 0.0521724
9.15249 0.0524919
9.15281 0.152811
9.15313 0.0531309
9.15392 0.053917
9.15458 0.0545786
9.15471 0.0346818
9.15471 0.0346818
9.15471 0.0346818
9.15487 0.0348413
9.15487 0.0345218
9.15487 0.0345218
9.15544 0.155434
9.15597 0.155971
9.15629 0.0562916
9.16193 0.0619299
9.16225 0.0622494
9.16257 0.0625689
9.16257 0.0625689
9.1632 0.0631727
9.16352 0.0634922
9.16493 0.0649271
9.16603 0.0659974
9.16644 0.0664103
9.16719 0.0671652
9.16751 0.0675115
9.16751 0.0674847
9.16751 0.0675115
9.16783 0.067831
9.17095 0.0709499
9.17127 0.0712694
9.17274 0.0727398
9.17328 0.073277
9.174 0.0740008
9.17453 0.0345226
9.17453 0.0345226
9.17453 0.0345226
9.17485 0.0348376
9.17485 0.0345181
9.17485 0.0345181
9.17601 0.0759825
9.17645 0.0764518
9.17677 0.0767713
9.17709 0.0770909
9.17741 0.0774104
9.17776 0.077761
9.17808 0.0780537
9.17849 0.0784933
9.17987 0.0798703
9.18178 0.0817762
9.18284 0.0828422
9.18316 0.0831617
9.18379 0.0837922
9.18875 0.0887462
9.19093 0.090932
9.19271 0.0927134
9.19453 0.0945259
9.19466 0.0346265
9.19466 0.0346265
9.19466 0.0346265
9.19488 0.0348482
9.19488 0.0345287
9.19488 0.0345287
9.19641 0.0964085
9.198 0.0980033
9.19907 0.0990693
9.19939 0.0993888
9.2013 0.101295
9.20249 0.10246
9.20396 0.103955
9.20487 0.104866
9.20739 0.107394
9.20865 0.108646
9.21018 0.110179
9.2105 0.110498
9.21471 0.114706
9.21484 0.0348209
9.21484 0.0348209
9.21484 0.0348209
9.21496 0.0349492
9.21496 0.0346297
9.21496 0.0346297
9.21528 0.115282
9.21641 0.11641
9.21748 0.117476
9.21951 0.119507
9.22543 0.125425
9.2347 0.0347032
9.23483 0.0345121
9.23483 0.0345121
9.23483 0.0345121
9.23515 0.0348271
9.23515 0.0345076
9.23515 0.0345076
9.23693 0.036928
9.23725 0.137247
9.23769 0.0376914
9.24128 0.0412768
9.24281 0.0428094
9.24325 0.0432352
9.24357 0.0435467
9.24439 0.04439
9.24561 0.0456115
9.24618 0.0461592
9.24731 0.0473081
9.24766 0.0476405
9.24804 0.0480374
9.24886 0.148857
9.25011 0.0501102
9.25043 0.0504297
9.25184 0.0518197
9.25216 0.0521574
9.25248 0.0524769
9.2528 0.152796
9.25312 0.0531159
9.25393 0.0539331
9.25459 0.0545947
9.25472 0.0346978
9.25472 0.0346978
9.25472 0.0346978
9.25485 0.0348262
9.25485 0.0345067
9.25485 0.0345067
9.25542 0.155419
9.25599 0.155987
9.25599 0.0559882
9.26194 0.0619375
9.26226 0.062257
9.26258 0.0625765
9.26258 0.0625765
9.26318 0.0631578
9.2635 0.0634773
9.26493 0.0649347
9.26603 0.0660137
9.26641 0.0663954
9.2672 0.0671814
9.26752 0.0675191
9.26752 0.0675009
9.26752 0.0675191
9.26784 0.0678386
9.27096 0.0709575
9.27128 0.071277
9.27275 0.0727473
9.27328 0.0732846
9.27401 0.0740084
9.27454 0.0345302
9.27454 0.0345302
9.27454 0.0345302
9.27486 0.0348452
9.27486 0.0345257
9.27486 0.0345257
9.27602 0.0759901
9.27646 0.0764594
9.27678 0.0767789
9.2771 0.0770984
9.27742 0.0774179
9.27777 0.0777686
9.27809 0.0780699
9.2785 0.0785009
9.27988 0.0798779
9.28175 0.0817526
9.28285 0.0828497
9.28317 0.0831692
9.2838 0.0837998
9.28875 0.0887538
9.29091 0.0909084
9.29272 0.0927209
9.29453 0.0945334
9.29466 0.034634
9.29466 0.034634
9.29466 0.034634
9.29485 0.0348246
9.29485 0.0345051
9.29485 0.0345051
9.29642 0.0964161
9.29801 0.0980109
9.29908 0.0990769
9.29908 0.0990769
9.30129 0.101294
9.30248 0.102459
9.30395 0.103954
9.30487 0.104865
9.30739 0.107393
9.30868 0.108677
9.31018 0.110178
9.3105 0.110498
9.31471 0.114705
9.31483 0.03482
9.31483 0.03482
9.31483 0.03482
9.31496 0.0349484
9.31496 0.0346289
9.31496 0.0346289
9.31528 0.115281
9.31641 0.11641
9.31748 0.117476
9.31951 0.119506
9.32542 0.125424
9.33473 0.0347023
9.33486 0.0345112
9.33486 0.0345112
9.33486 0.0345112
9.33518 0.0348262
9.33518 0.0345067
9.33518 0.0345067
9.33696 0.0369271
9.33728 0.137277
9.33772 0.0376905
9.34134 0.0413071
9.34284 0.0428085
9.34322 0.0432118
9.34354 0.0435095
9.34442 0.0443891
9.34564 0.0456106
9.34618 0.0461654
9.34734 0.0473072
9.34766 0.0476483
9.34807 0.0480486
9.34886 0.148856
9.35014 0.0501093
9.35046 0.0504288
9.35184 0.0518275
9.35216 0.0521254
9.35248 0.0524449
9.35279 0.152795
9.35315 0.053115
9.35396 0.0539322
9.35462 0.0545938
9.35475 0.034728
9.35475 0.034728
9.35475 0.034728
9.35488 0.0348564
9.35488 0.0345369
9.35488 0.0345369
9.35542 0.155418
9.35599 0.155986
9.35631 0.0562757
9.36198 0.0619451
9.3623 0.0622646
9.36261 0.0625841
9.36261 0.0625841
9.36318 0.063174
9.3635 0.0634935
9.36497 0.0649423
9.36601 0.0659988
9.36642 0.0664116
9.36718 0.0671666
9.36749 0.0674861
9.36749 0.0674645
9.36749 0.0674645
9.36781 0.067784
9.37096 0.070934
9.37128 0.0712535
9.37279 0.0727549
9.37332 0.0732922
9.37405 0.074016
9.37452 0.0345067
9.37452 0.0345067
9.37452 0.0345067
9.37486 0.0348528
9.37486 0.0345333
9.37486 0.0345333
9.37602 0.0759977
9.3765 0.076467
9.37682 0.0767865
9.37714 0.077106
9.37746 0.0774255
9.37781 0.0777761
9.37813 0.0781172
9.37854 0.0785085
9.37988 0.0798544
9.38179 0.0817602
9.38289 0.0828573
9.38321 0.0831768
9.38384 0.0838074
9.38879 0.0887614
9.39095 0.090916
9.39276 0.0927285
9.39457 0.094541
9.3947 0.0346727
9.3947 0.0346727
9.3947 0.0346727
9.39486 0.0348322
9.39486 0.0345127
9.39486 0.0345127
9.39645 0.0964237
9.39805 0.0980185
9.39911 0.0990845
9.39911 0.0990845
9.4013 0.10127
9.40246 0.102435
9.40399 0.103962
9.4049 0.104873
9.40743 0.1074
9.40868 0.108653
9.41022 0.110186
9.41054 0.110505
9.41452 0.0345081
9.41452 0.0345081
9.41452 0.0345081
9.41484 0.11481
9.41497 0.034956
9.41497 0.0346364
9.41497 0.0346364
9.41532 0.115289
9.41645 0.116417
9.41751 0.117483
9.41954 0.119513
9.42546 0.125432
9.43474 0.0347099
9.43487 0.0345188
9.43487 0.0345188
9.43487 0.0345188
9.43518 0.0348338
9.43518 0.0345143
9.43518 0.0345143
9.43696 0.0369347
9.43728 0.137253
9.43773 0.0376981
9.44131 0.0412835
9.44285 0.0428161
9.44326 0.0432281
9.44358 0.0435742
9.44443 0.0443967
9.44565 0.0456182
9.44619 0.0461801
9.44731 0.0472837
9.44766 0.0476334
9.44805 0.0480372
9.44889 0.148863
9.45015 0.0501169
9.45047 0.0504364
9.45184 0.0518126
9.45216 0.052133
9.45248 0.0524525
9.4528 0.152771
9.45312 0.0530915
9.45394 0.0539087
9.45463 0.0546014
9.45476 0.0347356
9.45476 0.0347356
9.45476 0.0347356
9.45489 0.034864
9.45489 0.0345445
9.45489 0.0345445
9.45546 0.155426
9.45602 0.155994
9.45602 0.0559949
9.46197 0.0619442
9.46229 0.0622637
9.46261 0.0625832
9.46261 0.0625832
9.46318 0.0631507
9.4635 0.0634702
9.46497 0.0649414
9.46604 0.0660065
9.46645 0.0664194
9.4672 0.0671743
9.46752 0.0674947
9.46752 0.0674938
9.46752 0.0674947
9.46784 0.0678142
9.47096 0.0709331
9.47128 0.0712526
9.47278 0.072754
9.47332 0.0732913
9.47404 0.0740151
9.47452 0.0345058
9.47452 0.0345058
9.47452 0.0345058
9.47486 0.0348519
9.47486 0.0345324
9.47486 0.0345324
9.47602 0.0759968
9.4765 0.0764661
9.47682 0.0767856
9.47713 0.0771051
9.47745 0.0774247
9.4778 0.0777753
9.47812 0.0780939
9.47854 0.0785076
9.47988 0.0798535
9.48179 0.0817593
9.48289 0.0828564
9.48321 0.083176
9.48384 0.0838065
9.48879 0.0887605
9.49094 0.0909151
9.49276 0.0927276
9.49457 0.0945401
9.4947 0.0346719
9.4947 0.0346719
9.4947 0.0346719
9.49486 0.0348314
9.49486 0.0345118
9.49486 0.0345118
9.49645 0.0964228
9.49805 0.0980176
9.49911 0.0990836
9.49911 0.0990836
9.50133 0.1013
9.50246 0.102434
9.50399 0.103961
9.5049 0.104872
9.50746 0.107431
9.50868 0.108652
9.51021 0.110185
9.51053 0.110504
9.51452 0.0345072
9.51452 0.0345072
9.51452 0.0345072
9.51484 0.114809
9.51497 0.0349551
9.51497 0.0346356
9.51497 0.0346356
9.51529 0.115257
9.51645 0.116416
9.51751 0.117482
9.51954 0.119513
9.52546 0.125431
9.53474 0.034709
9.53487 0.0345179
9.53487 0.0345179
9.53487 0.0345179
9.53518 0.0348329
9.53518 0.0345134
9.53518 0.0345134
9.53696 0.0369338
9.53728 0.137252
9.53773 0.0376972
9.54131 0.0412827
9.54284 0.0428152
9.54323 0.0432047
9.54355 0.043537
9.54442 0.0443958
9.54565 0.0456173
9.54621 0.0461863
9.54734 0.0473139
9.54766 0.0476412
9.54808 0.0480485
9.54889 0.148863
9.55014 0.050116
9.55046 0.0504355
9.55184 0.0518203
9.55216 0.0521321
9.55248 0.0524516
9.5528 0.15277
9.55312 0.0530906
9.55394 0.0539078
9.55463 0.0546005
9.55476 0.0347347
9.55476 0.0347347
9.55476 0.0347347
9.55489 0.0348631
9.55489 0.0345436
9.55489 0.0345436
9.55545 0.155425
9.55602 0.155993
9.55602 0.055994
9.56197 0.0619433
9.56229 0.0622628
9.56261 0.0625823
9.56261 0.0625823
9.56318 0.0631584
9.5635 0.0634779
9.56497 0.0649405
9.56604 0.0660143
9.56642 0.066396
9.5672 0.0671821
9.56752 0.0674938
9.56752 0.0675016
9.56752 0.0674938
9.56784 0.0678133
9.57096 0.0709322
9.57128 0.0712517
9.57278 0.0727532
9.57332 0.0732904
9.57404 0.0740143
9.57451 0.0345049
9.57451 0.0345049
9.57451 0.0345049
9.57486 0.034851
9.57486 0.0345315
9.57486 0.0345315
9.57602 0.0759959
9.57649 0.0764652
9.57681 0.0767848
9.57713 0.0771043
9.57745 0.0774238
9.5778 0.0777744
9.57812 0.0781017
9.57854 0.0785067
9.57988 0.0798526
9.58179 0.0817585
9.58288 0.0828556
9.5832 0.0831751
9.58383 0.0838056
9.58879 0.0887596
9.59097 0.0909454
9.59276 0.0927268
9.59457 0.0945393
9.5947 0.034671
9.5947 0.034671
9.5947 0.034671
9.59486 0.0348305
9.59486 0.034511
9.59486 0.034511
9.59645 0.0964219
9.59805 0.0980167
9.59911 0.0990827
9.59911 0.0990827
9.60133 0.1013
9.60246 0.102433
9.60399 0.10396
9.6049 0.104871
9.60743 0.107399
9.60868 0.108651
9.61021 0.110184
9.61053 0.110503
9.61452 0.0345063
9.61452 0.0345063
9.61452 0.0345063
9.61484 0.114808
9.61497 0.0349542
9.61497 0.0346347
9.61497 0.0346347
9.61528 0.115256
9.61644 0.116415
9.61751 0.117481
9.61954 0.119512
9.62546 0.12543
9.63474 0.0347081
9.63486 0.034517
9.63486 0.034517
9.63486 0.034517
9.63518 0.034832
9.63518 0.0345125
9.63518 0.0345125
9.63696 0.0369329
9.63728 0.137252
9.63772 0.0376964
9.64131 0.0412818
9.64284 0.0428143
9.64322 0.0432125
9.64354 0.0435309
9.64442 0.0443949
9.64564 0.0456165
9.64618 0.0461614
9.64734 0.047313
9.64766 0.0476489
9.64807 0.0480597
9.64889 0.148862
9.65014 0.0501151
9.65046 0.0504346
9.65184 0.0518281
9.65216 0.0521312
9.65248 0.0524507
9.6528 0.152769
9.65315 0.0531208
9.65397 0.053938
9.65463 0.0545996
9.65476 0.0347339
9.65476 0.0347339
9.65476 0.0347339
9.65488 0.0348623
9.65488 0.0345427
9.65488 0.0345427
9.65545 0.155424
9.65602 0.155992
9.65602 0.0559931
9.66197 0.0619424
9.66229 0.0622619
9.66261 0.0625814
9.66261 0.0625814
9.66318 0.0631662
9.6635 0.0634857
9.66497 0.0649396
9.666 0.065991
9.66642 0.0664038
9.6672 0.0671898
9.66752 0.0674929
9.66752 0.0675094
9.66752 0.0674929
9.66784 0.0678124
9.67099 0.0709624
9.67131 0.0712819
9.67278 0.0727523
9.67332 0.0732895
9.67404 0.0740134
9.67451 0.034504
9.67451 0.034504
9.67451 0.034504
9.67486 0.0348502
9.67486 0.0345306
9.67486 0.0345306
9.67602 0.075995
9.67649 0.0764644
9.67681 0.0767839
9.67713 0.0771034
9.67745 0.0774229
9.6778 0.0777735
9.67812 0.0781094
9.67853 0.0785058
9.67988 0.0798518
9.68179 0.0817576
9.68288 0.0828547
9.6832 0.0831742
9.68383 0.0838047
9.68879 0.0887587
9.69094 0.0909134
9.69275 0.0927259
9.69457 0.0945384
9.69469 0.0346701
9.69469 0.0346701
9.69469 0.0346701
9.69485 0.0348296
9.69485 0.0345101
9.69485 0.0345101
9.69645 0.096421
9.69804 0.0980158
9.69911 0.0990818
9.69911 0.0990818
9.70133 0.101299
9.70249 0.102464
9.70399 0.103959
9.7049 0.10487
9.70743 0.107398
9.70868 0.10865
9.71021 0.110183
9.71053 0.110503
9.71452 0.0345054
9.71452 0.0345054
9.71452 0.0345054
9.71484 0.114807
9.71496 0.0349533
9.71496 0.0346338
9.71496 0.0346338
9.71528 0.115255
9.71644 0.116415
9.71751 0.117481
9.71954 0.119511
9.72546 0.125429
9.73473 0.0347072
9.73486 0.0345161
9.73486 0.0345161
9.73486 0.0345161
9.73518 0.0348311
9.73518 0.0345116
9.73518 0.0345116
9.73696 0.036932
9.73728 0.137251
9.73772 0.0376955
9.74131 0.0412809
9.74284 0.0428135
9.74322 0.0432202
9.74354 0.0435249
9.74442 0.0443941
9.74564 0.0456156
9.74618 0.0461676
9.74734 0.0473121
9.74766 0.0476567
9.74804 0.0480398
9.74889 0.148861
9.75014 0.0501143
9.75046 0.0504338
9.75181 0.0518048
9.75213 0.0520992
9.75245 0.0524187
9.7528 0.152769
9.75315 0.0531199
9.75396 0.0539371
9.75463 0.0545988
9.75475 0.034733
9.75475 0.034733
9.75475 0.034733
9.75488 0.0348614
9.75488 0.0345419
9.75488 0.0345419
9.75545 0.155423
9.75602 0.155991
9.75602 0.0559922
9.76197 0.0619416
9.76229 0.0622611
9.76261 0.0625806
9.76261 0.0625806
9.76318 0.063174
9.7635 0.0634935
9.76497 0.0649388
9.766 0.0659987
9.76641 0.0664115
9.76717 0.0671665
9.76749 0.067486
9.76749 0.067461
9.76749 0.067461
9.76781 0.0677805
9.77099 0.0709615
9.77131 0.071281
9.77278 0.0727514
9.77332 0.0732886
9.77404 0.0740125
9.77451 0.0345032
9.77451 0.0345032
9.77451 0.0345032
9.77486 0.0348493
9.77486 0.0345298
9.77486 0.0345298
9.77602 0.0759942
9.77649 0.0764635
9.77681 0.076783
9.77713 0.0771025
9.77745 0.077422
9.7778 0.0777726
9.77812 0.0781172
9.77853 0.0785049
9.77988 0.0798509
9.78178 0.0817567
9.78288 0.0828538
9.7832 0.0831733
9.78383 0.0838039
9.78879 0.0887579
9.79094 0.0909125
9.79275 0.092725
9.79456 0.0945375
9.79469 0.0346692
9.79469 0.0346692
9.79469 0.0346692
9.79485 0.0348287
9.79485 0.0345092
9.79485 0.0345092
9.79645 0.0964202
9.79804 0.0980149
9.79911 0.0990809
9.79911 0.0990809
9.80133 0.101298
9.80248 0.102463
9.80399 0.103959
9.8049 0.104869
9.80742 0.107397
9.80868 0.10865
9.81021 0.110182
9.81053 0.110502
9.81451 0.0345045
9.81451 0.0345045
9.81451 0.0345045
9.81483 0.114806
9.81496 0.0349524
9.81496 0.0346329
9.81496 0.0346329
9.81531 0.115285
9.81644 0.116414
9.81751 0.11748
9.81954 0.11951
9.82546 0.125428
9.83473 0.0347064
9.83486 0.0345152
9.83486 0.0345152
9.83486 0.0345152
9.83518 0.0348303
9.83518 0.0345108
9.83518 0.0345108
9.83696 0.0369312
9.83728 0.13725
9.83772 0.0376946
9.84131 0.04128
9.84284 0.0428126
9.84325 0.043228
9.84357 0.0435499
9.84442 0.0443932
9.84564 0.0456147
9.84618 0.0461738
9.84734 0.0473113
9.84766 0.0476334
9.84807 0.048051
9.84889 0.14886
9.85014 0.0501134
9.85046 0.0504329
9.85184 0.0518125
9.85216 0.0521294
9.85248 0.0524489
9.85279 0.152768
9.85315 0.0531191
9.85396 0.0539362
9.85462 0.0545979
9.85475 0.0347321
9.85475 0.0347321
9.85475 0.0347321
9.85488 0.0348605
9.85488 0.034541
9.85488 0.034541
9.85545 0.155422
9.85602 0.155991
9.85602 0.0559913
9.86197 0.0619407
9.86229 0.0622602
9.86261 0.0625797
9.86261 0.0625797
9.86317 0.0631506
9.86349 0.0634701
9.86496 0.0649379
9.86603 0.0660065
9.86644 0.0664193
9.8672 0.0671743
9.86752 0.0674912
9.86752 0.0674938
9.86752 0.0674912
9.86784 0.0678107
9.87099 0.0709607
9.87131 0.0712802
9.87278 0.0727505
9.87331 0.0732878
9.87404 0.0740116
9.87454 0.0345334
9.87454 0.0345334
9.87454 0.0345334
9.87485 0.0348484
9.87485 0.0345289
9.87485 0.0345289
9.87601 0.0759933
9.87649 0.0764626
9.87681 0.0767821
9.87713 0.0771016
9.87745 0.0774211
9.8778 0.0777717
9.87812 0.0780938
9.87853 0.0785041
9.87988 0.07985
9.88178 0.0817558
9.88288 0.0828529
9.8832 0.0831724
9.88383 0.083803
9.88878 0.088757
9.89097 0.0909427
9.89275 0.0927241
9.89456 0.0945366
9.89469 0.0346683
9.89469 0.0346683
9.89469 0.0346683
9.89485 0.0348278
9.89485 0.0345083
9.89485 0.0345083
9.89645 0.0964193
9.89804 0.098014
9.89911 0.09908
9.89911 0.09908
9.90132 0.101297
9.90248 0.102462
9.90398 0.103958
9.90489 0.104868
9.90742 0.107396
9.90868 0.108649
9.91021 0.110181
9.91053 0.110501
9.91451 0.0345037
9.91451 0.0345037
9.91451 0.0345037
9.91483 0.114806
9.91496 0.0349515
9.91496 0.034632
9.91496 0.034632
9.91528 0.115253
9.91644 0.116413
9.91751 0.117479
9.91954 0.119509
9.92545 0.125427
9.93473 0.0347055
9.93486 0.0345144
9.93486 0.0345144
9.93486 0.0345144
9.93517 0.0348294
9.93517 0.0345099
9.93517 0.0345099
9.93696 0.0369303
9.93728 0.137249
9.93728 0.0348294
9.93772 0.0376937
9.9413 0.0412791
9.94143 0.0346863
9.94284 0.0428157
9.94322 0.0432086
9.94354 0.0435167
9.94442 0.0443963
9.94527 0.034529
9.94565 0.0456218
9.94622 0.0461879
9.94731 0.0472872
9.94763 0.047618
9.94805 0.0480391
9.94886 0.148836
9.94902 0.0345132
9.95012 0.0500933
9.95044 0.0504128
9.95185 0.0518322
9.95217 0.0521405
9.95249 0.05246
9.95281 0.152779
9.95312 0.053099
9.95325 0.0346923
9.95395 0.0539201
9.95461 0.0545818
9.95474 0.0347048
9.95474 0.0347048
9.95474 0.0347048
9.95486 0.0348332
9.95486 0.0345137
9.95486 0.0345137
9.95543 0.155406
9.956 0.155974
9.95632 0.0562948
9.95741 0.0345035
9.96146 0.0345301
9.96197 0.061941
9.96229 0.0622605
9.96261 0.06258
9.96261 0.06258
9.96317 0.0631596
9.96349 0.0634791
9.96496 0.0649382
9.96512 0.0345142
9.966 0.0659883
9.96642 0.0664011
9.9672 0.0671872
9.96752 0.0674955
9.96752 0.0675067
9.96752 0.0674955
9.96784 0.067815
9.97096 0.0709339
9.97128 0.0712534
9.97141 0.0347245
9.97275 0.0727277
9.97329 0.0732649
9.97401 0.0739888
9.97455 0.0345277
9.97455 0.0345277
9.97455 0.0345277
9.97486 0.0348427
9.97486 0.0345232
9.97486 0.0345232
9.97602 0.0760016
9.97615 0.0346827
9.97647 0.0764438
9.97679 0.0767633
9.97711 0.0770828
9.97743 0.0774023
9.97778 0.0777529
9.9781 0.0780836
9.97854 0.0785163
9.97945 0.0345197
9.97989 0.0798662
9.9818 0.081772
9.98286 0.082838
9.98318 0.0831575
9.98381 0.0837881
9.9845 0.0345264
9.98877 0.0887461
9.9889 0.0346859
9.99096 0.0909358
9.99274 0.0927172
9.99287 0.0347606
9.99456 0.0945337
9.99469 0.0346713
9.99469 0.0346713
9.99469 0.0346713
9.99485 0.0348307
9.99485 0.0345112
9.99485 0.0345112
9.99644 0.0964163
9.99657 0.0345152
9.99804 0.0980151
9.99911 0.0990811
9.99911 0.0990811

