% time_sec delay_sec
0.115557 0.0155262
0.118987 0.0189562
0.119306 0.0192757
0.120341 0.0203106
0.120878 0.0208478
0.122473 0.0224426
0.128018 0.0279875
0.129333 0.0293024
0.130834 0.0308038
0.131185 0.0311544
0.131753 0.0317228
0.134063 0.0340329
0.13457 0.0345391
0.135449 0.0354185
0.137479 0.0374487
0.141562 0.0415318
0.144557 0.0445262
0.146929 0.0468986
0.150172 0.0501419
0.151052 0.0510213
0.151371 0.0513408
0.159156 0.0591252
0.161373 0.0613421
0.164056 0.0640255
0.164375 0.064345
0.16625 0.0662197
0.169587 0.0695563
0.17479 0.0747591
0.176104 0.076074
0.179721 0.0796905
0.187816 0.087786
0.1905 0.0904694
0.196138 0.0961077
0.196458 0.0964272
0.196777 0.0967467
0.197159 0.0971284
0.197727 0.0976968
0.198047 0.0980163
0.198522 0.0984913
0.200241 0.100211
0.200965 0.100934
0.201471 0.10144
0.20179 0.10176
0.20179 0.10176
0.204381 0.10435
0.2047 0.10467
0.205424 0.105393
0.206894 0.106864
0.207245 0.107214
0.210208 0.110178
0.210528 0.110497
0.210847 0.110817
0.211291 0.111261
0.211611 0.11158
0.211611 0.11158
0.21193 0.1119
0.212778 0.112748
0.214249 0.114218
0.215533 0.0155254
0.215852 0.115822
0.216234 0.116203
0.216864 0.116834
0.217184 0.117153
0.217534 0.117504
0.218072 0.118041
0.218982 0.018975
0.219302 0.0192945
0.219302 0.119271
0.220305 0.0202983
0.220874 0.0208666
0.222437 0.0224303
0.222757 0.122727
0.225658 0.125628
0.227097 0.127067
0.227977 0.0279696
0.228327 0.128297
0.229331 0.029324
0.229993 0.129962
0.23081 0.0308028
0.231129 0.131099
0.231449 0.0314418
0.231768 0.0317613
0.232834 0.132804
0.234025 0.0340177
0.234531 0.0345239
0.235442 0.0354343
0.237223 0.137192
0.237542 0.0375352
0.238235 0.138205
0.238555 0.138524
0.238999 0.138968
0.240002 0.139972
0.241131 0.1411
0.241543 0.0415363
0.242889 0.142859
0.244515 0.0445081
0.245706 0.145675
0.246772 0.146741
0.247091 0.047084
0.250148 0.0501407
0.251027 0.05102
0.251347 0.0513395
0.259131 0.059124
0.261348 0.0613409
0.264031 0.0640243
0.264351 0.0643438
0.266226 0.0662185
0.269562 0.0695551
0.274765 0.0747579
0.27608 0.0760728
0.279696 0.0796893
0.287792 0.0877848
0.290475 0.0904682
0.296114 0.0961065
0.296433 0.096426
0.296753 0.0967455
0.297134 0.0971272
0.297703 0.0976956
0.298022 0.0980151
0.298497 0.0984901
0.300216 0.100209
0.30094 0.100933
0.301446 0.101439
0.301766 0.101759
0.301766 0.101759
0.304356 0.104349
0.304676 0.104668
0.305399 0.105392
0.30687 0.106863
0.30722 0.107213
0.310184 0.110177
0.310503 0.110496
0.310823 0.110816
0.311267 0.111259
0.311586 0.111579
0.311586 0.111579
0.311906 0.111899
0.312754 0.112747
0.314224 0.114217
0.315539 0.0155241
0.315859 0.115851
0.316209 0.116202
0.31684 0.116833
0.317159 0.117152
0.31751 0.117503
0.318047 0.11804
0.318989 0.0189737
0.319308 0.0192933
0.319308 0.119301
0.320312 0.0202971
0.32088 0.0208654
0.322444 0.0224291
0.322764 0.122756
0.325634 0.125626
0.327073 0.127066
0.327983 0.0279683
0.328303 0.128296
0.329338 0.0293227
0.329968 0.129961
0.330817 0.0308016
0.331136 0.131129
0.331456 0.0314406
0.331775 0.0317601
0.332841 0.132834
0.334032 0.0340165
0.334569 0.0345537
0.335448 0.0354331
0.337198 0.137191
0.337518 0.0375029
0.338211 0.138203
0.33853 0.138523
0.338974 0.138967
0.339978 0.139971
0.341106 0.141099
0.34155 0.041535
0.342865 0.142858
0.344522 0.0445068
0.345681 0.145674
0.346747 0.14674
0.347067 0.0470517
0.350154 0.0501394
0.351065 0.0510499
0.351384 0.0513694
0.359138 0.0591228
0.361386 0.0613707
0.364038 0.064023
0.364358 0.0643426
0.366263 0.0662484
0.369569 0.0695539
0.374772 0.0747567
0.376087 0.0760715
0.379703 0.0796881
0.387799 0.0877836
0.390482 0.090467
0.39612 0.0961053
0.39644 0.0964248
0.396759 0.0967443
0.397141 0.097126
0.397709 0.0976943
0.398029 0.0980138
0.398504 0.0984889
0.400223 0.100208
0.400947 0.100932
0.401453 0.101438
0.401773 0.101758
0.401773 0.101758
0.404394 0.104379
0.404713 0.104698
0.405406 0.105391
0.406876 0.106861
0.407227 0.107212
0.41019 0.110175
0.41051 0.110495
0.410829 0.110814
0.411273 0.111258
0.411593 0.111578
0.411593 0.111578
0.411912 0.111897
0.412761 0.112746
0.414231 0.114216
0.415546 0.0155229
0.415865 0.11585
0.416216 0.116201
0.416878 0.116863
0.417197 0.117182
0.417517 0.117502
0.418054 0.118039
0.418995 0.0189725
0.419315 0.019292
0.419315 0.1193
0.420319 0.0202958
0.420887 0.0208642
0.422451 0.0224278
0.42277 0.122755
0.42564 0.125625
0.427079 0.127064
0.42799 0.0279671
0.428309 0.128294
0.429344 0.0293215
0.429975 0.12996
0.430854 0.0308314
0.431174 0.131159
0.431174 0.0311509
0.431742 0.0317193
0.432839 0.132824
0.434061 0.0340379
0.434567 0.034544
0.435446 0.0354234
0.437228 0.137213
0.437547 0.0375243
0.43824 0.138225
0.438559 0.138544
0.438972 0.138957
0.439976 0.139961
0.441104 0.141089
0.441548 0.0415253
0.442863 0.142848
0.444551 0.0445283
0.44571 0.145695
0.446776 0.146761
0.447096 0.0470731
0.450153 0.0501297
0.451063 0.0510402
0.451383 0.0513597
0.459167 0.0591442
0.461384 0.061361
0.464036 0.0640134
0.464356 0.0643329
0.466262 0.0662387
0.469567 0.0695442
0.47477 0.074747
0.476085 0.0760618
0.479732 0.0797095
0.487828 0.087805
0.490511 0.0904884
0.496118 0.0960956
0.496438 0.0964151
0.496757 0.0967346
0.497139 0.0971163
0.497739 0.0977157
0.498058 0.0980353
0.498533 0.0985103
0.500252 0.100229
0.500976 0.100953
0.501451 0.101428
0.501771 0.101748
0.501771 0.101748
0.504392 0.104369
0.504711 0.104689
0.505404 0.105381
0.506875 0.106852
0.507256 0.107233
0.510188 0.110166
0.510508 0.110485
0.510827 0.110805
0.511271 0.111249
0.511591 0.111568
0.511591 0.111568
0.51191 0.111888
0.51279 0.112767
0.514229 0.114206
0.515544 0.0155132
0.515863 0.115841
0.516214 0.116191
0.516876 0.116853
0.517195 0.117172
0.517515 0.117492
0.518052 0.118029
0.518993 0.0189628
0.519313 0.0192823
0.519313 0.11929
0.520348 0.0203172
0.520885 0.0208545
0.522449 0.0224181
0.522768 0.122745
0.525638 0.125616
0.527109 0.127086
0.528019 0.0279885
0.528339 0.128316
0.529342 0.0293118
0.530004 0.129981
0.530852 0.0308217
0.531172 0.131149
0.531172 0.0311413
0.531771 0.0317407
0.532837 0.132815
0.534059 0.0340282
0.534565 0.0345344
0.535444 0.0354137
0.537226 0.137203
0.537545 0.0375146
0.538238 0.138215
0.538558 0.138535
0.53897 0.138948
0.539974 0.139951
0.541102 0.14108
0.541577 0.0415468
0.542892 0.142869
0.544549 0.0445186
0.545709 0.145686
0.546775 0.146752
0.547094 0.0470634
0.550151 0.05012
0.551061 0.0510305
0.551381 0.05135
0.559165 0.0591345
0.561382 0.0613514
0.564065 0.0640348
0.564385 0.0643543
0.56626 0.066229
0.569565 0.0695345
0.574768 0.0747373
0.576083 0.0760521
0.57973 0.0796998
0.587826 0.0877953
0.590509 0.0904787
0.596117 0.0960859
0.596436 0.0964054
0.596756 0.0967249
0.597168 0.0971377
0.597737 0.0977061
0.598056 0.0980256
0.598531 0.0985006
0.60025 0.10022
0.600974 0.100944
0.601449 0.101419
0.601769 0.101738
0.601769 0.101738
0.60439 0.104359
0.60471 0.104679
0.605433 0.105403
0.606873 0.106842
0.607254 0.107224
0.610218 0.110187
0.610537 0.110507
0.610857 0.110826
0.611301 0.11127
0.61162 0.111589
0.61162 0.111589
0.61194 0.111909
0.612788 0.112757
0.614258 0.114228
0.615511 0.0155035
0.61583 0.1158
0.616212 0.116181
0.616874 0.116843
0.617193 0.117163
0.617544 0.117513
0.618081 0.11805
0.618961 0.0189531
0.61928 0.0192726
0.61928 0.119249
0.620315 0.0203075
0.620852 0.0208448
0.622447 0.0224396
0.622766 0.122736
0.625668 0.125637
0.627107 0.127076
0.627986 0.0279788
0.628337 0.128306
0.62931 0.0293021
0.630002 0.129972
0.630819 0.0308121
0.631139 0.131108
0.631139 0.0311316
0.631738 0.031731
0.632836 0.132805
0.634026 0.0340185
0.634532 0.0345247
0.635443 0.0354351
0.637224 0.137193
0.637543 0.037536
0.638236 0.138206
0.638556 0.138525
0.639 0.138969
0.640003 0.139973
0.641101 0.14107
0.641544 0.0415371
0.64289 0.14286
0.644516 0.0445089
0.645707 0.145676
0.646773 0.146742
0.647092 0.0470848
0.650149 0.0501415
0.651028 0.0510208
0.651348 0.0513403
0.659132 0.0591248
0.661349 0.0613417
0.664032 0.0640251
0.664352 0.0643446
0.666227 0.0662193
0.669563 0.0695559
0.674766 0.0747587
0.676081 0.0760736
0.679697 0.0796901
0.687793 0.0877856
0.690476 0.090469
0.696115 0.0961073
0.696434 0.0964268
0.696754 0.0967463
0.697135 0.097128
0.697704 0.0976964
0.698023 0.0980159
0.698498 0.0984909
0.700217 0.10021
0.700941 0.100934
0.701447 0.10144
0.701767 0.10176
0.701767 0.10176
0.704357 0.10435
0.704677 0.104669
0.7054 0.105393
0.706871 0.106863
0.707221 0.107214
0.710185 0.110177
0.710504 0.110497
0.710824 0.110816
0.711268 0.11126
0.711587 0.11158
0.711587 0.11158
0.711907 0.111899
0.712755 0.112748
0.714225 0.114218
0.71554 0.0155249
0.71586 0.115852
0.71621 0.116203
0.716841 0.116833
0.71716 0.117153
0.717511 0.117504
0.718048 0.118041
0.71899 0.0189746
0.719309 0.0192941
0.719309 0.119302
0.720313 0.0202979
0.720881 0.0208662
0.722445 0.0224299
0.722765 0.122757
0.725635 0.125627
0.727074 0.127066
0.727984 0.0279691
0.728304 0.128296
0.729339 0.0293235
0.729969 0.129962
0.730818 0.0308024
0.731137 0.13113
0.731457 0.0314414
0.731776 0.0317609
0.732842 0.132835
0.734033 0.0340173
0.734539 0.0345234
0.735449 0.0354339
0.737199 0.137192
0.737519 0.0375037
0.738212 0.138204
0.738531 0.138524
0.738975 0.138968
0.739979 0.139972
0.741107 0.1411
0.741551 0.0415358
0.742866 0.142858
0.744523 0.0445076
0.745682 0.145675
0.746748 0.146741
0.747068 0.0470525
0.750155 0.0501402
0.751035 0.0510196
0.751354 0.0513391
0.759139 0.0591236
0.761356 0.0613404
0.764039 0.0640238
0.764359 0.0643434
0.766264 0.0662492
0.76957 0.0695547
0.774773 0.0747575
0.776088 0.0760723
0.779704 0.0796889
0.7878 0.0877844
0.790483 0.0904678
0.796121 0.0961061
0.796441 0.0964256
0.79676 0.0967451
0.797142 0.0971268
0.79771 0.0976951
0.79803 0.0980146
0.798505 0.0984897
0.800224 0.100209
0.800948 0.100933
0.801454 0.101439
0.801774 0.101758
0.801774 0.101758
0.804364 0.104348
0.804683 0.104668
0.805407 0.105392
0.806877 0.106862
0.807228 0.107213
0.810191 0.110176
0.810511 0.110496
0.81083 0.110815
0.811274 0.111259
0.811594 0.111579
0.811594 0.111579
0.811913 0.111898
0.812762 0.112746
0.814232 0.114217
0.815547 0.0155237
0.815866 0.115851
0.816217 0.116202
0.816879 0.116863
0.817198 0.117183
0.817518 0.117502
0.818055 0.11804
0.818996 0.0189733
0.819316 0.0192928
0.819316 0.119301
0.82032 0.0202966
0.820888 0.020865
0.822452 0.0224286
0.822771 0.122756
0.825641 0.125626
0.82708 0.127065
0.827991 0.0279679
0.82831 0.128295
0.829345 0.0293223
0.829976 0.129961
0.830824 0.0308011
0.831144 0.131128
0.831463 0.0314402
0.831783 0.0317597
0.832818 0.132802
0.834039 0.0340161
0.834576 0.0345533
0.835456 0.0354327
0.837206 0.137191
0.837526 0.0375025
0.838218 0.138203
0.838538 0.138523
0.838982 0.138967
0.839986 0.13997
0.841114 0.141099
0.841558 0.0415346
0.842872 0.142857
0.844529 0.0445064
0.845689 0.145674
0.846755 0.14674
0.847074 0.0470512
0.850162 0.050139
0.851073 0.0510495
0.851392 0.051369
0.859145 0.0591224
0.861393 0.0613703
0.864046 0.0640226
0.864365 0.0643421
0.866271 0.0662479
0.869576 0.0695534
0.874779 0.0747563
0.876094 0.0760711
0.879711 0.0796876
0.887806 0.0877831
0.890521 0.0904977
0.896128 0.0961048
0.896447 0.0964244
0.896767 0.0967439
0.897149 0.0971256
0.897717 0.0976939
0.898036 0.0980134
0.898511 0.0984884
0.900231 0.100208
0.900955 0.100931
0.901461 0.101438
0.90178 0.101757
0.90178 0.101757
0.904401 0.104378
0.904721 0.104698
0.905414 0.105391
0.906884 0.106861
0.907235 0.107212
0.910198 0.110175
0.910517 0.110494
0.910837 0.110814
0.911281 0.111258
0.9116 0.111577
0.9116 0.111577
0.91192 0.111897
0.912768 0.112745
0.914239 0.114215
0.915553 0.0155225
0.915873 0.11585
0.916223 0.1162
0.916885 0.116862
0.917205 0.117182
0.917524 0.117501
0.918061 0.118038
0.919003 0.0189721
0.919322 0.0192916
0.919322 0.119299
0.920326 0.0202954
0.920895 0.0208637
0.922458 0.0224274
0.922778 0.122755
0.925648 0.125625
0.927087 0.127064
0.927998 0.0279667
0.928317 0.128294
0.929352 0.0293211
0.929983 0.129959
0.930862 0.030831
0.931181 0.131158
0.931181 0.0311505
0.93175 0.0317189
0.932847 0.132824
0.934068 0.0340375
0.934574 0.0345436
0.935454 0.035423
0.937235 0.137212
0.937555 0.0375239
0.938248 0.138224
0.938567 0.138544
0.93898 0.138957
0.939984 0.139961
0.941112 0.141089
0.941556 0.0415249
0.942871 0.142848
0.944559 0.0445278
0.945718 0.145695
0.946784 0.146761
0.947104 0.0470727
0.95016 0.0501293
0.951071 0.0510398
0.95139 0.0513593
0.959175 0.0591438
0.961391 0.0613606
0.964044 0.0640129
0.964363 0.0643324
0.966269 0.0662383
0.969575 0.0695437
0.974777 0.0747466
0.976092 0.0760614
0.97974 0.079709
0.987835 0.0878046
0.990519 0.090488
0.996126 0.0960952
0.996446 0.0964147
0.996765 0.0967342
0.997147 0.0971159
0.997746 0.0977153
0.998066 0.0980348
0.998541 0.0985099
1.00026 0.100229
1.00098 0.100953
1.00146 0.101428
1.00178 0.101747
1.00178 0.101747
1.0044 0.10437
1.00472 0.10469
1.00541 0.105383
1.00688 0.106853
1.00727 0.107235
1.0102 0.110167
1.01052 0.110486
1.01084 0.110806
1.01128 0.11125
1.0116 0.111569
1.0116 0.111569
1.01192 0.111889
1.0128 0.112768
1.01424 0.114208
1.01552 0.0155146
1.01584 0.115811
1.01622 0.116193
1.01689 0.116854
1.0172 0.117174
1.01752 0.117493
1.01806 0.11803
1.01897 0.0189642
1.01929 0.0192837
1.01929 0.11926
1.02033 0.0203186
1.02089 0.0208869
1.02246 0.0224506
1.02278 0.122747
1.02565 0.125617
1.02712 0.127087
1.028 0.0279899
1.02835 0.128317
1.02932 0.0293132
1.03001 0.129983
1.03083 0.0308231
1.03115 0.131119
1.03115 0.0311426
1.03175 0.031742
1.03285 0.132816
1.03404 0.0340296
1.03454 0.0345357
1.03542 0.0354151
1.03724 0.137204
1.03755 0.0375471
1.03825 0.138217
1.03857 0.138536
1.03898 0.138949
1.03998 0.139953
1.04111 0.141081
1.04156 0.0415481
1.0429 0.142871
1.04453 0.0445199
1.04572 0.145687
1.04678 0.146753
1.0471 0.0470958
1.05013 0.0501214
1.05104 0.0510319
1.05136 0.0513514
1.05554 0.0155196
1.05554 0.0155196
1.05554 0.0155196
1.05585 0.0158391
1.05585 0.0155196
1.05585 0.0155196
1.05913 0.0591217
1.06138 0.0613696
1.06406 0.064053
1.06438 0.0643725
1.06622 0.0662162
1.06953 0.0695216
1.07476 0.0747556
1.07552 0.0155166
1.07552 0.0155166
1.07552 0.0155166
1.07584 0.0158361
1.07584 0.0155166
1.07584 0.0155166
1.07616 0.0761496
1.07971 0.0797039
1.08778 0.0877683
1.09046 0.0904517
1.09554 0.0155194
1.09554 0.0155194
1.09554 0.0155194
1.09586 0.0158389
1.09586 0.0155194
1.09586 0.0155194
1.09618 0.0961691
1.0965 0.0964886
1.09682 0.0968081
1.09714 0.0971276
1.09773 0.0977271
1.09805 0.0980466
1.09853 0.0985216
1.10022 0.10021
1.10094 0.100934
1.10142 0.101409
1.10174 0.101728
1.10174 0.101728
1.10442 0.104412
1.10474 0.104731
1.1054 0.105393
1.10684 0.106832
1.10725 0.107245
1.11018 0.110177
1.1105 0.110496
1.11082 0.110816
1.11124 0.111229
1.11156 0.111548
1.11156 0.111548
1.11188 0.111868
1.11275 0.112747
1.11423 0.114218
1.11551 0.0155049
1.11583 0.115821
1.11596 0.0156333
1.11596 0.0156333
1.11596 0.0156333
1.11596 0.0156333
1.11596 0.0153138
1.11596 0.0153138
1.11628 0.116269
1.11628 0.0156333
1.11684 0.116837
1.11716 0.117157
1.11751 0.117507
1.11802 0.118013
1.11899 0.0189896
1.11931 0.0192894
1.11931 0.119305
1.12032 0.0203129
1.12089 0.0208812
1.12245 0.0224397
1.12277 0.122761
1.12564 0.125631
1.12708 0.12707
1.12802 0.0279955
1.12834 0.128331
1.12931 0.0293074
1.13 0.129997
1.13085 0.0308288
1.13117 0.131164
1.13117 0.031168
1.13174 0.0317166
1.13281 0.132799
1.13403 0.0340238
1.13457 0.0345414
1.13541 0.0354094
1.13554 0.0155125
1.13554 0.0155125
1.13554 0.0155125
1.13567 0.0156409
1.13567 0.0153214
1.13567 0.0153214
1.13717 0.137164
1.13749 0.0374902
1.13821 0.138207
1.13853 0.138527
1.13895 0.13894
1.13995 0.139944
1.14108 0.141072
1.14159 0.0415617
1.14284 0.14283
1.14453 0.0445221
1.14565 0.145647
1.14675 0.146744
1.14707 0.047067
1.15013 0.0501236
1.15104 0.0510341
1.15136 0.0513536
1.15534 0.0153279
1.15534 0.0153279
1.15534 0.0153279
1.15566 0.0156429
1.15566 0.0153234
1.15566 0.0153234
1.15912 0.0591149
1.16137 0.0613629
1.16405 0.0640463
1.16437 0.0643658
1.16621 0.0662094
1.16955 0.069546
1.17475 0.0747488
1.17532 0.015316
1.17532 0.015316
1.17532 0.015316
1.17563 0.015631
1.17563 0.0153115
1.17563 0.0153115
1.17604 0.0760405
1.17972 0.0796938
1.18779 0.0877836
1.19047 0.0904671
1.19536 0.0153409
1.19536 0.0153409
1.19536 0.0153409
1.19567 0.0156559
1.19567 0.0153364
1.19567 0.0153364
1.19609 0.0960822
1.19641 0.0964017
1.19673 0.0967212
1.19714 0.097134
1.19774 0.0977335
1.19806 0.0980333
1.1985 0.0984969
1.20022 0.100196
1.20098 0.100951
1.20142 0.101415
1.20174 0.101715
1.20174 0.101734
1.20439 0.104387
1.20471 0.104706
1.2054 0.105399
1.20684 0.106838
1.20726 0.107251
1.21022 0.110189
1.21054 0.110534
1.21086 0.110853
1.21124 0.111235
1.21156 0.111555
1.21156 0.111555
1.21188 0.111855
1.21276 0.112754
1.21423 0.114224
1.21551 0.0155085
1.21583 0.115827
1.21596 0.0156369
1.21596 0.0156369
1.21596 0.0156369
1.21596 0.0156369
1.21596 0.0153174
1.21596 0.0153174
1.21628 0.116275
1.21628 0.0156369
1.21685 0.116843
1.21717 0.117163
1.21749 0.117482
1.21802 0.11802
1.21897 0.0189621
1.21928 0.019279
1.21928 0.119281
1.22032 0.0203165
1.22089 0.0208848
1.22245 0.0224328
1.22277 0.122767
1.22564 0.125637
1.22708 0.127076
1.22799 0.0279852
1.22831 0.128306
1.22931 0.0293111
1.23001 0.130003
1.23082 0.0308184
1.23114 0.13114
1.23114 0.0311405
1.23174 0.0317373
1.23281 0.132805
1.23403 0.0340275
1.23454 0.034531
1.23542 0.035413
1.23554 0.0155161
1.23554 0.0155161
1.23554 0.0155161
1.23567 0.0156445
1.23567 0.015325
1.23567 0.015325
1.23717 0.13717
1.23749 0.037466
1.23822 0.138214
1.23854 0.138533
1.23895 0.138946
1.23995 0.13995
1.24108 0.141078
1.24156 0.0415513
1.24284 0.142837
1.24453 0.0445257
1.24566 0.145653
1.24672 0.146719
1.24704 0.0470395
1.25013 0.0501272
1.25104 0.0510377
1.25136 0.0513572
1.25535 0.0153315
1.25535 0.0153315
1.25535 0.0153315
1.25566 0.0156465
1.25566 0.015327
1.25566 0.015327
1.25912 0.0591185
1.26137 0.0613665
1.26405 0.0640499
1.26437 0.0643694
1.26622 0.066213
1.26952 0.0695185
1.27476 0.0747524
1.27535 0.0153196
1.27535 0.0153196
1.27535 0.0153196
1.27567 0.0156346
1.27567 0.0153151
1.27567 0.0153151
1.27605 0.0760441
1.27973 0.0796975
1.28779 0.0877873
1.29047 0.0904707
1.29533 0.0153134
1.29533 0.0153134
1.29533 0.0153134
1.29568 0.0156595
1.29568 0.01534
1.29568 0.01534
1.29609 0.0960858
1.29641 0.0964053
1.29673 0.0967248
1.29714 0.0971376
1.29771 0.097706
1.29803 0.0980229
1.2985 0.0985005
1.30019 0.100186
1.30092 0.10091
1.30139 0.101387
1.30171 0.101704
1.30203 0.102026
1.3044 0.104399
1.30472 0.104718
1.30538 0.10538
1.30682 0.106819
1.30727 0.107263
1.3102 0.11017
1.31052 0.110515
1.31084 0.110834
1.31125 0.111247
1.31157 0.111567
1.31157 0.111567
1.31189 0.111884
1.31274 0.112735
1.31421 0.114205
1.31552 0.0155206
1.31584 0.115839
1.31597 0.015649
1.31597 0.015649
1.31597 0.015649
1.31597 0.015649
1.31597 0.0153294
1.31597 0.0153294
1.31629 0.116287
1.31629 0.015649
1.31683 0.116824
1.31715 0.117144
1.3175 0.117495
1.318 0.118001
1.31898 0.0189741
1.3193 0.0192771
1.3193 0.119293
1.32033 0.0203286
1.32087 0.0208658
1.32249 0.0224654
1.32249 0.122491
1.32561 0.12561
1.32705 0.127049
1.32802 0.0280095
1.32834 0.128341
1.32932 0.0293147
1.32998 0.129976
1.33086 0.0308391
1.33118 0.131174
1.33118 0.0311752
1.33175 0.031727
1.33278 0.132778
1.33403 0.0340311
1.33457 0.0345517
1.33542 0.0354166
1.33555 0.0155197
1.33555 0.0155197
1.33555 0.0155197
1.33568 0.0156481
1.33568 0.0153286
1.33568 0.0153286
1.33718 0.137174
1.33753 0.037504
1.33822 0.138217
1.33854 0.138537
1.33895 0.13895
1.33996 0.139953
1.34108 0.141082
1.34159 0.0415721
1.34284 0.14284
1.34453 0.0445294
1.34566 0.145657
1.34673 0.146723
1.34705 0.0470431
1.35013 0.0501308
1.35104 0.0510413
1.35136 0.0513608
1.35535 0.0153351
1.35535 0.0153351
1.35535 0.0153351
1.35566 0.0156502
1.35566 0.0153307
1.35566 0.0153307
1.35912 0.0591221
1.36137 0.0613701
1.36406 0.0640535
1.36438 0.064373
1.36625 0.0662477
1.36956 0.0695532
1.37479 0.0747872
1.37535 0.0153232
1.37535 0.0153232
1.37535 0.0153232
1.37567 0.0156382
1.37567 0.0153187
1.37567 0.0153187
1.37608 0.0760788
1.37976 0.0797322
1.38782 0.087822
1.39051 0.0905054
1.39533 0.015317
1.39533 0.015317
1.39533 0.015317
1.39565 0.015632
1.39565 0.0153125
1.39565 0.0153125
1.39615 0.0961516
1.39647 0.0964711
1.39679 0.0967906
1.39717 0.0971724
1.39774 0.0977407
1.39806 0.0980436
1.39857 0.0985663
1.40032 0.1003
1.40104 0.101024
1.40146 0.101453
1.40178 0.101756
1.40178 0.101773
1.40443 0.104425
1.40475 0.104745
1.40541 0.105406
1.40688 0.106877
1.40729 0.107289
1.41022 0.110196
1.41054 0.110541
1.41086 0.110861
1.41121 0.111211
1.41153 0.111531
1.41185 0.11185
1.41217 0.112153
1.41277 0.112769
1.41424 0.11424
1.41553 0.0155242
1.41585 0.115843
1.41597 0.0156526
1.41597 0.0156526
1.41597 0.0156526
1.41597 0.0156526
1.41597 0.0153331
1.41597 0.0153331
1.41629 0.116291
1.41629 0.0156526
1.41683 0.116828
1.41718 0.117179
1.41753 0.117529
1.41807 0.118066
1.41898 0.0189778
1.4193 0.0192893
1.4193 0.119296
1.4203 0.0203011
1.42087 0.0208694
1.42247 0.122463
1.42279 0.0227695
1.42566 0.125653
1.42713 0.127123
1.42804 0.0280195
1.42836 0.128353
1.42933 0.0293267
1.43002 0.130019
1.43084 0.0308287
1.43116 0.131155
1.43116 0.0311562
1.43176 0.0317477
1.43282 0.132821
1.43404 0.0340432
1.43455 0.0345413
1.43543 0.0354287
1.43556 0.0155318
1.43556 0.0155318
1.43556 0.0155318
1.43569 0.0156602
1.43569 0.0153407
1.43569 0.0153407
1.43722 0.137217
1.43754 0.0375109
1.43826 0.138261
1.43858 0.13858
1.43893 0.138931
1.43994 0.139934
1.44107 0.141063
1.4416 0.0415928
1.44282 0.142821
1.44454 0.0445414
1.4457 0.1457
1.44671 0.146704
1.44703 0.0470241
1.45014 0.0501429
1.45105 0.0510534
1.45137 0.0513729
1.45533 0.0153161
1.45533 0.0153161
1.45533 0.0153161
1.45564 0.0156311
1.45564 0.0153116
1.45564 0.0153116
1.45914 0.0591342
1.46138 0.0613822
1.46407 0.0640656
1.46439 0.0643851
1.46623 0.0662287
1.46957 0.0695653
1.47477 0.0747681
1.47536 0.0153353
1.47536 0.0153353
1.47536 0.0153353
1.47568 0.0156503
1.47568 0.0153308
1.47568 0.0153308
1.47606 0.0760598
1.47974 0.0797131
1.4878 0.087803
1.49049 0.0904864
1.49534 0.0153291
1.49534 0.0153291
1.49534 0.0153291
1.49566 0.0156441
1.49566 0.0153246
1.49566 0.0153246
1.49617 0.0961637
1.49648 0.0964832
1.4968 0.0968027
1.49715 0.0971533
1.49775 0.0977528
1.49807 0.0980643
1.49855 0.0985473
1.5003 0.10029
1.50105 0.101045
1.50147 0.101465
1.50179 0.101777
1.50179 0.101785
1.50444 0.104437
1.50476 0.104757
1.50542 0.105418
1.50689 0.106889
1.5073 0.107302
1.51024 0.110208
1.51055 0.110553
1.51087 0.110873
1.51129 0.111286
1.51161 0.111605
1.51161 0.111605
1.51193 0.111917
1.51277 0.112773
1.51424 0.114243
1.51553 0.0155278
1.51585 0.115846
1.51598 0.0156562
1.51598 0.0156562
1.51598 0.0156562
1.51598 0.0156562
1.51598 0.0153367
1.51598 0.0153367
1.5163 0.116294
1.5163 0.0156562
1.51686 0.116863
1.51718 0.117182
1.51753 0.117533
1.51807 0.11807
1.51898 0.0189814
1.5193 0.0193016
1.5193 0.1193
1.52031 0.0203047
1.52087 0.020873
1.52247 0.0224658
1.52279 0.122786
1.52566 0.125657
1.5271 0.127096
1.52804 0.0280211
1.52836 0.128357
1.52933 0.0293304
1.53002 0.130022
1.53084 0.030841
1.53116 0.131159
1.53116 0.0311598
1.53173 0.0317288
1.53283 0.132824
1.53405 0.0340468
1.53455 0.0345536
1.53543 0.0354323
1.53556 0.0155354
1.53556 0.0155354
1.53556 0.0155354
1.53569 0.0156638
1.53569 0.0153443
1.53569 0.0153443
1.53722 0.137221
1.53754 0.0375405
1.53827 0.138264
1.53859 0.138584
1.539 0.138996
1.53997 0.139969
1.54113 0.141128
1.54157 0.0415739
1.54289 0.142887
1.54455 0.0445451
1.54571 0.145704
1.5468 0.146801
1.54712 0.047121
1.55015 0.0501465
1.55106 0.051057
1.55138 0.0513765
1.55533 0.0153197
1.55533 0.0153197
1.55533 0.0153197
1.55565 0.0156347
1.55565 0.0153152
1.55565 0.0153152
1.55914 0.0591378
1.56139 0.0613858
1.56407 0.0640692
1.56439 0.0643887
1.56623 0.0662323
1.56954 0.0695378
1.57477 0.0747717
1.57537 0.0153389
1.57537 0.0153389
1.57537 0.0153389
1.57568 0.0156539
1.57568 0.0153344
1.57568 0.0153344
1.57606 0.0760634
1.57974 0.0797168
1.58781 0.0878066
1.59049 0.09049
1.59535 0.0153327
1.59535 0.0153327
1.59535 0.0153327
1.59566 0.0156477
1.59566 0.0153282
1.59566 0.0153282
1.59614 0.0961362
1.59646 0.0964557
1.59678 0.0967752
1.59716 0.0971569
1.59776 0.0977564
1.59808 0.0980766
1.59855 0.0985509
1.6003 0.100302
1.60103 0.101026
1.60144 0.101438
1.60176 0.101758
1.60176 0.101757
1.60444 0.104441
1.60476 0.10476
1.60542 0.105422
1.60686 0.106861
1.60727 0.107274
1.61024 0.110212
1.61056 0.110557
1.61088 0.110876
1.61129 0.111289
1.61161 0.111609
1.61161 0.111609
1.61193 0.111929
1.61278 0.112777
1.61425 0.114247
1.61556 0.0155314
1.61588 0.115881
1.61601 0.0156598
1.61601 0.0156598
1.61601 0.0156598
1.61601 0.0156598
1.61601 0.0153403
1.61601 0.0153403
1.61633 0.116329
1.61633 0.0156598
1.61687 0.116866
1.61719 0.117186
1.61754 0.117536
1.61807 0.118074
1.61902 0.018985
1.61934 0.0193138
1.61934 0.119335
1.62034 0.0203083
1.62091 0.0208766
1.6225 0.0224815
1.62282 0.122821
1.62566 0.12566
1.6271 0.127099
1.62804 0.0280226
1.62836 0.12836
1.62933 0.0293029
1.63003 0.130026
1.63084 0.0308221
1.63116 0.131163
1.63116 0.0311323
1.63176 0.0317411
1.63283 0.132828
1.63408 0.0340504
1.63459 0.0345658
1.63547 0.0354359
1.6356 0.0155701
1.6356 0.0155701
1.6356 0.0155701
1.63572 0.0156985
1.63572 0.015379
1.63572 0.015379
1.63723 0.137224
1.63754 0.0375389
1.63827 0.138268
1.63859 0.138587
1.639 0.139
1.63997 0.139973
1.64113 0.141132
1.64161 0.0415862
1.64289 0.142891
1.64458 0.0445487
1.64571 0.145707
1.64677 0.146773
1.64709 0.0470624
1.65018 0.0501501
1.65109 0.0510606
1.65141 0.0513801
1.65533 0.0153233
1.65533 0.0153233
1.65533 0.0153233
1.65565 0.0156384
1.65565 0.0153189
1.65565 0.0153189
1.65917 0.0591414
1.66139 0.0613583
1.66407 0.0640417
1.66439 0.0643612
1.66627 0.0662359
1.6696 0.0695725
1.67481 0.0747754
1.67534 0.0153114
1.67534 0.0153114
1.67534 0.0153114
1.67569 0.0156575
1.67569 0.015338
1.67569 0.015338
1.6761 0.076067
1.67975 0.0797204
1.68784 0.0878102
1.69052 0.0904936
1.69535 0.0153363
1.69535 0.0153363
1.69535 0.0153363
1.69566 0.0156513
1.69566 0.0153318
1.69566 0.0153318
1.69617 0.0961398
1.69649 0.0964593
1.69681 0.0967788
1.69719 0.0971606
1.69776 0.0977289
1.69808 0.0980577
1.69859 0.0985545
1.70034 0.100314
1.70106 0.101038
1.70147 0.101441
1.70179 0.10177
1.70179 0.101761
1.70444 0.104413
1.70476 0.104733
1.70546 0.105426
1.7069 0.106865
1.70731 0.107278
1.71024 0.110216
1.71056 0.110529
1.71088 0.110849
1.71132 0.111293
1.71164 0.111612
1.71164 0.111612
1.71196 0.111941
1.71281 0.11278
1.71428 0.11425
1.71553 0.0155039
1.71566 0.0153128
1.71566 0.0153128
1.71566 0.0153128
1.71598 0.115951
1.7163 0.11627
1.71643 0.0160802
1.71643 0.0157607
1.71643 0.0157607
1.7169 0.116874
1.71722 0.117193
1.71758 0.117544
1.71808 0.11805
1.71899 0.0189615
1.71931 0.019299
1.71931 0.11928
1.72035 0.0203159
1.72091 0.0208842
1.72248 0.0224701
1.7228 0.122767
1.7257 0.125668
1.72714 0.127107
1.72802 0.027997
1.72837 0.128337
1.72934 0.0293105
1.73006 0.130033
1.73085 0.0308384
1.73117 0.131139
1.73117 0.0311399
1.73174 0.0317262
1.73287 0.132836
1.73406 0.0340269
1.73456 0.034551
1.73547 0.0354435
1.7356 0.0155777
1.7356 0.0155777
1.7356 0.0155777
1.73573 0.0157061
1.73573 0.0153866
1.73573 0.0153866
1.73723 0.137201
1.73755 0.0375413
1.73831 0.138275
1.73863 0.138595
1.73904 0.139008
1.74001 0.13998
1.74117 0.14114
1.74158 0.0415713
1.74293 0.142898
1.74456 0.0445251
1.74571 0.145684
1.74681 0.146781
1.74713 0.0471011
1.75016 0.0501266
1.75107 0.0510371
1.75139 0.0513566
1.75534 0.0153309
1.75534 0.0153309
1.75534 0.0153309
1.75566 0.0156459
1.75566 0.0153264
1.75566 0.0153264
1.75915 0.0591179
1.7614 0.0613659
1.76408 0.0640493
1.7644 0.0643688
1.76627 0.0662435
1.76958 0.069549
1.77481 0.0747829
1.77535 0.015319
1.77535 0.015319
1.77535 0.015319
1.77566 0.015634
1.77566 0.0153145
1.77566 0.0153145
1.7761 0.0760746
1.77975 0.079728
1.78785 0.0878178
1.79053 0.0905012
1.79533 0.0153128
1.79533 0.0153128
1.79533 0.0153128
1.79567 0.0156589
1.79567 0.0153394
1.79567 0.0153394
1.79618 0.0961474
1.7965 0.0964669
1.79682 0.0967864
1.7972 0.0971681
1.79777 0.0977365
1.79809 0.098074
1.79859 0.0985621
1.80031 0.100299
1.80104 0.101023
1.80148 0.101449
1.8018 0.101787
1.8018 0.101769
1.80448 0.104452
1.8048 0.104772
1.80546 0.105433
1.8069 0.106872
1.80732 0.107285
1.81025 0.110223
1.81057 0.110537
1.81089 0.110856
1.81133 0.1113
1.81165 0.11162
1.81165 0.11162
1.81197 0.111957
1.81282 0.112788
1.81429 0.114258
1.81554 0.0155115
1.81567 0.0153204
1.81567 0.0153204
1.81567 0.0153204
1.81599 0.115959
1.81631 0.116278
1.81644 0.0160878
1.81644 0.0157683
1.81644 0.0157683
1.81691 0.116882
1.81723 0.117201
1.81755 0.117521
1.81809 0.118058
1.819 0.0189691
1.81932 0.0193152
1.81932 0.119288
1.82035 0.0203235
1.82089 0.0208607
1.82248 0.0224586
1.8228 0.122774
1.82571 0.125675
1.82714 0.127115
1.82802 0.0280025
1.82837 0.128345
1.82935 0.029318
1.83007 0.130041
1.83083 0.0308235
1.83115 0.131116
1.83147 0.0314359
1.83178 0.031782
1.83285 0.132821
1.83407 0.0340429
1.83455 0.0345446
1.83546 0.0354284
1.83559 0.0155626
1.83559 0.0155626
1.83559 0.0155626
1.83571 0.015691
1.83571 0.0153715
1.83571 0.0153715
1.83725 0.137217
1.83757 0.0375522
1.83829 0.13826
1.83861 0.13858
1.83902 0.138993
1.84 0.139965
1.84115 0.141125
1.84157 0.0415649
1.84291 0.142883
1.84457 0.0445412
1.84573 0.1457
1.84683 0.146797
1.84715 0.0471171
1.85017 0.0501427
1.85108 0.0510532
1.8514 0.0513727
1.85533 0.0153159
1.85533 0.0153159
1.85533 0.0153159
1.85564 0.0156309
1.85564 0.0153114
1.85564 0.0153114
1.85916 0.059134
1.86141 0.0613819
1.86409 0.0640653
1.86441 0.0643849
1.86626 0.0662285
1.86959 0.0695651
1.8748 0.0747679
1.87536 0.0153351
1.87536 0.0153351
1.87536 0.0153351
1.87568 0.0156501
1.87568 0.0153306
1.87568 0.0153306
1.87609 0.0760596
1.87974 0.0797129
1.88783 0.0878027
1.89052 0.0904861
1.89534 0.0153288
1.89534 0.0153288
1.89534 0.0153288
1.89566 0.0156438
1.89566 0.0153243
1.89566 0.0153243
1.89619 0.0961635
1.89651 0.096483
1.89683 0.0968025
1.89718 0.0971531
1.89778 0.0977525
1.8981 0.0980987
1.89858 0.0985471
1.9003 0.100293
1.90105 0.101048
1.90149 0.101465
1.90181 0.101811
1.90181 0.101785
1.90447 0.104437
1.90479 0.104756
1.90545 0.105418
1.90692 0.106888
1.90733 0.107301
1.91023 0.110208
1.91055 0.110522
1.91087 0.110841
1.91131 0.111285
1.91163 0.111605
1.91163 0.111605
1.91195 0.111951
1.9128 0.112773
1.91427 0.114243
1.91556 0.0155275
1.91588 0.115846
1.916 0.0156559
1.916 0.0156559
1.916 0.0156559
1.916 0.0156559
1.916 0.0153364
1.916 0.0153364
1.91632 0.116294
1.91632 0.0156559
1.91689 0.116862
1.91721 0.117182
1.91756 0.117533
1.9181 0.11807
1.91901 0.0189811
1.91933 0.0193048
1.91933 0.1193
1.92033 0.0203044
1.9209 0.0208728
1.9225 0.0224828
1.92282 0.122786
1.92569 0.125656
1.92712 0.127096
1.92804 0.0280125
1.92835 0.128326
1.92936 0.0293301
1.93005 0.130022
1.93087 0.0308442
1.93119 0.131159
1.93119 0.0311596
1.93176 0.0317321
1.93285 0.132824
1.93408 0.0340465
1.93458 0.0345568
1.93546 0.035432
1.93559 0.0155663
1.93559 0.0155663
1.93559 0.0155663
1.93572 0.0156946
1.93572 0.0153751
1.93572 0.0153751
1.93725 0.137221
1.93757 0.0375506
1.93829 0.138264
1.93861 0.138583
1.93903 0.138996
1.94 0.139969
1.94116 0.141128
1.9416 0.0415772
1.94292 0.142887
1.94457 0.0445448
1.94573 0.145703
1.94683 0.1468
1.94715 0.0471207
1.95017 0.0501463
1.95109 0.0510568
1.9514 0.0513763
1.95533 0.0153195
1.95533 0.0153195
1.95533 0.0153195
1.95564 0.0156345
1.95564 0.015315
1.95564 0.015315
1.95917 0.0591376
1.96141 0.0613855
1.9641 0.064069
1.96442 0.0643885
1.96626 0.0662321
1.9696 0.0695687
1.9748 0.0747715
1.97536 0.0153387
1.97536 0.0153387
1.97536 0.0153387
1.97568 0.0156537
1.97568 0.0153342
1.97568 0.0153342
1.97609 0.0760632
1.97974 0.0797165
1.98783 0.0878063
1.99052 0.0904897
1.99534 0.0153324
1.99534 0.0153324
1.99534 0.0153324
1.99566 0.0156475
1.99566 0.015328
1.99566 0.015328
1.99616 0.096136
1.99648 0.0964555
1.9968 0.096775
1.99719 0.0971567
1.99778 0.0977561
1.9981 0.0980798
1.99858 0.0985507
2.00033 0.100305
2.00105 0.101029
2.00147 0.101438
2.00179 0.101761
2.00179 0.101757
2.00447 0.104442
2.00479 0.104762
2.00545 0.105424
2.00689 0.106863
2.0073 0.107276
2.01024 0.110214
2.01056 0.110527
2.01088 0.110847
2.01132 0.111291
2.01164 0.11161
2.01164 0.11161
2.01196 0.111934
2.01281 0.112778
2.01428 0.114248
2.01556 0.015533
2.01588 0.115852
2.01601 0.0156614
2.01601 0.0156614
2.01601 0.0156614
2.01601 0.0156614
2.01601 0.0153419
2.01601 0.0153419
2.01633 0.1163
2.01633 0.0156614
2.0169 0.116868
2.01722 0.117187
2.01757 0.117538
2.0181 0.118075
2.01901 0.0189866
2.01933 0.0193189
2.01933 0.119305
2.02034 0.0203099
2.02091 0.0208783
2.02247 0.0224693
2.02279 0.122761
2.02569 0.125662
2.02713 0.127101
2.02804 0.0280251
2.02836 0.128331
2.02933 0.0293045
2.03006 0.130028
2.03084 0.0308272
2.03116 0.131133
2.03116 0.0311339
2.03176 0.0317462
2.03283 0.132799
2.03408 0.034052
2.03459 0.0345709
2.03547 0.0354375
2.03559 0.0155717
2.03559 0.0155717
2.03559 0.0155717
2.03572 0.0157001
2.03572 0.0153806
2.03572 0.0153806
2.03722 0.137195
2.03754 0.0375198
2.0383 0.138269
2.03862 0.138589
2.03903 0.139002
2.04 0.139974
2.04116 0.141134
2.04161 0.0415913
2.04292 0.142893
2.04458 0.0445503
2.04574 0.145709
2.0468 0.146775
2.04712 0.0470951
2.05018 0.0501518
2.05109 0.0510623
2.05141 0.0513818
2.05533 0.015325
2.05533 0.015325
2.05533 0.015325
2.05565 0.01564
2.05565 0.0153205
2.05565 0.0153205
2.05914 0.059112
2.06142 0.061391
2.0641 0.0640745
2.06442 0.064394
2.06623 0.0662065
2.06957 0.0695431
2.0748 0.074777
2.07537 0.0153442
2.07537 0.0153442
2.07537 0.0153442
2.07568 0.0156592
2.07568 0.0153397
2.07568 0.0153397
2.0761 0.0760687
2.07974 0.079722
2.08781 0.0877807
2.09049 0.0904641
2.09535 0.0153379
2.09535 0.0153379
2.09535 0.0153379
2.09566 0.015653
2.09566 0.0153334
2.09566 0.0153334
2.09617 0.0961415
2.09649 0.096461
2.09681 0.0967805
2.09719 0.0971622
2.09779 0.0977616
2.09811 0.0980939
2.09858 0.0985562
2.1003 0.100288
2.10106 0.101043
2.10147 0.101443
2.10179 0.101775
2.10179 0.101763
2.1045 0.104477
2.10482 0.104797
2.10545 0.105427
2.10689 0.106866
2.10737 0.107341
2.11024 0.110217
2.11056 0.110531
2.11088 0.110851
2.11129 0.111263
2.11161 0.111583
2.11193 0.111902
2.11193 0.111915
2.11278 0.112751
2.11428 0.114252
2.11553 0.0155055
2.11566 0.0153144
2.11566 0.0153144
2.11566 0.0153144
2.11598 0.115953
2.1163 0.116272
2.11643 0.0160818
2.11643 0.0157623
2.11643 0.0157623
2.11687 0.116844
2.11725 0.117226
2.11757 0.117546
2.11808 0.118052
2.11902 0.0189942
2.11934 0.0193352
2.11934 0.119313
2.12034 0.0203175
2.12091 0.0208858
2.12251 0.022489
2.12283 0.122799
2.1257 0.125669
2.12714 0.127109
2.12805 0.0280337
2.12837 0.128339
2.12934 0.0293121
2.13009 0.130066
2.13085 0.0308435
2.13117 0.131141
2.13117 0.0311415
2.13174 0.0317313
2.13283 0.132806
2.13409 0.0340596
2.13456 0.0345561
2.13544 0.035414
2.13557 0.0155482
2.13557 0.0155482
2.13557 0.0155482
2.1357 0.0156766
2.1357 0.0153571
2.1357 0.0153571
2.1372 0.137171
2.13755 0.0375222
2.13827 0.138246
2.13859 0.138565
2.13901 0.138978
2.13998 0.139951
2.14114 0.14111
2.14161 0.0416075
2.1429 0.142869
2.14455 0.0445268
2.14571 0.145685
2.14681 0.146782
2.14713 0.0471027
2.15016 0.0501283
2.15107 0.0510387
2.15139 0.0513583
2.15534 0.0153326
2.15534 0.0153326
2.15534 0.0153326
2.15565 0.0156476
2.15565 0.0153281
2.15565 0.0153281
2.15915 0.0591196
2.16139 0.0613675
2.16411 0.064082
2.16443 0.0644015
2.16624 0.066214
2.16958 0.0695506
2.17481 0.0747846
2.17534 0.0153206
2.17534 0.0153206
2.17534 0.0153206
2.17566 0.0156357
2.17566 0.0153161
2.17566 0.0153161
2.17607 0.0760452
2.17975 0.0797296
2.18782 0.0877883
2.1905 0.0904717
2.19532 0.0153144
2.19532 0.0153144
2.19532 0.0153144
2.19567 0.0156605
2.19567 0.015341
2.19567 0.015341
2.19618 0.096149
2.1965 0.0964686
2.19682 0.0967881
2.1972 0.0971698
2.1978 0.0977692
2.19812 0.0981102
2.19859 0.0985638
2.20028 0.100273
2.20103 0.101028
2.20148 0.101451
2.2018 0.101792
2.2018 0.10177
2.20448 0.104454
2.2048 0.104773
2.20543 0.105404
2.20687 0.106843
2.20734 0.107318
2.21025 0.110225
2.21057 0.110539
2.21089 0.110858
2.2113 0.111271
2.21162 0.11159
2.21194 0.11191
2.21194 0.111931
2.21279 0.112758
2.21429 0.11426
2.21554 0.0155131
2.21567 0.015322
2.21567 0.015322
2.21567 0.015322
2.21599 0.11596
2.21631 0.11628
2.21644 0.0160894
2.21644 0.0157699
2.21644 0.0157699
2.21688 0.116852
2.21726 0.117234
2.21758 0.117553
2.21809 0.118059
2.219 0.0189707
2.21932 0.0192892
2.21932 0.119289
2.22035 0.0203251
2.22092 0.0208934
2.22248 0.0224776
2.2228 0.122776
2.2257 0.125677
2.22711 0.127085
2.22802 0.0280173
2.22834 0.128315
2.22935 0.0293197
2.23007 0.130043
2.23086 0.0308286
2.23118 0.131148
2.23118 0.0311491
2.23177 0.0317475
2.23284 0.132814
2.23409 0.0340672
2.23457 0.0345412
2.23545 0.0354216
2.23558 0.0155558
2.23558 0.0155558
2.23558 0.0155558
2.2357 0.0156842
2.2357 0.0153647
2.2357 0.0153647
2.23721 0.137179
2.23753 0.0375246
2.23828 0.138253
2.2386 0.138573
2.23901 0.138986
2.23999 0.139959
2.24114 0.141118
2.24162 0.0415926
2.2429 0.142877
2.24456 0.0445344
2.24572 0.145693
2.24679 0.146759
2.24711 0.0470792
2.25016 0.0501359
2.25107 0.0510463
2.25139 0.0513658
2.25535 0.0153402
2.25535 0.0153402
2.25535 0.0153402
2.25566 0.0156552
2.25566 0.0153357
2.25566 0.0153357
2.25915 0.0591272
2.2614 0.0613751
2.26412 0.0640896
2.26444 0.0644091
2.26625 0.0662216
2.26955 0.0695271
2.27482 0.0747922
2.27535 0.0153282
2.27535 0.0153282
2.27535 0.0153282
2.27567 0.0156432
2.27567 0.0153237
2.27567 0.0153237
2.27608 0.0760527
2.27976 0.0797372
2.28782 0.0877959
2.29051 0.0904793
2.29533 0.015322
2.29533 0.015322
2.29533 0.015322
2.29565 0.015637
2.29565 0.0153175
2.29565 0.0153175
2.29615 0.0961255
2.29647 0.096445
2.29679 0.0967645
2.2972 0.0971774
2.29777 0.0977457
2.29809 0.0980642
2.2986 0.0985713
2.30032 0.10029
2.30107 0.101044
2.30145 0.101427
2.30177 0.101746
2.30177 0.101747
2.30449 0.104461
2.30481 0.104781
2.30544 0.105411
2.30688 0.106851
2.30735 0.107326
2.31025 0.110232
2.31057 0.110546
2.31089 0.110866
2.3113 0.111279
2.31162 0.111598
2.31194 0.111918
2.31194 0.111917
2.31279 0.112766
2.31426 0.114236
2.31555 0.0155207
2.31567 0.0153296
2.31567 0.0153296
2.31567 0.0153296
2.31599 0.115968
2.31631 0.116287
2.31644 0.016097
2.31644 0.0157775
2.31644 0.0157775
2.31689 0.11686
2.31727 0.117241
2.31759 0.117561
2.31809 0.118067
2.319 0.0189783
2.31932 0.0193054
2.31932 0.119297
2.32033 0.0203016
2.32093 0.020901
2.32249 0.0224662
2.32281 0.122783
2.32568 0.125653
2.32712 0.127093
2.32803 0.0280259
2.32835 0.128323
2.32932 0.0292962
2.33008 0.13005
2.33086 0.0308448
2.33118 0.131156
2.33118 0.0311567
2.33175 0.0317327
2.33285 0.132821
2.33407 0.0340437
2.33458 0.0345574
2.33545 0.0354292
2.33558 0.0155634
2.33558 0.0155634
2.33558 0.0155634
2.33571 0.0156918
2.33571 0.0153723
2.33571 0.0153723
2.33721 0.137187
2.33753 0.037527
2.33829 0.138261
2.33861 0.138581
2.33899 0.138962
2.33999 0.139966
2.34112 0.141094
2.34163 0.0416089
2.34291 0.142884
2.34457 0.044542
2.3457 0.145669
2.34679 0.146766
2.34711 0.0470868
2.35017 0.0501434
2.35108 0.0510539
2.3514 0.0513734
2.35532 0.0153166
2.35532 0.0153166
2.35532 0.0153166
2.35567 0.0156628
2.35567 0.0153432
2.35567 0.0153432
2.35913 0.0591036
2.36141 0.0613827
2.36409 0.0640661
2.36441 0.0643856
2.36625 0.0662292
2.36956 0.0695347
2.37483 0.0747997
2.37536 0.0153358
2.37536 0.0153358
2.37536 0.0153358
2.37567 0.0156508
2.37567 0.0153313
2.37567 0.0153313
2.37609 0.0760603
2.37976 0.0797448
2.38783 0.0878035
2.39051 0.0904869
2.39534 0.0153296
2.39534 0.0153296
2.39534 0.0153296
2.39565 0.0156446
2.39565 0.0153251
2.39565 0.0153251
2.39616 0.0961331
2.39648 0.0964526
2.3968 0.0967721
2.39718 0.0971538
2.39778 0.0977533
2.3981 0.0980804
2.3986 0.0985789
2.40029 0.100275
2.40105 0.10103
2.40146 0.101435
2.40178 0.101762
2.40178 0.101754
2.40449 0.104469
2.40481 0.104788
2.40544 0.105419
2.40688 0.106858
2.40736 0.107333
2.41023 0.110209
2.41055 0.110523
2.41087 0.110842
2.41131 0.111286
2.41163 0.111606
2.41195 0.111925
2.41195 0.111933
2.4128 0.112773
2.41427 0.114244
2.41555 0.0155283
2.41568 0.0153372
2.41568 0.0153372
2.41568 0.0153372
2.416 0.115975
2.41632 0.116295
2.41645 0.0161046
2.41645 0.0157851
2.41645 0.0157851
2.41689 0.116867
2.41724 0.117218
2.41756 0.117537
2.41807 0.118043
2.41901 0.0189859
2.41933 0.0193216
2.41933 0.119305
2.42033 0.0203092
2.4209 0.0208775
2.4225 0.0224859
2.42282 0.122791
2.42569 0.125661
2.42713 0.1271
2.42804 0.0280346
2.42836 0.12833
2.42933 0.0293037
2.43008 0.130058
2.43084 0.0308299
2.43116 0.131132
2.43116 0.0311332
2.43176 0.0317489
2.43282 0.132798
2.43408 0.0340513
2.43455 0.0345425
2.43546 0.0354368
2.43559 0.015571
2.43559 0.015571
2.43559 0.015571
2.43572 0.0156994
2.43572 0.0153799
2.43572 0.0153799
2.43722 0.137194
2.43754 0.0375294
2.43829 0.138269
2.43861 0.138588
2.439 0.13897
2.44 0.139974
2.44113 0.141102
2.4416 0.041594
2.44292 0.142892
2.44457 0.0445495
2.4457 0.145677
2.4468 0.146774
2.44712 0.0470944
2.45018 0.050151
2.45109 0.0510615
2.45141 0.051381
2.45533 0.0153242
2.45533 0.0153242
2.45533 0.0153242
2.45564 0.0156392
2.45564 0.0153197
2.45564 0.0153197
2.45914 0.0591112
2.46141 0.0613903
2.4641 0.0640737
2.46442 0.0643932
2.46623 0.0662057
2.46957 0.0695423
2.4748 0.0747762
2.47536 0.0153434
2.47536 0.0153434
2.47536 0.0153434
2.47568 0.0156584
2.47568 0.0153389
2.47568 0.0153389
2.47609 0.0760679
2.47974 0.0797212
2.4878 0.0877799
2.49052 0.0904945
2.49534 0.0153372
2.49534 0.0153372
2.49534 0.0153372
2.49566 0.0156522
2.49566 0.0153327
2.49566 0.0153327
2.49617 0.0961407
2.49648 0.0964602
2.4968 0.0967797
2.49719 0.0971614
2.49779 0.0977609
2.4981 0.0980967
2.49858 0.0985554
2.5003 0.100291
2.50105 0.101046
2.50147 0.101442
2.50179 0.101778
2.50179 0.101762
2.5045 0.104476
2.50482 0.104796
2.50545 0.105426
2.50689 0.106866
2.50737 0.107341
2.51024 0.110216
2.51055 0.11053
2.51087 0.11085
2.51129 0.111263
2.51161 0.111582
2.51193 0.111902
2.51193 0.111918
2.51277 0.11275
2.51428 0.114251
2.51553 0.0155048
2.51566 0.0153137
2.51566 0.0153137
2.51566 0.0153137
2.51598 0.115952
2.5163 0.116271
2.51642 0.0160811
2.51642 0.0157616
2.51642 0.0157616
2.51687 0.116844
2.51725 0.117225
2.51757 0.117545
2.51808 0.118051
2.51902 0.0189934
2.51934 0.0193068
2.51934 0.119312
2.52034 0.0203167
2.52091 0.0208851
2.5225 0.0224745
2.52282 0.122799
2.52569 0.125669
2.52713 0.127108
2.52804 0.0280121
2.52836 0.128338
2.52934 0.0293113
2.53009 0.130065
2.53088 0.0308462
2.5312 0.131171
2.5312 0.0311719
2.53176 0.031734
2.53283 0.132805
2.53408 0.0340588
2.53459 0.0345588
2.53544 0.0354132
2.53557 0.0155475
2.53557 0.0155475
2.53557 0.0155475
2.53569 0.0156759
2.53569 0.0153563
2.53569 0.0153563
2.53723 0.137202
2.53755 0.0375319
2.5383 0.138276
2.53862 0.138596
2.539 0.138977
2.54001 0.139981
2.54113 0.141109
2.54164 0.0416102
2.54289 0.142868
2.54455 0.044526
2.54571 0.145685
2.54681 0.146782
2.54713 0.047102
2.55015 0.0501275
2.55106 0.051038
2.55138 0.0513575
2.55534 0.0153318
2.55534 0.0153318
2.55534 0.0153318
2.55565 0.0156468
2.55565 0.0153273
2.55565 0.0153273
2.55914 0.0591188
2.56139 0.0613668
2.5641 0.0640813
2.56442 0.0644008
2.56624 0.0662133
2.56957 0.0695499
2.57481 0.0747838
2.57534 0.0153199
2.57534 0.0153199
2.57534 0.0153199
2.57566 0.0156349
2.57566 0.0153154
2.57566 0.0153154
2.57607 0.0760444
2.57975 0.0797288
2.58781 0.0877875
2.59049 0.0904709
2.59535 0.0153448
2.59535 0.0153448
2.59535 0.0153448
2.59567 0.0156598
2.59567 0.0153403
2.59567 0.0153403
2.59617 0.0961483
2.59649 0.0964678
2.59681 0.0967873
2.59719 0.097169
2.59779 0.0977685
2.59811 0.0980818
2.59859 0.098563
2.60031 0.100276
2.60106 0.101031
2.60147 0.10145
2.60179 0.101763
2.60179 0.101769
2.60448 0.104453
2.6048 0.104772
2.60543 0.105403
2.60687 0.106842
2.60734 0.107317
2.61024 0.110224
2.61056 0.110538
2.61088 0.110857
2.61129 0.11127
2.61161 0.11159
2.61193 0.111909
2.61193 0.111903
2.61278 0.112757
2.61428 0.114259
2.61554 0.0155124
2.61566 0.0153213
2.61566 0.0153213
2.61566 0.0153213
2.61598 0.115959
2.6163 0.116279
2.61643 0.0160887
2.61643 0.0157692
2.61643 0.0157692
2.61687 0.116851
2.61726 0.117233
2.61758 0.117552
2.61808 0.118059
2.61899 0.0189699
2.61931 0.0192919
2.61931 0.119289
2.62035 0.0203243
2.62092 0.0208927
2.62251 0.0224942
2.62283 0.122806
2.6257 0.125676
2.62711 0.127084
2.62805 0.0280207
2.62837 0.128345
2.62934 0.0293189
2.63007 0.130042
2.63085 0.0308313
2.63117 0.131148
2.63117 0.0311484
2.63177 0.0317502
2.63284 0.132813
2.63409 0.0340664
2.63456 0.0345439
2.63544 0.0354208
2.63557 0.0155551
2.63557 0.0155551
2.63557 0.0155551
2.6357 0.0156834
2.6357 0.0153639
2.6357 0.0153639
2.6372 0.137178
2.63752 0.0375032
2.63828 0.138253
2.6386 0.138572
2.63901 0.138985
2.63998 0.139958
2.64114 0.141117
2.64162 0.0415953
2.6429 0.142876
2.64456 0.0445336
2.64572 0.145692
2.64678 0.146758
2.6471 0.0470784
2.65016 0.0501351
2.65107 0.0510456
2.65139 0.0513651
2.65534 0.0153394
2.65534 0.0153394
2.65534 0.0153394
2.65566 0.0156544
2.65566 0.0153349
2.65566 0.0153349
2.65915 0.0591264
2.6614 0.0613743
2.66411 0.0640889
2.66443 0.0644084
2.66624 0.0662209
2.66955 0.0695264
2.67481 0.0747914
2.67535 0.0153275
2.67535 0.0153275
2.67535 0.0153275
2.67566 0.0156425
2.67566 0.015323
2.67566 0.015323
2.67607 0.076052
2.67975 0.0797364
2.68782 0.0877951
2.6905 0.0904785
2.69533 0.0153212
2.69533 0.0153212
2.69533 0.0153212
2.69564 0.0156363
2.69564 0.0153168
2.69564 0.0153168
2.69615 0.0961248
2.69647 0.0964443
2.69679 0.0967638
2.6972 0.0971766
2.69777 0.0977449
2.69809 0.0980669
2.69859 0.0985706
2.70031 0.100292
2.70107 0.101047
2.70145 0.101426
2.70177 0.101748
2.70177 0.101746
2.70448 0.10446
2.7048 0.10478
2.70543 0.105411
2.70687 0.10685
2.70735 0.107325
2.71025 0.110232
2.71057 0.110545
2.71089 0.110865
2.7113 0.111278
2.71162 0.111597
2.71194 0.111917
2.71194 0.111919
2.71279 0.112765
2.71426 0.114235
2.71554 0.01552
2.71567 0.0153288
2.71567 0.0153288
2.71567 0.0153288
2.71599 0.115967
2.71631 0.116287
2.71644 0.0160962
2.71644 0.0157767
2.71644 0.0157767
2.71688 0.116859
2.71726 0.117241
2.71758 0.11756
2.71809 0.118066
2.719 0.0189775
2.71932 0.0193081
2.71932 0.119296
2.72035 0.0203319
2.72092 0.0209003
2.72249 0.0224828
2.72281 0.122783
2.72568 0.125653
2.72711 0.127092
2.72806 0.0280293
2.72838 0.128353
2.72932 0.0292954
2.73007 0.13005
2.73083 0.0308164
2.73115 0.131124
2.73147 0.0314443
2.73179 0.0317749
2.73282 0.132798
2.73407 0.0340514
2.73458 0.0345686
2.73546 0.0354369
2.73559 0.0155711
2.73559 0.0155711
2.73559 0.0155711
2.73572 0.0156995
2.73572 0.01538
2.73572 0.01538
2.73722 0.137194
2.73754 0.037514
2.73829 0.138269
2.73861 0.138588
2.73899 0.13897
2.74 0.139974
2.74112 0.141102
2.7416 0.0415889
2.74291 0.142892
2.74457 0.0445497
2.7457 0.145677
2.7468 0.146774
2.74712 0.0470945
2.75017 0.0501511
2.75108 0.0510616
2.7514 0.0513811
2.75533 0.0153243
2.75533 0.0153243
2.75533 0.0153243
2.75564 0.0156394
2.75564 0.0153198
2.75564 0.0153198
2.75913 0.0591113
2.76141 0.0613904
2.7641 0.0640738
2.76442 0.0643933
2.76623 0.0662058
2.76956 0.0695424
2.7748 0.0747764
2.77536 0.0153435
2.77536 0.0153435
2.77536 0.0153435
2.77568 0.0156585
2.77568 0.015339
2.77568 0.015339
2.77609 0.076068
2.77974 0.0797214
2.7878 0.0877801
2.79052 0.0904946
2.79534 0.0153373
2.79534 0.0153373
2.79534 0.0153373
2.79566 0.0156523
2.79566 0.0153328
2.79566 0.0153328
2.79616 0.0961408
2.79648 0.0964603
2.7968 0.0967798
2.79718 0.0971616
2.79778 0.097761
2.7981 0.0980916
2.79858 0.0985555
2.8003 0.100286
2.80105 0.101041
2.80146 0.101442
2.80178 0.101773
2.80178 0.101762
2.8045 0.104477
2.80482 0.104796
2.80545 0.105427
2.80689 0.106866
2.80736 0.107341
2.81023 0.110217
2.81055 0.11053
2.81087 0.11085
2.81128 0.111263
2.8116 0.111582
2.81192 0.111902
2.81192 0.111913
2.81277 0.11275
2.81427 0.114251
2.81553 0.0155049
2.81565 0.0153138
2.81565 0.0153138
2.81565 0.0153138
2.81597 0.115952
2.81629 0.116271
2.81642 0.0160812
2.81642 0.0157617
2.81642 0.0157617
2.81687 0.116844
2.81725 0.117226
2.81757 0.117545
2.81807 0.118051
2.81901 0.0189936
2.81933 0.0193328
2.81933 0.119312
2.82034 0.0203169
2.82091 0.0208852
2.8225 0.0224798
2.82282 0.122799
2.82569 0.125669
2.82713 0.127108
2.82804 0.0280153
2.82836 0.128338
2.82933 0.0293115
2.83009 0.130066
2.83084 0.0308411
2.83116 0.13114
2.83116 0.0311409
2.83173 0.031729
2.83283 0.132806
2.83408 0.034059
2.83456 0.0345537
2.83543 0.0354134
2.83556 0.0155476
2.83556 0.0155476
2.83556 0.0155476
2.83569 0.015676
2.83569 0.0153565
2.83569 0.0153565
2.83722 0.137202
2.83754 0.0375164
2.83827 0.138245
2.83859 0.138565
2.839 0.138978
2.84 0.139981
2.84113 0.14111
2.84161 0.0416052
2.84289 0.142868
2.84455 0.0445261
2.84571 0.145685
2.8468 0.146782
2.84712 0.0471021
2.85015 0.0501276
2.85106 0.0510381
2.85138 0.0513576
2.85533 0.0153319
2.85533 0.0153319
2.85533 0.0153319
2.85565 0.0156469
2.85565 0.0153274
2.85565 0.0153274
2.85914 0.0591189
2.86139 0.0613669
2.8641 0.0640814
2.86442 0.0644009
2.86623 0.0662134
2.86957 0.06955
2.87481 0.0747839
2.87534 0.01532
2.87534 0.01532
2.87534 0.01532
2.87565 0.015635
2.87565 0.0153155
2.87565 0.0153155
2.87607 0.0760445
2.87974 0.079729
2.88781 0.0877877
2.89052 0.0905022
2.89532 0.0153138
2.89532 0.0153138
2.89532 0.0153138
2.89566 0.0156599
2.89566 0.0153404
2.89566 0.0153404
2.89617 0.0961484
2.89649 0.0964679
2.89681 0.0967874
2.89719 0.0971691
2.89779 0.0977686
2.89811 0.0981078
2.89858 0.0985631
2.90027 0.100271
2.90103 0.101026
2.90147 0.10145
2.90179 0.101789
2.90179 0.10177
2.90447 0.104453
2.90479 0.104773
2.90542 0.105403
2.90686 0.106842
2.90734 0.107317
2.91024 0.110224
2.91056 0.110538
2.91088 0.110857
2.91129 0.11127
2.91161 0.11159
2.91193 0.111909
2.91193 0.111929
2.91278 0.112758
2.91428 0.114259
2.91553 0.0155125
2.91566 0.0153214
2.91566 0.0153214
2.91566 0.0153214
2.91598 0.11596
2.9163 0.116279
2.91643 0.0160888
2.91643 0.0157693
2.91643 0.0157693
2.91687 0.116851
2.91725 0.117233
2.91757 0.117553
2.91808 0.118059
2.91899 0.01897
2.91931 0.0192868
2.91931 0.119289
2.92034 0.0203245
2.92091 0.0208928
2.92248 0.0224684
2.9228 0.122775
2.9257 0.125676
2.92711 0.127084
2.92805 0.0280239
2.92837 0.128346
2.92934 0.029319
2.93006 0.130042
2.93085 0.0308262
2.93117 0.131148
2.93117 0.0311485
2.93177 0.0317452
2.93283 0.132813
2.93409 0.0340665
2.93459 0.0345699
2.93544 0.035421
2.93557 0.0155552
2.93557 0.0155552
2.93557 0.0155552
2.9357 0.0156836
2.9357 0.0153641
2.9357 0.0153641
2.9372 0.137178
2.93752 0.0375189
2.93827 0.138253
2.93859 0.138572
2.93901 0.138985
2.93998 0.139958
2.94114 0.141117
2.94161 0.0415903
2.9429 0.142876
2.94455 0.0445337
2.94571 0.145692
2.94681 0.146789
2.94713 0.0471097
2.95016 0.0501352
2.95107 0.0510457
2.95139 0.0513652
2.95534 0.0153395
2.95534 0.0153395
2.95534 0.0153395
2.95565 0.0156545
2.95565 0.015335
2.95565 0.015335
2.95915 0.0591265
2.96139 0.0613745
2.96411 0.064089
2.96443 0.0644085
2.96624 0.066221
2.96955 0.0695265
2.97481 0.0747915
2.97534 0.0153276
2.97534 0.0153276
2.97534 0.0153276
2.97566 0.0156426
2.97566 0.0153231
2.97566 0.0153231
2.97607 0.0760521
2.97975 0.0797365
2.98782 0.0877952
2.9905 0.0904787
2.99532 0.0153214
2.99532 0.0153214
2.99532 0.0153214
2.99564 0.0156364
2.99564 0.0153169
2.99564 0.0153169
2.99615 0.0961249
2.99646 0.0964444
2.99678 0.0967639
2.9972 0.0971767
2.99777 0.0977451
2.99809 0.0980618
2.99859 0.0985707
3.00031 0.100287
3.00107 0.101042
3.00145 0.101427
3.00177 0.101743
3.00177 0.101746
3.00448 0.104463
3.0048 0.104782
3.00543 0.105413
3.00687 0.106852
3.00735 0.107327
3.01025 0.110234
3.01057 0.110548
3.01089 0.110867
3.0113 0.11128
3.01162 0.111599
3.01194 0.111919
3.01194 0.111916
3.01279 0.112767
3.01426 0.114238
3.01554 0.0155221
3.01567 0.015331
3.01567 0.015331
3.01567 0.015331
3.01599 0.115969
3.01631 0.116289
3.01644 0.0160984
3.01644 0.0157789
3.01644 0.0157789
3.01688 0.116861
3.01726 0.117243
3.01758 0.117562
3.01809 0.118068
3.019 0.0189796
3.01932 0.0193051
3.01932 0.119298
3.02035 0.020334
3.02092 0.0209024
3.02252 0.0224901
3.02284 0.122816
3.02568 0.125655
3.02711 0.127094
3.02806 0.0280346
3.02838 0.128355
3.02935 0.0293286
3.03007 0.130052
3.03086 0.0308445
3.03118 0.131157
3.03118 0.0311581
3.03175 0.0317323
3.03284 0.132823
3.03406 0.034045
3.03457 0.0345571
3.03545 0.0354305
3.03558 0.0155648
3.03558 0.0155648
3.03558 0.0155648
3.03571 0.0156931
3.03571 0.0153736
3.03571 0.0153736
3.03721 0.137188
3.03753 0.0375233
3.03828 0.138262
3.0386 0.138582
3.03898 0.138964
3.03999 0.139967
3.04112 0.141096
3.04162 0.0416085
3.04291 0.142886
3.04456 0.0445433
3.04569 0.145671
3.04679 0.146768
3.04711 0.0470881
3.05016 0.0501448
3.05107 0.0510553
3.05139 0.0513748
3.05535 0.015318
3.05535 0.015318
3.05535 0.015318
3.05569 0.0156641
3.05569 0.0153446
3.05569 0.0153446
3.05912 0.059105
3.0614 0.0613841
3.06409 0.0640675
3.06441 0.064387
3.06625 0.0662306
3.06956 0.0695361
3.07482 0.0748011
3.07535 0.0153372
3.07535 0.0153372
3.07535 0.0153372
3.07567 0.0156522
3.07567 0.0153327
3.07567 0.0153327
3.07608 0.0760617
3.07976 0.0797461
3.08782 0.0878048
3.09048 0.0904571
3.09533 0.0153309
3.09533 0.0153309
3.09533 0.0153309
3.09565 0.015646
3.09565 0.0153265
3.09565 0.0153265
3.09615 0.0961345
3.09647 0.096454
3.09679 0.0967735
3.09721 0.0971863
3.09777 0.0977546
3.09809 0.0980801
3.09857 0.0985492
3.10029 0.100274
3.10104 0.101029
3.10146 0.101436
3.10178 0.101762
3.10178 0.101756
3.10452 0.104501
3.10484 0.104821
3.10544 0.10542
3.10685 0.106828
3.10739 0.107366
3.11022 0.11021
3.11054 0.110524
3.11086 0.110844
3.11128 0.111256
3.1116 0.111576
3.11192 0.111895
3.11192 0.111901
3.11279 0.112775
3.11426 0.114245
3.11555 0.0155297
3.11568 0.0153385
3.11568 0.0153385
3.11568 0.0153385
3.116 0.115977
3.11632 0.116296
3.11644 0.016106
3.11644 0.0157864
3.11644 0.0157864
3.11689 0.116869
3.1173 0.117281
3.11762 0.117601
3.11806 0.118045
3.11901 0.0189872
3.11933 0.0193213
3.11965 0.119625
3.12034 0.020319
3.12094 0.0209184
3.1225 0.0224871
3.12282 0.122801
3.12569 0.125671
3.12713 0.12711
3.12804 0.0280206
3.12836 0.12834
3.12933 0.0293136
3.13009 0.130068
3.13084 0.0308381
3.13116 0.131142
3.13116 0.031143
3.13173 0.0317259
3.1328 0.132777
3.13408 0.0340611
3.13455 0.0345507
3.13543 0.0354155
3.13556 0.0155497
3.13556 0.0155497
3.13556 0.0155497
3.13569 0.0156781
3.13569 0.0153586
3.13569 0.0153586
3.13719 0.137173
3.13751 0.037503
3.13827 0.138247
3.13859 0.138567
3.139 0.13898
3.13997 0.139952
3.14113 0.141112
3.14164 0.0416332
3.14289 0.14287
3.14455 0.0445283
3.14568 0.145656
3.1468 0.146784
3.14712 0.0471042
3.15015 0.0501297
3.15106 0.0510402
3.15138 0.0513597
3.15536 0.015334
3.15536 0.015334
3.15536 0.015334
3.15568 0.0156491
3.15568 0.0153296
3.15568 0.0153296
3.15911 0.0590899
3.16142 0.0614001
3.1641 0.0640835
3.16442 0.064403
3.16623 0.0662155
3.16954 0.069521
3.17484 0.0748172
3.17534 0.0153221
3.17534 0.0153221
3.17534 0.0153221
3.17565 0.0156371
3.17565 0.0153176
3.17565 0.0153176
3.17607 0.0760466
3.17974 0.0797311
3.18781 0.0877898
3.19049 0.0904732
3.19535 0.015347
3.19535 0.015347
3.19535 0.015347
3.19566 0.015662
3.19566 0.0153425
3.19566 0.0153425
3.19617 0.0961505
3.19649 0.09647
3.19681 0.0967895
3.19719 0.0971713
3.19779 0.0977707
3.19811 0.0981048
3.19858 0.0985652
3.20027 0.100268
3.20103 0.101023
3.20144 0.101421
3.20176 0.101755
3.20176 0.101741
3.20454 0.104517
3.20486 0.104837
3.20542 0.105405
3.20686 0.106844
3.2074 0.107382
3.21024 0.110226
3.21056 0.11054
3.21088 0.11086
3.21126 0.111241
3.21158 0.111561
3.2119 0.11188
3.2119 0.111895
3.21278 0.11276
3.21425 0.11423
3.21553 0.0155146
3.21566 0.0153235
3.21566 0.0153235
3.21566 0.0153235
3.21598 0.115962
3.2163 0.116281
3.21643 0.0160909
3.21643 0.0157714
3.21643 0.0157714
3.21687 0.116854
3.21729 0.117266
3.2176 0.117586
3.21805 0.11803
3.21902 0.0190033
3.21934 0.0193149
3.21966 0.119641
3.22032 0.0203039
3.22092 0.0209034
3.22249 0.0224842
3.2228 0.122786
3.22567 0.125656
3.22711 0.127095
3.22806 0.0280437
3.22837 0.128356
3.22932 0.0292985
3.2301 0.130084
3.23086 0.0308316
3.23118 0.131158
3.23118 0.0311591
3.23178 0.0317506
3.23281 0.132793
3.2341 0.0340771
3.2346 0.0345754
3.23545 0.0354315
3.23558 0.0155658
3.23558 0.0155658
3.23558 0.0155658
3.23571 0.0156941
3.23571 0.0153746
3.23571 0.0153746
3.23718 0.137158
3.23753 0.0375139
3.23828 0.138263
3.2386 0.138583
3.23898 0.138965
3.23996 0.139937
3.24108 0.141066
3.24165 0.0416268
3.24291 0.142887
3.24456 0.0445443
3.24569 0.145672
3.24679 0.146769
3.24711 0.0470891
3.25016 0.0501458
3.25107 0.0510563
3.25139 0.0513758
3.25535 0.015319
3.25535 0.015319
3.25535 0.015319
3.25569 0.0156651
3.25569 0.0153456
3.25569 0.0153456
3.25912 0.059106
3.2614 0.0613851
3.26412 0.0640996
3.26444 0.0644191
3.26622 0.0662005
3.26956 0.0695371
3.27482 0.0748021
3.27535 0.0153382
3.27535 0.0153382
3.27535 0.0153382
3.27567 0.0156532
3.27567 0.0153337
3.27567 0.0153337
3.27605 0.0760316
3.27976 0.0797471
3.28779 0.0877747
3.29048 0.0904581
3.29533 0.015332
3.29533 0.015332
3.29533 0.015332
3.29565 0.015647
3.29565 0.0153275
3.29565 0.0153275
3.29615 0.0961355
3.29647 0.096455
3.29679 0.0967745
3.29721 0.0971873
3.29777 0.0977556
3.29809 0.0980672
3.2986 0.0985813
3.30029 0.100261
3.30104 0.101016
3.30142 0.101406
3.30174 0.101718
3.30206 0.102045
3.30453 0.104511
3.30485 0.10483
3.30542 0.105399
3.30686 0.106838
3.30739 0.107375
3.31023 0.11022
3.31055 0.110534
3.31087 0.110853
3.31128 0.111266
3.3116 0.111585
3.31192 0.111905
3.31192 0.111897
3.31277 0.112753
3.31427 0.114255
3.31553 0.015508
3.31565 0.0153169
3.31565 0.0153169
3.31565 0.0153169
3.31597 0.115955
3.31629 0.116275
3.31642 0.0160843
3.31642 0.0157648
3.31642 0.0157648
3.31686 0.116847
3.31728 0.11726
3.3176 0.117579
3.31804 0.118023
3.31901 0.0189967
3.31933 0.0193169
3.31965 0.119635
3.32035 0.0203285
3.32091 0.0208968
3.32251 0.0224897
3.32251 0.122491
3.32569 0.125672
3.3271 0.12708
3.32804 0.0280297
3.32836 0.128341
3.32933 0.0293146
3.33009 0.130069
3.33084 0.0308252
3.33116 0.131143
3.33116 0.031144
3.33176 0.0317442
3.3328 0.132778
3.33408 0.0340621
3.33459 0.0345689
3.33543 0.0354165
3.33556 0.0155507
3.33556 0.0155507
3.33556 0.0155507
3.33569 0.0156791
3.33569 0.0153596
3.33569 0.0153596
3.33719 0.137174
3.33754 0.0375248
3.33827 0.138248
3.33859 0.138568
3.33897 0.13895
3.33997 0.139953
3.3411 0.141082
3.34164 0.0416204
3.34289 0.142871
3.34455 0.0445293
3.34567 0.145657
3.34677 0.146754
3.34709 0.0470741
3.35015 0.0501307
3.35106 0.0510412
3.35138 0.0513607
3.35536 0.015335
3.35536 0.015335
3.35536 0.015335
3.35568 0.0156501
3.35568 0.0153306
3.35568 0.0153306
3.35911 0.0590909
3.36142 0.0614011
3.3641 0.0640845
3.36442 0.064404
3.36623 0.0662165
3.36954 0.069522
3.3748 0.0747871
3.37534 0.0153231
3.37534 0.0153231
3.37534 0.0153231
3.37565 0.0156381
3.37565 0.0153186
3.37565 0.0153186
3.37606 0.0760476
3.37974 0.0797321
3.38781 0.0877908
3.39049 0.0904742
3.39535 0.0153169
3.39535 0.0153169
3.39535 0.0153169
3.39569 0.015663
3.39569 0.0153435
3.39569 0.0153435
3.39614 0.0961204
3.39646 0.0964399
3.39678 0.0967594
3.39719 0.0971723
3.39779 0.0977717
3.39811 0.0980919
3.39858 0.0985662
3.4003 0.100286
3.40106 0.101041
3.40144 0.101422
3.40176 0.101742
3.40176 0.101742
3.4045 0.104487
3.40482 0.104807
3.40542 0.105406
3.40686 0.106845
3.4074 0.107383
3.41021 0.110196
3.41053 0.11051
3.41085 0.11083
3.41126 0.111242
3.41158 0.111562
3.4119 0.111881
3.4119 0.111882
3.41278 0.112761
3.41425 0.114231
3.41553 0.0155156
3.41566 0.0153245
3.41566 0.0153245
3.41566 0.0153245
3.41598 0.115963
3.4163 0.116282
3.41643 0.0160919
3.41643 0.0157724
3.41643 0.0157724
3.41687 0.116855
3.41728 0.117267
3.4176 0.117587
3.41805 0.118031
3.41902 0.0190043
3.41934 0.0193332
3.41934 0.119323
3.42034 0.0203276
3.42091 0.0208959
3.42251 0.0225009
3.42251 0.12249
3.42569 0.125671
3.4271 0.127079
3.42804 0.0280298
3.42836 0.12834
3.42933 0.0293137
3.43009 0.130068
3.43084 0.030833
3.43116 0.131142
3.43116 0.0311431
3.43176 0.0317519
3.43279 0.132777
3.43408 0.0340612
3.43455 0.0345456
3.43543 0.0354156
3.43556 0.0155498
3.43556 0.0155498
3.43556 0.0155498
3.43569 0.0156782
3.43569 0.0153587
3.43569 0.0153587
3.43719 0.137173
3.43754 0.0375187
3.43826 0.138247
3.43858 0.138567
3.43897 0.138949
3.43997 0.139953
3.4411 0.141081
3.44164 0.0416282
3.44289 0.142871
3.44454 0.0445284
3.44567 0.145656
3.44677 0.146753
3.44709 0.0470732
3.45015 0.0501299
3.45106 0.0510403
3.45138 0.0513599
3.45536 0.0153342
3.45536 0.0153342
3.45536 0.0153342
3.45568 0.0156492
3.45568 0.0153297
3.45568 0.0153297
3.45911 0.0590901
3.46142 0.0614002
3.4641 0.0640836
3.46442 0.0644031
3.46623 0.0662156
3.46954 0.0695211
3.4748 0.0747862
3.47534 0.0153222
3.47534 0.0153222
3.47534 0.0153222
3.47565 0.0156373
3.47565 0.0153177
3.47565 0.0153177
3.47606 0.0760468
3.47974 0.0797312
3.48781 0.0877899
3.49049 0.0904733
3.49538 0.0153471
3.49538 0.0153471
3.49538 0.0153471
3.49569 0.0156621
3.49569 0.0153426
3.49569 0.0153426
3.49614 0.0961195
3.49646 0.096439
3.49677 0.0967586
3.49719 0.0971714
3.49779 0.0977708
3.49811 0.0980997
3.49858 0.0985654
3.50027 0.100263
3.50102 0.101018
3.50144 0.101421
3.50176 0.10175
3.50176 0.101741
3.50453 0.104517
3.50485 0.104837
3.50542 0.105405
3.50686 0.106845
3.5074 0.107382
3.51024 0.110226
3.51056 0.11054
3.51088 0.11086
3.51126 0.111241
3.51158 0.111561
3.5119 0.11188
3.5119 0.11189
3.51278 0.11276
3.51425 0.11423
3.51553 0.0155147
3.51566 0.0153236
3.51566 0.0153236
3.51566 0.0153236
3.51598 0.115962
3.5163 0.116281
3.51643 0.016091
3.51643 0.0157715
3.51643 0.0157715
3.51687 0.116854
3.51728 0.117266
3.5176 0.117586
3.51805 0.11803
3.51902 0.0190034
3.51934 0.0193098
3.51966 0.119642
3.52032 0.0203041
3.52092 0.0209035
3.52251 0.0224895
3.52251 0.122497
3.52569 0.125679
3.5271 0.127087
3.52804 0.0280385
3.52836 0.128348
3.52931 0.0292902
3.53009 0.130075
3.53085 0.0308181
3.53117 0.13115
3.53117 0.0311507
3.53177 0.0317371
3.5328 0.132784
3.53408 0.0340688
3.53459 0.0345618
3.53544 0.0354232
3.53557 0.0155574
3.53557 0.0155574
3.53557 0.0155574
3.5357 0.0156858
3.5357 0.0153663
3.5357 0.0153663
3.53717 0.13715
3.53755 0.0375211
3.53827 0.138255
3.53859 0.138575
3.53897 0.138956
3.53998 0.13996
3.5411 0.141088
3.54164 0.0416133
3.54289 0.142878
3.54455 0.044536
3.54568 0.145663
3.54678 0.14676
3.5471 0.0470808
3.55015 0.0501375
3.55106 0.0510479
3.55138 0.0513674
3.55537 0.0153418
3.55537 0.0153418
3.55537 0.0153418
3.55568 0.0156568
3.55568 0.0153373
3.55568 0.0153373
3.55911 0.0590976
3.56139 0.0613767
3.56411 0.0640912
3.56443 0.0644107
3.56621 0.0661921
3.56954 0.0695287
3.57481 0.0747938
3.57534 0.0153298
3.57534 0.0153298
3.57534 0.0153298
3.57566 0.0156448
3.57566 0.0153253
3.57566 0.0153253
3.57607 0.0760543
3.57975 0.0797388
3.58778 0.0877664
3.59047 0.0904498
3.59535 0.0153236
3.59535 0.0153236
3.59535 0.0153236
3.59567 0.0156386
3.59567 0.0153191
3.59567 0.0153191
3.59614 0.0961271
3.59646 0.0964466
3.59678 0.0967661
3.59719 0.097179
3.59779 0.0977784
3.59811 0.0980848
3.59859 0.0985729
3.60031 0.100279
3.60106 0.101034
3.60144 0.101429
3.60176 0.101735
3.60176 0.101748
3.60451 0.104494
3.60483 0.104813
3.60543 0.105413
3.60687 0.106852
3.60737 0.107358
3.61021 0.110203
3.61053 0.110517
3.61085 0.110836
3.61126 0.111249
3.61158 0.111569
3.6119 0.111888
3.6119 0.111875
3.61275 0.112736
3.61425 0.114238
3.61554 0.0155223
3.61567 0.0153312
3.61567 0.0153312
3.61567 0.0153312
3.61598 0.115969
3.6163 0.116289
3.61643 0.0160986
3.61643 0.0157791
3.61643 0.0157791
3.61685 0.11683
3.61729 0.117274
3.61761 0.117594
3.61805 0.118037
3.61899 0.0189799
3.61931 0.0192949
3.61963 0.119618
3.62033 0.0203116
3.62093 0.0209111
3.62249 0.0224781
3.62281 0.122793
3.62568 0.125663
3.62709 0.127072
3.62803 0.0280244
3.62835 0.128333
3.62932 0.0293062
3.63011 0.130091
3.63086 0.0308428
3.63118 0.131166
3.63118 0.0311668
3.63175 0.0317307
3.63282 0.1328
3.63407 0.0340537
3.63457 0.0345554
3.63542 0.0354081
3.63555 0.0155424
3.63555 0.0155424
3.63555 0.0155424
3.63568 0.0156707
3.63568 0.0153512
3.63568 0.0153512
3.63718 0.137166
3.63753 0.0375009
3.63826 0.13824
3.63858 0.13856
3.63899 0.138972
3.63996 0.139945
3.64109 0.141073
3.64166 0.041638
3.64288 0.142863
3.64457 0.044552
3.64566 0.145648
3.64679 0.146777
3.64711 0.0470968
3.65017 0.0501535
3.65108 0.051064
3.6514 0.0513835
3.65535 0.0153267
3.65535 0.0153267
3.65535 0.0153267
3.65567 0.0156417
3.65567 0.0153222
3.65567 0.0153222
3.65913 0.0591137
3.66141 0.0613928
3.66412 0.0641073
3.66444 0.0644268
3.66622 0.0662082
3.66953 0.0695137
3.67482 0.0748098
3.67536 0.0153459
3.67536 0.0153459
3.67536 0.0153459
3.67567 0.0156609
3.67567 0.0153414
3.67567 0.0153414
3.67605 0.0760393
3.67976 0.0797548
3.6878 0.0877824
3.69048 0.0904658
3.69537 0.0153397
3.69537 0.0153397
3.69537 0.0153397
3.69568 0.0156547
3.69568 0.0153352
3.69568 0.0153352
3.69616 0.0961432
3.69648 0.0964627
3.6968 0.0967822
3.69721 0.097195
3.69778 0.0977634
3.6981 0.0980784
3.69857 0.0985579
3.70029 0.100273
3.70105 0.101028
3.70143 0.101414
3.70175 0.101729
3.70175 0.101733
3.70452 0.10451
3.70484 0.104829
3.70544 0.105429
3.70685 0.106837
3.70739 0.107374
3.71023 0.110219
3.71055 0.110533
3.71087 0.110852
3.71128 0.111265
3.7116 0.111585
3.71192 0.111904
3.71192 0.1119
3.71277 0.112752
3.71427 0.114254
3.71555 0.0155384
3.71568 0.0153473
3.71568 0.0153473
3.71568 0.0153473
3.716 0.115985
3.71632 0.116305
3.71645 0.0161147
3.71645 0.0157952
3.71645 0.0157952
3.71686 0.116846
3.71727 0.117259
3.71759 0.117578
3.71804 0.118022
3.71901 0.0189959
3.71933 0.0193196
3.71965 0.119634
3.72034 0.0203277
3.72091 0.020896
3.72254 0.0225063
3.72254 0.122521
3.72569 0.125671
3.72709 0.127079
3.72804 0.0280331
3.72836 0.12834
3.72933 0.0293138
3.73008 0.130068
3.73084 0.0308279
3.73116 0.131142
3.73116 0.0311432
3.73176 0.0317469
3.73282 0.132808
3.73408 0.0340613
3.73458 0.0345716
3.73543 0.0354157
3.73556 0.0155499
3.73556 0.0155499
3.73556 0.0155499
3.73569 0.0156783
3.73569 0.0153588
3.73569 0.0153588
3.73719 0.137173
3.73751 0.0375033
3.73826 0.138248
3.73858 0.138567
3.73896 0.138949
3.73997 0.139953
3.7411 0.141081
3.74163 0.0416231
3.74289 0.142871
3.74454 0.0445285
3.74567 0.145656
3.74677 0.146753
3.74709 0.0470733
3.75014 0.05013
3.75105 0.0510405
3.75137 0.05136
3.75536 0.0153343
3.75536 0.0153343
3.75536 0.0153343
3.75567 0.0156493
3.75567 0.0153298
3.75567 0.0153298
3.7591 0.0590902
3.76141 0.0614003
3.7641 0.0640838
3.76442 0.0644033
3.76623 0.0662158
3.76954 0.0695213
3.7748 0.0747863
3.77533 0.0153224
3.77533 0.0153224
3.77533 0.0153224
3.77565 0.0156374
3.77565 0.0153179
3.77565 0.0153179
3.77606 0.0760469
3.77974 0.0797313
3.7878 0.08779
3.79049 0.0904734
3.79537 0.0153472
3.79537 0.0153472
3.79537 0.0153472
3.79569 0.0156623
3.79569 0.0153428
3.79569 0.0153428
3.79613 0.0961197
3.79645 0.0964392
3.79677 0.0967587
3.79719 0.0971715
3.79778 0.0977709
3.7981 0.0980946
3.79858 0.0985655
3.8003 0.100289
3.80105 0.101044
3.80144 0.101421
3.80175 0.101745
3.80175 0.101741
3.80453 0.104518
3.80485 0.104837
3.80542 0.105405
3.80686 0.106845
3.8074 0.107382
3.81023 0.110227
3.81055 0.11054
3.81087 0.11086
3.81126 0.111242
3.81157 0.111561
3.81189 0.111881
3.81189 0.111885
3.81277 0.11276
3.81424 0.11423
3.81553 0.0155149
3.81566 0.0153237
3.81566 0.0153237
3.81566 0.0153237
3.81598 0.115962
3.8163 0.116281
3.81642 0.0160911
3.81642 0.0157716
3.81642 0.0157716
3.81687 0.116854
3.81728 0.117267
3.8176 0.117586
3.81804 0.11803
3.81902 0.0190035
3.81934 0.0193359
3.81966 0.119642
3.82032 0.0203042
3.82092 0.0209036
3.82251 0.0224949
3.82251 0.122498
3.82569 0.125679
3.8271 0.127087
3.82804 0.0280417
3.82836 0.128348
3.8293 0.0292903
3.83009 0.130076
3.83084 0.0308442
3.83116 0.13115
3.83116 0.0311508
3.83173 0.031732
3.8328 0.132784
3.83408 0.0340689
3.83456 0.0345568
3.83544 0.0354233
3.83556 0.0155575
3.83556 0.0155575
3.83556 0.0155575
3.83569 0.0156859
3.83569 0.0153664
3.83569 0.0153664
3.83716 0.13715
3.83751 0.0375057
3.83827 0.138255
3.83859 0.138575
3.83897 0.138956
3.83997 0.13996
3.8411 0.141088
3.84164 0.0416393
3.84289 0.142878
3.84455 0.0445361
3.84568 0.145663
3.84677 0.146761
3.84709 0.0470809
3.85015 0.0501376
3.85106 0.0510481
3.85138 0.0513676
3.85537 0.0153419
3.85537 0.0153419
3.85537 0.0153419
3.85568 0.0156569
3.85568 0.0153374
3.85568 0.0153374
3.85911 0.0590978
3.86139 0.0613768
3.8641 0.0640913
3.86442 0.0644109
3.86621 0.0661922
3.86954 0.0695288
3.87481 0.0747939
3.87534 0.0153299
3.87534 0.0153299
3.87534 0.0153299
3.87565 0.015645
3.87565 0.0153255
3.87565 0.0153255
3.87607 0.0760545
3.87975 0.0797389
3.88778 0.0877665
3.89049 0.090481
3.89535 0.0153237
3.89535 0.0153237
3.89535 0.0153237
3.89567 0.0156387
3.89567 0.0153192
3.89567 0.0153192
3.89614 0.0961272
3.89646 0.0964468
3.89678 0.0967663
3.89719 0.0971791
3.89779 0.0977785
3.89811 0.0981109
3.89859 0.0985731
3.90027 0.100274
3.90103 0.101029
3.90144 0.101429
3.90176 0.101761
3.90176 0.101748
3.90451 0.104494
3.90483 0.104814
3.90543 0.105413
3.90687 0.106852
3.90737 0.107358
3.91021 0.110203
3.91053 0.110517
3.91085 0.110836
3.91126 0.111249
3.91158 0.111569
3.9119 0.111888
3.9119 0.111901
3.91275 0.112736
3.91425 0.114238
3.91553 0.0155224
3.91566 0.0153313
3.91566 0.0153313
3.91566 0.0153313
3.91598 0.11597
3.9163 0.116289
3.91643 0.0160987
3.91643 0.0157792
3.91643 0.0157792
3.91684 0.11683
3.91729 0.117274
3.91761 0.117594
3.91805 0.118038
3.91899 0.01898
3.91931 0.0192899
3.91963 0.119618
3.92032 0.0203118
3.92092 0.0209112
3.92249 0.0224835
3.92281 0.122794
3.92568 0.125664
3.92708 0.127072
3.92806 0.0280277
3.92838 0.128364
3.92932 0.0293063
3.9301 0.130092
3.93086 0.0308378
3.93118 0.131166
3.93118 0.0311669
3.93175 0.0317256
3.93281 0.1328
3.93407 0.0340539
3.93457 0.0345504
3.93542 0.0354083
3.93555 0.0155425
3.93555 0.0155425
3.93555 0.0155425
3.93568 0.0156709
3.93568 0.0153514
3.93568 0.0153514
3.93718 0.137166
3.93753 0.0375166
3.93825 0.13824
3.93857 0.13856
3.93899 0.138972
3.93996 0.139945
3.94109 0.141073
3.94165 0.0416329
3.94288 0.142863
3.94456 0.0445521
3.94566 0.145648
3.94676 0.146746
3.94708 0.0470659
3.95017 0.0501536
3.95108 0.0510641
3.9514 0.0513836
3.95535 0.0153268
3.95535 0.0153268
3.95535 0.0153268
3.95567 0.0156418
3.95567 0.0153223
3.95567 0.0153223
3.95913 0.0591138
3.96141 0.0613929
3.96412 0.0641074
3.96444 0.0644269
3.96622 0.0662083
3.96953 0.0695138
3.97482 0.0748099
3.97535 0.015346
3.97535 0.015346
3.97535 0.015346
3.97567 0.015661
3.97567 0.0153415
3.97567 0.0153415
3.97605 0.0760394
3.97976 0.079755
3.98779 0.0877825
3.99048 0.090466
3.99537 0.0153398
3.99537 0.0153398
3.99537 0.0153398
3.99568 0.0156548
3.99568 0.0153353
3.99568 0.0153353
3.99616 0.0961433
3.99648 0.0964628
3.99679 0.0967823
3.99721 0.0971951
3.99778 0.0977635
3.9981 0.0980734
3.99857 0.098558
4.00029 0.100268
4.00104 0.101023
4.00143 0.101414
4.00175 0.101724
4.00175 0.101733
4.00452 0.104512
4.00484 0.104832
4.00541 0.1054
4.00685 0.106839
4.00739 0.107377
4.01023 0.110221
4.01055 0.110535
4.01087 0.110854
4.01128 0.111267
4.0116 0.111587
4.01192 0.111906
4.01192 0.111897
4.01277 0.112755
4.01427 0.114256
4.01555 0.0155406
4.01568 0.0153495
4.01568 0.0153495
4.01568 0.0153495
4.016 0.115988
4.01632 0.116307
4.01645 0.0161169
4.01645 0.0157974
4.01645 0.0157974
4.01686 0.116848
4.01727 0.117261
4.01759 0.117581
4.01804 0.118025
4.01901 0.0189982
4.01933 0.0193167
4.01965 0.119636
4.02034 0.0203299
4.02094 0.0209294
4.0225 0.0224826
4.02282 0.122812
4.02566 0.125651
4.0271 0.12709
4.02807 0.0280469
4.02839 0.128382
4.0293 0.0292934
4.03009 0.130079
4.03085 0.0308335
4.03117 0.131153
4.03117 0.0311539
4.03176 0.0317524
4.0328 0.132787
4.03408 0.034072
4.03459 0.0345772
4.03544 0.0354264
4.03557 0.0155606
4.03557 0.0155606
4.03557 0.0155606
4.03569 0.015689
4.03569 0.0153695
4.03569 0.0153695
4.03717 0.137153
4.03755 0.0375296
4.03827 0.138258
4.03859 0.138578
4.03897 0.13896
4.03998 0.139963
4.0411 0.141092
4.04164 0.0416286
4.04289 0.142881
4.04455 0.0445392
4.04565 0.145635
4.04678 0.146764
4.0471 0.047084
4.05015 0.0501407
4.05106 0.0510512
4.05138 0.0513707
4.05537 0.015345
4.05537 0.015345
4.05537 0.015345
4.05568 0.01566
4.05568 0.0153405
4.05568 0.0153405
4.05911 0.0591009
4.06142 0.061411
4.06411 0.0640945
4.06443 0.064414
4.06621 0.0661954
4.06954 0.069532
4.07484 0.0748281
4.07534 0.0153331
4.07534 0.0153331
4.07534 0.0153331
4.07566 0.0156481
4.07566 0.0153286
4.07566 0.0153286
4.07607 0.0760576
4.07975 0.079742
4.08778 0.0877696
4.09046 0.090453
4.09535 0.0153268
4.09535 0.0153268
4.09535 0.0153268
4.09567 0.0156419
4.09567 0.0153223
4.09567 0.0153223
4.09614 0.0961304
4.09646 0.0964499
4.09678 0.0967694
4.09719 0.0971822
4.09779 0.0977816
4.09811 0.0981002
4.09859 0.0985762
4.10028 0.100263
4.10103 0.101018
4.10144 0.101432
4.10176 0.101751
4.10176 0.101752
4.10454 0.104528
4.10486 0.104848
4.10543 0.105416
4.10684 0.106824
4.1074 0.107393
4.11021 0.110206
4.11053 0.11052
4.11085 0.110839
4.11126 0.111252
4.11158 0.111572
4.1119 0.111891
4.1119 0.11189
4.11275 0.11274
4.11425 0.114241
4.11554 0.0155256
4.11566 0.0153344
4.11566 0.0153344
4.11566 0.0153344
4.11598 0.115973
4.1163 0.116292
4.11643 0.0161018
4.11643 0.0157823
4.11643 0.0157823
4.11684 0.116833
4.11732 0.117308
4.11764 0.117628
4.11805 0.118041
4.11902 0.0190142
4.11934 0.0193414
4.11966 0.119652
4.12033 0.0203149
4.12092 0.0209143
4.12252 0.0225108
4.12252 0.122508
4.12567 0.125658
4.12711 0.127097
4.12808 0.0280555
4.1284 0.12839
4.12931 0.029301
4.1301 0.130086
4.13082 0.0308186
4.13114 0.13113
4.13114 0.0311304
4.13174 0.0317375
4.13278 0.132764
4.13409 0.0340796
4.13457 0.0345623
4.13541 0.0354029
4.13554 0.0155371
4.13554 0.0155371
4.13554 0.0155371
4.13567 0.0156655
4.13567 0.015346
4.13567 0.015346
4.13714 0.137129
4.13752 0.0375009
4.13828 0.138266
4.1386 0.138585
4.13898 0.138967
4.13995 0.13994
4.14108 0.141068
4.14165 0.0416448
4.14287 0.142858
4.14456 0.0445468
4.14565 0.145643
4.14678 0.146771
4.1471 0.0470916
4.15016 0.0501483
4.15107 0.0510588
4.15139 0.0513783
4.15534 0.0153215
4.15534 0.0153215
4.15534 0.0153215
4.15569 0.0156676
4.15569 0.0153481
4.15569 0.0153481
4.15909 0.0590774
4.1614 0.0613875
4.16411 0.064102
4.16443 0.0644215
4.16618 0.0661718
4.16952 0.0695084
4.17482 0.0748046
4.17535 0.0153406
4.17535 0.0153406
4.17535 0.0153406
4.17566 0.0156557
4.17566 0.0153362
4.17566 0.0153362
4.17604 0.0760341
4.17975 0.0797496
4.18779 0.0877772
4.19047 0.0904606
4.19536 0.0153344
4.19536 0.0153344
4.19536 0.0153344
4.19567 0.0156494
4.19567 0.0153299
4.19567 0.0153299
4.19615 0.0961379
4.19647 0.0964575
4.19679 0.096777
4.1972 0.0971898
4.1978 0.0977892
4.1978 0.0977969
4.19859 0.0985753
4.20027 0.100271
4.20103 0.101026
4.20141 0.1014
4.20173 0.101727
4.20173 0.10172
4.20454 0.104527
4.20486 0.104847
4.20543 0.105415
4.20683 0.106823
4.20743 0.107423
4.21021 0.110205
4.21053 0.110519
4.21085 0.110839
4.21123 0.11122
4.21155 0.11154
4.21187 0.111859
4.21187 0.111867
4.21275 0.112739
4.21425 0.11424
4.21553 0.0155247
4.21566 0.0153336
4.21566 0.0153336
4.21566 0.0153336
4.21598 0.115972
4.2163 0.116291
4.21643 0.016101
4.21643 0.0157815
4.21643 0.0157815
4.21684 0.116832
4.21732 0.117307
4.21764 0.117627
4.21802 0.118009
4.21902 0.0190133
4.21934 0.019318
4.21966 0.119652
4.22032 0.020314
4.22092 0.0209134
4.22249 0.122476
4.22281 0.0227793
4.22568 0.125666
4.22708 0.127074
4.22806 0.0280391
4.22838 0.128366
4.22932 0.0293086
4.2301 0.130094
4.23086 0.0308348
4.23118 0.131168
4.23118 0.0311691
4.23178 0.0317538
4.23278 0.132772
4.2341 0.0340872
4.2346 0.0345785
4.23542 0.0354105
4.23555 0.0155447
4.23555 0.0155447
4.23555 0.0155447
4.23568 0.0156731
4.23568 0.0153536
4.23568 0.0153536
4.23715 0.137137
4.23753 0.0375033
4.23825 0.138242
4.23857 0.138562
4.23895 0.138944
4.23996 0.139947
4.24109 0.141076
4.24169 0.0416611
4.24288 0.142865
4.24456 0.0445544
4.24566 0.145651
4.24676 0.146748
4.24708 0.0470681
4.25017 0.0501559
4.25108 0.0510663
4.2514 0.0513858
4.25535 0.0153291
4.25535 0.0153291
4.25535 0.0153291
4.25566 0.0156441
4.25566 0.0153246
4.25566 0.0153246
4.25909 0.0590849
4.2614 0.0613951
4.26412 0.0641096
4.26444 0.0644291
4.26619 0.0661794
4.26953 0.069516
4.27482 0.0748122
4.27535 0.0153482
4.27535 0.0153482
4.27535 0.0153482
4.27567 0.0156632
4.27567 0.0153437
4.27567 0.0153437
4.27605 0.0760416
4.27976 0.0797572
4.28776 0.0877537
4.29045 0.0904371
4.29537 0.015342
4.29537 0.015342
4.29537 0.015342
4.29568 0.015657
4.29568 0.0153375
4.29568 0.0153375
4.29616 0.0961455
4.29647 0.096465
4.29679 0.0967845
4.29721 0.0971974
4.29781 0.0977968
4.29813 0.0981015
4.2986 0.0985913
4.30029 0.100265
4.30104 0.10102
4.30143 0.101416
4.30175 0.101721
4.30175 0.101736
4.30455 0.104543
4.30487 0.104863
4.30541 0.1054
4.30682 0.106808
4.30742 0.107408
4.31023 0.110221
4.31054 0.110535
4.31086 0.110855
4.31125 0.111236
4.31157 0.111556
4.31189 0.111875
4.31189 0.111861
4.31273 0.112724
4.31427 0.114256
4.31555 0.0155407
4.31568 0.0153496
4.31568 0.0153496
4.31568 0.0153496
4.316 0.115988
4.31632 0.116307
4.31645 0.016117
4.31645 0.0157975
4.31645 0.0157975
4.31683 0.116817
4.31733 0.117324
4.31765 0.117643
4.31803 0.118025
4.31901 0.0189983
4.31933 0.0193116
4.31965 0.119636
4.32034 0.02033
4.32094 0.0209295
4.3225 0.122492
4.3225 0.022488
4.32568 0.125673
4.32709 0.127082
4.32806 0.0280498
4.32838 0.128374
4.32929 0.0292851
4.33011 0.130101
4.33084 0.0308199
4.33115 0.131145
4.33115 0.0311456
4.33175 0.0317389
4.33279 0.132779
4.33407 0.0340637
4.33458 0.0345636
4.33543 0.0354181
4.33556 0.0155523
4.33556 0.0155523
4.33556 0.0155523
4.33568 0.0156807
4.33568 0.0153612
4.33568 0.0153612
4.33715 0.137144
4.33754 0.0375057
4.33826 0.13825
4.33858 0.138569
4.33896 0.138951
4.33993 0.139924
4.34109 0.141083
4.34166 0.0416462
4.34288 0.142873
4.34457 0.044562
4.34567 0.145658
4.34677 0.146755
4.34708 0.0470757
4.35014 0.0501323
4.35105 0.0510428
4.35137 0.0513623
4.35536 0.0153366
4.35536 0.0153366
4.35536 0.0153366
4.35567 0.0156517
4.35567 0.0153321
4.35567 0.0153321
4.3591 0.0590925
4.36141 0.0614027
4.36413 0.0641172
4.36445 0.0644367
4.3662 0.066187
4.36953 0.0695236
4.37483 0.0748198
4.37533 0.0153247
4.37533 0.0153247
4.37533 0.0153247
4.37565 0.0156397
4.37565 0.0153202
4.37565 0.0153202
4.37603 0.0760181
4.37977 0.0797648
4.38777 0.0877613
4.39045 0.0904447
4.39537 0.0153496
4.39537 0.0153496
4.39537 0.0153496
4.39569 0.0156646
4.39569 0.0153451
4.39569 0.0153451
4.39613 0.096122
4.39645 0.0964415
4.39677 0.096761
4.39721 0.097205
4.39778 0.0977733
4.3981 0.0980866
4.39858 0.0985678
4.40026 0.10025
4.40105 0.101036
4.4014 0.101393
4.40172 0.101706
4.40172 0.101712
4.40456 0.104551
4.40488 0.104871
4.40542 0.105408
4.40682 0.106816
4.40742 0.107415
4.4102 0.110198
4.41052 0.110512
4.41084 0.110831
4.41125 0.111244
4.41157 0.111563
4.41189 0.111883
4.41189 0.111877
4.41274 0.112731
4.41424 0.114233
4.41553 0.0155172
4.41565 0.0153261
4.41565 0.0153261
4.41565 0.0153261
4.41597 0.115964
4.41629 0.116284
4.41642 0.0160935
4.41642 0.015774
4.41642 0.015774
4.41683 0.116825
4.41731 0.1173
4.41763 0.11762
4.41801 0.118001
4.41901 0.0190059
4.41933 0.0193279
4.41965 0.119644
4.42031 0.0203065
4.42095 0.0209371
4.42248 0.122469
4.4228 0.022796
4.42567 0.125658
4.42708 0.127067
4.42805 0.0280358
4.42837 0.128359
4.42931 0.0293011
4.43013 0.130117
4.43082 0.0308135
4.43114 0.13113
4.43114 0.0311305
4.43174 0.0317325
4.43277 0.132764
4.43409 0.0340797
4.43456 0.0345572
4.43541 0.035403
4.43554 0.0155372
4.43554 0.0155372
4.43554 0.0155372
4.43567 0.0156656
4.43567 0.0153461
4.43567 0.0153461
4.43714 0.137129
4.43752 0.0375166
4.43824 0.138235
4.43856 0.138554
4.43895 0.138936
4.43995 0.13994
4.44108 0.141068
4.44165 0.0416398
4.44287 0.142858
4.44456 0.0445469
4.44565 0.145643
4.44675 0.14674
4.44707 0.0470606
4.45016 0.0501484
4.45107 0.0510589
4.45139 0.0513784
4.45534 0.0153216
4.45534 0.0153216
4.45534 0.0153216
4.45569 0.0156677
4.45569 0.0153482
4.45569 0.0153482
4.45909 0.0590775
4.4614 0.0613876
4.46411 0.0641022
4.46443 0.0644217
4.46618 0.066172
4.46952 0.0695086
4.47481 0.0748047
4.47535 0.0153408
4.47535 0.0153408
4.47535 0.0153408
4.47566 0.0156558
4.47566 0.0153363
4.47566 0.0153363
4.47604 0.0760342
4.47975 0.0797497
4.48779 0.0877773
4.49047 0.0904607
4.49536 0.0153345
4.49536 0.0153345
4.49536 0.0153345
4.49567 0.0156496
4.49567 0.0153301
4.49567 0.0153301
4.49615 0.0961381
4.49647 0.0964576
4.49679 0.0967771
4.4972 0.0971899
4.4978 0.0977893
4.4978 0.0977918
4.49858 0.0985754
4.50027 0.100266
4.50103 0.101021
4.50141 0.1014
4.50173 0.101722
4.50173 0.10172
4.50454 0.104528
4.50486 0.104847
4.50542 0.105415
4.50683 0.106824
4.50743 0.107423
4.51021 0.110205
4.51053 0.110519
4.51085 0.110839
4.51123 0.11122
4.51155 0.11154
4.51187 0.111859
4.51187 0.111862
4.51275 0.112739
4.51425 0.11424
4.51553 0.0155248
4.51566 0.0153337
4.51566 0.0153337
4.51566 0.0153337
4.51598 0.115972
4.5163 0.116291
4.51643 0.0161011
4.51643 0.0157816
4.51643 0.0157816
4.51684 0.116833
4.51732 0.117308
4.51764 0.117627
4.51802 0.118009
4.51902 0.0190135
4.51934 0.019313
4.51966 0.119652
4.52032 0.0203141
4.52092 0.0209136
4.52248 0.122476
4.5228 0.0227846
4.52567 0.125666
4.52708 0.127074
4.52806 0.0280444
4.52837 0.128366
4.52932 0.0293087
4.5301 0.130094
4.53086 0.0308298
4.53118 0.131168
4.53118 0.0311692
4.53178 0.0317487
4.53278 0.132772
4.53409 0.0340873
4.5346 0.0345735
4.53542 0.0354106
4.53555 0.0155448
4.53555 0.0155448
4.53555 0.0155448
4.53567 0.0156732
4.53567 0.0153537
4.53567 0.0153537
4.53715 0.137137
4.53753 0.037519
4.53825 0.138243
4.53857 0.138562
4.53895 0.138944
4.53996 0.139948
4.54108 0.141076
4.54168 0.041656
4.54287 0.142866
4.54456 0.0445545
4.54566 0.145651
4.54676 0.146748
4.54708 0.0470682
4.55016 0.050156
4.55107 0.0510665
4.55139 0.051386
4.55535 0.0153292
4.55535 0.0153292
4.55535 0.0153292
4.55566 0.0156442
4.55566 0.0153247
4.55566 0.0153247
4.55909 0.0590851
4.5614 0.0613952
4.56412 0.0641097
4.56444 0.0644293
4.56619 0.0661795
4.56952 0.0695161
4.57482 0.0748123
4.57535 0.0153484
4.57535 0.0153484
4.57535 0.0153484
4.57567 0.0156634
4.57567 0.0153439
4.57567 0.0153439
4.57605 0.0760418
4.57976 0.0797573
4.58776 0.0877538
4.59044 0.0904372
4.59536 0.0153421
4.59536 0.0153421
4.59536 0.0153421
4.59568 0.0156571
4.59568 0.0153376
4.59568 0.0153376
4.59615 0.0961457
4.59647 0.0964652
4.59679 0.0967847
4.5972 0.0971975
4.5978 0.0977969
4.59812 0.0980965
4.5986 0.0985915
4.60029 0.10026
4.60104 0.101015
4.60142 0.101416
4.60174 0.101716
4.60174 0.101736
4.60455 0.104544
4.60487 0.104863
4.60541 0.1054
4.60682 0.106808
4.60742 0.107408
4.61022 0.110221
4.61054 0.110535
4.61086 0.110855
4.61124 0.111236
4.61156 0.111556
4.61188 0.111875
4.6122 0.112175
4.61274 0.112732
4.61424 0.114234
4.61552 0.0155182
4.61565 0.0153271
4.61565 0.0153271
4.61565 0.0153271
4.61597 0.115965
4.61629 0.116285
4.61642 0.0160945
4.61642 0.015775
4.61642 0.015775
4.61683 0.116826
4.61731 0.117301
4.61763 0.117621
4.61801 0.118002
4.61901 0.0190069
4.61933 0.019315
4.61965 0.119645
4.62031 0.0203075
4.62094 0.0209381
4.62248 0.12247
4.6228 0.0227902
4.62567 0.125659
4.62707 0.127068
4.62805 0.0280388
4.62837 0.12836
4.62931 0.0293021
4.63013 0.130118
4.63085 0.0308318
4.63117 0.131162
4.63117 0.0311627
4.63177 0.0317508
4.63277 0.132765
4.63409 0.0340807
4.63459 0.0345755
4.63541 0.035404
4.63554 0.0155382
4.63554 0.0155382
4.63554 0.0155382
4.63567 0.0156666
4.63567 0.0153471
4.63567 0.0153471
4.63714 0.13713
4.63752 0.0375072
4.63824 0.138236
4.63856 0.138555
4.63894 0.138937
4.63995 0.139941
4.64108 0.141069
4.64168 0.0416581
4.64287 0.142859
4.64455 0.0445479
4.64565 0.145644
4.64678 0.146772
4.6471 0.0470927
4.65016 0.0501494
4.65107 0.0510599
4.65139 0.0513794
4.65534 0.0153226
4.65534 0.0153226
4.65534 0.0153226
4.65569 0.0156687
4.65569 0.0153492
4.65569 0.0153492
4.65909 0.0590785
4.6614 0.0613887
4.66411 0.0641032
4.66443 0.0644227
4.66618 0.066173
4.66952 0.0695096
4.67481 0.0748057
4.67535 0.0153418
4.67535 0.0153418
4.67535 0.0153418
4.67566 0.0156568
4.67566 0.0153373
4.67566 0.0153373
4.67604 0.0760352
4.67975 0.0797507
4.68778 0.0877783
4.69047 0.0904617
4.69536 0.0153355
4.69536 0.0153355
4.69536 0.0153355
4.69567 0.0156506
4.69567 0.0153311
4.69567 0.0153311
4.69615 0.0961391
4.69647 0.0964586
4.69678 0.0967781
4.6972 0.0971909
4.6978 0.0977903
4.69812 0.0980985
4.69859 0.0985849
4.70028 0.100262
4.70103 0.101017
4.70142 0.10141
4.70174 0.101718
4.70174 0.101729
4.70454 0.104537
4.70486 0.104856
4.70543 0.105425
4.70684 0.106833
4.70741 0.107401
4.71022 0.110215
4.71054 0.110529
4.71085 0.110848
4.71124 0.11123
4.71156 0.111549
4.71188 0.111869
4.71219 0.112177
4.71273 0.112726
4.71426 0.114258
4.71552 0.0155116
4.71565 0.0153205
4.71565 0.0153205
4.71565 0.0153205
4.71597 0.115959
4.71628 0.116278
4.71641 0.0160879
4.71641 0.0157684
4.71641 0.0157684
4.71683 0.116819
4.71733 0.117326
4.71765 0.117645
4.71803 0.118027
4.71901 0.0190003
4.71933 0.0193171
4.71965 0.119638
4.72034 0.0203321
4.72094 0.0209315
4.7225 0.122494
4.72282 0.0227957
4.72566 0.125653
4.72707 0.127061
4.72804 0.0280333
4.72836 0.128353
4.7293 0.0292955
4.73012 0.130112
4.73084 0.0308339
4.73116 0.131155
4.73116 0.0311561
4.73176 0.0317528
4.7328 0.13279
4.73408 0.0340741
4.73459 0.0345776
4.7354 0.0353974
4.73553 0.0155006
4.73553 0.0155006
4.73553 0.0155006
4.73569 0.0156601
4.73569 0.0153405
4.73569 0.0153405
4.73716 0.137155
4.73754 0.0375266
4.73827 0.13826
4.73859 0.13858
4.73897 0.138962
4.73994 0.139934
4.74107 0.141063
4.74167 0.0416601
4.74286 0.142852
4.74455 0.0445413
4.74564 0.145638
4.74677 0.146766
4.74709 0.0470862
4.75015 0.0501428
4.75106 0.0510533
4.75138 0.0513728
4.75536 0.0153471
4.75536 0.0153471
4.75536 0.0153471
4.75568 0.0156621
4.75568 0.0153426
4.75568 0.0153426
4.75911 0.059103
4.76139 0.0613821
4.7641 0.0640966
4.76442 0.0644161
4.7662 0.0661975
4.76951 0.069503
4.7748 0.0747991
4.77534 0.0153352
4.77534 0.0153352
4.77534 0.0153352
4.77565 0.0156502
4.77565 0.0153307
4.77565 0.0153307
4.77603 0.0760286
4.77974 0.0797441
4.78778 0.0877717
4.79046 0.0904551
4.79535 0.015329
4.79535 0.015329
4.79535 0.015329
4.79566 0.015644
4.79566 0.0153245
4.79566 0.0153245
4.79614 0.0961325
4.79646 0.096452
4.79678 0.0967715
4.79719 0.0971843
4.79779 0.0977838
4.79811 0.0981006
4.79858 0.0985783
4.80027 0.100264
4.80103 0.101019
4.80141 0.101403
4.80173 0.10172
4.80173 0.101723
4.80454 0.10453
4.80486 0.10485
4.80542 0.105418
4.80683 0.106826
4.8074 0.107395
4.81021 0.110208
4.81053 0.110522
4.81085 0.110842
4.81123 0.111223
4.81155 0.111543
4.81187 0.111862
4.81187 0.11186
4.81275 0.112742
4.81425 0.114243
4.81553 0.0155277
4.81566 0.0153366
4.81566 0.0153366
4.81566 0.0153366
4.81598 0.115975
4.8163 0.116294
4.81643 0.016104
4.81643 0.0157845
4.81643 0.0157845
4.81681 0.116804
4.81732 0.117311
4.81764 0.11763
4.81802 0.118012
4.81899 0.0189852
4.81931 0.0192796
4.81963 0.119623
4.82032 0.020317
4.82092 0.0209164
4.82249 0.122479
4.8228 0.0227927
4.82567 0.125669
4.82708 0.127077
4.82806 0.0280504
4.82837 0.128369
4.82929 0.0292805
4.8301 0.130097
4.83086 0.0308275
4.83118 0.131171
4.83118 0.0311721
4.83178 0.0317464
4.83278 0.132775
4.8341 0.0340902
4.8346 0.0345712
4.83542 0.0354135
4.83555 0.0155166
4.83555 0.0155166
4.83555 0.0155166
4.83568 0.015645
4.83568 0.0153255
4.83568 0.0153255
4.83715 0.13714
4.83753 0.0375063
4.83825 0.138245
4.83857 0.138565
4.83895 0.138947
4.83996 0.13995
4.84108 0.141079
4.84168 0.0416537
4.84287 0.142868
4.84456 0.0445574
4.84566 0.145654
4.84676 0.146751
4.84708 0.0470711
4.85013 0.0501278
4.85107 0.0510693
4.85139 0.0513889
4.85535 0.0153321
4.85535 0.0153321
4.85535 0.0153321
4.85566 0.0156471
4.85566 0.0153276
4.85566 0.0153276
4.85909 0.059088
4.8614 0.0613981
4.86412 0.0641126
4.86444 0.0644321
4.86619 0.0661824
4.86952 0.069519
4.87482 0.0748152
4.87532 0.0153201
4.87532 0.0153201
4.87532 0.0153201
4.87567 0.0156663
4.87567 0.0153467
4.87567 0.0153467
4.87602 0.0760135
4.87979 0.0797602
4.88776 0.0877567
4.89045 0.0904401
4.89536 0.015345
4.89536 0.015345
4.89536 0.015345
4.89568 0.01566
4.89568 0.0153405
4.89568 0.0153405
4.89612 0.0961174
4.89644 0.0964369
4.89676 0.0967565
4.89721 0.0972004
4.89777 0.0977687
4.89809 0.0980631
4.8986 0.0985944
4.90029 0.100257
4.90104 0.101012
4.90139 0.101388
4.90171 0.101682
4.90171 0.101708
4.90455 0.104546
4.90487 0.104866
4.90541 0.105403
4.90682 0.106811
4.90742 0.107411
4.91025 0.110224
4.91057 0.110569
4.91089 0.110889
4.91124 0.111239
4.91156 0.111559
4.91188 0.111878
4.9122 0.112173
4.91274 0.112735
4.91424 0.114237
4.91553 0.0155211
4.91565 0.01533
4.91565 0.01533
4.91565 0.01533
4.91597 0.115968
4.91629 0.116288
4.91642 0.0160974
4.91642 0.0157779
4.91642 0.0157779
4.91683 0.116829
4.91731 0.117304
4.91763 0.117623
4.91801 0.118005
4.91901 0.0190098
4.91933 0.0193127
4.91965 0.119648
4.92031 0.0203104
4.92095 0.020941
4.92248 0.122473
4.9228 0.0227672
4.92567 0.125662
4.92708 0.12707
4.92805 0.0280448
4.92837 0.128363
4.92931 0.029305
4.93013 0.130121
4.93085 0.0308295
4.93117 0.131165
4.93117 0.0311655
4.93177 0.0317485
4.93277 0.132768
4.93409 0.0340836
4.93459 0.0345732
4.93541 0.0354069
4.93554 0.01551
4.93554 0.01551
4.93554 0.01551
4.9357 0.0156695
4.9357 0.01535
4.9357 0.01535
4.93714 0.137133
4.93755 0.0375257
4.93824 0.138239
4.93856 0.138558
4.93894 0.13894
4.93995 0.139944
4.94108 0.141072
4.94168 0.0416558
4.94287 0.142862
4.94455 0.0445508
4.94565 0.145647
4.94675 0.146744
4.94707 0.0470645
4.95016 0.0501523
4.95107 0.0510628
4.95139 0.0513823
4.95534 0.0153255
4.95534 0.0153255
4.95534 0.0153255
4.95566 0.0156405
4.95566 0.015321
4.95566 0.015321
4.95909 0.0590814
4.9614 0.0613915
4.96411 0.064106
4.96443 0.0644256
4.96618 0.0661758
4.96952 0.0695124
4.97481 0.0748086
4.97535 0.0153447
4.97535 0.0153447
4.97535 0.0153447
4.97566 0.0156597
4.97566 0.0153402
4.97566 0.0153402
4.97604 0.0760381
4.97978 0.0797536
4.98779 0.0877812
4.99044 0.0904335
4.99536 0.0153384
4.99536 0.0153384
4.99536 0.0153384
4.99567 0.0156534
4.99567 0.0153339
4.99567 0.0153339
4.99615 0.096142
4.99647 0.0964615
4.99679 0.096781
4.9972 0.0971938
4.9978 0.0977932
4.99812 0.0980962
4.99859 0.0985878
5.00028 0.100259
5.00103 0.101014
5.00142 0.101413
5.00174 0.101716
5.00174 0.101732
5.00455 0.104542
5.00487 0.104862
5.0054 0.105399
5.00684 0.106838
5.00741 0.107406
5.01025 0.11022
5.01057 0.110565
5.01089 0.110884
5.01124 0.111235
5.01156 0.111554
5.01188 0.111874
5.0122 0.112177
5.01273 0.112731
5.01424 0.114232
5.01552 0.0155167
5.01565 0.0153256
5.01565 0.0153256
5.01565 0.0153256
5.01597 0.115964
5.01629 0.116283
5.01642 0.016093
5.01642 0.0157735
5.01642 0.0157735
5.01683 0.116825
5.01733 0.117331
5.01765 0.11765
5.01804 0.118032
5.01901 0.0190054
5.01933 0.019317
5.01965 0.119644
5.02034 0.0203372
5.02094 0.0209366
5.02247 0.122468
5.02279 0.0227749
5.02566 0.125658
5.02707 0.127066
5.02804 0.0280415
5.02836 0.128358
5.0293 0.0293006
5.03012 0.130117
5.03085 0.0308338
5.03116 0.13116
5.03116 0.0311612
5.03176 0.0317528
5.0328 0.132795
5.03408 0.0340793
5.03459 0.0345775
5.03541 0.0354026
5.03553 0.0155057
5.03553 0.0155057
5.03553 0.0155057
5.03569 0.0156652
5.03569 0.0153457
5.03569 0.0153457
5.03716 0.13716
5.03755 0.0375161
5.03827 0.138266
5.03859 0.138585
5.03894 0.138936
5.03994 0.139939
5.04107 0.141068
5.04167 0.0416601
5.04286 0.142858
5.04455 0.0445464
5.04562 0.145612
5.04674 0.14674
5.04706 0.0470602
5.05015 0.0501479
5.05106 0.0510584
5.05138 0.0513779
5.05537 0.0153522
5.05537 0.0153522
5.05537 0.0153522
5.05568 0.0156672
5.05568 0.0153477
5.05568 0.0153477
5.05911 0.0591081
5.06142 0.0614183
5.06414 0.0641328
5.06446 0.0644523
5.06621 0.0662026
5.06951 0.0695081
5.07484 0.0748353
5.07534 0.0153403
5.07534 0.0153403
5.07534 0.0153403
5.07566 0.0156553
5.07566 0.0153358
5.07566 0.0153358
5.07604 0.0760337
5.07978 0.0797493
5.08778 0.0877768
5.09046 0.0904603
5.09535 0.0153341
5.09535 0.0153341
5.09535 0.0153341
5.09567 0.0156491
5.09567 0.0153296
5.09567 0.0153296
5.09614 0.0961376
5.09646 0.0964571
5.09678 0.0967766
5.09719 0.0971894
5.09779 0.0977889
5.09811 0.0981005
5.09859 0.0985834
5.10027 0.100264
5.10103 0.101019
5.10141 0.101408
5.10173 0.10172
5.10173 0.101728
5.10457 0.104567
5.10489 0.104886
5.10543 0.105423
5.10683 0.106831
5.10743 0.107431
5.11024 0.110213
5.11056 0.110558
5.11088 0.110878
5.11123 0.111228
5.11155 0.111548
5.11187 0.111867
5.11187 0.11186
5.11275 0.112747
5.11425 0.114248
5.11554 0.0155328
5.11566 0.0153417
5.11566 0.0153417
5.11566 0.0153417
5.11598 0.11598
5.1163 0.116299
5.11643 0.0161091
5.11643 0.0157896
5.11643 0.0157896
5.11681 0.116809
5.11735 0.117347
5.11767 0.117666
5.11802 0.118017
5.11902 0.0190214
5.11934 0.0193417
5.11966 0.11966
5.12032 0.0203221
5.12096 0.0209527
5.12249 0.122484
5.12281 0.0228031
5.12568 0.125674
5.12709 0.127082
5.12809 0.0280607
5.12841 0.128405
5.12929 0.0292856
5.13014 0.130133
5.13083 0.0308274
5.13115 0.131145
5.13115 0.0311461
5.13175 0.0317463
5.13278 0.13278
5.1341 0.0340953
5.13457 0.0345711
5.13542 0.0354186
5.13555 0.0155217
5.13555 0.0155217
5.13555 0.0155217
5.13568 0.0156501
5.13568 0.0153306
5.13568 0.0153306
5.13712 0.137114
5.13753 0.037527
5.13825 0.138251
5.13857 0.13857
5.13896 0.138952
5.13993 0.139924
5.14106 0.141053
5.14169 0.0416848
5.14288 0.142874
5.14457 0.0445625
5.14563 0.145628
5.14676 0.146756
5.14708 0.0470762
5.15014 0.0501329
5.15108 0.0510745
5.1514 0.051394
5.15535 0.0153372
5.15535 0.0153372
5.15535 0.0153372
5.15567 0.0156522
5.15567 0.0153327
5.15567 0.0153327
5.1591 0.0590931
5.16141 0.0614032
5.16412 0.0641177
5.16444 0.0644373
5.16619 0.0661875
5.1695 0.069493
5.17482 0.0748203
5.17536 0.0153252
5.17536 0.0153252
5.17536 0.0153252
5.1757 0.0156714
5.1757 0.0153519
5.1757 0.0153519
5.17602 0.0760187
5.17979 0.0797653
5.18776 0.0877618
5.19045 0.0904452
5.19537 0.0153501
5.19537 0.0153501
5.19537 0.0153501
5.19568 0.0156651
5.19568 0.0153456
5.19568 0.0153456
5.19613 0.0961226
5.19644 0.0964421
5.19676 0.0967616
5.19721 0.0972055
5.19781 0.0978057
5.19781 0.0978049
5.19859 0.098591
5.20025 0.100249
5.20104 0.101035
5.20139 0.101385
5.20171 0.101705
5.20171 0.101704
5.20458 0.104574
5.2049 0.104894
5.2054 0.1054
5.20681 0.106808
5.20744 0.107439
5.21025 0.110221
5.21057 0.110566
5.21089 0.110885
5.21121 0.111205
5.21153 0.111524
5.21185 0.111844
5.21185 0.111845
5.21273 0.112723
5.21426 0.114256
5.21554 0.0155404
5.21567 0.0153493
5.21567 0.0153493
5.21567 0.0153493
5.21602 0.116019
5.21634 0.116338
5.21647 0.0161478
5.21647 0.0158283
5.21647 0.0158283
5.21682 0.116817
5.21736 0.117354
5.21768 0.117674
5.218 0.117993
5.219 0.0189979
5.21932 0.0192957
5.21964 0.119636
5.22033 0.0203297
5.22096 0.0209602
5.22246 0.122461
5.22278 0.0227605
5.22565 0.12565
5.22706 0.127059
5.2281 0.0280754
5.22842 0.128413
5.22929 0.0292932
5.23014 0.130141
5.23084 0.0308125
5.23116 0.131153
5.23116 0.0311537
5.23175 0.0317315
5.23276 0.132756
5.2341 0.0341029
5.23458 0.0345562
5.2354 0.0353951
5.23553 0.0154982
5.23553 0.0154982
5.23553 0.0154982
5.23568 0.0156577
5.23568 0.0153382
5.23568 0.0153382
5.23712 0.137121
5.23754 0.0375294
5.23826 0.138258
5.23858 0.138578
5.23893 0.138928
5.23993 0.139932
5.24103 0.141029
5.24169 0.0416699
5.24285 0.14285
5.24454 0.044539
5.24561 0.145604
5.24673 0.146732
5.24705 0.0470527
5.25014 0.0501405
5.25105 0.0510509
5.25137 0.0513704
5.25536 0.0153448
5.25536 0.0153448
5.25536 0.0153448
5.25567 0.0156598
5.25567 0.0153403
5.25567 0.0153403
5.25907 0.0590696
5.26141 0.0614108
5.26413 0.0641253
5.26445 0.0644448
5.26617 0.066164
5.2695 0.0695006
5.27483 0.0748279
5.27536 0.0153328
5.27536 0.0153328
5.27536 0.0153328
5.27568 0.0156478
5.27568 0.0153283
5.27568 0.0153283
5.27603 0.0760262
5.2798 0.0797729
5.28774 0.0877383
5.29042 0.0904217
5.29534 0.0153266
5.29534 0.0153266
5.29534 0.0153266
5.29569 0.0156727
5.29569 0.0153532
5.29569 0.0153532
5.29613 0.0961301
5.29645 0.0964496
5.29677 0.0967691
5.29721 0.0972131
5.29781 0.0978125
5.29781 0.0977908
5.2986 0.0985986
5.30029 0.100265
5.30104 0.10102
5.30139 0.101392
5.30171 0.10169
5.30171 0.101712
5.30458 0.104582
5.3049 0.104901
5.30541 0.105407
5.30682 0.106816
5.30745 0.107446
5.31022 0.110197
5.31054 0.110542
5.31086 0.110862
5.31121 0.111212
5.31153 0.111532
5.31185 0.111851
5.31217 0.112149
5.31271 0.112708
5.31424 0.114241
5.31553 0.0155253
5.31565 0.0153342
5.31565 0.0153342
5.31565 0.0153342
5.31601 0.116004
5.31632 0.116323
5.31645 0.0161327
5.31645 0.0158132
5.31645 0.0158132
5.3168 0.116802
5.31737 0.11737
5.31769 0.11769
5.31801 0.118009
5.31901 0.019014
5.31933 0.0193204
5.31965 0.119652
5.32032 0.0203146
5.32095 0.0209452
5.32245 0.122446
5.32277 0.0227576
5.32567 0.125666
5.32708 0.127075
5.32808 0.0280634
5.3284 0.128398
5.32928 0.0292781
5.33013 0.130126
5.33085 0.0308372
5.33117 0.131169
5.33117 0.0311698
5.33174 0.0317251
5.33277 0.132772
5.33409 0.0340878
5.33459 0.0345809
5.33541 0.0354111
5.33554 0.0155143
5.33554 0.0155143
5.33554 0.0155143
5.33567 0.0156427
5.33567 0.0153231
5.33567 0.0153231
5.33711 0.137106
5.33752 0.0375092
5.33824 0.138243
5.33856 0.138563
5.33895 0.138944
5.33992 0.139917
5.34105 0.141045
5.34168 0.0416635
5.34287 0.142866
5.34456 0.044555
5.34562 0.14562
5.34675 0.146748
5.34707 0.0470687
5.35016 0.0501565
5.35107 0.051067
5.35139 0.0513865
5.35534 0.0153297
5.35534 0.0153297
5.35534 0.0153297
5.35566 0.0156447
5.35566 0.0153252
5.35566 0.0153252
5.35909 0.0590856
5.3614 0.0613958
5.36414 0.0641414
5.36446 0.0644609
5.36618 0.0661801
5.36952 0.0695167
5.37481 0.0748128
5.37538 0.0153489
5.37538 0.0153489
5.37538 0.0153489
5.37569 0.0156639
5.37569 0.0153444
5.37569 0.0153444
5.37601 0.0760112
5.37978 0.0797578
5.38776 0.0877543
5.39044 0.0904377
5.39536 0.0153427
5.39536 0.0153427
5.39536 0.0153427
5.39567 0.0156577
5.39567 0.0153382
5.39567 0.0153382
5.39612 0.0961151
5.39644 0.0964346
5.39675 0.0967541
5.3972 0.097198
5.3978 0.0977975
5.3978 0.0977844
5.39858 0.0985835
5.40027 0.100259
5.40103 0.101014
5.40138 0.101377
5.4017 0.101684
5.4017 0.101697
5.40457 0.104567
5.40489 0.104886
5.40539 0.105392
5.4068 0.106801
5.40746 0.107462
5.41024 0.110213
5.41056 0.110558
5.41088 0.110878
5.4112 0.111197
5.41152 0.111517
5.41184 0.111836
5.41216 0.112143
5.41273 0.112724
5.41426 0.114257
5.41554 0.0155414
5.41567 0.0153503
5.41567 0.0153503
5.41567 0.0153503
5.41599 0.115988
5.41631 0.116308
5.41644 0.0161177
5.41644 0.0157982
5.41644 0.0157982
5.41682 0.116818
5.41736 0.117355
5.41768 0.117675
5.418 0.117994
5.419 0.0189989
5.41932 0.019314
5.41964 0.119637
5.42033 0.0203307
5.42096 0.0209612
5.42246 0.122462
5.42278 0.0227547
5.42565 0.125651
5.42706 0.12706
5.42806 0.0280515
5.42838 0.128383
5.42929 0.0292942
5.43014 0.130142
5.43084 0.0308308
5.43115 0.131154
5.43115 0.0311547
5.43175 0.0317498
5.43276 0.132757
5.4341 0.0341039
5.43458 0.0345745
5.4354 0.0353961
5.43552 0.0154992
5.43552 0.0154992
5.43552 0.0154992
5.43568 0.0156587
5.43568 0.0153392
5.43568 0.0153392
5.43712 0.137122
5.43754 0.0375201
5.43826 0.138259
5.43858 0.138579
5.43893 0.138929
5.43993 0.139933
5.44103 0.14103
5.44166 0.0416571
5.44285 0.142851
5.44454 0.04454
5.44561 0.145605
5.44673 0.146733
5.44705 0.0470537
5.45014 0.0501415
5.45105 0.0510519
5.45137 0.0513714
5.45536 0.0153458
5.45536 0.0153458
5.45536 0.0153458
5.45567 0.0156608
5.45567 0.0153413
5.45567 0.0153413
5.45907 0.0590706
5.46141 0.0614118
5.46413 0.0641263
5.46445 0.0644458
5.46617 0.066165
5.4695 0.0695016
5.47483 0.0748289
5.47536 0.0153338
5.47536 0.0153338
5.47536 0.0153338
5.47568 0.0156488
5.47568 0.0153293
5.47568 0.0153293
5.47603 0.0760272
5.4798 0.0797739
5.48774 0.0877393
5.49042 0.0904227
5.49534 0.0153276
5.49534 0.0153276
5.49534 0.0153276
5.49566 0.0156426
5.49566 0.0153231
5.49566 0.0153231
5.49613 0.0961311
5.49645 0.0964506
5.49677 0.0967702
5.49721 0.0972141
5.49778 0.0977824
5.4981 0.0980975
5.49858 0.0985769
5.50027 0.100261
5.50102 0.101016
5.50137 0.101371
5.50169 0.101686
5.50201 0.10201
5.50457 0.104569
5.50489 0.104888
5.50539 0.105394
5.5068 0.106802
5.50746 0.107464
5.51024 0.110215
5.51056 0.11056
5.51088 0.11088
5.51123 0.11123
5.51155 0.11155
5.51187 0.111869
5.51187 0.111865
5.51272 0.112718
5.51425 0.11425
5.51557 0.0155348
5.51569 0.0153437
5.51569 0.0153437
5.51569 0.0153437
5.51601 0.116013
5.51633 0.116332
5.51646 0.0161111
5.51646 0.0157916
5.51646 0.0157916
5.51681 0.116811
5.51735 0.117349
5.51767 0.117668
5.51799 0.117988
5.51902 0.0189923
5.51934 0.0193161
5.51966 0.119662
5.52035 0.0203241
5.52099 0.0209547
5.52246 0.122455
5.52277 0.0227602
5.52568 0.125676
5.52705 0.127053
5.52806 0.028052
5.52838 0.128376
5.52932 0.0292876
5.53014 0.130135
5.53086 0.0308329
5.53118 0.131178
5.53118 0.0311481
5.53178 0.0317518
5.53275 0.132751
5.53413 0.0340973
5.5346 0.0345766
5.53542 0.0353895
5.53555 0.0155237
5.53555 0.0155237
5.53555 0.0155237
5.53568 0.0156521
5.53568 0.0153326
5.53568 0.0153326
5.53712 0.137116
5.53753 0.0375083
5.53825 0.138253
5.53857 0.138572
5.53892 0.138923
5.53993 0.139926
5.54102 0.141024
5.54169 0.0416591
5.54284 0.142844
5.54459 0.0445645
5.54563 0.14563
5.54673 0.146727
5.54705 0.047016
5.55017 0.0501349
5.55111 0.0510765
5.55143 0.051396
5.55535 0.0153392
5.55535 0.0153392
5.55535 0.0153392
5.55566 0.0156542
5.55566 0.0153347
5.55566 0.0153347
5.55909 0.059064
5.56144 0.0614052
5.56415 0.0641198
5.56447 0.0644393
5.56622 0.0661895
5.56953 0.069495
5.57485 0.0748223
5.57535 0.0153273
5.57535 0.0153273
5.57535 0.0153273
5.57567 0.0156423
5.57567 0.0153228
5.57567 0.0153228
5.57605 0.0760207
5.57979 0.0797673
5.58779 0.0877638
5.59048 0.0904472
5.59536 0.0153521
5.59536 0.0153521
5.59536 0.0153521
5.59568 0.0156671
5.59568 0.0153476
5.59568 0.0153476
5.59615 0.0961246
5.59647 0.0964441
5.59679 0.0967636
5.59724 0.0972075
5.59784 0.0978112
5.59784 0.0978069
5.59862 0.098593
5.60028 0.100254
5.60104 0.101009
5.60142 0.101387
5.60174 0.10171
5.60174 0.101706
5.60461 0.104576
5.60493 0.104896
5.60543 0.105402
5.60684 0.10681
5.60747 0.107441
5.61025 0.110223
5.61057 0.110537
5.61089 0.110856
5.61124 0.111207
5.61156 0.111526
5.61188 0.111846
5.61188 0.11185
5.61276 0.112725
5.61426 0.114227
5.61557 0.0155424
5.6157 0.0153513
5.6157 0.0153513
5.6157 0.0153513
5.61602 0.115989
5.61634 0.116309
5.61647 0.0161187
5.61647 0.0157992
5.61647 0.0157992
5.61685 0.116819
5.61739 0.117356
5.61771 0.117676
5.61803 0.117995
5.61903 0.0189999
5.61935 0.0193323
5.61967 0.119638
5.62036 0.0203317
5.62099 0.0209623
5.62249 0.122463
5.62281 0.022811
5.62568 0.125652
5.62709 0.127061
5.62806 0.0280627
5.62838 0.128353
5.62932 0.0292952
5.63017 0.130143
5.63083 0.030818
5.63115 0.131124
5.63115 0.0311246
5.63175 0.0317369
5.63279 0.132758
5.6341 0.0340738
5.63458 0.0345617
5.63543 0.0353971
5.63556 0.0155313
5.63556 0.0155313
5.63556 0.0155313
5.63568 0.0156597
5.63568 0.0153402
5.63568 0.0153402
5.63715 0.137123
5.63754 0.0375107
5.63829 0.13826
5.63861 0.13858
5.63896 0.13893
5.63996 0.139934
5.64106 0.141031
5.64169 0.0416754
5.64288 0.142852
5.64457 0.044541
5.64564 0.145606
5.64676 0.146734
5.64708 0.0470547
5.65017 0.0501425
5.65108 0.0510529
5.6514 0.0513725
5.65536 0.0153468
5.65536 0.0153468
5.65536 0.0153468
5.65567 0.0156618
5.65567 0.0153423
5.65567 0.0153423
5.6591 0.0590716
5.66144 0.0614128
5.66416 0.0641273
5.66448 0.0644468
5.6662 0.066166
5.66953 0.0695026
5.67486 0.0748299
5.67536 0.0153348
5.67536 0.0153348
5.67536 0.0153348
5.67568 0.0156499
5.67568 0.0153303
5.67568 0.0153303
5.67606 0.0760282
5.67977 0.0797438
5.68777 0.0877403
5.69045 0.0904237
5.69534 0.0153286
5.69534 0.0153286
5.69534 0.0153286
5.69566 0.0156436
5.69566 0.0153241
5.69566 0.0153241
5.69616 0.0961321
5.69648 0.0964516
5.6968 0.0967712
5.69724 0.0972151
5.69781 0.0977963
5.69781 0.0977834
5.69863 0.0986006
5.70029 0.10027
5.70104 0.101025
5.70142 0.101394
5.70174 0.101727
5.70174 0.101714
5.70461 0.104584
5.70493 0.104903
5.70544 0.105409
5.70685 0.106818
5.70748 0.107448
5.71022 0.110199
5.71054 0.110513
5.71086 0.110833
5.71124 0.111214
5.71156 0.111534
5.71188 0.111853
5.71188 0.111866
5.71273 0.112702
5.71426 0.114234
5.71555 0.0155189
5.71568 0.0153277
5.71568 0.0153277
5.71568 0.0153277
5.71603 0.115997
5.71635 0.116317
5.71647 0.0161263
5.71647 0.0158067
5.71647 0.0158067
5.71683 0.116796
5.71739 0.117364
5.71771 0.117683
5.71803 0.118003
5.71904 0.0190075
5.71936 0.0193485
5.71968 0.119646
5.72034 0.0203082
5.72097 0.0209387
5.72247 0.122439
5.72279 0.0227685
5.72569 0.12566
5.7271 0.127068
5.7281 0.0280734
5.72842 0.128391
5.72933 0.0293028
5.73015 0.130119
5.73084 0.0308342
5.73116 0.131131
5.73116 0.0311322
5.73176 0.0317532
5.7328 0.132766
5.73411 0.0340814
5.73459 0.0345779
5.73543 0.0354047
5.73556 0.0155389
5.73556 0.0155389
5.73556 0.0155389
5.73569 0.0156673
5.73569 0.0153478
5.73569 0.0153478
5.73716 0.137131
5.73754 0.0375131
5.73827 0.138237
5.73859 0.138556
5.73897 0.138938
5.73994 0.13991
5.74107 0.141039
5.74167 0.0416605
5.74289 0.14286
5.74458 0.0445486
5.74564 0.145614
5.74677 0.146742
5.74709 0.0470623
5.75018 0.05015
5.75109 0.0510605
5.75141 0.05138
5.75533 0.0153232
5.75533 0.0153232
5.75533 0.0153232
5.75568 0.0156694
5.75568 0.0153499
5.75568 0.0153499
5.75911 0.0590791
5.76142 0.0613893
5.76416 0.0641349
5.76448 0.0644544
5.7662 0.0661736
5.76954 0.0695102
5.77487 0.0748375
5.77537 0.0153424
5.77537 0.0153424
5.77537 0.0153424
5.77568 0.0156574
5.77568 0.0153379
5.77568 0.0153379
5.77603 0.0760047
5.77977 0.0797514
5.78778 0.0877479
5.79046 0.0904313
5.79535 0.0153362
5.79535 0.0153362
5.79535 0.0153362
5.79566 0.0156512
5.79566 0.0153317
5.79566 0.0153317
5.79617 0.0961397
5.79649 0.0964592
5.79681 0.0967787
5.79722 0.0971916
5.79782 0.0978125
5.79782 0.097791
5.79861 0.0985771
5.80026 0.100256
5.80102 0.101011
5.8014 0.101371
5.80172 0.101712
5.80204 0.10201
5.8046 0.104569
5.80492 0.104888
5.80542 0.105394
5.80683 0.106803
5.80749 0.107464
5.81024 0.110215
5.81056 0.110529
5.81088 0.110849
5.81123 0.111199
5.81155 0.111519
5.81187 0.111838
5.81187 0.11186
5.81275 0.112718
5.81428 0.11425
5.81556 0.0155349
5.81569 0.0153438
5.81569 0.0153438
5.81569 0.0153438
5.81604 0.116013
5.81636 0.116333
5.81649 0.0161423
5.81649 0.0158228
5.81649 0.0158228
5.81684 0.116812
5.81738 0.117349
5.8177 0.117668
5.81802 0.117988
5.81902 0.0189925
5.81934 0.019311
5.81966 0.119631
5.82035 0.0203242
5.82098 0.0209548
5.82248 0.122455
5.8228 0.0227966
5.8257 0.125676
5.82708 0.127053
5.82809 0.0280615
5.82841 0.128376
5.82932 0.0292877
5.83016 0.130135
5.83086 0.0308278
5.83118 0.131147
5.83118 0.0311483
5.83178 0.0317468
5.83278 0.132751
5.83413 0.0340974
5.8346 0.0345715
5.83542 0.0353896
5.83555 0.0155239
5.83555 0.0155239
5.83555 0.0155239
5.83567 0.0156522
5.83567 0.0153327
5.83567 0.0153327
5.83714 0.137116
5.83753 0.037524
5.83828 0.138253
5.8386 0.138572
5.83895 0.138923
5.83996 0.139927
5.84105 0.141024
5.84171 0.0416852
5.84287 0.142845
5.84459 0.0445646
5.84566 0.14563
5.84676 0.146727
5.84708 0.0470472
5.85016 0.050135
5.8511 0.0510766
5.85142 0.0513961
5.85535 0.0153393
5.85535 0.0153393
5.85535 0.0153393
5.85566 0.0156543
5.85566 0.0153348
5.85566 0.0153348
5.85909 0.0590641
5.86143 0.0614054
5.86415 0.0641199
5.86447 0.0644394
5.86622 0.0661897
5.86952 0.0694952
5.87485 0.0748224
5.87535 0.0153274
5.87535 0.0153274
5.87535 0.0153274
5.87567 0.0156424
5.87567 0.0153229
5.87567 0.0153229
5.87605 0.0760208
5.87979 0.0797674
5.88779 0.0877639
5.89044 0.0904162
5.89536 0.0153523
5.89536 0.0153523
5.89536 0.0153523
5.89568 0.0156673
5.89568 0.0153478
5.89568 0.0153478
5.89615 0.0961247
5.89647 0.0964442
5.89679 0.0967637
5.89724 0.0972076
5.89783 0.0978071
5.89783 0.0978061
5.89862 0.0985931
5.90028 0.100249
5.90106 0.101035
5.90141 0.101387
5.90173 0.101705
5.90173 0.101706
5.9046 0.104576
5.90492 0.104896
5.90543 0.105402
5.90684 0.10681
5.90747 0.107441
5.91025 0.110223
5.91056 0.110537
5.91088 0.110856
5.91123 0.111207
5.91155 0.111527
5.91187 0.111846
5.91187 0.111845
5.91275 0.112725
5.91425 0.114227
5.91557 0.0155425
5.9157 0.0153514
5.9157 0.0153514
5.9157 0.0153514
5.91602 0.11599
5.91634 0.116309
5.91647 0.0161188
5.91647 0.0157993
5.91647 0.0157993
5.91682 0.116788
5.91738 0.117356
5.9177 0.117676
5.91802 0.117995
5.91903 0.0190001
5.91935 0.0193273
5.91967 0.119638
5.92036 0.0203318
5.92099 0.0209624
5.92249 0.122463
5.92281 0.0227852
5.92568 0.125653
5.92709 0.127061
5.92809 0.0280722
5.92841 0.128384
5.92932 0.0292953
5.93017 0.130143
5.93083 0.0308129
5.93115 0.131124
5.93115 0.0311247
5.93175 0.0317319
5.93279 0.132758
5.9341 0.0340739
5.93458 0.0345566
5.93542 0.0353972
5.93555 0.0155314
5.93555 0.0155314
5.93555 0.0155314
5.93568 0.0156598
5.93568 0.0153403
5.93568 0.0153403
5.93715 0.137124
5.93753 0.0375264
5.93829 0.13826
5.93861 0.13858
5.93896 0.13893
5.93996 0.139934
5.94106 0.141031
5.94169 0.0416703
5.94288 0.142852
5.94457 0.0445411
5.94563 0.145606
5.94676 0.146734
5.94708 0.0470548
5.95017 0.0501426
5.95108 0.0510531
5.9514 0.0513726
5.95535 0.0153469
5.95535 0.0153469
5.95535 0.0153469
5.95567 0.0156619
5.95567 0.0153424
5.95567 0.0153424
5.9591 0.0590717
5.96144 0.0614129
5.96415 0.0641275
5.96447 0.064447
5.96619 0.0661662
5.96953 0.0695027
5.97486 0.07483
5.97536 0.015335
5.97536 0.015335
5.97536 0.015335
5.97567 0.01565
5.97567 0.0153305
5.97567 0.0153305
5.97606 0.0760284
5.97977 0.0797439
5.98777 0.0877404
5.99048 0.0904549
5.99534 0.0153287
5.99534 0.0153287
5.99534 0.0153287
5.99565 0.0156438
5.99565 0.0153242
5.99565 0.0153242
5.99616 0.0961323
5.99648 0.0964518
5.9968 0.0967713
5.99724 0.0972152
5.99781 0.0977912
5.99781 0.0977835
5.99863 0.0986007
6.00028 0.100265
6.00104 0.10102
6.00142 0.101394
6.00174 0.101722
6.00174 0.101714
6.00461 0.104586
6.00493 0.104906
6.00544 0.105412
6.00685 0.10682
6.00745 0.107419
6.01022 0.110202
6.01054 0.110516
6.01089 0.110866
6.01124 0.111217
6.01156 0.111536
6.01188 0.111856
6.01188 0.111864
6.01273 0.112704
6.01426 0.114237
6.01555 0.0155213
6.01568 0.0153302
6.01568 0.0153302
6.01568 0.0153302
6.01603 0.116
6.01635 0.116319
6.01647 0.0161287
6.01647 0.0158092
6.01647 0.0158092
6.01683 0.116798
6.01739 0.117366
6.01771 0.117686
6.01803 0.118005
6.01904 0.01901
6.01936 0.0193458
6.01968 0.119648
6.02037 0.0203418
6.02097 0.0209412
6.02247 0.122442
6.02279 0.0227761
6.02569 0.125662
6.0271 0.127071
6.02807 0.0280541
6.02839 0.128363
6.02933 0.0293052
6.03018 0.130153
6.03084 0.0308315
6.03116 0.131134
6.03116 0.0311347
6.03176 0.0317505
6.0328 0.132768
6.03411 0.0340838
6.03459 0.0345752
6.03543 0.0354071
6.03556 0.0155414
6.03556 0.0155414
6.03556 0.0155414
6.03569 0.0156698
6.03569 0.0153502
6.03569 0.0153502
6.03716 0.137133
6.03754 0.0375312
6.03827 0.138239
6.03859 0.138559
6.03897 0.13894
6.03994 0.139913
6.04104 0.14101
6.0417 0.0416889
6.04289 0.142862
6.04458 0.044551
6.04564 0.145616
6.04677 0.146744
6.04709 0.0470647
6.05018 0.0501525
6.05109 0.051063
6.05141 0.0513825
6.05536 0.0153568
6.05536 0.0153568
6.05536 0.0153568
6.05568 0.0156718
6.05568 0.0153523
6.05568 0.0153523
6.05911 0.0590816
6.06145 0.0614229
6.06416 0.0641374
6.06448 0.0644569
6.0662 0.0661761
6.06954 0.0695127
6.07487 0.0748399
6.07537 0.0153449
6.07537 0.0153449
6.07537 0.0153449
6.07568 0.0156599
6.07568 0.0153404
6.07568 0.0153404
6.07603 0.0760072
6.07977 0.0797538
6.08778 0.0877503
6.09043 0.0904026
6.09535 0.0153387
6.09535 0.0153387
6.09535 0.0153387
6.09566 0.0156537
6.09566 0.0153342
6.09566 0.0153342
6.09617 0.0961422
6.09649 0.0964617
6.09681 0.0967812
6.09725 0.0972251
6.09782 0.0978098
6.09814 0.098113
6.09861 0.098588
6.10027 0.100261
6.10103 0.101016
6.10141 0.101382
6.10173 0.101718
6.10173 0.101701
6.10463 0.104602
6.10495 0.104922
6.10542 0.105397
6.1068 0.106774
6.10749 0.107467
6.11024 0.110218
6.11056 0.110532
6.11088 0.110851
6.11123 0.111202
6.11155 0.111521
6.11187 0.111841
6.11187 0.111857
6.11275 0.11272
6.11428 0.114253
6.11556 0.0155374
6.11569 0.0153463
6.11569 0.0153463
6.11569 0.0153463
6.11604 0.116016
6.11636 0.116335
6.11649 0.0161448
6.11649 0.0158253
6.11649 0.0158253
6.11684 0.116814
6.11741 0.117382
6.11773 0.117702
6.11805 0.118021
6.11905 0.019026
6.11905 0.019051
6.11946 0.119438
6.12034 0.0203182
6.12101 0.0209799
6.12248 0.122449
6.1228 0.0227647
6.1257 0.12567
6.1271 0.127078
6.12808 0.0280648
6.1284 0.12837
6.12931 0.0292817
6.13019 0.13016
6.13082 0.0308166
6.13114 0.13111
6.13114 0.0311111
6.13174 0.0317356
6.13277 0.132745
6.13412 0.0340914
6.13456 0.0345603
6.13541 0.0353836
6.13554 0.0155178
6.13554 0.0155178
6.13554 0.0155178
6.13567 0.0156462
6.13567 0.0153267
6.13567 0.0153267
6.13711 0.137079
6.13752 0.0375025
6.13827 0.138247
6.13859 0.138566
6.13894 0.138917
6.13995 0.139921
6.14108 0.141049
6.14171 0.0417051
6.14286 0.142839
6.14458 0.0445586
6.14562 0.145593
6.14675 0.146721
6.14707 0.0470412
6.15015 0.050129
6.1511 0.0510706
6.15142 0.0513901
6.15534 0.0153333
6.15534 0.0153333
6.15534 0.0153333
6.15565 0.0156483
6.15565 0.0153288
6.15565 0.0153288
6.15908 0.0590581
6.16142 0.0613994
6.16417 0.064145
6.16449 0.0644645
6.16618 0.0661526
6.16951 0.0694892
6.17487 0.0748475
6.17537 0.0153525
6.17537 0.0153525
6.17537 0.0153525
6.17569 0.0156675
6.17569 0.015348
6.17569 0.015348
6.17604 0.0760148
6.17978 0.0797614
6.18775 0.0877268
6.19044 0.0904102
6.19535 0.0153463
6.19535 0.0153463
6.19535 0.0153463
6.19567 0.0156613
6.19567 0.0153418
6.19567 0.0153418
6.19614 0.0961187
6.19646 0.0964382
6.19678 0.0967577
6.19723 0.0972016
6.1978 0.0977949
6.19811 0.0980895
6.19862 0.0985956
6.20025 0.100246
6.20103 0.101033
6.20138 0.101358
6.2017 0.101703
6.2017 0.101678
6.20464 0.10461
6.20495 0.104929
6.20543 0.105404
6.20684 0.106813
6.20753 0.107505
6.21025 0.110226
6.21056 0.110539
6.21088 0.110859
6.21123 0.111209
6.21155 0.111529
6.21187 0.111848
6.21187 0.111873
6.21272 0.112697
6.21425 0.114229
6.21557 0.015545
6.2157 0.0153539
6.2157 0.0153539
6.2157 0.0153539
6.21608 0.116054
6.2164 0.116374
6.21653 0.0161835
6.21653 0.015864
6.21653 0.015864
6.21685 0.116822
6.21742 0.11739
6.21773 0.11771
6.21805 0.118029
6.21903 0.0190025
6.21935 0.0193245
6.21967 0.119641
6.22036 0.0203343
6.22099 0.0209648
6.22246 0.122434
6.22278 0.0227618
6.22568 0.125655
6.22709 0.127063
6.22809 0.0280879
6.22841 0.128386
6.22932 0.0292978
6.23017 0.130145
6.23086 0.0308413
6.23118 0.131157
6.23118 0.0311583
6.23175 0.0317292
6.23276 0.13273
6.23413 0.0341075
6.23461 0.034585
6.23542 0.0353997
6.23555 0.0155339
6.23555 0.0155339
6.23555 0.0155339
6.23568 0.0156623
6.23568 0.0153428
6.23568 0.0153428
6.23712 0.137095
6.23753 0.0375133
6.23826 0.138232
6.23858 0.138551
6.23896 0.138933
6.23993 0.139905
6.24103 0.141003
6.24172 0.0416987
6.24288 0.142855
6.24457 0.0445436
6.24563 0.145609
6.24673 0.146706
6.24705 0.0470262
6.25017 0.050145
6.25108 0.0510555
6.2514 0.051375
6.25535 0.0153493
6.25535 0.0153493
6.25535 0.0153493
6.25567 0.0156644
6.25567 0.0153449
6.25567 0.0153449
6.2591 0.0590741
6.26144 0.0614154
6.26415 0.0641299
6.26447 0.0644494
6.26619 0.0661686
6.26953 0.0695052
6.27486 0.0748325
6.27536 0.0153374
6.27536 0.0153374
6.27536 0.0153374
6.27567 0.0156524
6.27567 0.0153329
6.27567 0.0153329
6.27602 0.0759997
6.2798 0.0797775
6.28777 0.0877429
6.29045 0.0904263
6.29534 0.0153312
6.29534 0.0153312
6.29534 0.0153312
6.29565 0.0156462
6.29565 0.0153267
6.29565 0.0153267
6.29616 0.0961347
6.29648 0.0964542
6.2968 0.0967737
6.29724 0.0972177
6.29781 0.0977885
6.29813 0.0981055
6.29864 0.0986116
6.30026 0.10024
6.30105 0.101026
6.3014 0.101374
6.30172 0.101696
6.30172 0.101694
6.30465 0.104626
6.30497 0.104945
6.30541 0.105389
6.30682 0.106798
6.30751 0.10749
6.31023 0.11021
6.31055 0.110524
6.31087 0.110844
6.31122 0.111194
6.31154 0.111514
6.31186 0.111833
6.31186 0.111836
6.31274 0.112713
6.31427 0.114245
6.31555 0.0155299
6.31568 0.0153388
6.31568 0.0153388
6.31568 0.0153388
6.31606 0.116039
6.31638 0.116359
6.31651 0.0161684
6.31651 0.0158489
6.31651 0.0158489
6.31683 0.116807
6.31743 0.117406
6.31775 0.117726
6.31807 0.118045
6.31904 0.0190186
6.31936 0.0193492
6.31968 0.119657
6.32034 0.0203192
6.32097 0.0209498
6.32248 0.12245
6.32279 0.0227899
6.3257 0.125671
6.32707 0.127048
6.32808 0.028076
6.3284 0.128371
6.32931 0.0292827
6.33019 0.130161
6.33085 0.0308349
6.33117 0.131142
6.33117 0.0311433
6.33177 0.0317539
6.33277 0.132746
6.33412 0.0340924
6.33459 0.0345786
6.33541 0.0353846
6.33554 0.0155189
6.33554 0.0155189
6.33554 0.0155189
6.33567 0.0156472
6.33567 0.0153277
6.33567 0.0153277
6.3371 0.13708
6.33755 0.0375242
6.33827 0.138248
6.33859 0.138567
6.33894 0.138918
6.33995 0.139922
6.34104 0.141019
6.3417 0.0416923
6.34286 0.14284
6.34458 0.0445596
6.34562 0.145594
6.34675 0.146722
6.34707 0.0470422
6.35015 0.05013
6.3511 0.0510716
6.35141 0.0513911
6.35534 0.0153343
6.35534 0.0153343
6.35534 0.0153343
6.35565 0.0156493
6.35565 0.0153298
6.35565 0.0153298
6.35908 0.0590591
6.36142 0.0614004
6.36417 0.064146
6.36449 0.0644655
6.36618 0.0661536
6.36951 0.0694902
6.37487 0.0748485
6.37537 0.0153535
6.37537 0.0153535
6.37537 0.0153535
6.37569 0.0156685
6.37569 0.015349
6.37569 0.015349
6.37604 0.0760158
6.37978 0.0797624
6.38775 0.0877278
6.39044 0.0904112
6.39535 0.0153473
6.39535 0.0153473
6.39535 0.0153473
6.39567 0.0156623
6.39567 0.0153428
6.39567 0.0153428
6.39614 0.0961197
6.39646 0.0964392
6.39678 0.0967587
6.39723 0.0972026
6.39779 0.0977821
6.39811 0.0980905
6.39862 0.0985966
6.40025 0.100234
6.40103 0.10102
6.40138 0.101359
6.4017 0.10169
6.4017 0.101679
6.40463 0.104611
6.40495 0.10493
6.40543 0.105405
6.40681 0.106782
6.4075 0.107475
6.41024 0.110227
6.41056 0.11054
6.41088 0.11086
6.4112 0.111179
6.41152 0.111499
6.41184 0.111818
6.41184 0.11183
6.41272 0.112698
6.41425 0.11423
6.41557 0.015546
6.4157 0.0153549
6.4157 0.0153549
6.4157 0.0153549
6.41608 0.116055
6.4164 0.116375
6.41653 0.0161845
6.41653 0.015865
6.41653 0.015865
6.41685 0.116823
6.41741 0.117391
6.41773 0.117711
6.41805 0.11803
6.41903 0.0190035
6.41935 0.0193428
6.41967 0.119642
6.42036 0.0203353
6.42099 0.0209658
6.42246 0.122435
6.42278 0.0227559
6.42568 0.125656
6.42709 0.127064
6.42809 0.0280641
6.42841 0.128387
6.42929 0.0292677
6.43017 0.130146
6.43083 0.0308285
6.43115 0.131127
6.43115 0.0311282
6.43175 0.0317475
6.43275 0.132731
6.43413 0.0341085
6.43458 0.0345722
6.43542 0.0354007
6.43555 0.0155349
6.43555 0.0155349
6.43555 0.0155349
6.43568 0.0156633
6.43568 0.0153438
6.43568 0.0153438
6.43712 0.137096
6.43753 0.037504
6.43826 0.138233
6.43858 0.138552
6.43893 0.138903
6.43993 0.139906
6.44103 0.141004
6.44169 0.0416859
6.44285 0.142825
6.44457 0.0445446
6.44563 0.14561
6.44676 0.146738
6.44708 0.0470583
6.45017 0.050146
6.45108 0.0510565
6.4514 0.051376
6.45535 0.0153504
6.45535 0.0153504
6.45535 0.0153504
6.45567 0.0156654
6.45567 0.0153459
6.45567 0.0153459
6.4591 0.0590751
6.46144 0.0614164
6.46415 0.0641309
6.46447 0.0644504
6.46619 0.0661696
6.46953 0.0695062
6.47486 0.0748335
6.47536 0.0153384
6.47536 0.0153384
6.47536 0.0153384
6.47567 0.0156534
6.47567 0.0153339
6.47567 0.0153339
6.47602 0.0760007
6.4798 0.0797785
6.48777 0.0877439
6.49045 0.0904273
6.49534 0.0153322
6.49534 0.0153322
6.49534 0.0153322
6.49565 0.0156472
6.49565 0.0153277
6.49565 0.0153277
6.49616 0.0961357
6.49648 0.0964552
6.4968 0.0967747
6.49724 0.0972187
6.49781 0.0978068
6.49813 0.0981065
6.49864 0.0986126
6.50023 0.100227
6.50102 0.101013
6.5014 0.101375
6.50172 0.101715
6.50172 0.101695
6.50465 0.104627
6.50497 0.104946
6.50541 0.10539
6.50682 0.106799
6.50751 0.107491
6.51023 0.110211
6.51055 0.110525
6.51087 0.110845
6.51122 0.111195
6.51154 0.111515
6.51186 0.111834
6.51186 0.111854
6.51274 0.112714
6.51427 0.114246
6.51555 0.0155309
6.51568 0.0153398
6.51568 0.0153398
6.51568 0.0153398
6.51606 0.11604
6.51638 0.11636
6.51651 0.0161694
6.51651 0.0158499
6.51651 0.0158499
6.51683 0.116808
6.51743 0.117407
6.51775 0.117727
6.51807 0.118046
6.51904 0.0190196
6.51936 0.0193364
6.51968 0.119658
6.52034 0.0203202
6.52097 0.0209508
6.52244 0.12242
6.52276 0.0227529
6.5257 0.125672
6.52707 0.127049
6.52811 0.0280832
6.52843 0.128404
6.52931 0.0292837
6.53019 0.130162
6.53085 0.0308221
6.53117 0.131143
6.53117 0.0311443
6.53177 0.031741
6.53277 0.132747
6.53412 0.0340934
6.53459 0.0345658
6.53541 0.0353856
6.53554 0.0155199
6.53554 0.0155199
6.53554 0.0155199
6.53566 0.0156482
6.53566 0.0153287
6.53566 0.0153287
6.5371 0.137081
6.53752 0.0375149
6.53827 0.138249
6.53859 0.138568
6.53894 0.138919
6.53995 0.139923
6.54104 0.14102
6.5417 0.0416795
6.54286 0.142841
6.54458 0.0445606
6.54562 0.145595
6.54675 0.146723
6.54707 0.0470432
6.55015 0.050131
6.55109 0.0510726
6.55141 0.0513921
6.55534 0.0153353
6.55534 0.0153353
6.55534 0.0153353
6.55565 0.0156503
6.55565 0.0153308
6.55565 0.0153308
6.55908 0.0590601
6.56142 0.0614014
6.56417 0.064147
6.56449 0.0644665
6.56618 0.0661546
6.56951 0.0694912
6.57487 0.0748495
6.57537 0.0153545
6.57537 0.0153545
6.57537 0.0153545
6.57569 0.0156695
6.57569 0.01535
6.57569 0.01535
6.57604 0.0760168
6.57978 0.0797634
6.58775 0.0877288
6.59043 0.0904122
6.59535 0.0153483
6.59535 0.0153483
6.59535 0.0153483
6.59567 0.0156633
6.59567 0.0153438
6.59567 0.0153438
6.59614 0.0961207
6.59646 0.0964402
6.59678 0.0967597
6.59723 0.0972036
6.59783 0.0978004
6.59783 0.0978031
6.59861 0.0985891
6.60027 0.100243
6.60105 0.10103
6.6014 0.101383
6.60172 0.1017
6.60172 0.101702
6.60463 0.104603
6.60495 0.104923
6.60542 0.105398
6.60683 0.106806
6.60752 0.107499
6.61024 0.110219
6.61056 0.110533
6.61087 0.110852
6.61123 0.111203
6.61154 0.111523
6.61186 0.111842
6.61186 0.111839
6.61271 0.11269
6.61428 0.114254
6.61556 0.0155385
6.61569 0.0153474
6.61569 0.0153474
6.61569 0.0153474
6.61607 0.116048
6.61639 0.116367
6.61652 0.016177
6.61652 0.0158575
6.61652 0.0158575
6.61684 0.116815
6.61744 0.117415
6.61776 0.117734
6.61808 0.118054
6.61905 0.0190272
6.61937 0.0193527
6.61969 0.119665
6.62035 0.0203278
6.62098 0.0209584
6.62245 0.122428
6.62277 0.0227415
6.6257 0.12568
6.62708 0.127057
6.62808 0.0280628
6.6284 0.12838
6.62931 0.0292913
6.63019 0.13017
6.63085 0.0308383
6.63117 0.131151
6.63117 0.0311518
6.63177 0.0317573
6.63275 0.132723
6.63412 0.034101
6.6346 0.034582
6.63541 0.0353932
6.63554 0.0155274
6.63554 0.0155274
6.63554 0.0155274
6.63567 0.0156558
6.63567 0.0153363
6.63567 0.0153363
6.63711 0.137088
6.63752 0.0375173
6.63828 0.138256
6.6386 0.138576
6.63895 0.138926
6.63992 0.139899
6.64105 0.141027
6.64171 0.0416957
6.64287 0.142848
6.64459 0.0445682
6.64562 0.145602
6.64675 0.14673
6.64707 0.0470508
6.65016 0.0501386
6.6511 0.0510802
6.65142 0.0513997
6.65534 0.0153429
6.65534 0.0153429
6.65534 0.0153429
6.65566 0.0156579
6.65566 0.0153384
6.65566 0.0153384
6.65909 0.0590677
6.66143 0.0614089
6.66418 0.0641546
6.6645 0.0644741
6.66618 0.0661622
6.66952 0.0694987
6.67485 0.074826
6.67535 0.015331
6.67535 0.015331
6.67535 0.015331
6.67566 0.015646
6.67566 0.0153265
6.67566 0.0153265
6.67601 0.0759933
6.67979 0.079771
6.68776 0.0877364
6.69044 0.0904198
6.69536 0.0153558
6.69536 0.0153558
6.69536 0.0153558
6.69567 0.0156709
6.69567 0.0153513
6.69567 0.0153513
6.69615 0.0961283
6.69647 0.0964478
6.69679 0.0967673
6.69723 0.0972112
6.6978 0.0977855
6.69812 0.098099
6.69863 0.0986052
6.70025 0.100237
6.70104 0.101023
6.70139 0.101368
6.70171 0.101693
6.70171 0.101687
6.70464 0.104619
6.70496 0.104939
6.70544 0.105414
6.70681 0.106791
6.70751 0.107484
6.71022 0.110204
6.71054 0.110518
6.71086 0.110837
6.71124 0.111219
6.71156 0.111539
6.71188 0.111858
6.71188 0.111864
6.71273 0.112706
6.71426 0.114239
6.71554 0.0155235
6.71567 0.0153323
6.71567 0.0153323
6.71567 0.0153323
6.71605 0.116033
6.71637 0.116352
6.7165 0.0161619
6.7165 0.0158424
6.7165 0.0158424
6.71682 0.1168
6.71742 0.1174
6.71774 0.117719
6.71806 0.118039
6.71903 0.0190121
6.71935 0.0193462
6.71967 0.11965
6.72033 0.0203128
6.721 0.0209744
6.72247 0.122444
6.72278 0.0227697
6.72569 0.125665
6.72706 0.127042
6.7281 0.028082
6.72842 0.128396
6.7293 0.0292763
6.73018 0.130155
6.73084 0.0308319
6.73116 0.131136
6.73116 0.0311368
6.73176 0.0317509
6.73276 0.132739
6.73411 0.034086
6.73458 0.0345756
6.73543 0.0354093
6.73556 0.0155435
6.73556 0.0155435
6.73556 0.0155435
6.73569 0.0156719
6.73569 0.0153524
6.73569 0.0153524
6.73713 0.137104
6.73754 0.0375281
6.73826 0.138241
6.73858 0.138561
6.73893 0.138911
6.73994 0.139915
6.74103 0.141012
6.7417 0.0416893
6.74285 0.142833
6.74457 0.0445532
6.74561 0.145587
6.74674 0.146715
6.74706 0.0470358
6.75018 0.0501546
6.75109 0.0510651
6.75141 0.0513846
6.75533 0.0153278
6.75533 0.0153278
6.75533 0.0153278
6.75567 0.015674
6.75567 0.0153544
6.75567 0.0153544
6.75907 0.0590526
6.76141 0.0613939
6.76416 0.0641395
6.76448 0.064459
6.76617 0.0661471
6.7695 0.0694837
6.77486 0.0748421
6.77536 0.015347
6.77536 0.015347
6.77536 0.015347
6.77568 0.015662
6.77568 0.0153425
6.77568 0.0153425
6.77603 0.0760093
6.77977 0.079756
6.78777 0.0877525
6.79043 0.0904048
6.79534 0.0153408
6.79534 0.0153408
6.79534 0.0153408
6.79566 0.0156558
6.79566 0.0153363
6.79566 0.0153363
6.79613 0.0961132
6.79645 0.0964327
6.79677 0.0967522
6.79725 0.0972273
6.79779 0.0977791
6.7981 0.098084
6.79861 0.0985901
6.80024 0.100231
6.80102 0.101017
6.8014 0.101384
6.80172 0.101718
6.80172 0.101703
6.80463 0.104604
6.80494 0.104924
6.80542 0.105399
6.80683 0.106807
6.80752 0.1075
6.81023 0.11022
6.81055 0.110534
6.81087 0.110853
6.81122 0.111204
6.81154 0.111524
6.81186 0.111843
6.81186 0.111858
6.81271 0.112691
6.81428 0.114255
6.81556 0.0155395
6.81569 0.0153484
6.81569 0.0153484
6.81569 0.0153484
6.81607 0.116049
6.81639 0.116368
6.81652 0.016178
6.81652 0.0158585
6.81652 0.0158585
6.81684 0.116816
6.81744 0.117416
6.81776 0.117735
6.81808 0.118055
6.81905 0.0190282
6.81937 0.0193398
6.81969 0.119666
6.82035 0.0203288
6.82098 0.0209594
6.82245 0.122429
6.82277 0.0227667
6.8257 0.125681
6.82708 0.127058
6.82808 0.0280701
6.8284 0.128381
6.82931 0.0292923
6.83019 0.130171
6.83085 0.0308255
6.83117 0.131152
6.83117 0.0311528
6.83177 0.0317445
6.83274 0.132724
6.83412 0.034102
6.8346 0.0345692
6.83541 0.0353942
6.83554 0.0155284
6.83554 0.0155284
6.83554 0.0155284
6.83567 0.0156568
6.83567 0.0153373
6.83567 0.0153373
6.83711 0.137089
6.83752 0.0375079
6.83828 0.138257
6.8386 0.138577
6.83895 0.138927
6.83992 0.1399
6.84105 0.141028
6.84171 0.0416829
6.84287 0.142849
6.84459 0.0445692
6.84562 0.145603
6.84675 0.146732
6.84707 0.0470518
6.85016 0.0501396
6.8511 0.0510812
6.85142 0.0514007
6.85537 0.0153439
6.85537 0.0153439
6.85537 0.0153439
6.85569 0.0156589
6.85569 0.0153394
6.85569 0.0153394
6.85909 0.0590687
6.86143 0.0614099
6.86418 0.0641556
6.86449 0.0644751
6.86618 0.0661632
6.86952 0.0694997
6.87485 0.074827
6.87535 0.015332
6.87535 0.015332
6.87535 0.015332
6.87566 0.015647
6.87566 0.0153275
6.87566 0.0153275
6.87601 0.0759943
6.87979 0.079772
6.88776 0.0877374
6.89044 0.0904208
6.89536 0.0153568
6.89536 0.0153568
6.89536 0.0153568
6.89567 0.0156719
6.89567 0.0153524
6.89567 0.0153524
6.89615 0.0961293
6.89647 0.0964488
6.89679 0.0967683
6.89723 0.0972122
6.89783 0.0978038
6.89783 0.0978116
6.89862 0.0985977
6.90027 0.100247
6.90106 0.101033
6.90138 0.10136
6.9017 0.101672
6.9017 0.10168
6.90463 0.104612
6.90495 0.104932
6.90543 0.105407
6.9068 0.106784
6.9075 0.107476
6.91024 0.110228
6.91056 0.110541
6.91088 0.110861
6.9112 0.11118
6.91152 0.1115
6.91184 0.11182
6.91216 0.112131
6.91273 0.112707
6.91426 0.11424
6.91554 0.0155245
6.91567 0.0153333
6.91567 0.0153333
6.91567 0.0153333
6.91605 0.116034
6.91637 0.116353
6.9165 0.0161629
6.9165 0.0158434
6.9165 0.0158434
6.91682 0.116801
6.91742 0.117401
6.91774 0.11772
6.91806 0.11804
6.91903 0.0190131
6.91935 0.0193334
6.91967 0.119651
6.92033 0.0203138
6.92099 0.0209754
6.92246 0.122445
6.92278 0.0227638
6.92569 0.125666
6.92706 0.127043
6.92807 0.0280581
6.92839 0.128366
6.9293 0.0292773
6.93018 0.130156
6.93084 0.0308191
6.93116 0.131137
6.93116 0.0311378
6.93176 0.031738
6.93276 0.13274
6.93411 0.034087
6.93458 0.0345628
6.93543 0.0354103
6.93556 0.0155445
6.93556 0.0155445
6.93556 0.0155445
6.93569 0.0156729
6.93569 0.0153534
6.93569 0.0153534
6.93713 0.137105
6.93754 0.0375188
6.93826 0.138242
6.93858 0.138562
6.93893 0.138912
6.93994 0.139916
6.94103 0.141013
6.94173 0.0417076
6.94285 0.142834
6.94457 0.0445542
6.94561 0.145588
6.94674 0.146716
6.94706 0.0470368
6.95017 0.0501556
6.95109 0.0510661
6.9514 0.0513856
6.95536 0.0153288
6.95536 0.0153288
6.95536 0.0153288
6.9557 0.015675
6.9557 0.0153554
6.9557 0.0153554
6.95907 0.0590536
6.96141 0.0613949
6.96416 0.0641405
6.96448 0.06446
6.96617 0.0661481
6.9695 0.0694847
6.97486 0.0748431
6.97536 0.015348
6.97536 0.015348
6.97536 0.015348
6.97568 0.015663
6.97568 0.0153435
6.97568 0.0153435
6.97603 0.0760103
6.97977 0.079757
6.98777 0.0877535
6.99042 0.0904058
6.99534 0.0153418
6.99534 0.0153418
6.99534 0.0153418
6.99566 0.0156568
6.99566 0.0153373
6.99566 0.0153373
6.99613 0.0961142
6.99645 0.0964337
6.99677 0.0967532
6.99725 0.0972283
6.99782 0.0977974
6.99782 0.0977966
6.99863 0.0986138
7.00026 0.10024
7.00104 0.101027
7.0014 0.101376
7.00171 0.101697
7.00171 0.101696
7.00465 0.104631
7.00497 0.10495
7.00541 0.105394
7.00682 0.106802
7.00748 0.107464
7.01023 0.110215
7.01055 0.110529
7.01087 0.110848
7.01122 0.111199
7.01154 0.111519
7.01186 0.111838
7.01186 0.111839
7.01274 0.112717
7.01427 0.11425
7.01555 0.0155345
7.01568 0.0153434
7.01568 0.0153434
7.01568 0.0153434
7.01606 0.116044
7.01638 0.116363
7.01651 0.016173
7.01651 0.0158535
7.01651 0.0158535
7.01683 0.116811
7.01743 0.117411
7.01775 0.11773
7.01807 0.11805
7.01904 0.0190232
7.01936 0.0193521
7.01968 0.119661
7.02034 0.0203238
7.02097 0.0209544
7.02244 0.122424
7.02276 0.0227548
7.02569 0.125676
7.02707 0.127053
7.02808 0.0280713
7.02839 0.128376
7.02931 0.0292873
7.03018 0.130166
7.03085 0.0308378
7.03117 0.131147
7.03117 0.0311478
7.03177 0.0317567
7.03274 0.132719
7.03412 0.034097
7.03459 0.0345815
7.03541 0.0353892
7.03554 0.0155234
7.03554 0.0155234
7.03554 0.0155234
7.03566 0.0156518
7.03566 0.0153323
7.03566 0.0153323
7.03713 0.137116
7.03755 0.0375236
7.03827 0.138252
7.03859 0.138572
7.03894 0.138922
7.03995 0.139926
7.04101 0.140992
7.0417 0.0416951
7.04286 0.142844
7.04458 0.0445642
7.04559 0.145567
7.04675 0.146726
7.04706 0.0470468
7.05018 0.0501657
7.05109 0.0510762
7.05141 0.0513957
7.05537 0.0153389
7.05537 0.0153389
7.05537 0.0153389
7.05568 0.0156539
7.05568 0.0153344
7.05568 0.0153344
7.05908 0.0590637
7.06142 0.0614049
7.06417 0.0641506
7.06449 0.0644701
7.06618 0.0661581
7.06951 0.0694947
7.07487 0.0748531
7.07537 0.0153581
7.07537 0.0153581
7.07537 0.0153581
7.07569 0.0156731
7.07569 0.0153536
7.07569 0.0153536
7.07601 0.0759893
7.07978 0.079767
7.08775 0.0877324
7.09043 0.0904158
7.09535 0.0153518
7.09535 0.0153518
7.09535 0.0153518
7.09567 0.0156669
7.09567 0.0153473
7.09567 0.0153473
7.09614 0.0961243
7.09646 0.0964438
7.09678 0.0967633
7.09726 0.0972383
7.09779 0.097785
7.09811 0.098095
7.09862 0.0986012
7.10025 0.100236
7.10103 0.101023
7.10138 0.101364
7.1017 0.101693
7.1017 0.101683
7.10466 0.104647
7.10498 0.104966
7.10543 0.10541
7.10681 0.106787
7.10753 0.107511
7.11021 0.1102
7.11053 0.110514
7.11085 0.110833
7.1112 0.111184
7.11152 0.111503
7.11184 0.111832
7.11184 0.111823
7.11272 0.112702
7.11425 0.114235
7.11557 0.0155506
7.1157 0.0153594
7.1157 0.0153594
7.1157 0.0153594
7.11608 0.11606
7.1164 0.116379
7.11653 0.016189
7.11653 0.0158695
7.11653 0.0158695
7.11685 0.116827
7.11744 0.117427
7.11776 0.117746
7.11808 0.118066
7.11906 0.0190392
7.11938 0.0193457
7.1197 0.119677
7.12036 0.0203399
7.12099 0.0209704
7.12246 0.12244
7.12278 0.0227519
7.12568 0.125661
7.12709 0.127069
7.12809 0.0280904
7.12841 0.128392
7.12929 0.0292723
7.1302 0.130182
7.13086 0.0308314
7.13118 0.131163
7.13118 0.0311639
7.13178 0.0317503
7.13272 0.132704
7.13413 0.0341131
7.13461 0.0345751
7.13542 0.0354053
7.13555 0.0155395
7.13555 0.0155395
7.13555 0.0155395
7.13568 0.0156679
7.13568 0.0153484
7.13568 0.0153484
7.13709 0.137069
7.13753 0.0375034
7.13826 0.138237
7.13857 0.138557
7.13893 0.138907
7.13993 0.139911
7.14103 0.141008
7.14175 0.0417198
7.14285 0.142829
7.14457 0.0445491
7.1456 0.145583
7.14676 0.146743
7.14708 0.0470629
7.15017 0.0501506
7.15108 0.0510611
7.1514 0.0513806
7.15538 0.0153549
7.15538 0.0153549
7.15538 0.0153549
7.1557 0.0156699
7.1557 0.0153504
7.1557 0.0153504
7.15907 0.0590486
7.16144 0.061421
7.16418 0.0641666
7.1645 0.0644861
7.16616 0.0661431
7.1695 0.0694797
7.17486 0.074838
7.17536 0.015343
7.17536 0.015343
7.17536 0.015343
7.17567 0.015658
7.17567 0.0153385
7.17567 0.0153385
7.17599 0.0759742
7.17979 0.0797831
7.18773 0.0877173
7.19042 0.0904008
7.19537 0.0153368
7.19537 0.0153368
7.19537 0.0153368
7.19568 0.0156518
7.19568 0.0153323
7.19568 0.0153323
7.19616 0.0961403
7.19648 0.0964598
7.1968 0.0967793
7.19724 0.0972232
7.19781 0.0977786
7.19813 0.0981111
7.19863 0.0986172
7.20026 0.10023
7.20105 0.101016
7.20137 0.101349
7.20169 0.101655
7.20169 0.101668
7.20468 0.104663
7.205 0.104982
7.20541 0.105395
7.20679 0.106772
7.20754 0.107527
7.21023 0.110216
7.21055 0.11053
7.21087 0.110849
7.21119 0.111169
7.21151 0.111488
7.21186 0.111826
7.21186 0.111839
7.2127 0.112687
7.21427 0.114251
7.21555 0.0155355
7.21568 0.0153444
7.21568 0.0153444
7.21568 0.0153444
7.21609 0.116076
7.21641 0.116395
7.21654 0.0162051
7.21654 0.0158856
7.21654 0.0158856
7.21686 0.116843
7.21746 0.117443
7.21778 0.117762
7.2181 0.118082
7.21904 0.0190242
7.21936 0.0193393
7.21968 0.119662
7.22034 0.0203248
7.221 0.0209865
7.22244 0.122425
7.22276 0.022749
7.22569 0.125677
7.22707 0.127054
7.22811 0.0280825
7.22843 0.128408
7.2293 0.0292883
7.23022 0.130198
7.23085 0.030825
7.23117 0.131148
7.23117 0.0311488
7.23176 0.0317439
7.23274 0.13272
7.23411 0.034098
7.23459 0.0345687
7.23541 0.0353902
7.23554 0.0155244
7.23554 0.0155244
7.23554 0.0155244
7.23566 0.0156528
7.23566 0.0153333
7.23566 0.0153333
7.2371 0.137085
7.23752 0.0375143
7.23827 0.138253
7.23859 0.138573
7.23891 0.138892
7.23991 0.139896
7.24101 0.140993
7.24173 0.0417134
7.24286 0.142845
7.24458 0.0445652
7.24559 0.145568
7.24671 0.146696
7.24703 0.0470167
7.25015 0.0501356
7.25109 0.0510772
7.25141 0.0513967
7.25537 0.0153399
7.25537 0.0153399
7.25537 0.0153399
7.25568 0.0156549
7.25568 0.0153354
7.25568 0.0153354
7.25908 0.0590647
7.26142 0.0614059
7.26417 0.0641516
7.26449 0.0644711
7.26614 0.066128
7.26948 0.0694646
7.27487 0.0748541
7.27537 0.0153591
7.27537 0.0153591
7.27537 0.0153591
7.27569 0.0156741
7.27569 0.0153546
7.27569 0.0153546
7.27601 0.0759903
7.27978 0.079768
7.28775 0.0877334
7.2904 0.0903857
7.29538 0.0153528
7.29538 0.0153528
7.29538 0.0153528
7.2957 0.0156679
7.2957 0.0153483
7.2957 0.0153483
7.29614 0.0961253
7.29646 0.0964448
7.29678 0.0967643
7.29726 0.0972393
7.29782 0.0978033
7.29814 0.0981271
7.29862 0.0986022
7.30024 0.100224
7.30103 0.10101
7.30138 0.101365
7.3017 0.10168
7.3017 0.101684
7.30466 0.104648
7.30498 0.104967
7.30543 0.105411
7.30677 0.106757
7.30756 0.107543
7.31021 0.110201
7.31053 0.110515
7.31085 0.110834
7.3112 0.111185
7.31152 0.111504
7.31184 0.11182
7.31184 0.111824
7.31269 0.112672
7.31425 0.114236
7.31557 0.0155516
7.3157 0.0153604
7.3157 0.0153604
7.3157 0.0153604
7.31611 0.116092
7.31643 0.116411
7.31656 0.0162212
7.31656 0.0159016
7.31656 0.0159016
7.31688 0.116859
7.31748 0.117459
7.31779 0.117778
7.31811 0.118098
7.31906 0.0190402
7.31938 0.019364
7.31969 0.119678
7.32036 0.0203409
7.32099 0.0209714
7.32243 0.12241
7.32275 0.0227149
7.32568 0.125662
7.32706 0.127039
7.32809 0.0280745
7.32841 0.128393
7.32929 0.0292733
7.3302 0.130183
7.33083 0.0308186
7.33115 0.131133
7.33115 0.0311338
7.33175 0.0317375
7.33272 0.132705
7.33413 0.0341141
7.33457 0.0345623
7.33542 0.0354063
7.33555 0.0155405
7.33555 0.0155405
7.33555 0.0155405
7.33568 0.0156689
7.33568 0.0153494
7.33568 0.0153494
7.33709 0.13707
7.33753 0.0375252
7.33825 0.138238
7.33857 0.138558
7.33892 0.138908
7.33993 0.139912
7.34103 0.141009
7.34172 0.041707
7.34285 0.14283
7.34457 0.0445502
7.3456 0.145584
7.34673 0.146712
7.34705 0.0470328
7.35017 0.0501516
7.35108 0.0510621
7.3514 0.0513816
7.35538 0.0153559
7.35538 0.0153559
7.35538 0.0153559
7.3557 0.0156709
7.3557 0.0153514
7.3557 0.0153514
7.35907 0.0590496
7.36144 0.061422
7.36418 0.0641676
7.3645 0.0644871
7.36616 0.0661441
7.3695 0.0694807
7.37485 0.0748391
7.37536 0.015344
7.37536 0.015344
7.37536 0.015344
7.37567 0.015659
7.37567 0.0153395
7.37567 0.0153395
7.37599 0.0759752
7.37979 0.0797841
7.38773 0.0877184
7.39042 0.0904018
7.39537 0.0153378
7.39537 0.0153378
7.39537 0.0153378
7.39568 0.0156528
7.39568 0.0153333
7.39568 0.0153333
7.39616 0.0961413
7.39648 0.0964608
7.3968 0.0967803
7.39724 0.0972242
7.39781 0.0977969
7.39813 0.0981121
7.39863 0.0986182
7.40023 0.100217
7.40105 0.101034
7.40137 0.10135
7.40168 0.101673
7.40168 0.101669
7.40468 0.104664
7.405 0.104983
7.40541 0.105396
7.40679 0.106773
7.40754 0.107528
7.41023 0.110217
7.41055 0.110531
7.41087 0.11085
7.41119 0.11117
7.41151 0.111489
7.41182 0.111813
7.41214 0.112128
7.41271 0.112697
7.41425 0.114229
7.41556 0.015545
7.41569 0.0153539
7.41569 0.0153539
7.41569 0.0153539
7.4161 0.116085
7.41642 0.116405
7.41655 0.0162146
7.41655 0.0158951
7.41655 0.0158951
7.41687 0.116853
7.41747 0.117452
7.41779 0.117772
7.41811 0.118091
7.41905 0.0190336
7.41905 0.0190465
7.41952 0.119508
7.42034 0.0203258
7.421 0.0209875
7.42244 0.122426
7.42276 0.0227431
7.42569 0.125678
7.42707 0.127055
7.42811 0.0280977
7.42842 0.128409
7.4293 0.0292893
7.43021 0.130199
7.43081 0.0308121
7.43113 0.131118
7.43113 0.0311187
7.43173 0.0317311
7.43274 0.132721
7.43411 0.034099
7.43459 0.034587
7.43541 0.0353912
7.43553 0.0155254
7.43553 0.0155254
7.43553 0.0155254
7.43566 0.0156538
7.43566 0.0153343
7.43566 0.0153343
7.4371 0.137086
7.43751 0.0375049
7.43827 0.138254
7.43859 0.138574
7.43891 0.138893
7.43991 0.139897
7.44101 0.140994
7.4417 0.0417006
7.44283 0.142815
7.44458 0.0445662
7.44558 0.145569
7.44671 0.146697
7.44703 0.0470177
7.45015 0.0501366
7.45109 0.0510782
7.45141 0.0513977
7.45537 0.0153409
7.45537 0.0153409
7.45537 0.0153409
7.45568 0.0156559
7.45568 0.0153364
7.45568 0.0153364
7.45908 0.0590657
7.46142 0.0614069
7.46417 0.0641526
7.46449 0.0644721
7.46614 0.066129
7.46948 0.0694656
7.47487 0.0748551
7.47537 0.0153601
7.47537 0.0153601
7.47537 0.0153601
7.47569 0.0156751
7.47569 0.0153556
7.47569 0.0153556
7.47601 0.0759913
7.47978 0.079769
7.48775 0.0877344
7.4904 0.0903867
7.49538 0.0153538
7.49538 0.0153538
7.49538 0.0153538
7.4957 0.0156689
7.4957 0.0153493
7.4957 0.0153493
7.49614 0.0961263
7.49646 0.0964458
7.49678 0.0967653
7.49726 0.0972403
7.49779 0.0977905
7.49811 0.098097
7.49862 0.0986032
7.50024 0.100242
7.50103 0.101028
7.50138 0.101366
7.5017 0.101698
7.5017 0.101685
7.50466 0.104649
7.50498 0.104968
7.50543 0.105412
7.50677 0.106758
7.50756 0.107544
7.51021 0.110202
7.51053 0.110516
7.51085 0.110835
7.5112 0.111186
7.51152 0.111505
7.51184 0.111838
7.51216 0.112144
7.5127 0.112682
7.51426 0.114245
7.51554 0.0155299
7.51567 0.0153388
7.51567 0.0153388
7.51567 0.0153388
7.51609 0.11607
7.5164 0.11639
7.51653 0.0161995
7.51653 0.01588
7.51653 0.01588
7.51685 0.116838
7.51745 0.117437
7.51777 0.117757
7.51809 0.118076
7.51903 0.0190186
7.51935 0.0193285
7.51967 0.119657
7.52033 0.0203192
7.52099 0.0209809
7.52243 0.122419
7.52275 0.0227486
7.52569 0.125671
7.52706 0.127048
7.52813 0.0280982
7.52845 0.128434
7.5293 0.0292827
7.53021 0.130192
7.53084 0.0308142
7.53116 0.131142
7.53116 0.0311433
7.53176 0.0317332
7.53273 0.132715
7.53414 0.0341235
7.53461 0.034589
7.5354 0.0353846
7.53553 0.0155189
7.53553 0.0155189
7.53553 0.0155189
7.53569 0.0156783
7.53569 0.0153588
7.53569 0.0153588
7.53709 0.13708
7.53754 0.0375243
7.53826 0.138248
7.53858 0.138567
7.53893 0.138918
7.53991 0.13989
7.541 0.140988
7.54173 0.0417027
7.54285 0.14284
7.54457 0.0445596
7.54561 0.145594
7.54674 0.146722
7.54706 0.0470422
7.55014 0.05013
7.55109 0.0510716
7.55141 0.0513911
7.55536 0.0153343
7.55536 0.0153343
7.55536 0.0153343
7.55567 0.0156493
7.55567 0.0153298
7.55567 0.0153298
7.55907 0.0590591
7.56145 0.0614315
7.56419 0.0641771
7.56451 0.0644966
7.56617 0.0661536
7.5695 0.0694902
7.57486 0.0748485
7.57536 0.0153535
7.57536 0.0153535
7.57536 0.0153535
7.57568 0.0156685
7.57568 0.015349
7.57568 0.015349
7.576 0.0759847
7.57977 0.0797624
7.58774 0.0877278
7.59043 0.0904112
7.59537 0.0153473
7.59537 0.0153473
7.59537 0.0153473
7.59569 0.0156623
7.59569 0.0153428
7.59569 0.0153428
7.59613 0.0961197
7.59645 0.0964392
7.59677 0.0967587
7.59725 0.0972337
7.59782 0.0977925
7.59814 0.0981216
7.59864 0.0986277
7.60027 0.100244
7.60105 0.10103
7.60137 0.101359
7.60169 0.101669
7.60169 0.101679
7.60466 0.104642
7.60498 0.104962
7.60542 0.105405
7.6068 0.106782
7.60755 0.107537
7.61023 0.110227
7.61055 0.11054
7.61087 0.11086
7.61119 0.111179
7.61151 0.111499
7.61183 0.111809
7.61215 0.112138
7.61269 0.112675
7.61425 0.114239
7.61554 0.0155233
7.61566 0.0153322
7.61566 0.0153322
7.61566 0.0153322
7.61608 0.116064
7.6164 0.116383
7.61653 0.0161929
7.61653 0.0158734
7.61653 0.0158734
7.61685 0.116831
7.61744 0.117431
7.61776 0.11775
7.61808 0.11807
7.61903 0.019012
7.61934 0.0193306
7.61966 0.11965
7.62036 0.0203438
7.62099 0.0209743
7.62243 0.122413
7.62275 0.022723
7.62568 0.125664
7.62706 0.127042
7.62812 0.0280987
7.62844 0.128427
7.62929 0.0292761
7.6302 0.130186
7.63083 0.0308163
7.63115 0.131136
7.63115 0.0311367
7.63175 0.0317352
7.63272 0.132708
7.63413 0.034117
7.63461 0.0345911
7.63539 0.0353781
7.63552 0.0155123
7.63552 0.0155123
7.63552 0.0155123
7.63568 0.0156718
7.63568 0.0153523
7.63568 0.0153523
7.63709 0.137073
7.63753 0.0375125
7.63826 0.138241
7.63857 0.138561
7.63893 0.138911
7.6399 0.139884
7.641 0.140981
7.64172 0.0417047
7.64285 0.142833
7.64457 0.044553
7.6456 0.145587
7.64673 0.146715
7.64705 0.0470357
7.65017 0.0501545
7.65108 0.051065
7.6514 0.0513845
7.65538 0.0153588
7.65538 0.0153588
7.65538 0.0153588
7.6557 0.0156738
7.6557 0.0153543
7.6557 0.0153543
7.65907 0.0590525
7.66144 0.0614249
7.66418 0.0641705
7.6645 0.06449
7.66616 0.066147
7.6695 0.0694836
7.67486 0.0748419
7.67536 0.0153469
7.67536 0.0153469
7.67536 0.0153469
7.67567 0.0156619
7.67567 0.0153424
7.67567 0.0153424
7.67599 0.0759781
7.67979 0.079787
7.68773 0.0877212
7.69042 0.0904046
7.69537 0.0153407
7.69537 0.0153407
7.69537 0.0153407
7.69568 0.0156557
7.69568 0.0153362
7.69568 0.0153362
7.69616 0.0961442
7.69648 0.0964637
7.6968 0.0967832
7.69724 0.0972271
7.69781 0.0977946
7.69813 0.098115
7.69863 0.0986211
7.70023 0.100215
7.70105 0.101032
7.70137 0.101353
7.70169 0.101671
7.70169 0.101672
7.70468 0.104667
7.705 0.104986
7.70541 0.105399
7.70679 0.106776
7.70754 0.107531
7.71023 0.11022
7.71055 0.110534
7.71087 0.110853
7.71119 0.111173
7.71151 0.111492
7.71183 0.111811
7.71214 0.112131
7.71271 0.1127
7.71425 0.114232
7.71556 0.0155479
7.71569 0.0153567
7.71569 0.0153567
7.71569 0.0153567
7.7161 0.116088
7.71642 0.116408
7.71655 0.0162175
7.71655 0.0158979
7.71655 0.0158979
7.71687 0.116856
7.71747 0.117455
7.71779 0.117775
7.71811 0.118094
7.71905 0.0190365
7.71937 0.0193638
7.71969 0.119675
7.72035 0.0203372
7.72101 0.0209988
7.72242 0.122406
7.72274 0.0227285
7.72567 0.125658
7.72705 0.127035
7.72811 0.0280992
7.72843 0.12842
7.72928 0.0292696
7.73019 0.130179
7.73082 0.0308183
7.73114 0.131129
7.73114 0.0311301
7.73174 0.0317373
7.73271 0.132701
7.73412 0.0341104
7.73457 0.034562
7.73542 0.0354026
7.73554 0.0155368
7.73554 0.0155368
7.73554 0.0155368
7.73567 0.0156652
7.73567 0.0153457
7.73567 0.0153457
7.73708 0.137067
7.73752 0.0375008
7.73825 0.138234
7.73857 0.138554
7.73892 0.138905
7.73992 0.139908
7.74102 0.141005
7.74171 0.0417068
7.74284 0.142826
7.74456 0.0445465
7.74559 0.145581
7.74672 0.146709
7.74704 0.0470291
7.75016 0.0501479
7.75107 0.0510584
7.75139 0.0513779
7.75538 0.0153522
7.75538 0.0153522
7.75538 0.0153522
7.75569 0.0156673
7.75569 0.0153477
7.75569 0.0153477
7.75906 0.0590459
7.76143 0.0614183
7.76418 0.0641639
7.7645 0.0644834
7.76615 0.0661404
7.76949 0.069477
7.77485 0.0748354
7.77535 0.0153403
7.77535 0.0153403
7.77535 0.0153403
7.77566 0.0156553
7.77566 0.0153358
7.77566 0.0153358
7.77602 0.0760026
7.77979 0.0797804
7.78773 0.0877147
7.79041 0.0903981
7.79536 0.0153341
7.79536 0.0153341
7.79536 0.0153341
7.79568 0.0156491
7.79568 0.0153296
7.79568 0.0153296
7.79615 0.0961376
7.79647 0.0964571
7.79679 0.0967766
7.79723 0.0972206
7.7978 0.0977966
7.79812 0.0981084
7.79863 0.0986145
7.80022 0.100217
7.80104 0.101034
7.80136 0.101346
7.80168 0.101673
7.80168 0.101665
7.80467 0.10466
7.80499 0.104979
7.8054 0.105392
7.80678 0.106769
7.80754 0.107524
7.81022 0.110213
7.81054 0.110527
7.81086 0.110847
7.81118 0.111166
7.8115 0.111486
7.81182 0.111813
7.81214 0.112125
7.81271 0.112693
7.81424 0.114226
7.81555 0.0155413
7.81568 0.0153502
7.81568 0.0153502
7.81568 0.0153502
7.81609 0.116082
7.81641 0.116401
7.81654 0.0162109
7.81654 0.0158914
7.81654 0.0158914
7.81686 0.116849
7.81746 0.117449
7.81778 0.117768
7.8181 0.118088
7.81904 0.0190299
7.81936 0.0193347
7.81968 0.119668
7.82034 0.0203306
7.821 0.0209922
7.82241 0.1224
7.82273 0.0227029
7.82566 0.125651
7.82704 0.127028
7.82811 0.0280997
7.82843 0.128414
7.82927 0.029263
7.83019 0.130173
7.83085 0.0308204
7.83117 0.131154
7.83117 0.0311546
7.83177 0.0317393
7.83274 0.132726
7.83412 0.0341038
7.83459 0.0345641
7.83541 0.035396
7.83554 0.0155302
7.83554 0.0155302
7.83554 0.0155302
7.83566 0.0156586
7.83566 0.0153391
7.83566 0.0153391
7.83707 0.13706
7.83755 0.0375201
7.83824 0.138228
7.83856 0.138547
7.83891 0.138898
7.83991 0.139902
7.84101 0.140999
7.84174 0.0417088
7.84283 0.14282
7.84458 0.044571
7.84559 0.145574
7.84671 0.146702
7.84703 0.0470225
7.85015 0.0501414
7.85109 0.0510829
7.85141 0.0514024
7.85537 0.0153457
7.85537 0.0153457
7.85537 0.0153457
7.85568 0.0156607
7.85568 0.0153412
7.85568 0.0153412
7.85905 0.0590393
7.86142 0.0614117
7.86417 0.0641573
7.86449 0.0644768
7.86615 0.0661338
7.86948 0.0694704
7.87487 0.0748599
7.87534 0.0153337
7.87534 0.0153337
7.87534 0.0153337
7.87569 0.0156798
7.87569 0.0153603
7.87569 0.0153603
7.87601 0.075996
7.87978 0.0797738
7.88775 0.0877392
7.8904 0.0903915
7.89538 0.0153586
7.89538 0.0153586
7.89538 0.0153586
7.8957 0.0156736
7.8957 0.0153541
7.8957 0.0153541
7.89614 0.096131
7.89646 0.0964505
7.89678 0.09677
7.89723 0.097214
7.89783 0.0977987
7.89783 0.0978134
7.89861 0.0985995
7.90027 0.100242
7.90105 0.101028
7.90137 0.101362
7.90169 0.101667
7.90169 0.101682
7.90466 0.104645
7.90498 0.104964
7.90542 0.105408
7.9068 0.106785
7.90755 0.10754
7.9102 0.110198
7.91052 0.110512
7.91084 0.110832
7.91119 0.111182
7.91151 0.111502
7.91183 0.111807
7.91215 0.112141
7.91269 0.112678
7.91425 0.114242
7.91554 0.0155262
7.91567 0.0153351
7.91567 0.0153351
7.91567 0.0153351
7.91608 0.116067
7.9164 0.116386
7.91653 0.0161958
7.91653 0.0158763
7.91653 0.0158763
7.91685 0.116834
7.91745 0.117433
7.91776 0.117753
7.91808 0.118072
7.91903 0.0190149
7.91935 0.0193283
7.91966 0.119653
7.92033 0.0203155
7.92099 0.0209772
7.92243 0.122416
7.92275 0.0227311
7.92568 0.125667
7.92706 0.127044
7.92812 0.0280917
7.92844 0.12843
7.92929 0.029279
7.9302 0.130189
7.93083 0.030814
7.93115 0.131139
7.93115 0.0311396
7.93175 0.0317329
7.93272 0.132711
7.93413 0.0341198
7.93461 0.0345888
7.93539 0.0353809
7.93552 0.0155152
7.93552 0.0155152
7.93552 0.0155152
7.93568 0.0156746
7.93568 0.0153551
7.93568 0.0153551
7.93709 0.137076
7.93753 0.037531
7.93826 0.138244
7.93858 0.138563
7.93893 0.138914
7.9399 0.139887
7.941 0.140984
7.94172 0.0417024
7.94285 0.142836
7.94457 0.0445559
7.9456 0.14559
7.94673 0.146718
7.94705 0.0470385
7.95017 0.0501574
7.95108 0.0510679
7.9514 0.0513874
7.95535 0.0153306
7.95535 0.0153306
7.95535 0.0153306
7.9557 0.0156767
7.9557 0.0153572
7.9557 0.0153572
7.95907 0.0590554
7.96144 0.0614278
7.96418 0.0641734
7.9645 0.0644929
7.96616 0.0661499
7.9695 0.0694865
7.97486 0.0748448
7.97536 0.0153498
7.97536 0.0153498
7.97536 0.0153498
7.97567 0.0156648
7.97567 0.0153453
7.97567 0.0153453
7.97599 0.075981
7.97979 0.0797898
7.98773 0.0877241
7.99042 0.0904075
7.99537 0.0153436
7.99537 0.0153436
7.99537 0.0153436
7.99568 0.0156586
7.99568 0.0153391
7.99568 0.0153391
7.99613 0.096116
7.99645 0.0964355
7.99677 0.096755
7.99724 0.09723
7.99781 0.0977923
7.99813 0.0981179
7.99863 0.098624
8.00026 0.100244
8.00105 0.10103
8.00137 0.101355
8.00169 0.101669
8.00169 0.101675
8.00465 0.104641
8.00497 0.10496
8.00542 0.105404
8.00679 0.106781
8.00752 0.107505
8.01023 0.110225
8.01055 0.110539
8.01087 0.110859
8.01119 0.111178
8.01151 0.111498
8.01183 0.111811
8.01215 0.112137
8.01268 0.112674
8.01425 0.114238
8.01556 0.0155533
8.01569 0.0153622
8.01569 0.0153622
8.01569 0.0153622
8.0161 0.116094
8.01642 0.116413
8.01655 0.0162229
8.01655 0.0159034
8.01655 0.0159034
8.01687 0.116861
8.01747 0.117461
8.01779 0.11778
8.01811 0.1181
8.01905 0.019042
8.01937 0.019364
8.01969 0.11968
8.02035 0.0203426
8.02098 0.0209732
8.02242 0.122412
8.02274 0.0227392
8.02567 0.125663
8.02705 0.12704
8.02812 0.0280948
8.02844 0.128426
8.02929 0.029275
8.0302 0.130185
8.03083 0.0308186
8.03115 0.131135
8.03115 0.0311356
8.03174 0.0317376
8.03272 0.132707
8.03413 0.0341158
8.0346 0.0345934
8.03542 0.035408
8.03555 0.0155423
8.03555 0.0155423
8.03555 0.0155423
8.03567 0.0156706
8.03567 0.0153511
8.03567 0.0153511
8.03711 0.137103
8.03753 0.0375218
8.03825 0.13824
8.03857 0.138559
8.03892 0.13891
8.03992 0.139914
8.04099 0.14098
8.04175 0.0417382
8.04284 0.142832
8.04459 0.044583
8.04557 0.145555
8.04673 0.146714
8.04704 0.0470345
8.05016 0.0501534
8.05107 0.0510639
8.05139 0.0513834
8.05538 0.0153577
8.05538 0.0153577
8.05538 0.0153577
8.05569 0.0156727
8.05569 0.0153532
8.05569 0.0153532
8.05906 0.0590514
8.06143 0.0614238
8.06418 0.0641694
8.0645 0.0644889
8.06616 0.0661459
8.06949 0.0694825
8.07488 0.0748719
8.07535 0.0153458
8.07535 0.0153458
8.07535 0.0153458
8.07567 0.0156608
8.07567 0.0153413
8.07567 0.0153413
8.07599 0.075977
8.07979 0.0797858
8.08773 0.0877201
8.09041 0.0904035
8.09536 0.0153396
8.09536 0.0153396
8.09536 0.0153396
8.09568 0.0156546
8.09568 0.0153351
8.09568 0.0153351
8.09615 0.0961431
8.09647 0.0964626
8.09679 0.0967821
8.09724 0.097226
8.0978 0.0977969
8.09812 0.0981139
8.09863 0.09862
8.10022 0.100217
8.10101 0.101003
8.10136 0.101351
8.10168 0.101674
8.10168 0.101671
8.10468 0.104665
8.10499 0.104985
8.10541 0.105398
8.10678 0.106775
8.10757 0.107561
8.11022 0.110219
8.11054 0.110533
8.11086 0.110852
8.11118 0.111172
8.1115 0.111491
8.11182 0.111813
8.11214 0.11213
8.11271 0.112699
8.11424 0.114231
8.11556 0.0155467
8.11568 0.0153556
8.11568 0.0153556
8.11568 0.0153556
8.11613 0.116118
8.11645 0.116438
8.11677 0.116757
8.1169 0.0165669
8.1169 0.0162474
8.1169 0.0162474
8.1175 0.117485
8.11781 0.117805
8.11813 0.118124
8.11904 0.0190354
8.11936 0.019335
8.11968 0.119674
8.12035 0.0203361
8.12101 0.0209977
8.12242 0.122405
8.12273 0.0227136
8.12567 0.125657
8.12704 0.127034
8.12811 0.0280953
8.12843 0.128419
8.12928 0.0292684
8.13022 0.130209
8.13085 0.0308207
8.13117 0.131159
8.13117 0.0311601
8.13177 0.0317396
8.13271 0.1327
8.13415 0.0341404
8.13462 0.0345955
8.13541 0.0354014
8.13554 0.0155357
8.13554 0.0155357
8.13554 0.0155357
8.13567 0.0156641
8.13567 0.0153446
8.13567 0.0153446
8.13708 0.137066
8.13752 0.03751
8.13824 0.138233
8.13856 0.138553
8.13891 0.138903
8.13989 0.139876
8.14101 0.141004
8.14177 0.0417402
8.14284 0.142825
8.14459 0.0445764
8.14556 0.145548
8.14672 0.146708
8.14704 0.0470279
8.15016 0.0501468
8.1511 0.0510884
8.15142 0.0514079
8.15537 0.0153511
8.15537 0.0153511
8.15537 0.0153511
8.15569 0.0156661
8.15569 0.0153466
8.15569 0.0153466
8.15905 0.0590448
8.16143 0.0614172
8.1642 0.0641939
8.16452 0.0645134
8.16612 0.0661082
8.16949 0.0694759
8.17487 0.0748653
8.17535 0.0153392
8.17535 0.0153392
8.17535 0.0153392
8.17566 0.0156542
8.17566 0.0153347
8.17566 0.0153347
8.17598 0.0759704
8.17978 0.0797792
8.18772 0.0877135
8.19041 0.0903969
8.19539 0.0153641
8.19539 0.0153641
8.19539 0.0153641
8.1957 0.0156791
8.1957 0.0153596
8.1957 0.0153596
8.19615 0.0961365
8.19647 0.096456
8.19678 0.0967755
8.19726 0.0972505
8.19783 0.097799
8.19815 0.0981384
8.19862 0.0986134
8.20025 0.100219
8.20103 0.101005
8.20135 0.101345
8.20167 0.101644
8.20199 0.101984
8.20471 0.104698
8.20471 0.104698
8.2054 0.105391
8.20678 0.106768
8.20759 0.107585
8.21022 0.110212
8.21057 0.110557
8.21089 0.110877
8.21121 0.111196
8.21152 0.111516
8.21184 0.111815
8.21216 0.112155
8.21267 0.112661
8.21423 0.114224
8.21555 0.0155401
8.21568 0.015349
8.21568 0.015349
8.21568 0.015349
8.21612 0.116112
8.21644 0.116431
8.21676 0.116751
8.21689 0.0165604
8.21689 0.0162409
8.21689 0.0162409
8.21749 0.117478
8.21781 0.117798
8.21813 0.118118
8.21904 0.0190288
8.21936 0.0193371
8.21968 0.119667
8.22034 0.0203295
8.221 0.0209911
8.22241 0.122398
8.22273 0.0227191
8.22569 0.125681
8.22704 0.127027
8.2281 0.0280958
8.22842 0.128413
8.22927 0.0292618
8.23021 0.130203
8.23084 0.0308227
8.23116 0.131153
8.23116 0.0311535
8.23176 0.0317417
8.2327 0.132694
8.23414 0.0341338
8.23462 0.0345975
8.2354 0.0353949
8.23553 0.0155291
8.23553 0.0155291
8.23553 0.0155291
8.23566 0.0156575
8.23566 0.015338
8.23566 0.015338
8.23707 0.137059
8.23754 0.0375294
8.23824 0.138227
8.23856 0.138546
8.23891 0.138897
8.23991 0.139901
8.24098 0.140967
8.24176 0.0417423
8.24283 0.142819
8.24458 0.0445698
8.24558 0.145573
8.24671 0.146701
8.24703 0.0470214
8.25015 0.0501402
8.25109 0.0510818
8.25141 0.0514013
8.25536 0.0153445
8.25536 0.0153445
8.25536 0.0153445
8.25568 0.0156595
8.25568 0.01534
8.25568 0.01534
8.25905 0.0590382
8.26142 0.0614106
8.2642 0.0641873
8.26452 0.0645068
8.26614 0.0661327
8.26948 0.0694693
8.27487 0.0748587
8.27537 0.0153637
8.27537 0.0153637
8.27537 0.0153637
8.27568 0.0156787
8.27568 0.0153592
8.27568 0.0153592
8.276 0.0759949
8.27978 0.0797727
8.28772 0.0877069
8.2904 0.0903904
8.29538 0.0153575
8.29538 0.0153575
8.29538 0.0153575
8.29569 0.0156725
8.29569 0.015353
8.29569 0.015353
8.29614 0.0961299
8.29646 0.0964494
8.29678 0.0967689
8.29725 0.0972439
8.29779 0.0977699
8.29811 0.0981007
8.29865 0.0986379
8.30024 0.100221
8.30103 0.101008
8.30135 0.101338
8.30167 0.101647
8.30199 0.101977
8.3047 0.104692
8.3047 0.104692
8.30539 0.105385
8.30677 0.106762
8.30759 0.107579
8.31021 0.110206
8.31056 0.110551
8.31088 0.11087
8.3112 0.11119
8.31152 0.111509
8.31184 0.111817
8.31216 0.112148
8.31269 0.112685
8.31426 0.114249
8.31554 0.0155336
8.31567 0.0153424
8.31567 0.0153424
8.31567 0.0153424
8.31614 0.116136
8.31646 0.116456
8.31678 0.116775
8.31691 0.0165849
8.31691 0.0162654
8.31691 0.0162654
8.31751 0.117503
8.31751 0.117503
8.31796 0.117947
8.31905 0.0190449
8.31937 0.0193617
8.31969 0.119683
8.32035 0.0203455
8.32101 0.0210072
8.32239 0.122383
8.32271 0.0226851
8.32567 0.125666
8.32705 0.127043
8.32812 0.0280878
8.32844 0.128429
8.32929 0.0292779
8.33023 0.130219
8.33083 0.0308163
8.33115 0.131138
8.33115 0.0311384
8.33175 0.0317353
8.33269 0.132679
8.33413 0.0341187
8.3346 0.0345911
8.33539 0.0353798
8.33552 0.015514
8.33552 0.015514
8.33552 0.015514
8.33568 0.0156735
8.33568 0.015354
8.33568 0.015354
8.33705 0.137044
8.33753 0.0375091
8.33825 0.138243
8.33857 0.138562
8.33889 0.138882
8.33989 0.139886
8.34099 0.140983
8.34175 0.0417359
8.34281 0.142804
8.34456 0.0445548
8.34557 0.145558
8.34669 0.146686
8.34701 0.0470063
8.35016 0.0501563
8.35107 0.0510668
8.35139 0.0513863
8.35538 0.0153606
8.35538 0.0153606
8.35538 0.0153606
8.35569 0.0156756
8.35569 0.0153561
8.35569 0.0153561
8.35903 0.0590232
8.36143 0.0614266
8.36418 0.0641723
8.3645 0.0644918
8.36613 0.0661176
8.36946 0.0694542
8.37485 0.0748437
8.37535 0.0153487
8.37535 0.0153487
8.37535 0.0153487
8.37567 0.0156637
8.37567 0.0153442
8.37567 0.0153442
8.37599 0.0759799
8.37979 0.0797887
8.38773 0.087723
8.39038 0.0903753
8.39536 0.0153424
8.39536 0.0153424
8.39536 0.0153424
8.39568 0.0156574
8.39568 0.0153379
8.39568 0.0153379
8.39615 0.096146
8.39647 0.0964655
8.39679 0.096785
8.39724 0.0972289
8.3978 0.0977946
8.39812 0.0981167
8.39863 0.0986229
8.40023 0.100215
8.40104 0.101032
8.40136 0.101354
8.40168 0.101671
8.40168 0.101674
8.40471 0.104699
8.40471 0.104699
8.4054 0.105392
8.40678 0.106769
8.40759 0.107586
8.41022 0.110213
8.41057 0.110558
8.41089 0.110878
8.4112 0.111197
8.41152 0.111517
8.41184 0.111834
8.41216 0.112156
8.41267 0.112662
8.41423 0.114225
8.41555 0.0155412
8.41568 0.01535
8.41568 0.01535
8.41568 0.01535
8.41612 0.116113
8.41644 0.116432
8.41676 0.116752
8.41689 0.0165614
8.41689 0.0162419
8.41689 0.0162419
8.41749 0.117479
8.41781 0.117799
8.41813 0.118119
8.41904 0.0190298
8.41936 0.0193553
8.41968 0.119668
8.42034 0.0203305
8.421 0.0209921
8.42241 0.122399
8.42273 0.0227133
8.42569 0.125682
8.42704 0.127028
8.42813 0.028111
8.42845 0.128445
8.42927 0.0292628
8.43021 0.130204
8.43081 0.0308099
8.43113 0.131123
8.43113 0.0311234
8.43176 0.03176
8.4327 0.132695
8.43414 0.0341348
8.43459 0.0345847
8.4354 0.0353959
8.43553 0.0155301
8.43553 0.0155301
8.43553 0.0155301
8.43566 0.0156585
8.43566 0.015339
8.43566 0.015339
8.43707 0.13706
8.43754 0.03752
8.43824 0.138228
8.43855 0.138547
8.43891 0.138898
8.43988 0.139871
8.44098 0.140968
8.44173 0.0417295
8.44283 0.14282
8.44458 0.0445709
8.44558 0.145574
8.44671 0.146702
8.44703 0.0470224
8.45015 0.0501412
8.45109 0.0510828
8.45141 0.0514023
8.45536 0.0153455
8.45536 0.0153455
8.45536 0.0153455
8.45568 0.0156605
8.45568 0.015341
8.45568 0.015341
8.45905 0.0590392
8.46142 0.0614116
8.4642 0.0641883
8.46451 0.0645078
8.46614 0.0661337
8.46948 0.0694703
8.47487 0.0748597
8.47534 0.0153336
8.47534 0.0153336
8.47534 0.0153336
8.47568 0.0156797
8.47568 0.0153602
8.47568 0.0153602
8.476 0.0759959
8.47977 0.0797737
8.48771 0.0877079
8.4904 0.0903914
8.49538 0.0153585
8.49538 0.0153585
8.49538 0.0153585
8.49569 0.0156735
8.49569 0.015354
8.49569 0.015354
8.49614 0.0961309
8.49646 0.0964504
8.49678 0.0967699
8.49725 0.0972449
8.49779 0.0977882
8.49811 0.0981017
8.49861 0.0986078
8.50021 0.100209
8.50103 0.101026
8.50135 0.101339
8.50167 0.101665
8.50167 0.101659
8.50469 0.104684
8.50469 0.104684
8.50541 0.105408
8.50676 0.106754
8.50758 0.107571
8.51023 0.110229
8.51055 0.110543
8.51087 0.110863
8.51119 0.111182
8.51151 0.111502
8.51183 0.111827
8.51215 0.112141
8.51268 0.112678
8.51425 0.114242
8.51553 0.0155261
8.51566 0.015335
8.51566 0.015335
8.51566 0.015335
8.51614 0.116129
8.51645 0.116448
8.51677 0.116768
8.5169 0.0165774
8.5169 0.0162579
8.5169 0.0162579
8.5175 0.117496
8.51782 0.117815
8.51814 0.118135
8.51905 0.0190459
8.51937 0.0193489
8.51969 0.119684
8.52035 0.0203465
8.52101 0.0210082
8.52239 0.122384
8.52271 0.0227103
8.52567 0.125667
8.52705 0.127044
8.52812 0.028103
8.52844 0.12843
8.52928 0.0292789
8.53023 0.13022
8.53086 0.0308346
8.53118 0.13117
8.53118 0.0311705
8.53178 0.0317535
8.53269 0.13268
8.53413 0.0341197
8.5346 0.0345783
8.53539 0.0353808
8.53552 0.015515
8.53552 0.015515
8.53552 0.015515
8.53567 0.0156745
8.53567 0.015355
8.53567 0.015355
8.53705 0.137045
8.53756 0.0375309
8.53825 0.138244
8.53857 0.138563
8.53889 0.138883
8.53989 0.139887
8.54099 0.140984
8.54178 0.0417542
8.54281 0.142805
8.54456 0.0445558
8.54557 0.145559
8.54669 0.146687
8.54701 0.0470073
8.55016 0.0501573
8.55107 0.0510678
8.55139 0.0513873
8.55538 0.0153616
8.55538 0.0153616
8.55538 0.0153616
8.55569 0.0156766
8.55569 0.0153571
8.55569 0.0153571
8.55903 0.0590242
8.56143 0.0614276
8.56418 0.0641733
8.5645 0.0644928
8.56612 0.0661186
8.56946 0.0694552
8.57485 0.0748447
8.57535 0.0153497
8.57535 0.0153497
8.57535 0.0153497
8.57567 0.0156647
8.57567 0.0153452
8.57567 0.0153452
8.57599 0.0759809
8.57979 0.0797897
8.58773 0.087724
8.59038 0.0903763
8.59536 0.0153434
8.59536 0.0153434
8.59536 0.0153434
8.59568 0.0156585
8.59568 0.0153389
8.59568 0.0153389
8.59612 0.0961159
8.59644 0.0964354
8.59676 0.0967549
8.59724 0.0972299
8.5978 0.0977818
8.59812 0.0981177
8.59863 0.0986239
8.60022 0.100202
8.60104 0.101019
8.60136 0.101355
8.60168 0.101658
8.60168 0.101675
8.60471 0.1047
8.60471 0.1047
8.6054 0.105393
8.60678 0.10677
8.60759 0.107587
8.61021 0.110214
8.61057 0.110559
8.61088 0.110879
8.6112 0.111198
8.61152 0.111518
8.61184 0.111821
8.61216 0.112157
8.61267 0.112663
8.61423 0.114227
8.61555 0.0155422
8.61568 0.015351
8.61568 0.015351
8.61568 0.015351
8.61612 0.116114
8.61644 0.116433
8.61676 0.116753
8.61689 0.0165624
8.61689 0.0162429
8.61689 0.0162429
8.61749 0.11748
8.61781 0.1178
8.61813 0.11812
8.61904 0.0190308
8.61936 0.0193425
8.61967 0.119669
8.62034 0.0203315
8.621 0.0209931
8.62241 0.1224
8.62273 0.0227074
8.62569 0.125683
8.62704 0.127029
8.6281 0.0280951
8.62842 0.128415
8.62927 0.0292639
8.63021 0.130205
8.63084 0.0308282
8.63116 0.131155
8.63116 0.0311555
8.63176 0.0317471
8.6327 0.132696
8.63414 0.0341358
8.63458 0.0345719
8.6354 0.0353969
8.63553 0.0155
8.63553 0.0155
8.63553 0.0155
8.63569 0.0156595
8.63569 0.01534
8.63569 0.01534
8.63707 0.137061
8.63751 0.0375107
8.63823 0.138229
8.63855 0.138548
8.6389 0.138899
8.63988 0.139872
8.64097 0.140969
8.64176 0.0417478
8.64283 0.142821
8.64458 0.0445719
8.64558 0.145575
8.64671 0.146703
8.64703 0.0470234
8.65015 0.0501422
8.65109 0.0510838
8.65141 0.0514033
8.65536 0.0153465
8.65536 0.0153465
8.65536 0.0153465
8.65568 0.0156615
8.65568 0.015342
8.65568 0.015342
8.65905 0.0590402
8.66142 0.0614126
8.66419 0.0641893
8.66451 0.0645088
8.66614 0.0661347
8.66948 0.0694713
8.67487 0.0748608
8.67534 0.0153346
8.67534 0.0153346
8.67534 0.0153346
8.67568 0.0156807
8.67568 0.0153612
8.67568 0.0153612
8.676 0.0759969
8.67981 0.0797747
8.68771 0.0877089
8.6904 0.0903924
8.69538 0.0153595
8.69538 0.0153595
8.69538 0.0153595
8.69569 0.0156745
8.69569 0.015355
8.69569 0.015355
8.69614 0.0961319
8.69646 0.0964514
8.69678 0.0967709
8.69725 0.097246
8.69779 0.0977754
8.69811 0.0981027
8.69861 0.0986088
8.70024 0.100227
8.70103 0.101013
8.70135 0.10134
8.70166 0.101652
8.70166 0.10166
8.70469 0.104685
8.70469 0.104685
8.70541 0.105409
8.70676 0.106755
8.70758 0.107572
8.71023 0.110199
8.71055 0.110544
8.71087 0.110864
8.71119 0.111183
8.71151 0.111503
8.71183 0.111814
8.71215 0.112142
8.71268 0.112679
8.71425 0.114243
8.71553 0.0155271
8.71566 0.015336
8.71566 0.015336
8.71566 0.015336
8.71613 0.11613
8.71645 0.116449
8.71677 0.116769
8.7169 0.0165784
8.7169 0.0162589
8.7169 0.0162589
8.7175 0.117497
8.71782 0.117816
8.71814 0.118136
8.71905 0.0190469
8.71905 0.0190477
8.71956 0.119552
8.72034 0.0203391
8.721 0.0210007
8.72238 0.122377
8.7227 0.022696
8.72566 0.12566
8.72704 0.127037
8.72814 0.0281097
8.72846 0.128453
8.72928 0.0292714
8.73022 0.130212
8.73082 0.0308133
8.73114 0.131131
8.73114 0.031132
8.73174 0.0317323
8.73271 0.132703
8.73412 0.0341123
8.73459 0.0345881
8.73538 0.0353733
8.73551 0.0154765
8.73551 0.0154765
8.73551 0.0154765
8.7357 0.0156671
8.7357 0.0153476
8.7357 0.0153476
8.73704 0.137037
8.73752 0.0375131
8.73824 0.138236
8.73856 0.138556
8.73888 0.138875
8.73988 0.139879
8.74098 0.140976
8.74174 0.0417329
8.74283 0.142828
8.74458 0.0445794
8.74556 0.145551
8.74672 0.146711
8.74704 0.047031
8.75015 0.0501498
8.75106 0.0510603
8.75138 0.0513798
8.75537 0.0153541
8.75537 0.0153541
8.75537 0.0153541
8.75568 0.0156691
8.75568 0.0153496
8.75568 0.0153496
8.75905 0.0590478
8.76142 0.0614202
8.76417 0.0641658
8.76449 0.0644853
8.76612 0.0661112
8.76948 0.0694789
8.77487 0.0748683
8.77534 0.0153422
8.77534 0.0153422
8.77534 0.0153422
8.77566 0.0156572
8.77566 0.0153377
8.77566 0.0153377
8.77598 0.0759734
8.77981 0.0797822
8.78772 0.0877165
8.79037 0.0903688
8.79535 0.015336
8.79535 0.015336
8.79535 0.015336
8.7957 0.0156821
8.7957 0.0153626
8.7957 0.0153626
8.79614 0.0961395
8.79646 0.096459
8.79678 0.0967785
8.79723 0.0972224
8.7978 0.0977916
8.79811 0.0981103
8.79862 0.0986164
8.80022 0.100212
8.80103 0.101029
8.80135 0.101348
8.80167 0.101668
8.80167 0.101667
8.8047 0.104693
8.8047 0.104693
8.80539 0.105386
8.80677 0.106763
8.80758 0.10758
8.81024 0.110207
8.81056 0.110552
8.81088 0.110871
8.8112 0.111191
8.81151 0.11151
8.81183 0.111831
8.81215 0.112149
8.81269 0.112686
8.81425 0.11425
8.81554 0.0155347
8.81567 0.0153436
8.81567 0.0153436
8.81567 0.0153436
8.81614 0.116137
8.81646 0.116457
8.81678 0.116776
8.81691 0.016586
8.81691 0.0162665
8.81691 0.0162665
8.81751 0.117504
8.81751 0.117504
8.81795 0.117948
8.81905 0.019046
8.81937 0.0193439
8.81969 0.119684
8.82035 0.0203466
8.82101 0.0210083
8.82239 0.122385
8.82271 0.0226845
8.82567 0.125667
8.82705 0.127044
8.82811 0.0280933
8.82843 0.12843
8.82928 0.029279
8.83022 0.13022
8.83085 0.0308295
8.83117 0.13117
8.83117 0.0311707
8.83177 0.0317485
8.83268 0.13268
8.83412 0.0341198
8.8346 0.0345732
8.83538 0.0353809
8.83551 0.0154841
8.83551 0.0154841
8.83551 0.0154841
8.8357 0.0156746
8.8357 0.0153551
8.8357 0.0153551
8.83705 0.137045
8.83752 0.0375155
8.83825 0.138244
8.83857 0.138563
8.83889 0.138883
8.83989 0.139887
8.84099 0.140984
8.84177 0.0417491
8.84281 0.142805
8.84456 0.0445559
8.84556 0.145559
8.84669 0.146687
8.84701 0.0470074
8.85016 0.0501574
8.85107 0.0510679
8.85139 0.0513874
8.85538 0.0153617
8.85538 0.0153617
8.85538 0.0153617
8.85569 0.0156767
8.85569 0.0153572
8.85569 0.0153572
8.85903 0.0590243
8.86143 0.0614278
8.86418 0.0641734
8.8645 0.0644929
8.86612 0.0661188
8.86946 0.0694554
8.87485 0.0748448
8.87535 0.0153498
8.87535 0.0153498
8.87535 0.0153498
8.87566 0.0156648
8.87566 0.0153453
8.87566 0.0153453
8.87598 0.075981
8.87982 0.0797898
8.88773 0.0877241
8.89038 0.0903764
8.89536 0.0153436
8.89536 0.0153436
8.89536 0.0153436
8.89568 0.0156586
8.89568 0.0153391
8.89568 0.0153391
8.89612 0.096116
8.89644 0.0964355
8.89676 0.096755
8.89723 0.09723
8.8978 0.0977767
8.89812 0.0981179
8.89863 0.098624
8.90025 0.100228
8.90104 0.101014
8.90136 0.101355
8.90168 0.101653
8.90168 0.101675
8.9047 0.104701
8.9047 0.104701
8.9054 0.105393
8.90677 0.10677
8.90756 0.107556
8.91024 0.110214
8.91056 0.110559
8.91088 0.110879
8.9112 0.111198
8.91152 0.111518
8.91184 0.111816
8.91216 0.112157
8.91267 0.112663
8.91423 0.114227
8.91554 0.0155423
8.91567 0.0153512
8.91567 0.0153512
8.91567 0.0153512
8.91612 0.116114
8.91644 0.116433
8.91676 0.116753
8.91688 0.0165625
8.91688 0.016243
8.91688 0.016243
8.91748 0.117481
8.9178 0.1178
8.91812 0.11812
8.91903 0.0190309
8.91935 0.0193375
8.91967 0.119669
8.92033 0.0203316
8.921 0.0209932
8.9224 0.122401
8.92272 0.0227127
8.92566 0.125652
8.92703 0.127029
8.9281 0.0280853
8.92842 0.128415
8.92927 0.029264
8.93021 0.130205
8.93084 0.0308231
8.93116 0.131155
8.93116 0.0311556
8.93176 0.0317421
8.9327 0.132696
8.93414 0.0341359
8.93458 0.0345668
8.9354 0.035397
8.93553 0.0155001
8.93553 0.0155001
8.93553 0.0155001
8.93569 0.0156596
8.93569 0.0153401
8.93569 0.0153401
8.93706 0.137061
8.93754 0.0375264
8.93823 0.138229
8.93855 0.138548
8.9389 0.138899
8.93988 0.139872
8.94097 0.140969
8.94176 0.0417427
8.94282 0.142821
8.94457 0.044572
8.94558 0.145575
8.94671 0.146703
8.94703 0.0470235
8.95015 0.0501424
8.95109 0.0510839
8.95141 0.0514034
8.95536 0.0153467
8.95536 0.0153467
8.95536 0.0153467
8.95568 0.0156617
8.95568 0.0153422
8.95568 0.0153422
8.95904 0.0590403
8.96142 0.0614127
8.96419 0.0641894
8.96451 0.0645089
8.96614 0.0661348
8.96947 0.0694714
8.97486 0.0748609
8.97537 0.0153347
8.97537 0.0153347
8.97537 0.0153347
8.97571 0.0156808
8.97571 0.0153613
8.97571 0.0153613
8.97603 0.0760281
8.9798 0.0797748
8.98771 0.0877091
8.9904 0.0903925
8.99538 0.0153596
8.99538 0.0153596
8.99538 0.0153596
8.99569 0.0156746
8.99569 0.0153551
8.99569 0.0153551
8.99613 0.096132
8.99645 0.0964515
8.99677 0.096771
8.99725 0.0972461
8.99779 0.0977703
8.99811 0.0981028
8.99861 0.0986089
9.00024 0.100222
9.00102 0.101008
9.00134 0.10134
9.00166 0.101647
9.00198 0.101979
9.0047 0.104697
9.0047 0.104697
9.00539 0.105389
9.00677 0.106766
9.00759 0.107584
9.01024 0.11021
9.01056 0.110555
9.01088 0.110875
9.0112 0.111194
9.01152 0.111514
9.01184 0.11182
9.01216 0.112153
9.01269 0.11269
9.01426 0.114254
9.01554 0.0155384
9.01567 0.0153473
9.01567 0.0153473
9.01567 0.0153473
9.01614 0.116141
9.01646 0.11646
9.01678 0.11678
9.01691 0.0165897
9.01691 0.0162702
9.01691 0.0162702
9.01751 0.117508
9.01783 0.117827
9.01815 0.118147
9.01903 0.019027
9.01935 0.0193422
9.01967 0.119665
9.02033 0.0203277
9.02102 0.0210205
9.0224 0.122397
9.02272 0.0226898
9.02568 0.12568
9.02703 0.127025
9.02813 0.0281196
9.02844 0.128442
9.02929 0.0292912
9.03023 0.130232
9.03083 0.0308279
9.03115 0.131151
9.03115 0.0311517
9.03175 0.0317468
9.03273 0.132723
9.03413 0.034132
9.03458 0.0345716
9.03539 0.0353931
9.03552 0.0154962
9.03552 0.0154962
9.03552 0.0154962
9.03571 0.0156868
9.03571 0.0153673
9.03571 0.0153673
9.03706 0.137057
9.03753 0.0375173
9.03826 0.138256
9.03858 0.138576
9.0389 0.138895
9.0399 0.139899
9.04097 0.140965
9.04175 0.0417474
9.04282 0.142817
9.0446 0.0445992
9.04554 0.14554
9.04673 0.14673
9.04705 0.0470507
9.05014 0.0501385
9.05108 0.05108
9.0514 0.0513996
9.05536 0.0153428
9.05536 0.0153428
9.05536 0.0153428
9.05567 0.0156578
9.05567 0.0153383
9.05567 0.0153383
9.05904 0.0590364
9.06144 0.0614399
9.06419 0.0641855
9.06451 0.064505
9.06613 0.0661309
9.06947 0.0694675
9.07486 0.074857
9.07539 0.0153619
9.07539 0.0153619
9.07539 0.0153619
9.07571 0.015677
9.07571 0.0153574
9.07571 0.0153574
9.07603 0.0760242
9.07983 0.079802
9.08771 0.0877052
9.09039 0.0903886
9.09537 0.0153557
9.09537 0.0153557
9.09537 0.0153557
9.09569 0.0156707
9.09569 0.0153512
9.09569 0.0153512
9.09613 0.0961281
9.09645 0.0964476
9.09677 0.0967671
9.09724 0.0972422
9.09778 0.0977751
9.0981 0.0980989
9.09864 0.0986362
9.10023 0.100227
9.10102 0.101013
9.10134 0.101336
9.10166 0.101652
9.10166 0.101656
9.10468 0.104682
9.105 0.105001
9.10538 0.105383
9.10676 0.10676
9.10761 0.107608
9.11023 0.110204
9.11055 0.110549
9.11087 0.110868
9.11119 0.111188
9.11151 0.111507
9.11183 0.111823
9.11215 0.112146
9.11269 0.112684
9.11425 0.114247
9.11553 0.0155318
9.11566 0.0153407
9.11566 0.0153407
9.11566 0.0153407
9.11614 0.116134
9.11646 0.116454
9.11678 0.116773
9.1169 0.0165831
9.1169 0.0162636
9.1169 0.0162636
9.11753 0.117532
9.11753 0.117532
9.11795 0.117945
9.11904 0.0190431
9.11936 0.0193358
9.11968 0.119681
9.12034 0.0203438
9.12104 0.0210365
9.12241 0.122413
9.12273 0.022718
9.12567 0.125664
9.12704 0.127042
9.12814 0.0281117
9.12846 0.128458
9.12928 0.0292761
9.13022 0.130217
9.13085 0.0308215
9.13117 0.131167
9.13117 0.0311678
9.13177 0.0317404
9.13268 0.132677
9.13415 0.0341481
9.13462 0.0345963
9.13538 0.035378
9.13551 0.0154812
9.13551 0.0154812
9.13551 0.0154812
9.1357 0.0156718
9.1357 0.0153522
9.1357 0.0153522
9.13701 0.137011
9.13755 0.0375282
9.13824 0.138241
9.13856 0.138561
9.13888 0.13888
9.13989 0.139884
9.14098 0.140981
9.1418 0.0417721
9.14283 0.142833
9.14459 0.0445841
9.14553 0.145525
9.14669 0.146684
9.14701 0.0470045
9.15016 0.0501545
9.15107 0.051065
9.15142 0.0514156
9.15537 0.0153588
9.15537 0.0153588
9.15537 0.0153588
9.15569 0.0156738
9.15569 0.0153543
9.15569 0.0153543
9.15902 0.0590214
9.16143 0.0614249
9.1642 0.0642016
9.16452 0.0645211
9.16612 0.0661159
9.16945 0.0694525
9.17487 0.074873
9.17538 0.0153469
9.17538 0.0153469
9.17538 0.0153469
9.17569 0.0156619
9.17569 0.0153424
9.17569 0.0153424
9.17601 0.0760092
9.17981 0.0797869
9.18769 0.0876901
9.19037 0.0903735
9.19536 0.0153407
9.19536 0.0153407
9.19536 0.0153407
9.1957 0.0156868
9.1957 0.0153673
9.1957 0.0153673
9.19611 0.0961131
9.19643 0.0964326
9.19675 0.0967521
9.19726 0.0972582
9.1978 0.0977687
9.19812 0.098115
9.19862 0.0986211
9.20022 0.100189
9.20103 0.101006
9.20135 0.101353
9.20167 0.101672
9.20199 0.101965
9.20471 0.104706
9.20503 0.105026
9.20541 0.105407
9.20675 0.106753
9.2076 0.107602
9.21025 0.110228
9.21057 0.110573
9.21089 0.110893
9.21121 0.111212
9.21153 0.111532
9.21185 0.111825
9.21217 0.112171
9.21265 0.112646
9.21424 0.114241
9.21556 0.0155563
9.21568 0.0153652
9.21568 0.0153652
9.21568 0.0153652
9.21616 0.116159
9.21648 0.116478
9.2168 0.116798
9.21693 0.0166076
9.21693 0.0162881
9.21693 0.0162881
9.21753 0.117526
9.21753 0.117526
9.21794 0.117939
9.21904 0.0190365
9.21936 0.0193379
9.21968 0.119675
9.22034 0.0203372
9.22103 0.0210299
9.22238 0.122375
9.2227 0.0226924
9.22566 0.125658
9.22704 0.127035
9.22813 0.0281122
9.22845 0.128452
9.22927 0.0292695
9.23024 0.130241
9.23084 0.0308235
9.23116 0.13116
9.23116 0.0311612
9.23176 0.0317425
9.23267 0.13267
9.23414 0.0341415
9.23462 0.0345983
9.23537 0.0353715
9.2355 0.0154746
9.2355 0.0154746
9.2355 0.0154746
9.23569 0.0156652
9.23569 0.0153457
9.23569 0.0153457
9.23704 0.137036
9.23754 0.0375164
9.23824 0.138234
9.23855 0.138554
9.23887 0.138873
9.23988 0.139877
9.24094 0.140943
9.24179 0.0417742
9.24283 0.142826
9.24458 0.0445775
9.24555 0.145549
9.24668 0.146678
9.247 0.046998
9.25015 0.0501479
9.25109 0.0510895
9.25141 0.051409
9.25536 0.0153522
9.25536 0.0153522
9.25536 0.0153522
9.25568 0.0156672
9.25568 0.0153477
9.25568 0.0153477
9.25902 0.0590148
9.26142 0.0614183
9.2642 0.064195
9.26451 0.0645145
9.26611 0.0661093
9.26945 0.0694459
9.27487 0.0748664
9.27537 0.0153403
9.27537 0.0153403
9.27537 0.0153403
9.27571 0.0156864
9.27571 0.0153669
9.27571 0.0153669
9.27603 0.0760337
9.27984 0.0798115
9.28771 0.0877146
9.29037 0.090367
9.29538 0.0153652
9.29538 0.0153652
9.29538 0.0153652
9.29569 0.0156802
9.29569 0.0153607
9.29569 0.0153607
9.29614 0.0961376
9.29646 0.0964571
9.29678 0.0967766
9.29725 0.0972516
9.29779 0.0977707
9.29811 0.0981084
9.29865 0.0986456
9.30021 0.100191
9.30103 0.101008
9.30135 0.101346
9.30167 0.101647
9.30167 0.101665
9.30469 0.104691
9.30501 0.105011
9.30539 0.105392
9.30674 0.106738
9.30762 0.107618
9.31024 0.110213
9.31056 0.110558
9.31088 0.110878
9.3112 0.111197
9.31152 0.111517
9.31184 0.111818
9.31216 0.112156
9.31266 0.112662
9.31423 0.114226
9.31557 0.0155413
9.3157 0.0153501
9.3157 0.0153501
9.3157 0.0153501
9.31614 0.116144
9.31646 0.116463
9.31678 0.116783
9.31691 0.0165615
9.31691 0.016242
9.31691 0.016242
9.31751 0.117511
9.31783 0.11783
9.31815 0.11815
9.31906 0.0190515
9.31906 0.0190299
9.31957 0.119566
9.32035 0.0203221
9.32105 0.0210149
9.32236 0.12236
9.32268 0.0226583
9.32567 0.125674
9.32702 0.12702
9.32812 0.0281042
9.32844 0.128437
9.32928 0.0292545
9.33023 0.130226
9.33083 0.0308171
9.33115 0.131145
9.33115 0.031115
9.33174 0.0317361
9.33269 0.132686
9.33416 0.0341264
9.3346 0.0345919
9.33542 0.0353875
9.33555 0.0155217
9.33555 0.0155217
9.33555 0.0155217
9.33571 0.0156812
9.33571 0.0153617
9.33571 0.0153617
9.33702 0.137021
9.33756 0.0375273
9.33825 0.138251
9.33857 0.13857
9.33889 0.13889
9.33986 0.139862
9.34096 0.140959
9.34178 0.0417678
9.34281 0.142811
9.34459 0.0445625
9.34553 0.145534
9.34669 0.146694
9.34701 0.0469829
9.35016 0.0501329
9.3511 0.0510745
9.35142 0.051394
9.35535 0.0153372
9.35535 0.0153372
9.35535 0.0153372
9.35569 0.0156833
9.35569 0.0153638
9.35569 0.0153638
9.35906 0.0590309
9.36146 0.0614343
9.36424 0.0642111
9.36456 0.0645306
9.36612 0.0660942
9.36949 0.0694619
9.37491 0.0748825
9.37538 0.0153564
9.37538 0.0153564
9.37538 0.0153564
9.3757 0.0156714
9.3757 0.0153519
9.3757 0.0153519
9.37602 0.0759876
9.37982 0.0797964
9.38773 0.0876996
9.39038 0.0903519
9.39536 0.0153501
9.39536 0.0153501
9.39536 0.0153501
9.39568 0.0156651
9.39568 0.0153456
9.39568 0.0153456
9.39615 0.0961226
9.39647 0.0964421
9.39679 0.0967616
9.39727 0.0972366
9.39777 0.0977643
9.39809 0.0980622
9.39866 0.0986306
9.40022 0.100216
9.40101 0.101002
9.40136 0.101331
9.40168 0.101672
9.40168 0.10165
9.40474 0.104707
9.40506 0.105027
9.40541 0.105377
9.40678 0.106754
9.40763 0.107603
9.41025 0.110229
9.41057 0.110543
9.41089 0.110863
9.41121 0.111182
9.41153 0.111502
9.41185 0.111843
9.41217 0.112141
9.41268 0.112647
9.41427 0.114242
9.41559 0.0155573
9.41572 0.0153662
9.41572 0.0153662
9.41572 0.0153662
9.41619 0.11616
9.41651 0.116479
9.41683 0.116799
9.41696 0.0166086
9.41696 0.0162891
9.41696 0.0162891
9.41756 0.117527
9.41756 0.117527
9.41797 0.11794
9.41907 0.0190375
9.41939 0.0193561
9.41971 0.119676
9.42037 0.0203382
9.42106 0.0210309
9.42241 0.122376
9.42273 0.0227176
9.42569 0.125659
9.42707 0.127036
9.42813 0.0281274
9.42845 0.128421
9.4293 0.0292705
9.43027 0.130242
9.43084 0.0308107
9.43116 0.13113
9.43116 0.0311311
9.43179 0.0317608
9.4327 0.132671
9.43417 0.0341425
9.43462 0.0345855
9.4354 0.0353725
9.43553 0.0155067
9.43553 0.0155067
9.43553 0.0155067
9.43569 0.0156662
9.43569 0.0153467
9.43569 0.0153467
9.43707 0.137037
9.43751 0.037507
9.43827 0.138235
9.43859 0.138555
9.4389 0.138874
9.43991 0.139878
9.44097 0.140944
9.44179 0.0417614
9.44283 0.142796
9.44461 0.0445785
9.44558 0.14555
9.44671 0.146679
9.44703 0.046999
9.45018 0.0501489
9.45112 0.0510905
9.45144 0.05141
9.45536 0.0153532
9.45536 0.0153532
9.45536 0.0153532
9.45568 0.0156682
9.45568 0.0153487
9.45568 0.0153487
9.45905 0.0590158
9.46145 0.0614193
9.46423 0.064196
9.46455 0.0645155
9.46614 0.0661103
9.46948 0.0694469
9.4749 0.0748674
9.47537 0.0153413
9.47537 0.0153413
9.47537 0.0153413
9.47571 0.0156874
9.47571 0.0153679
9.47571 0.0153679
9.47603 0.0760036
9.47981 0.0797814
9.48775 0.0877156
9.4904 0.090368
9.49538 0.0153662
9.49538 0.0153662
9.49538 0.0153662
9.49569 0.0156812
9.49569 0.0153617
9.49569 0.0153617
9.49614 0.0961075
9.49646 0.096427
9.49678 0.0967465
9.49728 0.0972526
9.49782 0.097789
9.49814 0.0981094
9.49868 0.0986466
9.50024 0.100209
9.50106 0.101027
9.50138 0.101347
9.5017 0.101666
9.5017 0.101666
9.50472 0.104692
9.50504 0.105012
9.50542 0.105393
9.50677 0.106739
9.50765 0.107619
9.51024 0.110214
9.51059 0.110559
9.51091 0.110879
9.51123 0.111198
9.51155 0.111518
9.51187 0.111836
9.51219 0.112157
9.51269 0.112663
9.51426 0.114227
9.51557 0.0155423
9.5157 0.0153511
9.5157 0.0153511
9.5157 0.0153511
9.51617 0.116145
9.51649 0.116464
9.51681 0.116784
9.51694 0.0165936
9.51694 0.0162741
9.51694 0.0162741
9.51754 0.117512
9.51786 0.117831
9.51818 0.118151
9.51906 0.0190309
9.51938 0.0193582
9.5197 0.119669
9.52036 0.0203316
9.52105 0.0210243
9.5224 0.122369
9.52272 0.022692
9.52571 0.125683
9.52706 0.127029
9.52816 0.0281279
9.52848 0.128446
9.52929 0.029264
9.53027 0.130236
9.53083 0.0308128
9.53115 0.131124
9.53115 0.0311245
9.53178 0.0317628
9.53273 0.132696
9.53416 0.0341359
9.53461 0.0345876
9.53539 0.0353659
9.53552 0.0155001
9.53552 0.0155001
9.53552 0.0155001
9.53568 0.0156596
9.53568 0.0153401
9.53568 0.0153401
9.53706 0.13703
9.53753 0.0375264
9.53826 0.138229
9.53858 0.138548
9.5389 0.138868
9.5399 0.139872
9.541 0.140969
9.54178 0.0417634
9.54285 0.142821
9.5446 0.044572
9.54557 0.145544
9.5467 0.146672
9.54702 0.0469924
9.55017 0.0501423
9.55111 0.0510839
9.55143 0.0514034
9.55536 0.0153466
9.55536 0.0153466
9.55536 0.0153466
9.55567 0.0156617
9.55567 0.0153422
9.55567 0.0153422
9.55907 0.0590403
9.56147 0.0614438
9.56422 0.0641894
9.56454 0.0645089
9.56613 0.0661037
9.56947 0.0694403
9.57489 0.0748609
9.57539 0.0153658
9.57539 0.0153658
9.57539 0.0153658
9.57571 0.0156808
9.57571 0.0153613
9.57571 0.0153613
9.57603 0.075997
9.57983 0.0798059
9.58774 0.0877091
9.59039 0.0903614
9.59537 0.0153596
9.59537 0.0153596
9.59537 0.0153596
9.59569 0.0156746
9.59569 0.0153551
9.59569 0.0153551
9.59616 0.096132
9.59648 0.0964515
9.5968 0.096771
9.59727 0.0972461
9.59781 0.0977911
9.59813 0.0981028
9.59867 0.09864
9.60023 0.100211
9.60105 0.101029
9.60137 0.10134
9.60169 0.101668
9.60169 0.10166
9.60475 0.104717
9.60475 0.104717
9.60541 0.105378
9.60675 0.106724
9.60763 0.107604
9.61025 0.11023
9.61057 0.110544
9.61089 0.110864
9.61121 0.111183
9.61153 0.111503
9.61185 0.11183
9.61217 0.112142
9.61268 0.112648
9.61427 0.114243
9.61559 0.0155583
9.61571 0.0153672
9.61571 0.0153672
9.61571 0.0153672
9.61619 0.116161
9.61651 0.11648
9.61683 0.1168
9.61696 0.0166096
9.61696 0.0162901
9.61696 0.0162901
9.61756 0.117528
9.61756 0.117528
9.61797 0.117941
9.61907 0.0190385
9.61907 0.0190549
9.6196 0.119575
9.62036 0.0203307
9.62105 0.0210235
9.6224 0.122369
9.62272 0.0227032
9.62571 0.125683
9.62706 0.127028
9.62812 0.028103
9.62844 0.128414
9.62929 0.0292631
9.63026 0.130235
9.63083 0.0308205
9.63115 0.131123
9.63115 0.0311236
9.63175 0.0317395
9.63269 0.132664
9.63416 0.034135
9.63461 0.0345953
9.63542 0.0353961
9.63555 0.0155303
9.63555 0.0155303
9.63555 0.0155303
9.63568 0.0156587
9.63568 0.0153392
9.63568 0.0153392
9.63706 0.137029
9.63753 0.0375203
9.63826 0.138228
9.63858 0.138547
9.6389 0.138867
9.6399 0.139871
9.641 0.140968
9.64178 0.0417712
9.64285 0.14282
9.6446 0.0445711
9.64557 0.145543
9.6467 0.146671
9.64702 0.0469915
9.65017 0.0501415
9.65111 0.0510831
9.65143 0.0514026
9.65535 0.0153458
9.65535 0.0153458
9.65535 0.0153458
9.65567 0.0156608
9.65567 0.0153413
9.65567 0.0153413
9.65907 0.0590395
9.66147 0.0614429
9.66422 0.0641885
9.66454 0.0645081
9.66613 0.0661028
9.66947 0.0694394
9.67489 0.07486
9.67539 0.0153649
9.67539 0.0153649
9.67539 0.0153649
9.6757 0.01568
9.6757 0.0153605
9.6757 0.0153605
9.67602 0.0759961
9.67983 0.079805
9.68774 0.0877082
9.69039 0.0903605
9.69537 0.0153587
9.69537 0.0153587
9.69537 0.0153587
9.69568 0.0156737
9.69568 0.0153542
9.69568 0.0153542
9.69616 0.0961311
9.69648 0.0964506
9.6968 0.0967702
9.69727 0.0972452
9.69778 0.0977677
9.6981 0.0980708
9.69867 0.0986392
9.70023 0.100219
9.70102 0.101005
9.70134 0.101308
9.70166 0.101644
9.70198 0.101947
9.70472 0.104693
9.70504 0.105013
9.70542 0.105394
9.70677 0.10674
9.70765 0.10762
9.71024 0.110215
9.71059 0.11056
9.71091 0.11088
9.71123 0.111199
9.71155 0.111519
9.71187 0.111855
9.71219 0.112158
9.71269 0.112664
9.71426 0.114228
9.71557 0.0155433
9.7157 0.0153522
9.7157 0.0153522
9.7157 0.0153522
9.71617 0.116146
9.71649 0.116465
9.71681 0.116785
9.71694 0.0165946
9.71694 0.0162751
9.71694 0.0162751
9.71754 0.117513
9.71786 0.117832
9.71818 0.118152
9.71906 0.019057
9.71906 0.0190319
9.7196 0.119568
9.72035 0.0203241
9.72104 0.0210169
9.72239 0.122362
9.72271 0.0227088
9.7257 0.125676
9.72705 0.127022
9.72812 0.0281035
9.72844 0.128407
9.72928 0.0292565
9.73026 0.130228
9.73082 0.0308226
9.73114 0.131116
9.73114 0.031117
9.73174 0.0317415
9.73269 0.132657
9.73416 0.0341284
9.7346 0.0345974
9.73542 0.0353895
9.73555 0.0155237
9.73555 0.0155237
9.73555 0.0155237
9.7357 0.0156832
9.7357 0.0153637
9.7357 0.0153637
9.73705 0.137023
9.73753 0.0375086
9.73828 0.138253
9.7386 0.138572
9.73892 0.138892
9.73989 0.139864
9.74099 0.140961
9.74178 0.0417733
9.74284 0.142813
9.74462 0.0445956
9.74556 0.145536
9.74672 0.146696
9.74704 0.047016
9.75016 0.0501349
9.7511 0.0510765
9.75142 0.051396
9.75535 0.0153392
9.75535 0.0153392
9.75535 0.0153392
9.75569 0.0156853
9.75569 0.0153658
9.75569 0.0153658
9.75906 0.0590329
9.76146 0.0614363
9.76424 0.0642131
9.76456 0.0645326
9.76612 0.0660962
9.76949 0.0694639
9.77488 0.0748534
9.77538 0.0153584
9.77538 0.0153584
9.77538 0.0153584
9.7757 0.0156734
9.7757 0.0153539
9.7757 0.0153539
9.77602 0.0759896
9.77982 0.0797984
9.78773 0.0877016
9.79038 0.0903539
9.79536 0.0153521
9.79536 0.0153521
9.79536 0.0153521
9.79568 0.0156672
9.79568 0.0153476
9.79568 0.0153476
9.79615 0.0961246
9.79647 0.0964441
9.79679 0.0967636
9.79727 0.0972386
9.79777 0.0977698
9.79809 0.0980642
9.79866 0.0986326
9.80019 0.10019
9.80101 0.101007
9.80136 0.101333
9.80168 0.101677
9.80168 0.101652
9.80474 0.104709
9.80506 0.105029
9.80541 0.105379
9.80675 0.106725
9.80763 0.107605
9.81022 0.1102
9.81057 0.110545
9.81089 0.110865
9.81121 0.111184
9.81153 0.111504
9.81185 0.111848
9.81217 0.112143
9.81268 0.112649
9.81427 0.114244
9.81555 0.0155282
9.81568 0.0153371
9.81568 0.0153371
9.81568 0.0153371
9.81619 0.116162
9.81651 0.116481
9.81683 0.116801
9.81696 0.0166106
9.81696 0.0162911
9.81696 0.0162911
9.81756 0.117529
9.81756 0.117529
9.81797 0.117942
9.81907 0.0190395
9.81939 0.0193616
9.8197 0.119678
9.82037 0.0203402
9.82106 0.0210329
9.82241 0.122378
9.82272 0.0227058
9.82569 0.125661
9.82703 0.127007
9.82813 0.0281266
9.82845 0.128423
9.8293 0.0292726
9.83027 0.130244
9.83084 0.0308162
9.83116 0.131132
9.83116 0.0311331
9.83176 0.0317351
9.8327 0.132673
9.83417 0.0341445
9.83461 0.034591
9.8354 0.0353745
9.83553 0.0155087
9.83553 0.0155087
9.83553 0.0155087
9.83569 0.0156682
9.83569 0.0153487
9.83569 0.0153487
9.83707 0.137039
9.83754 0.0375194
9.83826 0.138237
9.83858 0.138557
9.8389 0.138876
9.83991 0.13988
9.84097 0.140946
9.84179 0.0417669
9.84283 0.142798
9.84461 0.0445806
9.84558 0.145552
9.84671 0.146681
9.84703 0.047001
9.85018 0.0501509
9.85112 0.0510925
9.85144 0.051412
9.85536 0.0153552
9.85536 0.0153552
9.85536 0.0153552
9.85568 0.0156702
9.85568 0.0153507
9.85568 0.0153507
9.85904 0.0590178
9.86145 0.0614213
9.86422 0.064198
9.86454 0.0645175
9.86614 0.0661123
9.86948 0.0694489
9.8749 0.0748695
9.87537 0.0153433
9.87537 0.0153433
9.87537 0.0153433
9.87568 0.0156583
9.87568 0.0153388
9.87568 0.0153388
9.876 0.0759745
9.8798 0.0797834
9.88771 0.0876865
9.8904 0.09037
9.89535 0.0153371
9.89535 0.0153371
9.89535 0.0153371
9.89569 0.0156832
9.89569 0.0153637
9.89569 0.0153637
9.89614 0.0961095
9.89646 0.096429
9.89677 0.0967485
9.89728 0.0972547
9.89782 0.0977945
9.89814 0.0981114
9.89868 0.0986486
9.90024 0.100215
9.90102 0.101001
9.90134 0.101318
9.90166 0.10164
9.90198 0.101957
9.90473 0.104703
9.90505 0.105022
9.90543 0.105404
9.90678 0.10675
9.90762 0.107598
9.91025 0.110225
9.9106 0.11057
9.91092 0.110889
9.91124 0.111209
9.91155 0.111528
9.91187 0.11185
9.91219 0.112167
9.91267 0.112642
9.91426 0.114237
9.91558 0.0155527
9.91571 0.0153616
9.91571 0.0153616
9.91571 0.0153616
9.91618 0.116155
9.9165 0.116475
9.91682 0.116794
9.91695 0.016604
9.91695 0.0162845
9.91695 0.0162845
9.91695 0.015965
9.91755 0.117522
9.91755 0.117522
9.91796 0.117935
9.91906 0.0190329
9.91906 0.0190442
9.9196 0.119569
9.91997 0.0153412
9.92035 0.0203291
9.92105 0.0210219
9.92239 0.122367
9.92271 0.0227068
9.92396 0.0153395
9.92571 0.125685
9.92706 0.127031
9.92815 0.0281266
9.92847 0.128447
9.92929 0.0292654
9.92985 0.0153462
9.93027 0.130241
9.93084 0.0308217
9.93116 0.131129
9.93116 0.03113
9.93176 0.0317406
9.9327 0.13267
9.93391 0.015353
9.93423 0.0342075
9.93461 0.0346005
9.9354 0.0353753
9.93553 0.0154983
9.93553 0.0154983
9.93553 0.0154983
9.93569 0.0156578
9.93569 0.0153383
9.93569 0.0153383
9.93707 0.137039
9.93754 0.0375151
9.93826 0.138238
9.93858 0.138558
9.93858 0.0156747
9.9389 0.138877
9.93991 0.139881
9.94097 0.140947
9.94179 0.0417763
9.94283 0.142799
9.94342 0.0153393
9.94461 0.0445854
9.94555 0.145526
9.94671 0.146685
9.94703 0.0470058
9.94735 0.0153376
9.95019 0.0501597
9.9511 0.0510702
9.95142 0.0513897
9.95154 0.0156384
9.95537 0.015354
9.95537 0.015354
9.95537 0.015354
9.95569 0.015669
9.95569 0.0153495
9.95569 0.0153495
9.95616 0.015345
9.95906 0.0590346
9.95931 0.015349
9.96147 0.061442
9.96352 0.015353
9.96422 0.0641916
9.96454 0.0645111
9.96613 0.0661059
9.96763 0.0153428
9.96947 0.0694464
9.97147 0.0153467
9.9749 0.074871
9.97537 0.0153507
9.97537 0.0153507
9.97537 0.0153507
9.97568 0.0156657
9.97568 0.0153462
9.97568 0.0153462
9.97568 0.0153462
9.976 0.075976
9.9798 0.0797849
9.98152 0.0153587
9.98557 0.0153542
9.98772 0.087696
9.98953 0.0153581
9.99038 0.0903523
9.99355 0.0153621
9.99536 0.0153576
9.99536 0.0153576
9.99536 0.0153576
9.99568 0.0156726
9.99568 0.0153531
9.99568 0.0153531
9.99615 0.0961269
9.99647 0.0964464
9.99679 0.096766
9.99727 0.097241
9.9978 0.0977894
9.99812 0.0980977
9.99825 0.015555
9.99866 0.0986389

