% time_sec delay_sec
0.13134 0.0313095
0.13788 0.0378498
0.139008 0.038978
0.140199 0.0401684
0.14226 0.0422298
0.143264 0.0432336
0.143926 0.0438952
0.145334 0.0453034
0.145653 0.0456229
0.146222 0.0461912
0.146541 0.0465107
0.147763 0.0477322
0.148518 0.0484872
0.149739 0.0497087
0.150276 0.050246
0.151031 0.0510009
0.152066 0.0520358
0.152572 0.052542
0.154323 0.0542923
0.155358 0.0553271
0.155677 0.0556467
0.156681 0.0566505
0.157 0.05697
0.158564 0.0585336
0.158977 0.0589464
0.159576 0.0595459
0.160331 0.0603009
0.1609 0.0608692
0.161406 0.0613753
0.162347 0.0623169
0.164689 0.0646582
0.165692 0.065662
0.168594 0.0685631
0.170002 0.0699713
0.172001 0.0719704
0.174373 0.0743427
0.174693 0.0746623
0.175012 0.0749818
0.175798 0.0757678
0.176336 0.0763051
0.177806 0.0777754
0.178188 0.0781571
0.178507 0.0784766
0.179013 0.0789828
0.182008 0.0819772
0.183136 0.0831054
0.185042 0.0850112
0.185703 0.0856729
0.186925 0.0868944
0.187493 0.0874628
0.188093 0.0880622
0.188785 0.088755
0.189229 0.0891989
0.190326 0.090296
0.191517 0.0914864
0.191517 0.0914864
0.192085 0.0920547
0.192405 0.0923743
0.192724 0.0926938
0.193044 0.0930133
0.197656 0.0976251
0.198379 0.098349
0.199601 0.0995705
0.20104 0.10101
0.204252 0.104222
0.204696 0.104666
0.20766 0.107629
0.209161 0.109131
0.211409 0.111379
0.213968 0.113938
0.216216 0.116186
0.217904 0.117874
0.223262 0.123232
0.226786 0.126755
0.231335 0.0313282
0.231655 0.131624
0.237853 0.0378458
0.238981 0.038974
0.239581 0.13955
0.24018 0.0401729
0.240748 0.140718
0.24225 0.0422427
0.243254 0.0432465
0.243884 0.0438771
0.245292 0.0452852
0.245612 0.0456047
0.246211 0.0462042
0.246531 0.0465237
0.247286 0.147255
0.24773 0.0477226
0.248485 0.0484775
0.249333 0.149303
0.249715 0.0497075
0.250034 0.150004
0.250354 0.0503465
0.250673 0.150643
0.250993 0.0509855
0.252059 0.0520515
0.252534 0.0525266
0.254315 0.054308
0.255319 0.0553118
0.255638 0.0556313
0.256642 0.0566351
0.256962 0.0569546
0.258557 0.0585493
0.258938 0.058931
0.259569 0.0595616
0.260293 0.0602855
0.260861 0.0608538
0.261398 0.061391
0.26234 0.0623326
0.264681 0.0646739
0.265654 0.0656466
0.268586 0.0685788
0.269994 0.069987
0.271962 0.071955
0.274366 0.0743585
0.274685 0.074678
0.275005 0.0749975
0.275791 0.0757835
0.276328 0.0763208
0.277798 0.0777911
0.27818 0.0781728
0.2785 0.0784924
0.278975 0.0789674
0.282 0.0819929
0.283097 0.08309
0.285034 0.085027
0.285696 0.0856886
0.286917 0.0869101
0.287486 0.0874785
0.288085 0.0880779
0.288778 0.0887707
0.289222 0.0892146
0.290288 0.0902806
0.291478 0.091471
0.291798 0.0917905
0.292117 0.09211
0.292117 0.09211
0.29253 0.0925228
0.29285 0.0928424
0.297617 0.0976097
0.298341 0.0983336
0.299562 0.0995551
0.301033 0.101025
0.304245 0.104238
0.304689 0.104682
0.307621 0.107614
0.309122 0.109115
0.311402 0.111394
0.313929 0.113922
0.316208 0.116201
0.317865 0.117858
0.323224 0.123217
0.326747 0.12674
0.331328 0.0313128
0.331647 0.13164
0.337877 0.0378615
0.338974 0.0389586
0.339573 0.139566
0.340173 0.0401575
0.34071 0.140703
0.342242 0.0422273
0.343246 0.0432311
0.343908 0.0438928
0.345316 0.0453009
0.345635 0.0456204
0.346204 0.0461888
0.346523 0.0465083
0.347278 0.147271
0.347753 0.0477383
0.348508 0.0484932
0.349325 0.149318
0.349738 0.0497232
0.350058 0.150051
0.350377 0.0503622
0.350697 0.15069
0.351016 0.0510012
0.352051 0.0520361
0.352557 0.0525423
0.354308 0.0542926
0.355342 0.0553275
0.355662 0.055647
0.356666 0.0566508
0.356985 0.0569703
0.358549 0.0585339
0.358962 0.0589468
0.359561 0.0595462
0.360316 0.0603012
0.360885 0.0608695
0.361391 0.0613756
0.362332 0.0623172
0.364674 0.0646585
0.365677 0.0656623
0.368578 0.0685634
0.369987 0.0699716
0.371986 0.0719707
0.374358 0.0743431
0.374678 0.0746626
0.374997 0.0749821
0.375783 0.0757681
0.37632 0.0763054
0.377791 0.0777757
0.378172 0.0781575
0.378492 0.078477
0.378998 0.0789831
0.381993 0.0819775
0.383121 0.0831058
0.385027 0.0850116
0.385688 0.0856732
0.38691 0.0868947
0.387478 0.0874631
0.388078 0.0880625
0.38877 0.0887553
0.389214 0.0891992
0.390311 0.0902963
0.391502 0.0914867
0.391502 0.0914867
0.39207 0.0920551
0.39239 0.0923746
0.392709 0.0926941
0.393029 0.0930136
0.39764 0.0976254
0.398364 0.0983493
0.399586 0.0995708
0.401025 0.10101
0.404237 0.104222
0.404681 0.104666
0.407645 0.10763
0.409146 0.109131
0.411394 0.111379
0.413953 0.113938
0.416201 0.116186
0.417889 0.117874
0.423247 0.123232
0.426771 0.126756
0.431351 0.0313285
0.431671 0.131656
0.437869 0.0378461
0.438997 0.0389744
0.439566 0.139551
0.440196 0.0401732
0.440733 0.140718
0.442266 0.042243
0.44327 0.0432468
0.4439 0.0438774
0.445308 0.0452855
0.445628 0.045605
0.446227 0.0462045
0.446547 0.046524
0.447271 0.147256
0.447746 0.0477229
0.448501 0.0484778
0.449318 0.149303
0.449731 0.0497078
0.45005 0.150035
0.45037 0.0503468
0.450689 0.150674
0.451009 0.0509858
0.452075 0.0520519
0.45255 0.0525269
0.454331 0.0543083
0.455335 0.0553121
0.455654 0.0556316
0.456658 0.0566354
0.456978 0.0569549
0.458541 0.0585185
0.458954 0.0589314
0.459585 0.0595619
0.460309 0.0602858
0.460877 0.0608541
0.461414 0.0613913
0.462356 0.0623329
0.464697 0.0646742
0.46567 0.0656469
0.468602 0.0685791
0.47001 0.0699873
0.471978 0.0719553
0.474382 0.0743588
0.474701 0.0746783
0.475021 0.0749978
0.475807 0.0757839
0.476344 0.0763211
0.477814 0.0777914
0.478196 0.0781732
0.478516 0.0784927
0.478991 0.0789677
0.482016 0.0819932
0.483113 0.0830904
0.48505 0.0850273
0.485712 0.0856889
0.486933 0.0869104
0.487502 0.0874788
0.488101 0.0880782
0.488794 0.088771
0.489238 0.0892149
0.490304 0.0902809
0.491494 0.0914713
0.491494 0.0914713
0.492063 0.0920397
0.492382 0.0923592
0.492702 0.0926787
0.493021 0.0929982
0.497633 0.09761
0.498357 0.0983339
0.499578 0.0995554
0.501049 0.101026
0.504261 0.104238
0.504705 0.104682
0.507637 0.107614
0.509138 0.109116
0.511417 0.111395
0.513945 0.113923
0.516224 0.116202
0.517881 0.117859
0.52324 0.123217
0.526763 0.12674
0.531344 0.0313131
0.531663 0.13164
0.537893 0.0378619
0.53899 0.038959
0.539589 0.139566
0.540189 0.0401578
0.540726 0.140703
0.542258 0.0422276
0.543262 0.0432314
0.543924 0.0438931
0.545332 0.0453012
0.545651 0.0456207
0.54622 0.0461891
0.546539 0.0465086
0.547294 0.147271
0.547769 0.0477386
0.548524 0.0484935
0.549341 0.149319
0.549754 0.0497235
0.550074 0.150051
0.550393 0.0503625
0.550713 0.15069
0.551032 0.0510016
0.552067 0.0520365
0.552573 0.0525426
0.554324 0.0542929
0.555358 0.0553278
0.555678 0.0556473
0.556682 0.0566511
0.557001 0.0569706
0.558565 0.0585343
0.558978 0.0589471
0.559577 0.0595465
0.560332 0.0603015
0.5609 0.0608698
0.561407 0.0613759
0.562348 0.0623175
0.564689 0.0646588
0.565693 0.0656626
0.568594 0.0685637
0.570003 0.0699719
0.572002 0.071971
0.574374 0.0743434
0.574694 0.0746629
0.575013 0.0749824
0.575799 0.0757685
0.576336 0.0763057
0.577807 0.077776
0.578188 0.0781578
0.578508 0.0784773
0.579014 0.0789834
0.582009 0.0819779
0.583137 0.0831061
0.585043 0.0850119
0.585704 0.0856735
0.586926 0.086895
0.587494 0.0874634
0.588093 0.0880628
0.588786 0.0887556
0.58923 0.0891995
0.590327 0.0902966
0.591518 0.091487
0.591518 0.091487
0.592086 0.0920554
0.592406 0.0923749
0.592725 0.0926944
0.593045 0.0930139
0.597656 0.0976258
0.59838 0.0983496
0.599602 0.0995711
0.601041 0.10101
0.604253 0.104223
0.604697 0.104666
0.607661 0.10763
0.609162 0.109131
0.61141 0.111379
0.613969 0.113938
0.616217 0.116186
0.617905 0.117874
0.623263 0.123233
0.626787 0.126756
0.631336 0.0313288
0.631656 0.131625
0.637854 0.0378465
0.638982 0.0389747
0.639582 0.139551
0.640181 0.0401736
0.640749 0.140719
0.642251 0.0422433
0.643255 0.0432471
0.643885 0.0438777
0.645293 0.0452858
0.645613 0.0456053
0.646212 0.0462048
0.646532 0.0465243
0.647287 0.147256
0.647731 0.0477232
0.648486 0.0484781
0.649334 0.149303
0.649716 0.0497081
0.650035 0.150004
0.650355 0.0503471
0.650674 0.150643
0.650994 0.0509862
0.65206 0.0520522
0.652535 0.0525272
0.654316 0.0543086
0.65532 0.0553124
0.655639 0.0556319
0.656643 0.0566357
0.656963 0.0569552
0.658526 0.0585189
0.658939 0.0589317
0.65957 0.0595622
0.660293 0.0602861
0.660862 0.0608544
0.661399 0.0613917
0.662341 0.0623332
0.664682 0.0646745
0.665655 0.0656472
0.668587 0.0685794
0.669995 0.0699876
0.671963 0.0719556
0.674366 0.0743591
0.674686 0.0746786
0.675005 0.0749981
0.675792 0.0757842
0.676329 0.0763214
0.677799 0.0777918
0.678181 0.0781735
0.6785 0.078493
0.678975 0.078968
0.682001 0.0819936
0.683098 0.0830907
0.685035 0.0850276
0.685697 0.0856892
0.686918 0.0869108
0.687486 0.0874791
0.688086 0.0880785
0.688779 0.0887713
0.689223 0.0892152
0.690289 0.0902812
0.691479 0.0914716
0.691799 0.0917911
0.692118 0.0921107
0.692118 0.0921107
0.692531 0.0925235
0.69285 0.092843
0.697618 0.0976104
0.698342 0.0983342
0.699563 0.0995557
0.701033 0.101026
0.704246 0.104238
0.70469 0.104682
0.707622 0.107614
0.709123 0.109116
0.711402 0.111395
0.71393 0.113923
0.716209 0.116202
0.717866 0.117859
0.723225 0.123217
0.726748 0.12674
0.731329 0.0313134
0.731648 0.131641
0.737877 0.0378622
0.738974 0.0389593
0.739574 0.139567
0.740173 0.0401582
0.740711 0.140703
0.742243 0.042228
0.743247 0.0432317
0.743909 0.0438934
0.745317 0.0453015
0.745636 0.0456211
0.746205 0.0461894
0.746524 0.0465089
0.747279 0.147272
0.747754 0.0477389
0.748509 0.0484939
0.749326 0.149319
0.749739 0.0497238
0.750059 0.150051
0.750378 0.0503629
0.750698 0.15069
0.751017 0.0510019
0.752052 0.0520368
0.752558 0.0525429
0.754308 0.0542932
0.755343 0.0553281
0.755663 0.0556476
0.756667 0.0566514
0.756986 0.0569709
0.75855 0.0585346
0.758963 0.0589474
0.759562 0.0595468
0.760317 0.0603018
0.760885 0.0608701
0.761391 0.0613763
0.762333 0.0623179
0.764674 0.0646591
0.765678 0.0656629
0.768579 0.0685641
0.769987 0.0699722
0.771955 0.0719402
0.774359 0.0743437
0.774678 0.0746632
0.774998 0.0749827
0.775784 0.0757688
0.776321 0.076306
0.777792 0.0777764
0.778173 0.0781581
0.778493 0.0784776
0.778999 0.0789837
0.781993 0.0819782
0.783122 0.0831064
0.785027 0.0850122
0.785689 0.0856738
0.786911 0.0868954
0.787479 0.0874637
0.788078 0.0880631
0.788771 0.0887559
0.789215 0.0891998
0.790281 0.0902658
0.791503 0.0914873
0.791503 0.0914873
0.792071 0.0920557
0.79239 0.0923752
0.79271 0.0926947
0.793029 0.0930142
0.797641 0.0976261
0.798365 0.0983499
0.799587 0.0995715
0.801026 0.101011
0.804238 0.104223
0.804682 0.104667
0.807645 0.10763
0.809147 0.109132
0.811395 0.11138
0.813954 0.113939
0.816202 0.116187
0.81789 0.117875
0.823248 0.123233
0.826771 0.126756
0.831352 0.0313291
0.831672 0.131656
0.83787 0.0378468
0.838998 0.038975
0.839566 0.139551
0.840197 0.0401739
0.840734 0.140719
0.842267 0.0422437
0.843271 0.0432475
0.843901 0.043878
0.845309 0.0452862
0.845629 0.0456057
0.846228 0.0462051
0.846548 0.0465246
0.847272 0.147256
0.847747 0.0477235
0.848502 0.0484785
0.849319 0.149303
0.849731 0.0497084
0.850051 0.150036
0.850371 0.0503475
0.85069 0.150675
0.85101 0.0509865
0.852076 0.0520525
0.852551 0.0525275
0.854332 0.0543089
0.855336 0.0553127
0.855655 0.0556322
0.856659 0.056636
0.856979 0.0569555
0.858542 0.0585192
0.858955 0.058932
0.859586 0.0595625
0.860309 0.0602864
0.860878 0.0608547
0.861415 0.061392
0.862357 0.0623336
0.864698 0.0646748
0.865671 0.0656475
0.868603 0.0685798
0.870011 0.0699879
0.871979 0.0719559
0.874382 0.0743594
0.874702 0.0746789
0.875021 0.0749984
0.875808 0.0757845
0.876345 0.0763217
0.877815 0.0777921
0.878197 0.0781738
0.878516 0.0784933
0.878991 0.0789683
0.882017 0.0819939
0.883114 0.083091
0.885051 0.0850279
0.885713 0.0856895
0.886934 0.0869111
0.887502 0.0874794
0.888102 0.0880789
0.888795 0.0887716
0.889239 0.0892155
0.890305 0.0902815
0.891495 0.091472
0.891495 0.091472
0.892063 0.0920403
0.892383 0.0923598
0.892702 0.0926793
0.893022 0.0929988
0.897634 0.0976107
0.898358 0.0983345
0.899579 0.0995561
0.901049 0.101026
0.904262 0.104239
0.904706 0.104683
0.907638 0.107615
0.909139 0.109116
0.911418 0.111395
0.913946 0.113923
0.916225 0.116202
0.917882 0.117859
0.923241 0.123218
0.926764 0.126741
0.931345 0.0313137
0.931664 0.131641
0.937893 0.0378625
0.93899 0.0389596
0.93959 0.139567
0.940189 0.0401585
0.940727 0.140704
0.942259 0.0422283
0.943263 0.0432321
0.943925 0.0438937
0.945333 0.0453019
0.945652 0.0456214
0.946221 0.0461897
0.94654 0.0465092
0.947295 0.147272
0.94777 0.0477392
0.948525 0.0484942
0.949342 0.149319
0.949755 0.0497242
0.950075 0.150051
0.950394 0.0503632
0.950714 0.150691
0.951033 0.0510022
0.952068 0.0520371
0.952574 0.0525432
0.954324 0.0542935
0.955359 0.0553284
0.955679 0.0556479
0.956683 0.0566517
0.957002 0.0569712
0.958566 0.0585349
0.958979 0.0589477
0.959578 0.0595471
0.960333 0.0603021
0.960901 0.0608704
0.961407 0.0613766
0.962349 0.0623182
0.96469 0.0646594
0.965694 0.0656632
0.968595 0.0685644
0.970003 0.0699725
0.971971 0.0719405
0.974375 0.074344
0.974694 0.0746635
0.975014 0.074983
0.9758 0.0757691
0.976337 0.0763063
0.977808 0.0777767
0.978189 0.0781584
0.978509 0.0784779
0.979015 0.078984
0.982009 0.0819785
0.983138 0.0831067
0.985043 0.0850125
0.985705 0.0856742
0.986927 0.0868957
0.987495 0.087464
0.988094 0.0880635
0.988787 0.0887562
0.989231 0.0892001
0.990297 0.0902661
0.991519 0.0914877
0.991519 0.0914877
0.992087 0.092056
0.992406 0.0923755
0.992726 0.092695
0.993045 0.0930145
0.997657 0.0976264
0.998381 0.0983502
0.999603 0.0995718
1.00104 0.101011
1.00426 0.104228
1.0047 0.104671
1.00767 0.107635
1.00917 0.109136
1.01142 0.111384
1.01397 0.113943
1.01622 0.116191
1.01791 0.117879
1.02327 0.123238
1.02679 0.126761
1.03131 0.0313027
1.03166 0.13163
1.03783 0.0378204
1.03899 0.0389797
1.03959 0.139556
1.04019 0.0401786
1.04075 0.140724
1.04222 0.0422173
1.04323 0.043221
1.04389 0.0438827
1.0453 0.0452908
1.04562 0.0456104
1.04622 0.0462098
1.04654 0.0465293
1.04729 0.147261
1.04774 0.0477282
1.04849 0.0484832
1.04934 0.149308
1.04972 0.0497131
1.05004 0.150009
1.05036 0.0503522
1.05068 0.150648
1.051 0.0509912
1.05203 0.0520261
1.05254 0.0525322
1.05429 0.0542825
1.05532 0.0553174
1.05564 0.0556369
1.05662 0.0566096
1.05694 0.0569291
1.05853 0.0585239
1.05891 0.0589056
1.05954 0.0595361
1.0603 0.0602911
1.06084 0.0608283
1.06137 0.0613656
1.06231 0.0623071
1.06469 0.0646795
1.06566 0.0656522
1.06856 0.0685533
1.06994 0.0699304
1.07132 0.0312992
1.07132 0.0312992
1.07132 0.0312992
1.07163 0.0316187
1.07163 0.0312992
1.07163 0.0312992
1.07195 0.0719464
1.07436 0.0743499
1.07468 0.0746694
1.075 0.0749889
1.07575 0.0757439
1.07632 0.0763122
1.07776 0.0777515
1.07817 0.0781643
1.07849 0.0784838
1.07897 0.0789588
1.08199 0.0819844
1.08309 0.0830815
1.08503 0.0850184
1.08569 0.0856801
1.08691 0.0869016
1.08748 0.0874699
1.08805 0.0880383
1.08874 0.088731
1.08918 0.089175
1.09028 0.0902721
1.09131 0.031313
1.09131 0.031313
1.09131 0.031313
1.09163 0.0916265
1.09163 0.0916265
1.09195 0.0319521
1.09195 0.0316326
1.09195 0.0316326
1.09227 0.0922655
1.09227 0.0922655
1.09259 0.092585
1.09291 0.0929045
1.09762 0.0976097
1.09834 0.0983335
1.09956 0.099555
1.10103 0.101025
1.10421 0.104206
1.10469 0.104682
1.10765 0.107645
1.10915 0.109146
1.11112 0.0310991
1.11112 0.0310991
1.11112 0.0310991
1.11144 0.111429
1.11157 0.031547
1.11157 0.0312275
1.11157 0.0312275
1.11394 0.11393
1.11622 0.116209
1.11787 0.117866
1.12323 0.123224
1.12676 0.126748
1.1313 0.0313009
1.13162 0.131617
1.13175 0.0314293
1.13175 0.0314293
1.13175 0.0314293
1.13175 0.0314293
1.13175 0.0311098
1.13175 0.0311098
1.13188 0.0312382
1.13783 0.0378266
1.13896 0.0389548
1.13956 0.139551
1.14016 0.0401537
1.14073 0.140718
1.14223 0.0422235
1.14323 0.0432273
1.14389 0.043892
1.1453 0.0452971
1.14562 0.0456166
1.14625 0.0462274
1.14657 0.0465469
1.14726 0.147256
1.14774 0.0477147
1.14849 0.0484894
1.14931 0.149303
1.14972 0.0496996
1.15004 0.150035
1.15036 0.0503584
1.15068 0.150674
1.151 0.0509974
1.15113 0.0311005
1.15113 0.0311005
1.15113 0.0311005
1.15144 0.0314155
1.15144 0.031096
1.15144 0.031096
1.15204 0.0520402
1.15255 0.0525267
1.1543 0.0542966
1.1553 0.0553004
1.15562 0.0556199
1.15663 0.056604
1.15695 0.0569432
1.15854 0.058538
1.15892 0.0589197
1.15955 0.0595503
1.16031 0.0603001
1.16085 0.0608425
1.16138 0.0613797
1.16229 0.0622902
1.1647 0.0646937
1.16564 0.0656353
1.16857 0.0685675
1.16995 0.0699445
1.17113 0.0311195
1.17113 0.0311195
1.17113 0.0311195
1.17145 0.0314345
1.17145 0.031115
1.17145 0.031115
1.17199 0.071963
1.17436 0.0743354
1.17468 0.0746746
1.175 0.0749941
1.17575 0.0757491
1.17632 0.0763174
1.17776 0.0777567
1.17817 0.0781695
1.17849 0.0784693
1.17897 0.078964
1.18196 0.0819585
1.18309 0.0830867
1.185 0.0849925
1.18566 0.0856541
1.18688 0.0868757
1.18748 0.0874554
1.18805 0.0880434
1.18877 0.0887419
1.18918 0.0891801
1.19031 0.0902886
1.19113 0.0311243
1.19113 0.0311243
1.19113 0.0311243
1.19148 0.0914716
1.1918 0.0917911
1.19211 0.0921106
1.19211 0.0921106
1.19224 0.0322423
1.19224 0.0319228
1.19224 0.0319228
1.19256 0.0925585
1.19288 0.092878
1.19762 0.0976143
1.19834 0.0983382
1.19956 0.0995597
1.20103 0.10103
1.20422 0.104211
1.20469 0.104686
1.20762 0.107618
1.20912 0.10912
1.21112 0.031101
1.21112 0.031101
1.21112 0.031101
1.21144 0.111434
1.21157 0.0315489
1.21157 0.0312294
1.21157 0.0312294
1.21394 0.113935
1.21622 0.116214
1.21787 0.117871
1.22323 0.123229
1.22679 0.126758
1.23131 0.0313028
1.23163 0.131622
1.23175 0.0314312
1.23175 0.0314312
1.23175 0.0314312
1.23175 0.0314312
1.23175 0.0311117
1.23175 0.0311117
1.23188 0.0312401
1.23783 0.0378284
1.23896 0.0389567
1.23956 0.139555
1.24016 0.0401555
1.24073 0.140723
1.24223 0.0422253
1.24323 0.0432291
1.24389 0.0438661
1.2453 0.0452989
1.24562 0.0456184
1.24622 0.0462153
1.24654 0.0465348
1.24726 0.14726
1.24771 0.0477026
1.24846 0.0484601
1.24931 0.149308
1.24969 0.0496875
1.25001 0.150009
1.25033 0.0503291
1.25065 0.150648
1.25097 0.0509682
1.25113 0.0311024
1.25113 0.0311024
1.25113 0.0311024
1.25145 0.0314174
1.25145 0.0310979
1.25145 0.0310979
1.25205 0.0520421
1.25252 0.0525145
1.25427 0.0542674
1.25531 0.0553023
1.25563 0.0556218
1.25663 0.056623
1.25695 0.0569451
1.25854 0.0585399
1.25892 0.0589216
1.25952 0.0595211
1.26028 0.0602603
1.26085 0.0608444
1.26138 0.0613816
1.2623 0.0622921
1.26467 0.0646645
1.26564 0.0656371
1.26857 0.0685694
1.26995 0.0699464
1.27114 0.0311214
1.27114 0.0311214
1.27114 0.0311214
1.27145 0.0314364
1.27145 0.0311169
1.27145 0.0311169
1.27196 0.0719509
1.27433 0.0743233
1.27465 0.0746454
1.27497 0.0749649
1.27575 0.075751
1.27629 0.0762882
1.27776 0.0777585
1.27817 0.0781714
1.27849 0.0784883
1.27897 0.0789659
1.28196 0.0819603
1.28309 0.0830886
1.285 0.0849944
1.28566 0.085656
1.28688 0.0868775
1.28745 0.0874433
1.28805 0.0880453
1.28877 0.0887438
1.28919 0.089182
1.29028 0.0902765
1.29113 0.0310951
1.29113 0.0310951
1.29113 0.0310951
1.29145 0.0914424
1.29177 0.0917619
1.29208 0.0920814
1.29208 0.0920814
1.29221 0.032182
1.29221 0.0318625
1.29221 0.0318625
1.29253 0.0925293
1.29285 0.0928488
1.29759 0.0975851
1.29831 0.0983089
1.29956 0.0995616
1.301 0.101001
1.30422 0.104213
1.30469 0.104688
1.30762 0.10762
1.30912 0.109122
1.31112 0.0311029
1.31112 0.0311029
1.31112 0.0311029
1.31144 0.111436
1.31157 0.0315508
1.31157 0.0312313
1.31157 0.0312313
1.31394 0.113937
1.31619 0.116185
1.31788 0.117873
1.32323 0.123231
1.32676 0.126729
1.33131 0.0313047
1.33163 0.131623
1.33175 0.0314331
1.33175 0.0314331
1.33175 0.0314331
1.33175 0.0314331
1.33175 0.0311136
1.33175 0.0311136
1.33188 0.031242
1.33783 0.0378303
1.33899 0.0389896
1.33956 0.139557
1.34019 0.0401885
1.3407 0.140694
1.34223 0.0422272
1.34323 0.043231
1.34399 0.0439646
1.3453 0.0453008
1.34562 0.0456203
1.34628 0.0462654
1.3466 0.0465849
1.34723 0.147231
1.34777 0.0477527
1.3485 0.0484931
1.34931 0.149309
1.34976 0.0497376
1.35008 0.150073
1.3504 0.0503932
1.35072 0.150712
1.35103 0.0510322
1.35116 0.0311354
1.35116 0.0311354
1.35116 0.0311354
1.35145 0.0314193
1.35145 0.0310998
1.35145 0.0310998
1.35205 0.052044
1.35258 0.0525683
1.3543 0.0543004
1.35534 0.0553353
1.35566 0.0556548
1.35666 0.056642
1.35698 0.0569781
1.35851 0.0585107
1.35889 0.0588924
1.35956 0.059554
1.3605 0.0604694
1.36085 0.0608462
1.36139 0.0613835
1.3623 0.062294
1.3647 0.0646974
1.36567 0.0656701
1.36857 0.0685713
1.36992 0.0699172
1.37114 0.0311233
1.37114 0.0311233
1.37114 0.0311233
1.37145 0.0314383
1.37145 0.0311188
1.37145 0.0311188
1.37202 0.072001
1.37439 0.0743734
1.37471 0.0747095
1.37503 0.075029
1.37572 0.0757217
1.37632 0.0763212
1.37779 0.0777915
1.37821 0.0782043
1.37853 0.0785073
1.379 0.0789989
1.382 0.0819933
1.38309 0.0830904
1.38503 0.0850274
1.38566 0.0856579
1.38694 0.0869416
1.38754 0.0875245
1.38808 0.0880783
1.3888 0.0887768
1.38919 0.0891839
1.39038 0.0903577
1.39113 0.031097
1.39113 0.031097
1.39113 0.031097
1.39148 0.0914754
1.3918 0.0917949
1.39212 0.0921144
1.39212 0.0921144
1.39225 0.032215
1.39225 0.0318955
1.39225 0.0318955
1.39256 0.0925623
1.39288 0.0928818
1.39765 0.0976492
1.39838 0.098373
1.3996 0.0995946
1.40107 0.101065
1.40419 0.104184
1.40472 0.104721
1.40766 0.107653
1.40916 0.109155
1.41112 0.0311048
1.41112 0.0311048
1.41112 0.0311048
1.41144 0.111438
1.41157 0.0315527
1.41157 0.0312332
1.41157 0.0312332
1.41397 0.11397
1.41625 0.116249
1.41791 0.117906
1.4233 0.123295
1.42682 0.126793
1.43131 0.0313066
1.43144 0.0311155
1.43144 0.0311155
1.43144 0.0311155
1.43176 0.131754
1.43188 0.0315634
1.43188 0.0312439
1.43188 0.0312439
1.43783 0.0378322
1.43899 0.0389915
1.43962 0.139621
1.44019 0.0401904
1.44076 0.140758
1.44223 0.0422291
1.44323 0.0432329
1.44399 0.0439613
1.4453 0.0453027
1.44562 0.0456222
1.44625 0.0462448
1.44657 0.0465643
1.4473 0.147295
1.44777 0.0477632
1.4485 0.048495
1.44931 0.149311
1.44976 0.0497482
1.45008 0.150075
1.4504 0.0503951
1.45072 0.150714
1.45104 0.0510341
1.45116 0.0311372
1.45116 0.0311372
1.45116 0.0311372
1.45145 0.0314212
1.45145 0.0311016
1.45145 0.0311016
1.45205 0.0520459
1.45258 0.0525681
1.4543 0.0543023
1.45534 0.0553372
1.45566 0.0556567
1.45666 0.0566526
1.45698 0.05698
1.45855 0.0585437
1.45893 0.0589254
1.45956 0.0595559
1.46047 0.0604523
1.46085 0.0608481
1.46139 0.0613854
1.46233 0.0623269
1.4647 0.0646993
1.46567 0.065672
1.46857 0.0685732
1.46998 0.0699813
1.47114 0.0311251
1.47114 0.0311251
1.47114 0.0311251
1.47145 0.0314402
1.47145 0.0311207
1.47145 0.0311207
1.47202 0.0720115
1.47436 0.0743528
1.47468 0.0746802
1.475 0.0749998
1.47576 0.0757547
1.47632 0.0763231
1.47779 0.0777934
1.47821 0.0782062
1.47853 0.0785178
1.479 0.0790008
1.482 0.0819952
1.48309 0.0830923
1.48503 0.0850292
1.48569 0.0856909
1.48691 0.0869124
1.48754 0.087535
1.48808 0.0880802
1.48881 0.0887787
1.48922 0.0892169
1.49038 0.0903682
1.49113 0.0310989
1.49113 0.0310989
1.49113 0.0310989
1.49148 0.0914773
1.4918 0.0917968
1.49212 0.0921163
1.49212 0.0921163
1.49225 0.0322169
1.49225 0.0318974
1.49225 0.0318974
1.49257 0.0925642
1.49289 0.0928837
1.49765 0.0976511
1.49838 0.0983749
1.4996 0.0995964
1.50107 0.101067
1.50425 0.104248
1.50472 0.104723
1.50766 0.107655
1.50916 0.109157
1.51112 0.0311066
1.51112 0.0311066
1.51112 0.0311066
1.51144 0.11144
1.51157 0.0315545
1.51157 0.031235
1.51157 0.031235
1.51397 0.113972
1.51625 0.116251
1.51791 0.117908
1.5233 0.123297
1.52682 0.126795
1.53131 0.0313085
1.53144 0.0311174
1.53144 0.0311174
1.53144 0.0311174
1.53176 0.131756
1.53189 0.0315653
1.53189 0.0312457
1.53189 0.0312457
1.53783 0.0378341
1.53899 0.0389934
1.53962 0.139623
1.54019 0.0401923
1.54076 0.14076
1.54223 0.042231
1.54324 0.0432348
1.54396 0.043958
1.54531 0.0453046
1.54562 0.0456241
1.54626 0.0462553
1.54657 0.0465748
1.5473 0.147297
1.54774 0.0477426
1.5485 0.0484969
1.54938 0.149375
1.54976 0.0497587
1.55008 0.150077
1.5504 0.050397
1.55072 0.150716
1.55104 0.051036
1.55117 0.0311391
1.55117 0.0311391
1.55117 0.0311391
1.55145 0.031423
1.55145 0.0311035
1.55145 0.0311035
1.55205 0.0520478
1.55259 0.0525679
1.5543 0.0543042
1.55534 0.0553391
1.55566 0.0556586
1.55666 0.0566631
1.55698 0.0569819
1.55855 0.0585456
1.55893 0.0589273
1.55956 0.0595578
1.56047 0.0604663
1.56085 0.06085
1.56139 0.0613872
1.56233 0.0623288
1.5647 0.0647012
1.56567 0.0656739
1.56858 0.068575
1.56998 0.0699832
1.57111 0.0310959
1.57111 0.0310959
1.57111 0.0310959
1.57145 0.031442
1.57145 0.0311225
1.57145 0.0311225
1.57202 0.0720221
1.57436 0.0743633
1.57468 0.0746821
1.575 0.0750016
1.57576 0.0757566
1.57633 0.0763249
1.5778 0.0777953
1.57821 0.0782081
1.57853 0.0785283
1.579 0.0790026
1.582 0.0819971
1.58309 0.0830942
1.58503 0.0850311
1.58569 0.0856928
1.58692 0.0869143
1.58755 0.0875455
1.58808 0.0880821
1.58878 0.0887494
1.58922 0.0892188
1.59035 0.0903477
1.59113 0.0311008
1.59113 0.0311008
1.59113 0.0311008
1.59148 0.0914791
1.5918 0.0917987
1.59212 0.0921182
1.59212 0.0921182
1.59225 0.0322188
1.59225 0.0318993
1.59225 0.0318993
1.59257 0.0925661
1.59289 0.0928856
1.59765 0.0976529
1.59838 0.0983768
1.59957 0.0995672
1.60104 0.101038
1.60425 0.10425
1.60473 0.104725
1.60766 0.107657
1.60916 0.109158
1.61112 0.0311085
1.61112 0.0311085
1.61112 0.0311085
1.61144 0.111442
1.61157 0.0315564
1.61157 0.0312369
1.61157 0.0312369
1.61397 0.113973
1.61625 0.116252
1.61791 0.117909
1.6233 0.123299
1.62682 0.126797
1.63134 0.0313104
1.63166 0.13166
1.63179 0.0314388
1.63179 0.0314388
1.63179 0.0314388
1.63179 0.0314388
1.63179 0.0311192
1.63179 0.0311192
1.63192 0.0312476
1.63787 0.037836
1.639 0.0389642
1.63959 0.139594
1.64023 0.0401942
1.64076 0.140762
1.64226 0.0422329
1.64327 0.0432367
1.64396 0.0439547
1.64534 0.0453065
1.64566 0.045626
1.64629 0.0462659
1.64661 0.0465854
1.6473 0.147299
1.64777 0.0477532
1.6485 0.0484677
1.64938 0.149377
1.64976 0.0497381
1.65008 0.150079
1.6504 0.0503678
1.65072 0.150718
1.65104 0.0510068
1.65117 0.031141
1.65117 0.031141
1.65117 0.031141
1.65145 0.0314249
1.65145 0.0311054
1.65145 0.0311054
1.65208 0.0520496
1.65259 0.0525677
1.65434 0.0543061
1.65537 0.055341
1.65569 0.0556605
1.65666 0.0566425
1.65698 0.0569527
1.65858 0.0585474
1.65896 0.0589291
1.65959 0.0595597
1.66047 0.0604492
1.66088 0.0608519
1.66142 0.0613891
1.66236 0.0623307
1.66473 0.0647031
1.66571 0.0656758
1.66861 0.0685769
1.67002 0.0699851
1.67111 0.0310978
1.67111 0.0310978
1.67111 0.0310978
1.67145 0.0314439
1.67145 0.0311244
1.67145 0.0311244
1.67202 0.0720015
1.6744 0.0743738
1.67472 0.074684
1.67503 0.0750035
1.67579 0.0757585
1.67636 0.0763268
1.67783 0.0777972
1.67824 0.07821
1.67824 0.0782193
1.67903 0.0789961
1.68202 0.0819905
1.68315 0.0831187
1.68506 0.0850245
1.68572 0.0856862
1.68694 0.0869077
1.68757 0.0875476
1.68811 0.0880755
1.6888 0.088774
1.68924 0.0892122
1.69037 0.0903497
1.69115 0.0311253
1.69115 0.0311253
1.69115 0.0311253
1.6915 0.0914726
1.69182 0.0917921
1.69214 0.0921116
1.69214 0.0921116
1.69227 0.0322433
1.69227 0.0319238
1.69227 0.0319238
1.69259 0.0925595
1.69291 0.092879
1.69768 0.0976464
1.6984 0.0983702
1.69962 0.0995917
1.70109 0.101062
1.70427 0.104243
1.70475 0.104718
1.70768 0.10765
1.70921 0.109183
1.71112 0.0311019
1.71112 0.0311019
1.71112 0.0311019
1.71147 0.111435
1.71159 0.0315809
1.71159 0.0312614
1.71159 0.0312614
1.714 0.113967
1.71628 0.116246
1.71793 0.117903
1.72332 0.123292
1.72682 0.12679
1.73133 0.0313038
1.73146 0.0311127
1.73146 0.0311127
1.73146 0.0311127
1.73178 0.131751
1.73191 0.0315606
1.73191 0.031241
1.73191 0.031241
1.73786 0.0378294
1.73902 0.0389887
1.73965 0.139618
1.74022 0.0401876
1.74079 0.140755
1.74226 0.0422263
1.74326 0.0432301
1.74395 0.0439429
1.74533 0.0452999
1.74565 0.0456194
1.74628 0.0462679
1.7466 0.0465874
1.74735 0.147324
1.74777 0.0477552
1.74852 0.0484922
1.7494 0.149371
1.74975 0.0497402
1.75007 0.150041
1.75039 0.0503612
1.75071 0.15068
1.75103 0.0510002
1.75116 0.0311344
1.75116 0.0311344
1.75116 0.0311344
1.75144 0.0314183
1.75144 0.0310988
1.75144 0.0310988
1.7521 0.0520742
1.75261 0.0525902
1.75433 0.0542995
1.75536 0.0553344
1.75568 0.0556539
1.75666 0.0566446
1.75698 0.0569461
1.75857 0.0585408
1.75895 0.0589226
1.75958 0.0595531
1.76046 0.0604547
1.76088 0.0608453
1.76141 0.0613825
1.76235 0.0623241
1.76473 0.0646965
1.7657 0.0656692
1.7686 0.0685703
1.77001 0.0699785
1.77113 0.0311223
1.77113 0.0311223
1.77113 0.0311223
1.77145 0.0314373
1.77145 0.0311178
1.77145 0.0311178
1.77202 0.0720035
1.77439 0.0743759
1.77471 0.0746774
1.77503 0.0749969
1.77578 0.0757519
1.77638 0.0763513
1.77782 0.0777906
1.77823 0.0782034
1.77823 0.0782214
1.77902 0.0789895
1.78201 0.0819839
1.78314 0.0831121
1.78505 0.085018
1.78571 0.0856796
1.78696 0.0869322
1.78756 0.0875497
1.7881 0.0880689
1.78879 0.0887674
1.78924 0.0892056
1.79036 0.0903518
1.79115 0.0311187
1.79115 0.0311187
1.79115 0.0311187
1.79153 0.0914971
1.79185 0.0918166
1.79217 0.0921361
1.79217 0.0921361
1.79229 0.0322678
1.79229 0.0319483
1.79229 0.0319483
1.79261 0.092584
1.79293 0.0929035
1.79767 0.0976398
1.79839 0.0983636
1.79962 0.0995852
1.80109 0.101056
1.80427 0.104237
1.80474 0.104712
1.80771 0.107675
1.80921 0.109176
1.81111 0.0310954
1.81111 0.0310954
1.81111 0.0310954
1.81146 0.111428
1.81159 0.0315744
1.81159 0.0312549
1.81159 0.0312549
1.81402 0.113991
1.81627 0.116239
1.81796 0.117927
1.82332 0.123286
1.82681 0.126784
1.83133 0.0312972
1.83145 0.0311061
1.83145 0.0311061
1.83145 0.0311061
1.83177 0.131744
1.8319 0.031554
1.8319 0.0312345
1.8319 0.0312345
1.83785 0.0378228
1.83901 0.0389821
1.83964 0.139612
1.84021 0.040181
1.84078 0.140749
1.84228 0.0422508
1.84325 0.0432235
1.84398 0.0439623
1.84535 0.0453244
1.84567 0.0456439
1.84627 0.04627
1.84659 0.0465895
1.84735 0.147317
1.84776 0.0477573
1.84852 0.0484856
1.84939 0.149364
1.84975 0.0497422
1.85006 0.150034
1.85038 0.0503546
1.8507 0.150673
1.85102 0.0509936
1.85115 0.0311278
1.85115 0.0311278
1.85115 0.0311278
1.85147 0.0314429
1.85147 0.0311234
1.85147 0.0311234
1.8521 0.0520676
1.8526 0.0525815
1.85432 0.0542929
1.85536 0.0553278
1.85568 0.0556473
1.85665 0.0566466
1.85697 0.0569395
1.85859 0.0585654
1.85898 0.0589471
1.85958 0.0595465
1.86049 0.0604602
1.86087 0.0608387
1.86141 0.061376
1.86235 0.0623175
1.86475 0.064721
1.86569 0.0656626
1.86859 0.0685637
1.87 0.0699719
1.87113 0.0311157
1.87113 0.0311157
1.87113 0.0311157
1.87144 0.0314308
1.87144 0.0311113
1.87144 0.0311113
1.87201 0.0720056
1.87438 0.074378
1.8747 0.0746708
1.87502 0.0749904
1.87581 0.0757764
1.87637 0.0763448
1.87781 0.077784
1.87823 0.0781968
1.87823 0.0782235
1.87901 0.0789829
1.88201 0.0819773
1.88313 0.0831056
1.88507 0.0850425
1.88573 0.0857041
1.88696 0.0869256
1.88752 0.0875206
1.88809 0.0880623
1.88878 0.0887608
1.88923 0.089199
1.89036 0.0903538
1.89114 0.0311121
1.89114 0.0311121
1.89114 0.0311121
1.89152 0.0914905
1.89184 0.09181
1.89216 0.0921295
1.89216 0.0921295
1.89229 0.0322612
1.89229 0.0319417
1.89229 0.0319417
1.89261 0.0925774
1.89293 0.0928969
1.89766 0.0976332
1.89839 0.0983571
1.89961 0.0995786
1.90108 0.101049
1.90426 0.10423
1.90473 0.104705
1.9077 0.107668
1.9092 0.10917
1.91113 0.0311199
1.91113 0.0311199
1.91113 0.0311199
1.91145 0.111422
1.91158 0.0315678
1.91158 0.0312483
1.91158 0.0312483
1.91401 0.113985
1.91629 0.116264
1.91795 0.117921
1.92331 0.123279
1.92683 0.126808
1.93132 0.0312906
1.93145 0.0310995
1.93145 0.0310995
1.93145 0.0310995
1.93177 0.131738
1.9319 0.0315474
1.9319 0.0312279
1.9319 0.0312279
1.93788 0.0378473
1.939 0.0389755
1.93963 0.139605
1.9402 0.0401744
1.9408 0.140773
1.94227 0.0422442
1.94328 0.043248
1.94397 0.0439505
1.94535 0.0453178
1.94567 0.0456373
1.94627 0.0462409
1.94658 0.0465604
1.94734 0.14731
1.94778 0.0477593
1.94851 0.048479
1.94939 0.149358
1.94977 0.0497443
1.95009 0.150059
1.95041 0.0503791
1.95073 0.150698
1.95105 0.0510181
1.95118 0.0311524
1.95118 0.0311524
1.95118 0.0311524
1.95146 0.0314363
1.95146 0.0311168
1.95146 0.0311168
1.95209 0.052061
1.9526 0.0525728
1.95431 0.0542863
1.95535 0.0553212
1.95567 0.0556407
1.95667 0.0566487
1.95699 0.056964
1.95859 0.0585588
1.95897 0.0589405
1.95957 0.0595399
1.96048 0.0604657
1.96089 0.0608632
1.96143 0.0614005
1.96234 0.062311
1.96474 0.0647144
1.96572 0.0656871
1.96862 0.0685883
1.96999 0.0699653
1.97112 0.0311092
1.97112 0.0311092
1.97112 0.0311092
1.97143 0.0314242
1.97143 0.0311047
1.97143 0.0311047
1.97203 0.0720077
1.97437 0.0743489
1.97469 0.0746643
1.97501 0.0749838
1.9758 0.0757698
1.97637 0.0763382
1.97781 0.0777774
1.97822 0.0781902
1.97854 0.0785139
1.97901 0.0789848
1.98201 0.0819792
1.98314 0.0831074
1.98507 0.0850444
1.9857 0.0856749
1.98696 0.0869275
1.98756 0.0875311
1.98809 0.0880642
1.98879 0.0887627
1.98923 0.0892009
1.99039 0.0903644
1.99114 0.031114
1.99114 0.031114
1.99114 0.031114
1.99152 0.0914924
1.99184 0.0918119
1.99216 0.0921314
1.99216 0.0921314
1.99229 0.0322631
1.99229 0.0319436
1.99229 0.0319436
1.99261 0.0925793
1.99293 0.0928988
1.99766 0.0976351
1.99839 0.0983589
1.99961 0.0995805
2.00108 0.101051
2.00426 0.104236
2.00474 0.104711
2.0077 0.107675
2.0092 0.109176
2.01114 0.0311263
2.01114 0.0311263
2.01114 0.0311263
2.01146 0.111428
2.01159 0.0315742
2.01159 0.0312546
2.01159 0.0312546
2.01402 0.113991
2.0163 0.11627
2.01796 0.117927
2.02331 0.123286
2.02684 0.126814
2.03132 0.031297
2.03145 0.0311059
2.03145 0.0311059
2.03145 0.0311059
2.03177 0.131744
2.0319 0.0315538
2.0319 0.0312343
2.0319 0.0312343
2.03785 0.0378226
2.03901 0.0389819
2.03964 0.139612
2.04021 0.0401808
2.04078 0.140748
2.04225 0.0422195
2.04325 0.0432233
2.04397 0.0439517
2.04535 0.0453242
2.04567 0.0456437
2.04627 0.0462559
2.04659 0.0465755
2.04735 0.147317
2.04776 0.0477432
2.04848 0.0484543
2.04939 0.149364
2.04974 0.0497282
2.05006 0.150034
2.05038 0.0503544
2.0507 0.150673
2.05102 0.0509934
2.05115 0.0311276
2.05115 0.0311276
2.05115 0.0311276
2.05143 0.0314115
2.05143 0.031092
2.05143 0.031092
2.0521 0.0520674
2.0526 0.0525863
2.05429 0.0542616
2.05536 0.0553276
2.05567 0.0556471
2.05665 0.0566326
2.05697 0.0569393
2.05856 0.0585341
2.05894 0.0589158
2.05957 0.0595463
2.06045 0.0604531
2.06087 0.0608385
2.0614 0.0613758
2.06231 0.0622862
2.06475 0.0647208
2.06572 0.0656935
2.06859 0.0685635
2.06997 0.0699406
2.07109 0.0310844
2.07109 0.0310844
2.07109 0.0310844
2.07144 0.0314305
2.07144 0.031111
2.07144 0.031111
2.07204 0.0720227
2.07435 0.0743328
2.07467 0.0746395
2.07499 0.074959
2.07574 0.075714
2.07637 0.0763445
2.07778 0.0777527
2.07822 0.0782094
2.07822 0.0781966
2.07901 0.0789827
2.082 0.0819771
2.0831 0.0830742
2.08504 0.0850112
2.0857 0.0856728
2.08695 0.0869254
2.08755 0.0875377
2.08809 0.0880621
2.08878 0.0887606
2.0892 0.0891677
2.09039 0.0903709
2.09114 0.0311119
2.09114 0.0311119
2.09114 0.0311119
2.09149 0.0914592
2.09181 0.0917787
2.09213 0.0920982
2.09213 0.0920982
2.09225 0.0322299
2.09225 0.0319104
2.09225 0.0319104
2.09257 0.0925461
2.09289 0.0928656
2.09766 0.097633
2.09838 0.0983568
2.09961 0.0995784
2.10108 0.101049
2.10426 0.10423
2.10476 0.104736
2.1077 0.107668
2.1092 0.10917
2.1111 0.0310886
2.1111 0.0310886
2.1111 0.0310886
2.11148 0.111453
2.11161 0.0315987
2.11161 0.0312792
2.11161 0.0312792
2.11401 0.113985
2.11629 0.116264
2.11795 0.117921
2.12334 0.12331
2.12683 0.126808
2.13132 0.0312904
2.13145 0.0310993
2.13145 0.0310993
2.13145 0.0310993
2.13177 0.131737
2.13189 0.0315472
2.13189 0.0312277
2.13189 0.0312277
2.13784 0.037816
2.139 0.0389753
2.13963 0.139605
2.1402 0.0401742
2.1408 0.140773
2.14227 0.042244
2.14324 0.0432167
2.14397 0.0439399
2.14534 0.0453176
2.14566 0.0456371
2.14626 0.046258
2.14658 0.0465775
2.14734 0.14731
2.14775 0.0477453
2.14851 0.0484788
2.14939 0.149357
2.14974 0.0497302
2.15006 0.150027
2.15037 0.0503478
2.15069 0.150667
2.15101 0.0509868
2.15114 0.031121
2.15114 0.031121
2.15114 0.031121
2.15143 0.031405
2.15143 0.0310855
2.15143 0.0310855
2.15209 0.0520608
2.15259 0.0525808
2.15431 0.0542861
2.15535 0.055321
2.15567 0.0556405
2.15664 0.0566346
2.15696 0.0569327
2.15859 0.0585586
2.15894 0.0589092
2.15957 0.0595397
2.16048 0.0604586
2.16086 0.0608319
2.1614 0.0613692
2.16231 0.0622796
2.16474 0.0647142
2.16571 0.0656869
2.16858 0.068557
2.16996 0.069934
2.17112 0.0311089
2.17112 0.0311089
2.17112 0.0311089
2.17143 0.031424
2.17143 0.0311045
2.17143 0.0311045
2.17203 0.0720247
2.17434 0.0743349
2.17466 0.0746329
2.17498 0.0749525
2.17577 0.0757385
2.17636 0.076338
2.1778 0.0777772
2.17822 0.0782115
2.17854 0.0785095
2.17901 0.0789846
2.18201 0.081979
2.1831 0.0830761
2.18504 0.085013
2.1857 0.0856747
2.18695 0.0869273
2.18755 0.0875482
2.18809 0.088064
2.18878 0.0887625
2.1892 0.0891696
2.19036 0.0903503
2.19111 0.0310827
2.19111 0.0310827
2.19111 0.0310827
2.19149 0.0914611
2.19181 0.0917806
2.19213 0.0921001
2.19213 0.0921001
2.19226 0.0322318
2.19226 0.0319123
2.19226 0.0319123
2.19257 0.092548
2.19289 0.0928675
2.19766 0.0976349
2.19839 0.0983587
2.19961 0.0995802
2.20108 0.101051
2.20426 0.104232
2.20476 0.104738
2.2077 0.10767
2.2092 0.109172
2.2111 0.0310905
2.2111 0.0310905
2.2111 0.0310905
2.21148 0.111455
2.21161 0.0316006
2.21161 0.031281
2.21161 0.031281
2.21401 0.113986
2.21629 0.116265
2.21795 0.117922
2.22334 0.123312
2.22683 0.12681
2.23132 0.0312923
2.23145 0.0311012
2.23145 0.0311012
2.23145 0.0311012
2.23177 0.131739
2.23189 0.0315491
2.23189 0.0312296
2.23189 0.0312296
2.23784 0.0378179
2.239 0.0389772
2.23963 0.139607
2.2402 0.0401761
2.2408 0.140775
2.24227 0.0422459
2.24324 0.0432186
2.24394 0.0439366
2.24535 0.0453195
2.24567 0.045639
2.2463 0.0462685
2.24662 0.046588
2.24734 0.147312
2.24775 0.0477247
2.24851 0.0484807
2.24939 0.149359
2.24977 0.0497408
2.25009 0.15006
2.25041 0.0503808
2.25073 0.150699
2.25105 0.0510198
2.25117 0.031154
2.25117 0.031154
2.25117 0.031154
2.25143 0.0314068
2.25143 0.0310873
2.25143 0.0310873
2.25209 0.0520627
2.25259 0.0525897
2.25431 0.054288
2.25535 0.0553229
2.25567 0.0556424
2.25664 0.0566141
2.25696 0.0569346
2.25859 0.0585605
2.25894 0.0589111
2.25957 0.0595416
2.26048 0.0604726
2.26086 0.0608338
2.2614 0.0613711
2.26231 0.0622815
2.26474 0.0647161
2.26571 0.0656888
2.26858 0.0685588
2.26996 0.0699359
2.27112 0.0311108
2.27112 0.0311108
2.27112 0.0311108
2.27143 0.0314258
2.27143 0.0311063
2.27143 0.0311063
2.27203 0.0720041
2.27437 0.0743454
2.27469 0.0746659
2.27501 0.0749854
2.27577 0.0757404
2.27637 0.0763398
2.27781 0.0777791
2.27825 0.078223
2.27825 0.078222
2.279 0.078978
2.282 0.0819724
2.28313 0.0831006
2.28503 0.0850065
2.28569 0.0856681
2.28695 0.0869207
2.28755 0.0875192
2.28808 0.0880574
2.28878 0.0887559
2.28922 0.0891941
2.29038 0.0903524
2.29113 0.0311072
2.29113 0.0311072
2.29113 0.0311072
2.29148 0.0914545
2.2918 0.091774
2.29212 0.0920935
2.29212 0.0920935
2.29225 0.0322252
2.29225 0.0319057
2.29225 0.0319057
2.29257 0.0925414
2.29289 0.0928609
2.29765 0.0976283
2.29838 0.0983521
2.2996 0.0995737
2.30107 0.101044
2.30425 0.104225
2.30476 0.104731
2.30769 0.107663
2.30922 0.109196
2.31109 0.0310839
2.31109 0.0310839
2.31109 0.0310839
2.31147 0.111448
2.3116 0.031594
2.3116 0.0312745
2.3116 0.0312745
2.31401 0.11398
2.31629 0.116259
2.31794 0.117916
2.32333 0.123305
2.32682 0.126803
2.33131 0.0312857
2.33144 0.0310946
2.33144 0.0310946
2.33144 0.0310946
2.33176 0.131733
2.33189 0.0315425
2.33189 0.031223
2.33189 0.031223
2.33784 0.0378113
2.339 0.0389706
2.33963 0.1396
2.34019 0.0401695
2.34079 0.140768
2.34226 0.0422393
2.34324 0.043212
2.34396 0.043956
2.34534 0.0453129
2.34566 0.0456324
2.34629 0.0462706
2.34661 0.0465901
2.34733 0.147306
2.34774 0.0477268
2.3485 0.0484741
2.34938 0.149353
2.34976 0.0497428
2.35008 0.150054
2.3504 0.0503742
2.35072 0.150693
2.35104 0.0510132
2.35117 0.0311475
2.35117 0.0311475
2.35117 0.0311475
2.35145 0.0314314
2.35145 0.0311119
2.35145 0.0311119
2.35208 0.0520561
2.35259 0.0525842
2.35431 0.0542814
2.35534 0.0553163
2.35566 0.0556358
2.35663 0.0566161
2.35695 0.056928
2.35858 0.0585539
2.35893 0.0589045
2.35956 0.059535
2.3605 0.0604781
2.36085 0.0608272
2.36139 0.0613645
2.3623 0.0622749
2.36473 0.0647095
2.36571 0.0656822
2.36861 0.0685834
2.36995 0.0699293
2.37111 0.0311042
2.37111 0.0311042
2.37111 0.0311042
2.37142 0.0314193
2.37142 0.0310998
2.37142 0.0310998
2.37202 0.0720062
2.37437 0.0743475
2.37468 0.0746593
2.375 0.0749789
2.37576 0.0757338
2.37636 0.0763333
2.3778 0.0777725
2.37824 0.0782241
2.37824 0.0782164
2.37903 0.0790025
2.38199 0.0819659
2.38312 0.0830941
2.38506 0.085031
2.38569 0.0856615
2.38694 0.0869142
2.38754 0.0875212
2.38808 0.0880508
2.38877 0.0887493
2.38921 0.0891875
2.39037 0.0903545
2.39112 0.0311006
2.39112 0.0311006
2.39112 0.0311006
2.39147 0.0914479
2.39179 0.0917674
2.39211 0.0920869
2.39243 0.0924064
2.39275 0.0927259
2.39307 0.0930454
2.3932 0.0331772
2.3932 0.0328576
2.3932 0.0328576
2.39766 0.0976302
2.39838 0.098354
2.3996 0.0995755
2.40107 0.101046
2.40425 0.104227
2.40476 0.104733
2.40769 0.107665
2.40919 0.109167
2.41109 0.0310858
2.41109 0.0310858
2.41109 0.0310858
2.41148 0.11145
2.4116 0.0315959
2.4116 0.0312763
2.4116 0.0312763
2.41401 0.113982
2.41629 0.116261
2.41794 0.117918
2.42333 0.123307
2.42682 0.126805
2.43131 0.0312876
2.43144 0.0310965
2.43144 0.0310965
2.43144 0.0310965
2.43176 0.131735
2.43189 0.0315444
2.43189 0.0312249
2.43189 0.0312249
2.43784 0.0378132
2.439 0.0389725
2.43963 0.139602
2.4402 0.0401714
2.4408 0.14077
2.44227 0.0422412
2.44324 0.0432139
2.44396 0.0439527
2.44534 0.0453148
2.44566 0.0456343
2.44629 0.0462811
2.44661 0.0466006
2.44733 0.147307
2.44775 0.0477373
2.4485 0.048476
2.44938 0.149355
2.44976 0.0497534
2.45008 0.150056
2.4504 0.0503761
2.45072 0.150695
2.45104 0.0510151
2.45117 0.0311493
2.45117 0.0311493
2.45117 0.0311493
2.45142 0.0314021
2.45142 0.0310826
2.45142 0.0310826
2.45208 0.052058
2.45259 0.0525871
2.45431 0.0542833
2.45534 0.0553182
2.45566 0.0556377
2.45663 0.0566266
2.45695 0.0569299
2.45858 0.0585558
2.45893 0.0589064
2.45956 0.0595369
2.46047 0.060461
2.46085 0.0608291
2.46139 0.0613663
2.4623 0.0622768
2.46474 0.0647114
2.46571 0.0656841
2.46858 0.0685541
2.46996 0.0699312
2.47111 0.0311061
2.47111 0.0311061
2.47111 0.0311061
2.47143 0.0314211
2.47143 0.0311016
2.47143 0.0311016
2.47202 0.0720167
2.47437 0.074358
2.47469 0.0746612
2.47501 0.0749807
2.47576 0.0757357
2.47636 0.0763351
2.4778 0.0777744
2.47821 0.0782035
2.47853 0.0785067
2.47901 0.0789818
2.482 0.0819762
2.4831 0.0830733
2.48503 0.0850102
2.4857 0.0856719
2.48695 0.0869245
2.48755 0.0875402
2.48809 0.0880612
2.48878 0.0887596
2.48919 0.0891668
2.49035 0.0903423
2.49113 0.031111
2.49113 0.031111
2.49113 0.031111
2.49148 0.0914583
2.4918 0.0917778
2.49212 0.0920973
2.49212 0.0920973
2.49225 0.032229
2.49225 0.0319095
2.49225 0.0319095
2.49257 0.0925452
2.49289 0.0928647
2.49766 0.097632
2.49838 0.0983559
2.4996 0.0995774
2.50107 0.101048
2.50425 0.104229
2.50476 0.104735
2.50769 0.107667
2.50919 0.109169
2.51109 0.0310876
2.51109 0.0310876
2.51109 0.0310876
2.51148 0.111452
2.5116 0.0315977
2.5116 0.0312782
2.5116 0.0312782
2.51401 0.113984
2.51629 0.116263
2.51794 0.11792
2.52333 0.123309
2.52683 0.126807
2.53131 0.0312895
2.53144 0.0310983
2.53144 0.0310983
2.53144 0.0310983
2.53176 0.131737
2.53189 0.0315462
2.53189 0.0312267
2.53189 0.0312267
2.53784 0.0378151
2.539 0.0389744
2.53963 0.139604
2.5402 0.0401733
2.5408 0.140772
2.54227 0.0422431
2.54324 0.0432158
2.54396 0.0439494
2.54534 0.0453167
2.54566 0.0456362
2.54629 0.0462605
2.54661 0.04658
2.54733 0.147309
2.54778 0.0477478
2.5485 0.0484779
2.54938 0.149356
2.54976 0.0497328
2.55008 0.150058
2.5504 0.050378
2.55072 0.150697
2.55104 0.051017
2.55117 0.0311512
2.55117 0.0311512
2.55117 0.0311512
2.55142 0.031404
2.55142 0.0310845
2.55142 0.0310845
2.55208 0.0520598
2.55262 0.05259
2.55431 0.0542852
2.55534 0.0553201
2.55566 0.0556396
2.55667 0.0566372
2.55699 0.0569629
2.55858 0.0585576
2.55893 0.0589083
2.55956 0.0595388
2.5605 0.060475
2.56085 0.060831
2.56139 0.0613682
2.5623 0.0622787
2.56474 0.0647133
2.56571 0.065686
2.56858 0.068556
2.56996 0.0699331
2.57111 0.031108
2.57111 0.031108
2.57111 0.031108
2.57143 0.031423
2.57143 0.0311035
2.57143 0.0311035
2.57203 0.0719961
2.57437 0.0743374
2.57469 0.0746631
2.57501 0.0749826
2.57576 0.0757376
2.57636 0.076337
2.5778 0.0777763
2.57824 0.0782202
2.57824 0.078214
2.579 0.0789752
2.58199 0.0819696
2.58312 0.0830978
2.58506 0.0850347
2.58569 0.0856653
2.58694 0.0869179
2.58757 0.0875423
2.58808 0.0880546
2.58877 0.0887531
2.58921 0.0891913
2.59037 0.0903444
2.59112 0.0311044
2.59112 0.0311044
2.59112 0.0311044
2.59148 0.0914517
2.59179 0.0917712
2.59211 0.0920907
2.59211 0.0920907
2.59224 0.0322224
2.59224 0.0319029
2.59224 0.0319029
2.59256 0.0925386
2.59288 0.0928581
2.59768 0.0976566
2.5984 0.0983804
2.59959 0.0995708
2.60106 0.101041
2.60425 0.104222
2.60475 0.104728
2.60772 0.107692
2.60922 0.109193
2.61112 0.0311122
2.61112 0.0311122
2.61112 0.0311122
2.61147 0.111445
2.6116 0.0315912
2.6116 0.0312716
2.6116 0.0312716
2.614 0.113977
2.61631 0.116287
2.61794 0.117913
2.62333 0.123303
2.62682 0.1268
2.63131 0.0312829
2.63143 0.0310918
2.63143 0.0310918
2.63143 0.0310918
2.63175 0.13173
2.63188 0.0315397
2.63188 0.0312202
2.63188 0.0312202
2.63783 0.0378085
2.63899 0.0389678
2.63962 0.139598
2.64019 0.0401667
2.64079 0.140765
2.64226 0.0422365
2.64323 0.0432092
2.64396 0.0439376
2.64533 0.0453101
2.64565 0.0456296
2.64628 0.0462626
2.6466 0.0465821
2.64733 0.147303
2.64777 0.0477499
2.64849 0.0484713
2.64937 0.14935
2.64976 0.0497348
2.65007 0.150051
2.65039 0.0503714
2.65071 0.15069
2.65103 0.0510104
2.65116 0.0311446
2.65116 0.0311446
2.65116 0.0311446
2.65145 0.0314285
2.65145 0.031109
2.65145 0.031109
2.65208 0.0520533
2.65261 0.0525845
2.6543 0.0542786
2.65534 0.0553135
2.65566 0.055633
2.65666 0.0566392
2.65698 0.0569563
2.65857 0.0585511
2.65892 0.0589017
2.65956 0.0595322
2.66047 0.0604494
2.66085 0.0608244
2.66142 0.0613928
2.66233 0.0623032
2.66476 0.0647378
2.6657 0.0656794
2.6686 0.0685805
2.66995 0.0699265
2.6711 0.0311014
2.6711 0.0311014
2.6711 0.0311014
2.67142 0.0314164
2.67142 0.0310969
2.67142 0.0310969
2.67202 0.0719982
2.67436 0.0743395
2.67468 0.0746565
2.675 0.074976
2.67575 0.075731
2.67635 0.0763304
2.67779 0.0777697
2.67824 0.0782161
2.67824 0.0782136
2.67902 0.0789997
2.68199 0.081963
2.68311 0.0830912
2.68505 0.0850282
2.68568 0.0856587
2.68693 0.0869113
2.68756 0.0875443
2.68807 0.088048
2.68876 0.0887465
2.68921 0.0891847
2.69037 0.0903465
2.69112 0.0310978
2.69112 0.0310978
2.69112 0.0310978
2.6915 0.0914762
2.69182 0.0917957
2.69214 0.0921152
2.69214 0.0921152
2.69227 0.0322469
2.69227 0.0319274
2.69227 0.0319274
2.69259 0.0925631
2.69291 0.0928826
2.69767 0.09765
2.6984 0.0983738
2.69959 0.0995643
2.70106 0.101035
2.70424 0.104216
2.70474 0.104722
2.70771 0.107685
2.70921 0.109187
2.71111 0.0311056
2.71111 0.0311056
2.71111 0.0311056
2.71146 0.111439
2.71159 0.0315846
2.71159 0.0312651
2.71159 0.0312651
2.71402 0.114002
2.7163 0.116281
2.71796 0.117938
2.72332 0.123296
2.72681 0.126794
2.7313 0.0312763
2.73143 0.0310852
2.73143 0.0310852
2.73143 0.0310852
2.73175 0.131723
2.73187 0.0315331
2.73187 0.0312136
2.73187 0.0312136
2.73786 0.037833
2.73898 0.0389612
2.73964 0.139622
2.74021 0.0401912
2.74078 0.140759
2.74225 0.0422299
2.74326 0.0432337
2.74398 0.043957
2.74533 0.0453035
2.74565 0.045623
2.74628 0.0462647
2.7466 0.0465842
2.74735 0.147327
2.74776 0.0477519
2.74849 0.0484647
2.7494 0.149374
2.74975 0.0497369
2.75007 0.150044
2.75039 0.0503648
2.75071 0.150684
2.75103 0.0510038
2.75115 0.0311381
2.75115 0.0311381
2.75115 0.0311381
2.75144 0.031422
2.75144 0.0311025
2.75144 0.0311025
2.75207 0.0520467
2.75261 0.0525789
2.75429 0.054272
2.75533 0.0553069
2.75565 0.0556264
2.75665 0.0566413
2.75697 0.0569497
2.75857 0.0585445
2.75892 0.0588951
2.75955 0.0595256
2.76046 0.0604549
2.76087 0.0608489
2.76141 0.0613862
2.76232 0.0622967
2.76475 0.0647312
2.76569 0.0656728
2.7686 0.068574
2.76994 0.0699199
2.7711 0.0310948
2.7711 0.0310948
2.7711 0.0310948
2.77141 0.0314099
2.77141 0.0310904
2.77141 0.0310904
2.77201 0.0720003
2.77435 0.0743415
2.77467 0.0746499
2.77499 0.0749695
2.77575 0.0757244
2.77635 0.0763239
2.77779 0.0777631
2.77823 0.0782181
2.77823 0.078207
2.77902 0.0789931
2.78201 0.0819876
2.78311 0.0830847
2.78504 0.0850216
2.78571 0.0856832
2.78693 0.0869047
2.78756 0.0875464
2.78806 0.0880414
2.78876 0.0887399
2.7892 0.0891781
2.79036 0.0903485
2.79111 0.0310912
2.79111 0.0310912
2.79111 0.0310912
2.79149 0.0914696
2.79181 0.0917891
2.79213 0.0921086
2.79213 0.0921086
2.79226 0.0322403
2.79226 0.0319208
2.79226 0.0319208
2.79258 0.0925565
2.7929 0.092876
2.79767 0.0976434
2.79839 0.0983673
2.79961 0.0995888
2.80108 0.101059
2.80423 0.104209
2.80477 0.104746
2.8077 0.107679
2.8092 0.10918
2.8111 0.031099
2.8111 0.031099
2.8111 0.031099
2.81145 0.111432
2.81158 0.031578
2.81158 0.0312585
2.81158 0.0312585
2.81402 0.113995
2.8163 0.116274
2.81795 0.117931
2.82331 0.123289
2.82683 0.126818
2.83132 0.0313008
2.83145 0.0311097
2.83145 0.0311097
2.83145 0.0311097
2.83177 0.131748
2.8319 0.0315576
2.8319 0.0312381
2.8319 0.0312381
2.83785 0.0378264
2.83901 0.0389857
2.83964 0.139615
2.84021 0.0401846
2.84077 0.140752
2.84224 0.0422233
2.84325 0.0432271
2.84397 0.0439452
2.84535 0.045328
2.84567 0.0456475
2.84627 0.0462667
2.84659 0.0465862
2.84734 0.147321
2.84776 0.047754
2.84848 0.0484581
2.84939 0.149368
2.84974 0.049739
2.85006 0.150038
2.85038 0.0503582
2.8507 0.150677
2.85102 0.0509972
2.85115 0.0311315
2.85115 0.0311315
2.85115 0.0311315
2.85143 0.0314154
2.85143 0.0310959
2.85143 0.0310959
2.85206 0.0520401
2.85263 0.0526045
2.85429 0.0542654
2.85535 0.0553314
2.85567 0.0556509
2.85661 0.0566122
2.85693 0.056912
2.85856 0.0585379
2.85894 0.0589196
2.85957 0.0595502
2.86048 0.0604605
2.86086 0.0608423
2.8614 0.0613796
2.86231 0.0622901
2.86475 0.0647246
2.86569 0.0656662
2.86859 0.0685674
2.86997 0.0699444
2.87109 0.0310883
2.87109 0.0310883
2.87109 0.0310883
2.8714 0.0314033
2.8714 0.0310838
2.8714 0.0310838
2.872 0.0720023
2.87435 0.0743436
2.87466 0.0746434
2.87498 0.0749629
2.87574 0.0757178
2.87634 0.0763173
2.87778 0.0777565
2.87822 0.0782202
2.87822 0.0782005
2.87901 0.0789865
2.882 0.081981
2.8831 0.0830781
2.88504 0.085015
2.8857 0.0856766
2.88695 0.0869293
2.88755 0.0875484
2.88809 0.0880659
2.88875 0.0887333
2.88919 0.0891715
2.89035 0.0903506
2.8911 0.0310846
2.8911 0.0310846
2.8911 0.0310846
2.89148 0.091463
2.8918 0.0917825
2.89212 0.092102
2.89212 0.092102
2.89225 0.0322337
2.89225 0.0319142
2.89225 0.0319142
2.89257 0.0925499
2.89289 0.0928694
2.89766 0.0976368
2.89838 0.0983607
2.8996 0.0995822
2.90107 0.101053
2.90422 0.104203
2.90476 0.10474
2.90769 0.107672
2.90919 0.109173
2.9111 0.0310924
2.9111 0.0310924
2.9111 0.0310924
2.91148 0.111456
2.91161 0.0316025
2.91161 0.031283
2.91161 0.031283
2.91401 0.113988
2.91629 0.116267
2.91795 0.117924
2.92334 0.123314
2.92683 0.126812
2.93131 0.0312942
2.93144 0.0311031
2.93144 0.0311031
2.93144 0.0311031
2.93176 0.131741
2.93189 0.031551
2.93189 0.0312315
2.93189 0.0312315
2.93784 0.0378198
2.939 0.0389792
2.93963 0.139609
2.9402 0.040178
2.94077 0.140746
2.94224 0.0422167
2.94324 0.0432205
2.94396 0.0439646
2.94534 0.0453214
2.94566 0.0456409
2.94629 0.0462688
2.94661 0.0465883
2.94734 0.147314
2.94775 0.047725
2.94847 0.0484515
2.94938 0.149361
2.94976 0.049741
2.95008 0.150062
2.9504 0.0503828
2.95072 0.150701
2.95104 0.0510218
2.95117 0.031156
2.95117 0.031156
2.95117 0.031156
2.95142 0.0314088
2.95142 0.0310893
2.95142 0.0310893
2.95209 0.0520646
2.95262 0.052599
2.95431 0.0542899
2.95535 0.0553248
2.95566 0.0556443
2.95664 0.0566143
2.95696 0.0569365
2.95858 0.0585624
2.95893 0.058913
2.95956 0.0595436
2.96047 0.060466
2.96086 0.0608358
2.96139 0.061373
2.9623 0.0622835
2.96474 0.0647181
2.96571 0.0656908
2.96858 0.0685608
2.96996 0.0699378
2.97111 0.0311128
2.97111 0.0311128
2.97111 0.0311128
2.97143 0.0314278
2.97143 0.0311083
2.97143 0.0311083
2.97203 0.0720044
2.97437 0.0743456
2.97469 0.0746679
2.97501 0.0749874
2.97576 0.0757424
2.97636 0.0763418
2.97777 0.0777499
2.97825 0.078225
2.97825 0.0782222
2.979 0.0789799
2.98199 0.0819744
2.98312 0.0831026
2.98503 0.0850084
2.98569 0.0856701
2.98694 0.0869227
2.98754 0.0875194
2.98808 0.0880594
2.98877 0.0887578
2.98922 0.089196
2.99038 0.0903526
2.99113 0.0311091
2.99113 0.0311091
2.99113 0.0311091
2.99148 0.0914564
2.9918 0.0917759
2.99212 0.0920955
2.99212 0.0920955
2.99224 0.0322272
2.99224 0.0319077
2.99224 0.0319077
2.99256 0.0925433
2.99288 0.0928629
2.99765 0.0976302
2.99837 0.0983541
2.9996 0.0995756
3.00107 0.101046
3.00425 0.104232
3.00476 0.104738
3.00769 0.10767
3.00919 0.109171
3.01109 0.0310904
3.01109 0.0310904
3.01109 0.0310904
3.01147 0.111455
3.0116 0.0316005
3.0116 0.031281
3.0116 0.031281
3.01401 0.113986
3.01629 0.116265
3.01794 0.117922
3.02333 0.123312
3.02682 0.12681
3.03128 0.0312611
3.03141 0.03107
3.03141 0.03107
3.03141 0.03107
3.03173 0.131708
3.03186 0.0315179
3.03186 0.0311984
3.03186 0.0311984
3.03784 0.0378179
3.039 0.0389772
3.03963 0.139607
3.0402 0.0401761
3.0408 0.140775
3.04223 0.0422148
3.04324 0.0432186
3.04396 0.0439574
3.04534 0.0453195
3.04566 0.045639
3.04629 0.0462754
3.04661 0.0465949
3.04736 0.147343
3.04775 0.0477316
3.04847 0.0484496
3.04938 0.149359
3.04976 0.0497477
3.05008 0.15006
3.0504 0.0503808
3.05072 0.150699
3.05104 0.0510198
3.05117 0.031154
3.05117 0.031154
3.05117 0.031154
3.05142 0.0314068
3.05142 0.0310873
3.05142 0.0310873
3.05205 0.0520315
3.05262 0.052598
3.05431 0.0542879
3.05534 0.0553228
3.05566 0.0556424
3.05663 0.056621
3.05695 0.0569346
3.05855 0.0585293
3.0589 0.0588799
3.05956 0.0595416
3.0605 0.0604761
3.06085 0.0608338
3.06139 0.061371
3.0623 0.0622815
3.06474 0.0647161
3.06571 0.0656888
3.06858 0.0685588
3.06992 0.0699047
3.07111 0.0310797
3.07111 0.0310797
3.07111 0.0310797
3.07143 0.0313947
3.07143 0.0310752
3.07143 0.0310752
3.07202 0.072011
3.07433 0.0743212
3.07465 0.0746348
3.07497 0.0749543
3.07573 0.0757093
3.07636 0.0763398
3.07777 0.077748
3.07821 0.0781978
3.07853 0.0785114
3.07901 0.0789864
3.08197 0.0819498
3.0831 0.083078
3.08503 0.0850149
3.0857 0.0856765
3.08695 0.0869292
3.08755 0.0875345
3.08805 0.0880347
3.08875 0.0887332
3.08919 0.0891714
3.09038 0.0903678
3.0911 0.0310845
3.0911 0.0310845
3.0911 0.0310845
3.09148 0.0914629
3.0918 0.0917824
3.09212 0.0921019
3.09212 0.0921019
3.09225 0.0322337
3.09225 0.0319141
3.09225 0.0319141
3.09257 0.0925498
3.09289 0.0928693
3.09766 0.0976367
3.09838 0.0983606
3.0996 0.0995821
3.10107 0.101052
3.10422 0.104202
3.10476 0.10474
3.10769 0.107672
3.10922 0.109204
3.11109 0.0310923
3.11109 0.0310923
3.11109 0.0310923
3.11148 0.111456
3.1116 0.0316024
3.1116 0.0312829
3.1116 0.0312829
3.11401 0.113988
3.11629 0.116267
3.11794 0.117924
3.12333 0.123314
3.12683 0.126812
3.13128 0.031263
3.13141 0.0310719
3.13141 0.0310719
3.13141 0.0310719
3.13173 0.13171
3.13186 0.0315198
3.13186 0.0312003
3.13186 0.0312003
3.13784 0.0378198
3.139 0.0389791
3.13963 0.139609
3.1402 0.040178
3.14077 0.140745
3.14224 0.0422166
3.14324 0.0432204
3.14396 0.0439541
3.14534 0.0453213
3.14566 0.0456408
3.14629 0.046286
3.14661 0.0466055
3.14733 0.147314
3.14772 0.047711
3.14847 0.0484514
3.14938 0.149361
3.14973 0.0497271
3.15005 0.150031
3.15037 0.0503515
3.15069 0.15067
3.15101 0.0509906
3.15114 0.0311248
3.15114 0.0311248
3.15114 0.0311248
3.15142 0.0314087
3.15142 0.0310892
3.15142 0.0310892
3.15208 0.0520645
3.15262 0.0526009
3.15428 0.0542587
3.15531 0.0552936
3.15563 0.0556131
3.1566 0.0566004
3.15692 0.0569053
3.15855 0.0585312
3.1589 0.0588818
3.15953 0.0595124
3.16047 0.060459
3.16085 0.0608357
3.16139 0.0613729
3.16227 0.0622523
3.16477 0.0647491
3.16571 0.0656907
3.16858 0.0685607
3.16993 0.0699066
3.17111 0.0310816
3.17111 0.0310816
3.17111 0.0310816
3.17143 0.0313966
3.17143 0.0310771
3.17143 0.0310771
3.17203 0.0720216
3.17434 0.0743317
3.17466 0.0746367
3.17498 0.0749562
3.1757 0.07568
3.17633 0.0763106
3.17777 0.0777498
3.17821 0.0782083
3.17853 0.0785133
3.17901 0.0789883
3.18197 0.0819517
3.1831 0.0830799
3.18504 0.0850168
3.18567 0.0856473
3.18692 0.0869
3.18755 0.0875451
3.18806 0.0880366
3.18875 0.0887351
3.18916 0.0891422
3.19038 0.0903783
3.1911 0.0310864
3.1911 0.0310864
3.1911 0.0310864
3.19145 0.0914337
3.19177 0.0917532
3.19209 0.0920727
3.19241 0.0923922
3.19273 0.0927117
3.19305 0.0930312
3.19318 0.0331629
3.19318 0.0328434
3.19318 0.0328434
3.19767 0.0976471
3.19839 0.0983709
3.19958 0.0995613
3.20108 0.101063
3.20423 0.104213
3.20477 0.10475
3.2077 0.107682
3.2092 0.109184
3.21107 0.0310715
3.21107 0.0310715
3.21107 0.0310715
3.21149 0.111467
3.21161 0.0316128
3.21161 0.0312933
3.21161 0.0312933
3.21402 0.113999
3.21633 0.116309
3.21795 0.117935
3.22334 0.123324
3.2268 0.126791
3.23129 0.0312734
3.23142 0.0310823
3.23142 0.0310823
3.23142 0.0310823
3.23174 0.13172
3.23187 0.0315302
3.23187 0.0312107
3.23187 0.0312107
3.23782 0.037799
3.23901 0.0389894
3.23964 0.139619
3.24021 0.0401883
3.24077 0.140756
3.24225 0.042227
3.24322 0.0431997
3.24397 0.0439593
3.24532 0.0453006
3.24564 0.0456201
3.2463 0.0462738
3.24662 0.0465933
3.24734 0.147324
3.24776 0.04773
3.24848 0.0484618
3.24939 0.149371
3.24977 0.0497461
3.25009 0.150073
3.25041 0.050393
3.25073 0.150712
3.25105 0.051032
3.25118 0.0311662
3.25118 0.0311662
3.25118 0.0311662
3.25143 0.031419
3.25143 0.0310995
3.25143 0.0310995
3.25206 0.0520438
3.2526 0.0525873
3.25429 0.0542691
3.25532 0.055304
3.25564 0.0556235
3.25665 0.0566194
3.25696 0.0569468
3.25856 0.0585416
3.25891 0.0588922
3.25954 0.0595227
3.26048 0.0604815
3.26083 0.0608149
3.26137 0.0613521
3.26228 0.0622626
3.26475 0.0647283
3.26569 0.0656699
3.26859 0.068571
3.2699 0.0698859
3.27112 0.0310919
3.27112 0.0310919
3.27112 0.0310919
3.27144 0.0314069
3.27144 0.0310874
3.27144 0.0310874
3.27204 0.0720095
3.27435 0.0743196
3.27467 0.074647
3.27498 0.0749665
3.27571 0.0756904
3.27634 0.0763209
3.27778 0.0777602
3.27822 0.0781962
3.27854 0.0785236
3.27899 0.0789675
3.28198 0.081962
3.28308 0.0830591
3.28505 0.0850271
3.28568 0.0856577
3.28693 0.0869103
3.28756 0.0875329
3.28806 0.088047
3.28873 0.0887143
3.28917 0.0891526
3.29039 0.0903662
3.29111 0.0310968
3.29111 0.0310968
3.29111 0.0310968
3.29146 0.0914441
3.29178 0.0917636
3.2921 0.0920831
3.2921 0.0920831
3.29223 0.0322148
3.29223 0.0318953
3.29223 0.0318953
3.29255 0.092531
3.29287 0.0928505
3.29767 0.097649
3.29839 0.0983728
3.29958 0.0995632
3.30105 0.101034
3.3042 0.104184
3.30477 0.104752
3.3077 0.107684
3.3092 0.109186
3.31107 0.0310734
3.31107 0.0310734
3.31107 0.0310734
3.31149 0.111469
3.31162 0.0316146
3.31162 0.0312951
3.31162 0.0312951
3.31402 0.114
3.3163 0.11628
3.31795 0.117937
3.32334 0.123326
3.32681 0.126793
3.33129 0.0312753
3.33142 0.0310841
3.33142 0.0310841
3.33142 0.0310841
3.33174 0.131722
3.33187 0.031532
3.33187 0.0312125
3.33187 0.0312125
3.33782 0.0378009
3.33898 0.0389602
3.33964 0.139621
3.34021 0.0401902
3.34078 0.140758
3.34225 0.0422289
3.34322 0.0432016
3.34397 0.043956
3.34532 0.0453025
3.34564 0.045622
3.3463 0.0462844
3.34662 0.0466039
3.34734 0.147326
3.34776 0.0477406
3.34848 0.0484637
3.34939 0.149373
3.34974 0.0497255
3.35006 0.150043
3.35038 0.0503638
3.3507 0.150682
3.35102 0.0510028
3.35115 0.031137
3.35115 0.031137
3.35115 0.031137
3.3514 0.0313898
3.3514 0.0310703
3.3514 0.0310703
3.35206 0.0520456
3.3526 0.0525902
3.35429 0.054271
3.35532 0.0553059
3.35564 0.0556254
3.35662 0.0565988
3.35693 0.0569176
3.35856 0.0585434
3.35891 0.0588941
3.35954 0.0595246
3.36048 0.0604643
3.36083 0.0608168
3.36137 0.061354
3.36228 0.0622645
3.36475 0.0647302
3.36569 0.0656718
3.36859 0.0685729
3.3699 0.0698878
3.37112 0.0310938
3.37112 0.0310938
3.37112 0.0310938
3.37144 0.0314088
3.37144 0.0310893
3.37144 0.0310893
3.37204 0.07202
3.37435 0.0743301
3.37467 0.0746489
3.37499 0.0749684
3.37571 0.0756923
3.37634 0.0763228
3.37778 0.0777621
3.37822 0.0782067
3.37822 0.078206
3.37901 0.0789921
3.38197 0.0819554
3.3831 0.0830836
3.38504 0.0850205
3.38567 0.0856511
3.38692 0.0869037
3.38755 0.087535
3.38806 0.0880404
3.38875 0.0887389
3.38916 0.089146
3.39038 0.0903682
3.3911 0.0310902
3.3911 0.0310902
3.3911 0.0310902
3.39145 0.0914375
3.39177 0.091757
3.39209 0.0920765
3.39241 0.092396
3.39273 0.0927155
3.39305 0.093035
3.39318 0.0331667
3.39318 0.0328472
3.39318 0.0328472
3.39767 0.0976508
3.39839 0.0983747
3.39958 0.0995651
3.40105 0.101035
3.4042 0.104185
3.40477 0.104754
3.4077 0.107686
3.4092 0.109187
3.41111 0.0310753
3.41111 0.0310753
3.41111 0.0310753
3.41146 0.111439
3.41158 0.0315543
3.41158 0.0312348
3.41158 0.0312348
3.41402 0.114002
3.4163 0.116281
3.41796 0.117938
3.42335 0.123328
3.42681 0.126795
3.43129 0.0312771
3.43142 0.031086
3.43142 0.031086
3.43142 0.031086
3.43174 0.131724
3.43187 0.0315339
3.43187 0.0312144
3.43187 0.0312144
3.43782 0.0378028
3.43898 0.0389621
3.43964 0.139623
3.44021 0.0401921
3.44078 0.14076
3.44225 0.0422308
3.44322 0.0432035
3.44397 0.0439527
3.44532 0.0453044
3.44564 0.0456239
3.4463 0.0462949
3.44662 0.0466144
3.44735 0.147328
3.44773 0.04772
3.44845 0.0484345
3.44939 0.149375
3.44974 0.049736
3.45006 0.150045
3.45038 0.0503657
3.4507 0.150684
3.45102 0.0510047
3.45115 0.0311389
3.45115 0.0311389
3.45115 0.0311389
3.4514 0.0313917
3.4514 0.0310722
3.4514 0.0310722
3.45206 0.0520475
3.4526 0.0525931
3.45429 0.0542728
3.45532 0.0553077
3.45564 0.0556273
3.45662 0.0566093
3.45694 0.0569194
3.45856 0.0585453
3.45888 0.0588648
3.45954 0.0595265
3.46048 0.0604783
3.46084 0.0608187
3.46137 0.0613559
3.46228 0.0622664
3.46475 0.0647321
3.46569 0.0656737
3.46859 0.0685748
3.46991 0.0698896
3.47112 0.0310957
3.47112 0.0310957
3.47112 0.0310957
3.47144 0.0314107
3.47144 0.0310912
3.47144 0.0310912
3.47201 0.0719994
3.47435 0.0743407
3.47467 0.0746508
3.47499 0.0749703
3.47571 0.0756942
3.47634 0.0763247
3.47778 0.077764
3.47819 0.0781862
3.47851 0.0784963
3.47899 0.0789713
3.48198 0.0819658
3.48308 0.0830629
3.48505 0.0850309
3.48568 0.0856614
3.48693 0.0869141
3.48753 0.0875229
3.48807 0.0880507
3.48873 0.0887181
3.48917 0.0891563
3.49036 0.0903561
3.49111 0.0311005
3.49111 0.0311005
3.49111 0.0311005
3.49146 0.0914478
3.49178 0.0917673
3.4921 0.0920868
3.4921 0.0920868
3.49223 0.0322185
3.49223 0.031899
3.49223 0.031899
3.49255 0.0925347
3.49287 0.0928542
3.49767 0.0976527
3.49839 0.0983766
3.49958 0.099567
3.50105 0.101037
3.5042 0.104187
3.50477 0.104756
3.5077 0.107688
3.50921 0.109189
3.51111 0.0310772
3.51111 0.0310772
3.51111 0.0310772
3.51146 0.111441
3.51159 0.0315562
3.51159 0.0312367
3.51159 0.0312367
3.51402 0.114004
3.5163 0.116283
3.51796 0.11794
3.52335 0.12333
3.52681 0.126796
3.53129 0.031279
3.53142 0.0310879
3.53142 0.0310879
3.53142 0.0310879
3.53174 0.131726
3.53187 0.0315358
3.53187 0.0312163
3.53187 0.0312163
3.53782 0.0378046
3.53898 0.038964
3.53964 0.139625
3.54021 0.040194
3.54078 0.140761
3.54225 0.0422326
3.54322 0.0432053
3.54398 0.0439494
3.54532 0.0453062
3.54564 0.0456257
3.5463 0.0462743
3.54662 0.0465938
3.54735 0.14733
3.54776 0.0477305
3.54845 0.0484363
3.54939 0.149377
3.54978 0.0497466
3.55009 0.150078
3.55041 0.0503987
3.55073 0.150717
3.55105 0.0510377
3.55118 0.0311719
3.55118 0.0311719
3.55118 0.0311719
3.5514 0.0313936
3.5514 0.0310741
3.5514 0.0310741
3.55206 0.0520494
3.5526 0.052596
3.55429 0.0542747
3.55533 0.0553096
3.55564 0.0556291
3.55665 0.0566198
3.55697 0.0569524
3.55856 0.0585472
3.55888 0.0588667
3.55954 0.0595284
3.56049 0.0604612
3.56084 0.0608206
3.56137 0.0613578
3.56228 0.0622683
3.56475 0.064734
3.56569 0.0656755
3.56856 0.0685456
3.56991 0.0698915
3.57112 0.0310976
3.57112 0.0310976
3.57112 0.0310976
3.57144 0.0314126
3.57144 0.0310931
3.57144 0.0310931
3.57204 0.0720099
3.57435 0.0743201
3.57467 0.0746527
3.57499 0.0749722
3.57571 0.075696
3.57634 0.0763266
3.57775 0.0777347
3.57823 0.0781967
3.57823 0.0782098
3.57901 0.0789958
3.58197 0.0819592
3.58307 0.0830563
3.58504 0.0850243
3.58567 0.0856549
3.58692 0.0869075
3.58755 0.0875249
3.58806 0.0880442
3.58875 0.0887426
3.58917 0.0891497
3.59039 0.0903582
3.59111 0.0310939
3.59111 0.0310939
3.59111 0.0310939
3.59146 0.0914412
3.59178 0.0917607
3.5921 0.0920802
3.5921 0.0920802
3.59222 0.032212
3.59222 0.0318925
3.59222 0.0318925
3.59257 0.0925592
3.59289 0.0928788
3.59766 0.0976461
3.59839 0.09837
3.59958 0.0995604
3.60108 0.101062
3.60423 0.104212
3.60476 0.104749
3.6077 0.107681
3.6092 0.109183
3.6111 0.0310706
3.6111 0.0310706
3.6111 0.0310706
3.61148 0.111466
3.61161 0.0315807
3.61161 0.0312612
3.61161 0.0312612
3.61401 0.113998
3.61632 0.116308
3.61795 0.117934
3.62334 0.123323
3.6268 0.12679
3.63129 0.0312724
3.63142 0.0310813
3.63142 0.0310813
3.63142 0.0310813
3.63174 0.13172
3.63186 0.0315292
3.63186 0.0312097
3.63186 0.0312097
3.63781 0.0377981
3.639 0.0389885
3.63963 0.139618
3.6402 0.0401874
3.64077 0.140755
3.64224 0.0422261
3.64321 0.0431988
3.64397 0.0439376
3.64531 0.0452997
3.64563 0.0456192
3.6463 0.0462764
3.64662 0.0465959
3.64734 0.147323
3.64775 0.0477326
3.64848 0.0484609
3.64939 0.149371
3.64977 0.0497486
3.65009 0.150072
3.65041 0.0503921
3.65073 0.150711
3.65105 0.0510311
3.65117 0.0311653
3.65117 0.0311653
3.65117 0.0311653
3.65143 0.0314181
3.65143 0.0310986
3.65143 0.0310986
3.65206 0.0520428
3.65259 0.0525905
3.65428 0.0542681
3.65532 0.055303
3.65564 0.0556225
3.65661 0.0565908
3.65693 0.0569147
3.65856 0.0585406
3.65891 0.0588912
3.65954 0.0595218
3.66048 0.0604667
3.66083 0.060814
3.66137 0.0613512
3.66228 0.0622617
3.66474 0.0647274
3.66568 0.065669
3.66858 0.0685701
3.66993 0.069916
3.67112 0.031091
3.67112 0.031091
3.67112 0.031091
3.67143 0.031406
3.67143 0.0310865
3.67143 0.0310865
3.67203 0.072012
3.67434 0.0743221
3.67466 0.0746461
3.67498 0.0749656
3.6757 0.0756895
3.67633 0.07632
3.67777 0.0777593
3.67822 0.0781987
3.67854 0.0785227
3.67898 0.0789666
3.68198 0.0819611
3.68307 0.0830582
3.68504 0.0850262
3.68567 0.0856567
3.68692 0.0869094
3.68755 0.0875355
3.68806 0.088046
3.68875 0.0887445
3.68917 0.0891516
3.69039 0.0903687
3.69111 0.0310958
3.69111 0.0310958
3.69111 0.0310958
3.69146 0.0914431
3.69178 0.0917626
3.6921 0.0920821
3.6921 0.0920821
3.69223 0.0322138
3.69223 0.0318943
3.69223 0.0318943
3.69258 0.0925611
3.6929 0.0928806
3.69766 0.097648
3.69839 0.0983719
3.69958 0.0995623
3.70105 0.101033
3.70423 0.104214
3.70477 0.104751
3.7077 0.107683
3.7092 0.109185
3.7111 0.0310725
3.7111 0.0310725
3.7111 0.0310725
3.71148 0.111468
3.71161 0.0315826
3.71161 0.0312631
3.71161 0.0312631
3.71401 0.114
3.71629 0.116279
3.71795 0.117936
3.72334 0.123325
3.7268 0.126792
3.73129 0.0312743
3.73142 0.0310832
3.73142 0.0310832
3.73142 0.0310832
3.73174 0.131721
3.73186 0.0315311
3.73186 0.0312116
3.73186 0.0312116
3.73781 0.0377999
3.73897 0.0389593
3.73963 0.13962
3.7402 0.0401893
3.74077 0.140757
3.74224 0.0422279
3.74321 0.0432006
3.74394 0.0439343
3.74532 0.0453015
3.74563 0.045621
3.7463 0.0462869
3.74662 0.0466064
3.74734 0.147325
3.74772 0.047712
3.74848 0.0484627
3.74939 0.149372
3.74974 0.049728
3.75006 0.150043
3.75038 0.0503628
3.7507 0.150682
3.75102 0.0510019
3.75114 0.0311361
3.75114 0.0311361
3.75114 0.0311361
3.75143 0.03142
3.75143 0.0311005
3.75143 0.0311005
3.75206 0.0520447
3.7526 0.0525934
3.75428 0.05427
3.75532 0.0553049
3.75564 0.0556244
3.75661 0.0566013
3.75693 0.0569166
3.75856 0.0585425
3.75891 0.0588931
3.75954 0.0595237
3.76051 0.0604807
3.76083 0.0608159
3.76137 0.0613531
3.76228 0.0622636
3.76474 0.0647293
3.76568 0.0656708
3.76859 0.068572
3.7699 0.0698868
3.77112 0.0310929
3.77112 0.0310929
3.77112 0.0310929
3.77143 0.0314079
3.77143 0.0310884
3.77143 0.0310884
3.77203 0.0720225
3.77434 0.0743327
3.77466 0.074648
3.77498 0.0749675
3.77571 0.0756913
3.77634 0.0763219
3.77778 0.0777611
3.77822 0.0782093
3.77822 0.0782051
3.77901 0.0789911
3.78197 0.0819545
3.7831 0.0830827
3.78503 0.0850196
3.78566 0.0856502
3.78692 0.0869028
3.78755 0.0875375
3.78805 0.0880395
3.78875 0.0887379
3.78916 0.089145
3.79038 0.0903708
3.7911 0.0310892
3.7911 0.0310892
3.7911 0.0310892
3.79145 0.0914365
3.79177 0.091756
3.79209 0.0920755
3.79241 0.0923951
3.79273 0.0927146
3.79305 0.0930341
3.79318 0.0331658
3.79318 0.0328463
3.79318 0.0328463
3.79766 0.0976499
3.79839 0.0983738
3.79958 0.0995642
3.80105 0.101035
3.8042 0.104185
3.80477 0.104753
3.8077 0.107685
3.8092 0.109187
3.8111 0.0310744
3.8111 0.0310744
3.8111 0.0310744
3.81148 0.11147
3.81161 0.0315845
3.81161 0.031265
3.81161 0.031265
3.81402 0.114001
3.81629 0.116281
3.81795 0.117937
3.82334 0.123327
3.8268 0.126794
3.83129 0.0312762
3.83142 0.0310851
3.83142 0.0310851
3.83142 0.0310851
3.83174 0.131723
3.83187 0.031533
3.83187 0.0312135
3.83187 0.0312135
3.83781 0.0378018
3.83897 0.0389611
3.83964 0.139622
3.8402 0.0401911
3.84077 0.140759
3.84224 0.0422298
3.84322 0.0432025
3.84394 0.043931
3.84532 0.0453034
3.84564 0.0456229
3.8463 0.0462974
3.8463 0.0462974
3.84733 0.147319
3.84771 0.047714
3.84847 0.0484562
3.84938 0.149366
3.84973 0.0497301
3.85005 0.150036
3.85037 0.0503563
3.85069 0.150675
3.85101 0.0509953
3.85114 0.0311295
3.85114 0.0311295
3.85114 0.0311295
3.85142 0.0314134
3.85142 0.0310939
3.85142 0.0310939
3.85205 0.0520381
3.85259 0.0525879
3.85428 0.0542634
3.85531 0.0552983
3.85563 0.0556178
3.8566 0.0566034
3.85692 0.05691
3.85855 0.0585359
3.8589 0.0588865
3.85953 0.0595171
3.8605 0.0604862
3.86082 0.0608093
3.86139 0.0613776
3.86227 0.062257
3.86477 0.0647538
3.86571 0.0656954
3.86858 0.0685654
3.86992 0.0699113
3.87111 0.0310863
3.87111 0.0310863
3.87111 0.0310863
3.87143 0.0314013
3.87143 0.0310818
3.87143 0.0310818
3.87202 0.0720246
3.87434 0.0743347
3.87465 0.0746414
3.87497 0.0749609
3.8757 0.0756848
3.87633 0.0763153
3.87777 0.0777546
3.87821 0.0782113
3.87853 0.078518
3.87901 0.078993
3.88197 0.0819564
3.8831 0.0830846
3.88503 0.0850215
3.88567 0.085652
3.88692 0.0869047
3.88755 0.0875481
3.88805 0.0880413
3.88875 0.0887398
3.88916 0.0891469
3.89035 0.0903502
3.8911 0.0310911
3.8911 0.0310911
3.8911 0.0310911
3.89145 0.0914384
3.89177 0.0917579
3.89209 0.0920774
3.89209 0.0920774
3.89222 0.0322091
3.89222 0.0318896
3.89222 0.0318896
3.89257 0.0925564
3.89289 0.0928759
3.89766 0.0976433
3.89838 0.0983672
3.89957 0.0995576
3.90107 0.101059
3.90422 0.104209
3.90476 0.104746
3.90769 0.107679
3.90922 0.109211
3.91113 0.0310989
3.91113 0.0310989
3.91113 0.0310989
3.91148 0.111463
3.9116 0.0315779
3.9116 0.0312584
3.9116 0.0312584
3.91401 0.113995
3.91632 0.116305
3.91794 0.117931
3.92333 0.12332
3.92679 0.126787
3.93128 0.0312696
3.93141 0.0310785
3.93141 0.0310785
3.93141 0.0310785
3.93173 0.131717
3.93186 0.0315264
3.93186 0.0312069
3.93186 0.0312069
3.93781 0.0377952
3.939 0.0389857
3.93963 0.139615
3.9402 0.0401845
3.94077 0.140752
3.94224 0.0422232
3.94321 0.0431959
3.94396 0.0439504
3.94534 0.0453279
3.94566 0.0456474
3.94632 0.0462995
3.94632 0.0462995
3.94733 0.147312
3.94774 0.0477161
3.94846 0.0484496
3.9494 0.14939
3.94975 0.0497321
3.95007 0.15006
3.95039 0.0503808
3.95071 0.150699
3.95103 0.0510198
3.95116 0.031154
3.95116 0.031154
3.95116 0.031154
3.95141 0.0314068
3.95141 0.0310873
3.95141 0.0310873
3.95207 0.0520626
3.95264 0.0526134
3.95427 0.0542569
3.95534 0.0553229
3.95565 0.0556424
3.95663 0.0566054
3.95695 0.0569346
3.95857 0.0585604
3.95889 0.0588799
3.95952 0.0595105
3.96046 0.0604607
3.96085 0.0608338
3.96138 0.061371
3.96226 0.0622504
3.96476 0.0647472
3.9657 0.0656888
3.96857 0.0685588
3.96992 0.0699048
3.9711 0.0310797
3.9711 0.0310797
3.9711 0.0310797
3.97142 0.0313947
3.97142 0.0310752
3.97142 0.0310752
3.97202 0.0719955
3.97436 0.0743368
3.97468 0.0746659
3.975 0.0749854
3.97572 0.0757093
3.97635 0.0763398
3.97776 0.077748
3.9782 0.0781823
3.97852 0.0785114
3.979 0.0789864
3.98196 0.0819498
3.98309 0.083078
3.98503 0.0850149
3.98569 0.0856766
3.98691 0.0868981
3.98754 0.087519
3.98805 0.0880348
3.98874 0.0887332
3.98915 0.0891403
3.99037 0.0903522
3.99109 0.0310845
3.99109 0.0310845
3.99109 0.0310845
3.99144 0.0914318
3.99176 0.0917513
3.99208 0.0920708
3.9924 0.0923904
3.99272 0.0927099
3.99304 0.0930294
3.99317 0.0331611
3.99317 0.0328416
3.99317 0.0328416
3.99766 0.0976452
3.99838 0.0983691
3.99957 0.0995595
4.00107 0.101061
4.00422 0.104211
4.00477 0.104753
4.0077 0.107685
4.0092 0.109187
4.01113 0.0311055
4.01113 0.0311055
4.01113 0.0311055
4.01148 0.11147
4.01161 0.0315845
4.01161 0.031265
4.01161 0.031265
4.01398 0.11397
4.01632 0.116312
4.01795 0.117937
4.02334 0.123327
4.0268 0.126794
4.03129 0.0312762
4.03142 0.0310851
4.03142 0.0310851
4.03142 0.0310851
4.03174 0.131723
4.03186 0.031533
4.03186 0.0312135
4.03186 0.0312135
4.03781 0.0378018
4.039 0.0389923
4.03963 0.139622
4.0402 0.0401911
4.04077 0.140759
4.04221 0.0421987
4.04321 0.0432025
4.04397 0.0439518
4.04531 0.0453034
4.04563 0.0456229
4.0463 0.0462836
4.04662 0.0466031
4.04734 0.147327
4.04772 0.0477087
4.04845 0.0484335
4.04939 0.149374
4.04974 0.0497248
4.05006 0.150044
4.05038 0.0503647
4.0507 0.150683
4.05102 0.0510038
4.05114 0.031138
4.05114 0.031138
4.05114 0.031138
4.0514 0.0313908
4.0514 0.0310713
4.0514 0.0310713
4.05206 0.0520466
4.05263 0.0525984
4.05428 0.0542719
4.05532 0.0553068
4.05564 0.0556263
4.05661 0.056598
4.05693 0.0569185
4.05856 0.0585444
4.05888 0.0588639
4.05954 0.0595256
4.06051 0.0604878
4.06083 0.0608178
4.06137 0.061355
4.06228 0.0622655
4.06474 0.0647312
4.06568 0.0656727
4.06859 0.0685739
4.0699 0.0698887
4.07109 0.0310637
4.07109 0.0310637
4.07109 0.0310637
4.0714 0.0313787
4.0714 0.0310592
4.0714 0.0310592
4.07203 0.0720192
4.07434 0.0743294
4.07466 0.0746499
4.07498 0.0749694
4.0757 0.0756932
4.07634 0.0763238
4.07774 0.0777319
4.07819 0.0781749
4.07851 0.0784954
4.07898 0.0789704
4.08195 0.0819337
4.08307 0.083062
4.08504 0.08503
4.08567 0.0856605
4.08692 0.0869131
4.08756 0.0875427
4.08803 0.0880187
4.08872 0.0887172
4.08914 0.0891243
4.09036 0.0903448
4.09108 0.0310685
4.09108 0.0310685
4.09108 0.0310685
4.09146 0.0914469
4.09178 0.0917664
4.0921 0.0920859
4.0921 0.0920859
4.09223 0.0322176
4.09223 0.0318981
4.09223 0.0318981
4.09255 0.0925338
4.09286 0.0928533
4.09766 0.0976518
4.09839 0.0983757
4.09958 0.0995661
4.10105 0.101036
4.1042 0.104186
4.10477 0.104755
4.1077 0.107687
4.1092 0.109188
4.1111 0.0310763
4.1111 0.0310763
4.1111 0.0310763
4.11145 0.11144
4.11158 0.0315553
4.11158 0.0312358
4.11158 0.0312358
4.11401 0.114003
4.11629 0.116282
4.11795 0.117939
4.12334 0.123329
4.1268 0.126796
4.13129 0.0312781
4.13142 0.031087
4.13142 0.031087
4.13142 0.031087
4.13174 0.131725
4.13187 0.0315349
4.13187 0.0312154
4.13187 0.0312154
4.13781 0.0378037
4.13897 0.038963
4.13964 0.139624
4.1402 0.040193
4.14077 0.140761
4.14221 0.0422006
4.14322 0.0432044
4.14397 0.0439485
4.14532 0.0453053
4.14564 0.0456248
4.1463 0.0462941
4.1463 0.0462941
4.14733 0.147321
4.14771 0.0477108
4.14844 0.0484269
4.14938 0.149368
4.14973 0.0497268
4.15005 0.150038
4.15037 0.0503582
4.15069 0.150677
4.15101 0.0509972
4.15114 0.0311314
4.15114 0.0311314
4.15114 0.0311314
4.15139 0.0313842
4.15139 0.0310647
4.15139 0.0310647
4.15205 0.05204
4.15265 0.052624
4.15424 0.0542342
4.15531 0.0553002
4.15563 0.0556197
4.15657 0.056569
4.15689 0.0568808
4.15855 0.0585378
4.15887 0.0588573
4.15953 0.059519
4.1605 0.0604934
4.16082 0.0608112
4.16136 0.0613484
4.16224 0.0622278
4.16477 0.0647557
4.16571 0.0656973
4.16855 0.0685362
4.16989 0.0698821
4.17111 0.0310882
4.17111 0.0310882
4.17111 0.0310882
4.17142 0.0314032
4.17142 0.0310837
4.17142 0.0310837
4.17202 0.0720213
4.1743 0.0743003
4.17462 0.0746122
4.17494 0.0749317
4.17567 0.0756556
4.17633 0.0763172
4.17774 0.0777254
4.17818 0.0781769
4.1785 0.0784888
4.17897 0.0789638
4.18194 0.0819272
4.18307 0.0830554
4.18503 0.0850234
4.18566 0.0856539
4.18692 0.0869066
4.18755 0.0875448
4.18802 0.0880121
4.18872 0.0887106
4.18913 0.0891177
4.19038 0.090378
4.19107 0.0310619
4.19107 0.0310619
4.19107 0.0310619
4.19145 0.0914403
4.19177 0.0917598
4.19209 0.0920793
4.19209 0.0920793
4.19222 0.032211
4.19222 0.0318915
4.19222 0.0318915
4.19257 0.0925583
4.19289 0.0928778
4.19766 0.0976452
4.19838 0.0983691
4.19957 0.0995595
4.20107 0.101061
4.20419 0.10418
4.20479 0.104779
4.20772 0.107712
4.20922 0.109213
4.21109 0.0310697
4.21109 0.0310697
4.21109 0.0310697
4.21148 0.111465
4.2116 0.0315798
4.2116 0.0312603
4.2116 0.0312603
4.21404 0.114028
4.21632 0.116307
4.21794 0.117933
4.22336 0.123353
4.22679 0.126789
4.23128 0.0312715
4.23141 0.0310804
4.23141 0.0310804
4.23141 0.0310804
4.23173 0.131719
4.23186 0.0315283
4.23186 0.0312088
4.23186 0.0312088
4.23781 0.0377971
4.23897 0.0389565
4.23963 0.139617
4.2402 0.0401864
4.24076 0.140754
4.2422 0.042194
4.24321 0.0431978
4.24396 0.0439367
4.24534 0.0453298
4.24566 0.0456493
4.24632 0.0462962
4.24632 0.0462962
4.24732 0.147314
4.24774 0.0477128
4.24843 0.0484204
4.24937 0.149361
4.24975 0.0497289
4.25007 0.150062
4.25039 0.0503827
4.25071 0.150701
4.25103 0.0510217
4.25116 0.0311559
4.25116 0.0311559
4.25116 0.0311559
4.25138 0.0313776
4.25138 0.0310581
4.25138 0.0310581
4.25207 0.0520645
4.25264 0.0526245
4.25427 0.0542588
4.2553 0.0552937
4.25562 0.0556132
4.2566 0.0565711
4.25692 0.0569054
4.25854 0.0585312
4.25886 0.0588507
4.25952 0.0595124
4.26049 0.0604678
4.26081 0.0608046
4.26138 0.0613729
4.26226 0.0622523
4.26476 0.0647491
4.2657 0.0656907
4.26857 0.0685607
4.26989 0.0698756
4.2711 0.0310816
4.2711 0.0310816
4.2711 0.0310816
4.27142 0.0313966
4.27142 0.0310771
4.27142 0.0310771
4.27205 0.0720233
4.27433 0.0743024
4.27465 0.0746367
4.27497 0.0749562
4.27566 0.075649
4.27632 0.0763106
4.27773 0.0777188
4.2782 0.078179
4.27852 0.0785133
4.279 0.0789883
4.28196 0.0819517
4.28306 0.0830488
4.28503 0.0850168
4.28566 0.0856473
4.28691 0.0869
4.28757 0.0875468
4.28805 0.0880367
4.28871 0.088704
4.28912 0.0891111
4.29037 0.090349
4.29109 0.0310864
4.29109 0.0310864
4.29109 0.0310864
4.29144 0.0914337
4.29176 0.0917532
4.29208 0.0920727
4.29208 0.0920727
4.29221 0.0322045
4.29221 0.0318849
4.29221 0.0318849
4.29256 0.0925517
4.29288 0.0928713
4.29765 0.0976386
4.29837 0.0983625
4.29956 0.0995529
4.30106 0.101054
4.30418 0.104173
4.30478 0.104773
4.30771 0.107705
4.30922 0.109206
4.31109 0.0310631
4.31109 0.0310631
4.31109 0.0310631
4.31147 0.111458
4.3116 0.0315732
4.3116 0.0312537
4.3116 0.0312537
4.31403 0.114021
4.31631 0.1163
4.31797 0.117957
4.32336 0.123347
4.32682 0.126813
4.33127 0.0312649
4.3314 0.0310738
4.3314 0.0310738
4.3314 0.0310738
4.33172 0.131712
4.33185 0.0315217
4.33185 0.0312022
4.33185 0.0312022
4.3378 0.0377906
4.33899 0.038981
4.33962 0.139611
4.34019 0.0401799
4.34076 0.140747
4.34223 0.0422186
4.3432 0.0431912
4.34396 0.043925
4.34533 0.0453233
4.34565 0.0456428
4.34631 0.0462983
4.34631 0.0462983
4.34732 0.147307
4.34773 0.0477149
4.34845 0.0484449
4.34936 0.149355
4.34975 0.0497309
4.35007 0.150056
4.35039 0.0503761
4.3507 0.150695
4.35102 0.0510151
4.35115 0.0311493
4.35115 0.0311493
4.35115 0.0311493
4.35141 0.0314021
4.35141 0.0310826
4.35141 0.0310826
4.35207 0.052058
4.35264 0.052621
4.35426 0.0542522
4.3553 0.0552871
4.35562 0.0556066
4.35659 0.0565731
4.35691 0.0568988
4.35856 0.0585558
4.35888 0.0588753
4.35951 0.0595058
4.36049 0.0604733
4.36081 0.060798
4.36138 0.0613663
4.36225 0.0622457
4.36478 0.0647736
4.36569 0.0656841
4.36856 0.0685541
4.36988 0.069869
4.3711 0.031075
4.3711 0.031075
4.3711 0.031075
4.37141 0.03139
4.37141 0.0310705
4.37141 0.0310705
4.37201 0.0719943
4.37432 0.0743045
4.37464 0.0746301
4.37496 0.0749496
4.37568 0.0756735
4.37634 0.0763351
4.37775 0.0777433
4.3782 0.0781811
4.37852 0.0785067
4.37899 0.0789817
4.38195 0.0819451
4.38305 0.0830422
4.38502 0.0850102
4.38565 0.0856408
4.38693 0.0869245
4.38756 0.0875489
4.38804 0.0880301
4.3887 0.0886974
4.38911 0.0891045
4.39037 0.090351
4.39109 0.0310799
4.39109 0.0310799
4.39109 0.0310799
4.39144 0.0914271
4.39176 0.0917467
4.39208 0.0920662
4.39239 0.0923857
4.39271 0.0927052
4.39303 0.0930247
4.39316 0.0331564
4.39316 0.0328369
4.39316 0.0328369
4.39765 0.0976405
4.39837 0.0983644
4.39956 0.0995548
4.40107 0.101056
4.40418 0.104175
4.40478 0.104775
4.40772 0.107707
4.40922 0.109208
4.41109 0.031065
4.41109 0.031065
4.41109 0.031065
4.41147 0.11146
4.4116 0.0315751
4.4116 0.0312556
4.4116 0.0312556
4.41403 0.114023
4.41634 0.116333
4.41797 0.117959
4.42336 0.123349
4.42679 0.126784
4.43128 0.0312668
4.4314 0.0310757
4.4314 0.0310757
4.4314 0.0310757
4.43172 0.131714
4.43185 0.0315236
4.43185 0.0312041
4.43185 0.0312041
4.4378 0.0377924
4.43899 0.0389829
4.43962 0.139613
4.44019 0.0401817
4.44076 0.140749
4.44223 0.0422204
4.4432 0.0431931
4.44396 0.0439528
4.44533 0.0453251
4.44565 0.0456446
4.44628 0.0462777
4.4466 0.0465972
4.44733 0.147318
4.44771 0.0477028
4.44843 0.0484241
4.44937 0.149365
4.44972 0.0497188
4.45004 0.150035
4.45036 0.0503553
4.45068 0.150674
4.451 0.0509944
4.45113 0.0311286
4.45113 0.0311286
4.45113 0.0311286
4.45138 0.0313814
4.45138 0.0310619
4.45138 0.0310619
4.45205 0.0520372
4.45261 0.0526013
4.45424 0.0542314
4.45531 0.0552974
4.45563 0.0556169
4.4566 0.0565921
4.45692 0.0569091
4.45854 0.058535
4.45886 0.0588545
4.45952 0.0595162
4.4605 0.0604958
4.46082 0.0608084
4.46138 0.0613767
4.46223 0.062225
4.46476 0.0647529
4.4657 0.0656944
4.46857 0.0685645
4.46989 0.0698793
4.4711 0.0310854
4.4711 0.0310854
4.4711 0.0310854
4.47142 0.0314004
4.47142 0.0310809
4.47142 0.0310809
4.47202 0.0720133
4.47433 0.0743235
4.47465 0.0746405
4.47497 0.07496
4.47566 0.0756527
4.47632 0.0763144
4.47773 0.0777225
4.47817 0.0781689
4.47849 0.078486
4.47897 0.078961
4.48193 0.0819243
4.48306 0.0830525
4.48503 0.0850206
4.48566 0.0856511
4.48691 0.0869037
4.48754 0.0875368
4.48802 0.0880093
4.48871 0.0887078
4.48912 0.0891149
4.49038 0.09037
4.49106 0.0310591
4.49106 0.0310591
4.49106 0.0310591
4.49145 0.0914375
4.49177 0.091757
4.49208 0.0920765
4.49208 0.0920765
4.49221 0.0322082
4.49221 0.0318887
4.49221 0.0318887
4.49256 0.0925555
4.49288 0.092875
4.49765 0.0976424
4.49837 0.0983663
4.49956 0.0995567
4.50107 0.101058
4.50419 0.104177
4.50478 0.104776
4.50772 0.107709
4.50922 0.10921
4.51109 0.0310669
4.51109 0.0310669
4.51109 0.0310669
4.51147 0.111462
4.5116 0.031577
4.5116 0.0312575
4.5116 0.0312575
4.51403 0.114025
4.51631 0.116304
4.51797 0.117961
4.52336 0.123351
4.52679 0.126786
4.53128 0.0312687
4.5314 0.0310776
4.5314 0.0310776
4.5314 0.0310776
4.53172 0.131716
4.53185 0.0315255
4.53185 0.031206
4.53185 0.031206
4.5378 0.0377943
4.53899 0.0389847
4.53962 0.139614
4.54019 0.0401836
4.54076 0.140751
4.54223 0.0422223
4.5432 0.043195
4.54396 0.0439495
4.54533 0.045327
4.54565 0.0456465
4.54632 0.0462882
4.54632 0.0462882
4.54732 0.147311
4.54773 0.0477048
4.54846 0.0484486
4.54937 0.149358
4.54975 0.0497209
4.55007 0.15006
4.55039 0.0503799
4.55071 0.150699
4.55103 0.0510189
4.55115 0.0311531
4.55115 0.0311531
4.55115 0.0311531
4.55141 0.0314059
4.55141 0.0310864
4.55141 0.0310864
4.55207 0.0520617
4.55264 0.0526268
4.55426 0.0542559
4.5553 0.0552908
4.55562 0.0556103
4.55662 0.0565942
4.55694 0.0569336
4.55854 0.0585284
4.55886 0.0588479
4.55952 0.0595096
4.56049 0.0604702
4.56081 0.0608018
4.56138 0.0613701
4.56226 0.0622495
4.56475 0.0647463
4.5657 0.0656879
4.56857 0.0685579
4.56988 0.0698727
4.5711 0.0310788
4.5711 0.0310788
4.5711 0.0310788
4.57141 0.0313938
4.57141 0.0310743
4.57141 0.0310743
4.57204 0.0720153
4.57432 0.0742944
4.57464 0.0746339
4.57496 0.0749534
4.57568 0.0756773
4.57632 0.0763078
4.57775 0.0777471
4.5782 0.078171
4.57852 0.0785105
4.57899 0.0789855
4.58196 0.0819489
4.58305 0.083046
4.58502 0.085014
4.58565 0.0856445
4.5869 0.0868972
4.58757 0.0875388
4.58804 0.0880338
4.5887 0.0887012
4.58912 0.0891083
4.5904 0.0903721
4.59109 0.0310836
4.59109 0.0310836
4.59109 0.0310836
4.59144 0.0914309
4.59176 0.0917504
4.59208 0.0920699
4.59208 0.0920699
4.59221 0.0322016
4.59221 0.0318821
4.59221 0.0318821
4.59256 0.0925489
4.59288 0.0928684
4.59764 0.0976358
4.59837 0.0983597
4.59959 0.0995812
4.60106 0.101052
4.60418 0.10417
4.60478 0.10477
4.60771 0.107702
4.60921 0.109204
4.61108 0.0310603
4.61108 0.0310603
4.61108 0.0310603
4.61146 0.111455
4.61159 0.0315704
4.61159 0.0312509
4.61159 0.0312509
4.61403 0.114018
4.61634 0.116329
4.61796 0.117954
4.62335 0.123344
4.62681 0.126811
4.63127 0.0312621
4.6314 0.031071
4.6314 0.031071
4.6314 0.031071
4.63172 0.131709
4.63185 0.0315189
4.63185 0.0311994
4.63185 0.0311994
4.63779 0.0377877
4.63898 0.0389782
4.63962 0.139608
4.64018 0.040177
4.64075 0.140745
4.64222 0.0422157
4.6432 0.0431884
4.64395 0.0439377
4.64533 0.0453204
4.64565 0.0456399
4.64631 0.0462903
4.64631 0.0462903
4.64734 0.147336
4.64772 0.0477069
4.64845 0.0484421
4.64939 0.149383
4.64974 0.0497229
4.65006 0.150053
4.65038 0.0503733
4.6507 0.150692
4.65102 0.0510123
4.65115 0.0311465
4.65115 0.0311465
4.65115 0.0311465
4.6514 0.0313993
4.6514 0.0310798
4.6514 0.0310798
4.65206 0.0520551
4.65263 0.0526213
4.65426 0.0542494
4.65532 0.0553154
4.65564 0.0556349
4.65661 0.0565962
4.65693 0.0569271
4.65856 0.0585529
4.65888 0.0588724
4.65951 0.059503
4.66048 0.0604757
4.6608 0.0607952
4.66137 0.0613635
4.66225 0.0622429
4.66478 0.0647708
4.66569 0.0656813
4.66856 0.0685513
4.66987 0.0698661
4.67109 0.0310722
4.67109 0.0310722
4.67109 0.0310722
4.6714 0.0313872
4.6714 0.0310677
4.6714 0.0310677
4.67204 0.0720174
4.67431 0.0742965
4.67463 0.0746273
4.67495 0.0749468
4.67568 0.0756707
4.67634 0.0763323
4.67775 0.0777405
4.67819 0.0781731
4.67851 0.0785039
4.67899 0.0789789
4.68195 0.0819423
4.68305 0.0830394
4.68501 0.0850074
4.68564 0.0856379
4.68693 0.0869217
4.68756 0.0875409
4.68803 0.0880273
4.68873 0.0887257
4.68911 0.0891017
4.69039 0.0903741
4.69108 0.031077
4.69108 0.031077
4.69108 0.031077
4.69143 0.0914243
4.69175 0.0917438
4.69207 0.0920633
4.69239 0.0923828
4.69271 0.0927024
4.69303 0.0930219
4.69316 0.0331536
4.69316 0.0328341
4.69316 0.0328341
4.69764 0.0976377
4.69837 0.0983616
4.69959 0.0995831
4.70106 0.101053
4.70418 0.104172
4.70478 0.104772
4.70771 0.107704
4.70921 0.109205
4.71108 0.0310622
4.71108 0.0310622
4.71108 0.0310622
4.71146 0.111457
4.71159 0.0315723
4.71159 0.0312528
4.71159 0.0312528
4.71403 0.11402
4.71634 0.116331
4.71796 0.117956
4.72335 0.123346
4.72681 0.126813
4.73127 0.031264
4.7314 0.0310729
4.7314 0.0310729
4.7314 0.0310729
4.73172 0.131711
4.73185 0.0315208
4.73185 0.0312013
4.73185 0.0312013
4.7378 0.0377896
4.73899 0.03898
4.73962 0.13961
4.74018 0.0401789
4.74075 0.140746
4.74222 0.0422176
4.7432 0.0431903
4.74395 0.0439344
4.74533 0.0453223
4.74565 0.0456418
4.74631 0.0463008
4.74631 0.0463008
4.74731 0.147306
4.74773 0.0477174
4.74845 0.0484439
4.74936 0.149354
4.74974 0.0497335
4.75006 0.150055
4.75038 0.0503752
4.7507 0.150694
4.75102 0.0510142
4.75115 0.0311173
4.75115 0.0311173
4.75115 0.0311173
4.75143 0.0314012
4.75143 0.0310817
4.75143 0.0310817
4.75206 0.052057
4.75263 0.0526242
4.75426 0.0542512
4.75529 0.0552861
4.75561 0.0556056
4.75658 0.0565756
4.7569 0.0568978
4.75856 0.0585548
4.75888 0.0588743
4.75951 0.0595049
4.76051 0.0604897
4.76083 0.0608282
4.76137 0.0613654
4.76225 0.0622448
4.76478 0.0647727
4.76569 0.0656832
4.76856 0.0685532
4.76987 0.069868
4.77109 0.0310741
4.77109 0.0310741
4.77109 0.0310741
4.77141 0.0313891
4.77141 0.0310696
4.77141 0.0310696
4.77201 0.0719968
4.77432 0.074307
4.77463 0.0746292
4.77495 0.0749487
4.77568 0.0756726
4.77634 0.0763342
4.77775 0.0777424
4.77819 0.0781836
4.77851 0.0785058
4.77899 0.0789808
4.78195 0.0819442
4.78305 0.0830413
4.78502 0.0850093
4.78565 0.0856398
4.78693 0.0869236
4.78753 0.0875203
4.78803 0.0880291
4.78873 0.0887276
4.78911 0.0891036
4.79036 0.0903535
4.79108 0.0310789
4.79108 0.0310789
4.79108 0.0310789
4.79143 0.0914262
4.79175 0.0917457
4.79207 0.0920652
4.79239 0.0923847
4.79271 0.0927042
4.79303 0.0930237
4.79316 0.0331555
4.79316 0.032836
4.79316 0.032836
4.79765 0.0976396
4.79837 0.0983634
4.79956 0.0995539
4.80106 0.101055
4.80418 0.104174
4.80478 0.104774
4.80771 0.107706
4.80921 0.109207
4.81108 0.0310641
4.81108 0.0310641
4.81108 0.0310641
4.81147 0.111459
4.81159 0.0315742
4.81159 0.0312547
4.81159 0.0312547
4.81403 0.114022
4.81634 0.116332
4.81796 0.117958
4.82335 0.123348
4.82678 0.126783
4.83127 0.0312659
4.8314 0.0310748
4.8314 0.0310748
4.8314 0.0310748
4.83172 0.131713
4.83185 0.0315227
4.83185 0.0312032
4.83185 0.0312032
4.8378 0.0377915
4.83899 0.0389819
4.83962 0.139612
4.84019 0.0401808
4.84075 0.140748
4.84222 0.0422195
4.8432 0.0431922
4.84395 0.0439311
4.84533 0.0453242
4.84565 0.0456437
4.84631 0.0462802
4.84663 0.0465997
4.84732 0.147317
4.84774 0.0477053
4.84843 0.0484232
4.84937 0.149364
4.84975 0.0497213
4.85007 0.150065
4.85039 0.0503855
4.85071 0.150704
4.85103 0.0510245
4.85116 0.0311276
4.85116 0.0311276
4.85116 0.0311276
4.85141 0.0313804
4.85141 0.0310609
4.85141 0.0310609
4.85204 0.0520363
4.85261 0.0526045
4.85424 0.0542305
4.8553 0.0552965
4.85562 0.055616
4.85662 0.0565946
4.85694 0.0569393
4.85854 0.0585341
4.85886 0.0588536
4.85952 0.0595152
4.86049 0.060481
4.86081 0.0608074
4.86138 0.0613758
4.86223 0.062224
4.86476 0.0647519
4.8657 0.0656935
4.86857 0.0685635
4.86988 0.0698784
4.8711 0.0310844
4.8711 0.0310844
4.8711 0.0310844
4.87142 0.0313995
4.87142 0.0310799
4.87142 0.0310799
4.87205 0.0720158
4.87432 0.0742949
4.87464 0.0746395
4.87496 0.074959
4.87566 0.0756518
4.87632 0.0763135
4.87773 0.0777216
4.8782 0.0781715
4.87852 0.0785161
4.87897 0.0789601
4.88193 0.0819234
4.88306 0.0830516
4.88502 0.0850196
4.88566 0.0856502
4.88691 0.0869028
4.88757 0.0875393
4.88801 0.0880084
4.88874 0.0887068
4.88912 0.089114
4.8904 0.0903725
4.89106 0.0310582
4.89106 0.0310582
4.89106 0.0310582
4.89144 0.0914366
4.89176 0.0917561
4.89208 0.0920756
4.89208 0.0920756
4.89221 0.0322073
4.89221 0.0318878
4.89221 0.0318878
4.89256 0.0925546
4.89288 0.0928741
4.89765 0.0976415
4.89837 0.0983653
4.89956 0.0995557
4.90106 0.101057
4.90418 0.104176
4.90478 0.104776
4.90771 0.107708
4.90921 0.109209
4.91108 0.0310659
4.91108 0.0310659
4.91108 0.0310659
4.91147 0.111461
4.91159 0.031576
4.91159 0.0312565
4.91159 0.0312565
4.91403 0.114024
4.91631 0.116303
4.91797 0.11796
4.92335 0.12335
4.92682 0.126785
4.93127 0.0312678
4.9314 0.0310767
4.9314 0.0310767
4.9314 0.0310767
4.93172 0.131715
4.93185 0.0315245
4.93185 0.031205
4.93185 0.031205
4.9378 0.0377934
4.93899 0.0389838
4.93962 0.139614
4.94019 0.0401827
4.94076 0.14075
4.94223 0.0422214
4.9432 0.0431941
4.94395 0.0439278
4.94533 0.0453261
4.94565 0.0456456
4.94631 0.0462907
4.94631 0.0462907
4.94732 0.14731
4.94773 0.0477073
4.94845 0.0484477
4.94936 0.149357
4.94974 0.0497234
4.95006 0.150059
4.95038 0.0503789
4.9507 0.150698
4.95102 0.0510179
4.95115 0.0311211
4.95115 0.0311211
4.95115 0.0311211
4.95143 0.031405
4.95143 0.0310855
4.95143 0.0310855
4.95206 0.0520608
4.9526 0.052599
4.95426 0.054255
4.95529 0.0552899
4.95561 0.0556094
4.95659 0.0565656
4.95691 0.0569016
4.95853 0.0585275
4.95885 0.058847
4.95951 0.0595086
4.96052 0.0604866
4.96084 0.0608319
4.96137 0.0613692
4.96225 0.0622486
4.96475 0.0647453
4.96569 0.0656869
4.96856 0.068557
4.96988 0.0698718
4.97109 0.0310779
4.97109 0.0310779
4.97109 0.0310779
4.97141 0.0313929
4.97141 0.0310734
4.97141 0.0310734
4.97204 0.0720179
4.97432 0.0742969
4.97464 0.074633
4.97496 0.0749525
4.97568 0.0756763
4.97631 0.0763069
4.97775 0.0777461
4.97819 0.0781735
4.97851 0.0785095
4.97899 0.0789846
4.98195 0.0819479
4.98305 0.083045
4.98502 0.085013
4.98565 0.0856436
4.9869 0.0868962
4.98756 0.0875414
4.98804 0.0880329
4.98873 0.0887003
4.98911 0.0891074
4.9904 0.0903746
4.99108 0.0310827
4.99108 0.0310827
4.99108 0.0310827
4.99143 0.09143
4.99175 0.0917495
4.99207 0.092069
4.99207 0.092069
4.9922 0.0322007
4.9922 0.0318812
4.9922 0.0318812
4.99255 0.092548
4.99287 0.0928675
4.99767 0.097666
4.99836 0.0983587
4.99958 0.0995803
5.00105 0.101051
5.00417 0.104169
5.00478 0.104774
5.00771 0.107706
5.00921 0.109207
5.01108 0.0310642
5.01108 0.0310642
5.01108 0.0310642
5.01146 0.111459
5.01159 0.0315743
5.01159 0.0312548
5.01159 0.0312548
5.014 0.113991
5.01634 0.116333
5.01796 0.117958
5.02335 0.123348
5.02684 0.126815
5.03127 0.031266
5.03171 0.131709
5.03184 0.0311993
5.03184 0.0311993
5.03779 0.0377877
5.03898 0.0389781
5.03961 0.139608
5.04018 0.040177
5.04078 0.140776
5.04219 0.0421845
5.04319 0.0431883
5.04398 0.043948
5.04529 0.0452892
5.04561 0.0456088
5.0463 0.0462936
5.0463 0.0462936
5.04734 0.147336
5.04772 0.0477103
5.04845 0.048442
5.04939 0.149383
5.04974 0.0497263
5.05006 0.150053
5.05038 0.0503732
5.0507 0.150692
5.05102 0.0510122
5.05114 0.0311153
5.05114 0.0311153
5.05114 0.0311153
5.0514 0.0313681
5.0514 0.0310486
5.0514 0.0310486
5.05203 0.0520239
5.05263 0.0526254
5.05425 0.0542493
5.05532 0.0553153
5.05564 0.0556348
5.05658 0.0565685
5.0569 0.0568959
5.05853 0.0585217
5.05884 0.0588413
5.05951 0.0595029
5.06051 0.0604929
5.06083 0.0608262
5.06137 0.0613634
5.06225 0.0622428
5.06477 0.0647707
5.06568 0.0656812
5.06855 0.0685512
5.06987 0.0698661
5.07109 0.0310721
5.07109 0.0310721
5.07109 0.0310721
5.0714 0.0313871
5.0714 0.0310676
5.0714 0.0310676
5.07203 0.0720208
5.07431 0.0742998
5.07463 0.0746272
5.07495 0.0749467
5.07564 0.0756395
5.07634 0.0763322
5.07771 0.0777093
5.07819 0.0781764
5.07851 0.0785038
5.07898 0.0789788
5.08195 0.0819422
5.08304 0.0830393
5.08501 0.0850073
5.08564 0.0856379
5.08692 0.0869216
5.08756 0.0875443
5.088 0.0879961
5.08872 0.0886945
5.0891 0.0891016
5.09039 0.0903775
5.09105 0.0310458
5.09105 0.0310458
5.09105 0.0310458
5.09143 0.0914242
5.09175 0.0917437
5.09207 0.0920633
5.09207 0.0920633
5.09219 0.032195
5.09219 0.0318755
5.09219 0.0318755
5.09255 0.0925423
5.09287 0.0928618
5.09766 0.0976602
5.09836 0.098353
5.09958 0.0995745
5.10105 0.101045
5.10417 0.104164
5.10477 0.104763
5.1077 0.107695
5.1092 0.109197
5.11107 0.0310536
5.11107 0.0310536
5.11107 0.0310536
5.11148 0.11148
5.11161 0.0315948
5.11161 0.0312753
5.11161 0.0312753
5.11402 0.114012
5.11633 0.116322
5.11795 0.117948
5.12334 0.123337
5.12683 0.126804
5.13126 0.0312555
5.13139 0.0310643
5.13139 0.0310643
5.13139 0.0310643
5.13171 0.131703
5.13183 0.0315122
5.13183 0.0311927
5.13183 0.0311927
5.13778 0.0377811
5.13897 0.0389715
5.1396 0.139601
5.14017 0.0401704
5.14077 0.140769
5.14221 0.0422091
5.14318 0.0431818
5.14394 0.0439363
5.14532 0.0453138
5.14564 0.0456333
5.14627 0.0462646
5.14659 0.0465841
5.14734 0.147337
5.14769 0.0476897
5.14842 0.0484128
5.14939 0.149385
5.14974 0.0497368
5.15006 0.150055
5.15038 0.0503751
5.1507 0.150694
5.15102 0.0510141
5.15114 0.0311172
5.15114 0.0311172
5.15114 0.0311172
5.1514 0.03137
5.1514 0.0310505
5.1514 0.0310505
5.15206 0.0520569
5.15266 0.0526304
5.15422 0.05422
5.15529 0.0552861
5.15561 0.0556056
5.15655 0.0565479
5.15687 0.0568667
5.15856 0.0585547
5.15888 0.0588742
5.15951 0.0595048
5.16051 0.0605069
5.16083 0.0608281
5.16134 0.0613342
5.16222 0.0622136
5.16478 0.0647726
5.16569 0.0656831
5.16856 0.0685531
5.16984 0.0698368
5.17109 0.031074
5.17109 0.031074
5.17109 0.031074
5.1714 0.031389
5.1714 0.0310695
5.1714 0.0310695
5.172 0.0720002
5.17428 0.0742793
5.1746 0.074598
5.17492 0.0749175
5.17564 0.0756414
5.17631 0.076303
5.17771 0.0777112
5.17816 0.0781559
5.17848 0.0784746
5.17898 0.0789807
5.18192 0.081913
5.18304 0.0830412
5.18501 0.0850092
5.18564 0.0856397
5.18693 0.0869235
5.18753 0.0875237
5.188 0.0879979
5.18872 0.0886964
5.18907 0.0890724
5.19036 0.0903569
5.19108 0.0310477
5.19108 0.0310477
5.19108 0.0310477
5.19143 0.0914261
5.19175 0.0917456
5.19207 0.0920651
5.19207 0.0920651
5.1922 0.0321657
5.1922 0.0318462
5.1922 0.0318462
5.19255 0.0925441
5.19287 0.0928636
5.19766 0.0976621
5.19836 0.0983549
5.19955 0.0995453
5.20105 0.101047
5.20417 0.104166
5.20477 0.104765
5.20773 0.107728
5.20923 0.10923
5.21107 0.0310555
5.21107 0.0310555
5.21107 0.0310555
5.21148 0.111482
5.21161 0.0315967
5.21161 0.0312772
5.21161 0.0312772
5.21402 0.114014
5.21633 0.116324
5.21795 0.11795
5.22337 0.12337
5.22683 0.126806
5.23126 0.0312573
5.23139 0.0310662
5.23139 0.0310662
5.23139 0.0310662
5.23171 0.131704
5.23184 0.0315141
5.23184 0.0311946
5.23184 0.0311946
5.23778 0.037783
5.23898 0.0389734
5.23961 0.139603
5.24017 0.0401723
5.24077 0.140771
5.24221 0.042211
5.24319 0.0431836
5.24394 0.043933
5.24532 0.0453156
5.24564 0.0456352
5.2463 0.0462751
5.24662 0.0465946
5.24734 0.147339
5.24772 0.0477002
5.24842 0.0484146
5.24936 0.149355
5.24974 0.0497163
5.25006 0.150057
5.25038 0.050377
5.2507 0.150696
5.25102 0.051016
5.25115 0.0311191
5.25115 0.0311191
5.25115 0.0311191
5.2514 0.0313719
5.2514 0.0310524
5.2514 0.0310524
5.25206 0.0520588
5.25263 0.0526082
5.25422 0.0542219
5.25529 0.0552879
5.25561 0.0556074
5.25658 0.0565584
5.2569 0.0568996
5.25853 0.0585255
5.25885 0.058845
5.25951 0.0595067
5.26051 0.0604898
5.26083 0.06083
5.26134 0.0613361
5.26222 0.0622155
5.26478 0.0647745
5.26569 0.065685
5.26856 0.068555
5.26984 0.0698387
5.27109 0.0310759
5.27109 0.0310759
5.27109 0.0310759
5.2714 0.0313909
5.2714 0.0310714
5.2714 0.0310714
5.27203 0.0720107
5.27431 0.0742898
5.27463 0.074631
5.27495 0.0749505
5.27564 0.0756432
5.27631 0.0763049
5.27771 0.077713
5.27819 0.0781664
5.27851 0.0785076
5.27898 0.0789826
5.28192 0.0819149
5.28304 0.0830431
5.28501 0.0850111
5.28564 0.0856416
5.2869 0.0868943
5.28756 0.0875342
5.288 0.0879998
5.28873 0.0886983
5.28908 0.0890743
5.29039 0.0903674
5.29108 0.0310496
5.29108 0.0310496
5.29108 0.0310496
5.29143 0.091428
5.29175 0.0917475
5.29207 0.092067
5.29207 0.092067
5.2922 0.0321676
5.2922 0.0318481
5.2922 0.0318481
5.29258 0.0925771
5.2929 0.0928966
5.29763 0.0976329
5.29836 0.0983568
5.29955 0.0995472
5.30105 0.101049
5.30417 0.104168
5.3048 0.104798
5.30773 0.10773
5.30923 0.109232
5.31107 0.0310574
5.31107 0.0310574
5.31107 0.0310574
5.31149 0.111484
5.31161 0.0315986
5.31161 0.0312791
5.31161 0.0312791
5.31402 0.114016
5.31633 0.116326
5.31795 0.117952
5.32337 0.123372
5.32683 0.126808
5.33126 0.0312592
5.33139 0.0310681
5.33139 0.0310681
5.33139 0.0310681
5.33171 0.131706
5.33184 0.031516
5.33184 0.0311965
5.33184 0.0311965
5.33779 0.0377848
5.33898 0.0389753
5.33961 0.139605
5.34018 0.0401741
5.34077 0.140773
5.34218 0.0421817
5.34319 0.0431855
5.34394 0.0439297
5.34532 0.0453175
5.34564 0.045637
5.3463 0.0462856
5.34662 0.0466051
5.34731 0.14731
5.34772 0.0477107
5.34842 0.0484165
5.34936 0.149357
5.34974 0.0497268
5.35006 0.150059
5.35038 0.0503788
5.3507 0.150698
5.35102 0.0510179
5.35115 0.031121
5.35115 0.031121
5.35115 0.031121
5.3514 0.0313738
5.3514 0.0310543
5.3514 0.0310543
5.35206 0.0520607
5.35263 0.0526132
5.35422 0.0542238
5.35529 0.0552898
5.35561 0.0556093
5.35658 0.056569
5.3569 0.0569015
5.35853 0.0585274
5.35885 0.0588469
5.35951 0.0595086
5.36051 0.0605038
5.36083 0.0608319
5.36134 0.061338
5.36222 0.0622174
5.36478 0.0647764
5.36569 0.0656868
5.36856 0.0685569
5.36984 0.0698406
5.37106 0.0310467
5.37106 0.0310467
5.37106 0.0310467
5.3714 0.0313928
5.3714 0.0310733
5.3714 0.0310733
5.37204 0.0720213
5.37431 0.0743003
5.37463 0.0746329
5.37495 0.0749524
5.37561 0.075614
5.37631 0.0763068
5.37772 0.0777149
5.37816 0.0781458
5.37848 0.0784784
5.37895 0.0789534
5.38192 0.0819167
5.38305 0.0830449
5.38501 0.085013
5.38564 0.0856435
5.3869 0.0868961
5.38756 0.0875447
5.388 0.0880017
5.38873 0.0887002
5.38908 0.0890762
5.39039 0.090378
5.39108 0.0310515
5.39108 0.0310515
5.39108 0.0310515
5.3914 0.0913988
5.39172 0.0917183
5.39185 0.0318189
5.39185 0.0314994
5.39185 0.0314994
5.39217 0.0921662
5.39217 0.0921662
5.39255 0.0925479
5.39287 0.0928674
5.39767 0.0976659
5.39836 0.0983587
5.39955 0.0995491
5.40105 0.101051
5.40417 0.104169
5.4048 0.1048
5.4077 0.107701
5.40923 0.109234
5.41107 0.0310593
5.41107 0.0310593
5.41107 0.0310593
5.41149 0.111486
5.41161 0.0316005
5.41161 0.031281
5.41161 0.031281
5.41402 0.114017
5.41633 0.116328
5.41795 0.117953
5.42334 0.123343
5.42684 0.12681
5.43126 0.0312611
5.43139 0.03107
5.43139 0.03107
5.43139 0.03107
5.43171 0.131708
5.43184 0.0315179
5.43184 0.0311984
5.43184 0.0311984
5.43779 0.0377867
5.43898 0.0389771
5.43961 0.139607
5.44018 0.040176
5.44078 0.140775
5.44218 0.0421836
5.44319 0.0431874
5.44394 0.0439264
5.44532 0.0453194
5.44564 0.0456389
5.44627 0.0462651
5.44659 0.0465846
5.44731 0.147312
5.44769 0.0476901
5.44842 0.0484184
5.44936 0.149359
5.44974 0.0497373
5.45006 0.15006
5.45038 0.0503807
5.4507 0.150699
5.45102 0.0510197
5.45115 0.0311229
5.45115 0.0311229
5.45115 0.0311229
5.4514 0.0313757
5.4514 0.0310562
5.4514 0.0310562
5.45203 0.0520315
5.45263 0.0526182
5.45423 0.0542257
5.45529 0.0552917
5.45561 0.0556112
5.45655 0.0565484
5.45687 0.0568723
5.45853 0.0585293
5.45885 0.0588488
5.45948 0.0594793
5.46051 0.0604867
5.46083 0.0608337
5.46134 0.0613399
5.46222 0.0622192
5.46478 0.0647782
5.46569 0.0656887
5.46853 0.0685277
5.46984 0.0698425
5.47106 0.0310485
5.47106 0.0310485
5.47106 0.0310485
5.47141 0.0313947
5.47141 0.0310752
5.47141 0.0310752
5.47201 0.0720007
5.47428 0.0742797
5.4746 0.0746036
5.47492 0.0749232
5.47562 0.0756159
5.47631 0.0763087
5.47772 0.0777168
5.47816 0.0781563
5.47848 0.0784802
5.47896 0.0789553
5.48192 0.0819186
5.48305 0.0830468
5.48501 0.0850148
5.48565 0.0856454
5.4869 0.086898
5.48753 0.0875242
5.488 0.0880036
5.48873 0.0887021
5.48908 0.0890781
5.49036 0.0903574
5.49108 0.0310534
5.49108 0.0310534
5.49108 0.0310534
5.4914 0.0914007
5.49172 0.0917202
5.49185 0.0318208
5.49185 0.0315013
5.49185 0.0315013
5.49217 0.0921681
5.49217 0.0921681
5.49255 0.0925498
5.49287 0.0928693
5.49764 0.0976367
5.49836 0.0983605
5.49955 0.099551
5.50105 0.101052
5.50417 0.104171
5.5048 0.104802
5.5077 0.107703
5.50924 0.109236
5.51107 0.0310612
5.51107 0.0310612
5.51107 0.0310612
5.51149 0.111487
5.51162 0.0316024
5.51162 0.0312829
5.51162 0.0312829
5.51402 0.114019
5.51633 0.116329
5.51796 0.117955
5.52334 0.123345
5.52684 0.126812
5.53129 0.031263
5.53142 0.0310719
5.53142 0.0310719
5.53142 0.0310719
5.53174 0.131741
5.53187 0.0315198
5.53187 0.0312003
5.53187 0.0312003
5.53782 0.0377886
5.53901 0.038979
5.53961 0.139609
5.54021 0.0401779
5.54078 0.140777
5.54222 0.0421855
5.54322 0.0431893
5.54394 0.0439231
5.54535 0.0453213
5.54567 0.0456408
5.5463 0.0462756
5.54662 0.0465951
5.54731 0.147314
5.54773 0.0477007
5.54845 0.0484203
5.54936 0.149361
5.54974 0.0497167
5.55006 0.150062
5.55038 0.0503515
5.5507 0.150701
5.55102 0.0509905
5.55115 0.0311247
5.55115 0.0311247
5.55115 0.0311247
5.5514 0.0313775
5.5514 0.031058
5.5514 0.031058
5.55206 0.0520334
5.55263 0.0526272
5.55426 0.0542276
5.55532 0.0552936
5.55564 0.0556131
5.55659 0.0565589
5.5569 0.0568742
5.55856 0.0585312
5.55888 0.0588507
5.55951 0.0594812
5.56052 0.0605007
5.56083 0.0608045
5.56137 0.0613418
5.56225 0.0622211
5.56481 0.0647801
5.56572 0.0656906
5.56856 0.0685295
5.56987 0.0698444
5.57106 0.0310504
5.57106 0.0310504
5.57106 0.0310504
5.57138 0.0313654
5.57138 0.0310459
5.57138 0.0310459
5.57204 0.0720112
5.57432 0.0742903
5.57464 0.0746055
5.57496 0.074925
5.57565 0.0756178
5.57634 0.0763106
5.57775 0.0777187
5.57819 0.0781669
5.57851 0.0784821
5.57899 0.0789572
5.58195 0.0819205
5.58305 0.0830176
5.58505 0.0850167
5.58568 0.0856473
5.58693 0.0868999
5.58756 0.0875347
5.58804 0.0880055
5.58873 0.0887039
5.58911 0.0890799
5.59039 0.0903679
5.59108 0.0310553
5.59108 0.0310553
5.59108 0.0310553
5.59143 0.0914026
5.59175 0.0917221
5.59188 0.0318538
5.59188 0.0315343
5.59188 0.0315343
5.5922 0.09217
5.5922 0.09217
5.59258 0.0925517
5.5929 0.0928712
5.59767 0.0976386
5.59839 0.0983624
5.59958 0.0995528
5.60108 0.101054
5.6042 0.104173
5.6048 0.104773
5.60774 0.107705
5.60927 0.109237
5.61108 0.031063
5.61108 0.031063
5.61108 0.031063
5.61152 0.111489
5.61165 0.0316354
5.61165 0.0313158
5.61165 0.0313158
5.61405 0.114021
5.61636 0.116331
5.61799 0.117957
5.62338 0.123347
5.62684 0.126813
5.63129 0.0312649
5.63142 0.0310738
5.63142 0.0310738
5.63142 0.0310738
5.63174 0.131712
5.63187 0.0315216
5.63187 0.0312021
5.63187 0.0312021
5.63782 0.0377905
5.63901 0.0389809
5.63964 0.139611
5.64021 0.0401798
5.64078 0.140747
5.64222 0.0421874
5.64322 0.0431912
5.64398 0.0439509
5.64535 0.0453232
5.64567 0.0456427
5.6463 0.0462861
5.64662 0.0466056
5.64735 0.147316
5.64773 0.0477112
5.64845 0.0484222
5.64939 0.149363
5.64974 0.0497273
5.65006 0.150033
5.65038 0.0503534
5.6507 0.150672
5.65102 0.0509924
5.65115 0.0311266
5.65115 0.0311266
5.65115 0.0311266
5.6514 0.0313794
5.6514 0.0310599
5.6514 0.0310599
5.65206 0.0520352
5.65263 0.0526322
5.65426 0.0542295
5.65533 0.0552955
5.65564 0.055615
5.65659 0.0565694
5.65691 0.0568761
5.65856 0.058533
5.65888 0.0588526
5.65951 0.0594831
5.66049 0.0604835
5.6608 0.0607753
5.66137 0.0613436
5.66225 0.062223
5.66481 0.064782
5.66572 0.0656925
5.66856 0.0685314
5.66988 0.0698463
5.67106 0.0310523
5.67106 0.0310523
5.67106 0.0310523
5.67138 0.0313673
5.67138 0.0310478
5.67138 0.0310478
5.67204 0.0720217
5.67432 0.0743008
5.67464 0.0746074
5.67496 0.0749269
5.67565 0.0756197
5.67634 0.0763124
5.67775 0.0777206
5.67816 0.0781463
5.67848 0.0784529
5.67899 0.078959
5.68195 0.0819224
5.68305 0.0830195
5.68505 0.0850186
5.68568 0.0856492
5.68693 0.0869018
5.68756 0.0875452
5.68804 0.0880074
5.68873 0.0887058
5.68911 0.0890818
5.69036 0.0903473
5.69108 0.0310571
5.69108 0.0310571
5.69108 0.0310571
5.69143 0.0914044
5.69175 0.0917239
5.69188 0.0318557
5.69188 0.0315361
5.69188 0.0315361
5.6922 0.0921718
5.6922 0.0921718
5.69258 0.0925536
5.6929 0.0928731
5.69767 0.0976404
5.69839 0.0983643
5.69958 0.0995547
5.70109 0.101056
5.7042 0.104175
5.7048 0.104774
5.70774 0.107707
5.70927 0.109239
5.71108 0.0310649
5.71108 0.0310649
5.71108 0.0310649
5.71152 0.111491
5.71165 0.0316372
5.71165 0.0313177
5.71165 0.0313177
5.71405 0.114023
5.71636 0.116333
5.71799 0.117959
5.72338 0.123349
5.72681 0.126784
5.7313 0.0312668
5.73142 0.0310756
5.73142 0.0310756
5.73142 0.0310756
5.73174 0.131714
5.73187 0.0315235
5.73187 0.031204
5.73187 0.031204
5.73782 0.0377924
5.73901 0.0389828
5.73964 0.139613
5.74021 0.0401817
5.74078 0.140749
5.74222 0.0421893
5.74322 0.0431931
5.74398 0.0439476
5.74535 0.0453251
5.74567 0.0456446
5.74627 0.0462655
5.74659 0.046585
5.74735 0.147318
5.7477 0.0476906
5.74845 0.0484241
5.74939 0.149365
5.74974 0.0497378
5.75006 0.150035
5.75038 0.0503553
5.7507 0.150674
5.75102 0.0509943
5.75115 0.0311285
5.75115 0.0311285
5.75115 0.0311285
5.7514 0.0313813
5.7514 0.0310618
5.7514 0.0310618
5.75207 0.0520371
5.75263 0.0526061
5.75426 0.0542313
5.75533 0.0552973
5.75565 0.0556169
5.75656 0.0565489
5.75688 0.0568468
5.75856 0.0585349
5.75888 0.0588544
5.75951 0.059485
5.76052 0.0604975
5.76084 0.0608083
5.76137 0.0613455
5.76225 0.0622249
5.76481 0.0647839
5.76572 0.0656944
5.76856 0.0685333
5.76988 0.0698481
5.77106 0.0310542
5.77106 0.0310542
5.77106 0.0310542
5.77138 0.0313692
5.77138 0.0310497
5.77138 0.0310497
5.77201 0.0720011
5.77429 0.0742802
5.77461 0.0745782
5.77493 0.0748977
5.77565 0.0756216
5.77634 0.0763143
5.77775 0.0777225
5.77816 0.0781568
5.77848 0.0784548
5.77899 0.0789609
5.78195 0.0819243
5.78305 0.0830214
5.78505 0.0850205
5.78568 0.085651
5.78693 0.0869037
5.78753 0.0875246
5.78804 0.0880092
5.78873 0.0887077
5.78911 0.0890837
5.79037 0.0903579
5.79108 0.031059
5.79108 0.031059
5.79108 0.031059
5.79144 0.0914063
5.79175 0.0917258
5.79188 0.0318575
5.79188 0.031538
5.79188 0.031538
5.7922 0.0921737
5.7922 0.0921737
5.79258 0.0925554
5.7929 0.0928749
5.79767 0.0976423
5.79839 0.0983662
5.79959 0.0995566
5.80109 0.101058
5.80421 0.104177
5.80481 0.104776
5.80774 0.107709
5.80924 0.10921
5.81108 0.0310668
5.81108 0.0310668
5.81108 0.0310668
5.81149 0.111462
5.81162 0.031608
5.81162 0.0312885
5.81162 0.0312885
5.81405 0.114025
5.81636 0.116335
5.81799 0.117961
5.82338 0.12335
5.82681 0.126786
5.83127 0.0312375
5.83139 0.0310464
5.83139 0.0310464
5.83139 0.0310464
5.83174 0.131716
5.83187 0.0315254
5.83187 0.0312059
5.83187 0.0312059
5.83782 0.0377943
5.83901 0.0389847
5.83964 0.139614
5.84021 0.0401836
5.84078 0.140751
5.84222 0.0421911
5.84322 0.0431949
5.84395 0.0439443
5.84535 0.0453269
5.84567 0.0456465
5.8463 0.0462761
5.84662 0.0465956
5.84735 0.14732
5.84773 0.0477011
5.84845 0.0484259
5.8494 0.149367
5.84975 0.0497172
5.85007 0.150037
5.85039 0.0503572
5.8507 0.150676
5.85102 0.0509962
5.85115 0.0311304
5.85115 0.0311304
5.85115 0.0311304
5.85141 0.0313832
5.85141 0.0310637
5.85141 0.0310637
5.85207 0.052039
5.85264 0.0526111
5.85426 0.0542332
5.85533 0.0552992
5.85565 0.0556187
5.85659 0.0565594
5.85691 0.0568798
5.85856 0.0585368
5.85888 0.0588563
5.85951 0.0594869
5.86049 0.0604804
5.86081 0.0607791
5.86138 0.0613474
5.86225 0.0622268
5.86481 0.0647858
5.86572 0.0656963
5.86856 0.0685352
5.86985 0.0698189
5.87106 0.0310561
5.87106 0.0310561
5.87106 0.0310561
5.87138 0.0313711
5.87138 0.0310516
5.87138 0.0310516
5.87204 0.0720117
5.87432 0.0742907
5.87464 0.0746112
5.87496 0.0749307
5.87565 0.0756234
5.87634 0.0763162
5.87775 0.0777243
5.8782 0.0781673
5.87852 0.0784878
5.87899 0.0789628
5.88195 0.0819262
5.88305 0.0830233
5.88502 0.0849913
5.88568 0.0856529
5.88693 0.0869056
5.88756 0.0875352
5.88804 0.0880111
5.88873 0.0887096
5.88911 0.0890856
5.8904 0.0903684
5.89109 0.0310609
5.89109 0.0310609
5.89109 0.0310609
5.89144 0.0914082
5.89176 0.0917277
5.89188 0.0318594
5.89188 0.0315399
5.89188 0.0315399
5.8922 0.0921756
5.8922 0.0921756
5.89259 0.0925573
5.8929 0.0928768
5.89767 0.0976442
5.8984 0.0983681
5.89959 0.0995585
5.90109 0.10106
5.90418 0.104148
5.90481 0.104778
5.90774 0.10771
5.90924 0.109212
5.91108 0.0310687
5.91108 0.0310687
5.91108 0.0310687
5.91149 0.111464
5.91162 0.0316099
5.91162 0.0312904
5.91162 0.0312904
5.91405 0.114027
5.91636 0.116337
5.91799 0.117963
5.92338 0.123352
5.92681 0.126788
5.93127 0.0312394
5.93139 0.0310483
5.93139 0.0310483
5.93139 0.0310483
5.93175 0.131718
5.93187 0.0315273
5.93187 0.0312078
5.93187 0.0312078
5.93782 0.0377961
5.93898 0.0389554
5.93964 0.139616
5.94021 0.0401854
5.94078 0.140753
5.94222 0.042193
5.94322 0.0431968
5.94395 0.043941
5.94536 0.0453288
5.94568 0.0456483
5.94627 0.0462555
5.94659 0.046575
5.94735 0.147321
5.94773 0.0477117
5.94845 0.0484278
5.9494 0.149369
5.94975 0.0497277
5.95007 0.150039
5.95039 0.050359
5.95071 0.150678
5.95103 0.0509981
5.95115 0.0311323
5.95115 0.0311323
5.95115 0.0311323
5.95141 0.0313851
5.95141 0.0310656
5.95141 0.0310656
5.95207 0.0520409
5.95264 0.0526161
5.95426 0.0542351
5.95533 0.0553011
5.95565 0.0556206
5.95659 0.0565699
5.95691 0.0568817
5.95857 0.0585387
5.95889 0.0588582
5.95952 0.0594887
5.96052 0.0604944
5.96084 0.060812
5.96138 0.0613493
5.96222 0.0621976
5.96481 0.0647877
5.96573 0.0656981
5.96856 0.0685371
5.96985 0.0698208
5.97106 0.031058
5.97106 0.031058
5.97106 0.031058
5.97138 0.031373
5.97138 0.0310535
5.97138 0.0310535
5.97204 0.0720222
5.97432 0.0743013
5.97464 0.0746131
5.97496 0.0749326
5.97565 0.0756253
5.97635 0.0763181
5.97775 0.0777262
5.97817 0.0781467
5.97849 0.0784586
5.97899 0.0789647
5.98196 0.081928
5.98305 0.0830251
5.98502 0.0849932
5.98568 0.0856548
5.98693 0.0869074
5.98757 0.0875457
5.98804 0.088013
5.9887 0.0886804
5.98908 0.0890564
5.99037 0.0903478
5.99109 0.0310628
5.99109 0.0310628
5.99109 0.0310628
5.99144 0.0914101
5.99176 0.0917296
5.99208 0.0920491
5.9924 0.0923686
5.99272 0.0926881
5.99303 0.0930076
5.99316 0.0331393
5.99316 0.0328198
5.99316 0.0328198
5.99768 0.0976546
5.99837 0.0983473
5.9996 0.0995688
6.00107 0.101039
6.00419 0.104158
6.00482 0.104794
6.00775 0.107726
6.00925 0.109227
6.01106 0.0310529
6.01106 0.0310529
6.01106 0.0310529
6.01151 0.111479
6.01163 0.0316252
6.01163 0.0313057
6.01163 0.0313057
6.01404 0.114011
6.01638 0.116352
6.01801 0.117978
6.02339 0.123368
6.02682 0.126803
6.03128 0.0312547
6.03141 0.0310636
6.03141 0.0310636
6.03141 0.0310636
6.03173 0.131702
6.03186 0.0315115
6.03186 0.031192
6.03186 0.031192
6.03781 0.0377803
6.039 0.0389707
6.03963 0.1396
6.04023 0.0402007
6.0408 0.140768
6.0422 0.0421772
6.04321 0.043181
6.04396 0.0439511
6.04534 0.045313
6.04566 0.0456325
6.04626 0.0462483
6.04658 0.0465678
6.04736 0.147337
6.04768 0.0476734
6.04844 0.048412
6.04941 0.149384
6.04973 0.0497205
6.05005 0.150023
6.05037 0.0503432
6.05069 0.150662
6.05101 0.0509822
6.05114 0.0311165
6.05114 0.0311165
6.05114 0.0311165
6.05139 0.0313693
6.05139 0.0310498
6.05139 0.0310498
6.05205 0.0520251
6.05265 0.0526345
6.05425 0.0542193
6.05531 0.0552853
6.05563 0.0556048
6.05657 0.0565627
6.05689 0.0568659
6.05855 0.0585229
6.05887 0.0588424
6.05953 0.059504
6.0605 0.0604907
6.06082 0.0607962
6.06136 0.0613335
6.06224 0.0622128
6.0648 0.0647718
6.06571 0.0656823
6.06858 0.0685524
6.06986 0.0698361
6.07105 0.0310421
6.07105 0.0310421
6.07105 0.0310421
6.07136 0.0313572
6.07136 0.0310376
6.07136 0.0310376
6.07202 0.072015
6.0743 0.0742941
6.07462 0.0745972
6.07494 0.0749168
6.07564 0.0756095
6.07636 0.0763334
6.07774 0.0777104
6.07815 0.0781396
6.07847 0.0784427
6.07901 0.07898
6.08194 0.0819122
6.08307 0.0830404
6.08503 0.0850084
6.08567 0.085639
6.08692 0.0868916
6.08755 0.0875385
6.08802 0.0879972
6.08869 0.0886645
6.0891 0.0890717
6.09038 0.0903717
6.09107 0.031047
6.09107 0.031047
6.09107 0.031047
6.09142 0.0913943
6.09174 0.0917138
6.09187 0.0318455
6.09187 0.031526
6.09187 0.031526
6.09219 0.0921617
6.09219 0.0921617
6.09257 0.0925434
6.09289 0.0928629
6.09769 0.0976614
6.09838 0.0983541
6.09957 0.0995445
6.10107 0.101046
6.10419 0.104165
6.10482 0.104795
6.10775 0.107728
6.10926 0.109229
6.11106 0.0310547
6.11106 0.0310547
6.11106 0.0310547
6.11151 0.111481
6.11164 0.0316271
6.11164 0.0313076
6.11164 0.0313076
6.11407 0.114044
6.11635 0.116323
6.11798 0.117949
6.1234 0.12337
6.12683 0.126805
6.13125 0.0312255
6.13138 0.0310344
6.13138 0.0310344
6.13138 0.0310344
6.13173 0.131704
6.13186 0.0315134
6.13186 0.0311939
6.13186 0.0311939
6.13781 0.0377822
6.139 0.0389726
6.13963 0.139602
6.1402 0.0401715
6.1408 0.14077
6.1422 0.0421791
6.14321 0.0431829
6.14396 0.0439478
6.14534 0.0453149
6.14566 0.0456344
6.14626 0.0462588
6.14658 0.0465783
6.14736 0.147339
6.14768 0.0476839
6.14844 0.0484139
6.14941 0.149386
6.14973 0.0497311
6.15005 0.150025
6.15037 0.0503451
6.15069 0.150664
6.15101 0.0509841
6.15114 0.0311183
6.15114 0.0311183
6.15114 0.0311183
6.15139 0.0313711
6.15139 0.0310516
6.15139 0.0310516
6.15208 0.0520581
6.15265 0.0526395
6.15425 0.0542212
6.15531 0.0552872
6.15563 0.0556067
6.15654 0.0565422
6.15686 0.0568367
6.15855 0.0585248
6.15887 0.0588443
6.1595 0.0594748
6.16054 0.0605047
6.16085 0.0608292
6.16136 0.0613353
6.16221 0.0621836
6.16483 0.0648048
6.16571 0.0656842
6.16855 0.0685231
6.16983 0.0698069
6.17105 0.031044
6.17105 0.031044
6.17105 0.031044
6.17136 0.031359
6.17136 0.0310395
6.17136 0.0310395
6.17199 0.0719944
6.17427 0.0742735
6.17459 0.074568
6.17491 0.0748875
6.17561 0.0755803
6.17633 0.0763041
6.17774 0.0777123
6.17815 0.0781501
6.17847 0.0784446
6.17901 0.0789819
6.18194 0.0819141
6.18304 0.0830112
6.18504 0.0850103
6.18567 0.0856409
6.18692 0.0868935
6.18755 0.087549
6.18802 0.0879991
6.18869 0.0886664
6.18907 0.0890424
6.19035 0.0903512
6.19107 0.0310489
6.19107 0.0310489
6.19107 0.0310489
6.19142 0.0913961
6.19174 0.0917157
6.19187 0.0318474
6.19187 0.0315279
6.19187 0.0315279
6.19219 0.0921636
6.19219 0.0921636
6.19257 0.0925453
6.19289 0.0928648
6.19766 0.0976322
6.19838 0.098356
6.19957 0.0995464
6.20107 0.101048
6.20416 0.104136
6.20482 0.104797
6.20776 0.10773
6.20926 0.109231
6.21106 0.0310566
6.21106 0.0310566
6.21106 0.0310566
6.21151 0.111483
6.21164 0.0316289
6.21164 0.0313094
6.21164 0.0313094
6.21407 0.114046
6.21638 0.116356
6.21801 0.117982
6.2234 0.123371
6.22683 0.126807
6.23125 0.0312274
6.23138 0.0310362
6.23138 0.0310362
6.23138 0.0310362
6.23173 0.131706
6.23186 0.0315152
6.23186 0.0311957
6.23186 0.0311957
6.23778 0.037753
6.239 0.0389745
6.23963 0.139604
6.2402 0.0401734
6.2408 0.140772
6.24221 0.042181
6.24318 0.0431537
6.24396 0.0439445
6.24534 0.0453168
6.24566 0.0456363
6.24626 0.0462382
6.24658 0.0465578
6.24737 0.14734
6.24772 0.0476944
6.24844 0.0484158
6.24941 0.149388
6.24973 0.0497105
6.25005 0.150027
6.25037 0.050347
6.25069 0.150666
6.25101 0.050986
6.25114 0.0311202
6.25114 0.0311202
6.25114 0.0311202
6.25139 0.031373
6.25139 0.0310535
6.25139 0.0310535
6.25205 0.0520288
6.25262 0.0526173
6.25425 0.0542231
6.25531 0.0552891
6.25563 0.0556086
6.25654 0.0565216
6.25686 0.0568386
6.25855 0.0585266
6.25887 0.0588461
6.2595 0.0594767
6.26054 0.0605187
6.26086 0.0608311
6.26136 0.0613372
6.26221 0.0621855
6.26483 0.0648067
6.26571 0.0656861
6.26855 0.068525
6.26983 0.0698088
6.27105 0.0310459
6.27105 0.0310459
6.27105 0.0310459
6.27137 0.0313609
6.27137 0.0310414
6.27137 0.0310414
6.27203 0.072005
6.27431 0.074284
6.27463 0.074601
6.27495 0.0749205
6.27561 0.0755822
6.27633 0.076306
6.27774 0.0777142
6.27815 0.0781295
6.27847 0.0784465
6.27898 0.0789526
6.28194 0.081916
6.28304 0.0830131
6.28504 0.0850122
6.28567 0.0856428
6.28692 0.0868954
6.28755 0.0875285
6.28803 0.088001
6.28869 0.0886683
6.28907 0.0890443
6.29038 0.0903617
6.29107 0.0310507
6.29107 0.0310507
6.29107 0.0310507
6.29142 0.091398
6.29174 0.0917175
6.29187 0.0318493
6.29187 0.0315297
6.29187 0.0315297
6.29219 0.0921654
6.29219 0.0921654
6.29257 0.0925471
6.29289 0.0928667
6.29769 0.0976651
6.29838 0.0983579
6.29957 0.0995483
6.30107 0.10105
6.30416 0.104138
6.30482 0.104799
6.30776 0.107731
6.30926 0.109233
6.31107 0.0310585
6.31107 0.0310585
6.31107 0.0310585
6.31151 0.111485
6.31164 0.0316308
6.31164 0.0313113
6.31164 0.0313113
6.31407 0.114048
6.31638 0.116358
6.31801 0.117984
6.3234 0.123373
6.32683 0.126809
6.33125 0.0312292
6.33138 0.0310381
6.33138 0.0310381
6.33138 0.0310381
6.33173 0.131707
6.33186 0.0315171
6.33186 0.0311976
6.33186 0.0311976
6.33778 0.0377549
6.339 0.0389764
6.33963 0.139606
6.3402 0.0401753
6.3408 0.140774
6.34221 0.0421829
6.34318 0.0431555
6.34397 0.0439412
6.34534 0.0453187
6.34566 0.0456382
6.34626 0.0462488
6.34658 0.0465683
6.34737 0.147342
6.34769 0.0476739
6.34844 0.0484177
6.34941 0.14939
6.34973 0.049721
6.35005 0.150029
6.35037 0.0503489
6.35069 0.150668
6.35101 0.0509879
6.35114 0.0311221
6.35114 0.0311221
6.35114 0.0311221
6.35139 0.0313749
6.35139 0.0310554
6.35139 0.0310554
6.35205 0.0520307
6.35262 0.0526223
6.35425 0.0542249
6.35531 0.0552909
6.35563 0.0556104
6.35654 0.0565321
6.35686 0.0568404
6.35855 0.0585285
6.35887 0.058848
6.3595 0.0594786
6.36051 0.0605016
6.36083 0.0608019
6.36136 0.0613391
6.36221 0.0621874
6.36483 0.0648086
6.36571 0.065688
6.36855 0.0685269
6.36983 0.0698106
6.37105 0.0310478
6.37105 0.0310478
6.37105 0.0310478
6.37137 0.0313628
6.37137 0.0310433
6.37137 0.0310433
6.37203 0.0720155
6.37428 0.0742634
6.3746 0.0745718
6.37492 0.0748913
6.37561 0.0755841
6.37633 0.0763079
6.37771 0.077685
6.37815 0.07814
6.37847 0.0784484
6.37898 0.0789545
6.38194 0.0819179
6.38304 0.083015
6.38504 0.0850141
6.38564 0.0856135
6.38692 0.0868973
6.38755 0.087539
6.38803 0.0880028
6.38869 0.0886702
6.38907 0.0890462
6.39038 0.0903722
6.39107 0.0310526
6.39107 0.0310526
6.39107 0.0310526
6.39142 0.0913999
6.39174 0.0917194
6.39187 0.0318511
6.39187 0.0315316
6.39187 0.0315316
6.39219 0.0921673
6.39219 0.0921673
6.39257 0.092549
6.39289 0.0928685
6.39766 0.0976359
6.39838 0.0983598
6.39957 0.0995502
6.40108 0.101052
6.40416 0.104139
6.40482 0.104801
6.40776 0.107733
6.40926 0.109235
6.41107 0.0310604
6.41107 0.0310604
6.41107 0.0310604
6.41151 0.111487
6.41164 0.0316327
6.41164 0.0313132
6.41164 0.0313132
6.41407 0.11405
6.41638 0.11636
6.41801 0.117986
6.4234 0.123375
6.42683 0.126811
6.43125 0.0312311
6.43138 0.03104
6.43138 0.03104
6.43138 0.03104
6.43173 0.131709
6.43186 0.031519
6.43186 0.0311995
6.43186 0.0311995
6.43778 0.0377567
6.439 0.0389783
6.43963 0.139608
6.4402 0.0401772
6.4408 0.140776
6.44221 0.0421847
6.44318 0.0431574
6.44397 0.0439379
6.44534 0.0453205
6.44566 0.04564
6.44626 0.0462593
6.44658 0.0465788
6.44734 0.147313
6.44769 0.0476844
6.44841 0.0483884
6.44942 0.149391
6.44973 0.0497315
6.45005 0.15003
6.45037 0.0503507
6.45069 0.150669
6.45101 0.0509898
6.45114 0.031124
6.45114 0.031124
6.45114 0.031124
6.45139 0.0313768
6.45139 0.0310573
6.45139 0.0310573
6.45206 0.0520326
6.45266 0.0526273
6.45425 0.0542268
6.45532 0.0552928
6.45564 0.0556123
6.45655 0.0565426
6.45687 0.0568423
6.45855 0.0585304
6.45887 0.0588499
6.4595 0.0594805
6.46054 0.0605155
6.46086 0.0608349
6.46136 0.061341
6.46221 0.0621893
6.46483 0.0648105
6.46571 0.0656899
6.46855 0.0685288
6.46984 0.0698125
6.47105 0.0310497
6.47105 0.0310497
6.47105 0.0310497
6.47137 0.0313647
6.47137 0.0310452
6.47137 0.0310452
6.472 0.0719949
6.47428 0.074274
6.4746 0.0745737
6.47492 0.0748932
6.47561 0.0755859
6.47633 0.0763098
6.47771 0.0776868
6.47815 0.0781506
6.47847 0.0784503
6.47898 0.0789564
6.48194 0.0819197
6.48304 0.0830169
6.48504 0.085016
6.48564 0.0856154
6.48692 0.0868991
6.48755 0.0875495
6.48803 0.0880047
6.48869 0.0886721
6.48907 0.0890481
6.49035 0.0903516
6.49107 0.0310545
6.49107 0.0310545
6.49107 0.0310545
6.49142 0.0914018
6.49174 0.0917213
6.49187 0.031853
6.49187 0.0315335
6.49187 0.0315335
6.49219 0.0921692
6.49219 0.0921692
6.49257 0.0925509
6.49289 0.0928704
6.49766 0.0976378
6.49838 0.0983617
6.49958 0.0995521
6.50108 0.101054
6.50416 0.104141
6.50483 0.104803
6.50776 0.107735
6.50926 0.109237
6.51107 0.0310623
6.51107 0.0310623
6.51107 0.0310623
6.51151 0.111489
6.51164 0.0316346
6.51164 0.0313151
6.51164 0.0313151
6.51407 0.114052
6.51638 0.116362
6.51798 0.117956
6.5234 0.123377
6.52683 0.126813
6.53126 0.031233
6.53138 0.0310419
6.53138 0.0310419
6.53138 0.0310419
6.53173 0.131711
6.53186 0.0315209
6.53186 0.0312014
6.53186 0.0312014
6.53778 0.0377586
6.539 0.0389801
6.53963 0.13961
6.5402 0.040179
6.54077 0.140747
6.54221 0.0421866
6.54318 0.0431593
6.54394 0.0439346
6.54534 0.0453224
6.54566 0.0456419
6.54626 0.0462387
6.54658 0.0465582
6.54734 0.147315
6.54772 0.0476949
6.54841 0.0483903
6.54942 0.149393
6.54974 0.049711
6.55006 0.150032
6.55037 0.0503526
6.55069 0.150671
6.55101 0.0509916
6.55114 0.0311259
6.55114 0.0311259
6.55114 0.0311259
6.5514 0.0313787
6.5514 0.0310592
6.5514 0.0310592
6.55206 0.0520345
6.55266 0.0526323
6.55422 0.0541976
6.55532 0.0552947
6.55564 0.0556142
6.55655 0.056522
6.55687 0.0568442
6.55855 0.0585323
6.55887 0.0588518
6.5595 0.0594823
6.56051 0.0604984
6.56083 0.0608056
6.56137 0.0613429
6.56221 0.0621912
6.5648 0.0647813
6.56571 0.0656917
6.56855 0.0685307
6.56984 0.0698144
6.57105 0.0310516
6.57105 0.0310516
6.57105 0.0310516
6.57137 0.0313666
6.57137 0.0310471
6.57137 0.0310471
6.57203 0.0720054
6.57431 0.0742845
6.57463 0.0746067
6.57495 0.0749262
6.57561 0.0755878
6.57633 0.0763117
6.57771 0.0776887
6.57815 0.07813
6.57847 0.0784521
6.57898 0.0789583
6.58191 0.0818905
6.58304 0.0830187
6.58501 0.0849868
6.58564 0.0856173
6.58692 0.086901
6.58755 0.0875289
6.588 0.0879755
6.58869 0.088674
6.58907 0.08905
6.59039 0.0903622
6.59108 0.0310564
6.59108 0.0310564
6.59108 0.0310564
6.59143 0.0914037
6.59175 0.0917232
6.59187 0.0318549
6.59187 0.0315354
6.59187 0.0315354
6.59219 0.0921711
6.59219 0.0921711
6.59258 0.0925528
6.59289 0.0928723
6.59766 0.0976397
6.59839 0.0983635
6.59958 0.099554
6.60108 0.101055
6.60417 0.104143
6.60483 0.104805
6.60776 0.107737
6.60926 0.109239
6.61107 0.0310642
6.61107 0.0310642
6.61107 0.0310642
6.61151 0.11149
6.61164 0.0316365
6.61164 0.031317
6.61164 0.031317
6.61408 0.114053
6.61639 0.116364
6.61798 0.117958
6.6234 0.123379
6.62683 0.126815
6.63126 0.0312349
6.63138 0.0310438
6.63138 0.0310438
6.63138 0.0310438
6.63174 0.131713
6.63186 0.0315228
6.63186 0.0312033
6.63186 0.0312033
6.63778 0.0377605
6.639 0.038982
6.63963 0.139612
6.6402 0.0401809
6.64077 0.140748
6.64221 0.0421885
6.64318 0.0431612
6.64394 0.0439314
6.64535 0.0453243
6.64567 0.0456438
6.64626 0.0462492
6.64658 0.0465688
6.64734 0.147317
6.64769 0.0476743
6.64841 0.0483922
6.64942 0.149395
6.64974 0.0497215
6.65006 0.150034
6.65038 0.0503545
6.6507 0.150673
6.65101 0.0509935
6.65114 0.0311277
6.65114 0.0311277
6.65114 0.0311277
6.6514 0.0313806
6.6514 0.031061
6.6514 0.031061
6.65206 0.0520364
6.65266 0.0526373
6.65422 0.0541995
6.65532 0.0552966
6.65564 0.0556161
6.65655 0.0565326
6.65687 0.0568461
6.65856 0.0585342
6.65888 0.0588537
6.65951 0.0594842
6.66054 0.0605124
6.66086 0.0608386
6.66137 0.0613448
6.66221 0.062193
6.6648 0.0647831
6.66572 0.0656936
6.66855 0.0685326
6.66981 0.0697852
6.67105 0.0310534
6.67105 0.0310534
6.67105 0.0310534
6.67137 0.0313685
6.67137 0.0310489
6.67137 0.0310489
6.67203 0.072016
6.67428 0.0742639
6.6746 0.0745774
6.67492 0.0748969
6.67561 0.0755897
6.67633 0.0763136
6.67771 0.0776906
6.67816 0.0781405
6.67848 0.078454
6.67898 0.0789602
6.68191 0.0818924
6.68304 0.0830206
6.68501 0.0849886
6.68564 0.0856192
6.68692 0.0869029
6.68755 0.0875394
6.688 0.0879774
6.68869 0.0886758
6.68907 0.0890519
6.69039 0.0903727
6.69108 0.0310583
6.69108 0.0310583
6.69108 0.0310583
6.69143 0.0914056
6.69175 0.0917251
6.69187 0.0318568
6.69187 0.0315373
6.69187 0.0315373
6.69219 0.092173
6.69219 0.092173
6.69254 0.0925236
6.69286 0.0928431
6.69766 0.0976416
6.69839 0.0983654
6.69958 0.0995558
6.70108 0.101057
6.70417 0.104145
6.70483 0.104807
6.70776 0.107739
6.70926 0.10924
6.71104 0.0310349
6.71104 0.0310349
6.71104 0.0310349
6.71151 0.111492
6.71164 0.0316384
6.71164 0.0313189
6.71164 0.0313189
6.71408 0.114055
6.71639 0.116365
6.71798 0.11796
6.7234 0.123381
6.7268 0.126785
6.73126 0.0312368
6.73139 0.0310457
6.73139 0.0310457
6.73139 0.0310457
6.73174 0.131715
6.73186 0.0315247
6.73186 0.0312052
6.73186 0.0312052
6.73778 0.0377624
6.73897 0.0389528
6.73964 0.139614
6.7402 0.0401828
6.74077 0.14075
6.74221 0.0421904
6.74318 0.0431631
6.74394 0.0439281
6.74535 0.0453262
6.74567 0.0456457
6.74627 0.0462598
6.74659 0.0465793
6.74734 0.147319
6.74769 0.0476849
6.74841 0.0483941
6.74939 0.149366
6.74974 0.049732
6.75006 0.150036
6.75038 0.0503564
6.7507 0.150675
6.75102 0.0509954
6.75114 0.0311296
6.75114 0.0311296
6.75114 0.0311296
6.7514 0.0313824
6.7514 0.0310629
6.7514 0.0310629
6.75206 0.0520383
6.75266 0.0526423
6.75422 0.0542014
6.75529 0.0552674
6.75561 0.0555869
6.75655 0.0565431
6.75687 0.056848
6.75856 0.0585361
6.75888 0.0588556
6.75951 0.0594861
6.76051 0.0604953
6.76083 0.0608094
6.76134 0.0613155
6.76222 0.0621949
6.76481 0.064785
6.76572 0.0656955
6.76856 0.0685344
6.76981 0.0697871
6.77106 0.0310553
6.77106 0.0310553
6.77106 0.0310553
6.77137 0.0313703
6.77137 0.0310508
6.77137 0.0310508
6.772 0.0719954
6.77428 0.0742744
6.7746 0.0745793
6.77492 0.0748988
6.77561 0.0755916
6.77634 0.0763154
6.77771 0.0776925
6.77816 0.078151
6.77848 0.0784559
6.77898 0.078962
6.78191 0.0818943
6.78304 0.0830225
6.78501 0.0849905
6.78564 0.0856211
6.78693 0.0869048
6.78756 0.08755
6.788 0.0879793
6.78869 0.0886777
6.78904 0.0890226
6.79036 0.0903521
6.79108 0.0310602
6.79108 0.0310602
6.79108 0.0310602
6.79143 0.0914074
6.79175 0.091727
6.79207 0.0920465
6.79239 0.092366
6.79271 0.0926855
6.79303 0.093005
6.79315 0.0331367
6.79315 0.0328172
6.79315 0.0328172
6.79764 0.0976208
6.79837 0.0983447
6.79959 0.0995662
6.80106 0.101037
6.80418 0.104155
6.80481 0.104786
6.80774 0.107718
6.80927 0.109251
6.81105 0.0310453
6.81105 0.0310453
6.81105 0.0310453
6.81152 0.111503
6.81165 0.0316487
6.81165 0.0313292
6.81165 0.0313292
6.81406 0.114035
6.81637 0.116345
6.81799 0.117971
6.82341 0.123391
6.82681 0.126796
6.83127 0.0312471
6.8314 0.031056
6.8314 0.031056
6.8314 0.031056
6.83175 0.131725
6.83187 0.031535
6.83187 0.0312155
6.83187 0.0312155
6.83779 0.0377727
6.83898 0.0389632
6.83964 0.139624
6.84021 0.0401931
6.84078 0.140761
6.84222 0.0422007
6.84319 0.0431734
6.84395 0.0439332
6.84533 0.0453054
6.84564 0.0456249
6.84628 0.0462477
6.84659 0.0465672
6.84735 0.147329
6.8477 0.0476727
6.84842 0.0484044
6.8494 0.149376
6.84975 0.0497199
6.85007 0.150046
6.85039 0.0503667
6.85071 0.150685
6.85103 0.0510058
6.85115 0.03114
6.85115 0.03114
6.85115 0.03114
6.85138 0.0313617
6.85138 0.0310422
6.85138 0.0310422
6.85207 0.0520486
6.85264 0.0526247
6.85423 0.0542117
6.8553 0.0552777
6.85562 0.0555972
6.85656 0.056531
6.85688 0.0568583
6.85857 0.0585464
6.85889 0.0588659
6.85949 0.0594654
6.86052 0.0605178
6.86084 0.0608198
6.86135 0.0613259
6.86219 0.0621742
6.86482 0.0647954
6.86569 0.0656747
6.86856 0.0685448
6.86982 0.0697974
6.87107 0.0310346
6.87107 0.0310346
6.87107 0.0310346
6.87141 0.0313807
6.87141 0.0310612
6.87141 0.0310612
6.87204 0.0720144
6.87429 0.0742623
6.87461 0.0745897
6.87493 0.0749092
6.87562 0.0756019
6.87635 0.0763258
6.87772 0.0777028
6.87817 0.0781389
6.87849 0.0784663
6.87899 0.0789724
6.88192 0.0819046
6.88302 0.0830017
6.88502 0.0850009
6.88565 0.0856314
6.8869 0.086884
6.88757 0.0875379
6.88801 0.0879896
6.8887 0.0886881
6.88905 0.089033
6.8904 0.0903711
6.89106 0.0310394
6.89106 0.0310394
6.89106 0.0310394
6.89141 0.0913867
6.89173 0.0917062
6.89185 0.0318379
6.89185 0.0315184
6.89185 0.0315184
6.89217 0.0921541
6.89217 0.0921541
6.89259 0.0925669
6.89291 0.0928864
6.89767 0.0976538
6.89837 0.0983466
6.89956 0.099537
6.90106 0.101038
6.90418 0.104157
6.90481 0.104788
6.90774 0.10772
6.90927 0.109253
6.91105 0.0310472
6.91105 0.0310472
6.91105 0.0310472
6.91149 0.111473
6.91162 0.0316195
6.91162 0.0313
6.91162 0.0313
6.91406 0.114036
6.91637 0.116347
6.91799 0.117972
6.92338 0.123362
6.92681 0.126798
6.93127 0.031249
6.9314 0.0310579
6.9314 0.0310579
6.9314 0.0310579
6.93175 0.131727
6.93188 0.0315369
6.93188 0.0312174
6.93188 0.0312174
6.93779 0.0377746
6.93898 0.038965
6.93965 0.139626
6.94021 0.040195
6.94078 0.140763
6.94219 0.0421715
6.94319 0.0431753
6.94395 0.0439299
6.94533 0.0453073
6.94565 0.0456268
6.94628 0.0462582
6.9466 0.0465777
6.94735 0.147331
6.9477 0.0476833
6.94843 0.0484063
6.9494 0.149378
6.94975 0.0497304
6.95007 0.150048
6.95039 0.0503686
6.95071 0.150687
6.95103 0.0510076
6.95115 0.0311419
6.95115 0.0311419
6.95115 0.0311419
6.95138 0.0313636
6.95138 0.0310441
6.95138 0.0310441
6.95207 0.0520505
6.95264 0.0526297
6.95423 0.0542136
6.9553 0.0552796
6.95562 0.0555991
6.95656 0.0565415
6.95688 0.0568602
6.95857 0.0585483
6.95889 0.0588678
6.95949 0.0594672
6.96052 0.0605006
6.96084 0.0608216
6.96135 0.0613278
6.9622 0.062176
6.96482 0.0647973
6.9657 0.0656766
6.96857 0.0685467
6.96982 0.0697993
6.97107 0.0310365
6.97107 0.0310365
6.97107 0.0310365
6.97141 0.0313826
6.97141 0.0310631
6.97141 0.0310631
6.97201 0.0719938
6.97429 0.0742729
6.97461 0.0745916
6.97493 0.0749111
6.97562 0.0756038
6.97632 0.0762966
6.97772 0.0777047
6.97817 0.0781494
6.97849 0.0784681
6.97899 0.0789743
6.98193 0.0819065
6.98302 0.0830036
6.98502 0.0850028
6.98565 0.0856333
6.9869 0.0868859
6.98757 0.0875484
6.98801 0.0879915
6.9887 0.08869
6.98905 0.0890349
6.99037 0.0903505
6.99106 0.0310413
6.99106 0.0310413
6.99106 0.0310413
6.99141 0.0913886
6.99173 0.0917081
6.99186 0.0318398
6.99186 0.0315203
6.99186 0.0315203
6.99217 0.092156
6.99217 0.092156
6.99256 0.0925377
6.99288 0.0928572
6.99764 0.0976246
6.99837 0.0983484
6.99956 0.0995389
7.00106 0.10104
7.00415 0.104128
7.00481 0.104795
7.00778 0.107758
7.00925 0.109228
7.01106 0.0310541
7.01106 0.0310541
7.01106 0.0310541
7.0115 0.11148
7.01163 0.0316264
7.01163 0.0313069
7.01163 0.0313069
7.01403 0.114012
7.01637 0.116354
7.01803 0.118011
7.02339 0.123369
7.02682 0.126804
7.03127 0.0312559
7.03175 0.13173
7.03188 0.0312203
7.03188 0.0312203
7.0378 0.0377776
7.03899 0.038968
7.03965 0.139629
7.04022 0.040198
7.04078 0.140766
7.04219 0.0421745
7.0432 0.0431783
7.04395 0.0439277
7.04533 0.0453103
7.04565 0.0456298
7.04625 0.0462387
7.04657 0.0465582
7.04735 0.147334
7.04767 0.0476638
7.04843 0.0484093
7.0494 0.149381
7.04975 0.049742
7.05007 0.150051
7.05039 0.0503716
7.05071 0.15069
7.05103 0.0510106
7.05116 0.0311448
7.05116 0.0311448
7.05116 0.0311448
7.05138 0.0313665
7.05138 0.031047
7.05138 0.031047
7.05204 0.0520223
7.05264 0.0526358
7.05423 0.0542166
7.0553 0.0552826
7.05562 0.0556021
7.05653 0.056522
7.05685 0.0568321
7.05854 0.0585201
7.05886 0.0588396
7.05949 0.0594702
7.06052 0.0605157
7.06084 0.0608246
7.06135 0.0613307
7.0622 0.062179
7.06482 0.0648002
7.0657 0.0656796
7.06857 0.0685496
7.06979 0.0697711
7.07107 0.0310394
7.07107 0.0310394
7.07107 0.0310394
7.07138 0.0313544
7.07138 0.0310349
7.07138 0.0310349
7.07201 0.0720054
7.07426 0.0742533
7.07458 0.0745634
7.0749 0.0748829
7.07559 0.0755757
7.07632 0.0762995
7.07769 0.0776766
7.07814 0.0781299
7.07846 0.07844
7.079 0.0789772
7.0819 0.0818784
7.08302 0.0830066
7.08502 0.0850057
7.08565 0.0856363
7.08691 0.0868889
7.08754 0.0875289
7.08798 0.0879634
7.08867 0.0886618
7.08902 0.0890067
7.09037 0.0903621
7.09106 0.0310442
7.09106 0.0310442
7.09106 0.0310442
7.09141 0.0913915
7.09173 0.091711
7.09186 0.0318427
7.09186 0.0315232
7.09186 0.0315232
7.09218 0.0921589
7.09218 0.0921589
7.09256 0.0925406
7.09288 0.0928602
7.09765 0.0976275
7.09837 0.0983514
7.09956 0.0995418
7.10106 0.101043
7.10415 0.104131
7.10481 0.104793
7.10774 0.107725
7.10924 0.109226
7.11105 0.031052
7.11105 0.031052
7.11105 0.031052
7.1115 0.111478
7.11162 0.0316243
7.11162 0.0313048
7.11162 0.0313048
7.11406 0.114041
7.11637 0.116351
7.118 0.117977
7.12338 0.123367
7.12681 0.126802
7.13124 0.0312227
7.13137 0.0310316
7.13137 0.0310316
7.13137 0.0310316
7.13172 0.131701
7.13185 0.0315106
7.13185 0.0311911
7.13185 0.0311911
7.13777 0.0377484
7.13899 0.0389699
7.13965 0.139631
7.14019 0.0401688
7.14079 0.140767
7.14219 0.0421764
7.14317 0.043149
7.14395 0.0439244
7.14533 0.0453122
7.14565 0.0456317
7.14625 0.0462181
7.14657 0.0465376
7.14735 0.147336
7.1477 0.0476743
7.1484 0.04838
7.1494 0.149383
7.14975 0.0497214
7.15007 0.150053
7.15039 0.0503735
7.15071 0.150692
7.15103 0.0510125
7.15116 0.0311467
7.15116 0.0311467
7.15116 0.0311467
7.15138 0.0313684
7.15138 0.0310489
7.15138 0.0310489
7.15207 0.0520553
7.15264 0.0526408
7.1542 0.0541873
7.1553 0.0552844
7.15562 0.0556039
7.15653 0.0565014
7.15685 0.0568339
7.15854 0.058522
7.15886 0.0588415
7.15949 0.0594721
7.16052 0.0604986
7.16084 0.0608265
7.16135 0.0613326
7.16217 0.0621498
7.16482 0.0648021
7.1657 0.0656815
7.16854 0.0685204
7.16979 0.069773
7.17107 0.0310413
7.17107 0.0310413
7.17107 0.0310413
7.17138 0.0313563
7.17138 0.0310368
7.17138 0.0310368
7.17205 0.0720159
7.17429 0.0742639
7.17461 0.0745964
7.17493 0.0749159
7.17559 0.0755775
7.17632 0.0763014
7.1777 0.0776785
7.17817 0.0781405
7.17849 0.078473
7.17897 0.078948
7.1819 0.0818803
7.18303 0.0830085
7.18502 0.0850076
7.18562 0.085607
7.18691 0.0868908
7.18757 0.0875394
7.18798 0.0879652
7.18868 0.0886637
7.18903 0.0890086
7.1904 0.0903726
7.19106 0.0310461
7.19106 0.0310461
7.19106 0.0310461
7.19141 0.0913934
7.19173 0.0917129
7.19186 0.0318446
7.19186 0.0315251
7.19186 0.0315251
7.19218 0.0921608
7.19218 0.0921608
7.19256 0.0925425
7.19288 0.092862
7.19765 0.0976294
7.19837 0.0983533
7.19956 0.0995437
7.20106 0.101045
7.20415 0.104133
7.20484 0.104826
7.20778 0.107758
7.20928 0.109259
7.21105 0.0310228
7.21105 0.0310228
7.21105 0.0310228
7.21153 0.111511
7.21166 0.0316262
7.21166 0.0313067
7.21166 0.0313067
7.21409 0.114074
7.2164 0.116384
7.218 0.117979
7.22342 0.1234
7.22682 0.126804
7.23124 0.0312246
7.23137 0.0310335
7.23137 0.0310335
7.23137 0.0310335
7.23175 0.131734
7.23188 0.0315436
7.23188 0.0312241
7.23188 0.0312241
7.23777 0.0377502
7.23899 0.0389718
7.23962 0.139601
7.24019 0.0401706
7.24079 0.140769
7.24219 0.0421782
7.24317 0.0431509
7.24392 0.0439211
7.24533 0.045314
7.24565 0.0456335
7.24625 0.0462286
7.24657 0.0465481
7.24736 0.147338
7.24771 0.0476848
7.2484 0.0483819
7.2494 0.149385
7.24975 0.049732
7.25007 0.150055
7.25039 0.0503753
7.25071 0.150694
7.25103 0.0510144
7.25116 0.0311486
7.25116 0.0311486
7.25116 0.0311486
7.25138 0.0313703
7.25138 0.0310508
7.25138 0.0310508
7.25204 0.0520261
7.25267 0.0526497
7.25421 0.0541892
7.2553 0.0552863
7.25562 0.0556058
7.25653 0.0565119
7.25685 0.0568358
7.25854 0.0585239
7.25886 0.0588434
7.25949 0.059474
7.26053 0.0605126
7.26084 0.0608284
7.26132 0.0613034
7.26217 0.0621517
7.26482 0.064804
7.2657 0.0656834
7.26854 0.0685223
7.26979 0.0697749
7.27107 0.0310432
7.27107 0.0310432
7.27107 0.0310432
7.27139 0.0313582
7.27139 0.0310387
7.27139 0.0310387
7.27202 0.0719953
7.27426 0.0742433
7.27458 0.0745672
7.2749 0.0748867
7.27556 0.0755483
7.27632 0.0763033
7.2777 0.0776803
7.27814 0.0781199
7.27846 0.0784438
7.27897 0.0789499
7.2819 0.0818821
7.28303 0.0830103
7.28503 0.0850095
7.28563 0.0856089
7.28691 0.0868926
7.28757 0.0875499
7.28798 0.0879671
7.28868 0.0886656
7.28903 0.0890105
7.2904 0.0903832
7.29106 0.031048
7.29106 0.031048
7.29106 0.031048
7.29141 0.0913953
7.29173 0.0917148
7.29186 0.0318465
7.29186 0.031527
7.29186 0.031527
7.29218 0.0921627
7.29218 0.0921627
7.29256 0.0925444
7.29288 0.0928639
7.29765 0.0976313
7.29837 0.0983552
7.29956 0.0995456
7.30106 0.101047
7.30415 0.104135
7.30481 0.104796
7.30775 0.107729
7.30928 0.109261
7.31105 0.0310247
7.31105 0.0310247
7.31105 0.0310247
7.31153 0.111513
7.31166 0.0316281
7.31166 0.0313086
7.31166 0.0313086
7.31406 0.114045
7.3164 0.116386
7.318 0.117981
7.32342 0.123402
7.32682 0.126806
7.33124 0.0312265
7.33137 0.0310354
7.33137 0.0310354
7.33137 0.0310354
7.33175 0.131736
7.33188 0.0315455
7.33188 0.031226
7.33188 0.031226
7.33777 0.0377521
7.33899 0.0389736
7.33962 0.139603
7.34019 0.0401725
7.34079 0.140771
7.3422 0.0421801
7.34317 0.0431528
7.34392 0.0439178
7.34533 0.0453159
7.34565 0.0456354
7.34625 0.0462391
7.34657 0.0465587
7.34736 0.14734
7.34768 0.0476642
7.3484 0.0483838
7.3494 0.149387
7.34972 0.0497114
7.35004 0.150026
7.35036 0.0503461
7.35068 0.150665
7.351 0.0509851
7.35113 0.0311194
7.35113 0.0311194
7.35113 0.0311194
7.35138 0.0313722
7.35138 0.0310527
7.35138 0.0310527
7.35204 0.052028
7.35264 0.0526276
7.35421 0.0541911
7.3553 0.0552882
7.35562 0.0556077
7.35653 0.0565225
7.35685 0.0568377
7.35854 0.0585258
7.35886 0.0588453
7.35949 0.0594758
7.36056 0.0605266
7.36088 0.0608614
7.36132 0.0613053
7.36217 0.0621535
7.36482 0.0648059
7.3657 0.0656852
7.36854 0.0685242
7.36979 0.0697768
7.37107 0.0310451
7.37107 0.0310451
7.37107 0.0310451
7.37139 0.0313601
7.37139 0.0310406
7.37139 0.0310406
7.37202 0.0720059
7.37427 0.0742538
7.37458 0.0745691
7.3749 0.0748886
7.37557 0.0755502
7.37632 0.0763052
7.3777 0.0776822
7.37814 0.0781304
7.37846 0.0784456
7.37897 0.0789518
7.3819 0.081884
7.383 0.0829811
7.38503 0.0850114
7.38563 0.0856108
7.38691 0.0868945
7.38754 0.0875293
7.38798 0.087969
7.38868 0.0886675
7.38903 0.0890124
7.39037 0.0903626
7.39106 0.0310499
7.39106 0.0310499
7.39106 0.0310499
7.39141 0.0913972
7.39173 0.0917167
7.39205 0.0920362
7.39237 0.0923557
7.39269 0.0926752
7.39301 0.0929947
7.39314 0.0331264
7.39314 0.0328069
7.39314 0.0328069
7.39766 0.0976416
7.39838 0.0983655
7.39957 0.0995559
7.40107 0.101057
7.40413 0.104114
7.40482 0.104807
7.40775 0.107739
7.40926 0.109241
7.41106 0.031035
7.41106 0.031035
7.41106 0.031035
7.41151 0.111492
7.41164 0.0316073
7.41164 0.0312878
7.41164 0.0312878
7.41407 0.114055
7.41638 0.116366
7.41801 0.117991
7.4234 0.123381
7.4268 0.126785
7.43125 0.0312369
7.43138 0.0310457
7.43138 0.0310457
7.43138 0.0310457
7.43173 0.131715
7.43186 0.0315247
7.43186 0.0312052
7.43186 0.0312052
7.43778 0.0377625
7.43897 0.0389529
7.43963 0.139614
7.4402 0.0401829
7.44077 0.14075
7.44221 0.0421905
7.44318 0.0431632
7.44393 0.043923
7.44534 0.0453263
7.44566 0.0456458
7.44623 0.046227
7.44655 0.0465465
7.44733 0.147319
7.44769 0.0476832
7.44841 0.0483942
7.44938 0.149366
7.44973 0.0497304
7.45005 0.150036
7.45037 0.0503565
7.45069 0.150675
7.45101 0.0509955
7.45114 0.0311297
7.45114 0.0311297
7.45114 0.0311297
7.45136 0.0313514
7.45136 0.0310319
7.45136 0.0310319
7.45205 0.0520383
7.45265 0.052645
7.45422 0.0542014
7.45528 0.0552675
7.4556 0.055587
7.45651 0.0565104
7.45683 0.0568169
7.45855 0.0585361
7.45887 0.0588556
7.45947 0.0594551
7.46054 0.0605179
7.46086 0.0608406
7.46133 0.0613156
7.46218 0.0621639
7.46483 0.0648162
7.46571 0.0656956
7.46855 0.0685345
7.46977 0.069756
7.47105 0.0310243
7.47105 0.0310243
7.47105 0.0310243
7.4714 0.0313704
7.4714 0.0310509
7.4714 0.0310509
7.472 0.0719938
7.47424 0.0742417
7.47456 0.0745483
7.47488 0.0748678
7.47558 0.0755606
7.47633 0.0763155
7.47771 0.0776926
7.47812 0.0781183
7.47844 0.0784249
7.47898 0.0789621
7.48191 0.0818944
7.48301 0.0829915
7.48501 0.0849906
7.48564 0.0856211
7.48692 0.0869049
7.48755 0.0875483
7.48799 0.0879793
7.48866 0.0886467
7.48901 0.0889916
7.49038 0.0903816
7.49104 0.0310291
7.49104 0.0310291
7.49104 0.0310291
7.49139 0.0913764
7.49171 0.0916959
7.49184 0.0318276
7.49184 0.0315081
7.49184 0.0315081
7.49216 0.0921438
7.49216 0.0921438
7.49254 0.0925255
7.49286 0.092845
7.49766 0.0976435
7.49838 0.0983674
7.49957 0.0995578
7.50104 0.101028
7.50413 0.104116
7.50482 0.104809
7.50776 0.107741
7.50926 0.109242
7.51107 0.0310369
7.51107 0.0310369
7.51107 0.0310369
7.51151 0.111494
7.51164 0.0316092
7.51164 0.0312897
7.51164 0.0312897
7.51407 0.114057
7.51638 0.116367
7.51801 0.117993
7.5234 0.123383
7.5268 0.126787
7.53125 0.0312387
7.53138 0.0310476
7.53138 0.0310476
7.53138 0.0310476
7.53173 0.131717
7.53186 0.0315266
7.53186 0.0312071
7.53186 0.0312071
7.53778 0.0377644
7.53897 0.0389548
7.53963 0.139616
7.5402 0.0401848
7.54077 0.140752
7.54218 0.0421613
7.54318 0.043165
7.54393 0.0439197
7.54534 0.0453282
7.54566 0.0456477
7.54626 0.0462376
7.54658 0.0465571
7.54734 0.147321
7.54769 0.0476626
7.54841 0.048396
7.54938 0.149368
7.54973 0.0497098
7.55005 0.150038
7.55037 0.0503584
7.55069 0.150677
7.55101 0.0509974
7.55114 0.0311316
7.55114 0.0311316
7.55114 0.0311316
7.55136 0.0313533
7.55136 0.0310338
7.55136 0.0310338
7.55205 0.0520402
7.55268 0.052654
7.55422 0.0542033
7.55528 0.0552693
7.5556 0.0555888
7.55654 0.0565209
7.55686 0.0568499
7.55855 0.058538
7.55887 0.0588575
7.55947 0.059457
7.56051 0.0605008
7.56083 0.0608114
7.56133 0.0613175
7.56218 0.0621658
7.56483 0.0648181
7.56571 0.0656975
7.56855 0.0685364
7.56977 0.0697579
7.57105 0.0310262
7.57105 0.0310262
7.57105 0.0310262
7.57137 0.0313412
7.57137 0.0310217
7.57137 0.0310217
7.57203 0.0720043
7.57428 0.0742522
7.5746 0.0745813
7.57491 0.0749008
7.57558 0.0755624
7.57633 0.0763174
7.57771 0.0776945
7.57815 0.0781288
7.57847 0.0784579
7.57898 0.078964
7.58191 0.0818963
7.58301 0.0829934
7.58501 0.0849925
7.58564 0.085623
7.58692 0.0869068
7.58755 0.0875278
7.588 0.0879812
7.58866 0.0886486
7.58901 0.0889935
7.59038 0.090361
7.59104 0.031031
7.59104 0.031031
7.59104 0.031031
7.59139 0.0913783
7.59171 0.0916978
7.59184 0.0318295
7.59184 0.03151
7.59184 0.03151
7.59216 0.0921457
7.59216 0.0921457
7.59254 0.0925274
7.59286 0.0928469
7.59766 0.0976454
7.59838 0.0983693
7.59957 0.0995597
7.60104 0.10103
7.60413 0.104118
7.60482 0.104811
7.60776 0.107743
7.60926 0.109244
7.61107 0.0310388
7.61107 0.0310388
7.61107 0.0310388
7.61151 0.111496
7.61164 0.0316111
7.61164 0.0312916
7.61164 0.0312916
7.61407 0.114059
7.61638 0.116369
7.61801 0.117995
7.6234 0.123385
7.6268 0.126789
7.63125 0.0312406
7.63138 0.0310495
7.63138 0.0310495
7.63138 0.0310495
7.63173 0.131719
7.63186 0.0315285
7.63186 0.031209
7.63186 0.031209
7.63778 0.0377662
7.63897 0.0389567
7.63963 0.139617
7.6402 0.0401866
7.64077 0.140754
7.64218 0.0421631
7.64318 0.0431669
7.64394 0.0439164
7.64534 0.04533
7.64566 0.0456495
7.64626 0.0462481
7.64658 0.0465676
7.64734 0.147323
7.64769 0.0476732
7.64841 0.0483979
7.64938 0.14937
7.64973 0.0497203
7.65005 0.15004
7.65037 0.0503602
7.65069 0.150679
7.65101 0.0509993
7.65114 0.0311335
7.65114 0.0311335
7.65114 0.0311335
7.65136 0.0313552
7.65136 0.0310357
7.65136 0.0310357
7.65206 0.0520421
7.65265 0.0526319
7.65422 0.0542052
7.65528 0.0552712
7.6556 0.0555907
7.65651 0.0565003
7.65683 0.0568207
7.65855 0.0585399
7.65887 0.0588594
7.65947 0.0594589
7.66054 0.0605148
7.66086 0.0608444
7.66133 0.0613194
7.66218 0.0621677
7.66483 0.06482
7.66571 0.0656994
7.66855 0.0685383
7.66977 0.0697598
7.67105 0.0310281
7.67105 0.0310281
7.67105 0.0310281
7.67137 0.0313431
7.67137 0.0310236
7.67137 0.0310236
7.67203 0.0720148
7.67428 0.0742628
7.6746 0.0745832
7.67492 0.0749027
7.67558 0.0755643
7.67633 0.0763193
7.67771 0.0776963
7.67815 0.0781394
7.67847 0.0784598
7.67898 0.0789659
7.68191 0.0818981
7.68301 0.0829952
7.68501 0.0849944
7.68564 0.0856249
7.68689 0.0868775
7.68755 0.0875383
7.688 0.0879831
7.68866 0.0886505
7.68901 0.0889954
7.69039 0.0903715
7.69104 0.0310329
7.69104 0.0310329
7.69104 0.0310329
7.69139 0.0913802
7.69171 0.0916997
7.69184 0.0318314
7.69184 0.0315119
7.69184 0.0315119
7.69216 0.0921476
7.69216 0.0921476
7.69254 0.0925293
7.69286 0.0928488
7.69766 0.0976473
7.69838 0.0983712
7.69957 0.0995616
7.70105 0.101032
7.70413 0.10412
7.70483 0.104812
7.70776 0.107745
7.70926 0.109246
7.71107 0.0310407
7.71107 0.0310407
7.71107 0.0310407
7.71151 0.111498
7.71164 0.031613
7.71164 0.0312935
7.71164 0.0312935
7.71407 0.114061
7.71638 0.116371
7.71801 0.117997
7.7234 0.123387
7.7268 0.126791
7.73125 0.0312425
7.73138 0.0310514
7.73138 0.0310514
7.73138 0.0310514
7.73173 0.131721
7.73186 0.0315304
7.73186 0.0312109
7.73186 0.0312109
7.73778 0.0377681
7.73897 0.0389585
7.73963 0.139619
7.7402 0.0401885
7.74077 0.140756
7.74218 0.042165
7.74318 0.0431688
7.74394 0.0439131
7.74531 0.0453008
7.74563 0.0456203
7.74623 0.0462275
7.74655 0.046547
7.74734 0.147325
7.74769 0.0476837
7.74841 0.0483998
7.74938 0.149372
7.74974 0.0497309
7.75006 0.150042
7.75037 0.0503621
7.75069 0.150681
7.75101 0.0510011
7.75114 0.0311354
7.75114 0.0311354
7.75114 0.0311354
7.75136 0.0313571
7.75136 0.0310376
7.75136 0.0310376
7.75206 0.052044
7.75266 0.0526408
7.75422 0.0542071
7.75529 0.0552731
7.75561 0.0555926
7.75652 0.0565108
7.75684 0.0568226
7.75855 0.0585418
7.75887 0.0588613
7.75947 0.0594607
7.76054 0.0605288
7.76086 0.0608462
7.76133 0.0613213
7.76218 0.0621695
7.76483 0.0648219
7.76571 0.0657012
7.76855 0.0685402
7.76977 0.0697617
7.77105 0.03103
7.77105 0.03103
7.77105 0.03103
7.77137 0.031345
7.77137 0.0310255
7.77137 0.0310255
7.772 0.0719942
7.77425 0.0742422
7.77457 0.0745539
7.77489 0.0748735
7.77558 0.0755662
7.77633 0.0763212
7.77771 0.0776982
7.77812 0.0781188
7.77844 0.0784305
7.77898 0.0789678
7.78191 0.0819
7.78301 0.0829971
7.78501 0.0849963
7.78564 0.0856268
7.78689 0.0868794
7.78755 0.0875488
7.788 0.087985
7.78866 0.0886524
7.78901 0.0889973
7.79039 0.090382
7.79104 0.0310348
7.79104 0.0310348
7.79104 0.0310348
7.79139 0.0913821
7.79171 0.0917016
7.79184 0.0318333
7.79184 0.0315138
7.79184 0.0315138
7.79216 0.0921495
7.79216 0.0921495
7.79254 0.0925312
7.79286 0.0928507
7.79766 0.0976492
7.79839 0.098373
7.79954 0.0995324
7.80105 0.101034
7.80413 0.104122
7.80483 0.104814
7.80776 0.107747
7.80926 0.109248
7.81107 0.0310426
7.81107 0.0310426
7.81107 0.0310426
7.81151 0.1115
7.81164 0.0316149
7.81164 0.0312954
7.81164 0.0312954
7.81408 0.114063
7.81639 0.116373
7.81798 0.117968
7.8234 0.123388
7.8268 0.126793
7.83122 0.0312133
7.83135 0.0310222
7.83135 0.0310222
7.83135 0.0310222
7.83174 0.131723
7.83186 0.0315323
7.83186 0.0312128
7.83186 0.0312128
7.83775 0.0377389
7.83897 0.0389604
7.83963 0.139621
7.8402 0.0401904
7.84077 0.140758
7.84218 0.0421669
7.84318 0.0431707
7.84397 0.0439409
7.84531 0.0453027
7.84563 0.0456222
7.84626 0.046238
7.84658 0.0465575
7.84734 0.147326
7.84769 0.0476631
7.84841 0.0484017
7.84939 0.149374
7.84974 0.0497103
7.85006 0.150044
7.85038 0.050364
7.8507 0.150683
7.85101 0.051003
7.85114 0.0311372
7.85114 0.0311372
7.85114 0.0311372
7.85136 0.0313589
7.85136 0.0310394
7.85136 0.0310394
7.85206 0.0520459
7.85266 0.0526498
7.85422 0.054209
7.85529 0.055275
7.85561 0.0555945
7.85655 0.0565214
7.85687 0.0568556
7.85856 0.0585437
7.85887 0.0588632
7.85947 0.0594626
7.86054 0.0605117
7.86086 0.0608481
7.86133 0.0613232
7.86218 0.0621714
7.86484 0.0648237
7.86571 0.0657031
7.86852 0.0685109
7.86978 0.0697636
7.87105 0.0310318
7.87105 0.0310318
7.87105 0.0310318
7.87137 0.0313468
7.87137 0.0310273
7.87137 0.0310273
7.87203 0.0720047
7.87428 0.0742527
7.8746 0.0745869
7.87492 0.0749064
7.87558 0.0755681
7.8763 0.076292
7.87768 0.077669
7.87816 0.0781293
7.87848 0.0784635
7.87895 0.0789386
7.88191 0.0819019
7.88301 0.082999
7.88501 0.0849981
7.88564 0.0856287
7.88689 0.0868813
7.88755 0.0875282
7.888 0.0879869
7.88866 0.0886542
7.88901 0.0889991
7.89042 0.0903926
7.89104 0.0310367
7.89104 0.0310367
7.89104 0.0310367
7.8914 0.091384
7.89172 0.0917035
7.89184 0.0318352
7.89184 0.0315157
7.89184 0.0315157
7.89216 0.0921514
7.89216 0.0921514
7.89254 0.0925331
7.89286 0.0928526
7.89763 0.09762
7.89836 0.0983438
7.89955 0.0995342
7.90105 0.101036
7.90414 0.104123
7.90483 0.104816
7.90776 0.107748
7.90926 0.10925
7.91107 0.0310444
7.91107 0.0310444
7.91107 0.0310444
7.91151 0.111502
7.91164 0.0316168
7.91164 0.0312972
7.91164 0.0312972
7.91408 0.114065
7.91639 0.116375
7.91798 0.11797
7.9234 0.12339
7.9268 0.126795
7.93123 0.0312152
7.93135 0.031024
7.93135 0.031024
7.93135 0.031024
7.93174 0.131724
7.93186 0.0315342
7.93186 0.0312146
7.93186 0.0312146
7.93775 0.0377408
7.93897 0.0389623
7.93963 0.139623
7.9402 0.0401923
7.94077 0.14076
7.94218 0.0421688
7.94315 0.0431415
7.94394 0.0439376
7.94532 0.0453046
7.94563 0.0456241
7.94627 0.0462486
7.94658 0.0465681
7.94734 0.147328
7.94769 0.0476736
7.94838 0.0483725
7.94939 0.149375
7.94974 0.0497208
7.95006 0.150046
7.95038 0.0503659
7.9507 0.150685
7.95102 0.0510049
7.95114 0.0311391
7.95114 0.0311391
7.95114 0.0311391
7.95137 0.0313608
7.95137 0.0310413
7.95137 0.0310413
7.95206 0.0520478
7.95266 0.0526277
7.95422 0.0542109
7.95529 0.0552769
7.95561 0.0555964
7.95652 0.0565008
7.95684 0.0568264
7.95856 0.0585456
7.95888 0.0588651
7.95948 0.0594645
7.96054 0.0605257
7.96086 0.06085
7.96134 0.061325
7.96218 0.0621733
7.96484 0.0648256
7.96572 0.065705
7.96852 0.0685128
7.96978 0.0697655
7.97106 0.0310337
7.97106 0.0310337
7.97106 0.0310337
7.97137 0.0313487
7.97137 0.0310292
7.97137 0.0310292
7.97203 0.0720153
7.97428 0.0742632
7.9746 0.0745888
7.97492 0.0749083
7.97558 0.07557
7.9763 0.0762938
7.97768 0.0776709
7.97816 0.0781398
7.97848 0.0784654
7.97895 0.0789404
7.98191 0.0819038
7.98301 0.0830009
7.98501 0.085
7.98564 0.0856306
7.98689 0.0868832
7.98756 0.0875388
7.988 0.0879888
7.98866 0.0886561
7.98901 0.089001
7.99039 0.090372
7.99105 0.0310386
7.99105 0.0310386
7.99105 0.0310386
7.9914 0.0913858
7.99172 0.0917053
7.99184 0.0318371
7.99184 0.0315176
7.99184 0.0315176
7.99216 0.0921532
7.99216 0.0921532
7.99255 0.092535
7.99287 0.0928545
7.99763 0.0976218
7.99836 0.0983457
7.99955 0.0995361
8.00105 0.101038
8.00414 0.104125
8.00483 0.104823
8.00774 0.107724
8.00927 0.109257
8.01108 0.0310515
8.01108 0.0310515
8.01108 0.0310515
8.01152 0.111509
8.01165 0.0316238
8.01165 0.0313043
8.01165 0.0313043
8.01405 0.114041
8.01639 0.116382
8.01802 0.118008
8.02341 0.123397
8.02681 0.126802
8.03123 0.0312222
8.03174 0.131728
8.03187 0.0312177
8.03187 0.0312177
8.03775 0.0377438
8.03898 0.0389654
8.03964 0.139626
8.04021 0.0401954
8.04077 0.140763
8.04218 0.0421718
8.04315 0.0431445
8.04394 0.0439355
8.04532 0.0453076
8.04564 0.0456272
8.04624 0.0462292
8.04656 0.0465487
8.04734 0.147331
8.04766 0.0476542
8.04839 0.0483755
8.04939 0.149379
8.04974 0.0497325
8.05006 0.150049
8.05038 0.050369
8.0507 0.150688
8.05102 0.051008
8.05115 0.0311422
8.05115 0.0311422
8.05115 0.0311422
8.05134 0.0313328
8.05134 0.0310133
8.05134 0.0310133
8.05203 0.0520197
8.05266 0.0526378
8.05419 0.0541828
8.05529 0.0552799
8.05561 0.0555994
8.05652 0.0565125
8.05684 0.0568294
8.05853 0.0585175
8.05885 0.058837
8.05948 0.0594676
8.06051 0.0605097
8.06083 0.060822
8.06134 0.0613281
8.06216 0.0621453
8.06484 0.0648287
8.06572 0.0657081
8.06853 0.0685159
8.06978 0.0697685
8.07106 0.0310368
8.07106 0.0310368
8.07106 0.0310368
8.07137 0.0313518
8.07137 0.0310323
8.07137 0.0310323
8.072 0.0719959
8.07425 0.0742438
8.07457 0.0745608
8.07489 0.0748803
8.07555 0.0755419
8.07631 0.0762969
8.07768 0.0776739
8.07813 0.0781204
8.07845 0.0784374
8.07895 0.0789435
8.08189 0.0818757
8.08301 0.083004
8.08501 0.0850031
8.08561 0.0856025
8.0869 0.0868863
8.08756 0.0875505
8.08797 0.0879607
8.08866 0.0886592
8.08898 0.088973
8.09039 0.0903837
8.09102 0.0310105
8.09102 0.0310105
8.09102 0.0310105
8.09137 0.0913578
8.09169 0.0916773
8.09182 0.031809
8.09182 0.0314895
8.09182 0.0314895
8.09214 0.0921252
8.09214 0.0921252
8.09255 0.092538
8.09287 0.0928575
8.09763 0.0976249
8.09836 0.0983488
8.09955 0.0995392
8.10105 0.101041
8.10414 0.104128
8.10483 0.104821
8.10776 0.107753
8.10926 0.109255
8.11104 0.0310183
8.11104 0.0310183
8.11104 0.0310183
8.11152 0.111507
8.11165 0.0316217
8.11165 0.0313022
8.11165 0.0313022
8.11408 0.11407
8.11639 0.11638
8.11798 0.117975
8.12341 0.123395
8.1268 0.1268
8.13123 0.0312201
8.13136 0.031029
8.13136 0.031029
8.13136 0.031029
8.13174 0.131729
8.13187 0.0315391
8.13187 0.0312196
8.13187 0.0312196
8.13775 0.0377457
8.13898 0.0389673
8.13964 0.139628
8.14021 0.0401972
8.14077 0.140765
8.14218 0.0421737
8.14316 0.0431464
8.14394 0.0439322
8.14532 0.0453095
8.14564 0.045629
8.14624 0.0462086
8.14656 0.0465281
8.14734 0.147333
8.14769 0.0476648
8.14839 0.0483774
8.14939 0.14938
8.14974 0.0497119
8.15006 0.150051
8.15038 0.0503708
8.1507 0.15069
8.15102 0.0510099
8.15115 0.0311441
8.15115 0.0311441
8.15115 0.0311441
8.15134 0.0313347
8.15134 0.0310152
8.15134 0.0310152
8.15206 0.0520527
8.15266 0.0526468
8.15419 0.0541847
8.15529 0.0552818
8.15561 0.0556013
8.15652 0.0564919
8.15684 0.0568313
8.15853 0.0585194
8.15885 0.0588389
8.15945 0.0594383
8.16054 0.0605237
8.16086 0.060855
8.16131 0.0612989
8.16216 0.0621472
8.16484 0.0648306
8.16569 0.0656788
8.16853 0.0685178
8.16975 0.0697393
8.17106 0.0310387
8.17106 0.0310387
8.17106 0.0310387
8.17137 0.0313537
8.17137 0.0310342
8.17137 0.0310342
8.17204 0.0720064
8.17428 0.0742544
8.1746 0.0745938
8.17492 0.0749133
8.17555 0.0755438
8.17631 0.0762988
8.17768 0.0776758
8.17813 0.0780998
8.17845 0.0784393
8.17895 0.0789454
8.18189 0.0818776
8.18298 0.0829747
8.18501 0.085005
8.18561 0.0856044
8.1869 0.0868881
8.18756 0.0875299
8.18797 0.0879626
8.18863 0.08863
8.18898 0.0889749
8.19039 0.0903631
8.19102 0.0310124
8.19102 0.0310124
8.19102 0.0310124
8.19137 0.0913597
8.19169 0.0916792
8.19182 0.0318109
8.19182 0.0314914
8.19182 0.0314914
8.19214 0.0921271
8.19214 0.0921271
8.19255 0.0925399
8.19287 0.0928594
8.19764 0.0976268
8.19836 0.0983506
8.19955 0.0995411
8.20105 0.101043
8.20411 0.104099
8.20483 0.104823
8.20776 0.107755
8.20927 0.109257
8.21104 0.0310202
8.21104 0.0310202
8.21104 0.0310202
8.21152 0.111509
8.21165 0.0316236
8.21165 0.0313041
8.21165 0.0313041
8.21408 0.114072
8.21639 0.116382
8.21802 0.118008
8.22344 0.123428
8.22681 0.126802
8.23123 0.031222
8.23136 0.0310309
8.23136 0.0310309
8.23136 0.0310309
8.23174 0.131731
8.23187 0.031541
8.23187 0.0312215
8.23187 0.0312215
8.23776 0.0377476
8.23898 0.0389691
8.23964 0.13963
8.24018 0.040168
8.24078 0.140767
8.24218 0.0421756
8.24316 0.0431483
8.24394 0.0439289
8.24532 0.0453114
8.24564 0.0456309
8.24624 0.0462191
8.24656 0.0465386
8.24734 0.147335
8.24769 0.0476753
8.24839 0.0483793
8.24939 0.149382
8.24974 0.0497224
8.25006 0.150052
8.25038 0.0503727
8.2507 0.150691
8.25102 0.0510117
8.25115 0.031146
8.25115 0.031146
8.25115 0.031146
8.25134 0.0313366
8.25134 0.031017
8.25134 0.031017
8.25203 0.0520235
8.25266 0.0526558
8.25419 0.0541866
8.25526 0.0552526
8.25558 0.0555721
8.25652 0.0565024
8.25684 0.0568332
8.25853 0.0585213
8.25885 0.0588408
8.25945 0.0594402
8.26055 0.0605377
8.26087 0.0608568
8.26131 0.0613008
8.26216 0.062149
8.26484 0.0648324
8.26569 0.0656807
8.26853 0.0685197
8.26975 0.0697412
8.27106 0.0310405
8.27106 0.0310405
8.27106 0.0310405
8.27137 0.0313556
8.27137 0.0310361
8.27137 0.0310361
8.27204 0.0720169
8.27425 0.0742338
8.27457 0.0745645
8.27489 0.074884
8.27552 0.0755146
8.27631 0.0763007
8.27769 0.0776777
8.27813 0.0781104
8.27845 0.0784411
8.27896 0.0789473
8.28189 0.0818795
8.28298 0.0829766
8.28502 0.0850068
8.28561 0.0856063
8.2869 0.08689
8.28756 0.0875404
8.28797 0.0879645
8.28863 0.0886318
8.28899 0.0889768
8.29039 0.0903736
8.29102 0.0310143
8.29102 0.0310143
8.29102 0.0310143
8.29137 0.0913616
8.29169 0.0916811
8.29182 0.0318128
8.29182 0.0314933
8.29182 0.0314933
8.29214 0.092129
8.29214 0.092129
8.29255 0.0925418
8.29287 0.0928613
8.29764 0.0976287
8.29836 0.0983525
8.29955 0.099543
8.30105 0.101044
8.30411 0.104101
8.30483 0.104825
8.30777 0.107757
8.30927 0.109259
8.31104 0.031022
8.31104 0.031022
8.31104 0.031022
8.31152 0.111511
8.31165 0.0316255
8.31165 0.031306
8.31165 0.031306
8.31408 0.114074
8.31639 0.116384
8.31802 0.11801
8.32344 0.12343
8.32681 0.126804
8.33123 0.0312239
8.33136 0.0310328
8.33136 0.0310328
8.33136 0.0310328
8.33174 0.131733
8.33187 0.0315429
8.33187 0.0312234
8.33187 0.0312234
8.33776 0.0377495
8.33898 0.038971
8.33964 0.139632
8.34018 0.0401699
8.34078 0.140769
8.34219 0.0421775
8.34316 0.0431502
8.34394 0.0439256
8.34532 0.0453133
8.34564 0.0456328
8.34621 0.0461985
8.34653 0.046518
8.34735 0.147337
8.34766 0.0476547
8.34839 0.0483812
8.34939 0.149384
8.34971 0.0497019
8.35003 0.150023
8.35035 0.0503435
8.35067 0.150662
8.35099 0.0509825
8.35112 0.0311167
8.35112 0.0311167
8.35112 0.0311167
8.35134 0.0313384
8.35134 0.0310189
8.35134 0.0310189
8.35203 0.0520254
8.35269 0.0526647
8.3542 0.0541885
8.35526 0.0552545
8.35558 0.055574
8.35649 0.0564818
8.35681 0.056804
8.35853 0.0585232
8.35885 0.0588427
8.35945 0.0594421
8.36055 0.0605206
8.36087 0.0608587
8.36131 0.0613026
8.36216 0.0621509
8.36484 0.0648343
8.36569 0.0656826
8.36853 0.0685215
8.36975 0.0697431
8.37103 0.0310113
8.37103 0.0310113
8.37103 0.0310113
8.37138 0.0313574
8.37138 0.0310379
8.37138 0.0310379
8.37201 0.0719963
8.37425 0.0742443
8.37457 0.0745664
8.37489 0.0748859
8.37552 0.0755165
8.37631 0.0763025
8.37769 0.0776796
8.37813 0.0781209
8.37845 0.078443
8.37896 0.0789492
8.38189 0.0818814
8.38299 0.0829785
8.38499 0.0849776
8.38562 0.0856082
8.3869 0.0868919
8.38756 0.0875509
8.38797 0.0879664
8.38864 0.0886337
8.38899 0.0889786
8.39039 0.0903842
8.39102 0.0310162
8.39102 0.0310162
8.39102 0.0310162
8.39137 0.0913634
8.39169 0.091683
8.39182 0.0318147
8.39182 0.0314952
8.39182 0.0314952
8.39214 0.0921309
8.39214 0.0921309
8.39255 0.0925437
8.39287 0.0928632
8.39764 0.0976306
8.39836 0.0983544
8.39955 0.0995448
8.40105 0.101046
8.40411 0.104103
8.40483 0.104827
8.40777 0.107759
8.40927 0.109261
8.41104 0.0310239
8.41104 0.0310239
8.41104 0.0310239
8.41152 0.111512
8.41165 0.0316273
8.41165 0.0313078
8.41165 0.0313078
8.41408 0.114075
8.41639 0.116386
8.41799 0.11798
8.42341 0.123401
8.42681 0.126805
8.43123 0.0312258
8.43136 0.0310346
8.43136 0.0310346
8.43136 0.0310346
8.43174 0.131735
8.43187 0.0315447
8.43187 0.0312252
8.43187 0.0312252
8.43776 0.0377514
8.43898 0.0389729
8.43964 0.139634
8.44018 0.0401718
8.44078 0.14077
8.44219 0.0421794
8.44316 0.0431521
8.44394 0.0439223
8.44532 0.0453152
8.44564 0.0456347
8.44621 0.046209
8.44653 0.0465286
8.44735 0.147339
8.44767 0.0476652
8.44839 0.0483831
8.44939 0.149386
8.44971 0.0497124
8.45003 0.150025
8.45035 0.0503454
8.45067 0.150664
8.45099 0.0509844
8.45112 0.0311186
8.45112 0.0311186
8.45112 0.0311186
8.45134 0.0313403
8.45134 0.0310208
8.45134 0.0310208
8.45203 0.0520272
8.45266 0.0526426
8.4542 0.0541904
8.45526 0.0552564
8.45558 0.0555759
8.45649 0.0564924
8.45681 0.0568059
8.45853 0.058525
8.45885 0.0588445
8.45945 0.059444
8.46055 0.0605346
8.46087 0.0608606
8.46131 0.0613045
8.46213 0.0621217
8.46484 0.0648362
8.46569 0.0656845
8.46853 0.0685234
8.46975 0.0697449
8.47103 0.0310132
8.47103 0.0310132
8.47103 0.0310132
8.47138 0.0313593
8.47138 0.0310398
8.47138 0.0310398
8.47201 0.0720069
8.47422 0.0742237
8.47454 0.0745372
8.47486 0.0748567
8.47553 0.0755184
8.47631 0.0763044
8.47769 0.0776815
8.4781 0.0781003
8.47842 0.0784138
8.47896 0.078951
8.48189 0.0818833
8.48299 0.0829804
8.48499 0.0849795
8.48562 0.0856101
8.4869 0.0868938
8.48753 0.0875304
8.48797 0.0879683
8.48864 0.0886356
8.48899 0.0889805
8.49036 0.0903636
8.49102 0.031018
8.49102 0.031018
8.49102 0.031018
8.49137 0.0913653
8.49169 0.0916848
8.49182 0.0318165
8.49182 0.031497
8.49182 0.031497
8.49214 0.0921327
8.49214 0.0921327
8.49255 0.0925456
8.49287 0.0928651
8.49764 0.0976324
8.49836 0.0983563
8.49955 0.0995467
8.50105 0.101048
8.50411 0.104105
8.50484 0.104829
8.50777 0.107761
8.50927 0.109262
8.51105 0.0310258
8.51105 0.0310258
8.51105 0.0310258
8.51152 0.111514
8.51165 0.0316292
8.51165 0.0313097
8.51165 0.0313097
8.51408 0.114077
8.51639 0.116387
8.51799 0.117982
8.52341 0.123403
8.52681 0.126807
8.53123 0.0312276
8.53136 0.0310365
8.53136 0.0310365
8.53136 0.0310365
8.53174 0.131737
8.53187 0.0315466
8.53187 0.0312271
8.53187 0.0312271
8.53776 0.0377533
8.53898 0.0389748
8.53961 0.139605
8.54018 0.0401737
8.54078 0.140772
8.54219 0.0421813
8.54316 0.043154
8.54395 0.043919
8.54532 0.0453171
8.54564 0.0456366
8.54624 0.0462196
8.54656 0.0465391
8.54735 0.147341
8.5477 0.0476758
8.54839 0.048385
8.54939 0.149388
8.54975 0.0497229
8.55006 0.150058
8.55038 0.0503784
8.5507 0.150697
8.55102 0.0510174
8.55115 0.0311516
8.55115 0.0311516
8.55115 0.0311516
8.55134 0.0313422
8.55134 0.0310227
8.55134 0.0310227
8.55204 0.0520291
8.55267 0.0526516
8.5542 0.0541922
8.55526 0.0552582
8.55558 0.0555777
8.55653 0.0565029
8.55684 0.0568388
8.55853 0.0585269
8.55885 0.0588464
8.55945 0.0594459
8.56052 0.0605175
8.56084 0.0608314
8.56131 0.0613064
8.56213 0.0621236
8.56484 0.0648381
8.56569 0.0656864
8.56853 0.0685253
8.56975 0.0697468
8.57103 0.0310151
8.57103 0.0310151
8.57103 0.0310151
8.57135 0.0313301
8.57135 0.0310106
8.57135 0.0310106
8.57204 0.0720174
8.57426 0.0742342
8.57458 0.0745702
8.5749 0.0748897
8.57553 0.0755202
8.57631 0.0763063
8.57766 0.0776523
8.57813 0.0781108
8.57845 0.0784468
8.57896 0.0789529
8.58189 0.0818852
8.58299 0.0829823
8.58499 0.0849814
8.58562 0.0856119
8.5869 0.0868957
8.58756 0.0875409
8.58798 0.0879701
8.58864 0.0886375
8.58899 0.0889824
8.5904 0.0903741
8.59102 0.0310199
8.59102 0.0310199
8.59102 0.0310199
8.59137 0.0913672
8.59169 0.0916867
8.59182 0.0318184
8.59182 0.0314989
8.59182 0.0314989
8.59214 0.0921346
8.59214 0.0921346
8.59255 0.0925474
8.59287 0.0928669
8.59764 0.0976343
8.59836 0.0983582
8.59955 0.0995486
8.60106 0.10105
8.60411 0.104107
8.60484 0.104831
8.60777 0.107763
8.60927 0.109264
8.61105 0.0310277
8.61105 0.0310277
8.61105 0.0310277
8.61152 0.111516
8.61165 0.0316311
8.61165 0.0313116
8.61165 0.0313116
8.61409 0.114079
8.6164 0.116389
8.61799 0.117984
8.62341 0.123405
8.62681 0.126809
8.63123 0.0312295
8.63136 0.0310384
8.63136 0.0310384
8.63136 0.0310384
8.63174 0.131739
8.63187 0.0315485
8.63187 0.031229
8.63187 0.031229
8.63776 0.0377551
8.63898 0.0389767
8.63961 0.139606
8.64018 0.0401756
8.64078 0.140774
8.64216 0.042152
8.64316 0.0431558
8.64392 0.0439157
8.64532 0.0453189
8.64564 0.0456385
8.64621 0.046199
8.64653 0.0465185
8.64735 0.147343
8.64767 0.0476552
8.64839 0.0483868
8.6494 0.14939
8.64972 0.0497023
8.65003 0.150029
8.65035 0.0503492
8.65067 0.150668
8.65099 0.0509882
8.65112 0.0310913
8.65112 0.0310913
8.65112 0.0310913
8.65137 0.0313441
8.65137 0.0310246
8.65137 0.0310246
8.65204 0.052031
8.65267 0.0526605
8.6542 0.0541941
8.65527 0.0552601
8.65558 0.0555796
8.6565 0.0564823
8.65681 0.0568096
8.65853 0.0585288
8.65885 0.0588483
8.65945 0.0594478
8.66055 0.0605315
8.66087 0.0608644
8.66131 0.0613083
8.66213 0.0621255
8.66485 0.06484
8.66569 0.0656883
8.66853 0.0685272
8.66975 0.0697487
8.67103 0.031017
8.67103 0.031017
8.67103 0.031017
8.67135 0.031332
8.67135 0.0310125
8.67135 0.0310125
8.67201 0.0719968
8.67426 0.0742448
8.67458 0.0745721
8.6749 0.0748916
8.67553 0.0755221
8.67631 0.0763082
8.67766 0.0776541
8.67813 0.0781214
8.67845 0.0784487
8.67896 0.0789548
8.68189 0.081887
8.68299 0.0829842
8.68499 0.0849833
8.68562 0.0856138
8.6869 0.0868976
8.68756 0.0875514
8.68798 0.087972
8.68867 0.0886394
8.68899 0.0889843
8.6904 0.0903846
8.69102 0.0310218
8.69102 0.0310218
8.69102 0.0310218
8.69137 0.0913691
8.69169 0.0916886
8.69182 0.0318203
8.69182 0.0315008
8.69182 0.0315008
8.69214 0.0921365
8.69214 0.0921365
8.69255 0.0925493
8.69287 0.0928688
8.69764 0.0976362
8.69837 0.0983601
8.69956 0.0995505
8.70106 0.101052
8.70411 0.104109
8.70484 0.104832
8.70777 0.107765
8.70927 0.109266
8.71105 0.0310296
8.71105 0.0310296
8.71105 0.0310296
8.71152 0.111518
8.71165 0.031633
8.71165 0.0313135
8.71165 0.0313135
8.71409 0.114081
8.7164 0.116391
8.71799 0.117986
8.72341 0.123407
8.72684 0.126811
8.73124 0.0312314
8.73136 0.0310403
8.73136 0.0310403
8.73136 0.0310403
8.73175 0.131741
8.73187 0.0315504
8.73187 0.0312309
8.73187 0.0312309
8.73773 0.0377259
8.73898 0.0389786
8.73961 0.139608
8.74018 0.0401774
8.74078 0.140776
8.74216 0.0421539
8.74316 0.0431577
8.74392 0.0439124
8.74533 0.0453208
8.74564 0.0456403
8.74621 0.0462095
8.74653 0.046529
8.74735 0.147345
8.74767 0.0476657
8.74836 0.0483576
8.7494 0.149392
8.74972 0.0497129
8.75004 0.150031
8.75036 0.050351
8.75067 0.15067
8.75099 0.05099
8.75112 0.0310932
8.75112 0.0310932
8.75112 0.0310932
8.75138 0.031346
8.75138 0.0310265
8.75138 0.0310265
8.75204 0.0520329
8.75267 0.0526384
8.7542 0.054196
8.75527 0.055262
8.75559 0.0555815
8.7565 0.0564928
8.75682 0.0568115
8.75853 0.0585307
8.75885 0.0588502
8.75945 0.0594496
8.76052 0.0605143
8.76084 0.0608352
8.76131 0.0613102
8.76213 0.0621273
8.76485 0.0648419
8.76569 0.0656901
8.76853 0.0685291
8.76972 0.0697195
8.77103 0.0310189
8.77103 0.0310189
8.77103 0.0310189
8.77135 0.0313339
8.77135 0.0310144
8.77135 0.0310144
8.77201 0.0720073
8.77423 0.0742242
8.77455 0.0745429
8.77487 0.0748624
8.77553 0.075524
8.77631 0.0763101
8.77766 0.077656
8.7781 0.0781008
8.77842 0.0784194
8.77896 0.0789567
8.78186 0.0818578
8.78299 0.082986
8.78499 0.0849852
8.78562 0.0856157
8.7869 0.0868994
8.78753 0.0875308
8.78798 0.0879739
8.78867 0.0886413
8.78899 0.0889862
8.79037 0.0903641
8.79102 0.0310237
8.79102 0.0310237
8.79102 0.0310237
8.79138 0.091371
8.79169 0.0916905
8.79182 0.0318222
8.79182 0.0315027
8.79182 0.0315027
8.79214 0.0921384
8.79214 0.0921384
8.79252 0.0925201
8.79284 0.0928396
8.79764 0.0976381
8.79837 0.0983619
8.79956 0.0995524
8.80106 0.101054
8.80411 0.10411
8.80484 0.104834
8.80777 0.107767
8.80927 0.109268
8.81105 0.0310315
8.81105 0.0310315
8.81105 0.0310315
8.81152 0.11152
8.81165 0.0316349
8.81165 0.0313154
8.81165 0.0313154
8.81409 0.114083
8.8164 0.116393
8.81799 0.117988
8.82341 0.123408
8.82684 0.126813
8.83121 0.0312022
8.83133 0.0310111
8.83133 0.0310111
8.83133 0.0310111
8.83175 0.131743
8.83188 0.0315523
8.83188 0.0312328
8.83188 0.0312328
8.83773 0.0377278
8.83895 0.0389493
8.83961 0.13961
8.84018 0.0401793
8.84078 0.140778
8.84216 0.0421558
8.84313 0.0431285
8.84392 0.0439092
8.84533 0.0453227
8.84565 0.0456422
8.84625 0.04622
8.84656 0.0465395
8.84735 0.147346
8.8477 0.0476762
8.84836 0.0483595
8.84937 0.149362
8.84975 0.0497234
8.85007 0.150064
8.85039 0.050384
8.85071 0.150703
8.85103 0.051023
8.85115 0.0311262
8.85115 0.0311262
8.85115 0.0311262
8.85138 0.0313479
8.85138 0.0310283
8.85138 0.0310283
8.85204 0.0520348
8.85267 0.0526474
8.85417 0.0541668
8.85527 0.0552639
8.85559 0.0555834
8.85653 0.0565034
8.85685 0.0568445
8.85854 0.0585326
8.85886 0.0588521
8.85945 0.0594515
8.86055 0.0605283
8.86087 0.0608681
8.86132 0.0613121
8.86213 0.0621292
8.86485 0.0648437
8.8657 0.065692
8.86853 0.068531
8.86972 0.0697214
8.87104 0.0310207
8.87104 0.0310207
8.87104 0.0310207
8.87135 0.0313358
8.87135 0.0310162
8.87135 0.0310162
8.87204 0.0720179
8.87426 0.0742347
8.87458 0.0745758
8.8749 0.0748953
8.87553 0.0755259
8.87632 0.076312
8.87766 0.0776579
8.87814 0.0781113
8.87846 0.0784524
8.87896 0.0789586
8.88186 0.0818597
8.88299 0.0829879
8.88499 0.084987
8.88562 0.0856176
8.8869 0.0869013
8.88757 0.0875414
8.88795 0.0879447
8.88867 0.0886431
8.88899 0.088988
8.8904 0.0903746
8.89103 0.0310256
8.89103 0.0310256
8.89103 0.0310256
8.89138 0.0913729
8.8917 0.0916924
8.89182 0.0318241
8.89182 0.0315046
8.89182 0.0315046
8.89214 0.0921403
8.89214 0.0921403
8.89256 0.0925531
8.89288 0.0928726
8.89764 0.09764
8.89837 0.0983638
8.89956 0.0995542
8.90106 0.101056
8.90412 0.104112
8.90484 0.104836
8.90777 0.107768
8.90927 0.10927
8.91105 0.0310333
8.91105 0.0310333
8.91105 0.0310333
8.91153 0.111522
8.91165 0.0316368
8.91165 0.0313173
8.91165 0.0313173
8.91409 0.114085
8.9164 0.116395
8.91799 0.11799
8.92341 0.12341
8.92684 0.126815
8.93121 0.0312041
8.93134 0.031013
8.93134 0.031013
8.93134 0.031013
8.93175 0.131744
8.93188 0.0315542
8.93188 0.0312347
8.93188 0.0312347
8.93773 0.0377297
8.93895 0.0389512
8.93962 0.139612
8.94018 0.0401812
8.94075 0.140749
8.94216 0.0421577
8.94313 0.0431304
8.94395 0.043937
8.94533 0.0453246
8.94565 0.0456441
8.94622 0.0461995
8.94653 0.046519
8.94735 0.147348
8.94767 0.0476556
8.94836 0.0483614
8.94937 0.149364
8.94972 0.0497028
8.95004 0.150034
8.95036 0.0503548
8.95068 0.150673
8.951 0.0509938
8.95112 0.0310969
8.95112 0.0310969
8.95112 0.0310969
8.95138 0.0313497
8.95138 0.0310302
8.95138 0.0310302
8.95204 0.0520367
8.95267 0.0526564
8.95417 0.0541687
8.95527 0.0552658
8.95559 0.0555853
8.9565 0.0564828
8.95682 0.0568153
8.95854 0.0585345
8.95886 0.058854
8.95946 0.0594534
8.96052 0.0605112
8.96084 0.0608389
8.96132 0.0613139
8.96213 0.0621311
8.96485 0.0648456
8.9657 0.0656939
8.96854 0.0685328
8.96973 0.0697233
8.97104 0.0310226
8.97104 0.0310226
8.97104 0.0310226
8.97135 0.0313376
8.97135 0.0310181
8.97135 0.0310181
8.97201 0.0719973
8.97426 0.0742452
8.97458 0.0745777
8.9749 0.0748972
8.97553 0.0755278
8.97632 0.0763138
8.97766 0.0776598
8.97814 0.0781218
8.97846 0.0784543
8.97896 0.0789604
8.9819 0.0818927
8.98299 0.0829898
8.98499 0.0849889
8.98562 0.0856195
8.98691 0.0869032
8.98754 0.0875208
8.98795 0.0879466
8.98867 0.088645
8.98899 0.0889899
8.9904 0.0903851
8.99106 0.0310275
8.99106 0.0310275
8.99106 0.0310275
8.99138 0.0913747
8.9917 0.0916943
8.99183 0.0317949
8.99183 0.0314754
8.99183 0.0314754
8.99214 0.0921421
8.99214 0.0921421
8.99253 0.0925239
8.99285 0.0928434
8.99764 0.0976419
8.99837 0.0983657
8.99956 0.0995561
9.00106 0.101058
9.00412 0.104114
9.00485 0.104843
9.00775 0.107745
9.00928 0.109277
9.01106 0.0310405
9.01106 0.0310405
9.01106 0.0310405
9.01153 0.111529
9.01166 0.0316439
9.01166 0.0313244
9.01166 0.0313244
9.01406 0.114061
9.0164 0.116402
9.01803 0.118028
9.02342 0.123417
9.02682 0.126791
9.03121 0.0312112
9.03172 0.131717
9.03185 0.0312067
9.03185 0.0312067
9.03773 0.0377329
9.03896 0.0389544
9.03962 0.139615
9.04019 0.0401844
9.04075 0.140752
9.04216 0.0421609
9.04314 0.0431336
9.04395 0.043935
9.0453 0.0452967
9.04562 0.0456162
9.04622 0.0462113
9.04654 0.0465308
9.04735 0.147351
9.04767 0.0476675
9.04837 0.0483646
9.04937 0.149368
9.04972 0.0497146
9.05004 0.150038
9.05036 0.050358
9.05068 0.150677
9.051 0.050997
9.05113 0.0311001
9.05113 0.0311001
9.05113 0.0311001
9.05135 0.0313218
9.05135 0.0310023
9.05135 0.0310023
9.05204 0.0520398
9.05267 0.0526666
9.05417 0.0541718
9.05527 0.0552689
9.05559 0.0555885
9.0565 0.0564946
9.05682 0.0568184
9.05851 0.0585065
9.05883 0.058826
9.05946 0.0594566
9.06056 0.0605265
9.06088 0.0608732
9.06132 0.0613171
9.06214 0.0621343
9.06485 0.0648488
9.0657 0.0656971
9.06854 0.068536
9.06973 0.0697264
9.07104 0.0310258
9.07104 0.0310258
9.07104 0.0310258
9.07135 0.0313408
9.07135 0.0310213
9.07135 0.0310213
9.07202 0.0720091
9.07423 0.074226
9.07455 0.0745498
9.07487 0.0748693
9.07553 0.0755309
9.07632 0.076317
9.07766 0.077663
9.07811 0.0781025
9.07843 0.0784264
9.07897 0.0789636
9.08187 0.0818648
9.08296 0.0829619
9.08499 0.0849921
9.08559 0.0855915
9.08691 0.0869064
9.08754 0.0875326
9.08795 0.0879497
9.08864 0.0886171
9.08896 0.088962
9.09037 0.0903658
9.09103 0.0309995
9.09103 0.0309995
9.09103 0.0309995
9.09135 0.0913468
9.09167 0.0916663
9.0918 0.0317669
9.0918 0.0314474
9.0918 0.0314474
9.09212 0.0921142
9.09212 0.0921142
9.09253 0.092527
9.09285 0.0928465
9.09765 0.097645
9.09837 0.0983689
9.09953 0.0995282
9.10106 0.101061
9.10409 0.104086
9.10484 0.104841
9.10778 0.107774
9.10928 0.109275
9.11102 0.0310073
9.11102 0.0310073
9.11102 0.0310073
9.11153 0.111527
9.11166 0.0316418
9.11166 0.0313223
9.11166 0.0313223
9.11406 0.114059
9.1164 0.1164
9.118 0.117995
9.12342 0.123415
9.12682 0.126789
9.13121 0.0312091
9.13134 0.031018
9.13134 0.031018
9.13134 0.031018
9.13175 0.13175
9.13188 0.0315592
9.13188 0.0312397
9.13188 0.0312397
9.13774 0.0377347
9.13896 0.0389563
9.13962 0.139617
9.14019 0.0401863
9.14076 0.140754
9.14216 0.0421627
9.14314 0.0431354
9.14395 0.0439317
9.14533 0.0453296
9.14565 0.0456492
9.14622 0.0461907
9.14654 0.0465102
9.14736 0.147353
9.14767 0.0476469
9.14837 0.0483664
9.14937 0.149369
9.14975 0.0497251
9.15007 0.150071
9.15039 0.050391
9.15071 0.15071
9.15103 0.05103
9.15116 0.0311331
9.15116 0.0311331
9.15116 0.0311331
9.15135 0.0313237
9.15135 0.0310042
9.15135 0.0310042
9.15204 0.0520417
9.1527 0.0526756
9.15417 0.0541737
9.15527 0.0552708
9.15559 0.0555903
9.1565 0.056474
9.15682 0.0568203
9.15854 0.0585395
9.15886 0.058859
9.15943 0.0594274
9.16056 0.0605405
9.16088 0.0608751
9.16129 0.0612879
9.16211 0.0621051
9.16485 0.0648507
9.1657 0.065699
9.16851 0.0685068
9.1697 0.0696972
9.17104 0.0310277
9.17104 0.0310277
9.17104 0.0310277
9.17135 0.0313427
9.17135 0.0310232
9.17135 0.0310232
9.17205 0.0720196
9.17426 0.0742365
9.17458 0.0745828
9.1749 0.0749023
9.1755 0.0755017
9.17629 0.0762878
9.17767 0.0776648
9.17814 0.0781131
9.17846 0.0784594
9.17894 0.0789344
9.18187 0.0818666
9.18296 0.0829638
9.185 0.084994
9.18559 0.0855934
9.18688 0.0868772
9.18757 0.0875431
9.18795 0.0879516
9.18865 0.088619
9.18896 0.0889639
9.1904 0.0903763
9.19103 0.0310014
9.19103 0.0310014
9.19103 0.0310014
9.19135 0.0913487
9.19167 0.0916682
9.1918 0.0317688
9.1918 0.0314493
9.1918 0.0314493
9.19212 0.0921161
9.19212 0.0921161
9.19253 0.0925289
9.19285 0.0928484
9.19765 0.0976469
9.19837 0.0983708
9.19953 0.0995301
9.20103 0.101032
9.20409 0.104088
9.20484 0.104843
9.20778 0.107775
9.20928 0.109277
9.21102 0.0310092
9.21102 0.0310092
9.21102 0.0310092
9.21153 0.111529
9.21166 0.0316437
9.21166 0.0313242
9.21166 0.0313242
9.21409 0.114092
9.2164 0.116402
9.218 0.117997
9.22345 0.123448
9.22682 0.126791
9.23121 0.031211
9.23134 0.0310199
9.23134 0.0310199
9.23134 0.0310199
9.23175 0.131751
9.23188 0.0315611
9.23188 0.0312416
9.23188 0.0312416
9.23774 0.0377366
9.23896 0.0389581
9.23962 0.139619
9.24019 0.0401881
9.24076 0.140756
9.24216 0.0421646
9.24314 0.0431373
9.24395 0.0439284
9.24533 0.0453315
9.24565 0.045651
9.24622 0.0462012
9.24654 0.0465207
9.24736 0.147355
9.24768 0.0476574
9.24837 0.0483683
9.24937 0.149371
9.24972 0.0497046
9.25004 0.150041
9.25036 0.0503617
9.25068 0.15068
9.251 0.0510008
9.25113 0.0311039
9.25113 0.0311039
9.25113 0.0311039
9.25135 0.0313256
9.25135 0.0310061
9.25135 0.0310061
9.25204 0.0520436
9.25267 0.0526535
9.25418 0.0541756
9.25527 0.0552727
9.25559 0.0555922
9.25647 0.0564534
9.25679 0.0567911
9.25854 0.0585414
9.25886 0.0588609
9.25943 0.0594292
9.26053 0.0605234
9.26085 0.0608459
9.26129 0.0612898
9.26211 0.0621069
9.26485 0.0648526
9.2657 0.0657008
9.26851 0.0685087
9.2697 0.0696991
9.27101 0.0309985
9.27101 0.0309985
9.27101 0.0309985
9.27136 0.0313446
9.27136 0.0310251
9.27136 0.0310251
9.27202 0.071999
9.27423 0.0742159
9.27455 0.0745536
9.27487 0.0748731
9.2755 0.0755036
9.27629 0.0762897
9.27767 0.0776667
9.27811 0.0780925
9.27843 0.0784302
9.27894 0.0789363
9.28187 0.0818685
9.28297 0.0829656
9.285 0.0849959
9.2856 0.0855953
9.28688 0.086879
9.28754 0.0875225
9.28795 0.0879535
9.28865 0.0886209
9.28897 0.0889658
9.29041 0.0903869
9.29103 0.0310033
9.29103 0.0310033
9.29103 0.0310033
9.29135 0.0913506
9.29167 0.0916701
9.2918 0.0317707
9.2918 0.0314512
9.2918 0.0314512
9.29212 0.092118
9.29212 0.092118
9.29253 0.0925308
9.29285 0.0928503
9.29765 0.0976488
9.29837 0.0983727
9.29953 0.099532
9.30103 0.101033
9.30409 0.10409
9.30485 0.104845
9.30778 0.107777
9.30928 0.109279
9.31102 0.0310111
9.31102 0.0310111
9.31102 0.0310111
9.31153 0.111531
9.31166 0.0316456
9.31166 0.0313261
9.31166 0.0313261
9.31409 0.114094
9.3164 0.116404
9.318 0.117999
9.32342 0.123419
9.32682 0.126793
9.33124 0.0312129
9.33137 0.0310218
9.33137 0.0310218
9.33137 0.0310218
9.33175 0.131753
9.33188 0.0315319
9.33188 0.0312124
9.33188 0.0312124
9.33777 0.0377385
9.33899 0.03896
9.33962 0.139621
9.34022 0.04019
9.34076 0.140758
9.3422 0.0421665
9.34317 0.0431392
9.34396 0.0439251
9.34533 0.0453023
9.34565 0.0456218
9.34619 0.0461806
9.34651 0.0465002
9.34733 0.147326
9.34765 0.0476368
9.3484 0.0483702
9.34937 0.149373
9.34972 0.0497151
9.35004 0.150043
9.35036 0.0503325
9.35068 0.150682
9.351 0.0509715
9.35113 0.0311058
9.35113 0.0311058
9.35113 0.0311058
9.35135 0.0313275
9.35135 0.0310079
9.35135 0.0310079
9.35208 0.0520455
9.35268 0.0526624
9.35421 0.0541775
9.35527 0.0552435
9.35559 0.055563
9.35647 0.056464
9.35679 0.0567619
9.35857 0.0585433
9.35889 0.0588628
9.35946 0.0594311
9.36056 0.0605374
9.36088 0.0608477
9.36132 0.0612917
9.36214 0.0621088
9.36488 0.0648545
9.36573 0.0657027
9.36854 0.0685106
9.36973 0.069701
9.37101 0.0310003
9.37101 0.0310003
9.37101 0.0310003
9.37136 0.0313465
9.37136 0.031027
9.37136 0.031027
9.37202 0.0720096
9.37424 0.0742264
9.37455 0.0745243
9.37487 0.0748438
9.37554 0.0755055
9.37632 0.0762916
9.37767 0.0776375
9.37811 0.078103
9.37843 0.0784009
9.37897 0.0789382
9.3819 0.0818704
9.383 0.0829675
9.38503 0.0849977
9.38563 0.0855972
9.38691 0.0868809
9.38754 0.0875331
9.38799 0.0879554
9.38865 0.0886227
9.38897 0.0889365
9.39038 0.0903663
9.39103 0.0310052
9.39103 0.0310052
9.39103 0.0310052
9.39138 0.0913525
9.3917 0.091672
9.39183 0.0318037
9.39183 0.0314842
9.39183 0.0314842
9.39215 0.0921199
9.39215 0.0921199
9.39256 0.0925327
9.39288 0.0928522
9.39765 0.0976196
9.39837 0.0983434
9.39956 0.0995338
9.40107 0.101035
9.40412 0.104092
9.40488 0.104847
9.40781 0.107779
9.40931 0.109281
9.41103 0.0310129
9.41103 0.0310129
9.41103 0.0310129
9.41134 0.031328
9.41134 0.0310085
9.41134 0.0310085
9.41166 0.11163
9.41413 0.114096
9.41644 0.116406
9.41803 0.118
9.42345 0.123421
9.42682 0.126794
9.43124 0.0312148
9.43137 0.0310237
9.43137 0.0310237
9.43137 0.0310237
9.43179 0.131755
9.43191 0.0315649
9.43191 0.0312454
9.43191 0.0312454
9.43777 0.0377404
9.43899 0.0389619
9.43965 0.139623
9.44022 0.0401919
9.44079 0.140759
9.4422 0.0421684
9.44317 0.0431411
9.44393 0.0439218
9.44533 0.0453042
9.44565 0.0456237
9.44622 0.0461912
9.44654 0.0465107
9.44736 0.147328
9.44768 0.0476474
9.4484 0.0483721
9.44941 0.149375
9.44976 0.0497256
9.45008 0.150045
9.4504 0.0503655
9.45071 0.150684
9.45103 0.0510045
9.45116 0.0311387
9.45116 0.0311387
9.45116 0.0311387
9.45135 0.0313293
9.45135 0.0310098
9.45135 0.0310098
9.45208 0.0520474
9.45268 0.0526714
9.45421 0.0541794
9.45528 0.0552454
9.45559 0.0555649
9.45651 0.0564745
9.45682 0.0567949
9.45857 0.0585452
9.45889 0.0588647
9.45946 0.059433
9.46053 0.0605202
9.46085 0.0608185
9.46132 0.0612935
9.46214 0.0621107
9.46489 0.0648563
9.46573 0.0657046
9.46854 0.0685124
9.46973 0.0697029
9.47101 0.0310022
9.47101 0.0310022
9.47101 0.0310022
9.47136 0.0313483
9.47136 0.0310288
9.47136 0.0310288
9.47205 0.0720201
9.47427 0.0742369
9.47459 0.0745573
9.47491 0.0748768
9.47554 0.0755074
9.47632 0.0762934
9.47767 0.0776394
9.47811 0.0780824
9.47843 0.0784028
9.47897 0.07894
9.4819 0.0818723
9.483 0.0829694
9.48503 0.0849996
9.48563 0.0855991
9.48691 0.0868828
9.48757 0.0875436
9.48799 0.0879573
9.48865 0.0886246
9.48897 0.0889384
9.49041 0.0903768
9.49103 0.0310071
9.49103 0.0310071
9.49103 0.0310071
9.49138 0.0913543
9.4917 0.0916739
9.49183 0.0318056
9.49183 0.0314861
9.49183 0.0314861
9.49215 0.0921217
9.49215 0.0921217
9.49256 0.0925346
9.49288 0.0928541
9.49765 0.0976215
9.49837 0.0983453
9.49957 0.0995357
9.50107 0.101037
9.50412 0.104094
9.50488 0.104849
9.50781 0.107781
9.50931 0.109283
9.51103 0.0310148
9.51103 0.0310148
9.51103 0.0310148
9.51134 0.0313298
9.51134 0.0310103
9.51134 0.0310103
9.51166 0.111632
9.51413 0.114097
9.51644 0.116408
9.51803 0.118002
9.52345 0.123423
9.52682 0.126796
9.53125 0.0312167
9.53137 0.0310255
9.53137 0.0310255
9.53137 0.0310255
9.53176 0.131726
9.53188 0.0315356
9.53188 0.0312161
9.53188 0.0312161
9.53777 0.0377423
9.53899 0.0389638
9.53965 0.139625
9.54022 0.0401938
9.54079 0.140761
9.5422 0.0421703
9.54317 0.043143
9.54393 0.0439185
9.54533 0.0453061
9.54565 0.0456256
9.54622 0.0462017
9.54654 0.0465212
9.54736 0.14733
9.54768 0.0476579
9.54837 0.0483429
9.54941 0.149377
9.54973 0.049705
9.55005 0.150016
9.55037 0.0503363
9.55068 0.150655
9.551 0.0509753
9.55113 0.0311095
9.55113 0.0311095
9.55113 0.0311095
9.55135 0.0313312
9.55135 0.0310117
9.55135 0.0310117
9.55208 0.0520492
9.55268 0.0526493
9.55418 0.0541501
9.55528 0.0552473
9.5556 0.0555668
9.55648 0.0564539
9.55679 0.0567656
9.55854 0.0585159
9.55886 0.0588354
9.55946 0.0594349
9.56056 0.0605342
9.56088 0.0608515
9.56132 0.0612954
9.56214 0.0621126
9.56489 0.0648582
9.56574 0.0657065
9.56854 0.0685143
9.56973 0.0697047
9.57101 0.0310041
9.57101 0.0310041
9.57101 0.0310041
9.57133 0.0313191
9.57133 0.0309996
9.57133 0.0309996
9.57202 0.0719995
9.57424 0.0742164
9.57456 0.0745281
9.57488 0.0748476
9.57554 0.0755093
9.57632 0.0762953
9.57767 0.0776413
9.57811 0.078093
9.57843 0.0784047
9.57897 0.0789419
9.58187 0.0818431
9.583 0.0829713
9.58503 0.0850015
9.58563 0.085601
9.58691 0.0868847
9.58754 0.087523
9.58796 0.087928
9.58865 0.0886265
9.58897 0.0889403
9.59041 0.0903873
9.59103 0.0310089
9.59103 0.0310089
9.59103 0.0310089
9.59139 0.0913562
9.5917 0.0916757
9.59183 0.0318074
9.59183 0.0314879
9.59183 0.0314879
9.59215 0.0921236
9.59215 0.0921236
9.59257 0.0925365
9.59288 0.092856
9.59765 0.0976233
9.59838 0.0983472
9.59957 0.0995376
9.60107 0.101039
9.60412 0.104096
9.60488 0.104851
9.60781 0.107783
9.60931 0.109284
9.61103 0.0310167
9.61103 0.0310167
9.61103 0.0310167
9.61134 0.0313317
9.61134 0.0310122
9.61134 0.0310122
9.61166 0.111634
9.6141 0.114068
9.61644 0.116409
9.61803 0.118004
9.62345 0.123425
9.62682 0.126798
9.63125 0.0312185
9.63137 0.0310274
9.63137 0.0310274
9.63137 0.0310274
9.63176 0.131728
9.63189 0.0315375
9.63189 0.031218
9.63189 0.031218
9.63774 0.0377131
9.63899 0.0389657
9.63966 0.139627
9.64022 0.0401957
9.64079 0.140763
9.64217 0.0421411
9.64317 0.0431448
9.64393 0.0439152
9.64534 0.045308
9.64566 0.0456275
9.64619 0.0461811
9.64651 0.0465006
9.64736 0.147332
9.64768 0.0476684
9.64837 0.0483447
9.64941 0.149379
9.64973 0.0497156
9.65005 0.150018
9.65037 0.0503382
9.65069 0.150657
9.65101 0.0509772
9.65113 0.0311114
9.65113 0.0311114
9.65113 0.0311114
9.65136 0.0313331
9.65136 0.0310136
9.65136 0.0310136
9.65208 0.0520511
9.65268 0.0526582
9.65418 0.054152
9.65528 0.0552491
9.6556 0.0555686
9.65648 0.0564644
9.6568 0.0567675
9.65855 0.0585178
9.65887 0.0588373
9.65946 0.0594368
9.66056 0.0605482
9.66088 0.0608534
9.66133 0.0612973
9.66214 0.0621145
9.66489 0.0648601
9.66574 0.0657084
9.66854 0.0685162
9.66973 0.0697066
9.67101 0.031006
9.67101 0.031006
9.67101 0.031006
9.67133 0.031321
9.67133 0.0310015
9.67133 0.0310015
9.67202 0.07201
9.67424 0.0742269
9.67456 0.07453
9.67488 0.0748495
9.67554 0.0755111
9.67633 0.0762972
9.67767 0.0776431
9.67812 0.0781035
9.67843 0.0784066
9.67897 0.0789438
9.68187 0.081845
9.683 0.0829732
9.68503 0.0850034
9.68563 0.0856028
9.68691 0.0868866
9.68755 0.0875335
9.68796 0.0879299
9.68865 0.0886284
9.68897 0.0889422
9.69038 0.0903668
9.69104 0.0310108
9.69104 0.0310108
9.69104 0.0310108
9.69139 0.0913581
9.69171 0.0916776
9.69183 0.0318093
9.69183 0.0314898
9.69183 0.0314898
9.69215 0.0921255
9.69215 0.0921255
9.69257 0.0925383
9.69289 0.0928578
9.69765 0.0976252
9.69838 0.0983491
9.69957 0.0995395
9.70107 0.101041
9.70413 0.104098
9.70488 0.104853
9.70781 0.107785
9.70931 0.109286
9.71103 0.0310186
9.71103 0.0310186
9.71103 0.0310186
9.71134 0.0313336
9.71134 0.0310141
9.71134 0.0310141
9.71166 0.111635
9.7141 0.11407
9.71644 0.116411
9.71803 0.118006
9.72345 0.123427
9.72682 0.1268
9.73122 0.0311893
9.73134 0.0309982
9.73134 0.0309982
9.73134 0.0309982
9.73176 0.13173
9.73189 0.0315394
9.73189 0.0312199
9.73189 0.0312199
9.73774 0.0377149
9.73899 0.0389676
9.73966 0.139628
9.74022 0.0401976
9.74079 0.140765
9.74217 0.0421429
9.74317 0.0431467
9.74393 0.0439119
9.74534 0.0453098
9.74566 0.0456293
9.74619 0.0461916
9.74651 0.0465111
9.74736 0.147334
9.74768 0.0476789
9.74837 0.0483466
9.74941 0.149381
9.74973 0.0497261
9.75005 0.15002
9.75037 0.05034
9.75069 0.150659
9.75101 0.0509791
9.75113 0.0311133
9.75113 0.0311133
9.75113 0.0311133
9.75136 0.031335
9.75136 0.0310155
9.75136 0.0310155
9.75205 0.0520219
9.75268 0.0526672
9.75418 0.0541539
9.75528 0.055251
9.7556 0.0555705
9.75648 0.056475
9.7568 0.0567694
9.75855 0.0585197
9.75887 0.0588392
9.75947 0.0594387
9.76053 0.0605311
9.76085 0.0608242
9.76133 0.0612992
9.76214 0.0621164
9.76489 0.064862
9.76574 0.0657103
9.76855 0.0685181
9.76974 0.0697085
9.77101 0.0310079
9.77101 0.0310079
9.77101 0.0310079
9.77133 0.0313229
9.77133 0.0310034
9.77133 0.0310034
9.77202 0.0720206
9.77421 0.0742063
9.77453 0.0745008
9.77485 0.0748203
9.77551 0.0754819
9.77633 0.0762991
9.77767 0.077645
9.77809 0.0780829
9.7784 0.0783774
9.77897 0.0789457
9.78187 0.0818468
9.78297 0.0829439
9.785 0.0849742
9.78563 0.0856047
9.78692 0.0868884
9.78755 0.0875441
9.78796 0.0879318
9.78865 0.0886303
9.78897 0.0889441
9.79038 0.0903773
9.79104 0.0310127
9.79104 0.0310127
9.79104 0.0310127
9.79139 0.09136
9.79171 0.0916795
9.79184 0.0318112
9.79184 0.0314917
9.79184 0.0314917
9.79215 0.0921274
9.79215 0.0921274
9.79257 0.0925402
9.79289 0.0928597
9.79765 0.0976271
9.79838 0.098351
9.79957 0.0995414
9.80107 0.101043
9.80413 0.104099
9.80488 0.104854
9.80778 0.107756
9.80932 0.109288
9.81103 0.0310205
9.81103 0.0310205
9.81103 0.0310205
9.81154 0.111509
9.81166 0.031655
9.81166 0.0313355
9.81166 0.0313355
9.8141 0.114072
9.81644 0.116413
9.81804 0.118008
9.82346 0.123429
9.82682 0.126802
9.83122 0.0311912
9.83135 0.0310001
9.83135 0.0310001
9.83135 0.0310001
9.83176 0.131732
9.83189 0.0315413
9.83189 0.0312218
9.83189 0.0312218
9.83774 0.0377168
9.839 0.0389694
9.83966 0.13963
9.84023 0.0401994
9.84079 0.140767
9.84217 0.0421448
9.84314 0.0431175
9.84393 0.0439086
9.84534 0.0453117
9.84566 0.0456312
9.84623 0.0462022
9.84655 0.0465217
9.84736 0.147335
9.84768 0.0476584
9.84837 0.0483485
9.84941 0.149383
9.84973 0.0497055
9.85005 0.150022
9.85037 0.0503419
9.85069 0.150661
9.85101 0.0509809
9.85114 0.0311152
9.85114 0.0311152
9.85114 0.0311152
9.85136 0.0313369
9.85136 0.0310174
9.85136 0.0310174
9.85205 0.0520238
9.85268 0.0526762
9.85418 0.0541558
9.85528 0.0552529
9.8556 0.0555724
9.85648 0.0564544
9.8568 0.0567713
9.85855 0.0585216
9.85887 0.0588411
9.85947 0.0594405
9.86056 0.0605451
9.86088 0.0608572
9.86133 0.0613011
9.86214 0.0621182
9.86489 0.0648639
9.86574 0.0657121
9.86855 0.06852
9.86974 0.0697104
9.87102 0.0310098
9.87102 0.0310098
9.87102 0.0310098
9.87133 0.0313248
9.87133 0.0310053
9.87133 0.0310053
9.87202 0.072
9.87424 0.0742168
9.87456 0.0745338
9.87488 0.0748533
9.87551 0.0754838
9.87633 0.076301
9.87767 0.0776469
9.87812 0.0780934
9.87844 0.0784103
9.87897 0.0789476
9.88188 0.0818487
9.88297 0.0829458
9.885 0.0849761
9.88563 0.0856066
9.88692 0.0868903
9.88755 0.0875235
9.88796 0.0879337
9.88865 0.0886322
9.88897 0.088946
9.89041 0.0903878
9.89104 0.0310146
9.89104 0.0310146
9.89104 0.0310146
9.89139 0.0913619
9.89171 0.0916814
9.89184 0.0318131
9.89184 0.0314936
9.89184 0.0314936
9.89216 0.0921293
9.89216 0.0921293
9.89257 0.0925421
9.89289 0.0928616
9.89766 0.097629
9.89838 0.0983528
9.89957 0.0995433
9.90107 0.101045
9.90413 0.104101
9.90488 0.104856
9.90778 0.107757
9.90932 0.10929
9.91103 0.0310224
9.91103 0.0310224
9.91103 0.0310224
9.91154 0.111511
9.91167 0.0316569
9.91167 0.0313374
9.91167 0.0313374
9.9141 0.114074
9.91644 0.116415
9.91804 0.11801
9.92346 0.12343
9.92682 0.126804
9.93122 0.0311931
9.93135 0.031002
9.93135 0.031002
9.93135 0.031002
9.93176 0.131733
9.93189 0.0315432
9.93189 0.0312237
9.93189 0.0312237
9.93307 0.0310014
9.93709 0.0310281
9.93775 0.0377267
9.93897 0.0389482
9.93964 0.139609
9.9402 0.0401782
9.9408 0.140777
9.94115 0.0310037
9.94218 0.0421586
9.94316 0.0431313
9.94394 0.0439172
9.94535 0.0453255
9.94535 0.0312157
9.94567 0.045645
9.94621 0.0461935
9.94653 0.046513
9.94738 0.147349
9.9477 0.0476808
9.94839 0.0483623
9.94939 0.149365
9.94971 0.0496969
9.94971 0.0313994
9.95003 0.150004
9.95035 0.0503246
9.95067 0.150643
9.95099 0.0509636
9.95112 0.0310866
9.95112 0.0310866
9.95112 0.0310866
9.95137 0.0313394
9.95137 0.0310199
9.95137 0.0310199
9.95206 0.0520376
9.95269 0.052666
9.95363 0.0310013
9.9542 0.0541736
9.9553 0.0552707
9.95562 0.0555902
9.9565 0.0564808
9.95681 0.0567891
9.95738 0.031008
9.95857 0.0585433
9.95889 0.0588628
9.95946 0.0594312
9.96055 0.0605478
9.96087 0.0608478
9.96132 0.0612917
9.96145 0.0311165
9.96214 0.0621129
9.96488 0.0648585
9.96532 0.0310046
9.96574 0.0657107
9.96854 0.0685186
9.96973 0.069709
9.97104 0.0310255
9.97104 0.0310255
9.97104 0.0310255
9.97136 0.0313405
9.97136 0.031021
9.97136 0.031021
9.97202 0.0720072
9.97215 0.0310871
9.97424 0.0742281
9.97456 0.0745363
9.97488 0.0748558
9.97551 0.0754864
9.97567 0.0310232
9.97633 0.0763075
9.97768 0.0776535
9.97812 0.0781086
9.97844 0.0784169
9.97898 0.0789541
9.97945 0.0309988
9.98188 0.0818592
9.98298 0.0829563
9.98463 0.0310113
9.98502 0.0849905
9.98562 0.08559
9.98693 0.0869048
9.98756 0.0875466
9.98797 0.0879482
9.98864 0.0886155
9.98895 0.0889293
9.98895 0.031342
9.99039 0.0903798
9.99102 0.0310039
9.99102 0.0310039
9.99102 0.0310039
9.99137 0.0913453
9.99169 0.0916648
9.99182 0.0318024
9.99182 0.0314829
9.99182 0.0314829
9.99214 0.0921127
9.99214 0.0921127
9.99255 0.0925255
9.99287 0.092845
9.993 0.0311927
9.99677 0.0310016
9.99765 0.0976203
9.99837 0.0983442
9.99956 0.0995346

