% time_sec delay_sec
0.150962 0.0509316
0.158249 0.0582184
0.164292 0.0642611
0.165762 0.0657314
0.169627 0.0695968
0.171906 0.0718758
0.173408 0.0733773
0.176091 0.0760607
0.177219 0.0771889
0.183666 0.0836359
0.18411 0.0840798
0.185114 0.0850836
0.185434 0.0854031
0.185434 0.0854031
0.185909 0.0858782
0.187348 0.0873174
0.187667 0.0876369
0.187667 0.0876369
0.188702 0.0886718
0.188702 0.0886718
0.189022 0.0889913
0.189932 0.0899018
0.190314 0.0902835
0.190634 0.090603
0.191015 0.0909848
0.191335 0.0913043
0.19209 0.0920592
0.192814 0.0927831
0.193942 0.0939113
0.19451 0.0944796
0.197536 0.0975052
0.199535 0.0995043
0.200041 0.10001
0.201014 0.100983
0.201333 0.101303
0.20439 0.104359
0.204927 0.104897
0.206428 0.106398
0.206966 0.106935
0.207876 0.107846
0.208445 0.108414
0.209013 0.108982
0.209768 0.109737
0.210087 0.110057
0.210087 0.110057
0.210749 0.110719
0.211722 0.111691
0.212041 0.112011
0.213823 0.113792
0.214329 0.114298
0.214648 0.114618
0.215652 0.115622
0.215972 0.115941
0.216322 0.116292
0.217326 0.117295
0.21777 0.117739
0.224372 0.124342
0.227273 0.127243
0.229179 0.129149
0.23065 0.130619
0.230969 0.130939
0.234057 0.134026
0.235123 0.135092
0.236065 0.136034
0.236788 0.136758
0.238539 0.138508
0.239605 0.139574
0.240173 0.140143
0.240493 0.140462
0.242398 0.142368
0.243993 0.143963
0.24593 0.1459
0.246343 0.146312
0.247875 0.147845
0.250963 0.050956
0.251283 0.151252
0.251602 0.151572
0.251922 0.151891
0.25445 0.154419
0.256075 0.156045
0.257732 0.157702
0.258239 0.0582314
0.262633 0.162602
0.264259 0.0642514
0.265729 0.0657217
0.269625 0.0696182
0.271873 0.0718662
0.273406 0.0733987
0.276058 0.076051
0.277186 0.0771792
0.283633 0.0836262
0.284077 0.0840702
0.285112 0.0851051
0.285112 0.0851051
0.285432 0.0854246
0.285876 0.0858685
0.287315 0.0873077
0.287634 0.0876272
0.287634 0.0876272
0.288669 0.0886621
0.288989 0.0889816
0.288989 0.0889816
0.28993 0.0899232
0.290312 0.0903049
0.290632 0.0906245
0.290982 0.0909751
0.291302 0.0912946
0.292057 0.0920495
0.292781 0.0927734
0.293909 0.0939016
0.294508 0.094501
0.297534 0.0975266
0.299502 0.0994946
0.300039 0.100032
0.300981 0.100973
0.3013 0.101293
0.304357 0.10435
0.304894 0.104887
0.306395 0.106388
0.306933 0.106926
0.307843 0.107836
0.308412 0.108404
0.309011 0.109004
0.309735 0.109728
0.310054 0.110047
0.310054 0.110047
0.310716 0.110709
0.311689 0.111682
0.312008 0.112001
0.31379 0.113782
0.314296 0.114289
0.314615 0.114608
0.315619 0.115612
0.315939 0.115931
0.316289 0.116282
0.317293 0.117286
0.317737 0.11773
0.324339 0.124332
0.327241 0.127233
0.329177 0.12917
0.330648 0.130641
0.330967 0.13096
0.334055 0.134048
0.33509 0.135083
0.336032 0.136024
0.336755 0.136748
0.338506 0.138499
0.339603 0.139596
0.34014 0.140133
0.34046 0.140452
0.342365 0.142358
0.343991 0.143984
0.345928 0.145921
0.346341 0.146334
0.347842 0.147835
0.350961 0.0509463
0.351281 0.151274
0.3516 0.151593
0.3516 0.151593
0.354439 0.154432
0.356065 0.156058
0.357722 0.157715
0.358228 0.0582132
0.362591 0.162584
0.364279 0.0642643
0.36575 0.0657347
0.369615 0.0696
0.371894 0.0718791
0.373396 0.0733806
0.376079 0.076064
0.377207 0.0771922
0.383654 0.0836392
0.384098 0.0840831
0.385102 0.0850869
0.385421 0.0854064
0.385421 0.0854064
0.385896 0.0858814
0.387336 0.0873207
0.387655 0.0876402
0.387655 0.0876402
0.38869 0.0886751
0.38869 0.0886751
0.38901 0.0889946
0.38992 0.0899051
0.390302 0.0902868
0.390621 0.0906063
0.390972 0.0909569
0.391291 0.0912764
0.392077 0.0920625
0.392801 0.0927863
0.39393 0.0939146
0.394498 0.0944829
0.397523 0.0975084
0.399523 0.0995076
0.400029 0.100014
0.401001 0.100986
0.401321 0.101306
0.404346 0.104331
0.404915 0.1049
0.406416 0.106401
0.406953 0.106938
0.407833 0.107818
0.408432 0.108417
0.409001 0.108986
0.409756 0.109741
0.410075 0.11006
0.410075 0.11006
0.410737 0.110722
0.411709 0.111694
0.412029 0.112014
0.41381 0.113795
0.414285 0.11427
0.414605 0.11459
0.41564 0.115625
0.415959 0.115944
0.41631 0.116295
0.417314 0.117299
0.417758 0.117743
0.42436 0.124345
0.427261 0.127246
0.429167 0.129152
0.430637 0.130622
0.430957 0.130942
0.434045 0.13403
0.435111 0.135096
0.436052 0.136037
0.436776 0.136761
0.438495 0.13848
0.439592 0.139577
0.440161 0.140146
0.44048 0.140465
0.442355 0.14234
0.443981 0.143966
0.445918 0.145903
0.446331 0.146316
0.447863 0.147848
0.450951 0.0509281
0.45127 0.151255
0.45159 0.151575
0.45159 0.151575
0.45446 0.154445
0.456055 0.15604
0.457712 0.157697
0.458249 0.0582262
0.462612 0.162597
0.464269 0.0642462
0.465739 0.0657165
0.469636 0.069613
0.471884 0.0718609
0.473416 0.0733935
0.476069 0.0760458
0.477197 0.077174
0.483644 0.083621
0.484119 0.084096
0.485123 0.0850998
0.485123 0.0850998
0.485442 0.0854193
0.485886 0.0858633
0.487325 0.0873025
0.487645 0.087622
0.487645 0.087622
0.48868 0.0886569
0.488999 0.0889764
0.488999 0.0889764
0.489941 0.089918
0.490323 0.0902997
0.490642 0.0906192
0.490993 0.0909699
0.491312 0.0912894
0.492098 0.0920754
0.492822 0.0927993
0.493919 0.0938964
0.494519 0.0944958
0.497544 0.0975214
0.499512 0.0994894
0.500049 0.100027
0.500991 0.100968
0.501311 0.101288
0.504367 0.104344
0.504904 0.104882
0.506406 0.106383
0.506974 0.106951
0.507854 0.107831
0.508422 0.108399
0.509021 0.108999
0.509745 0.109722
0.510065 0.110042
0.510065 0.110042
0.510726 0.110704
0.511699 0.111676
0.512019 0.111996
0.513831 0.113808
0.514306 0.114283
0.514626 0.114603
0.515629 0.115607
0.515949 0.115926
0.5163 0.116277
0.517303 0.117281
0.517747 0.117724
0.524381 0.124358
0.527251 0.127228
0.529188 0.129165
0.530658 0.130635
0.530978 0.130955
0.534066 0.134043
0.5351 0.135078
0.536042 0.136019
0.536797 0.136774
0.538516 0.138493
0.539613 0.13959
0.54015 0.140128
0.54047 0.140447
0.542376 0.142353
0.544002 0.143979
0.545939 0.145916
0.546351 0.146329
0.547853 0.14783
0.550972 0.0509411
0.551291 0.151268
0.551611 0.151588
0.551611 0.151588
0.55445 0.154427
0.556076 0.156053
0.557733 0.15771
0.55827 0.0582391
0.562602 0.162579
0.56429 0.0642591
0.56576 0.0657295
0.569625 0.0695948
0.571905 0.0718739
0.573406 0.0733753
0.576089 0.0760588
0.577218 0.077187
0.583665 0.083634
0.584109 0.0840779
0.585143 0.0851128
0.585143 0.0851128
0.585463 0.0854323
0.585907 0.0858762
0.587346 0.0873155
0.587666 0.087635
0.587666 0.087635
0.588701 0.0886699
0.58902 0.0889894
0.58902 0.0889894
0.589931 0.0898999
0.590343 0.0903127
0.590663 0.0906322
0.591013 0.0909828
0.591333 0.0913023
0.592088 0.0920573
0.592812 0.0927811
0.59394 0.0939093
0.594539 0.0945088
0.597534 0.0975032
0.599533 0.0995024
0.600039 0.100008
0.601012 0.100981
0.601331 0.101301
0.604388 0.104357
0.604925 0.104895
0.606427 0.106396
0.606964 0.106933
0.607874 0.107844
0.608443 0.108412
0.609042 0.109012
0.609766 0.109735
0.610086 0.110055
0.610086 0.110055
0.610747 0.110717
0.61172 0.111689
0.612039 0.112009
0.613821 0.11379
0.614327 0.114296
0.614646 0.114616
0.61565 0.11562
0.61597 0.115939
0.61632 0.11629
0.617324 0.117293
0.617768 0.117737
0.624371 0.12434
0.627272 0.127241
0.629178 0.129147
0.630648 0.130617
0.630967 0.130937
0.634055 0.134025
0.635121 0.135091
0.636063 0.136032
0.636787 0.136756
0.638537 0.138506
0.639603 0.139572
0.640171 0.140141
0.640491 0.14046
0.642397 0.142366
0.643991 0.143961
0.645928 0.145898
0.646372 0.146342
0.647874 0.147843
0.650961 0.050954
0.651281 0.15125
0.6516 0.15157
0.65192 0.151889
0.654448 0.154417
0.656074 0.156043
0.657731 0.1577
0.658237 0.0582294
0.662631 0.1626
0.664257 0.0642494
0.665727 0.0657198
0.669624 0.0696162
0.671872 0.0718642
0.673404 0.0733968
0.676056 0.0760491
0.677185 0.0771773
0.683632 0.0836243
0.684076 0.0840682
0.68511 0.0851031
0.68511 0.0851031
0.68543 0.0854226
0.685874 0.0858665
0.687313 0.0873058
0.687633 0.0876253
0.687633 0.0876253
0.688668 0.0886602
0.688987 0.0889797
0.688987 0.0889797
0.689929 0.0899213
0.69031 0.090303
0.69063 0.0906225
0.69098 0.0909731
0.6913 0.0912926
0.692055 0.0920476
0.692779 0.0927714
0.693907 0.0938996
0.694506 0.0944991
0.697532 0.0975246
0.6995 0.0994927
0.700037 0.10003
0.700979 0.100971
0.701298 0.101291
0.704355 0.104348
0.704892 0.104885
0.706394 0.106386
0.706931 0.106924
0.707841 0.107834
0.70841 0.108402
0.709009 0.109002
0.709733 0.109726
0.710053 0.110045
0.710053 0.110045
0.710714 0.110707
0.711687 0.11168
0.712006 0.111999
0.713788 0.11378
0.714294 0.114287
0.714613 0.114606
0.715617 0.11561
0.715937 0.115929
0.716287 0.11628
0.717291 0.117284
0.717735 0.117728
0.724369 0.124361
0.727239 0.127231
0.729176 0.129168
0.730646 0.130639
0.730966 0.130958
0.734053 0.134046
0.735088 0.135081
0.73603 0.136022
0.736754 0.136746
0.738504 0.138497
0.739601 0.139594
0.740138 0.140131
0.740458 0.14045
0.742364 0.142356
0.743989 0.143982
0.745926 0.145919
0.746339 0.146332
0.747841 0.147833
0.75096 0.0509443
0.751279 0.151272
0.751599 0.151591
0.751599 0.151591
0.754437 0.15443
0.756063 0.156056
0.75772 0.157713
0.758226 0.0582113
0.762589 0.162582
0.764278 0.0642624
0.765748 0.0657327
0.769613 0.0695981
0.771892 0.0718771
0.773394 0.0733786
0.776077 0.076062
0.777205 0.0771902
0.783652 0.0836372
0.784096 0.0840811
0.7851 0.0850849
0.78542 0.0854044
0.78542 0.0854044
0.785895 0.0858795
0.787334 0.0873187
0.787653 0.0876382
0.787653 0.0876382
0.788688 0.0886731
0.789008 0.0889926
0.789008 0.0889926
0.789918 0.0899031
0.7903 0.0902848
0.79062 0.0906043
0.79097 0.0909549
0.79129 0.0912745
0.792076 0.0920605
0.7928 0.0927844
0.793928 0.0939126
0.794496 0.0944809
0.797522 0.0975065
0.799521 0.0995056
0.800027 0.100012
0.801 0.100984
0.801319 0.101304
0.804376 0.104361
0.804913 0.104898
0.806415 0.106399
0.806952 0.106937
0.807862 0.107847
0.808431 0.108415
0.808999 0.108984
0.809754 0.109739
0.810073 0.110058
0.810073 0.110058
0.810735 0.11072
0.811708 0.111692
0.812027 0.112012
0.813809 0.113793
0.814284 0.114268
0.814603 0.114588
0.815638 0.115623
0.815958 0.115942
0.816308 0.116293
0.817312 0.117297
0.817756 0.117741
0.824358 0.124343
0.82726 0.127244
0.829165 0.12915
0.830636 0.13062
0.830955 0.13094
0.834043 0.134028
0.835109 0.135094
0.836051 0.136035
0.836774 0.136759
0.838525 0.138509
0.839591 0.139576
0.840159 0.140144
0.840479 0.140463
0.842384 0.142369
0.843979 0.143964
0.845916 0.145901
0.846329 0.146314
0.847861 0.147846
0.85098 0.0509573
0.8513 0.151285
0.851619 0.151604
0.851619 0.151604
0.854458 0.154443
0.856053 0.156038
0.85771 0.157695
0.858247 0.0582242
0.86261 0.162595
0.864298 0.0642753
0.865738 0.0657146
0.869634 0.069611
0.871882 0.071859
0.873415 0.0733915
0.876067 0.0760438
0.877195 0.0771721
0.883642 0.0836191
0.884117 0.0840941
0.885121 0.0850979
0.885121 0.0850979
0.88544 0.0854174
0.885884 0.0858613
0.887324 0.0873006
0.887643 0.0876201
0.887643 0.0876201
0.888678 0.088655
0.888998 0.0889745
0.888998 0.0889745
0.889939 0.0899161
0.890321 0.0902978
0.89064 0.0906173
0.890991 0.0909679
0.89131 0.0912874
0.892097 0.0920735
0.89282 0.0927973
0.893917 0.0938944
0.894517 0.0944939
0.897542 0.0975194
0.89951 0.0994874
0.900048 0.100025
0.900989 0.100966
0.901309 0.101286
0.904365 0.104342
0.904903 0.10488
0.906435 0.106412
0.906973 0.106949
0.907852 0.107829
0.90842 0.108397
0.90902 0.108997
0.909744 0.10972
0.910063 0.11004
0.910063 0.11004
0.910725 0.110702
0.911697 0.111674
0.912017 0.111994
0.913829 0.113806
0.914304 0.114281
0.914624 0.114601
0.915628 0.115605
0.915947 0.115924
0.916298 0.116275
0.917302 0.117279
0.917746 0.117723
0.924379 0.124356
0.927249 0.127226
0.929186 0.129163
0.930656 0.130633
0.930976 0.130953
0.934064 0.134041
0.935099 0.135076
0.93604 0.136017
0.936795 0.136772
0.938514 0.138491
0.939611 0.139588
0.940149 0.140126
0.940468 0.140445
0.942374 0.142351
0.944 0.143977
0.945937 0.145914
0.94635 0.146327
0.947851 0.147828
0.95097 0.0509391
0.951289 0.151266
0.951609 0.151586
0.951609 0.151586
0.954448 0.154425
0.956074 0.156051
0.957731 0.157708
0.958268 0.0582371
0.962631 0.162608
0.964288 0.0642571
0.965758 0.0657275
0.969624 0.0695929
0.971903 0.0718719
0.973435 0.0734045
0.976088 0.0760568
0.977216 0.077185
0.983663 0.083632
0.984107 0.0840759
0.985142 0.0851108
0.985142 0.0851108
0.985461 0.0854303
0.985905 0.0858743
0.987344 0.0873135
0.987664 0.087633
0.987664 0.087633
0.988699 0.0886679
0.989018 0.0889874
0.989018 0.0889874
0.989929 0.0898979
0.990342 0.0903107
0.990661 0.0906302
0.991012 0.0909808
0.991331 0.0913003
0.992086 0.0920553
0.99281 0.0927792
0.993938 0.0939074
0.994538 0.0945068
0.997532 0.0975013
0.999531 0.0995004
1.00004 0.100007
1.00101 0.100979
1.00133 0.101299
1.00439 0.104355
1.00492 0.104887
1.00642 0.106388
1.00696 0.106925
1.00787 0.107836
1.00844 0.108404
1.00903 0.109004
1.00976 0.109728
1.01008 0.110047
1.01008 0.110047
1.01074 0.110709
1.01171 0.111681
1.01203 0.112001
1.01381 0.113782
1.01432 0.114288
1.01464 0.114608
1.01564 0.115612
1.01596 0.115931
1.01631 0.116282
1.01732 0.117286
1.01776 0.11773
1.02436 0.124332
1.02726 0.127233
1.02917 0.129139
1.03064 0.130609
1.03096 0.130929
1.03405 0.134017
1.03511 0.135083
1.03606 0.136024
1.03678 0.136748
1.03853 0.138498
1.0396 0.139564
1.04016 0.140133
1.04048 0.140452
1.04239 0.142358
1.04398 0.143953
1.04592 0.14589
1.04636 0.146334
1.04787 0.147835
1.05095 0.0509462
1.05127 0.151242
1.05159 0.151562
1.05191 0.151881
1.05444 0.154409
1.05607 0.156035
1.05772 0.157692
1.05823 0.0582216
1.06262 0.162592
1.06428 0.0642727
1.06572 0.0657119
1.06962 0.0696084
1.0719 0.0718874
1.0734 0.0733889
1.07608 0.0760723
1.07721 0.0772005
1.08362 0.0836164
1.08407 0.0840603
1.0851 0.0850952
1.08542 0.0854147
1.08542 0.0854147
1.0859 0.0858898
1.08734 0.087329
1.08766 0.0876485
1.08766 0.0876485
1.08866 0.0886523
1.08898 0.0889718
1.08898 0.0889718
1.08989 0.0898823
1.0903 0.0902951
1.09062 0.0906146
1.09094 0.0509259
1.09094 0.0509259
1.09094 0.0509259
1.09126 0.0912537
1.09126 0.0912537
1.09158 0.0515649
1.09158 0.0512454
1.09158 0.0512454
1.09206 0.0920482
1.09278 0.092772
1.09394 0.0939314
1.09451 0.0944997
1.0975 0.0974942
1.09947 0.0994622
1.10001 0.0999994
1.10095 0.100941
1.10127 0.10126
1.10432 0.104317
1.10486 0.104854
1.10636 0.106356
1.10693 0.106924
1.10781 0.107804
1.10838 0.108372
1.10898 0.108971
1.1097 0.109695
1.11002 0.110015
1.11002 0.110015
1.11068 0.110676
1.11081 0.0508108
1.11081 0.0508108
1.11081 0.0508108
1.11107 0.0510637
1.11107 0.0507441
1.11107 0.0507441
1.1117 0.111688
1.11202 0.112008
1.11383 0.11382
1.11427 0.114264
1.11459 0.114584
1.11563 0.115618
1.11595 0.115938
1.11627 0.116257
1.11727 0.117261
1.11771 0.117705
1.12432 0.124308
1.12722 0.127209
1.12915 0.129146
1.13062 0.130616
1.13094 0.130936
1.13107 0.0510533
1.13107 0.0510533
1.13107 0.0510533
1.13107 0.0510533
1.13107 0.0507338
1.1312 0.0508622
1.1312 0.0508622
1.13401 0.134
1.13507 0.135066
1.13602 0.136008
1.13674 0.136732
1.13849 0.138482
1.13956 0.139548
1.14012 0.140116
1.14044 0.140436
1.14235 0.142342
1.14398 0.143967
1.14588 0.145873
1.14632 0.146317
1.14783 0.147819
1.15095 0.0509411
1.15126 0.151257
1.15158 0.151577
1.15158 0.151577
1.15171 0.051389
1.15171 0.051389
1.15171 0.051389
1.15171 0.051389
1.15171 0.0510695
1.15184 0.0511979
1.15184 0.0511979
1.15443 0.154423
1.15603 0.156018
1.15771 0.157706
1.15822 0.058216
1.16258 0.162575
1.16427 0.0642671
1.16571 0.0657064
1.16961 0.0696028
1.17076 0.0507324
1.17076 0.0507324
1.17076 0.0507324
1.17111 0.0510785
1.17111 0.050759
1.17111 0.050759
1.17189 0.0718898
1.1734 0.0733913
1.17605 0.0760436
1.17721 0.0772029
1.18362 0.0836188
1.18407 0.0840627
1.1851 0.0850976
1.1851 0.0850976
1.18542 0.0854171
1.1859 0.0858922
1.1873 0.0873003
1.18762 0.0876001
1.18762 0.0876198
1.18866 0.0886547
1.18898 0.0889545
1.18898 0.0889742
1.18989 0.0898847
1.1903 0.0902975
1.19062 0.090617
1.19075 0.0507345
1.19075 0.0507345
1.19075 0.0507345
1.19107 0.0910681
1.19107 0.0910395
1.1912 0.0511824
1.1912 0.0508628
1.1912 0.0508628
1.19205 0.0920416
1.1928 0.0927769
1.19396 0.0939362
1.19453 0.0945045
1.19752 0.0975187
1.19949 0.0994815
1.2 0.0999928
1.20097 0.100966
1.20129 0.101285
1.20435 0.104342
1.20488 0.104859
1.20638 0.10638
1.20692 0.106918
1.2078 0.107797
1.2084 0.108377
1.20897 0.108965
1.20972 0.10972
1.21004 0.110039
1.21004 0.110039
1.21067 0.11067
1.2108 0.0508015
1.2108 0.0508015
1.2108 0.0508015
1.21105 0.0510543
1.21105 0.0507348
1.21105 0.0507348
1.21169 0.111682
1.21201 0.112001
1.21382 0.113814
1.21426 0.114238
1.21458 0.114577
1.21562 0.115612
1.21594 0.115931
1.21629 0.116262
1.21726 0.117255
1.2177 0.117699
1.22434 0.124332
1.22721 0.127202
1.22914 0.129139
1.23061 0.13061
1.23093 0.130929
1.23106 0.0510439
1.23106 0.0510439
1.23106 0.0510439
1.23119 0.0511723
1.23119 0.0508528
1.23119 0.0508528
1.23403 0.134025
1.23506 0.13506
1.23601 0.136001
1.23676 0.136756
1.23851 0.138481
1.23958 0.139572
1.24011 0.14011
1.24043 0.140429
1.24234 0.142335
1.244 0.143972
1.2459 0.145898
1.24631 0.146311
1.24785 0.147824
1.25093 0.0509318
1.25125 0.15125
1.25157 0.15157
1.25157 0.15157
1.2517 0.0513797
1.2517 0.0513797
1.2517 0.0513797
1.2517 0.0513797
1.2517 0.0510602
1.25183 0.0511886
1.25183 0.0511886
1.25442 0.154417
1.25605 0.156043
1.2577 0.1577
1.25821 0.0582067
1.26257 0.162569
1.26426 0.0642578
1.26573 0.0657281
1.2696 0.0695935
1.27078 0.0507541
1.27078 0.0507541
1.27078 0.0507541
1.2711 0.0510692
1.2711 0.0507496
1.2711 0.0507496
1.27188 0.0718805
1.27339 0.073382
1.27607 0.0760654
1.2772 0.0771936
1.28361 0.0836095
1.28406 0.0840534
1.28512 0.0851194
1.28512 0.0851194
1.28544 0.0854389
1.28589 0.0858828
1.28729 0.087291
1.28761 0.0876079
1.28761 0.0876105
1.28865 0.0886454
1.28897 0.0889623
1.28897 0.0889649
1.28988 0.0898754
1.29029 0.0902882
1.29061 0.0906077
1.29096 0.0909336
1.29128 0.0912524
1.29141 0.0513952
1.29141 0.0513952
1.29141 0.0513952
1.29141 0.0513952
1.29141 0.0510757
1.29154 0.0512041
1.29154 0.0512041
1.29204 0.0920407
1.29274 0.0927309
1.29393 0.0939213
1.2945 0.0944896
1.29749 0.0974867
1.29943 0.0994079
1.3 0.0999919
1.30097 0.100965
1.30129 0.101284
1.30431 0.10431
1.30485 0.104844
1.30635 0.106348
1.30692 0.106917
1.3078 0.107796
1.30837 0.108362
1.30897 0.108964
1.30972 0.109719
1.31004 0.110038
1.31004 0.110038
1.31067 0.110669
1.3108 0.0507695
1.3108 0.0507695
1.3108 0.0507695
1.31108 0.0510534
1.31108 0.0507339
1.31108 0.0507339
1.31168 0.111681
1.312 0.112
1.31378 0.113782
1.31423 0.114223
1.31455 0.114545
1.31561 0.115611
1.31593 0.11593
1.31625 0.116247
1.31726 0.117254
1.3177 0.117698
1.3243 0.1243
1.3272 0.127201
1.32914 0.129138
1.33058 0.130578
1.3309 0.130897
1.33103 0.0510119
1.33103 0.0510119
1.33103 0.0510119
1.33116 0.0511403
1.33116 0.0508208
1.33116 0.0508208
1.334 0.133993
1.33506 0.135059
1.336 0.136
1.33673 0.136724
1.33851 0.13848
1.33954 0.13954
1.34008 0.140078
1.3404 0.140397
1.34234 0.142334
1.34393 0.143926
1.34587 0.145866
1.34631 0.14631
1.34778 0.147778
1.35093 0.0509309
1.35125 0.15125
1.35157 0.151569
1.35157 0.151569
1.3517 0.0513788
1.3517 0.0513788
1.3517 0.0513788
1.3517 0.0513788
1.3517 0.0510593
1.35183 0.0511877
1.35183 0.0511877
1.35442 0.154416
1.35601 0.156011
1.35767 0.157668
1.35821 0.0582058
1.36257 0.162568
1.36426 0.0642569
1.36573 0.0657272
1.36959 0.0695926
1.37078 0.0507533
1.37078 0.0507533
1.37078 0.0507533
1.3711 0.0510683
1.3711 0.0507488
1.3711 0.0507488
1.37188 0.0718796
1.37341 0.0734122
1.37607 0.0760645
1.3772 0.0771927
1.38364 0.0836397
1.38405 0.0840525
1.38509 0.0850874
1.38541 0.0854069
1.38541 0.0854069
1.38592 0.085913
1.38735 0.0873523
1.38767 0.0876718
1.38767 0.0876552
1.38871 0.0887067
1.38903 0.0890262
1.38903 0.0890096
1.38988 0.0898745
1.39032 0.0903184
1.39064 0.0906379
1.39077 0.0507553
1.39077 0.0507553
1.39077 0.0507553
1.39109 0.0910604
1.39141 0.0913839
1.39154 0.0515227
1.39154 0.0512032
1.39154 0.0512032
1.39204 0.0920398
1.39286 0.0928404
1.39402 0.0940034
1.39459 0.0945681
1.39755 0.097548
1.39971 0.0996764
1.40002 0.100022
1.401 0.100995
1.40132 0.101314
1.40434 0.10434
1.40494 0.104923
1.40641 0.10641
1.40692 0.106916
1.40786 0.107857
1.40846 0.10844
1.40897 0.108963
1.40969 0.109687
1.41001 0.110006
1.41001 0.110006
1.41073 0.11073
1.41086 0.0508308
1.41086 0.0508308
1.41086 0.0508308
1.41108 0.0510525
1.41108 0.050733
1.41108 0.050733
1.41174 0.111742
1.41206 0.112061
1.41385 0.113843
1.41435 0.114332
1.41467 0.114669
1.41567 0.115672
1.41599 0.115992
1.41638 0.116357
1.41732 0.117315
1.4177 0.117697
1.42436 0.124362
1.4272 0.1272
1.4292 0.1292
1.43067 0.13067
1.43099 0.130989
1.43112 0.0511044
1.43112 0.0511044
1.43112 0.0511044
1.43112 0.0511044
1.43112 0.0507849
1.43125 0.0509133
1.43125 0.0509133
1.43406 0.134054
1.43512 0.13512
1.43606 0.136062
1.43679 0.136786
1.43857 0.138542
1.4396 0.139602
1.44017 0.14017
1.44049 0.14049
1.4424 0.142395
1.44409 0.144067
1.44593 0.145927
1.44637 0.146371
1.44794 0.147918
1.45093 0.05093
1.45125 0.151249
1.45157 0.151568
1.45189 0.151888
1.45202 0.0516974
1.45202 0.0516974
1.45202 0.0516974
1.45202 0.0516974
1.45202 0.0513779
1.45215 0.0515063
1.45215 0.0515063
1.45449 0.154486
1.45608 0.156081
1.45774 0.157738
1.45821 0.0582134
1.46264 0.162638
1.46427 0.0642645
1.46574 0.0657348
1.4696 0.0696002
1.47079 0.0507608
1.47079 0.0507608
1.47079 0.0507608
1.4711 0.0510759
1.4711 0.0507564
1.4711 0.0507564
1.47189 0.0718872
1.47342 0.0734198
1.47607 0.0760721
1.4772 0.0772003
1.48362 0.0836162
1.48409 0.0840912
1.48513 0.0851261
1.48545 0.0854456
1.48545 0.0854456
1.48589 0.0858895
1.48736 0.0873599
1.48768 0.0876794
1.48768 0.0876714
1.48872 0.0887143
1.48904 0.0890259
1.48904 0.0890338
1.48991 0.0899132
1.49033 0.090326
1.49065 0.0906455
1.49078 0.0507629
1.49078 0.0507629
1.49078 0.0507629
1.49109 0.091068
1.49141 0.0913863
1.49154 0.0515303
1.49154 0.0512108
1.49154 0.0512108
1.49208 0.0920785
1.49287 0.0928567
1.49403 0.0940089
1.49459 0.0945843
1.49753 0.0975245
1.49971 0.0996961
1.50003 0.10003
1.50097 0.100971
1.50129 0.101291
1.50435 0.104348
1.50495 0.104939
1.50642 0.106417
1.50696 0.106955
1.50784 0.107834
1.50847 0.108457
1.50903 0.109033
1.50976 0.109757
1.51008 0.110076
1.51008 0.110076
1.51071 0.110707
1.51084 0.0508073
1.51084 0.0508073
1.51084 0.0508073
1.51109 0.0510601
1.51109 0.0507406
1.51109 0.0507406
1.51172 0.111718
1.51204 0.112038
1.51385 0.11385
1.51433 0.114318
1.51465 0.114645
1.51565 0.115649
1.51597 0.115968
1.51638 0.116373
1.51732 0.117323
1.51774 0.117736
1.52437 0.124369
1.52727 0.12727
1.52921 0.129207
1.53065 0.130646
1.53097 0.130966
1.5311 0.0510809
1.5311 0.0510809
1.5311 0.0510809
1.5311 0.0510809
1.5311 0.0507614
1.53122 0.0508897
1.53122 0.0508897
1.53406 0.134062
1.5351 0.135097
1.53604 0.136038
1.53679 0.136793
1.53858 0.138549
1.53961 0.139609
1.54015 0.140147
1.54047 0.140466
1.5424 0.142403
1.54406 0.144052
1.54594 0.145935
1.54638 0.146379
1.54794 0.147934
1.55094 0.0509376
1.55126 0.151256
1.55158 0.151576
1.5519 0.151895
1.55203 0.051705
1.55203 0.051705
1.55203 0.051705
1.55203 0.051705
1.55203 0.0513855
1.55215 0.0515139
1.55215 0.0515139
1.55449 0.154493
1.55609 0.156088
1.55775 0.157745
1.55822 0.058221
1.56265 0.162645
1.56427 0.0642721
1.56571 0.0657113
1.56961 0.0696078
1.57076 0.0507373
1.57076 0.0507373
1.57076 0.0507373
1.57108 0.0510523
1.57108 0.0507328
1.57108 0.0507328
1.5719 0.0718948
1.5734 0.0733962
1.57608 0.0760797
1.57721 0.0772079
1.58362 0.0836238
1.5841 0.0840988
1.58513 0.0851337
1.58545 0.0854532
1.58545 0.0854532
1.5859 0.0858971
1.58734 0.0873364
1.58766 0.0876559
1.58766 0.0876566
1.58872 0.0887219
1.58904 0.0890421
1.58904 0.0890414
1.58992 0.0899208
1.59033 0.0903336
1.59065 0.0906531
1.59078 0.0507705
1.59078 0.0507705
1.59078 0.0507705
1.5911 0.0910756
1.59142 0.0914198
1.59155 0.0515379
1.59155 0.0512184
1.59155 0.0512184
1.59209 0.0920861
1.59284 0.0928418
1.59403 0.0940144
1.59457 0.0945694
1.59753 0.0975321
1.59969 0.0996847
1.60004 0.100037
1.60098 0.100979
1.6013 0.101298
1.60436 0.104355
1.60492 0.104924
1.60639 0.106394
1.60696 0.106962
1.60784 0.107842
1.60844 0.108442
1.60901 0.109009
1.60977 0.109764
1.61008 0.110084
1.61008 0.110084
1.61072 0.110714
1.61084 0.0508149
1.61084 0.0508149
1.61084 0.0508149
1.6111 0.0510677
1.6111 0.0507482
1.6111 0.0507482
1.61173 0.111726
1.61205 0.112046
1.61383 0.113827
1.61433 0.114334
1.61465 0.114653
1.61566 0.115656
1.61598 0.115976
1.61636 0.116358
1.61733 0.11733
1.61774 0.117743
1.62438 0.124377
1.62725 0.127247
1.62918 0.129184
1.63065 0.130654
1.63097 0.130974
1.6311 0.0510884
1.6311 0.0510884
1.6311 0.0510884
1.6311 0.0510884
1.6311 0.0507689
1.63123 0.0508973
1.63123 0.0508973
1.63407 0.134069
1.6351 0.135104
1.63605 0.136046
1.6368 0.136801
1.63855 0.138526
1.63962 0.139617
1.64015 0.140154
1.64047 0.140474
1.64238 0.14238
1.64407 0.144068
1.64594 0.145942
1.64636 0.146355
1.64792 0.14792
1.65098 0.0509452
1.6513 0.151295
1.65162 0.151614
1.65193 0.151934
1.65206 0.0517126
1.65206 0.0517126
1.65206 0.0517126
1.65206 0.0517126
1.65206 0.0513931
1.65219 0.0515215
1.65219 0.0515215
1.65447 0.15447
1.6561 0.156096
1.65775 0.157753
1.65826 0.0582285
1.66262 0.162622
1.66431 0.0642796
1.66575 0.0657189
1.66965 0.0696154
1.67077 0.0507449
1.67077 0.0507449
1.67077 0.0507449
1.67109 0.0510599
1.67109 0.0507404
1.67109 0.0507404
1.67193 0.0719024
1.67343 0.0734038
1.67612 0.0760872
1.67725 0.0772155
1.68366 0.0836313
1.68414 0.0841064
1.68517 0.0851413
1.68517 0.0851413
1.68549 0.0854608
1.68594 0.0859047
1.68737 0.087344
1.68769 0.0876635
1.68769 0.0876728
1.68873 0.0886984
1.68905 0.0890272
1.68905 0.0890179
1.68996 0.0899283
1.69037 0.0903412
1.69069 0.0906607
1.69082 0.0508092
1.69082 0.0508092
1.69082 0.0508092
1.69114 0.0911143
1.69114 0.0911338
1.69127 0.0512571
1.69127 0.0509376
1.69127 0.0509376
1.69212 0.0920852
1.69287 0.0928495
1.69403 0.0940115
1.6946 0.0945772
1.69756 0.0975312
1.69972 0.0996959
1.70007 0.100036
1.70101 0.100978
1.70133 0.101298
1.70439 0.104354
1.70495 0.104932
1.70642 0.106393
1.70699 0.106961
1.70787 0.107841
1.70847 0.108449
1.70904 0.109008
1.70979 0.109763
1.71011 0.110083
1.71011 0.110083
1.71074 0.110713
1.71087 0.0508451
1.71087 0.0508451
1.71087 0.0508451
1.71109 0.0510668
1.71109 0.0507473
1.71109 0.0507473
1.71176 0.111725
1.71208 0.112045
1.71389 0.113857
1.71436 0.114342
1.71468 0.114652
1.71569 0.115655
1.71601 0.115975
1.71639 0.116366
1.71736 0.117329
1.71777 0.117742
1.72441 0.124376
1.72728 0.127246
1.72921 0.129183
1.73068 0.130653
1.731 0.130973
1.73113 0.0511187
1.73113 0.0511187
1.73113 0.0511187
1.73113 0.0511187
1.73113 0.0507992
1.73126 0.0509276
1.73126 0.0509276
1.7341 0.134068
1.73513 0.135103
1.73608 0.136045
1.73683 0.1368
1.73855 0.138525
1.73965 0.139616
1.74018 0.140153
1.7405 0.140473
1.74241 0.142379
1.7441 0.144076
1.74597 0.145941
1.74639 0.146354
1.74795 0.147927
1.75097 0.0509443
1.75129 0.151263
1.75161 0.151583
1.75193 0.151902
1.75206 0.0517117
1.75206 0.0517117
1.75206 0.0517117
1.75206 0.0517117
1.75206 0.0513922
1.75219 0.0515206
1.75219 0.0515206
1.7545 0.154469
1.75613 0.156095
1.75778 0.157752
1.75826 0.0582277
1.76268 0.162652
1.76431 0.0642788
1.76575 0.065718
1.76964 0.0696145
1.77077 0.050744
1.77077 0.050744
1.77077 0.050744
1.77108 0.051059
1.77108 0.0507395
1.77108 0.0507395
1.77193 0.0719015
1.77343 0.073403
1.77612 0.0760864
1.77724 0.0772146
1.78366 0.0836305
1.7841 0.0840744
1.78517 0.0851404
1.78517 0.0851404
1.78549 0.0854599
1.78593 0.0859038
1.78737 0.0873431
1.78769 0.0876626
1.78769 0.0876806
1.78873 0.0886975
1.78905 0.089035
1.78905 0.089017
1.78996 0.0899275
1.79037 0.0903403
1.79069 0.0906598
1.79082 0.0508083
1.79082 0.0508083
1.79082 0.0508083
1.79114 0.0911134
1.79114 0.0911278
1.79127 0.0512562
1.79127 0.0509367
1.79127 0.0509367
1.79211 0.0920844
1.79287 0.0928573
1.79403 0.0940085
1.7946 0.094585
1.79756 0.0975303
1.79968 0.099676
1.80007 0.100036
1.80101 0.100977
1.80133 0.101297
1.80438 0.104353
1.80495 0.10494
1.80642 0.106392
1.80699 0.10696
1.80787 0.10784
1.80844 0.108426
1.80904 0.109008
1.80979 0.109762
1.81011 0.110082
1.81011 0.110082
1.81074 0.110713
1.81087 0.0508443
1.81087 0.0508443
1.81087 0.0508443
1.81109 0.051066
1.81109 0.0507464
1.81109 0.0507464
1.81175 0.111724
1.81207 0.112044
1.81389 0.113856
1.81433 0.114318
1.81465 0.11462
1.81568 0.115655
1.816 0.115974
1.81635 0.116343
1.81736 0.117329
1.81777 0.117741
1.82441 0.124375
1.82728 0.127245
1.82921 0.129182
1.83068 0.130652
1.831 0.130972
1.83113 0.0511178
1.83113 0.0511178
1.83113 0.0511178
1.83113 0.0511178
1.83113 0.0507983
1.83126 0.0509267
1.83126 0.0509267
1.8341 0.134067
1.83513 0.135102
1.83607 0.136044
1.83683 0.136799
1.83855 0.138524
1.83965 0.139615
1.84018 0.140152
1.8405 0.140472
1.84241 0.142378
1.84406 0.144053
1.84597 0.145941
1.84638 0.146353
1.84795 0.147935
1.85097 0.0509434
1.85129 0.151262
1.85161 0.151582
1.85193 0.151901
1.85206 0.0517108
1.85206 0.0517108
1.85206 0.0517108
1.85206 0.0517108
1.85206 0.0513913
1.85219 0.0515197
1.85219 0.0515197
1.8545 0.154468
1.85612 0.156094
1.85778 0.157751
1.85826 0.0582268
1.86268 0.162651
1.86431 0.0642779
1.86575 0.0657171
1.86964 0.0696136
1.87077 0.0507432
1.87077 0.0507432
1.87077 0.0507432
1.87108 0.0510582
1.87108 0.0507387
1.87108 0.0507387
1.87193 0.0719006
1.87343 0.0734021
1.87611 0.0760855
1.87724 0.0772137
1.88366 0.0836296
1.8841 0.0840735
1.88517 0.0851395
1.88517 0.0851395
1.88549 0.085459
1.88593 0.0859029
1.88737 0.0873422
1.88769 0.0876617
1.88769 0.0876883
1.88873 0.0886966
1.88905 0.0890427
1.88905 0.0890161
1.88996 0.0899266
1.89037 0.0903394
1.89069 0.0906589
1.89082 0.0508074
1.89082 0.0508074
1.89082 0.0508074
1.89114 0.0911125
1.89114 0.0911217
1.89126 0.0512553
1.89126 0.0509358
1.89126 0.0509358
1.89211 0.0920835
1.89287 0.0928651
1.89403 0.0940056
1.8946 0.0945927
1.89756 0.0975294
1.89971 0.0996873
1.90006 0.100035
1.90101 0.100976
1.90133 0.101296
1.90438 0.104352
1.90492 0.104916
1.90642 0.106391
1.90699 0.106959
1.90787 0.107839
1.90844 0.108434
1.90904 0.109007
1.90979 0.109762
1.91011 0.110081
1.91011 0.110081
1.91074 0.110712
1.91087 0.0508434
1.91087 0.0508434
1.91087 0.0508434
1.91109 0.0510651
1.91109 0.0507456
1.91109 0.0507456
1.91175 0.111723
1.91207 0.112043
1.91388 0.113855
1.91433 0.114326
1.91465 0.114619
1.91568 0.115654
1.916 0.115973
1.91635 0.11635
1.91736 0.117328
1.91777 0.11774
1.9244 0.124374
1.92727 0.127244
1.92921 0.129181
1.93068 0.130651
1.931 0.130971
1.93113 0.0511169
1.93113 0.0511169
1.93113 0.0511169
1.93113 0.0511169
1.93113 0.0507974
1.93126 0.0509258
1.93126 0.0509258
1.9341 0.134067
1.93513 0.135102
1.93607 0.136043
1.93683 0.136798
1.93855 0.138523
1.93964 0.139614
1.94018 0.140152
1.9405 0.140471
1.94241 0.142377
1.94406 0.144061
1.94597 0.14594
1.94638 0.146353
1.94795 0.147943
1.95097 0.0509426
1.95129 0.151261
1.95161 0.151581
1.95193 0.1519
1.95206 0.05171
1.95206 0.05171
1.95206 0.05171
1.95206 0.05171
1.95206 0.0513904
1.95219 0.0515188
1.95219 0.0515188
1.9545 0.154467
1.95612 0.156093
1.95778 0.15775
1.95825 0.0582259
1.96268 0.16265
1.96431 0.064277
1.96574 0.0657163
1.96964 0.0696127
1.97077 0.0507423
1.97077 0.0507423
1.97077 0.0507423
1.97108 0.0510573
1.97108 0.0507378
1.97108 0.0507378
1.97193 0.0718997
1.97343 0.0734012
1.97611 0.0760846
1.97724 0.0772128
1.98366 0.0836287
1.98413 0.0841037
1.98517 0.0851386
1.98517 0.0851386
1.98549 0.0854581
1.98593 0.0859021
1.98737 0.0873413
1.98769 0.0876608
1.98769 0.087665
1.98872 0.0886957
1.98904 0.0890194
1.98904 0.0890152
1.98995 0.0899257
1.99037 0.0903385
1.99069 0.090658
1.99082 0.0508065
1.99082 0.0508065
1.99082 0.0508065
1.99113 0.0911116
1.99113 0.0911157
1.99126 0.0512544
1.99126 0.0509349
1.99126 0.0509349
1.99211 0.0920826
1.99287 0.0928417
1.99403 0.0940026
1.99459 0.0945694
1.99756 0.0975286
1.99971 0.0996985
2.00006 0.100034
2.001 0.100975
2.00132 0.101295
2.00438 0.104352
2.00494 0.104918
2.00641 0.106384
2.00698 0.106953
2.00786 0.107832
2.00846 0.108436
2.00903 0.109
2.00978 0.109755
2.0101 0.110074
2.0101 0.110074
2.01073 0.110705
2.01086 0.0508367
2.01086 0.0508367
2.01086 0.0508367
2.01108 0.0510584
2.01108 0.0507389
2.01108 0.0507389
2.01175 0.111717
2.01206 0.112036
2.01388 0.113849
2.01435 0.114328
2.01467 0.114643
2.01568 0.115647
2.016 0.115967
2.01638 0.116352
2.01735 0.117321
2.01776 0.117734
2.0244 0.124367
2.02727 0.127237
2.0292 0.129174
2.03067 0.130645
2.03099 0.130964
2.03112 0.0511102
2.03112 0.0511102
2.03112 0.0511102
2.03112 0.0511102
2.03112 0.0507907
2.03125 0.0509191
2.03125 0.0509191
2.03409 0.13406
2.03512 0.135095
2.03607 0.136036
2.03682 0.136791
2.03854 0.138516
2.03964 0.139608
2.04017 0.140145
2.04049 0.140464
2.0424 0.14237
2.04409 0.144062
2.04596 0.145933
2.04637 0.146346
2.04794 0.147914
2.05096 0.0509359
2.05128 0.151255
2.0516 0.151574
2.05192 0.151894
2.05205 0.0517033
2.05205 0.0517033
2.05205 0.0517033
2.05205 0.0517033
2.05205 0.0513838
2.05218 0.0515122
2.05218 0.0515122
2.05449 0.154461
2.05612 0.156086
2.05777 0.157743
2.05825 0.0582192
2.06264 0.162613
2.0643 0.0642703
2.06574 0.0657096
2.06963 0.0696061
2.07076 0.0507356
2.07076 0.0507356
2.07076 0.0507356
2.07107 0.0510506
2.07107 0.0507311
2.07107 0.0507311
2.07192 0.0718931
2.07345 0.0734256
2.07611 0.0760779
2.07723 0.0772061
2.08365 0.083622
2.08409 0.084066
2.08519 0.0851631
2.08519 0.0851631
2.08551 0.0854826
2.08592 0.0858954
2.08739 0.0873657
2.08771 0.0876852
2.08771 0.0876981
2.08872 0.088689
2.08904 0.0890214
2.08904 0.0890086
2.08992 0.0898879
2.09036 0.0903319
2.09068 0.0906514
2.09081 0.0507999
2.09081 0.0507999
2.09081 0.0507999
2.09113 0.091105
2.09145 0.0914233
2.09157 0.0515673
2.09157 0.0512478
2.09157 0.0512478
2.09208 0.0920533
2.09284 0.0928211
2.09403 0.0940115
2.09459 0.0945798
2.09756 0.0975304
2.09965 0.0996502
2.10003 0.100005
2.101 0.100977
2.10132 0.101297
2.10435 0.104322
2.10492 0.104903
2.10642 0.106392
2.10696 0.106929
2.10784 0.107809
2.10844 0.108421
2.10904 0.109008
2.10976 0.109731
2.11008 0.110051
2.11008 0.110051
2.11071 0.110681
2.11084 0.0508132
2.11084 0.0508132
2.11084 0.0508132
2.11109 0.051066
2.11109 0.0507465
2.11109 0.0507465
2.11178 0.111755
2.1121 0.112075
2.11388 0.113856
2.1143 0.114282
2.11462 0.114589
2.11571 0.115686
2.11603 0.116005
2.11635 0.116338
2.11733 0.117297
2.11777 0.117741
2.12437 0.124344
2.12727 0.127245
2.12921 0.129182
2.13065 0.130621
2.13097 0.130941
2.1311 0.0510867
2.1311 0.0510867
2.1311 0.0510867
2.1311 0.0510867
2.1311 0.0507672
2.13123 0.0508956
2.13123 0.0508956
2.13406 0.134036
2.13513 0.135102
2.13607 0.136044
2.13683 0.136799
2.13855 0.138524
2.13961 0.139584
2.14015 0.140121
2.14047 0.140441
2.14241 0.142378
2.14406 0.144048
2.14594 0.14591
2.14638 0.146353
2.14794 0.14793
2.15097 0.0509435
2.15129 0.151262
2.15161 0.151582
2.15193 0.151901
2.15206 0.0517109
2.15206 0.0517109
2.15206 0.0517109
2.15206 0.0517109
2.15206 0.0513914
2.15219 0.0515198
2.15219 0.0515198
2.1545 0.154468
2.15609 0.156063
2.15778 0.157751
2.15825 0.0582268
2.16265 0.16262
2.1643 0.0642779
2.16574 0.0657172
2.16961 0.0695825
2.17076 0.0507432
2.17076 0.0507432
2.17076 0.0507432
2.17108 0.0510582
2.17108 0.0507387
2.17108 0.0507387
2.17193 0.0719006
2.17346 0.0734332
2.17611 0.0760855
2.17724 0.0772137
2.18363 0.0835985
2.1841 0.0840735
2.18517 0.0851395
2.18549 0.085459
2.18549 0.085459
2.18593 0.085903
2.1874 0.0873733
2.18772 0.0876928
2.18772 0.0877143
2.18872 0.0886966
2.18904 0.0890376
2.18904 0.0890161
2.18992 0.0898955
2.19037 0.0903394
2.19069 0.0906589
2.19081 0.0508075
2.19081 0.0508075
2.19081 0.0508075
2.19113 0.0911125
2.19145 0.0914257
2.19158 0.0515749
2.19158 0.0512554
2.19158 0.0512554
2.19209 0.0920609
2.19284 0.0928373
2.19403 0.0940201
2.1946 0.094596
2.19756 0.0975379
2.19969 0.0996699
2.20004 0.100012
2.20098 0.100954
2.20133 0.101304
2.20436 0.10433
2.20489 0.104889
2.2064 0.106369
2.20696 0.106937
2.20784 0.107816
2.20841 0.108406
2.20901 0.108984
2.20977 0.109739
2.21009 0.110059
2.21009 0.110059
2.21072 0.110689
2.21084 0.0508208
2.21084 0.0508208
2.21084 0.0508208
2.2111 0.0510736
2.2111 0.0507541
2.2111 0.0507541
2.21176 0.111732
2.21208 0.112051
2.21389 0.113864
2.2143 0.114298
2.21462 0.114596
2.21569 0.115662
2.21601 0.115982
2.21636 0.116354
2.21733 0.117305
2.21774 0.117718
2.22438 0.124351
2.22728 0.127253
2.22922 0.12919
2.23066 0.130629
2.23098 0.130948
2.2311 0.0510943
2.2311 0.0510943
2.2311 0.0510943
2.2311 0.0510943
2.2311 0.0507748
2.23123 0.0509032
2.23123 0.0509032
2.23407 0.134044
2.23511 0.135079
2.23605 0.13602
2.2368 0.136775
2.23855 0.138531
2.23962 0.139592
2.24016 0.140129
2.24048 0.140448
2.24238 0.142354
2.24404 0.144033
2.24594 0.145917
2.24639 0.146361
2.24792 0.147915
2.25095 0.0509199
2.25127 0.151239
2.25159 0.151558
2.2519 0.151878
2.25203 0.0516873
2.25203 0.0516873
2.25203 0.0516873
2.25203 0.0516873
2.25203 0.0513678
2.25216 0.0514962
2.25216 0.0514962
2.2545 0.154476
2.2561 0.15607
2.25775 0.157727
2.25823 0.0582033
2.26265 0.162628
2.26431 0.0642855
2.26575 0.0657248
2.26962 0.0695901
2.27077 0.0507508
2.27077 0.0507508
2.27077 0.0507508
2.27109 0.0510658
2.27109 0.0507463
2.27109 0.0507463
2.27193 0.0719082
2.27344 0.0734097
2.27612 0.0760931
2.27725 0.0772213
2.28363 0.0836061
2.28408 0.08405
2.28517 0.0851471
2.28517 0.0851471
2.28549 0.0854666
2.28594 0.0859106
2.28738 0.0873498
2.2877 0.0876693
2.2877 0.0876683
2.28873 0.0887042
2.28905 0.0890227
2.28905 0.0890237
2.28993 0.0899031
2.29037 0.090347
2.29069 0.0906665
2.29082 0.0508151
2.29082 0.0508151
2.29082 0.0508151
2.29114 0.0911201
2.29114 0.0911397
2.29127 0.0512629
2.29127 0.0509434
2.29127 0.0509434
2.29209 0.09206
2.29287 0.092845
2.29403 0.0940263
2.2946 0.0945727
2.29756 0.0975371
2.29966 0.09965
2.30004 0.100011
2.30098 0.100953
2.30133 0.101303
2.30436 0.104329
2.30492 0.104896
2.30639 0.106368
2.30696 0.106936
2.30784 0.107815
2.30844 0.108414
2.30901 0.108983
2.30976 0.109738
2.31008 0.110058
2.31008 0.110058
2.31071 0.110688
2.31084 0.0508199
2.31084 0.0508199
2.31084 0.0508199
2.3111 0.0510727
2.3111 0.0507532
2.3111 0.0507532
2.31176 0.111731
2.31208 0.112051
2.31389 0.113863
2.31433 0.114306
2.31465 0.114626
2.31569 0.115661
2.31601 0.115981
2.31636 0.11633
2.31733 0.117304
2.31774 0.117717
2.32438 0.124351
2.32728 0.127252
2.32921 0.129189
2.33065 0.130628
2.33097 0.130947
2.3311 0.0510934
2.3311 0.0510934
2.3311 0.0510934
2.3311 0.0510934
2.3311 0.0507739
2.33123 0.0509023
2.33123 0.0509023
2.33407 0.134043
2.3351 0.135078
2.33605 0.13602
2.3368 0.136775
2.33855 0.138531
2.33962 0.139591
2.34015 0.140128
2.34047 0.140448
2.34238 0.142353
2.34407 0.14404
2.34594 0.145916
2.34639 0.14636
2.34795 0.147923
2.35094 0.0509191
2.35126 0.151238
2.35158 0.151557
2.3519 0.151877
2.35203 0.0516865
2.35203 0.0516865
2.35203 0.0516865
2.35203 0.0516865
2.35203 0.051367
2.35216 0.0514954
2.35216 0.0514954
2.3545 0.154475
2.3561 0.15607
2.35778 0.157758
2.35823 0.0582024
2.36265 0.162627
2.36431 0.0642846
2.36575 0.0657239
2.36961 0.0695892
2.37077 0.0507499
2.37077 0.0507499
2.37077 0.0507499
2.37108 0.0510649
2.37108 0.0507454
2.37108 0.0507454
2.37193 0.0719073
2.37343 0.0734088
2.37612 0.0760922
2.37725 0.0772204
2.38363 0.0836052
2.38407 0.0840491
2.38517 0.0851462
2.38517 0.0851462
2.38549 0.0854658
2.38594 0.0859097
2.38737 0.0873489
2.38769 0.0876684
2.38769 0.0876761
2.38873 0.0887033
2.38905 0.0890305
2.38905 0.0890228
2.38993 0.0899022
2.39037 0.0903461
2.39069 0.0906657
2.39082 0.0508142
2.39082 0.0508142
2.39082 0.0508142
2.39114 0.0911192
2.39114 0.0911337
2.39127 0.0512621
2.39127 0.0509426
2.39127 0.0509426
2.39208 0.0920591
2.39284 0.0928217
2.39403 0.0940265
2.3946 0.0945805
2.39756 0.0975362
2.39969 0.0996612
2.40004 0.10001
2.40101 0.100983
2.40133 0.101303
2.40435 0.104328
2.40492 0.104904
2.40639 0.106367
2.40696 0.106935
2.40784 0.107814
2.40844 0.108422
2.40901 0.108982
2.40976 0.109737
2.41008 0.110057
2.41008 0.110057
2.41071 0.110687
2.41084 0.050819
2.41084 0.050819
2.41084 0.050819
2.41109 0.0510718
2.41109 0.0507523
2.41109 0.0507523
2.41176 0.11173
2.41207 0.11205
2.41389 0.113862
2.4143 0.114283
2.41462 0.114594
2.41569 0.11566
2.41601 0.11598
2.41636 0.116338
2.41733 0.117303
2.41774 0.117716
2.42438 0.12435
2.42728 0.127251
2.42921 0.129188
2.43065 0.130627
2.43097 0.130947
2.4311 0.0510925
2.4311 0.0510925
2.4311 0.0510925
2.4311 0.0510925
2.4311 0.050773
2.43123 0.0509014
2.43123 0.0509014
2.43407 0.134042
2.4351 0.135077
2.43604 0.136019
2.4368 0.136774
2.43855 0.13853
2.43962 0.13959
2.44015 0.140127
2.44047 0.140447
2.44238 0.142353
2.44407 0.144048
2.44594 0.145915
2.44638 0.146359
2.44795 0.147931
2.45094 0.0509182
2.45126 0.151237
2.45158 0.151556
2.4519 0.151876
2.45203 0.0516856
2.45203 0.0516856
2.45203 0.0516856
2.45203 0.0516856
2.45203 0.0513661
2.45216 0.0514945
2.45216 0.0514945
2.4545 0.154474
2.45609 0.156069
2.45775 0.157726
2.45823 0.0582015
2.46265 0.162626
2.46431 0.0642837
2.46575 0.065723
2.46961 0.0695884
2.47077 0.050749
2.47077 0.050749
2.47077 0.050749
2.47108 0.051064
2.47108 0.0507445
2.47108 0.0507445
2.47193 0.0719065
2.47343 0.0734079
2.47612 0.0760913
2.47724 0.0772195
2.48363 0.0836043
2.48407 0.0840483
2.48517 0.0851454
2.48517 0.0851454
2.48549 0.0854649
2.48593 0.0859088
2.48737 0.087348
2.48769 0.0876676
2.48769 0.0876838
2.48873 0.0887025
2.48905 0.0890382
2.48905 0.089022
2.48993 0.0899013
2.49037 0.0903453
2.49069 0.0906648
2.49082 0.0508133
2.49082 0.0508133
2.49082 0.0508133
2.49114 0.0911184
2.49114 0.0911276
2.49127 0.0512612
2.49127 0.0509417
2.49127 0.0509417
2.49208 0.0920582
2.49284 0.0928295
2.49403 0.0940266
2.4946 0.0945882
2.49756 0.0975353
2.49968 0.0996724
2.50003 0.100009
2.50101 0.100982
2.50133 0.101302
2.50435 0.104327
2.50492 0.104912
2.50639 0.106366
2.50696 0.106934
2.50784 0.107814
2.50841 0.108398
2.50901 0.108981
2.50976 0.109736
2.51008 0.110056
2.51008 0.110056
2.51071 0.110686
2.51084 0.0508181
2.51084 0.0508181
2.51084 0.0508181
2.51109 0.0510709
2.51109 0.0507514
2.51109 0.0507514
2.51175 0.111729
2.51207 0.112049
2.51389 0.113861
2.5143 0.11429
2.51462 0.114594
2.51568 0.11566
2.516 0.115979
2.51635 0.116346
2.51733 0.117302
2.51774 0.117715
2.52437 0.124349
2.52727 0.12725
2.52921 0.129187
2.53065 0.130626
2.53097 0.130946
2.5311 0.0510917
2.5311 0.0510917
2.5311 0.0510917
2.5311 0.0510917
2.5311 0.0507722
2.53123 0.0509005
2.53123 0.0509005
2.53407 0.134041
2.5351 0.135076
2.53604 0.136018
2.5368 0.136773
2.53855 0.138529
2.53961 0.139589
2.54015 0.140126
2.54047 0.140446
2.54238 0.142352
2.54406 0.144056
2.54594 0.145914
2.54638 0.146358
2.54792 0.147907
2.55097 0.0509484
2.55129 0.151267
2.55161 0.151587
2.55193 0.151906
2.55206 0.0517158
2.55206 0.0517158
2.55206 0.0517158
2.55206 0.0517158
2.55206 0.0513963
2.55219 0.0515247
2.55219 0.0515247
2.5545 0.154473
2.55609 0.156068
2.55775 0.157725
2.55826 0.0582318
2.56265 0.162625
2.56431 0.0642829
2.56575 0.0657221
2.56961 0.0695875
2.57077 0.0507481
2.57077 0.0507481
2.57077 0.0507481
2.57108 0.0510631
2.57108 0.0507436
2.57108 0.0507436
2.57193 0.0719056
2.57343 0.073407
2.57611 0.0760905
2.57724 0.0772187
2.58363 0.0836035
2.5841 0.0840785
2.58517 0.0851445
2.58549 0.085464
2.58549 0.085464
2.58593 0.0859079
2.58737 0.0873472
2.58769 0.0876667
2.58769 0.0876605
2.58873 0.0887016
2.58904 0.0890211
2.58904 0.0890149
2.58992 0.0899005
2.59037 0.0903444
2.59069 0.0906639
2.59082 0.0508124
2.59082 0.0508124
2.59082 0.0508124
2.59114 0.0911175
2.59114 0.0911215
2.59126 0.0512603
2.59126 0.0509408
2.59126 0.0509408
2.59208 0.0920573
2.59287 0.0928372
2.59406 0.0940268
2.59463 0.094596
2.59756 0.0975344
2.59968 0.0996526
2.60003 0.100009
2.601 0.100981
2.60132 0.101301
2.60435 0.104326
2.60492 0.104888
2.60639 0.106365
2.60696 0.106933
2.60784 0.107813
2.60844 0.108406
2.609 0.108981
2.60976 0.109735
2.61008 0.110055
2.61008 0.110055
2.61071 0.110686
2.61084 0.0508172
2.61084 0.0508172
2.61084 0.0508172
2.61109 0.05107
2.61109 0.0507505
2.61109 0.0507505
2.61175 0.111728
2.61207 0.112048
2.61388 0.11386
2.61433 0.114298
2.61465 0.114624
2.61568 0.115659
2.616 0.115978
2.61635 0.116323
2.61733 0.117302
2.61774 0.117714
2.62437 0.124348
2.62727 0.127249
2.62921 0.129186
2.63065 0.130625
2.63097 0.130945
2.6311 0.0510908
2.6311 0.0510908
2.6311 0.0510908
2.6311 0.0510908
2.6311 0.0507713
2.63123 0.0508997
2.63123 0.0508997
2.63406 0.13404
2.6351 0.135075
2.63604 0.136017
2.6368 0.136772
2.63855 0.138528
2.63961 0.139588
2.64015 0.140125
2.64047 0.140445
2.64237 0.142351
2.64406 0.144033
2.64594 0.145914
2.64638 0.146357
2.64794 0.147915
2.65097 0.0509475
2.65129 0.151266
2.65161 0.151586
2.65193 0.151905
2.65206 0.0517149
2.65206 0.0517149
2.65206 0.0517149
2.65206 0.0517149
2.65206 0.0513954
2.65219 0.0515238
2.65219 0.0515238
2.6545 0.154472
2.65609 0.156067
2.65775 0.157724
2.65825 0.0582309
2.66265 0.162624
2.6643 0.064282
2.66574 0.0657212
2.66961 0.0695866
2.67076 0.0507472
2.67076 0.0507472
2.67076 0.0507472
2.67108 0.0510623
2.67108 0.0507428
2.67108 0.0507428
2.67193 0.0719047
2.67343 0.0734062
2.67611 0.0760896
2.67724 0.0772178
2.68363 0.0836026
2.6841 0.0840776
2.68517 0.0851436
2.68549 0.0854631
2.68549 0.0854631
2.68593 0.085907
2.68737 0.0873463
2.68769 0.0876658
2.68769 0.0876682
2.68872 0.0887007
2.68904 0.0890226
2.68904 0.0890202
2.68992 0.0898996
2.69037 0.0903435
2.69069 0.090663
2.69081 0.0508115
2.69081 0.0508115
2.69081 0.0508115
2.69113 0.0911166
2.69113 0.0911155
2.69126 0.0512594
2.69126 0.0509399
2.69126 0.0509399
2.69208 0.0920565
2.69287 0.092845
2.69406 0.0940269
2.69459 0.0945726
2.69756 0.0975335
2.69968 0.0996638
2.70003 0.100008
2.701 0.10098
2.70132 0.1013
2.70435 0.104325
2.70492 0.104896
2.70639 0.106364
2.70696 0.106932
2.70783 0.107812
2.70843 0.108414
2.709 0.10898
2.70976 0.109735
2.71008 0.110054
2.71008 0.110054
2.71071 0.110685
2.71084 0.0508164
2.71084 0.0508164
2.71084 0.0508164
2.71109 0.0510692
2.71109 0.0507497
2.71109 0.0507497
2.71175 0.111727
2.71207 0.112047
2.71388 0.11386
2.71433 0.114306
2.71465 0.114623
2.71571 0.115689
2.71603 0.116008
2.71635 0.11633
2.71732 0.117301
2.71774 0.117713
2.72437 0.124347
2.72727 0.127248
2.72921 0.129185
2.73065 0.130624
2.73097 0.130944
2.7311 0.0510899
2.7311 0.0510899
2.7311 0.0510899
2.7311 0.0510899
2.7311 0.0507704
2.73122 0.0508988
2.73122 0.0508988
2.73406 0.13404
2.7351 0.135074
2.73604 0.136016
2.73679 0.136771
2.73854 0.138527
2.73961 0.139587
2.74015 0.140125
2.74047 0.140444
2.7424 0.142381
2.74406 0.14404
2.74594 0.145913
2.74638 0.146357
2.74794 0.147923
2.75097 0.0509466
2.75129 0.151265
2.75161 0.151585
2.75193 0.151904
2.75206 0.051714
2.75206 0.051714
2.75206 0.051714
2.75206 0.051714
2.75206 0.0513945
2.75218 0.0515229
2.75218 0.0515229
2.75449 0.154471
2.75609 0.156066
2.75778 0.157754
2.75825 0.05823
2.76265 0.162623
2.7643 0.0642811
2.76574 0.0657204
2.76961 0.0695857
2.77076 0.0507464
2.77076 0.0507464
2.77076 0.0507464
2.77108 0.0510614
2.77108 0.0507419
2.77108 0.0507419
2.77193 0.0719038
2.77343 0.0734053
2.77611 0.0760887
2.77724 0.0772169
2.78362 0.0836017
2.7841 0.0840767
2.78516 0.0851427
2.78548 0.0854622
2.78548 0.0854622
2.78593 0.0859062
2.78737 0.0873454
2.78769 0.0876649
2.78769 0.087676
2.78872 0.0886998
2.78904 0.0890304
2.78904 0.0890193
2.78992 0.0898987
2.79036 0.0903426
2.79068 0.0906621
2.79081 0.0508106
2.79081 0.0508106
2.79081 0.0508106
2.79113 0.0911157
2.79145 0.0914289
2.79158 0.051578
2.79158 0.0512585
2.79158 0.0512585
2.79209 0.0920641
2.79284 0.0928301
2.79406 0.0940356
2.7946 0.0945889
2.79753 0.09751
2.79966 0.0996524
2.80004 0.100015
2.80098 0.100957
2.8013 0.101276
2.80436 0.104333
2.80492 0.104912
2.80639 0.106372
2.80696 0.10694
2.80784 0.107819
2.80841 0.108399
2.80901 0.108987
2.80976 0.109742
2.81008 0.110062
2.81008 0.110062
2.81071 0.110692
2.81084 0.0508239
2.81084 0.0508239
2.81084 0.0508239
2.8111 0.0510768
2.8111 0.0507572
2.8111 0.0507572
2.81176 0.111735
2.81208 0.112055
2.81389 0.113867
2.8143 0.114291
2.81462 0.114599
2.81569 0.115665
2.81601 0.115985
2.81636 0.116347
2.81733 0.117308
2.81774 0.117721
2.82435 0.124324
2.82725 0.127225
2.82921 0.129193
2.83065 0.130632
2.83097 0.130951
2.8311 0.0510975
2.8311 0.0510975
2.8311 0.0510975
2.8311 0.0510975
2.8311 0.050778
2.83123 0.0509064
2.83123 0.0509064
2.83407 0.134047
2.8351 0.135082
2.83605 0.136024
2.8368 0.136779
2.83855 0.138535
2.83962 0.139595
2.84015 0.140132
2.84047 0.140452
2.84238 0.142357
2.84407 0.144057
2.84594 0.14592
2.84639 0.146364
2.84792 0.147908
2.85094 0.0509231
2.85126 0.151242
2.85158 0.151561
2.8519 0.151881
2.85203 0.0516905
2.85203 0.0516905
2.85203 0.0516905
2.85203 0.0516905
2.85203 0.051371
2.85216 0.0514994
2.85216 0.0514994
2.8545 0.154479
2.8561 0.156074
2.85775 0.157731
2.85823 0.0582065
2.86265 0.162631
2.86428 0.0642576
2.86575 0.0657279
2.86961 0.0695933
2.87077 0.050754
2.87077 0.050754
2.87077 0.050754
2.87108 0.051069
2.87108 0.0507495
2.87108 0.0507495
2.87193 0.0719114
2.87343 0.0734129
2.87612 0.0760963
2.87725 0.0772245
2.88363 0.0836093
2.88407 0.0840532
2.88517 0.0851503
2.88517 0.0851503
2.88549 0.0854698
2.88594 0.0859137
2.88737 0.087353
2.88769 0.0876725
2.88769 0.0876922
2.88873 0.0887074
2.88905 0.0890466
2.88905 0.0890269
2.88993 0.0899063
2.89037 0.0903502
2.89069 0.0906697
2.89082 0.0508182
2.89082 0.0508182
2.89082 0.0508182
2.89114 0.0911233
2.89146 0.0914313
2.89159 0.0515856
2.89159 0.0512661
2.89159 0.0512661
2.89209 0.0920716
2.89285 0.0928463
2.89407 0.0940442
2.89458 0.094574
2.89754 0.0975176
2.89969 0.0996721
2.90004 0.100023
2.90099 0.100964
2.90131 0.101284
2.90436 0.104341
2.9049 0.104898
2.9064 0.106379
2.90694 0.106917
2.90785 0.107827
2.90842 0.108415
2.90902 0.108995
2.90974 0.109719
2.91006 0.110038
2.91006 0.110038
2.91072 0.1107
2.91085 0.0508315
2.91085 0.0508315
2.91085 0.0508315
2.91107 0.0510532
2.91107 0.0507337
2.91107 0.0507337
2.91176 0.111743
2.91208 0.112062
2.91386 0.113844
2.91431 0.114307
2.91463 0.114607
2.91569 0.115673
2.91601 0.115993
2.91633 0.116332
2.91731 0.117285
2.91775 0.117729
2.92435 0.124331
2.92725 0.127232
2.92919 0.129169
2.93066 0.13064
2.93098 0.130959
2.93111 0.0511051
2.93111 0.0511051
2.93111 0.0511051
2.93111 0.0511051
2.93111 0.0507856
2.93124 0.050914
2.93124 0.050914
2.93408 0.134055
2.93511 0.13509
2.93605 0.136031
2.93681 0.136786
2.93856 0.138542
2.93959 0.139571
2.94016 0.14014
2.94048 0.140459
2.94239 0.142365
2.94404 0.144042
2.94595 0.145928
2.94639 0.146372
2.94793 0.147924
2.95095 0.0509307
2.95127 0.151249
2.95159 0.151569
2.95191 0.151888
2.95204 0.0516981
2.95204 0.0516981
2.95204 0.0516981
2.95204 0.0516981
2.95204 0.0513786
2.95217 0.051507
2.95217 0.051507
2.95448 0.154455
2.9561 0.156081
2.95776 0.157738
2.95823 0.0582141
2.96263 0.162607
2.96429 0.0642652
2.96572 0.0657044
2.96962 0.0696009
2.97075 0.0507304
2.97075 0.0507304
2.97075 0.0507304
2.97109 0.0510766
2.97109 0.050757
2.97109 0.050757
2.97191 0.0718879
2.97344 0.0734205
2.97609 0.0760728
2.97722 0.077201
2.98364 0.0836169
2.98408 0.0840608
2.98518 0.0851579
2.98518 0.0851579
2.9855 0.0854774
2.98594 0.0859213
2.98738 0.0873606
2.9877 0.0876801
2.9877 0.0876774
2.9887 0.0886839
2.98902 0.0890007
2.98902 0.0890034
2.9899 0.0898828
2.99035 0.0903267
2.99067 0.0906462
2.9908 0.0507947
2.9908 0.0507947
2.9908 0.0507947
2.99111 0.0910998
2.99111 0.0911142
2.99124 0.0512426
2.99124 0.0509231
2.99124 0.0509231
2.99209 0.0920708
2.99285 0.092823
2.99404 0.0940132
2.9946 0.0945817
2.99754 0.0975167
2.99966 0.0996522
3.00004 0.100022
3.00098 0.100964
3.0013 0.101283
3.00436 0.10434
3.00492 0.1049
3.00639 0.106373
3.00693 0.10691
3.00784 0.10782
3.00844 0.108417
3.00901 0.108988
3.00973 0.109712
3.01005 0.110032
3.01005 0.110032
3.01071 0.110693
3.01084 0.050825
3.01084 0.050825
3.01084 0.050825
3.01106 0.0510467
3.01106 0.0507272
3.01106 0.0507272
3.01176 0.111736
3.01208 0.112056
3.01386 0.113837
3.0143 0.114278
3.01462 0.1146
3.01569 0.115666
3.01601 0.115986
3.01636 0.116334
3.0173 0.117278
3.01774 0.117722
3.02438 0.124356
3.02725 0.127226
3.02918 0.129163
3.03065 0.130633
3.03097 0.130952
3.0311 0.0510985
3.0311 0.0510985
3.0311 0.0510985
3.0311 0.0510985
3.0311 0.050779
3.03123 0.0509074
3.03123 0.0509074
3.03407 0.134048
3.0351 0.135083
3.03605 0.136025
3.0368 0.13678
3.03855 0.138536
3.03962 0.139596
3.04015 0.140133
3.04047 0.140453
3.04238 0.142358
3.04407 0.144044
3.04594 0.145921
3.04639 0.146365
3.04792 0.147895
3.05094 0.0509241
3.05126 0.151243
3.05158 0.151562
3.0519 0.151882
3.05203 0.0516915
3.05203 0.0516915
3.05203 0.0516915
3.05203 0.0516915
3.05203 0.051372
3.05216 0.0515004
3.05216 0.0515004
3.05447 0.154449
3.0561 0.156075
3.05775 0.157732
3.05823 0.0582075
3.06262 0.162601
3.06428 0.0642586
3.06572 0.0656978
3.06961 0.0695943
3.07074 0.0507239
3.07074 0.0507239
3.07074 0.0507239
3.07108 0.05107
3.07108 0.0507505
3.07108 0.0507505
3.0719 0.0718813
3.07343 0.0734139
3.07609 0.0760662
3.07721 0.0771944
3.0836 0.0835792
3.08407 0.0840542
3.08517 0.0851513
3.08517 0.0851513
3.08549 0.0854708
3.08593 0.0859148
3.08737 0.087354
3.08769 0.0876735
3.08769 0.0876794
3.0887 0.0886773
3.08902 0.0890027
3.08902 0.0889968
3.08993 0.0899073
3.09037 0.0903512
3.09069 0.0906707
3.09082 0.0507881
3.09082 0.0507881
3.09082 0.0507881
3.09114 0.0911243
3.09114 0.0911336
3.09127 0.051236
3.09127 0.0509165
3.09127 0.0509165
3.09208 0.0920642
3.09284 0.0928251
3.09406 0.0940388
3.09463 0.0946149
3.09753 0.0975101
3.09968 0.0996577
3.1 0.0999843
3.10095 0.100926
3.10133 0.101308
3.10432 0.104302
3.10489 0.104876
3.10636 0.106341
3.10693 0.106909
3.10781 0.107788
3.10841 0.108394
3.10901 0.108987
3.10973 0.109711
3.11005 0.110031
3.11005 0.110031
3.11068 0.110661
3.11081 0.050793
3.11081 0.050793
3.11081 0.050793
3.11106 0.0510458
3.11106 0.0507263
3.11106 0.0507263
3.11179 0.111766
3.11211 0.112086
3.11389 0.113867
3.11427 0.114255
3.11459 0.114568
3.11572 0.115697
3.11604 0.116016
3.11636 0.116342
3.1173 0.117277
3.11774 0.117721
3.12434 0.124324
3.12724 0.127225
3.12921 0.129193
3.13062 0.130601
3.13094 0.130921
3.13107 0.0510665
3.13107 0.0510665
3.13107 0.0510665
3.13107 0.0510665
3.13107 0.050747
3.1312 0.0508754
3.1312 0.0508754
3.13407 0.134047
3.1351 0.135082
3.13604 0.136024
3.1368 0.136779
3.13855 0.138535
3.13958 0.139564
3.14015 0.140132
3.14047 0.140452
3.14238 0.142358
3.14407 0.144052
3.14591 0.145889
3.14638 0.146364
3.14792 0.147903
3.15094 0.0509233
3.15126 0.151242
3.15158 0.151561
3.1519 0.151881
3.15203 0.0516907
3.15203 0.0516907
3.15203 0.0516907
3.15203 0.0516907
3.15203 0.0513712
3.15216 0.0514995
3.15216 0.0514995
3.15447 0.154448
3.15609 0.156074
3.15775 0.157731
3.15823 0.0582066
3.16262 0.1626
3.16428 0.0642577
3.16572 0.065697
3.16961 0.0695934
3.17074 0.050723
3.17074 0.050723
3.17074 0.050723
3.17108 0.0510691
3.17108 0.0507496
3.17108 0.0507496
3.17193 0.0719115
3.17343 0.073413
3.17612 0.0760964
3.17724 0.0772246
3.1836 0.0835783
3.18407 0.0840533
3.18517 0.0851504
3.18517 0.0851504
3.18549 0.08547
3.18593 0.0859139
3.18737 0.0873531
3.18769 0.0876726
3.18769 0.0876872
3.1887 0.0886764
3.18901 0.0890105
3.18901 0.0889959
3.18989 0.0898753
3.19037 0.0903503
3.19069 0.0906698
3.19082 0.0507873
3.19082 0.0507873
3.19082 0.0507873
3.19114 0.0911234
3.19114 0.0911275
3.19126 0.0512352
3.19126 0.0509157
3.19126 0.0509157
3.19205 0.0920322
3.19281 0.0928017
3.19406 0.094039
3.1946 0.0945916
3.19753 0.0975093
3.19965 0.0996379
3.20003 0.100015
3.20097 0.100956
3.20133 0.101307
3.20432 0.104301
3.20489 0.104884
3.20636 0.10634
3.20693 0.106908
3.20781 0.107788
3.20837 0.10837
3.20897 0.108955
3.20973 0.10971
3.21005 0.11003
3.21005 0.11003
3.21068 0.11066
3.21081 0.0507921
3.21081 0.0507921
3.21081 0.0507921
3.21106 0.0510449
3.21106 0.0507254
3.21106 0.0507254
3.21178 0.111765
3.2121 0.112085
3.21389 0.113866
3.21427 0.114263
3.21459 0.114568
3.21571 0.115696
3.21603 0.116015
3.21635 0.116349
3.2173 0.117276
3.21774 0.11772
3.22434 0.124323
3.22724 0.127224
3.22918 0.129161
3.23062 0.1306
3.23094 0.13092
3.23107 0.0510656
3.23107 0.0510656
3.23107 0.0510656
3.23107 0.0510656
3.23107 0.0507461
3.2312 0.0508745
3.2312 0.0508745
3.23403 0.134015
3.23507 0.13505
3.23604 0.136023
3.2368 0.136778
3.23855 0.138534
3.23958 0.139563
3.24012 0.1401
3.24044 0.14042
3.24238 0.142357
3.24403 0.144028
3.24591 0.145888
3.24635 0.146332
3.24791 0.147911
3.25094 0.0509224
3.25126 0.151241
3.25158 0.151561
3.2519 0.15188
3.25203 0.0516898
3.25203 0.0516898
3.25203 0.0516898
3.25203 0.0516898
3.25203 0.0513703
3.25216 0.0514987
3.25216 0.0514987
3.2545 0.154478
3.25609 0.156073
3.25775 0.15773
3.25822 0.0582057
3.26262 0.162599
3.26427 0.0642568
3.26571 0.0656961
3.26961 0.0695926
3.27073 0.0507221
3.27073 0.0507221
3.27073 0.0507221
3.27108 0.0510682
3.27108 0.0507487
3.27108 0.0507487
3.27193 0.0719107
3.27343 0.0734121
3.27611 0.0760955
3.27724 0.0772237
3.2836 0.0835774
3.28407 0.0840525
3.28517 0.0851496
3.28517 0.0851496
3.28549 0.0854691
3.28593 0.085913
3.28737 0.0873522
3.28769 0.0876718
3.28769 0.0876638
3.28869 0.0886755
3.28901 0.0889951
3.28901 0.0889871
3.28989 0.0898744
3.29037 0.0903495
3.29069 0.090669
3.29082 0.0507864
3.29082 0.0507864
3.29082 0.0507864
3.29113 0.0911226
3.29145 0.091441
3.29158 0.0515538
3.29158 0.0512343
3.29158 0.0512343
3.29206 0.0920398
3.29284 0.0928179
3.29407 0.0940536
3.2946 0.0945767
3.29753 0.0975169
3.29966 0.0996575
3.30001 0.099991
3.30098 0.100964
3.30133 0.101314
3.30433 0.104309
3.3049 0.104869
3.30637 0.106347
3.30693 0.106916
3.30781 0.107795
3.30841 0.108387
3.30898 0.108963
3.30974 0.109718
3.31006 0.110037
3.31006 0.110037
3.31069 0.110668
3.31081 0.0507997
3.31081 0.0507997
3.31081 0.0507997
3.31107 0.0510525
3.31107 0.050733
3.31107 0.050733
3.31176 0.111742
3.31208 0.112061
3.31389 0.113874
3.31427 0.114248
3.31459 0.114575
3.31572 0.115703
3.31604 0.116023
3.31636 0.116334
3.3173 0.117284
3.31771 0.117697
3.32435 0.12433
3.32725 0.127232
3.32919 0.129168
3.33063 0.130608
3.33095 0.130927
3.33107 0.0510732
3.33107 0.0510732
3.33107 0.0510732
3.33107 0.0510732
3.33107 0.0507537
3.3312 0.0508821
3.3312 0.0508821
3.33404 0.134023
3.33508 0.135058
3.33602 0.135999
3.33677 0.136754
3.33852 0.13851
3.33959 0.139571
3.34013 0.140108
3.34045 0.140427
3.34235 0.142333
3.34407 0.144044
3.34591 0.145896
3.34636 0.14634
3.34792 0.147896
3.35095 0.05093
3.35127 0.151249
3.35159 0.151568
3.35191 0.151888
3.35203 0.0516974
3.35203 0.0516974
3.35203 0.0516974
3.35203 0.0516974
3.35203 0.0513779
3.35216 0.0515063
3.35216 0.0515063
3.35447 0.154455
3.3561 0.15608
3.35776 0.157737
3.35823 0.0582133
3.36262 0.162607
3.36428 0.0642644
3.36572 0.0657037
3.36962 0.0696001
3.37074 0.0507297
3.37074 0.0507297
3.37074 0.0507297
3.37106 0.0510447
3.37106 0.0507252
3.37106 0.0507252
3.3719 0.0718871
3.37344 0.0734197
3.37612 0.0761031
3.37725 0.0772313
3.3836 0.083585
3.38405 0.0840289
3.38517 0.0851571
3.38517 0.0851571
3.38549 0.0854767
3.38594 0.0859206
3.38738 0.0873598
3.3877 0.0876793
3.3877 0.0876801
3.3887 0.0886831
3.38902 0.0890026
3.38902 0.0890034
3.3899 0.089882
3.39037 0.090357
3.39069 0.0906766
3.39101 0.0910018
3.39133 0.091315
3.39146 0.051433
3.39146 0.051433
3.39146 0.051433
3.39146 0.051433
3.39146 0.0511135
3.39159 0.0512419
3.39159 0.0512419
3.39206 0.0920474
3.39282 0.0928031
3.39407 0.0940623
3.39461 0.0945929
3.39754 0.0975244
3.39967 0.0996461
3.40002 0.0999986
3.40096 0.10094
3.40131 0.101291
3.40433 0.104316
3.4049 0.104885
3.40637 0.106355
3.40694 0.106923
3.40782 0.107803
3.40839 0.108372
3.40899 0.108971
3.40971 0.109694
3.41003 0.110014
3.41003 0.110014
3.41069 0.110676
3.41082 0.0508073
3.41082 0.0508073
3.41082 0.0508073
3.41107 0.0510601
3.41107 0.0507406
3.41107 0.0507406
3.41177 0.11175
3.41209 0.112069
3.41387 0.11385
3.41428 0.114264
3.4146 0.114583
3.4157 0.11568
3.41602 0.115999
3.41634 0.11632
3.41728 0.11726
3.41772 0.117704
3.42432 0.124307
3.42723 0.127208
3.42919 0.129176
3.43063 0.130615
3.43095 0.130935
3.43108 0.0510497
3.43108 0.0510497
3.43108 0.0510497
3.43108 0.0510497
3.43108 0.0507302
3.43121 0.0508586
3.43121 0.0508586
3.43405 0.134031
3.43508 0.135065
3.43602 0.136007
3.43678 0.136762
3.43853 0.138518
3.43956 0.139547
3.44013 0.140115
3.44045 0.140435
3.44236 0.142341
3.44405 0.14403
3.44592 0.145904
3.44636 0.146348
3.44793 0.147912
3.45095 0.0509376
3.45127 0.151256
3.45159 0.151576
3.45191 0.151895
3.45204 0.051705
3.45204 0.051705
3.45204 0.051705
3.45204 0.051705
3.45204 0.0513854
3.45217 0.0515138
3.45217 0.0515138
3.45448 0.154462
3.45607 0.156057
3.45773 0.157714
3.45824 0.0582209
3.46263 0.162614
3.46429 0.064272
3.46573 0.0657113
3.46959 0.0695766
3.47075 0.0507373
3.47075 0.0507373
3.47075 0.0507373
3.47106 0.0510523
3.47106 0.0507328
3.47106 0.0507328
3.47191 0.0718947
3.47344 0.0734273
3.4761 0.0760796
3.47722 0.0772078
3.48361 0.0835926
3.48405 0.0840365
3.48518 0.0851647
3.48518 0.0851647
3.4855 0.0854842
3.48594 0.0859282
3.48738 0.0873674
3.4877 0.0876869
3.4877 0.0876963
3.48871 0.0886907
3.48903 0.0890102
3.48903 0.0890196
3.48987 0.0898585
3.49038 0.0903646
3.4907 0.0906841
3.49102 0.0910093
3.49134 0.0913174
3.49147 0.0514406
3.49147 0.0514406
3.49147 0.0514406
3.49147 0.0514406
3.49147 0.0511211
3.4916 0.0512494
3.4916 0.0512494
3.49207 0.092055
3.49283 0.0928193
3.49405 0.0940398
3.49459 0.0945781
3.49755 0.097532
3.49964 0.0996347
3.50002 0.100006
3.50096 0.100948
3.50131 0.101298
3.50434 0.104324
3.50488 0.104871
3.50638 0.106363
3.50692 0.1069
3.50783 0.10781
3.5084 0.108388
3.50899 0.108978
3.50972 0.109702
3.51004 0.110021
3.51004 0.110021
3.51067 0.110652
3.5108 0.0507837
3.5108 0.0507837
3.5108 0.0507837
3.51108 0.0510677
3.51108 0.0507482
3.51108 0.0507482
3.51177 0.111757
3.51209 0.112077
3.51387 0.113858
3.51426 0.114249
3.51458 0.114559
3.5157 0.115687
3.51602 0.116007
3.51634 0.116336
3.51728 0.117268
3.51773 0.117712
3.52433 0.124314
3.52723 0.127216
3.52917 0.129153
3.53061 0.130592
3.53093 0.130911
3.53106 0.0510262
3.53106 0.0510262
3.53106 0.0510262
3.53118 0.0511546
3.53118 0.0508351
3.53118 0.0508351
3.53402 0.134007
3.53509 0.135073
3.53603 0.136015
3.53679 0.13677
3.53854 0.138526
3.53957 0.139555
3.54014 0.140123
3.54046 0.140443
3.54236 0.142348
3.54405 0.144046
3.5459 0.14588
3.54634 0.146324
3.5479 0.147897
3.55093 0.050914
3.55125 0.151233
3.55157 0.151552
3.55189 0.151872
3.55202 0.0516814
3.55202 0.0516814
3.55202 0.0516814
3.55202 0.0516814
3.55202 0.0513619
3.55214 0.0514903
3.55214 0.0514903
3.55449 0.15447
3.55608 0.156065
3.55774 0.157722
3.55821 0.0581974
3.56264 0.162622
3.5643 0.0642796
3.56573 0.0657188
3.5696 0.0695842
3.57075 0.0507449
3.57075 0.0507449
3.57075 0.0507449
3.57107 0.0510599
3.57107 0.0507404
3.57107 0.0507404
3.57192 0.0719023
3.57345 0.0734349
3.5761 0.0760872
3.57723 0.0772154
3.58362 0.0836002
3.58406 0.0840441
3.58516 0.0851412
3.58548 0.0854607
3.58548 0.0854607
3.58592 0.0859046
3.58739 0.087375
3.58771 0.0876945
3.58771 0.0876814
3.58871 0.0886983
3.58903 0.0890178
3.58903 0.0890047
3.58988 0.0898661
3.59036 0.0903411
3.59068 0.0906606
3.5908 0.050778
3.5908 0.050778
3.5908 0.050778
3.59112 0.0911142
3.59144 0.0914171
3.59157 0.0515454
3.59157 0.0512259
3.59157 0.0512259
3.59205 0.0920314
3.59283 0.0928044
3.59405 0.0940484
3.59462 0.0945943
3.59752 0.0975085
3.59968 0.0996544
3.60003 0.100014
3.60097 0.100955
3.60132 0.101306
3.60435 0.104332
3.60492 0.104887
3.60635 0.106339
3.60692 0.106907
3.6078 0.107787
3.6084 0.108373
3.60897 0.108955
3.60973 0.10971
3.61004 0.110029
3.61004 0.110029
3.61068 0.11066
3.6108 0.0507913
3.6108 0.0507913
3.6108 0.0507913
3.61106 0.0510441
3.61106 0.0507246
3.61106 0.0507246
3.61178 0.111765
3.6121 0.112084
3.61388 0.113866
3.61429 0.114265
3.61461 0.114598
3.61571 0.115695
3.61603 0.116015
3.61635 0.116321
3.61729 0.117276
3.61774 0.11772
3.62434 0.124322
3.62724 0.127223
3.62918 0.12916
3.63061 0.130599
3.63093 0.130919
3.63106 0.0510338
3.63106 0.0510338
3.63106 0.0510338
3.63119 0.0511622
3.63119 0.0508427
3.63119 0.0508427
3.63403 0.134015
3.63507 0.135049
3.63604 0.136022
3.63679 0.136777
3.63854 0.138533
3.63958 0.139562
3.64012 0.1401
3.64043 0.140419
3.64237 0.142356
3.64406 0.144031
3.6459 0.145888
3.64635 0.146332
3.64794 0.147913
3.65094 0.0509216
3.65126 0.15124
3.65158 0.15156
3.65189 0.151879
3.65202 0.051689
3.65202 0.051689
3.65202 0.051689
3.65202 0.051689
3.65202 0.0513695
3.65215 0.0514979
3.65215 0.0514979
3.65449 0.154477
3.65609 0.156072
3.65774 0.157729
3.65822 0.058205
3.66261 0.162598
3.6643 0.0642872
3.66571 0.0656953
3.66961 0.0695918
3.67073 0.0507213
3.67073 0.0507213
3.67073 0.0507213
3.67108 0.0510675
3.67108 0.050748
3.67108 0.050748
3.67192 0.0719099
3.67343 0.0734114
3.67611 0.0760948
3.67724 0.077223
3.68362 0.0836078
3.68407 0.0840517
3.68516 0.0851488
3.68548 0.0854683
3.68548 0.0854683
3.68593 0.0859122
3.68737 0.0873515
3.68769 0.087671
3.68769 0.0876665
3.68869 0.0886748
3.68901 0.0889943
3.68901 0.0889898
3.68989 0.0898737
3.69036 0.0903487
3.69068 0.0906682
3.69081 0.0507856
3.69081 0.0507856
3.69081 0.0507856
3.69113 0.0911218
3.69145 0.0914195
3.69158 0.051553
3.69158 0.0512335
3.69158 0.0512335
3.69205 0.092039
3.69284 0.0928207
3.69403 0.0940259
3.6946 0.0945794
3.69753 0.0975161
3.69965 0.099643
3.7 0.0999902
3.70098 0.100963
3.70133 0.101314
3.70432 0.104308
3.70489 0.104872
3.70636 0.106347
3.70693 0.106915
3.70781 0.107794
3.70841 0.108389
3.70898 0.108962
3.70973 0.109717
3.71005 0.110037
3.71005 0.110037
3.71068 0.110667
3.71081 0.0507989
3.71081 0.0507989
3.71081 0.0507989
3.71106 0.0510517
3.71106 0.0507322
3.71106 0.0507322
3.71176 0.111741
3.71208 0.112061
3.71389 0.113873
3.71427 0.11425
3.71459 0.114574
3.71572 0.115703
3.71604 0.116022
3.71636 0.116337
3.7173 0.117283
3.71771 0.117696
3.72434 0.12433
3.72725 0.127231
3.72918 0.129168
3.73062 0.130607
3.73094 0.130926
3.73107 0.0510414
3.73107 0.0510414
3.73107 0.0510414
3.73107 0.0510414
3.73107 0.0507218
3.7312 0.0508502
3.7312 0.0508502
3.73404 0.134022
3.73507 0.135057
3.73601 0.135999
3.73677 0.136754
3.73852 0.13851
3.73958 0.13957
3.74012 0.140107
3.74044 0.140427
3.74235 0.142332
3.74407 0.144047
3.74591 0.145895
3.74635 0.146339
3.74792 0.147898
3.75094 0.0509292
3.75126 0.151248
3.75158 0.151567
3.7519 0.151887
3.75203 0.0516966
3.75203 0.0516966
3.75203 0.0516966
3.75203 0.0516966
3.75203 0.0513771
3.75216 0.0515055
3.75216 0.0515055
3.75447 0.154454
3.75609 0.15608
3.75775 0.157737
3.75823 0.0582126
3.76262 0.162606
3.76428 0.0642637
3.76572 0.0657029
3.76961 0.0695994
3.77074 0.0507289
3.77074 0.0507289
3.77074 0.0507289
3.77105 0.0510439
3.77105 0.0507244
3.77105 0.0507244
3.77193 0.0719175
3.77343 0.0734189
3.77612 0.0761024
3.77724 0.0772306
3.7836 0.0835843
3.78404 0.0840282
3.78517 0.0851564
3.78517 0.0851564
3.78549 0.0854759
3.78593 0.0859198
3.78737 0.0873591
3.78769 0.0876786
3.78769 0.0876828
3.7887 0.0886824
3.78902 0.0890019
3.78902 0.0890061
3.7899 0.0898813
3.79037 0.0903563
3.79069 0.0906758
3.79101 0.091001
3.79133 0.0913246
3.79146 0.0514322
3.79146 0.0514322
3.79146 0.0514322
3.79146 0.0514322
3.79146 0.0511127
3.79159 0.0512411
3.79159 0.0512411
3.79206 0.0920466
3.79282 0.0928058
3.79404 0.0940346
3.79461 0.0945956
3.79754 0.0975237
3.79966 0.0996316
3.80001 0.0999978
3.80095 0.100939
3.8013 0.10129
3.80433 0.104316
3.8049 0.104888
3.80637 0.106354
3.80694 0.106923
3.80782 0.107802
3.80838 0.108375
3.80898 0.10897
3.80971 0.109694
3.81003 0.110013
3.81003 0.110013
3.81069 0.110675
3.81082 0.0508065
3.81082 0.0508065
3.81082 0.0508065
3.81107 0.0510593
3.81107 0.0507398
3.81107 0.0507398
3.81176 0.111749
3.81208 0.112068
3.81386 0.11385
3.81428 0.114267
3.8146 0.114582
3.81569 0.115679
3.81601 0.115999
3.81633 0.116322
3.81727 0.11726
3.81772 0.117704
3.82432 0.124306
3.82722 0.127207
3.82919 0.129175
3.83063 0.130615
3.83095 0.130934
3.83108 0.0510489
3.83108 0.0510489
3.83108 0.0510489
3.83108 0.0510489
3.83108 0.0507294
3.8312 0.0508578
3.8312 0.0508578
3.83404 0.13403
3.83508 0.135065
3.83602 0.136006
3.83678 0.136761
3.83853 0.138517
3.83956 0.139546
3.84013 0.140115
3.84045 0.140434
3.84235 0.14234
3.84404 0.144032
3.84592 0.145903
3.84636 0.146347
3.84792 0.147915
3.85095 0.0509368
3.85127 0.151255
3.85159 0.151575
3.85191 0.151894
3.85204 0.0517042
3.85204 0.0517042
3.85204 0.0517042
3.85204 0.0517042
3.85204 0.0513847
3.85217 0.0515131
3.85217 0.0515131
3.85448 0.154461
3.85607 0.156056
3.85773 0.157713
3.85823 0.0582201
3.86263 0.162613
3.86428 0.0642712
3.86572 0.0657105
3.86959 0.0695759
3.87074 0.0507365
3.87074 0.0507365
3.87074 0.0507365
3.87106 0.0510515
3.87106 0.050732
3.87106 0.050732
3.87191 0.071894
3.87344 0.0734265
3.87612 0.0761099
3.87722 0.0772071
3.8836 0.0835918
3.88405 0.0840358
3.88518 0.085164
3.88518 0.085164
3.8855 0.0854835
3.88594 0.0859274
3.88738 0.0873667
3.8877 0.0876862
3.8877 0.087699
3.8887 0.08869
3.88902 0.0890223
3.88902 0.0890095
3.88987 0.0898577
3.89038 0.0903639
3.8907 0.0906834
3.89102 0.0910086
3.89134 0.091327
3.89146 0.0514398
3.89146 0.0514398
3.89146 0.0514398
3.89146 0.0514398
3.89146 0.0511203
3.89159 0.0512487
3.89159 0.0512487
3.89207 0.0920542
3.89282 0.092822
3.89404 0.0940432
3.89458 0.0945808
3.89754 0.0975313
3.89967 0.0996513
3.90002 0.100005
3.90096 0.100947
3.90131 0.101298
3.90434 0.104323
3.90487 0.104873
3.90637 0.106362
3.90691 0.106899
3.90782 0.10781
3.90839 0.108391
3.90899 0.108977
3.90971 0.109701
3.91003 0.110021
3.91003 0.110021
3.91066 0.110651
3.91079 0.050783
3.91079 0.050783
3.91079 0.050783
3.91108 0.0510669
3.91108 0.0507474
3.91108 0.0507474
3.91177 0.111756
3.91209 0.112076
3.91387 0.113857
3.91425 0.114252
3.91457 0.114558
3.9157 0.115687
3.91602 0.116006
3.91634 0.116339
3.91728 0.117267
3.91772 0.117711
3.92433 0.124314
3.92723 0.127215
3.92916 0.129152
3.9306 0.130591
3.93092 0.130911
3.93105 0.0510254
3.93105 0.0510254
3.93105 0.0510254
3.93118 0.0511538
3.93118 0.0508343
3.93118 0.0508343
3.93402 0.134006
3.93509 0.135072
3.93603 0.136014
3.93678 0.136769
3.93853 0.138525
3.93957 0.139554
3.94014 0.140122
3.94045 0.140442
3.94236 0.142348
3.94402 0.144017
3.94589 0.145879
3.94634 0.146323
3.9479 0.1479
3.95093 0.0509133
3.95125 0.151232
3.95156 0.151551
3.95188 0.151871
3.95201 0.0516807
3.95201 0.0516807
3.95201 0.0516807
3.95201 0.0516807
3.95201 0.0513612
3.95214 0.0514896
3.95214 0.0514896
3.95448 0.154469
3.95608 0.156064
3.95773 0.157721
3.95821 0.0581966
3.96263 0.162621
3.96429 0.0642788
3.96573 0.0657181
3.9696 0.0695834
3.97075 0.0507441
3.97075 0.0507441
3.97075 0.0507441
3.97107 0.0510591
3.97107 0.0507396
3.97107 0.0507396
3.97191 0.0719016
3.97345 0.0734341
3.9761 0.0760864
3.97723 0.0772146
3.98361 0.0835994
3.98406 0.0840433
3.98515 0.0851405
3.98547 0.08546
3.98547 0.08546
3.98592 0.0859039
3.98739 0.0873742
3.98771 0.0876937
3.98771 0.0876841
3.98871 0.0886975
3.98903 0.0890171
3.98903 0.0890074
3.98988 0.0898653
3.99035 0.0903404
3.99067 0.0906599
3.9908 0.0507773
3.9908 0.0507773
3.9908 0.0507773
3.99112 0.0911135
3.99144 0.0914267
3.99157 0.0515447
3.99157 0.0512252
3.99157 0.0512252
3.99204 0.0920307
3.99283 0.0928071
3.99408 0.0940518
3.99462 0.094597
3.99752 0.0975077
3.99964 0.0996399
4.00003 0.100013
4.00097 0.100955
4.00132 0.101305
4.00434 0.104331
4.00491 0.104884
4.00635 0.106333
4.00691 0.106901
4.00779 0.10778
4.00839 0.10837
4.00896 0.108948
4.00972 0.109703
4.01004 0.110023
4.01004 0.110023
4.01067 0.110653
4.01079 0.050785
4.01079 0.050785
4.01079 0.050785
4.01105 0.0510378
4.01105 0.0507183
4.01105 0.0507183
4.01177 0.111758
4.01209 0.112078
4.01387 0.113859
4.01428 0.114262
4.0146 0.114592
4.0157 0.115689
4.01602 0.116008
4.01634 0.116318
4.01728 0.117269
4.01773 0.117713
4.02436 0.124347
4.02723 0.127217
4.02913 0.129123
4.03064 0.130624
4.03096 0.130944
4.03108 0.0510585
4.03108 0.0510585
4.03108 0.0510585
4.03108 0.0510585
4.03108 0.050739
4.03121 0.0508674
4.03121 0.0508674
4.03402 0.134008
4.03506 0.135043
4.03603 0.136016
4.03678 0.136771
4.03853 0.138527
4.0396 0.139587
4.04011 0.140093
4.04043 0.140413
4.04236 0.14235
4.04405 0.144028
4.04589 0.145881
4.04634 0.146325
4.04793 0.14791
4.05093 0.0509153
4.05125 0.151234
4.05157 0.151553
4.05189 0.151873
4.05201 0.0516827
4.05201 0.0516827
4.05201 0.0516827
4.05201 0.0516827
4.05201 0.0513632
4.05214 0.0514916
4.05214 0.0514916
4.05445 0.15444
4.05608 0.156066
4.05774 0.157723
4.05821 0.0581986
4.0626 0.162592
4.06429 0.0642808
4.0657 0.065689
4.0696 0.0695854
4.07075 0.0507461
4.07075 0.0507461
4.07075 0.0507461
4.07107 0.0510611
4.07107 0.0507416
4.07107 0.0507416
4.07192 0.0719036
4.07342 0.073405
4.0761 0.0760884
4.07723 0.0772166
4.08358 0.0835703
4.08406 0.0840453
4.08515 0.0851425
4.08547 0.085462
4.08547 0.085462
4.08592 0.0859059
4.08739 0.0873762
4.08771 0.0876957
4.08771 0.0876948
4.08868 0.0886684
4.089 0.0889879
4.089 0.088987
4.08988 0.0898673
4.09035 0.0903424
4.09067 0.0906619
4.09099 0.0909871
4.09131 0.0912952
4.09144 0.0514183
4.09144 0.0514183
4.09144 0.0514183
4.09144 0.0514183
4.09144 0.0510988
4.09157 0.0512272
4.09157 0.0512272
4.09204 0.0920327
4.09283 0.0928178
4.09408 0.0940548
4.09462 0.0946076
4.09749 0.0974786
4.09964 0.0996229
4.09996 0.0999528
4.10094 0.100925
4.10132 0.101307
4.10428 0.104271
4.10485 0.104838
4.10635 0.10634
4.10692 0.106909
4.1078 0.107788
4.10837 0.108355
4.10897 0.108956
4.10972 0.109711
4.11004 0.11003
4.11004 0.11003
4.11064 0.11063
4.11077 0.0507615
4.11077 0.0507615
4.11077 0.0507615
4.11105 0.0510454
4.11105 0.0507259
4.11105 0.0507259
4.11178 0.111766
4.1121 0.112085
4.11388 0.113867
4.11426 0.114248
4.11458 0.114568
4.11574 0.115727
4.11606 0.116047
4.11638 0.116365
4.11729 0.117277
4.1177 0.11769
4.1243 0.124292
4.12724 0.127224
4.12917 0.129161
4.13061 0.130601
4.13093 0.13092
4.13106 0.051035
4.13106 0.051035
4.13106 0.051035
4.13119 0.0511634
4.13119 0.0508439
4.13119 0.0508439
4.13403 0.134016
4.13506 0.135051
4.136 0.135992
4.13676 0.136747
4.13851 0.138503
4.13954 0.139532
4.14011 0.140101
4.14043 0.14042
4.14234 0.142326
4.14403 0.144013
4.1459 0.145889
4.14634 0.146333
4.14791 0.147896
4.15093 0.0509229
4.15125 0.151242
4.15157 0.151561
4.15189 0.151881
4.15202 0.0516903
4.15202 0.0516903
4.15202 0.0516903
4.15202 0.0516903
4.15202 0.0513708
4.15215 0.0514991
4.15215 0.0514991
4.15446 0.154448
4.15608 0.156073
4.15774 0.15773
4.15822 0.0582062
4.16261 0.1626
4.1643 0.0642884
4.16571 0.0656966
4.16957 0.0695619
4.17073 0.0507226
4.17073 0.0507226
4.17073 0.0507226
4.17104 0.0510376
4.17104 0.0507181
4.17104 0.0507181
4.17192 0.0719111
4.17345 0.0734437
4.17611 0.076096
4.17723 0.0772242
4.18359 0.0835779
4.18403 0.0840218
4.18516 0.08515
4.18548 0.0854695
4.18548 0.0854695
4.18596 0.0859446
4.18739 0.0873838
4.18771 0.0877033
4.18771 0.087711
4.18869 0.088676
4.18901 0.0889955
4.18901 0.0890032
4.18985 0.0898438
4.19036 0.0903499
4.19068 0.0906694
4.191 0.0909947
4.19132 0.0912976
4.19145 0.0514259
4.19145 0.0514259
4.19145 0.0514259
4.19145 0.0514259
4.19145 0.0511064
4.19158 0.0512348
4.19158 0.0512348
4.19202 0.0920092
4.19281 0.0928029
4.19409 0.0940635
4.1946 0.0945928
4.1975 0.0974862
4.19965 0.0996426
4.2 0.0999915
4.20094 0.100933
4.20133 0.101315
4.20432 0.104309
4.20486 0.104854
4.20633 0.106317
4.2069 0.106885
4.20778 0.107765
4.20837 0.108372
4.20894 0.108932
4.2097 0.109687
4.21002 0.110007
4.21002 0.110007
4.21065 0.110637
4.21078 0.0507691
4.21078 0.0507691
4.21078 0.0507691
4.21106 0.051053
4.21106 0.0507335
4.21106 0.0507335
4.21178 0.111774
4.2121 0.112093
4.21389 0.113874
4.21424 0.114233
4.21456 0.114545
4.21571 0.115704
4.21603 0.116023
4.21635 0.116351
4.21726 0.117253
4.21771 0.117697
4.22428 0.124269
4.22721 0.127201
4.22915 0.129138
4.23059 0.130577
4.23091 0.130897
4.23104 0.0510115
4.23104 0.0510115
4.23104 0.0510115
4.23116 0.0511399
4.23116 0.0508204
4.23116 0.0508204
4.234 0.133992
4.23504 0.135027
4.23598 0.135969
4.23677 0.136755
4.23852 0.138511
4.23955 0.13954
4.24009 0.140077
4.24041 0.140397
4.24234 0.142334
4.24403 0.144029
4.24588 0.145865
4.24635 0.14634
4.24788 0.147881
4.25094 0.0509304
4.25126 0.151249
4.25158 0.151569
4.2519 0.151888
4.25203 0.0516978
4.25203 0.0516978
4.25203 0.0516978
4.25203 0.0516978
4.25203 0.0513783
4.25216 0.0515067
4.25216 0.0515067
4.25447 0.154455
4.25606 0.15605
4.25772 0.157707
4.25822 0.0582138
4.26262 0.162607
4.26427 0.0642649
4.26571 0.0657042
4.26958 0.0695695
4.27073 0.0507302
4.27073 0.0507302
4.27073 0.0507302
4.27105 0.0510452
4.27105 0.0507257
4.27105 0.0507257
4.27193 0.0719187
4.27343 0.0734202
4.27611 0.0761036
4.27724 0.0772318
4.2836 0.0835855
4.28404 0.0840294
4.28517 0.0851576
4.28517 0.0851576
4.28549 0.0854771
4.28593 0.0859211
4.28737 0.0873603
4.28769 0.0876798
4.28769 0.087665
4.28869 0.0886836
4.28901 0.0890031
4.28901 0.0889883
4.28986 0.0898514
4.29037 0.0903575
4.29069 0.090677
4.29101 0.0910022
4.29133 0.0913
4.29145 0.0514335
4.29145 0.0514335
4.29145 0.0514335
4.29145 0.0514335
4.29145 0.051114
4.29158 0.0512423
4.29158 0.0512423
4.29203 0.0920167
4.29281 0.092788
4.29407 0.094047
4.29463 0.094609
4.2975 0.0974938
4.29966 0.0996311
4.30001 0.0999991
4.30095 0.100941
4.3013 0.101291
4.3043 0.104286
4.30486 0.104839
4.30633 0.106324
4.3069 0.106893
4.30778 0.107772
4.30838 0.108357
4.30895 0.10894
4.3097 0.109695
4.31002 0.110014
4.31002 0.110014
4.31065 0.110645
4.31078 0.0507766
4.31078 0.0507766
4.31078 0.0507766
4.31107 0.0510606
4.31107 0.050741
4.31107 0.050741
4.31176 0.11175
4.31208 0.112069
4.31389 0.113882
4.31424 0.114218
4.31456 0.114552
4.31572 0.115711
4.31604 0.116031
4.31636 0.116336
4.31727 0.117261
4.31768 0.117674
4.32429 0.124276
4.32722 0.127208
4.32916 0.129145
4.33059 0.130585
4.33091 0.130904
4.33104 0.0510191
4.33104 0.0510191
4.33104 0.0510191
4.33117 0.0511475
4.33117 0.050828
4.33117 0.050828
4.33401 0.134
4.33504 0.135035
4.33599 0.135976
4.33677 0.136762
4.33852 0.138518
4.33956 0.139548
4.34009 0.140085
4.34041 0.140404
4.34232 0.14231
4.34404 0.144015
4.34588 0.145873
4.34633 0.146317
4.34792 0.147897
4.35095 0.050938
4.35127 0.151257
4.35159 0.151576
4.35159 0.151576
4.35171 0.0513859
4.35171 0.0513859
4.35171 0.0513859
4.35171 0.0513859
4.35171 0.0510664
4.35184 0.0511948
4.35184 0.0511948
4.35446 0.154454
4.35606 0.156049
4.35772 0.157706
4.35822 0.0582129
4.36262 0.162606
4.36427 0.064264
4.36571 0.0657033
4.36958 0.0695686
4.37073 0.0507293
4.37073 0.0507293
4.37073 0.0507293
4.37105 0.0510443
4.37105 0.0507248
4.37105 0.0507248
4.37193 0.0719178
4.37343 0.0734193
4.37611 0.0761027
4.37724 0.0772309
4.38359 0.0835846
4.38404 0.0840285
4.38517 0.0851567
4.38549 0.0854763
4.38549 0.0854763
4.38593 0.0859202
4.38737 0.0873594
4.38769 0.0876789
4.38769 0.0876728
4.38869 0.0886827
4.38901 0.0890022
4.38901 0.0889961
4.38986 0.0898505
4.39037 0.0903566
4.39069 0.0906761
4.391 0.0910014
4.39132 0.0912939
4.39145 0.0514326
4.39145 0.0514326
4.39145 0.0514326
4.39145 0.0514326
4.39145 0.0511131
4.39158 0.0512415
4.39158 0.0512415
4.39202 0.0920159
4.39281 0.0927958
4.39406 0.0940493
4.3946 0.0945856
4.3975 0.0974929
4.39966 0.0996424
4.40001 0.0999982
4.40095 0.10094
4.4013 0.10129
4.40429 0.104285
4.40486 0.104847
4.40633 0.106324
4.4069 0.106892
4.40778 0.107771
4.40838 0.108365
4.40895 0.108939
4.4097 0.109694
4.41002 0.110014
4.41002 0.110014
4.41065 0.110644
4.41078 0.0507758
4.41078 0.0507758
4.41078 0.0507758
4.41107 0.0510597
4.41107 0.0507402
4.41107 0.0507402
4.41176 0.111749
4.41208 0.112069
4.41389 0.113881
4.41424 0.114226
4.41456 0.114551
4.41572 0.115711
4.41604 0.11603
4.41636 0.116343
4.41727 0.11726
4.41768 0.117673
4.42428 0.124275
4.42722 0.127208
4.42915 0.129145
4.43059 0.130584
4.43091 0.130903
4.43104 0.0510182
4.43104 0.0510182
4.43104 0.0510182
4.43117 0.0511466
4.43117 0.0508271
4.43117 0.0508271
4.43401 0.133999
4.43504 0.135034
4.43598 0.135975
4.43677 0.136762
4.43852 0.138518
4.43956 0.139547
4.44009 0.140084
4.44041 0.140403
4.44235 0.14234
4.44404 0.144022
4.44588 0.145872
4.44633 0.146316
4.44789 0.147874
4.45095 0.0509372
4.45126 0.151256
4.45158 0.151575
4.45158 0.151575
4.45171 0.051385
4.45171 0.051385
4.45171 0.051385
4.45171 0.051385
4.45171 0.0510655
4.45184 0.0511939
4.45184 0.0511939
4.45446 0.154453
4.45606 0.156048
4.45771 0.157705
4.45822 0.058212
4.46261 0.162605
4.46427 0.0642631
4.46571 0.0657024
4.46958 0.0695678
4.47073 0.0507284
4.47073 0.0507284
4.47073 0.0507284
4.47105 0.0510434
4.47105 0.0507239
4.47105 0.0507239
4.47193 0.071917
4.47343 0.0734184
4.47611 0.0761018
4.47724 0.07723
4.48359 0.0835837
4.48404 0.0840277
4.48516 0.0851559
4.48548 0.0854754
4.48548 0.0854754
4.48593 0.0859193
4.48737 0.0873585
4.48769 0.0876781
4.48769 0.0876805
4.48869 0.0886818
4.48901 0.0890014
4.48901 0.0890038
4.48986 0.0898496
4.49036 0.0903558
4.49068 0.0906753
4.491 0.0910005
4.49132 0.091319
4.49145 0.0514317
4.49145 0.0514317
4.49145 0.0514317
4.49145 0.0514317
4.49145 0.0511122
4.49158 0.0512406
4.49158 0.0512406
4.49202 0.092015
4.49281 0.0928035
4.49406 0.0940494
4.4946 0.0945934
4.4975 0.0974921
4.49962 0.0996225
4.50001 0.0999973
4.50095 0.100939
4.5013 0.10129
4.50429 0.104284
4.50486 0.104855
4.50633 0.106323
4.5069 0.106891
4.50778 0.10777
4.50838 0.108372
4.50895 0.108938
4.5097 0.109693
4.51002 0.110013
4.51002 0.110013
4.51065 0.110643
4.51078 0.0507749
4.51078 0.0507749
4.51078 0.0507749
4.51106 0.0510588
4.51106 0.0507393
4.51106 0.0507393
4.51176 0.111748
4.51208 0.112068
4.51389 0.11388
4.51424 0.114233
4.51456 0.11455
4.51572 0.11571
4.51604 0.116029
4.51636 0.116351
4.51727 0.117259
4.51768 0.117672
4.52428 0.124274
4.52721 0.127207
4.52915 0.129144
4.53059 0.130583
4.53091 0.130902
4.53104 0.0510173
4.53104 0.0510173
4.53104 0.0510173
4.53117 0.0511457
4.53117 0.0508262
4.53117 0.0508262
4.53401 0.133998
4.53504 0.135033
4.53598 0.135975
4.53677 0.136761
4.53852 0.138517
4.53955 0.139546
4.54009 0.140083
4.54041 0.140403
4.54235 0.14234
4.54404 0.14403
4.54588 0.145871
4.54632 0.146315
4.54789 0.147881
4.55094 0.0509363
4.55126 0.151255
4.55158 0.151574
4.55158 0.151574
4.55171 0.0513842
4.55171 0.0513842
4.55171 0.0513842
4.55171 0.0513842
4.55171 0.0510647
4.55184 0.051193
4.55184 0.051193
4.55446 0.154452
4.55606 0.156047
4.55771 0.157704
4.55822 0.0582111
4.56261 0.162604
4.56427 0.0642623
4.56571 0.0657015
4.56957 0.0695669
4.57073 0.0507275
4.57073 0.0507275
4.57073 0.0507275
4.57104 0.0510425
4.57104 0.050723
4.57104 0.050723
4.57192 0.0719161
4.57342 0.0734175
4.57611 0.076101
4.57724 0.0772292
4.58359 0.0835829
4.58403 0.0840268
4.58516 0.085155
4.58548 0.0854745
4.58548 0.0854745
4.58593 0.0859184
4.58737 0.0873577
4.58768 0.0876772
4.58768 0.0876572
4.58869 0.088681
4.58901 0.0890005
4.58901 0.0889805
4.58986 0.0898488
4.59036 0.0903549
4.59068 0.0906744
4.591 0.0909996
4.59132 0.0913129
4.59145 0.0514308
4.59145 0.0514308
4.59145 0.0514308
4.59145 0.0514308
4.59145 0.0511113
4.59158 0.0512397
4.59158 0.0512397
4.59202 0.0920141
4.59284 0.0928113
4.59406 0.0940496
4.59463 0.0946012
4.5975 0.0974912
4.59965 0.0996337
4.6 0.0999964
4.60095 0.100938
4.60133 0.10132
4.60429 0.104283
4.60489 0.104863
4.60633 0.106322
4.6069 0.10689
4.60778 0.107769
4.60838 0.108349
4.60894 0.108937
4.6097 0.109692
4.61002 0.110012
4.61002 0.110012
4.61065 0.110642
4.61078 0.050774
4.61078 0.050774
4.61078 0.050774
4.61106 0.0510579
4.61106 0.0507384
4.61106 0.0507384
4.61175 0.111747
4.61207 0.112067
4.61389 0.113879
4.61427 0.114241
4.61459 0.114581
4.61572 0.115709
4.61604 0.116028
4.61636 0.116328
4.61727 0.117258
4.61768 0.117671
4.62428 0.124274
4.62721 0.127206
4.62915 0.129143
4.63059 0.130582
4.63091 0.130902
4.63104 0.0510164
4.63104 0.0510164
4.63104 0.0510164
4.63117 0.0511448
4.63117 0.0508253
4.63117 0.0508253
4.634 0.133997
4.63504 0.135032
4.63598 0.135974
4.63677 0.13676
4.63852 0.138516
4.63955 0.139545
4.64009 0.140082
4.64041 0.140402
4.64235 0.142339
4.64403 0.144007
4.64588 0.14587
4.64632 0.146314
4.64792 0.147889
4.65094 0.0509354
4.65126 0.151254
4.65158 0.151574
4.65158 0.151574
4.65171 0.0513833
4.65171 0.0513833
4.65171 0.0513833
4.65171 0.0513833
4.65171 0.0510638
4.65184 0.0511922
4.65184 0.0511922
4.65446 0.154452
4.65605 0.156046
4.65771 0.157703
4.65822 0.0582103
4.66261 0.162604
4.66427 0.0642614
4.66571 0.0657006
4.66957 0.069566
4.67073 0.0507266
4.67073 0.0507266
4.67073 0.0507266
4.67104 0.0510417
4.67104 0.0507222
4.67104 0.0507222
4.67192 0.0719152
4.67345 0.0734478
4.67611 0.0761001
4.67723 0.0772283
4.68359 0.083582
4.68403 0.0840259
4.68516 0.0851541
4.68548 0.0854736
4.68548 0.0854736
4.68592 0.0859175
4.68736 0.0873568
4.68768 0.0876763
4.68768 0.087665
4.68869 0.0886801
4.68901 0.0889996
4.68901 0.0889883
4.68985 0.0898479
4.69036 0.090354
4.69068 0.0906735
4.691 0.0909987
4.69132 0.0913069
4.69145 0.0514299
4.69145 0.0514299
4.69145 0.0514299
4.69145 0.0514299
4.69145 0.0511104
4.69158 0.0512388
4.69158 0.0512388
4.69202 0.0920132
4.69281 0.092788
4.69406 0.0940497
4.69463 0.0946089
4.6975 0.0974903
4.69962 0.0996138
4.7 0.0999955
4.70094 0.100937
4.70133 0.101319
4.70429 0.104282
4.70486 0.104839
4.70633 0.106321
4.7069 0.106889
4.70778 0.107769
4.70837 0.108357
4.70894 0.108936
4.7097 0.109691
4.71002 0.110011
4.71002 0.110011
4.71065 0.110641
4.71078 0.0507731
4.71078 0.0507731
4.71078 0.0507731
4.71106 0.051057
4.71106 0.0507375
4.71106 0.0507375
4.71175 0.111746
4.71207 0.112066
4.71389 0.113878
4.71424 0.114218
4.71456 0.114549
4.71571 0.115708
4.71603 0.116027
4.71635 0.116336
4.71726 0.117257
4.71768 0.11767
4.72428 0.124273
4.72721 0.127205
4.72915 0.129142
4.73059 0.130581
4.73091 0.130901
4.73104 0.0510156
4.73104 0.0510156
4.73104 0.0510156
4.73116 0.0511439
4.73116 0.0508244
4.73116 0.0508244
4.734 0.133996
4.73504 0.135031
4.73598 0.135973
4.73677 0.136759
4.73852 0.138515
4.73955 0.139544
4.74009 0.140081
4.74041 0.140401
4.74234 0.142338
4.74403 0.144015
4.74588 0.145869
4.74632 0.146313
4.74791 0.147897
4.75094 0.0509345
4.75126 0.151253
4.75158 0.151573
4.75158 0.151573
4.75171 0.0513824
4.75171 0.0513824
4.75171 0.0513824
4.75171 0.0513824
4.75171 0.0510629
4.75184 0.0511913
4.75184 0.0511913
4.75446 0.154451
4.75605 0.156045
4.75771 0.157702
4.75822 0.0582094
4.76261 0.162603
4.76427 0.0642605
4.76571 0.0656997
4.76957 0.0695651
4.77076 0.0507258
4.77076 0.0507258
4.77076 0.0507258
4.77107 0.0510408
4.77107 0.0507213
4.77107 0.0507213
4.77192 0.0719143
4.77345 0.0734469
4.7761 0.0760992
4.77723 0.0772274
4.78359 0.0835811
4.78403 0.084025
4.78516 0.0851532
4.78548 0.0854727
4.78548 0.0854727
4.78592 0.0859167
4.78739 0.087387
4.78771 0.0877065
4.78771 0.0877038
4.78868 0.0886792
4.789 0.0889987
4.789 0.088996
4.78985 0.089847
4.79036 0.0903531
4.79068 0.0906726
4.791 0.0909978
4.79132 0.0913008
4.79145 0.0514291
4.79145 0.0514291
4.79145 0.0514291
4.79145 0.0514291
4.79145 0.0511095
4.79157 0.0512379
4.79157 0.0512379
4.79202 0.0920123
4.7928 0.0927957
4.79406 0.0940499
4.79459 0.0945856
4.79753 0.0975205
4.79965 0.0996251
4.8 0.0999947
4.80094 0.100936
4.80132 0.101318
4.80429 0.104281
4.80486 0.104847
4.80633 0.10632
4.80689 0.106888
4.80777 0.107768
4.80837 0.108364
4.80894 0.108936
4.8097 0.10969
4.81002 0.11001
4.81002 0.11001
4.81065 0.110641
4.81077 0.0507722
4.81077 0.0507722
4.81077 0.0507722
4.81106 0.0510561
4.81106 0.0507366
4.81106 0.0507366
4.81175 0.111746
4.81207 0.112065
4.81388 0.113878
4.81423 0.114226
4.81455 0.114548
4.81571 0.115707
4.81603 0.116027
4.81635 0.116343
4.81726 0.117257
4.81771 0.1177
4.82428 0.124272
4.82721 0.127204
4.82915 0.129141
4.83059 0.13058
4.83091 0.1309
4.83103 0.0510147
4.83103 0.0510147
4.83103 0.0510147
4.83116 0.0511431
4.83116 0.0508236
4.83116 0.0508236
4.834 0.133995
4.83504 0.13503
4.83598 0.135972
4.83676 0.136758
4.83851 0.138514
4.83955 0.139543
4.84009 0.14008
4.84041 0.1404
4.84234 0.142337
4.84403 0.144022
4.84587 0.145869
4.84632 0.146312
4.84788 0.147873
4.85094 0.0509336
4.85126 0.151252
4.85158 0.151572
4.8519 0.151891
4.85203 0.051701
4.85203 0.051701
4.85203 0.051701
4.85203 0.051701
4.85203 0.0513815
4.85215 0.0515099
4.85215 0.0515099
4.85446 0.154458
4.85606 0.156053
4.85772 0.15771
4.85822 0.058217
4.86258 0.162579
4.86427 0.0642681
4.86571 0.0657073
4.86958 0.0695727
4.87076 0.0507333
4.87076 0.0507333
4.87076 0.0507333
4.87108 0.0510484
4.87108 0.0507289
4.87108 0.0507289
4.87193 0.0719219
4.87343 0.0734234
4.87611 0.0761068
4.87724 0.077235
4.88359 0.0835887
4.88404 0.0840326
4.88517 0.0851608
4.88517 0.0851608
4.88549 0.0854803
4.88593 0.0859242
4.88737 0.0873635
4.88769 0.087683
4.88769 0.0876578
4.88869 0.0886868
4.88901 0.0890063
4.88901 0.0889811
4.88986 0.0898546
4.89037 0.0903607
4.89069 0.0906802
4.89081 0.0507976
4.89081 0.0507976
4.89081 0.0507976
4.89113 0.0911027
4.89145 0.0914316
4.89158 0.051565
4.89158 0.0512455
4.89158 0.0512455
4.89202 0.0920199
4.89284 0.0928119
4.89406 0.0940585
4.89463 0.0946018
4.8975 0.097497
4.89963 0.0996137
4.89998 0.0999711
4.90095 0.100944
4.9013 0.101294
4.90429 0.104289
4.90489 0.104863
4.90633 0.106328
4.9069 0.106896
4.90778 0.107775
4.90838 0.10835
4.90895 0.108943
4.9097 0.109698
4.91002 0.110018
4.91002 0.110018
4.91065 0.110648
4.91078 0.0507798
4.91078 0.0507798
4.91078 0.0507798
4.91107 0.0510637
4.91107 0.0507442
4.91107 0.0507442
4.91176 0.111753
4.91208 0.112073
4.91389 0.113885
4.91427 0.114242
4.91459 0.114586
4.91569 0.115684
4.91601 0.116003
4.91633 0.116297
4.91724 0.117233
4.91768 0.117677
4.92428 0.124279
4.92722 0.127212
4.92915 0.129149
4.93059 0.130588
4.93091 0.130907
4.93104 0.0510223
4.93104 0.0510223
4.93104 0.0510223
4.93117 0.0511506
4.93117 0.0508311
4.93117 0.0508311
4.93401 0.134003
4.93504 0.135038
4.93598 0.13598
4.93677 0.136766
4.93855 0.138522
4.93956 0.139551
4.94009 0.140088
4.94041 0.140408
4.94232 0.142313
4.94404 0.144007
4.94588 0.145876
4.94633 0.14632
4.94792 0.14789
4.95091 0.0509101
4.95123 0.151229
4.95155 0.151548
4.95187 0.151868
4.952 0.0516775
4.952 0.0516775
4.952 0.0516775
4.952 0.0516775
4.952 0.051358
4.95213 0.0514864
4.95213 0.0514864
4.95444 0.154435
4.95607 0.156061
4.95772 0.157718
4.9582 0.0581935
4.96259 0.162587
4.96428 0.0642757
4.96569 0.0656838
4.96958 0.0695803
4.97077 0.0507409
4.97077 0.0507409
4.97077 0.0507409
4.97109 0.0510559
4.97109 0.0507364
4.97109 0.0507364
4.9719 0.0718984
4.97344 0.073431
4.97612 0.0761144
4.97722 0.0772115
4.98357 0.0835652
4.98401 0.0840091
4.98517 0.0851684
4.98517 0.0851684
4.98549 0.0854879
4.98594 0.0859318
4.98738 0.0873711
4.98769 0.0876906
4.98769 0.0876741
4.98867 0.0886633
4.98899 0.0889828
4.98899 0.0889663
4.98987 0.0898622
4.99037 0.0903683
4.99037 0.0903683
4.99075 0.0507345
4.99075 0.0507345
4.99075 0.0507345
4.99107 0.0910396
4.99139 0.0913633
4.99152 0.0515019
4.99152 0.0511824
4.99152 0.0511824
4.99202 0.092019
4.99281 0.0927886
4.99406 0.0940587
4.99463 0.0946096
4.9975 0.0974961
4.99965 0.0996249
4.99997 0.0999703
5.00095 0.100943
5.0013 0.101294
5.00429 0.104288
5.00486 0.104834
5.00633 0.106321
5.00689 0.10689
5.00777 0.107769
5.00837 0.108352
5.00894 0.108937
5.0097 0.109692
5.01002 0.110011
5.01002 0.110011
5.01065 0.110642
5.01077 0.0507735
5.01077 0.0507735
5.01077 0.0507735
5.01106 0.0510574
5.01106 0.0507379
5.01106 0.0507379
5.01175 0.111747
5.01207 0.112066
5.01388 0.113879
5.01423 0.114213
5.01455 0.114549
5.01568 0.115677
5.016 0.115997
5.01632 0.1163
5.01723 0.117227
5.01771 0.117702
5.02431 0.124304
5.02721 0.127205
5.02912 0.129111
5.03062 0.130613
5.03094 0.130932
5.03106 0.051047
5.03106 0.051047
5.03106 0.051047
5.03106 0.051047
5.03106 0.0507275
5.03119 0.0508559
5.03119 0.0508559
5.034 0.133997
5.03504 0.135032
5.03598 0.135973
5.03676 0.136759
5.03854 0.138515
5.03955 0.139544
5.04009 0.140082
5.04041 0.140401
5.04234 0.142338
5.04403 0.14401
5.04587 0.14587
5.04632 0.146314
5.04791 0.147892
5.05091 0.0509037
5.05123 0.151222
5.05155 0.151542
5.05187 0.151861
5.05199 0.0516711
5.05199 0.0516711
5.05199 0.0516711
5.05199 0.0516711
5.05199 0.0513516
5.05212 0.05148
5.05212 0.05148
5.05443 0.154428
5.05606 0.156054
5.05772 0.157711
5.05819 0.0581871
5.06258 0.16258
5.06427 0.0642693
5.06568 0.0656775
5.06958 0.0695739
5.07076 0.0507346
5.07076 0.0507346
5.07076 0.0507346
5.07108 0.0510496
5.07108 0.0507301
5.07108 0.0507301
5.0719 0.071892
5.07343 0.0734246
5.07611 0.076108
5.07721 0.0772051
5.08356 0.0835588
5.08401 0.0840027
5.08517 0.085162
5.08517 0.085162
5.08548 0.0854815
5.08593 0.0859255
5.0874 0.0873958
5.08772 0.0877153
5.08772 0.0877075
5.08866 0.0886569
5.08898 0.0889764
5.08898 0.0889685
5.08986 0.0898558
5.09037 0.0903619
5.09037 0.0903619
5.09074 0.0507282
5.09074 0.0507282
5.09074 0.0507282
5.09106 0.0910333
5.09138 0.0913518
5.09151 0.0514956
5.09151 0.0511761
5.09151 0.0511761
5.09202 0.0920127
5.0928 0.0927909
5.09409 0.0940845
5.09462 0.0946118
5.09749 0.0974898
5.09962 0.0995995
5.09997 0.0999639
5.10091 0.100905
5.10132 0.101318
5.10425 0.104251
5.10482 0.104811
5.10629 0.106289
5.10689 0.106889
5.10774 0.107737
5.10834 0.108329
5.10894 0.108936
5.10969 0.109691
5.11001 0.11001
5.11001 0.11001
5.11061 0.11061
5.11074 0.0507415
5.11074 0.0507415
5.11074 0.0507415
5.11106 0.0510565
5.11106 0.050737
5.11106 0.050737
5.11178 0.111777
5.1121 0.112097
5.11388 0.113878
5.1142 0.11419
5.11458 0.114579
5.11571 0.115707
5.11603 0.116027
5.11635 0.116339
5.11723 0.117226
5.11767 0.11767
5.12428 0.124272
5.12721 0.127204
5.12914 0.129141
5.13058 0.130581
5.1309 0.1309
5.13103 0.051015
5.13103 0.051015
5.13103 0.051015
5.13116 0.0511434
5.13116 0.0508239
5.13116 0.0508239
5.134 0.133996
5.13503 0.135031
5.13598 0.135972
5.13676 0.136758
5.13854 0.138514
5.13955 0.139544
5.14008 0.140081
5.1404 0.1404
5.14231 0.142306
5.14403 0.144017
5.14587 0.145869
5.14632 0.146313
5.14788 0.147869
5.15091 0.0509029
5.15122 0.151222
5.15154 0.151541
5.15186 0.151861
5.15199 0.0516703
5.15199 0.0516703
5.15199 0.0516703
5.15199 0.0516703
5.15199 0.0513508
5.15212 0.0514792
5.15212 0.0514792
5.15443 0.154428
5.15606 0.156053
5.15771 0.15771
5.15819 0.0581862
5.16258 0.16258
5.16427 0.0642684
5.16568 0.0656766
5.16958 0.069573
5.17076 0.0507337
5.17076 0.0507337
5.17076 0.0507337
5.17108 0.0510487
5.17108 0.0507292
5.17108 0.0507292
5.17192 0.0719223
5.17346 0.0734548
5.17611 0.0761071
5.17724 0.0772353
5.18356 0.0835579
5.184 0.0840018
5.18516 0.0851612
5.18548 0.0854807
5.18548 0.0854807
5.18593 0.0859246
5.1874 0.0873949
5.18772 0.0877144
5.18772 0.0877152
5.18866 0.088656
5.18898 0.0889755
5.18898 0.0889763
5.18983 0.0898238
5.19036 0.090361
5.19036 0.090361
5.19074 0.0507273
5.19074 0.0507273
5.19074 0.0507273
5.19106 0.0910324
5.19138 0.0913768
5.19151 0.0514947
5.19151 0.0511752
5.19151 0.0511752
5.19201 0.0920118
5.19277 0.0927675
5.19412 0.0940867
5.19462 0.0946196
5.19749 0.0974889
5.19961 0.0996107
5.19997 0.099963
5.20091 0.100905
5.20132 0.101317
5.20428 0.104281
5.20482 0.104819
5.20629 0.106288
5.20689 0.106888
5.20777 0.107767
5.20834 0.108336
5.20894 0.108935
5.20966 0.109659
5.20998 0.109978
5.20998 0.109978
5.21061 0.110609
5.21077 0.0507406
5.21077 0.0507406
5.21077 0.0507406
5.21109 0.0510556
5.21109 0.0507361
5.21109 0.0507361
5.21178 0.111776
5.2121 0.112096
5.21388 0.113877
5.2142 0.114197
5.21458 0.114578
5.21571 0.115706
5.21603 0.116026
5.21635 0.116346
5.21723 0.117225
5.21767 0.117669
5.22427 0.124271
5.22717 0.127172
5.22914 0.12914
5.23055 0.130549
5.23087 0.130868
5.231 0.050983
5.231 0.050983
5.231 0.050983
5.23113 0.0511114
5.23113 0.0507919
5.23113 0.0507919
5.23397 0.133964
5.23503 0.13503
5.23594 0.13594
5.23676 0.136757
5.23854 0.138513
5.23951 0.139512
5.24005 0.140049
5.24037 0.140368
5.24231 0.142305
5.244 0.143994
5.24584 0.145837
5.24631 0.146312
5.24788 0.147876
5.25093 0.0509331
5.25125 0.151252
5.25157 0.151571
5.25157 0.151571
5.2517 0.051381
5.2517 0.051381
5.2517 0.051381
5.2517 0.051381
5.2517 0.0510615
5.25183 0.0511899
5.25183 0.0511899
5.25442 0.154418
5.25605 0.156044
5.2577 0.157701
5.25821 0.058208
5.26257 0.16257
5.26429 0.0642902
5.2657 0.0656983
5.26957 0.0695637
5.27075 0.0507243
5.27075 0.0507243
5.27075 0.0507243
5.27107 0.0510394
5.27107 0.0507198
5.27107 0.0507198
5.27191 0.0719129
5.27345 0.0734455
5.27613 0.0761289
5.27723 0.077226
5.28355 0.0835486
5.28399 0.0839925
5.28518 0.0851829
5.28518 0.0851829
5.2855 0.0855024
5.28595 0.0859463
5.28739 0.0873856
5.28771 0.0877051
5.28771 0.0876834
5.28868 0.0886778
5.289 0.0889973
5.289 0.0889756
5.28982 0.0898145
5.29035 0.0903517
5.29067 0.0906712
5.29099 0.0909653
5.29131 0.0913046
5.29144 0.0514276
5.29144 0.0514276
5.29144 0.0514276
5.29144 0.0514276
5.29144 0.0511081
5.29157 0.0512365
5.29157 0.0512365
5.29201 0.0920109
5.2928 0.0927753
5.29411 0.0940929
5.29462 0.0945963
5.29749 0.097488
5.29964 0.099622
5.29996 0.0999621
5.30091 0.100904
5.30132 0.101317
5.30428 0.10428
5.30485 0.104827
5.30629 0.106287
5.30689 0.106887
5.30777 0.107766
5.30837 0.108344
5.30894 0.108934
5.30966 0.109658
5.30998 0.109977
5.30998 0.109977
5.31061 0.110608
5.31077 0.0507397
5.31077 0.0507397
5.31077 0.0507397
5.31108 0.0510547
5.31108 0.0507352
5.31108 0.0507352
5.31178 0.111775
5.3121 0.112095
5.31388 0.113876
5.31423 0.114205
5.31458 0.114577
5.31571 0.115706
5.31603 0.116025
5.31635 0.116323
5.31723 0.117224
5.31767 0.117668
5.32427 0.12427
5.32717 0.127172
5.32914 0.12914
5.33055 0.130548
5.33087 0.130867
5.331 0.0509821
5.331 0.0509821
5.331 0.0509821
5.33113 0.0511105
5.33113 0.050791
5.33113 0.050791
5.33396 0.133963
5.33503 0.135029
5.33597 0.135971
5.33676 0.136757
5.33854 0.138513
5.33951 0.139511
5.34005 0.140048
5.34037 0.140367
5.34231 0.142304
5.34403 0.144002
5.34584 0.145836
5.34631 0.146311
5.34791 0.147884
5.35093 0.0509322
5.35125 0.151251
5.35157 0.15157
5.35157 0.15157
5.3517 0.0513801
5.3517 0.0513801
5.3517 0.0513801
5.3517 0.0513801
5.3517 0.0510606
5.35183 0.051189
5.35183 0.051189
5.35445 0.154448
5.35604 0.156043
5.3577 0.1577
5.35821 0.0582071
5.36257 0.162569
5.36429 0.0642893
5.3657 0.0656974
5.36956 0.0695628
5.37075 0.0507235
5.37075 0.0507235
5.37075 0.0507235
5.37106 0.0510385
5.37106 0.050719
5.37106 0.050719
5.37191 0.071912
5.37345 0.0734446
5.37613 0.076128
5.37723 0.0772251
5.38355 0.0835477
5.38399 0.0839916
5.38518 0.085182
5.38518 0.085182
5.3855 0.0855015
5.38595 0.0859455
5.38739 0.0873847
5.38771 0.0877042
5.38771 0.0876912
5.38868 0.0886769
5.389 0.0889964
5.389 0.0889834
5.38981 0.0898136
5.39035 0.0903508
5.39067 0.0906703
5.39099 0.0909644
5.39131 0.0912985
5.39144 0.0514268
5.39144 0.0514268
5.39144 0.0514268
5.39144 0.0514268
5.39144 0.0511072
5.39157 0.0512356
5.39157 0.0512356
5.39201 0.09201
5.3928 0.0927831
5.39411 0.0940951
5.39462 0.094604
5.39749 0.0974871
5.39961 0.0996021
5.39996 0.0999613
5.4009 0.100903
5.40132 0.101316
5.40428 0.104279
5.40485 0.104834
5.40629 0.106287
5.40689 0.106886
5.40777 0.107765
5.40833 0.108321
5.40893 0.108933
5.40966 0.109657
5.40998 0.109977
5.40998 0.109977
5.41061 0.110607
5.41077 0.0507388
5.41077 0.0507388
5.41077 0.0507388
5.41108 0.0510538
5.41108 0.0507343
5.41108 0.0507343
5.41178 0.111774
5.41209 0.112094
5.41388 0.113875
5.41423 0.114213
5.41458 0.114577
5.41571 0.115705
5.41603 0.116024
5.41634 0.116331
5.41722 0.117223
5.41767 0.117667
5.42427 0.12427
5.42717 0.127171
5.42914 0.129139
5.43055 0.130547
5.43087 0.130866
5.431 0.0509813
5.431 0.0509813
5.431 0.0509813
5.43112 0.0511097
5.43112 0.0507902
5.43112 0.0507902
5.43396 0.133962
5.43503 0.135028
5.43597 0.13597
5.43676 0.136756
5.43854 0.138512
5.43951 0.13951
5.44005 0.140047
5.44037 0.140367
5.4423 0.142303
5.44402 0.14401
5.44584 0.145835
5.44631 0.14631
5.44787 0.147861
5.45093 0.0509313
5.45125 0.15125
5.45157 0.15157
5.45157 0.15157
5.4517 0.0513792
5.4517 0.0513792
5.4517 0.0513792
5.4517 0.0513792
5.4517 0.0510597
5.45183 0.0511881
5.45183 0.0511881
5.45445 0.154448
5.45604 0.156042
5.4577 0.157699
5.45821 0.0582062
5.46257 0.162568
5.46429 0.0642884
5.4657 0.0656966
5.46956 0.0695619
5.47075 0.0507226
5.47075 0.0507226
5.47075 0.0507226
5.47106 0.0510376
5.47106 0.0507181
5.47106 0.0507181
5.47191 0.0719111
5.47344 0.0734437
5.47613 0.0761271
5.47722 0.0772242
5.48355 0.0835468
5.48399 0.0839907
5.48518 0.0851811
5.48518 0.0851811
5.4855 0.0855007
5.48594 0.0859446
5.48738 0.0873838
5.4877 0.0877033
5.4877 0.0876989
5.48868 0.088676
5.489 0.0889955
5.489 0.0889911
5.48981 0.0898127
5.49035 0.0903499
5.49067 0.0906694
5.49099 0.0909636
5.49131 0.0912925
5.49144 0.0514259
5.49144 0.0514259
5.49144 0.0514259
5.49144 0.0514259
5.49144 0.0511064
5.49157 0.0512348
5.49157 0.0512348
5.49201 0.0920092
5.4928 0.0927908
5.49411 0.0940974
5.49462 0.0946118
5.49749 0.0974862
5.49964 0.0996133
5.49996 0.0999604
5.5009 0.100902
5.50131 0.101315
5.50428 0.104278
5.50482 0.104811
5.50629 0.106286
5.50689 0.106885
5.50776 0.107765
5.50833 0.108328
5.50893 0.108932
5.50966 0.109656
5.50998 0.109976
5.50998 0.109976
5.51061 0.110606
5.51077 0.050738
5.51077 0.050738
5.51077 0.050738
5.51108 0.051053
5.51108 0.0507335
5.51108 0.0507335
5.51177 0.111774
5.51209 0.112093
5.51387 0.113874
5.51419 0.11419
5.51458 0.114576
5.5157 0.115704
5.51602 0.116023
5.51634 0.116338
5.51722 0.117222
5.51767 0.117666
5.52427 0.124269
5.52717 0.12717
5.52914 0.129138
5.53055 0.130546
5.53087 0.130865
5.53099 0.0509804
5.53099 0.0509804
5.53099 0.0509804
5.53112 0.0511088
5.53112 0.0507893
5.53112 0.0507893
5.53396 0.133961
5.53503 0.135027
5.53597 0.135969
5.53675 0.136755
5.53854 0.138511
5.53951 0.139509
5.54005 0.140046
5.54037 0.140366
5.5423 0.142303
5.54402 0.144017
5.54583 0.145834
5.54631 0.146309
5.54787 0.147869
5.55096 0.0509304
5.55128 0.15128
5.5516 0.1516
5.5516 0.1516
5.55173 0.0513783
5.55173 0.0513783
5.55173 0.0513783
5.55173 0.0513783
5.55173 0.0510588
5.55186 0.0511872
5.55186 0.0511872
5.55445 0.154447
5.55604 0.156041
5.5577 0.157698
5.55824 0.0582053
5.56257 0.162568
5.56432 0.0642875
5.56573 0.0656957
5.56959 0.069561
5.57075 0.0507217
5.57075 0.0507217
5.57075 0.0507217
5.57106 0.0510367
5.57106 0.0507172
5.57106 0.0507172
5.57194 0.0719103
5.57347 0.0734428
5.57616 0.0761262
5.57725 0.0772233
5.58358 0.0835459
5.58402 0.0839898
5.58521 0.0851803
5.58521 0.0851803
5.58553 0.0854998
5.58597 0.0859437
5.58741 0.0873829
5.58773 0.0877025
5.58773 0.0877067
5.58871 0.0886751
5.58903 0.0889946
5.58903 0.0889989
5.58984 0.0898118
5.59038 0.0903491
5.5907 0.0906686
5.59102 0.0909938
5.59134 0.0913175
5.59147 0.0514561
5.59147 0.0514561
5.59147 0.0514561
5.59147 0.0514561
5.59147 0.0511366
5.59159 0.051265
5.59159 0.051265
5.59204 0.0920083
5.59279 0.0927675
5.59408 0.0940725
5.59465 0.0946195
5.59752 0.0974853
5.59961 0.0995934
5.59999 0.0999595
5.60093 0.100901
5.60134 0.101314
5.60431 0.104277
5.60484 0.104819
5.60632 0.106285
5.60691 0.106884
5.60779 0.107764
5.60836 0.108336
5.60896 0.108931
5.60969 0.109655
5.61001 0.109975
5.61001 0.109975
5.61064 0.110605
5.61076 0.0507371
5.61076 0.0507371
5.61076 0.0507371
5.61108 0.0510521
5.61108 0.0507326
5.61108 0.0507326
5.6118 0.111773
5.61212 0.112092
5.6139 0.113874
5.61422 0.114197
5.61461 0.114575
5.61573 0.115703
5.61605 0.116022
5.61637 0.116346
5.61725 0.117221
5.6177 0.117665
5.6243 0.124268
5.6272 0.127169
5.62917 0.129137
5.63058 0.130545
5.63089 0.130865
5.63102 0.0510106
5.63102 0.0510106
5.63102 0.0510106
5.63115 0.051139
5.63115 0.0508195
5.63115 0.0508195
5.63399 0.13396
5.63506 0.135026
5.636 0.135968
5.63678 0.136754
5.63853 0.13851
5.63954 0.139508
5.64008 0.140045
5.6404 0.140365
5.64233 0.142302
5.64402 0.143994
5.64586 0.145833
5.64634 0.146308
5.6479 0.147876
5.65096 0.0509296
5.65128 0.151248
5.6516 0.151568
5.6516 0.151568
5.65173 0.0513775
5.65173 0.0513775
5.65173 0.0513775
5.65173 0.0513775
5.65173 0.051058
5.65185 0.0511863
5.65185 0.0511863
5.65448 0.154446
5.65607 0.156041
5.65773 0.157697
5.65823 0.0582044
5.6626 0.162567
5.66432 0.0642867
5.66572 0.0656948
5.66959 0.0695602
5.67074 0.0507208
5.67074 0.0507208
5.67074 0.0507208
5.67106 0.0510358
5.67106 0.0507163
5.67106 0.0507163
5.67194 0.0719094
5.67347 0.0734419
5.67615 0.0761254
5.67725 0.0772225
5.68361 0.0835761
5.68402 0.083989
5.68521 0.0851794
5.68521 0.0851794
5.68553 0.0854989
5.68597 0.0859428
5.68741 0.0873821
5.68773 0.0877016
5.68773 0.0877144
5.6887 0.0886743
5.68902 0.0889938
5.68902 0.0890066
5.68984 0.0898109
5.69038 0.0903482
5.6907 0.0906677
5.69102 0.0909929
5.69134 0.0913115
5.69146 0.0514552
5.69146 0.0514552
5.69146 0.0514552
5.69146 0.0514552
5.69146 0.0511357
5.69159 0.0512641
5.69159 0.0512641
5.69204 0.0920074
5.69282 0.0928063
5.69408 0.0940747
5.69461 0.0945962
5.69751 0.0974845
5.69961 0.0996047
5.69999 0.0999586
5.70093 0.1009
5.70134 0.101313
5.70431 0.104276
5.70484 0.104826
5.70634 0.106315
5.70691 0.106883
5.70779 0.107763
5.70836 0.108344
5.70896 0.108931
5.70968 0.109654
5.71 0.109974
5.71 0.109974
5.71063 0.110604
5.71076 0.0507362
5.71076 0.0507362
5.71076 0.0507362
5.71108 0.0510512
5.71108 0.0507317
5.71108 0.0507317
5.7118 0.111772
5.71212 0.112091
5.7139 0.113873
5.71422 0.114205
5.7146 0.114574
5.71573 0.115702
5.71605 0.116022
5.71637 0.116354
5.71725 0.11722
5.71769 0.117664
5.7243 0.124267
5.7272 0.127168
5.72917 0.129136
5.73057 0.130544
5.73089 0.130864
5.73102 0.0510097
5.73102 0.0510097
5.73102 0.0510097
5.73115 0.0511381
5.73115 0.0508186
5.73115 0.0508186
5.73399 0.133959
5.73505 0.135025
5.736 0.135967
5.73678 0.136753
5.73853 0.138509
5.73954 0.139507
5.74007 0.140044
5.74039 0.140364
5.74233 0.142301
5.74402 0.144002
5.74586 0.145833
5.74634 0.146308
5.7479 0.147884
5.75096 0.0509287
5.75128 0.151247
5.7516 0.151567
5.7516 0.151567
5.75172 0.0513766
5.75172 0.0513766
5.75172 0.0513766
5.75172 0.0513766
5.75172 0.0510571
5.75185 0.0511855
5.75185 0.0511855
5.75447 0.154445
5.75607 0.15604
5.75773 0.157697
5.75823 0.0582036
5.76263 0.162597
5.76431 0.0642858
5.76572 0.0656939
5.76959 0.0695593
5.77074 0.0507199
5.77074 0.0507199
5.77074 0.0507199
5.77106 0.051035
5.77106 0.0507154
5.77106 0.0507154
5.77194 0.0719085
5.77347 0.0734411
5.77615 0.0761245
5.77725 0.0772216
5.7836 0.0835753
5.78402 0.0839881
5.78521 0.0851785
5.78521 0.0851785
5.78553 0.085498
5.78597 0.0859419
5.78741 0.0873812
5.78773 0.0877007
5.78773 0.0877222
5.7887 0.0886734
5.78902 0.0889929
5.78902 0.0890144
5.78984 0.0898101
5.79038 0.0903473
5.7907 0.0906668
5.79102 0.090992
5.79133 0.0913054
5.79146 0.0514543
5.79146 0.0514543
5.79146 0.0514543
5.79146 0.0514543
5.79146 0.0511348
5.79159 0.0512632
5.79159 0.0512632
5.79204 0.0920065
5.79279 0.092783
5.79411 0.0940769
5.79461 0.094604
5.79751 0.0974836
5.79964 0.0996159
5.79999 0.0999577
5.80093 0.100899
5.80134 0.101312
5.8043 0.104275
5.80484 0.104834
5.80634 0.106314
5.80691 0.106883
5.80779 0.107762
5.80833 0.108321
5.80896 0.10893
5.80968 0.109654
5.81 0.109973
5.81 0.109973
5.81063 0.110604
5.81076 0.0507353
5.81076 0.0507353
5.81076 0.0507353
5.81108 0.0510503
5.81108 0.0507308
5.81108 0.0507308
5.8118 0.111771
5.81212 0.11209
5.8139 0.113872
5.81422 0.114213
5.8146 0.114573
5.81573 0.115701
5.81605 0.116021
5.81637 0.116362
5.81725 0.11722
5.81769 0.117664
5.82429 0.124266
5.8272 0.127167
5.82916 0.129135
5.83057 0.130543
5.83089 0.130863
5.83102 0.0510088
5.83102 0.0510088
5.83102 0.0510088
5.83115 0.0511372
5.83115 0.0508177
5.83115 0.0508177
5.83399 0.133959
5.83505 0.135025
5.83599 0.135966
5.83678 0.136752
5.83853 0.138508
5.83954 0.139506
5.8401 0.140075
5.84042 0.140394
5.84233 0.1423
5.84402 0.14401
5.84586 0.145832
5.84634 0.146307
5.84787 0.147861
5.85096 0.0509278
5.85128 0.151246
5.85159 0.151566
5.85159 0.151566
5.85172 0.0513757
5.85172 0.0513757
5.85172 0.0513757
5.85172 0.0513757
5.85172 0.0510562
5.85185 0.0511846
5.85185 0.0511846
5.85447 0.154444
5.85607 0.156039
5.85772 0.157696
5.85823 0.0582027
5.86262 0.162596
5.86431 0.0642849
5.86572 0.065693
5.86959 0.0695584
5.87074 0.0507191
5.87074 0.0507191
5.87074 0.0507191
5.87106 0.0510341
5.87106 0.0507146
5.87106 0.0507146
5.87194 0.0719076
5.87347 0.0734402
5.87615 0.0761236
5.87725 0.0772207
5.8836 0.0835744
5.88402 0.0839872
5.88521 0.0851776
5.88521 0.0851776
5.88553 0.0854971
5.88597 0.0859411
5.88741 0.0873803
5.88773 0.0876998
5.88773 0.0876989
5.8887 0.0886725
5.88902 0.088992
5.88902 0.0889911
5.88984 0.0898092
5.89037 0.0903464
5.89069 0.0906659
5.89101 0.0909911
5.89133 0.0913304
5.89146 0.0514535
5.89146 0.0514535
5.89146 0.0514535
5.89146 0.0514535
5.89146 0.0511339
5.89159 0.0512623
5.89159 0.0512623
5.89203 0.0920056
5.89282 0.0927908
5.8941 0.0940792
5.89464 0.0946117
5.89751 0.0974827
5.8996 0.099596
5.89998 0.0999569
5.90093 0.100898
5.90134 0.101311
5.9043 0.104275
5.90484 0.104811
5.90634 0.106313
5.90691 0.106882
5.90779 0.107761
5.90836 0.108328
5.90896 0.108929
5.90968 0.109653
5.91 0.109972
5.91 0.109972
5.91063 0.110603
5.91076 0.0507344
5.91076 0.0507344
5.91076 0.0507344
5.91107 0.0510494
5.91107 0.0507299
5.91107 0.0507299
5.9118 0.11177
5.91212 0.112089
5.9139 0.113871
5.91422 0.114189
5.9146 0.114572
5.91573 0.1157
5.91605 0.11602
5.91637 0.116338
5.91725 0.117219
5.91769 0.117663
5.92429 0.124265
5.92723 0.127197
5.92916 0.129134
5.93057 0.130542
5.93089 0.130862
5.93102 0.051008
5.93102 0.051008
5.93102 0.051008
5.93115 0.0511364
5.93115 0.0508168
5.93115 0.0508168
5.93399 0.133958
5.93505 0.135024
5.93599 0.135965
5.93678 0.136751
5.93853 0.138507
5.93953 0.139505
5.9401 0.140074
5.94042 0.140393
5.94233 0.142299
5.94405 0.144017
5.94586 0.145831
5.94633 0.146306
5.9479 0.147869
5.95095 0.0509269
5.95127 0.151246
5.95159 0.151565
5.95159 0.151565
5.95172 0.0513748
5.95172 0.0513748
5.95172 0.0513748
5.95172 0.0513748
5.95172 0.0510553
5.95185 0.0511837
5.95185 0.0511837
5.95447 0.154443
5.95607 0.156038
5.95772 0.157695
5.95823 0.0582018
5.96262 0.162595
5.96431 0.064284
5.96572 0.0656922
5.96958 0.0695575
5.97074 0.0507182
5.97074 0.0507182
5.97074 0.0507182
5.97105 0.0510332
5.97105 0.0507137
5.97105 0.0507137
5.97193 0.0719067
5.97347 0.0734393
5.97615 0.0761227
5.97725 0.0772198
5.9836 0.0835735
5.98401 0.0839863
5.9852 0.0851767
5.9852 0.0851767
5.98552 0.0854962
5.98597 0.0859402
5.98741 0.0873794
5.98773 0.0876989
5.98773 0.0877066
5.9887 0.0886716
5.98902 0.0889911
5.98902 0.0889988
5.98984 0.0898083
5.99037 0.0903455
5.99069 0.090665
5.99101 0.0909902
5.99133 0.0913244
5.99146 0.0514526
5.99146 0.0514526
5.99146 0.0514526
5.99146 0.0514526
5.99146 0.0511331
5.99159 0.0512615
5.99159 0.0512615
5.99203 0.0920048
5.99282 0.0927985
5.9941 0.0940814
5.99464 0.0946195
5.99751 0.0974818
5.99963 0.0996072
5.99998 0.099956
6.00096 0.100929
6.00134 0.10131
6.0043 0.104274
6.00483 0.104813
6.00633 0.106307
6.0069 0.106875
6.00778 0.107755
6.00835 0.108331
6.00895 0.108923
6.00967 0.109646
6.00999 0.109966
6.00999 0.109966
6.01062 0.110596
6.01075 0.0507282
6.01075 0.0507282
6.01075 0.0507282
6.01107 0.0510432
6.01107 0.0507237
6.01107 0.0507237
6.01179 0.111764
6.01211 0.112083
6.01389 0.113865
6.01421 0.114192
6.01459 0.114566
6.01572 0.115694
6.01604 0.116014
6.01636 0.116341
6.01724 0.117212
6.01771 0.117687
6.02429 0.124259
6.02722 0.127191
6.02912 0.129097
6.03059 0.130567
6.03091 0.130887
6.03104 0.0510328
6.03104 0.0510328
6.03104 0.0510328
6.03104 0.0510328
6.03104 0.0507133
6.03117 0.0508417
6.03117 0.0508417
6.03401 0.133983
6.03504 0.135017
6.03599 0.135959
6.03677 0.136745
6.03852 0.138501
6.03956 0.13953
6.04009 0.140067
6.04041 0.140387
6.04235 0.142324
6.04401 0.143989
6.04585 0.145824
6.04633 0.1463
6.04789 0.147871
6.05095 0.0509207
6.05127 0.151239
6.05159 0.151559
6.05159 0.151559
6.05171 0.0513686
6.05171 0.0513686
6.05171 0.0513686
6.05171 0.0513686
6.05171 0.0510491
6.05184 0.0511774
6.05184 0.0511774
6.05446 0.154437
6.05606 0.156032
6.05772 0.157689
6.05822 0.0581955
6.06258 0.162558
6.0643 0.0642778
6.06571 0.0656859
6.06958 0.0695513
6.07073 0.0507119
6.07073 0.0507119
6.07073 0.0507119
6.07105 0.0510269
6.07105 0.0507074
6.07105 0.0507074
6.07193 0.0719005
6.07346 0.073433
6.07614 0.0761165
6.07724 0.0772136
6.08356 0.0835361
6.08401 0.0839801
6.0852 0.0851705
6.0852 0.0851705
6.08552 0.08549
6.08596 0.0859339
6.08743 0.0874043
6.08775 0.0877238
6.08775 0.0877401
6.08869 0.0886654
6.08901 0.0889849
6.08901 0.0890012
6.08983 0.089802
6.09037 0.0903393
6.09069 0.0906588
6.091 0.090984
6.09132 0.091313
6.09145 0.0514463
6.09145 0.0514463
6.09145 0.0514463
6.09145 0.0514463
6.09145 0.0511268
6.09158 0.0512552
6.09158 0.0512552
6.09202 0.0919985
6.09278 0.0927698
6.09413 0.0941094
6.09463 0.0946219
6.0975 0.0974756
6.09959 0.099582
6.09998 0.0999497
6.10092 0.100891
6.10136 0.101335
6.10426 0.104236
6.1048 0.10479
6.1063 0.106275
6.1069 0.106874
6.10778 0.107754
6.10832 0.108307
6.10895 0.108922
6.10967 0.109646
6.10999 0.109965
6.10999 0.109965
6.11059 0.110564
6.11075 0.0507273
6.11075 0.0507273
6.11075 0.0507273
6.11107 0.0510423
6.11107 0.0507228
6.11107 0.0507228
6.11182 0.111794
6.11182 0.111794
6.11391 0.113886
6.11423 0.114222
6.11461 0.114588
6.11574 0.115716
6.11606 0.116035
6.11638 0.116371
6.11723 0.117203
6.11767 0.117647
6.12428 0.12425
6.12718 0.127151
6.12914 0.129119
6.13058 0.130558
6.1309 0.130877
6.13103 0.0510235
6.13103 0.0510235
6.13103 0.0510235
6.13116 0.0511519
6.13116 0.0508323
6.13116 0.0508323
6.134 0.133973
6.13503 0.135008
6.13598 0.13595
6.13676 0.136736
6.13851 0.138492
6.13952 0.13949
6.14008 0.140058
6.1404 0.140378
6.14231 0.142283
6.144 0.143988
6.14584 0.145815
6.14632 0.14629
6.14788 0.14787
6.15094 0.0509113
6.15126 0.15123
6.15158 0.15155
6.1519 0.151869
6.15202 0.0516787
6.15202 0.0516787
6.15202 0.0516787
6.15202 0.0516787
6.15202 0.0513592
6.15215 0.0514876
6.15215 0.0514876
6.15446 0.154436
6.15606 0.156031
6.15771 0.157688
6.15822 0.0581947
6.16258 0.162557
6.1643 0.0642769
6.16571 0.065685
6.16958 0.0695504
6.17073 0.050711
6.17073 0.050711
6.17073 0.050711
6.17105 0.051026
6.17105 0.0507065
6.17105 0.0507065
6.17196 0.0719307
6.17346 0.0734322
6.17614 0.0761156
6.17727 0.0772438
6.18356 0.0835353
6.184 0.0839792
6.1852 0.0851696
6.18551 0.0854891
6.18551 0.0854891
6.18599 0.0859641
6.1874 0.0873723
6.18772 0.0876918
6.18772 0.0877168
6.18869 0.0886645
6.18901 0.088984
6.18901 0.089009
6.18983 0.0898012
6.19036 0.0903384
6.19068 0.0906579
6.191 0.0909831
6.19132 0.0913069
6.19145 0.0514454
6.19145 0.0514454
6.19145 0.0514454
6.19145 0.0514454
6.19145 0.0511259
6.19158 0.0512543
6.19158 0.0512543
6.19202 0.0919976
6.19278 0.0927776
6.19412 0.0941116
6.19463 0.0946296
6.1975 0.0974747
6.19962 0.0995932
6.19997 0.0999488
6.20092 0.10089
6.20136 0.101334
6.20429 0.104267
6.2048 0.104798
6.2063 0.106274
6.20687 0.106843
6.20778 0.107753
6.20832 0.108315
6.20892 0.10889
6.20967 0.109645
6.20999 0.109964
6.20999 0.109964
6.21062 0.110595
6.21075 0.0507264
6.21075 0.0507264
6.21075 0.0507264
6.21106 0.0510414
6.21106 0.0507219
6.21106 0.0507219
6.21182 0.111793
6.21182 0.111793
6.21391 0.113885
6.21423 0.11423
6.21461 0.114587
6.21574 0.115715
6.21606 0.116034
6.21638 0.116379
6.21723 0.117202
6.21767 0.117646
6.22424 0.124218
6.22718 0.12715
6.22914 0.129118
6.23055 0.130526
6.23087 0.130845
6.231 0.0509915
6.231 0.0509915
6.231 0.0509915
6.23113 0.0511199
6.23113 0.0508004
6.23113 0.0508004
6.23397 0.133941
6.23503 0.135007
6.23594 0.135918
6.23676 0.136735
6.23851 0.138491
6.23951 0.139489
6.24005 0.140026
6.24037 0.140346
6.24231 0.142283
6.244 0.143996
6.24584 0.145814
6.24631 0.146289
6.24785 0.147847
6.25094 0.0509104
6.25125 0.151229
6.25157 0.151549
6.25157 0.151549
6.2517 0.0513583
6.2517 0.0513583
6.2517 0.0513583
6.2517 0.0513583
6.2517 0.0510388
6.25183 0.0511672
6.25183 0.0511672
6.25445 0.154427
6.25605 0.156021
6.2577 0.157678
6.25821 0.0581853
6.2626 0.162579
6.26429 0.0642675
6.2657 0.0656757
6.2696 0.0695721
6.27075 0.0507328
6.27075 0.0507328
6.27075 0.0507328
6.27107 0.0510478
6.27107 0.0507283
6.27107 0.0507283
6.27195 0.0719214
6.27348 0.0734539
6.27616 0.0761373
6.27726 0.0772344
6.28358 0.083557
6.28399 0.0839698
6.28522 0.0851914
6.28522 0.0851914
6.28554 0.0855109
6.28598 0.0859548
6.28742 0.087394
6.28774 0.0877135
6.28774 0.0877161
6.28868 0.0886551
6.289 0.0889746
6.289 0.0889772
6.28982 0.0897918
6.29035 0.090329
6.29067 0.0906485
6.29099 0.0909738
6.29131 0.0912924
6.29144 0.0514361
6.29144 0.0514361
6.29144 0.0514361
6.29144 0.0514361
6.29144 0.0511166
6.29157 0.051245
6.29157 0.051245
6.29201 0.0919883
6.2928 0.0927769
6.29411 0.0941093
6.29465 0.0946289
6.29749 0.0974653
6.29961 0.099596
6.29996 0.0999395
6.30091 0.100881
6.30135 0.101325
6.30428 0.104257
6.30482 0.104797
6.30629 0.106265
6.30689 0.106864
6.30777 0.107744
6.30834 0.108315
6.30894 0.108911
6.30966 0.109635
6.30998 0.109955
6.30998 0.109955
6.31061 0.110585
6.31074 0.0507171
6.31074 0.0507171
6.31074 0.0507171
6.31105 0.0510321
6.31105 0.0507126
6.31105 0.0507126
6.31181 0.111784
6.31181 0.111784
6.31393 0.113907
6.31425 0.114229
6.3146 0.114577
6.31573 0.115706
6.31605 0.116025
6.31637 0.116347
6.31722 0.117193
6.31766 0.117637
6.32426 0.124239
6.3272 0.127172
6.32913 0.129108
6.33054 0.130517
6.33086 0.130836
6.33099 0.0509821
6.33099 0.0509821
6.33099 0.0509821
6.33112 0.0511105
6.33112 0.050791
6.33112 0.050791
6.33399 0.133963
6.33502 0.134998
6.33596 0.135939
6.33675 0.136725
6.33853 0.138513
6.3395 0.13948
6.34007 0.140048
6.34039 0.140367
6.3423 0.142273
6.34402 0.143995
6.34583 0.145805
6.34634 0.146311
6.34787 0.147846
6.35092 0.0509011
6.35124 0.15122
6.35156 0.151539
6.35188 0.151859
6.35201 0.0516685
6.35201 0.0516685
6.35201 0.0516685
6.35201 0.0516685
6.35201 0.051349
6.35214 0.0514774
6.35214 0.0514774
6.35445 0.154426
6.35605 0.156021
6.3577 0.157677
6.35821 0.0581844
6.3626 0.162578
6.36429 0.0642666
6.3657 0.0656748
6.3696 0.0695713
6.37075 0.0507319
6.37075 0.0507319
6.37075 0.0507319
6.37106 0.0510469
6.37106 0.0507274
6.37106 0.0507274
6.37194 0.0719205
6.37348 0.073453
6.37616 0.0761364
6.37726 0.0772336
6.38358 0.0835561
6.38399 0.083969
6.38521 0.0851905
6.38521 0.0851905
6.38553 0.08551
6.38598 0.0859539
6.38742 0.0873932
6.38774 0.0877127
6.38774 0.0877238
6.38868 0.0886542
6.389 0.0889738
6.389 0.0889849
6.38981 0.0897909
6.39035 0.0903282
6.39067 0.0906477
6.39099 0.0909729
6.39131 0.0912863
6.39144 0.0514352
6.39144 0.0514352
6.39144 0.0514352
6.39144 0.0514352
6.39144 0.0511157
6.39157 0.0512441
6.39157 0.0512441
6.39201 0.0919874
6.39277 0.0927535
6.39411 0.0941116
6.39462 0.0946056
6.39749 0.0974645
6.39958 0.0995761
6.39996 0.0999386
6.40094 0.100911
6.40135 0.101324
6.40428 0.104256
6.40482 0.104805
6.40629 0.106264
6.40689 0.106863
6.40777 0.107743
6.4083 0.108291
6.40893 0.108911
6.40966 0.109634
6.40998 0.109954
6.40998 0.109954
6.41061 0.110584
6.41074 0.0507162
6.41074 0.0507162
6.41074 0.0507162
6.41105 0.0510312
6.41105 0.0507117
6.41105 0.0507117
6.41181 0.111783
6.41181 0.111783
6.41393 0.113906
6.41425 0.114237
6.4146 0.114576
6.41573 0.115705
6.41605 0.116024
6.41637 0.116355
6.41725 0.117223
6.41766 0.117636
6.42426 0.124238
6.42719 0.127171
6.42913 0.129108
6.43054 0.130516
6.43086 0.130835
6.43099 0.0509812
6.43099 0.0509812
6.43099 0.0509812
6.43112 0.0511096
6.43112 0.0507901
6.43112 0.0507901
6.43399 0.133962
6.43502 0.134997
6.43596 0.135939
6.43675 0.136725
6.43853 0.138512
6.4395 0.139479
6.44007 0.140047
6.44039 0.140367
6.4423 0.142272
6.44402 0.144003
6.44583 0.145804
6.44633 0.14631
6.44787 0.147854
6.45092 0.0509002
6.45124 0.151219
6.45156 0.151538
6.45188 0.151858
6.45201 0.0516676
6.45201 0.0516676
6.45201 0.0516676
6.45201 0.0516676
6.45201 0.0513481
6.45214 0.0514765
6.45214 0.0514765
6.45445 0.154425
6.45604 0.15602
6.4577 0.157677
6.45821 0.0581835
6.4626 0.162577
6.46429 0.0642658
6.4657 0.0656739
6.46959 0.0695704
6.47075 0.050731
6.47075 0.050731
6.47075 0.050731
6.47106 0.051046
6.47106 0.0507265
6.47106 0.0507265
6.47194 0.0719196
6.47348 0.0734522
6.47616 0.0761356
6.47726 0.0772327
6.48358 0.0835553
6.48399 0.0839681
6.48521 0.0851896
6.48521 0.0851896
6.48553 0.0855091
6.48598 0.085953
6.48742 0.0873923
6.48773 0.0877118
6.48773 0.0877316
6.48868 0.0886534
6.489 0.0889729
6.489 0.0889927
6.48981 0.08979
6.49035 0.0903273
6.49067 0.0906468
6.49099 0.090972
6.49131 0.0912802
6.49144 0.0514343
6.49144 0.0514343
6.49144 0.0514343
6.49144 0.0514343
6.49144 0.0511148
6.49157 0.0512432
6.49157 0.0512432
6.49201 0.0919865
6.49276 0.0927613
6.49414 0.0941138
6.49462 0.0946133
6.49749 0.0974636
6.49961 0.0995873
6.49996 0.0999377
6.50093 0.10091
6.50135 0.101323
6.50428 0.104255
6.50482 0.104813
6.50629 0.106263
6.50689 0.106863
6.50776 0.107742
6.5083 0.108299
6.50893 0.10891
6.50966 0.109634
6.50998 0.109953
6.50998 0.109953
6.51061 0.110584
6.51074 0.0507153
6.51074 0.0507153
6.51074 0.0507153
6.51105 0.0510303
6.51105 0.0507108
6.51105 0.0507108
6.5118 0.111782
6.5118 0.111782
6.51393 0.113905
6.51425 0.114245
6.5146 0.114576
6.51576 0.115735
6.51608 0.116054
6.5164 0.116394
6.51725 0.117222
6.51766 0.117635
6.52426 0.124238
6.52719 0.12717
6.52913 0.129107
6.53054 0.130515
6.53086 0.130834
6.53099 0.0509804
6.53099 0.0509804
6.53099 0.0509804
6.53111 0.0511088
6.53111 0.0507893
6.53111 0.0507893
6.53398 0.133961
6.53502 0.134996
6.53596 0.135938
6.53675 0.136724
6.53853 0.138511
6.5395 0.139478
6.54007 0.140046
6.54039 0.140366
6.54229 0.142271
6.54398 0.143979
6.54583 0.145803
6.54633 0.146309
6.54786 0.147862
6.55092 0.0508993
6.55124 0.151218
6.55156 0.151538
6.55188 0.151857
6.55201 0.0516667
6.55201 0.0516667
6.55201 0.0516667
6.55201 0.0516667
6.55201 0.0513472
6.55214 0.0514756
6.55214 0.0514756
6.55445 0.154424
6.55604 0.156019
6.55773 0.157707
6.5582 0.0581827
6.5626 0.162576
6.56429 0.0642649
6.5657 0.065673
6.56959 0.0695695
6.57075 0.0507301
6.57075 0.0507301
6.57075 0.0507301
6.57106 0.0510452
6.57106 0.0507257
6.57106 0.0507257
6.57194 0.0719187
6.57347 0.0734513
6.57616 0.0761347
6.57725 0.0772318
6.58358 0.0835544
6.58399 0.0839672
6.58521 0.0851887
6.58521 0.0851887
6.58553 0.0855082
6.58597 0.0859521
6.58741 0.0873914
6.58773 0.0877109
6.58773 0.0877082
6.58867 0.0886525
6.58899 0.088972
6.58899 0.0889693
6.58981 0.0897892
6.59035 0.0903264
6.59067 0.0906459
6.59099 0.0909711
6.59131 0.0913053
6.59144 0.0514334
6.59144 0.0514334
6.59144 0.0514334
6.59144 0.0514334
6.59144 0.0511139
6.59156 0.0512423
6.59156 0.0512423
6.59201 0.0919856
6.59279 0.092769
6.59414 0.094116
6.59465 0.0946211
6.59752 0.0974938
6.59961 0.0995985
6.59996 0.0999368
6.60093 0.10091
6.60134 0.101322
6.60428 0.104255
6.60481 0.104789
6.60628 0.106262
6.60688 0.106862
6.60776 0.107741
6.60833 0.108307
6.60893 0.108909
6.60965 0.109633
6.60997 0.109952
6.60997 0.109952
6.6106 0.110583
6.61073 0.0507144
6.61073 0.0507144
6.61073 0.0507144
6.61105 0.0510294
6.61105 0.0507099
6.61105 0.0507099
6.6118 0.111781
6.6118 0.111781
6.61393 0.113905
6.61425 0.114221
6.6146 0.114575
6.61576 0.115734
6.61608 0.116054
6.6164 0.11637
6.61724 0.117221
6.61766 0.117634
6.62426 0.124237
6.62719 0.127169
6.62913 0.129106
6.63057 0.130545
6.63089 0.130865
6.63102 0.0510106
6.63102 0.0510106
6.63102 0.0510106
6.63114 0.051139
6.63114 0.0508195
6.63114 0.0508195
6.63398 0.13396
6.63502 0.134995
6.63596 0.135937
6.63675 0.136723
6.63853 0.13851
6.6395 0.139477
6.64007 0.140045
6.64039 0.140365
6.64229 0.142271
6.64401 0.143987
6.64582 0.145802
6.64633 0.146308
6.64789 0.147869
6.65092 0.0508984
6.65124 0.151217
6.65156 0.151537
6.65188 0.151856
6.65201 0.0516658
6.65201 0.0516658
6.65201 0.0516658
6.65201 0.0516658
6.65201 0.0513463
6.65214 0.0514747
6.65214 0.0514747
6.65445 0.154423
6.65604 0.156018
6.65773 0.157706
6.6582 0.0581818
6.6626 0.162575
6.66429 0.064264
6.66569 0.0656721
6.66959 0.0695686
6.67074 0.0507293
6.67074 0.0507293
6.67074 0.0507293
6.67106 0.0510443
6.67106 0.0507248
6.67106 0.0507248
6.67194 0.0719178
6.67347 0.0734504
6.67616 0.0761338
6.67725 0.0772309
6.68357 0.0835535
6.68399 0.0839663
6.68521 0.0851878
6.68521 0.0851878
6.68553 0.0855073
6.68597 0.0859513
6.68741 0.0873905
6.68773 0.08771
6.68773 0.087716
6.68867 0.0886516
6.68899 0.0889711
6.68899 0.0889771
6.68981 0.0897883
6.69035 0.0903255
6.69067 0.090645
6.69099 0.0909702
6.69131 0.0912992
6.69143 0.0514326
6.69143 0.0514326
6.69143 0.0514326
6.69143 0.0514326
6.69143 0.0511131
6.69156 0.0512414
6.69156 0.0512414
6.69201 0.0919847
6.69279 0.0927768
6.69414 0.0941183
6.69464 0.0946289
6.69751 0.0974929
6.69961 0.0995786
6.69996 0.099936
6.70093 0.100909
6.70134 0.101321
6.70428 0.104254
6.70481 0.104797
6.70628 0.106261
6.70688 0.106861
6.70776 0.10774
6.70833 0.108314
6.70893 0.108908
6.70965 0.109632
6.70997 0.109951
6.70997 0.109951
6.7106 0.110582
6.71073 0.0507135
6.71073 0.0507135
6.71073 0.0507135
6.71105 0.0510285
6.71105 0.050709
6.71105 0.050709
6.7118 0.11178
6.7118 0.11178
6.71393 0.113904
6.71424 0.114229
6.7146 0.114574
6.71575 0.115733
6.71607 0.116053
6.71639 0.116378
6.71724 0.11722
6.71765 0.117633
6.72426 0.124236
6.72719 0.127168
6.72913 0.129105
6.73057 0.130544
6.73089 0.130864
6.73101 0.0510097
6.73101 0.0510097
6.73101 0.0510097
6.73114 0.0511381
6.73114 0.0508186
6.73114 0.0508186
6.73398 0.133959
6.73502 0.134994
6.73596 0.135936
6.73674 0.136722
6.73852 0.138509
6.7395 0.139476
6.74007 0.140044
6.74039 0.140364
6.74232 0.142301
6.74401 0.143995
6.74582 0.145801
6.74633 0.146308
6.74786 0.147846
6.75092 0.0508976
6.75124 0.151216
6.75156 0.151536
6.75188 0.151855
6.75201 0.051665
6.75201 0.051665
6.75201 0.051665
6.75201 0.051665
6.75201 0.0513455
6.75213 0.0514738
6.75213 0.0514738
6.75444 0.154422
6.75604 0.156017
6.75773 0.157705
6.7582 0.0581809
6.7626 0.162574
6.76428 0.0642631
6.76569 0.0656713
6.76959 0.0695677
6.77074 0.0507284
6.77074 0.0507284
6.77074 0.0507284
6.77106 0.0510434
6.77106 0.0507239
6.77106 0.0507239
6.77194 0.0719169
6.77347 0.0734495
6.77615 0.0761329
6.77725 0.07723
6.78357 0.0835526
6.78399 0.0839654
6.78521 0.0851869
6.78521 0.0851869
6.78553 0.0855065
6.78597 0.0859504
6.78741 0.0873896
6.78773 0.0877091
6.78773 0.0877238
6.78867 0.0886507
6.78899 0.0889702
6.78899 0.0889849
6.78981 0.0897874
6.79035 0.0903246
6.79066 0.0906441
6.79098 0.0909694
6.7913 0.0912932
6.79143 0.0514317
6.79143 0.0514317
6.79143 0.0514317
6.79143 0.0514317
6.79143 0.0511122
6.79156 0.0512406
6.79156 0.0512406
6.792 0.0919839
6.79276 0.0927535
6.79414 0.0941205
6.79461 0.0946055
6.79751 0.097492
6.79961 0.0995899
6.79999 0.0999662
6.80093 0.100908
6.80134 0.101321
6.80427 0.104253
6.80481 0.104805
6.80628 0.10626
6.80688 0.10686
6.80776 0.107739
6.8083 0.108291
6.80893 0.108907
6.80965 0.109631
6.80997 0.10995
6.80997 0.10995
6.8106 0.110581
6.81073 0.0507127
6.81073 0.0507127
6.81073 0.0507127
6.81104 0.0510277
6.81104 0.0507082
6.81104 0.0507082
6.8118 0.111779
6.81212 0.112099
6.81393 0.113911
6.81425 0.114245
6.8146 0.114581
6.81573 0.11571
6.81605 0.116029
6.81637 0.116363
6.81722 0.117197
6.81766 0.117641
6.82426 0.124243
6.8272 0.127176
6.82913 0.129113
6.83054 0.130521
6.83086 0.13084
6.83099 0.0509862
6.83099 0.0509862
6.83099 0.0509862
6.83112 0.0511146
6.83112 0.0507951
6.83112 0.0507951
6.83399 0.133967
6.83502 0.135002
6.83596 0.135943
6.83675 0.13673
6.83853 0.138517
6.8395 0.139484
6.84004 0.140021
6.84036 0.14034
6.8423 0.142277
6.84399 0.14398
6.84583 0.145809
6.84634 0.146315
6.84787 0.147862
6.85092 0.0509051
6.85124 0.151224
6.85156 0.151543
6.85188 0.151863
6.85201 0.0516725
6.85201 0.0516725
6.85201 0.0516725
6.85201 0.0516725
6.85201 0.051353
6.85214 0.0514814
6.85214 0.0514814
6.85445 0.15443
6.85605 0.156025
6.8577 0.157682
6.85821 0.0581885
6.86257 0.162551
6.86429 0.0642707
6.8657 0.0656789
6.86956 0.0695442
6.87075 0.050736
6.87075 0.050736
6.87075 0.050736
6.87106 0.051051
6.87106 0.0507315
6.87106 0.0507315
6.87194 0.0719245
6.87348 0.0734571
6.87616 0.0761405
6.87726 0.0772376
6.88358 0.0835602
6.88399 0.083973
6.88518 0.0851634
6.8855 0.0854829
6.8855 0.0854829
6.88598 0.085958
6.88742 0.0873972
6.88774 0.0877167
6.88774 0.0877089
6.88868 0.0886583
6.889 0.0889778
6.889 0.08897
6.88981 0.089795
6.89035 0.0903322
6.89067 0.0906517
6.89099 0.0909769
6.89131 0.0912956
6.89144 0.0514082
6.89144 0.0514082
6.89144 0.0514082
6.89144 0.0514082
6.89144 0.0510887
6.89157 0.051217
6.89157 0.051217
6.89201 0.0919914
6.8928 0.0927697
6.89411 0.0941001
6.89465 0.0946218
6.89749 0.0974685
6.89958 0.0995785
6.89996 0.0999427
6.9009 0.100884
6.90135 0.101328
6.90428 0.10426
6.90482 0.10479
6.90629 0.106268
6.90689 0.106867
6.90777 0.107747
6.90833 0.108307
6.9089 0.108884
6.90966 0.109638
6.90998 0.109958
6.90998 0.109958
6.91061 0.110589
6.91074 0.0507202
6.91074 0.0507202
6.91074 0.0507202
6.91105 0.0510353
6.91105 0.0507157
6.91105 0.0507157
6.91181 0.111787
6.91181 0.111787
6.91393 0.11391
6.91425 0.114222
6.9146 0.114581
6.91573 0.115709
6.91605 0.116028
6.91637 0.11634
6.91722 0.117196
6.91766 0.11764
6.92426 0.124242
6.92719 0.127175
6.92913 0.129112
6.93054 0.13052
6.93086 0.130839
6.93099 0.0509853
6.93099 0.0509853
6.93099 0.0509853
6.93112 0.0511137
6.93112 0.0507942
6.93112 0.0507942
6.93399 0.133966
6.93502 0.135001
6.93596 0.135943
6.93675 0.136729
6.93853 0.138516
6.9395 0.139483
6.94004 0.14002
6.94036 0.140339
6.9423 0.142276
6.94402 0.143988
6.94583 0.145808
6.94633 0.146314
6.9479 0.14787
6.95092 0.0509043
6.95124 0.151223
6.95156 0.151542
6.95188 0.151862
6.95201 0.0516717
6.95201 0.0516717
6.95201 0.0516717
6.95201 0.0516717
6.95201 0.0513522
6.95214 0.0514806
6.95214 0.0514806
6.95445 0.154429
6.95604 0.156024
6.9577 0.157681
6.95821 0.0581876
6.9626 0.162581
6.96429 0.0642698
6.9657 0.065678
6.96956 0.0695433
6.97075 0.0507351
6.97075 0.0507351
6.97075 0.0507351
6.97106 0.0510501
6.97106 0.0507306
6.97106 0.0507306
6.97194 0.0719237
6.97348 0.0734562
6.97616 0.0761396
6.97726 0.0772367
6.98358 0.0835593
6.98399 0.0839721
6.98518 0.0851626
6.9855 0.0854821
6.9855 0.0854821
6.98598 0.0859571
6.98742 0.0873963
6.98773 0.0877158
6.98773 0.0877167
6.98868 0.0886574
6.989 0.0889769
6.989 0.0889777
6.98981 0.0897941
6.99035 0.0903313
6.99067 0.0906509
6.99099 0.0909761
6.99131 0.0912895
6.99144 0.0514073
6.99144 0.0514073
6.99144 0.0514073
6.99144 0.0514073
6.99144 0.0510878
6.99157 0.0512162
6.99157 0.0512162
6.99201 0.0919906
6.9928 0.0927774
6.99411 0.0941023
6.99465 0.0946295
6.99749 0.0974676
6.99961 0.0995897
6.99996 0.0999418
7.0009 0.100883
7.00135 0.101327
7.00428 0.10426
7.00481 0.104792
7.00628 0.106262
7.00688 0.106861
7.00776 0.107741
7.00833 0.10831
7.0089 0.108877
7.00965 0.109632
7.00997 0.109952
7.00997 0.109952
7.0106 0.110582
7.01073 0.0507141
7.01073 0.0507141
7.01073 0.0507141
7.01104 0.0510291
7.01104 0.0507096
7.01104 0.0507096
7.0118 0.111781
7.0118 0.111781
7.01392 0.113904
7.01424 0.114225
7.01459 0.114574
7.01572 0.115703
7.01604 0.116022
7.01636 0.116342
7.01721 0.11719
7.01768 0.117665
7.02426 0.124236
7.02716 0.127137
7.02909 0.129074
7.03056 0.130545
7.03088 0.130864
7.03101 0.0510103
7.03101 0.0510103
7.03101 0.0510103
7.03114 0.0511387
7.03114 0.0508191
7.03114 0.0508191
7.03398 0.13396
7.03501 0.134995
7.03596 0.135936
7.03674 0.136723
7.03852 0.13851
7.03953 0.139508
7.04006 0.140045
7.04038 0.140364
7.04229 0.14227
7.04401 0.14399
7.04582 0.145802
7.04633 0.146308
7.04786 0.147841
7.05092 0.0508981
7.05124 0.151217
7.05156 0.151536
7.05187 0.151856
7.052 0.0516655
7.052 0.0516655
7.052 0.0516655
7.052 0.0516655
7.052 0.051346
7.05213 0.0514744
7.05213 0.0514744
7.05444 0.154423
7.05604 0.156018
7.05769 0.157675
7.0582 0.0581815
7.06256 0.162544
7.06428 0.0642637
7.06569 0.0656718
7.06956 0.0695372
7.07074 0.0507289
7.07074 0.0507289
7.07074 0.0507289
7.07106 0.0510439
7.07106 0.0507244
7.07106 0.0507244
7.07194 0.0719175
7.07347 0.0734501
7.07615 0.0761335
7.07725 0.0772306
7.08354 0.0835221
7.08398 0.083966
7.08521 0.0851875
7.08521 0.0851875
7.08553 0.085507
7.08597 0.0859509
7.08741 0.0873902
7.08773 0.0877097
7.08773 0.0877191
7.08867 0.0886513
7.08899 0.0889708
7.08899 0.0889802
7.08981 0.089788
7.09034 0.0903252
7.09066 0.0906447
7.09098 0.0909699
7.0913 0.0912782
7.09143 0.0514011
7.09143 0.0514011
7.09143 0.0514011
7.09143 0.0514011
7.09143 0.0510816
7.09156 0.05121
7.09156 0.05121
7.092 0.0919844
7.09276 0.0927488
7.09413 0.0941304
7.09464 0.094632
7.09748 0.0974615
7.09957 0.0995645
7.09995 0.0999356
7.1009 0.100877
7.10137 0.101352
7.10424 0.104222
7.10478 0.104769
7.10625 0.10623
7.10688 0.10686
7.10773 0.107709
7.1083 0.108286
7.10889 0.108876
7.10965 0.109631
7.10997 0.109951
7.10997 0.109951
7.11057 0.11055
7.11073 0.0507132
7.11073 0.0507132
7.11073 0.0507132
7.11104 0.0510282
7.11104 0.0507087
7.11104 0.0507087
7.1118 0.11178
7.11212 0.112099
7.11393 0.113912
7.11425 0.114241
7.11463 0.114613
7.11576 0.115741
7.11608 0.116061
7.1164 0.11639
7.11718 0.117166
7.11766 0.117641
7.12423 0.124213
7.12716 0.127145
7.12913 0.129113
7.13054 0.130521
7.13086 0.130841
7.13099 0.0509867
7.13099 0.0509867
7.13099 0.0509867
7.13112 0.0511151
7.13112 0.0507956
7.13112 0.0507956
7.13395 0.133936
7.13502 0.135002
7.13593 0.135913
7.13675 0.13673
7.1385 0.138486
7.1395 0.139484
7.14004 0.140021
7.14036 0.140341
7.1423 0.142278
7.14398 0.143975
7.14583 0.14581
7.1463 0.146285
7.14787 0.147858
7.15092 0.0509057
7.15124 0.151224
7.15156 0.151544
7.15156 0.151544
7.15169 0.0513536
7.15169 0.0513536
7.15169 0.0513536
7.15169 0.0513536
7.15169 0.0510341
7.15182 0.0511625
7.15182 0.0511625
7.15444 0.154422
7.15603 0.156017
7.15769 0.157674
7.1582 0.0581806
7.16256 0.162543
7.16428 0.0642628
7.16569 0.0656709
7.16955 0.0695363
7.17074 0.0507281
7.17074 0.0507281
7.17074 0.0507281
7.17105 0.0510431
7.17105 0.0507236
7.17105 0.0507236
7.17193 0.0719166
7.17347 0.0734492
7.17615 0.0761326
7.17725 0.0772297
7.18354 0.0835212
7.18395 0.083934
7.1852 0.0851866
7.1852 0.0851866
7.18552 0.0855061
7.18597 0.08595
7.18741 0.0873893
7.18773 0.0877088
7.18773 0.0876958
7.18867 0.0886504
7.18899 0.0889699
7.18899 0.0889569
7.18977 0.089756
7.19034 0.0903243
7.19066 0.0906438
7.19098 0.090969
7.1913 0.0912721
7.19143 0.0514002
7.19143 0.0514002
7.19143 0.0514002
7.19143 0.0514002
7.19143 0.0510807
7.19156 0.0512091
7.19156 0.0512091
7.19197 0.0919524
7.19279 0.0927566
7.19413 0.0941326
7.19467 0.0946398
7.19748 0.0974606
7.1996 0.0995758
7.19995 0.0999347
7.20089 0.100876
7.20134 0.10132
7.20424 0.104221
7.20481 0.104777
7.20625 0.106229
7.20685 0.106828
7.20773 0.107708
7.20829 0.108263
7.20889 0.108876
7.20962 0.109599
7.20994 0.109919
7.21026 0.110238
7.21058 0.110558
7.21073 0.0507208
7.21073 0.0507208
7.21073 0.0507208
7.21105 0.0510358
7.21105 0.0507163
7.21105 0.0507163
7.21177 0.111756
7.21209 0.112076
7.21394 0.113919
7.21426 0.114226
7.21461 0.11459
7.21574 0.115718
7.21605 0.116037
7.21637 0.116344
7.21719 0.117174
7.21764 0.117618
7.22421 0.124189
7.22717 0.127153
7.22911 0.12909
7.23052 0.130498
7.23083 0.130817
7.23096 0.0509321
7.23096 0.0509321
7.23096 0.0509321
7.23109 0.0510605
7.23109 0.050741
7.23109 0.050741
7.23393 0.133913
7.235 0.134979
7.23594 0.135921
7.23672 0.136707
7.23851 0.138494
7.23948 0.139461
7.24002 0.139998
7.24033 0.140317
7.24227 0.142254
7.24399 0.14396
7.2458 0.145786
7.24631 0.146292
7.24787 0.147843
7.25093 0.0509133
7.25125 0.151232
7.25157 0.151551
7.25157 0.151551
7.2517 0.0513612
7.2517 0.0513612
7.2517 0.0513612
7.2517 0.0513612
7.2517 0.0510417
7.25183 0.0511701
7.25183 0.0511701
7.25442 0.154398
7.25604 0.156024
7.2577 0.157681
7.2582 0.0581882
7.26257 0.16255
7.26429 0.0642704
7.2657 0.0656785
7.26956 0.0695439
7.27072 0.0507045
7.27072 0.0507045
7.27072 0.0507045
7.27106 0.0510507
7.27106 0.0507311
7.27106 0.0507311
7.27194 0.0719242
7.27347 0.0734568
7.27616 0.0761402
7.27725 0.0772373
7.28355 0.0835288
7.28396 0.0839416
7.28521 0.0851942
7.28521 0.0851942
7.28553 0.0855137
7.28597 0.0859576
7.28741 0.0873969
7.28773 0.0877164
7.28773 0.087712
7.28867 0.088658
7.28899 0.0889775
7.28899 0.0889731
7.28978 0.0897636
7.29032 0.0903008
7.29064 0.0906203
7.29096 0.0909455
7.29128 0.0912745
7.2914 0.0513767
7.2914 0.0513767
7.2914 0.0513767
7.2914 0.0513767
7.2914 0.0510572
7.29153 0.0511856
7.29153 0.0511856
7.29198 0.09196
7.29276 0.0927417
7.29414 0.0941162
7.29465 0.0946249
7.29748 0.0974682
7.29958 0.0995643
7.29996 0.0999423
7.3009 0.100884
7.30134 0.101328
7.30425 0.104229
7.30478 0.104762
7.30625 0.106237
7.30685 0.106836
7.30773 0.107715
7.3083 0.108279
7.3089 0.108883
7.30962 0.109607
7.30994 0.109927
7.31026 0.110246
7.31058 0.110566
7.31074 0.0507284
7.31074 0.0507284
7.31074 0.0507284
7.31106 0.0510434
7.31106 0.0507239
7.31106 0.0507239
7.31178 0.111764
7.3121 0.112083
7.31391 0.113896
7.31423 0.114211
7.31461 0.114597
7.31574 0.115725
7.31606 0.116045
7.31638 0.11636
7.3172 0.117182
7.31764 0.117625
7.32421 0.124197
7.32718 0.12716
7.32911 0.129097
7.33052 0.130505
7.33084 0.130825
7.33097 0.0509397
7.33097 0.0509397
7.33097 0.0509397
7.3311 0.0510681
7.3311 0.0507486
7.3311 0.0507486
7.33394 0.133921
7.335 0.134987
7.33591 0.135897
7.33673 0.136714
7.33851 0.138501
7.33948 0.139468
7.34002 0.140005
7.34034 0.140325
7.34228 0.142262
7.344 0.143977
7.34581 0.145794
7.34632 0.1463
7.34788 0.147859
7.35094 0.0509209
7.35126 0.15124
7.35158 0.151559
7.35158 0.151559
7.3517 0.0513688
7.3517 0.0513688
7.3517 0.0513688
7.3517 0.0513688
7.3517 0.0510493
7.35183 0.0511776
7.35183 0.0511776
7.35442 0.154406
7.35605 0.156032
7.35771 0.157689
7.35821 0.0581957
7.36257 0.162558
7.36429 0.064278
7.36567 0.065655
7.36957 0.0695515
7.37072 0.0507121
7.37072 0.0507121
7.37072 0.0507121
7.37104 0.0510271
7.37104 0.0507076
7.37104 0.0507076
7.37195 0.0719318
7.37348 0.0734644
7.37616 0.0761478
7.37726 0.0772449
7.38355 0.0835363
7.38396 0.0839492
7.38519 0.0851707
7.38551 0.0854902
7.38551 0.0854902
7.38598 0.0859652
7.38742 0.0874045
7.38774 0.087724
7.38774 0.0877283
7.38868 0.0886656
7.389 0.0889851
7.389 0.0889893
7.38979 0.0897711
7.39032 0.0903084
7.39064 0.0906279
7.39096 0.0909531
7.39128 0.0912769
7.39141 0.0513843
7.39141 0.0513843
7.39141 0.0513843
7.39141 0.0513843
7.39141 0.0510648
7.39154 0.0511932
7.39154 0.0511932
7.39198 0.0919676
7.39277 0.0927579
7.39418 0.094162
7.39465 0.0946411
7.39749 0.0974758
7.39962 0.099584
7.39997 0.0999499
7.40091 0.100892
7.40135 0.101335
7.40425 0.104237
7.40479 0.104778
7.40626 0.106244
7.40686 0.106844
7.40774 0.107723
7.40828 0.108264
7.40888 0.10886
7.40963 0.109615
7.40995 0.109934
7.40995 0.109934
7.41058 0.110565
7.41074 0.0507275
7.41074 0.0507275
7.41074 0.0507275
7.41105 0.0510425
7.41105 0.050723
7.41105 0.050723
7.41178 0.111763
7.4121 0.112083
7.41391 0.113895
7.41423 0.114219
7.41461 0.114596
7.41574 0.115724
7.41606 0.116044
7.41638 0.116368
7.4172 0.117181
7.41764 0.117625
7.42421 0.124196
7.42718 0.127159
7.42911 0.129096
7.43052 0.130504
7.43084 0.130824
7.43097 0.0509388
7.43097 0.0509388
7.43097 0.0509388
7.4311 0.0510672
7.4311 0.0507477
7.4311 0.0507477
7.43394 0.13392
7.435 0.134986
7.43591 0.135896
7.43673 0.136713
7.43851 0.1385
7.43948 0.139467
7.44002 0.140005
7.44034 0.140324
7.44228 0.142261
7.444 0.143984
7.44581 0.145793
7.44631 0.146299
7.44785 0.147836
7.45093 0.05092
7.45125 0.151239
7.45157 0.151558
7.45157 0.151558
7.4517 0.0513679
7.4517 0.0513679
7.4517 0.0513679
7.4517 0.0513679
7.4517 0.0510484
7.45183 0.0511768
7.45183 0.0511768
7.45442 0.154405
7.45605 0.156031
7.4577 0.157688
7.45821 0.0581949
7.46257 0.162557
7.46429 0.0642771
7.46567 0.0656541
7.46957 0.0695506
7.47072 0.0507112
7.47072 0.0507112
7.47072 0.0507112
7.47104 0.0510263
7.47104 0.0507067
7.47104 0.0507067
7.47195 0.0719309
7.47348 0.0734635
7.47616 0.0761469
7.47726 0.077244
7.48355 0.0835355
7.48396 0.0839483
7.48522 0.0852009
7.48522 0.0852009
7.48554 0.0855204
7.48598 0.0859643
7.48742 0.0874036
7.48774 0.0877231
7.48774 0.087736
7.48868 0.0886647
7.489 0.0889842
7.489 0.0889971
7.48979 0.0897703
7.49032 0.0903075
7.49064 0.090627
7.49096 0.0909522
7.49128 0.0912709
7.49141 0.0513834
7.49141 0.0513834
7.49141 0.0513834
7.49141 0.0513834
7.49141 0.0510639
7.49154 0.0511923
7.49154 0.0511923
7.49198 0.0919667
7.49274 0.0927346
7.49414 0.0941371
7.49462 0.0946178
7.49749 0.0974749
7.49958 0.0995642
7.49996 0.099949
7.50091 0.100891
7.50135 0.101335
7.50425 0.104236
7.50479 0.104786
7.50626 0.106243
7.50686 0.106843
7.50774 0.107722
7.50827 0.108272
7.50887 0.108859
7.50963 0.109614
7.50995 0.109933
7.50995 0.109933
7.51058 0.110564
7.51074 0.0507266
7.51074 0.0507266
7.51074 0.0507266
7.51105 0.0510416
7.51105 0.0507221
7.51105 0.0507221
7.51178 0.111762
7.5121 0.112082
7.51391 0.113894
7.51423 0.114227
7.51461 0.114595
7.51574 0.115724
7.51606 0.116043
7.51638 0.116376
7.51719 0.11718
7.51764 0.117624
7.52421 0.124195
7.52717 0.127158
7.52911 0.129095
7.53052 0.130504
7.53084 0.130823
7.53097 0.0509379
7.53097 0.0509379
7.53097 0.0509379
7.53109 0.0510663
7.53109 0.0507468
7.53109 0.0507468
7.53393 0.133919
7.535 0.134985
7.53591 0.135895
7.53673 0.136712
7.53851 0.1385
7.53948 0.139466
7.54002 0.140004
7.54034 0.140323
7.54228 0.14226
7.54396 0.143961
7.54581 0.145792
7.54631 0.146298
7.54785 0.147843
7.55093 0.0509191
7.55125 0.151238
7.55157 0.151557
7.55157 0.151557
7.5517 0.051367
7.5517 0.051367
7.5517 0.051367
7.5517 0.051367
7.5517 0.0510475
7.55183 0.0511759
7.55183 0.0511759
7.55442 0.154404
7.55604 0.15603
7.5577 0.157687
7.55821 0.058194
7.56257 0.162556
7.56429 0.0642762
7.56567 0.0656532
7.56956 0.0695497
7.57072 0.0507104
7.57072 0.0507104
7.57072 0.0507104
7.57103 0.0510254
7.57103 0.0507059
7.57103 0.0507059
7.57194 0.07193
7.57348 0.0734626
7.57616 0.076146
7.57726 0.0772431
7.58355 0.0835346
7.58396 0.0839474
7.58521 0.0852
7.58521 0.0852
7.58553 0.0855195
7.58598 0.0859635
7.58742 0.0874027
7.58774 0.0877222
7.58774 0.0877127
7.58868 0.0886638
7.589 0.0889833
7.589 0.0889738
7.58978 0.0897694
7.59032 0.0903066
7.59064 0.0906261
7.59096 0.0909513
7.59128 0.0912648
7.59141 0.0513825
7.59141 0.0513825
7.59141 0.0513825
7.59141 0.0513825
7.59141 0.051063
7.59154 0.0511914
7.59154 0.0511914
7.59198 0.0919658
7.59277 0.0927424
7.59414 0.0941122
7.59465 0.0946255
7.59749 0.097474
7.59958 0.0995754
7.59996 0.0999482
7.6009 0.10089
7.60135 0.101334
7.60425 0.104235
7.60479 0.104762
7.60626 0.106242
7.60686 0.106842
7.60774 0.107721
7.6083 0.10828
7.60887 0.108858
7.60963 0.109613
7.60995 0.109932
7.60995 0.109932
7.61058 0.110563
7.61074 0.0507257
7.61074 0.0507257
7.61074 0.0507257
7.61105 0.0510407
7.61105 0.0507212
7.61105 0.0507212
7.61178 0.111761
7.61209 0.112081
7.61391 0.113893
7.61423 0.114203
7.61461 0.114595
7.61574 0.115723
7.61606 0.116042
7.61638 0.116352
7.61719 0.117179
7.61764 0.117623
7.62421 0.124194
7.62717 0.127158
7.62911 0.129095
7.63052 0.130503
7.63084 0.130822
7.63096 0.0509371
7.63096 0.0509371
7.63096 0.0509371
7.63109 0.0510655
7.63109 0.0507459
7.63109 0.0507459
7.63393 0.133918
7.635 0.134984
7.63591 0.135894
7.63673 0.136712
7.63851 0.138499
7.63948 0.139466
7.64002 0.140003
7.64034 0.140322
7.64227 0.142259
7.64399 0.143969
7.64581 0.145791
7.64631 0.146297
7.64787 0.147851
7.65093 0.0509182
7.65125 0.151237
7.65157 0.151556
7.65157 0.151556
7.6517 0.0513661
7.6517 0.0513661
7.6517 0.0513661
7.6517 0.0513661
7.6517 0.0510466
7.65183 0.051175
7.65183 0.051175
7.65442 0.154403
7.65604 0.156029
7.6577 0.157686
7.65821 0.0581931
7.66257 0.162555
7.66429 0.0642753
7.6657 0.0656835
7.66956 0.0695488
7.67072 0.0507095
7.67072 0.0507095
7.67072 0.0507095
7.67103 0.0510245
7.67103 0.050705
7.67103 0.050705
7.67194 0.0719291
7.67347 0.0734617
7.67616 0.0761451
7.67726 0.0772422
7.68355 0.0835337
7.68396 0.0839465
7.68521 0.0851991
7.68521 0.0851991
7.68553 0.0855187
7.68598 0.0859626
7.68742 0.0874018
7.68773 0.0877213
7.68773 0.0877204
7.68868 0.0886629
7.689 0.0889824
7.689 0.0889815
7.68978 0.0897685
7.69032 0.0903057
7.69064 0.0906252
7.69096 0.0909504
7.69128 0.0912588
7.69141 0.0513817
7.69141 0.0513817
7.69141 0.0513817
7.69141 0.0513817
7.69141 0.0510622
7.69153 0.0511906
7.69153 0.0511906
7.69198 0.091965
7.69276 0.0927501
7.69414 0.0941184
7.69465 0.0946333
7.69749 0.0974731
7.69958 0.0995555
7.69996 0.0999473
7.7009 0.100889
7.70135 0.101333
7.70425 0.104234
7.70478 0.10477
7.70625 0.106242
7.70685 0.106841
7.70773 0.10772
7.7083 0.108288
7.70887 0.108857
7.70963 0.109612
7.70994 0.109931
7.70994 0.109931
7.71058 0.110562
7.71073 0.0507249
7.71073 0.0507249
7.71073 0.0507249
7.71105 0.0510399
7.71105 0.0507204
7.71105 0.0507204
7.71177 0.11176
7.71209 0.11208
7.71391 0.113892
7.71423 0.114211
7.71461 0.114594
7.71574 0.115722
7.71605 0.116041
7.71637 0.11636
7.71719 0.117178
7.71764 0.117622
7.72421 0.124193
7.72717 0.127157
7.72911 0.129094
7.73052 0.130502
7.73083 0.130821
7.73096 0.0509362
7.73096 0.0509362
7.73096 0.0509362
7.73109 0.0510646
7.73109 0.0507451
7.73109 0.0507451
7.73393 0.133917
7.735 0.134983
7.73591 0.135893
7.73672 0.136711
7.73851 0.138498
7.73948 0.139465
7.74002 0.140002
7.74033 0.140321
7.74227 0.142258
7.74399 0.143977
7.7458 0.14579
7.74631 0.146296
7.74787 0.147859
7.75093 0.0509173
7.75125 0.151236
7.75157 0.151556
7.75157 0.151556
7.7517 0.0513652
7.7517 0.0513652
7.7517 0.0513652
7.7517 0.0513652
7.7517 0.0510457
7.75183 0.0511741
7.75183 0.0511741
7.75442 0.154402
7.75604 0.156028
7.7577 0.157685
7.7582 0.0581922
7.76257 0.162554
7.76429 0.0642744
7.7657 0.0656826
7.76956 0.0695479
7.77072 0.0507086
7.77072 0.0507086
7.77072 0.0507086
7.77103 0.0510236
7.77103 0.0507041
7.77103 0.0507041
7.77194 0.0719283
7.77347 0.0734608
7.77616 0.0761442
7.77725 0.0772413
7.78355 0.0835328
7.78396 0.0839456
7.78521 0.0851983
7.78521 0.0851983
7.78553 0.0855178
7.78597 0.0859617
7.78741 0.0874009
7.78773 0.0877205
7.78773 0.0877282
7.78867 0.088662
7.78899 0.0889815
7.78899 0.0889893
7.78978 0.0897676
7.79032 0.0903049
7.79064 0.0906244
7.79096 0.0909496
7.79128 0.0912527
7.7914 0.0513808
7.7914 0.0513808
7.7914 0.0513808
7.7914 0.0513808
7.7914 0.0510613
7.79153 0.0511897
7.79153 0.0511897
7.79198 0.0919641
7.79276 0.0927579
7.79417 0.0941557
7.79465 0.0946411
7.79748 0.0974722
7.79958 0.0995667
7.79996 0.0999464
7.8009 0.100888
7.80134 0.101332
7.80425 0.104233
7.80478 0.104778
7.80625 0.106241
7.80685 0.10684
7.80773 0.107719
7.80827 0.108264
7.8089 0.108887
7.80962 0.109611
7.80994 0.109931
7.80994 0.109931
7.81057 0.110561
7.81073 0.050724
7.81073 0.050724
7.81073 0.050724
7.81105 0.051039
7.81105 0.0507195
7.81105 0.0507195
7.81177 0.11176
7.81209 0.112079
7.8139 0.113892
7.81422 0.114219
7.81461 0.114593
7.81573 0.115721
7.81605 0.11604
7.81637 0.116368
7.81719 0.117177
7.81763 0.117621
7.8242 0.124192
7.82717 0.127156
7.82911 0.129093
7.83051 0.130501
7.83083 0.13082
7.83096 0.0509353
7.83096 0.0509353
7.83096 0.0509353
7.83109 0.0510637
7.83109 0.0507442
7.83109 0.0507442
7.83393 0.133916
7.83499 0.134982
7.83591 0.135893
7.83672 0.13671
7.8385 0.138497
7.83948 0.139464
7.84001 0.140001
7.84033 0.140321
7.84227 0.142258
7.84399 0.143984
7.8458 0.145789
7.84631 0.146295
7.84784 0.147836
7.85093 0.0509165
7.85125 0.151235
7.85157 0.151555
7.85157 0.151555
7.8517 0.0513644
7.8517 0.0513644
7.8517 0.0513644
7.8517 0.0513644
7.8517 0.0510449
7.85182 0.0511732
7.85182 0.0511732
7.85441 0.154402
7.85604 0.156027
7.8577 0.157684
7.8582 0.0581913
7.86257 0.162554
7.86429 0.0642736
7.86569 0.0656817
7.86956 0.0695471
7.87071 0.0507077
7.87071 0.0507077
7.87071 0.0507077
7.87103 0.0510227
7.87103 0.0507032
7.87103 0.0507032
7.87194 0.0719274
7.87347 0.0734599
7.87615 0.0761434
7.87725 0.0772405
7.88354 0.0835319
7.88396 0.0839448
7.88521 0.0851974
7.88521 0.0851974
7.88553 0.0855169
7.88597 0.0859608
7.88741 0.0874001
7.88773 0.0877196
7.88773 0.0877048
7.88867 0.0886612
7.88899 0.0889807
7.88899 0.0889659
7.88978 0.0897667
7.89032 0.090304
7.89064 0.0906235
7.89095 0.0909487
7.89127 0.0912467
7.8914 0.0513799
7.8914 0.0513799
7.8914 0.0513799
7.8914 0.0513799
7.8914 0.0510604
7.89153 0.0511888
7.89153 0.0511888
7.89197 0.0919632
7.89279 0.0927656
7.89414 0.0941308
7.89464 0.0946177
7.89748 0.0974714
7.89961 0.099578
7.89996 0.0999455
7.9009 0.100887
7.90134 0.101331
7.90424 0.104232
7.90481 0.104786
7.90625 0.10624
7.90685 0.106839
7.90773 0.107719
7.9083 0.108272
7.9089 0.108886
7.90962 0.10961
7.90994 0.10993
7.90994 0.10993
7.91057 0.11056
7.91073 0.0507231
7.91073 0.0507231
7.91073 0.0507231
7.91105 0.0510381
7.91105 0.0507186
7.91105 0.0507186
7.91177 0.111759
7.91209 0.112078
7.91393 0.113922
7.91425 0.114227
7.9146 0.114592
7.91573 0.11572
7.91605 0.11604
7.91637 0.116344
7.91719 0.117176
7.91763 0.11762
7.9242 0.124192
7.92717 0.127155
7.9291 0.129092
7.93051 0.1305
7.93083 0.13082
7.93096 0.0509344
7.93096 0.0509344
7.93096 0.0509344
7.93109 0.0510628
7.93109 0.0507433
7.93109 0.0507433
7.93393 0.133915
7.93499 0.134981
7.93593 0.135923
7.93672 0.136709
7.9385 0.138496
7.93947 0.139463
7.94001 0.14
7.94033 0.14032
7.94227 0.142257
7.94399 0.143961
7.9458 0.145788
7.94631 0.146294
7.94787 0.147843
7.95093 0.0509156
7.95125 0.151234
7.95157 0.151554
7.95157 0.151554
7.95169 0.0513635
7.95169 0.0513635
7.95169 0.0513635
7.95169 0.0513635
7.95169 0.051044
7.95182 0.0511724
7.95182 0.0511724
7.95441 0.154401
7.95604 0.156027
7.9577 0.157684
7.9582 0.0581905
7.96256 0.162553
7.96428 0.0642727
7.96569 0.0656808
7.96956 0.0695462
7.97071 0.0507068
7.97071 0.0507068
7.97071 0.0507068
7.97103 0.0510219
7.97103 0.0507023
7.97103 0.0507023
7.97194 0.0719265
7.97347 0.0734591
7.97615 0.0761425
7.97725 0.0772396
7.98354 0.0835311
7.98395 0.0839439
7.98521 0.0851965
7.98521 0.0851965
7.98553 0.085516
7.98597 0.0859599
7.98741 0.0873992
7.98773 0.0877187
7.98773 0.0877126
7.98867 0.0886603
7.98899 0.0889798
7.98899 0.0889737
7.98978 0.0897659
7.99031 0.0903031
7.99063 0.0906226
7.99095 0.0909478
7.99127 0.0912717
7.9914 0.051379
7.9914 0.051379
7.9914 0.051379
7.9914 0.051379
7.9914 0.0510595
7.99153 0.0511879
7.99153 0.0511879
7.99197 0.0919623
7.99276 0.0927423
7.99417 0.094137
7.99464 0.0946255
7.99748 0.0974705
7.99957 0.0995581
7.99996 0.0999446
8.0009 0.100886
8.00134 0.10133
8.00424 0.104231
8.00477 0.104757
8.00624 0.106234
8.00684 0.106833
8.00772 0.107713
8.00829 0.108275
8.00889 0.10888
8.00961 0.109604
8.00993 0.109924
8.00993 0.109924
8.01057 0.110554
8.01072 0.050717
8.01072 0.050717
8.01072 0.050717
8.01104 0.0510321
8.01104 0.0507125
8.01104 0.0507125
8.01176 0.111753
8.01208 0.112072
8.01393 0.113916
8.01425 0.114229
8.0146 0.114586
8.01572 0.115714
8.01604 0.116034
8.01636 0.116347
8.01718 0.11717
8.01766 0.117645
8.02423 0.124217
8.02713 0.127118
8.0291 0.129086
8.0305 0.130494
8.03082 0.130813
8.03095 0.0509284
8.03095 0.0509284
8.03095 0.0509284
8.03108 0.0510568
8.03108 0.0507373
8.03108 0.0507373
8.03392 0.133909
8.03499 0.134975
8.03593 0.135917
8.03671 0.136703
8.0385 0.13849
8.0395 0.139488
8.04004 0.140025
8.04036 0.140345
8.04229 0.142282
8.04398 0.143964
8.04579 0.145782
8.0463 0.146288
8.04786 0.147846
8.05092 0.0509095
8.05124 0.151228
8.05156 0.151548
8.05156 0.151548
8.05169 0.0513574
8.05169 0.0513574
8.05169 0.0513574
8.05169 0.0513574
8.05169 0.0510379
8.05182 0.0511663
8.05182 0.0511663
8.05441 0.154395
8.05603 0.15602
8.05769 0.157677
8.05819 0.0581844
8.06256 0.162547
8.06428 0.0642666
8.06568 0.0656748
8.06955 0.0695401
8.0707 0.0507008
8.0707 0.0507008
8.0707 0.0507008
8.07105 0.0510469
8.07105 0.0507274
8.07105 0.0507274
8.07193 0.0719205
8.07346 0.073453
8.07615 0.0761364
8.07724 0.0772335
8.08353 0.083525
8.08395 0.0839378
8.0852 0.0851905
8.0852 0.0851905
8.08552 0.08551
8.08596 0.0859539
8.0874 0.0873931
8.08772 0.0877126
8.08772 0.0877152
8.08866 0.0886542
8.08898 0.0889737
8.08898 0.0889763
8.08977 0.0897598
8.09031 0.090297
8.09063 0.0906165
8.09095 0.0909418
8.09127 0.0912605
8.09139 0.051373
8.09139 0.051373
8.09139 0.051373
8.09139 0.051373
8.09139 0.0510535
8.09152 0.0511819
8.09152 0.0511819
8.09197 0.0919563
8.09275 0.0927449
8.09416 0.094138
8.09467 0.0946592
8.09744 0.0974333
8.09954 0.099533
8.09992 0.0999075
8.10086 0.100849
8.10137 0.101355
8.1042 0.104194
8.10474 0.104734
8.10621 0.106202
8.10684 0.106832
8.10769 0.107681
8.10826 0.108251
8.10889 0.108879
8.10961 0.109603
8.10993 0.109923
8.11025 0.110242
8.11057 0.110562
8.11073 0.0507246
8.11073 0.0507246
8.11073 0.0507246
8.11105 0.0510396
8.11105 0.0507201
8.11105 0.0507201
8.11177 0.11176
8.11209 0.11208
8.11393 0.113923
8.11425 0.114245
8.11463 0.114625
8.11576 0.115753
8.11608 0.116072
8.1164 0.116394
8.11719 0.117178
8.11763 0.117622
8.1242 0.124193
8.12717 0.127156
8.1291 0.129093
8.13051 0.130502
8.13083 0.130821
8.13096 0.050936
8.13096 0.050936
8.13096 0.050936
8.13109 0.0510643
8.13109 0.0507448
8.13109 0.0507448
8.13393 0.133917
8.13496 0.134952
8.1359 0.135893
8.13672 0.13671
8.13847 0.138466
8.13947 0.139465
8.14001 0.140002
8.14033 0.140321
8.14227 0.142258
8.14399 0.14398
8.1458 0.14579
8.14627 0.146265
8.14784 0.147831
8.15093 0.0509171
8.15125 0.151236
8.15157 0.151555
8.15157 0.151555
8.15169 0.051365
8.15169 0.051365
8.15169 0.051365
8.15169 0.051365
8.15169 0.0510455
8.15182 0.0511739
8.15182 0.0511739
8.15441 0.154402
8.15601 0.155997
8.1577 0.157685
8.1582 0.058192
8.16256 0.162554
8.16428 0.0642742
8.16566 0.0656513
8.16956 0.0695477
8.17071 0.0507084
8.17071 0.0507084
8.17071 0.0507084
8.17103 0.0510234
8.17103 0.0507039
8.17103 0.0507039
8.17194 0.071928
8.17347 0.0734606
8.17615 0.076144
8.17725 0.0772411
8.18351 0.0835015
8.18392 0.0839143
8.18521 0.085198
8.18521 0.085198
8.18553 0.0855175
8.18597 0.0859615
8.18741 0.0874007
8.18773 0.0877202
8.18773 0.0877003
8.18867 0.0886618
8.18899 0.0889813
8.18899 0.0889614
8.18975 0.0897363
8.19028 0.0902735
8.1906 0.090593
8.19092 0.0909182
8.19124 0.0912318
8.19137 0.0513495
8.19137 0.0513495
8.19137 0.0513495
8.19137 0.0513495
8.19137 0.0510299
8.1915 0.0511583
8.1915 0.0511583
8.19194 0.0919327
8.19276 0.09273
8.19417 0.0941527
8.19467 0.0946443
8.19748 0.097472
8.19957 0.0995527
8.19992 0.0999151
8.20087 0.100857
8.20134 0.101332
8.20421 0.104202
8.20478 0.10475
8.20622 0.106209
8.20682 0.106809
8.2077 0.107688
8.20827 0.108237
8.20887 0.108856
8.20959 0.10958
8.20991 0.109899
8.21023 0.110219
8.21055 0.110538
8.21071 0.0507011
8.21071 0.0507011
8.21071 0.0507011
8.21102 0.0510161
8.21102 0.0506966
8.21102 0.0506966
8.21175 0.111737
8.21207 0.112056
8.21394 0.113931
8.21426 0.11423
8.21461 0.114601
8.21574 0.115729
8.21606 0.116049
8.21638 0.116348
8.21716 0.117154
8.21761 0.117598
8.22418 0.12417
8.22714 0.127133
8.22911 0.129101
8.23049 0.130478
8.23081 0.130798
8.23094 0.0509124
8.23094 0.0509124
8.23094 0.0509124
8.23106 0.0510408
8.23106 0.0507213
8.23106 0.0507213
8.2339 0.133893
8.23497 0.134959
8.23588 0.13587
8.23673 0.136718
8.23848 0.138474
8.23945 0.139441
8.23999 0.139978
8.24031 0.140298
8.24224 0.142235
8.24399 0.143965
8.24578 0.145766
8.24628 0.146272
8.24788 0.147847
8.2509 0.0508936
8.25122 0.151212
8.25154 0.151532
8.25154 0.151532
8.25167 0.0513415
8.25167 0.0513415
8.25167 0.0513415
8.25167 0.0513415
8.25167 0.051022
8.2518 0.0511504
8.2518 0.0511504
8.25442 0.15441
8.25601 0.156005
8.25767 0.157662
8.25818 0.0581685
8.26254 0.162531
8.26429 0.0642818
8.26567 0.0656588
8.26953 0.0695242
8.27072 0.050716
8.27072 0.050716
8.27072 0.050716
8.27103 0.051031
8.27103 0.0507115
8.27103 0.0507115
8.27194 0.0719356
8.27348 0.0734682
8.27616 0.0761516
8.27726 0.0772487
8.28352 0.0835091
8.28393 0.0839219
8.28521 0.0852056
8.28521 0.0852056
8.28553 0.0855251
8.28598 0.0859691
8.28742 0.0874083
8.28774 0.0877278
8.28774 0.0877166
8.28865 0.0886383
8.28897 0.0889578
8.28897 0.0889465
8.28975 0.0897439
8.29029 0.0902811
8.29061 0.0906006
8.29093 0.0909258
8.29125 0.0912342
8.29138 0.051357
8.29138 0.051357
8.29138 0.051357
8.29138 0.051357
8.29138 0.0510375
8.2915 0.0511659
8.2915 0.0511659
8.29195 0.0919403
8.29277 0.0927462
8.29414 0.0941363
8.29465 0.0946294
8.29746 0.0974485
8.29955 0.0995413
8.29993 0.0999227
8.30087 0.100864
8.30135 0.101339
8.30422 0.104209
8.30475 0.104735
8.30623 0.106217
8.30682 0.106816
8.3077 0.107696
8.30827 0.108253
8.30887 0.108863
8.3096 0.109587
8.30992 0.109907
8.31023 0.110226
8.31055 0.110546
8.31071 0.0507087
8.31071 0.0507087
8.31071 0.0507087
8.31103 0.0510237
8.31103 0.0507042
8.31103 0.0507042
8.31175 0.111744
8.31207 0.112064
8.31392 0.113907
8.31424 0.114216
8.31462 0.114609
8.31575 0.115737
8.31606 0.116056
8.31638 0.116365
8.31717 0.117162
8.31761 0.117606
8.32419 0.124177
8.32715 0.127141
8.32909 0.129077
8.33049 0.130486
8.33081 0.130805
8.33094 0.05092
8.33094 0.05092
8.33094 0.05092
8.33107 0.0510484
8.33107 0.0507289
8.33107 0.0507289
8.33391 0.133901
8.33494 0.134936
8.33589 0.135877
8.3367 0.136694
8.33848 0.138482
8.33946 0.139449
8.33999 0.139986
8.34031 0.140305
8.34225 0.142242
8.34397 0.14395
8.34578 0.145774
8.34629 0.14628
8.34785 0.147832
8.35091 0.0509012
8.35123 0.15122
8.35155 0.151539
8.35155 0.151539
8.35168 0.0513491
8.35168 0.0513491
8.35168 0.0513491
8.35168 0.0513491
8.35168 0.0510296
8.3518 0.051158
8.3518 0.051158
8.35439 0.154386
8.35602 0.156012
8.35768 0.157669
8.35818 0.0581761
8.36255 0.162538
8.3643 0.0642894
8.36567 0.0656664
8.36954 0.0695318
8.37073 0.0507235
8.37073 0.0507235
8.37073 0.0507235
8.37104 0.0510386
8.37104 0.0507191
8.37104 0.0507191
8.37195 0.0719432
8.37348 0.0734758
8.37617 0.0761592
8.37726 0.0772563
8.38352 0.0835167
8.38394 0.0839295
8.38519 0.0851821
8.38551 0.0855016
8.38551 0.0855016
8.38598 0.0859766
8.38742 0.0874159
8.38774 0.0877354
8.38774 0.0877328
8.38865 0.0886459
8.38897 0.0889654
8.38897 0.0889628
8.38976 0.0897515
8.3903 0.0902887
8.39062 0.0906082
8.39094 0.0909334
8.39125 0.0912366
8.39138 0.0513646
8.39138 0.0513646
8.39138 0.0513646
8.39138 0.0513646
8.39138 0.0510451
8.39151 0.0511735
8.39151 0.0511735
8.39196 0.0919479
8.39274 0.0927314
8.39418 0.094151
8.39466 0.0946456
8.39746 0.0974561
8.39959 0.099561
8.39994 0.0999302
8.40088 0.100872
8.40135 0.101347
8.40422 0.104217
8.40476 0.104752
8.40623 0.106224
8.40683 0.106824
8.40771 0.107703
8.40825 0.108238
8.40885 0.10884
8.4096 0.109595
8.40992 0.109914
8.41024 0.110234
8.41056 0.110553
8.41072 0.0507163
8.41072 0.0507163
8.41072 0.0507163
8.41104 0.0510313
8.41104 0.0507118
8.41104 0.0507118
8.41173 0.111721
8.41205 0.11204
8.41392 0.113915
8.41424 0.114232
8.41462 0.114616
8.41575 0.115744
8.41607 0.116064
8.41639 0.116381
8.41715 0.117138
8.41762 0.117613
8.42419 0.124185
8.42712 0.127117
8.42909 0.129085
8.4305 0.130493
8.43082 0.130813
8.43095 0.0509276
8.43095 0.0509276
8.43095 0.0509276
8.43108 0.051056
8.43108 0.0507365
8.43108 0.0507365
8.43392 0.133908
8.43495 0.134943
8.43589 0.135885
8.43671 0.136702
8.43849 0.138489
8.43943 0.139425
8.44 0.139993
8.44032 0.140313
8.44226 0.14225
8.44398 0.143966
8.44579 0.145781
8.4463 0.146288
8.44783 0.147818
8.45092 0.0509088
8.45124 0.151227
8.45155 0.151547
8.45155 0.151547
8.45168 0.0513567
8.45168 0.0513567
8.45168 0.0513567
8.45168 0.0513567
8.45168 0.0510372
8.45181 0.0511656
8.45181 0.0511656
8.4544 0.154394
8.45603 0.15602
8.45768 0.157677
8.45819 0.0581836
8.46255 0.162546
8.46427 0.0642659
8.46568 0.065674
8.46955 0.0695394
8.4707 0.0507
8.4707 0.0507
8.4707 0.0507
8.47105 0.0510461
8.47105 0.0507266
8.47105 0.0507266
8.47193 0.0719197
8.47346 0.0734523
8.47614 0.0761357
8.47727 0.0772639
8.48353 0.0835242
8.48391 0.083906
8.4852 0.0851897
8.4852 0.0851897
8.48552 0.0855092
8.48599 0.0859842
8.4874 0.0873924
8.48772 0.0877119
8.48772 0.0877179
8.48866 0.0886535
8.48898 0.088973
8.48898 0.088979
8.48977 0.089759
8.49027 0.0902652
8.49059 0.0905847
8.49091 0.0909099
8.49123 0.0912079
8.49136 0.0513411
8.49136 0.0513411
8.49136 0.0513411
8.49136 0.0513411
8.49136 0.0510216
8.49149 0.05115
8.49149 0.05115
8.49196 0.0919555
8.49275 0.0927476
8.49416 0.0941345
8.49463 0.0946308
8.49747 0.0974637
8.49956 0.0995496
8.49991 0.0999067
8.50086 0.100848
8.50133 0.101323
8.5042 0.104193
8.50474 0.104737
8.50624 0.106232
8.50681 0.1068
8.50769 0.10768
8.50825 0.108254
8.50885 0.108848
8.50961 0.109603
8.50993 0.109922
8.51025 0.110242
8.51057 0.110561
8.51073 0.0507239
8.51073 0.0507239
8.51073 0.0507239
8.51104 0.0510389
8.51104 0.0507194
8.51104 0.0507194
8.51174 0.111728
8.51205 0.112048
8.51393 0.113923
8.51425 0.114248
8.5146 0.114593
8.51576 0.115752
8.51608 0.116071
8.5164 0.116397
8.51715 0.117146
8.51763 0.117621
8.52417 0.124161
8.52713 0.127125
8.5291 0.129093
8.53048 0.13047
8.5308 0.130789
8.53092 0.0509041
8.53092 0.0509041
8.53092 0.0509041
8.53105 0.0510325
8.53105 0.050713
8.53105 0.050713
8.53392 0.133916
8.53496 0.134951
8.5359 0.135892
8.53672 0.13671
8.5385 0.138497
8.53944 0.139433
8.53998 0.13997
8.5403 0.140289
8.54226 0.142257
8.54395 0.143952
8.54576 0.145758
8.54627 0.146264
8.54783 0.147834
8.55092 0.0509164
8.55124 0.151235
8.55156 0.151555
8.55156 0.151555
8.55169 0.0513643
8.55169 0.0513643
8.55169 0.0513643
8.55169 0.0513643
8.55169 0.0510447
8.55182 0.0511731
8.55182 0.0511731
8.55441 0.154401
8.556 0.155996
8.55769 0.157684
8.5582 0.0581912
8.56256 0.162553
8.56428 0.0642734
8.56566 0.0656505
8.56955 0.069547
8.57071 0.0507076
8.57071 0.0507076
8.57071 0.0507076
8.57102 0.0510226
8.57102 0.0507031
8.57102 0.0507031
8.57193 0.0719273
8.57347 0.0734598
8.57615 0.0761433
8.57725 0.0772404
8.58351 0.0835007
8.58392 0.0839135
8.5852 0.0851973
8.5852 0.0851973
8.58552 0.0855168
8.58597 0.0859607
8.58741 0.0874
8.58773 0.0877195
8.58773 0.087703
8.58867 0.0886611
8.58899 0.0889806
8.58899 0.0889641
8.58974 0.0897355
8.59028 0.0902728
8.5906 0.0905923
8.59092 0.0909175
8.59124 0.0912103
8.59137 0.0513487
8.59137 0.0513487
8.59137 0.0513487
8.59137 0.0513487
8.59137 0.0510292
8.59149 0.0511576
8.59149 0.0511576
8.59194 0.091932
8.59276 0.0927327
8.59416 0.0941492
8.59467 0.094647
8.59748 0.0974713
8.59954 0.0995382
8.59992 0.0999143
8.60086 0.100856
8.60134 0.101331
8.60421 0.104201
8.60478 0.104753
8.60621 0.106209
8.60681 0.106808
8.60769 0.107687
8.60826 0.108239
8.60886 0.108855
8.60958 0.109579
8.6099 0.109899
8.61022 0.110218
8.61054 0.110538
8.6107 0.0507003
8.6107 0.0507003
8.6107 0.0507003
8.61105 0.0510465
8.61105 0.050727
8.61105 0.050727
8.61174 0.111736
8.61206 0.112055
8.61394 0.11393
8.61426 0.114233
8.61461 0.1146
8.61573 0.115728
8.61605 0.116048
8.61637 0.116351
8.61716 0.117154
8.6176 0.117597
8.62417 0.124169
8.62714 0.127132
8.62911 0.1291
8.63048 0.130477
8.6308 0.130797
8.63093 0.0509117
8.63093 0.0509117
8.63093 0.0509117
8.63106 0.0510401
8.63106 0.0507206
8.63106 0.0507206
8.6339 0.133892
8.63496 0.134958
8.63587 0.135869
8.63672 0.136717
8.63847 0.138473
8.63945 0.13944
8.63998 0.139977
8.6403 0.140297
8.64224 0.142234
8.64399 0.143968
8.64577 0.145766
8.64628 0.146272
8.64787 0.14785
8.6509 0.0508928
8.65122 0.151212
8.65154 0.151531
8.65154 0.151531
8.65167 0.0513407
8.65167 0.0513407
8.65167 0.0513407
8.65167 0.0513407
8.65167 0.0510212
8.65179 0.0511496
8.65179 0.0511496
8.65441 0.154409
8.65601 0.156004
8.65767 0.157661
8.65817 0.0581677
8.66254 0.16253
8.66429 0.064281
8.66566 0.0656581
8.66953 0.0695234
8.67075 0.0507152
8.67075 0.0507152
8.67075 0.0507152
8.67106 0.0510302
8.67106 0.0507107
8.67106 0.0507107
8.67194 0.0719349
8.67347 0.0734674
8.67616 0.0761508
8.67725 0.0772479
8.68351 0.0835083
8.68393 0.0839211
8.68521 0.0852049
8.68521 0.0852049
8.68553 0.0855244
8.68597 0.0859683
8.68741 0.0874075
8.68773 0.0877271
8.68773 0.0877193
8.68864 0.0886375
8.68896 0.088957
8.68896 0.0889492
8.68975 0.0897431
8.69029 0.0902803
8.6906 0.0905999
8.69073 0.0507173
8.69073 0.0507173
8.69073 0.0507173
8.69105 0.0910223
8.69137 0.0913722
8.6915 0.0514847
8.6915 0.0511652
8.6915 0.0511652
8.69194 0.0919396
8.69276 0.0927489
8.69417 0.0941639
8.69465 0.0946321
8.69745 0.0974477
8.69958 0.0995579
8.69993 0.0999219
8.70087 0.100863
8.70134 0.101339
8.70421 0.104209
8.70475 0.104738
8.70622 0.106216
8.70682 0.106816
8.7077 0.107695
8.70827 0.108255
8.70887 0.108863
8.70959 0.109587
8.70991 0.109906
8.71023 0.110226
8.71055 0.110545
8.71071 0.0507079
8.71071 0.0507079
8.71071 0.0507079
8.71102 0.0510229
8.71102 0.0507034
8.71102 0.0507034
8.71175 0.111743
8.71207 0.112063
8.71391 0.113907
8.71423 0.114218
8.71461 0.114608
8.71574 0.115736
8.71606 0.116056
8.71638 0.116367
8.71717 0.117161
8.71761 0.117605
8.72418 0.124176
8.72714 0.12714
8.72908 0.129077
8.73049 0.130485
8.73081 0.130804
8.73094 0.0509193
8.73094 0.0509193
8.73094 0.0509193
8.73107 0.0510477
8.73107 0.0507281
8.73107 0.0507281
8.73391 0.1339
8.73494 0.134935
8.73588 0.135877
8.7367 0.136694
8.73851 0.138481
8.73945 0.139448
8.73999 0.139985
8.74031 0.140305
8.74225 0.142241
8.74397 0.143953
8.74578 0.145773
8.74628 0.146279
8.74785 0.147835
8.7509 0.0509004
8.75122 0.151219
8.75154 0.151539
8.75154 0.151539
8.75167 0.0513483
8.75167 0.0513483
8.75167 0.0513483
8.75167 0.0513483
8.75167 0.0510288
8.7518 0.0511572
8.7518 0.0511572
8.75442 0.154417
8.75602 0.156011
8.75767 0.157668
8.75818 0.0581753
8.76254 0.162538
8.76429 0.0642886
8.76567 0.0656657
8.76954 0.069531
8.77075 0.0507228
8.77075 0.0507228
8.77075 0.0507228
8.77107 0.0510378
8.77107 0.0507183
8.77107 0.0507183
8.77195 0.0719425
8.77348 0.073475
8.77616 0.0761584
8.77726 0.0772555
8.78352 0.0835159
8.78393 0.0839287
8.78519 0.0851813
8.78551 0.0855009
8.78551 0.0855009
8.78598 0.0859759
8.78742 0.0874151
8.78774 0.0877346
8.78774 0.0877355
8.78865 0.0886451
8.78897 0.0889646
8.78897 0.0889655
8.78975 0.0897507
8.79029 0.0902879
8.79061 0.0906074
8.79074 0.0507249
8.79074 0.0507249
8.79074 0.0507249
8.79106 0.0910299
8.79138 0.0913746
8.79151 0.0514923
8.79151 0.0511728
8.79151 0.0511728
8.79195 0.0919472
8.79274 0.0927341
8.79418 0.0941474
8.79465 0.0946483
8.79746 0.0974553
8.79955 0.0995465
8.79993 0.0999295
8.80088 0.100871
8.80135 0.101346
8.80422 0.104216
8.80476 0.104754
8.80623 0.106224
8.80683 0.106823
8.80771 0.107703
8.80824 0.108241
8.80884 0.108839
8.8096 0.109594
8.80992 0.109914
8.81024 0.110233
8.81056 0.110553
8.81072 0.0507155
8.81072 0.0507155
8.81072 0.0507155
8.81103 0.0510305
8.81103 0.050711
8.81103 0.050711
8.81176 0.111751
8.81207 0.112071
8.81392 0.113914
8.81424 0.114235
8.81462 0.114615
8.81575 0.115744
8.81607 0.116063
8.81639 0.116383
8.81714 0.117138
8.81762 0.117613
8.82419 0.124184
8.82712 0.127116
8.82909 0.129084
8.8305 0.130492
8.83082 0.130812
8.83094 0.0509268
8.83094 0.0509268
8.83094 0.0509268
8.83107 0.0510552
8.83107 0.0507357
8.83107 0.0507357
8.83391 0.133908
8.83495 0.134943
8.83589 0.135884
8.83671 0.136701
8.83852 0.138488
8.83943 0.139424
8.84 0.139993
8.84032 0.140312
8.84225 0.142249
8.84397 0.143969
8.84579 0.145781
8.84629 0.146287
8.84782 0.14782
8.85091 0.050908
8.85123 0.151227
8.85155 0.151546
8.85155 0.151546
8.85168 0.0513559
8.85168 0.0513559
8.85168 0.0513559
8.85168 0.0513559
8.85168 0.0510364
8.85181 0.0511648
8.85181 0.0511648
8.8544 0.154393
8.85602 0.156019
8.85768 0.157676
8.85819 0.0581829
8.86255 0.162545
8.86427 0.0642651
8.86568 0.0656733
8.86954 0.0695386
8.87073 0.0506993
8.87073 0.0506993
8.87073 0.0506993
8.87107 0.0510454
8.87107 0.0507259
8.87107 0.0507259
8.87192 0.0719189
8.87345 0.0734515
8.87614 0.0761349
8.87727 0.0772631
8.88353 0.0835235
8.88391 0.0839052
8.88519 0.0851889
8.88519 0.0851889
8.88551 0.0855084
8.88599 0.0859835
8.8874 0.0873916
8.88771 0.0877111
8.88771 0.0876895
8.88866 0.0886527
8.88898 0.0889722
8.88898 0.0889506
8.88976 0.0897583
8.89027 0.0902644
8.89059 0.0905839
8.89072 0.0507013
8.89072 0.0507013
8.89072 0.0507013
8.89104 0.0910064
8.89135 0.0913459
8.89148 0.0514687
8.89148 0.0511492
8.89148 0.0511492
8.89196 0.0919547
8.89274 0.0927192
8.89418 0.0941621
8.89466 0.0946335
8.89747 0.0974629
8.89959 0.0995661
8.89991 0.099906
8.90085 0.100848
8.90133 0.101323
8.90423 0.104224
8.90476 0.104739
8.90623 0.106231
8.90683 0.106831
8.90768 0.107679
8.90828 0.108257
8.90885 0.108847
8.90961 0.109602
8.90992 0.109921
8.91024 0.110241
8.91056 0.11056
8.91072 0.0507231
8.91072 0.0507231
8.91072 0.0507231
8.91104 0.0510381
8.91104 0.0507186
8.91104 0.0507186
8.91176 0.111759
8.91208 0.112078
8.91393 0.113922
8.91424 0.11422
8.9146 0.114592
8.91575 0.115751
8.91607 0.116071
8.91639 0.116369
8.91715 0.117145
8.91762 0.11762
8.92416 0.124161
8.92713 0.127124
8.9291 0.129092
8.93047 0.130469
8.93079 0.130788
8.93092 0.0509033
8.93092 0.0509033
8.93092 0.0509033
8.93105 0.0510317
8.93105 0.0507122
8.93105 0.0507122
8.93392 0.133915
8.93495 0.13495
8.9359 0.135892
8.93671 0.136709
8.93852 0.138496
8.93944 0.139432
8.93997 0.139969
8.94029 0.140289
8.94226 0.142257
8.94398 0.143954
8.94576 0.145757
8.94627 0.146263
8.94786 0.147837
8.95092 0.0509156
8.95124 0.151234
8.95156 0.151554
8.95156 0.151554
8.95169 0.0513635
8.95169 0.0513635
8.95169 0.0513635
8.95169 0.0513635
8.95169 0.051044
8.95181 0.0511724
8.95181 0.0511724
8.9544 0.154401
8.956 0.155995
8.95769 0.157684
8.95819 0.0581905
8.96256 0.162553
8.96428 0.0642727
8.96565 0.0656497
8.96955 0.0695462
8.97073 0.0507069
8.97073 0.0507069
8.97073 0.0507069
8.97105 0.0510219
8.97105 0.0507024
8.97105 0.0507024
8.97193 0.0719265
8.97346 0.0734591
8.97615 0.0761425
8.97724 0.0772396
8.9835 0.0835
8.98392 0.0839128
8.9852 0.0851965
8.9852 0.0851965
8.98552 0.085516
8.98596 0.0859599
8.9874 0.0873992
8.98772 0.0877187
8.98772 0.0877057
8.98866 0.0886603
8.98898 0.0889798
8.98898 0.0889668
8.98974 0.0897348
8.99027 0.090272
8.99059 0.0905915
8.99072 0.0507089
8.99072 0.0507089
8.99072 0.0507089
8.99104 0.091014
8.99136 0.0913483
8.99149 0.0514763
8.99149 0.0511568
8.99149 0.0511568
8.99196 0.0919623
8.99275 0.0927354
8.99416 0.0941457
8.99467 0.0946497
8.99747 0.0974705
8.99957 0.0995547
8.99992 0.0999135
9.00086 0.100855
9.00133 0.10133
9.0042 0.1042
9.00477 0.10475
9.00621 0.106203
9.0068 0.106802
9.00768 0.107682
9.00825 0.108237
9.00885 0.108849
9.00958 0.109573
9.0099 0.109893
9.01021 0.110212
9.01053 0.110532
9.01072 0.0506945
9.01072 0.0506945
9.01072 0.0506945
9.01107 0.0510406
9.01107 0.0507211
9.01107 0.0507211
9.01173 0.11173
9.01205 0.11205
9.01393 0.113924
9.01425 0.114231
9.0146 0.114594
9.01576 0.115754
9.01608 0.116073
9.0164 0.11638
9.01715 0.117148
9.01763 0.117623
9.0242 0.124194
9.0271 0.127095
9.02907 0.129063
9.03047 0.130471
9.03079 0.130791
9.03092 0.0509059
9.03092 0.0509059
9.03092 0.0509059
9.03105 0.0510342
9.03105 0.0507147
9.03105 0.0507147
9.03389 0.133887
9.03496 0.134953
9.03587 0.135863
9.03671 0.136711
9.0385 0.138467
9.03947 0.139466
9.04001 0.140003
9.04032 0.140322
9.04226 0.142259
9.04395 0.143934
9.04576 0.14576
9.0463 0.146297
9.04783 0.147817
9.05089 0.050887
9.05121 0.151206
9.05153 0.151525
9.05153 0.151525
9.05166 0.0513349
9.05166 0.0513349
9.05166 0.0513349
9.05166 0.0513349
9.05166 0.0510154
9.05178 0.0511438
9.05178 0.0511438
9.05441 0.154403
9.056 0.155998
9.05766 0.157655
9.05816 0.0581619
9.06253 0.162524
9.06428 0.0642752
9.06565 0.0656523
9.06952 0.0695176
9.07074 0.0507094
9.07074 0.0507094
9.07074 0.0507094
9.07105 0.0510244
9.07105 0.0507049
9.07105 0.0507049
9.07193 0.071929
9.07346 0.0734616
9.07615 0.076145
9.07724 0.0772421
9.0835 0.0835025
9.08392 0.0839153
9.0852 0.085199
9.0852 0.085199
9.08552 0.0855185
9.08596 0.0859625
9.0874 0.0874017
9.08772 0.0877212
9.08772 0.0877169
9.08863 0.0886317
9.08895 0.0889512
9.08927 0.0892664
9.08975 0.0897458
9.09028 0.090283
9.0906 0.0906025
9.09092 0.0908966
9.09124 0.0912257
9.09137 0.0513589
9.09137 0.0513589
9.09137 0.0513589
9.09137 0.0513589
9.09137 0.0510394
9.0915 0.0511678
9.0915 0.0511678
9.09194 0.0919422
9.09273 0.0927239
9.09417 0.0941638
9.09468 0.0946693
9.09742 0.0974193
9.09954 0.0995156
9.0999 0.0998934
9.10084 0.100835
9.10134 0.101341
9.10418 0.10418
9.10472 0.104713
9.10619 0.106188
9.10682 0.106818
9.10767 0.107666
9.10824 0.10823
9.10884 0.108834
9.10959 0.109589
9.10991 0.109909
9.11023 0.110228
9.11055 0.110548
9.11074 0.0507106
9.11074 0.0507106
9.11074 0.0507106
9.11106 0.0510256
9.11106 0.0507061
9.11106 0.0507061
9.11172 0.111715
9.11204 0.112035
9.11394 0.11394
9.11426 0.114256
9.11461 0.11461
9.11577 0.11577
9.11609 0.116089
9.11641 0.116404
9.11713 0.117133
9.11761 0.117608
9.12418 0.124179
9.12711 0.127111
9.12908 0.129079
9.13049 0.130487
9.13081 0.130807
9.13094 0.0509219
9.13094 0.0509219
9.13094 0.0509219
9.13107 0.0510503
9.13107 0.0507308
9.13107 0.0507308
9.1339 0.133903
9.13494 0.134938
9.13588 0.135879
9.1367 0.136696
9.13851 0.138483
9.13942 0.139419
9.13999 0.139988
9.14031 0.140307
9.14225 0.142244
9.14397 0.143959
9.14575 0.145745
9.14628 0.146282
9.14782 0.14781
9.1509 0.0509031
9.15122 0.151222
9.15154 0.151541
9.15154 0.151541
9.15167 0.051351
9.15167 0.051351
9.15167 0.051351
9.15167 0.051351
9.15167 0.0510315
9.1518 0.0511598
9.1518 0.0511598
9.15439 0.154388
9.15602 0.156014
9.15767 0.157671
9.15818 0.0581779
9.16254 0.16254
9.16429 0.0642913
9.16564 0.0656372
9.16953 0.0695337
9.17072 0.0506943
9.17072 0.0506943
9.17072 0.0506943
9.17107 0.0510404
9.17107 0.0507209
9.17107 0.0507209
9.17195 0.0719451
9.17348 0.0734777
9.17616 0.0761611
9.17726 0.0772582
9.18349 0.0834874
9.1839 0.0839003
9.18519 0.085184
9.1855 0.0855035
9.1855 0.0855035
9.18598 0.0859785
9.18742 0.0874178
9.18774 0.0877373
9.18774 0.0877105
9.18865 0.0886478
9.18897 0.0889673
9.18929 0.08926
9.18973 0.0897307
9.19027 0.0902679
9.19059 0.0905874
9.19072 0.0507049
9.19072 0.0507049
9.19072 0.0507049
9.19104 0.0910099
9.19136 0.0913339
9.19148 0.0514723
9.19148 0.0511528
9.19148 0.0511528
9.19193 0.0919272
9.19275 0.0927175
9.19418 0.0941558
9.19469 0.0946629
9.19744 0.0974353
9.19956 0.0995438
9.19991 0.0999095
9.20085 0.100851
9.20136 0.101357
9.2042 0.104196
9.20477 0.104738
9.20617 0.106173
9.2068 0.106803
9.20768 0.107683
9.20825 0.108224
9.20882 0.108819
9.20958 0.109574
9.20989 0.109894
9.21021 0.110213
9.21053 0.110533
9.21072 0.0506955
9.21072 0.0506955
9.21072 0.0506955
9.21107 0.0510416
9.21107 0.0507221
9.21107 0.0507221
9.2117 0.1117
9.21202 0.112019
9.21393 0.113925
9.21425 0.114218
9.21463 0.114627
9.21576 0.115755
9.21608 0.116074
9.21639 0.116367
9.21715 0.117149
9.21759 0.117593
9.22417 0.124164
9.2271 0.127096
9.22907 0.129064
9.23044 0.130441
9.23076 0.130761
9.23089 0.0508758
9.23089 0.0508758
9.23089 0.0508758
9.23105 0.0510352
9.23105 0.0507157
9.23105 0.0507157
9.23389 0.133888
9.23492 0.134923
9.23587 0.135864
9.23668 0.136681
9.23849 0.138468
9.23941 0.139404
9.23997 0.139973
9.24029 0.140292
9.24223 0.142229
9.24398 0.143953
9.24573 0.14573
9.24627 0.146267
9.24783 0.147804
9.25089 0.050888
9.25121 0.151207
9.25153 0.151526
9.25153 0.151526
9.25166 0.0513359
9.25166 0.0513359
9.25166 0.0513359
9.25166 0.0513359
9.25166 0.0510164
9.25178 0.0511448
9.25178 0.0511448
9.25441 0.154404
9.256 0.155999
9.25766 0.157656
9.25816 0.0581629
9.26253 0.162525
9.26428 0.0642762
9.26565 0.0656533
9.26952 0.0695186
9.27074 0.0507104
9.27074 0.0507104
9.27074 0.0507104
9.27105 0.0510254
9.27105 0.0507059
9.27105 0.0507059
9.27193 0.07193
9.27346 0.0734626
9.27615 0.076146
9.27724 0.0772431
9.2835 0.0835035
9.28389 0.0838852
9.2852 0.0852
9.2852 0.0852
9.28552 0.0855196
9.28599 0.0859946
9.2874 0.0874027
9.28772 0.0877222
9.28772 0.0877041
9.28863 0.0886327
9.28895 0.0889522
9.28927 0.0892536
9.28972 0.0897157
9.29025 0.0902529
9.29057 0.0905724
9.29092 0.0908976
9.29124 0.0912164
9.29137 0.0513599
9.29137 0.0513599
9.29137 0.0513599
9.29137 0.0513599
9.29137 0.0510404
9.2915 0.0511688
9.2915 0.0511688
9.29194 0.0919432
9.29273 0.0927111
9.2942 0.0941789
9.29467 0.0946565
9.29745 0.0974514
9.29954 0.0995408
9.29989 0.0998944
9.30084 0.100836
9.30134 0.101342
9.30418 0.104181
9.30475 0.104731
9.30619 0.106189
9.30679 0.106788
9.30767 0.107667
9.30824 0.108218
9.30884 0.108835
9.30956 0.109559
9.30988 0.109879
9.3102 0.110198
9.31052 0.110518
9.31074 0.0507116
9.31074 0.0507116
9.31074 0.0507116
9.31105 0.0510266
9.31105 0.0507071
9.31105 0.0507071
9.31172 0.111716
9.31204 0.112036
9.31394 0.113941
9.31426 0.114243
9.31461 0.114611
9.31577 0.115771
9.31609 0.11609
9.31641 0.116392
9.31713 0.117134
9.31758 0.117578
9.32415 0.124149
9.32711 0.127112
9.32908 0.12908
9.33046 0.130457
9.33078 0.130777
9.33091 0.0508918
9.33091 0.0508918
9.33091 0.0508918
9.33103 0.0510202
9.33103 0.0507007
9.33103 0.0507007
9.33387 0.133873
9.33494 0.134939
9.33585 0.135849
9.3367 0.136697
9.33851 0.138484
9.33942 0.13942
9.33996 0.139958
9.34028 0.140277
9.34225 0.142245
9.34396 0.143946
9.34575 0.145746
9.34625 0.146252
9.34785 0.147828
9.35093 0.0509041
9.35125 0.151254
9.35157 0.151573
9.35157 0.151573
9.3517 0.051352
9.3517 0.051352
9.3517 0.051352
9.3517 0.051352
9.3517 0.0510325
9.35183 0.0511609
9.35183 0.0511609
9.35439 0.154389
9.35598 0.155984
9.35767 0.157672
9.35821 0.0581789
9.36251 0.16251
9.36432 0.0642923
9.36567 0.0656382
9.36957 0.0695347
9.37072 0.0506953
9.37072 0.0506953
9.37072 0.0506953
9.37107 0.0510414
9.37107 0.0507219
9.37107 0.0507219
9.37198 0.0719461
9.37351 0.0734787
9.37619 0.0761621
9.37729 0.0772592
9.38352 0.0834884
9.38393 0.0839013
9.38522 0.085185
9.38553 0.0855045
9.38553 0.0855045
9.38601 0.0859795
9.38745 0.0874188
9.38777 0.0877383
9.38777 0.0877599
9.38868 0.0886488
9.389 0.0889683
9.389 0.0889899
9.38975 0.0897232
9.39029 0.0902605
9.39061 0.09058
9.39093 0.0909052
9.39125 0.0912188
9.39138 0.0513675
9.39138 0.0513675
9.39138 0.0513675
9.39138 0.0513675
9.39138 0.051048
9.39151 0.0511764
9.39151 0.0511764
9.39195 0.0919197
9.39274 0.0927274
9.39418 0.0941625
9.39465 0.0946416
9.39749 0.097459
9.39955 0.0995294
9.39993 0.099902
9.40087 0.100844
9.40138 0.10135
9.40422 0.104189
9.40473 0.104716
9.40623 0.106196
9.40683 0.106796
9.40771 0.107675
9.40824 0.108234
9.40884 0.108812
9.4096 0.109567
9.40992 0.109886
9.41024 0.110206
9.41056 0.110525
9.41075 0.0507192
9.41075 0.0507192
9.41075 0.0507192
9.41106 0.0510342
9.41106 0.0507147
9.41106 0.0507147
9.41175 0.111724
9.41207 0.112043
9.41395 0.113918
9.41427 0.114259
9.41465 0.114619
9.41578 0.115747
9.4161 0.116067
9.41642 0.116408
9.41717 0.117141
9.41762 0.117585
9.42419 0.124157
9.42715 0.12712
9.42909 0.129057
9.4305 0.130465
9.43081 0.130784
9.43094 0.0509305
9.43094 0.0509305
9.43094 0.0509305
9.43107 0.0510589
9.43107 0.0507394
9.43107 0.0507394
9.43391 0.13388
9.43495 0.134915
9.43589 0.135857
9.43674 0.136705
9.43849 0.138461
9.43943 0.139397
9.44 0.139965
9.44032 0.140285
9.44225 0.142222
9.44394 0.143931
9.44578 0.145753
9.44629 0.146259
9.44782 0.147814
9.45094 0.0509117
9.45126 0.15123
9.45158 0.15155
9.45158 0.15155
9.45171 0.0513596
9.45171 0.0513596
9.45171 0.0513596
9.45171 0.0513596
9.45171 0.05104
9.45184 0.0511684
9.45184 0.0511684
9.45443 0.154397
9.45602 0.155992
9.45768 0.157648
9.45822 0.0581865
9.46255 0.162518
9.4643 0.0642687
9.46568 0.0656458
9.46957 0.0695423
9.47073 0.0507029
9.47073 0.0507029
9.47073 0.0507029
9.47104 0.0510179
9.47104 0.0506984
9.47104 0.0506984
9.47198 0.0719537
9.47348 0.0734551
9.4762 0.0761697
9.4773 0.0772668
9.48353 0.083496
9.48394 0.0839088
9.48522 0.0851926
9.48554 0.0855121
9.48554 0.0855121
9.48602 0.0859871
9.48746 0.0874264
9.48778 0.0877459
9.48778 0.087745
9.48869 0.0886564
9.48901 0.0889759
9.48901 0.088975
9.48976 0.0897308
9.4903 0.0902681
9.49062 0.0905876
9.49094 0.0909128
9.49126 0.0912523
9.49138 0.0513751
9.49138 0.0513751
9.49138 0.0513751
9.49138 0.0513751
9.49138 0.0510556
9.49151 0.051184
9.49151 0.051184
9.49196 0.0919273
9.49274 0.0927125
9.49418 0.0941772
9.49469 0.0946579
9.49747 0.0974355
9.49956 0.0995491
9.49994 0.0999096
9.50088 0.100851
9.50139 0.101357
9.50423 0.104196
9.50476 0.104733
9.5062 0.106173
9.50683 0.106803
9.50771 0.107683
9.50825 0.108219
9.50885 0.108819
9.5096 0.109574
9.50992 0.109894
9.51024 0.110213
9.51056 0.110533
9.51072 0.0506956
9.51072 0.0506956
9.51072 0.0506956
9.51107 0.0510418
9.51107 0.0507223
9.51107 0.0507223
9.51173 0.1117
9.51205 0.11202
9.51396 0.113925
9.51427 0.114244
9.51466 0.114627
9.51578 0.115755
9.5161 0.116074
9.51642 0.116393
9.51718 0.117149
9.51762 0.117593
9.52416 0.124133
9.52713 0.127096
9.52909 0.129064
9.53047 0.130441
9.53079 0.130761
9.53092 0.050907
9.53092 0.050907
9.53092 0.050907
9.53105 0.0510354
9.53105 0.0507159
9.53105 0.0507159
9.53392 0.133888
9.53495 0.134923
9.53589 0.135864
9.53671 0.136681
9.53849 0.138469
9.53943 0.139404
9.54 0.139973
9.54032 0.140292
9.54226 0.142229
9.54398 0.143947
9.54576 0.14573
9.5463 0.146267
9.54786 0.14783
9.55092 0.0508881
9.55124 0.151207
9.55156 0.151526
9.55156 0.151526
9.55168 0.051336
9.55168 0.051336
9.55168 0.051336
9.55168 0.051336
9.55168 0.0510165
9.55181 0.0511449
9.55181 0.0511449
9.55443 0.154404
9.55603 0.155999
9.55769 0.157656
9.55819 0.058163
9.56255 0.162525
9.56431 0.0642763
9.56568 0.0656534
9.56955 0.0695187
9.57073 0.0507105
9.57073 0.0507105
9.57073 0.0507105
9.57105 0.0510255
9.57105 0.050706
9.57105 0.050706
9.57196 0.0719302
9.57349 0.0734627
9.57618 0.0761461
9.57727 0.0772432
9.58353 0.0835036
9.58391 0.0838853
9.58523 0.0852002
9.58523 0.0852002
9.58555 0.0855197
9.58602 0.0859947
9.58743 0.0874028
9.58775 0.0877224
9.58775 0.0877301
9.58866 0.0886328
9.58898 0.0889523
9.5893 0.0892796
9.58974 0.0897158
9.59028 0.090253
9.5906 0.0905725
9.59092 0.0908977
9.59124 0.0912321
9.59137 0.05136
9.59137 0.05136
9.59137 0.05136
9.59137 0.05136
9.59137 0.0510405
9.5915 0.0511689
9.5915 0.0511689
9.59197 0.0919433
9.59273 0.0927061
9.5942 0.0941692
9.59467 0.0946515
9.59748 0.0974515
9.59957 0.0995462
9.59992 0.0998946
9.60087 0.100836
9.60137 0.101342
9.60421 0.104181
9.60475 0.104726
9.60622 0.106189
9.60682 0.106788
9.6077 0.107668
9.60823 0.108213
9.60886 0.108835
9.60959 0.109559
9.60991 0.109879
9.61023 0.110198
9.61055 0.110518
9.61074 0.0507117
9.61074 0.0507117
9.61074 0.0507117
9.61105 0.0510267
9.61105 0.0507072
9.61105 0.0507072
9.61175 0.111716
9.61206 0.112036
9.61397 0.113941
9.61429 0.114269
9.61464 0.114612
9.6158 0.115771
9.61612 0.11609
9.61644 0.116418
9.61716 0.117134
9.61761 0.117578
9.62418 0.124149
9.62714 0.127112
9.62911 0.12908
9.63049 0.130458
9.63081 0.130777
9.63093 0.050923
9.63093 0.050923
9.63093 0.050923
9.63106 0.0510514
9.63106 0.0507319
9.63106 0.0507319
9.6339 0.133873
9.63497 0.134939
9.63588 0.135849
9.63673 0.136697
9.63851 0.138485
9.63945 0.13942
9.63999 0.139958
9.64031 0.140277
9.64227 0.142245
9.64396 0.143941
9.64577 0.145746
9.64628 0.146252
9.64784 0.147823
9.65093 0.0509042
9.65125 0.151223
9.65157 0.151542
9.65157 0.151542
9.6517 0.0513521
9.6517 0.0513521
9.6517 0.0513521
9.6517 0.0513521
9.6517 0.0510326
9.65183 0.051161
9.65183 0.051161
9.65442 0.154389
9.65601 0.155984
9.6577 0.157672
9.65821 0.0581791
9.66257 0.162541
9.66432 0.0642924
9.66567 0.0656383
9.66956 0.0695348
9.67072 0.0506954
9.67072 0.0506954
9.67072 0.0506954
9.67106 0.0510416
9.67106 0.0507221
9.67106 0.0507221
9.67197 0.0719462
9.67351 0.0734788
9.67619 0.0761622
9.67729 0.0772593
9.68352 0.0834886
9.68393 0.0839014
9.68521 0.0851851
9.68553 0.0855046
9.68553 0.0855046
9.68601 0.0859796
9.68745 0.0874189
9.68777 0.0877384
9.68777 0.0877548
9.68868 0.0886489
9.689 0.0889684
9.689 0.0889848
9.68975 0.0897234
9.69029 0.0902606
9.69061 0.0905801
9.69093 0.0909053
9.69125 0.0912345
9.69138 0.0513676
9.69138 0.0513676
9.69138 0.0513676
9.69138 0.0513676
9.69138 0.0510481
9.6915 0.0511765
9.6915 0.0511765
9.69195 0.0919198
9.69273 0.0927223
9.6942 0.0941839
9.69465 0.0946366
9.69749 0.0974591
9.69955 0.0995348
9.69993 0.0999021
9.70087 0.100844
9.70138 0.10135
9.70422 0.104189
9.70472 0.104711
9.70622 0.106196
9.70682 0.106796
9.7077 0.107675
9.70824 0.108229
9.70884 0.108812
9.70959 0.109567
9.70991 0.109886
9.71023 0.110206
9.71055 0.110525
9.71074 0.0507193
9.71074 0.0507193
9.71074 0.0507193
9.71106 0.0510343
9.71106 0.0507148
9.71106 0.0507148
9.71175 0.111724
9.71207 0.112043
9.71395 0.113918
9.71427 0.114254
9.71465 0.114619
9.71578 0.115747
9.71609 0.116067
9.71641 0.116403
9.71717 0.117141
9.71761 0.117585
9.72418 0.124157
9.72715 0.12712
9.72909 0.129057
9.73049 0.130465
9.73081 0.130785
9.73094 0.0509306
9.73094 0.0509306
9.73094 0.0509306
9.73107 0.051059
9.73107 0.0507395
9.73107 0.0507395
9.73391 0.13388
9.73494 0.134915
9.73588 0.135857
9.73673 0.136705
9.73848 0.138461
9.73943 0.139397
9.73999 0.139965
9.74031 0.140285
9.74225 0.142222
9.74397 0.143957
9.74578 0.145753
9.74629 0.14626
9.74782 0.147809
9.75094 0.0509118
9.75126 0.15123
9.75158 0.15155
9.75158 0.15155
9.75171 0.0513597
9.75171 0.0513597
9.75171 0.0513597
9.75171 0.0513597
9.75171 0.0510402
9.75183 0.0511686
9.75183 0.0511686
9.75442 0.154397
9.75602 0.155992
9.75768 0.157649
9.75821 0.0581867
9.76255 0.162518
9.7643 0.0642689
9.76567 0.0656459
9.76957 0.0695424
9.77072 0.050703
9.77072 0.050703
9.77072 0.050703
9.77104 0.051018
9.77104 0.0506985
9.77104 0.0506985
9.77198 0.0719538
9.77348 0.0734553
9.7762 0.0761698
9.77729 0.0772669
9.78352 0.0834962
9.78394 0.083909
9.78522 0.0851927
9.78554 0.0855122
9.78554 0.0855122
9.78601 0.0859872
9.78745 0.0874265
9.78777 0.087746
9.78777 0.087771
9.78868 0.0886565
9.789 0.088976
9.789 0.089001
9.78976 0.0897309
9.7903 0.0902682
9.79061 0.0905877
9.79093 0.0909129
9.79125 0.0912369
9.79138 0.0513752
9.79138 0.0513752
9.79138 0.0513752
9.79138 0.0513752
9.79138 0.0510557
9.79151 0.0511841
9.79151 0.0511841
9.79195 0.0919274
9.79271 0.0927074
9.79418 0.0941675
9.79465 0.0946528
9.79749 0.0974667
9.79952 0.0995233
9.79994 0.0999097
9.80088 0.100851
9.80138 0.101357
9.80422 0.104196
9.80473 0.104728
9.8062 0.106173
9.80683 0.106803
9.80771 0.107683
9.80822 0.108214
9.80885 0.108819
9.8096 0.109574
9.80992 0.109894
9.81024 0.110213
9.81056 0.110533
9.81072 0.0506958
9.81072 0.0506958
9.81072 0.0506958
9.81107 0.0510419
9.81107 0.0507224
9.81107 0.0507224
9.81176 0.111731
9.81208 0.112051
9.81395 0.113926
9.81427 0.11427
9.81465 0.114627
9.81578 0.115755
9.8161 0.116074
9.81642 0.116419
9.81718 0.117149
9.81762 0.117593
9.82416 0.124133
9.82712 0.127097
9.82909 0.129065
9.83047 0.130442
9.83079 0.130761
9.83092 0.0509071
9.83092 0.0509071
9.83092 0.0509071
9.83105 0.0510355
9.83105 0.050716
9.83105 0.050716
9.83392 0.133888
9.83495 0.134923
9.83589 0.135864
9.83671 0.136682
9.83849 0.138469
9.83943 0.139405
9.84 0.139973
9.84032 0.140292
9.84226 0.142229
9.84394 0.143942
9.84576 0.14573
9.84629 0.146267
9.84783 0.147825
9.85091 0.0508883
9.85123 0.151207
9.85155 0.151526
9.85155 0.151526
9.85168 0.0513362
9.85168 0.0513362
9.85168 0.0513362
9.85168 0.0513362
9.85168 0.0510166
9.85181 0.051145
9.85181 0.051145
9.85443 0.154404
9.85603 0.155999
9.85768 0.157656
9.85819 0.0581631
9.86255 0.162525
9.8643 0.0642765
9.86568 0.0656535
9.86955 0.0695189
9.87073 0.0507106
9.87073 0.0507106
9.87073 0.0507106
9.87105 0.0510256
9.87105 0.0507061
9.87105 0.0507061
9.87196 0.0719303
9.87349 0.0734628
9.87617 0.0761463
9.87727 0.0772434
9.88353 0.0835037
9.88391 0.0838855
9.88523 0.0852003
9.88523 0.0852003
9.88555 0.0855198
9.88602 0.0859948
9.88743 0.087403
9.88775 0.0877225
9.88775 0.0877251
9.88866 0.088633
9.88898 0.0889525
9.8893 0.0892746
9.88974 0.0897159
9.89028 0.0902531
9.8906 0.0905726
9.89092 0.0908978
9.89124 0.0912167
9.89137 0.0513602
9.89137 0.0513602
9.89137 0.0513602
9.89137 0.0513602
9.89137 0.0510407
9.89149 0.0511691
9.89149 0.0511691
9.89197 0.0919435
9.89276 0.0927321
9.89416 0.0941595
9.89467 0.0946464
9.89748 0.0974516
9.89954 0.0995204
9.89992 0.0998947
9.90086 0.100836
9.90137 0.101342
9.90421 0.104181
9.90474 0.104721
9.90622 0.106189
9.90681 0.106788
9.90769 0.107668
9.90823 0.108208
9.90886 0.108836
9.90959 0.109559
9.90991 0.109879
9.91022 0.110198
9.91054 0.110518
9.91073 0.0507118
9.91073 0.0507118
9.91073 0.0507118
9.91105 0.0510268
9.91105 0.0507073
9.91105 0.0507073
9.91174 0.111716
9.91206 0.112036
9.91397 0.113942
9.91429 0.114264
9.91464 0.114612
9.9158 0.115771
9.91612 0.116091
9.91644 0.116413
9.91716 0.117134
9.9176 0.117578
9.92418 0.124149
9.92714 0.127113
9.92911 0.129081
9.93048 0.130458
9.9308 0.130777
9.93093 0.0509232
9.93093 0.0509232
9.93093 0.0509232
9.93106 0.0510515
9.93106 0.050732
9.93106 0.050732
9.9339 0.133873
9.93497 0.134939
9.93588 0.135849
9.93672 0.136698
9.93851 0.138485
9.93945 0.139421
9.93998 0.139958
9.9403 0.140277
9.94227 0.142245
9.94396 0.143936
9.94577 0.145746
9.94628 0.146252
9.94784 0.147818
9.95093 0.0509043
9.95125 0.151223
9.95157 0.151543
9.95157 0.151543
9.9517 0.0513522
9.9517 0.0513522
9.9517 0.0513522
9.9517 0.0513522
9.9517 0.0510327
9.95183 0.0511611
9.95183 0.0511611
9.95183 0.0511611
9.95442 0.154389
9.95601 0.155984
9.95664 0.050707
9.95767 0.157645
9.95821 0.0581832
9.96061 0.0507194
9.96254 0.162518
9.96429 0.0642694
9.96483 0.0507008
9.96568 0.0656504
9.96888 0.0507047
9.96955 0.0695197
9.97073 0.0507087
9.97073 0.0507087
9.97073 0.0507087
9.97105 0.0510237
9.97105 0.0507042
9.97105 0.0507042
9.97196 0.0719311
9.97349 0.0734637
9.97362 0.0509655
9.97618 0.0761511
9.97727 0.0772482
9.97727 0.0509117
9.98092 0.0507206
9.98354 0.0835125
9.98392 0.0838942
9.98489 0.050702
9.98524 0.0852131
9.98524 0.0852131
9.98556 0.0855326
9.986 0.0859765
9.98744 0.0874157
9.98776 0.0877352
9.98776 0.0877465
9.98867 0.0886457
9.98899 0.0889652
9.98899 0.0889765
9.98912 0.0510056
9.98975 0.0897242
9.99029 0.0902614
9.99061 0.0905809
9.99093 0.0909061
9.99125 0.0912198
9.99137 0.0513544
9.99137 0.0513544
9.99137 0.0513544
9.99137 0.0513544
9.99137 0.0510349
9.9915 0.0511633
9.9915 0.0511633
9.99195 0.0919206
9.99273 0.0927179
9.9942 0.0941749
9.99468 0.0946633
9.99524 0.050695
9.99746 0.0974328
9.99914 0.050699
9.99955 0.0995487
9.99994 0.0999109

