% time_sec delay_sec
0.141196 0.0411659
0.144066 0.0440359
0.155863 0.0558328
0.155863 0.0558328
0.156183 0.0561523
0.158306 0.0582758
0.158812 0.0587819
0.159381 0.0593503
0.1597 0.0596698
0.160922 0.0608913
0.161241 0.0612108
0.161561 0.0615303
0.162596 0.0625652
0.162915 0.0628847
0.163546 0.0635153
0.163865 0.0638348
0.167077 0.067047
0.168734 0.0687039
0.169707 0.0696766
0.171022 0.0709915
0.17187 0.0718397
0.17219 0.0721593
0.17254 0.0725099
0.173575 0.0735448
0.173895 0.0738643
0.174214 0.0741838
0.175094 0.0750632
0.175942 0.0759114
0.176261 0.0762309
0.176581 0.0765504
0.177336 0.0773054
0.177655 0.0776249
0.178193 0.0781622
0.178699 0.0786683
0.179734 0.0797032
0.180551 0.0805204
0.181026 0.0809954
0.181345 0.0813149
0.181883 0.0818521
0.182202 0.0821716
0.182202 0.0821716
0.182646 0.0826156
0.184396 0.0843658
0.185089 0.0850586
0.186155 0.0861246
0.186537 0.0865063
0.187105 0.0870747
0.188078 0.0880473
0.188864 0.0888334
0.189183 0.0891529
0.189658 0.0896279
0.191378 0.0913471
0.192381 0.0923509
0.192701 0.0926704
0.196846 0.0968157
0.199001 0.0989704
0.1996 0.0995698
0.200728 0.100698
0.20139 0.10136
0.20171 0.101679
0.203958 0.103927
0.204495 0.104464
0.205872 0.105841
0.206782 0.106752
0.207351 0.10732
0.210718 0.110688
0.211162 0.111132
0.21341 0.11338
0.215285 0.115255
0.216818 0.116787
0.220154 0.120124
0.226788 0.126757
0.227201 0.12717
0.232123 0.132093
0.234465 0.134434
0.234784 0.134754
0.236006 0.135975
0.241178 0.0411703
0.244048 0.0440404
0.248535 0.148505
0.253862 0.153832
0.25583 0.0558231
0.25615 0.0561426
0.25615 0.0561426
0.258304 0.0582972
0.258779 0.0587723
0.259348 0.0593406
0.259667 0.0596601
0.260889 0.0608816
0.261208 0.0612011
0.261528 0.161497
0.261528 0.0615206
0.261847 0.161817
0.262571 0.062564
0.262891 0.0628835
0.263521 0.0635141
0.263841 0.0638336
0.267084 0.0670768
0.26871 0.0687027
0.269683 0.0696754
0.270997 0.0709902
0.271846 0.0718385
0.272165 0.072158
0.272516 0.0725086
0.273551 0.0735435
0.27387 0.073863
0.27419 0.0741826
0.2751 0.075093
0.275917 0.0759102
0.276237 0.0762297
0.276556 0.0765492
0.277311 0.0773042
0.277631 0.0776237
0.278168 0.0781609
0.278674 0.0786671
0.279709 0.079702
0.280526 0.0805191
0.281001 0.0809942
0.281321 0.0813137
0.281858 0.0818509
0.282178 0.0821704
0.282178 0.0821704
0.282622 0.0826143
0.284372 0.0843646
0.285065 0.0850574
0.286131 0.0861234
0.286512 0.0865051
0.287081 0.0870734
0.288053 0.0880461
0.288839 0.0888322
0.289159 0.0891517
0.289634 0.0896267
0.291353 0.0913459
0.292357 0.0923497
0.292676 0.0926692
0.296822 0.0968145
0.298976 0.0989692
0.299576 0.0995686
0.300704 0.100697
0.301366 0.101358
0.301685 0.101678
0.303933 0.103926
0.30447 0.104463
0.305847 0.10584
0.306758 0.106751
0.307326 0.107319
0.310694 0.110687
0.311138 0.111131
0.313386 0.113379
0.31526 0.115253
0.316793 0.116786
0.320161 0.120154
0.326763 0.126756
0.327176 0.127169
0.332099 0.132092
0.33444 0.134433
0.33476 0.134753
0.335981 0.135974
0.341184 0.0411691
0.344054 0.0440391
0.34851 0.148503
0.353838 0.153831
0.355837 0.0558219
0.356156 0.0561414
0.356156 0.0561414
0.358311 0.058296
0.358786 0.058771
0.359354 0.0593394
0.359674 0.0596589
0.360895 0.0608804
0.361215 0.0611999
0.361534 0.161527
0.361534 0.0615194
0.361534 0.161527
0.362569 0.0625543
0.362889 0.0628738
0.363519 0.0635044
0.363839 0.0638239
0.367082 0.0670672
0.368708 0.068693
0.369712 0.0696968
0.370996 0.0709806
0.371844 0.0718288
0.372163 0.0721483
0.372514 0.0724989
0.373549 0.0735338
0.373868 0.0738534
0.374188 0.0741729
0.375098 0.0750833
0.375916 0.0759005
0.376235 0.07622
0.376555 0.0765395
0.37731 0.0772945
0.377629 0.077614
0.378197 0.0781823
0.378672 0.0786574
0.379707 0.0796923
0.380524 0.0805094
0.380999 0.0809845
0.381319 0.081304
0.381887 0.0818723
0.382207 0.0821918
0.382207 0.0821918
0.38262 0.0826046
0.38437 0.0843549
0.385094 0.0850788
0.386129 0.0861137
0.386542 0.0865265
0.387079 0.0870637
0.388051 0.0880364
0.388838 0.0888225
0.389157 0.089142
0.389632 0.089617
0.391382 0.0913673
0.392355 0.09234
0.392675 0.0926595
0.396851 0.0968359
0.398974 0.0989595
0.399605 0.09959
0.400702 0.100687
0.401395 0.10138
0.401714 0.101699
0.403931 0.103916
0.404468 0.104453
0.405877 0.105862
0.406787 0.106772
0.407324 0.107309
0.410692 0.110677
0.411136 0.111121
0.413384 0.113369
0.415259 0.115244
0.416791 0.116776
0.420159 0.120144
0.426793 0.126777
0.427174 0.127159
0.432097 0.132082
0.434438 0.134423
0.434758 0.134743
0.435979 0.135964
0.441182 0.0411594
0.444052 0.0440294
0.44854 0.148525
0.453836 0.153821
0.455866 0.0558433
0.455866 0.0558433
0.456186 0.0561628
0.458309 0.0582863
0.458784 0.0587613
0.459353 0.0593297
0.459672 0.0596492
0.460925 0.0609018
0.461244 0.0612213
0.461564 0.161549
0.461564 0.0615408
0.461564 0.161549
0.462567 0.0625446
0.462887 0.0628641
0.463549 0.0635258
0.463868 0.0638453
0.46708 0.0670575
0.468737 0.0687144
0.46971 0.0696871
0.470994 0.0709709
0.471842 0.0718191
0.472161 0.0721386
0.472543 0.0725204
0.473547 0.0735242
0.473867 0.0738437
0.474186 0.0741632
0.475096 0.0750737
0.475945 0.0759219
0.476264 0.0762414
0.476584 0.0765609
0.477308 0.0772848
0.477627 0.0776043
0.478195 0.0781726
0.478702 0.0786788
0.479705 0.0796826
0.480554 0.0805308
0.480998 0.0809748
0.481317 0.0812943
0.481885 0.0818626
0.482205 0.0821821
0.482205 0.0821821
0.482649 0.082626
0.484368 0.0843452
0.485092 0.0850691
0.486127 0.086104
0.48654 0.0865168
0.487077 0.087054
0.48805 0.0880267
0.488836 0.0888128
0.489155 0.0891323
0.489661 0.0896384
0.49138 0.0913576
0.492353 0.0923303
0.492673 0.0926498
0.496849 0.0968262
0.498973 0.0989498
0.499603 0.0995803
0.5007 0.100677
0.501393 0.10137
0.501713 0.10169
0.503929 0.103907
0.504467 0.104444
0.505875 0.105852
0.506785 0.106762
0.507322 0.1073
0.510721 0.110698
0.511165 0.111142
0.513413 0.11339
0.515257 0.115234
0.516789 0.116766
0.520157 0.120134
0.526791 0.126768
0.527203 0.127181
0.532126 0.132104
0.534468 0.134445
0.534787 0.134764
0.535978 0.135955
0.541211 0.0411808
0.54405 0.0440198
0.548538 0.148515
0.553865 0.153842
0.555864 0.0558336
0.555864 0.0558336
0.556184 0.0561531
0.558307 0.0582766
0.558813 0.0587827
0.559382 0.0593511
0.559701 0.0596706
0.560923 0.0608921
0.561242 0.0612116
0.561562 0.161539
0.561562 0.0615311
0.561562 0.161539
0.562597 0.062566
0.562916 0.0628855
0.563547 0.0635161
0.563866 0.0638356
0.567078 0.0670478
0.568735 0.0687047
0.569708 0.0696774
0.571023 0.0709923
0.571871 0.0718406
0.572191 0.0721601
0.572541 0.0725107
0.573576 0.0735456
0.573896 0.0738651
0.574215 0.0741846
0.575095 0.075064
0.575943 0.0759122
0.576262 0.0762317
0.576582 0.0765513
0.577337 0.0773062
0.577656 0.0776257
0.578194 0.078163
0.5787 0.0786691
0.579735 0.079704
0.580552 0.0805212
0.581027 0.0809962
0.581346 0.0813157
0.581884 0.0818529
0.582203 0.0821724
0.582203 0.0821724
0.582647 0.0826164
0.584397 0.0843666
0.58509 0.0850594
0.586156 0.0861254
0.586538 0.0865071
0.587106 0.0870755
0.588079 0.0880481
0.588834 0.0888031
0.589153 0.0891226
0.589659 0.0896287
0.591379 0.0913479
0.592382 0.0923517
0.592702 0.0926712
0.596847 0.0968165
0.598971 0.0989401
0.599601 0.0995706
0.60073 0.100699
0.601391 0.10136
0.601711 0.10168
0.603928 0.103897
0.604496 0.104465
0.605873 0.105842
0.606783 0.106753
0.607352 0.107321
0.610719 0.110689
0.611163 0.111133
0.613411 0.113381
0.615286 0.115255
0.616819 0.116788
0.620155 0.120124
0.626789 0.126758
0.627202 0.127171
0.632124 0.132094
0.634466 0.134435
0.634785 0.134755
0.635976 0.135945
0.641179 0.0411711
0.644017 0.0440101
0.648536 0.148505
0.653863 0.153833
0.655831 0.0558239
0.656151 0.0561434
0.656151 0.0561434
0.658305 0.058298
0.65878 0.0587731
0.659349 0.0593414
0.659668 0.0596609
0.66089 0.0608824
0.661209 0.0612019
0.661529 0.161498
0.661529 0.0615214
0.661848 0.161818
0.662572 0.0625648
0.662892 0.0628843
0.663522 0.0635149
0.663842 0.0638344
0.667054 0.0670465
0.668711 0.0687035
0.669684 0.0696762
0.670998 0.0709911
0.671847 0.0718393
0.672166 0.0721588
0.672517 0.0725094
0.673552 0.0735443
0.673871 0.0738638
0.674191 0.0741834
0.675101 0.0750938
0.675918 0.075911
0.676238 0.0762305
0.676557 0.07655
0.677312 0.077305
0.677632 0.0776245
0.678169 0.0781617
0.678675 0.0786679
0.67971 0.0797028
0.680527 0.0805199
0.681002 0.080995
0.681322 0.0813145
0.681859 0.0818517
0.682179 0.0821712
0.682179 0.0821712
0.682623 0.0826151
0.684373 0.0843654
0.685066 0.0850582
0.686132 0.0861242
0.686513 0.0865059
0.687082 0.0870742
0.688054 0.0880469
0.68884 0.088833
0.68916 0.0891525
0.689635 0.0896275
0.691354 0.0913467
0.692358 0.0923505
0.692677 0.09267
0.696823 0.0968153
0.698977 0.09897
0.699577 0.0995694
0.700705 0.100698
0.701367 0.101359
0.701686 0.101679
0.703934 0.103927
0.704471 0.104464
0.705848 0.105841
0.706759 0.106751
0.707327 0.10732
0.710695 0.110688
0.711139 0.111131
0.713387 0.113379
0.715261 0.115254
0.716794 0.116787
0.720162 0.120154
0.726764 0.126757
0.727177 0.12717
0.7321 0.132093
0.734441 0.134434
0.734761 0.134753
0.735982 0.135975
0.741185 0.0411699
0.744055 0.0440399
0.748511 0.148504
0.753839 0.153831
0.755838 0.0558227
0.756157 0.0561422
0.756157 0.0561422
0.758312 0.0582968
0.758787 0.0587718
0.759355 0.0593402
0.759675 0.0596597
0.760896 0.0608812
0.761216 0.0612007
0.761535 0.161528
0.761535 0.0615202
0.761535 0.161528
0.76257 0.0625551
0.76289 0.0628746
0.76352 0.0635052
0.76384 0.0638247
0.767083 0.067068
0.768709 0.0686938
0.769713 0.0696976
0.770997 0.0709814
0.771845 0.0718296
0.772164 0.0721491
0.772515 0.0724998
0.77355 0.0735347
0.773869 0.0738542
0.774189 0.0741737
0.775099 0.0750841
0.775917 0.0759013
0.776236 0.0762208
0.776556 0.0765403
0.777311 0.0772953
0.77763 0.0776148
0.778198 0.0781831
0.778673 0.0786582
0.779708 0.0796931
0.780525 0.0805102
0.781 0.0809853
0.78132 0.0813048
0.781888 0.0818731
0.782208 0.0821926
0.782208 0.0821926
0.782621 0.0826054
0.784371 0.0843557
0.785095 0.0850796
0.78613 0.0861145
0.786543 0.0865273
0.78708 0.0870645
0.788052 0.0880372
0.788839 0.0888233
0.789158 0.0891428
0.789633 0.0896178
0.791383 0.0913681
0.792356 0.0923408
0.792676 0.0926603
0.796852 0.0968367
0.798975 0.0989603
0.799575 0.0995597
0.800703 0.100688
0.801396 0.101381
0.801715 0.1017
0.803932 0.103917
0.804469 0.104454
0.805878 0.105862
0.806788 0.106773
0.807325 0.10731
0.810693 0.110678
0.811137 0.111122
0.813385 0.11337
0.81526 0.115244
0.816792 0.116777
0.82016 0.120145
0.826794 0.126778
0.827175 0.12716
0.832098 0.132083
0.834439 0.134424
0.834759 0.134744
0.83598 0.135965
0.841183 0.0411602
0.844053 0.0440302
0.848541 0.148526
0.853837 0.153822
0.855867 0.0558441
0.855867 0.0558441
0.856187 0.0561636
0.85831 0.0582871
0.858785 0.0587621
0.859354 0.0593305
0.859673 0.05965
0.860926 0.0609026
0.861245 0.0612221
0.861565 0.161549
0.861565 0.0615416
0.861565 0.161549
0.862568 0.0625454
0.862888 0.0628649
0.86355 0.0635266
0.863869 0.0638461
0.867081 0.0670583
0.868738 0.0687152
0.869711 0.0696879
0.870995 0.0709717
0.871843 0.0718199
0.872162 0.0721394
0.872544 0.0725212
0.873548 0.073525
0.873868 0.0738445
0.874187 0.074164
0.875098 0.0750745
0.875946 0.0759227
0.876265 0.0762422
0.876585 0.0765617
0.877309 0.0772856
0.877628 0.0776051
0.878196 0.0781735
0.878703 0.0786796
0.879706 0.0796834
0.880555 0.0805317
0.880999 0.0809756
0.881318 0.0812951
0.881886 0.0818634
0.882206 0.0821829
0.882206 0.0821829
0.88265 0.0826269
0.884369 0.084346
0.885093 0.0850699
0.886128 0.0861048
0.886541 0.0865176
0.887078 0.0870548
0.888051 0.0880275
0.888837 0.0888136
0.889156 0.0891331
0.889662 0.0896392
0.891381 0.0913584
0.892354 0.0923311
0.892674 0.0926506
0.89685 0.096827
0.898974 0.0989506
0.899604 0.0995811
0.900701 0.100678
0.901394 0.101371
0.901714 0.10169
0.90393 0.103907
0.904468 0.104445
0.905876 0.105853
0.906786 0.106763
0.907323 0.1073
0.910722 0.110699
0.911166 0.111143
0.913414 0.113391
0.915258 0.115235
0.91679 0.116767
0.920158 0.120135
0.926792 0.126769
0.927204 0.127181
0.932127 0.132104
0.934469 0.134446
0.934788 0.134765
0.935979 0.135956
0.941212 0.0411816
0.944051 0.0440206
0.948539 0.148516
0.953866 0.153843
0.955865 0.0558344
0.955865 0.0558344
0.956185 0.0561539
0.958308 0.0582774
0.958814 0.0587836
0.959383 0.0593519
0.959702 0.0596714
0.960924 0.0608929
0.961243 0.0612124
0.961563 0.16154
0.961563 0.0615319
0.961563 0.16154
0.962598 0.0625668
0.962917 0.0628863
0.963548 0.0635169
0.963867 0.0638364
0.967079 0.0670486
0.968736 0.0687056
0.969709 0.0696782
0.971024 0.0709931
0.971872 0.0718414
0.972192 0.0721609
0.972542 0.0725115
0.973577 0.0735464
0.973897 0.0738659
0.974216 0.0741854
0.975096 0.0750648
0.975944 0.075913
0.976263 0.0762325
0.976583 0.0765521
0.977338 0.077307
0.977657 0.0776265
0.978195 0.0781638
0.978701 0.0786699
0.979736 0.0797048
0.980553 0.080522
0.981028 0.080997
0.981347 0.0813165
0.981885 0.0818537
0.982204 0.0821732
0.982204 0.0821732
0.982648 0.0826172
0.984367 0.0843363
0.985091 0.0850602
0.986157 0.0861262
0.986539 0.0865079
0.987107 0.0870763
0.988049 0.0880178
0.988835 0.0888039
0.989154 0.0891234
0.98966 0.0896296
0.99138 0.0913487
0.992383 0.0923525
0.992703 0.092672
0.996848 0.0968173
0.998972 0.0989409
0.999602 0.0995714
1.00073 0.1007
1.00139 0.101361
1.00171 0.101681
1.00393 0.103898
1.0045 0.104469
1.00588 0.105846
1.00679 0.106757
1.00736 0.107325
1.01072 0.110693
1.01117 0.111137
1.01342 0.113384
1.01529 0.115259
1.01682 0.116792
1.02016 0.120128
1.02682 0.126793
1.02721 0.127175
1.03213 0.132098
1.03447 0.134439
1.03479 0.134758
1.03598 0.135949
1.04118 0.041175
1.04405 0.044045
1.04854 0.148509
1.05387 0.153836
1.05587 0.0558588
1.05587 0.0558588
1.05619 0.0561783
1.05828 0.0582708
1.05882 0.058808
1.05935 0.0593453
1.05967 0.0596648
1.06092 0.0609174
1.06124 0.0612369
1.06156 0.161533
1.06156 0.0615564
1.06156 0.161533
1.06257 0.0625602
1.06289 0.0628797
1.06352 0.0635103
1.06384 0.0638298
1.06708 0.067073
1.06874 0.06873
1.06971 0.0697027
1.07099 0.0709864
1.07184 0.0718347
1.07216 0.0721542
1.07254 0.0725359
1.07358 0.0735708
1.0739 0.0738903
1.0739 0.0738903
1.07509 0.0750808
1.07594 0.075929
1.07626 0.0762485
1.07658 0.0765681
1.0773 0.0772919
1.07762 0.0776114
1.07822 0.0782109
1.07869 0.0786859
1.0797 0.0796897
1.08051 0.0805069
1.08102 0.081013
1.08134 0.0813325
1.08166 0.0416438
1.08166 0.0416438
1.08166 0.0416438
1.08166 0.0416438
1.08198 0.0819715
1.0823 0.082291
1.0823 0.082291
1.08262 0.0826105
1.08294 0.0429218
1.08294 0.0426023
1.08294 0.0426023
1.08438 0.0843693
1.08507 0.085062
1.0861 0.0860969
1.08652 0.0865098
1.08705 0.087047
1.08803 0.0880197
1.08884 0.0888368
1.08916 0.0891564
1.08964 0.0896314
1.09136 0.0913506
1.09236 0.0923544
1.09268 0.0926739
1.09683 0.0968192
1.09895 0.0989427
1.09958 0.0995733
1.10068 0.10067
1.10118 0.0411826
1.10118 0.0411826
1.10118 0.0411826
1.1015 0.101496
1.1015 0.101496
1.10182 0.0418216
1.10182 0.0415021
1.10182 0.0415021
1.10392 0.103908
1.10445 0.104445
1.10586 0.105853
1.10677 0.106764
1.10734 0.107332
1.11068 0.110669
1.11112 0.111113
1.1134 0.113392
1.11524 0.115235
1.11681 0.116799
1.12014 0.120136
1.12102 0.0409998
1.12102 0.0409998
1.12102 0.0409998
1.12133 0.0413148
1.12133 0.0409953
1.12133 0.0409953
1.12682 0.126808
1.12723 0.127221
1.13209 0.132082
1.13443 0.134423
1.13475 0.134743
1.13594 0.135933
1.14117 0.0411705
1.1413 0.0409794
1.1413 0.0409794
1.1413 0.0409794
1.14165 0.0413255
1.14165 0.041006
1.14165 0.041006
1.14405 0.0440485
1.14851 0.148501
1.15384 0.153828
1.15587 0.0558623
1.15587 0.0558623
1.15619 0.0561818
1.15831 0.0582856
1.15878 0.0587804
1.15935 0.0593487
1.15967 0.0596682
1.16092 0.0609208
1.16124 0.0612403
1.16156 0.161556
1.16156 0.0615598
1.16156 0.161556
1.16169 0.041663
1.16169 0.041663
1.16169 0.041663
1.16169 0.041663
1.16169 0.0413435
1.16169 0.0413435
1.16182 0.0414718
1.16258 0.0625716
1.1629 0.0628911
1.16353 0.0635019
1.16385 0.0638411
1.16709 0.0670875
1.16878 0.0687528
1.16972 0.0697141
1.171 0.0709978
1.17185 0.0718461
1.17217 0.0721656
1.17252 0.0725162
1.17359 0.0735625
1.17391 0.0739017
1.17391 0.0739017
1.1751 0.0750922
1.17594 0.0759207
1.17626 0.0762599
1.17658 0.0765597
1.17731 0.0773033
1.17763 0.0776176
1.17823 0.0782026
1.1787 0.0786973
1.17967 0.07967
1.18052 0.0805182
1.18103 0.0810047
1.18135 0.0813439
1.18148 0.0414613
1.18148 0.0414613
1.18148 0.0414613
1.18148 0.0414613
1.18148 0.0411418
1.18148 0.0411418
1.1816 0.0412702
1.18192 0.0819202
1.18224 0.0822397
1.18224 0.0822397
1.18259 0.0825903
1.18441 0.0843774
1.18507 0.0850644
1.1861 0.0860993
1.18652 0.0865122
1.18708 0.0870608
1.18803 0.0880221
1.18884 0.0888393
1.18916 0.0891588
1.18964 0.0896338
1.19139 0.0913587
1.19236 0.0923568
1.19268 0.0926763
1.19686 0.096833
1.19895 0.0989451
1.19958 0.0995757
1.20071 0.100684
1.20099 0.0409911
1.20099 0.0409911
1.20099 0.0409911
1.20134 0.101338
1.20166 0.101658
1.20179 0.0417896
1.20179 0.0414701
1.20179 0.0414701
1.20391 0.10391
1.20445 0.104447
1.20583 0.105824
1.20677 0.106766
1.20731 0.107303
1.21067 0.110671
1.21112 0.111115
1.2134 0.113394
1.21524 0.115237
1.2168 0.116801
1.22014 0.120137
1.22102 0.0409989
1.22102 0.0409989
1.22102 0.0409989
1.22133 0.0413139
1.22133 0.0409944
1.22133 0.0409944
1.22681 0.12681
1.22723 0.127223
1.23209 0.132084
1.23443 0.134425
1.23475 0.134744
1.23594 0.135935
1.24117 0.0411696
1.2413 0.0409785
1.2413 0.0409785
1.2413 0.0409785
1.24165 0.0413246
1.24165 0.0410051
1.24165 0.0410051
1.24405 0.0440476
1.24851 0.148503
1.25383 0.15383
1.25586 0.0558614
1.25586 0.0558614
1.25618 0.0561809
1.25828 0.0582708
1.25878 0.0587795
1.25935 0.0593478
1.25967 0.0596673
1.26092 0.0609199
1.26124 0.0612395
1.26156 0.161558
1.26156 0.061559
1.26156 0.161558
1.26169 0.0416621
1.26169 0.0416621
1.26169 0.0416621
1.26169 0.0416621
1.26169 0.0413426
1.26169 0.0413426
1.26182 0.041471
1.26257 0.0625707
1.26289 0.0628902
1.26349 0.0634871
1.26381 0.0638092
1.26709 0.0670588
1.26874 0.0687379
1.26969 0.0696821
1.271 0.0709969
1.27185 0.0718452
1.27217 0.0721647
1.27252 0.0725153
1.27355 0.0735477
1.27387 0.0738697
1.27387 0.0738697
1.27509 0.0750913
1.27591 0.0759059
1.27626 0.0762591
1.27658 0.076576
1.27731 0.0773024
1.27763 0.0776062
1.27819 0.0781877
1.2787 0.0786964
1.27967 0.0796691
1.28052 0.0805174
1.281 0.0809898
1.28132 0.0813119
1.28144 0.0414293
1.28144 0.0414293
1.28144 0.0414293
1.28144 0.0414293
1.28144 0.0411098
1.28144 0.0411098
1.28157 0.0412382
1.28189 0.0818882
1.28221 0.0822077
1.28221 0.0822077
1.28259 0.0825894
1.28437 0.0843454
1.28507 0.0850636
1.2861 0.0860985
1.28651 0.0865113
1.28702 0.0870148
1.28802 0.0880212
1.28884 0.0888384
1.28916 0.0891579
1.28961 0.0896018
1.29139 0.0913578
1.29236 0.0923559
1.29268 0.0926754
1.29679 0.096787
1.29895 0.0989442
1.29958 0.0995748
1.30068 0.100669
1.30102 0.0409902
1.30102 0.0409902
1.30102 0.0409902
1.30134 0.101338
1.30166 0.101657
1.30179 0.0417576
1.30179 0.0414381
1.30179 0.0414381
1.30391 0.103909
1.30445 0.104446
1.30583 0.105823
1.30674 0.106734
1.30731 0.107302
1.31067 0.11067
1.31112 0.111114
1.3134 0.113393
1.31524 0.115236
1.31677 0.116769
1.32014 0.120137
1.32101 0.040998
1.32101 0.040998
1.32101 0.040998
1.32133 0.041313
1.32133 0.0409935
1.32133 0.0409935
1.32681 0.126809
1.32723 0.127222
1.33209 0.132083
1.33443 0.134424
1.33475 0.134744
1.33594 0.135934
1.34117 0.0411687
1.3413 0.0409776
1.3413 0.0409776
1.3413 0.0409776
1.34165 0.0413237
1.34165 0.0410042
1.34165 0.0410042
1.34405 0.0440467
1.34851 0.148502
1.3538 0.153798
1.35586 0.0558605
1.35618 0.05618
1.35618 0.05618
1.35837 0.0583492
1.35881 0.0588097
1.35938 0.059378
1.3597 0.0596975
1.36092 0.0609191
1.36124 0.0612386
1.36156 0.161557
1.36156 0.161557
1.36156 0.0615581
1.36169 0.0416612
1.36169 0.0416612
1.36169 0.0416612
1.36169 0.0416612
1.36169 0.0413417
1.36169 0.0413417
1.36182 0.0414701
1.36257 0.0625698
1.36289 0.0628893
1.36358 0.0635655
1.3639 0.0639016
1.36721 0.0671857
1.3688 0.0687853
1.36971 0.0697123
1.37103 0.0710272
1.37188 0.0718754
1.3722 0.072195
1.37255 0.0725456
1.37365 0.0736261
1.37396 0.0739622
1.37396 0.0739622
1.37512 0.0751215
1.376 0.0759843
1.37632 0.0763204
1.37664 0.0766269
1.37734 0.0773326
1.37775 0.0777192
1.37825 0.078235
1.37873 0.0787266
1.37967 0.0796682
1.38049 0.0804854
1.38109 0.0810682
1.38141 0.0814043
1.38154 0.0415217
1.38154 0.0415217
1.38154 0.0415217
1.38154 0.0415217
1.38154 0.0412022
1.38154 0.0412022
1.38166 0.0413306
1.38198 0.0819806
1.3823 0.0823001
1.3823 0.0823001
1.38262 0.0826196
1.3844 0.0843756
1.3851 0.0850938
1.3861 0.0860976
1.38648 0.0864793
1.38714 0.0871244
1.38805 0.0880514
1.38887 0.0888686
1.38919 0.0891881
1.38963 0.089632
1.39142 0.091388
1.39236 0.092355
1.39268 0.0926745
1.39688 0.0968654
1.39898 0.0989745
1.39961 0.099605
1.40077 0.100748
1.40102 0.0409893
1.40102 0.0409893
1.40102 0.0409893
1.4014 0.101399
1.40172 0.101718
1.40185 0.041819
1.40185 0.0414994
1.40185 0.0414994
1.40394 0.103939
1.40448 0.104476
1.40589 0.105885
1.4068 0.106795
1.40733 0.107332
1.4107 0.1107
1.41118 0.111175
1.41343 0.113423
1.4153 0.115298
1.41683 0.11683
1.42011 0.120105
1.42101 0.0409971
1.42101 0.0409971
1.42101 0.0409971
1.42133 0.0413121
1.42133 0.0409926
1.42133 0.0409926
1.42687 0.126871
1.42729 0.127283
1.43215 0.132144
1.43449 0.134485
1.43481 0.134805
1.43594 0.135933
1.4412 0.0411989
1.44133 0.0410078
1.44133 0.0410078
1.44133 0.0410078
1.44164 0.0413228
1.44164 0.0410033
1.44164 0.0410033
1.44405 0.0440458
1.44857 0.148564
1.45389 0.153891
1.45586 0.0558596
1.45618 0.0561791
1.45618 0.0561791
1.45837 0.058357
1.45881 0.0588088
1.45938 0.0593772
1.4597 0.0596967
1.46092 0.0609182
1.46124 0.0612377
1.46156 0.161556
1.46156 0.0615572
1.46188 0.161876
1.46188 0.0415319
1.46201 0.0419798
1.46201 0.0419798
1.46201 0.0419798
1.46201 0.0419798
1.46201 0.0416603
1.46201 0.0416603
1.46258 0.0625734
1.46289 0.0628929
1.46356 0.0635467
1.46388 0.0638741
1.46721 0.0671841
1.46881 0.0687975
1.46972 0.0697159
1.47103 0.0710308
1.47188 0.0718791
1.4722 0.0721986
1.47255 0.0725492
1.47362 0.0736072
1.47394 0.0739347
1.47394 0.0739347
1.47513 0.0751251
1.47601 0.0759965
1.47633 0.076324
1.47665 0.0766285
1.47731 0.0773052
1.47775 0.0777349
1.47826 0.0782473
1.47873 0.0787302
1.4797 0.0797029
1.48055 0.0805512
1.48106 0.0810494
1.48138 0.0813768
1.48151 0.0414943
1.48151 0.0414943
1.48151 0.0414943
1.48151 0.0414943
1.48151 0.0411747
1.48151 0.0411747
1.48164 0.0413031
1.48195 0.0819531
1.48227 0.0822726
1.48227 0.0822726
1.48262 0.0826232
1.48441 0.0843792
1.4851 0.0850974
1.48613 0.0861323
1.48655 0.0865451
1.48712 0.0871055
1.48806 0.088055
1.48887 0.0888722
1.48919 0.0891917
1.48964 0.0896356
1.49142 0.0913916
1.49236 0.0923586
1.49268 0.0926781
1.49689 0.0968777
1.49898 0.0989781
1.49961 0.0996086
1.50074 0.100729
1.50102 0.040993
1.50102 0.040993
1.50102 0.040993
1.5014 0.101402
1.50172 0.101722
1.50185 0.0418226
1.50185 0.0415031
1.50185 0.0415031
1.50394 0.103943
1.50448 0.10448
1.50589 0.105888
1.5068 0.106799
1.50734 0.107336
1.51071 0.110704
1.51115 0.111148
1.51343 0.113427
1.51527 0.11527
1.51684 0.116834
1.52017 0.12017
1.52102 0.0410007
1.52102 0.0410007
1.52102 0.0410007
1.52133 0.0413157
1.52133 0.0409962
1.52133 0.0409962
1.52684 0.126843
1.52726 0.127256
1.53212 0.132117
1.53446 0.134458
1.53478 0.134777
1.536 0.135999
1.54117 0.0411715
1.5413 0.0409803
1.5413 0.0409803
1.5413 0.0409803
1.54165 0.0413265
1.54165 0.0410069
1.54165 0.0410069
1.54405 0.0440494
1.54857 0.148567
1.5539 0.153894
1.55586 0.0558633
1.55618 0.0561828
1.55618 0.0561828
1.55834 0.0583381
1.55881 0.0588124
1.55938 0.0593808
1.5597 0.0597003
1.56092 0.0609218
1.56124 0.0612413
1.56156 0.16156
1.56156 0.0615608
1.56188 0.16188
1.56188 0.0415355
1.56201 0.0419834
1.56201 0.0419834
1.56201 0.0419834
1.56201 0.0419834
1.56201 0.0416639
1.56201 0.0416639
1.56258 0.062577
1.5629 0.0628966
1.56356 0.0635589
1.56388 0.0638777
1.56718 0.0671825
1.56878 0.0687787
1.56972 0.0697196
1.571 0.0710033
1.57185 0.0718516
1.57217 0.0721711
1.57255 0.0725528
1.57362 0.0736195
1.57394 0.0739383
1.57394 0.0739383
1.57513 0.0751287
1.57598 0.0759777
1.5763 0.0762965
1.57662 0.0765989
1.57731 0.0773088
1.57772 0.0777196
1.57826 0.0782595
1.57873 0.0787338
1.57971 0.0797065
1.58052 0.0805237
1.58106 0.0810616
1.58138 0.0813804
1.58151 0.0414979
1.58151 0.0414979
1.58151 0.0414979
1.58151 0.0414979
1.58151 0.0411784
1.58151 0.0411784
1.58164 0.0413067
1.58196 0.0819567
1.58228 0.0822762
1.58228 0.0822762
1.58263 0.0826269
1.58441 0.0843828
1.5851 0.085101
1.58614 0.0861359
1.58655 0.0865487
1.58712 0.0871178
1.58806 0.0880586
1.58888 0.0888758
1.5892 0.0891953
1.58964 0.0896392
1.59142 0.0913952
1.59236 0.0923622
1.59268 0.0926817
1.59689 0.0968899
1.59898 0.0989817
1.59961 0.0996122
1.60074 0.100741
1.60103 0.0409966
1.60103 0.0409966
1.60103 0.0409966
1.60138 0.101375
1.6017 0.101694
1.60182 0.0417951
1.60182 0.0414756
1.60182 0.0414756
1.60395 0.103946
1.60448 0.104484
1.60589 0.105892
1.60677 0.106771
1.60734 0.107339
1.61071 0.110707
1.61115 0.111151
1.61343 0.11343
1.61527 0.115274
1.61684 0.116837
1.62017 0.120174
1.62102 0.0410043
1.62102 0.0410043
1.62102 0.0410043
1.62133 0.0413194
1.62133 0.0409998
1.62133 0.0409998
1.62685 0.126847
1.62726 0.12726
1.63212 0.13212
1.63446 0.134461
1.63478 0.134781
1.636 0.136003
1.64121 0.0411751
1.64133 0.0409839
1.64133 0.0409839
1.64133 0.0409839
1.64165 0.041299
1.64165 0.0409795
1.64165 0.0409795
1.64408 0.044053
1.64857 0.148571
1.6539 0.153898
1.6559 0.0558669
1.65622 0.0561864
1.65622 0.0561864
1.65834 0.0583193
1.65885 0.058816
1.65942 0.0593844
1.65973 0.0597039
1.66096 0.0609254
1.66128 0.0612449
1.6616 0.161595
1.6616 0.0615644
1.6616 0.161595
1.66172 0.0416986
1.66172 0.0416986
1.66172 0.0416986
1.66172 0.0416986
1.66172 0.0413791
1.66172 0.0413791
1.66185 0.0415075
1.66261 0.0625762
1.66293 0.0628957
1.66359 0.0635667
1.66391 0.0638768
1.66718 0.0671765
1.66881 0.0687864
1.66975 0.0697187
1.67106 0.0710335
1.67191 0.0718818
1.67191 0.0718818
1.67261 0.0725745
1.67364 0.0736188
1.67396 0.073929
1.67396 0.073929
1.67515 0.0751194
1.676 0.075977
1.67632 0.0762872
1.67664 0.0766186
1.67736 0.0773305
1.67774 0.0777223
1.67828 0.0782588
1.67876 0.0787245
1.67973 0.0796972
1.68058 0.0805455
1.68108 0.0810609
1.6814 0.0813711
1.68153 0.0415196
1.68153 0.0415196
1.68153 0.0415196
1.68153 0.0415196
1.68153 0.0412001
1.68153 0.0412001
1.68166 0.0413285
1.68198 0.0819474
1.6823 0.0822669
1.6823 0.0822669
1.68265 0.0826175
1.6844 0.0843735
1.68512 0.0850917
1.68616 0.0861266
1.68657 0.0865394
1.68714 0.0871171
1.68808 0.0880493
1.68893 0.0888976
1.68925 0.0892171
1.68969 0.089661
1.69141 0.0913859
1.69242 0.092384
1.69273 0.0927035
1.69691 0.0968892
1.699 0.0989723
1.69963 0.0996029
1.70076 0.10074
1.70101 0.0409872
1.70101 0.0409872
1.70101 0.0409872
1.70143 0.101397
1.70175 0.101716
1.70188 0.0418479
1.70188 0.0415284
1.70188 0.0415284
1.70397 0.103937
1.70451 0.104474
1.70591 0.105882
1.70682 0.106793
1.70736 0.10733
1.71073 0.110698
1.7112 0.111173
1.71345 0.113421
1.71533 0.115296
1.71686 0.116828
1.7202 0.120165
1.72101 0.040995
1.72101 0.040995
1.72101 0.040995
1.72132 0.04131
1.72132 0.0409905
1.72132 0.0409905
1.7269 0.126868
1.72731 0.127281
1.73217 0.132142
1.73451 0.134483
1.73483 0.134803
1.73602 0.135993
1.74123 0.0411968
1.74136 0.0410057
1.74136 0.0410057
1.74136 0.0410057
1.74167 0.0413207
1.74167 0.0410012
1.74167 0.0410012
1.74407 0.0440437
1.74859 0.148561
1.75392 0.153889
1.75592 0.0558886
1.75592 0.0558886
1.75624 0.0562081
1.75833 0.0583185
1.75884 0.0588067
1.75941 0.059375
1.75972 0.0596945
1.76095 0.0609161
1.76127 0.0612356
1.76159 0.161554
1.76159 0.0615551
1.7619 0.161874
1.7619 0.0415609
1.76203 0.0420088
1.76203 0.0420088
1.76203 0.0420088
1.76203 0.0420088
1.76203 0.0416893
1.76203 0.0416893
1.7626 0.0625713
1.76292 0.0628908
1.76358 0.0635705
1.7639 0.063872
1.76721 0.0671976
1.7688 0.0687902
1.76974 0.0697138
1.77106 0.0710287
1.77191 0.0718769
1.77223 0.0721964
1.77258 0.0725471
1.77364 0.073631
1.77396 0.0739326
1.77396 0.0739326
1.77515 0.075123
1.776 0.0759892
1.77632 0.0762908
1.77664 0.0766201
1.77733 0.077303
1.77771 0.0777069
1.77825 0.07824
1.77876 0.0787281
1.77973 0.0797008
1.78058 0.0805491
1.78109 0.0810732
1.7814 0.0813747
1.78153 0.0415232
1.78153 0.0415232
1.78153 0.0415232
1.78153 0.0415232
1.78153 0.0412037
1.78153 0.0412037
1.78166 0.0413321
1.78198 0.081951
1.7823 0.0822705
1.7823 0.0822705
1.78265 0.0826211
1.7844 0.0843771
1.78513 0.0850953
1.78616 0.0861302
1.78657 0.086543
1.78714 0.0871293
1.78808 0.0880529
1.7889 0.0888701
1.78922 0.0891896
1.78966 0.0896335
1.79141 0.0913895
1.79239 0.0923565
1.79271 0.092676
1.79688 0.0968704
1.79901 0.0989759
1.79964 0.0996065
1.80076 0.100753
1.80102 0.0409908
1.80102 0.0409908
1.80102 0.0409908
1.80143 0.1014
1.80175 0.10172
1.80188 0.0418515
1.80188 0.041532
1.80188 0.041532
1.80397 0.103941
1.80451 0.104478
1.80592 0.105886
1.80683 0.106797
1.80736 0.107334
1.81073 0.110701
1.81118 0.111145
1.81345 0.113424
1.8153 0.115268
1.81686 0.116832
1.8202 0.120168
1.82101 0.0409986
1.82101 0.0409986
1.82101 0.0409986
1.82133 0.0413136
1.82133 0.0409941
1.82133 0.0409941
1.8269 0.126872
1.82728 0.127254
1.83214 0.132114
1.83452 0.134487
1.83484 0.134806
1.83603 0.135997
1.8412 0.0411693
1.84133 0.0409782
1.84133 0.0409782
1.84133 0.0409782
1.84167 0.0413243
1.84167 0.0410048
1.84167 0.0410048
1.84408 0.0440473
1.8486 0.148565
1.85392 0.153892
1.85589 0.0558611
1.85621 0.0561806
1.85621 0.0561806
1.85833 0.0583308
1.85884 0.0588103
1.85941 0.0593786
1.85973 0.0596981
1.86095 0.0609197
1.86127 0.0612392
1.86159 0.161558
1.86159 0.0615587
1.86191 0.161877
1.86191 0.0415645
1.86204 0.0420124
1.86204 0.0420124
1.86204 0.0420124
1.86204 0.0420124
1.86204 0.0416929
1.86204 0.0416929
1.8626 0.0625749
1.86292 0.0628944
1.86355 0.0635516
1.86387 0.0638445
1.86721 0.067196
1.86881 0.0688025
1.86975 0.0697174
1.87106 0.0710323
1.87188 0.0718494
1.8722 0.0721689
1.87258 0.0725507
1.87361 0.0736122
1.87393 0.0739051
1.87393 0.0739051
1.87516 0.0751266
1.876 0.0760015
1.87632 0.0762944
1.87664 0.0766217
1.87734 0.0773066
1.87775 0.0777226
1.87826 0.0782522
1.87876 0.0787317
1.87973 0.0797044
1.88058 0.0805527
1.88109 0.0810854
1.88141 0.0813783
1.88154 0.0415268
1.88154 0.0415268
1.88154 0.0415268
1.88154 0.0415268
1.88154 0.0412073
1.88154 0.0412073
1.88166 0.0413357
1.88198 0.0819546
1.8823 0.0822741
1.8823 0.0822741
1.88265 0.0826247
1.8844 0.0843807
1.88513 0.0850989
1.88616 0.0861338
1.88658 0.0865466
1.88711 0.0871105
1.88809 0.0880565
1.8889 0.0888737
1.88922 0.0891932
1.88967 0.0896371
1.89142 0.0913931
1.89239 0.0923601
1.89271 0.0926796
1.89689 0.0968826
1.89901 0.0989796
1.89964 0.0996101
1.90074 0.100734
1.90102 0.0409944
1.90102 0.0409944
1.90102 0.0409944
1.90143 0.101404
1.90175 0.101723
1.90188 0.0418552
1.90188 0.0415357
1.90188 0.0415357
1.90397 0.103944
1.90451 0.104482
1.90592 0.10589
1.90683 0.1068
1.90737 0.107337
1.91073 0.110705
1.91118 0.111149
1.91346 0.113428
1.9153 0.115272
1.91686 0.116835
1.9202 0.120172
1.92101 0.0410022
1.92101 0.0410022
1.92101 0.0410022
1.92133 0.0413172
1.92133 0.0409977
1.92133 0.0409977
1.92687 0.126845
1.92729 0.127257
1.93215 0.132118
1.93449 0.134459
1.93481 0.134779
1.93603 0.136
1.9412 0.0411729
1.94133 0.0409818
1.94133 0.0409818
1.94133 0.0409818
1.94168 0.0413279
1.94168 0.0410084
1.94168 0.0410084
1.94408 0.0440509
1.9486 0.148569
1.95393 0.153896
1.95589 0.0558647
1.95621 0.0561842
1.95621 0.0561842
1.95837 0.0583431
1.95884 0.0588139
1.95941 0.0593823
1.95973 0.0597018
1.96095 0.0609233
1.96127 0.0612428
1.96159 0.161561
1.96159 0.0615623
1.96191 0.161881
1.96191 0.0415681
1.96204 0.042016
1.96204 0.042016
1.96204 0.042016
1.96204 0.042016
1.96204 0.0416965
1.96204 0.0416965
1.96261 0.0625785
1.96293 0.062898
1.96359 0.0635639
1.96391 0.0638792
1.96721 0.0671944
1.96881 0.0687836
1.96975 0.069721
1.97103 0.0710048
1.97188 0.0718531
1.9722 0.0721726
1.97258 0.0725543
1.97365 0.0736244
1.97397 0.0739398
1.97397 0.0739398
1.97516 0.0751302
1.97601 0.0759826
1.97633 0.076298
1.97665 0.0766232
1.97734 0.0773102
1.97772 0.0777073
1.97826 0.0782334
1.97876 0.0787353
1.97974 0.079708
1.98055 0.0805252
1.98109 0.0810666
1.98141 0.0813819
1.98154 0.0415305
1.98154 0.0415305
1.98154 0.0415305
1.98154 0.0415305
1.98154 0.0412109
1.98154 0.0412109
1.98167 0.0413393
1.98199 0.0819582
1.98231 0.0822777
1.98231 0.0822777
1.98266 0.0826283
1.98441 0.0843843
1.98513 0.0851025
1.98617 0.0861374
1.98655 0.0865191
1.98715 0.0871227
1.98809 0.0880601
1.98891 0.0888773
1.98923 0.0891968
1.98967 0.0896407
1.99142 0.0913967
1.99239 0.0923637
1.99271 0.0926832
1.99689 0.0968638
1.99901 0.0989832
1.99964 0.0996137
2.00077 0.100746
2.00102 0.0409981
2.00102 0.0409981
2.00102 0.0409981
2.00141 0.101376
2.00172 0.101696
2.00185 0.0418277
2.00185 0.0415082
2.00185 0.0415082
2.00398 0.103948
2.00452 0.104488
2.00589 0.105865
2.0068 0.106776
2.00737 0.107344
2.01074 0.110712
2.01118 0.111156
2.01346 0.113435
2.01531 0.115278
2.01687 0.116842
2.02021 0.120179
2.02102 0.041009
2.02102 0.041009
2.02102 0.041009
2.02133 0.041324
2.02133 0.0410045
2.02133 0.0410045
2.02691 0.126882
2.02732 0.127295
2.03215 0.132125
2.03449 0.134466
2.03481 0.134786
2.03604 0.136007
2.04124 0.0412108
2.04137 0.0410197
2.04137 0.0410197
2.04137 0.0410197
2.04168 0.0413347
2.04168 0.0410152
2.04168 0.0410152
2.04409 0.0440577
2.0486 0.148575
2.05393 0.153903
2.05593 0.0559026
2.05593 0.0559026
2.05625 0.0562221
2.05834 0.0583274
2.05885 0.0588207
2.05942 0.059389
2.05974 0.0597085
2.06096 0.0609301
2.06128 0.0612496
2.0616 0.161568
2.0616 0.0615691
2.0616 0.161568
2.06173 0.0417033
2.06173 0.0417033
2.06173 0.0417033
2.06173 0.0417033
2.06173 0.0413838
2.06173 0.0413838
2.06185 0.0415122
2.06261 0.0625808
2.06293 0.0629003
2.06356 0.0635437
2.06388 0.0638504
2.06721 0.0671915
2.06884 0.0688257
2.06975 0.0697233
2.07107 0.0710382
2.07191 0.0718864
2.07223 0.072206
2.07262 0.0725877
2.07365 0.0736354
2.07397 0.0739421
2.07397 0.0739421
2.07516 0.0751325
2.07604 0.0760247
2.07636 0.0763314
2.07668 0.0766637
2.07737 0.0773436
2.07775 0.0777528
2.07829 0.0782754
2.07877 0.0787376
2.07971 0.0796792
2.08056 0.0805275
2.08109 0.0810775
2.08141 0.0813842
2.08154 0.0415327
2.08154 0.0415327
2.08154 0.0415327
2.08154 0.0415327
2.08154 0.0412132
2.08154 0.0412132
2.08167 0.0413416
2.08202 0.0819916
2.08234 0.0823111
2.08234 0.0823111
2.08266 0.0826306
2.08441 0.0843866
2.08513 0.0851048
2.08614 0.0861086
2.08655 0.0865214
2.08712 0.0871025
2.08806 0.0880313
2.08894 0.0889107
2.08926 0.0892302
2.08967 0.089643
2.09142 0.091399
2.09239 0.092366
2.09271 0.0926855
2.09689 0.0968747
2.09901 0.0989855
2.09964 0.099616
2.10074 0.100726
2.10102 0.0410003
2.10102 0.0410003
2.10102 0.0410003
2.10141 0.101379
2.10173 0.101698
2.10185 0.04183
2.10185 0.0415104
2.10185 0.0415104
2.10398 0.10395
2.10452 0.104487
2.10589 0.105864
2.1068 0.106775
2.10737 0.107343
2.11071 0.11068
2.11118 0.111155
2.11346 0.113434
2.11531 0.115278
2.11687 0.116841
2.12017 0.120147
2.12102 0.0410081
2.12102 0.0410081
2.12102 0.0410081
2.12133 0.0413231
2.12133 0.0410036
2.12133 0.0410036
2.12694 0.126913
2.12732 0.127294
2.13215 0.132124
2.13449 0.134465
2.13481 0.134785
2.136 0.135975
2.14124 0.0412099
2.14137 0.0410188
2.14137 0.0410188
2.14137 0.0410188
2.14168 0.0413338
2.14168 0.0410143
2.14168 0.0410143
2.14408 0.0440568
2.1486 0.148575
2.1539 0.153871
2.15593 0.0559017
2.15593 0.0559017
2.15625 0.0562213
2.15834 0.0583351
2.15885 0.0588198
2.15942 0.0593882
2.15973 0.0597077
2.16096 0.0609292
2.16128 0.0612487
2.1616 0.161567
2.1616 0.0615682
2.1616 0.161567
2.16172 0.0417024
2.16172 0.0417024
2.16172 0.0417024
2.16172 0.0417024
2.16172 0.0413829
2.16172 0.0413829
2.16185 0.0415113
2.16264 0.062611
2.16296 0.0629306
2.16356 0.0635514
2.16388 0.0638495
2.16724 0.0672166
2.16884 0.0688334
2.16975 0.0697225
2.17106 0.0710373
2.17191 0.0718856
2.17223 0.0722051
2.17261 0.0725868
2.17365 0.0736431
2.17397 0.0739412
2.17397 0.0739412
2.17516 0.0751316
2.17601 0.0760013
2.17633 0.0762994
2.17665 0.0766328
2.17737 0.0773428
2.17778 0.077764
2.17829 0.0782832
2.17876 0.0787367
2.17971 0.0796783
2.18055 0.0805266
2.18109 0.0810853
2.18141 0.0813833
2.18154 0.0415319
2.18154 0.0415319
2.18154 0.0415319
2.18154 0.0415319
2.18154 0.0412124
2.18154 0.0412124
2.18167 0.0413407
2.18202 0.0819907
2.18234 0.0823102
2.18234 0.0823102
2.18266 0.0826297
2.18444 0.0844168
2.18513 0.0851039
2.18613 0.0861077
2.18655 0.0865205
2.18712 0.0871103
2.18806 0.0880304
2.18894 0.0889098
2.18926 0.0892293
2.18967 0.0896421
2.19142 0.0913981
2.19239 0.0923651
2.19271 0.0926846
2.19689 0.0968825
2.19898 0.0989535
2.19964 0.0996151
2.20074 0.100734
2.20102 0.0409995
2.20102 0.0409995
2.20102 0.0409995
2.2014 0.101378
2.20172 0.101697
2.20185 0.0418291
2.20185 0.0415096
2.20185 0.0415096
2.20398 0.103949
2.20451 0.104487
2.20589 0.105864
2.2068 0.106774
2.20737 0.107342
2.21071 0.110679
2.21118 0.111154
2.21346 0.113433
2.2153 0.115277
2.21687 0.11684
2.22017 0.120146
2.22102 0.0410072
2.22102 0.0410072
2.22102 0.0410072
2.22133 0.0413222
2.22133 0.0410027
2.22133 0.0410027
2.22694 0.126912
2.22732 0.127294
2.23215 0.132123
2.23449 0.134464
2.23481 0.134784
2.236 0.135974
2.24124 0.0412091
2.24136 0.0410179
2.24136 0.0410179
2.24136 0.0410179
2.24168 0.041333
2.24168 0.0410135
2.24168 0.0410135
2.24408 0.0440559
2.2486 0.148574
2.2539 0.15387
2.25593 0.0559009
2.25593 0.0559009
2.25625 0.0562204
2.25837 0.0583429
2.25885 0.0588189
2.25944 0.0594184
2.25944 0.0594184
2.26098 0.0609509
2.2613 0.0612704
2.26162 0.161589
2.26162 0.06159
2.26162 0.161589
2.26174 0.0417242
2.26174 0.0417242
2.26174 0.0417242
2.26174 0.0417242
2.26174 0.0414047
2.26174 0.0414047
2.26187 0.0415331
2.26263 0.0626017
2.26295 0.0629212
2.26358 0.0635507
2.2639 0.0638713
2.2672 0.067202
2.26886 0.0688327
2.26977 0.0697442
2.27105 0.0710279
2.2719 0.0718762
2.27222 0.0721957
2.2726 0.0725774
2.27367 0.0736424
2.27399 0.073963
2.27399 0.073963
2.27515 0.0751223
2.27603 0.0760006
2.27635 0.0763212
2.27667 0.0766616
2.27736 0.0773334
2.27777 0.0777667
2.27831 0.0782825
2.27878 0.0787585
2.27973 0.0797001
2.28054 0.0805173
2.28111 0.0810846
2.28143 0.0814051
2.28156 0.0415536
2.28156 0.0415536
2.28156 0.0415536
2.28156 0.0415536
2.28156 0.0412341
2.28156 0.0412341
2.28169 0.0413625
2.28201 0.0819814
2.28233 0.0823009
2.28233 0.0823009
2.28265 0.0826204
2.28443 0.0844075
2.28512 0.0850946
2.28616 0.0861294
2.28654 0.0865112
2.28714 0.0871096
2.28805 0.0880211
2.28896 0.0889316
2.28928 0.0892511
2.28966 0.0896328
2.29141 0.0913888
2.29241 0.0923869
2.29273 0.0927064
2.29691 0.0968818
2.29897 0.0989441
2.29963 0.0996058
2.30076 0.100733
2.30104 0.0410212
2.30104 0.0410212
2.30104 0.0410212
2.30139 0.101369
2.30171 0.101688
2.30184 0.0418197
2.30184 0.0415002
2.30184 0.0415002
2.30397 0.10394
2.3045 0.104477
2.30588 0.105854
2.30679 0.106765
2.30736 0.107333
2.31073 0.110701
2.31117 0.111145
2.31345 0.113424
2.31529 0.115267
2.31686 0.116831
2.32019 0.120168
2.32101 0.0409979
2.32101 0.0409979
2.32101 0.0409979
2.32132 0.0413129
2.32132 0.0409934
2.32132 0.0409934
2.32693 0.126902
2.32734 0.127315
2.33214 0.132114
2.33448 0.134455
2.3348 0.134775
2.33602 0.135996
2.34123 0.0411997
2.34135 0.0410086
2.34135 0.0410086
2.34135 0.0410086
2.34167 0.0413236
2.34167 0.0410041
2.34167 0.0410041
2.34407 0.0440466
2.34859 0.148564
2.35389 0.15386
2.35592 0.0558915
2.35592 0.0558915
2.35624 0.056211
2.35836 0.0583422
2.35883 0.0588096
2.35943 0.059409
2.35975 0.0597285
2.36098 0.0609501
2.36129 0.0612696
2.36161 0.161588
2.36161 0.0615891
2.36161 0.161588
2.36174 0.0417233
2.36174 0.0417233
2.36174 0.0417233
2.36174 0.0417233
2.36174 0.0414038
2.36174 0.0414038
2.36187 0.0415322
2.36263 0.0626008
2.36295 0.0629203
2.36358 0.0635585
2.3639 0.0638704
2.3672 0.067196
2.36886 0.0688405
2.36977 0.0697433
2.37105 0.0710271
2.3719 0.0718753
2.37222 0.0721948
2.3726 0.0725766
2.37367 0.0736502
2.37399 0.0739621
2.37399 0.0739621
2.37515 0.0751214
2.37603 0.0760084
2.37635 0.0763203
2.37667 0.0766618
2.37736 0.0773325
2.37777 0.0777469
2.37828 0.0782591
2.37878 0.0787576
2.37972 0.0796992
2.38054 0.0805164
2.38111 0.0810923
2.38143 0.0814042
2.38156 0.0415527
2.38156 0.0415527
2.38156 0.0415527
2.38156 0.0415527
2.38156 0.0412332
2.38156 0.0412332
2.38169 0.0413616
2.38201 0.0819805
2.38233 0.0823
2.38233 0.0823
2.38264 0.0826195
2.38443 0.0844066
2.38512 0.0850937
2.38615 0.0861286
2.38654 0.0865103
2.38714 0.0871174
2.38805 0.0880202
2.38896 0.0889307
2.38928 0.0892502
2.38966 0.0896319
2.39141 0.0913879
2.39241 0.092386
2.39273 0.0927055
2.39688 0.0968584
2.399 0.0989743
2.39963 0.0996049
2.40076 0.100741
2.40104 0.0410203
2.40104 0.0410203
2.40104 0.0410203
2.40139 0.101368
2.40171 0.101687
2.40184 0.0418188
2.40184 0.0414993
2.40184 0.0414993
2.40396 0.103939
2.4045 0.104476
2.40588 0.105853
2.40679 0.106764
2.40736 0.107332
2.41073 0.1107
2.41117 0.111144
2.41345 0.113423
2.41529 0.115266
2.41686 0.11683
2.42019 0.120167
2.421 0.040997
2.421 0.040997
2.421 0.040997
2.42132 0.041312
2.42132 0.0409925
2.42132 0.0409925
2.42693 0.126902
2.42734 0.127314
2.43214 0.132113
2.43448 0.134454
2.4348 0.134774
2.43602 0.135995
2.44122 0.0411988
2.44135 0.0410077
2.44135 0.0410077
2.44135 0.0410077
2.44167 0.0413227
2.44167 0.0410032
2.44167 0.0410032
2.4441 0.0440768
2.44859 0.148563
2.45388 0.15386
2.45592 0.0558906
2.45592 0.0558906
2.45623 0.0562101
2.45833 0.0583188
2.45883 0.0588087
2.45943 0.0594081
2.45975 0.0597277
2.46097 0.0609492
2.46129 0.0612687
2.46161 0.161587
2.46161 0.0615882
2.46161 0.161587
2.46174 0.0417224
2.46174 0.0417224
2.46174 0.0417224
2.46174 0.0417224
2.46174 0.0414029
2.46174 0.0414029
2.46187 0.0415313
2.46262 0.0625999
2.46294 0.0629194
2.46357 0.0635663
2.46389 0.0638695
2.46723 0.067221
2.46886 0.0688482
2.46977 0.0697425
2.47105 0.0710262
2.4719 0.0718745
2.47222 0.072194
2.4726 0.0725757
2.47364 0.0736268
2.47395 0.0739301
2.47395 0.0739301
2.47515 0.0751205
2.47602 0.0760162
2.47634 0.0763194
2.47666 0.0766619
2.47736 0.0773317
2.47777 0.0777581
2.47828 0.0782669
2.47878 0.0787567
2.47972 0.0796983
2.48054 0.0805155
2.48111 0.0811001
2.48143 0.0814033
2.48156 0.0415519
2.48156 0.0415519
2.48156 0.0415519
2.48156 0.0415519
2.48156 0.0412323
2.48156 0.0412323
2.48168 0.0413607
2.482 0.0819796
2.48232 0.0822991
2.48232 0.0822991
2.48264 0.0826186
2.48442 0.0844057
2.48512 0.0850928
2.48615 0.0861277
2.48653 0.0865094
2.4871 0.087094
2.48804 0.0880193
2.48895 0.0889298
2.48927 0.0892493
2.48966 0.089631
2.49141 0.091387
2.49241 0.0923851
2.49273 0.0927046
2.49687 0.0968662
2.499 0.0989735
2.49963 0.099604
2.50076 0.100748
2.50104 0.0410195
2.50104 0.0410195
2.50104 0.0410195
2.50139 0.101367
2.50171 0.101686
2.50184 0.041818
2.50184 0.0414985
2.50184 0.0414985
2.50396 0.103938
2.5045 0.104475
2.50588 0.105852
2.50679 0.106763
2.50736 0.107331
2.51072 0.110699
2.51117 0.111143
2.51345 0.113422
2.51529 0.115266
2.51685 0.116829
2.52019 0.120166
2.521 0.0409961
2.521 0.0409961
2.521 0.0409961
2.52132 0.0413111
2.52132 0.0409916
2.52132 0.0409916
2.52693 0.126901
2.52734 0.127314
2.53214 0.132112
2.53448 0.134453
2.5348 0.134773
2.53602 0.135994
2.54122 0.041198
2.54135 0.0410068
2.54135 0.0410068
2.54135 0.0410068
2.54167 0.0413219
2.54167 0.0410023
2.54167 0.0410023
2.5441 0.0440759
2.54859 0.148563
2.55388 0.153859
2.55591 0.0558898
2.55591 0.0558898
2.55623 0.0562093
2.55836 0.0583266
2.55883 0.0588078
2.55943 0.0594073
2.55975 0.0597268
2.56097 0.0609483
2.56129 0.0612678
2.56161 0.161586
2.56161 0.0615873
2.56161 0.161586
2.56174 0.0417215
2.56174 0.0417215
2.56174 0.0417215
2.56174 0.0417215
2.56174 0.041402
2.56174 0.041402
2.56187 0.0415304
2.56262 0.0625991
2.56294 0.0629186
2.56357 0.0635429
2.56389 0.0638686
2.56723 0.067215
2.56885 0.0688249
2.56977 0.0697416
2.57105 0.0710253
2.5719 0.0718736
2.57222 0.0721931
2.5726 0.0725748
2.57366 0.0736346
2.57398 0.0739603
2.57398 0.0739603
2.57514 0.0751196
2.57605 0.0760239
2.57637 0.0763496
2.57669 0.0766621
2.57735 0.0773308
2.5778 0.0777693
2.5783 0.0782746
2.57878 0.0787559
2.57972 0.0796974
2.58054 0.0805146
2.58111 0.0810768
2.58143 0.0814025
2.58155 0.041551
2.58155 0.041551
2.58155 0.041551
2.58155 0.041551
2.58155 0.0412315
2.58155 0.0412315
2.58168 0.0413599
2.582 0.0819787
2.58232 0.0822983
2.58232 0.0822983
2.58264 0.0826178
2.58442 0.0844049
2.58515 0.085123
2.58615 0.0861268
2.58656 0.0865396
2.58713 0.0871018
2.58807 0.0880496
2.58895 0.0889289
2.58927 0.0892484
2.58965 0.0896302
2.5914 0.0913861
2.59241 0.0923842
2.59273 0.0927037
2.5969 0.096874
2.59897 0.0989415
2.59963 0.0996031
2.60076 0.100725
2.60104 0.0410186
2.60104 0.0410186
2.60104 0.0410186
2.60139 0.101366
2.60171 0.101685
2.60184 0.0418171
2.60184 0.0414976
2.60184 0.0414976
2.60396 0.103937
2.6045 0.104475
2.60588 0.105852
2.60679 0.106762
2.60739 0.107362
2.61072 0.110698
2.61117 0.111142
2.61348 0.113452
2.61529 0.115265
2.61685 0.116828
2.62019 0.120165
2.621 0.0409952
2.621 0.0409952
2.621 0.0409952
2.62135 0.0413414
2.62135 0.0410219
2.62135 0.0410219
2.62692 0.1269
2.62734 0.127313
2.63213 0.132111
2.63451 0.134483
2.63483 0.134803
2.63602 0.135993
2.64122 0.0411971
2.64135 0.041006
2.64135 0.041006
2.64135 0.041006
2.64166 0.041321
2.64166 0.0410015
2.64166 0.0410015
2.6441 0.0440751
2.64859 0.148562
2.65388 0.153858
2.65591 0.0558889
2.65591 0.0558889
2.65623 0.0562084
2.65835 0.0583344
2.65886 0.058838
2.65943 0.0594064
2.65975 0.0597259
2.66097 0.0609474
2.66129 0.0612669
2.66161 0.161586
2.66161 0.0615864
2.66161 0.161586
2.66174 0.0417207
2.66174 0.0417207
2.66174 0.0417207
2.66174 0.0417207
2.66174 0.0414011
2.66174 0.0414011
2.66187 0.0415295
2.66262 0.0625982
2.66294 0.0629177
2.66357 0.0635507
2.66389 0.0638677
2.66723 0.0672089
2.66885 0.0688327
2.66976 0.0697407
2.67105 0.0710244
2.6719 0.0718727
2.67222 0.0721922
2.6726 0.0725739
2.67366 0.0736424
2.67398 0.0739594
2.67398 0.0739594
2.67514 0.0751187
2.67602 0.0760006
2.67634 0.0763176
2.67666 0.0766311
2.67735 0.0773299
2.67777 0.0777494
2.6783 0.0782824
2.67878 0.078755
2.67972 0.0796966
2.68054 0.0805137
2.6811 0.0810845
2.68142 0.0814016
2.68155 0.0415501
2.68155 0.0415501
2.68155 0.0415501
2.68155 0.0415501
2.68155 0.0412306
2.68155 0.0412306
2.68168 0.041359
2.682 0.0819779
2.68232 0.0822974
2.68232 0.0822974
2.68264 0.0826169
2.68442 0.084404
2.68515 0.0851221
2.68615 0.0861259
2.68653 0.0865076
2.68713 0.0871095
2.68807 0.0880487
2.68895 0.088928
2.68927 0.0892476
2.68965 0.0896293
2.6914 0.0913853
2.69241 0.0923834
2.69273 0.0927029
2.6969 0.0968817
2.69899 0.0989717
2.69963 0.0996022
2.70075 0.100733
2.70104 0.0410177
2.70104 0.0410177
2.70104 0.0410177
2.70139 0.101365
2.70171 0.101684
2.70184 0.0418162
2.70184 0.0414967
2.70184 0.0414967
2.70396 0.103936
2.7045 0.104474
2.70587 0.105851
2.70678 0.106761
2.70738 0.107361
2.71072 0.110697
2.71116 0.111141
2.71347 0.113451
2.71532 0.115295
2.71685 0.116827
2.72019 0.120164
2.721 0.0409944
2.721 0.0409944
2.721 0.0409944
2.72135 0.0413405
2.72135 0.041021
2.72135 0.041021
2.72692 0.126899
2.72733 0.127312
2.73213 0.13211
2.73451 0.134483
2.73483 0.134802
2.73602 0.135993
2.74122 0.0411962
2.74135 0.0410051
2.74135 0.0410051
2.74135 0.0410051
2.74166 0.0413201
2.74166 0.0410006
2.74166 0.0410006
2.7441 0.0440742
2.74858 0.148561
2.75388 0.153857
2.75591 0.055888
2.75591 0.055888
2.75623 0.0562075
2.75835 0.0583421
2.75886 0.0588372
2.75943 0.0594055
2.75975 0.059725
2.76097 0.0609465
2.76129 0.061266
2.76161 0.161585
2.76161 0.0615856
2.76161 0.161585
2.76174 0.0417198
2.76174 0.0417198
2.76174 0.0417198
2.76174 0.0417198
2.76174 0.0414003
2.76174 0.0414003
2.76186 0.0415287
2.76262 0.0625973
2.76294 0.0629168
2.76357 0.0635584
2.76389 0.0638669
2.76723 0.0672029
2.76885 0.0688404
2.76976 0.0697398
2.77105 0.0710235
2.77189 0.0718718
2.77221 0.0721913
2.7726 0.072573
2.77366 0.0736501
2.77398 0.0739585
2.77398 0.0739585
2.77514 0.0751179
2.77602 0.0760083
2.77634 0.0763167
2.77666 0.0766313
2.77735 0.077329
2.77776 0.0777607
2.77827 0.0782591
2.77878 0.0787541
2.77972 0.0796957
2.78053 0.0805128
2.7811 0.0810923
2.78142 0.0814007
2.78155 0.0415492
2.78155 0.0415492
2.78155 0.0415492
2.78155 0.0415492
2.78155 0.0412297
2.78155 0.0412297
2.78168 0.0413581
2.782 0.081977
2.78232 0.0822965
2.78232 0.0822965
2.78264 0.082616
2.78442 0.0844031
2.78514 0.0851212
2.78615 0.086125
2.78653 0.0865068
2.78713 0.0871173
2.78807 0.0880478
2.78895 0.0889272
2.78927 0.0892467
2.78965 0.0896284
2.7914 0.0913844
2.7924 0.0923825
2.79272 0.092702
2.79687 0.0968584
2.79899 0.0989708
2.79962 0.0996014
2.80075 0.100741
2.80104 0.0410168
2.80104 0.0410168
2.80104 0.0410168
2.80139 0.101364
2.80171 0.101684
2.80183 0.0418153
2.80183 0.0414958
2.80183 0.0414958
2.80396 0.103936
2.80449 0.104473
2.80587 0.10585
2.80678 0.10676
2.80738 0.10736
2.81072 0.110696
2.81116 0.11114
2.81347 0.11345
2.81532 0.115294
2.81685 0.116827
2.82019 0.120163
2.821 0.0409935
2.821 0.0409935
2.821 0.0409935
2.82134 0.0413396
2.82134 0.0410201
2.82134 0.0410201
2.82692 0.126898
2.82733 0.127311
2.83213 0.132109
2.8345 0.134482
2.83482 0.134801
2.83601 0.135992
2.84122 0.0411953
2.84134 0.0410042
2.84134 0.0410042
2.84134 0.0410042
2.84166 0.0413192
2.84166 0.0409997
2.84166 0.0409997
2.84409 0.0440733
2.84858 0.14856
2.85391 0.153887
2.85591 0.0558871
2.85591 0.0558871
2.85623 0.0562066
2.85832 0.0583188
2.85886 0.0588363
2.85943 0.0594046
2.85975 0.0597241
2.86097 0.0609457
2.86129 0.0612652
2.86161 0.161584
2.86161 0.0615847
2.86161 0.161584
2.86173 0.0417189
2.86173 0.0417189
2.86173 0.0417189
2.86173 0.0417189
2.86173 0.0413994
2.86173 0.0413994
2.86186 0.0415278
2.86262 0.0625964
2.86294 0.0629159
2.86357 0.0635662
2.86389 0.063866
2.86722 0.0671968
2.86885 0.0688482
2.86976 0.0697389
2.87104 0.0710227
2.87189 0.0718709
2.87221 0.0721904
2.87259 0.0725722
2.87363 0.0736268
2.87395 0.0739266
2.87395 0.0739266
2.87514 0.075117
2.87602 0.0760161
2.87634 0.0763159
2.87666 0.0766314
2.87735 0.0773281
2.87779 0.0777719
2.87827 0.0782668
2.87877 0.0787532
2.87972 0.0796948
2.88053 0.080512
2.8811 0.0811
2.88142 0.0813998
2.88155 0.0415483
2.88155 0.0415483
2.88155 0.0415483
2.88155 0.0415483
2.88155 0.0412288
2.88155 0.0412288
2.88168 0.0413572
2.882 0.0819761
2.88232 0.0822956
2.88232 0.0822956
2.88264 0.0826151
2.88442 0.0844022
2.88514 0.0851204
2.88615 0.0861242
2.88653 0.0865059
2.8871 0.087094
2.88807 0.0880469
2.88895 0.0889263
2.88927 0.0892458
2.88965 0.0896275
2.8914 0.0913835
2.8924 0.0923816
2.89272 0.0927011
2.89687 0.0968661
2.89899 0.0989699
2.89965 0.0996316
2.90075 0.100748
2.90103 0.0410159
2.90103 0.0410159
2.90103 0.0410159
2.90138 0.101363
2.9017 0.101683
2.90183 0.0418144
2.90183 0.0414949
2.90183 0.0414949
2.90396 0.103935
2.90449 0.104472
2.90587 0.105849
2.90678 0.106759
2.90738 0.107359
2.91072 0.110695
2.91116 0.111139
2.91347 0.11345
2.91531 0.115293
2.91685 0.116826
2.92018 0.120162
2.921 0.0409926
2.921 0.0409926
2.921 0.0409926
2.92134 0.0413387
2.92134 0.0410192
2.92134 0.0410192
2.92692 0.126897
2.92733 0.12731
2.93213 0.132108
2.9345 0.134481
2.93482 0.1348
2.93601 0.135991
2.94121 0.0411944
2.94134 0.0410033
2.94134 0.0410033
2.94134 0.0410033
2.94166 0.0413183
2.94166 0.0409988
2.94166 0.0409988
2.94409 0.0440724
2.94858 0.148559
2.95391 0.153886
2.95591 0.0558862
2.95591 0.0558862
2.95623 0.0562057
2.95838 0.0583577
2.95886 0.0588354
2.95942 0.0594037
2.95974 0.0597233
2.96097 0.0609448
2.96128 0.0612643
2.9616 0.161583
2.9616 0.0615838
2.9616 0.161583
2.96173 0.041718
2.96173 0.041718
2.96173 0.041718
2.96173 0.041718
2.96173 0.0413985
2.96173 0.0413985
2.96186 0.0415269
2.96262 0.0625955
2.96294 0.062915
2.96357 0.0635429
2.96389 0.0638651
2.96719 0.0671907
2.96885 0.0688248
2.96976 0.069738
2.97104 0.0710218
2.97189 0.0718701
2.97221 0.0721896
2.97259 0.0725713
2.97366 0.0736345
2.97398 0.0739568
2.97398 0.0739568
2.97514 0.0751161
2.97605 0.0760239
2.97637 0.0763461
2.97669 0.0766627
2.97735 0.0773272
2.97776 0.077752
2.9783 0.0782746
2.97877 0.0787523
2.97971 0.0796939
2.98053 0.0805111
2.9811 0.0810767
2.98142 0.0813989
2.98155 0.0415475
2.98155 0.0415475
2.98155 0.0415475
2.98155 0.0415475
2.98155 0.0412279
2.98155 0.0412279
2.98168 0.0413563
2.982 0.0819752
2.98232 0.0822947
2.98232 0.0822947
2.98263 0.0826142
2.98442 0.0844013
2.98514 0.0851195
2.98614 0.0861233
2.98656 0.0865361
2.98712 0.0871017
2.98807 0.088046
2.98895 0.0889254
2.98927 0.0892449
2.98965 0.0896266
2.9914 0.0913826
2.9924 0.0923807
2.99272 0.0927002
2.9969 0.0968739
2.99899 0.0989691
2.99965 0.0996307
3.00075 0.100725
3.00103 0.041015
3.00103 0.041015
3.00103 0.041015
3.00138 0.101362
3.0017 0.101682
3.00183 0.0418136
3.00183 0.0414941
3.00183 0.0414941
3.00395 0.103934
3.00449 0.104474
3.00587 0.105851
3.00678 0.106762
3.00738 0.107361
3.01075 0.110729
3.01116 0.111142
3.01347 0.113452
3.01532 0.115296
3.01688 0.116859
3.02019 0.120165
3.021 0.040995
3.021 0.040995
3.021 0.040995
3.02134 0.0413411
3.02134 0.0410216
3.02134 0.0410216
3.02695 0.126931
3.02736 0.127344
3.03213 0.132111
3.0345 0.134483
3.03482 0.134803
3.03601 0.135993
3.04122 0.0411968
3.04134 0.0410057
3.04134 0.0410057
3.04134 0.0410057
3.04169 0.0413518
3.04169 0.0410323
3.04169 0.0410323
3.04409 0.0440748
3.04858 0.148561
3.05388 0.153858
3.05591 0.0558886
3.05591 0.0558886
3.05623 0.0562081
3.05835 0.0583376
3.05886 0.0588378
3.05946 0.0594373
3.05946 0.0594373
3.06096 0.0609387
3.06128 0.0612582
3.0616 0.161577
3.0616 0.0615777
3.0616 0.161577
3.06173 0.0417119
3.06173 0.0417119
3.06173 0.0417119
3.06173 0.0417119
3.06173 0.0413924
3.06173 0.0413924
3.06185 0.0415208
3.06264 0.0626206
3.06296 0.0629401
3.06356 0.0635454
3.06388 0.063859
3.06725 0.0672417
3.06887 0.0688585
3.06978 0.0697631
3.07107 0.0710468
3.07191 0.0718951
3.07223 0.0722146
3.07262 0.0725963
3.07368 0.0736682
3.074 0.0739818
3.074 0.0739818
3.07516 0.0751411
3.07604 0.0760264
3.07636 0.07634
3.07668 0.0766577
3.07737 0.0773523
3.07782 0.0777892
3.07829 0.0782772
3.0788 0.0787774
3.07971 0.0796879
3.08056 0.0805361
3.08112 0.0811104
3.08144 0.081424
3.08157 0.0415414
3.08157 0.0415414
3.08157 0.0415414
3.08157 0.0415414
3.08157 0.0412219
3.08157 0.0412219
3.0817 0.0413503
3.08202 0.0820003
3.08234 0.0823198
3.08234 0.0823198
3.08266 0.0826393
3.08444 0.0844264
3.08513 0.0851134
3.08614 0.0861172
3.08655 0.08653
3.08712 0.0871043
3.08803 0.0880089
3.08897 0.0889504
3.08929 0.08927
3.08967 0.0896517
3.09139 0.0913766
3.09239 0.0923747
3.09271 0.0926942
3.09689 0.0968765
3.09901 0.0989941
3.09964 0.0996246
3.10074 0.100728
3.10103 0.041009
3.10103 0.041009
3.10103 0.041009
3.10138 0.101356
3.1017 0.101676
3.10182 0.0418075
3.10182 0.041488
3.10182 0.041488
3.10395 0.103928
3.10452 0.104496
3.10589 0.105873
3.1068 0.106784
3.10737 0.107352
3.11071 0.110689
3.11115 0.111132
3.11346 0.113443
3.11531 0.115286
3.11687 0.11685
3.12017 0.120155
3.12102 0.0410168
3.12102 0.0410168
3.12102 0.0410168
3.12133 0.0413318
3.12133 0.0410123
3.12133 0.0410123
3.12694 0.126921
3.12735 0.127334
3.13212 0.132102
3.13449 0.134474
3.13481 0.134793
3.136 0.135984
3.14124 0.0412186
3.14137 0.0410275
3.14137 0.0410275
3.14137 0.0410275
3.14168 0.0413425
3.14168 0.041023
3.14168 0.041023
3.14408 0.0440655
3.14857 0.148552
3.1539 0.153879
3.15593 0.0559104
3.15593 0.0559104
3.15625 0.0562299
3.15834 0.0583369
3.15888 0.0588596
3.15945 0.0594279
3.15945 0.0594279
3.16098 0.0609605
3.1613 0.06128
3.16162 0.161599
3.16162 0.0615995
3.16162 0.161599
3.16175 0.0417337
3.16175 0.0417337
3.16175 0.0417337
3.16175 0.0417337
3.16175 0.0414142
3.16175 0.0414142
3.16188 0.0415426
3.16263 0.0626112
3.16295 0.0629307
3.16355 0.0635447
3.16387 0.0638497
3.16724 0.0672272
3.16889 0.0688889
3.16977 0.0697537
3.17106 0.0710375
3.1719 0.0718857
3.17222 0.0722053
3.17261 0.072587
3.17367 0.0736675
3.17399 0.0739725
3.17399 0.0739725
3.17518 0.0751629
3.17603 0.0760257
3.17635 0.0763307
3.17667 0.0766494
3.17736 0.0773429
3.17781 0.0777919
3.17828 0.0782764
3.17879 0.078768
3.1797 0.0796785
3.18051 0.0804957
3.18111 0.0811097
3.18143 0.0814146
3.18156 0.041532
3.18156 0.041532
3.18156 0.041532
3.18156 0.041532
3.18156 0.0412125
3.18156 0.0412125
3.18169 0.0413409
3.18204 0.082022
3.18204 0.082022
3.18236 0.0823415
3.18268 0.082661
3.18443 0.084417
3.18512 0.0851041
3.18613 0.0861079
3.18651 0.0864896
3.18708 0.0870725
3.18805 0.0880306
3.18896 0.0889411
3.18928 0.0892606
3.18966 0.0896423
3.19141 0.0913983
3.19242 0.0923964
3.19273 0.0927159
3.19688 0.0968758
3.19897 0.0989536
3.19963 0.0996153
3.20073 0.100727
3.20105 0.0410307
3.20105 0.0410307
3.20105 0.0410307
3.20137 0.101347
3.20169 0.101666
3.20181 0.0417981
3.20181 0.0414786
3.20181 0.0414786
3.20397 0.103949
3.20451 0.104487
3.20585 0.105833
3.20679 0.106774
3.20736 0.107343
3.2107 0.110679
3.21114 0.111123
3.21348 0.113464
3.2153 0.115277
3.21686 0.116841
3.22016 0.120146
3.22101 0.0410074
3.22101 0.0410074
3.22101 0.0410074
3.22135 0.0413535
3.22135 0.041034
3.22135 0.041034
3.22696 0.126943
3.22737 0.127356
3.23211 0.132092
3.23448 0.134465
3.2348 0.134784
3.23599 0.135974
3.24123 0.0412092
3.24136 0.0410181
3.24136 0.0410181
3.24136 0.0410181
3.24167 0.0413331
3.24167 0.0410136
3.24167 0.0410136
3.24411 0.0440872
3.24859 0.148574
3.25389 0.15387
3.25592 0.055901
3.25592 0.055901
3.25624 0.0562205
3.25836 0.0583362
3.25887 0.0588502
3.25944 0.0594186
3.25976 0.0597381
3.26098 0.0609596
3.2613 0.0612791
3.26162 0.161598
3.26162 0.0615986
3.26162 0.161598
3.26174 0.0417328
3.26174 0.0417328
3.26174 0.0417328
3.26174 0.0417328
3.26174 0.0414133
3.26174 0.0414133
3.26187 0.0415417
3.26263 0.0626103
3.26295 0.0629299
3.26358 0.0635525
3.2639 0.0638799
3.26723 0.0672211
3.26889 0.0688656
3.26977 0.0697529
3.27105 0.0710366
3.27193 0.071916
3.27193 0.071916
3.27263 0.0726087
3.27369 0.0736668
3.27401 0.0739942
3.27401 0.0739942
3.27517 0.0751535
3.27605 0.076025
3.27637 0.0763524
3.27669 0.0766782
3.27735 0.0773336
3.2778 0.0777947
3.2783 0.0782757
3.27881 0.0787898
3.27969 0.0796692
3.28054 0.0805174
3.28113 0.081109
3.28145 0.0814364
3.28158 0.0415538
3.28158 0.0415538
3.28158 0.0415538
3.28158 0.0415538
3.28158 0.0412343
3.28158 0.0412343
3.28171 0.0413627
3.28203 0.0820127
3.28235 0.0823322
3.28235 0.0823322
3.28267 0.0826517
3.28442 0.0844077
3.28514 0.0851258
3.28612 0.0860985
3.28653 0.0865113
3.28713 0.0871029
3.28804 0.0880213
3.28898 0.0889629
3.2893 0.0892824
3.28965 0.089633
3.2914 0.091389
3.29241 0.0923871
3.29272 0.0927066
3.2969 0.0968751
3.29896 0.0989443
3.29966 0.0996371
3.30075 0.100726
3.30104 0.0410214
3.30104 0.0410214
3.30104 0.0410214
3.30139 0.101369
3.30171 0.101688
3.30183 0.0418199
3.30183 0.0415004
3.30183 0.0415004
3.30396 0.10394
3.3045 0.104477
3.30587 0.105854
3.30678 0.106765
3.30735 0.107333
3.31069 0.11067
3.31116 0.111145
3.31347 0.113455
3.31529 0.115268
3.31688 0.116862
3.32015 0.120137
3.32103 0.0410292
3.32103 0.0410292
3.32103 0.0410292
3.32134 0.0413442
3.32134 0.0410247
3.32134 0.0410247
3.32698 0.126965
3.32736 0.127347
3.33213 0.132114
3.33447 0.134455
3.33479 0.134775
3.33598 0.135965
3.34122 0.0411999
3.34135 0.0410088
3.34135 0.0410088
3.34135 0.0410088
3.34169 0.0413549
3.34169 0.0410354
3.34169 0.0410354
3.3441 0.0440779
3.34858 0.148565
3.35388 0.153861
3.35591 0.0558917
3.35623 0.0562112
3.35623 0.0562112
3.35835 0.0583355
3.35886 0.0588409
3.35943 0.0594092
3.35975 0.0597287
3.36097 0.0609502
3.36129 0.0612697
3.36161 0.161588
3.36161 0.0615893
3.36161 0.161588
3.36173 0.0417235
3.36173 0.0417235
3.36173 0.0417235
3.36173 0.0417235
3.36173 0.041404
3.36173 0.041404
3.36186 0.0415324
3.36262 0.062601
3.36294 0.0629205
3.36357 0.0635518
3.36389 0.0638706
3.36726 0.0672377
3.36888 0.0688649
3.36976 0.0697435
3.37108 0.0710583
3.37192 0.0719066
3.37224 0.0722261
3.37263 0.0726078
3.37369 0.0736746
3.37401 0.0739934
3.37401 0.0739934
3.37517 0.0751527
3.37605 0.0760328
3.37637 0.0763516
3.37669 0.0766784
3.37735 0.0773327
3.37782 0.0778059
3.3783 0.0782835
3.37881 0.0787889
3.37969 0.0796683
3.38053 0.0805166
3.38113 0.0811167
3.38145 0.0814355
3.38158 0.0415529
3.38158 0.0415529
3.38158 0.0415529
3.38158 0.0415529
3.38158 0.0412334
3.38158 0.0412334
3.38171 0.0413618
3.38203 0.0820118
3.38235 0.0823313
3.38235 0.0823313
3.38267 0.0826508
3.38442 0.0844068
3.38514 0.085125
3.38611 0.0860976
3.38653 0.0865105
3.3871 0.0870795
3.38804 0.0880204
3.38898 0.088962
3.3893 0.0892815
3.38965 0.0896321
3.3914 0.0913881
3.39243 0.0924173
3.39243 0.0924173
3.39689 0.0968744
3.39895 0.098935
3.39964 0.0996277
3.40074 0.100726
3.40103 0.041012
3.40103 0.041012
3.40103 0.041012
3.40138 0.101359
3.4017 0.101679
3.40182 0.0418106
3.40182 0.041491
3.40182 0.041491
3.40395 0.103931
3.40449 0.104468
3.40586 0.105845
3.40677 0.106756
3.40737 0.107355
3.41071 0.110692
3.41115 0.111135
3.41346 0.113446
3.41531 0.115289
3.41687 0.116853
3.42014 0.120127
3.42105 0.0410198
3.42105 0.0410198
3.42105 0.0410198
3.42137 0.0413348
3.42137 0.0410153
3.42137 0.0410153
3.42697 0.126956
3.42735 0.127337
3.43212 0.132105
3.43449 0.134477
3.43481 0.134796
3.43597 0.135956
3.44124 0.0412216
3.44137 0.0410305
3.44137 0.0410305
3.44137 0.0410305
3.44168 0.0413455
3.44168 0.041026
3.44168 0.041026
3.44408 0.0440685
3.44857 0.148555
3.45387 0.153851
3.45593 0.0559135
3.45593 0.0559135
3.45625 0.056233
3.45834 0.0583348
3.45885 0.0588315
3.45945 0.059431
3.45945 0.059431
3.46098 0.0609635
3.4613 0.061283
3.46162 0.161602
3.46162 0.0616025
3.46162 0.161602
3.46175 0.0417368
3.46175 0.0417368
3.46175 0.0417368
3.46175 0.0417368
3.46175 0.0414173
3.46175 0.0414173
3.46188 0.0415456
3.46263 0.0626143
3.46295 0.0629338
3.46355 0.0635426
3.46387 0.0638527
3.46724 0.0672147
3.46889 0.0688868
3.46977 0.0697568
3.47106 0.0710405
3.47191 0.0718888
3.47222 0.0722083
3.47261 0.07259
3.47367 0.0736654
3.47399 0.0739755
3.47399 0.0739755
3.47515 0.0751349
3.47603 0.0760236
3.47635 0.0763337
3.47667 0.0766616
3.47736 0.077346
3.47781 0.0778002
3.47828 0.0782743
3.47879 0.0787711
3.4797 0.0796816
3.48052 0.0804987
3.48111 0.0811076
3.48143 0.0814177
3.48156 0.0415351
3.48156 0.0415351
3.48156 0.0415351
3.48156 0.0415351
3.48156 0.0412156
3.48156 0.0412156
3.48169 0.041344
3.48204 0.0820251
3.48204 0.0820251
3.48236 0.0823446
3.48268 0.0826641
3.48443 0.0844201
3.48512 0.0851071
3.48613 0.0861109
3.48651 0.0864926
3.48708 0.0870704
3.48805 0.0880337
3.48896 0.0889442
3.48928 0.0892637
3.48966 0.0896454
3.49141 0.0914014
3.49242 0.0923995
3.49274 0.092719
3.49688 0.0968737
3.49894 0.0989256
3.49963 0.0996184
3.50073 0.100725
3.50105 0.0410338
3.50105 0.0410338
3.50105 0.0410338
3.50137 0.10135
3.50169 0.101669
3.50181 0.0418012
3.50181 0.0414817
3.50181 0.0414817
3.50397 0.103953
3.50448 0.104459
3.50585 0.105836
3.50676 0.106746
3.50736 0.107346
3.5107 0.110682
3.51114 0.111126
3.51345 0.113436
3.5153 0.11528
3.51686 0.116844
3.52017 0.120149
3.52104 0.0410105
3.52104 0.0410105
3.52104 0.0410105
3.52136 0.0413255
3.52136 0.041006
3.52136 0.041006
3.52696 0.126946
3.52738 0.127359
3.53211 0.132095
3.53448 0.134468
3.5348 0.134787
3.53599 0.135978
3.54123 0.0412123
3.54136 0.0410212
3.54136 0.0410212
3.54136 0.0410212
3.54167 0.0413362
3.54167 0.0410167
3.54167 0.0410167
3.54411 0.0440903
3.54856 0.148546
3.55389 0.153873
3.55592 0.0559041
3.55592 0.0559041
3.55624 0.0562236
3.55836 0.0583341
3.55887 0.0588533
3.55944 0.0594216
3.55944 0.0594216
3.56097 0.0609542
3.56129 0.0612737
3.56161 0.161592
3.56161 0.0615932
3.56161 0.161592
3.56174 0.0417274
3.56174 0.0417274
3.56174 0.0417274
3.56174 0.0417274
3.56174 0.0414079
3.56174 0.0414079
3.56187 0.0415363
3.56262 0.0626049
3.56294 0.0629244
3.56357 0.0635419
3.56389 0.0638745
3.56726 0.0672313
3.56891 0.0688861
3.56976 0.0697475
3.57108 0.0710623
3.57193 0.0719106
3.57193 0.0719106
3.57262 0.0726033
3.57368 0.0736562
3.574 0.0739888
3.574 0.0739888
3.57516 0.0751481
3.57607 0.0760455
3.57639 0.0763781
3.57671 0.076707
3.57734 0.0773282
3.57782 0.0777945
3.57832 0.0782963
3.5788 0.0787844
3.57968 0.0796638
3.58053 0.080512
3.58113 0.0810984
3.58145 0.081431
3.58157 0.0415484
3.58157 0.0415484
3.58157 0.0415484
3.58157 0.0415484
3.58157 0.0412289
3.58157 0.0412289
3.5817 0.0413573
3.58205 0.0820384
3.58205 0.0820384
3.58237 0.0823579
3.58269 0.0826774
3.58441 0.0844023
3.58514 0.0851204
3.58611 0.0860931
3.58652 0.0865059
3.58712 0.0870923
3.58803 0.0880159
3.58897 0.0889574
3.58929 0.089277
3.58964 0.0896276
3.59139 0.0913836
3.5924 0.0923817
3.59272 0.0927012
3.59689 0.0968645
3.59895 0.0989389
3.59965 0.0996316
3.60078 0.100747
3.60103 0.041016
3.60103 0.041016
3.60103 0.041016
3.60138 0.101363
3.6017 0.101683
3.60183 0.0418145
3.60183 0.041495
3.60183 0.041495
3.60395 0.103935
3.60449 0.104472
3.60586 0.105849
3.60678 0.106759
3.60734 0.107328
3.61068 0.110664
3.61115 0.111139
3.61347 0.11345
3.61528 0.115262
3.61687 0.116857
3.62015 0.120131
3.62105 0.0410238
3.62105 0.0410238
3.62105 0.0410238
3.62137 0.0413388
3.62137 0.0410193
3.62137 0.0410193
3.62698 0.126959
3.62736 0.127341
3.63212 0.132109
3.63447 0.13445
3.63478 0.134769
3.63598 0.13596
3.64124 0.0412256
3.64137 0.0410345
3.64137 0.0410345
3.64137 0.0410345
3.64168 0.0413495
3.64168 0.04103
3.64168 0.04103
3.64409 0.0440725
3.64857 0.148559
3.65387 0.153855
3.65593 0.0559174
3.65593 0.0559174
3.65625 0.0562369
3.65834 0.0583249
3.65885 0.0588355
3.65945 0.0594349
3.65945 0.0594349
3.66098 0.0609675
3.6613 0.061287
3.66162 0.161606
3.66162 0.0616065
3.66162 0.161606
3.66175 0.0417407
3.66175 0.0417407
3.66175 0.0417407
3.66175 0.0417407
3.66175 0.0414212
3.66175 0.0414212
3.66188 0.0415496
3.66263 0.0626182
3.66295 0.0629377
3.66355 0.0635327
3.66387 0.0638567
3.66727 0.0672394
3.6689 0.0688769
3.66978 0.0697607
3.67106 0.0710445
3.67191 0.0718927
3.67223 0.0722123
3.67261 0.072594
3.67367 0.0736555
3.67399 0.0739795
3.67399 0.0739795
3.67515 0.0751388
3.67606 0.0760448
3.67638 0.0763688
3.6767 0.0766987
3.67736 0.0773499
3.67781 0.0777972
3.67831 0.0782956
3.67879 0.078775
3.6797 0.0796855
3.68052 0.0805027
3.68112 0.0810977
3.68144 0.0814216
3.68156 0.041539
3.68156 0.041539
3.68156 0.041539
3.68156 0.041539
3.68156 0.0412195
3.68156 0.0412195
3.68169 0.0413479
3.68204 0.082029
3.68204 0.082029
3.68236 0.0823485
3.68268 0.082668
3.68443 0.084424
3.68513 0.0851111
3.6861 0.0860838
3.68651 0.0864966
3.68711 0.0870916
3.68802 0.0880065
3.68896 0.0889481
3.68928 0.0892676
3.68966 0.0896493
3.69141 0.0914053
3.69242 0.0924034
3.69274 0.0927229
3.69688 0.0968638
3.69894 0.0989295
3.69964 0.0996223
3.70077 0.100746
3.70102 0.0410066
3.70102 0.0410066
3.70102 0.0410066
3.70137 0.101354
3.70169 0.101673
3.70182 0.0418051
3.70182 0.0414856
3.70182 0.0414856
3.70394 0.103925
3.70448 0.104463
3.70585 0.10584
3.70676 0.10675
3.70736 0.10735
3.7107 0.110686
3.71114 0.11113
3.71345 0.11344
3.7153 0.115284
3.71686 0.116848
3.72017 0.120153
3.72104 0.0410144
3.72104 0.0410144
3.72104 0.0410144
3.72136 0.0413294
3.72136 0.0410099
3.72136 0.0410099
3.72696 0.12695
3.72735 0.127332
3.73211 0.132099
3.73449 0.134472
3.73481 0.134791
3.736 0.135981
3.74123 0.0412162
3.74136 0.0410251
3.74136 0.0410251
3.74136 0.0410251
3.74167 0.0413401
3.74167 0.0410206
3.74167 0.0410206
3.74411 0.0440942
3.74856 0.14855
3.75389 0.153877
3.75592 0.055908
3.75592 0.055908
3.75624 0.0562276
3.75837 0.0583553
3.75887 0.0588572
3.75944 0.0594256
3.75944 0.0594256
3.76097 0.0609581
3.76129 0.0612776
3.76161 0.161596
3.76161 0.0615971
3.76161 0.161596
3.76174 0.0417314
3.76174 0.0417314
3.76174 0.0417314
3.76174 0.0417314
3.76174 0.0414119
3.76174 0.0414119
3.76187 0.0415402
3.76262 0.0626089
3.76294 0.0629284
3.76354 0.063532
3.76386 0.0638473
3.76723 0.0672249
3.76889 0.0688762
3.76977 0.0697514
3.77105 0.0710351
3.77193 0.0719145
3.77193 0.0719145
3.77262 0.0726073
3.77369 0.0736775
3.77401 0.0739928
3.77401 0.0739928
3.77517 0.0751521
3.77605 0.0760357
3.77636 0.076351
3.77668 0.0766819
3.77735 0.0773321
3.77782 0.0777915
3.7783 0.0782864
3.7788 0.0787883
3.77968 0.0796677
3.78053 0.080516
3.78113 0.0811196
3.78145 0.0814349
3.78158 0.0415523
3.78158 0.0415523
3.78158 0.0415523
3.78158 0.0415523
3.78158 0.0412328
3.78158 0.0412328
3.78171 0.0413612
3.78203 0.0820112
3.78234 0.0823307
3.78234 0.0823307
3.78266 0.0826502
3.78441 0.0844062
3.78514 0.0851244
3.78611 0.0860971
3.78652 0.0865099
3.78709 0.0870824
3.78803 0.0880198
3.78898 0.0889614
3.78929 0.0892809
3.78965 0.0896315
3.7914 0.0913875
3.7924 0.0923856
3.79272 0.0927051
3.79686 0.0968546
3.79896 0.0989428
3.79965 0.0996356
3.80075 0.100737
3.80103 0.0410199
3.80103 0.0410199
3.80103 0.0410199
3.80138 0.101367
3.8017 0.101687
3.80183 0.0418184
3.80183 0.0414989
3.80183 0.0414989
3.80395 0.103939
3.80449 0.104476
3.80587 0.105853
3.80678 0.106763
3.80735 0.107332
3.81068 0.110668
3.81116 0.111143
3.81347 0.113454
3.81528 0.115266
3.81687 0.116861
3.82015 0.120135
3.82106 0.0410277
3.82106 0.0410277
3.82106 0.0410277
3.82137 0.0413427
3.82137 0.0410232
3.82137 0.0410232
3.82698 0.126963
3.82736 0.127345
3.83213 0.132112
3.83447 0.134454
3.83479 0.134773
3.83598 0.135964
3.84121 0.0411984
3.84134 0.0410073
3.84134 0.0410073
3.84134 0.0410073
3.84169 0.0413534
3.84169 0.0410339
3.84169 0.0410339
3.84409 0.0440764
3.84858 0.148563
3.85387 0.153859
3.8559 0.0558902
3.85622 0.0562097
3.85622 0.0562097
3.85835 0.0583461
3.85885 0.0588394
3.85945 0.0594388
3.85945 0.0594388
3.86095 0.0609403
3.86127 0.0612598
3.86159 0.161579
3.86159 0.0615793
3.86159 0.161579
3.86172 0.0417135
3.86172 0.0417135
3.86172 0.0417135
3.86172 0.0417135
3.86172 0.041394
3.86172 0.041394
3.86185 0.0415224
3.86264 0.0626222
3.86295 0.0629417
3.86355 0.063554
3.86387 0.0638606
3.86724 0.067233
3.86887 0.068867
3.86975 0.0697336
3.87106 0.0710484
3.87191 0.0718967
3.87223 0.0722162
3.87261 0.0725979
3.87368 0.0736768
3.874 0.0739834
3.874 0.0739834
3.87516 0.0751427
3.87604 0.076035
3.87635 0.0763416
3.87667 0.0766736
3.87737 0.0773539
3.87781 0.0777943
3.87829 0.0782857
3.87879 0.078779
3.87967 0.0796583
3.88052 0.0805066
3.88112 0.0811189
3.88144 0.0814256
3.88157 0.041543
3.88157 0.041543
3.88157 0.041543
3.88157 0.041543
3.88157 0.0412235
3.88157 0.0412235
3.8817 0.0413519
3.88205 0.082033
3.88205 0.082033
3.88237 0.0823525
3.88269 0.082672
3.88444 0.084428
3.88513 0.085115
3.8861 0.0860877
3.88651 0.0865005
3.88708 0.0870817
3.88802 0.0880105
3.88897 0.088952
3.88928 0.0892715
3.88967 0.0896533
3.89139 0.0913782
3.89242 0.0924073
3.89274 0.0927269
3.89685 0.0968539
3.89895 0.0989335
3.89964 0.0996262
3.90074 0.100736
3.90102 0.0410106
3.90102 0.0410106
3.90102 0.0410106
3.90137 0.101358
3.90169 0.101677
3.90182 0.0418091
3.90182 0.0414896
3.90182 0.0414896
3.90394 0.103929
3.90448 0.104467
3.90586 0.105844
3.90677 0.106754
3.90737 0.107354
3.9107 0.11069
3.91115 0.111134
3.91346 0.113444
3.9153 0.115288
3.91686 0.116851
3.92014 0.120126
3.92104 0.0410184
3.92104 0.0410184
3.92104 0.0410184
3.92136 0.0413334
3.92136 0.0410139
3.92136 0.0410139
3.92697 0.126954
3.92735 0.127336
3.93212 0.132103
3.93449 0.134476
3.93481 0.134795
3.936 0.135985
3.94123 0.0412202
3.94136 0.0410291
3.94136 0.0410291
3.94136 0.0410291
3.94168 0.0413441
3.94168 0.0410246
3.94168 0.0410246
3.94408 0.0440671
3.94857 0.148554
3.95386 0.15385
3.95592 0.055912
3.95592 0.055912
3.95624 0.0562315
3.95837 0.0583454
3.95884 0.0588301
3.95944 0.0594295
3.95944 0.0594295
3.96097 0.0609621
3.96129 0.0612816
3.96161 0.1616
3.96161 0.0616011
3.96161 0.1616
3.96174 0.0417353
3.96174 0.0417353
3.96174 0.0417353
3.96174 0.0417353
3.96174 0.0414158
3.96174 0.0414158
3.96187 0.0415442
3.96263 0.0626128
3.96294 0.0629323
3.96358 0.0635533
3.96389 0.0638824
3.96723 0.0672185
3.96889 0.0688663
3.96977 0.0697553
3.97105 0.0710391
3.9719 0.0718873
3.97222 0.0722068
3.9726 0.0725886
3.9737 0.073676
3.97402 0.0740052
3.97402 0.0740052
3.97515 0.0751334
3.97606 0.0760342
3.97638 0.0763634
3.9767 0.0766653
3.97736 0.0773445
3.9778 0.077797
3.97831 0.078285
3.97878 0.0787696
3.97969 0.0796801
3.98051 0.0804973
3.98114 0.0811182
3.98146 0.0814473
3.98159 0.0415647
3.98159 0.0415647
3.98159 0.0415647
3.98159 0.0415647
3.98159 0.0412452
3.98159 0.0412452
3.98172 0.0413736
3.98204 0.0820236
3.98204 0.0820236
3.98236 0.0823431
3.98267 0.0826626
3.98443 0.0844186
3.98512 0.0851057
3.98612 0.0861095
3.9865 0.0864912
3.9871 0.087081
3.98804 0.0880322
3.98895 0.0889427
3.98927 0.0892622
3.98966 0.0896439
3.99141 0.0913999
3.99241 0.092398
3.99273 0.0927175
3.99688 0.0968532
3.99894 0.0989241
3.99963 0.0996169
4.00076 0.100735
4.00104 0.0410323
4.00104 0.0410323
4.00104 0.0410323
4.00136 0.101349
4.00168 0.101668
4.00181 0.0417997
4.00181 0.0414802
4.00181 0.0414802
4.00396 0.103951
4.00447 0.104461
4.00585 0.105838
4.00676 0.106748
4.00736 0.107348
4.0107 0.110684
4.01114 0.111128
4.01348 0.113469
4.01529 0.115282
4.01689 0.116877
4.02013 0.12012
4.02104 0.0410124
4.02104 0.0410124
4.02104 0.0410124
4.02138 0.0413585
4.02138 0.041039
4.02138 0.041039
4.02699 0.126979
4.02737 0.127361
4.03211 0.132097
4.03445 0.134438
4.03477 0.134758
4.03599 0.135979
4.04123 0.0412142
4.04135 0.0410231
4.04135 0.0410231
4.04135 0.0410231
4.0417 0.0413692
4.0417 0.0410497
4.0417 0.0410497
4.0441 0.0440922
4.04856 0.148548
4.05389 0.153875
4.05592 0.055906
4.05592 0.055906
4.05624 0.0562255
4.05836 0.0583481
4.05887 0.0588552
4.05944 0.0594236
4.05975 0.0597431
4.06098 0.0609646
4.0613 0.0612841
4.06162 0.161603
4.06162 0.161603
4.06162 0.0616036
4.06174 0.0417378
4.06174 0.0417378
4.06174 0.0417378
4.06174 0.0417378
4.06174 0.0414183
4.06174 0.0414183
4.06187 0.0415467
4.06263 0.0626153
4.06295 0.0629348
4.06355 0.0635333
4.06387 0.0638538
4.06726 0.0672469
4.06892 0.0689086
4.06977 0.0697579
4.07108 0.0710727
4.07193 0.071921
4.07225 0.0722405
4.07263 0.0726222
4.0737 0.0736872
4.07402 0.0740077
4.07402 0.0740077
4.07518 0.075167
4.07606 0.0760454
4.07638 0.0763659
4.0767 0.0766689
4.07736 0.0773471
4.07786 0.0778428
4.07834 0.0783272
4.07881 0.0788032
4.07969 0.0796826
4.08051 0.0804998
4.08114 0.0811294
4.08146 0.0814498
4.08159 0.0415673
4.08159 0.0415673
4.08159 0.0415673
4.08159 0.0415673
4.08159 0.0412478
4.08159 0.0412478
4.08172 0.0413761
4.08204 0.0820261
4.08236 0.0823456
4.08236 0.0823456
4.08268 0.0826651
4.08443 0.0844211
4.08515 0.0851393
4.08612 0.086112
4.08651 0.0864937
4.0871 0.0870922
4.08802 0.0880036
4.08899 0.0889763
4.08931 0.0892958
4.08966 0.0896464
4.09141 0.0914024
4.09241 0.0924005
4.09273 0.09272
4.09688 0.0968644
4.09894 0.0989267
4.09966 0.0996505
4.10076 0.100747
4.10104 0.0410349
4.10104 0.0410349
4.10104 0.0410349
4.10136 0.101351
4.10168 0.101671
4.10181 0.0418023
4.10181 0.0414828
4.10181 0.0414828
4.10397 0.103954
4.1045 0.104491
4.10585 0.105837
4.10676 0.106747
4.10736 0.107347
4.11069 0.110683
4.11114 0.111127
4.11348 0.113468
4.11529 0.115281
4.11689 0.116876
4.12016 0.12015
4.12107 0.0410426
4.12107 0.0410426
4.12107 0.0410426
4.12138 0.0413576
4.12138 0.0410381
4.12138 0.0410381
4.12699 0.126978
4.12737 0.12736
4.13211 0.132096
4.13448 0.134469
4.1348 0.134788
4.13599 0.135979
4.14122 0.0412134
4.14135 0.0410222
4.14135 0.0410222
4.14135 0.0410222
4.1417 0.0413684
4.1417 0.0410488
4.1417 0.0410488
4.1441 0.0440913
4.14856 0.148547
4.15389 0.153874
4.15592 0.0559052
4.15624 0.0562247
4.15624 0.0562247
4.15836 0.0583559
4.15887 0.0588543
4.15943 0.0594227
4.15975 0.0597422
4.16097 0.0609637
4.16129 0.0612832
4.16161 0.161602
4.16161 0.161602
4.16161 0.0616027
4.16174 0.0417369
4.16174 0.0417369
4.16174 0.0417369
4.16174 0.0417369
4.16174 0.0414174
4.16174 0.0414174
4.16187 0.0415458
4.16263 0.0626145
4.16294 0.062934
4.16354 0.0635411
4.16386 0.0638529
4.16726 0.0672408
4.16892 0.0689164
4.16977 0.069757
4.17108 0.0710718
4.17193 0.0719201
4.17225 0.0722396
4.17263 0.0726213
4.1737 0.073695
4.17402 0.0740068
4.17402 0.0740068
4.17518 0.0751661
4.17606 0.0760532
4.17638 0.076365
4.1767 0.076669
4.17736 0.0773462
4.17783 0.0778229
4.17831 0.0783039
4.17881 0.0788024
4.17966 0.0796506
4.18051 0.0804989
4.18114 0.0811371
4.18146 0.081449
4.18159 0.0415664
4.18159 0.0415664
4.18159 0.0415664
4.18159 0.0415664
4.18159 0.0412469
4.18159 0.0412469
4.18172 0.0413753
4.18204 0.0820252
4.18236 0.0823448
4.18236 0.0823448
4.18267 0.0826643
4.18443 0.0844203
4.18515 0.0851384
4.18609 0.08608
4.1865 0.0864928
4.18707 0.0870688
4.18801 0.0880027
4.18899 0.0889754
4.18931 0.0892949
4.18966 0.0896456
4.19141 0.0914015
4.19241 0.0923996
4.19273 0.0927191
4.19688 0.0968721
4.19894 0.0989258
4.19966 0.0996496
4.20073 0.100723
4.20104 0.041034
4.20104 0.041034
4.20104 0.041034
4.20136 0.10135
4.20168 0.10167
4.20181 0.0418014
4.20181 0.0414819
4.20181 0.0414819
4.20393 0.103922
4.20447 0.104459
4.20585 0.105836
4.20676 0.106746
4.20736 0.107346
4.21066 0.110651
4.21114 0.111126
4.21348 0.113468
4.21529 0.11528
4.21689 0.116875
4.22013 0.120118
4.22107 0.0410418
4.22107 0.0410418
4.22107 0.0410418
4.22138 0.0413568
4.22138 0.0410373
4.22138 0.0410373
4.22702 0.127009
4.2274 0.12739
4.23211 0.132095
4.23448 0.134468
4.2348 0.134787
4.23596 0.135947
4.24122 0.0412125
4.24135 0.0410214
4.24135 0.0410214
4.24135 0.0410214
4.2417 0.0413675
4.2417 0.041048
4.2417 0.041048
4.2441 0.0440905
4.24856 0.148546
4.25385 0.153842
4.25595 0.0559354
4.25595 0.0559354
4.25626 0.0562549
4.25836 0.0583325
4.25886 0.0588535
4.25943 0.0594218
4.25975 0.0597413
4.26097 0.0609628
4.26129 0.0612823
4.26161 0.161601
4.26161 0.161601
4.26161 0.0616018
4.26174 0.0417361
4.26174 0.0417361
4.26174 0.0417361
4.26174 0.0417361
4.26174 0.0414165
4.26174 0.0414165
4.26187 0.0415449
4.26262 0.0626136
4.26294 0.0629331
4.26357 0.0635488
4.26389 0.0638831
4.26726 0.0672348
4.26895 0.0689241
4.26977 0.0697561
4.27108 0.0710709
4.27193 0.0719192
4.27225 0.0722387
4.27263 0.0726204
4.27373 0.0737027
4.27405 0.074037
4.27405 0.074037
4.27518 0.0751652
4.27609 0.0760609
4.27641 0.0763952
4.27672 0.0767063
4.27736 0.0773453
4.27786 0.0778341
4.27834 0.0783117
4.27881 0.0788015
4.27966 0.0796498
4.28051 0.080498
4.28117 0.0811449
4.28149 0.0814792
4.28162 0.0415966
4.28162 0.0415966
4.28162 0.0415966
4.28162 0.0415966
4.28162 0.0412771
4.28162 0.0412771
4.28175 0.0414055
4.28207 0.0820555
4.28238 0.082375
4.28238 0.082375
4.2827 0.0826945
4.28442 0.0844194
4.28515 0.0851375
4.28609 0.0860791
4.2865 0.0864919
4.2871 0.0870766
4.28801 0.0880019
4.28898 0.0889746
4.2893 0.0892941
4.28965 0.0896447
4.2914 0.0914007
4.29241 0.0923988
4.29273 0.0927183
4.29687 0.0968488
4.29893 0.0989249
4.29966 0.0996488
4.30076 0.100731
4.30104 0.0410331
4.30104 0.0410331
4.30104 0.0410331
4.30136 0.101349
4.30168 0.101669
4.30181 0.0418005
4.30181 0.041481
4.30181 0.041481
4.30393 0.103921
4.30447 0.104458
4.30584 0.105835
4.30676 0.106745
4.30735 0.107345
4.31066 0.11065
4.31114 0.111125
4.31348 0.113467
4.31529 0.115279
4.31688 0.116874
4.32013 0.120117
4.32106 0.0410409
4.32106 0.0410409
4.32106 0.0410409
4.32138 0.0413559
4.32138 0.0410364
4.32138 0.0410364
4.32702 0.127008
4.3274 0.127389
4.3321 0.132095
4.33448 0.134467
4.3348 0.134786
4.33596 0.135946
4.34122 0.0412116
4.34135 0.0410205
4.34135 0.0410205
4.34135 0.0410205
4.3417 0.0413666
4.3417 0.0410471
4.3417 0.0410471
4.3441 0.0440896
4.34855 0.148545
4.35385 0.153841
4.35594 0.0559345
4.35594 0.0559345
4.35626 0.056254
4.35836 0.0583403
4.35886 0.0588526
4.35943 0.0594209
4.35975 0.0597404
4.36097 0.0609619
4.36129 0.0612814
4.36161 0.1616
4.36161 0.1616
4.36161 0.061601
4.36174 0.0417352
4.36174 0.0417352
4.36174 0.0417352
4.36174 0.0417352
4.36174 0.0414157
4.36174 0.0414157
4.36187 0.0415441
4.36262 0.0626127
4.36294 0.0629322
4.36354 0.0635255
4.36386 0.0638512
4.36729 0.0672598
4.36892 0.0689008
4.36976 0.0697552
4.37108 0.07107
4.37193 0.0719183
4.37225 0.0722378
4.37263 0.0726195
4.37369 0.0736794
4.37401 0.0740051
4.37401 0.0740051
4.37517 0.0751644
4.37608 0.0760687
4.3764 0.0763944
4.37672 0.0767086
4.37735 0.0773444
4.37786 0.0778453
4.37833 0.0783194
4.37881 0.0788006
4.37966 0.0796489
4.38051 0.0804971
4.38117 0.0811526
4.38149 0.0814783
4.38162 0.0415957
4.38162 0.0415957
4.38162 0.0415957
4.38162 0.0415957
4.38162 0.0412762
4.38162 0.0412762
4.38174 0.0414046
4.38206 0.0820546
4.38238 0.0823741
4.38238 0.0823741
4.3827 0.0826936
4.38442 0.0844185
4.38515 0.0851367
4.38609 0.0860782
4.3865 0.0864911
4.38707 0.0870532
4.38801 0.088001
4.38898 0.0889737
4.3893 0.0892932
4.38965 0.0896438
4.3914 0.0913998
4.39241 0.0923979
4.39273 0.0927174
4.39687 0.0968565
4.39893 0.098924
4.39966 0.0996479
4.40075 0.100739
4.40104 0.0410322
4.40104 0.0410322
4.40104 0.0410322
4.40136 0.101348
4.40168 0.101668
4.40181 0.0417996
4.40181 0.0414801
4.40181 0.0414801
4.40396 0.103951
4.40447 0.104457
4.40584 0.105834
4.40675 0.106745
4.40735 0.107344
4.41066 0.11065
4.41113 0.111125
4.41347 0.113466
4.41529 0.115278
4.41688 0.116873
4.42013 0.120116
4.42106 0.04104
4.42106 0.04104
4.42106 0.04104
4.42138 0.041355
4.42138 0.0410355
4.42138 0.0410355
4.42702 0.127007
4.4274 0.127388
4.4321 0.132094
4.43448 0.134466
4.43479 0.134786
4.43595 0.135945
4.44122 0.0412107
4.44135 0.0410196
4.44135 0.0410196
4.44135 0.0410196
4.44169 0.0413657
4.44169 0.0410462
4.44169 0.0410462
4.4441 0.0440887
4.44855 0.148544
4.45385 0.15384
4.45594 0.0559336
4.45594 0.0559336
4.45626 0.0562531
4.45835 0.058348
4.45886 0.0588517
4.45943 0.05942
4.45975 0.0597395
4.46097 0.0609611
4.46129 0.0612806
4.46161 0.161599
4.46161 0.161599
4.46161 0.0616001
4.46174 0.0417343
4.46174 0.0417343
4.46174 0.0417343
4.46174 0.0417343
4.46174 0.0414148
4.46174 0.0414148
4.46187 0.0415432
4.46262 0.0626118
4.46294 0.0629313
4.46354 0.0635333
4.46386 0.0638503
4.46726 0.0672538
4.46891 0.0689085
4.46976 0.0697543
4.47108 0.0710692
4.47193 0.0719174
4.47225 0.0722369
4.47263 0.0726187
4.47369 0.0736872
4.47401 0.0740042
4.47401 0.0740042
4.47517 0.0751635
4.47605 0.0760454
4.47637 0.0763624
4.47669 0.0766776
4.47735 0.0773435
4.47783 0.0778255
4.4783 0.0782961
4.47881 0.0787997
4.47966 0.079648
4.4805 0.0804963
4.48114 0.0811293
4.48145 0.0814463
4.48158 0.0415637
4.48158 0.0415637
4.48158 0.0415637
4.48158 0.0415637
4.48158 0.0412442
4.48158 0.0412442
4.48171 0.0413726
4.48203 0.0820226
4.48235 0.0823421
4.48235 0.0823421
4.48267 0.0826616
4.48442 0.0844176
4.48514 0.0851358
4.48609 0.0860774
4.4865 0.0864902
4.48707 0.087061
4.48801 0.0880001
4.48898 0.0889728
4.4893 0.0892923
4.48965 0.0896429
4.4914 0.0913989
4.49241 0.092397
4.49272 0.0927165
4.49687 0.0968643
4.49893 0.0989231
4.49966 0.099647
4.50072 0.100715
4.50104 0.0410313
4.50104 0.0410313
4.50104 0.0410313
4.50136 0.101348
4.50168 0.101667
4.5018 0.0417987
4.5018 0.0414792
4.5018 0.0414792
4.50396 0.10395
4.50446 0.104456
4.50584 0.105833
4.50675 0.106744
4.50735 0.107343
4.51066 0.110649
4.51113 0.111124
4.51347 0.113465
4.51529 0.115277
4.51688 0.116872
4.52012 0.120115
4.52106 0.0410391
4.52106 0.0410391
4.52106 0.0410391
4.52138 0.0413541
4.52138 0.0410346
4.52138 0.0410346
4.52701 0.127006
4.5274 0.127388
4.5321 0.132093
4.53447 0.134465
4.53479 0.134785
4.53598 0.135975
4.54125 0.0412409
4.54138 0.0410498
4.54138 0.0410498
4.54138 0.0410498
4.54169 0.0413648
4.54169 0.0410453
4.54169 0.0410453
4.5441 0.0440878
4.54855 0.148543
4.55385 0.153839
4.55594 0.0559327
4.55594 0.0559327
4.55626 0.0562522
4.55835 0.0583247
4.55886 0.0588508
4.55946 0.0594503
4.55946 0.0594503
4.56099 0.0609828
4.56131 0.0613023
4.56163 0.161621
4.56163 0.161621
4.56163 0.0616218
4.56176 0.0417561
4.56176 0.0417561
4.56176 0.0417561
4.56176 0.0417561
4.56176 0.0414365
4.56176 0.0414365
4.56189 0.0415649
4.56264 0.0626336
4.56296 0.0629531
4.56356 0.0635325
4.56388 0.063872
4.56725 0.0672392
4.56894 0.0689078
4.56978 0.0697761
4.57107 0.0710598
4.57192 0.0719081
4.57224 0.0722276
4.57262 0.0726093
4.57371 0.0736864
4.57403 0.0740259
4.57403 0.0740259
4.57516 0.0751541
4.57607 0.0760446
4.57639 0.0763841
4.57671 0.0767004
4.57734 0.0773342
4.57785 0.0778282
4.57832 0.0782954
4.57883 0.0788215
4.57968 0.0796697
4.58049 0.0804869
4.58116 0.0811286
4.58148 0.0814681
4.5816 0.0415855
4.5816 0.0415855
4.5816 0.0415855
4.5816 0.0415855
4.5816 0.041266
4.5816 0.041266
4.58173 0.0413944
4.58205 0.0820444
4.58237 0.0823639
4.58237 0.0823639
4.58269 0.0826834
4.58444 0.0844394
4.58513 0.0851264
4.58608 0.086068
4.58649 0.0864808
4.58709 0.0870603
4.588 0.0879908
4.589 0.0889946
4.58932 0.0893141
4.58964 0.0896336
4.59139 0.0913896
4.5924 0.0923877
4.59271 0.0927072
4.59689 0.0968636
4.59892 0.0989138
4.59965 0.0996376
4.60074 0.100715
4.60103 0.041022
4.60103 0.041022
4.60103 0.041022
4.60135 0.101338
4.60167 0.101658
4.60179 0.0417894
4.60179 0.0414699
4.60179 0.0414699
4.60395 0.103941
4.60449 0.104478
4.60583 0.105824
4.60674 0.106734
4.60734 0.107334
4.61068 0.11067
4.61112 0.111114
4.61346 0.113456
4.61528 0.115268
4.61687 0.116863
4.62014 0.120137
4.62105 0.0410298
4.62105 0.0410298
4.62105 0.0410298
4.62137 0.0413448
4.62137 0.0410253
4.62137 0.0410253
4.627 0.126997
4.62739 0.127378
4.63209 0.132083
4.63446 0.134456
4.63478 0.134775
4.63597 0.135966
4.64124 0.0412316
4.64137 0.0410405
4.64137 0.0410405
4.64137 0.0410405
4.64168 0.0413555
4.64168 0.041036
4.64168 0.041036
4.64412 0.0441096
4.64857 0.148565
4.65387 0.153861
4.65593 0.0559234
4.65593 0.0559234
4.65625 0.0562429
4.65834 0.058324
4.65888 0.0588726
4.65945 0.0594409
4.65945 0.0594409
4.66098 0.0609735
4.6613 0.061293
4.66162 0.161612
4.66162 0.161612
4.66162 0.0616125
4.66175 0.0417467
4.66175 0.0417467
4.66175 0.0417467
4.66175 0.0417467
4.66175 0.0414272
4.66175 0.0414272
4.66188 0.0415556
4.66263 0.0626242
4.66295 0.0629437
4.66355 0.0635318
4.66387 0.0638627
4.66727 0.0672558
4.66893 0.0689071
4.66977 0.0697667
4.67106 0.0710505
4.67191 0.0718987
4.67222 0.0722183
4.67261 0.0726
4.6737 0.0736857
4.67402 0.0740166
4.67402 0.0740166
4.67518 0.0751759
4.67606 0.0760439
4.67638 0.0763748
4.6767 0.0766921
4.67736 0.0773559
4.67784 0.077831
4.67834 0.0783258
4.67882 0.0788121
4.67967 0.0796604
4.68048 0.0804776
4.68115 0.0811279
4.68147 0.0814587
4.68159 0.0415761
4.68159 0.0415761
4.68159 0.0415761
4.68159 0.0415761
4.68159 0.0412566
4.68159 0.0412566
4.68172 0.041385
4.68204 0.082035
4.68236 0.0823545
4.68236 0.0823545
4.68268 0.082674
4.68443 0.08443
4.68512 0.0851171
4.6861 0.0860898
4.68651 0.0865026
4.68708 0.0870596
4.68802 0.0880125
4.68899 0.0889852
4.68931 0.0893047
4.68963 0.0896242
4.69138 0.0913802
4.69238 0.0923783
4.6927 0.0926978
4.69688 0.0968629
4.69894 0.0989355
4.69963 0.0996283
4.70073 0.100714
4.70105 0.0410437
4.70105 0.0410437
4.70105 0.0410437
4.70137 0.10136
4.70169 0.101679
4.70181 0.0418111
4.70181 0.0414916
4.70181 0.0414916
4.70394 0.103931
4.70448 0.104469
4.70585 0.105846
4.70673 0.106725
4.70736 0.107356
4.71067 0.110661
4.71111 0.111105
4.71348 0.113477
4.7153 0.11529
4.71689 0.116885
4.72013 0.120128
4.72104 0.0410204
4.72104 0.0410204
4.72104 0.0410204
4.72139 0.0413665
4.72139 0.041047
4.72139 0.041047
4.72699 0.126987
4.72741 0.1274
4.73211 0.132105
4.73445 0.134446
4.73477 0.134766
4.73596 0.135956
4.74123 0.0412222
4.74136 0.0410311
4.74136 0.0410311
4.74136 0.0410311
4.74167 0.0413461
4.74167 0.0410266
4.74167 0.0410266
4.74411 0.0441002
4.74856 0.148556
4.75386 0.153852
4.75592 0.055914
4.75592 0.055914
4.75624 0.0562335
4.75833 0.0583233
4.75887 0.0588632
4.75944 0.0594316
4.75944 0.0594316
4.76097 0.0609641
4.76129 0.0612836
4.76161 0.161602
4.76161 0.161602
4.76161 0.0616031
4.76174 0.0417063
4.76174 0.0417063
4.76174 0.0417063
4.76174 0.0417063
4.76174 0.0413867
4.76174 0.0413867
4.76187 0.0415151
4.76262 0.0626149
4.76294 0.0629344
4.76354 0.0635311
4.76386 0.0638533
4.76726 0.0672413
4.76891 0.0689064
4.76976 0.0697574
4.77108 0.0710722
4.77193 0.0719205
4.77225 0.07224
4.77263 0.0726217
4.77369 0.073685
4.77401 0.0740072
4.77401 0.0740072
4.77517 0.0751665
4.77605 0.0760432
4.77637 0.0763654
4.77669 0.0766838
4.77735 0.0773466
4.77786 0.0778337
4.77833 0.0783251
4.77881 0.0788028
4.77966 0.0796511
4.78051 0.0804993
4.78114 0.0811272
4.78146 0.0814494
4.78158 0.0415668
4.78158 0.0415668
4.78158 0.0415668
4.78158 0.0415668
4.78158 0.0412473
4.78158 0.0412473
4.78171 0.0413757
4.78203 0.0820257
4.78235 0.0823452
4.78235 0.0823452
4.78267 0.0826647
4.78442 0.0844207
4.78514 0.0851388
4.78609 0.0860804
4.7865 0.0864932
4.78707 0.0870589
4.78801 0.0880032
4.78898 0.0889759
4.7893 0.0892954
4.78965 0.089646
4.7914 0.091402
4.79241 0.0924001
4.79273 0.0927196
4.79687 0.0968622
4.79893 0.0989262
4.79966 0.0996501
4.80075 0.100744
4.80104 0.0410344
4.80104 0.0410344
4.80104 0.0410344
4.80136 0.101351
4.80168 0.10167
4.8018 0.0418018
4.8018 0.0414823
4.8018 0.0414823
4.80393 0.103922
4.80447 0.104459
4.80584 0.105836
4.80675 0.106747
4.80735 0.107346
4.81066 0.110652
4.81113 0.111127
4.81347 0.113468
4.81529 0.115281
4.81688 0.116875
4.82012 0.120119
4.82106 0.0410422
4.82106 0.0410422
4.82106 0.0410422
4.82138 0.0413572
4.82138 0.0410377
4.82138 0.0410377
4.82701 0.127009
4.8274 0.127391
4.8321 0.132096
4.83447 0.134468
4.83479 0.134788
4.83595 0.135947
4.84122 0.0412129
4.84135 0.0410218
4.84135 0.0410218
4.84135 0.0410218
4.84169 0.0413679
4.84169 0.0410484
4.84169 0.0410484
4.8441 0.0440909
4.84855 0.148546
4.85385 0.153843
4.85591 0.0559047
4.85623 0.0562242
4.85623 0.0562242
4.85835 0.0583226
4.85886 0.0588539
4.85943 0.0594222
4.85975 0.0597417
4.86097 0.0609632
4.86129 0.0612827
4.86161 0.161601
4.86161 0.161601
4.86161 0.0616023
4.86174 0.0417054
4.86174 0.0417054
4.86174 0.0417054
4.86174 0.0417054
4.86174 0.0413859
4.86174 0.0413859
4.86186 0.0415143
4.86262 0.062614
4.86294 0.0629335
4.86357 0.0635389
4.86389 0.0638836
4.86726 0.0672352
4.86894 0.0689142
4.86976 0.0697565
4.87108 0.0710713
4.87192 0.0719196
4.87224 0.0722391
4.87263 0.0726208
4.87372 0.0736928
4.87404 0.0740375
4.87404 0.0740375
4.87517 0.0751657
4.87608 0.076051
4.8764 0.0763957
4.87672 0.0767151
4.87735 0.0773457
4.87786 0.077845
4.87833 0.0783017
4.87881 0.0788019
4.87966 0.0796502
4.8805 0.0804984
4.88117 0.0811349
4.88148 0.0814796
4.88161 0.041597
4.88161 0.041597
4.88161 0.041597
4.88161 0.041597
4.88161 0.0412775
4.88161 0.0412775
4.88174 0.0414059
4.88206 0.0820559
4.88238 0.0823754
4.88238 0.0823754
4.8827 0.0826949
4.88445 0.0844198
4.88514 0.085138
4.88608 0.0860795
4.8865 0.0864924
4.8871 0.0870666
4.88801 0.0880023
4.88898 0.088975
4.8893 0.0892945
4.88965 0.0896451
4.89143 0.0914011
4.8924 0.0923992
4.89272 0.0927187
4.8969 0.0968699
4.89893 0.0989253
4.89965 0.0996492
4.90075 0.100721
4.90104 0.0410335
4.90104 0.0410335
4.90104 0.0410335
4.90135 0.10135
4.90167 0.101669
4.9018 0.0418009
4.9018 0.0414814
4.9018 0.0414814
4.90393 0.103921
4.90446 0.104458
4.90584 0.105835
4.90675 0.106746
4.90735 0.107345
4.91066 0.110651
4.91113 0.111126
4.91347 0.113467
4.91528 0.11528
4.91688 0.116874
4.92012 0.120118
4.92106 0.0410413
4.92106 0.0410413
4.92106 0.0410413
4.92137 0.0413563
4.92137 0.0410368
4.92137 0.0410368
4.92701 0.127008
4.92739 0.12739
4.9321 0.132095
4.93447 0.134467
4.93479 0.134787
4.93595 0.135946
4.94122 0.041212
4.94134 0.0410209
4.94134 0.0410209
4.94134 0.0410209
4.94169 0.041367
4.94169 0.0410475
4.94169 0.0410475
4.94409 0.04409
4.94855 0.148546
4.95385 0.153842
4.95594 0.0559349
4.95594 0.0559349
4.95626 0.0562544
4.95835 0.0583303
4.95886 0.058853
4.95943 0.0594213
4.95974 0.0597408
4.96097 0.0609624
4.96129 0.0612819
4.96161 0.161601
4.96161 0.161601
4.96161 0.0616014
4.96173 0.0417045
4.96173 0.0417045
4.96173 0.0417045
4.96173 0.0417045
4.96173 0.041385
4.96173 0.041385
4.96186 0.0415134
4.96262 0.0626131
4.96294 0.0629326
4.96357 0.0635467
4.96389 0.0638827
4.96729 0.0672603
4.96894 0.0689219
4.96976 0.0697556
4.97107 0.0710705
4.97192 0.0719187
4.97224 0.0722382
4.97262 0.07262
4.97372 0.0737006
4.97404 0.0740366
4.97404 0.0740366
4.97517 0.0751648
4.97608 0.0760588
4.9764 0.0763948
4.97672 0.0767152
4.97735 0.0773448
4.97786 0.0778251
4.97833 0.0783095
4.97881 0.078801
4.97965 0.0796493
4.9805 0.0804976
4.98116 0.0811427
4.98148 0.0814787
4.98161 0.0415961
4.98161 0.0415961
4.98161 0.0415961
4.98161 0.0415961
4.98161 0.0412766
4.98161 0.0412766
4.98174 0.041405
4.98206 0.082055
4.98238 0.0823745
4.98238 0.0823745
4.9827 0.082694
4.98445 0.0844189
4.98514 0.0851371
4.98608 0.0860787
4.9865 0.0864915
4.9871 0.0870744
4.98801 0.0880014
4.98898 0.0889741
4.9893 0.0892936
4.98965 0.0896442
4.99143 0.0914002
4.9924 0.0923983
4.99272 0.0927178
4.99687 0.0968466
4.99893 0.0989244
4.99965 0.0996483
5.00075 0.100729
5.00103 0.0410326
5.00103 0.0410326
5.00103 0.0410326
5.00135 0.101349
5.00167 0.101668
5.0018 0.0418
5.0018 0.0414805
5.0018 0.0414805
5.00396 0.103951
5.00447 0.104461
5.00584 0.105838
5.00675 0.106749
5.00735 0.107348
5.01066 0.110653
5.01113 0.111128
5.01347 0.11347
5.01529 0.115282
5.01688 0.116877
5.02012 0.12012
5.02106 0.0410439
5.02106 0.0410439
5.02106 0.0410439
5.02138 0.0413589
5.02138 0.0410394
5.02138 0.0410394
5.02701 0.127011
5.0274 0.127392
5.0321 0.132098
5.03444 0.134439
5.03476 0.134758
5.03595 0.135949
5.04122 0.0412146
5.04138 0.0410546
5.04138 0.0410546
5.04138 0.0410546
5.04169 0.0413696
5.04169 0.0410501
5.04169 0.0410501
5.0441 0.0440926
5.04855 0.148548
5.05385 0.153844
5.05594 0.0559376
5.05594 0.0559376
5.05626 0.0562571
5.05835 0.0583416
5.05889 0.0588867
5.05943 0.059424
5.05975 0.0597435
5.06097 0.060965
5.06129 0.0612845
5.06161 0.161603
5.06161 0.161603
5.06161 0.061604
5.06174 0.0417071
5.06174 0.0417071
5.06174 0.0417071
5.06174 0.0417071
5.06174 0.0413876
5.06174 0.0413876
5.06186 0.041516
5.06265 0.0626469
5.06297 0.0629664
5.06354 0.0635268
5.06386 0.0638542
5.06732 0.0672888
5.06894 0.0689332
5.06979 0.0697894
5.07108 0.0710731
5.07196 0.0719525
5.07196 0.0719525
5.07265 0.0726452
5.07375 0.0737345
5.07407 0.0740618
5.07407 0.0740618
5.07519 0.0751901
5.0761 0.0760927
5.07642 0.07642
5.07674 0.0767415
5.07737 0.0773701
5.07788 0.0778625
5.07835 0.0783434
5.07883 0.0788263
5.07965 0.0796435
5.0805 0.0804917
5.08116 0.0811455
5.08148 0.0814729
5.0816 0.0415903
5.0816 0.0415903
5.0816 0.0415903
5.0816 0.0415903
5.0816 0.0412708
5.0816 0.0412708
5.08173 0.0413992
5.08205 0.0820492
5.08237 0.0823687
5.08237 0.0823687
5.08269 0.0826882
5.08447 0.0844442
5.08513 0.0851312
5.08608 0.0860728
5.08649 0.0864856
5.08709 0.0870772
5.088 0.0879956
5.089 0.0889994
5.08932 0.0893189
5.08964 0.0896384
5.09142 0.0913944
5.0924 0.0923925
5.09272 0.092712
5.09686 0.0968494
5.09892 0.0989186
5.09965 0.0996425
5.10074 0.100732
5.10106 0.0410579
5.10106 0.0410579
5.10106 0.0410579
5.10138 0.101374
5.1017 0.101694
5.10183 0.0418253
5.10183 0.0415058
5.10183 0.0415058
5.10395 0.103946
5.10449 0.104483
5.10583 0.105829
5.10674 0.106739
5.10734 0.107339
5.11068 0.110675
5.11112 0.111119
5.11346 0.11346
5.11528 0.115273
5.1169 0.116899
5.12015 0.120142
5.12105 0.0410346
5.12105 0.0410346
5.12105 0.0410346
5.1214 0.0413807
5.1214 0.0410612
5.1214 0.0410612
5.12704 0.127032
5.12742 0.127414
5.13209 0.132088
5.13446 0.134461
5.13478 0.13478
5.13597 0.135971
5.14124 0.0412364
5.14137 0.0410453
5.14137 0.0410453
5.14137 0.0410453
5.14168 0.0413603
5.14168 0.0410408
5.14168 0.0410408
5.14412 0.0441144
5.14857 0.14857
5.15387 0.153866
5.15593 0.0559282
5.15625 0.0562477
5.15625 0.0562477
5.15834 0.0583409
5.15888 0.0588774
5.15945 0.0594457
5.15977 0.0597652
5.16099 0.0609867
5.16131 0.0613063
5.16163 0.161625
5.16163 0.161625
5.16163 0.0616258
5.16176 0.0417289
5.16176 0.0417289
5.16176 0.0417289
5.16176 0.0417289
5.16176 0.0414094
5.16176 0.0414094
5.16189 0.0415378
5.16264 0.0626375
5.16296 0.062957
5.16353 0.0635261
5.16385 0.0638449
5.16728 0.0672743
5.16897 0.0689636
5.16978 0.06978
5.17107 0.0710637
5.17191 0.071912
5.17223 0.0722315
5.17265 0.0726444
5.17371 0.0737111
5.17403 0.0740299
5.17403 0.0740299
5.17519 0.0751892
5.17607 0.0760693
5.17639 0.0763881
5.17671 0.0766816
5.17737 0.0773692
5.17788 0.0778737
5.17832 0.07832
5.17883 0.0788254
5.17965 0.0796426
5.18049 0.0804909
5.18116 0.0811533
5.18147 0.081472
5.1816 0.0415894
5.1816 0.0415894
5.1816 0.0415894
5.1816 0.0415894
5.1816 0.0412699
5.1816 0.0412699
5.18173 0.0413983
5.18205 0.0820483
5.18237 0.0823678
5.18237 0.0823678
5.18269 0.0826873
5.18447 0.0844433
5.18513 0.0851304
5.18607 0.0860719
5.18646 0.0864537
5.18706 0.0870539
5.188 0.0879947
5.18903 0.0890296
5.18935 0.0893491
5.18967 0.0896686
5.19142 0.0913935
5.19239 0.0923916
5.19239 0.0923916
5.19685 0.0968487
5.19891 0.0989093
5.19964 0.0996331
5.20073 0.100731
5.20108 0.0410486
5.20108 0.0410486
5.20108 0.0410486
5.2014 0.101396
5.2014 0.101396
5.20153 0.0414965
5.20153 0.0411769
5.20153 0.0411769
5.20393 0.103928
5.20447 0.104465
5.20581 0.105811
5.20672 0.106721
5.20735 0.107352
5.21066 0.110657
5.2111 0.111101
5.21348 0.113474
5.21529 0.115286
5.21688 0.116881
5.22013 0.120124
5.22106 0.0410479
5.22106 0.0410479
5.22106 0.0410479
5.22138 0.0413629
5.22138 0.0410434
5.22138 0.0410434
5.22705 0.127046
5.22743 0.127427
5.23207 0.13207
5.23445 0.134443
5.23476 0.134762
5.23596 0.135953
5.24125 0.0412497
5.24138 0.0410586
5.24138 0.0410586
5.24138 0.0410586
5.24169 0.0413736
5.24169 0.0410541
5.24169 0.0410541
5.24413 0.0441277
5.24855 0.148552
5.25385 0.153848
5.25594 0.0559415
5.25594 0.0559415
5.25626 0.056261
5.25836 0.0583317
5.25889 0.0588907
5.25943 0.0594279
5.25975 0.0597474
5.261 0.061
5.26132 0.0613195
5.26164 0.161638
5.26164 0.161638
5.26164 0.0616391
5.26177 0.0417422
5.26177 0.0417422
5.26177 0.0417422
5.26177 0.0417422
5.26177 0.0414227
5.26177 0.0414227
5.2619 0.0415511
5.26265 0.0626508
5.26297 0.0629703
5.26354 0.063517
5.26386 0.0638581
5.26729 0.0672824
5.26898 0.0689544
5.26976 0.0697622
5.27108 0.071077
5.27193 0.0719253
5.27225 0.0722448
5.27263 0.0726265
5.27373 0.073702
5.27404 0.0740432
5.27404 0.0740432
5.27517 0.0751714
5.27611 0.0760913
5.27643 0.0764325
5.27675 0.076733
5.27735 0.0773514
5.27789 0.077868
5.27837 0.078342
5.27884 0.0788387
5.27963 0.0796248
5.28047 0.080473
5.2812 0.0811752
5.28152 0.0815164
5.28165 0.0416338
5.28165 0.0416338
5.28165 0.0416338
5.28165 0.0416338
5.28165 0.0413143
5.28165 0.0413143
5.28177 0.0414427
5.28209 0.0820927
5.28241 0.0824122
5.28241 0.0824122
5.28273 0.0827317
5.28448 0.0844566
5.28515 0.0851436
5.28606 0.0860541
5.28647 0.0864669
5.28707 0.0870447
5.28798 0.0879769
5.28901 0.0890118
5.28933 0.0893313
5.28965 0.0896508
5.29143 0.0914068
5.29241 0.0924049
5.29241 0.0924049
5.29686 0.0968395
5.29892 0.0989225
5.29965 0.0996464
5.30075 0.100722
5.30109 0.0410618
5.30109 0.0410618
5.30109 0.0410618
5.30141 0.101409
5.30141 0.101409
5.30154 0.0415097
5.30154 0.0411902
5.30154 0.0411902
5.30394 0.103941
5.30448 0.104478
5.30583 0.105824
5.30674 0.106735
5.30734 0.107334
5.31064 0.11064
5.31112 0.111115
5.31349 0.113487
5.31527 0.115268
5.3169 0.116894
5.32011 0.120106
5.32108 0.0410612
5.32108 0.0410612
5.32108 0.0410612
5.32139 0.0413762
5.32139 0.0410567
5.32139 0.0410567
5.32703 0.127028
5.32744 0.127441
5.33209 0.132084
5.33446 0.134456
5.33478 0.134776
5.33594 0.135935
5.34123 0.0412319
5.34136 0.0410408
5.34136 0.0410408
5.34136 0.0410408
5.34168 0.0413558
5.34168 0.0410363
5.34168 0.0410363
5.34411 0.0441099
5.34857 0.148565
5.35386 0.153862
5.35592 0.0559237
5.35624 0.0562432
5.35624 0.0562432
5.35834 0.0583226
5.35887 0.0588729
5.35944 0.0594412
5.35976 0.0597607
5.36098 0.0609822
5.3613 0.0613017
5.36162 0.16162
5.36162 0.16162
5.36162 0.0616212
5.36175 0.0417244
5.36175 0.0417244
5.36175 0.0417244
5.36175 0.0417244
5.36175 0.0414048
5.36175 0.0414048
5.36188 0.0415332
5.36263 0.062633
5.36295 0.0629525
5.36355 0.0635389
5.36387 0.0638714
5.36727 0.0672594
5.36896 0.0689453
5.36978 0.0697755
5.37109 0.0710903
5.37194 0.0719386
5.37226 0.0722581
5.37264 0.0726398
5.37374 0.0737239
5.37406 0.0740564
5.37406 0.0740564
5.37519 0.0751847
5.3761 0.0760821
5.37642 0.0764146
5.37674 0.0767183
5.37737 0.0773647
5.37787 0.0778623
5.37835 0.0783328
5.37882 0.0788209
5.37964 0.0796381
5.38049 0.0804863
5.38118 0.081166
5.3815 0.0814986
5.38163 0.041616
5.38163 0.041616
5.38163 0.041616
5.38163 0.041616
5.38163 0.0412965
5.38163 0.0412965
5.38176 0.0414249
5.38208 0.0820749
5.3824 0.0823944
5.3824 0.0823944
5.38271 0.0827139
5.38447 0.0844388
5.38513 0.0851258
5.38607 0.0860674
5.38648 0.0864802
5.38708 0.0870666
5.38799 0.0879902
5.38903 0.0890251
5.38935 0.0893446
5.38966 0.0896641
5.39142 0.091389
5.39239 0.0923871
5.39239 0.0923871
5.39688 0.0968615
5.39891 0.0989047
5.39966 0.0996597
5.40073 0.100713
5.40107 0.041044
5.40107 0.041044
5.40107 0.041044
5.40139 0.101391
5.40139 0.101391
5.40152 0.0414919
5.40152 0.0411724
5.40152 0.0411724
5.40392 0.103923
5.40446 0.10446
5.40581 0.105806
5.40672 0.106717
5.40735 0.107347
5.41065 0.110653
5.4111 0.111097
5.41347 0.113469
5.41528 0.115282
5.41688 0.116876
5.42012 0.12012
5.42106 0.0410433
5.42106 0.0410433
5.42106 0.0410433
5.42137 0.0413584
5.42137 0.0410388
5.42137 0.0410388
5.42704 0.127041
5.42742 0.127423
5.43207 0.132066
5.43447 0.134469
5.43479 0.134789
5.43595 0.135948
5.44125 0.0412452
5.44137 0.041054
5.44137 0.041054
5.44137 0.041054
5.44169 0.0413691
5.44169 0.0410496
5.44169 0.0410496
5.44412 0.0441231
5.44855 0.148548
5.45384 0.153844
5.45594 0.055937
5.45594 0.055937
5.45626 0.0562565
5.45835 0.0583445
5.45889 0.0588861
5.45942 0.0594234
5.45974 0.0597429
5.461 0.0609955
5.46132 0.061315
5.46163 0.161634
5.46163 0.161634
5.46163 0.0616345
5.46176 0.0417376
5.46176 0.0417376
5.46176 0.0417376
5.46176 0.0417376
5.46176 0.0414181
5.46176 0.0414181
5.46189 0.0415465
5.46265 0.0626463
5.46297 0.0629658
5.46353 0.0635297
5.46385 0.0638536
5.46728 0.0672675
5.46897 0.0689672
5.46979 0.0697888
5.47107 0.0710725
5.47192 0.0719208
5.47224 0.0722403
5.47262 0.072622
5.47372 0.0737147
5.47404 0.0740386
5.47404 0.0740386
5.47517 0.0751668
5.47608 0.0760729
5.4764 0.0763968
5.47672 0.0767036
5.47735 0.0773469
5.47788 0.0778566
5.47833 0.0783236
5.47883 0.0788342
5.47965 0.0796513
5.48047 0.0804685
5.48116 0.0811569
5.48148 0.0814808
5.48161 0.0415982
5.48161 0.0415982
5.48161 0.0415982
5.48161 0.0415982
5.48161 0.0412787
5.48161 0.0412787
5.48174 0.0414071
5.48206 0.0820571
5.48238 0.0823766
5.48238 0.0823766
5.4827 0.0826961
5.48448 0.0844521
5.48514 0.0851391
5.48608 0.0860807
5.48646 0.0864624
5.48706 0.0870575
5.48797 0.0879723
5.48901 0.0890072
5.48933 0.0893268
5.48965 0.0896463
5.49143 0.0914023
5.4924 0.0924003
5.4924 0.0924003
5.49686 0.0968523
5.49892 0.098918
5.49964 0.0996419
5.50074 0.100735
5.50109 0.0410573
5.50109 0.0410573
5.50109 0.0410573
5.5014 0.101405
5.5014 0.101405
5.50153 0.0415052
5.50153 0.0411857
5.50153 0.0411857
5.50394 0.103936
5.50447 0.104474
5.50582 0.10582
5.50673 0.10673
5.50733 0.10733
5.51064 0.110635
5.51111 0.11111
5.51348 0.113482
5.51526 0.115264
5.51689 0.11689
5.5201 0.120102
5.52107 0.0410566
5.52107 0.0410566
5.52107 0.0410566
5.52139 0.0413716
5.52139 0.0410521
5.52139 0.0410521
5.52705 0.127055
5.52744 0.127436
5.53208 0.132079
5.53445 0.134452
5.53477 0.134771
5.53596 0.135961
5.54126 0.0412274
5.54139 0.0410362
5.54139 0.0410362
5.54139 0.0410362
5.54173 0.0413824
5.54173 0.0410628
5.54173 0.0410628
5.54414 0.0441053
5.54856 0.148561
5.55386 0.153857
5.55598 0.0559503
5.55598 0.0559503
5.5563 0.0562698
5.55836 0.0583353
5.55893 0.0588994
5.55947 0.0594367
5.55979 0.0597562
5.56101 0.0609777
5.56133 0.0612972
5.56165 0.161647
5.56165 0.161647
5.56165 0.0616167
5.56178 0.0417509
5.56178 0.0417509
5.56178 0.0417509
5.56178 0.0417509
5.56178 0.0414314
5.56178 0.0414314
5.5619 0.0415598
5.56266 0.0626285
5.56298 0.062948
5.56355 0.0635205
5.56387 0.0638358
5.5673 0.0672757
5.56898 0.068958
5.5698 0.069771
5.57112 0.0710858
5.57196 0.0719341
5.57228 0.0722536
5.57267 0.0726353
5.57373 0.0737055
5.57405 0.0740208
5.57405 0.0740208
5.57521 0.0751801
5.57612 0.0760948
5.57644 0.0764101
5.57676 0.0767551
5.57739 0.0773602
5.5779 0.077882
5.57837 0.0783456
5.57888 0.0788475
5.57966 0.0796335
5.58051 0.0804818
5.58117 0.0811477
5.58149 0.081463
5.58162 0.0416115
5.58162 0.0416115
5.58162 0.0416115
5.58162 0.0416115
5.58162 0.041292
5.58162 0.041292
5.58175 0.0414204
5.58207 0.0820392
5.58239 0.0823588
5.58239 0.0823588
5.58271 0.0826783
5.58446 0.0844343
5.58518 0.0851524
5.58609 0.0860629
5.58651 0.0864757
5.58707 0.0870483
5.58802 0.0879856
5.58905 0.0890205
5.58937 0.08934
5.58969 0.0896595
5.59141 0.0913844
5.59244 0.0924136
5.59244 0.0924136
5.59687 0.0968431
5.59893 0.0989002
5.59969 0.0996552
5.60075 0.100725
5.60107 0.0410395
5.60107 0.0410395
5.60107 0.0410395
5.60139 0.101356
5.60171 0.101675
5.60183 0.0418069
5.60183 0.0414874
5.60183 0.0414874
5.60396 0.103927
5.60449 0.104464
5.60584 0.10581
5.60675 0.106721
5.60738 0.107351
5.61069 0.110657
5.61113 0.111101
5.6135 0.113473
5.61532 0.115286
5.61691 0.11688
5.62015 0.120124
5.62106 0.0410473
5.62106 0.0410473
5.62106 0.0410473
5.62138 0.0413623
5.62138 0.0410428
5.62138 0.0410428
5.62708 0.127045
5.62746 0.127427
5.6321 0.13207
5.63447 0.134442
5.63479 0.134762
5.63598 0.135952
5.64128 0.0412491
5.64141 0.041058
5.64141 0.041058
5.64141 0.041058
5.64172 0.041373
5.64172 0.0410535
5.64172 0.0410535
5.64416 0.0441271
5.64858 0.148552
5.65388 0.153848
5.65597 0.0559409
5.65597 0.0559409
5.65629 0.0562604
5.65835 0.0583346
5.65892 0.0588901
5.65946 0.0594273
5.65978 0.0597468
5.66103 0.0609995
5.66135 0.061319
5.66167 0.161638
5.66167 0.161638
5.66167 0.0616385
5.6618 0.0417727
5.6618 0.0417727
5.6618 0.0417727
5.6618 0.0417727
5.6618 0.0414532
5.6618 0.0414532
5.66192 0.0415816
5.66268 0.0626502
5.663 0.0629697
5.66357 0.0635509
5.66389 0.0638576
5.66729 0.0672611
5.66897 0.0689573
5.66979 0.0697616
5.67111 0.0710765
5.67195 0.0719247
5.67227 0.0722442
5.67266 0.072626
5.67372 0.0737048
5.67404 0.0740115
5.67404 0.0740115
5.6752 0.0751708
5.67611 0.0760941
5.67643 0.0764008
5.67675 0.0767489
5.67738 0.0773508
5.67789 0.0778847
5.67836 0.0783449
5.67887 0.0788381
5.67965 0.0796242
5.6805 0.0804725
5.68116 0.081147
5.68148 0.0814536
5.68161 0.0416021
5.68161 0.0416021
5.68161 0.0416021
5.68161 0.0416021
5.68161 0.0412826
5.68161 0.0412826
5.68174 0.041411
5.68206 0.0820299
5.68238 0.0823494
5.68238 0.0823494
5.6827 0.0826689
5.68448 0.084456
5.68517 0.0851431
5.68608 0.0860535
5.6865 0.0864664
5.68706 0.0870476
5.68801 0.0879763
5.68904 0.0890112
5.68936 0.0893307
5.68968 0.0896502
5.69143 0.0914062
5.69243 0.0924043
5.69243 0.0924043
5.69686 0.0968424
5.69895 0.098922
5.69968 0.0996458
5.70074 0.100725
5.70109 0.0410613
5.70109 0.0410613
5.70109 0.0410613
5.70141 0.101377
5.70173 0.101697
5.70185 0.0418287
5.70185 0.0415092
5.70185 0.0415092
5.70398 0.103949
5.70448 0.104455
5.70583 0.105801
5.70677 0.106743
5.70737 0.107342
5.71068 0.110647
5.71112 0.111091
5.71349 0.113464
5.71531 0.115276
5.7169 0.116871
5.72014 0.120114
5.72105 0.0410379
5.72105 0.0410379
5.72105 0.0410379
5.7214 0.041384
5.7214 0.0410645
5.7214 0.0410645
5.72707 0.127036
5.72748 0.127449
5.73212 0.132092
5.73449 0.134464
5.73481 0.134783
5.73597 0.135943
5.74127 0.0412398
5.7414 0.0410486
5.7414 0.0410486
5.7414 0.0410486
5.74171 0.0413637
5.74171 0.0410441
5.74171 0.0410441
5.74415 0.0441177
5.74857 0.148542
5.75387 0.153838
5.75596 0.0559316
5.75596 0.0559316
5.75628 0.0562511
5.75834 0.0583339
5.75891 0.0588807
5.75948 0.0594491
5.7598 0.0597686
5.76102 0.0609901
5.76134 0.0613096
5.76166 0.161628
5.76166 0.161628
5.76166 0.0616291
5.76179 0.0417633
5.76179 0.0417633
5.76179 0.0417633
5.76179 0.0417633
5.76179 0.0414438
5.76179 0.0414438
5.76191 0.0415722
5.76267 0.0626409
5.76299 0.0629604
5.76353 0.0635191
5.76385 0.0638171
5.76731 0.0672777
5.76896 0.0689566
5.76981 0.0697834
5.7711 0.0710671
5.77194 0.0719154
5.77226 0.0722349
5.77268 0.0726477
5.77371 0.0737041
5.77403 0.0740021
5.77403 0.0740021
5.77522 0.0751925
5.7761 0.0760934
5.77642 0.0763914
5.77674 0.0767115
5.7774 0.0773726
5.77788 0.0778564
5.77835 0.0783442
5.77886 0.0788288
5.77967 0.0796459
5.78049 0.0804631
5.78115 0.0811463
5.78147 0.0814443
5.7816 0.0415928
5.7816 0.0415928
5.7816 0.0415928
5.7816 0.0415928
5.7816 0.0412733
5.7816 0.0412733
5.78173 0.0414017
5.78205 0.0820205
5.78237 0.0823401
5.78237 0.0823401
5.78269 0.0826596
5.78447 0.0844467
5.78516 0.0851337
5.7861 0.0860753
5.78649 0.086457
5.78705 0.0870469
5.78803 0.087998
5.78906 0.0890329
5.78938 0.0893524
5.7897 0.089672
5.79142 0.0913968
5.79242 0.0923949
5.79242 0.0923949
5.79685 0.0968417
5.79894 0.0989126
5.79967 0.0996365
5.80073 0.100724
5.80108 0.0410519
5.80108 0.0410519
5.80108 0.0410519
5.8014 0.101368
5.80172 0.101688
5.80184 0.0418193
5.80184 0.0414998
5.80184 0.0414998
5.80397 0.10394
5.80451 0.104477
5.80585 0.105823
5.80676 0.106733
5.80736 0.107333
5.81067 0.110638
5.81114 0.111113
5.81351 0.113486
5.8153 0.115267
5.81692 0.116893
5.82013 0.120105
5.82107 0.0410597
5.82107 0.0410597
5.82107 0.0410597
5.82139 0.0413747
5.82139 0.0410552
5.82139 0.0410552
5.82709 0.127058
5.82747 0.127439
5.83211 0.132082
5.83448 0.134455
5.8348 0.134774
5.83599 0.135965
5.84126 0.0412304
5.84139 0.0410393
5.84139 0.0410393
5.84139 0.0410393
5.8417 0.0413543
5.8417 0.0410348
5.8417 0.0410348
5.84414 0.0441084
5.84859 0.148564
5.85389 0.15386
5.85595 0.0559222
5.85627 0.0562417
5.85627 0.0562417
5.85836 0.0583332
5.85893 0.0589025
5.85947 0.0594397
5.85979 0.0597592
5.86101 0.0609808
5.86133 0.0613003
5.86165 0.161619
5.86165 0.161619
5.86165 0.0616198
5.86178 0.041754
5.86178 0.041754
5.86178 0.041754
5.86178 0.041754
5.86178 0.0414345
5.86178 0.0414345
5.8619 0.0415629
5.86266 0.0626315
5.86298 0.062951
5.86355 0.0635184
5.86387 0.0638389
5.86727 0.0672632
5.86898 0.0689559
5.8698 0.069774
5.87112 0.0710889
5.87197 0.0719371
5.87228 0.0722566
5.87267 0.0726384
5.87373 0.0737034
5.87405 0.0740239
5.87405 0.0740239
5.87521 0.0751832
5.87612 0.0760927
5.87644 0.0764132
5.87676 0.0767364
5.87739 0.0773632
5.87787 0.0778591
5.87837 0.0783434
5.87888 0.0788505
5.87966 0.0796366
5.88051 0.0804849
5.88117 0.0811456
5.88149 0.081466
5.88162 0.0416145
5.88162 0.0416145
5.88162 0.0416145
5.88162 0.0416145
5.88162 0.041295
5.88162 0.041295
5.88175 0.0414234
5.88207 0.0820423
5.88239 0.0823618
5.88239 0.0823618
5.88271 0.0826813
5.88446 0.0844373
5.88515 0.0851244
5.88609 0.086066
5.88651 0.0864788
5.88708 0.0870462
5.88802 0.0879887
5.88905 0.0890236
5.88937 0.0893431
5.88969 0.0896626
5.89141 0.0913875
5.89241 0.0923856
5.89273 0.0927051
5.89688 0.0968495
5.89894 0.0989117
5.89966 0.0996356
5.90076 0.100732
5.90108 0.041051
5.90108 0.041051
5.90108 0.041051
5.9014 0.101367
5.90171 0.101687
5.90184 0.0418184
5.90184 0.0414989
5.90184 0.0414989
5.90397 0.103939
5.9045 0.104476
5.90585 0.105822
5.90676 0.106732
5.90736 0.107332
5.91067 0.110637
5.91114 0.111112
5.91351 0.113485
5.91529 0.115266
5.91692 0.116892
5.92013 0.120104
5.92107 0.0410588
5.92107 0.0410588
5.92107 0.0410588
5.92138 0.0413738
5.92138 0.0410543
5.92138 0.0410543
5.92708 0.127057
5.92747 0.127438
5.93211 0.132081
5.93448 0.134454
5.9348 0.134773
5.93599 0.135964
5.94126 0.0412295
5.94139 0.0410384
5.94139 0.0410384
5.94139 0.0410384
5.9417 0.0413534
5.9417 0.0410339
5.9417 0.0410339
5.94413 0.0441075
5.94859 0.148563
5.95389 0.153859
5.95595 0.0559213
5.95627 0.0562408
5.95627 0.0562408
5.95836 0.058341
5.95893 0.0589016
5.95947 0.0594388
5.95979 0.0597584
5.96101 0.0609799
5.96133 0.0612994
5.96165 0.161618
5.96165 0.161618
5.96165 0.0616189
5.96177 0.0417531
5.96177 0.0417531
5.96177 0.0417531
5.96177 0.0417531
5.96177 0.0414336
5.96177 0.0414336
5.9619 0.041562
5.96266 0.0626306
5.96298 0.0629501
5.96355 0.0635262
5.96387 0.063838
5.96726 0.0672571
5.96898 0.0689637
5.9698 0.0697731
5.97112 0.071088
5.97196 0.0719363
5.97228 0.0722558
5.97266 0.0726375
5.97373 0.0737112
5.97405 0.074023
5.97405 0.074023
5.97521 0.0751823
5.97609 0.0760694
5.97641 0.0763812
5.97673 0.0767075
5.97739 0.0773623
5.9779 0.0778703
5.97834 0.0783201
5.97888 0.0788496
5.97966 0.0796357
5.98051 0.080484
5.98117 0.0811533
5.98149 0.0814651
5.98162 0.0416137
5.98162 0.0416137
5.98162 0.0416137
5.98162 0.0416137
5.98162 0.0412941
5.98162 0.0412941
5.98175 0.0414225
5.98207 0.0820414
5.98239 0.0823609
5.98239 0.0823609
5.98271 0.0826804
5.98446 0.0844364
5.98515 0.0851235
5.98609 0.0860651
5.9865 0.0864779
5.98707 0.0870539
5.98801 0.0879878
5.98905 0.0890227
5.98937 0.0893422
5.98969 0.0896617
5.99141 0.0913866
5.99244 0.0924158
5.99244 0.0924158
5.99687 0.0968487
5.99893 0.0989024
5.99968 0.0996573
6.00075 0.100731
6.00107 0.0410417
6.00107 0.0410417
6.00107 0.0410417
6.00138 0.101358
6.0017 0.101677
6.00183 0.0418091
6.00183 0.0414896
6.00183 0.0414896
6.00396 0.103929
6.0045 0.10447
6.00584 0.105816
6.00675 0.106727
6.00738 0.107357
6.01069 0.110663
6.01116 0.111138
6.01351 0.113479
6.01532 0.115291
6.01691 0.116886
6.02013 0.120098
6.02106 0.0410531
6.02106 0.0410531
6.02106 0.0410531
6.02138 0.0413681
6.02138 0.0410486
6.02138 0.0410486
6.02708 0.127051
6.02749 0.127464
6.0321 0.132076
6.03448 0.134448
6.03479 0.134768
6.03599 0.135958
6.04128 0.0412549
6.04141 0.0410638
6.04141 0.0410638
6.04141 0.0410638
6.04172 0.0413788
6.04172 0.0410593
6.04172 0.0410593
6.04416 0.0441329
6.04858 0.148557
6.05388 0.153853
6.05597 0.0559467
6.05597 0.0559467
6.05629 0.0562662
6.05835 0.0583439
6.05892 0.0588959
6.05946 0.0594331
6.05978 0.0597526
6.06103 0.0610053
6.06135 0.0613248
6.06167 0.161643
6.06167 0.161643
6.06167 0.0616443
6.0618 0.0417785
6.0618 0.0417785
6.0618 0.0417785
6.0618 0.0417785
6.0618 0.041459
6.0618 0.041459
6.06193 0.0415874
6.06268 0.062656
6.063 0.0629755
6.06354 0.0635291
6.06386 0.0638323
6.06732 0.0673084
6.06901 0.0689977
6.06982 0.0697985
6.07111 0.0710823
6.07199 0.0719616
6.07231 0.0722811
6.07269 0.0726629
6.07376 0.0737452
6.07407 0.0740484
6.07407 0.0740484
6.07523 0.0752077
6.07611 0.0761034
6.07646 0.0764377
6.07678 0.0767671
6.07738 0.0773566
6.07792 0.0779078
6.07836 0.0783541
6.0789 0.078875
6.07966 0.07963
6.0805 0.0804783
6.0812 0.0811874
6.08152 0.0814905
6.08165 0.041639
6.08165 0.041639
6.08165 0.041639
6.08165 0.041639
6.08165 0.0413195
6.08165 0.0413195
6.08177 0.0414479
6.08209 0.0820668
6.08241 0.0823863
6.08241 0.0823863
6.08273 0.0827058
6.08448 0.0844618
6.08518 0.0851489
6.08609 0.0860594
6.0865 0.0864722
6.08707 0.0870569
6.08801 0.0879821
6.08907 0.0890481
6.08907 0.0890481
6.08967 0.0896475
6.09142 0.0914035
6.09243 0.0924016
6.09243 0.0924016
6.09685 0.0968432
6.09895 0.0989193
6.09967 0.0996432
6.10074 0.100726
6.10108 0.0410586
6.10108 0.0410586
6.10108 0.0410586
6.1014 0.101375
6.1014 0.101375
6.10153 0.0415065
6.10153 0.041187
6.10153 0.041187
6.10396 0.103938
6.1045 0.104475
6.10585 0.105821
6.10676 0.106731
6.10736 0.107331
6.11066 0.110636
6.11114 0.111111
6.11351 0.113484
6.11529 0.115265
6.11692 0.116891
6.12013 0.120103
6.12107 0.0410579
6.12107 0.0410579
6.12107 0.0410579
6.12138 0.0413729
6.12138 0.0410534
6.12138 0.0410534
6.12711 0.127087
6.12749 0.127469
6.13211 0.13208
6.13448 0.134453
6.1348 0.134772
6.13596 0.135932
6.14129 0.0412597
6.14141 0.0410686
6.14141 0.0410686
6.14141 0.0410686
6.14173 0.0413836
6.14173 0.0410641
6.14173 0.0410641
6.14416 0.0441377
6.14859 0.148562
6.15388 0.153858
6.15598 0.0559515
6.15598 0.0559515
6.1563 0.056271
6.15836 0.0583574
6.15893 0.0589007
6.15946 0.0594379
6.15978 0.0597575
6.16104 0.0610101
6.16136 0.0613296
6.16167 0.161648
6.16167 0.161648
6.16167 0.0616491
6.1618 0.0417833
6.1618 0.0417833
6.1618 0.0417833
6.1618 0.0417833
6.1618 0.0414638
6.1618 0.0414638
6.16193 0.0415922
6.16269 0.0626608
6.16301 0.0629803
6.16351 0.0635115
6.16383 0.063806
6.16732 0.0673081
6.16901 0.0690112
6.16983 0.0698034
6.17111 0.0710871
6.17196 0.0719354
6.17228 0.0722549
6.17266 0.0726366
6.17373 0.0737276
6.17405 0.0740221
6.17405 0.0740221
6.17524 0.0752125
6.17612 0.0761169
6.17647 0.0764425
6.17679 0.0767751
6.17739 0.0773615
6.17792 0.0778937
6.17837 0.0783676
6.17891 0.0788798
6.17966 0.0796348
6.18051 0.0804831
6.18117 0.0811697
6.18149 0.0814642
6.18162 0.0416128
6.18162 0.0416128
6.18162 0.0416128
6.18162 0.0416128
6.18162 0.0412933
6.18162 0.0412933
6.18175 0.0414216
6.18207 0.0820405
6.18239 0.08236
6.18239 0.08236
6.18271 0.0826795
6.18449 0.0844666
6.18518 0.0851537
6.18609 0.0860642
6.18647 0.0864459
6.18704 0.0870392
6.18801 0.0879869
6.18908 0.0890529
6.18908 0.0890529
6.18965 0.0896213
6.19143 0.0914084
6.1924 0.0923753
6.19272 0.0926949
6.19687 0.0968651
6.19893 0.0989015
6.19968 0.0996564
6.20072 0.100716
6.20109 0.0410719
6.20109 0.0410719
6.20109 0.0410719
6.20141 0.101388
6.20141 0.101388
6.20154 0.0415198
6.20154 0.0412003
6.20154 0.0412003
6.20395 0.10392
6.20448 0.104457
6.20583 0.105803
6.20674 0.106714
6.20737 0.107344
6.21064 0.110619
6.21112 0.111094
6.21352 0.113497
6.2153 0.115278
6.21693 0.116904
6.22011 0.120085
6.22108 0.0410712
6.22108 0.0410712
6.22108 0.0410712
6.22139 0.0413862
6.22139 0.0410667
6.22139 0.0410667
6.22713 0.1271
6.22751 0.127482
6.23209 0.132063
6.23449 0.134466
6.23481 0.134786
6.23597 0.135945
6.24127 0.0412419
6.24139 0.0410508
6.24139 0.0410508
6.24139 0.0410508
6.24174 0.0413969
6.24174 0.0410774
6.24174 0.0410774
6.24414 0.0441199
6.24857 0.148544
6.25387 0.15384
6.25599 0.0559648
6.25599 0.0559648
6.25631 0.0562843
6.25837 0.0583482
6.25894 0.058914
6.25948 0.0594512
6.2598 0.0597707
6.26102 0.0609923
6.26134 0.0613118
6.26166 0.16163
6.26166 0.16163
6.26166 0.0616313
6.26178 0.0417655
6.26178 0.0417655
6.26178 0.0417655
6.26178 0.0417655
6.26178 0.041446
6.26178 0.041446
6.26191 0.0415744
6.26267 0.062643
6.26299 0.0629625
6.26356 0.0635334
6.26388 0.0638504
6.2673 0.0672851
6.26902 0.069002
6.26981 0.0697855
6.27113 0.0711004
6.27197 0.0719486
6.27229 0.0722682
6.27267 0.0726499
6.27377 0.0737495
6.27409 0.0740665
6.27409 0.0740665
6.27522 0.0751947
6.27613 0.0761077
6.27645 0.0764247
6.27677 0.0767644
6.2774 0.0773747
6.27794 0.0779191
6.27838 0.0783584
6.27889 0.078862
6.27964 0.079617
6.28049 0.0804653
6.28121 0.0811916
6.28153 0.0815086
6.28166 0.0416572
6.28166 0.0416572
6.28166 0.0416572
6.28166 0.0416572
6.28166 0.0413376
6.28166 0.0413376
6.28179 0.041466
6.28211 0.0820849
6.28243 0.0824044
6.28243 0.0824044
6.28275 0.0827239
6.28447 0.0844488
6.28519 0.085167
6.28607 0.0860464
6.28648 0.0864592
6.28705 0.08703
6.28799 0.0879691
6.28909 0.0890662
6.28909 0.0890662
6.28966 0.0896345
6.29141 0.0913905
6.29241 0.0923886
6.29273 0.0927081
6.29688 0.096856
6.29891 0.0988837
6.29969 0.0996697
6.30073 0.100707
6.30108 0.0410541
6.30108 0.0410541
6.30108 0.0410541
6.30139 0.10137
6.30171 0.10169
6.30184 0.0418215
6.30184 0.041502
6.30184 0.041502
6.30397 0.103942
6.30447 0.104448
6.30582 0.105794
6.30673 0.106704
6.30736 0.107335
6.31066 0.11064
6.31111 0.111084
6.31351 0.113488
6.31529 0.115269
6.31692 0.116895
6.32013 0.120107
6.32107 0.0410618
6.32107 0.0410618
6.32107 0.0410618
6.32138 0.0413769
6.32138 0.0410574
6.32138 0.0410574
6.32712 0.127091
6.3275 0.127473
6.33211 0.132084
6.33448 0.134457
6.3348 0.134776
6.33596 0.135936
6.34129 0.0412637
6.34142 0.0410726
6.34142 0.0410726
6.34142 0.0410726
6.34173 0.0413876
6.34173 0.0410681
6.34173 0.0410681
6.34417 0.0441417
6.34859 0.148566
6.35386 0.153831
6.35598 0.0559555
6.35598 0.0559555
6.3563 0.056275
6.35836 0.0583475
6.35893 0.0589047
6.35947 0.0594419
6.35979 0.0597614
6.36104 0.061014
6.36136 0.0613335
6.36168 0.161652
6.36168 0.161652
6.36168 0.061653
6.36181 0.0417873
6.36181 0.0417873
6.36181 0.0417873
6.36181 0.0417873
6.36181 0.0414678
6.36181 0.0414678
6.36193 0.0415961
6.36269 0.0626648
6.36301 0.0629843
6.36355 0.0635327
6.36386 0.063841
6.36733 0.0673017
6.36901 0.0690013
6.36983 0.0698073
6.37111 0.071091
6.37196 0.0719393
6.37228 0.0722588
6.37266 0.0726405
6.37376 0.0737488
6.37408 0.0740571
6.37408 0.0740571
6.37521 0.0751853
6.37612 0.076107
6.37644 0.0764153
6.37676 0.0767581
6.37739 0.0773654
6.37793 0.0779218
6.37837 0.0783577
6.37888 0.0788527
6.37963 0.0796076
6.38048 0.0804559
6.3812 0.0811909
6.38152 0.0814993
6.38165 0.0416478
6.38165 0.0416478
6.38165 0.0416478
6.38165 0.0416478
6.38165 0.0413283
6.38165 0.0413283
6.38178 0.0414567
6.3821 0.0820756
6.38242 0.0823951
6.38242 0.0823951
6.38274 0.0827146
6.38449 0.0844706
6.38518 0.0851576
6.38606 0.086037
6.38647 0.0864498
6.38704 0.0870293
6.38801 0.0879909
6.38908 0.0890569
6.38908 0.0890569
6.38965 0.0896252
6.3914 0.0913812
6.3924 0.0923793
6.39272 0.0926988
6.39687 0.0968553
6.39893 0.0989054
6.39968 0.0996604
6.40072 0.100706
6.4011 0.0410758
6.4011 0.0410758
6.4011 0.0410758
6.40142 0.101392
6.40142 0.101392
6.40154 0.0415237
6.40154 0.0412042
6.40154 0.0412042
6.40395 0.103924
6.40448 0.104461
6.40583 0.105807
6.40674 0.106718
6.40737 0.107348
6.41065 0.110622
6.41112 0.111097
6.41352 0.113501
6.41531 0.115282
6.41693 0.116908
6.42011 0.120089
6.42108 0.0410751
6.42108 0.0410751
6.42108 0.0410751
6.4214 0.0413902
6.4214 0.0410706
6.4214 0.0410706
6.42713 0.127104
6.42751 0.127486
6.43209 0.132067
6.43446 0.134439
6.43478 0.134758
6.43597 0.135949
6.44127 0.0412459
6.4414 0.0410547
6.4414 0.0410547
6.4414 0.0410547
6.44171 0.0413698
6.44171 0.0410503
6.44171 0.0410503
6.44415 0.0441238
6.44857 0.148548
6.45387 0.153844
6.45596 0.0559377
6.45628 0.0562572
6.45628 0.0562572
6.45834 0.0583383
6.45894 0.0589179
6.45945 0.0594241
6.45977 0.0597436
6.46102 0.0609962
6.46134 0.0613157
6.46166 0.161634
6.46166 0.161634
6.46166 0.0616352
6.46179 0.0417694
6.46179 0.0417694
6.46179 0.0417694
6.46179 0.0417694
6.46179 0.0414499
6.46179 0.0414499
6.46192 0.0415783
6.46267 0.062647
6.46299 0.0629665
6.46353 0.0635235
6.46385 0.0638232
6.46731 0.0672787
6.469 0.0689921
6.46981 0.0697895
6.47113 0.0711043
6.47198 0.0719526
6.4723 0.0722721
6.47268 0.0726538
6.47374 0.0737396
6.47406 0.0740393
6.47406 0.0740393
6.47522 0.0751986
6.4761 0.0760978
6.47645 0.0764286
6.47677 0.0767434
6.4774 0.0773787
6.47794 0.0779161
6.47835 0.0783485
6.47889 0.078866
6.47964 0.0796209
6.48049 0.0804692
6.48118 0.0811818
6.4815 0.0814815
6.48163 0.04163
6.48163 0.04163
6.48163 0.04163
6.48163 0.04163
6.48163 0.0413105
6.48163 0.0413105
6.48176 0.0414389
6.48208 0.0820578
6.4824 0.0823773
6.4824 0.0823773
6.48272 0.0826968
6.48447 0.0844528
6.48516 0.0851398
6.48607 0.0860503
6.48649 0.0864631
6.48705 0.0870513
6.488 0.087973
6.48906 0.089039
6.48938 0.0893586
6.4897 0.0896781
6.49142 0.091403
6.49242 0.092401
6.49242 0.092401
6.49685 0.0968461
6.49891 0.0988876
6.4997 0.0996737
6.50073 0.100728
6.50108 0.041058
6.50108 0.041058
6.50108 0.041058
6.5014 0.101374
6.5014 0.101374
6.50153 0.0415059
6.50153 0.0411864
6.50153 0.0411864
6.50396 0.103937
6.5045 0.104474
6.50581 0.105789
6.50672 0.1067
6.50735 0.10733
6.51066 0.110636
6.5111 0.11108
6.51351 0.113483
6.51529 0.115265
6.51691 0.11689
6.52013 0.120103
6.52106 0.0410573
6.52106 0.0410573
6.52106 0.0410573
6.52138 0.0413723
6.52138 0.0410528
6.52138 0.0410528
6.52711 0.127086
6.52749 0.127468
6.5321 0.13208
6.53448 0.134452
6.53479 0.134772
6.53595 0.135931
6.54128 0.0412592
6.54141 0.041068
6.54141 0.041068
6.54141 0.041068
6.54172 0.041383
6.54172 0.0410635
6.54172 0.0410635
6.54416 0.0441371
6.54858 0.148562
6.55385 0.153827
6.55597 0.055951
6.55597 0.055951
6.55629 0.0562705
6.55835 0.0583291
6.55892 0.0589001
6.55946 0.0594374
6.55978 0.0597569
6.56103 0.0610095
6.56135 0.061329
6.56167 0.161648
6.56167 0.161648
6.56167 0.0616485
6.5618 0.0417827
6.5618 0.0417827
6.5618 0.0417827
6.5618 0.0417827
6.5618 0.0414632
6.5618 0.0414632
6.56193 0.0415916
6.56268 0.0626603
6.563 0.0629798
6.56354 0.0635143
6.56386 0.0638365
6.56729 0.0672868
6.56904 0.069014
6.56982 0.0698028
6.57111 0.0710865
6.57196 0.0719348
6.57228 0.0722543
6.57269 0.0726671
6.57376 0.0737304
6.57407 0.0740526
6.57407 0.0740526
6.57523 0.0752119
6.57614 0.0761198
6.57646 0.0764419
6.57678 0.0767598
6.57738 0.0773609
6.57792 0.0779104
6.57836 0.0783394
6.5789 0.0788793
6.57966 0.0796342
6.58047 0.0804514
6.5812 0.0811726
6.58152 0.0814948
6.58165 0.0416433
6.58165 0.0416433
6.58165 0.0416433
6.58165 0.0416433
6.58165 0.0413238
6.58165 0.0413238
6.58177 0.0414522
6.58209 0.082071
6.58241 0.0823906
6.58241 0.0823906
6.58273 0.0827101
6.58448 0.0844661
6.58518 0.0851531
6.58609 0.0860636
6.58647 0.0864453
6.58707 0.0870421
6.58801 0.0879863
6.58907 0.0890523
6.58907 0.0890523
6.58964 0.0896207
6.59142 0.0914078
6.5924 0.0923748
6.59272 0.0926943
6.59686 0.0968369
6.59892 0.0989009
6.59968 0.0996559
6.60074 0.100719
6.60109 0.0410713
6.60109 0.0410713
6.60109 0.0410713
6.60141 0.101387
6.60141 0.101387
6.60154 0.0415192
6.60154 0.0411997
6.60154 0.0411997
6.60394 0.103919
6.60448 0.104457
6.60582 0.105803
6.60674 0.106713
6.60737 0.107344
6.61064 0.110618
6.61112 0.111093
6.61352 0.113496
6.6153 0.115278
6.61693 0.116904
6.62014 0.120116
6.62108 0.0410706
6.62108 0.0410706
6.62108 0.0410706
6.62139 0.0413856
6.62139 0.0410661
6.62139 0.0410661
6.62712 0.1271
6.6275 0.127481
6.63208 0.132062
6.63449 0.134466
6.63481 0.134785
6.63597 0.135944
6.64126 0.0412413
6.64139 0.0410502
6.64139 0.0410502
6.64139 0.0410502
6.64174 0.0413963
6.64174 0.0410768
6.64174 0.0410768
6.64414 0.0441193
6.64857 0.148544
6.65386 0.15384
6.65599 0.0559642
6.65599 0.0559642
6.65631 0.0562837
6.65837 0.0583511
6.65893 0.0589134
6.65947 0.0594507
6.65979 0.0597702
6.66101 0.0609917
6.66133 0.0613112
6.66165 0.16163
6.66165 0.16163
6.66165 0.0616307
6.66178 0.0417649
6.66178 0.0417649
6.66178 0.0417649
6.66178 0.0417649
6.66178 0.0414454
6.66178 0.0414454
6.66191 0.0415738
6.66266 0.0626424
6.66298 0.0629619
6.66352 0.0635052
6.66384 0.0638187
6.6673 0.0672949
6.66902 0.0690049
6.66981 0.069785
6.67112 0.0710998
6.67197 0.0719481
6.67229 0.0722676
6.67267 0.0726493
6.67377 0.0737524
6.67409 0.0740659
6.67409 0.0740659
6.67522 0.0751941
6.67613 0.0761106
6.67645 0.0764241
6.67677 0.0767451
6.6774 0.0773742
6.67793 0.0779047
6.67838 0.0783613
6.67888 0.0788614
6.67964 0.0796164
6.68049 0.0804647
6.68121 0.0811945
6.68153 0.081508
6.68166 0.0416566
6.68166 0.0416566
6.68166 0.0416566
6.68166 0.0416566
6.68166 0.0413371
6.68166 0.0413371
6.68179 0.0414655
6.68211 0.0820843
6.68243 0.0824038
6.68243 0.0824038
6.68274 0.0827233
6.68446 0.0844482
6.68516 0.0851353
6.68607 0.0860458
6.68648 0.0864586
6.68705 0.0870329
6.68799 0.0879685
6.68909 0.0890656
6.68909 0.0890656
6.68966 0.089634
6.69141 0.09139
6.69241 0.0923881
6.69273 0.0927076
6.69687 0.0968588
6.6989 0.0988831
6.69969 0.0996692
6.70073 0.10071
6.70107 0.0410535
6.70107 0.0410535
6.70107 0.0410535
6.70139 0.10137
6.70171 0.101689
6.70184 0.0418209
6.70184 0.0415014
6.70184 0.0415014
6.70396 0.103941
6.70447 0.104447
6.70581 0.105793
6.70673 0.106704
6.70736 0.107334
6.71066 0.11064
6.71111 0.111084
6.71351 0.113487
6.71529 0.115268
6.71692 0.116894
6.72013 0.120107
6.72107 0.0410613
6.72107 0.0410613
6.72107 0.0410613
6.72138 0.0413763
6.72138 0.0410568
6.72138 0.0410568
6.72711 0.12709
6.72749 0.127472
6.73211 0.132084
6.73448 0.134456
6.7348 0.134776
6.73596 0.135935
6.74128 0.0412631
6.74141 0.041072
6.74141 0.041072
6.74141 0.041072
6.74173 0.041387
6.74173 0.0410675
6.74173 0.0410675
6.74416 0.0441411
6.74859 0.148565
6.75385 0.153831
6.75598 0.0559549
6.75598 0.0559549
6.75629 0.0562744
6.75836 0.0583504
6.75892 0.0589041
6.75946 0.0594413
6.75978 0.0597608
6.76103 0.0610134
6.76135 0.0613329
6.76167 0.161652
6.76167 0.161652
6.76167 0.0616525
6.7618 0.0417867
6.7618 0.0417867
6.7618 0.0417867
6.7618 0.0417867
6.7618 0.0414672
6.7618 0.0414672
6.76193 0.0415956
6.76268 0.0626642
6.763 0.0629837
6.76351 0.0635045
6.76383 0.0638093
6.76729 0.0672804
6.76901 0.0690042
6.76983 0.0698067
6.77111 0.0710904
6.77196 0.0719387
6.77228 0.0722582
6.77266 0.0726399
6.77376 0.0737517
6.77408 0.0740566
6.77408 0.0740566
6.77521 0.0751848
6.77612 0.0761099
6.77644 0.0764148
6.77675 0.0767389
6.77739 0.0773648
6.77792 0.0779074
6.77837 0.0783606
6.77887 0.0788521
6.77963 0.0796071
6.78048 0.0804553
6.7812 0.0811938
6.78152 0.0814987
6.78165 0.0416472
6.78165 0.0416472
6.78165 0.0416472
6.78165 0.0416472
6.78165 0.0413277
6.78165 0.0413277
6.78178 0.0414561
6.7821 0.082075
6.78242 0.0823945
6.78242 0.0823945
6.78273 0.082714
6.78448 0.08447
6.78518 0.085157
6.78606 0.0860364
6.78647 0.0864492
6.78704 0.0870322
6.78801 0.0879903
6.78908 0.0890563
6.78908 0.0890563
6.78965 0.0896246
6.7914 0.0913806
6.7924 0.0923787
6.79272 0.0926982
6.79686 0.0968581
6.79893 0.0989048
6.79968 0.0996598
6.80072 0.100709
6.80109 0.0410752
6.80109 0.0410752
6.80109 0.0410752
6.80141 0.101391
6.80141 0.101391
6.80154 0.0415231
6.80154 0.0412036
6.80154 0.0412036
6.80394 0.103923
6.80448 0.104461
6.80583 0.105806
6.80674 0.106717
6.80737 0.107347
6.81064 0.110622
6.81112 0.111097
6.81352 0.1135
6.8153 0.115282
6.81693 0.116908
6.82011 0.120089
6.82108 0.0410746
6.82108 0.0410746
6.82108 0.0410746
6.82139 0.0413896
6.82139 0.0410701
6.82139 0.0410701
6.82712 0.127104
6.82751 0.127485
6.83209 0.132066
6.83446 0.134438
6.83478 0.134758
6.83597 0.135948
6.84127 0.0412453
6.84139 0.0410542
6.84139 0.0410542
6.84139 0.0410542
6.84171 0.0413692
6.84171 0.0410497
6.84171 0.0410497
6.84414 0.0441233
6.84857 0.148548
6.85386 0.153844
6.85596 0.0559371
6.85628 0.0562566
6.85628 0.0562566
6.85837 0.0583412
6.85894 0.0589174
6.85944 0.0594235
6.85976 0.059743
6.86102 0.0609956
6.86133 0.0613151
6.86165 0.161634
6.86165 0.161634
6.86165 0.0616346
6.86178 0.0417689
6.86178 0.0417689
6.86178 0.0417689
6.86178 0.0417689
6.86178 0.0414494
6.86178 0.0414494
6.86191 0.0415777
6.86267 0.0626464
6.86299 0.0629659
6.86355 0.0635264
6.86387 0.0638537
6.8673 0.0672885
6.86902 0.068995
6.86981 0.0697889
6.87112 0.0711037
6.87197 0.071952
6.87229 0.0722715
6.87267 0.0726532
6.87377 0.0737425
6.87409 0.0740698
6.87409 0.0740698
6.87522 0.0751981
6.87613 0.0761007
6.87645 0.076428
6.87677 0.0767553
6.8774 0.0773781
6.8779 0.0779017
6.87838 0.0783514
6.87889 0.0788654
6.87964 0.0796203
6.88049 0.0804686
6.88121 0.0811846
6.88153 0.081512
6.88166 0.0416294
6.88166 0.0416294
6.88166 0.0416294
6.88166 0.0416294
6.88166 0.0413099
6.88166 0.0413099
6.88179 0.0414383
6.88211 0.0820883
6.88243 0.0824078
6.88243 0.0824078
6.88275 0.0827273
6.88447 0.0844522
6.88516 0.0851392
6.88607 0.0860497
6.88648 0.0864625
6.88708 0.0870541
6.88799 0.0879725
6.88906 0.0890385
6.88938 0.089358
6.8897 0.0896775
6.89142 0.0914024
6.89242 0.0924005
6.89242 0.0924005
6.89688 0.096849
6.89891 0.098887
6.89966 0.099642
6.90076 0.100731
6.90107 0.0410574
6.90107 0.0410574
6.90107 0.0410574
6.90139 0.101374
6.90139 0.101374
6.90152 0.0415053
6.90152 0.0411858
6.90152 0.0411858
6.90396 0.103937
6.90449 0.104474
6.90581 0.105789
6.90672 0.106699
6.90735 0.10733
6.91065 0.110635
6.9111 0.111079
6.9135 0.113483
6.91528 0.115264
6.91691 0.11689
6.92012 0.120102
6.92106 0.0410567
6.92106 0.0410567
6.92106 0.0410567
6.92137 0.0413718
6.92137 0.0410522
6.92137 0.0410522
6.92711 0.127086
6.92749 0.127467
6.9321 0.132079
6.93447 0.134452
6.93479 0.134771
6.93595 0.135931
6.94128 0.0412586
6.94141 0.0410674
6.94141 0.0410674
6.94141 0.0410674
6.94172 0.0413825
6.94172 0.041063
6.94172 0.041063
6.94416 0.0441365
6.94858 0.148561
6.95385 0.153826
6.95597 0.0559504
6.95597 0.0559504
6.95629 0.0562699
6.95835 0.058332
6.95892 0.0588995
6.95946 0.0594368
6.95978 0.0597563
6.96103 0.0610089
6.96135 0.0613284
6.96167 0.161647
6.96167 0.161647
6.96167 0.0616479
6.9618 0.0417821
6.9618 0.0417821
6.9618 0.0417821
6.9618 0.0417821
6.9618 0.0414626
6.9618 0.0414626
6.96192 0.041591
6.96268 0.0626597
6.963 0.0629792
6.96354 0.0635172
6.96385 0.0638359
6.96732 0.0672966
6.969 0.0689858
6.96982 0.0698022
6.9711 0.0710859
6.97195 0.0719342
6.97227 0.0722537
6.97269 0.0726665
6.97375 0.0737333
6.97407 0.074052
6.97407 0.074052
6.97523 0.0752113
6.97614 0.0761226
6.97646 0.0764413
6.97678 0.0767717
6.97738 0.0773603
6.97792 0.077896
6.97836 0.0783422
6.9789 0.0788787
6.97965 0.0796336
6.98047 0.0804508
6.98119 0.0811755
6.98151 0.0814942
6.98164 0.0416116
6.98164 0.0416116
6.98164 0.0416116
6.98164 0.0416116
6.98164 0.0412921
6.98164 0.0412921
6.98177 0.0414205
6.98209 0.0820705
6.98241 0.08239
6.98241 0.08239
6.98273 0.0827095
6.98448 0.0844655
6.98517 0.0851525
6.98608 0.086063
6.98646 0.0864447
6.98706 0.087045
6.988 0.0879857
6.98907 0.0890518
6.98907 0.0890518
6.98964 0.0896201
6.99142 0.0914072
6.99239 0.0923742
6.99271 0.0926937
6.99686 0.0968398
6.99892 0.0989003
6.99967 0.0996553
7.00074 0.100722
7.00109 0.0410707
7.00109 0.0410707
7.00109 0.0410707
7.00141 0.101387
7.00141 0.101387
7.00153 0.0415186
7.00153 0.0411991
7.00153 0.0411991
7.00394 0.103919
7.00448 0.10446
7.00582 0.105806
7.00674 0.106716
7.00737 0.107347
7.01064 0.110621
7.01115 0.111127
7.01352 0.1135
7.01527 0.11525
7.01693 0.116907
7.02014 0.120119
7.02108 0.0410738
7.02108 0.0410738
7.02108 0.0410738
7.02139 0.0413888
7.02139 0.0410693
7.02139 0.0410693
7.02712 0.127103
7.0275 0.127484
7.03208 0.132065
7.03446 0.134438
7.03478 0.134757
7.03597 0.135948
7.04126 0.0412445
7.04142 0.0410845
7.04142 0.0410845
7.04142 0.0410845
7.04174 0.0413995
7.04174 0.04108
7.04174 0.04108
7.04414 0.0441225
7.0486 0.148578
7.05386 0.153843
7.05599 0.0559674
7.05599 0.0559674
7.05631 0.0562869
7.05834 0.0583266
7.05893 0.0589166
7.05947 0.0594538
7.05979 0.0597733
7.06104 0.0610259
7.06136 0.0613455
7.06136 0.161345
7.06168 0.161664
7.06168 0.061665
7.06181 0.0417992
7.06181 0.0417992
7.06181 0.0417992
7.06181 0.0417992
7.06181 0.0414797
7.06181 0.0414797
7.06194 0.0416081
7.06269 0.0626767
7.06301 0.0629962
7.06352 0.0635118
7.06384 0.0638218
7.06736 0.0673395
7.06905 0.0690426
7.06984 0.0698192
7.07112 0.0711029
7.072 0.0719823
7.072 0.0719823
7.07269 0.0726751
7.07379 0.0737816
7.07411 0.0740917
7.07411 0.0740917
7.07524 0.0752199
7.07615 0.0761398
7.07647 0.0764499
7.07679 0.0767834
7.07739 0.0773688
7.07796 0.0779478
7.0784 0.0783906
7.07891 0.0788872
7.07963 0.0796111
7.08048 0.0804594
7.08123 0.0812238
7.08155 0.0815338
7.08168 0.0416513
7.08168 0.0416513
7.08168 0.0416513
7.08168 0.0416513
7.08168 0.0413318
7.08168 0.0413318
7.08181 0.0414601
7.08213 0.0821101
7.08245 0.0824296
7.08245 0.0824296
7.08277 0.0827491
7.08449 0.084474
7.08518 0.0851611
7.08606 0.0860405
7.08647 0.0864533
7.08704 0.0870311
7.08798 0.0879632
7.08905 0.0890292
7.08937 0.0893487
7.08969 0.0896682
7.09141 0.0913931
7.09241 0.0923912
7.09273 0.0927107
7.09687 0.0968655
7.0989 0.0988862
7.09969 0.0996723
7.10073 0.100717
7.1011 0.0410878
7.1011 0.0410878
7.1011 0.0410878
7.10142 0.101404
7.10142 0.101404
7.10155 0.0415357
7.10155 0.0412161
7.10155 0.0412161
7.10395 0.103936
7.10449 0.104473
7.10581 0.105788
7.10672 0.106698
7.10735 0.107329
7.11065 0.110634
7.1111 0.111078
7.11353 0.113513
7.11528 0.115263
7.11694 0.11692
7.12012 0.120101
7.12109 0.0410871
7.12109 0.0410871
7.12109 0.0410871
7.1214 0.0414021
7.1214 0.0410826
7.1214 0.0410826
7.12713 0.127116
7.12752 0.127498
7.1321 0.132079
7.13447 0.134451
7.13479 0.13477
7.13595 0.13593
7.14128 0.0412578
7.1414 0.0410667
7.1414 0.0410667
7.1414 0.0410667
7.14175 0.0414128
7.14175 0.0410933
7.14175 0.0410933
7.14415 0.0441358
7.14858 0.14856
7.15384 0.153825
7.156 0.0559807
7.156 0.0559807
7.15632 0.0563002
7.15838 0.0583485
7.15895 0.0589299
7.15945 0.059436
7.15977 0.0597555
7.16106 0.0610392
7.16138 0.0613587
7.1617 0.161677
7.1617 0.161677
7.1617 0.0616782
7.16182 0.0418125
7.16182 0.0418125
7.16182 0.0418125
7.16182 0.0418125
7.16182 0.041493
7.16182 0.041493
7.16195 0.0416214
7.16268 0.0626589
7.163 0.0629784
7.16353 0.0635026
7.16385 0.0638351
7.16734 0.0673166
7.16906 0.0690334
7.16982 0.0698014
7.17113 0.0711162
7.17198 0.0719645
7.1723 0.072284
7.17268 0.0726657
7.17378 0.0737498
7.1741 0.0740823
7.1741 0.0740823
7.17523 0.0752106
7.17617 0.0761391
7.17649 0.0764717
7.17681 0.0768082
7.17741 0.0773906
7.17798 0.0779506
7.17842 0.0783899
7.17893 0.078909
7.17962 0.0796018
7.18047 0.08045
7.18125 0.0812231
7.18157 0.0815556
7.1817 0.041673
7.1817 0.041673
7.1817 0.041673
7.1817 0.041673
7.1817 0.0413535
7.1817 0.0413535
7.18202 0.0820035
7.18202 0.041673
7.18234 0.082323
7.18266 0.0826425
7.18266 0.0826425
7.18447 0.0844607
7.18517 0.0851478
7.18604 0.0860271
7.18646 0.08644
7.18706 0.0870264
7.18797 0.0879499
7.18903 0.0890159
7.18935 0.0893354
7.18967 0.0896549
7.19142 0.0914109
7.1924 0.0923779
7.19271 0.0926974
7.19689 0.0968608
7.19889 0.0988729
7.19968 0.099659
7.20074 0.100712
7.20109 0.0410744
7.20109 0.0410744
7.20109 0.0410744
7.20141 0.101391
7.20141 0.101391
7.20154 0.0415223
7.20154 0.0412028
7.20154 0.0412028
7.20394 0.103922
7.20448 0.10446
7.20579 0.105775
7.2067 0.106685
7.20736 0.107347
7.21064 0.110621
7.21108 0.111065
7.21352 0.1135
7.2153 0.115281
7.21692 0.116907
7.22011 0.120088
7.2211 0.0410737
7.2211 0.0410737
7.2211 0.0410737
7.22142 0.0413888
7.22142 0.0410692
7.22142 0.0410692
7.22715 0.127134
7.22753 0.127516
7.23208 0.132065
7.23445 0.134438
7.23477 0.134757
7.23593 0.135916
7.24129 0.0412756
7.24142 0.0410845
7.24142 0.0410845
7.24142 0.0410845
7.24174 0.0413995
7.24174 0.04108
7.24174 0.04108
7.24417 0.0441535
7.24856 0.148547
7.25386 0.153843
7.25598 0.0559674
7.25598 0.0559674
7.2563 0.0562869
7.25836 0.0583438
7.25893 0.0589165
7.25947 0.0594538
7.25979 0.0597733
7.26104 0.0610259
7.26136 0.0613454
7.26168 0.161664
7.26168 0.161664
7.26168 0.0616649
7.26181 0.0417991
7.26181 0.0417991
7.26181 0.0417991
7.26181 0.0417991
7.26181 0.0414796
7.26181 0.0414796
7.26194 0.041608
7.26269 0.0626767
7.26301 0.0629962
7.26352 0.0634979
7.26384 0.0638218
7.26733 0.0673292
7.26905 0.0690287
7.26984 0.0698192
7.27112 0.0711029
7.27197 0.0719512
7.27229 0.0722707
7.2727 0.0726835
7.2738 0.0737763
7.2738 0.0737806
7.27412 0.0741001
7.27524 0.0752283
7.27616 0.0761345
7.27647 0.0764583
7.27679 0.0767709
7.27739 0.0773773
7.27796 0.0779493
7.27841 0.0783852
7.27891 0.0788957
7.27964 0.0796195
7.28045 0.0804367
7.28124 0.0812184
7.28156 0.0815423
7.28169 0.0416597
7.28169 0.0416597
7.28169 0.0416597
7.28169 0.0416597
7.28169 0.0413402
7.28169 0.0413402
7.28201 0.0819902
7.28201 0.0416597
7.28233 0.0823097
7.28265 0.0826292
7.28265 0.0826292
7.28449 0.0844785
7.28518 0.0851655
7.28606 0.0860449
7.28644 0.0864266
7.28704 0.0870217
7.28798 0.0879677
7.28905 0.0890337
7.28937 0.0893532
7.28969 0.0896727
7.29141 0.0913976
7.29238 0.0923646
7.2927 0.0926841
7.29688 0.0968561
7.29891 0.0988907
7.29969 0.0996768
7.30073 0.100707
7.3013 0.10128
7.30162 0.1016
7.30162 0.0412833
7.30174 0.0417312
7.30174 0.0417312
7.30174 0.0417312
7.30174 0.0417312
7.30174 0.0414117
7.30174 0.0414117
7.30396 0.103945
7.30447 0.104451
7.30581 0.105797
7.30669 0.106676
7.30735 0.107338
7.31063 0.110612
7.31107 0.111056
7.31351 0.113491
7.31529 0.115272
7.31695 0.116929
7.3201 0.120079
7.32109 0.0410649
7.32109 0.0410649
7.32109 0.0410649
7.32144 0.041411
7.32144 0.0410915
7.32144 0.0410915
7.32714 0.127125
7.32752 0.127507
7.33207 0.132056
7.33448 0.13446
7.3348 0.134779
7.33596 0.135939
7.34128 0.0412667
7.34141 0.0410756
7.34141 0.0410756
7.34141 0.0410756
7.34173 0.0413906
7.34173 0.0410711
7.34173 0.0410711
7.34416 0.0441447
7.34859 0.148569
7.35385 0.153834
7.35597 0.0559585
7.35629 0.056278
7.35629 0.056278
7.35836 0.0583436
7.35895 0.0589388
7.35946 0.059445
7.35978 0.0597645
7.36103 0.0610171
7.36135 0.0613366
7.36167 0.161655
7.36167 0.161655
7.36167 0.0616561
7.3618 0.0417903
7.3618 0.0417903
7.3618 0.0417903
7.3618 0.0417903
7.3618 0.0414708
7.3618 0.0414708
7.36193 0.0415992
7.36268 0.0626678
7.363 0.0629873
7.36351 0.0634978
7.36383 0.063813
7.36732 0.0673152
7.36904 0.0690286
7.36983 0.0698104
7.37111 0.0710941
7.37199 0.0719735
7.37199 0.0719735
7.37268 0.0726662
7.37378 0.0737676
7.3741 0.0740828
7.3741 0.0740828
7.37523 0.075211
7.37614 0.0761258
7.37646 0.076441
7.37678 0.0767607
7.37741 0.0773911
7.37798 0.0779442
7.37839 0.0783765
7.37889 0.0788784
7.37962 0.0796022
7.38047 0.0804505
7.38122 0.0812097
7.38154 0.081525
7.38167 0.0416424
7.38167 0.0416424
7.38167 0.0416424
7.38167 0.0416424
7.38167 0.0413229
7.38167 0.0413229
7.3818 0.0414513
7.38212 0.0821013
7.38244 0.0824208
7.38244 0.0824208
7.38276 0.0827403
7.38448 0.0844652
7.38517 0.0851522
7.38605 0.0860316
7.38646 0.0864444
7.38703 0.087017
7.38797 0.0879543
7.38904 0.0890204
7.38936 0.0893399
7.38968 0.0896594
7.39139 0.0913843
7.3924 0.0923823
7.39272 0.0927019
7.39686 0.0968514
7.39889 0.0988774
7.39968 0.0996634
7.40071 0.100703
7.40109 0.0410789
7.40109 0.0410789
7.40109 0.0410789
7.40141 0.101395
7.40141 0.101395
7.40154 0.0415268
7.40154 0.0412073
7.40154 0.0412073
7.40394 0.103927
7.40448 0.104464
7.40579 0.105779
7.40671 0.106689
7.40737 0.107351
7.41064 0.110626
7.41109 0.111069
7.41352 0.113504
7.4153 0.115285
7.41693 0.116911
7.42011 0.120092
7.42111 0.0410782
7.42111 0.0410782
7.42111 0.0410782
7.42142 0.0413932
7.42142 0.0410737
7.42142 0.0410737
7.42715 0.127138
7.42754 0.12752
7.43209 0.13207
7.43446 0.134442
7.43478 0.134762
7.43594 0.135921
7.44129 0.04128
7.44142 0.0410889
7.44142 0.0410889
7.44142 0.0410889
7.44174 0.0414039
7.44174 0.0410844
7.44174 0.0410844
7.44417 0.044158
7.44857 0.148551
7.45386 0.153847
7.45599 0.0559718
7.45599 0.0559718
7.45631 0.0562913
7.45834 0.0583345
7.45894 0.058921
7.45944 0.0594271
7.45976 0.0597466
7.46105 0.0610304
7.46136 0.0613499
7.46168 0.161669
7.46168 0.161669
7.46168 0.0616694
7.46181 0.0418036
7.46181 0.0418036
7.46181 0.0418036
7.46181 0.0418036
7.46181 0.0414841
7.46181 0.0414841
7.46194 0.0416125
7.4627 0.0626811
7.46302 0.0630006
7.46352 0.0635197
7.46384 0.0638263
7.46733 0.0673233
7.46905 0.0690505
7.46981 0.0697925
7.47112 0.0711074
7.47197 0.0719556
7.47229 0.0722752
7.47267 0.0726569
7.47377 0.0737669
7.47409 0.0740735
7.47409 0.0740735
7.47522 0.0752017
7.47613 0.0761251
7.47648 0.0764628
7.4768 0.0767895
7.4774 0.0773817
7.47796 0.0779469
7.47838 0.0783758
7.47892 0.0789001
7.47961 0.0795929
7.48046 0.0804412
7.48121 0.081209
7.48153 0.0815156
7.48166 0.041633
7.48166 0.041633
7.48166 0.041633
7.48166 0.041633
7.48166 0.0413135
7.48166 0.0413135
7.48179 0.0414419
7.48211 0.0820919
7.48243 0.0824114
7.48243 0.0824114
7.48275 0.0827309
7.4845 0.0844869
7.48519 0.085174
7.48604 0.0860223
7.48645 0.0864351
7.48702 0.0870163
7.48796 0.087945
7.48903 0.089011
7.48935 0.0893305
7.48966 0.08965
7.49142 0.091406
7.49239 0.092373
7.49271 0.0926925
7.49685 0.0968507
7.49888 0.098868
7.49967 0.0996541
7.5007 0.100702
7.50108 0.0410695
7.50108 0.0410695
7.50108 0.0410695
7.5014 0.101386
7.5014 0.101386
7.50153 0.0415174
7.50153 0.0411979
7.50153 0.0411979
7.50393 0.103918
7.50447 0.104455
7.50582 0.105801
7.5067 0.10668
7.50736 0.107342
7.51063 0.110616
7.51107 0.11106
7.51351 0.113495
7.51529 0.115276
7.51695 0.116933
7.5201 0.120083
7.5211 0.0410688
7.5211 0.0410688
7.5211 0.0410688
7.52141 0.0413839
7.52141 0.0410644
7.52141 0.0410644
7.52714 0.127129
7.52753 0.127511
7.53208 0.13206
7.53445 0.134433
7.53477 0.134752
7.53596 0.135943
7.54128 0.0412707
7.54141 0.0410796
7.54141 0.0410796
7.54141 0.0410796
7.54173 0.0413946
7.54173 0.0410751
7.54173 0.0410751
7.54416 0.0441487
7.54856 0.148542
7.55385 0.153838
7.55598 0.0559625
7.55598 0.0559625
7.5563 0.056282
7.55836 0.0583338
7.55896 0.0589428
7.55946 0.0594489
7.55978 0.0597684
7.56104 0.061021
7.56135 0.0613405
7.56167 0.161659
7.56167 0.161659
7.56167 0.06166
7.5618 0.0417943
7.5618 0.0417943
7.5618 0.0417943
7.5618 0.0417943
7.5618 0.0414748
7.5618 0.0414748
7.56193 0.0416031
7.56269 0.0626718
7.56301 0.0629913
7.56354 0.063519
7.56386 0.063848
7.56732 0.0673087
7.56907 0.0690498
7.56983 0.0698143
7.57111 0.071098
7.57196 0.0719463
7.57228 0.0722658
7.57269 0.0726786
7.57379 0.0737662
7.57411 0.0740952
7.57411 0.0740952
7.57524 0.0752235
7.57615 0.0761244
7.57647 0.0764534
7.57679 0.0767562
7.57739 0.0773724
7.57795 0.0779497
7.5784 0.0783751
7.5789 0.0788908
7.57963 0.0796146
7.58045 0.0804318
7.58123 0.0812083
7.58155 0.0815374
7.58168 0.0416548
7.58168 0.0416548
7.58168 0.0416548
7.58168 0.0416548
7.58168 0.0413353
7.58168 0.0413353
7.582 0.0819853
7.582 0.0416548
7.58232 0.0823048
7.58264 0.0826243
7.58264 0.0826243
7.58448 0.0844736
7.58517 0.0851607
7.58605 0.08604
7.58644 0.0864218
7.58704 0.0870116
7.58798 0.0879628
7.58904 0.0890288
7.58936 0.0893483
7.58968 0.0896678
7.5914 0.0913927
7.59237 0.0923597
7.59269 0.0926792
7.59687 0.096846
7.5989 0.0988858
7.59969 0.0996719
7.60075 0.100728
7.60129 0.101275
7.60161 0.101595
7.60161 0.0412784
7.60174 0.0417263
7.60174 0.0417263
7.60174 0.0417263
7.60174 0.0417263
7.60174 0.0414068
7.60174 0.0414068
7.60395 0.10394
7.60446 0.104446
7.60581 0.105792
7.60672 0.106702
7.60735 0.107333
7.61062 0.110607
7.6111 0.111082
7.61353 0.113517
7.61528 0.115267
7.61694 0.116924
7.62009 0.120074
7.62112 0.0410911
7.62112 0.0410911
7.62112 0.0410911
7.62143 0.0414061
7.62143 0.0410866
7.62143 0.0410866
7.62713 0.12712
7.62755 0.127533
7.63207 0.132051
7.63447 0.134455
7.63479 0.134774
7.63595 0.135934
7.64128 0.0412619
7.6414 0.0410707
7.6414 0.0410707
7.6414 0.0410707
7.64172 0.0413857
7.64172 0.0410662
7.64172 0.0410662
7.64415 0.0441398
7.64858 0.148564
7.65384 0.153829
7.65597 0.0559537
7.65629 0.0562732
7.65629 0.0562732
7.65835 0.0583336
7.65895 0.0589339
7.65945 0.0594401
7.65977 0.0597596
7.66103 0.0610122
7.66134 0.0613317
7.66166 0.16165
7.66166 0.16165
7.66166 0.0616512
7.66179 0.0417854
7.66179 0.0417854
7.66179 0.0417854
7.66179 0.0417854
7.66179 0.0414659
7.66179 0.0414659
7.66192 0.0415943
7.66268 0.062663
7.663 0.0629825
7.66353 0.0635188
7.66385 0.0638392
7.66734 0.0673258
7.66906 0.0690496
7.66982 0.0698055
7.67113 0.0711203
7.67198 0.0719686
7.6723 0.0722881
7.67268 0.0726698
7.67378 0.073766
7.6741 0.0740864
7.6741 0.0740864
7.67523 0.0752146
7.67614 0.0761242
7.67646 0.0764446
7.67678 0.0767544
7.67741 0.0773947
7.67798 0.0779529
7.67839 0.0783749
7.6789 0.078882
7.67962 0.0796058
7.68047 0.0804541
7.68122 0.0812081
7.68154 0.0815286
7.68167 0.041646
7.68167 0.041646
7.68167 0.041646
7.68167 0.041646
7.68167 0.0413265
7.68167 0.0413265
7.6818 0.0414549
7.68212 0.0821048
7.68244 0.0824244
7.68244 0.0824244
7.68276 0.0827439
7.68448 0.0844688
7.68517 0.0851558
7.68605 0.0860352
7.68646 0.086448
7.68703 0.0870154
7.68797 0.0879579
7.68904 0.0890239
7.68936 0.0893434
7.68968 0.0896629
7.6914 0.0913878
7.6924 0.0923859
7.69272 0.0927054
7.69686 0.0968498
7.69889 0.098881
7.69968 0.099667
7.70072 0.100701
7.70109 0.0410825
7.70109 0.0410825
7.70109 0.0410825
7.70141 0.101399
7.70141 0.101399
7.70154 0.0415304
7.70154 0.0412109
7.70154 0.0412109
7.70394 0.103931
7.70448 0.104468
7.7058 0.105783
7.70671 0.106693
7.70734 0.107324
7.71064 0.110629
7.71109 0.111073
7.71352 0.113508
7.71527 0.115258
7.71693 0.116915
7.72011 0.120096
7.72111 0.0410818
7.72111 0.0410818
7.72111 0.0410818
7.72142 0.0413968
7.72142 0.0410773
7.72142 0.0410773
7.72716 0.127142
7.72754 0.127524
7.73209 0.132073
7.73446 0.134446
7.73478 0.134765
7.73594 0.135924
7.7413 0.0412836
7.74142 0.0410925
7.74142 0.0410925
7.74142 0.0410925
7.74174 0.0414075
7.74174 0.041088
7.74174 0.041088
7.74417 0.0441616
7.74857 0.148555
7.75383 0.15382
7.75599 0.0559754
7.75599 0.0559754
7.75631 0.0562949
7.75834 0.0583329
7.75894 0.0589246
7.75944 0.0594307
7.75976 0.0597502
7.76105 0.061034
7.76137 0.0613535
7.76169 0.161672
7.76169 0.161672
7.76169 0.061673
7.76181 0.0418072
7.76181 0.0418072
7.76181 0.0418072
7.76181 0.0418072
7.76181 0.0414877
7.76181 0.0414877
7.76194 0.0416161
7.76267 0.0626536
7.76299 0.0629731
7.76352 0.0635181
7.76384 0.0638299
7.76733 0.0673113
7.76905 0.0690489
7.76981 0.0697961
7.77112 0.071111
7.77197 0.0719592
7.77229 0.0722787
7.77267 0.0726605
7.77377 0.0737653
7.77409 0.0740771
7.77409 0.0740771
7.77522 0.0752053
7.77613 0.0761235
7.77648 0.0764664
7.7768 0.0767833
7.7774 0.0773853
7.77797 0.0779557
7.77838 0.0783742
7.77892 0.0789037
7.77961 0.0795965
7.78046 0.0804447
7.78121 0.0812074
7.78153 0.0815192
7.78166 0.0416366
7.78166 0.0416366
7.78166 0.0416366
7.78166 0.0416366
7.78166 0.0413171
7.78166 0.0413171
7.78179 0.0414455
7.78211 0.0820955
7.78243 0.082415
7.78243 0.082415
7.78275 0.0827345
7.78447 0.0844594
7.78516 0.0851465
7.78604 0.0860258
7.78645 0.0864387
7.78702 0.0870147
7.78796 0.0879486
7.78903 0.0890146
7.78935 0.0893341
7.78967 0.0896536
7.79142 0.0914096
7.79239 0.0923766
7.79271 0.0926961
7.79685 0.0968491
7.79888 0.0988716
7.79967 0.0996577
7.80074 0.100731
7.80108 0.0410731
7.80108 0.0410731
7.80108 0.0410731
7.8014 0.101389
7.8014 0.101389
7.80153 0.041521
7.80153 0.0412015
7.80153 0.0412015
7.80393 0.103921
7.80447 0.104458
7.80579 0.105773
7.8067 0.106684
7.80736 0.107345
7.81063 0.11062
7.81108 0.111064
7.81351 0.113498
7.81529 0.11528
7.81692 0.116906
7.8201 0.120087
7.8211 0.0410724
7.8211 0.0410724
7.8211 0.0410724
7.82141 0.0413874
7.82141 0.0410679
7.82141 0.0410679
7.82714 0.127133
7.82753 0.127514
7.83208 0.132064
7.83445 0.134436
7.83477 0.134756
7.83593 0.135915
7.84129 0.0412743
7.84141 0.0410831
7.84141 0.0410831
7.84141 0.0410831
7.84173 0.0413982
7.84173 0.0410786
7.84173 0.0410786
7.84416 0.0441522
7.84856 0.148546
7.85385 0.153842
7.85598 0.0559661
7.85598 0.0559661
7.8563 0.0562856
7.85836 0.0583322
7.85896 0.0589463
7.85946 0.0594525
7.85978 0.059772
7.86104 0.0610246
7.86136 0.0613441
7.86168 0.161663
7.86168 0.161663
7.86168 0.0616636
7.8618 0.0417978
7.8618 0.0417978
7.8618 0.0417978
7.8618 0.0417978
7.8618 0.0414783
7.8618 0.0414783
7.86193 0.0416067
7.86269 0.0626754
7.86301 0.0629949
7.86354 0.0635174
7.86386 0.0638516
7.86736 0.0673279
7.86907 0.0690482
7.86983 0.0698179
7.87111 0.0711016
7.87196 0.0719499
7.87228 0.0722694
7.87269 0.0726822
7.87379 0.0737646
7.87411 0.0740988
7.87411 0.0740988
7.87524 0.075227
7.87615 0.0761228
7.87647 0.076457
7.87679 0.076781
7.87739 0.077376
7.87799 0.0779585
7.8784 0.0783735
7.87891 0.0788944
7.87963 0.0796182
7.88045 0.0804354
7.88123 0.0812067
7.88155 0.081541
7.88168 0.0416584
7.88168 0.0416584
7.88168 0.0416584
7.88168 0.0416584
7.88168 0.0413389
7.88168 0.0413389
7.882 0.0819889
7.882 0.0416584
7.88232 0.0823084
7.88264 0.0826279
7.88264 0.0826279
7.88448 0.0844772
7.88518 0.0851642
7.88606 0.0860436
7.88644 0.0864253
7.88707 0.0870412
7.88798 0.0879664
7.88904 0.0890324
7.88936 0.0893519
7.88968 0.0896714
7.8914 0.0913963
7.89237 0.0923633
7.89269 0.0926828
7.89687 0.0968444
7.8989 0.0988894
7.89969 0.0996755
7.90075 0.100727
7.90129 0.101279
7.90161 0.101598
7.90161 0.041282
7.90174 0.0417299
7.90174 0.0417299
7.90174 0.0417299
7.90174 0.0417299
7.90174 0.0414104
7.90174 0.0414104
7.90396 0.103943
7.90446 0.10445
7.90581 0.105796
7.90672 0.106706
7.90735 0.107337
7.91062 0.110611
7.9111 0.111086
7.9135 0.113489
7.91528 0.115271
7.91694 0.116928
7.92009 0.120078
7.92109 0.0410636
7.92109 0.0410636
7.92109 0.0410636
7.92143 0.0414097
7.92143 0.0410902
7.92143 0.0410902
7.92714 0.127124
7.92752 0.127505
7.93207 0.132055
7.93447 0.134459
7.93479 0.134778
7.93595 0.135937
7.94128 0.0412654
7.9414 0.0410743
7.9414 0.0410743
7.9414 0.0410743
7.94172 0.0413893
7.94172 0.0410698
7.94172 0.0410698
7.94415 0.0441434
7.94858 0.148568
7.95384 0.153833
7.95597 0.0559572
7.95629 0.0562767
7.95629 0.0562767
7.95835 0.058332
7.95895 0.0589375
7.95945 0.0594436
7.95977 0.0597631
7.96103 0.0610158
7.96135 0.0613353
7.96167 0.161654
7.96167 0.161654
7.96167 0.0616548
7.96179 0.041789
7.96179 0.041789
7.96179 0.041789
7.96179 0.041789
7.96179 0.0414695
7.96179 0.0414695
7.96192 0.0415979
7.96268 0.0626665
7.963 0.062986
7.96353 0.0635172
7.96385 0.0638428
7.96731 0.0673139
7.96906 0.069048
7.96982 0.069809
7.97113 0.0711239
7.97198 0.0719722
7.97198 0.0719722
7.97268 0.0726649
7.97377 0.0737559
7.97409 0.0740815
7.97409 0.0740815
7.97522 0.0752097
7.97613 0.0761141
7.97645 0.0764397
7.97677 0.0767397
7.9774 0.0773898
7.97797 0.0779533
7.97838 0.0783649
7.97892 0.0789082
7.97961 0.0796009
7.98046 0.0804492
7.98121 0.0811981
7.98153 0.0815237
7.98166 0.0416411
7.98166 0.0416411
7.98166 0.0416411
7.98166 0.0416411
7.98166 0.0413216
7.98166 0.0413216
7.98179 0.04145
7.98211 0.0821
7.98243 0.0824195
7.98243 0.0824195
7.98275 0.082739
7.98447 0.0844639
7.98516 0.0851509
7.98604 0.0860303
7.98645 0.0864431
7.98705 0.0870365
7.98796 0.087953
7.98903 0.089019
7.98935 0.0893386
7.98967 0.0896581
7.99139 0.0913829
7.99239 0.092381
7.99271 0.0927005
7.99686 0.0968398
7.99889 0.0988761
7.99967 0.0996621
8.00074 0.100722
8.00109 0.0410776
8.00109 0.0410776
8.00109 0.0410776
8.0014 0.101394
8.0014 0.101394
8.00153 0.0415255
8.00153 0.041206
8.00153 0.041206
8.00394 0.103926
8.00448 0.104467
8.00579 0.105782
8.0067 0.106692
8.00736 0.107354
8.01064 0.110628
8.01111 0.111103
8.01352 0.113507
8.01527 0.115257
8.01692 0.116914
8.02011 0.120095
8.02111 0.0410807
8.02111 0.0410807
8.02111 0.0410807
8.02142 0.0413958
8.02142 0.0410763
8.02142 0.0410763
8.02715 0.127141
8.02753 0.127523
8.03208 0.132072
8.03446 0.134445
8.03477 0.134764
8.03593 0.135923
8.04129 0.0412826
8.04142 0.0410915
8.04142 0.0410915
8.04142 0.0410915
8.04174 0.0414065
8.04174 0.041087
8.04174 0.041087
8.04417 0.0441606
8.0486 0.148585
8.05386 0.15385
8.05598 0.0559744
8.05598 0.0559744
8.0563 0.0562939
8.05837 0.0583578
8.05896 0.0589547
8.05944 0.0594297
8.05976 0.0597492
8.06104 0.0610329
8.06136 0.0613524
8.06136 0.161352
8.06168 0.161671
8.06168 0.0616719
8.06181 0.0418062
8.06181 0.0418062
8.06181 0.0418062
8.06181 0.0418062
8.06181 0.0414866
8.06181 0.0414866
8.06194 0.041615
8.06269 0.0626837
8.06301 0.0630032
8.06352 0.0635119
8.06384 0.0638288
8.06736 0.067357
8.06908 0.0690738
8.06984 0.0698262
8.07115 0.071141
8.072 0.0719893
8.07232 0.0723088
8.0727 0.0726905
8.0738 0.0737902
8.07412 0.0741071
8.07412 0.0741071
8.07525 0.0752354
8.07616 0.0761484
8.07651 0.0764964
8.07683 0.0768035
8.07739 0.0773843
8.07799 0.077991
8.07841 0.0783991
8.07894 0.0789338
8.07961 0.0795954
8.08045 0.0804437
8.08124 0.0812323
8.08156 0.0815493
8.08169 0.0416667
8.08169 0.0416667
8.08169 0.0416667
8.08169 0.0416667
8.08169 0.0413472
8.08169 0.0413472
8.08201 0.0819972
8.08201 0.0416667
8.08233 0.0823167
8.08265 0.0826362
8.08265 0.0826362
8.08449 0.0844855
8.08518 0.0851726
8.08603 0.0860208
8.08644 0.0864337
8.08704 0.0870357
8.08795 0.0879436
8.08905 0.0890407
8.08937 0.0893602
8.08969 0.0896797
8.09141 0.0914046
8.09238 0.0923716
8.0927 0.0926911
8.09685 0.0968389
8.09888 0.0988666
8.09969 0.0996838
8.10073 0.100721
8.1013 0.101287
8.10162 0.101607
8.10162 0.0412903
8.10174 0.0417382
8.10174 0.0417382
8.10174 0.0417382
8.10174 0.0417382
8.10174 0.0414187
8.10174 0.0414187
8.10393 0.103921
8.10447 0.104458
8.10578 0.105773
8.10669 0.106683
8.10735 0.107345
8.11063 0.110619
8.11107 0.111063
8.11354 0.113529
8.11529 0.115279
8.11695 0.116936
8.1201 0.120086
8.12113 0.041103
8.12113 0.041103
8.12113 0.041103
8.12144 0.041418
8.12144 0.0410985
8.12144 0.0410985
8.12717 0.127163
8.12755 0.127545
8.13207 0.132063
8.13445 0.134436
8.13477 0.134755
8.13592 0.135915
8.14128 0.0412737
8.14141 0.0410826
8.14141 0.0410826
8.14141 0.0410826
8.14173 0.0413976
8.14173 0.0410781
8.14173 0.0410781
8.14416 0.0441517
8.14856 0.148545
8.15385 0.153841
8.15601 0.0559967
8.15601 0.0559967
8.15633 0.0563162
8.15839 0.0583576
8.15896 0.0589458
8.15946 0.059452
8.15978 0.0597715
8.16106 0.0610552
8.16138 0.0613747
8.16138 0.161374
8.1617 0.161693
8.1617 0.0616942
8.16183 0.0418284
8.16183 0.0418284
8.16183 0.0418284
8.16183 0.0418284
8.16183 0.0415089
8.16183 0.0415089
8.16196 0.0416373
8.16268 0.0626749
8.163 0.0629944
8.16354 0.0635117
8.16386 0.0638511
8.16735 0.0673429
8.1691 0.0690736
8.16983 0.0698174
8.17114 0.0711322
8.17199 0.0719805
8.17231 0.0723
8.17269 0.0726817
8.17379 0.0737788
8.17411 0.0740784
8.17411 0.0740983
8.17524 0.0752265
8.17618 0.0761482
8.1765 0.0764876
8.17682 0.0768018
8.17738 0.0773755
8.17802 0.0779943
8.17843 0.0783989
8.17893 0.078925
8.1796 0.0795866
8.18044 0.0804349
8.18126 0.0812322
8.18158 0.0815716
8.18171 0.041689
8.18171 0.041689
8.18171 0.041689
8.18171 0.041689
8.18171 0.0413695
8.18171 0.0413695
8.18203 0.0820195
8.18203 0.041689
8.18235 0.082339
8.18267 0.0826585
8.18267 0.0826585
8.18448 0.0844767
8.18517 0.0851637
8.18602 0.086012
8.18643 0.0864248
8.18703 0.0870044
8.18794 0.0879347
8.18901 0.0890008
8.18933 0.0893203
8.18965 0.0896398
8.1914 0.0913958
8.19237 0.0923627
8.19269 0.0926823
8.19687 0.0968388
8.19887 0.0988578
8.19968 0.0996749
8.20075 0.100721
8.20129 0.101278
8.20161 0.101598
8.20161 0.0412815
8.20174 0.0417294
8.20174 0.0417294
8.20174 0.0417294
8.20174 0.0417294
8.20174 0.0414099
8.20174 0.0414099
8.20395 0.103943
8.20446 0.104449
8.20577 0.105764
8.20668 0.106674
8.20735 0.107336
8.21062 0.11061
8.21106 0.111054
8.21353 0.11352
8.21528 0.11527
8.21694 0.116927
8.22009 0.120077
8.22112 0.0410942
8.22112 0.0410942
8.22112 0.0410942
8.22143 0.0414092
8.22143 0.0410897
8.22143 0.0410897
8.22719 0.127185
8.22758 0.127567
8.23206 0.132055
8.23447 0.134458
8.23479 0.134778
8.23591 0.135906
8.2413 0.041296
8.24143 0.0411049
8.24143 0.0411049
8.24143 0.0411049
8.24175 0.0414199
8.24175 0.0411004
8.24175 0.0411004
8.24418 0.044174
8.24858 0.148567
8.25384 0.153832
8.256 0.0559878
8.256 0.0559878
8.25632 0.0563073
8.25838 0.0583574
8.25898 0.0589681
8.25945 0.0594431
8.25977 0.0597626
8.26105 0.0610464
8.26137 0.0613659
8.26137 0.161365
8.26169 0.161685
8.26169 0.0616854
8.26182 0.0418196
8.26182 0.0418196
8.26182 0.0418196
8.26182 0.0418196
8.26182 0.0415001
8.26182 0.0415001
8.26195 0.0416285
8.26267 0.062666
8.26299 0.0629855
8.26353 0.0635115
8.26385 0.0638423
8.26734 0.0673289
8.26909 0.0690734
8.26982 0.0698085
8.27113 0.0711234
8.27198 0.0719716
8.2723 0.0722912
8.27271 0.072704
8.27381 0.0738011
8.27381 0.0737898
8.27381 0.0738011
8.27525 0.0752403
8.27616 0.0761396
8.27648 0.0764703
8.2768 0.0767916
8.2774 0.0773893
8.278 0.0779891
8.27841 0.0783903
8.27892 0.0789077
8.27961 0.0796004
8.28043 0.0804176
8.28124 0.0812235
8.28156 0.0815543
8.28169 0.0416717
8.28169 0.0416717
8.28169 0.0416717
8.28169 0.0416717
8.28169 0.0413522
8.28169 0.0413522
8.28201 0.0820022
8.28201 0.0416717
8.28233 0.0823217
8.28265 0.0826412
8.28265 0.0826412
8.28449 0.0844905
8.28519 0.0851775
8.28603 0.0860258
8.28642 0.0864075
8.28702 0.0869957
8.28796 0.0879486
8.28902 0.0890146
8.28934 0.0893341
8.28966 0.0896536
8.29141 0.0914096
8.29235 0.0923454
8.29267 0.092665
8.29685 0.0968301
8.29888 0.0988716
8.2997 0.0996888
8.30073 0.100712
8.30127 0.101261
8.30159 0.10158
8.30172 0.0417121
8.30172 0.0417121
8.30172 0.0417121
8.30172 0.0417121
8.30172 0.0413926
8.30172 0.0413926
8.30185 0.041521
8.30394 0.10393
8.30448 0.104467
8.30579 0.105782
8.3067 0.106692
8.30733 0.107323
8.31061 0.110597
8.31108 0.111072
8.31352 0.113507
8.31527 0.115257
8.31695 0.116945
8.32007 0.120064
8.3211 0.0410809
8.3211 0.0410809
8.3211 0.0410809
8.32145 0.041427
8.32145 0.0411075
8.32145 0.0411075
8.32721 0.127203
8.32756 0.127554
8.33205 0.132041
8.33445 0.134445
8.33477 0.134764
8.33593 0.135924
8.34129 0.0412827
8.34142 0.0410916
8.34142 0.0410916
8.34142 0.0410916
8.34173 0.0414066
8.34173 0.0410871
8.34173 0.0410871
8.34417 0.0441607
8.34856 0.148554
8.35383 0.153819
8.35598 0.0559745
8.3563 0.056294
8.3563 0.056294
8.35836 0.0583527
8.35896 0.0589548
8.35944 0.0594298
8.35976 0.0597493
8.36104 0.061033
8.36136 0.0613526
8.36168 0.161671
8.36168 0.161671
8.36168 0.0616721
8.36181 0.0418063
8.36181 0.0418063
8.36181 0.0418063
8.36181 0.0418063
8.36181 0.0414868
8.36181 0.0414868
8.36194 0.0416152
8.36269 0.0626838
8.36301 0.0630033
8.36352 0.0635068
8.36384 0.0638289
8.36736 0.0673415
8.36908 0.0690687
8.36983 0.0698263
8.37112 0.07111
8.372 0.0719894
8.372 0.0719894
8.37269 0.0726822
8.37379 0.0737767
8.37379 0.0737793
8.37411 0.0740988
8.37523 0.075227
8.37618 0.076166
8.3765 0.0764881
8.37682 0.0767853
8.37738 0.0773759
8.37801 0.0779879
8.37843 0.0784167
8.37893 0.0789254
8.37959 0.0795871
8.38044 0.0804354
8.38123 0.0812188
8.38155 0.0815409
8.38168 0.0416584
8.38168 0.0416584
8.38168 0.0416584
8.38168 0.0416584
8.38168 0.0413389
8.38168 0.0413389
8.382 0.0819888
8.382 0.0416584
8.38232 0.0823083
8.38264 0.0826279
8.38264 0.0826279
8.38448 0.0844772
8.38517 0.0851642
8.38602 0.0860125
8.38643 0.0864253
8.387 0.086991
8.38794 0.0879352
8.38901 0.0890012
8.38933 0.0893207
8.38965 0.0896403
8.3914 0.0913962
8.39237 0.0923632
8.39269 0.0926827
8.39684 0.0968254
8.39887 0.0988583
8.39968 0.0996754
8.40072 0.100708
8.40129 0.101279
8.40161 0.101598
8.40161 0.041282
8.40173 0.0417299
8.40173 0.0417299
8.40173 0.0417299
8.40173 0.0417299
8.40173 0.0414104
8.40173 0.0414104
8.40395 0.103943
8.40446 0.10445
8.40577 0.105764
8.40668 0.106675
8.40734 0.107337
8.41062 0.110611
8.41106 0.111055
8.41353 0.113521
8.41528 0.115271
8.41694 0.116928
8.42009 0.120078
8.42112 0.0410947
8.42112 0.0410947
8.42112 0.0410947
8.42143 0.0414097
8.42143 0.0410902
8.42143 0.0410902
8.42719 0.127186
8.42758 0.127568
8.43206 0.132055
8.43447 0.134459
8.43479 0.134778
8.43591 0.135906
8.4413 0.0412965
8.44143 0.0411054
8.44143 0.0411054
8.44143 0.0411054
8.44175 0.0414204
8.44175 0.0411009
8.44175 0.0411009
8.44418 0.0441745
8.44858 0.148568
8.45384 0.153833
8.456 0.0559883
8.456 0.0559883
8.45631 0.0563078
8.45834 0.0583441
8.45898 0.0589686
8.45945 0.0594436
8.45977 0.0597631
8.46105 0.0610469
8.46137 0.0613664
8.46137 0.161366
8.46169 0.161685
8.46169 0.0616859
8.46182 0.0418201
8.46182 0.0418201
8.46182 0.0418201
8.46182 0.0418201
8.46182 0.0415006
8.46182 0.0415006
8.46195 0.041629
8.46267 0.0626665
8.46299 0.062986
8.4635 0.0634982
8.46382 0.0638117
8.46737 0.0673502
8.46909 0.0690912
8.46982 0.069809
8.47113 0.0711239
8.47198 0.0719721
8.4723 0.0722916
8.47271 0.0727045
8.47378 0.0737765
8.4741 0.07409
8.4741 0.07409
8.47522 0.0752182
8.47617 0.0761658
8.47649 0.0764793
8.47681 0.0767836
8.4774 0.0773982
8.478 0.0779911
8.47839 0.0783854
8.47892 0.0789166
8.47958 0.0795783
8.48043 0.0804265
8.48122 0.0812186
8.48154 0.0815321
8.48167 0.0416495
8.48167 0.0416495
8.48167 0.0416495
8.48167 0.0416495
8.48167 0.04133
8.48167 0.04133
8.48199 0.08198
8.48199 0.0416495
8.48231 0.0822995
8.48263 0.082619
8.48263 0.082619
8.4845 0.0844994
8.48516 0.0851554
8.48601 0.0860037
8.48642 0.0864165
8.48699 0.0869908
8.48796 0.0879575
8.489 0.0889924
8.48932 0.0893119
8.48964 0.0896314
8.49139 0.0913874
8.49236 0.0923544
8.49268 0.0926739
8.49686 0.0968563
8.49886 0.0988494
8.49967 0.0996666
8.50071 0.100708
8.50128 0.10127
8.5016 0.101589
8.5016 0.0412732
8.50172 0.0417211
8.50172 0.0417211
8.50172 0.0417211
8.50172 0.0417211
8.50172 0.0414016
8.50172 0.0414016
8.50394 0.103935
8.50445 0.104441
8.50579 0.105787
8.50667 0.106666
8.50733 0.107328
8.51061 0.110602
8.51105 0.111046
8.51352 0.113512
8.51527 0.115262
8.51696 0.11695
8.52008 0.120069
8.52111 0.0410859
8.52111 0.0410859
8.52111 0.0410859
8.52142 0.0414009
8.52142 0.0410814
8.52142 0.0410814
8.52718 0.127177
8.52757 0.127559
8.53205 0.132046
8.53446 0.13445
8.53478 0.134769
8.53594 0.135929
8.54129 0.0412877
8.54142 0.0410966
8.54142 0.0410966
8.54142 0.0410966
8.54174 0.0414116
8.54174 0.0410921
8.54174 0.0410921
8.54417 0.0441657
8.54857 0.148559
8.55383 0.153824
8.55599 0.0559795
8.55599 0.0559795
8.5563 0.056299
8.55837 0.0583439
8.55897 0.0589598
8.55944 0.0594348
8.55976 0.0597543
8.56104 0.061038
8.56136 0.0613575
8.56136 0.161357
8.56168 0.161676
8.56168 0.061677
8.56181 0.0418113
8.56181 0.0418113
8.56181 0.0418113
8.56181 0.0418113
8.56181 0.0414918
8.56181 0.0414918
8.56194 0.0416201
8.56269 0.0626888
8.56301 0.0630083
8.56352 0.063498
8.56384 0.0638339
8.56736 0.0673362
8.56911 0.069091
8.56984 0.0698313
8.57112 0.071115
8.57197 0.0719633
8.57229 0.0722828
8.5727 0.0726956
8.5738 0.0737927
8.5738 0.0737763
8.57412 0.0741122
8.57525 0.0752405
8.57619 0.0761656
8.57651 0.0765015
8.57683 0.076813
8.5774 0.0773894
8.57799 0.0779944
8.57841 0.0783852
8.57891 0.0789078
8.57961 0.0796005
8.58042 0.0804177
8.58124 0.0812184
8.58156 0.0815544
8.58169 0.0416718
8.58169 0.0416718
8.58169 0.0416718
8.58169 0.0416718
8.58169 0.0413523
8.58169 0.0413523
8.58201 0.0820023
8.58201 0.0416718
8.58233 0.0823218
8.58265 0.0826413
8.58265 0.0826413
8.58449 0.0844906
8.58518 0.0851777
8.58603 0.0860259
8.58641 0.0864076
8.58701 0.0869907
8.58795 0.0879487
8.58902 0.0890147
8.58934 0.0893342
8.58966 0.0896537
8.59141 0.0914097
8.59235 0.0923456
8.59267 0.0926651
8.59688 0.0968561
8.59888 0.0988717
8.59969 0.0996889
8.60073 0.100707
8.60127 0.101261
8.60159 0.101581
8.60171 0.0417122
8.60171 0.0417122
8.60171 0.0417122
8.60171 0.0417122
8.60171 0.0413927
8.60171 0.0413927
8.60184 0.0415211
8.60394 0.10393
8.60447 0.104467
8.60579 0.105782
8.60667 0.106661
8.60733 0.107323
8.6106 0.110597
8.61108 0.111072
8.61351 0.113507
8.61526 0.115257
8.61695 0.116945
8.62007 0.120064
8.6211 0.041081
8.6211 0.041081
8.6211 0.041081
8.62145 0.0414271
8.62145 0.0411076
8.62145 0.0411076
8.62721 0.127203
8.62756 0.127554
8.63205 0.132041
8.63445 0.134445
8.63477 0.134764
8.63593 0.135924
8.64129 0.0412828
8.64142 0.0410917
8.64142 0.0410917
8.64142 0.0410917
8.64173 0.0414067
8.64173 0.0410872
8.64173 0.0410872
8.64417 0.0441608
8.64856 0.148554
8.65383 0.153819
8.65598 0.0559746
8.6563 0.0562941
8.6563 0.0562941
8.65836 0.0583477
8.65896 0.0589549
8.65944 0.0594299
8.65975 0.0597494
8.66104 0.0610332
8.66136 0.0613527
8.66168 0.161671
8.66168 0.161671
8.66168 0.0616722
8.66181 0.0417753
8.66181 0.0417753
8.66181 0.0417753
8.66181 0.0417753
8.66181 0.0414558
8.66181 0.0414558
8.66193 0.0415842
8.66269 0.0626839
8.66301 0.0630034
8.66351 0.0635018
8.66383 0.0638291
8.66733 0.0673261
8.66911 0.0690948
8.66983 0.0698264
8.67112 0.0711102
8.67199 0.0719896
8.67199 0.0719896
8.67269 0.0726823
8.67378 0.0737794
8.6741 0.0740911
8.6741 0.0740989
8.67523 0.0752271
8.67617 0.0761609
8.67649 0.0764882
8.67681 0.0768067
8.67738 0.0773761
8.67801 0.0779932
8.67842 0.0784116
8.67893 0.0789256
8.67959 0.0795872
8.68044 0.0804355
8.68126 0.0812449
8.68158 0.0815722
8.68171 0.0416896
8.68171 0.0416896
8.68171 0.0416896
8.68171 0.0416896
8.68171 0.0413701
8.68171 0.0413701
8.68203 0.0820201
8.68203 0.0416896
8.68234 0.0823396
8.68266 0.0826591
8.68266 0.0826591
8.68451 0.0844773
8.68517 0.0851643
8.68602 0.0860126
8.68643 0.0864254
8.68703 0.0870171
8.68794 0.0879354
8.68901 0.0890014
8.68933 0.0893209
8.68965 0.0896404
8.69143 0.0913964
8.69237 0.0923634
8.69269 0.0926829
8.69686 0.0968515
8.69886 0.0988584
8.69968 0.0996756
8.70072 0.100703
8.70128 0.101279
8.7016 0.101598
8.7016 0.0412821
8.70173 0.04173
8.70173 0.04173
8.70173 0.04173
8.70173 0.04173
8.70173 0.0414105
8.70173 0.0414105
8.70395 0.103944
8.70445 0.10445
8.70577 0.105765
8.70668 0.106675
8.70734 0.107337
8.71062 0.110611
8.71106 0.111055
8.71353 0.113521
8.71528 0.115271
8.71693 0.116928
8.72008 0.120078
8.72111 0.0410948
8.72111 0.0410948
8.72111 0.0410948
8.72143 0.0414098
8.72143 0.0410903
8.72143 0.0410903
8.72719 0.127186
8.72757 0.127568
8.73206 0.132055
8.73446 0.134459
8.73478 0.134778
8.73591 0.135906
8.7413 0.0412966
8.74143 0.0411055
8.74143 0.0411055
8.74143 0.0411055
8.74174 0.0414205
8.74174 0.041101
8.74174 0.041101
8.74418 0.0441746
8.74857 0.148568
8.75384 0.153833
8.75599 0.0559884
8.75599 0.0559884
8.75631 0.0563079
8.75834 0.058339
8.75897 0.0589687
8.75945 0.0594437
8.75977 0.0597632
8.76105 0.061047
8.76137 0.0613665
8.76137 0.161366
8.76169 0.161685
8.76169 0.061686
8.76182 0.0417891
8.76182 0.0417891
8.76182 0.0417891
8.76182 0.0417891
8.76182 0.0414696
8.76182 0.0414696
8.76195 0.041598
8.76267 0.0626666
8.76299 0.0629861
8.7635 0.0634931
8.76382 0.0638118
8.76734 0.0673348
8.76909 0.0690861
8.76981 0.0698091
8.77113 0.071124
8.77198 0.0719723
8.7723 0.0722918
8.77271 0.0727046
8.77381 0.0738025
8.77381 0.0738017
8.77381 0.0738017
8.77525 0.0752409
8.77616 0.0761523
8.77648 0.0764709
8.77679 0.0767654
8.77739 0.0773899
8.77799 0.077988
8.77841 0.078403
8.77891 0.0789083
8.77961 0.079601
8.78042 0.0804182
8.78124 0.0812362
8.78156 0.0815549
8.78169 0.0416723
8.78169 0.0416723
8.78169 0.0416723
8.78169 0.0416723
8.78169 0.0413528
8.78169 0.0413528
8.78201 0.0820028
8.78201 0.0416723
8.78233 0.0823223
8.78265 0.0826418
8.78265 0.0826418
8.78452 0.0844911
8.78518 0.0851781
8.78603 0.0860264
8.78641 0.0864081
8.78701 0.0870084
8.78795 0.0879492
8.78902 0.0890152
8.78934 0.0893347
8.78966 0.0896542
8.79144 0.0914102
8.79235 0.0923461
8.79267 0.0926656
8.79685 0.0968428
8.79888 0.0988722
8.79969 0.0996894
8.80073 0.100725
8.80127 0.101262
8.80159 0.101581
8.80171 0.0417127
8.80171 0.0417127
8.80171 0.0417127
8.80171 0.0417127
8.80171 0.0413932
8.80171 0.0413932
8.80184 0.0415216
8.80393 0.10393
8.80447 0.104467
8.80579 0.105782
8.80667 0.106662
8.80733 0.107323
8.8106 0.110598
8.81105 0.111042
8.81351 0.113507
8.81526 0.115258
8.81695 0.116946
8.82007 0.120065
8.8211 0.0410815
8.8211 0.0410815
8.8211 0.0410815
8.82141 0.0413965
8.82141 0.041077
8.82141 0.041077
8.82721 0.127204
8.82756 0.127554
8.83205 0.132042
8.83445 0.134445
8.83477 0.134765
8.83593 0.135924
8.84129 0.0412833
8.84142 0.0410922
8.84142 0.0410922
8.84142 0.0410922
8.84173 0.0414072
8.84173 0.0410877
8.84173 0.0410877
8.84416 0.0441613
8.84856 0.148555
8.85382 0.15382
8.85598 0.0559751
8.8563 0.0562946
8.8563 0.0562946
8.85836 0.0583343
8.85896 0.0589554
8.85943 0.0594304
8.85975 0.0597499
8.86104 0.0610337
8.86136 0.0613532
8.86168 0.161672
8.86168 0.161672
8.86168 0.0616727
8.8618 0.0417758
8.8618 0.0417758
8.8618 0.0417758
8.8618 0.0417758
8.8618 0.0414563
8.8618 0.0414563
8.86193 0.0415847
8.86269 0.0626844
8.86301 0.0630039
8.86351 0.0634884
8.86383 0.0638296
8.86736 0.0673474
8.86911 0.0690815
8.86983 0.0698269
8.87111 0.0711107
8.87199 0.07199
8.87199 0.07199
8.87269 0.0726828
8.87378 0.0737799
8.8741 0.0740778
8.8741 0.0740994
8.87523 0.0752276
8.87617 0.0761476
8.87649 0.0764887
8.87681 0.0767903
8.87738 0.0773766
8.87801 0.0779868
8.87842 0.0783983
8.87893 0.0789261
8.87959 0.0795877
8.88044 0.080436
8.88126 0.0812315
8.88158 0.0815727
8.8817 0.0416901
8.8817 0.0416901
8.8817 0.0416901
8.8817 0.0416901
8.8817 0.0413706
8.8817 0.0413706
8.88202 0.0820206
8.88202 0.0416901
8.88234 0.0823401
8.88266 0.0826596
8.88266 0.0826596
8.88451 0.0844778
8.88517 0.0851648
8.88602 0.0860131
8.88643 0.0864259
8.88703 0.0870037
8.88794 0.0879358
8.88901 0.0890018
8.88932 0.0893214
8.88964 0.0896409
8.89143 0.0913969
8.89237 0.0923638
8.89269 0.0926833
8.89686 0.0968381
8.89886 0.0988589
8.89968 0.099676
8.90075 0.10072
8.90128 0.101279
8.9016 0.101599
8.9016 0.0412826
8.90173 0.0417305
8.90173 0.0417305
8.90173 0.0417305
8.90173 0.0417305
8.90173 0.041411
8.90173 0.041411
8.90395 0.103944
8.90445 0.10445
8.90577 0.105765
8.90668 0.106675
8.90734 0.107337
8.91061 0.110612
8.91106 0.111055
8.91352 0.113521
8.91527 0.115271
8.91693 0.116928
8.92008 0.120078
8.92111 0.0410953
8.92111 0.0410953
8.92111 0.0410953
8.92143 0.0414103
8.92143 0.0410908
8.92143 0.0410908
8.92719 0.127186
8.92757 0.127568
8.93206 0.132056
8.93446 0.134459
8.93478 0.134779
8.93591 0.135907
8.9413 0.0412971
8.94143 0.041106
8.94143 0.041106
8.94143 0.041106
8.94174 0.041421
8.94174 0.0411015
8.94174 0.0411015
8.94418 0.0441751
8.94854 0.148537
8.95384 0.153833
8.95599 0.0559889
8.95599 0.0559889
8.95631 0.0563084
8.95837 0.0583568
8.95897 0.0589692
8.95945 0.0594442
8.95977 0.0597637
8.96105 0.0610475
8.96137 0.061367
8.96137 0.161366
8.96169 0.161686
8.96169 0.0616865
8.96182 0.0417896
8.96182 0.0417896
8.96182 0.0417896
8.96182 0.0417896
8.96182 0.0414701
8.96182 0.0414701
8.96195 0.0415985
8.96267 0.0626671
8.96299 0.0629866
8.96353 0.0635109
8.96385 0.0638434
8.96734 0.0673249
8.96909 0.0690728
8.96981 0.0698096
8.97113 0.0711245
8.97198 0.0719727
8.97229 0.0722922
8.97271 0.0727051
8.9738 0.0738022
8.9738 0.0737892
8.9738 0.0738022
8.97524 0.0752414
8.97615 0.0761389
8.97647 0.0764714
8.97679 0.0767801
8.97739 0.0773904
8.97799 0.0779816
8.97841 0.0783897
8.97891 0.0789088
8.9796 0.0796015
8.98042 0.0804187
8.98124 0.0812229
8.98156 0.0815554
8.98169 0.0416728
8.98169 0.0416728
8.98169 0.0416728
8.98169 0.0416728
8.98169 0.0413533
8.98169 0.0413533
8.98201 0.0820033
8.98201 0.0416728
8.98233 0.0823228
8.98264 0.0826423
8.98264 0.0826423
8.98452 0.0844916
8.98518 0.0851786
8.98603 0.0860269
8.98641 0.0864086
8.98701 0.0869951
8.98795 0.0879497
8.98902 0.0890157
8.98934 0.0893352
8.98966 0.0896547
8.99144 0.0914107
8.99235 0.0923465
8.99267 0.0926661
8.99685 0.0968295
8.99888 0.0988727
8.99969 0.0996899
9.00073 0.100712
9.00126 0.101262
9.00158 0.101581
9.00171 0.0416821
9.00171 0.0416821
9.00171 0.0416821
9.00171 0.0416821
9.00171 0.0413626
9.00171 0.0413626
9.00184 0.041491
9.00393 0.103931
9.00447 0.104472
9.00579 0.105787
9.0067 0.106697
9.00733 0.107328
9.0106 0.110602
9.01105 0.111046
9.01355 0.113543
9.01526 0.115262
9.01692 0.116919
9.02007 0.120069
9.0211 0.0410859
9.0211 0.0410859
9.0211 0.0410859
9.02142 0.041401
9.02142 0.0410814
9.02142 0.0410814
9.02721 0.127208
9.02759 0.12759
9.03205 0.132046
9.03445 0.13445
9.03477 0.134769
9.03593 0.135929
9.04129 0.0412878
9.04142 0.0410966
9.04142 0.0410966
9.04142 0.0410966
9.04173 0.0414117
9.04173 0.0410922
9.04173 0.0410922
9.04417 0.0441657
9.04859 0.14859
9.05383 0.153824
9.05598 0.0559796
9.05598 0.0559796
9.0563 0.0562991
9.05836 0.0583561
9.05896 0.0589598
9.05944 0.0594349
9.05976 0.0597544
9.06104 0.0610381
9.06136 0.0613576
9.06136 0.161357
9.06168 0.161676
9.06168 0.0413323
9.062 0.0619966
9.06213 0.0420998
9.06213 0.0420998
9.06213 0.0420998
9.06213 0.0420998
9.06213 0.0417802
9.06213 0.0417802
9.0627 0.0626934
9.06301 0.0630129
9.06352 0.0635147
9.06384 0.0638385
9.06739 0.0673771
9.06911 0.0691077
9.06984 0.0698359
9.07115 0.0711507
9.072 0.071999
9.07232 0.0723185
9.07273 0.0727313
9.0738 0.0737973
9.07412 0.0741125
9.07412 0.0741168
9.07525 0.075245
9.07619 0.0761823
9.07651 0.0765061
9.07683 0.0768219
9.0774 0.077394
9.07806 0.0780284
9.07844 0.078433
9.07895 0.0789435
9.07961 0.0796051
9.08042 0.0804223
9.08127 0.0812662
9.08159 0.0815901
9.08172 0.0417075
9.08172 0.0417075
9.08172 0.0417075
9.08172 0.0417075
9.08172 0.041388
9.08172 0.041388
9.08204 0.082038
9.08204 0.0417075
9.08236 0.0823575
9.08268 0.082677
9.08268 0.082677
9.08452 0.0844952
9.08518 0.0851822
9.08603 0.0860305
9.08645 0.0864433
9.08701 0.0870073
9.08796 0.0879533
9.08902 0.0890193
9.08934 0.0893388
9.08966 0.0896583
9.09144 0.0914143
9.09235 0.0923502
9.09267 0.0926697
9.09685 0.0968417
9.09885 0.0988452
9.0997 0.0996935
9.10073 0.100724
9.10127 0.101266
9.10159 0.101585
9.10172 0.0416857
9.10172 0.0416857
9.10172 0.0416857
9.10172 0.0416857
9.10172 0.0413662
9.10172 0.0413662
9.10184 0.0414946
9.10394 0.103934
9.10444 0.10444
9.10579 0.105786
9.10667 0.106666
9.10733 0.107327
9.1106 0.110602
9.11105 0.111046
9.11354 0.113543
9.11526 0.115262
9.11695 0.11695
9.12007 0.120069
9.12113 0.0411167
9.12113 0.0411167
9.12113 0.0411167
9.12145 0.0414317
9.12145 0.0411122
9.12145 0.0411122
9.12721 0.127208
9.12759 0.12759
9.13205 0.132046
9.13445 0.134449
9.13477 0.134769
9.13593 0.135928
9.14129 0.0412874
9.14142 0.0410963
9.14142 0.0410963
9.14142 0.0410963
9.14173 0.0414113
9.14173 0.0410918
9.14173 0.0410918
9.1442 0.0441965
9.14856 0.148559
9.15383 0.153824
9.15601 0.0560103
9.15601 0.0560103
9.15633 0.0563298
9.15836 0.0583332
9.15899 0.0589906
9.15944 0.0594345
9.15976 0.059754
9.16107 0.0610689
9.16139 0.0613884
9.16139 0.161388
9.16171 0.161707
9.16171 0.0617079
9.16184 0.041811
9.16184 0.041811
9.16184 0.041811
9.16184 0.041811
9.16184 0.0414915
9.16184 0.0414915
9.16197 0.0416199
9.16269 0.0626885
9.16301 0.063008
9.16352 0.0634873
9.16383 0.0638337
9.16739 0.067367
9.16914 0.0691115
9.16983 0.069831
9.17115 0.0711459
9.172 0.0719941
9.17231 0.0723136
9.1727 0.0726954
9.17376 0.0737614
9.17408 0.0740541
9.17408 0.0740809
9.17524 0.0752402
9.17621 0.0761861
9.17653 0.0765324
9.17685 0.0768241
9.17739 0.0773891
9.17805 0.0780357
9.17843 0.0784057
9.17894 0.0789386
9.17957 0.0795692
9.18042 0.0804174
9.1813 0.08127
9.18162 0.0816163
9.18162 0.0412858
9.18175 0.0417337
9.18175 0.0417337
9.18175 0.0417337
9.18175 0.0417337
9.18175 0.0414142
9.18175 0.0414142
9.18207 0.0820642
9.18238 0.0823837
9.1827 0.0827032
9.1827 0.0827032
9.18452 0.0844903
9.18518 0.0851774
9.186 0.0859946
9.18641 0.0864074
9.18701 0.08698
9.18792 0.0879173
9.18898 0.0889833
9.1893 0.0893028
9.18962 0.0896223
9.19144 0.0914094
9.19235 0.0923453
9.19267 0.0926648
9.19687 0.0968455
9.19884 0.0988403
9.19969 0.0996886
9.20072 0.100697
9.20126 0.101261
9.20158 0.10158
9.20171 0.0416809
9.20171 0.0416809
9.20171 0.0416809
9.20171 0.0416809
9.20171 0.0413614
9.20171 0.0413614
9.20184 0.0414897
9.20393 0.103929
9.20444 0.104436
9.20575 0.10575
9.20666 0.106661
9.20732 0.107323
9.2106 0.110597
9.21104 0.111041
9.21354 0.113538
9.21526 0.115257
9.21695 0.116945
9.22006 0.120064
9.22113 0.0411118
9.22113 0.0411118
9.22113 0.0411118
9.22144 0.0414268
9.22144 0.0411073
9.22144 0.0411073
9.22724 0.127234
9.22762 0.127616
9.23204 0.132041
9.23445 0.134445
9.23477 0.134764
9.23592 0.135923
9.24131 0.0413137
9.24144 0.0411225
9.24144 0.0411225
9.24144 0.0411225
9.24176 0.0414376
9.24176 0.041118
9.24176 0.041118
9.24419 0.0441916
9.24855 0.148554
9.25382 0.153819
9.25601 0.0560055
9.25601 0.0560055
9.25633 0.056325
9.25836 0.058337
9.25899 0.0589857
9.25943 0.0594297
9.25975 0.0597492
9.26106 0.061064
9.26138 0.0613835
9.26138 0.161383
9.2617 0.161702
9.2617 0.061703
9.26183 0.0418061
9.26183 0.0418061
9.26183 0.0418061
9.26183 0.0418061
9.26183 0.0414866
9.26183 0.0414866
9.26196 0.041615
9.26268 0.0626837
9.263 0.0630032
9.26351 0.0634911
9.26383 0.0638288
9.26738 0.067357
9.26913 0.0691153
9.26983 0.0698262
9.27114 0.071141
9.27199 0.0719893
9.27231 0.0723088
9.27272 0.0727216
9.27379 0.0737876
9.27411 0.074089
9.27411 0.0741071
9.27524 0.0752353
9.27621 0.0761899
9.27653 0.0765275
9.27685 0.0768263
9.27742 0.0774154
9.27802 0.0780118
9.27843 0.0784095
9.27897 0.0789649
9.27956 0.0795643
9.28041 0.0804126
9.28126 0.0812427
9.28158 0.0815804
9.28171 0.0416978
9.28171 0.0416978
9.28171 0.0416978
9.28171 0.0416978
9.28171 0.0413783
9.28171 0.0413783
9.28203 0.0820283
9.28203 0.0416978
9.28235 0.0823478
9.28267 0.0826673
9.28267 0.0826673
9.28454 0.0845166
9.28517 0.0851725
9.28599 0.0859897
9.2864 0.0864025
9.287 0.0869838
9.28791 0.0879124
9.28898 0.0889784
9.2893 0.089298
9.28962 0.0896175
9.29143 0.0914046
9.29234 0.0923404
9.29266 0.09266
9.29687 0.0968493
9.29884 0.0988355
9.29968 0.0996838
9.30072 0.1007
9.30126 0.101256
9.30158 0.101575
9.3017 0.041676
9.3017 0.041676
9.3017 0.041676
9.3017 0.041676
9.3017 0.0413565
9.3017 0.0413565
9.30183 0.0414849
9.30392 0.103925
9.30446 0.104462
9.30575 0.105746
9.30666 0.106656
9.30735 0.107349
9.31059 0.110592
9.31104 0.111036
9.31353 0.113533
9.31525 0.115252
9.31694 0.11694
9.32006 0.120059
9.32112 0.041107
9.32112 0.041107
9.32112 0.041107
9.32144 0.041422
9.32144 0.0411025
9.32144 0.0411025
9.32723 0.127229
9.32761 0.127611
9.33204 0.132036
9.33444 0.13444
9.33476 0.134759
9.33592 0.135919
9.34134 0.0413088
9.34147 0.0411177
9.34147 0.0411177
9.34147 0.0411177
9.34178 0.0414327
9.34178 0.0411132
9.34178 0.0411132
9.34422 0.0441868
9.34855 0.148549
9.35381 0.153814
9.35603 0.0560006
9.35603 0.0560006
9.35635 0.0563201
9.35835 0.0583408
9.35901 0.0589809
9.35949 0.0594559
9.35981 0.0597754
9.36109 0.0610591
9.36141 0.0613787
9.36141 0.161409
9.36173 0.161728
9.36173 0.0616982
9.36186 0.0418324
9.36186 0.0418324
9.36186 0.0418324
9.36186 0.0418324
9.36186 0.0415129
9.36186 0.0415129
9.36199 0.0416413
9.36274 0.0627099
9.36306 0.0630294
9.3635 0.0634949
9.36382 0.0637928
9.36738 0.067347
9.36913 0.069119
9.36985 0.0698213
9.37117 0.0711361
9.37201 0.0719844
9.37233 0.0723039
9.37275 0.0727167
9.37381 0.0737828
9.37381 0.0738043
9.37413 0.0741023
9.37529 0.0752616
9.37617 0.0761625
9.37655 0.0765227
9.37687 0.0768597
9.37744 0.0774105
9.37804 0.0780191
9.37842 0.0784133
9.37899 0.07896
9.37959 0.0795595
9.38044 0.0804077
9.38126 0.0812465
9.38157 0.0815444
9.3817 0.0416929
9.3817 0.0416929
9.3817 0.0416929
9.3817 0.0416929
9.3817 0.0413734
9.3817 0.0413734
9.38202 0.0819923
9.38202 0.0416929
9.38234 0.0823118
9.38266 0.0826313
9.38266 0.0826313
9.38454 0.0845117
9.3852 0.0851677
9.38605 0.0860159
9.38643 0.0863977
9.387 0.0869876
9.38797 0.0879387
9.38904 0.0890047
9.38935 0.0893242
9.38967 0.0896437
9.39142 0.0913997
9.39237 0.0923356
9.39269 0.0926551
9.39683 0.096822
9.39886 0.0988306
9.39971 0.0996789
9.40071 0.100704
9.40128 0.101251
9.4016 0.101571
9.40173 0.0417023
9.40173 0.0417023
9.40173 0.0417023
9.40173 0.0417023
9.40173 0.0413827
9.40173 0.0413827
9.40186 0.0415111
9.40395 0.10392
9.40449 0.104457
9.4058 0.105772
9.40668 0.106651
9.40737 0.107344
9.41062 0.110587
9.41106 0.111031
9.41356 0.113528
9.41531 0.115278
9.417 0.116966
9.42008 0.120054
9.42111 0.0411021
9.42111 0.0411021
9.42111 0.0411021
9.42143 0.0414171
9.42143 0.0410976
9.42143 0.0410976
9.42725 0.127224
9.42764 0.127606
9.43206 0.132031
9.43447 0.134435
9.43478 0.134754
9.43594 0.135914
9.44133 0.0413039
9.44146 0.0411128
9.44146 0.0411128
9.44146 0.0411128
9.44178 0.0414278
9.44178 0.0411083
9.44178 0.0411083
9.44421 0.0441819
9.44857 0.148544
9.45384 0.153809
9.45603 0.0559957
9.45603 0.0559957
9.45634 0.0563153
9.45838 0.0583446
9.45901 0.058976
9.45948 0.0594511
9.4598 0.0597706
9.46108 0.0610543
9.4614 0.0613738
9.4614 0.161373
9.46172 0.161692
9.46172 0.0616933
9.46185 0.0418275
9.46185 0.0418275
9.46185 0.0418275
9.46185 0.0418275
9.46185 0.041508
9.46185 0.041508
9.46198 0.0416364
9.46273 0.062705
9.46305 0.0630246
9.46353 0.0634987
9.46385 0.0638191
9.46737 0.067368
9.46915 0.0691228
9.46988 0.0698476
9.47116 0.0711313
9.47201 0.0719796
9.47233 0.0722991
9.47274 0.0727119
9.47381 0.0737779
9.47413 0.0740965
9.47413 0.0740974
9.47529 0.0752567
9.4762 0.0761663
9.47655 0.0765178
9.47687 0.0768619
9.47744 0.0774057
9.47803 0.0780263
9.47845 0.0784171
9.47898 0.0789552
9.47962 0.0795857
9.48043 0.0804029
9.48128 0.0812503
9.4816 0.0815707
9.48173 0.0417192
9.48173 0.0417192
9.48173 0.0417192
9.48173 0.0417192
9.48173 0.0413997
9.48173 0.0413997
9.48205 0.0820186
9.48205 0.0417192
9.48237 0.0823381
9.48269 0.0826576
9.48269 0.0826576
9.48453 0.0845069
9.48522 0.0851939
9.48604 0.0860111
9.48645 0.0864239
9.48702 0.0869914
9.48796 0.0879338
9.48903 0.0889998
9.48935 0.0893194
9.48967 0.0896389
9.49142 0.0913949
9.49236 0.0923307
9.49268 0.0926502
9.49686 0.0968258
9.49889 0.0988569
9.4997 0.099674
9.50074 0.100708
9.50128 0.101246
9.5016 0.101566
9.50172 0.0416974
9.50172 0.0416974
9.50172 0.0416974
9.50172 0.0416974
9.50172 0.0413779
9.50172 0.0413779
9.50185 0.0415063
9.50394 0.103915
9.50448 0.104452
9.5058 0.105767
9.50671 0.106677
9.50737 0.107339
9.51061 0.110582
9.51109 0.111057
9.51355 0.113523
9.5153 0.115273
9.51699 0.116961
9.52008 0.120049
9.52111 0.0410973
9.52111 0.0410973
9.52111 0.0410973
9.52142 0.0414123
9.52142 0.0410928
9.52142 0.0410928
9.52725 0.12722
9.52763 0.127601
9.53206 0.132027
9.53446 0.13443
9.53478 0.134749
9.53594 0.135909
9.54133 0.0412991
9.54146 0.041108
9.54146 0.041108
9.54146 0.041108
9.54177 0.041423
9.54177 0.0411035
9.54177 0.0411035
9.54421 0.0441771
9.54857 0.148539
9.55387 0.153835
9.55602 0.0559909
9.55634 0.0563104
9.55634 0.0563104
9.55837 0.0583484
9.559 0.0589712
9.55948 0.0594462
9.55979 0.0597657
9.56108 0.0610494
9.5614 0.0613689
9.5614 0.161368
9.56172 0.161688
9.56172 0.0616884
9.56185 0.0418227
9.56185 0.0418227
9.56185 0.0418227
9.56185 0.0418227
9.56185 0.0415032
9.56185 0.0415032
9.56197 0.0416316
9.56273 0.0627002
9.56305 0.0630197
9.56352 0.0635025
9.56384 0.0638142
9.56737 0.067358
9.56915 0.0691266
9.56987 0.0698427
9.57116 0.0711264
9.57203 0.0720058
9.57203 0.0720058
9.57273 0.0726986
9.57379 0.0737646
9.57411 0.0740919
9.57411 0.0740841
9.57527 0.0752434
9.57618 0.0761617
9.57653 0.0765045
9.57685 0.0768246
9.57742 0.0773923
9.57805 0.0780251
9.57843 0.0784124
9.57897 0.0789418
9.5796 0.0795724
9.58045 0.0804207
9.58127 0.0812456
9.58159 0.0815573
9.58171 0.0417059
9.58171 0.0417059
9.58171 0.0417059
9.58171 0.0417059
9.58171 0.0413863
9.58171 0.0413863
9.58203 0.0820052
9.58203 0.0417059
9.58235 0.0823247
9.58267 0.0826442
9.58267 0.0826442
9.58452 0.0844936
9.58521 0.0851806
9.58603 0.0859978
9.58644 0.0864106
9.58701 0.0869867
9.58795 0.0879205
9.58902 0.0889865
9.58933 0.089306
9.58965 0.0896255
9.59144 0.0914126
9.59238 0.0923485
9.5927 0.092668
9.59684 0.0968211
9.59887 0.0988436
9.59972 0.0996918
9.60072 0.100703
9.60129 0.101264
9.60161 0.101583
9.60174 0.0417152
9.60174 0.0417152
9.60174 0.0417152
9.60174 0.0417152
9.60174 0.0413957
9.60174 0.0413957
9.60187 0.0415241
9.60396 0.103933
9.60447 0.104439
9.60578 0.105754
9.60669 0.106664
9.60735 0.107326
9.6106 0.110569
9.61107 0.111044
9.61357 0.113541
9.61529 0.11526
9.61698 0.116948
9.6201 0.120067
9.62113 0.041115
9.62113 0.041115
9.62113 0.041115
9.62144 0.0414301
9.62144 0.0411105
9.62144 0.0411105
9.62727 0.127237
9.62765 0.127619
9.63207 0.132044
9.63448 0.134448
9.6348 0.134767
9.63592 0.135895
9.64131 0.0412858
9.64144 0.0410947
9.64144 0.0410947
9.64144 0.0410947
9.64179 0.0414408
9.64179 0.0411213
9.64179 0.0411213
9.64422 0.0441949
9.64859 0.148557
9.65385 0.153822
9.65604 0.0560087
9.65604 0.0560087
9.65636 0.0563282
9.65836 0.0583437
9.65902 0.058989
9.65946 0.0594329
9.65978 0.0597524
9.6611 0.0610672
9.66141 0.0613867
9.66141 0.161386
9.66173 0.161705
9.66173 0.0617062
9.66186 0.0418405
9.66186 0.0418405
9.66186 0.0418405
9.66186 0.0418405
9.66186 0.0415209
9.66186 0.0415209
9.66199 0.0416493
9.66271 0.0626869
9.66303 0.0630064
9.66351 0.0634978
9.66383 0.0638009
9.66738 0.0673706
9.66913 0.0691219
9.66986 0.0698294
9.67117 0.0711442
9.67202 0.0719925
9.67234 0.072312
9.67275 0.0727248
9.67382 0.0737908
9.67382 0.0738072
9.67414 0.0741103
9.67527 0.0752385
9.67618 0.0761654
9.67653 0.0764996
9.67685 0.0768268
9.67742 0.0773875
9.67805 0.0780324
9.67843 0.0784162
9.67897 0.078937
9.6796 0.0795675
9.68044 0.0804158
9.68126 0.0812494
9.68158 0.0815525
9.68171 0.041701
9.68171 0.041701
9.68171 0.041701
9.68171 0.041701
9.68171 0.0413815
9.68171 0.0413815
9.68203 0.0820004
9.68203 0.041701
9.68235 0.0823199
9.68267 0.0826394
9.68267 0.0826394
9.68451 0.0844887
9.6852 0.0851757
9.68602 0.0859929
9.68643 0.0864057
9.687 0.0869905
9.68794 0.0879157
9.68901 0.0889817
9.68933 0.0893012
9.68965 0.0896207
9.69143 0.0914078
9.69237 0.0923437
9.69269 0.0926632
9.69684 0.0968249
9.69887 0.0988387
9.69972 0.099687
9.70072 0.100707
9.70129 0.101259
9.70161 0.101579
9.70174 0.0417103
9.70174 0.0417103
9.70174 0.0417103
9.70174 0.0417103
9.70174 0.0413908
9.70174 0.0413908
9.70186 0.0415192
9.70396 0.103928
9.70449 0.104465
9.70578 0.105749
9.70669 0.106659
9.70738 0.107352
9.71062 0.110595
9.71107 0.111039
9.71356 0.113536
9.71528 0.115255
9.71697 0.116943
9.72009 0.120062
9.72112 0.0411102
9.72112 0.0411102
9.72112 0.0411102
9.72144 0.0414252
9.72144 0.0411057
9.72144 0.0411057
9.72726 0.127232
9.72764 0.127614
9.73207 0.132039
9.73447 0.134443
9.73479 0.134762
9.73595 0.135922
9.74134 0.041312
9.74147 0.0411209
9.74147 0.0411209
9.74147 0.0411209
9.74178 0.0414359
9.74178 0.0411164
9.74178 0.0411164
9.74422 0.04419
9.74858 0.148552
9.75385 0.153817
9.75603 0.0560038
9.75603 0.0560038
9.75635 0.0563233
9.75835 0.0583475
9.75901 0.0589841
9.75946 0.059428
9.75977 0.0597475
9.76109 0.0610624
9.76141 0.0613819
9.76141 0.161381
9.76173 0.161701
9.76173 0.0617014
9.76186 0.0418356
9.76186 0.0418356
9.76186 0.0418356
9.76186 0.0418356
9.76186 0.0415161
9.76186 0.0415161
9.76199 0.0416445
9.76271 0.062682
9.76303 0.0630015
9.7635 0.0635016
9.76382 0.0637961
9.76738 0.0673606
9.76913 0.0691257
9.76985 0.0698245
9.77117 0.0711394
9.77201 0.0719876
9.77233 0.0723071
9.77275 0.07272
9.77381 0.073786
9.77381 0.073811
9.77413 0.0741055
9.77526 0.0752337
9.77617 0.0761692
9.77652 0.0764948
9.77684 0.076829
9.77744 0.0774137
9.77801 0.0780085
9.77842 0.0784199
9.77899 0.0789632
9.77959 0.0795627
9.78044 0.0804109
9.78126 0.0812532
9.78157 0.0815476
9.7817 0.0416961
9.7817 0.0416961
9.7817 0.0416961
9.7817 0.0416961
9.7817 0.0413766
9.7817 0.0413766
9.78202 0.0819955
9.78202 0.0416961
9.78234 0.082315
9.78266 0.0826345
9.78266 0.0826345
9.78454 0.0845149
9.7852 0.0851709
9.78602 0.0859881
9.78643 0.0864009
9.787 0.0869943
9.78797 0.0879419
9.789 0.0889768
9.78932 0.0892963
9.78964 0.0896158
9.79142 0.0914029
9.79237 0.0923388
9.79269 0.0926583
9.79683 0.0968287
9.79886 0.0988338
9.79971 0.0996821
9.80071 0.100711
9.80128 0.101254
9.8016 0.101574
9.80173 0.0417055
9.80173 0.0417055
9.80173 0.0417055
9.80173 0.0417055
9.80173 0.041386
9.80173 0.041386
9.80186 0.0415144
9.80395 0.103923
9.80449 0.10446
9.8058 0.105775
9.80668 0.106654
9.80737 0.107347
9.81062 0.11059
9.81106 0.111034
9.81356 0.113531
9.81531 0.115281
9.81697 0.116938
9.82008 0.120057
9.82111 0.0411053
9.82111 0.0411053
9.82111 0.0411053
9.82143 0.0414203
9.82143 0.0411008
9.82143 0.0411008
9.82725 0.127228
9.82764 0.127609
9.83206 0.132035
9.83447 0.134438
9.83478 0.134758
9.83594 0.135917
9.84133 0.0413072
9.84146 0.041116
9.84146 0.041116
9.84146 0.041116
9.84178 0.0414311
9.84178 0.0411116
9.84178 0.0411116
9.84421 0.0441851
9.84857 0.148547
9.85384 0.153812
9.85603 0.055999
9.85603 0.055999
9.85634 0.0563185
9.85838 0.0583513
9.85901 0.0589792
9.85948 0.0594543
9.8598 0.0597738
9.86108 0.0610575
9.8614 0.061377
9.8614 0.161376
9.86172 0.161696
9.86172 0.0616965
9.86185 0.0418307
9.86185 0.0418307
9.86185 0.0418307
9.86185 0.0418307
9.86185 0.0415112
9.86185 0.0415112
9.86198 0.0416396
9.86273 0.0627083
9.86305 0.0630278
9.86353 0.0635054
9.86385 0.0638223
9.86737 0.0673505
9.86915 0.0691295
9.86985 0.0698197
9.87116 0.0711345
9.87201 0.0719828
9.87233 0.0723023
9.87274 0.0727151
9.87381 0.0737811
9.87413 0.0741032
9.87413 0.0741006
9.87529 0.0752599
9.8762 0.076173
9.87655 0.076521
9.87687 0.0768624
9.87744 0.0774089
9.87803 0.0780158
9.87845 0.0784237
9.87898 0.0789584
9.87958 0.0795578
9.88043 0.0804061
9.88128 0.081257
9.8816 0.0815739
9.88173 0.0417224
9.88173 0.0417224
9.88173 0.0417224
9.88173 0.0417224
9.88173 0.0414029
9.88173 0.0414029
9.88205 0.0820218
9.88205 0.0417224
9.88237 0.0823413
9.88269 0.0826608
9.88269 0.0826608
9.88453 0.0845101
9.88519 0.085166
9.88604 0.0860143
9.88642 0.086396
9.88702 0.0869981
9.88796 0.0879371
9.88903 0.0890031
9.88935 0.0893226
9.88967 0.0896421
9.89142 0.0913981
9.89236 0.092334
9.89268 0.0926535
9.89686 0.0968325
9.89889 0.0988601
9.8997 0.0996773
9.90074 0.100715
9.90128 0.101249
9.9016 0.101569
9.90172 0.0417006
9.90172 0.0417006
9.90172 0.0417006
9.90172 0.0417006
9.90172 0.0413811
9.90172 0.0413811
9.90185 0.0415095
9.90394 0.103918
9.90448 0.104455
9.9058 0.10577
9.90668 0.10665
9.90737 0.107342
9.91061 0.110586
9.91106 0.11103
9.91355 0.113526
9.9153 0.115277
9.91699 0.116965
9.92008 0.120052
9.92111 0.0411005
9.92111 0.0411005
9.92111 0.0411005
9.92142 0.0414155
9.92142 0.041096
9.92142 0.041096
9.92725 0.127223
9.92763 0.127605
9.93206 0.13203
9.93446 0.134433
9.93478 0.134753
9.93594 0.135912
9.94133 0.0413023
9.94146 0.0411112
9.94146 0.0411112
9.94146 0.0411112
9.94177 0.0414262
9.94177 0.0411067
9.94177 0.0411067
9.94383 0.0411022
9.94421 0.0441843
9.94826 0.0411062
9.94858 0.14855
9.95253 0.0411102
9.95385 0.153819
9.95603 0.056006
9.95603 0.056006
9.95635 0.0563255
9.95635 0.0415936
9.95835 0.0583359
9.95901 0.0589863
9.95946 0.0594302
9.95978 0.0597497
9.95993 0.0410943
9.96109 0.0610685
9.96141 0.0613881
9.96141 0.161387
9.96173 0.161707
9.96173 0.0617076
9.96186 0.0418306
9.96186 0.0418306
9.96186 0.0418306
9.96186 0.0418306
9.96186 0.041511
9.96186 0.041511
9.96199 0.0416394
9.96271 0.0626882
9.96303 0.0630077
9.96351 0.063494
9.96383 0.0638022
9.96595 0.0411089
9.96739 0.0673604
9.96914 0.0691221
9.96986 0.0698347
9.96999 0.0411298
9.97118 0.0711535
9.97203 0.0720018
9.97203 0.0720018
9.97272 0.0726945
9.97382 0.0737916
9.97382 0.0738029
9.97414 0.0741111
9.97427 0.0413543
9.97527 0.0752433
9.97618 0.076165
9.97653 0.0765044
9.97685 0.0768217
9.97742 0.0773923
9.97802 0.0780113
9.97815 0.041214
9.97847 0.0784508
9.97897 0.0789457
9.9796 0.0795763
9.98045 0.0804246
9.98127 0.081253
9.98159 0.0815612
9.98172 0.0416958
9.98172 0.0416958
9.98172 0.0416958
9.98172 0.0416958
9.98172 0.0413763
9.98172 0.0413763
9.98203 0.0820091
9.98203 0.0416958
9.98235 0.0823286
9.98267 0.0826481
9.98267 0.0826481
9.9828 0.0412105
9.98452 0.0845014
9.98521 0.0851885
9.98603 0.0860057
9.98616 0.041107
9.98648 0.0864535
9.98702 0.087002
9.98796 0.0879324
9.98902 0.0889984
9.98934 0.0893179
9.98966 0.0896374
9.9902 0.0411222
9.99142 0.0913974
9.99236 0.0923332
9.99268 0.0926527
9.99436 0.041112
9.99686 0.0968444
9.9982 0.041116
9.99886 0.0988362
9.99971 0.0996845

