% time_sec delay_sec
0.143357 0.0433267
0.14489 0.0448592
0.147542 0.0475115
0.14867 0.0486398
0.156579 0.0565486
0.156899 0.0568681
0.156899 0.0568681
0.157374 0.0573432
0.158813 0.0587824
0.159132 0.0591019
0.160167 0.0601368
0.160167 0.0601368
0.160487 0.0604563
0.161055 0.0610247
0.161779 0.0617485
0.162441 0.0624102
0.163631 0.0636006
0.164262 0.0642312
0.16539 0.0653594
0.165989 0.0659588
0.172716 0.0726857
0.174529 0.0744982
0.174848 0.0748177
0.1789 0.0788697
0.179344 0.0793137
0.18013 0.0800997
0.18045 0.0804192
0.181267 0.0812364
0.181267 0.0812364
0.181586 0.0815559
0.183181 0.0831507
0.183501 0.0834702
0.183501 0.0834702
0.185251 0.0852205
0.18557 0.08554
0.185983 0.0859528
0.186863 0.0868322
0.187182 0.0871517
0.187502 0.0874712
0.187502 0.0874712
0.187821 0.0877907
0.188794 0.0887634
0.189113 0.0890829
0.189775 0.0897445
0.191681 0.0916504
0.192 0.0919699
0.192413 0.0923827
0.192733 0.0927022
0.194141 0.0941103
0.195145 0.0951141
0.195837 0.0958069
0.198023 0.0979926
0.200644 0.100614
0.20115 0.10112
0.202123 0.102093
0.202443 0.102412
0.206619 0.106589
0.20753 0.107499
0.208253 0.108223
0.209973 0.109942
0.21107 0.111039
0.211638 0.111608
0.211958 0.111927
0.21545 0.115419
0.217387 0.117356
0.219323 0.119293
0.220887 0.120857
0.222544 0.122514
0.223081 0.123051
0.225951 0.125921
0.228448 0.128418
0.232749 0.132719
0.233068 0.133038
0.233886 0.133855
0.235356 0.135326
0.236702 0.136671
0.243336 0.0433284
0.244868 0.0448609
0.24752 0.0475133
0.248649 0.0486415
0.253074 0.153043
0.254575 0.154545
0.256574 0.0565673
0.256574 0.0565673
0.256894 0.0568868
0.257338 0.0573307
0.258777 0.05877
0.259097 0.0590895
0.260132 0.0601244
0.260132 0.0601244
0.260451 0.0604439
0.261019 0.0610122
0.261774 0.0617672
0.262094 0.162063
0.262413 0.162383
0.262413 0.0624062
0.263604 0.0635966
0.264234 0.0642272
0.265363 0.0653554
0.265962 0.0659548
0.267152 0.167122
0.272697 0.0726902
0.27451 0.0745027
0.274829 0.0748222
0.278881 0.0788742
0.279325 0.0793181
0.280111 0.0801042
0.280431 0.0804237
0.281248 0.0812409
0.281248 0.0812409
0.281568 0.0815604
0.283162 0.0831552
0.283482 0.0834747
0.283482 0.0834747
0.285232 0.0852249
0.285552 0.0855445
0.285933 0.0859262
0.286844 0.0868367
0.287163 0.0871562
0.287483 0.0874757
0.287483 0.0874757
0.287802 0.0877952
0.288775 0.0887679
0.289095 0.0890874
0.289756 0.089749
0.291662 0.0916548
0.291982 0.0919743
0.292363 0.0923561
0.292683 0.0926756
0.294122 0.0941148
0.295126 0.0951186
0.295819 0.0958114
0.298004 0.0979971
0.300626 0.100618
0.301132 0.101124
0.302104 0.102097
0.302424 0.102417
0.306569 0.106562
0.30748 0.107472
0.308235 0.108227
0.309954 0.109947
0.311051 0.111044
0.311588 0.111581
0.311908 0.1119
0.315431 0.115424
0.317368 0.117361
0.319305 0.119297
0.320868 0.120861
0.322525 0.122518
0.323063 0.123055
0.325933 0.125925
0.328398 0.128391
0.33273 0.132723
0.33305 0.133043
0.333867 0.13386
0.335337 0.13533
0.336683 0.136676
0.343348 0.0433329
0.34488 0.0448654
0.347533 0.0475177
0.348661 0.0486459
0.353024 0.153017
0.354557 0.154549
0.356587 0.0565718
0.356587 0.0565718
0.356906 0.0568913
0.35735 0.0573352
0.358789 0.0587744
0.359109 0.059094
0.360144 0.0601288
0.360144 0.0601288
0.360463 0.0604484
0.361032 0.0610167
0.361787 0.0617717
0.362106 0.162099
0.362426 0.162418
0.362426 0.0624107
0.363616 0.0636011
0.364247 0.0642316
0.365375 0.0653598
0.365974 0.0659593
0.367134 0.167126
0.37271 0.0726947
0.374522 0.0745072
0.374842 0.0748267
0.378894 0.0788787
0.379338 0.0793226
0.380093 0.0800776
0.380443 0.0804282
0.38126 0.0812454
0.38126 0.0812454
0.38158 0.0815649
0.383175 0.0831596
0.383494 0.0834791
0.383494 0.0834791
0.385244 0.0852294
0.385564 0.0855489
0.385946 0.0859306
0.386856 0.0868411
0.387176 0.0871606
0.387495 0.0874801
0.387495 0.0874801
0.387815 0.0877997
0.388756 0.0887412
0.389076 0.0890607
0.389769 0.0897535
0.391674 0.0916593
0.391994 0.0919788
0.392376 0.0923605
0.392695 0.09268
0.394134 0.0941193
0.395138 0.0951231
0.395831 0.0958158
0.398017 0.0980016
0.400638 0.100623
0.401113 0.101098
0.402117 0.102102
0.402436 0.102421
0.406581 0.106566
0.407492 0.107477
0.408247 0.108232
0.409966 0.109951
0.411063 0.111048
0.4116 0.111585
0.41192 0.111905
0.415443 0.115428
0.41738 0.117365
0.419317 0.119302
0.420881 0.120866
0.422538 0.122523
0.423075 0.12306
0.425914 0.125899
0.428411 0.128396
0.432742 0.132727
0.433062 0.133047
0.433848 0.133833
0.43535 0.135335
0.436695 0.13668
0.44336 0.0433373
0.444862 0.0448388
0.447545 0.0475222
0.448673 0.0486504
0.453036 0.153021
0.454569 0.154554
0.456568 0.0565451
0.456887 0.0568646
0.456887 0.0568646
0.457363 0.0573397
0.458802 0.0587789
0.459121 0.0590984
0.460156 0.0601333
0.460156 0.0601333
0.460476 0.0604528
0.461044 0.0610212
0.461768 0.061745
0.462087 0.162072
0.462407 0.162392
0.462726 0.0627036
0.463606 0.0635829
0.464267 0.0642446
0.465396 0.0653728
0.465964 0.0659411
0.467123 0.167108
0.47273 0.0727076
0.474512 0.074489
0.474831 0.0748085
0.478883 0.0788605
0.479358 0.0793356
0.480113 0.0800905
0.480433 0.08041
0.48125 0.0812272
0.48157 0.0815467
0.48157 0.0815467
0.483164 0.0831415
0.483484 0.083461
0.483484 0.083461
0.485265 0.0852424
0.485265 0.0852424
0.485958 0.0859351
0.486868 0.0868456
0.487188 0.0871651
0.487507 0.0874846
0.487507 0.0874846
0.487827 0.0878041
0.488769 0.0887457
0.489088 0.0890652
0.489781 0.089758
0.491687 0.0916638
0.491687 0.0916638
0.492379 0.0923565
0.492699 0.0926761
0.494138 0.0941153
0.495142 0.0951191
0.495835 0.0958119
0.49802 0.0979976
0.500642 0.100619
0.501148 0.101125
0.50212 0.102098
0.50244 0.102417
0.506585 0.106562
0.507496 0.107473
0.508251 0.108228
0.50997 0.109947
0.511067 0.111044
0.511604 0.111581
0.511924 0.111901
0.515447 0.115424
0.517384 0.117361
0.519321 0.119298
0.520884 0.120862
0.522541 0.122519
0.523079 0.123056
0.525949 0.125926
0.528414 0.128392
0.532746 0.132723
0.533066 0.133043
0.533883 0.13386
0.535353 0.135331
0.536699 0.136676
0.543364 0.0433334
0.544897 0.0448659
0.547549 0.0475182
0.548677 0.0486464
0.55304 0.153017
0.554573 0.15455
0.556603 0.0565723
0.556603 0.0565723
0.556922 0.0568918
0.557366 0.0573357
0.558806 0.0587749
0.559125 0.0590944
0.56016 0.0601293
0.56016 0.0601293
0.56048 0.0604488
0.561048 0.0610172
0.561803 0.0617721
0.562122 0.162099
0.562442 0.162419
0.562442 0.0624112
0.563632 0.0636016
0.564263 0.0642321
0.565391 0.0653603
0.56599 0.0659598
0.56715 0.167127
0.572726 0.0726952
0.574538 0.0745077
0.574858 0.0748272
0.57891 0.0788792
0.579354 0.0793231
0.580109 0.0800781
0.580459 0.0804287
0.581277 0.0812458
0.581277 0.0812458
0.581596 0.0815653
0.583191 0.0831601
0.583191 0.0831601
0.58351 0.0834796
0.585261 0.0852299
0.58558 0.0855494
0.585962 0.0859311
0.586872 0.0868416
0.587192 0.0871611
0.587511 0.0874806
0.587511 0.0874806
0.587831 0.0878001
0.588772 0.0887417
0.589092 0.0890612
0.589785 0.089754
0.59169 0.0916598
0.59201 0.0919793
0.592392 0.092361
0.592711 0.0926805
0.59415 0.0941198
0.595154 0.0951236
0.595847 0.0958163
0.598033 0.0980021
0.600654 0.100623
0.601129 0.101098
0.602133 0.102102
0.602452 0.102422
0.606598 0.106567
0.607508 0.107477
0.608263 0.108232
0.609982 0.109952
0.611079 0.111049
0.611617 0.111586
0.611936 0.111905
0.615459 0.115429
0.617396 0.117366
0.619333 0.119302
0.620897 0.120866
0.622554 0.122523
0.623091 0.12306
0.62593 0.125899
0.628427 0.128396
0.632759 0.132728
0.633078 0.133047
0.633864 0.133834
0.635335 0.135304
0.636712 0.136681
0.643345 0.0433378
0.644847 0.0448393
0.64753 0.0475227
0.648658 0.0486509
0.653052 0.153022
0.654585 0.154554
0.656553 0.0565456
0.656873 0.0568651
0.656873 0.0568651
0.657348 0.0573402
0.658787 0.0587794
0.659106 0.0590989
0.660141 0.0601338
0.660141 0.0601338
0.660461 0.0604533
0.661029 0.0610217
0.661753 0.0617455
0.662104 0.162073
0.662423 0.162392
0.662423 0.0624156
0.663582 0.063575
0.664244 0.0642366
0.665372 0.0653648
0.665941 0.0659332
0.667131 0.1671
0.672707 0.0726997
0.67452 0.0745122
0.674839 0.0748317
0.678891 0.0788837
0.679335 0.0793276
0.68009 0.0800825
0.680409 0.080402
0.681227 0.0812192
0.681546 0.0815387
0.681546 0.0815387
0.683141 0.0831335
0.68346 0.083453
0.68346 0.083453
0.685242 0.0852344
0.685561 0.0855539
0.685943 0.0859356
0.686853 0.0868461
0.687173 0.0871656
0.687493 0.0874851
0.687493 0.0874851
0.687812 0.0878046
0.688754 0.0887462
0.689073 0.0890657
0.689766 0.0897585
0.691672 0.0916643
0.691672 0.0916643
0.692364 0.092357
0.692684 0.0926765
0.694123 0.0941158
0.695127 0.0951196
0.69582 0.0958123
0.698005 0.0979981
0.700627 0.100619
0.701133 0.101125
0.702106 0.102098
0.702425 0.102418
0.70657 0.106563
0.707481 0.107473
0.708236 0.108228
0.709955 0.109948
0.711052 0.111045
0.711589 0.111582
0.711909 0.111901
0.715432 0.115425
0.717369 0.117362
0.719306 0.119298
0.72087 0.120862
0.722526 0.122519
0.723064 0.123056
0.725934 0.125926
0.728399 0.128392
0.732731 0.132724
0.733051 0.133043
0.733868 0.133861
0.735338 0.135331
0.736684 0.136677
0.743349 0.0433338
0.744851 0.0448353
0.747534 0.0475187
0.748662 0.0486469
0.753025 0.153018
0.754558 0.15455
0.756588 0.0565727
0.756588 0.0565727
0.756907 0.0568922
0.757351 0.0573362
0.758791 0.0587754
0.75911 0.0590949
0.760145 0.0601298
0.760145 0.0601298
0.760465 0.0604493
0.761033 0.0610177
0.761788 0.0617726
0.762107 0.1621
0.762427 0.162419
0.762427 0.0624117
0.763617 0.0636021
0.764248 0.0642326
0.765376 0.0653608
0.765975 0.0659603
0.767135 0.167127
0.772711 0.0726957
0.774523 0.0745082
0.774843 0.0748277
0.778895 0.0788797
0.779339 0.0793236
0.780094 0.0800785
0.780444 0.0804292
0.781262 0.0812463
0.781262 0.0812463
0.781581 0.0815658
0.783176 0.0831606
0.783176 0.0831606
0.783495 0.0834801
0.785246 0.0852304
0.785565 0.0855499
0.785947 0.0859316
0.786857 0.0868421
0.787177 0.0871616
0.787496 0.0874811
0.787496 0.0874811
0.787816 0.0878006
0.788757 0.0887422
0.789077 0.0890617
0.78977 0.0897545
0.791676 0.0916603
0.791995 0.0919798
0.792377 0.0923615
0.792696 0.092681
0.794135 0.0941203
0.795139 0.0951241
0.795832 0.0958168
0.798018 0.0980026
0.800639 0.100624
0.801114 0.101099
0.802118 0.102103
0.802437 0.102422
0.806583 0.106567
0.807493 0.107478
0.808248 0.108233
0.809967 0.109952
0.811064 0.111049
0.811602 0.111586
0.811921 0.111906
0.815444 0.115429
0.817381 0.117366
0.819318 0.119303
0.820882 0.120867
0.822539 0.122524
0.823076 0.123061
0.825915 0.1259
0.828412 0.128397
0.832744 0.132728
0.833063 0.133048
0.833849 0.133834
0.83532 0.135304
0.836697 0.136681
0.843361 0.0433383
0.844863 0.0448398
0.847546 0.0475232
0.848674 0.0486514
0.853037 0.153022
0.85457 0.154555
0.856569 0.0565461
0.856889 0.0568656
0.856889 0.0568656
0.857364 0.0573406
0.858803 0.0587799
0.859122 0.0590994
0.860157 0.0601343
0.860157 0.0601343
0.860477 0.0604538
0.861045 0.0610222
0.861769 0.061746
0.862089 0.162073
0.862408 0.162393
0.862728 0.0627045
0.863607 0.0635839
0.864269 0.0642456
0.865397 0.0653738
0.865965 0.0659421
0.867124 0.167109
0.872732 0.0727086
0.874513 0.07449
0.874833 0.0748095
0.878885 0.0788615
0.87936 0.0793365
0.880115 0.0800915
0.880434 0.080411
0.881251 0.0812282
0.881571 0.0815477
0.881571 0.0815477
0.883165 0.0831424
0.883485 0.083462
0.883485 0.083462
0.885266 0.0852434
0.885266 0.0852434
0.885959 0.0859361
0.88687 0.0868466
0.887189 0.0871661
0.887509 0.0874856
0.887509 0.0874856
0.887828 0.0878051
0.88877 0.0887467
0.889089 0.0890662
0.889782 0.089759
0.891688 0.0916648
0.891688 0.0916648
0.892381 0.0923575
0.8927 0.092677
0.894139 0.0941163
0.895143 0.0951201
0.895836 0.0958128
0.898022 0.0979986
0.900643 0.10062
0.901149 0.101126
0.902122 0.102099
0.902441 0.102418
0.906586 0.106563
0.907497 0.107474
0.908252 0.108229
0.909971 0.109948
0.911068 0.111045
0.911605 0.111582
0.911925 0.111902
0.915448 0.115425
0.917385 0.117362
0.919322 0.119299
0.920886 0.120863
0.922543 0.12252
0.92308 0.123057
0.92595 0.125927
0.928416 0.128393
0.932748 0.132724
0.933067 0.133044
0.933884 0.133861
0.935355 0.135331
0.9367 0.136677
0.943365 0.0433343
0.944867 0.0448358
0.94755 0.0475192
0.948678 0.0486474
0.953041 0.153018
0.954574 0.154551
0.956604 0.0565732
0.956604 0.0565732
0.956924 0.0568927
0.957368 0.0573367
0.958807 0.0587759
0.959126 0.0590954
0.960161 0.0601303
0.960161 0.0601303
0.960481 0.0604498
0.961049 0.0610182
0.961804 0.0617731
0.962124 0.1621
0.962443 0.16242
0.962443 0.0624121
0.963633 0.0636026
0.964264 0.0642331
0.965392 0.0653613
0.965992 0.0659608
0.967151 0.167128
0.972727 0.0726962
0.97454 0.0745087
0.974859 0.0748282
0.978911 0.0788802
0.979355 0.0793241
0.98011 0.080079
0.980461 0.0804296
0.981278 0.0812468
0.981278 0.0812468
0.981597 0.0815663
0.983192 0.0831611
0.983192 0.0831611
0.983511 0.0834806
0.985262 0.0852309
0.985581 0.0855504
0.985963 0.0859321
0.986873 0.0868426
0.987193 0.0871621
0.987512 0.0874816
0.987512 0.0874816
0.987832 0.0878011
0.988774 0.0887427
0.989093 0.0890622
0.989786 0.089755
0.991692 0.0916608
0.992011 0.0919803
0.992393 0.092362
0.992712 0.0926815
0.994152 0.0941208
0.995155 0.0951246
0.995848 0.0958173
0.998034 0.0980031
1.00066 0.100624
1.00113 0.101099
1.00213 0.102103
1.00245 0.102423
1.00661 0.106575
1.00752 0.107485
1.00827 0.10824
1.00999 0.109959
1.01109 0.111056
1.01162 0.111594
1.01194 0.111913
1.01547 0.115436
1.0174 0.117373
1.01934 0.11931
1.0209 0.120874
1.02256 0.122531
1.0231 0.123068
1.02594 0.125907
1.02843 0.128404
1.03277 0.132736
1.03309 0.133055
1.03387 0.133841
1.03534 0.135312
1.03672 0.136689
1.04335 0.0433455
1.04489 0.044878
1.04754 0.0475303
1.04867 0.0486586
1.05306 0.153029
1.05459 0.154562
1.05659 0.0565844
1.05659 0.0565844
1.05691 0.0569039
1.05736 0.0573478
1.05879 0.058787
1.05911 0.0591066
1.06015 0.0601415
1.06047 0.060461
1.06047 0.060461
1.06104 0.0610293
1.06179 0.0617843
1.06211 0.16208
1.06243 0.1624
1.06243 0.0624233
1.06359 0.0635826
1.06425 0.0642442
1.06541 0.0654036
1.06598 0.0659719
1.06714 0.167108
1.07271 0.0727073
1.07453 0.0745198
1.07485 0.0748393
1.07893 0.0789224
1.07934 0.0793352
1.0801 0.0800902
1.08042 0.0804097
1.08123 0.0812269
1.08155 0.0815464
1.08155 0.0815464
1.08318 0.0831722
1.0835 0.0834917
1.0835 0.0834917
1.08382 0.043803
1.08382 0.043803
1.08382 0.043803
1.08382 0.043803
1.08414 0.0441225
1.08414 0.043803
1.08414 0.043803
1.08527 0.085259
1.08559 0.0855785
1.08597 0.0859602
1.08685 0.0868396
1.08717 0.0871591
1.08749 0.0874786
1.08749 0.0874786
1.08781 0.0877981
1.08875 0.0887397
1.08907 0.0890592
1.08979 0.089783
1.0917 0.0916889
1.09202 0.0920084
1.0924 0.0923901
1.09272 0.0927096
1.09413 0.0941177
1.09516 0.0951526
1.09579 0.0957832
1.09801 0.098
1.10063 0.100621
1.10117 0.101158
1.10208 0.102069
1.1024 0.102388
1.10334 0.0433361
1.10334 0.0433361
1.10334 0.0433361
1.10366 0.0436556
1.10366 0.0433361
1.10366 0.0433361
1.10656 0.106551
1.1075 0.107492
1.10822 0.108216
1.10997 0.109966
1.11104 0.111032
1.11158 0.11157
1.1119 0.111889
1.11542 0.115412
1.11736 0.117349
1.11929 0.119286
1.12086 0.12085
1.12251 0.122507
1.12305 0.123044
1.12318 0.0431618
1.12318 0.0431618
1.12318 0.0431618
1.1235 0.0434768
1.1235 0.0431573
1.1235 0.0431573
1.12593 0.125922
1.1284 0.128388
1.13273 0.13272
1.13305 0.133039
1.13386 0.133856
1.13533 0.135327
1.13668 0.136673
1.14334 0.043341
1.14347 0.0431498
1.14347 0.0431498
1.14347 0.0431498
1.14379 0.0434649
1.14379 0.0431454
1.14379 0.0431454
1.14489 0.0448815
1.14754 0.0475338
1.14867 0.048662
1.15303 0.153021
1.15456 0.154554
1.15659 0.0565878
1.15659 0.0565878
1.15691 0.0569073
1.15736 0.0573512
1.15879 0.0587905
1.15911 0.0590903
1.16015 0.0601449
1.16047 0.0604447
1.16047 0.0604644
1.16104 0.0610327
1.16179 0.0617877
1.16211 0.162104
1.16243 0.162423
1.16243 0.0624298
1.16318 0.0431519
1.16318 0.0431519
1.16318 0.0431519
1.16359 0.06359
1.16372 0.0436931
1.16372 0.0433736
1.16372 0.0433736
1.16426 0.0642359
1.16542 0.0653952
1.16599 0.0659636
1.16712 0.167108
1.17272 0.0727187
1.17454 0.074526
1.17485 0.0748507
1.17891 0.0789027
1.17935 0.0793466
1.18011 0.0801016
1.18043 0.0804211
1.18124 0.0812382
1.18156 0.0815577
1.18156 0.0815577
1.18319 0.0831836
1.18319 0.0831836
1.18351 0.0835031
1.18364 0.0436205
1.18364 0.0436205
1.18364 0.0436205
1.18364 0.0436205
1.18364 0.043301
1.18364 0.043301
1.18376 0.0434294
1.18527 0.0852614
1.18558 0.0855809
1.18597 0.0859626
1.18681 0.0868109
1.18713 0.0871304
1.18745 0.0874499
1.18745 0.0874499
1.1878 0.0877808
1.18875 0.0887421
1.18907 0.0890419
1.18982 0.0897968
1.1917 0.0916913
1.1917 0.0916913
1.19242 0.0923897
1.19274 0.0927149
1.19412 0.0941117
1.19515 0.0951466
1.19578 0.0957771
1.198 0.097994
1.20062 0.100615
1.20116 0.101152
1.2021 0.102094
1.20242 0.102413
1.20317 0.0431673
1.20317 0.0431673
1.20317 0.0431673
1.20348 0.0434823
1.20348 0.0431628
1.20348 0.0431628
1.20657 0.106567
1.20748 0.107477
1.20824 0.108232
1.20999 0.109957
1.21102 0.111017
1.21159 0.111586
1.21191 0.111905
1.21546 0.11544
1.21737 0.117365
1.21931 0.119283
1.22087 0.120866
1.22253 0.122523
1.22306 0.12306
1.22319 0.0431751
1.22319 0.0431751
1.22319 0.0431751
1.22351 0.0434901
1.22351 0.0431706
1.22351 0.0431706
1.22591 0.125907
1.22841 0.128404
1.23274 0.132736
1.23306 0.133055
1.23385 0.133841
1.23532 0.135312
1.23666 0.136658
1.24336 0.0433543
1.24349 0.0431631
1.24349 0.0431631
1.24349 0.0431631
1.2438 0.0434781
1.2438 0.0431586
1.2438 0.0431586
1.24487 0.0448637
1.24752 0.047516
1.24868 0.0486753
1.25304 0.153037
1.25454 0.154539
1.25657 0.05657
1.25689 0.0568895
1.25689 0.0568895
1.25734 0.0573334
1.25878 0.0587727
1.2591 0.0590896
1.26013 0.0601271
1.26045 0.060444
1.26045 0.0604466
1.26105 0.061046
1.26177 0.0617699
1.26209 0.162089
1.26241 0.162408
1.26273 0.0627037
1.2632 0.0431737
1.2632 0.0431737
1.2632 0.0431737
1.26358 0.0635807
1.26371 0.0436838
1.26371 0.0433643
1.26371 0.0433643
1.26422 0.0642126
1.26538 0.0653719
1.26595 0.0659402
1.26711 0.167101
1.27271 0.0727093
1.27449 0.074475
1.27481 0.0748102
1.2789 0.0788933
1.27934 0.0793373
1.2801 0.0800922
1.28041 0.0804117
1.28123 0.0812289
1.28155 0.0815484
1.28155 0.0815484
1.28318 0.0831743
1.28318 0.0831743
1.2835 0.0834938
1.28363 0.0436112
1.28363 0.0436112
1.28363 0.0436112
1.28363 0.0436112
1.28363 0.0432917
1.28363 0.0432917
1.28375 0.0434201
1.28526 0.085252
1.28557 0.0855715
1.28596 0.0859532
1.28684 0.0868326
1.28716 0.0871521
1.28747 0.0874716
1.28747 0.0874716
1.28779 0.0877886
1.28874 0.0887327
1.28906 0.0890496
1.28978 0.0897735
1.29169 0.0916819
1.29169 0.0916819
1.29241 0.0923804
1.29273 0.0927227
1.29411 0.0941023
1.29517 0.0951683
1.29577 0.0957678
1.29799 0.0979846
1.30061 0.100606
1.30115 0.101143
1.30206 0.102054
1.30238 0.102373
1.30319 0.0431579
1.30319 0.0431579
1.30319 0.0431579
1.3035 0.043473
1.3035 0.0431534
1.3035 0.0431534
1.30656 0.106557
1.30747 0.107468
1.30823 0.108223
1.30998 0.109948
1.31101 0.111008
1.31158 0.111576
1.3119 0.111896
1.31542 0.115417
1.31736 0.117356
1.31927 0.119259
1.32086 0.120857
1.32249 0.122482
1.32305 0.123051
1.32318 0.0431657
1.32318 0.0431657
1.32318 0.0431657
1.3235 0.0434807
1.3235 0.0431612
1.3235 0.0431612
1.3259 0.125898
1.3284 0.128394
1.3327 0.132695
1.33302 0.133015
1.33384 0.133832
1.33531 0.135302
1.33668 0.136679
1.34335 0.0433449
1.34348 0.0431538
1.34348 0.0431538
1.34348 0.0431538
1.34379 0.0434688
1.34379 0.0431493
1.34379 0.0431493
1.34489 0.0448854
1.34754 0.0475377
1.34867 0.0486659
1.35303 0.153028
1.35453 0.15453
1.35656 0.0565606
1.35688 0.0568802
1.35688 0.0568802
1.35736 0.0573552
1.35883 0.0588255
1.35915 0.0591285
1.36015 0.0601488
1.36047 0.0604683
1.36047 0.0604518
1.36104 0.0610367
1.36179 0.0617916
1.36211 0.16211
1.36243 0.16243
1.36275 0.0627288
1.36319 0.0431643
1.36319 0.0431643
1.36319 0.0431643
1.36357 0.0635713
1.3637 0.0436744
1.3637 0.0433549
1.3637 0.0433549
1.3643 0.0642826
1.36546 0.0654455
1.36603 0.0660102
1.3671 0.167092
1.37273 0.0727311
1.37461 0.0746058
1.37493 0.0748991
1.37895 0.0789462
1.37936 0.079359
1.38009 0.0800829
1.3804 0.0804024
1.38122 0.0812195
1.38154 0.0815391
1.38154 0.0815391
1.3832 0.083196
1.3832 0.083196
1.38352 0.0835155
1.38365 0.043633
1.38365 0.043633
1.38365 0.043633
1.38365 0.043633
1.38365 0.0433134
1.38365 0.0433134
1.38377 0.0434418
1.38528 0.0852738
1.3856 0.0855933
1.38598 0.085975
1.38683 0.0868233
1.38715 0.0871428
1.38746 0.0874623
1.38746 0.0874623
1.38785 0.0878274
1.38879 0.0887856
1.38911 0.0890885
1.38986 0.0898435
1.39171 0.0917037
1.39203 0.0920232
1.39244 0.0924106
1.39276 0.0927389
1.39413 0.0941325
1.3952 0.0951985
1.39583 0.0958291
1.39802 0.0980148
1.40067 0.100667
1.40118 0.101173
1.40212 0.102115
1.40244 0.102434
1.40319 0.0431571
1.40319 0.0431571
1.40319 0.0431571
1.4035 0.0434721
1.4035 0.0431526
1.4035 0.0431526
1.40662 0.106619
1.4075 0.107498
1.40826 0.108253
1.41004 0.110009
1.41107 0.111069
1.41161 0.111607
1.41193 0.111926
1.41551 0.115495
1.41739 0.117386
1.41939 0.119369
1.42083 0.120825
1.42255 0.122544
1.42308 0.123081
1.42321 0.0431959
1.42321 0.0431959
1.42321 0.0431959
1.4235 0.0434798
1.4235 0.0431603
1.4235 0.0431603
1.42596 0.125959
1.42846 0.128456
1.43276 0.132757
1.43308 0.133076
1.4339 0.133893
1.4353 0.135301
1.43668 0.136678
1.44335 0.043344
1.44347 0.0431529
1.44347 0.0431529
1.44347 0.0431529
1.44379 0.0434679
1.44379 0.0431484
1.44379 0.0431484
1.44489 0.0448845
1.44754 0.0475368
1.44867 0.0486651
1.45309 0.153089
1.45462 0.154622
1.45659 0.0565909
1.45691 0.0569104
1.45691 0.0569104
1.45736 0.0573543
1.45883 0.0588247
1.45915 0.0591362
1.46018 0.0601791
1.4605 0.0604906
1.4605 0.0604986
1.46104 0.0610358
1.46179 0.0617908
1.46214 0.162141
1.46246 0.16246
1.46278 0.0627538
1.46319 0.0431634
1.46319 0.0431634
1.46319 0.0431634
1.4636 0.0636015
1.46373 0.0437047
1.46373 0.0433851
1.46373 0.0433851
1.4643 0.0642903
1.46546 0.0654426
1.46603 0.066018
1.46719 0.167184
1.47273 0.0727302
1.47464 0.074636
1.47496 0.0749414
1.47895 0.0789453
1.47936 0.0793581
1.48011 0.0801131
1.48043 0.0804326
1.48125 0.0812498
1.48157 0.0815693
1.48157 0.0815693
1.4832 0.0831951
1.4832 0.0831951
1.48352 0.0835147
1.48364 0.0436321
1.48364 0.0436321
1.48364 0.0436321
1.48364 0.0436321
1.48364 0.0433126
1.48364 0.0433126
1.48377 0.043441
1.48527 0.0852729
1.48559 0.0855924
1.48598 0.0859741
1.48686 0.0868535
1.48717 0.087173
1.48749 0.0874925
1.48749 0.0874925
1.48784 0.0878352
1.48879 0.0887847
1.48911 0.0890963
1.48983 0.0898201
1.4917 0.0917028
1.49202 0.0920223
1.49244 0.0924097
1.49276 0.0927467
1.49413 0.0941317
1.4952 0.0951977
1.49583 0.0958282
1.49802 0.098014
1.50067 0.100666
1.50117 0.101172
1.50212 0.102114
1.50244 0.102433
1.50319 0.0431562
1.50319 0.0431562
1.50319 0.0431562
1.5035 0.0434712
1.5035 0.0431517
1.5035 0.0431517
1.50662 0.106618
1.50753 0.107528
1.50825 0.108252
1.51004 0.110008
1.51107 0.111068
1.51161 0.111606
1.51193 0.111925
1.51551 0.115503
1.51739 0.117385
1.51939 0.119377
1.52089 0.120886
1.52254 0.122543
1.52308 0.12308
1.52321 0.0431951
1.52321 0.0431951
1.52321 0.0431951
1.52349 0.043479
1.52349 0.0431595
1.52349 0.0431595
1.52596 0.125958
1.52846 0.128455
1.53276 0.132756
1.53308 0.133075
1.53389 0.133892
1.53536 0.135363
1.53671 0.136709
1.54334 0.0433431
1.54347 0.043152
1.54347 0.043152
1.54347 0.043152
1.54379 0.043467
1.54379 0.0431475
1.54379 0.0431475
1.54488 0.0448837
1.54754 0.047536
1.54866 0.0486642
1.55309 0.153089
1.55462 0.154621
1.55659 0.05659
1.55691 0.0569095
1.55691 0.0569095
1.55735 0.0573534
1.55882 0.0588238
1.55914 0.059144
1.56018 0.0601782
1.5605 0.0604984
1.5605 0.0604977
1.56104 0.0610349
1.56179 0.0617899
1.56214 0.16214
1.56246 0.162459
1.56278 0.0627788
1.56319 0.0431626
1.56319 0.0431626
1.56319 0.0431626
1.5636 0.0636007
1.56373 0.0437038
1.56373 0.0433843
1.56373 0.0433843
1.5643 0.0642981
1.56546 0.0654396
1.56603 0.0660257
1.56719 0.167184
1.57273 0.0727293
1.57464 0.0746351
1.57496 0.0749526
1.57895 0.0789444
1.57936 0.0793572
1.58011 0.0801122
1.58043 0.0804317
1.58128 0.08128
1.58128 0.08128
1.5816 0.0815995
1.5832 0.0831943
1.5832 0.0831943
1.58351 0.0835138
1.58364 0.0436312
1.58364 0.0436312
1.58364 0.0436312
1.58364 0.0436312
1.58364 0.0433117
1.58364 0.0433117
1.58377 0.0434401
1.58527 0.085272
1.58559 0.0855915
1.58597 0.0859732
1.58685 0.0868526
1.58717 0.0871721
1.58749 0.0874916
1.58749 0.0874916
1.58784 0.0878429
1.58878 0.0887838
1.5891 0.089104
1.58983 0.0898279
1.5917 0.0917019
1.59202 0.0920214
1.59243 0.0924088
1.59275 0.0927544
1.59413 0.0941308
1.5952 0.0951968
1.59583 0.0958273
1.59801 0.0980131
1.60067 0.100665
1.60117 0.101172
1.60211 0.102113
1.60243 0.102433
1.60318 0.0431553
1.60318 0.0431553
1.60318 0.0431553
1.6035 0.0434703
1.6035 0.0431508
1.6035 0.0431508
1.60662 0.106617
1.60753 0.107527
1.60825 0.108251
1.61003 0.110007
1.61107 0.111068
1.61164 0.111636
1.61196 0.111955
1.61551 0.11551
1.61739 0.117384
1.61935 0.119353
1.62089 0.120885
1.62254 0.122542
1.62308 0.123079
1.62321 0.0431942
1.62321 0.0431942
1.62321 0.0431942
1.62349 0.0434781
1.62349 0.0431586
1.62349 0.0431586
1.62596 0.125957
1.62845 0.128454
1.63276 0.132755
1.63308 0.133074
1.63389 0.133892
1.63536 0.135362
1.63671 0.136708
1.64337 0.0433423
1.6435 0.0431511
1.6435 0.0431511
1.6435 0.0431511
1.64382 0.0434662
1.64382 0.0431467
1.64382 0.0431467
1.64491 0.0448828
1.64757 0.0475351
1.64869 0.0486633
1.65309 0.153088
1.65462 0.15462
1.65662 0.0565891
1.65694 0.0569086
1.65694 0.0569086
1.65738 0.0573525
1.65885 0.0588229
1.65917 0.0591517
1.66018 0.0601462
1.6605 0.060475
1.6605 0.0604657
1.66107 0.061034
1.66182 0.061789
1.66214 0.162139
1.66246 0.162458
1.66278 0.0627728
1.66319 0.0431617
1.66319 0.0431617
1.66319 0.0431617
1.66363 0.0635998
1.66376 0.043734
1.66376 0.0434145
1.66376 0.0434145
1.6643 0.0642747
1.66546 0.0654367
1.66602 0.0660024
1.66718 0.167183
1.67276 0.0727284
1.67467 0.0746343
1.67498 0.0749638
1.67897 0.0789435
1.67939 0.0793564
1.68014 0.0801113
1.68046 0.0804308
1.68131 0.0812791
1.68131 0.0812791
1.68163 0.0815986
1.68322 0.0831934
1.68322 0.0831934
1.68354 0.0835129
1.68367 0.0436614
1.68367 0.0436614
1.68367 0.0436614
1.68367 0.0436614
1.68367 0.0433419
1.68367 0.0433419
1.6838 0.0434703
1.6853 0.0852711
1.68562 0.0855906
1.686 0.0859724
1.68688 0.0868517
1.6872 0.0871712
1.68752 0.0874907
1.68752 0.0874907
1.68787 0.0878507
1.68881 0.0887829
1.68913 0.0891118
1.68986 0.0898357
1.69173 0.091701
1.69205 0.0920205
1.69243 0.0924079
1.69275 0.0927311
1.69416 0.0941299
1.69523 0.0951959
1.69586 0.0958264
1.69804 0.0980122
1.7007 0.100665
1.7012 0.101171
1.70214 0.102112
1.70246 0.102432
1.70318 0.0431544
1.70318 0.0431544
1.70318 0.0431544
1.7035 0.0434694
1.7035 0.0431499
1.7035 0.0431499
1.70665 0.106616
1.70756 0.107527
1.70828 0.10825
1.71003 0.110006
1.7111 0.111067
1.71167 0.111635
1.71199 0.111955
1.71551 0.115487
1.71741 0.117384
1.71938 0.119361
1.72092 0.120884
1.72257 0.122541
1.72311 0.123078
1.72324 0.0432244
1.72324 0.0432244
1.72324 0.0432244
1.72349 0.0434772
1.72349 0.0431577
1.72349 0.0431577
1.72599 0.125956
1.72848 0.128453
1.73279 0.132754
1.7331 0.133073
1.73392 0.133891
1.73539 0.135361
1.73677 0.136738
1.74337 0.0433414
1.7435 0.0431503
1.7435 0.0431503
1.7435 0.0431503
1.74382 0.0434653
1.74382 0.0431458
1.74382 0.0431458
1.74491 0.0448819
1.74756 0.0475342
1.74869 0.0486624
1.75312 0.153087
1.75465 0.154619
1.75662 0.0565882
1.75694 0.0569077
1.75694 0.0569077
1.75738 0.0573517
1.75885 0.058822
1.75917 0.0591595
1.76021 0.0601764
1.76053 0.0605139
1.76053 0.0604959
1.76106 0.0610332
1.76182 0.0617881
1.76217 0.162138
1.76249 0.162457
1.76281 0.0627978
1.76319 0.0431608
1.76319 0.0431608
1.76319 0.0431608
1.76363 0.0635989
1.76376 0.0437331
1.76376 0.0434136
1.76376 0.0434136
1.76429 0.0642825
1.76545 0.0654337
1.76602 0.0660102
1.76721 0.167182
1.77279 0.0727587
1.77466 0.0746334
1.77498 0.0749751
1.77897 0.0789427
1.77939 0.0793555
1.78014 0.0801104
1.78046 0.08043
1.78131 0.0812782
1.78131 0.0812782
1.78163 0.0815977
1.78322 0.0831925
1.78354 0.083512
1.78354 0.083512
1.78367 0.0436605
1.78367 0.0436605
1.78367 0.0436605
1.78367 0.0436605
1.78367 0.043341
1.78367 0.043341
1.7838 0.0434694
1.7853 0.0852703
1.78562 0.0855898
1.786 0.0859715
1.78688 0.0868509
1.7872 0.0871704
1.78752 0.0874899
1.78752 0.0874899
1.78784 0.0878274
1.78881 0.0887821
1.78913 0.0891196
1.78986 0.0898434
1.79173 0.0917001
1.79205 0.0920196
1.79243 0.0924071
1.79275 0.0927389
1.79416 0.094129
1.79523 0.095195
1.79586 0.0958256
1.79804 0.0980113
1.80069 0.100664
1.8012 0.10117
1.80214 0.102111
1.80246 0.102431
1.80318 0.0431535
1.80318 0.0431535
1.80318 0.0431535
1.8035 0.0434685
1.8035 0.043149
1.8035 0.043149
1.80665 0.106615
1.80756 0.107526
1.80828 0.10825
1.81003 0.110006
1.8111 0.111066
1.81166 0.111634
1.81198 0.111954
1.81551 0.115495
1.81741 0.117383
1.81938 0.119369
1.82091 0.120883
1.82257 0.12254
1.82311 0.123078
1.82324 0.0432235
1.82324 0.0432235
1.82324 0.0432235
1.82349 0.0434763
1.82349 0.0431568
1.82349 0.0431568
1.82599 0.125955
1.82848 0.128452
1.83278 0.132753
1.8331 0.133073
1.83392 0.13389
1.83539 0.13536
1.83677 0.136737
1.84337 0.0433405
1.8435 0.0431494
1.8435 0.0431494
1.8435 0.0431494
1.84381 0.0434644
1.84381 0.0431449
1.84381 0.0431449
1.84491 0.044881
1.84756 0.0475333
1.84869 0.0486615
1.85312 0.153086
1.85465 0.154619
1.85662 0.0565873
1.85694 0.0569069
1.85694 0.0569069
1.85738 0.0573508
1.85885 0.0588211
1.85917 0.0591673
1.8602 0.0601755
1.86052 0.0605217
1.86052 0.060495
1.86106 0.0610323
1.86182 0.0617872
1.86217 0.162137
1.86249 0.162457
1.86281 0.0627918
1.86318 0.0431599
1.86318 0.0431599
1.86318 0.0431599
1.86363 0.063598
1.86376 0.0437322
1.86376 0.0434127
1.86376 0.0434127
1.86429 0.0642903
1.86545 0.0654307
1.86602 0.0660179
1.86721 0.167181
1.87279 0.0727578
1.87466 0.0746325
1.87498 0.0749552
1.87897 0.0789418
1.87938 0.0793546
1.88014 0.0801096
1.88046 0.0804291
1.88131 0.0812773
1.88131 0.0812773
1.88163 0.0815969
1.88322 0.0831916
1.88354 0.0835111
1.88354 0.0835111
1.88367 0.0436597
1.88367 0.0436597
1.88367 0.0436597
1.88367 0.0436597
1.88367 0.0433401
1.88367 0.0433401
1.8838 0.0434685
1.8853 0.0852694
1.88562 0.0855889
1.88603 0.0860017
1.88688 0.08685
1.8872 0.0871695
1.88752 0.087489
1.88752 0.087489
1.88784 0.0878351
1.88881 0.0887812
1.88913 0.0891273
1.88982 0.0898201
1.89173 0.0916993
1.89205 0.0920188
1.89243 0.0924062
1.89275 0.0927466
1.89416 0.0941281
1.89522 0.0951941
1.89585 0.0958247
1.89804 0.0980104
1.90069 0.100663
1.9012 0.101169
1.90214 0.10211
1.90246 0.10243
1.90318 0.0431527
1.90318 0.0431527
1.90318 0.0431527
1.90349 0.0434677
1.90349 0.0431482
1.90349 0.0431482
1.90664 0.106614
1.90755 0.107525
1.90828 0.108249
1.91003 0.110005
1.91109 0.111065
1.91166 0.111633
1.91198 0.111953
1.91551 0.115503
1.91744 0.117413
1.91938 0.119376
1.92091 0.120882
1.92257 0.122539
1.92311 0.123077
1.92323 0.0432226
1.92323 0.0432226
1.92323 0.0432226
1.92349 0.0434754
1.92349 0.0431559
1.92349 0.0431559
1.92598 0.125955
1.92848 0.128451
1.93278 0.132752
1.9331 0.133072
1.93392 0.133889
1.93539 0.135359
1.93677 0.136736
1.94337 0.0433396
1.9435 0.0431485
1.9435 0.0431485
1.9435 0.0431485
1.94381 0.0434635
1.94381 0.043144
1.94381 0.043144
1.94491 0.0448801
1.94756 0.0475324
1.94869 0.0486606
1.95311 0.153085
1.95465 0.154618
1.95662 0.0565865
1.95693 0.056906
1.95693 0.056906
1.95738 0.0573499
1.95885 0.0588202
1.95917 0.0591439
1.9602 0.0601747
1.96052 0.0604983
1.96052 0.0604942
1.96106 0.0610314
1.96181 0.0617864
1.96217 0.162136
1.96249 0.162456
1.9628 0.0627857
1.96318 0.043159
1.96318 0.043159
1.96318 0.043159
1.96363 0.0635971
1.96375 0.0437314
1.96375 0.0434118
1.96375 0.0434118
1.96432 0.064298
1.96545 0.0654278
1.96605 0.0660257
1.96721 0.16718
1.97279 0.0727569
1.97466 0.0746316
1.97498 0.0749664
1.97897 0.0789409
1.97938 0.0793537
1.98014 0.0801087
1.98046 0.0804282
1.98131 0.0812765
1.98131 0.0812765
1.98162 0.081596
1.98322 0.0831907
1.98354 0.0835103
1.98354 0.0835103
1.98367 0.0436588
1.98367 0.0436588
1.98367 0.0436588
1.98367 0.0436588
1.98367 0.0433393
1.98367 0.0433393
1.9838 0.0434677
1.9853 0.0852685
1.98562 0.085588
1.98603 0.0860008
1.98688 0.0868491
1.9872 0.0871686
1.98752 0.0874881
1.98752 0.0874881
1.98787 0.0878429
1.98881 0.0887803
1.98913 0.089104
1.98985 0.0898278
1.99173 0.0916984
1.99205 0.0920179
1.99243 0.0924053
1.99275 0.0927233
1.99416 0.0941273
1.99522 0.0951933
1.99585 0.0958238
1.99804 0.0980096
2.00069 0.100662
2.00123 0.101199
2.00214 0.10211
2.00246 0.102429
2.00318 0.0431518
2.00318 0.0431518
2.00318 0.0431518
2.00349 0.0434668
2.00349 0.0431473
2.00349 0.0431473
2.00665 0.10662
2.00756 0.107531
2.00828 0.108255
2.01003 0.110011
2.0111 0.111071
2.01167 0.111639
2.01199 0.111959
2.01554 0.115517
2.01745 0.117419
2.01938 0.11936
2.02092 0.120888
2.02257 0.122545
2.02311 0.123083
2.02324 0.0432285
2.02324 0.0432285
2.02324 0.0432285
2.02349 0.0434813
2.02349 0.0431618
2.02349 0.0431618
2.02599 0.12596
2.02849 0.128457
2.03279 0.132758
2.03311 0.133078
2.03392 0.133895
2.03539 0.135365
2.03677 0.136742
2.0434 0.0433766
2.04353 0.0431855
2.04353 0.0431855
2.04353 0.0431855
2.04385 0.0435005
2.04385 0.043181
2.04385 0.043181
2.04491 0.044886
2.0476 0.0475694
2.04873 0.0486976
2.05312 0.153091
2.05465 0.154624
2.05665 0.0566234
2.05665 0.0566234
2.05697 0.056943
2.05741 0.0573869
2.05885 0.0588261
2.05917 0.0591584
2.06021 0.0601805
2.06053 0.0605128
2.06053 0.0605
2.0611 0.0610684
2.06185 0.0618233
2.06217 0.162142
2.06249 0.162462
2.06281 0.0627864
2.06319 0.0431649
2.06319 0.0431649
2.06319 0.0431649
2.06363 0.063603
2.06376 0.0437372
2.06376 0.0434177
2.06376 0.0434177
2.0643 0.0642814
2.06549 0.0654719
2.06606 0.0660402
2.06721 0.167186
2.07279 0.0727628
2.07467 0.0746375
2.07498 0.0749844
2.07901 0.0789779
2.07939 0.0793596
2.08014 0.0801146
2.08046 0.0804341
2.08128 0.0812512
2.0816 0.0815707
2.0816 0.0815707
2.08326 0.0832277
2.08326 0.0832277
2.08358 0.0835472
2.0837 0.0436958
2.0837 0.0436958
2.0837 0.0436958
2.0837 0.0436958
2.0837 0.0433762
2.0837 0.0433762
2.08383 0.0435046
2.08533 0.0853055
2.08565 0.085625
2.08603 0.0860067
2.08688 0.086855
2.0872 0.0871745
2.08752 0.087494
2.08752 0.087494
2.08784 0.0878263
2.08878 0.0887551
2.0891 0.0890874
2.08989 0.0898735
2.09173 0.0917043
2.09205 0.0920238
2.09246 0.0924423
2.09278 0.0927689
2.09416 0.0941331
2.09526 0.0952302
2.09583 0.0957986
2.09804 0.0980154
2.10066 0.100637
2.10126 0.101236
2.10214 0.102115
2.10246 0.102435
2.10321 0.0431888
2.10321 0.0431888
2.10321 0.0431888
2.10353 0.0435038
2.10353 0.0431843
2.10353 0.0431843
2.10662 0.106588
2.10753 0.107499
2.10828 0.108254
2.11003 0.11001
2.11107 0.111039
2.11163 0.111607
2.11195 0.111927
2.11551 0.115494
2.11741 0.117387
2.11938 0.119368
2.12092 0.120887
2.12257 0.122544
2.12311 0.123082
2.12324 0.0432276
2.12324 0.0432276
2.12324 0.0432276
2.12352 0.0435115
2.12352 0.043192
2.12352 0.043192
2.12599 0.12596
2.12845 0.128425
2.13278 0.132757
2.1331 0.133077
2.13392 0.133894
2.13539 0.135364
2.13674 0.13671
2.1434 0.0433757
2.14353 0.0431846
2.14353 0.0431846
2.14353 0.0431846
2.14385 0.0434996
2.14385 0.0431801
2.14385 0.0431801
2.14491 0.0448851
2.1476 0.0475685
2.14872 0.0486967
2.15312 0.15309
2.15462 0.154592
2.15665 0.0566226
2.15665 0.0566226
2.15697 0.0569421
2.15741 0.057386
2.15885 0.0588252
2.15917 0.0591662
2.16021 0.0601797
2.16053 0.0605206
2.16053 0.0604992
2.16109 0.0610675
2.16185 0.0618225
2.16217 0.162141
2.16249 0.162461
2.16281 0.0627804
2.16319 0.043164
2.16319 0.043164
2.16319 0.043164
2.16363 0.0636021
2.16376 0.0437363
2.16376 0.0434168
2.16376 0.0434168
2.16429 0.0642892
2.16549 0.065472
2.16605 0.066048
2.16721 0.167185
2.17279 0.0727619
2.17466 0.0746366
2.17498 0.0749645
2.17904 0.0790081
2.17939 0.0793587
2.18014 0.0801137
2.18046 0.0804332
2.18128 0.0812504
2.1816 0.0815699
2.1816 0.0815699
2.18325 0.0832268
2.18325 0.0832268
2.18357 0.0835464
2.1837 0.0436949
2.1837 0.0436949
2.1837 0.0436949
2.1837 0.0436949
2.1837 0.0433754
2.1837 0.0433754
2.18383 0.0435038
2.18533 0.0853046
2.18565 0.0856241
2.18603 0.0860058
2.18688 0.0868541
2.1872 0.0871736
2.18752 0.0874931
2.18752 0.0874931
2.18784 0.0878341
2.18878 0.0887542
2.1891 0.0890952
2.18986 0.0898501
2.19173 0.0917034
2.19205 0.0920229
2.19246 0.0924414
2.19278 0.0927767
2.19416 0.0941323
2.19526 0.0952294
2.19582 0.0957977
2.19804 0.0980145
2.20066 0.100636
2.20126 0.101235
2.20214 0.102115
2.20246 0.102434
2.20321 0.0431879
2.20321 0.0431879
2.20321 0.0431879
2.20353 0.0435029
2.20353 0.0431834
2.20353 0.0431834
2.20661 0.106587
2.20752 0.107498
2.20828 0.108253
2.21003 0.110009
2.21106 0.111038
2.21163 0.111606
2.21195 0.111926
2.21551 0.115502
2.21741 0.117386
2.21938 0.119375
2.22091 0.120887
2.22257 0.122544
2.22311 0.123081
2.22324 0.0432268
2.22324 0.0432268
2.22324 0.0432268
2.22352 0.0435107
2.22352 0.0431912
2.22352 0.0431912
2.22599 0.125959
2.22845 0.128424
2.23281 0.132787
2.23313 0.133107
2.23392 0.133893
2.23539 0.135363
2.23674 0.136709
2.2434 0.0433748
2.24353 0.0431837
2.24353 0.0431837
2.24353 0.0431837
2.24384 0.0434987
2.24384 0.0431792
2.24384 0.0431792
2.24491 0.0448842
2.24759 0.0475677
2.24872 0.0486959
2.25312 0.153089
2.25462 0.154591
2.25665 0.0566217
2.25665 0.0566217
2.25697 0.0569412
2.25741 0.0573851
2.25885 0.0588244
2.25917 0.0591429
2.2602 0.0601788
2.26052 0.0604973
2.26052 0.0604983
2.26109 0.0610666
2.26185 0.0618216
2.26217 0.16214
2.26249 0.16246
2.26281 0.0628054
2.26318 0.0431632
2.26318 0.0431632
2.26318 0.0431632
2.26363 0.0636012
2.26376 0.0437355
2.26376 0.043416
2.26376 0.043416
2.26432 0.064297
2.26548 0.0654782
2.26605 0.0660246
2.26721 0.167184
2.27279 0.072761
2.27466 0.0746357
2.27498 0.0749757
2.27903 0.0790072
2.27938 0.0793578
2.28014 0.0801128
2.28046 0.0804323
2.28128 0.0812495
2.2816 0.081569
2.2816 0.081569
2.28325 0.083226
2.28325 0.083226
2.28357 0.0835455
2.2837 0.043694
2.2837 0.043694
2.2837 0.043694
2.2837 0.043694
2.2837 0.0433745
2.2837 0.0433745
2.28383 0.0435029
2.28533 0.0853037
2.28565 0.0856232
2.28603 0.0860049
2.28688 0.0868532
2.2872 0.0871727
2.28752 0.0874922
2.28752 0.0874922
2.28787 0.0878418
2.28878 0.0887533
2.2891 0.0890718
2.28989 0.0898579
2.29176 0.0917336
2.29208 0.0920531
2.29246 0.0924405
2.29278 0.0927533
2.29416 0.0941314
2.29525 0.0952285
2.29582 0.0957968
2.29804 0.0980137
2.30069 0.100666
2.30126 0.101234
2.30214 0.102114
2.30246 0.102433
2.30321 0.043187
2.30321 0.043187
2.30321 0.043187
2.30352 0.043502
2.30352 0.0431825
2.30352 0.0431825
2.30661 0.106586
2.30752 0.107497
2.30828 0.108252
2.31003 0.110008
2.31109 0.111068
2.31163 0.111605
2.31195 0.111925
2.31554 0.115509
2.31741 0.117385
2.31938 0.119352
2.32091 0.120886
2.32257 0.122543
2.32311 0.12308
2.32323 0.0432259
2.32323 0.0432259
2.32323 0.0432259
2.32352 0.0435098
2.32352 0.0431903
2.32352 0.0431903
2.32598 0.125958
2.32845 0.128424
2.33278 0.132755
2.3331 0.133075
2.33392 0.133892
2.33539 0.135362
2.33673 0.136708
2.3434 0.043374
2.34353 0.0431828
2.34353 0.0431828
2.34353 0.0431828
2.34384 0.0434979
2.34384 0.0431783
2.34384 0.0431783
2.34491 0.0448834
2.34759 0.0475668
2.34872 0.048695
2.35311 0.153088
2.35462 0.15459
2.35665 0.0566208
2.35665 0.0566208
2.35697 0.0569403
2.35741 0.0573842
2.35885 0.0588235
2.35917 0.0591506
2.3602 0.0601779
2.36052 0.060505
2.36052 0.0604974
2.36109 0.0610657
2.36185 0.0618207
2.36217 0.162139
2.36249 0.162459
2.3628 0.0627993
2.36321 0.0431934
2.36321 0.0431934
2.36321 0.0431934
2.36363 0.0636004
2.36375 0.0437346
2.36375 0.0434151
2.36375 0.0434151
2.36429 0.0642736
2.36548 0.0654784
2.36605 0.0660324
2.36721 0.167183
2.37279 0.0727601
2.37466 0.0746349
2.37498 0.0749559
2.379 0.0789752
2.37938 0.079357
2.38014 0.0801119
2.38046 0.0804314
2.38127 0.0812486
2.38159 0.0815681
2.38159 0.0815681
2.38325 0.0832251
2.38325 0.0832251
2.38357 0.0835446
2.3837 0.0436931
2.3837 0.0436931
2.3837 0.0436931
2.3837 0.0436931
2.3837 0.0433736
2.3837 0.0433736
2.38383 0.043502
2.38533 0.0853028
2.38565 0.0856223
2.38603 0.0860041
2.38688 0.0868523
2.3872 0.0871718
2.38752 0.0874913
2.38752 0.0874913
2.38784 0.0878185
2.38878 0.0887524
2.3891 0.0890796
2.38988 0.0898656
2.39176 0.0917327
2.39208 0.0920522
2.39246 0.0924396
2.39278 0.0927611
2.39416 0.0941305
2.39525 0.0952276
2.39582 0.0957959
2.39804 0.0980128
2.40069 0.100665
2.40126 0.101233
2.40214 0.102113
2.40246 0.102432
2.40321 0.0431861
2.40321 0.0431861
2.40321 0.0431861
2.40352 0.0435011
2.40352 0.0431816
2.40352 0.0431816
2.40661 0.106586
2.40752 0.107496
2.40828 0.108251
2.41003 0.110007
2.41109 0.111067
2.41163 0.111605
2.41195 0.111924
2.4155 0.115486
2.41741 0.117384
2.41938 0.11936
2.42091 0.120885
2.42257 0.122542
2.4231 0.123079
2.42323 0.043225
2.42323 0.043225
2.42323 0.043225
2.42352 0.0435089
2.42352 0.0431894
2.42352 0.0431894
2.42598 0.125957
2.42848 0.128454
2.43278 0.132755
2.4331 0.133074
2.43392 0.133891
2.43539 0.135362
2.43673 0.136708
2.4434 0.0433731
2.44353 0.043182
2.44353 0.043182
2.44353 0.043182
2.44384 0.043497
2.44384 0.0431775
2.44384 0.0431775
2.44491 0.0448825
2.44759 0.0475659
2.44872 0.0486941
2.45311 0.153087
2.45461 0.154589
2.45664 0.0566199
2.45664 0.0566199
2.45696 0.0569394
2.45741 0.0573834
2.45885 0.0588226
2.45917 0.0591584
2.4602 0.060177
2.46052 0.0605128
2.46052 0.0604965
2.46109 0.0610649
2.46184 0.0618198
2.46216 0.162139
2.46248 0.162458
2.4628 0.0627933
2.46321 0.0431925
2.46321 0.0431925
2.46321 0.0431925
2.46362 0.0635995
2.46375 0.0437337
2.46375 0.0434142
2.46375 0.0434142
2.46429 0.0642814
2.46548 0.0654785
2.46605 0.0660401
2.46721 0.167182
2.47278 0.0727593
2.47466 0.074634
2.47498 0.0749671
2.47903 0.0790055
2.47938 0.0793561
2.48014 0.080111
2.48046 0.0804305
2.48127 0.0812477
2.48159 0.0815672
2.48159 0.0815672
2.48325 0.0832242
2.48325 0.0832242
2.48357 0.0835437
2.4837 0.0436922
2.4837 0.0436922
2.4837 0.0436922
2.4837 0.0436922
2.4837 0.0433727
2.4837 0.0433727
2.48383 0.0435011
2.48533 0.085302
2.48565 0.0856215
2.48603 0.0860032
2.48688 0.0868514
2.4872 0.087171
2.48751 0.0874905
2.48751 0.0874905
2.48783 0.0878262
2.48878 0.0887516
2.4891 0.0890873
2.48988 0.0898734
2.49176 0.0917318
2.49208 0.0920513
2.49246 0.0924388
2.49278 0.0927688
2.49415 0.0941296
2.49525 0.0952267
2.49585 0.0958262
2.49804 0.0980119
2.50069 0.100664
2.50126 0.101233
2.50214 0.102112
2.50246 0.102431
2.50321 0.0431852
2.50321 0.0431852
2.50321 0.0431852
2.50352 0.0435002
2.50352 0.0431807
2.50352 0.0431807
2.50661 0.106585
2.50752 0.107495
2.50827 0.10825
2.51002 0.110006
2.51109 0.111066
2.51163 0.111604
2.51195 0.111923
2.5155 0.115494
2.51741 0.117383
2.51938 0.119368
2.52091 0.120884
2.52257 0.122541
2.5231 0.123078
2.52323 0.0432241
2.52323 0.0432241
2.52323 0.0432241
2.52351 0.043508
2.52351 0.0431885
2.52351 0.0431885
2.52598 0.125956
2.52848 0.128453
2.53281 0.132785
2.53313 0.133104
2.53391 0.13389
2.53539 0.135361
2.53673 0.136707
2.5434 0.0433722
2.54352 0.0431811
2.54352 0.0431811
2.54352 0.0431811
2.54384 0.0434961
2.54384 0.0431766
2.54384 0.0431766
2.54491 0.0448816
2.54759 0.047565
2.54872 0.0486932
2.55311 0.153087
2.55464 0.154619
2.55664 0.056619
2.55664 0.056619
2.55696 0.0569385
2.55741 0.0573825
2.55885 0.0588217
2.55916 0.059135
2.5602 0.0601761
2.56052 0.0604956
2.56052 0.0604894
2.56109 0.061064
2.56184 0.0618189
2.56216 0.162138
2.56248 0.162457
2.5628 0.0627872
2.56321 0.0431916
2.56321 0.0431916
2.56321 0.0431916
2.56362 0.0635986
2.56375 0.0437328
2.56375 0.0434133
2.56375 0.0434133
2.56432 0.0642891
2.56551 0.0654787
2.56608 0.0660479
2.56721 0.167181
2.57278 0.0727584
2.57466 0.0746331
2.57498 0.0749472
2.579 0.0789735
2.57938 0.0793552
2.58013 0.0801102
2.58045 0.0804297
2.58127 0.0812468
2.58159 0.0815663
2.58159 0.0815663
2.58325 0.0832233
2.58325 0.0832233
2.58357 0.0835428
2.58369 0.0436913
2.58369 0.0436913
2.58369 0.0436913
2.58369 0.0436913
2.58369 0.0433718
2.58369 0.0433718
2.58382 0.0435002
2.58532 0.0853011
2.58564 0.0856206
2.58603 0.0860023
2.58687 0.0868506
2.58719 0.0871701
2.58751 0.0874896
2.58751 0.0874896
2.58786 0.087834
2.58877 0.0887507
2.58909 0.089064
2.58988 0.0898501
2.59175 0.091731
2.59207 0.0920505
2.59246 0.0924379
2.59278 0.0927455
2.59415 0.0941287
2.59525 0.0952258
2.59585 0.0958253
2.59803 0.098011
2.60069 0.100663
2.60126 0.101232
2.60213 0.102111
2.60245 0.102431
2.6032 0.0431844
2.6032 0.0431844
2.6032 0.0431844
2.60352 0.0434994
2.60352 0.0431799
2.60352 0.0431799
2.60661 0.106584
2.60752 0.107494
2.60827 0.108249
2.61002 0.110005
2.61109 0.111066
2.61163 0.111603
2.61195 0.111922
2.61553 0.115502
2.61741 0.117382
2.61941 0.119375
2.62091 0.120883
2.62256 0.12254
2.6231 0.123077
2.62323 0.0432232
2.62323 0.0432232
2.62323 0.0432232
2.62351 0.0435071
2.62351 0.0431876
2.62351 0.0431876
2.62598 0.125955
2.62848 0.128452
2.63278 0.132753
2.6331 0.133072
2.63391 0.133889
2.63538 0.13536
2.63673 0.136706
2.64339 0.0433713
2.64352 0.0431802
2.64352 0.0431802
2.64352 0.0431802
2.64384 0.0434952
2.64384 0.0431757
2.64384 0.0431757
2.6449 0.0448807
2.64759 0.0475641
2.64872 0.0486923
2.65311 0.153086
2.65464 0.154618
2.65664 0.0566182
2.65664 0.0566182
2.65696 0.0569377
2.6574 0.0573816
2.65884 0.0588208
2.65916 0.0591428
2.6602 0.0601752
2.66052 0.0604972
2.66052 0.0604948
2.66109 0.0610631
2.66184 0.0618181
2.66216 0.162137
2.66248 0.162456
2.6628 0.0627812
2.66321 0.0431907
2.66321 0.0431907
2.66321 0.0431907
2.66362 0.0635977
2.66375 0.0437319
2.66375 0.0434124
2.66375 0.0434124
2.66432 0.0642969
2.66551 0.0654789
2.66605 0.0660246
2.6672 0.167181
2.67278 0.0727575
2.67466 0.0746322
2.67497 0.0749584
2.679 0.0789726
2.67938 0.0793543
2.68013 0.0801093
2.68045 0.0804288
2.68127 0.081246
2.68159 0.0815655
2.68159 0.0815655
2.68325 0.0832224
2.68325 0.0832224
2.68356 0.083542
2.68369 0.0436905
2.68369 0.0436905
2.68369 0.0436905
2.68369 0.0436905
2.68369 0.043371
2.68369 0.043371
2.68382 0.0434994
2.68532 0.0853002
2.68564 0.0856197
2.68602 0.0860014
2.68687 0.0868497
2.68719 0.0871692
2.68751 0.0874887
2.68751 0.0874887
2.68786 0.0878418
2.6888 0.0887809
2.68912 0.0891029
2.68988 0.0898578
2.69175 0.0917301
2.69207 0.0920496
2.69245 0.092437
2.69277 0.0927533
2.69415 0.0941278
2.69525 0.095225
2.69585 0.0958244
2.69803 0.0980101
2.70069 0.100662
2.70125 0.101231
2.70213 0.10211
2.70245 0.10243
2.7032 0.0431835
2.7032 0.0431835
2.7032 0.0431835
2.70352 0.0434985
2.70352 0.043179
2.70352 0.043179
2.70661 0.106583
2.70752 0.107493
2.70827 0.108248
2.71002 0.110004
2.71109 0.111065
2.71162 0.111602
2.71194 0.111921
2.71553 0.115509
2.7174 0.117382
2.71937 0.119352
2.72091 0.120882
2.72256 0.122539
2.7231 0.123076
2.72323 0.0432223
2.72323 0.0432223
2.72323 0.0432223
2.72351 0.0435063
2.72351 0.0431867
2.72351 0.0431867
2.72598 0.125954
2.72847 0.128451
2.73277 0.132752
2.73309 0.133071
2.73391 0.133889
2.73538 0.135359
2.73673 0.136705
2.74339 0.0433704
2.74352 0.0431793
2.74352 0.0431793
2.74352 0.0431793
2.74384 0.0434943
2.74384 0.0431748
2.74384 0.0431748
2.7449 0.0448798
2.74759 0.0475633
2.74871 0.0486915
2.75311 0.153085
2.75464 0.154617
2.75664 0.0566173
2.75664 0.0566173
2.75696 0.0569368
2.7574 0.0573807
2.75884 0.05882
2.75916 0.0591506
2.7602 0.0601744
2.76052 0.060505
2.76052 0.0604939
2.76108 0.0610622
2.76184 0.0618172
2.76216 0.162136
2.76248 0.162455
2.7628 0.0627751
2.76321 0.0431899
2.76321 0.0431899
2.76321 0.0431899
2.76362 0.0635968
2.76375 0.0437311
2.76375 0.0434116
2.76375 0.0434116
2.76428 0.0642736
2.76551 0.065479
2.76604 0.0660323
2.7672 0.16718
2.77278 0.0727566
2.77465 0.0746313
2.77497 0.0749697
2.77902 0.0790028
2.77938 0.0793534
2.78013 0.0801084
2.78045 0.0804279
2.78127 0.0812451
2.78159 0.0815646
2.78159 0.0815646
2.78324 0.0832216
2.78324 0.0832216
2.78356 0.0835411
2.78369 0.0436896
2.78369 0.0436896
2.78369 0.0436896
2.78369 0.0436896
2.78369 0.0433701
2.78369 0.0433701
2.78382 0.0434985
2.78532 0.0852993
2.78564 0.0856188
2.78602 0.0860005
2.78687 0.0868488
2.78719 0.0871683
2.78751 0.0874878
2.78751 0.0874878
2.78786 0.0878495
2.7888 0.08878
2.78912 0.0891106
2.78988 0.0898656
2.79175 0.0917292
2.79207 0.0920487
2.79245 0.0924361
2.79277 0.092761
2.79415 0.094127
2.79525 0.0952241
2.79585 0.0958235
2.79803 0.0980093
2.80068 0.100662
2.80125 0.10123
2.80213 0.102109
2.80245 0.102429
2.8032 0.0431826
2.8032 0.0431826
2.8032 0.0431826
2.80352 0.0434976
2.80352 0.0431781
2.80352 0.0431781
2.8066 0.106582
2.80751 0.107493
2.80827 0.108247
2.81002 0.110003
2.81109 0.111064
2.81162 0.111601
2.81194 0.111921
2.8155 0.115486
2.8174 0.117381
2.81937 0.11936
2.8209 0.120881
2.82256 0.122538
2.8231 0.123075
2.82323 0.0432215
2.82323 0.0432215
2.82323 0.0432215
2.82351 0.0435054
2.82351 0.0431859
2.82351 0.0431859
2.82598 0.125953
2.82847 0.12845
2.83277 0.132751
2.83309 0.133071
2.83391 0.133888
2.83538 0.135358
2.83673 0.136704
2.84339 0.0433696
2.84352 0.0431784
2.84352 0.0431784
2.84352 0.0431784
2.84383 0.0434935
2.84383 0.0431739
2.84383 0.0431739
2.8449 0.044879
2.84758 0.0475624
2.84871 0.0486906
2.85311 0.153084
2.85464 0.154616
2.85664 0.0566164
2.85696 0.0569359
2.85696 0.0569359
2.8574 0.0573798
2.85884 0.0588191
2.85916 0.0591583
2.86019 0.0601735
2.86051 0.0605127
2.86051 0.060493
2.86108 0.0610613
2.86184 0.0618163
2.86216 0.162135
2.86248 0.162454
2.8628 0.062769
2.8632 0.043189
2.8632 0.043189
2.8632 0.043189
2.86362 0.063596
2.86375 0.0437302
2.86375 0.0434107
2.86375 0.0434107
2.86428 0.0642813
2.8655 0.0654792
2.86604 0.0660401
2.8672 0.167179
2.87278 0.0727557
2.87465 0.0746304
2.87497 0.0749498
2.87899 0.0789708
2.87937 0.0793526
2.88016 0.0801386
2.88048 0.0804581
2.88127 0.0812442
2.88158 0.0815637
2.88158 0.0815637
2.88324 0.0832207
2.88324 0.0832207
2.88356 0.0835402
2.88369 0.0436887
2.88369 0.0436887
2.88369 0.0436887
2.88369 0.0436887
2.88369 0.0433692
2.88369 0.0433692
2.88382 0.0434976
2.88532 0.0852984
2.88564 0.0856179
2.88602 0.0859996
2.88687 0.0868479
2.88719 0.0871674
2.88751 0.0874869
2.88751 0.0874869
2.88783 0.0878262
2.8888 0.0887791
2.88912 0.0891184
2.88987 0.0898733
2.89175 0.0917283
2.89207 0.0920478
2.89245 0.0924352
2.89277 0.0927688
2.89415 0.0941261
2.89524 0.0952232
2.89584 0.0958226
2.89803 0.0980084
2.90068 0.100661
2.90125 0.101229
2.90213 0.102108
2.90245 0.102428
2.9032 0.0431817
2.9032 0.0431817
2.9032 0.0431817
2.90351 0.0434967
2.90351 0.0431772
2.90351 0.0431772
2.9066 0.106581
2.90751 0.107492
2.90827 0.108247
2.91002 0.110003
2.91108 0.111063
2.91162 0.1116
2.91194 0.11192
2.9155 0.115494
2.9174 0.11738
2.91937 0.119368
2.9209 0.12088
2.92256 0.122537
2.9231 0.123075
2.92322 0.0432206
2.92322 0.0432206
2.92322 0.0432206
2.92351 0.0435045
2.92351 0.043185
2.92351 0.043185
2.92597 0.125953
2.92847 0.128449
2.9328 0.132781
2.93312 0.133101
2.93391 0.133887
2.93538 0.135357
2.93672 0.136703
2.94339 0.0433687
2.94352 0.0431776
2.94352 0.0431776
2.94352 0.0431776
2.94383 0.0434926
2.94383 0.0431731
2.94383 0.0431731
2.9449 0.0448781
2.94758 0.0475615
2.94871 0.0486897
2.9531 0.153083
2.95464 0.154616
2.95664 0.0566155
2.95696 0.056935
2.95696 0.056935
2.9574 0.0573789
2.95884 0.0588182
2.95916 0.059135
2.96019 0.0601726
2.96051 0.0604894
2.96051 0.0604921
2.96108 0.0610605
2.96184 0.0618154
2.96216 0.162134
2.96247 0.162454
2.96279 0.0627941
2.9632 0.0431881
2.9632 0.0431881
2.9632 0.0431881
2.96362 0.0635951
2.96374 0.0437293
2.96374 0.0434098
2.96374 0.0434098
2.96431 0.0642891
2.9655 0.0654793
2.96607 0.0660478
2.9672 0.167178
2.97278 0.0727549
2.97465 0.0746296
2.97497 0.074961
2.97902 0.0790011
2.97937 0.0793517
2.98016 0.0801377
2.98048 0.0804572
2.98126 0.0812433
2.98158 0.0815628
2.98158 0.0815628
2.98324 0.0832198
2.98324 0.0832198
2.98356 0.0835393
2.98369 0.0436878
2.98369 0.0436878
2.98369 0.0436878
2.98369 0.0436878
2.98369 0.0433683
2.98369 0.0433683
2.98382 0.0434967
2.98532 0.0852975
2.98564 0.0856171
2.98602 0.0859988
2.98687 0.086847
2.98719 0.0871665
2.98751 0.0874861
2.98751 0.0874861
2.98786 0.0878339
2.9888 0.0887783
2.98912 0.089095
2.98987 0.08985
2.99175 0.0917274
2.99207 0.0920469
2.99245 0.0924344
2.99277 0.0927454
2.99415 0.0941252
2.99524 0.0952223
2.99584 0.0958218
2.99803 0.0980075
3.00068 0.10066
3.00125 0.101228
3.00213 0.102108
3.00245 0.102427
3.0032 0.0431808
3.0032 0.0431808
3.0032 0.0431808
3.00351 0.0434958
3.00351 0.0431763
3.00351 0.0431763
3.00661 0.106587
3.00752 0.107498
3.00827 0.108253
3.01002 0.110009
3.01109 0.111069
3.01163 0.111606
3.01195 0.111926
3.01553 0.115508
3.01741 0.117386
3.01941 0.119382
3.02091 0.120886
3.02259 0.122574
3.0231 0.123081
3.02323 0.0432266
3.02323 0.0432266
3.02323 0.0432266
3.02351 0.0435105
3.02351 0.043191
3.02351 0.043191
3.02598 0.125959
3.02848 0.128455
3.03278 0.132756
3.0331 0.133076
3.03391 0.133893
3.03538 0.135363
3.03673 0.136709
3.04339 0.0433747
3.04352 0.0431835
3.04352 0.0431835
3.04352 0.0431835
3.04387 0.0435297
3.04387 0.0432101
3.04387 0.0432101
3.04493 0.0449152
3.04759 0.0475675
3.04872 0.0486957
3.05311 0.153089
3.05461 0.15459
3.05664 0.0566215
3.05696 0.056941
3.05696 0.056941
3.0574 0.0573849
3.05887 0.0588553
3.05919 0.0591807
3.0602 0.0601786
3.06052 0.060504
3.06052 0.0604981
3.06109 0.0610664
3.06184 0.0618214
3.06216 0.16214
3.06248 0.16246
3.0628 0.0627949
3.06321 0.0431941
3.06321 0.0431941
3.06321 0.0431941
3.06362 0.0636011
3.06375 0.0437353
3.06375 0.0434158
3.06375 0.0434158
3.06432 0.0643037
3.06554 0.0655175
3.06608 0.0660625
3.0672 0.167184
3.07281 0.0727919
3.07466 0.0746355
3.07497 0.074948
3.07903 0.079007
3.07938 0.0793577
3.08016 0.0801437
3.08048 0.0804632
3.08127 0.0812493
3.08159 0.0815688
3.08159 0.0815688
3.08325 0.0832258
3.08356 0.0835453
3.08356 0.0835453
3.08369 0.0436627
3.08369 0.0436627
3.08369 0.0436627
3.08369 0.0436627
3.08369 0.0433432
3.08369 0.0433432
3.08382 0.0434716
3.08535 0.0853346
3.08567 0.0856541
3.08606 0.0860359
3.08687 0.086853
3.08719 0.0871725
3.08751 0.087492
3.08751 0.087492
3.08786 0.0878486
3.08877 0.0887531
3.08909 0.0890786
3.08991 0.0898957
3.09175 0.0917334
3.09207 0.0920529
3.09249 0.0924714
3.0928 0.0927912
3.09415 0.0941312
3.09528 0.0952594
3.09585 0.0958277
3.09803 0.0980135
3.10069 0.100666
3.10128 0.101265
3.1021 0.102082
3.10242 0.102402
3.1032 0.0431868
3.1032 0.0431868
3.1032 0.0431868
3.10352 0.0435018
3.10352 0.0431823
3.10352 0.0431823
3.10661 0.106586
3.10752 0.107497
3.10827 0.108252
3.11002 0.110008
3.11109 0.111068
3.11162 0.111605
3.11194 0.111925
3.11553 0.115516
3.1174 0.117385
3.11937 0.119359
3.12091 0.120885
3.12256 0.122542
3.12313 0.123111
3.12326 0.0432568
3.12326 0.0432568
3.12326 0.0432568
3.12351 0.0435096
3.12351 0.0431901
3.12351 0.0431901
3.12598 0.125958
3.12844 0.128423
3.13274 0.132724
3.13306 0.133044
3.13391 0.133892
3.13538 0.135362
3.13673 0.136708
3.14339 0.0433738
3.14352 0.0431827
3.14352 0.0431827
3.14352 0.0431827
3.14387 0.0435288
3.14387 0.0432093
3.14387 0.0432093
3.14493 0.0449143
3.14759 0.0475666
3.14871 0.0486948
3.15311 0.153088
3.15464 0.154621
3.15667 0.0566517
3.15667 0.0566517
3.15699 0.0569712
3.15743 0.0574152
3.15887 0.0588544
3.15919 0.0591885
3.1602 0.0601777
3.16052 0.0605118
3.16052 0.0604972
3.16108 0.0610656
3.16187 0.0618516
3.16219 0.16217
3.16251 0.16249
3.16283 0.0628199
3.16321 0.0431932
3.16321 0.0431932
3.16321 0.0431932
3.16362 0.0636002
3.16375 0.0437344
3.16375 0.0434149
3.16375 0.0434149
3.16428 0.0642804
3.16554 0.0655176
3.16607 0.0660702
3.1672 0.167183
3.17281 0.0727911
3.17462 0.0746036
3.17494 0.0749281
3.17906 0.0790373
3.17938 0.0793568
3.18016 0.0801428
3.18048 0.0804623
3.18127 0.0812484
3.18159 0.0815679
3.18159 0.0815679
3.18324 0.0832249
3.18356 0.0835444
3.18356 0.0835444
3.18369 0.0436618
3.18369 0.0436618
3.18369 0.0436618
3.18369 0.0436618
3.18369 0.0433423
3.18369 0.0433423
3.18382 0.0434707
3.18535 0.0853337
3.18535 0.0853337
3.18605 0.0860265
3.18686 0.0868437
3.18718 0.0871632
3.1875 0.0874827
3.1875 0.0874827
3.18782 0.0878168
3.18876 0.0887438
3.18908 0.0890778
3.1899 0.089895
3.19174 0.0917241
3.19206 0.0920436
3.19248 0.0924621
3.19279 0.0927905
3.19417 0.0941529
3.1953 0.0952812
3.19581 0.0957873
3.19805 0.0980352
3.20068 0.100656
3.20127 0.101256
3.20212 0.102104
3.20244 0.102424
3.20322 0.0432086
3.20322 0.0432086
3.20322 0.0432086
3.20354 0.0435236
3.20354 0.0432041
3.20354 0.0432041
3.2066 0.106577
3.20751 0.107487
3.20826 0.108242
3.21001 0.109998
3.21105 0.111028
3.21161 0.111596
3.21193 0.111915
3.21549 0.115484
3.21739 0.117376
3.21936 0.119358
3.22089 0.120876
3.22258 0.122564
3.22312 0.123101
3.22325 0.0432474
3.22325 0.0432474
3.22325 0.0432474
3.22353 0.0435314
3.22353 0.0432118
3.22353 0.0432118
3.22597 0.125948
3.22846 0.128445
3.2328 0.132777
3.23312 0.133097
3.2339 0.133883
3.23537 0.135353
3.23672 0.136699
3.24341 0.0433955
3.24354 0.0432044
3.24354 0.0432044
3.24354 0.0432044
3.24386 0.0435194
3.24386 0.0431999
3.24386 0.0431999
3.24492 0.0449049
3.24761 0.0475883
3.24873 0.0487166
3.2531 0.153079
3.25463 0.154611
3.25666 0.0566424
3.25666 0.0566424
3.25698 0.0569619
3.25742 0.0574058
3.25886 0.0588451
3.25918 0.0591567
3.26019 0.0601684
3.26051 0.0604879
3.26051 0.06048
3.26111 0.0610873
3.26186 0.0618423
3.26218 0.162161
3.2625 0.16248
3.26282 0.0628054
3.2632 0.0431838
3.2632 0.0431838
3.2632 0.0431838
3.26361 0.0635908
3.26374 0.0437251
3.26374 0.0434055
3.26374 0.0434055
3.26431 0.0642797
3.26553 0.0655154
3.2661 0.0660695
3.26719 0.167174
3.2728 0.0727817
3.27464 0.0746253
3.27496 0.074962
3.27905 0.0790279
3.27937 0.0793474
3.28015 0.0801335
3.28047 0.080453
3.28126 0.0812391
3.28158 0.0815586
3.28158 0.0815586
3.28326 0.0832467
3.28326 0.0832467
3.28358 0.0835662
3.28371 0.0436836
3.28371 0.0436836
3.28371 0.0436836
3.28371 0.0436836
3.28371 0.0433641
3.28371 0.0433641
3.28384 0.0434925
3.28534 0.0853244
3.28566 0.0856439
3.28604 0.0860256
3.28686 0.0868428
3.28718 0.0871623
3.2875 0.0874818
3.2875 0.0874818
3.28785 0.0878245
3.28876 0.0887429
3.28908 0.0890545
3.28993 0.0899028
3.29174 0.0917232
3.29206 0.0920427
3.29247 0.0924612
3.29279 0.0927671
3.29417 0.0941521
3.2953 0.0952803
3.2958 0.0957864
3.29805 0.0980344
3.30067 0.100656
3.30127 0.101255
3.30212 0.102103
3.30244 0.102423
3.30322 0.0432077
3.30322 0.0432077
3.30322 0.0432077
3.30354 0.0435227
3.30354 0.0432032
3.30354 0.0432032
3.30659 0.106576
3.3075 0.107487
3.30826 0.108241
3.31001 0.109997
3.31104 0.111027
3.31161 0.111595
3.31193 0.111915
3.31552 0.115492
3.31739 0.117375
3.31939 0.119366
3.32089 0.120875
3.32258 0.122563
3.32312 0.123101
3.32325 0.0432466
3.32325 0.0432466
3.32325 0.0432466
3.32353 0.0435305
3.32353 0.043211
3.32353 0.043211
3.32597 0.125947
3.32846 0.128444
3.33276 0.132745
3.33308 0.133065
3.3339 0.133882
3.33537 0.135352
3.33672 0.136698
3.34341 0.0433946
3.34354 0.0432035
3.34354 0.0432035
3.34354 0.0432035
3.34386 0.0435185
3.34386 0.043199
3.34386 0.043199
3.34492 0.0449041
3.3476 0.0475875
3.34873 0.0487157
3.3531 0.153078
3.35463 0.15461
3.35666 0.0566415
3.35666 0.0566415
3.35698 0.056961
3.35742 0.0574049
3.35886 0.0588442
3.35918 0.0591644
3.36018 0.0601675
3.3605 0.060487
3.3605 0.0604877
3.3611 0.0610864
3.36186 0.0618414
3.36218 0.16216
3.3625 0.16248
3.36282 0.0627994
3.36319 0.043183
3.36319 0.043183
3.36319 0.043183
3.36361 0.06359
3.36374 0.0437242
3.36374 0.0434047
3.36374 0.0434047
3.3643 0.0642874
3.36553 0.0655155
3.36606 0.0660462
3.36719 0.167173
3.3728 0.0727808
3.37464 0.0746244
3.37496 0.0749421
3.37904 0.079027
3.37939 0.0793776
3.38015 0.0801326
3.38047 0.0804521
3.38126 0.0812382
3.38157 0.0815577
3.38157 0.0815577
3.38326 0.0832458
3.38326 0.0832458
3.38358 0.0835653
3.38371 0.0436827
3.38371 0.0436827
3.38371 0.0436827
3.38371 0.0436827
3.38371 0.0433632
3.38371 0.0433632
3.38384 0.0434916
3.38534 0.0853235
3.38566 0.085643
3.38604 0.0860247
3.38686 0.0868419
3.38718 0.0871614
3.3875 0.0874809
3.3875 0.0874809
3.38785 0.0878323
3.38876 0.088742
3.38908 0.0890623
3.3899 0.0898794
3.39174 0.0917223
3.39206 0.0920418
3.39247 0.0924603
3.39279 0.0927749
3.39417 0.0941512
3.3953 0.0952794
3.39583 0.0958166
3.39805 0.0980335
3.40067 0.100655
3.40127 0.101254
3.40212 0.102102
3.40244 0.102422
3.40322 0.0432068
3.40322 0.0432068
3.40322 0.0432068
3.40354 0.0435218
3.40354 0.0432023
3.40354 0.0432023
3.40659 0.106575
3.4075 0.107486
3.40826 0.108241
3.41001 0.109997
3.41104 0.111026
3.41161 0.111594
3.41193 0.111914
3.41552 0.1155
3.41739 0.117374
3.41939 0.119374
3.42089 0.120874
3.42258 0.122562
3.42312 0.1231
3.42325 0.0432146
3.42325 0.0432146
3.42325 0.0432146
3.42356 0.0435296
3.42356 0.0432101
3.42356 0.0432101
3.42596 0.125947
3.42846 0.128443
3.43276 0.132744
3.43308 0.133064
3.4339 0.133881
3.43537 0.135351
3.43671 0.136697
3.44341 0.0433938
3.44354 0.0432026
3.44354 0.0432026
3.44354 0.0432026
3.44385 0.0435177
3.44385 0.0431982
3.44385 0.0431982
3.44492 0.0449032
3.4476 0.0475866
3.44873 0.0487148
3.45309 0.153077
3.45463 0.15461
3.45666 0.0566406
3.45666 0.0566406
3.45698 0.0569601
3.45742 0.057404
3.45886 0.0588433
3.45918 0.0591722
3.46018 0.0601666
3.4605 0.0604861
3.4605 0.0604955
3.4611 0.0610855
3.46186 0.0618405
3.46218 0.162159
3.4625 0.162479
3.46282 0.0627933
3.46319 0.0431821
3.46319 0.0431821
3.46319 0.0431821
3.46361 0.0635891
3.46373 0.0437233
3.46373 0.0434038
3.46373 0.0434038
3.46427 0.0642641
3.46552 0.0655157
3.46606 0.0660539
3.46719 0.167172
3.4728 0.07278
3.47464 0.0746236
3.47496 0.0749533
3.47904 0.0790262
3.47939 0.0793768
3.48015 0.0801317
3.48047 0.0804512
3.48125 0.0812373
3.48157 0.0815568
3.48157 0.0815568
3.48326 0.0832449
3.48326 0.0832449
3.48358 0.0835644
3.48371 0.0436818
3.48371 0.0436818
3.48371 0.0436818
3.48371 0.0436818
3.48371 0.0433623
3.48371 0.0433623
3.48384 0.0434907
3.48534 0.0853226
3.48566 0.0856421
3.48604 0.0860239
3.48686 0.086841
3.48718 0.0871605
3.4875 0.08748
3.4875 0.08748
3.48782 0.0878089
3.48876 0.0887411
3.48908 0.08907
3.48989 0.0898872
3.49174 0.0917214
3.49206 0.0920409
3.49247 0.0924595
3.49279 0.0927826
3.49417 0.0941503
3.49529 0.0952785
3.49583 0.0958157
3.49805 0.0980326
3.50067 0.100654
3.50127 0.101253
3.50212 0.102102
3.50244 0.102421
3.50322 0.0432059
3.50322 0.0432059
3.50322 0.0432059
3.50353 0.0435209
3.50353 0.0432014
3.50353 0.0432014
3.50659 0.106574
3.5075 0.107485
3.50826 0.10824
3.51001 0.109996
3.51107 0.111056
3.51161 0.111593
3.51193 0.111913
3.51551 0.115508
3.51739 0.117373
3.51936 0.11935
3.52089 0.120873
3.52258 0.122562
3.52312 0.123099
3.52324 0.0432137
3.52324 0.0432137
3.52324 0.0432137
3.52356 0.0435287
3.52356 0.0432092
3.52356 0.0432092
3.52596 0.125946
3.52846 0.128442
3.53276 0.132743
3.53308 0.133063
3.5339 0.13388
3.53537 0.13535
3.53671 0.136696
3.54341 0.0433929
3.54354 0.0432018
3.54354 0.0432018
3.54354 0.0432018
3.54385 0.0435168
3.54385 0.0431973
3.54385 0.0431973
3.54492 0.0449023
3.5476 0.0475857
3.54873 0.0487139
3.55309 0.153076
3.55463 0.154609
3.55666 0.0566397
3.55666 0.0566397
3.55697 0.0569592
3.55742 0.0574032
3.55886 0.0588424
3.55918 0.0591488
3.56018 0.0601657
3.5605 0.0604852
3.5605 0.0604721
3.5611 0.0610847
3.56186 0.0618396
3.56217 0.162158
3.56249 0.162478
3.56281 0.0627872
3.56319 0.0431812
3.56319 0.0431812
3.56319 0.0431812
3.5636 0.0635882
3.56373 0.0437224
3.56373 0.0434029
3.56373 0.0434029
3.5643 0.0642718
3.56552 0.0655158
3.56609 0.0660617
3.56719 0.167171
3.57279 0.0727791
3.57464 0.0746227
3.57496 0.0749334
3.57904 0.0790253
3.57939 0.0793759
3.58015 0.0801308
3.58047 0.0804504
3.58125 0.0812364
3.58157 0.0815559
3.58157 0.0815559
3.58326 0.083244
3.58326 0.083244
3.58358 0.0835635
3.58371 0.0436809
3.58371 0.0436809
3.58371 0.0436809
3.58371 0.0436809
3.58371 0.0433614
3.58371 0.0433614
3.58384 0.0434898
3.58534 0.0853218
3.58566 0.0856413
3.58604 0.086023
3.58686 0.0868402
3.58721 0.0871908
3.58753 0.0875103
3.58753 0.0875103
3.58785 0.0878167
3.58876 0.0887403
3.58908 0.0890467
3.58992 0.089895
3.59174 0.0917205
3.59206 0.09204
3.59247 0.0924586
3.59279 0.0927593
3.59416 0.0941494
3.59529 0.0952776
3.59583 0.0958149
3.59805 0.0980317
3.60067 0.100653
3.60127 0.101252
3.60212 0.102101
3.60244 0.10242
3.60322 0.043205
3.60322 0.043205
3.60322 0.043205
3.60353 0.0435201
3.60353 0.0432005
3.60353 0.0432005
3.60659 0.106573
3.6075 0.107484
3.60825 0.108239
3.61 0.109995
3.61107 0.111055
3.61161 0.111592
3.61193 0.111912
3.61551 0.115484
3.61739 0.117372
3.61939 0.119358
3.62089 0.120873
3.62258 0.122561
3.62311 0.123098
3.62324 0.0432128
3.62324 0.0432128
3.62324 0.0432128
3.62356 0.0435278
3.62356 0.0432083
3.62356 0.0432083
3.62596 0.125945
3.62846 0.128442
3.63276 0.132742
3.63308 0.133062
3.63389 0.133879
3.63536 0.135349
3.63671 0.136695
3.64341 0.043392
3.64354 0.0432009
3.64354 0.0432009
3.64354 0.0432009
3.64385 0.0435159
3.64385 0.0431964
3.64385 0.0431964
3.64492 0.0449014
3.6476 0.0475848
3.64873 0.048713
3.65309 0.153075
3.65462 0.154608
3.65665 0.0566388
3.65665 0.0566388
3.65697 0.0569584
3.65742 0.0574023
3.65886 0.0588415
3.65918 0.0591566
3.66018 0.0601648
3.6605 0.0604843
3.6605 0.0604799
3.6611 0.0610838
3.66185 0.0618387
3.66217 0.162157
3.66249 0.162477
3.66281 0.0627812
3.66322 0.0432114
3.66322 0.0432114
3.66322 0.0432114
3.6636 0.0635873
3.66373 0.0437215
3.66373 0.043402
3.66373 0.043402
3.6643 0.0642796
3.66552 0.065516
3.66609 0.0660695
3.66719 0.16717
3.67279 0.0727782
3.67464 0.0746218
3.67496 0.0749447
3.67904 0.0790244
3.67939 0.079375
3.68014 0.08013
3.68046 0.0804495
3.68125 0.0812355
3.68157 0.081555
3.68157 0.081555
3.68326 0.0832431
3.68326 0.0832431
3.68358 0.0835626
3.68371 0.0436801
3.68371 0.0436801
3.68371 0.0436801
3.68371 0.0436801
3.68371 0.0433605
3.68371 0.0433605
3.68383 0.0434889
3.68534 0.0853209
3.68566 0.0856404
3.68604 0.0860221
3.68685 0.0868393
3.6872 0.0871899
3.68752 0.0875094
3.68752 0.0875094
3.68784 0.0878245
3.68875 0.0887394
3.68907 0.0890544
3.68992 0.0899027
3.69177 0.0917508
3.69209 0.0920703
3.69247 0.0924577
3.69279 0.0927671
3.69416 0.0941485
3.69529 0.0952767
3.69583 0.095814
3.69805 0.0980308
3.70067 0.100652
3.70127 0.101251
3.70211 0.1021
3.70243 0.102419
3.70322 0.0432042
3.70322 0.0432042
3.70322 0.0432042
3.70353 0.0435192
3.70353 0.0431997
3.70353 0.0431997
3.70659 0.106573
3.7075 0.107483
3.70828 0.108269
3.71 0.109994
3.71107 0.111054
3.71161 0.111591
3.71193 0.111911
3.71551 0.115492
3.71739 0.117371
3.71938 0.119366
3.72089 0.120872
3.72257 0.12256
3.72311 0.123097
3.72324 0.0432119
3.72324 0.0432119
3.72324 0.0432119
3.72356 0.0435269
3.72356 0.0432074
3.72356 0.0432074
3.72596 0.125944
3.72846 0.128441
3.73276 0.132742
3.73308 0.133061
3.73389 0.133878
3.73536 0.135349
3.73671 0.136694
3.74341 0.0433911
3.74353 0.0432
3.74353 0.0432
3.74353 0.0432
3.74385 0.043515
3.74385 0.0431955
3.74385 0.0431955
3.74491 0.0449005
3.7476 0.0475839
3.74873 0.0487122
3.75309 0.153074
3.75462 0.154607
3.75665 0.056638
3.75665 0.056638
3.75697 0.0569575
3.75742 0.0574014
3.75885 0.0588407
3.75917 0.0591644
3.76018 0.060164
3.7605 0.0604835
3.7605 0.0604877
3.7611 0.0610829
3.76185 0.0618379
3.76217 0.162157
3.76249 0.162476
3.76281 0.0628062
3.76322 0.0432105
3.76322 0.0432105
3.76322 0.0432105
3.7636 0.0635864
3.76373 0.0437206
3.76373 0.0434011
3.76373 0.0434011
3.7643 0.0642874
3.76552 0.0655161
3.76606 0.0660461
3.76718 0.167169
3.77279 0.0727773
3.77463 0.0746209
3.77495 0.0749248
3.77904 0.0790235
3.77939 0.0793741
3.78014 0.0801291
3.78046 0.0804486
3.78125 0.0812347
3.78157 0.0815542
3.78157 0.0815542
3.78326 0.0832423
3.78326 0.0832423
3.78358 0.0835618
3.7837 0.0436792
3.7837 0.0436792
3.7837 0.0436792
3.7837 0.0436792
3.7837 0.0433597
3.7837 0.0433597
3.78383 0.0434881
3.78533 0.08532
3.78565 0.0856395
3.78604 0.0860212
3.78685 0.0868384
3.7872 0.087189
3.78752 0.0875085
3.78752 0.0875085
3.78784 0.0878322
3.78878 0.0887696
3.7891 0.0890933
3.78989 0.0898794
3.79176 0.0917499
3.79208 0.0920694
3.79247 0.0924568
3.79278 0.0927748
3.79416 0.0941477
3.79529 0.0952759
3.79583 0.0958131
3.79804 0.09803
3.80067 0.100651
3.80126 0.101251
3.80211 0.102099
3.80243 0.102418
3.80321 0.0432033
3.80321 0.0432033
3.80321 0.0432033
3.80353 0.0435183
3.80353 0.0431988
3.80353 0.0431988
3.80659 0.106572
3.8075 0.107482
3.80828 0.108268
3.81 0.109993
3.81107 0.111053
3.8116 0.111591
3.81192 0.11191
3.81551 0.1155
3.81738 0.11737
3.81938 0.119374
3.82088 0.120871
3.82257 0.122559
3.82311 0.123096
3.82324 0.0432111
3.82324 0.0432111
3.82324 0.0432111
3.82355 0.0435261
3.82355 0.0432066
3.82355 0.0432066
3.82596 0.125943
3.82845 0.12844
3.83275 0.132741
3.83307 0.13306
3.83392 0.133908
3.83536 0.135348
3.83671 0.136694
3.8434 0.0433902
3.84353 0.0431991
3.84353 0.0431991
3.84353 0.0431991
3.84385 0.0435141
3.84385 0.0431946
3.84385 0.0431946
3.84491 0.0448996
3.8476 0.0475831
3.84872 0.0487113
3.85309 0.153073
3.85462 0.154606
3.85665 0.0566371
3.85665 0.0566371
3.85697 0.0569566
3.85741 0.0574005
3.85885 0.0588398
3.85917 0.0591721
3.86018 0.0601631
3.8605 0.0604954
3.8605 0.0604826
3.8611 0.061082
3.86185 0.061837
3.86217 0.162156
3.86249 0.162475
3.86281 0.0628002
3.86322 0.0432097
3.86322 0.0432097
3.86322 0.0432097
3.8636 0.0635855
3.86373 0.0437198
3.86373 0.0434003
3.86373 0.0434003
3.86426 0.064264
3.86552 0.0655163
3.86605 0.0660539
3.86718 0.167168
3.87279 0.0727764
3.87463 0.07462
3.87495 0.074936
3.87904 0.0790226
3.87939 0.0793732
3.88014 0.0801282
3.88046 0.0804477
3.88125 0.0812338
3.88157 0.0815533
3.88157 0.0815533
3.88325 0.0832414
3.88325 0.0832414
3.88357 0.0835609
3.8837 0.0436783
3.8837 0.0436783
3.8837 0.0436783
3.8837 0.0436783
3.8837 0.0433588
3.8837 0.0433588
3.88383 0.0434872
3.88533 0.0853191
3.88565 0.0856386
3.88603 0.0860203
3.88685 0.0868375
3.8872 0.0871881
3.88752 0.0875076
3.88752 0.0875076
3.88784 0.08784
3.88878 0.0887687
3.8891 0.0891011
3.88989 0.0898871
3.89176 0.091749
3.89208 0.0920685
3.89246 0.0924559
3.89278 0.0927826
3.89416 0.0941468
3.89529 0.095275
3.89583 0.0958122
3.89804 0.0980291
3.90066 0.10065
3.90126 0.10125
3.90211 0.102098
3.90243 0.102417
3.90321 0.0432024
3.90321 0.0432024
3.90321 0.0432024
3.90353 0.0435174
3.90353 0.0431979
3.90353 0.0431979
3.90658 0.106571
3.90749 0.107481
3.90828 0.108267
3.91 0.109992
3.91107 0.111052
3.9116 0.11159
3.91192 0.111909
3.91551 0.115507
3.91738 0.117369
3.91935 0.11935
3.92088 0.12087
3.92257 0.122558
3.92311 0.123095
3.92324 0.0432102
3.92324 0.0432102
3.92324 0.0432102
3.92355 0.0435252
3.92355 0.0432057
3.92355 0.0432057
3.92599 0.125973
3.92845 0.128439
3.93275 0.13274
3.93307 0.133059
3.93392 0.133908
3.93536 0.135347
3.93671 0.136693
3.9434 0.0433894
3.94353 0.0431982
3.94353 0.0431982
3.94353 0.0431982
3.94385 0.0435133
3.94385 0.0431938
3.94385 0.0431938
3.94491 0.0448988
3.94759 0.0475822
3.94872 0.0487104
3.95309 0.153073
3.95462 0.154605
3.95665 0.0566362
3.95665 0.0566362
3.95697 0.0569557
3.95741 0.0573996
3.95885 0.0588389
3.95917 0.0591488
3.96017 0.0601622
3.96049 0.0604817
3.96049 0.0604721
3.96109 0.0610811
3.96185 0.0618361
3.96217 0.162155
3.96249 0.162474
3.96281 0.0627941
3.96322 0.0432088
3.96322 0.0432088
3.96322 0.0432088
3.9636 0.0635847
3.96373 0.0437189
3.96373 0.0433994
3.96373 0.0433994
3.96429 0.0642718
3.96555 0.0655165
3.96608 0.0660616
3.96718 0.167168
3.97279 0.0727755
3.97463 0.0746192
3.97495 0.0749472
3.97903 0.0790218
3.97938 0.0793724
3.98014 0.0801273
3.98046 0.0804468
3.98125 0.0812329
3.98156 0.0815524
3.98156 0.0815524
3.98325 0.0832405
3.98325 0.0832405
3.98357 0.08356
3.9837 0.0436774
3.9837 0.0436774
3.9837 0.0436774
3.9837 0.0436774
3.9837 0.0433579
3.9837 0.0433579
3.98383 0.0434863
3.98533 0.0853182
3.98565 0.0856377
3.98603 0.0860195
3.98685 0.0868366
3.9872 0.0871872
3.98752 0.0875067
3.98752 0.0875067
3.98784 0.0878166
3.98878 0.0887678
3.9891 0.0890777
3.98992 0.0898949
3.99176 0.0917481
3.99208 0.0920676
3.99246 0.092455
3.99278 0.0927592
3.99416 0.0941459
3.99529 0.0952741
3.99582 0.0958113
3.99804 0.0980282
4.00066 0.100649
4.00126 0.101249
4.00211 0.102097
4.00243 0.102417
4.00321 0.0432015
4.00321 0.0432015
4.00321 0.0432015
4.00353 0.0435165
4.00353 0.043197
4.00353 0.043197
4.00659 0.106577
4.0075 0.107487
4.00829 0.108273
4.01 0.109998
4.01107 0.111059
4.01161 0.111596
4.01193 0.111915
4.01551 0.115491
4.01739 0.117375
4.01939 0.119365
4.02086 0.120845
4.02258 0.122564
4.02311 0.123101
4.02324 0.0432163
4.02324 0.0432163
4.02324 0.0432163
4.02356 0.0435313
4.02356 0.0432118
4.02356 0.0432118
4.02599 0.125979
4.02846 0.128445
4.03276 0.132746
4.03308 0.133065
4.03393 0.133914
4.03537 0.135353
4.03671 0.136699
4.04341 0.0433954
4.04354 0.0432043
4.04354 0.0432043
4.04354 0.0432043
4.04385 0.0435193
4.04385 0.0431998
4.04385 0.0431998
4.04492 0.0449049
4.0476 0.0475883
4.04873 0.0487165
4.05309 0.153079
4.05462 0.154611
4.05665 0.0566423
4.05665 0.0566423
4.05697 0.0569618
4.05742 0.0574057
4.05889 0.0588761
4.05921 0.0591946
4.06018 0.0601683
4.0605 0.0604878
4.0605 0.0604868
4.0611 0.0610872
4.06185 0.0618422
4.06217 0.162161
4.06249 0.16248
4.06281 0.062795
4.06322 0.0432149
4.06322 0.0432149
4.06322 0.0432149
4.0636 0.0635907
4.06373 0.043725
4.06373 0.0434055
4.06373 0.0434055
4.0643 0.0642865
4.06555 0.0655236
4.06609 0.0660764
4.06719 0.167174
4.07282 0.0728127
4.07464 0.0746252
4.07496 0.0749343
4.07907 0.0790589
4.07939 0.0793784
4.08014 0.0801334
4.08046 0.0804529
4.08125 0.081239
4.08157 0.0815585
4.08157 0.0815585
4.08326 0.0832466
4.08326 0.0832466
4.08358 0.0835661
4.08371 0.0436835
4.08371 0.0436835
4.08371 0.0436835
4.08371 0.0436835
4.08371 0.043364
4.08371 0.043364
4.08383 0.0434924
4.08537 0.0853554
4.08569 0.0856749
4.08607 0.0860566
4.08685 0.0868427
4.08724 0.0872244
4.08756 0.0875439
4.08756 0.0875439
4.08787 0.0878625
4.08879 0.0887739
4.0891 0.0890925
4.08992 0.0899096
4.09177 0.0917542
4.09209 0.0920737
4.0925 0.0924922
4.09282 0.0928051
4.09416 0.094152
4.09532 0.0953113
4.0958 0.0957863
4.09805 0.0980343
4.10067 0.100655
4.1013 0.101286
4.10211 0.102103
4.10243 0.102423
4.10322 0.0432076
4.10322 0.0432076
4.10322 0.0432076
4.10353 0.0435226
4.10353 0.0432031
4.10353 0.0432031
4.10659 0.106576
4.1075 0.107486
4.10828 0.108272
4.11003 0.110028
4.11107 0.111058
4.11161 0.111595
4.11193 0.111914
4.11551 0.115499
4.11739 0.117375
4.11939 0.119373
4.12089 0.120875
4.12257 0.122563
4.12311 0.1231
4.12324 0.0432154
4.12324 0.0432154
4.12324 0.0432154
4.12356 0.0435304
4.12356 0.0432109
4.12356 0.0432109
4.12596 0.125947
4.12842 0.128413
4.13273 0.132714
4.13304 0.133033
4.13389 0.133882
4.13536 0.135352
4.13671 0.136698
4.14341 0.0433946
4.14353 0.0432034
4.14353 0.0432034
4.14353 0.0432034
4.14388 0.0435496
4.14388 0.0432301
4.14388 0.0432301
4.14495 0.0449351
4.1476 0.0475874
4.14873 0.0487156
4.15309 0.153078
4.15462 0.15461
4.15668 0.0566725
4.15668 0.0566725
4.157 0.056992
4.15745 0.0574359
4.15889 0.0588752
4.15921 0.0592024
4.16018 0.0601674
4.1605 0.0604869
4.1605 0.0604946
4.1611 0.0610863
4.16188 0.0618724
4.1622 0.162191
4.16252 0.162511
4.16284 0.0628201
4.16322 0.043214
4.16322 0.043214
4.16322 0.043214
4.1636 0.0635899
4.16373 0.0437241
4.16373 0.0434046
4.16373 0.0434046
4.16427 0.0642632
4.16555 0.0655237
4.16609 0.0660841
4.16718 0.167173
4.17282 0.0728119
4.17464 0.0746244
4.17495 0.0749455
4.17907 0.0790581
4.17939 0.0793776
4.18014 0.0801325
4.18046 0.080452
4.18125 0.0812381
4.18157 0.0815576
4.18157 0.0815576
4.18326 0.0832457
4.18358 0.0835652
4.18358 0.0835652
4.1837 0.0436826
4.1837 0.0436826
4.1837 0.0436826
4.1837 0.0436826
4.1837 0.0433631
4.1837 0.0433631
4.18383 0.0434915
4.18537 0.0853545
4.18568 0.085674
4.18607 0.0860558
4.18682 0.0868107
4.1872 0.0871924
4.18752 0.0875119
4.18752 0.0875119
4.18784 0.0878391
4.18875 0.0887419
4.18907 0.0890691
4.18992 0.0899174
4.19176 0.0917533
4.19208 0.0920728
4.1925 0.0924914
4.19282 0.0928128
4.19416 0.0941511
4.19532 0.0953104
4.1958 0.0957854
4.19804 0.0980334
4.20067 0.100655
4.20133 0.101316
4.20208 0.102071
4.2024 0.102391
4.20321 0.0432067
4.20321 0.0432067
4.20321 0.0432067
4.20353 0.0435217
4.20353 0.0432022
4.20353 0.0432022
4.20659 0.106575
4.2075 0.107486
4.20825 0.108241
4.21003 0.110028
4.21104 0.111026
4.2116 0.111594
4.21192 0.111914
4.21551 0.115507
4.21738 0.117374
4.21935 0.119349
4.22088 0.120874
4.22257 0.122562
4.22311 0.1231
4.22324 0.0432145
4.22324 0.0432145
4.22324 0.0432145
4.22355 0.0435295
4.22355 0.04321
4.22355 0.04321
4.22596 0.125946
4.22845 0.128443
4.23275 0.132744
4.23307 0.133064
4.23389 0.133881
4.23536 0.135351
4.23671 0.136697
4.2434 0.0433937
4.24353 0.0432026
4.24353 0.0432026
4.24353 0.0432026
4.24388 0.0435487
4.24388 0.0432292
4.24388 0.0432292
4.24494 0.0449342
4.24763 0.0476176
4.24872 0.0487147
4.25309 0.153077
4.25462 0.154609
4.25668 0.0566716
4.25668 0.0566716
4.257 0.0569911
4.25744 0.0574351
4.25888 0.0588743
4.2592 0.059179
4.26018 0.0601665
4.2605 0.060486
4.2605 0.0604712
4.2611 0.0610855
4.26188 0.0618715
4.2622 0.16219
4.26252 0.16251
4.26284 0.062814
4.26322 0.0432131
4.26322 0.0432131
4.26322 0.0432131
4.2636 0.063589
4.26373 0.0437232
4.26373 0.0434037
4.26373 0.0434037
4.2643 0.0642709
4.26555 0.0655299
4.26612 0.0660919
4.26718 0.167172
4.27282 0.072811
4.2746 0.0745924
4.27492 0.0748946
4.27907 0.0790572
4.27939 0.0793767
4.28014 0.0801316
4.28046 0.0804512
4.28125 0.0812372
4.28157 0.0815567
4.28157 0.0815567
4.28325 0.0832448
4.28357 0.0835643
4.28357 0.0835643
4.2837 0.0436817
4.2837 0.0436817
4.2837 0.0436817
4.2837 0.0436817
4.2837 0.0433622
4.2837 0.0433622
4.28383 0.0434906
4.28536 0.0853537
4.28568 0.0856732
4.28606 0.0860549
4.28682 0.0868098
4.2872 0.0871916
4.28752 0.0875111
4.28752 0.0875111
4.28784 0.0878158
4.28875 0.0887411
4.2891 0.0890769
4.28995 0.0899251
4.29176 0.0917524
4.29208 0.0920719
4.29249 0.0924905
4.29281 0.0927895
4.29416 0.0941502
4.29532 0.0953095
4.29579 0.0957846
4.29804 0.0980325
4.30066 0.100654
4.30133 0.101315
4.30208 0.10207
4.3024 0.10239
4.30321 0.0432058
4.30321 0.0432058
4.30321 0.0432058
4.30353 0.0435208
4.30353 0.0432013
4.30353 0.0432013
4.30658 0.106574
4.30749 0.107485
4.30825 0.10824
4.31003 0.110027
4.31103 0.111025
4.3116 0.111593
4.31192 0.111913
4.31551 0.115483
4.31738 0.117373
4.31938 0.119357
4.32088 0.120873
4.32257 0.122561
4.32311 0.123099
4.32324 0.0432136
4.32324 0.0432136
4.32324 0.0432136
4.32355 0.0435286
4.32355 0.0432091
4.32355 0.0432091
4.32596 0.125946
4.32845 0.128442
4.33275 0.132743
4.33307 0.133063
4.33389 0.13388
4.33536 0.13535
4.33671 0.136696
4.3434 0.0433928
4.34353 0.0432017
4.34353 0.0432017
4.34353 0.0432017
4.34388 0.0435478
4.34388 0.0432283
4.34388 0.0432283
4.34494 0.0449333
4.34763 0.0476167
4.34872 0.0487138
4.35309 0.153076
4.35462 0.154609
4.35668 0.0566707
4.35668 0.0566707
4.357 0.0569903
4.35744 0.0574342
4.35888 0.0588734
4.3592 0.0591868
4.36017 0.0601656
4.36049 0.0604851
4.36049 0.060479
4.36109 0.0610846
4.36188 0.0618706
4.3622 0.162189
4.36252 0.162509
4.36284 0.0628079
4.36322 0.0432122
4.36322 0.0432122
4.36322 0.0432122
4.3636 0.0635881
4.36373 0.0437223
4.36373 0.0434028
4.36373 0.0434028
4.36429 0.0642787
4.36555 0.0655322
4.36608 0.0660685
4.36718 0.167171
4.37282 0.0728101
4.3746 0.0745915
4.37492 0.0749058
4.37907 0.0790563
4.37938 0.0793758
4.38014 0.0801308
4.38046 0.0804503
4.38125 0.0812363
4.38156 0.0815558
4.38156 0.0815558
4.38325 0.0832439
4.38357 0.0835634
4.38357 0.0835634
4.3837 0.0436809
4.3837 0.0436809
4.3837 0.0436809
4.3837 0.0436809
4.3837 0.0433613
4.3837 0.0433613
4.38383 0.0434897
4.38536 0.0853528
4.38568 0.0856723
4.38606 0.086054
4.38682 0.086809
4.3872 0.0871907
4.38752 0.0875102
4.38752 0.0875102
4.38784 0.0878235
4.38875 0.0887402
4.3891 0.0890846
4.38995 0.0899329
4.39176 0.0917516
4.39208 0.0920711
4.39249 0.0924896
4.39281 0.0927972
4.39416 0.0941493
4.39532 0.0953086
4.39579 0.0957837
4.39804 0.0980316
4.40066 0.100653
4.40132 0.101314
4.40208 0.102069
4.4024 0.102389
4.40321 0.043205
4.40321 0.043205
4.40321 0.043205
4.40353 0.04352
4.40353 0.0432005
4.40353 0.0432005
4.40658 0.106573
4.40749 0.107484
4.40825 0.108239
4.41003 0.110026
4.41103 0.111024
4.4116 0.111592
4.41192 0.111912
4.41551 0.115491
4.41738 0.117372
4.41938 0.119365
4.42088 0.120873
4.42257 0.122561
4.42311 0.123098
4.42324 0.0432127
4.42324 0.0432127
4.42324 0.0432127
4.42355 0.0435277
4.42355 0.0432082
4.42355 0.0432082
4.42595 0.125945
4.42845 0.128441
4.43275 0.132742
4.43307 0.133062
4.43389 0.133879
4.43536 0.135349
4.4367 0.136695
4.4434 0.0433919
4.44353 0.0432008
4.44353 0.0432008
4.44353 0.0432008
4.44387 0.0435469
4.44387 0.0432274
4.44387 0.0432274
4.44494 0.0449324
4.44762 0.0476158
4.44872 0.0487129
4.45308 0.153075
4.45462 0.154608
4.45668 0.0566699
4.45668 0.0566699
4.457 0.0569894
4.45744 0.0574333
4.45888 0.0588726
4.4592 0.0591945
4.46017 0.0601647
4.46049 0.0604843
4.46049 0.0604867
4.46109 0.0610837
4.46188 0.0618698
4.4622 0.162188
4.46252 0.162508
4.46284 0.062833
4.46321 0.0432113
4.46321 0.0432113
4.46321 0.0432113
4.4636 0.0635872
4.46372 0.0437214
4.46372 0.0434019
4.46372 0.0434019
4.46429 0.0642864
4.46554 0.0655323
4.46608 0.0660763
4.46718 0.16717
4.47282 0.0728092
4.47463 0.0746217
4.47495 0.0749481
4.47909 0.0790865
4.47941 0.079406
4.48014 0.0801299
4.48046 0.0804494
4.48124 0.0812355
4.48156 0.081555
4.48156 0.081555
4.48325 0.083243
4.48357 0.0835626
4.48357 0.0835626
4.4837 0.04368
4.4837 0.04368
4.4837 0.04368
4.4837 0.04368
4.4837 0.0433605
4.4837 0.0433605
4.48383 0.0434889
4.48536 0.0853519
4.48568 0.0856714
4.48606 0.0860531
4.48682 0.0868081
4.4872 0.0871898
4.48752 0.0875093
4.48752 0.0875093
4.48784 0.0878313
4.48875 0.0887393
4.4891 0.0890924
4.48992 0.0899096
4.49176 0.0917507
4.49208 0.0920702
4.49249 0.0924887
4.49281 0.092805
4.49416 0.0941485
4.49532 0.0953078
4.49579 0.0957828
4.49804 0.0980307
4.50066 0.100652
4.50132 0.101314
4.50208 0.102069
4.5024 0.102388
4.50321 0.0432041
4.50321 0.0432041
4.50321 0.0432041
4.50352 0.0435191
4.50352 0.0431996
4.50352 0.0431996
4.50658 0.106572
4.50749 0.107483
4.50828 0.108269
4.51003 0.110025
4.51103 0.111023
4.5116 0.111591
4.51192 0.111911
4.5155 0.115499
4.51738 0.117371
4.51938 0.119373
4.52088 0.120872
4.52257 0.12256
4.52311 0.123097
4.52323 0.0432118
4.52323 0.0432118
4.52323 0.0432118
4.52355 0.0435269
4.52355 0.0432074
4.52355 0.0432074
4.52598 0.125975
4.52845 0.128441
4.53275 0.132741
4.53307 0.133061
4.53389 0.133878
4.53536 0.135348
4.5367 0.136694
4.5434 0.043391
4.54353 0.0431999
4.54353 0.0431999
4.54353 0.0431999
4.54387 0.043546
4.54387 0.0432265
4.54387 0.0432265
4.54494 0.0449315
4.54762 0.047615
4.54872 0.0487121
4.55308 0.153074
4.55462 0.154607
4.55668 0.056669
4.55668 0.056669
4.557 0.0569885
4.55744 0.0574324
4.55888 0.0588717
4.5592 0.0591712
4.56017 0.0601639
4.56049 0.0604834
4.56049 0.0604634
4.56109 0.0610828
4.56188 0.0618689
4.5622 0.162188
4.56252 0.162507
4.56283 0.0628269
4.56321 0.0432105
4.56321 0.0432105
4.56321 0.0432105
4.56359 0.0635863
4.56372 0.0437206
4.56372 0.0434011
4.56372 0.0434011
4.56429 0.0642631
4.56554 0.0655325
4.56611 0.0660841
4.56718 0.167169
4.57282 0.0728083
4.57463 0.0746208
4.57495 0.0749282
4.57909 0.0790856
4.57941 0.0794051
4.58014 0.080129
4.58046 0.0804485
4.58124 0.0812346
4.58156 0.0815541
4.58156 0.0815541
4.58328 0.0832733
4.58328 0.0832733
4.5836 0.0835928
4.58373 0.0437102
4.58373 0.0437102
4.58373 0.0437102
4.58373 0.0437102
4.58373 0.0433907
4.58373 0.0433907
4.58386 0.0435191
4.58536 0.085351
4.58568 0.0856705
4.58606 0.0860522
4.58681 0.0868072
4.5872 0.0871889
4.58752 0.0875084
4.58752 0.0875084
4.58784 0.087808
4.58875 0.0887384
4.58913 0.0891002
4.58994 0.0899173
4.59176 0.0917498
4.59208 0.0920693
4.59249 0.0924878
4.59281 0.0927817
4.59415 0.0941476
4.59531 0.0953069
4.59579 0.0957819
4.59804 0.0980299
4.60066 0.100651
4.60132 0.101313
4.60208 0.102068
4.60239 0.102387
4.60321 0.0432032
4.60321 0.0432032
4.60321 0.0432032
4.60355 0.0435493
4.60355 0.0432298
4.60355 0.0432298
4.60658 0.106572
4.60749 0.107482
4.60828 0.108268
4.61003 0.110024
4.61103 0.111022
4.6116 0.111591
4.61192 0.11191
4.61553 0.115507
4.61738 0.11737
4.61938 0.119349
4.62088 0.120871
4.62257 0.122559
4.6231 0.123096
4.62323 0.043211
4.62323 0.043211
4.62323 0.043211
4.62355 0.043526
4.62355 0.0432065
4.62355 0.0432065
4.62598 0.125974
4.62845 0.12844
4.63275 0.132741
4.63307 0.13306
4.63392 0.133908
4.63535 0.135348
4.6367 0.136694
4.64343 0.0434213
4.64356 0.0432301
4.64356 0.0432301
4.64356 0.0432301
4.64387 0.0435452
4.64387 0.0432257
4.64387 0.0432257
4.64494 0.0449307
4.64762 0.0476141
4.64872 0.0487112
4.65308 0.153073
4.65461 0.154606
4.65667 0.0566681
4.65667 0.0566681
4.65699 0.0569876
4.65744 0.0574315
4.65888 0.0588708
4.6592 0.059179
4.66017 0.060163
4.66049 0.0604825
4.66049 0.0604712
4.66109 0.0610819
4.66187 0.061868
4.66219 0.162187
4.66251 0.162506
4.66283 0.0628209
4.66321 0.0432096
4.66321 0.0432096
4.66321 0.0432096
4.66359 0.0635855
4.66372 0.0437197
4.66372 0.0434002
4.66372 0.0434002
4.66429 0.0642709
4.66554 0.0655326
4.66611 0.0660918
4.66718 0.167168
4.67281 0.0728074
4.67463 0.0746199
4.67495 0.0749395
4.67909 0.0790848
4.67941 0.0794043
4.68013 0.0801281
4.68045 0.0804476
4.68124 0.0812337
4.68156 0.0815532
4.68156 0.0815532
4.68328 0.0832724
4.68328 0.0832724
4.6836 0.0835919
4.68373 0.0437093
4.68373 0.0437093
4.68373 0.0437093
4.68373 0.0437093
4.68373 0.0433898
4.68373 0.0433898
4.68386 0.0435182
4.68536 0.0853501
4.68568 0.0856696
4.68606 0.0860514
4.68684 0.0868374
4.68719 0.087188
4.68751 0.0875075
4.68751 0.0875075
4.68783 0.0878157
4.68874 0.0887375
4.68909 0.0890768
4.68994 0.0899251
4.69176 0.0917489
4.69208 0.0920684
4.69249 0.0924869
4.69281 0.0927894
4.69415 0.0941467
4.69531 0.095306
4.69579 0.095781
4.69804 0.098029
4.70066 0.10065
4.70132 0.101312
4.70207 0.102067
4.70239 0.102386
4.70321 0.0432023
4.70321 0.0432023
4.70321 0.0432023
4.70355 0.0435484
4.70355 0.0432289
4.70355 0.0432289
4.70658 0.106571
4.70749 0.107481
4.70827 0.108267
4.71002 0.110023
4.71103 0.111021
4.7116 0.11159
4.71192 0.111909
4.7155 0.115483
4.71738 0.117369
4.71937 0.119357
4.72088 0.12087
4.72256 0.122558
4.7231 0.123095
4.72323 0.0432101
4.72323 0.0432101
4.72323 0.0432101
4.72355 0.0435251
4.72355 0.0432056
4.72355 0.0432056
4.72598 0.125973
4.72845 0.128439
4.73275 0.13274
4.73307 0.133059
4.73391 0.133907
4.73535 0.135347
4.7367 0.136693
4.74343 0.0434204
4.74355 0.0432293
4.74355 0.0432293
4.74355 0.0432293
4.74387 0.0435443
4.74387 0.0432248
4.74387 0.0432248
4.74494 0.0449298
4.74762 0.0476132
4.74872 0.0487103
4.75308 0.153073
4.75461 0.154605
4.75667 0.0566672
4.75667 0.0566672
4.75699 0.0569867
4.75744 0.0574307
4.75888 0.0588699
4.7592 0.0591867
4.76017 0.0601621
4.76049 0.0604816
4.76049 0.0604789
4.76109 0.0610811
4.76187 0.0618671
4.76219 0.162186
4.76251 0.162505
4.76283 0.0628148
4.76324 0.0432087
4.76324 0.0432087
4.76324 0.0432087
4.76359 0.0635846
4.76372 0.0436877
4.76372 0.0433682
4.76372 0.0433682
4.76429 0.0642786
4.76554 0.0655328
4.76608 0.0660685
4.76717 0.167167
4.77281 0.0728066
4.77462 0.0746191
4.77494 0.0749196
4.77909 0.0790839
4.77941 0.0794034
4.78013 0.0801272
4.78045 0.0804467
4.78124 0.0812328
4.78156 0.0815523
4.78156 0.0815523
4.78328 0.0832715
4.78328 0.0832715
4.7836 0.083591
4.78373 0.0437084
4.78373 0.0437084
4.78373 0.0437084
4.78373 0.0437084
4.78373 0.0433889
4.78373 0.0433889
4.78385 0.0435173
4.78536 0.0853493
4.78567 0.0856688
4.78606 0.0860505
4.78684 0.0868365
4.78719 0.0871872
4.78751 0.0875067
4.78751 0.0875067
4.78783 0.0878235
4.78874 0.0887367
4.78909 0.0890846
4.78994 0.0899328
4.79175 0.091748
4.79207 0.0920675
4.79249 0.0924861
4.79281 0.0927972
4.79415 0.0941458
4.79531 0.0953051
4.79579 0.0957801
4.79803 0.0980281
4.80066 0.100649
4.80132 0.101311
4.80207 0.102066
4.80239 0.102385
4.8032 0.0432014
4.8032 0.0432014
4.8032 0.0432014
4.80355 0.0435475
4.80355 0.043228
4.80355 0.043228
4.80658 0.10657
4.80749 0.10748
4.80827 0.108266
4.81002 0.110022
4.81106 0.111052
4.81159 0.111589
4.81191 0.111908
4.8155 0.115491
4.81737 0.117368
4.81937 0.119365
4.82087 0.120869
4.82256 0.122557
4.8231 0.123094
4.82323 0.0432092
4.82323 0.0432092
4.82323 0.0432092
4.82354 0.0435242
4.82354 0.0432047
4.82354 0.0432047
4.82598 0.125972
4.82844 0.128438
4.83274 0.132739
4.83306 0.133058
4.83391 0.133907
4.83535 0.135346
4.8367 0.136692
4.84342 0.0434195
4.84355 0.0432284
4.84355 0.0432284
4.84355 0.0432284
4.84387 0.0435434
4.84387 0.0432239
4.84387 0.0432239
4.84493 0.0449289
4.84762 0.0476123
4.84871 0.0487094
4.85308 0.153072
4.85461 0.154604
4.85667 0.0566663
4.85667 0.0566663
4.85699 0.0569859
4.85743 0.0574298
4.85887 0.058869
4.85919 0.0591634
4.86017 0.0601612
4.86049 0.0604807
4.86049 0.0604556
4.86109 0.0610802
4.86187 0.0618662
4.86219 0.162185
4.86251 0.162504
4.86283 0.0628087
4.86324 0.0432078
4.86324 0.0432078
4.86324 0.0432078
4.86359 0.0635837
4.86372 0.0436868
4.86372 0.0433673
4.86372 0.0433673
4.86432 0.0642864
4.86554 0.065533
4.86611 0.0660762
4.86717 0.167167
4.87281 0.0728057
4.87462 0.0746182
4.87494 0.0749308
4.87909 0.079083
4.87941 0.0794025
4.88016 0.0801575
4.88048 0.080477
4.88124 0.0812319
4.88156 0.0815514
4.88156 0.0815514
4.88328 0.0832706
4.88328 0.0832706
4.8836 0.0835901
4.88372 0.0437075
4.88372 0.0437075
4.88372 0.0437075
4.88372 0.0437075
4.88372 0.043388
4.88372 0.043388
4.88385 0.0435164
4.88535 0.0853484
4.88567 0.0856679
4.88605 0.0860496
4.88684 0.0868357
4.88719 0.0871863
4.88751 0.0875058
4.88751 0.0875058
4.88783 0.0878001
4.88874 0.0887358
4.88912 0.0890923
4.88994 0.0899095
4.89175 0.0917472
4.89207 0.0920667
4.89252 0.0924852
4.89284 0.0928049
4.89415 0.0941449
4.89531 0.0953042
4.89578 0.0957793
4.89803 0.0980272
4.90065 0.100648
4.90132 0.10131
4.90207 0.102065
4.90239 0.102385
4.9032 0.0432005
4.9032 0.0432005
4.9032 0.0432005
4.90355 0.0435467
4.90355 0.0432272
4.90355 0.0432272
4.90657 0.106569
4.90748 0.107479
4.90827 0.108265
4.91005 0.110021
4.91106 0.111051
4.91159 0.111588
4.91191 0.111907
4.91553 0.115499
4.91737 0.117368
4.9194 0.119373
4.92087 0.120868
4.92256 0.122556
4.9231 0.123093
4.92323 0.0432083
4.92323 0.0432083
4.92323 0.0432083
4.92354 0.0435233
4.92354 0.0432038
4.92354 0.0432038
4.92598 0.125971
4.92844 0.128437
4.93274 0.132738
4.93306 0.133057
4.93391 0.133906
4.93535 0.135345
4.9367 0.136691
4.94342 0.0434186
4.94355 0.0432275
4.94355 0.0432275
4.94355 0.0432275
4.94387 0.0435425
4.94387 0.043223
4.94387 0.043223
4.94493 0.044928
4.94762 0.0476114
4.94871 0.0487085
4.95308 0.153071
4.95461 0.154603
4.95667 0.0566655
4.95667 0.0566655
4.95699 0.056985
4.95743 0.0574289
4.95887 0.0588681
4.95919 0.0591711
4.96016 0.0601603
4.96048 0.0604799
4.96048 0.0604633
4.96108 0.0610793
4.96187 0.0618654
4.96219 0.162184
4.96251 0.162504
4.96283 0.0628027
4.96324 0.0432069
4.96324 0.0432069
4.96324 0.0432069
4.96359 0.0635828
4.96372 0.0436859
4.96372 0.0433664
4.96372 0.0433664
4.96428 0.064263
4.96554 0.0655331
4.9661 0.066084
4.96717 0.167166
4.97281 0.0728048
4.97459 0.0745862
4.97491 0.0748798
4.97909 0.0790821
4.97941 0.0794016
4.98016 0.0801566
4.98048 0.0804761
4.98124 0.0812311
4.98155 0.0815506
4.98155 0.0815506
4.98327 0.0832697
4.98327 0.0832697
4.98359 0.0835893
4.98372 0.0437067
4.98372 0.0437067
4.98372 0.0437067
4.98372 0.0437067
4.98372 0.0433872
4.98372 0.0433872
4.98385 0.0435156
4.98535 0.0853475
4.98567 0.085667
4.98605 0.0860487
4.98684 0.0868348
4.98719 0.0871854
4.98751 0.0875049
4.98751 0.0875049
4.98783 0.0878079
4.98874 0.0887349
4.98912 0.0891001
4.98994 0.0899173
4.99175 0.0917463
4.99207 0.0920658
4.99251 0.0924843
4.99283 0.0928127
4.99415 0.094144
4.99531 0.0953034
4.99578 0.0957784
4.99803 0.0980263
5.00065 0.100648
5.00131 0.101309
5.00207 0.102064
5.00239 0.102384
5.0032 0.0431997
5.0032 0.0431997
5.0032 0.0431997
5.00355 0.0435458
5.00355 0.0432263
5.00355 0.0432263
5.00658 0.106575
5.00749 0.107486
5.00828 0.108272
5.01006 0.110028
5.01106 0.111057
5.0116 0.111594
5.01192 0.111914
5.01553 0.115514
5.01738 0.117374
5.01938 0.119356
5.02085 0.120843
5.02257 0.122562
5.0231 0.1231
5.02323 0.0432145
5.02323 0.0432145
5.02323 0.0432145
5.02355 0.0435295
5.02355 0.04321
5.02355 0.04321
5.02598 0.125978
5.02845 0.128443
5.03275 0.132744
5.03307 0.133064
5.03392 0.133912
5.03536 0.135351
5.0367 0.136697
5.04343 0.0434248
5.04356 0.0432337
5.04356 0.0432337
5.04356 0.0432337
5.04387 0.0435487
5.04387 0.0432292
5.04387 0.0432292
5.04494 0.0449342
5.04762 0.0476176
5.04872 0.0487147
5.05308 0.153077
5.05461 0.15461
5.05667 0.0566716
5.05667 0.0566716
5.05699 0.0569912
5.05744 0.0574351
5.05891 0.0589054
5.05923 0.0592171
5.06017 0.0601665
5.06049 0.060486
5.06049 0.0604782
5.06109 0.0610855
5.06187 0.0618715
5.06219 0.16219
5.06251 0.16251
5.06283 0.0628037
5.06327 0.0432442
5.06327 0.0432442
5.06327 0.0432442
5.06359 0.063589
5.06372 0.0436921
5.06372 0.0433726
5.06372 0.0433726
5.06429 0.0642779
5.06557 0.0655714
5.06611 0.0660988
5.06718 0.167172
5.07285 0.0728421
5.0746 0.0745924
5.07492 0.0748981
5.07909 0.0790883
5.07941 0.0794078
5.08017 0.0801628
5.08049 0.0804823
5.08124 0.0812372
5.08156 0.0815567
5.08156 0.0815567
5.08328 0.0832759
5.08328 0.0832759
5.0836 0.0835954
5.08373 0.0437128
5.08373 0.0437128
5.08373 0.0437128
5.08373 0.0437128
5.08373 0.0433933
5.08373 0.0433933
5.08386 0.0435217
5.08539 0.0853848
5.08571 0.0857043
5.08609 0.086086
5.08684 0.086841
5.08723 0.0872227
5.08723 0.0872227
5.08755 0.0875422
5.08787 0.0878538
5.08874 0.0887411
5.08913 0.0891149
5.08997 0.0899632
5.09179 0.0917836
5.09211 0.0921031
5.09252 0.0924905
5.09284 0.0928275
5.09415 0.0941502
5.09534 0.0953406
5.09579 0.0957846
5.09804 0.0980325
5.10066 0.100654
5.10135 0.101346
5.10207 0.10207
5.10239 0.10239
5.10324 0.043237
5.10324 0.043237
5.10324 0.043237
5.10355 0.043552
5.10355 0.0432325
5.10355 0.0432325
5.10658 0.106574
5.10749 0.107485
5.10827 0.108271
5.11006 0.110027
5.11103 0.111025
5.1116 0.111593
5.11192 0.111913
5.1155 0.11549
5.11738 0.117373
5.11938 0.119364
5.12088 0.120873
5.12256 0.122561
5.1231 0.123099
5.12326 0.0432447
5.12326 0.0432447
5.12326 0.0432447
5.12358 0.0435597
5.12358 0.0432402
5.12358 0.0432402
5.12598 0.125977
5.12841 0.128411
5.13272 0.132712
5.13303 0.133032
5.13391 0.133911
5.13535 0.13535
5.1367 0.136696
5.14343 0.0434239
5.14355 0.0432328
5.14355 0.0432328
5.14355 0.0432328
5.14387 0.0435478
5.14387 0.0432283
5.14387 0.0432283
5.14497 0.0449644
5.14762 0.0476167
5.14875 0.0487449
5.15308 0.153076
5.15461 0.154609
5.15667 0.0566708
5.15699 0.0569903
5.15699 0.0569903
5.15747 0.0574653
5.15891 0.0589045
5.15923 0.0592248
5.16017 0.0601656
5.16049 0.0604852
5.16049 0.0604859
5.16112 0.0611157
5.16187 0.0618707
5.16219 0.162189
5.16251 0.162509
5.16283 0.0628287
5.16327 0.0432433
5.16327 0.0432433
5.16327 0.0432433
5.16359 0.0635881
5.16372 0.0436912
5.16372 0.0433717
5.16372 0.0433717
5.16429 0.0642856
5.1656 0.0655737
5.16611 0.0661066
5.16717 0.167171
5.17281 0.0728101
5.17459 0.0745915
5.17491 0.0749093
5.17912 0.0791185
5.17944 0.079438
5.18016 0.0801619
5.18048 0.0804814
5.18124 0.0812364
5.18156 0.0815559
5.18156 0.0815559
5.18328 0.083275
5.18328 0.083275
5.1836 0.0835946
5.18373 0.043712
5.18373 0.043712
5.18373 0.043712
5.18373 0.043712
5.18373 0.0433925
5.18373 0.0433925
5.18385 0.0435209
5.18539 0.0853839
5.18539 0.0853839
5.18608 0.0860767
5.1868 0.0868005
5.18722 0.0872133
5.18722 0.0872133
5.18754 0.0875328
5.18785 0.0878531
5.18873 0.0887317
5.18912 0.0891142
5.18993 0.0899314
5.19178 0.0917742
5.1921 0.0920937
5.19254 0.0925122
5.19286 0.0928579
5.19414 0.0941409
5.19536 0.0953624
5.19578 0.0957752
5.19803 0.0980232
5.20065 0.100644
5.20134 0.101337
5.20206 0.102061
5.20238 0.102381
5.20326 0.0432276
5.20326 0.0432276
5.20326 0.0432276
5.20357 0.0435426
5.20357 0.0432231
5.20357 0.0432231
5.20657 0.106565
5.20748 0.107475
5.20826 0.108261
5.21005 0.110017
5.21102 0.111015
5.21159 0.111584
5.21191 0.111903
5.21549 0.11549
5.21737 0.117363
5.21937 0.119363
5.22087 0.120864
5.22255 0.122552
5.22309 0.123089
5.22325 0.0432354
5.22325 0.0432354
5.22325 0.0432354
5.22357 0.0435504
5.22357 0.0432309
5.22357 0.0432309
5.22597 0.125967
5.22844 0.128433
5.23274 0.132734
5.23306 0.133053
5.2339 0.133902
5.23534 0.135341
5.23669 0.136687
5.24342 0.0434146
5.24354 0.0432235
5.24354 0.0432235
5.24354 0.0432235
5.24386 0.0435385
5.24386 0.043219
5.24386 0.043219
5.24496 0.0449551
5.24764 0.0476385
5.24874 0.0487356
5.25307 0.153067
5.2546 0.154599
5.25669 0.0566925
5.25669 0.0566925
5.25701 0.057012
5.25746 0.057456
5.2589 0.0588952
5.25922 0.059193
5.26019 0.0601874
5.26051 0.0605069
5.26051 0.0604852
5.26111 0.0611063
5.26189 0.0618924
5.26221 0.162211
5.26253 0.162531
5.26285 0.0628453
5.26326 0.043234
5.26326 0.043234
5.26326 0.043234
5.26358 0.0635788
5.26371 0.0436819
5.26371 0.0433624
5.26371 0.0433624
5.26431 0.0642849
5.26559 0.0655714
5.26613 0.0661059
5.2672 0.167193
5.27283 0.0728319
5.27458 0.0745822
5.2749 0.074881
5.27911 0.0791092
5.27943 0.0794287
5.28015 0.0801525
5.28047 0.080472
5.28123 0.081227
5.28155 0.0815465
5.28155 0.0815465
5.28327 0.0832657
5.28359 0.0835852
5.28359 0.0835852
5.28372 0.0437026
5.28372 0.0437026
5.28372 0.0437026
5.28372 0.0437026
5.28372 0.0433831
5.28372 0.0433831
5.28384 0.0435115
5.28538 0.0853745
5.2857 0.0856941
5.28608 0.0860758
5.2868 0.0867996
5.28721 0.0872124
5.28721 0.0872124
5.28753 0.087532
5.28785 0.0878298
5.28873 0.0887308
5.28915 0.089122
5.28996 0.0899391
5.29178 0.0917733
5.29209 0.0920928
5.29254 0.0925114
5.29286 0.0928346
5.29414 0.09414
5.29536 0.0953615
5.29578 0.0957743
5.29802 0.0980223
5.30065 0.100643
5.30134 0.101336
5.30206 0.10206
5.30238 0.10238
5.30326 0.0432267
5.30326 0.0432267
5.30326 0.0432267
5.30357 0.0435417
5.30357 0.0432222
5.30357 0.0432222
5.30657 0.106564
5.30748 0.107474
5.30826 0.108261
5.31004 0.110017
5.31102 0.111015
5.31158 0.111583
5.3119 0.111902
5.31552 0.115497
5.31736 0.117363
5.31939 0.119371
5.32086 0.120863
5.32255 0.122551
5.32309 0.123088
5.32325 0.0432345
5.32325 0.0432345
5.32325 0.0432345
5.32356 0.0435495
5.32356 0.04323
5.32356 0.04323
5.32597 0.125966
5.32843 0.128432
5.33273 0.132733
5.33305 0.133052
5.3339 0.133901
5.33534 0.13534
5.33669 0.136686
5.34341 0.0434137
5.34354 0.0432226
5.34354 0.0432226
5.34354 0.0432226
5.34389 0.0435687
5.34389 0.0432492
5.34389 0.0432492
5.34496 0.0449542
5.34764 0.0476376
5.34874 0.0487347
5.35307 0.153066
5.3546 0.154598
5.35669 0.0566916
5.35669 0.0566916
5.35701 0.0570111
5.35746 0.0574551
5.3589 0.0588943
5.35921 0.0592008
5.36019 0.0601865
5.36051 0.060506
5.36051 0.060493
5.36111 0.0611055
5.36189 0.0618915
5.36221 0.16221
5.36253 0.16253
5.36285 0.0628393
5.36326 0.0432331
5.36326 0.0432331
5.36326 0.0432331
5.36358 0.0635779
5.36371 0.043681
5.36371 0.0433615
5.36371 0.0433615
5.36428 0.0642616
5.36559 0.0655736
5.36613 0.0661136
5.36719 0.167192
5.37283 0.072831
5.37458 0.0745813
5.3749 0.0748922
5.37911 0.0791083
5.37943 0.0794278
5.38015 0.0801517
5.38047 0.0804712
5.38123 0.0812261
5.38155 0.0815456
5.38155 0.0815456
5.38327 0.0832648
5.38359 0.0835843
5.38359 0.0835843
5.38371 0.0437017
5.38371 0.0437017
5.38371 0.0437017
5.38371 0.0437017
5.38371 0.0433822
5.38371 0.0433822
5.38384 0.0435106
5.38537 0.0853737
5.38569 0.0856932
5.38608 0.0860749
5.3868 0.0867987
5.38721 0.0872116
5.38721 0.0872116
5.38753 0.0875311
5.38785 0.0878375
5.38873 0.08873
5.38914 0.0891297
5.38996 0.0899469
5.39177 0.0917725
5.39209 0.092092
5.39254 0.0925105
5.39286 0.0928423
5.39414 0.0941391
5.39536 0.0953606
5.39577 0.0957735
5.39802 0.0980214
5.40064 0.100643
5.40134 0.101335
5.40206 0.102059
5.40238 0.102379
5.40325 0.0432258
5.40325 0.0432258
5.40325 0.0432258
5.40357 0.0435409
5.40357 0.0432214
5.40357 0.0432214
5.40656 0.106563
5.40747 0.107474
5.40826 0.10826
5.41004 0.110016
5.41101 0.111014
5.41158 0.111582
5.4119 0.111902
5.41552 0.115505
5.41736 0.117362
5.41936 0.119348
5.42086 0.120862
5.42255 0.12255
5.42309 0.123088
5.42325 0.0432336
5.42325 0.0432336
5.42325 0.0432336
5.42356 0.0435486
5.42356 0.0432291
5.42356 0.0432291
5.42597 0.125966
5.42843 0.128431
5.43273 0.132732
5.43305 0.133052
5.4339 0.1339
5.43534 0.135339
5.43669 0.136685
5.44341 0.0434128
5.44354 0.0432217
5.44354 0.0432217
5.44354 0.0432217
5.44389 0.0435678
5.44389 0.0432483
5.44389 0.0432483
5.44495 0.0449533
5.44764 0.0476367
5.44873 0.0487338
5.45307 0.153065
5.4546 0.154598
5.45669 0.0566908
5.45669 0.0566908
5.45701 0.0570103
5.45745 0.0574542
5.45889 0.0588934
5.45921 0.0592085
5.46019 0.0601856
5.46051 0.0605051
5.46051 0.0605007
5.4611 0.0611046
5.46189 0.0618907
5.46221 0.162209
5.46253 0.162529
5.46285 0.0628332
5.46326 0.0432322
5.46326 0.0432322
5.46326 0.0432322
5.46358 0.063577
5.46371 0.0436801
5.46371 0.0433606
5.46371 0.0433606
5.46427 0.0642693
5.46559 0.0655759
5.46609 0.0660903
5.46719 0.167191
5.47283 0.0728301
5.47458 0.0745804
5.4749 0.0748723
5.47911 0.0791074
5.47943 0.0794269
5.48015 0.0801508
5.48047 0.0804703
5.48123 0.0812252
5.48154 0.0815447
5.48154 0.0815447
5.4833 0.083295
5.4833 0.083295
5.48361 0.0836145
5.48374 0.043732
5.48374 0.043732
5.48374 0.043732
5.48374 0.043732
5.48374 0.0434125
5.48374 0.0434125
5.48387 0.0435408
5.48537 0.0853728
5.48569 0.0856923
5.48607 0.086074
5.4868 0.0867979
5.48721 0.0872107
5.48721 0.0872107
5.48753 0.0875302
5.48785 0.0878453
5.48873 0.0887291
5.48911 0.0891064
5.48996 0.0899547
5.4918 0.0918027
5.49212 0.0921222
5.49254 0.0925096
5.49285 0.0928501
5.49414 0.0941382
5.49536 0.0953598
5.49577 0.0957726
5.49802 0.0980205
5.50064 0.100642
5.50133 0.101334
5.50206 0.102058
5.50238 0.102378
5.50325 0.043225
5.50325 0.043225
5.50325 0.043225
5.50357 0.04354
5.50357 0.0432205
5.50357 0.0432205
5.50656 0.106562
5.50747 0.107473
5.50826 0.108259
5.51004 0.110015
5.51101 0.111013
5.51158 0.111581
5.5119 0.111901
5.51549 0.115482
5.51736 0.117361
5.51936 0.119356
5.52086 0.120861
5.52255 0.122549
5.52309 0.123087
5.52325 0.0432327
5.52325 0.0432327
5.52325 0.0432327
5.52356 0.0435478
5.52356 0.0432282
5.52356 0.0432282
5.52596 0.125965
5.52843 0.12843
5.53273 0.132731
5.53305 0.133051
5.5339 0.133899
5.53534 0.135338
5.53668 0.136684
5.54344 0.0434119
5.54357 0.0432208
5.54357 0.0432208
5.54357 0.0432208
5.54392 0.0435669
5.54392 0.0432474
5.54392 0.0432474
5.54498 0.0449524
5.54767 0.0476359
5.54876 0.048733
5.55306 0.153064
5.5546 0.154597
5.55672 0.0566899
5.55672 0.0566899
5.55704 0.0570094
5.55748 0.0574533
5.55892 0.0588926
5.55924 0.0592163
5.56022 0.0601848
5.56053 0.0605043
5.56053 0.0605085
5.56113 0.0611037
5.56192 0.0618898
5.56224 0.16224
5.56256 0.162559
5.56288 0.0628582
5.56326 0.0432313
5.56326 0.0432313
5.56326 0.0432313
5.56361 0.0635761
5.56373 0.0437103
5.56373 0.0433908
5.56373 0.0433908
5.5643 0.0642771
5.56559 0.0655821
5.56612 0.0660981
5.56719 0.16719
5.57286 0.0728292
5.57461 0.0745795
5.57493 0.0749147
5.57914 0.0791065
5.57946 0.079426
5.58018 0.0801499
5.5805 0.0804694
5.58125 0.0812244
5.58157 0.0815439
5.58157 0.0815439
5.58332 0.0832942
5.58332 0.0832942
5.58364 0.0836137
5.58377 0.0437622
5.58377 0.0437622
5.58377 0.0437622
5.58377 0.0437622
5.58377 0.0434427
5.58377 0.0434427
5.5839 0.0435711
5.5854 0.0853719
5.58572 0.0856914
5.5861 0.0860731
5.58683 0.086797
5.58724 0.0872098
5.58724 0.0872098
5.58756 0.0875293
5.58788 0.0878531
5.58876 0.0887282
5.58914 0.0891142
5.58999 0.0899624
5.5918 0.0917707
5.59212 0.0920902
5.59253 0.0925087
5.59285 0.0928268
5.59417 0.0941374
5.59539 0.0953589
5.5958 0.0957717
5.59805 0.0980197
5.60067 0.100641
5.60136 0.101334
5.60209 0.102057
5.60241 0.102377
5.60325 0.0432241
5.60325 0.0432241
5.60325 0.0432241
5.60357 0.0435391
5.60357 0.0432196
5.60357 0.0432196
5.60659 0.106561
5.6075 0.107472
5.60829 0.108258
5.61004 0.110014
5.61104 0.111012
5.61161 0.11158
5.61193 0.1119
5.61552 0.115489
5.61739 0.11736
5.61939 0.119363
5.62089 0.120861
5.62258 0.122549
5.62312 0.123086
5.62324 0.0432319
5.62324 0.0432319
5.62324 0.0432319
5.62356 0.0435469
5.62356 0.0432274
5.62356 0.0432274
5.62599 0.125964
5.62846 0.12843
5.63276 0.13273
5.63308 0.13305
5.63393 0.133898
5.63537 0.135337
5.63671 0.136683
5.64344 0.043411
5.64357 0.0432199
5.64357 0.0432199
5.64357 0.0432199
5.64392 0.043566
5.64392 0.0432465
5.64392 0.0432465
5.64498 0.0449516
5.64766 0.047635
5.64876 0.0487321
5.65309 0.153063
5.65463 0.154596
5.65672 0.056689
5.65672 0.056689
5.65704 0.0570085
5.65748 0.0574524
5.65892 0.0588917
5.65924 0.0592241
5.66021 0.0601839
5.66053 0.0605034
5.66053 0.0605163
5.66113 0.0611028
5.66192 0.0618889
5.66224 0.162208
5.66256 0.162527
5.66288 0.0628522
5.66325 0.0432305
5.66325 0.0432305
5.66325 0.0432305
5.6636 0.0635752
5.66373 0.0437095
5.66373 0.04339
5.66373 0.04339
5.6643 0.0642849
5.66559 0.0655843
5.66612 0.0661058
5.66722 0.167189
5.67286 0.0728283
5.67461 0.0745786
5.67493 0.0749259
5.67914 0.0791056
5.67945 0.0794252
5.68018 0.080149
5.6805 0.0804685
5.68125 0.0812235
5.68157 0.081543
5.68157 0.081543
5.68332 0.0832933
5.68332 0.0832933
5.68364 0.0836128
5.68377 0.0437613
5.68377 0.0437613
5.68377 0.0437613
5.68377 0.0437613
5.68377 0.0434418
5.68377 0.0434418
5.6839 0.0435702
5.6854 0.085371
5.68572 0.0856905
5.6861 0.0860722
5.68683 0.0867961
5.68724 0.0872089
5.68724 0.0872089
5.68756 0.0875284
5.68788 0.0878608
5.68876 0.0887273
5.68914 0.0891219
5.68996 0.0899391
5.6918 0.0917698
5.69212 0.0920893
5.69253 0.0925078
5.69285 0.0928345
5.69417 0.0941365
5.69539 0.095358
5.6958 0.0957708
5.69805 0.0980188
5.70067 0.10064
5.70136 0.101333
5.70209 0.102057
5.70241 0.102376
5.70325 0.0432232
5.70325 0.0432232
5.70325 0.0432232
5.70356 0.0435382
5.70356 0.0432187
5.70356 0.0432187
5.70659 0.10656
5.7075 0.107471
5.70829 0.108257
5.71004 0.110013
5.71104 0.111011
5.71161 0.111579
5.71193 0.111899
5.71551 0.115497
5.71739 0.117359
5.71939 0.119371
5.72089 0.12086
5.72258 0.122548
5.72311 0.123085
5.72324 0.043231
5.72324 0.043231
5.72324 0.043231
5.72356 0.043546
5.72356 0.0432265
5.72356 0.0432265
5.72599 0.125963
5.72846 0.128429
5.73276 0.132729
5.73308 0.133049
5.73393 0.133897
5.73537 0.135336
5.73671 0.136682
5.74344 0.0434102
5.74357 0.043219
5.74357 0.043219
5.74357 0.043219
5.74391 0.0435652
5.74391 0.0432457
5.74391 0.0432457
5.74498 0.0449507
5.74766 0.0476341
5.74876 0.0487312
5.75312 0.153093
5.75462 0.154595
5.75672 0.0566881
5.75672 0.0566881
5.75704 0.0570076
5.75748 0.0574515
5.75892 0.0588908
5.75924 0.0592318
5.76021 0.060183
5.76053 0.0605025
5.76053 0.060524
5.76113 0.0611019
5.76192 0.061888
5.76224 0.162207
5.76256 0.162526
5.76288 0.0628461
5.76325 0.0432296
5.76325 0.0432296
5.76325 0.0432296
5.7636 0.0635744
5.76373 0.0437086
5.76373 0.0433891
5.76373 0.0433891
5.76427 0.0642615
5.76561 0.0655865
5.76612 0.0661136
5.76722 0.167188
5.77286 0.0728275
5.77464 0.0746089
5.77496 0.0749371
5.77913 0.0791048
5.77945 0.0794243
5.78018 0.0801481
5.7805 0.0804676
5.78125 0.0812226
5.78157 0.0815421
5.78157 0.0815421
5.78332 0.0832924
5.78332 0.0832924
5.78364 0.0836119
5.78377 0.0437604
5.78377 0.0437604
5.78377 0.0437604
5.78377 0.0437604
5.78377 0.0434409
5.78377 0.0434409
5.7839 0.0435693
5.7854 0.0853701
5.78572 0.0856897
5.7861 0.0860714
5.78682 0.0867952
5.78724 0.087208
5.78724 0.087208
5.78756 0.0875276
5.78788 0.0878686
5.78876 0.0887264
5.78911 0.0890986
5.78995 0.0899468
5.7918 0.0917689
5.79212 0.0920884
5.79253 0.092507
5.79285 0.0928423
5.79416 0.0941356
5.79539 0.0953571
5.7958 0.0957699
5.79805 0.0980179
5.80067 0.100639
5.80136 0.101332
5.80208 0.102056
5.8024 0.102375
5.80325 0.0432223
5.80325 0.0432223
5.80325 0.0432223
5.80359 0.0435684
5.80359 0.0432489
5.80359 0.0432489
5.80659 0.10656
5.8075 0.10747
5.80828 0.108256
5.81004 0.110012
5.81104 0.11101
5.81161 0.111579
5.81193 0.111898
5.81551 0.115505
5.81739 0.117358
5.81935 0.119348
5.82089 0.120859
5.82258 0.122547
5.82311 0.123084
5.82324 0.0432301
5.82324 0.0432301
5.82324 0.0432301
5.82356 0.0435451
5.82356 0.0432256
5.82356 0.0432256
5.82599 0.125962
5.82846 0.128428
5.83276 0.132729
5.83308 0.133048
5.83393 0.133896
5.83536 0.135336
5.83671 0.136682
5.84344 0.0434093
5.84357 0.0432182
5.84357 0.0432182
5.84357 0.0432182
5.84391 0.0435643
5.84391 0.0432448
5.84391 0.0432448
5.84498 0.0449498
5.84766 0.0476332
5.84876 0.0487303
5.85312 0.153093
5.85462 0.154594
5.85672 0.0566872
5.85672 0.0566872
5.85703 0.0570067
5.85748 0.0574507
5.85892 0.0588899
5.85924 0.0592085
5.86021 0.0601821
5.86053 0.0605016
5.86053 0.0605007
5.86113 0.0611011
5.86192 0.0618871
5.86223 0.162206
5.86255 0.162525
5.86287 0.0628712
5.86325 0.0432287
5.86325 0.0432287
5.86325 0.0432287
5.8636 0.0635735
5.86373 0.0437077
5.86373 0.0433882
5.86373 0.0433882
5.8643 0.0642693
5.86558 0.0655577
5.86612 0.0660902
5.86722 0.167187
5.87285 0.0728266
5.8746 0.0745769
5.87492 0.0749172
5.87913 0.0791039
5.87945 0.0794234
5.88018 0.0801472
5.88049 0.0804668
5.88125 0.0812217
5.88157 0.0815412
5.88157 0.0815412
5.88332 0.0832915
5.88332 0.0832915
5.88364 0.083611
5.88377 0.0437595
5.88377 0.0437595
5.88377 0.0437595
5.88377 0.0437595
5.88377 0.04344
5.88377 0.04344
5.8839 0.0435684
5.8854 0.0853693
5.88572 0.0856888
5.8861 0.0860705
5.88685 0.0868254
5.88724 0.0872072
5.88724 0.0872072
5.88755 0.0875267
5.88787 0.0878452
5.88875 0.0887256
5.88914 0.0891063
5.88998 0.0899546
5.8918 0.091768
5.89212 0.0920876
5.89253 0.0925061
5.89285 0.0928189
5.89416 0.0941347
5.89538 0.0953562
5.8958 0.0957691
5.89804 0.098017
5.90067 0.100638
5.90136 0.101331
5.90208 0.102055
5.9024 0.102374
5.90325 0.0432214
5.90325 0.0432214
5.90325 0.0432214
5.90359 0.0435676
5.90359 0.0432481
5.90359 0.0432481
5.90659 0.106559
5.9075 0.107469
5.90828 0.108255
5.91003 0.110011
5.91104 0.111009
5.91161 0.111578
5.91193 0.111897
5.91551 0.115482
5.91739 0.117357
5.91938 0.119355
5.92089 0.120858
5.92257 0.122546
5.92311 0.123083
5.92324 0.0432292
5.92324 0.0432292
5.92324 0.0432292
5.92355 0.0435442
5.92355 0.0432247
5.92355 0.0432247
5.92599 0.125961
5.92845 0.128427
5.93276 0.132728
5.93308 0.133047
5.93392 0.133895
5.93536 0.135335
5.93671 0.136681
5.94347 0.0434395
5.9436 0.0432484
5.9436 0.0432484
5.9436 0.0432484
5.94391 0.0435634
5.94391 0.0432439
5.94391 0.0432439
5.94498 0.0449489
5.94766 0.0476323
5.94876 0.0487294
5.95312 0.153092
5.95462 0.154593
5.95671 0.0566864
5.95671 0.0566864
5.95703 0.0570059
5.95748 0.0574498
5.95892 0.058889
5.95924 0.0592162
5.96021 0.0601812
5.96053 0.0605007
5.96053 0.0605084
5.96113 0.0611002
5.96191 0.0618862
5.96223 0.162205
5.96255 0.162524
5.96287 0.0628651
5.96325 0.0432278
5.96325 0.0432278
5.96325 0.0432278
5.9636 0.0635726
5.96373 0.0437068
5.96373 0.0433873
5.96373 0.0433873
5.9643 0.064277
5.96558 0.0655599
5.96612 0.066098
5.96721 0.167187
5.97285 0.0728257
5.9746 0.074576
5.97492 0.0748974
5.97913 0.079103
5.97945 0.0794225
5.98017 0.0801464
5.98049 0.0804659
5.98125 0.0812208
5.98157 0.0815403
5.98157 0.0815403
5.98332 0.0832906
5.98332 0.0832906
5.98364 0.0836101
5.98377 0.0437587
5.98377 0.0437587
5.98377 0.0437587
5.98377 0.0437587
5.98377 0.0434392
5.98377 0.0434392
5.98389 0.0435675
5.9854 0.0853684
5.98571 0.0856879
5.9861 0.0860696
5.98685 0.0868246
5.98723 0.0872063
5.98755 0.0875258
5.98755 0.0875258
5.98787 0.087853
5.98875 0.0887247
5.98913 0.0891141
5.98995 0.0899313
5.99179 0.0917672
5.99211 0.0920867
5.99253 0.0925052
5.99285 0.0928267
5.99416 0.0941338
5.99538 0.0953554
5.9958 0.0957682
5.99804 0.0980161
6.00066 0.100637
6.00136 0.10133
6.00208 0.102054
6.0024 0.102373
6.00324 0.0432206
6.00324 0.0432206
6.00324 0.0432206
6.00359 0.0435667
6.00359 0.0432472
6.00359 0.0432472
6.00659 0.106565
6.0075 0.107475
6.00829 0.108262
6.01004 0.110018
6.01107 0.111047
6.01161 0.111584
6.01193 0.111903
6.01552 0.115497
6.01739 0.117364
6.01939 0.11937
6.02086 0.120833
6.02258 0.122552
6.02312 0.123089
6.02324 0.0432355
6.02324 0.0432355
6.02324 0.0432355
6.02356 0.0435505
6.02356 0.043231
6.02356 0.043231
6.02599 0.125967
6.02846 0.128433
6.03276 0.132734
6.03308 0.133053
6.03393 0.133902
6.03537 0.135341
6.03671 0.136687
6.04347 0.0434458
6.0436 0.0432547
6.0436 0.0432547
6.0436 0.0432547
6.04392 0.0435697
6.04392 0.0432502
6.04392 0.0432502
6.04498 0.0449552
6.04766 0.0476386
6.04876 0.0487357
6.05313 0.153098
6.05463 0.154599
6.05672 0.0566926
6.05672 0.0566926
6.05704 0.0570121
6.05748 0.0574561
6.05895 0.0589264
6.05927 0.0592623
6.06021 0.0601875
6.06053 0.060507
6.06053 0.0605234
6.06113 0.0611065
6.06192 0.0618925
6.06224 0.162211
6.06256 0.162531
6.06288 0.0628662
6.06329 0.0432652
6.06329 0.0432652
6.06329 0.0432652
6.06361 0.0635789
6.06373 0.0437131
6.06373 0.0433936
6.06373 0.0433936
6.0643 0.064292
6.06562 0.0656004
6.06615 0.066144
6.06722 0.167193
6.07289 0.0728631
6.07464 0.0746134
6.07496 0.0749469
6.07917 0.0791404
6.07949 0.0794599
6.08018 0.0801527
6.0805 0.0804722
6.08125 0.0812271
6.08157 0.0815466
6.08157 0.0815466
6.08332 0.0832969
6.08332 0.0832969
6.08364 0.0836164
6.08377 0.0437649
6.08377 0.0437649
6.08377 0.0437649
6.08377 0.0437649
6.08377 0.0434454
6.08377 0.0434454
6.0839 0.0435738
6.08543 0.0854058
6.08543 0.0854058
6.08612 0.0860985
6.08685 0.0868224
6.08723 0.0872041
6.08755 0.0875236
6.08787 0.0878431
6.08787 0.0878595
6.08875 0.0887225
6.08916 0.0891517
6.08998 0.0899688
6.09182 0.0917961
6.09214 0.0921156
6.09255 0.0925341
6.09287 0.0928643
6.09419 0.0941628
6.09541 0.0953843
6.09579 0.095766
6.09804 0.0980139
6.10069 0.100666
6.10142 0.10139
6.10211 0.102083
6.10243 0.102402
6.10327 0.0432495
6.10327 0.0432495
6.10327 0.0432495
6.10359 0.0435645
6.10359 0.043245
6.10359 0.043245
6.10658 0.106556
6.10749 0.107466
6.10828 0.108252
6.11003 0.110008
6.11106 0.111037
6.1116 0.111575
6.11192 0.111894
6.11551 0.115496
6.11738 0.117354
6.11938 0.11937
6.12088 0.120855
6.1226 0.122574
6.12311 0.12308
6.12327 0.0432572
6.12327 0.0432572
6.12327 0.0432572
6.12358 0.0435723
6.12358 0.0432528
6.12358 0.0432528
6.12598 0.125958
6.12842 0.128393
6.13272 0.132694
6.13304 0.133013
6.13392 0.133892
6.13536 0.135332
6.13673 0.136709
6.14346 0.0434364
6.14359 0.0432453
6.14359 0.0432453
6.14359 0.0432453
6.14391 0.0435603
6.14391 0.0432408
6.14391 0.0432408
6.145 0.044977
6.14769 0.0476604
6.14878 0.0487575
6.15311 0.153089
6.15462 0.15459
6.15674 0.0567144
6.15674 0.0567144
6.15706 0.0570339
6.1575 0.0574778
6.15894 0.0589171
6.15926 0.0592616
6.1602 0.0601782
6.16052 0.0604977
6.16052 0.0605227
6.16115 0.0611282
6.16194 0.0619143
6.16226 0.162233
6.16258 0.162552
6.1629 0.0628828
6.16328 0.0432559
6.16328 0.0432559
6.16328 0.0432559
6.1636 0.0635695
6.16372 0.0437038
6.16372 0.0433843
6.16372 0.0433843
6.16426 0.0642601
6.16561 0.0655942
6.16611 0.0661122
6.16721 0.167184
6.17288 0.0728537
6.1746 0.0745729
6.17492 0.0748874
6.17919 0.0791621
6.17951 0.0794817
6.1802 0.0801744
6.18052 0.0804939
6.18124 0.0812178
6.18156 0.0815373
6.18156 0.0815373
6.18331 0.0832876
6.18331 0.0832876
6.18363 0.0836071
6.18376 0.0437556
6.18376 0.0437556
6.18376 0.0437556
6.18376 0.0437556
6.18376 0.0434361
6.18376 0.0434361
6.18389 0.0435645
6.18542 0.0853964
6.18574 0.0857159
6.18612 0.0860976
6.18682 0.0867904
6.18723 0.0872032
6.18755 0.0875227
6.18787 0.0878422
6.18787 0.0878672
6.18875 0.0887216
6.18913 0.0891283
6.18998 0.0899766
6.19182 0.0917952
6.19214 0.0921147
6.19255 0.0925332
6.19287 0.092872
6.19419 0.0941619
6.19541 0.0953834
6.19579 0.0957651
6.19807 0.0980442
6.20066 0.100634
6.20141 0.101389
6.20208 0.102051
6.2024 0.10237
6.20327 0.0432486
6.20327 0.0432486
6.20327 0.0432486
6.20359 0.0435636
6.20359 0.0432441
6.20359 0.0432441
6.20658 0.106555
6.20749 0.107465
6.20828 0.108251
6.21003 0.110007
6.21103 0.111005
6.21157 0.111543
6.21189 0.111862
6.2155 0.115504
6.21735 0.117322
6.21935 0.119346
6.22088 0.120854
6.22257 0.122542
6.2231 0.123079
6.22326 0.0432564
6.22326 0.0432564
6.22326 0.0432564
6.22358 0.0435714
6.22358 0.0432519
6.22358 0.0432519
6.22598 0.125957
6.22845 0.128423
6.23275 0.132724
6.23307 0.133043
6.23392 0.133892
6.23536 0.135331
6.2367 0.136677
6.24346 0.0434356
6.24359 0.0432444
6.24359 0.0432444
6.24359 0.0432444
6.2439 0.0435595
6.2439 0.04324
6.2439 0.04324
6.245 0.0449761
6.24768 0.0476595
6.24878 0.0487566
6.25311 0.153088
6.25461 0.154589
6.25674 0.0567135
6.25674 0.0567135
6.25706 0.057033
6.2575 0.0574769
6.25894 0.0589162
6.25926 0.0592382
6.2602 0.0601773
6.26052 0.0604968
6.26052 0.0604993
6.26115 0.0611273
6.26194 0.0619134
6.26226 0.162232
6.26258 0.162552
6.2629 0.0628767
6.26327 0.043255
6.26327 0.043255
6.26327 0.043255
6.26359 0.0635687
6.26372 0.0437029
6.26372 0.0433834
6.26372 0.0433834
6.26429 0.0642679
6.2656 0.0656004
6.26614 0.06612
6.26721 0.167183
6.27288 0.0728529
6.2746 0.074572
6.27492 0.0748986
6.27919 0.0791613
6.27951 0.0794808
6.2802 0.0801735
6.28052 0.080493
6.28124 0.0812169
6.28156 0.0815364
6.28156 0.0815364
6.28331 0.0832867
6.28331 0.0832867
6.28363 0.0836062
6.28376 0.0437547
6.28376 0.0437547
6.28376 0.0437547
6.28376 0.0437547
6.28376 0.0434352
6.28376 0.0434352
6.28389 0.0435636
6.28542 0.0853955
6.28574 0.085715
6.28612 0.0860968
6.28681 0.0867895
6.28723 0.0872023
6.28755 0.0875218
6.28787 0.0878413
6.28787 0.0878439
6.28875 0.0887207
6.28916 0.0891361
6.29001 0.0899843
6.29182 0.0917943
6.29214 0.0921138
6.29255 0.0925323
6.29287 0.0928487
6.29419 0.094161
6.29541 0.0953825
6.29579 0.0957642
6.29807 0.0980433
6.30066 0.100633
6.30141 0.101388
6.30207 0.10205
6.30239 0.10237
6.30327 0.0432477
6.30327 0.0432477
6.30327 0.0432477
6.30358 0.0435627
6.30358 0.0432432
6.30358 0.0432432
6.30658 0.106554
6.30749 0.107464
6.30828 0.10825
6.31003 0.110006
6.31103 0.111004
6.31157 0.111542
6.31189 0.111861
6.3155 0.11548
6.31738 0.117352
6.31938 0.119354
6.32088 0.120853
6.3226 0.122572
6.3231 0.123078
6.32326 0.0432555
6.32326 0.0432555
6.32326 0.0432555
6.32358 0.0435705
6.32358 0.043251
6.32358 0.043251
6.32598 0.125956
6.32845 0.128422
6.33275 0.132723
6.33307 0.133042
6.33392 0.133891
6.33535 0.13533
6.3367 0.136676
6.34346 0.0434347
6.34359 0.0432436
6.34359 0.0432436
6.34359 0.0432436
6.3439 0.0435586
6.3439 0.0432391
6.3439 0.0432391
6.345 0.0449752
6.34768 0.0476586
6.34878 0.0487557
6.35311 0.153087
6.35461 0.154588
6.35674 0.0567126
6.35674 0.0567126
6.35706 0.0570321
6.3575 0.0574761
6.35894 0.0589153
6.35926 0.059246
6.3602 0.0601764
6.36052 0.0604959
6.36052 0.0605071
6.36115 0.0611265
6.36194 0.0619125
6.36226 0.162231
6.36258 0.162551
6.36289 0.0628707
6.36327 0.0432541
6.36327 0.0432541
6.36327 0.0432541
6.36359 0.0635678
6.36372 0.043702
6.36372 0.0433825
6.36372 0.0433825
6.36429 0.0642757
6.3656 0.0656026
6.36614 0.0661277
6.36721 0.167182
6.37288 0.072852
6.3746 0.0745712
6.37491 0.0749099
6.37918 0.0791604
6.3795 0.0794799
6.3802 0.0801726
6.38052 0.0804922
6.38124 0.081216
6.38156 0.0815355
6.38156 0.0815355
6.38331 0.0832858
6.38363 0.0836053
6.38363 0.0836053
6.38376 0.0437538
6.38376 0.0437538
6.38376 0.0437538
6.38376 0.0437538
6.38376 0.0434343
6.38376 0.0434343
6.38389 0.0435627
6.38542 0.0853947
6.38574 0.0857142
6.38612 0.0860959
6.38681 0.0867886
6.38723 0.0872015
6.38754 0.087521
6.38786 0.0878405
6.38786 0.0878516
6.38874 0.0887198
6.38916 0.0891438
6.39 0.0899921
6.39182 0.0917934
6.39214 0.0921129
6.39255 0.0925315
6.39287 0.0928564
6.39418 0.0941601
6.39541 0.0953816
6.39579 0.0957633
6.39807 0.0980424
6.40066 0.100633
6.40141 0.101387
6.40207 0.102049
6.40239 0.102369
6.40327 0.0432468
6.40327 0.0432468
6.40327 0.0432468
6.40358 0.0435618
6.40358 0.0432423
6.40358 0.0432423
6.40658 0.106553
6.40749 0.107463
6.40827 0.10825
6.41002 0.110006
6.41103 0.111004
6.4116 0.111572
6.41192 0.111891
6.4155 0.115488
6.41738 0.117352
6.41937 0.119362
6.42088 0.120852
6.4226 0.122571
6.4231 0.123077
6.42326 0.0432546
6.42326 0.0432546
6.42326 0.0432546
6.42358 0.0435696
6.42358 0.0432501
6.42358 0.0432501
6.42598 0.125955
6.42845 0.128421
6.43275 0.132722
6.43307 0.133041
6.43391 0.13389
6.43535 0.135329
6.4367 0.136675
6.44346 0.0434338
6.44359 0.0432427
6.44359 0.0432427
6.44359 0.0432427
6.4439 0.0435577
6.4439 0.0432382
6.4439 0.0432382
6.445 0.0449743
6.44768 0.0476577
6.44878 0.0487548
6.45311 0.153086
6.45461 0.154587
6.45673 0.0567117
6.45673 0.0567117
6.45705 0.0570313
6.4575 0.0574752
6.45894 0.0589144
6.45926 0.0592537
6.4602 0.0601755
6.46052 0.060495
6.46052 0.0605148
6.46115 0.0611256
6.46193 0.0619116
6.46225 0.16223
6.46257 0.16255
6.46289 0.0628646
6.46327 0.0432532
6.46327 0.0432532
6.46327 0.0432532
6.46359 0.0635669
6.46372 0.0437011
6.46372 0.0433816
6.46372 0.0433816
6.46426 0.0642523
6.46563 0.0656048
6.46614 0.0661355
6.4672 0.167181
6.47287 0.0728511
6.47459 0.0745703
6.47491 0.07489
6.47918 0.0791595
6.4795 0.079479
6.48019 0.0801718
6.48051 0.0804913
6.48124 0.0812151
6.48156 0.0815346
6.48156 0.0815346
6.48331 0.0832849
6.48363 0.0836044
6.48363 0.0836044
6.48376 0.043753
6.48376 0.043753
6.48376 0.043753
6.48376 0.043753
6.48376 0.0434334
6.48376 0.0434334
6.48388 0.0435618
6.48542 0.0853938
6.48574 0.0857133
6.48612 0.086095
6.48681 0.0867878
6.48722 0.0872006
6.48754 0.0875201
6.48786 0.0878396
6.48786 0.0878594
6.48874 0.088719
6.48915 0.0891516
6.48997 0.0899688
6.49182 0.0917926
6.49214 0.0921121
6.49255 0.0925306
6.49287 0.0928642
6.49418 0.0941592
6.4954 0.0953808
6.49579 0.0957625
6.49806 0.0980415
6.50065 0.100632
6.50141 0.101387
6.50207 0.102048
6.50239 0.102368
6.50327 0.043246
6.50327 0.043246
6.50327 0.043246
6.50358 0.043561
6.50358 0.0432415
6.50358 0.0432415
6.50658 0.106552
6.50749 0.107463
6.50827 0.108249
6.51002 0.110005
6.51103 0.111003
6.51159 0.111571
6.51191 0.111891
6.5155 0.115496
6.51737 0.117351
6.51937 0.11937
6.52087 0.120851
6.52259 0.12257
6.5231 0.123077
6.52326 0.0432537
6.52326 0.0432537
6.52326 0.0432537
6.52357 0.0435687
6.52357 0.0432492
6.52357 0.0432492
6.52598 0.125955
6.52844 0.12842
6.53274 0.132721
6.53306 0.133041
6.53391 0.133889
6.53535 0.135328
6.5367 0.136674
6.54346 0.0434329
6.54358 0.0432418
6.54358 0.0432418
6.54358 0.0432418
6.5439 0.0435568
6.5439 0.0432373
6.5439 0.0432373
6.545 0.0449734
6.54768 0.0476568
6.54878 0.0487539
6.55311 0.153085
6.55461 0.154587
6.55673 0.0567109
6.55673 0.0567109
6.55705 0.0570304
6.5575 0.0574743
6.55894 0.0589135
6.55926 0.0592304
6.5602 0.0601746
6.56052 0.0604941
6.56052 0.0604915
6.56115 0.0611247
6.56193 0.0619108
6.56225 0.162229
6.56257 0.162549
6.56289 0.0628897
6.56327 0.0432523
6.56327 0.0432523
6.56327 0.0432523
6.56359 0.063566
6.56372 0.0437002
6.56372 0.0433807
6.56372 0.0433807
6.56428 0.0642601
6.56563 0.0656071
6.56614 0.0661122
6.5672 0.16718
6.57287 0.0728502
6.57459 0.0745694
6.57491 0.0749012
6.57918 0.0791586
6.5795 0.0794781
6.58019 0.0801709
6.58051 0.0804904
6.58124 0.0812142
6.58156 0.0815338
6.58156 0.0815338
6.58331 0.083284
6.58363 0.0836036
6.58363 0.0836036
6.58375 0.0437521
6.58375 0.0437521
6.58375 0.0437521
6.58375 0.0437521
6.58375 0.0434326
6.58375 0.0434326
6.58388 0.043561
6.58542 0.0853929
6.58573 0.0857124
6.58612 0.0860941
6.58681 0.0867869
6.58722 0.0871997
6.58754 0.0875192
6.58786 0.0878387
6.58786 0.087836
6.58874 0.0887181
6.58915 0.0891282
6.59 0.0899765
6.59181 0.0917917
6.59213 0.0921112
6.59255 0.0925297
6.59287 0.0928409
6.59418 0.0941583
6.5954 0.0953799
6.59578 0.0957616
6.59806 0.0980406
6.60065 0.100631
6.60141 0.101386
6.60207 0.102047
6.60239 0.102367
6.60326 0.0432451
6.60326 0.0432451
6.60326 0.0432451
6.60358 0.0435601
6.60358 0.0432406
6.60358 0.0432406
6.60657 0.106551
6.60748 0.107462
6.60827 0.108248
6.61002 0.110004
6.61102 0.111002
6.61159 0.11157
6.61191 0.11189
6.61553 0.115504
6.61737 0.11735
6.61937 0.119346
6.62087 0.12085
6.62259 0.12257
6.6231 0.123076
6.62326 0.0432528
6.62326 0.0432528
6.62326 0.0432528
6.62357 0.0435679
6.62357 0.0432484
6.62357 0.0432484
6.62598 0.125954
6.62844 0.128419
6.63274 0.13272
6.63306 0.13304
6.63391 0.133888
6.63535 0.135327
6.6367 0.136673
6.64345 0.043432
6.64358 0.0432409
6.64358 0.0432409
6.64358 0.0432409
6.64393 0.043587
6.64393 0.0432675
6.64393 0.0432675
6.64499 0.0449725
6.64768 0.047656
6.64877 0.0487531
6.65311 0.153084
6.65461 0.154586
6.65673 0.05671
6.65673 0.05671
6.65705 0.0570295
6.65749 0.0574734
6.65893 0.0589127
6.65925 0.0592382
6.6602 0.0601738
6.66051 0.0604933
6.66051 0.0604993
6.66115 0.0611238
6.66193 0.0619099
6.66225 0.162229
6.66257 0.162548
6.66289 0.0628836
6.66327 0.0432515
6.66327 0.0432515
6.66327 0.0432515
6.66359 0.0635651
6.66371 0.0436994
6.66371 0.0433798
6.66371 0.0433798
6.66428 0.0642678
6.66563 0.0656093
6.66614 0.0661199
6.6672 0.167179
6.67287 0.0728493
6.67459 0.0745685
6.67491 0.0748813
6.67918 0.0791577
6.6795 0.0794772
6.68019 0.08017
6.68051 0.0804895
6.68123 0.0812134
6.68155 0.0815329
6.68155 0.0815329
6.6833 0.0832832
6.68362 0.0836027
6.68362 0.0836027
6.68375 0.0437512
6.68375 0.0437512
6.68375 0.0437512
6.68375 0.0437512
6.68375 0.0434317
6.68375 0.0434317
6.68388 0.0435601
6.68541 0.085392
6.68573 0.0857115
6.68611 0.0860932
6.68681 0.086786
6.68722 0.0871988
6.68754 0.0875183
6.68786 0.0878378
6.68786 0.0878438
6.68874 0.0887172
6.68915 0.089136
6.69 0.0899843
6.69181 0.0917908
6.69213 0.0921103
6.69254 0.0925288
6.69286 0.0928486
6.69418 0.0941575
6.6954 0.095379
6.69578 0.0957607
6.69806 0.0980398
6.70065 0.10063
6.70141 0.101385
6.70207 0.102046
6.70239 0.102366
6.70326 0.0432442
6.70326 0.0432442
6.70326 0.0432442
6.70358 0.0435592
6.70358 0.0432397
6.70358 0.0432397
6.70657 0.10655
6.70748 0.107461
6.70827 0.108247
6.71005 0.110034
6.71102 0.111001
6.71159 0.111569
6.71191 0.111889
6.7155 0.11548
6.71737 0.117349
6.71937 0.119354
6.72087 0.12085
6.72259 0.122569
6.7231 0.123075
6.72326 0.043252
6.72326 0.043252
6.72326 0.043252
6.72357 0.043567
6.72357 0.0432475
6.72357 0.0432475
6.72597 0.125953
6.72844 0.128419
6.73274 0.132719
6.73306 0.133039
6.73391 0.133887
6.73535 0.135326
6.73672 0.136703
6.74345 0.0434312
6.74358 0.04324
6.74358 0.04324
6.74358 0.04324
6.74393 0.0435862
6.74393 0.0432666
6.74393 0.0432666
6.74499 0.0449717
6.74768 0.0476551
6.74877 0.0487522
6.7531 0.153083
6.75461 0.154585
6.75673 0.0567091
6.75673 0.0567091
6.75705 0.0570286
6.75749 0.0574725
6.75893 0.0589118
6.75925 0.0592459
6.76019 0.0601729
6.76051 0.0604924
6.76051 0.060507
6.76114 0.0611229
6.76193 0.061909
6.76225 0.162228
6.76257 0.162547
6.76289 0.0628775
6.76327 0.0432506
6.76327 0.0432506
6.76327 0.0432506
6.76358 0.0635643
6.76371 0.0436985
6.76371 0.043379
6.76371 0.043379
6.76428 0.0642756
6.76563 0.0656115
6.76613 0.0661277
6.7672 0.167178
6.77287 0.0728484
6.77459 0.0745676
6.77491 0.0748925
6.77918 0.0791569
6.7795 0.0794764
6.78019 0.0801691
6.78051 0.0804886
6.78123 0.0812125
6.78155 0.081532
6.78155 0.081532
6.78333 0.0833134
6.78333 0.0833134
6.78333 0.0833134
6.78346 0.0434619
6.78346 0.0434619
6.78346 0.0434619
6.78359 0.0435903
6.78359 0.0432708
6.78359 0.0432708
6.7854 0.0853827
6.78572 0.0857022
6.78614 0.086115
6.78683 0.0868077
6.78721 0.0871895
6.78753 0.087509
6.78785 0.0878285
6.78785 0.0878431
6.78876 0.088739
6.78914 0.0891353
6.78999 0.0899836
6.7918 0.0917814
6.79212 0.092101
6.79253 0.0925195
6.79285 0.0928479
6.79417 0.0941481
6.79542 0.0954007
6.79577 0.0957514
6.79805 0.0980304
6.80067 0.100652
6.8014 0.101375
6.80206 0.102037
6.80238 0.102357
6.80328 0.0432659
6.80328 0.0432659
6.80328 0.0432659
6.8036 0.043581
6.8036 0.0432615
6.8036 0.0432615
6.80656 0.106541
6.80747 0.107451
6.80826 0.108238
6.81004 0.110025
6.81104 0.111023
6.81158 0.11156
6.8119 0.111879
6.81549 0.11548
6.81736 0.11734
6.81936 0.119353
6.82086 0.12084
6.82258 0.122559
6.82312 0.123097
6.82325 0.0432426
6.82325 0.0432426
6.82325 0.0432426
6.82356 0.0435576
6.82356 0.0432381
6.82356 0.0432381
6.826 0.125975
6.82843 0.128409
6.83276 0.132741
6.83308 0.133061
6.83393 0.133909
6.83534 0.135317
6.83671 0.136694
6.84347 0.0434529
6.8436 0.0432618
6.8436 0.0432618
6.8436 0.0432618
6.84392 0.0435768
6.84392 0.0432573
6.84392 0.0432573
6.84498 0.0449623
6.84767 0.0476457
6.84879 0.0487739
6.85309 0.153074
6.8546 0.154575
6.85672 0.0566998
6.85672 0.0566998
6.85704 0.0570193
6.85748 0.0574632
6.85892 0.0589024
6.85924 0.0592141
6.86021 0.0601946
6.86053 0.0605141
6.86053 0.0605063
6.86113 0.0611136
6.86192 0.0618997
6.86224 0.162218
6.86256 0.162538
6.86288 0.062863
6.86326 0.0432412
6.86326 0.0432412
6.86326 0.0432412
6.86361 0.063586
6.86373 0.0437202
6.86373 0.0434007
6.86373 0.0434007
6.8643 0.0642749
6.86562 0.0656053
6.86615 0.066127
6.86719 0.167169
6.87286 0.0728391
6.87461 0.0745894
6.87493 0.0749264
6.87917 0.0791475
6.87949 0.079467
6.88018 0.0801598
6.8805 0.0804793
6.88122 0.0812031
6.88154 0.0815226
6.88154 0.0815226
6.88332 0.083304
6.88332 0.083304
6.88332 0.083304
6.88345 0.0434215
6.88345 0.0434215
6.88345 0.0434215
6.88361 0.0435809
6.88361 0.0432614
6.88361 0.0432614
6.88542 0.0854044
6.88542 0.0854044
6.88612 0.0860972
6.88681 0.0867899
6.88722 0.0872028
6.88754 0.0875223
6.88786 0.0878418
6.88786 0.0878339
6.88874 0.0887211
6.88918 0.0891572
6.89 0.0899744
6.89181 0.0917947
6.89213 0.0921142
6.89255 0.0925328
6.89287 0.0928387
6.89418 0.0941614
6.8954 0.0953829
6.89578 0.0957646
6.89806 0.0980437
6.90065 0.100634
6.90141 0.101389
6.90207 0.10205
6.90239 0.10237
6.90326 0.0432481
6.90326 0.0432481
6.90326 0.0432481
6.90358 0.0435631
6.90358 0.0432436
6.90358 0.0432436
6.90657 0.106554
6.90748 0.107465
6.90827 0.108251
6.91002 0.110007
6.91102 0.111005
6.91156 0.111542
6.91188 0.111862
6.91553 0.115501
6.91734 0.117322
6.91937 0.119344
6.92087 0.120853
6.92256 0.122542
6.9231 0.123079
6.92326 0.0432559
6.92326 0.0432559
6.92326 0.0432559
6.92357 0.0435709
6.92357 0.0432514
6.92357 0.0432514
6.92598 0.125957
6.92844 0.128422
6.93274 0.132723
6.93306 0.133043
6.93391 0.133891
6.93535 0.13533
6.9367 0.136676
6.94345 0.0434351
6.94358 0.043244
6.94358 0.043244
6.94358 0.043244
6.9439 0.043559
6.9439 0.0432395
6.9439 0.0432395
6.94499 0.0449756
6.94768 0.047659
6.94878 0.0487561
6.95311 0.153087
6.95461 0.154589
6.95673 0.056713
6.95673 0.056713
6.95705 0.0570326
6.9575 0.0574765
6.95893 0.0589157
6.95925 0.059236
6.9602 0.0601768
6.96052 0.0604963
6.96052 0.0604971
6.96115 0.0611269
6.96193 0.0619129
6.96225 0.162232
6.96257 0.162551
6.96289 0.0628711
6.96327 0.0432545
6.96327 0.0432545
6.96327 0.0432545
6.96359 0.0635682
6.96372 0.0437024
6.96372 0.0433829
6.96372 0.0433829
6.96428 0.0642657
6.9656 0.0655906
6.96614 0.0661178
6.9672 0.167182
6.97287 0.0728524
6.97459 0.0745716
6.97491 0.0748896
6.97918 0.0791608
6.9795 0.0794803
6.98019 0.0801731
6.98051 0.0804926
6.98124 0.0812164
6.98155 0.0815359
6.98155 0.0815359
6.98331 0.0832862
6.98331 0.0832862
6.98362 0.0836057
6.98375 0.0437231
6.98375 0.0437231
6.98375 0.0437231
6.98375 0.0437231
6.98375 0.0434036
6.98375 0.0434036
6.98388 0.043532
6.98541 0.0853951
6.98573 0.0857146
6.98612 0.0860963
6.98681 0.0867891
6.98722 0.0872019
6.98754 0.0875214
6.98786 0.0878409
6.98786 0.0878417
6.98874 0.0887203
6.98915 0.0891339
6.99 0.0899822
6.99181 0.0917939
6.99213 0.0921134
6.99255 0.0925319
6.99286 0.0928465
6.99418 0.0941605
6.9954 0.095382
6.99578 0.0957638
6.99806 0.0980428
7.00065 0.100633
7.00141 0.101388
7.00207 0.10205
7.00239 0.102369
7.00326 0.0432473
7.00326 0.0432473
7.00326 0.0432473
7.00358 0.0435623
7.00358 0.0432428
7.00358 0.0432428
7.00658 0.106561
7.00749 0.107471
7.00828 0.108257
7.01003 0.110013
7.01106 0.111042
7.0116 0.11158
7.01192 0.111899
7.0155 0.115485
7.01738 0.117359
7.01938 0.119359
7.02088 0.12086
7.0226 0.122579
7.0231 0.123085
7.02326 0.0432623
7.02326 0.0432623
7.02326 0.0432623
7.02358 0.0435773
7.02358 0.0432578
7.02358 0.0432578
7.02598 0.125963
7.02845 0.128429
7.03275 0.13273
7.03307 0.133049
7.03392 0.133897
7.03536 0.135337
7.0367 0.136683
7.04346 0.0434415
7.04359 0.0432504
7.04359 0.0432504
7.04359 0.0432504
7.04393 0.0435965
7.04393 0.043277
7.04393 0.043277
7.045 0.044982
7.04768 0.0476654
7.04878 0.0487625
7.05311 0.153094
7.05461 0.154595
7.05674 0.0567194
7.05674 0.0567194
7.05706 0.0570389
7.0575 0.0574829
7.05894 0.0589221
7.05926 0.0592511
7.0602 0.0601832
7.06052 0.0605027
7.06052 0.0605122
7.06115 0.0611333
7.06194 0.0619193
7.06226 0.162238
7.06258 0.162558
7.0629 0.0628723
7.06327 0.0432609
7.06327 0.0432609
7.06327 0.0432609
7.06359 0.0635746
7.06372 0.0437088
7.06372 0.0433893
7.06372 0.0433893
7.06429 0.0642808
7.06564 0.0656312
7.06617 0.0661639
7.06721 0.167189
7.07291 0.0728899
7.0746 0.074578
7.07492 0.0749081
7.07922 0.0791983
7.07954 0.0795178
7.0802 0.0801794
7.08052 0.0804989
7.08124 0.0812228
7.08156 0.0815423
7.08156 0.0815423
7.08331 0.0832926
7.08363 0.0836121
7.08363 0.0836121
7.08376 0.0437295
7.08376 0.0437295
7.08376 0.0437295
7.08376 0.0437295
7.08376 0.04341
7.08376 0.04341
7.08389 0.0435384
7.08545 0.0854326
7.08577 0.0857521
7.08615 0.0861338
7.08681 0.0867954
7.08723 0.0872083
7.08755 0.0875278
7.08787 0.0878473
7.08787 0.0878567
7.08871 0.0886955
7.08919 0.08918
7.09001 0.0899972
7.09182 0.0918002
7.09214 0.0921197
7.09255 0.0925383
7.09287 0.0928615
7.09419 0.0941669
7.09544 0.0954195
7.09579 0.0957701
7.09804 0.0980181
7.10066 0.100639
7.10144 0.101425
7.10207 0.102056
7.10239 0.102375
7.1033 0.0432847
7.1033 0.0432847
7.1033 0.0432847
7.10361 0.0435997
7.10361 0.0432802
7.10361 0.0432802
7.10658 0.10656
7.10749 0.10747
7.10827 0.108256
7.11002 0.110012
7.11103 0.11101
7.11157 0.111548
7.11189 0.111867
7.1155 0.115493
7.11735 0.117327
7.11938 0.119367
7.12088 0.120859
7.12257 0.122547
7.1231 0.123084
7.12326 0.0432614
7.12326 0.0432614
7.12326 0.0432614
7.12358 0.0435764
7.12358 0.0432569
7.12358 0.0432569
7.12598 0.125962
7.12841 0.128397
7.13272 0.132698
7.13304 0.133017
7.13391 0.133897
7.13535 0.135336
7.1367 0.136682
7.14349 0.0434717
7.14362 0.0432806
7.14362 0.0432806
7.14362 0.0432806
7.14393 0.0435956
7.14393 0.0432761
7.14393 0.0432761
7.145 0.0449811
7.14768 0.0476645
7.14881 0.0487927
7.15311 0.153093
7.15461 0.154594
7.15674 0.0567185
7.15674 0.0567185
7.15706 0.0570381
7.1575 0.057482
7.15894 0.0589212
7.15926 0.0592277
7.1602 0.0601823
7.16052 0.0605018
7.16052 0.0604888
7.16115 0.0611324
7.16194 0.0619184
7.16226 0.162237
7.16257 0.162557
7.16289 0.0628663
7.16327 0.04326
7.16327 0.04326
7.16327 0.04326
7.16359 0.0635737
7.16372 0.0437079
7.16372 0.0433884
7.16372 0.0433884
7.16429 0.0642574
7.16563 0.0656334
7.16617 0.0661406
7.16721 0.167188
7.17288 0.0728579
7.17459 0.0745771
7.17491 0.0748882
7.17921 0.0791974
7.17953 0.0795169
7.1802 0.0801786
7.18052 0.0804981
7.18121 0.0811908
7.18153 0.0815103
7.18153 0.0815103
7.18331 0.0832917
7.18363 0.0836112
7.18363 0.0836112
7.18376 0.0437286
7.18376 0.0437286
7.18376 0.0437286
7.18376 0.0437286
7.18376 0.0434091
7.18376 0.0434091
7.18389 0.0435375
7.18542 0.0854006
7.18574 0.0857201
7.18615 0.0861329
7.18681 0.0867946
7.18719 0.0871763
7.18751 0.0874958
7.18783 0.0878153
7.18783 0.0878023
7.18874 0.0887258
7.18919 0.0891567
7.19004 0.090005
7.19182 0.0917994
7.19214 0.0921189
7.19255 0.0925374
7.19287 0.0928382
7.19418 0.094166
7.19544 0.0954187
7.19576 0.0957382
7.19803 0.0980172
7.20066 0.100638
7.20144 0.101424
7.20207 0.102055
7.20239 0.102375
7.2033 0.0432839
7.2033 0.0432839
7.2033 0.0432839
7.20361 0.0435989
7.20361 0.0432794
7.20361 0.0432794
7.20655 0.106528
7.20746 0.107438
7.20827 0.108255
7.21002 0.110011
7.21103 0.11101
7.21156 0.111547
7.21188 0.111866
7.21553 0.115501
7.21734 0.117326
7.21937 0.119344
7.22084 0.120827
7.22256 0.122546
7.2231 0.123083
7.22329 0.0432605
7.22329 0.0432605
7.22329 0.0432605
7.22361 0.0435755
7.22361 0.043256
7.22361 0.043256
7.22598 0.125961
7.22844 0.128427
7.23275 0.132728
7.23306 0.133047
7.23391 0.133896
7.23535 0.135335
7.2367 0.136681
7.24349 0.0434708
7.24362 0.0432797
7.24362 0.0432797
7.24362 0.0432797
7.24393 0.0435947
7.24393 0.0432752
7.24393 0.0432752
7.245 0.0449802
7.24768 0.0476636
7.24881 0.0487918
7.25308 0.153061
7.25461 0.154593
7.25673 0.0567177
7.25673 0.0567177
7.25705 0.0570372
7.25753 0.0575122
7.25894 0.0589203
7.25926 0.0592355
7.2602 0.0601814
7.26052 0.0605009
7.26052 0.0604966
7.26115 0.0611315
7.26193 0.0619176
7.26225 0.162236
7.26257 0.162556
7.26289 0.0628913
7.26327 0.0432591
7.26327 0.0432591
7.26327 0.0432591
7.26359 0.0635728
7.26372 0.043707
7.26372 0.0433875
7.26372 0.0433875
7.26429 0.0642652
7.26566 0.0656397
7.26617 0.0661483
7.2672 0.167187
7.27287 0.072857
7.27459 0.0745762
7.27491 0.0748994
7.27921 0.0791965
7.27953 0.079516
7.28019 0.0801777
7.28051 0.0804972
7.28121 0.0811899
7.28153 0.0815094
7.28153 0.0815094
7.28331 0.0832908
7.28363 0.0836104
7.28363 0.0836104
7.28376 0.0437278
7.28376 0.0437278
7.28376 0.0437278
7.28376 0.0437278
7.28376 0.0434083
7.28376 0.0434083
7.28388 0.0435366
7.28542 0.0853997
7.28574 0.0857192
7.28615 0.086132
7.28681 0.0867937
7.28719 0.0871754
7.28751 0.0874949
7.28783 0.0878144
7.28783 0.08781
7.28874 0.0887249
7.28919 0.0891644
7.29003 0.0900127
7.29181 0.0917985
7.29213 0.092118
7.29255 0.0925365
7.29287 0.0928459
7.29418 0.0941651
7.29543 0.0954178
7.29575 0.0957373
7.29806 0.0980474
7.30065 0.100638
7.30144 0.101424
7.30207 0.102054
7.30239 0.102374
7.3033 0.043283
7.3033 0.043283
7.3033 0.043283
7.30361 0.043598
7.30361 0.0432785
7.30361 0.0432785
7.30654 0.106527
7.30745 0.107437
7.30827 0.108255
7.31002 0.110011
7.31103 0.111009
7.31156 0.111546
7.31188 0.111865
7.3155 0.115478
7.31734 0.117326
7.31937 0.119351
7.32084 0.120826
7.32256 0.122545
7.3231 0.123083
7.32329 0.0432596
7.32329 0.0432596
7.32329 0.0432596
7.32364 0.0436058
7.32364 0.0432863
7.32364 0.0432863
7.32598 0.125961
7.32844 0.128426
7.33274 0.132727
7.33306 0.133047
7.33391 0.133895
7.33535 0.135334
7.3367 0.13668
7.34349 0.0434699
7.34361 0.0432788
7.34361 0.0432788
7.34361 0.0432788
7.34393 0.0435938
7.34393 0.0432743
7.34393 0.0432743
7.345 0.0449793
7.34768 0.0476628
7.34881 0.048791
7.35308 0.15306
7.35461 0.154592
7.35673 0.0567168
7.35673 0.0567168
7.35705 0.0570363
7.35753 0.0575113
7.35894 0.0589195
7.35925 0.0592432
7.3602 0.0601806
7.36052 0.0605001
7.36052 0.0605043
7.36115 0.0611306
7.36193 0.0619167
7.36225 0.162235
7.36257 0.162555
7.36289 0.0628853
7.36327 0.0432583
7.36327 0.0432583
7.36327 0.0432583
7.36359 0.0635719
7.36372 0.0437062
7.36372 0.0433866
7.36372 0.0433866
7.36428 0.0642729
7.36566 0.0656459
7.36617 0.0661561
7.3672 0.167186
7.37287 0.0728561
7.37459 0.0745753
7.37491 0.0748796
7.37921 0.0791956
7.37953 0.0795151
7.38019 0.0801768
7.38051 0.0804963
7.3812 0.0811891
7.38152 0.0815086
7.38152 0.0815086
7.38331 0.08329
7.38363 0.0836095
7.38363 0.0836095
7.38375 0.0437269
7.38375 0.0437269
7.38375 0.0437269
7.38375 0.0437269
7.38375 0.0434074
7.38375 0.0434074
7.38388 0.0435358
7.38545 0.0854299
7.38545 0.0854299
7.38614 0.0861227
7.3868 0.0867843
7.38721 0.0871971
7.38753 0.0875166
7.38785 0.0878362
7.38785 0.0878404
7.38873 0.0887155
7.38918 0.0891637
7.39002 0.090012
7.39184 0.0918202
7.39216 0.0921397
7.39254 0.0925272
7.39286 0.0928452
7.39417 0.0941558
7.39546 0.0954395
7.39577 0.095759
7.39805 0.0980381
7.40064 0.100628
7.40146 0.101445
7.40206 0.102045
7.40238 0.102364
7.40329 0.0432736
7.40329 0.0432736
7.40329 0.0432736
7.4036 0.0435886
7.4036 0.0432691
7.4036 0.0432691
7.40656 0.106549
7.40744 0.107428
7.40826 0.108245
7.41004 0.110032
7.41101 0.110999
7.41155 0.111537
7.41187 0.111856
7.41549 0.115477
7.41733 0.117316
7.41936 0.119351
7.42086 0.120848
7.42258 0.122567
7.42309 0.123073
7.42331 0.0432814
7.42331 0.0432814
7.42331 0.0432814
7.42363 0.0435964
7.42363 0.0432769
7.42363 0.0432769
7.42597 0.125951
7.42843 0.128417
7.43273 0.132718
7.43305 0.133037
7.4339 0.133885
7.43534 0.135325
7.43669 0.136671
7.44348 0.0434606
7.4436 0.0432695
7.4436 0.0432695
7.4436 0.0432695
7.44392 0.0435845
7.44392 0.043265
7.44392 0.043265
7.44502 0.0450011
7.4477 0.0476845
7.4488 0.0487816
7.4531 0.153082
7.4546 0.154583
7.45672 0.0567074
7.45704 0.0570269
7.45704 0.0570269
7.45752 0.057502
7.45896 0.0589412
7.45928 0.0592736
7.46022 0.0602023
7.46054 0.0605218
7.46054 0.0605347
7.46114 0.0611213
7.46195 0.0619384
7.46227 0.162257
7.46259 0.162577
7.46291 0.0629018
7.46329 0.04328
7.46329 0.04328
7.46329 0.04328
7.46361 0.0635937
7.46374 0.0437279
7.46374 0.0434084
7.46374 0.0434084
7.46427 0.0642722
7.46565 0.0656436
7.46616 0.0661554
7.46719 0.167177
7.47286 0.0728468
7.47458 0.074566
7.4749 0.0748823
7.47923 0.0792174
7.47955 0.0795369
7.48018 0.0801675
7.4805 0.080487
7.48123 0.0812108
7.48155 0.0815303
7.48155 0.0815303
7.4833 0.0832806
7.48362 0.0836001
7.48362 0.0836001
7.48374 0.0437175
7.48374 0.0437175
7.48374 0.0437175
7.48374 0.0437175
7.48374 0.043398
7.48374 0.043398
7.48387 0.0435264
7.48544 0.0854206
7.48575 0.0857401
7.48614 0.0861218
7.4868 0.0867834
7.48721 0.0871963
7.48753 0.0875158
7.48785 0.0878353
7.48785 0.0878482
7.48873 0.0887147
7.48917 0.0891715
7.48999 0.0899887
7.49183 0.0918194
7.49215 0.0921389
7.49254 0.0925263
7.49285 0.092853
7.49417 0.0941549
7.49545 0.0954386
7.49577 0.0957582
7.49805 0.0980372
7.50064 0.100627
7.50146 0.101444
7.50206 0.102044
7.50238 0.102363
7.50328 0.0432727
7.50328 0.0432727
7.50328 0.0432727
7.5036 0.0435878
7.5036 0.0432683
7.5036 0.0432683
7.50656 0.106548
7.50744 0.107427
7.50826 0.108244
7.51004 0.110031
7.51101 0.110998
7.51155 0.111536
7.51187 0.111855
7.51549 0.115485
7.51733 0.117315
7.51936 0.119358
7.52086 0.120847
7.52258 0.122566
7.52309 0.123072
7.52331 0.0432805
7.52331 0.0432805
7.52331 0.0432805
7.52362 0.0435955
7.52362 0.043276
7.52362 0.043276
7.52597 0.12595
7.52843 0.128416
7.53273 0.132717
7.53305 0.133036
7.5339 0.133885
7.53534 0.135324
7.53668 0.13667
7.54347 0.0434597
7.5436 0.0432686
7.5436 0.0432686
7.5436 0.0432686
7.54392 0.0435836
7.54392 0.0432641
7.54392 0.0432641
7.54501 0.0450002
7.5477 0.0476836
7.54879 0.0487807
7.5531 0.153081
7.5546 0.154582
7.55672 0.0567066
7.55704 0.0570261
7.55704 0.0570261
7.55752 0.0575011
7.55895 0.0589403
7.55927 0.0592503
7.56022 0.0602014
7.56054 0.0605209
7.56054 0.0605114
7.56113 0.0611204
7.56195 0.0619376
7.56227 0.162256
7.56259 0.162576
7.56291 0.0628958
7.56329 0.0432791
7.56329 0.0432791
7.56329 0.0432791
7.56361 0.0635928
7.56374 0.043727
7.56374 0.0434075
7.56374 0.0434075
7.56427 0.0642489
7.56568 0.0656498
7.56616 0.0661321
7.56719 0.167176
7.57289 0.072877
7.57458 0.0745651
7.5749 0.0748935
7.57923 0.0792165
7.57955 0.079536
7.58018 0.0801666
7.5805 0.0804861
7.58122 0.0812099
7.58154 0.0815294
7.58154 0.0815294
7.58329 0.0832797
7.58361 0.0835992
7.58361 0.0835992
7.58374 0.0437167
7.58374 0.0437167
7.58374 0.0437167
7.58374 0.0437167
7.58374 0.0433971
7.58374 0.0433971
7.58387 0.0435255
7.58543 0.0854197
7.58575 0.0857392
7.58613 0.0861209
7.5868 0.0867826
7.58721 0.0871954
7.58753 0.0875149
7.58785 0.0878344
7.58785 0.0878248
7.58873 0.0887138
7.5892 0.0891793
7.59002 0.0899964
7.59183 0.0918185
7.59215 0.092138
7.59256 0.0925565
7.59288 0.0928608
7.59417 0.094154
7.59545 0.0954378
7.59577 0.0957573
7.59805 0.0980363
7.60064 0.100626
7.60146 0.101444
7.60206 0.102043
7.60238 0.102363
7.60328 0.0432719
7.60328 0.0432719
7.60328 0.0432719
7.6036 0.0435869
7.6036 0.0432674
7.6036 0.0432674
7.60656 0.106547
7.60747 0.107457
7.60826 0.108243
7.61004 0.110031
7.61101 0.110998
7.61155 0.111535
7.61187 0.111854
7.61552 0.115492
7.61733 0.117314
7.61939 0.119366
7.62086 0.120846
7.62258 0.122565
7.62309 0.123071
7.62331 0.0432796
7.62331 0.0432796
7.62331 0.0432796
7.62362 0.0435947
7.62362 0.0432751
7.62362 0.0432751
7.62596 0.125949
7.62843 0.128415
7.63273 0.132716
7.63305 0.133035
7.6339 0.133884
7.63534 0.135323
7.63668 0.136669
7.64347 0.0434588
7.6436 0.0432677
7.6436 0.0432677
7.6436 0.0432677
7.64392 0.0435827
7.64392 0.0432632
7.64392 0.0432632
7.64501 0.0449993
7.6477 0.0476828
7.64879 0.0487799
7.65309 0.15308
7.6546 0.154581
7.65672 0.0567057
7.65704 0.0570252
7.65704 0.0570252
7.65751 0.0575002
7.65895 0.0589395
7.65927 0.0592581
7.66021 0.0602006
7.66053 0.0605201
7.66053 0.0605192
7.66113 0.0611195
7.66195 0.0619367
7.66227 0.162255
7.66259 0.162575
7.66291 0.0628897
7.66329 0.0432782
7.66329 0.0432782
7.66329 0.0432782
7.66361 0.0635919
7.66373 0.0437261
7.66373 0.0434066
7.66373 0.0434066
7.66427 0.0642566
7.66565 0.0656249
7.66615 0.0661398
7.66719 0.167175
7.67289 0.0728761
7.67458 0.0745642
7.67493 0.0749048
7.67923 0.0792156
7.67955 0.0795351
7.68018 0.0801657
7.6805 0.0804852
7.68122 0.0812091
7.68154 0.0815286
7.68154 0.0815286
7.68329 0.0832789
7.68361 0.0835984
7.68361 0.0835984
7.68374 0.0437158
7.68374 0.0437158
7.68374 0.0437158
7.68374 0.0437158
7.68374 0.0433963
7.68374 0.0433963
7.68387 0.0435247
7.68543 0.0854188
7.68575 0.0857383
7.68613 0.08612
7.68679 0.0867817
7.68721 0.0871945
7.68753 0.087514
7.68785 0.0878335
7.68785 0.0878326
7.68873 0.0887129
7.6892 0.089187
7.69002 0.0900042
7.69183 0.0918176
7.69215 0.0921371
7.69256 0.0925556
7.69288 0.0928685
7.69417 0.0941532
7.69545 0.0954369
7.69577 0.0957564
7.69805 0.0980354
7.70064 0.100626
7.70146 0.101443
7.70206 0.102042
7.70237 0.102362
7.70328 0.043271
7.70328 0.043271
7.70328 0.043271
7.7036 0.043586
7.7036 0.0432665
7.7036 0.0432665
7.70656 0.106546
7.70747 0.107457
7.70826 0.108243
7.71004 0.11003
7.71101 0.110997
7.71155 0.111534
7.71187 0.111853
7.71551 0.1155
7.71733 0.117314
7.71936 0.119343
7.72086 0.120845
7.72258 0.122564
7.72308 0.123071
7.72331 0.0432788
7.72331 0.0432788
7.72331 0.0432788
7.72362 0.0435938
7.72362 0.0432743
7.72362 0.0432743
7.72599 0.12598
7.72843 0.128414
7.73273 0.132715
7.73305 0.133035
7.7339 0.133883
7.73534 0.135322
7.73668 0.136668
7.74347 0.0434579
7.7436 0.0432668
7.7436 0.0432668
7.7436 0.0432668
7.74391 0.0435818
7.74391 0.0432623
7.74391 0.0432623
7.74501 0.0449985
7.74769 0.0476819
7.74879 0.048779
7.75309 0.153079
7.75459 0.15458
7.75675 0.0567359
7.75675 0.0567359
7.75707 0.0570554
7.75751 0.0574993
7.75895 0.0589386
7.75927 0.0592658
7.76021 0.0601997
7.76053 0.0605192
7.76053 0.0605269
7.76113 0.0611186
7.76195 0.0619358
7.76227 0.162254
7.76259 0.162574
7.76291 0.0628837
7.76328 0.0432774
7.76328 0.0432774
7.76328 0.0432774
7.7636 0.063591
7.76373 0.0437253
7.76373 0.0434058
7.76373 0.0434058
7.76427 0.0642644
7.76568 0.0656622
7.76615 0.0661476
7.76719 0.167174
7.77289 0.0728752
7.77458 0.0745633
7.7749 0.0748849
7.77923 0.0792148
7.77955 0.0795343
7.78018 0.0801648
7.7805 0.0804843
7.78122 0.0812082
7.78154 0.0815277
7.78154 0.0815277
7.78332 0.0833091
7.78332 0.0833091
7.78364 0.0836286
7.78377 0.043746
7.78377 0.043746
7.78377 0.043746
7.78377 0.043746
7.78377 0.0434265
7.78377 0.0434265
7.7839 0.0435549
7.78543 0.0854179
7.78575 0.0857374
7.78613 0.0861191
7.78679 0.0867808
7.78721 0.0871936
7.78753 0.0875131
7.78785 0.0878326
7.78785 0.0878404
7.78872 0.088712
7.78917 0.0891637
7.79002 0.0900119
7.79183 0.0918167
7.79215 0.0921362
7.79256 0.0925547
7.79288 0.0928763
7.79416 0.0941523
7.79545 0.095436
7.79577 0.0957555
7.79805 0.0980346
7.80064 0.100625
7.80145 0.101442
7.80205 0.102041
7.80237 0.102361
7.80328 0.0432701
7.80328 0.0432701
7.80328 0.0432701
7.80359 0.0435851
7.80359 0.0432656
7.80359 0.0432656
7.80656 0.106545
7.80747 0.107456
7.80825 0.108242
7.81004 0.110029
7.81101 0.110996
7.81155 0.111533
7.81186 0.111853
7.81548 0.115477
7.81733 0.117313
7.81936 0.119351
7.82086 0.120844
7.82258 0.122564
7.82308 0.12307
7.8233 0.0432779
7.8233 0.0432779
7.8233 0.0432779
7.82362 0.0435929
7.82362 0.0432734
7.82362 0.0432734
7.82599 0.125979
7.82843 0.128413
7.83273 0.132714
7.83305 0.133034
7.83389 0.133882
7.83533 0.135321
7.83671 0.136698
7.84347 0.0434571
7.8436 0.0432659
7.8436 0.0432659
7.8436 0.0432659
7.84391 0.043581
7.84391 0.0432615
7.84391 0.0432615
7.84501 0.0449976
7.84769 0.047681
7.84879 0.0487781
7.85309 0.153078
7.85459 0.15458
7.85675 0.056735
7.85675 0.056735
7.85707 0.0570545
7.85751 0.0574984
7.85895 0.0589377
7.85927 0.0592425
7.86021 0.0601988
7.86053 0.0605183
7.86053 0.0605036
7.86113 0.0611177
7.86195 0.0619349
7.86227 0.162254
7.86259 0.162573
7.86291 0.0628776
7.86328 0.0432765
7.86328 0.0432765
7.86328 0.0432765
7.8636 0.0635902
7.86373 0.0437244
7.86373 0.0434049
7.86373 0.0434049
7.8643 0.0642722
7.86564 0.0656373
7.86618 0.0661553
7.86719 0.167173
7.87289 0.0728744
7.87457 0.0745624
7.87492 0.0748961
7.87923 0.0792139
7.87954 0.0795334
7.88018 0.0801639
7.8805 0.0804834
7.88122 0.0812073
7.88154 0.0815268
7.88154 0.0815268
7.88332 0.0833082
7.88332 0.0833082
7.88364 0.0836277
7.88377 0.0437451
7.88377 0.0437451
7.88377 0.0437451
7.88377 0.0437451
7.88377 0.0434256
7.88377 0.0434256
7.8839 0.043554
7.88543 0.085417
7.88575 0.0857366
7.88613 0.0861183
7.88679 0.0867799
7.8872 0.0871927
7.88752 0.0875122
7.88784 0.0878318
7.88784 0.087817
7.88872 0.0887111
7.8892 0.0891714
7.89001 0.0899886
7.89183 0.0918158
7.89215 0.0921353
7.89256 0.0925539
7.89288 0.0928529
7.89416 0.0941514
7.89545 0.0954351
7.89577 0.0957546
7.89805 0.0980337
7.90064 0.100624
7.90145 0.101441
7.90205 0.10204
7.90237 0.10236
7.90328 0.0432692
7.90328 0.0432692
7.90328 0.0432692
7.90359 0.0435842
7.90359 0.0432647
7.90359 0.0432647
7.90656 0.106544
7.90747 0.107455
7.90825 0.108241
7.91003 0.110028
7.91101 0.110995
7.91154 0.111532
7.91186 0.111852
7.91551 0.115485
7.91732 0.117312
7.91938 0.119358
7.92086 0.120843
7.92257 0.122563
7.92308 0.123069
7.9233 0.043277
7.9233 0.043277
7.9233 0.043277
7.92362 0.043592
7.92362 0.0432725
7.92362 0.0432725
7.92599 0.125978
7.92842 0.128412
7.93272 0.132713
7.93304 0.133033
7.93389 0.133881
7.93533 0.13532
7.93671 0.136697
7.94347 0.0434562
7.9436 0.0432651
7.9436 0.0432651
7.9436 0.0432651
7.94391 0.0435801
7.94391 0.0432606
7.94391 0.0432606
7.94501 0.0449967
7.94769 0.0476801
7.94879 0.0487772
7.95309 0.153077
7.95459 0.154579
7.95674 0.0567341
7.95674 0.0567341
7.95706 0.0570536
7.95751 0.0574976
7.95895 0.0589368
7.95927 0.0592502
7.96021 0.0601979
7.96053 0.0605174
7.96053 0.0605113
7.96113 0.0611169
7.96194 0.061934
7.96226 0.162253
7.96258 0.162572
7.9629 0.0629026
7.96328 0.0432756
7.96328 0.0432756
7.96328 0.0432756
7.9636 0.0635893
7.96373 0.0437235
7.96373 0.043404
7.96373 0.043404
7.96427 0.0642488
7.96567 0.0656435
7.96615 0.066132
7.96718 0.167172
7.97288 0.0728735
7.97457 0.0745616
7.97489 0.0748762
7.97922 0.079213
7.97954 0.0795325
7.98017 0.080163
7.98049 0.0804826
7.98122 0.0812064
7.98154 0.0815259
7.98154 0.0815259
7.98329 0.0832762
7.98361 0.0835957
7.98361 0.0835957
7.98373 0.0437131
7.98373 0.0437131
7.98373 0.0437131
7.98373 0.0437131
7.98373 0.0433936
7.98373 0.0433936
7.98386 0.043522
7.98543 0.0854162
7.98575 0.0857357
7.98613 0.0861174
7.98679 0.086779
7.9872 0.0871919
7.98752 0.0875114
7.98784 0.0878309
7.98784 0.0878248
7.98872 0.0887102
7.9892 0.0891792
7.99001 0.0899964
7.99183 0.0918149
7.99215 0.0921345
7.99256 0.092553
7.99288 0.0928607
7.99416 0.0941505
7.99545 0.0954342
7.99576 0.0957537
7.99804 0.0980328
8.00063 0.100623
8.00145 0.10144
8.00205 0.10204
8.00237 0.102359
8.00328 0.0432683
8.00328 0.0432683
8.00328 0.0432683
8.00359 0.0435834
8.00359 0.0432638
8.00359 0.0432638
8.00656 0.106551
8.00747 0.107461
8.00826 0.108247
8.01004 0.110034
8.01104 0.111032
8.01158 0.11157
8.0119 0.111889
8.01552 0.1155
8.01733 0.117318
8.01939 0.119373
8.02086 0.12085
8.02258 0.122569
8.02309 0.123075
8.02331 0.0432835
8.02331 0.0432835
8.02331 0.0432835
8.02362 0.0435985
8.02362 0.043279
8.02362 0.043279
8.026 0.125984
8.02843 0.128419
8.03273 0.13272
8.03305 0.133039
8.0339 0.133888
8.03534 0.135327
8.03671 0.136704
8.04347 0.0434627
8.0436 0.0432715
8.0436 0.0432715
8.0436 0.0432715
8.04395 0.0436177
8.04395 0.0432982
8.04395 0.0432982
8.04501 0.0450032
8.0477 0.0476866
8.04879 0.0487837
8.05309 0.153084
8.0546 0.154585
8.05675 0.0567406
8.05675 0.0567406
8.05707 0.0570601
8.05751 0.057504
8.05895 0.0589433
8.05927 0.0592654
8.06021 0.0602044
8.06053 0.0605239
8.06053 0.0605265
8.06113 0.0611233
8.06195 0.0619405
8.06227 0.162259
8.06259 0.162579
8.06291 0.0629039
8.06329 0.0432821
8.06329 0.0432821
8.06329 0.0432821
8.06361 0.0635958
8.06373 0.04373
8.06373 0.0434105
8.06373 0.0434105
8.06427 0.0642639
8.06568 0.0656571
8.06619 0.0661782
8.06719 0.167179
8.07289 0.07288
8.07458 0.074568
8.07493 0.0749259
8.07923 0.0792195
8.07955 0.079539
8.08018 0.0801695
8.0805 0.080489
8.08122 0.0812129
8.08154 0.0815324
8.08154 0.0815324
8.08329 0.0832827
8.08361 0.0836022
8.08361 0.0836022
8.08374 0.0437196
8.08374 0.0437196
8.08374 0.0437196
8.08374 0.0437196
8.08374 0.0434001
8.08374 0.0434001
8.08387 0.0435285
8.08546 0.0854537
8.08578 0.0857733
8.08616 0.086155
8.0868 0.0867855
8.08721 0.0871983
8.08753 0.0875178
8.08785 0.0878373
8.08785 0.0878399
8.08873 0.0887167
8.0892 0.0891943
8.09005 0.0900426
8.09183 0.0918214
8.09215 0.0921409
8.09256 0.0925595
8.09288 0.0928758
8.09417 0.094157
8.09548 0.0954718
8.0958 0.0957913
8.09805 0.0980393
8.10067 0.10066
8.10146 0.101447
8.10206 0.102046
8.10238 0.102366
8.10328 0.0432748
8.10328 0.0432748
8.10328 0.0432748
8.10363 0.0436209
8.10363 0.0433014
8.10363 0.0433014
8.10656 0.10655
8.10747 0.10746
8.10826 0.108246
8.11004 0.110034
8.11101 0.111
8.11155 0.111538
8.11187 0.111857
8.11548 0.115476
8.11733 0.117317
8.11936 0.11935
8.12086 0.120849
8.12258 0.122568
8.12308 0.123074
8.12331 0.0432826
8.12331 0.0432826
8.12331 0.0432826
8.12362 0.0435976
8.12362 0.0432781
8.12362 0.0432781
8.12599 0.125983
8.1284 0.128387
8.1327 0.132688
8.13302 0.133007
8.13393 0.133918
8.13534 0.135326
8.13671 0.136703
8.1435 0.0434929
8.14363 0.0433018
8.14363 0.0433018
8.14363 0.0433018
8.14395 0.0436168
8.14395 0.0432973
8.14395 0.0432973
8.14501 0.0450023
8.14769 0.0476857
8.14879 0.0487828
8.15309 0.153083
8.15459 0.154584
8.15675 0.0567397
8.15675 0.0567397
8.15707 0.0570592
8.15754 0.0575343
8.15895 0.0589424
8.15927 0.059242
8.16021 0.0602035
8.16053 0.060523
8.16053 0.0605031
8.16116 0.0611536
8.16195 0.0619396
8.16227 0.162258
8.16259 0.162578
8.16291 0.0628979
8.16328 0.0432812
8.16328 0.0432812
8.16328 0.0432812
8.1636 0.0635949
8.16373 0.0437291
8.16373 0.0434096
8.16373 0.0434096
8.1643 0.0642717
8.16568 0.0656633
8.16618 0.0661549
8.16719 0.167178
8.17289 0.0728791
8.17455 0.0745361
8.17496 0.0749371
8.17926 0.0792497
8.17958 0.0795692
8.18018 0.0801686
8.1805 0.0804882
8.18119 0.0811809
8.18151 0.0815004
8.18151 0.0815004
8.18329 0.0832818
8.18361 0.0836013
8.18361 0.0836013
8.18374 0.0437187
8.18374 0.0437187
8.18374 0.0437187
8.18374 0.0437187
8.18374 0.0433992
8.18374 0.0433992
8.18387 0.0435276
8.18546 0.0854529
8.18546 0.0854529
8.18615 0.0861456
8.18679 0.0867762
8.1872 0.087189
8.18752 0.0875085
8.18784 0.087828
8.18784 0.0878081
8.18872 0.0887074
8.18922 0.0891936
8.19004 0.0900108
8.19182 0.0918121
8.19214 0.0921316
8.19255 0.0925501
8.1929 0.0928751
8.19416 0.0941476
8.19547 0.0954625
8.19579 0.095782
8.19804 0.0980299
8.20063 0.10062
8.20148 0.101468
8.20205 0.102037
8.20237 0.102356
8.2033 0.0432966
8.2033 0.0432966
8.2033 0.0432966
8.20362 0.0436116
8.20362 0.0432921
8.20362 0.0432921
8.20655 0.106541
8.20743 0.10742
8.20828 0.108268
8.21003 0.110024
8.211 0.110991
8.21154 0.111528
8.21186 0.111848
8.2155 0.115476
8.21732 0.117308
8.21938 0.119349
8.22085 0.12084
8.22257 0.122559
8.22311 0.123096
8.22333 0.0433043
8.22333 0.0433043
8.22333 0.0433043
8.22364 0.0436194
8.22364 0.0432999
8.22364 0.0432999
8.22598 0.125974
8.22842 0.128409
8.23272 0.13271
8.23304 0.133029
8.23392 0.133908
8.23533 0.135317
8.23667 0.136662
8.24349 0.0434835
8.24362 0.0432924
8.24362 0.0432924
8.24362 0.0432924
8.24394 0.0436074
8.24394 0.0432879
8.24394 0.0432879
8.24503 0.0450241
8.24772 0.0477075
8.24881 0.0488046
8.25308 0.153073
8.25458 0.154575
8.25674 0.0567304
8.25706 0.0570499
8.25706 0.0570499
8.25753 0.0575249
8.25897 0.0589642
8.25929 0.0592724
8.2602 0.0601942
8.26052 0.0605137
8.26052 0.0605024
8.26115 0.0611442
8.26197 0.0619614
8.26229 0.16228
8.26261 0.1626
8.26293 0.0629145
8.26331 0.043303
8.26331 0.043303
8.26331 0.043303
8.26362 0.0636166
8.26375 0.0437509
8.26375 0.0434314
8.26375 0.0434314
8.26429 0.064271
8.26567 0.065661
8.26617 0.0661542
8.26718 0.167168
8.27288 0.0728697
8.27457 0.0745578
8.27495 0.0749399
8.27925 0.0792403
8.27957 0.0795599
8.2802 0.0801904
8.28052 0.0805099
8.28118 0.0811716
8.2815 0.0814911
8.2815 0.0814911
8.28331 0.0833036
8.28363 0.0836231
8.28363 0.0836231
8.28376 0.0437405
8.28376 0.0437405
8.28376 0.0437405
8.28376 0.0437405
8.28376 0.043421
8.28376 0.043421
8.28389 0.0435494
8.28545 0.0854435
8.28577 0.085763
8.28615 0.0861447
8.28678 0.0867753
8.2872 0.0871881
8.28752 0.0875076
8.28784 0.0878271
8.28784 0.0878159
8.28871 0.0887065
8.28922 0.0892014
8.29004 0.0900185
8.29182 0.0918112
8.29214 0.0921307
8.29255 0.0925492
8.29287 0.0928518
8.29416 0.0941468
8.29547 0.0954616
8.29579 0.0957811
8.29804 0.0980291
8.30063 0.100619
8.30148 0.101467
8.30204 0.102036
8.30236 0.102355
8.3033 0.0432957
8.3033 0.0432957
8.3033 0.0432957
8.30362 0.0436107
8.30362 0.0432912
8.30362 0.0432912
8.30655 0.10654
8.30743 0.107419
8.30828 0.108267
8.31003 0.110023
8.311 0.11099
8.31154 0.111527
8.31186 0.111847
8.3155 0.115483
8.31732 0.117307
8.31938 0.119357
8.32085 0.120839
8.32257 0.122558
8.3231 0.123095
8.32333 0.0433035
8.32333 0.0433035
8.32333 0.0433035
8.32364 0.0436185
8.32364 0.043299
8.32364 0.043299
8.32598 0.125973
8.32842 0.128408
8.33272 0.132709
8.33304 0.133028
8.33392 0.133908
8.33532 0.135316
8.3367 0.136693
8.34349 0.0434827
8.34362 0.0432915
8.34362 0.0432915
8.34362 0.0432915
8.34393 0.0436066
8.34393 0.043287
8.34393 0.043287
8.34503 0.0450232
8.34771 0.0477066
8.34881 0.0488037
8.35308 0.153073
8.35458 0.154574
8.35674 0.0567295
8.35706 0.057049
8.35706 0.057049
8.35753 0.057524
8.35897 0.0589633
8.35929 0.0592802
8.3602 0.0601933
8.36052 0.0605128
8.36052 0.0605102
8.36115 0.0611433
8.36197 0.0619605
8.36229 0.162279
8.36261 0.162599
8.36293 0.0629084
8.3633 0.0433021
8.3633 0.0433021
8.3633 0.0433021
8.36362 0.0636158
8.36375 0.04375
8.36375 0.0434305
8.36375 0.0434305
8.36426 0.0642477
8.3657 0.0656673
8.36617 0.0661619
8.36718 0.167168
8.37288 0.0728688
8.37456 0.0745569
8.37495 0.07492
8.37925 0.0792395
8.37957 0.079559
8.3802 0.0801895
8.38052 0.080509
8.38121 0.0812018
8.38153 0.0815213
8.38153 0.0815213
8.38328 0.0832716
8.3836 0.0835911
8.3836 0.0835911
8.38373 0.0437085
8.38373 0.0437085
8.38373 0.0437085
8.38373 0.0437085
8.38373 0.043389
8.38373 0.043389
8.38386 0.0435174
8.38545 0.0854426
8.38577 0.0857621
8.38615 0.0861439
8.38678 0.0867744
8.38719 0.0871872
8.38751 0.0875067
8.38783 0.0878262
8.38783 0.0878236
8.38871 0.0887056
8.38922 0.0892091
8.39004 0.0900263
8.39182 0.0918103
8.39214 0.0921298
8.39255 0.0925483
8.39287 0.0928595
8.39415 0.0941459
8.39547 0.0954607
8.39579 0.0957802
8.39804 0.0980282
8.40063 0.100618
8.40147 0.101467
8.40204 0.102035
8.40236 0.102354
8.4033 0.0432948
8.4033 0.0432948
8.4033 0.0432948
8.40361 0.0436098
8.40361 0.0432903
8.40361 0.0432903
8.40655 0.106539
8.40743 0.107418
8.40827 0.108266
8.41002 0.110022
8.411 0.110989
8.41153 0.111527
8.41185 0.111846
8.4155 0.115491
8.41731 0.117306
8.41938 0.119365
8.42085 0.120838
8.42256 0.122557
8.4231 0.123094
8.42332 0.0433026
8.42332 0.0433026
8.42332 0.0433026
8.42364 0.0436176
8.42364 0.0432981
8.42364 0.0432981
8.42598 0.125972
8.42841 0.128407
8.43272 0.132708
8.43303 0.133027
8.43391 0.133907
8.43532 0.135315
8.4367 0.136692
8.44349 0.0434818
8.44362 0.0432907
8.44362 0.0432907
8.44362 0.0432907
8.44393 0.0436057
8.44393 0.0432862
8.44393 0.0432862
8.44503 0.0450223
8.44771 0.0477057
8.44881 0.0488028
8.45308 0.153072
8.45458 0.154573
8.45674 0.0567286
8.45705 0.0570481
8.45705 0.0570481
8.45753 0.0575232
8.45897 0.0589624
8.45929 0.0592879
8.4602 0.0601924
8.46052 0.0605119
8.46052 0.0605179
8.46115 0.0611425
8.46197 0.0619596
8.46229 0.162278
8.46261 0.162598
8.46292 0.0629023
8.4633 0.0433012
8.4633 0.0433012
8.4633 0.0433012
8.46362 0.0636149
8.46375 0.0437491
8.46375 0.0434296
8.46375 0.0434296
8.46426 0.0642554
8.4657 0.0656735
8.46617 0.0661697
8.46717 0.167167
8.47287 0.072868
8.47456 0.074556
8.47494 0.0749312
8.47925 0.0792386
8.47956 0.0795581
8.4802 0.0801886
8.48051 0.0805081
8.48121 0.0812009
8.48153 0.0815204
8.48153 0.0815204
8.48328 0.0832707
8.4836 0.0835902
8.4836 0.0835902
8.48373 0.0437076
8.48373 0.0437076
8.48373 0.0437076
8.48373 0.0437076
8.48373 0.0433881
8.48373 0.0433881
8.48385 0.0435165
8.48545 0.0854418
8.48577 0.0857613
8.48615 0.086143
8.48678 0.0867735
8.48719 0.0871863
8.48751 0.0875059
8.48783 0.0878254
8.48783 0.0878314
8.48871 0.0887047
8.48922 0.0892169
8.49003 0.0900341
8.49185 0.0918405
8.49217 0.09216
8.49255 0.0925475
8.49287 0.0928673
8.49415 0.094145
8.49547 0.0954598
8.49579 0.0957793
8.49803 0.0980273
8.50066 0.100648
8.50147 0.101466
8.50204 0.102034
8.50236 0.102354
8.5033 0.0432939
8.5033 0.0432939
8.5033 0.0432939
8.50361 0.0436089
8.50361 0.0432894
8.50361 0.0432894
8.50654 0.106538
8.50742 0.107417
8.50827 0.108266
8.51002 0.110022
8.511 0.110989
8.51153 0.111526
8.51185 0.111845
8.5155 0.115499
8.51731 0.117305
8.51937 0.119373
8.52084 0.120837
8.52256 0.122556
8.5231 0.123093
8.52332 0.0433017
8.52332 0.0433017
8.52332 0.0433017
8.52364 0.0436167
8.52364 0.0432972
8.52364 0.0432972
8.52598 0.125971
8.52841 0.128406
8.53271 0.132707
8.53303 0.133026
8.53391 0.133906
8.53532 0.135314
8.5367 0.136691
8.54349 0.0434809
8.54362 0.0432898
8.54362 0.0432898
8.54362 0.0432898
8.54393 0.0436048
8.54393 0.0432853
8.54393 0.0432853
8.54503 0.0450214
8.54771 0.0477048
8.54881 0.0488019
8.55308 0.153071
8.55458 0.154572
8.55673 0.0567277
8.55705 0.0570473
8.55705 0.0570473
8.55753 0.0575223
8.55897 0.0589615
8.55929 0.0592646
8.5602 0.0601915
8.56052 0.060511
8.56052 0.0604946
8.56115 0.0611416
8.56196 0.0619587
8.56228 0.162277
8.5626 0.162597
8.56292 0.0628963
8.5633 0.0433003
8.5633 0.0433003
8.5633 0.0433003
8.56362 0.063614
8.56375 0.0437482
8.56375 0.0434287
8.56375 0.0434287
8.56429 0.0642632
8.56569 0.0656797
8.5662 0.0661775
8.5672 0.167197
8.57287 0.0728671
8.57456 0.0745552
8.57494 0.0749425
8.57924 0.0792377
8.57956 0.0795572
8.58019 0.0801878
8.58051 0.0805073
8.58121 0.0812
8.58153 0.0815195
8.58153 0.0815195
8.58328 0.0832698
8.5836 0.0835893
8.5836 0.0835893
8.58372 0.0437067
8.58372 0.0437067
8.58372 0.0437067
8.58372 0.0437067
8.58372 0.0433872
8.58372 0.0433872
8.58385 0.0435156
8.58545 0.0854409
8.58577 0.0857604
8.58615 0.0861421
8.58678 0.0867726
8.58719 0.0871855
8.58751 0.087505
8.58783 0.0878245
8.58783 0.087808
8.58871 0.0887039
8.58922 0.0891935
8.59003 0.0900107
8.59185 0.0918397
8.59217 0.0921592
8.59258 0.0925777
8.5929 0.0928751
8.59415 0.0941441
8.59546 0.095459
8.59578 0.0957785
8.59803 0.0980264
8.60065 0.100648
8.60147 0.101465
8.60204 0.102033
8.60236 0.102353
8.6033 0.0432931
8.6033 0.0432931
8.6033 0.0432931
8.60361 0.0436081
8.60361 0.0432886
8.60361 0.0432886
8.60654 0.106537
8.60742 0.107416
8.60827 0.108265
8.61002 0.110021
8.61099 0.110988
8.61153 0.111525
8.61185 0.111844
8.6155 0.115476
8.61731 0.117304
8.61937 0.119349
8.62084 0.120836
8.62256 0.122555
8.6231 0.123093
8.62332 0.0433008
8.62332 0.0433008
8.62332 0.0433008
8.62364 0.0436158
8.62364 0.0432963
8.62364 0.0432963
8.62598 0.125971
8.62841 0.128405
8.63271 0.132706
8.63303 0.133025
8.63391 0.133905
8.63532 0.135313
8.6367 0.13669
8.64349 0.04348
8.64361 0.0432889
8.64361 0.0432889
8.64361 0.0432889
8.64393 0.0436039
8.64393 0.0432844
8.64393 0.0432844
8.64503 0.0450205
8.64771 0.0477039
8.64881 0.048801
8.65308 0.15307
8.65458 0.154571
8.65673 0.0567269
8.65705 0.0570464
8.65705 0.0570464
8.65753 0.0575214
8.65897 0.0589606
8.65929 0.0592724
8.6602 0.0601906
8.66052 0.0605101
8.66052 0.0605023
8.66115 0.0611407
8.66196 0.0619579
8.66228 0.162277
8.6626 0.162596
8.66292 0.0629213
8.66333 0.0432994
8.66333 0.0432994
8.66333 0.0432994
8.66365 0.0636442
8.66378 0.0437473
8.66378 0.0434278
8.66378 0.0434278
8.66428 0.0642709
8.66569 0.0656859
8.66617 0.0661541
8.6672 0.167196
8.6729 0.0728973
8.67456 0.0745543
8.67494 0.0749226
8.67924 0.0792368
8.67956 0.0795563
8.68019 0.0801869
8.68051 0.0805064
8.6812 0.0811991
8.68152 0.0815186
8.68152 0.0815186
8.68331 0.0833
8.68362 0.0836195
8.68362 0.0836195
8.68375 0.043737
8.68375 0.043737
8.68375 0.043737
8.68375 0.043737
8.68375 0.0434175
8.68375 0.0434175
8.68388 0.0435458
8.68545 0.08544
8.68576 0.0857595
8.68615 0.0861412
8.68678 0.0867718
8.68719 0.0871846
8.68751 0.0875041
8.68783 0.0878236
8.68783 0.0878158
8.68871 0.088703
8.68921 0.0892013
8.69003 0.0900185
8.69184 0.0918388
8.69216 0.0921583
8.69261 0.0925768
8.69293 0.0929139
8.69415 0.0941432
8.69546 0.0954581
8.69578 0.0957776
8.69803 0.0980255
8.70065 0.100647
8.70147 0.101464
8.70204 0.102032
8.70236 0.102352
8.70329 0.0432922
8.70329 0.0432922
8.70329 0.0432922
8.70361 0.0436072
8.70361 0.0432877
8.70361 0.0432877
8.70654 0.106536
8.70745 0.107447
8.70827 0.108264
8.71005 0.11002
8.71099 0.110987
8.71153 0.111524
8.71185 0.111843
8.7155 0.115483
8.71731 0.117304
8.71937 0.119357
8.72084 0.120835
8.72256 0.122554
8.7231 0.123092
8.72332 0.0432999
8.72332 0.0432999
8.72332 0.0432999
8.72363 0.043615
8.72363 0.0432954
8.72363 0.0432954
8.72597 0.12597
8.72841 0.128404
8.73271 0.132705
8.73303 0.133025
8.73391 0.133904
8.73532 0.135312
8.73669 0.136689
8.74348 0.0434791
8.74361 0.043288
8.74361 0.043288
8.74361 0.043288
8.74393 0.043603
8.74393 0.0432835
8.74393 0.0432835
8.74502 0.0450196
8.74771 0.0477031
8.7488 0.0488002
8.75307 0.153069
8.75458 0.154571
8.75673 0.056726
8.75705 0.0570455
8.75705 0.0570455
8.75752 0.0575205
8.75896 0.0589598
8.75928 0.0592801
8.76019 0.0601898
8.76051 0.0605093
8.76051 0.0605101
8.76114 0.0611398
8.76196 0.061957
8.76228 0.162276
8.7626 0.162595
8.76292 0.0629153
8.76333 0.0432986
8.76333 0.0432986
8.76333 0.0432986
8.76365 0.0636433
8.76378 0.0437465
8.76378 0.0434269
8.76378 0.0434269
8.76425 0.0642476
8.76569 0.065661
8.76617 0.0661619
8.7672 0.167195
8.7729 0.0728964
8.77456 0.0745534
8.77494 0.0749338
8.77924 0.0792359
8.77956 0.0795554
8.78019 0.080186
8.78051 0.0805055
8.7812 0.0811983
8.78152 0.0815178
8.78152 0.0815178
8.7833 0.0832992
8.78362 0.0836187
8.78362 0.0836187
8.78375 0.0437361
8.78375 0.0437361
8.78375 0.0437361
8.78375 0.0437361
8.78375 0.0434166
8.78375 0.0434166
8.78388 0.043545
8.78544 0.0854391
8.78576 0.0857586
8.78614 0.0861403
8.78681 0.086802
8.78719 0.0871837
8.78751 0.0875032
8.78783 0.0878227
8.78783 0.0878236
8.78871 0.0887021
8.78921 0.0892091
8.79003 0.0900262
8.79184 0.0918379
8.79216 0.0921574
8.79261 0.0925759
8.79293 0.0929217
8.79415 0.0941424
8.79549 0.0954883
8.79581 0.0958078
8.79803 0.0980247
8.80065 0.100646
8.80147 0.101463
8.80204 0.102031
8.80236 0.102351
8.80329 0.0432913
8.80329 0.0432913
8.80329 0.0432913
8.80361 0.0436063
8.80361 0.0432868
8.80361 0.0432868
8.80654 0.106535
8.80745 0.107446
8.80827 0.108263
8.81005 0.110019
8.81099 0.110986
8.81153 0.111523
8.81185 0.111843
8.81549 0.115491
8.81731 0.117303
8.81937 0.119365
8.82084 0.120834
8.82256 0.122554
8.8231 0.123091
8.82332 0.0432991
8.82332 0.0432991
8.82332 0.0432991
8.82363 0.0436141
8.82363 0.0432946
8.82363 0.0432946
8.82597 0.125969
8.82841 0.128403
8.83271 0.132704
8.83303 0.133024
8.83391 0.133903
8.83532 0.135311
8.83669 0.136688
8.84348 0.0434783
8.84361 0.0432871
8.84361 0.0432871
8.84361 0.0432871
8.84393 0.0436022
8.84393 0.0432826
8.84393 0.0432826
8.84502 0.0450188
8.84771 0.0477022
8.8488 0.0487993
8.85307 0.153068
8.85461 0.154601
8.85673 0.0567251
8.85705 0.0570446
8.85705 0.0570446
8.85752 0.0575196
8.85896 0.0589589
8.85928 0.0592568
8.86019 0.0601889
8.86051 0.0605084
8.86051 0.0604868
8.86114 0.0611389
8.86196 0.0619561
8.86228 0.162275
8.8626 0.162594
8.86292 0.0629092
8.86333 0.0432977
8.86333 0.0432977
8.86333 0.0432977
8.86365 0.0636425
8.86377 0.0437456
8.86377 0.0434261
8.86377 0.0434261
8.86428 0.0642554
8.86569 0.0656672
8.86619 0.0661696
8.8672 0.167194
8.8729 0.0728955
8.87456 0.0745525
8.87497 0.074945
8.87924 0.0792351
8.87956 0.0795546
8.88019 0.0801851
8.88051 0.0805046
8.8812 0.0811974
8.88152 0.0815169
8.88152 0.0815169
8.8833 0.0832983
8.88362 0.0836178
8.88362 0.0836178
8.88375 0.0437352
8.88375 0.0437352
8.88375 0.0437352
8.88375 0.0437352
8.88375 0.0434157
8.88375 0.0434157
8.88388 0.0435441
8.88544 0.0854382
8.88576 0.0857577
8.88614 0.0861395
8.88677 0.08677
8.88719 0.0871828
8.88751 0.0875023
8.88783 0.0878218
8.88783 0.0878002
8.8887 0.0887012
8.88924 0.0892168
8.89006 0.090034
8.89184 0.091837
8.89216 0.0921565
8.8926 0.092575
8.89292 0.0928983
8.89418 0.0941726
8.89546 0.0954563
8.89578 0.0957758
8.89803 0.0980238
8.90065 0.100645
8.90147 0.101462
8.90203 0.10203
8.90235 0.10235
8.90329 0.0432904
8.90329 0.0432904
8.90329 0.0432904
8.90361 0.0436054
8.90361 0.0432859
8.90361 0.0432859
8.90654 0.106534
8.90745 0.107445
8.90827 0.108262
8.91005 0.110018
8.91099 0.110985
8.91153 0.111522
8.91185 0.111842
8.91552 0.115499
8.91731 0.117302
8.9194 0.119373
8.92084 0.120834
8.92256 0.122553
8.92309 0.12309
8.92332 0.0432982
8.92332 0.0432982
8.92332 0.0432982
8.92363 0.0436132
8.92363 0.0432937
8.92363 0.0432937
8.92597 0.125968
8.92841 0.128403
8.93271 0.132703
8.93303 0.133023
8.93391 0.133902
8.93531 0.13531
8.93669 0.136687
8.94348 0.0434774
8.94361 0.0432863
8.94361 0.0432863
8.94361 0.0432863
8.94392 0.0436013
8.94392 0.0432818
8.94392 0.0432818
8.94502 0.0450179
8.9477 0.0477013
8.9488 0.0487984
8.95307 0.153067
8.9546 0.1546
8.95676 0.0567553
8.95676 0.0567553
8.95708 0.0570748
8.95752 0.0575188
8.95896 0.058958
8.95928 0.0592645
8.96019 0.060188
8.96051 0.0605075
8.96051 0.0604945
8.96114 0.061138
8.96196 0.0619552
8.96228 0.162274
8.9626 0.162593
8.96292 0.0629032
8.96332 0.0432968
8.96332 0.0432968
8.96332 0.0432968
8.96364 0.0636416
8.96377 0.0437447
8.96377 0.0434252
8.96377 0.0434252
8.96428 0.0642631
8.96569 0.0656734
8.96619 0.0661774
8.9672 0.167193
8.9729 0.0728947
8.97455 0.0745516
8.97494 0.0749252
8.97924 0.0792342
8.97956 0.0795537
8.98019 0.0801842
8.98051 0.0805037
8.9812 0.0811965
8.98152 0.081516
8.98152 0.081516
8.98327 0.0832663
8.98359 0.0835858
8.98359 0.0835858
8.98372 0.0437032
8.98372 0.0437032
8.98372 0.0437032
8.98372 0.0437032
8.98372 0.0433837
8.98372 0.0433837
8.98385 0.0435121
8.98544 0.0854374
8.98576 0.0857569
8.98614 0.0861386
8.98677 0.0867691
8.98718 0.0871819
8.9875 0.0875014
8.98782 0.087821
8.98782 0.087808
8.9887 0.0887003
8.98921 0.0891935
8.99003 0.0900107
8.99184 0.0918361
8.99216 0.0921556
8.9926 0.0925742
8.99292 0.0929061
8.99417 0.0941717
8.99549 0.0954865
8.99581 0.095806
8.99803 0.0980229
9.00065 0.100644
9.00146 0.101461
9.00203 0.10203
9.00235 0.102349
9.00332 0.0432895
9.00332 0.0432895
9.00332 0.0432895
9.00363 0.0436045
9.00363 0.043285
9.00363 0.043285
9.00654 0.106541
9.00745 0.107451
9.00827 0.108269
9.01005 0.110025
9.01103 0.111023
9.01156 0.11156
9.01188 0.111879
9.0155 0.115483
9.01731 0.117308
9.01937 0.119357
9.02084 0.12084
9.02256 0.122559
9.0231 0.123097
9.02332 0.0433048
9.02332 0.0433048
9.02332 0.0433048
9.02364 0.0436198
9.02364 0.0433003
9.02364 0.0433003
9.02601 0.126006
9.02841 0.128409
9.03271 0.13271
9.03303 0.133029
9.03391 0.133909
9.03532 0.135317
9.0367 0.136694
9.04349 0.0434839
9.04361 0.0432928
9.04361 0.0432928
9.04361 0.0432928
9.04393 0.0436078
9.04393 0.0432883
9.04393 0.0432883
9.04503 0.0450245
9.04771 0.0477079
9.04881 0.048805
9.05311 0.153105
9.05461 0.154606
9.05676 0.0567619
9.05676 0.0567619
9.05708 0.0570814
9.05753 0.0575253
9.05897 0.0589646
9.05929 0.0592798
9.0602 0.0601946
9.06052 0.0605141
9.06052 0.0605097
9.06115 0.0611446
9.06196 0.0619618
9.06228 0.16228
9.0626 0.1626
9.06292 0.0629046
9.06333 0.0433034
9.06333 0.0433034
9.06333 0.0433034
9.06365 0.0636481
9.06378 0.0437513
9.06378 0.0434318
9.06378 0.0434318
9.06428 0.0642783
9.06572 0.0657182
9.0662 0.0661926
9.0672 0.1672
9.0729 0.0729012
9.07456 0.0745582
9.07497 0.0749438
9.07927 0.0792719
9.07959 0.0795914
9.08019 0.0801908
9.08051 0.0805103
9.0812 0.0812031
9.08152 0.0815226
9.08152 0.0815226
9.08327 0.0832729
9.08359 0.0835924
9.08359 0.0835924
9.08372 0.0437098
9.08372 0.0437098
9.08372 0.0437098
9.08372 0.0437098
9.08372 0.0433903
9.08372 0.0433903
9.08385 0.0435187
9.08548 0.085475
9.0858 0.0857945
9.08618 0.0861763
9.08678 0.0867757
9.08719 0.0871885
9.08751 0.087508
9.08783 0.0878275
9.08783 0.0878232
9.08871 0.0887069
9.08925 0.0892398
9.09006 0.090057
9.09184 0.0918427
9.09216 0.0921622
9.09261 0.0925807
9.09293 0.0929213
9.09415 0.0941472
9.09549 0.0954931
9.09581 0.0958126
9.09803 0.0980295
9.10065 0.100651
9.1015 0.101499
9.10204 0.102036
9.10236 0.102356
9.10333 0.0432961
9.10333 0.0432961
9.10333 0.0432961
9.10367 0.0436422
9.10367 0.0433227
9.10367 0.0433227
9.10654 0.10654
9.10745 0.107451
9.10827 0.108268
9.11005 0.110024
9.11099 0.110991
9.11153 0.111528
9.11185 0.111847
9.1155 0.115491
9.11731 0.117308
9.11937 0.119365
9.12084 0.120839
9.12256 0.122558
9.1231 0.123096
9.12332 0.0433039
9.12332 0.0433039
9.12332 0.0433039
9.12363 0.0436189
9.12363 0.0432994
9.12363 0.0432994
9.12598 0.125974
9.12841 0.128408
9.13268 0.132678
9.133 0.132997
9.13391 0.133908
9.13532 0.135316
9.13669 0.136693
9.14352 0.0435142
9.14364 0.0433231
9.14364 0.0433231
9.14364 0.0433231
9.14396 0.0436381
9.14396 0.0433186
9.14396 0.0433186
9.14502 0.0450236
9.14771 0.047707
9.14881 0.0488041
9.15307 0.153073
9.15458 0.154574
9.15676 0.056761
9.15676 0.056761
9.15708 0.0570805
9.15756 0.0575556
9.15896 0.0589637
9.15928 0.0592564
9.16019 0.0601937
9.16051 0.0605132
9.16083 0.0608059
9.16115 0.0611522
9.16197 0.0619694
9.16229 0.162288
9.16261 0.162608
9.16293 0.062907
9.16334 0.043311
9.16334 0.043311
9.16334 0.043311
9.16366 0.0636557
9.16379 0.0437589
9.16379 0.0434393
9.16379 0.0434393
9.16429 0.0642635
9.16573 0.0657017
9.16621 0.0661777
9.16718 0.167176
9.17291 0.0729088
9.17454 0.0745347
9.17498 0.0749635
9.17928 0.0792794
9.1796 0.079599
9.1802 0.0801984
9.18052 0.0805179
9.18118 0.0811796
9.18153 0.0815302
9.18153 0.0815302
9.18328 0.0832805
9.1836 0.0836
9.1836 0.0836
9.18373 0.0437174
9.18373 0.0437174
9.18373 0.0437174
9.18373 0.0437174
9.18373 0.0433979
9.18373 0.0433979
9.18386 0.0435263
9.18545 0.0854515
9.18577 0.085771
9.18618 0.0861838
9.18675 0.0867522
9.18717 0.087165
9.18749 0.0874845
9.18781 0.087804
9.18781 0.0877772
9.18868 0.0886834
9.18925 0.0892249
9.19007 0.0900421
9.19185 0.0918503
9.19217 0.0921698
9.19261 0.0925883
9.19293 0.0929064
9.19416 0.0941548
9.1955 0.0955007
9.19582 0.0958202
9.19804 0.0980371
9.20063 0.100627
9.20151 0.101507
9.20201 0.102013
9.20233 0.102332
9.20333 0.0433037
9.20333 0.0433037
9.20333 0.0433037
9.20365 0.0436187
9.20365 0.0432992
9.20365 0.0432992
9.20652 0.106517
9.20743 0.107427
9.20825 0.108244
9.21006 0.110031
9.21097 0.110967
9.21154 0.111535
9.21186 0.111855
9.2155 0.115476
9.21732 0.117315
9.21938 0.11935
9.22082 0.120816
9.22257 0.122566
9.22307 0.123072
9.22333 0.0433115
9.22333 0.0433115
9.22333 0.0433115
9.22364 0.0436265
9.22364 0.043307
9.22364 0.043307
9.22598 0.125981
9.22842 0.128416
9.23269 0.132686
9.23301 0.133005
9.23389 0.133884
9.23529 0.135293
9.23667 0.13667
9.24349 0.0434907
9.24362 0.0432995
9.24362 0.0432995
9.24362 0.0432995
9.24393 0.0436146
9.24393 0.043295
9.24393 0.043295
9.24503 0.0450312
9.24771 0.0477146
9.24881 0.0488117
9.25308 0.153081
9.25458 0.154582
9.25677 0.0567686
9.25677 0.0567686
9.25709 0.0570881
9.25753 0.057532
9.25897 0.0589713
9.25929 0.0592726
9.2602 0.0602013
9.26052 0.0605208
9.26084 0.0608221
9.26116 0.0611598
9.26198 0.061977
9.2623 0.162296
9.2623 0.162296
9.26271 0.0626832
9.26334 0.0433101
9.26334 0.0433101
9.26334 0.0433101
9.26366 0.0636549
9.26378 0.043758
9.26378 0.0434385
9.26378 0.0434385
9.26429 0.0642712
9.26573 0.0657079
9.2662 0.0661855
9.26718 0.167176
9.27291 0.0729079
9.27453 0.0745338
9.27498 0.0749748
9.27928 0.0792786
9.2796 0.0795981
9.2802 0.0801975
9.28052 0.080517
9.28118 0.0811787
9.28153 0.0815293
9.28153 0.0815293
9.28328 0.0832796
9.2836 0.0835991
9.2836 0.0835991
9.28373 0.0437165
9.28373 0.0437165
9.28373 0.0437165
9.28373 0.0437165
9.28373 0.043397
9.28373 0.043397
9.28386 0.0435254
9.28545 0.0854506
9.28577 0.0857701
9.28618 0.086183
9.28675 0.0867513
9.28716 0.0871641
9.28748 0.0874836
9.2878 0.0878031
9.2878 0.087785
9.28868 0.0886825
9.28925 0.0892327
9.29007 0.0900499
9.29185 0.0918494
9.29217 0.0921689
9.29261 0.0925874
9.29293 0.0929142
9.29415 0.0941539
9.2955 0.0954998
9.29582 0.0958193
9.29804 0.0980362
9.30063 0.100626
9.30151 0.101506
9.30201 0.102012
9.30233 0.102331
9.30333 0.0433028
9.30333 0.0433028
9.30333 0.0433028
9.30365 0.0436178
9.30365 0.0432983
9.30365 0.0432983
9.30652 0.106516
9.30743 0.107426
9.30824 0.108243
9.31006 0.11003
9.31097 0.110966
9.31153 0.111535
9.31185 0.111854
9.3155 0.115484
9.31731 0.117314
9.31938 0.119357
9.32082 0.120815
9.32257 0.122565
9.32307 0.123071
9.32332 0.0433106
9.32332 0.0433106
9.32332 0.0433106
9.32364 0.0436256
9.32364 0.0433061
9.32364 0.0433061
9.32598 0.12598
9.32842 0.128415
9.33268 0.132685
9.333 0.133004
9.33388 0.133884
9.33529 0.135292
9.33667 0.136669
9.34352 0.0434898
9.34365 0.0432987
9.34365 0.0432987
9.34365 0.0432987
9.34396 0.0436137
9.34396 0.0432942
9.34396 0.0432942
9.34506 0.0450303
9.34774 0.0477137
9.34884 0.0488108
9.35308 0.15308
9.35458 0.154581
9.3568 0.0567677
9.3568 0.0567677
9.35712 0.0570872
9.35756 0.0575312
9.359 0.0589704
9.35932 0.0593115
9.36023 0.0602004
9.36055 0.0605199
9.36055 0.0605415
9.36118 0.0611504
9.362 0.0619676
9.36232 0.162317
9.36232 0.162317
9.3627 0.0626686
9.36333 0.0433007
9.36333 0.0433007
9.36333 0.0433007
9.36364 0.0636144
9.36377 0.0437486
9.36377 0.0434291
9.36377 0.0434291
9.36428 0.0642705
9.36572 0.0657057
9.36619 0.0661848
9.3672 0.167197
9.37293 0.0728986
9.37459 0.0745556
9.375 0.0749775
9.37933 0.0793003
9.37965 0.0796198
9.38022 0.0801882
9.38054 0.0805077
9.3812 0.0811693
9.38155 0.0815199
9.38187 0.0818394
9.38331 0.0832787
9.38363 0.0835982
9.38363 0.0835982
9.38376 0.0437467
9.38376 0.0437467
9.38376 0.0437467
9.38376 0.0437467
9.38376 0.0434272
9.38376 0.0434272
9.38389 0.0435556
9.38548 0.0854498
9.3858 0.0857693
9.38621 0.0861821
9.38681 0.0867815
9.38719 0.0871632
9.38751 0.0874827
9.38783 0.0878022
9.38783 0.0878238
9.38871 0.0886816
9.38925 0.0892405
9.39007 0.0900576
9.39188 0.0918485
9.3922 0.092168
9.39261 0.0925866
9.39293 0.092922
9.39418 0.094153
9.39553 0.0954989
9.39585 0.0958184
9.39807 0.0980353
9.40066 0.100625
9.40154 0.101505
9.40204 0.102011
9.40236 0.10233
9.40333 0.0433019
9.40333 0.0433019
9.40333 0.0433019
9.40364 0.0436169
9.40364 0.0432974
9.40364 0.0432974
9.40655 0.106515
9.40746 0.107425
9.40827 0.108242
9.41005 0.11003
9.411 0.110965
9.41156 0.111534
9.41188 0.111853
9.4155 0.115491
9.41734 0.117313
9.41937 0.119365
9.42084 0.120814
9.42259 0.122564
9.4231 0.12307
9.42332 0.0433097
9.42332 0.0433097
9.42332 0.0433097
9.42364 0.0436247
9.42364 0.0433052
9.42364 0.0433052
9.42601 0.125979
9.42844 0.128414
9.43271 0.132684
9.43303 0.133003
9.43394 0.133914
9.43535 0.135322
9.4367 0.136668
9.44352 0.0434889
9.44365 0.0432978
9.44365 0.0432978
9.44365 0.0432978
9.44399 0.0436439
9.44399 0.0433244
9.44399 0.0433244
9.44506 0.0450294
9.44774 0.0477128
9.44884 0.0488099
9.45311 0.153079
9.45461 0.15458
9.4568 0.0567668
9.4568 0.0567668
9.45712 0.0570863
9.45756 0.0575303
9.459 0.0589695
9.45932 0.0592882
9.46023 0.0601995
9.46055 0.060519
9.46055 0.0605181
9.46118 0.0611496
9.462 0.0619667
9.46232 0.162285
9.46264 0.162605
9.46295 0.062951
9.46333 0.0433083
9.46333 0.0433083
9.46333 0.0433083
9.46365 0.063622
9.46378 0.0437562
9.46378 0.0434367
9.46378 0.0434367
9.46429 0.0642556
9.46573 0.0657203
9.46623 0.066201
9.4672 0.167174
9.47294 0.0729062
9.47456 0.0745321
9.47497 0.0749661
9.47931 0.0792768
9.47963 0.0795963
9.48023 0.0801958
9.48054 0.0805153
9.48121 0.0811769
9.48156 0.0815275
9.48156 0.0815275
9.48331 0.0832778
9.48363 0.0835973
9.48363 0.0835973
9.48376 0.0437458
9.48376 0.0437458
9.48376 0.0437458
9.48376 0.0437458
9.48376 0.0434263
9.48376 0.0434263
9.48388 0.0435547
9.48548 0.0854489
9.4858 0.0857684
9.48621 0.0861812
9.48678 0.0867495
9.48719 0.0871624
9.48751 0.0874819
9.48783 0.0878014
9.48783 0.0878005
9.48871 0.0886807
9.48925 0.0892171
9.4901 0.0900654
9.49188 0.0918477
9.4922 0.0921672
9.49261 0.0925857
9.49293 0.0928986
9.49418 0.0941521
9.49553 0.0954981
9.49585 0.0958176
9.49806 0.0980344
9.50065 0.100625
9.50153 0.101504
9.50204 0.10201
9.50236 0.10233
9.50333 0.043301
9.50333 0.043301
9.50333 0.043301
9.50364 0.0436161
9.50364 0.0432966
9.50364 0.0432966
9.50654 0.106514
9.50745 0.107424
9.50827 0.108242
9.51005 0.110029
9.51099 0.110965
9.51156 0.111533
9.51188 0.111852
9.5155 0.115468
9.51734 0.117312
9.5194 0.119373
9.52084 0.120813
9.52259 0.122563
9.5231 0.123069
9.52332 0.0433088
9.52332 0.0433088
9.52332 0.0433088
9.52364 0.0436238
9.52364 0.0433043
9.52364 0.0433043
9.52601 0.125979
9.52844 0.128413
9.53271 0.132683
9.53303 0.133002
9.53394 0.133913
9.53535 0.135321
9.5367 0.136667
9.54352 0.043488
9.54365 0.0432969
9.54365 0.0432969
9.54365 0.0432969
9.54399 0.043643
9.54399 0.0433235
9.54399 0.0433235
9.54506 0.0450285
9.54774 0.0477119
9.54884 0.048809
9.55311 0.153078
9.55461 0.154579
9.55679 0.056766
9.55679 0.056766
9.55711 0.0570855
9.55756 0.0575294
9.559 0.0589686
9.55932 0.0592959
9.56023 0.0601986
9.56055 0.0605181
9.56055 0.0605259
9.56118 0.0611487
9.56199 0.0619659
9.56231 0.162285
9.56263 0.162604
9.56295 0.0629449
9.56333 0.0433074
9.56333 0.0433074
9.56333 0.0433074
9.56365 0.0636211
9.56378 0.0437553
9.56378 0.0434358
9.56378 0.0434358
9.56428 0.0642634
9.56572 0.0656955
9.5662 0.0661777
9.5672 0.167173
9.57293 0.0729053
9.57456 0.0745312
9.575 0.0749773
9.5793 0.0792759
9.57962 0.0795954
9.58022 0.0801949
9.58054 0.0805144
9.5812 0.081176
9.58156 0.0815266
9.58156 0.0815266
9.58331 0.0832769
9.58363 0.0835964
9.58363 0.0835964
9.58375 0.043745
9.58375 0.043745
9.58375 0.043745
9.58375 0.043745
9.58375 0.0434254
9.58375 0.0434254
9.58388 0.0435538
9.58548 0.085448
9.5858 0.0857675
9.58621 0.0861803
9.58681 0.0867798
9.58719 0.0871615
9.58751 0.087481
9.58783 0.0878005
9.58783 0.0878083
9.58871 0.0886799
9.58925 0.0892249
9.59006 0.090042
9.59188 0.0918468
9.5922 0.0921663
9.59261 0.0925848
9.59293 0.0929064
9.59418 0.0941512
9.59553 0.0954972
9.59585 0.0958167
9.59806 0.0980335
9.60065 0.100624
9.60153 0.101503
9.60204 0.102009
9.60236 0.102329
9.60333 0.0433002
9.60333 0.0433002
9.60333 0.0433002
9.60364 0.0436152
9.60364 0.0432957
9.60364 0.0432957
9.60654 0.106513
9.60745 0.107423
9.60827 0.108241
9.61005 0.110028
9.61099 0.110964
9.61156 0.111532
9.61188 0.111851
9.6155 0.115476
9.61734 0.117312
9.61937 0.11935
9.62084 0.120812
9.62259 0.122562
9.6231 0.123069
9.62332 0.0433079
9.62332 0.0433079
9.62332 0.0433079
9.62363 0.043623
9.62363 0.0433034
9.62363 0.0433034
9.62601 0.125978
9.62844 0.128412
9.63274 0.132713
9.63306 0.133033
9.63394 0.133912
9.63535 0.13532
9.63669 0.136666
9.64352 0.0434871
9.64364 0.043296
9.64364 0.043296
9.64364 0.043296
9.64399 0.0436421
9.64399 0.0433226
9.64399 0.0433226
9.64506 0.0450276
9.64774 0.0477111
9.64884 0.0488082
9.65311 0.153077
9.65461 0.154579
9.65679 0.0567651
9.65679 0.0567651
9.65711 0.0570846
9.65756 0.0575285
9.659 0.0589678
9.65932 0.0593037
9.66023 0.0601978
9.66055 0.0605173
9.66055 0.0605337
9.66118 0.0611478
9.66199 0.061965
9.66231 0.162284
9.66263 0.162603
9.66295 0.0629389
9.66333 0.0433065
9.66333 0.0433065
9.66333 0.0433065
9.66365 0.0636202
9.66378 0.0437544
9.66378 0.0434349
9.66378 0.0434349
9.66428 0.0642712
9.66572 0.0657017
9.6662 0.0661854
9.66723 0.167203
9.67293 0.0729044
9.67456 0.0745303
9.67497 0.0749575
9.67933 0.0793061
9.67965 0.0796257
9.68022 0.080194
9.68054 0.0805135
9.6812 0.0811751
9.68155 0.0815258
9.68155 0.0815258
9.6833 0.0832761
9.68362 0.0835956
9.68362 0.0835956
9.68375 0.0437441
9.68375 0.0437441
9.68375 0.0437441
9.68375 0.0437441
9.68375 0.0434246
9.68375 0.0434246
9.68388 0.043553
9.68548 0.0854471
9.68579 0.0857666
9.68621 0.0861794
9.68681 0.0867789
9.68719 0.0871606
9.68751 0.0874801
9.68783 0.0877996
9.68783 0.087816
9.68871 0.088679
9.68924 0.0892326
9.69006 0.0900498
9.69187 0.0918459
9.69219 0.0921654
9.69261 0.0925839
9.69293 0.0929141
9.69418 0.0941503
9.69552 0.0954963
9.69584 0.0958158
9.69806 0.0980326
9.70065 0.100623
9.70153 0.101502
9.70204 0.102008
9.70236 0.102328
9.70332 0.0432993
9.70332 0.0432993
9.70332 0.0432993
9.70364 0.0436143
9.70364 0.0432948
9.70364 0.0432948
9.70654 0.106512
9.70745 0.107423
9.70827 0.10824
9.71005 0.110027
9.71099 0.110963
9.71156 0.111531
9.71188 0.111851
9.7155 0.115484
9.71734 0.117311
9.71937 0.119357
9.72084 0.120811
9.72259 0.122562
9.7231 0.123068
9.72332 0.0433071
9.72332 0.0433071
9.72332 0.0433071
9.72363 0.0436221
9.72363 0.0433026
9.72363 0.0433026
9.726 0.125977
9.72844 0.128411
9.73274 0.132712
9.73306 0.133032
9.73394 0.133911
9.73535 0.135319
9.73669 0.136665
9.74351 0.0434862
9.74364 0.0432951
9.74364 0.0432951
9.74364 0.0432951
9.74399 0.0436412
9.74399 0.0433217
9.74399 0.0433217
9.74505 0.0450268
9.74774 0.0477102
9.74883 0.0488073
9.7531 0.153076
9.75461 0.154578
9.75679 0.0567642
9.75679 0.0567642
9.75711 0.0570837
9.75755 0.0575276
9.75899 0.0589669
9.75931 0.0593114
9.76022 0.0601969
9.76054 0.0605164
9.76054 0.0605414
9.76117 0.0611469
9.76199 0.0619641
9.76231 0.162283
9.76263 0.162602
9.76295 0.0629328
9.76333 0.0433057
9.76333 0.0433057
9.76333 0.0433057
9.76365 0.0636193
9.76377 0.0437536
9.76377 0.0434341
9.76377 0.0434341
9.76425 0.0642478
9.76572 0.0657079
9.7662 0.0661932
9.7672 0.167171
9.77293 0.0729035
9.77456 0.0745294
9.77497 0.0749687
9.77933 0.0793053
9.77965 0.0796248
9.78022 0.0801931
9.78054 0.0805126
9.7812 0.0811743
9.78155 0.0815249
9.78155 0.0815249
9.7833 0.0832752
9.78362 0.0835947
9.78362 0.0835947
9.78375 0.0437432
9.78375 0.0437432
9.78375 0.0437432
9.78375 0.0437432
9.78375 0.0434237
9.78375 0.0434237
9.78388 0.0435521
9.78547 0.0854462
9.78579 0.0857657
9.78621 0.0861786
9.78681 0.086778
9.78719 0.0871597
9.78751 0.0874792
9.78783 0.0877987
9.78783 0.0878238
9.78874 0.0887092
9.78924 0.0892404
9.79006 0.0900576
9.79187 0.091845
9.79219 0.0921645
9.7926 0.092583
9.79292 0.0929219
9.79418 0.0941495
9.79552 0.0954954
9.79584 0.0958149
9.79806 0.0980318
9.80065 0.100622
9.80153 0.101501
9.80203 0.102007
9.80235 0.102327
9.80332 0.0432984
9.80332 0.0432984
9.80332 0.0432984
9.80364 0.0436134
9.80364 0.0432939
9.80364 0.0432939
9.80654 0.106511
9.80745 0.107422
9.80827 0.108239
9.81005 0.110026
9.81099 0.110962
9.81156 0.11153
9.81188 0.11185
9.81549 0.115491
9.81734 0.11731
9.81937 0.119365
9.82084 0.12081
9.82259 0.122561
9.82309 0.123067
9.82332 0.0433062
9.82332 0.0433062
9.82332 0.0433062
9.82363 0.0436212
9.82363 0.0433017
9.82363 0.0433017
9.826 0.125976
9.82844 0.128411
9.83274 0.132711
9.83306 0.133031
9.83394 0.13391
9.83535 0.135318
9.83669 0.136664
9.84351 0.0434854
9.84364 0.0432943
9.84364 0.0432943
9.84364 0.0432943
9.84399 0.0436404
9.84399 0.0433209
9.84399 0.0433209
9.84505 0.0450259
9.84774 0.0477093
9.84883 0.0488064
9.8531 0.153075
9.8546 0.154577
9.85679 0.0567633
9.85679 0.0567633
9.85711 0.0570828
9.85758 0.0575579
9.85899 0.058966
9.85931 0.0592881
9.86022 0.060196
9.86054 0.0605155
9.86054 0.0605181
9.86117 0.061146
9.86199 0.0619632
9.86231 0.162282
9.86263 0.162601
9.86295 0.0629268
9.86333 0.0433048
9.86333 0.0433048
9.86333 0.0433048
9.86364 0.0636185
9.86377 0.0437527
9.86377 0.0434332
9.86377 0.0434332
9.86428 0.0642556
9.86572 0.0657141
9.86622 0.066201
9.8672 0.16717
9.87293 0.0729027
9.87455 0.0745285
9.875 0.0749799
9.87933 0.0793044
9.87965 0.0796239
9.88022 0.0801922
9.88054 0.0805117
9.8812 0.0811734
9.88155 0.081524
9.88155 0.081524
9.8833 0.0832743
9.88362 0.0835938
9.88362 0.0835938
9.88375 0.0437423
9.88375 0.0437423
9.88375 0.0437423
9.88375 0.0437423
9.88375 0.0434228
9.88375 0.0434228
9.88388 0.0435512
9.8855 0.0854764
9.8855 0.0854764
9.8862 0.0861692
9.8868 0.0867686
9.88718 0.0871504
9.8875 0.0874699
9.88782 0.0877894
9.88782 0.087792
9.88873 0.0886999
9.88926 0.0892397
9.89008 0.0900569
9.89186 0.0918357
9.89218 0.0921552
9.89259 0.0925737
9.89291 0.0928901
9.8942 0.0941712
9.89554 0.0955172
9.89586 0.0958367
9.89808 0.0980535
9.90067 0.100644
9.90152 0.101492
9.90206 0.102029
9.90238 0.102349
9.90334 0.0433202
9.90334 0.0433202
9.90334 0.0433202
9.90366 0.0436352
9.90366 0.0433157
9.90366 0.0433157
9.90656 0.106533
9.90744 0.107412
9.90829 0.108261
9.91007 0.110048
9.91101 0.110984
9.91155 0.111521
9.91187 0.11184
9.91551 0.115491
9.91733 0.117301
9.91939 0.119364
9.92086 0.120832
9.92258 0.122551
9.92312 0.123089
9.92331 0.0432968
9.92331 0.0432968
9.92331 0.0432968
9.92365 0.0436429
9.92365 0.0433234
9.92365 0.0433234
9.92599 0.125967
9.92843 0.128401
9.93273 0.132702
9.93305 0.133021
9.93393 0.133901
9.93534 0.135309
9.93671 0.136686
9.94353 0.0435071
9.94366 0.043316
9.94366 0.043316
9.94366 0.043316
9.94398 0.043631
9.94398 0.0433115
9.94398 0.0433115
9.94398 0.0433115
9.94504 0.0450165
9.94776 0.047731
9.94776 0.0435066
9.94885 0.0488282
9.95085 0.043324
9.9531 0.15307
9.9546 0.154571
9.95678 0.0567579
9.95678 0.0567579
9.9571 0.0570775
9.95732 0.0433222
9.95764 0.0576187
9.95899 0.0589646
9.95931 0.0592953
9.96022 0.0601946
9.96054 0.0605141
9.96054 0.0605253
9.96092 0.0432979
9.96124 0.0612108
9.96199 0.0619658
9.96231 0.162284
9.96263 0.162604
9.96295 0.0629241
9.96333 0.0433046
9.96333 0.0433046
9.96333 0.0433046
9.96365 0.063621
9.96378 0.0437525
9.96378 0.043433
9.96378 0.043433
9.96428 0.0642668
9.9655 0.0433125
9.96582 0.0657899
9.9662 0.066185
9.96723 0.167208
9.9691 0.0433024
9.97294 0.0729132
9.97338 0.0433063
9.97457 0.074543
9.97498 0.0749754
9.97738 0.0433188
9.97932 0.0792917
9.97964 0.0796113
9.98021 0.0801796
9.98052 0.0804991
9.98119 0.0811608
9.98131 0.0434499
9.98163 0.0816086
9.98163 0.0816086
9.98329 0.0832656
9.98361 0.0835851
9.98361 0.0835851
9.98374 0.0437197
9.98374 0.0437197
9.98374 0.0437197
9.98374 0.0437197
9.98374 0.0434002
9.98374 0.0434002
9.98387 0.0435285
9.98549 0.0854678
9.98581 0.0857873
9.98581 0.043537
9.98619 0.086169
9.98679 0.0867685
9.98718 0.0871502
9.9875 0.0874697
9.98781 0.0877892
9.98781 0.0878004
9.98873 0.0886997
9.98923 0.089217
9.98952 0.0433118
9.99005 0.0900382
9.99187 0.0918394
9.99218 0.0921589
9.9926 0.0925775
9.99292 0.0929025
9.9942 0.094175
9.99552 0.0954898
9.99583 0.0958093
9.99583 0.0435577
9.99805 0.0980262
9.99946 0.0433129

