% time_sec delay_sec
0.133318 0.0332874
0.137245 0.037215
0.137938 0.0379077
0.139751 0.0397202
0.14091 0.0408795
0.141541 0.0415101
0.14186 0.0418296
0.14218 0.0421491
0.143494 0.0434639
0.143814 0.0437834
0.143814 0.0437834
0.144133 0.0441029
0.144515 0.0444847
0.144835 0.0448042
0.145216 0.0451859
0.147122 0.0470917
0.148313 0.0482821
0.150281 0.0502501
0.150662 0.0506318
0.153128 0.0530975
0.155936 0.0559054
0.156473 0.0564426
0.1618 0.0617698
0.16212 0.0620894
0.167758 0.0677276
0.174858 0.0748278
0.175364 0.075334
0.178172 0.0781418
0.178523 0.0784924
0.178842 0.0788119
0.179877 0.0798468
0.182561 0.0825302
0.18288 0.0828497
0.184693 0.0846622
0.186412 0.0863814
0.187758 0.0877273
0.18901 0.08898
0.18933 0.0892995
0.18933 0.0892995
0.189649 0.089619
0.189649 0.089619
0.189969 0.0899385
0.190288 0.090258
0.190288 0.090258
0.191137 0.0911063
0.191137 0.0911063
0.191705 0.0916746
0.192802 0.0927717
0.193122 0.0930912
0.193122 0.0930912
0.196272 0.0962412
0.196591 0.0965607
0.196942 0.0969113
0.199128 0.0990971
0.201002 0.100972
0.204992 0.104962
0.207302 0.107272
0.208835 0.108804
0.210056 0.110026
0.210376 0.110345
0.21309 0.11306
0.213939 0.113908
0.215471 0.115441
0.219212 0.119182
0.219532 0.119501
0.219913 0.119883
0.220233 0.120202
0.220552 0.120522
0.221401 0.12137
0.226666 0.126635
0.227141 0.12711
0.233308 0.0333005
0.234249 0.134219
0.23572 0.135689
0.237221 0.0372139
0.237914 0.0379067
0.239446 0.139416
0.239766 0.139735
0.239766 0.0397587
0.240894 0.040887
0.241525 0.0415175
0.241844 0.041837
0.242164 0.0421565
0.243323 0.143293
0.243643 0.0436353
0.243643 0.0436353
0.243962 0.0439548
0.243962 0.0439548
0.244499 0.0444921
0.244819 0.0448116
0.245169 0.0451622
0.247075 0.147045
0.247395 0.0473875
0.247714 0.147684
0.248283 0.0482754
0.250251 0.0502434
0.250632 0.0506251
0.251481 0.15145
0.253106 0.0530992
0.253426 0.153395
0.255892 0.0558844
0.256429 0.0564217
0.261787 0.06178
0.262107 0.0620995
0.267745 0.0677378
0.268065 0.168034
0.274854 0.0748465
0.275329 0.0753215
0.278168 0.0781604
0.278487 0.0784799
0.278807 0.0787994
0.279873 0.0798654
0.282525 0.0825178
0.282844 0.0828373
0.284657 0.0846498
0.286407 0.0864001
0.287722 0.0877149
0.289006 0.0889986
0.289325 0.0893181
0.289325 0.0893181
0.289645 0.0896376
0.289645 0.0896376
0.289964 0.0899571
0.290284 0.0902766
0.290284 0.0902766
0.291132 0.0911249
0.291132 0.0911249
0.291669 0.0916622
0.292798 0.0927904
0.293117 0.0931099
0.293117 0.0931099
0.296236 0.0962287
0.296555 0.0965482
0.296906 0.0968989
0.299092 0.0990846
0.300966 0.100959
0.304956 0.104949
0.307298 0.10729
0.30883 0.108823
0.310052 0.110044
0.310371 0.110364
0.313086 0.113078
0.313903 0.113896
0.315466 0.115459
0.319176 0.119169
0.319496 0.119489
0.319909 0.119901
0.320228 0.120221
0.320548 0.12054
0.321365 0.121358
0.32663 0.126623
0.327136 0.127129
0.333303 0.0332881
0.334245 0.134237
0.335684 0.135677
0.337216 0.0372015
0.33794 0.0379253
0.339442 0.139435
0.339761 0.139754
0.339761 0.0397463
0.34089 0.0408745
0.341551 0.0415362
0.341871 0.0418557
0.34219 0.0421752
0.343318 0.143311
0.343638 0.0436229
0.343957 0.0439424
0.343957 0.0439424
0.343957 0.0439424
0.344526 0.0445107
0.344845 0.0448302
0.345196 0.0451808
0.347071 0.147063
0.34739 0.0473751
0.34771 0.147702
0.348278 0.0482629
0.350246 0.0502309
0.350628 0.0506126
0.351476 0.151469
0.353102 0.0530868
0.353421 0.153414
0.355918 0.0559031
0.356455 0.0564403
0.361783 0.0617676
0.362102 0.0620871
0.36774 0.0677254
0.36806 0.168053
0.374849 0.074834
0.375355 0.0753401
0.378163 0.078148
0.378482 0.0784675
0.378802 0.078787
0.379868 0.079853
0.382551 0.0825364
0.382871 0.0828559
0.384683 0.0846684
0.386403 0.0863876
0.387749 0.0877335
0.389001 0.0889862
0.389321 0.0893057
0.389321 0.0893057
0.38964 0.0896252
0.38964 0.0896252
0.38996 0.0899447
0.390279 0.0902642
0.390279 0.0902642
0.391127 0.0911125
0.391127 0.0911125
0.391696 0.0916808
0.392793 0.0927779
0.393112 0.0930974
0.393112 0.0930974
0.396262 0.0962474
0.396582 0.0965669
0.396933 0.0969175
0.399087 0.0990721
0.400962 0.100947
0.404983 0.104968
0.407293 0.107278
0.408825 0.10881
0.410047 0.110032
0.410367 0.110351
0.413081 0.113066
0.413929 0.113914
0.415462 0.115447
0.419172 0.119157
0.419491 0.119476
0.419904 0.119889
0.420224 0.120209
0.420543 0.120528
0.42136 0.121345
0.426656 0.126641
0.427131 0.127116
0.433298 0.0332756
0.43424 0.134225
0.43571 0.135695
0.437243 0.0372201
0.437936 0.0379129
0.439437 0.139422
0.439757 0.139742
0.439757 0.0397338
0.440916 0.0408931
0.441547 0.0415237
0.441866 0.0418432
0.442186 0.0421627
0.443314 0.143299
0.443633 0.0436104
0.443953 0.0439299
0.443953 0.0439299
0.443953 0.0439299
0.444521 0.0444983
0.444841 0.0448178
0.445191 0.0451684
0.447066 0.147051
0.447385 0.0473626
0.447705 0.14769
0.448304 0.0482816
0.450272 0.0502496
0.450654 0.0506313
0.451471 0.151456
0.453097 0.0530743
0.453417 0.153402
0.455913 0.0558906
0.456451 0.0564279
0.461778 0.0617551
0.462097 0.0620746
0.467767 0.067744
0.468086 0.168071
0.474844 0.0748216
0.475351 0.0753277
0.478158 0.0781355
0.478509 0.0784861
0.478828 0.0788056
0.479863 0.0798405
0.482547 0.0825239
0.482866 0.0828435
0.484679 0.084656
0.486429 0.0864062
0.487744 0.0877211
0.488997 0.0889737
0.489316 0.0892932
0.489316 0.0892932
0.489636 0.0896127
0.489636 0.0896127
0.489955 0.0899322
0.490275 0.0902517
0.490275 0.0902517
0.491123 0.0911
0.491442 0.0914195
0.491762 0.091739
0.492797 0.0927739
0.493116 0.0930934
0.493116 0.0930934
0.496266 0.0962434
0.496586 0.0965629
0.496936 0.0969135
0.499122 0.0990993
0.500966 0.100943
0.504987 0.104964
0.507297 0.107274
0.508829 0.108806
0.510051 0.110028
0.51037 0.110348
0.513085 0.113062
0.513933 0.11391
0.515466 0.115443
0.519207 0.119184
0.519526 0.119503
0.519908 0.119885
0.520227 0.120205
0.520547 0.120524
0.521364 0.121341
0.52666 0.126637
0.527135 0.127112
0.533302 0.0332716
0.534244 0.134221
0.535714 0.135691
0.537247 0.0372161
0.53794 0.0379089
0.539441 0.139418
0.539761 0.139738
0.539761 0.0397298
0.54092 0.0408892
0.54155 0.0415197
0.54187 0.0418392
0.542189 0.0421587
0.543318 0.143295
0.543637 0.0436064
0.543957 0.0439259
0.543957 0.0439259
0.543957 0.0439259
0.544525 0.0444943
0.544844 0.0448138
0.545195 0.0451644
0.54707 0.147047
0.547389 0.0473586
0.547709 0.147686
0.548308 0.0482776
0.550276 0.0502456
0.550658 0.0506273
0.551475 0.151452
0.553132 0.0531015
0.553452 0.153429
0.555917 0.0558866
0.556455 0.0564239
0.561813 0.0617822
0.562132 0.0621017
0.567771 0.06774
0.56809 0.168067
0.574879 0.0748487
0.575354 0.0753237
0.578193 0.0781626
0.578513 0.0784821
0.578832 0.0788016
0.579898 0.0798676
0.582551 0.08252
0.58287 0.0828395
0.584683 0.084652
0.586433 0.0864023
0.587748 0.0877171
0.589 0.0889697
0.58932 0.0892892
0.58932 0.0892892
0.589639 0.0896087
0.589639 0.0896087
0.589959 0.0899282
0.590278 0.0902477
0.590278 0.0902477
0.591158 0.0911271
0.591158 0.0911271
0.591695 0.0916644
0.592823 0.0927926
0.593143 0.0931121
0.593143 0.0931121
0.596262 0.0962309
0.596581 0.0965504
0.596932 0.0969011
0.599117 0.0990868
0.600992 0.100962
0.604982 0.104951
0.607292 0.107261
0.608856 0.108825
0.610046 0.110016
0.610366 0.110335
0.613111 0.113081
0.613929 0.113898
0.615492 0.115462
0.619202 0.119171
0.619522 0.119491
0.619934 0.119904
0.620254 0.120223
0.620573 0.120543
0.621391 0.12136
0.626656 0.126625
0.627131 0.1271
0.633298 0.0332903
0.63427 0.13424
0.63571 0.135679
0.637211 0.0372037
0.637935 0.0379275
0.639467 0.139437
0.639787 0.139756
0.639787 0.0397796
0.640884 0.0408767
0.641546 0.0415384
0.641865 0.0418579
0.642185 0.0421774
0.643344 0.143313
0.643664 0.0436562
0.643664 0.0436562
0.643983 0.0439757
0.643983 0.0439757
0.64452 0.0445129
0.64484 0.0448324
0.64519 0.0451831
0.647096 0.147066
0.647096 0.0470889
0.647602 0.147572
0.648264 0.0482566
0.650263 0.0502558
0.650614 0.0506064
0.651493 0.151462
0.653088 0.0530805
0.653407 0.153377
0.655904 0.0558968
0.656441 0.0564341
0.661769 0.0617613
0.662088 0.0620808
0.667726 0.0677191
0.668046 0.168015
0.674835 0.0748278
0.675341 0.0753339
0.678149 0.0781417
0.6785 0.0784923
0.678819 0.0788118
0.679854 0.0798467
0.682538 0.0825301
0.682857 0.0828496
0.68467 0.0846621
0.686389 0.0863813
0.687735 0.0877273
0.688987 0.0889799
0.689307 0.0892994
0.689307 0.0892994
0.689626 0.0896189
0.689626 0.0896189
0.689946 0.0899384
0.690265 0.0902579
0.690265 0.0902579
0.691114 0.0911062
0.691114 0.0911062
0.691682 0.0916745
0.692779 0.0927716
0.693099 0.0930912
0.693099 0.0930912
0.696249 0.0962411
0.696568 0.0965606
0.696919 0.0969112
0.699104 0.099097
0.700979 0.100972
0.704969 0.104961
0.707279 0.107272
0.708812 0.108804
0.710033 0.110026
0.710353 0.110345
0.713067 0.11306
0.713915 0.113908
0.715448 0.115441
0.719189 0.119182
0.719508 0.119501
0.71989 0.119883
0.72021 0.120202
0.720529 0.120522
0.721377 0.12137
0.726642 0.126635
0.727118 0.12711
0.733316 0.0333004
0.734226 0.134219
0.735697 0.135689
0.737229 0.0372138
0.737922 0.0379066
0.739423 0.139416
0.739743 0.139735
0.739743 0.0397276
0.740902 0.0408869
0.741533 0.0415174
0.741852 0.0418369
0.742172 0.0421564
0.7433 0.143292
0.743619 0.0436042
0.743939 0.0439237
0.743939 0.0439237
0.743939 0.0439237
0.744507 0.044492
0.744827 0.0448115
0.745177 0.0451621
0.747052 0.147045
0.747372 0.0473563
0.747691 0.147684
0.748291 0.0482753
0.750259 0.0502433
0.75064 0.050625
0.751457 0.15145
0.753114 0.0530992
0.753434 0.153427
0.7559 0.0558844
0.756437 0.0564216
0.761795 0.06178
0.762115 0.0620995
0.767753 0.0677378
0.768072 0.168065
0.774862 0.0748464
0.775337 0.0753214
0.778176 0.0781604
0.778495 0.0784799
0.778815 0.0787994
0.779881 0.0798654
0.782533 0.0825177
0.782852 0.0828372
0.784665 0.0846497
0.786415 0.0864
0.78773 0.0877148
0.789014 0.0889985
0.789333 0.0893181
0.789333 0.0893181
0.789653 0.0896376
0.789653 0.0896376
0.789972 0.0899571
0.790292 0.0902766
0.790292 0.0902766
0.79114 0.0911248
0.79114 0.0911248
0.791677 0.0916621
0.792806 0.0927903
0.793125 0.0931098
0.793125 0.0931098
0.796244 0.0962287
0.796563 0.0965482
0.796914 0.0968988
0.7991 0.0990845
0.800974 0.100959
0.804964 0.104949
0.807306 0.10729
0.808838 0.108823
0.81006 0.110044
0.810379 0.110364
0.813094 0.113078
0.813911 0.113896
0.815474 0.115459
0.819184 0.119169
0.819504 0.119489
0.819917 0.119901
0.820236 0.120221
0.820556 0.12054
0.821373 0.121358
0.826638 0.126623
0.827144 0.127129
0.833311 0.033288
0.834253 0.134237
0.835692 0.135677
0.837224 0.0372014
0.837948 0.0379253
0.83945 0.139435
0.839769 0.139754
0.839769 0.0397462
0.840897 0.0408744
0.841559 0.0415361
0.841879 0.0418556
0.842198 0.0421751
0.843326 0.143311
0.843646 0.0436228
0.843965 0.0439423
0.843965 0.0439423
0.843965 0.0439423
0.844534 0.0445107
0.844853 0.0448302
0.845204 0.0451808
0.847079 0.147063
0.847398 0.047375
0.847718 0.147702
0.848286 0.0482628
0.850254 0.0502309
0.850636 0.0506126
0.851484 0.151469
0.85311 0.0530867
0.853429 0.153414
0.855926 0.055903
0.856463 0.0564402
0.861791 0.0617675
0.86211 0.062087
0.867748 0.0677253
0.868068 0.168053
0.874857 0.0748339
0.875363 0.0753401
0.878171 0.0781479
0.87849 0.0784674
0.87881 0.0787869
0.879876 0.0798529
0.882559 0.0825363
0.882879 0.0828558
0.884691 0.0846683
0.886411 0.0863875
0.887757 0.0877335
0.889009 0.0889861
0.889329 0.0893056
0.889329 0.0893056
0.889648 0.0896251
0.889648 0.0896251
0.889968 0.0899446
0.890287 0.0902641
0.890287 0.0902641
0.891135 0.0911124
0.891135 0.0911124
0.891704 0.0916807
0.892801 0.0927778
0.89312 0.0930973
0.89312 0.0930973
0.89627 0.0962473
0.89659 0.0965668
0.89694 0.0969174
0.899095 0.0990721
0.90097 0.100947
0.904991 0.104968
0.907301 0.107278
0.908833 0.10881
0.910055 0.110032
0.910374 0.110351
0.913089 0.113066
0.913937 0.113914
0.91547 0.115447
0.91918 0.119157
0.919499 0.119476
0.919912 0.119889
0.920231 0.120208
0.920551 0.120528
0.921368 0.121345
0.926664 0.126641
0.927139 0.127116
0.933306 0.0332755
0.934248 0.134225
0.935718 0.135695
0.937251 0.03722
0.937944 0.0379128
0.939445 0.139422
0.939765 0.139742
0.939765 0.0397338
0.940924 0.0408931
0.941554 0.0415236
0.941874 0.0418431
0.942194 0.0421626
0.943322 0.143299
0.943641 0.0436104
0.943961 0.0439299
0.943961 0.0439299
0.943961 0.0439299
0.944529 0.0444982
0.944849 0.0448177
0.945199 0.0451683
0.947074 0.147051
0.947393 0.0473625
0.947713 0.14769
0.948312 0.0482815
0.95028 0.0502495
0.950662 0.0506312
0.951479 0.151456
0.953105 0.0530743
0.953425 0.153402
0.955921 0.0558906
0.956459 0.0564278
0.961786 0.061755
0.962105 0.0620745
0.967775 0.0677439
0.968094 0.168071
0.974852 0.0748215
0.975358 0.0753276
0.978166 0.0781354
0.978517 0.0784861
0.978836 0.0788056
0.979871 0.0798405
0.982555 0.0825239
0.982874 0.0828434
0.984687 0.0846559
0.986437 0.0864062
0.987752 0.087721
0.989005 0.0889736
0.989324 0.0892931
0.989324 0.0892931
0.989644 0.0896126
0.989644 0.0896126
0.989963 0.0899322
0.990283 0.0902517
0.990283 0.0902517
0.991131 0.0910999
0.99145 0.0914194
0.99177 0.0917389
0.992805 0.0927738
0.993124 0.0930934
0.993124 0.0930934
0.996274 0.0962433
0.996594 0.0965628
0.996944 0.0969134
0.99913 0.0990992
1.00097 0.100943
1.005 0.104967
1.00731 0.107278
1.00884 0.10881
1.01006 0.110032
1.01038 0.110351
1.0131 0.113066
1.01394 0.113914
1.01548 0.115447
1.01922 0.119188
1.01954 0.119507
1.01992 0.119889
1.02024 0.120208
1.02056 0.120528
1.02138 0.121345
1.02667 0.126641
1.02715 0.127116
1.03328 0.0332753
1.03426 0.134225
1.03573 0.135695
1.03723 0.0372198
1.03792 0.0379126
1.03945 0.139422
1.03977 0.139741
1.03977 0.0397646
1.0409 0.0408929
1.04153 0.0415234
1.04185 0.0418429
1.04217 0.0421624
1.04333 0.143298
1.04365 0.0436412
1.04397 0.0439607
1.04397 0.0439607
1.04397 0.0439607
1.04451 0.044498
1.04483 0.0448175
1.04521 0.0451992
1.04708 0.147051
1.0474 0.0473934
1.04772 0.14769
1.04832 0.0483124
1.05026 0.0502493
1.05064 0.050631
1.05149 0.151456
1.05311 0.0531051
1.05343 0.153401
1.05593 0.0559214
1.05647 0.0564587
1.06179 0.0617859
1.06211 0.0621054
1.06772 0.0677126
1.06804 0.168009
1.0733 0.033289
1.0733 0.033289
1.0733 0.033289
1.07362 0.0336085
1.07362 0.033289
1.07362 0.033289
1.07481 0.0748071
1.07535 0.0753443
1.07816 0.0781522
1.07851 0.0785028
1.07883 0.0788223
1.0799 0.0798883
1.08255 0.0825406
1.08287 0.0828601
1.08465 0.0846415
1.0864 0.0863918
1.08775 0.0877377
1.089 0.0889903
1.08932 0.0893099
1.08932 0.0893099
1.08964 0.0896294
1.08964 0.0896294
1.08996 0.0899489
1.09028 0.0902684
1.09028 0.0902684
1.09112 0.0911166
1.09144 0.0914362
1.09176 0.0917557
1.0928 0.0927906
1.09312 0.0931101
1.09312 0.0931101
1.09344 0.0334357
1.09344 0.0334357
1.09344 0.0334357
1.09376 0.0337552
1.09376 0.0334357
1.09376 0.0334357
1.09622 0.0962148
1.09654 0.0965343
1.09689 0.0968849
1.09908 0.0990706
1.10095 0.100945
1.10494 0.104935
1.10725 0.107245
1.10885 0.10884
1.11001 0.109999
1.11036 0.11035
1.11307 0.113064
1.1132 0.0331822
1.1132 0.0331822
1.1132 0.0331822
1.11342 0.0334039
1.11342 0.0330844
1.11342 0.0330844
1.1139 0.11389
1.11543 0.115422
1.1192 0.119194
1.11952 0.119514
1.11987 0.119864
1.12019 0.120184
1.12051 0.120503
1.12136 0.121352
1.12662 0.126617
1.12713 0.127123
1.1333 0.0332934
1.13343 0.0331023
1.13343 0.0331023
1.13343 0.0331023
1.13374 0.0334173
1.13374 0.0330978
1.13374 0.0330978
1.13425 0.134239
1.13569 0.135679
1.13722 0.0372148
1.13791 0.0379075
1.13941 0.139405
1.13973 0.139725
1.13973 0.0397285
1.14092 0.0408992
1.14152 0.0415184
1.14184 0.0418182
1.14216 0.0421574
1.14329 0.143282
1.14361 0.0435854
1.14393 0.0439246
1.14393 0.0439246
1.14393 0.0439194
1.1445 0.044493
1.14482 0.0447928
1.1452 0.0451745
1.14707 0.147065
1.14739 0.0473884
1.14771 0.147704
1.14831 0.0483073
1.15025 0.0502443
1.15063 0.0506291
1.15145 0.15144
1.1531 0.0531001
1.15342 0.153416
1.15355 0.0335227
1.15355 0.0335227
1.15355 0.0335227
1.15355 0.0335227
1.15355 0.0332032
1.15355 0.0332032
1.15368 0.0333316
1.15596 0.0559358
1.15647 0.0564616
1.16179 0.0617634
1.16211 0.0621084
1.16772 0.0677155
1.16804 0.168031
1.17311 0.033098
1.17311 0.033098
1.17311 0.033098
1.17343 0.033413
1.17343 0.0330935
1.17343 0.0330935
1.17484 0.0748321
1.17534 0.0753383
1.17815 0.0781461
1.1785 0.0784967
1.17882 0.0788162
1.17989 0.0798822
1.18254 0.0825148
1.18286 0.082854
1.18467 0.0846665
1.18642 0.0863971
1.18777 0.0877628
1.18902 0.08899
1.18934 0.0893349
1.18934 0.0893349
1.18966 0.0896544
1.18966 0.0896544
1.18998 0.0899739
1.1903 0.0902934
1.1903 0.0902934
1.19111 0.0911106
1.19143 0.0914301
1.19175 0.0917299
1.19279 0.0927845
1.19311 0.093104
1.19311 0.093104
1.19324 0.0332357
1.19324 0.0332357
1.19324 0.0332357
1.19343 0.0334263
1.19343 0.0331068
1.19343 0.0331068
1.19623 0.0962308
1.19655 0.0965503
1.1969 0.0968812
1.19906 0.0990556
1.20097 0.100961
1.20496 0.104951
1.20727 0.107261
1.20886 0.108856
1.21002 0.110015
1.21034 0.110335
1.21305 0.113049
1.21318 0.0331643
1.21318 0.0331643
1.21318 0.0331643
1.21343 0.0334172
1.21343 0.0330976
1.21343 0.0330976
1.21388 0.113875
1.21544 0.115438
1.21918 0.119179
1.2195 0.119499
1.21988 0.11988
1.2202 0.1202
1.22052 0.1205
1.22134 0.121337
1.22664 0.126633
1.22714 0.127139
1.23328 0.0332756
1.23341 0.0330845
1.23341 0.0330845
1.23341 0.0330845
1.23372 0.0333995
1.23372 0.03308
1.23372 0.03308
1.23423 0.134224
1.23567 0.135664
1.23723 0.0372281
1.23792 0.0379208
1.23939 0.13939
1.23971 0.13971
1.23971 0.0397107
1.2409 0.0408985
1.24153 0.0415317
1.24185 0.0418486
1.24217 0.0421707
1.2433 0.143298
1.24362 0.0436158
1.24394 0.0439379
1.24394 0.0439379
1.24394 0.0439222
1.24451 0.0445062
1.24483 0.0448232
1.24518 0.0451738
1.24705 0.14705
1.24737 0.0473706
1.24769 0.147689
1.24829 0.0482895
1.25026 0.0502575
1.25064 0.0506146
1.25146 0.151456
1.25312 0.0531134
1.25344 0.153432
1.25356 0.033536
1.25356 0.033536
1.25356 0.033536
1.25356 0.033536
1.25356 0.0332165
1.25356 0.0332165
1.25369 0.0333449
1.25591 0.055904
1.25645 0.0564438
1.26181 0.0617767
1.26212 0.0621216
1.26773 0.0677288
1.26805 0.168048
1.27309 0.0330802
1.27309 0.0330802
1.27309 0.0330802
1.27344 0.0334263
1.27344 0.0331068
1.27344 0.0331068
1.27482 0.0748143
1.27532 0.0753205
1.27813 0.0781283
1.27848 0.0784789
1.2788 0.0787984
1.27987 0.0798644
1.28252 0.0825141
1.28284 0.0828362
1.28465 0.0846487
1.28637 0.0863653
1.28775 0.0877449
1.289 0.0889722
1.28932 0.0893171
1.28932 0.0893171
1.28964 0.0896366
1.28964 0.0896366
1.28996 0.0899561
1.29028 0.0902756
1.29028 0.0902756
1.29113 0.0911239
1.29145 0.0914434
1.29177 0.0917603
1.29277 0.0927667
1.29309 0.0930862
1.29309 0.0930862
1.29322 0.0331868
1.29322 0.0331868
1.29322 0.0331868
1.29344 0.0334085
1.29344 0.033089
1.29344 0.033089
1.29625 0.0962441
1.29657 0.0965636
1.29689 0.0968805
1.29907 0.0990689
1.30095 0.100944
1.30494 0.104933
1.30725 0.107244
1.30884 0.108838
1.31 0.109998
1.31032 0.110317
1.31307 0.113063
1.31319 0.0331776
1.31319 0.0331776
1.31319 0.0331776
1.31342 0.0333993
1.31342 0.0330798
1.31342 0.0330798
1.31389 0.113888
1.31542 0.11542
1.3192 0.119192
1.31952 0.119512
1.3199 0.119894
1.32022 0.120213
1.32054 0.12053
1.32132 0.121319
1.32662 0.126615
1.32712 0.127121
1.33329 0.0332889
1.33342 0.0330978
1.33342 0.0330978
1.33342 0.0330978
1.33373 0.0334128
1.33373 0.0330933
1.33373 0.0330933
1.33421 0.134207
1.33565 0.135646
1.33721 0.0372103
1.33794 0.0379341
1.33941 0.139404
1.33973 0.139723
1.33973 0.039724
1.34092 0.0408978
1.34155 0.041545
1.34187 0.0418479
1.34219 0.042184
1.34328 0.14328
1.3436 0.0435876
1.34392 0.0439201
1.34392 0.0439201
1.34424 0.0442134
1.34456 0.0445591
1.34488 0.044862
1.34523 0.0452126
1.34704 0.147041
1.34736 0.0473612
1.34768 0.14768
1.34831 0.0483113
1.35025 0.0502482
1.35073 0.0507018
1.35145 0.151446
1.35314 0.0531352
1.35346 0.153454
1.35359 0.0335578
1.35359 0.0335578
1.35359 0.0335578
1.35359 0.0335578
1.35359 0.0332383
1.35359 0.0332383
1.35371 0.0333667
1.35599 0.0559739
1.35647 0.0564655
1.36183 0.0617985
1.36215 0.0621434
1.36775 0.0677506
1.36807 0.168069
1.37312 0.0331019
1.37312 0.0331019
1.37312 0.0331019
1.37343 0.033417
1.37343 0.0330974
1.37343 0.0330974
1.37484 0.0748361
1.37534 0.0753422
1.37815 0.07815
1.3785 0.0785006
1.37882 0.0788202
1.37992 0.0799173
1.38257 0.082553
1.38289 0.0828891
1.38467 0.0846705
1.38645 0.0864353
1.38777 0.0877667
1.38905 0.089025
1.38937 0.0893699
1.38937 0.0893699
1.38937 0.0893699
1.38969 0.0896894
1.39001 0.090009
1.39033 0.0903285
1.39033 0.0903285
1.39115 0.0911456
1.39147 0.0914651
1.39179 0.0917681
1.39282 0.0928195
1.39314 0.0931391
1.39314 0.0931391
1.39327 0.0332397
1.39327 0.0332397
1.39327 0.0332397
1.39343 0.0333992
1.39343 0.0330796
1.39343 0.0330796
1.39621 0.0962037
1.39653 0.0965232
1.397 0.0969816
1.39909 0.0990906
1.401 0.100996
1.40499 0.104986
1.40724 0.107234
1.40886 0.10886
1.41005 0.11005
1.41037 0.11037
1.41302 0.113022
1.41315 0.0331372
1.41315 0.0331372
1.41315 0.0331372
1.41344 0.0334211
1.41344 0.0331016
1.41344 0.0331016
1.41388 0.113879
1.41548 0.115473
1.41919 0.119183
1.41951 0.119503
1.41986 0.119853
1.42018 0.120173
1.42056 0.120538
1.42141 0.121403
1.42667 0.126668
1.42718 0.127174
1.43328 0.0332796
1.43341 0.0330885
1.43341 0.0330885
1.43341 0.0330885
1.43372 0.0334035
1.43372 0.033084
1.43372 0.033084
1.43426 0.134259
1.43573 0.13573
1.43723 0.037232
1.43793 0.0379248
1.43946 0.139457
1.43978 0.139776
1.43978 0.0397768
1.44091 0.0408971
1.44154 0.0415356
1.44186 0.0418472
1.44218 0.0421746
1.44334 0.143333
1.44366 0.0436384
1.44397 0.0439729
1.44397 0.0439729
1.44429 0.0442783
1.44461 0.044612
1.44461 0.044604
1.44521 0.0452035
1.44712 0.147116
1.44712 0.0471172
1.44753 0.147529
1.44832 0.0483161
1.45025 0.050253
1.45073 0.0507015
1.45145 0.151451
1.45311 0.0531089
1.45343 0.153428
1.45356 0.0335315
1.45356 0.0335315
1.45356 0.0335315
1.45356 0.0335315
1.45356 0.033212
1.45356 0.033212
1.45369 0.0333404
1.45597 0.0559563
1.45647 0.0564704
1.4618 0.0617722
1.46212 0.0621171
1.46776 0.0677554
1.46808 0.168074
1.47312 0.0331068
1.47312 0.0331068
1.47312 0.0331068
1.47343 0.0334218
1.47343 0.0331023
1.47343 0.0331023
1.47484 0.0748409
1.47535 0.075347
1.47816 0.0781549
1.47851 0.0785055
1.47883 0.078825
1.47989 0.079891
1.48258 0.0825664
1.4829 0.0828939
1.48468 0.0846753
1.48646 0.0864487
1.48777 0.0877715
1.48903 0.0889987
1.48935 0.0893437
1.48935 0.0893437
1.48966 0.0896632
1.48966 0.0896632
1.48998 0.0899827
1.4903 0.0903022
1.4903 0.0903022
1.49115 0.0911505
1.49147 0.09147
1.49179 0.0917815
1.49283 0.0928244
1.49315 0.0931439
1.49315 0.0931439
1.49327 0.0332445
1.49327 0.0332445
1.49327 0.0332445
1.49343 0.033404
1.49343 0.0330845
1.49343 0.0330845
1.49627 0.0962707
1.49659 0.0965902
1.497 0.0969951
1.4991 0.0990954
1.501 0.101001
1.50499 0.104991
1.5073 0.107301
1.50887 0.108865
1.51006 0.110055
1.51038 0.110375
1.51309 0.113089
1.51322 0.0332042
1.51322 0.0332042
1.51322 0.0332042
1.51344 0.0334259
1.51344 0.0331064
1.51344 0.0331064
1.51395 0.113946
1.51548 0.115478
1.51922 0.119219
1.51954 0.119539
1.51992 0.11992
1.52024 0.12024
1.52056 0.120551
1.52138 0.121376
1.52667 0.126673
1.52718 0.127179
1.53329 0.0332844
1.53341 0.0330933
1.53341 0.0330933
1.53341 0.0330933
1.53373 0.0334083
1.53373 0.0330888
1.53373 0.0330888
1.53427 0.134264
1.53571 0.135703
1.53721 0.0372057
1.53793 0.0379296
1.53943 0.13943
1.53975 0.13975
1.53975 0.0397506
1.54091 0.0409106
1.54154 0.0415404
1.54186 0.0418606
1.54218 0.0421794
1.54334 0.143338
1.54366 0.0436412
1.54366 0.0436583
1.54398 0.0439778
1.54398 0.0439757
1.54452 0.044515
1.54484 0.0448352
1.54522 0.0452169
1.54709 0.14709
1.54741 0.0474104
1.54773 0.147729
1.5483 0.0482983
1.55027 0.0502663
1.55071 0.0507096
1.5515 0.151495
1.55312 0.0531222
1.55344 0.153441
1.55357 0.0335448
1.55357 0.0335448
1.55357 0.0335448
1.55357 0.0335448
1.55357 0.0332253
1.55357 0.0332253
1.5537 0.0333537
1.55595 0.0559471
1.55648 0.0564837
1.56181 0.0617855
1.56213 0.0621304
1.56774 0.0677376
1.56806 0.168056
1.5731 0.0330889
1.5731 0.0330889
1.5731 0.0330889
1.57342 0.033404
1.57342 0.0330845
1.57342 0.0330845
1.57485 0.0748542
1.57536 0.0753603
1.57817 0.0781681
1.57852 0.0785188
1.57884 0.0788383
1.57991 0.0799043
1.58256 0.0825573
1.58288 0.0828761
1.58469 0.0846886
1.58644 0.0864396
1.58775 0.0877537
1.58904 0.089012
1.58936 0.0893569
1.58936 0.0893569
1.58968 0.0896765
1.58968 0.0896765
1.59 0.089996
1.59032 0.0903155
1.59032 0.0903155
1.59116 0.0911637
1.59116 0.0911637
1.59176 0.0917639
1.59283 0.0928292
1.59315 0.0931487
1.59315 0.0931487
1.59328 0.0332493
1.59328 0.0332493
1.59328 0.0332493
1.59344 0.0334088
1.59344 0.0330893
1.59344 0.0330893
1.59628 0.0962755
1.5966 0.096595
1.59698 0.0969774
1.5991 0.0991003
1.60098 0.100975
1.605 0.104996
1.60731 0.107306
1.60887 0.10887
1.61006 0.11006
1.61038 0.11038
1.61309 0.113094
1.61322 0.033209
1.61322 0.033209
1.61322 0.033209
1.61341 0.0333996
1.61341 0.0330801
1.61341 0.0330801
1.61395 0.11395
1.61548 0.115483
1.61922 0.119224
1.61954 0.119543
1.61993 0.119925
1.62025 0.120245
1.62056 0.120565
1.62138 0.121381
1.62668 0.126677
1.62718 0.127184
1.63332 0.0332892
1.63345 0.0330981
1.63345 0.0330981
1.63345 0.0330981
1.63376 0.0334131
1.63376 0.0330936
1.63376 0.0330936
1.63427 0.134269
1.63571 0.135708
1.63724 0.0372106
1.63797 0.0379344
1.63944 0.139435
1.63976 0.139755
1.63976 0.0397243
1.64095 0.040924
1.64158 0.0415453
1.6419 0.0418741
1.64222 0.0421843
1.64331 0.143312
1.64363 0.0436128
1.64395 0.0439204
1.64395 0.0439204
1.64427 0.04425
1.64459 0.0445594
1.64459 0.0445687
1.64522 0.0451993
1.6471 0.147095
1.64742 0.0473842
1.64773 0.147734
1.64833 0.0483031
1.65027 0.05024
1.65071 0.0507092
1.6515 0.1515
1.65316 0.053127
1.65348 0.153477
1.65361 0.0335807
1.65361 0.0335807
1.65361 0.0335807
1.65361 0.0335807
1.65361 0.0332612
1.65361 0.0332612
1.65373 0.0333896
1.65598 0.0559606
1.65649 0.0564574
1.66182 0.0617903
1.66214 0.0621041
1.66777 0.0677424
1.66809 0.168092
1.6731 0.0330938
1.6731 0.0330938
1.6731 0.0330938
1.67342 0.0334088
1.67342 0.0330893
1.67342 0.0330893
1.67486 0.0748279
1.6754 0.0753651
1.6782 0.078173
1.67852 0.0784925
1.67884 0.078812
1.67994 0.0799091
1.68259 0.0825707
1.68291 0.0828809
1.68472 0.0846934
1.68644 0.0864219
1.68779 0.0877585
1.68904 0.0890169
1.68936 0.0893307
1.68936 0.0893307
1.68968 0.0896502
1.68968 0.0896502
1.69 0.0899697
1.69032 0.0902892
1.69032 0.0902892
1.69117 0.0911375
1.69149 0.091457
1.69181 0.0917858
1.69284 0.0928114
1.69316 0.0931309
1.69316 0.0931309
1.69329 0.0332626
1.69329 0.0332626
1.69329 0.0332626
1.69345 0.0334221
1.69345 0.0331026
1.69345 0.0331026
1.69632 0.0962888
1.69664 0.0966083
1.69699 0.0969683
1.69914 0.0991136
1.70102 0.100988
1.70501 0.104978
1.70735 0.107319
1.70888 0.108852
1.7101 0.110073
1.71042 0.110393
1.71314 0.113107
1.71327 0.0332534
1.71327 0.0332534
1.71327 0.0332534
1.71343 0.0334129
1.71343 0.0330934
1.71343 0.0330934
1.71396 0.113933
1.71553 0.115496
1.71924 0.119206
1.71956 0.119526
1.71997 0.119938
1.72029 0.120258
1.72061 0.120587
1.72143 0.121395
1.72669 0.12666
1.7272 0.127166
1.7333 0.0332714
1.73343 0.0330803
1.73343 0.0330803
1.73343 0.0330803
1.73378 0.0334264
1.73378 0.0331069
1.73378 0.0331069
1.73431 0.134282
1.73575 0.135722
1.73725 0.0372239
1.73795 0.0379166
1.73948 0.139448
1.7398 0.139768
1.7398 0.0397687
1.74093 0.0409149
1.74156 0.0415274
1.74188 0.0418649
1.7422 0.0421665
1.74336 0.143325
1.74368 0.0436551
1.744 0.0439648
1.744 0.0439648
1.74431 0.0443065
1.74463 0.0446038
1.74463 0.0446218
1.74523 0.0452212
1.74714 0.147108
1.74746 0.0474286
1.74778 0.147747
1.74835 0.0483164
1.75028 0.0502533
1.7507 0.0506862
1.75154 0.151514
1.75314 0.0531092
1.75346 0.153428
1.75359 0.0335629
1.75359 0.0335629
1.75359 0.0335629
1.75359 0.0335629
1.75359 0.0332434
1.75359 0.0332434
1.75372 0.0333718
1.75596 0.0559514
1.7565 0.0564707
1.7618 0.0617725
1.76215 0.0621174
1.76779 0.0677557
1.76811 0.168074
1.77312 0.0331071
1.77312 0.0331071
1.77312 0.0331071
1.77343 0.0334221
1.77343 0.0331026
1.77343 0.0331026
1.77487 0.0748412
1.77538 0.0753473
1.77819 0.0781552
1.77854 0.0785058
1.77886 0.0788253
1.77995 0.0799224
1.78257 0.0825616
1.78289 0.0828631
1.78471 0.0846756
1.78646 0.0864439
1.7878 0.0877718
1.78902 0.088999
1.78934 0.0893128
1.78934 0.0893128
1.78966 0.0896324
1.78966 0.0896324
1.78998 0.0899519
1.7903 0.0902714
1.7903 0.0902714
1.79118 0.0911507
1.7915 0.0914703
1.79182 0.0918077
1.79285 0.0928247
1.79317 0.0931442
1.79317 0.0931442
1.7933 0.0332759
1.7933 0.0332759
1.7933 0.0332759
1.79343 0.0334043
1.79343 0.0330848
1.79343 0.0330848
1.7963 0.096271
1.79662 0.0965905
1.797 0.0969902
1.79913 0.0990957
1.80103 0.101002
1.80502 0.104991
1.80733 0.107301
1.8089 0.108865
1.81009 0.110056
1.81041 0.110375
1.81312 0.11309
1.81325 0.0332356
1.81325 0.0332356
1.81325 0.0332356
1.81344 0.0334262
1.81344 0.0331067
1.81344 0.0331067
1.81398 0.113946
1.81551 0.115478
1.81925 0.119219
1.81957 0.119539
1.81995 0.119921
1.82027 0.12024
1.82059 0.120578
1.82141 0.121377
1.8267 0.126673
1.82721 0.127179
1.83331 0.0332847
1.83344 0.0330936
1.83344 0.0330936
1.83344 0.0330936
1.83376 0.0334086
1.83376 0.0330891
1.83376 0.0330891
1.83429 0.134265
1.83573 0.135704
1.83724 0.037206
1.83796 0.0379299
1.83946 0.139431
1.83978 0.13975
1.83978 0.0397509
1.84091 0.0409057
1.84157 0.0415407
1.84189 0.0418869
1.84221 0.0421797
1.84337 0.143338
1.84369 0.0436664
1.84369 0.0436586
1.84401 0.0439781
1.84401 0.0439813
1.84454 0.0445153
1.84486 0.0448614
1.84521 0.045212
1.84712 0.14709
1.84744 0.0474107
1.84776 0.147729
1.84833 0.0482986
1.8503 0.0502666
1.85071 0.0506943
1.85153 0.151496
1.85315 0.0531225
1.85347 0.153441
1.8536 0.0335762
1.8536 0.0335762
1.8536 0.0335762
1.8536 0.0335762
1.8536 0.0332567
1.8536 0.0332567
1.85373 0.0333851
1.85598 0.0559733
1.85651 0.0564839
1.86181 0.0617858
1.86213 0.0620996
1.86777 0.0677379
1.86809 0.168057
1.8731 0.0330892
1.8731 0.0330892
1.8731 0.0330892
1.87341 0.0334043
1.87341 0.0330848
1.87341 0.0330848
1.87488 0.0748545
1.87539 0.0753606
1.8782 0.0781684
1.87855 0.0785191
1.87887 0.0788386
1.87993 0.0799046
1.88256 0.0825524
1.88287 0.0828453
1.88472 0.0846889
1.88644 0.0864347
1.88778 0.087754
1.88904 0.0890123
1.88936 0.0893261
1.88936 0.0893261
1.88968 0.0896456
1.88968 0.0896456
1.88999 0.0899652
1.89031 0.0902847
1.89031 0.0902847
1.89119 0.091164
1.89119 0.091164
1.89176 0.091759
1.89286 0.0928295
1.89318 0.093149
1.89318 0.093149
1.89331 0.0332807
1.89331 0.0332807
1.89331 0.0332807
1.89344 0.0334091
1.89344 0.0330896
1.89344 0.0330896
1.89631 0.0962758
1.89662 0.0965953
1.89698 0.0969725
1.89913 0.0991006
1.901 0.100975
1.90503 0.104996
1.90734 0.107306
1.9089 0.10887
1.91009 0.11006
1.91041 0.11038
1.91312 0.113094
1.91325 0.0332404
1.91325 0.0332404
1.91325 0.0332404
1.91341 0.0333999
1.91341 0.0330804
1.91341 0.0330804
1.91398 0.113951
1.91551 0.115483
1.91925 0.119224
1.91957 0.119544
1.91995 0.119925
1.92027 0.120245
1.92059 0.120591
1.92141 0.121382
1.92671 0.126678
1.92721 0.127184
1.93332 0.0332895
1.93345 0.0330984
1.93345 0.0330984
1.93345 0.0330984
1.93376 0.0334134
1.93376 0.0330939
1.93376 0.0330939
1.9343 0.134269
1.93574 0.135709
1.93724 0.0372109
1.93796 0.0379347
1.93946 0.139435
1.93978 0.139755
1.93978 0.0397557
1.94094 0.0409192
1.94157 0.0415455
1.94189 0.0418692
1.94221 0.0421846
1.94334 0.143312
1.94366 0.043638
1.94398 0.0439518
1.94398 0.0439518
1.9443 0.0442866
1.94462 0.0445908
1.94462 0.044595
1.94525 0.0452255
1.94712 0.147095
1.94744 0.0474156
1.94776 0.147734
1.94833 0.0483034
1.95027 0.0502403
1.95071 0.050694
1.95153 0.151501
1.95316 0.0531273
1.95348 0.153446
1.9536 0.033581
1.9536 0.033581
1.9536 0.033581
1.9536 0.033581
1.9536 0.0332615
1.9536 0.0332615
1.95373 0.0333899
1.95598 0.0559557
1.95649 0.0564577
1.96181 0.0617906
1.96213 0.0621044
1.96777 0.0677427
1.96809 0.168061
1.9731 0.0330941
1.9731 0.0330941
1.9731 0.0330941
1.97342 0.0334091
1.97342 0.0330896
1.97342 0.0330896
1.97486 0.0748282
1.97536 0.0753343
1.9782 0.0781733
1.97852 0.0784928
1.97884 0.0788123
1.97994 0.0799094
1.98259 0.0825659
1.98291 0.0828812
1.98472 0.0846937
1.98647 0.0864482
1.98779 0.0877588
1.98904 0.0890172
1.98936 0.089331
1.98936 0.089331
1.98968 0.0896505
1.98968 0.0896505
1.99 0.08997
1.99032 0.0902895
1.99032 0.0902895
1.99117 0.0911378
1.99149 0.0914573
1.99181 0.0917809
1.99287 0.0928428
1.99319 0.0931623
1.99319 0.0931623
1.99332 0.033294
1.99332 0.033294
1.99332 0.033294
1.99345 0.0334224
1.99345 0.0331029
1.99345 0.0331029
1.99632 0.0962891
1.99664 0.0966086
1.99702 0.0969945
1.99914 0.0991139
2.00102 0.100989
2.00501 0.104982
2.00735 0.107323
2.00892 0.108887
2.01011 0.110078
2.01043 0.110397
2.01314 0.113112
2.01327 0.0332576
2.01327 0.0332576
2.01327 0.0332576
2.01343 0.0334171
2.01343 0.0330976
2.01343 0.0330976
2.01397 0.113937
2.01553 0.1155
2.01927 0.119241
2.01959 0.119561
2.01997 0.119943
2.02029 0.120262
2.02061 0.120586
2.02143 0.121399
2.02669 0.126664
2.0272 0.12717
2.0333 0.0332756
2.03343 0.0330845
2.03343 0.0330845
2.03343 0.0330845
2.03375 0.0333995
2.03375 0.03308
2.03375 0.03308
2.03432 0.134287
2.03575 0.135726
2.03726 0.037228
2.03795 0.0379208
2.03948 0.139453
2.0398 0.139772
2.0398 0.0397729
2.04093 0.0409139
2.04156 0.0415316
2.04188 0.0418639
2.0422 0.0421706
2.04333 0.143298
2.04365 0.0436312
2.04397 0.0439379
2.04397 0.0439379
2.04429 0.0442848
2.0446 0.0445769
2.0446 0.0445897
2.04524 0.0452202
2.04714 0.147112
2.04746 0.0474327
2.04778 0.147751
2.04838 0.0483517
2.05029 0.0502575
2.05073 0.050706
2.05155 0.151518
2.05317 0.0531445
2.05349 0.153463
2.05362 0.0335982
2.05362 0.0335982
2.05362 0.0335982
2.05362 0.0335982
2.05362 0.0332787
2.05362 0.0332787
2.05375 0.0334071
2.056 0.0559815
2.0565 0.0564748
2.06183 0.0618078
2.06215 0.0621216
2.06776 0.0677288
2.06811 0.168079
2.07309 0.0330801
2.07309 0.0330801
2.07309 0.0330801
2.07343 0.0334263
2.07343 0.0331067
2.07343 0.0331067
2.07484 0.0748143
2.07538 0.0753515
2.07819 0.0781593
2.07854 0.0785099
2.07886 0.0788295
2.07995 0.0799266
2.08258 0.0825606
2.0829 0.0828673
2.08471 0.0846798
2.08646 0.0864429
2.08783 0.0878071
2.08906 0.0890343
2.08938 0.0893481
2.08938 0.0893481
2.0897 0.0896676
2.0897 0.0896676
2.09001 0.0899871
2.09033 0.0903067
2.09033 0.0903067
2.09118 0.0911549
2.0915 0.0914744
2.09182 0.0918067
2.09286 0.0928288
2.09318 0.0931483
2.09318 0.0931483
2.0933 0.0332801
2.0933 0.0332801
2.0933 0.0332801
2.09343 0.0334084
2.09343 0.0330889
2.09343 0.0330889
2.0963 0.0962752
2.09662 0.0965947
2.09697 0.0969581
2.09913 0.0990999
2.101 0.100975
2.10499 0.104964
2.1073 0.107275
2.10893 0.1089
2.11006 0.110029
2.11038 0.110348
2.11312 0.113094
2.11325 0.0332398
2.11325 0.0332398
2.11325 0.0332398
2.11341 0.0333993
2.11341 0.0330798
2.11341 0.0330798
2.11395 0.113919
2.11548 0.115451
2.11928 0.119255
2.1196 0.119574
2.11992 0.119894
2.12024 0.120213
2.12056 0.120545
2.12141 0.121381
2.12667 0.126646
2.12721 0.127183
2.13332 0.0332889
2.13344 0.0330978
2.13344 0.0330978
2.13344 0.0330978
2.13376 0.0334128
2.13376 0.0330933
2.13376 0.0330933
2.1343 0.134269
2.13574 0.135708
2.13724 0.0372102
2.13796 0.0379341
2.13946 0.139435
2.13978 0.139754
2.13978 0.039755
2.14091 0.0409047
2.14157 0.0415449
2.14189 0.0418859
2.14221 0.0421839
2.14334 0.143311
2.14366 0.0436455
2.14398 0.0439511
2.14398 0.0439511
2.1443 0.0442791
2.14462 0.0445902
2.14462 0.0446116
2.14522 0.045211
2.14712 0.147095
2.14744 0.0474149
2.14776 0.147734
2.14836 0.0483339
2.1503 0.0502708
2.15074 0.0507141
2.15153 0.1515
2.15315 0.0531266
2.15347 0.153445
2.1536 0.0335804
2.1536 0.0335804
2.1536 0.0335804
2.1536 0.0335804
2.1536 0.0332609
2.1536 0.0332609
2.15373 0.0333893
2.15601 0.0560034
2.15652 0.0564881
2.16181 0.06179
2.16216 0.0621349
2.16777 0.0677421
2.16809 0.168061
2.1731 0.0330934
2.1731 0.0330934
2.1731 0.0330934
2.17342 0.0334084
2.17342 0.0330889
2.17342 0.0330889
2.17485 0.0748276
2.17539 0.0753648
2.17817 0.0781415
2.17855 0.0785232
2.17887 0.0788427
2.17997 0.0799398
2.18256 0.0825514
2.18288 0.0828495
2.18469 0.084662
2.18644 0.0864337
2.18782 0.0877893
2.18904 0.0890165
2.18936 0.0893303
2.18936 0.0893303
2.18968 0.0896498
2.18968 0.0896498
2.19 0.0899693
2.19032 0.0902888
2.19032 0.0902888
2.1912 0.0911682
2.19151 0.0914877
2.19183 0.0918287
2.19284 0.092811
2.19316 0.0931305
2.19316 0.0931305
2.19329 0.0332622
2.19329 0.0332622
2.19329 0.0332622
2.19345 0.0334217
2.19345 0.0331022
2.19345 0.0331022
2.19628 0.0962573
2.1966 0.0965769
2.19699 0.09698
2.19911 0.0990821
2.20101 0.100988
2.20497 0.104947
2.20731 0.107288
2.20891 0.108883
2.21007 0.110042
2.21039 0.110361
2.2131 0.113076
2.21323 0.033222
2.21323 0.033222
2.21323 0.033222
2.21342 0.0334126
2.21342 0.0330931
2.21342 0.0330931
2.21396 0.113932
2.21549 0.115465
2.21926 0.119237
2.21958 0.119556
2.21993 0.119907
2.22025 0.120226
2.22057 0.120567
2.22139 0.121363
2.22669 0.126659
2.22722 0.127196
2.2333 0.0332711
2.23343 0.0330799
2.23343 0.0330799
2.23343 0.0330799
2.23377 0.0334261
2.23377 0.0331065
2.23377 0.0331065
2.23431 0.134282
2.23572 0.13569
2.23725 0.0372235
2.23794 0.0379163
2.23944 0.139417
2.23976 0.139736
2.23976 0.0397372
2.24095 0.0409266
2.24155 0.0415271
2.24187 0.0418456
2.24219 0.0421661
2.24332 0.143293
2.24364 0.0436348
2.24396 0.0439333
2.24396 0.0439333
2.24428 0.0442733
2.2446 0.0445723
2.2446 0.0445713
2.24526 0.045233
2.24713 0.147108
2.24745 0.0474282
2.24777 0.147747
2.24837 0.0483472
2.25028 0.050253
2.25072 0.0507222
2.25151 0.151482
2.25317 0.0531399
2.25349 0.153459
2.25361 0.0335937
2.25361 0.0335937
2.25361 0.0335937
2.25361 0.0335937
2.25361 0.0332742
2.25361 0.0332742
2.25374 0.0334025
2.25602 0.0559943
2.2565 0.0564703
2.26182 0.0618033
2.26214 0.0621171
2.26775 0.0677243
2.26807 0.168043
2.27311 0.0331067
2.27311 0.0331067
2.27311 0.0331067
2.27343 0.0334217
2.27343 0.0331022
2.27343 0.0331022
2.27487 0.0748408
2.27537 0.075347
2.27818 0.0781548
2.27853 0.0785054
2.27885 0.0788249
2.27995 0.079922
2.2826 0.0825733
2.28292 0.0828938
2.2847 0.0846752
2.28645 0.0864245
2.28783 0.0878026
2.28905 0.0890298
2.28937 0.0893436
2.28937 0.0893436
2.28969 0.0896631
2.28969 0.0896631
2.29001 0.0899826
2.29033 0.0903021
2.29033 0.0903021
2.29118 0.0911504
2.2915 0.0914699
2.29182 0.0917884
2.29285 0.0928243
2.29317 0.0931438
2.29317 0.0931438
2.2933 0.0332755
2.2933 0.0332755
2.2933 0.0332755
2.29343 0.0334039
2.29343 0.0330844
2.29343 0.0330844
2.2963 0.0962706
2.29662 0.0965901
2.297 0.0969708
2.29912 0.0990954
2.30103 0.101001
2.30499 0.10496
2.3073 0.10727
2.30892 0.108896
2.31008 0.110055
2.3104 0.110375
2.31312 0.113089
2.31324 0.0332353
2.31324 0.0332353
2.31324 0.0332353
2.31343 0.0334259
2.31343 0.0331064
2.31343 0.0331064
2.31394 0.113914
2.3155 0.115478
2.31928 0.11925
2.3196 0.11957
2.31995 0.11992
2.32027 0.12024
2.32059 0.120558
2.3214 0.121376
2.3267 0.126673
2.3272 0.127179
2.33331 0.0332843
2.33344 0.0330932
2.33344 0.0330932
2.33344 0.0330932
2.33375 0.0334082
2.33375 0.0330887
2.33375 0.0330887
2.33429 0.134264
2.33573 0.135703
2.33723 0.0372057
2.33795 0.0379295
2.33946 0.13943
2.33978 0.13975
2.33978 0.0397505
2.34094 0.0409175
2.34157 0.0415404
2.34189 0.0418675
2.3422 0.0421794
2.34333 0.143307
2.34365 0.0436491
2.34397 0.0439466
2.34397 0.0439466
2.34429 0.0442676
2.34461 0.0445856
2.34461 0.0445933
2.34524 0.0452238
2.34712 0.14709
2.34744 0.0474104
2.34776 0.147729
2.34835 0.0483293
2.35029 0.0502663
2.3507 0.0506992
2.35152 0.151495
2.35318 0.0531532
2.3535 0.153472
2.35363 0.033607
2.35363 0.033607
2.35363 0.033607
2.35363 0.033607
2.35363 0.0332874
2.35363 0.0332874
2.35375 0.0334158
2.356 0.0559851
2.35651 0.0564836
2.36181 0.0617854
2.36216 0.0621304
2.36776 0.0677375
2.36808 0.168056
2.37309 0.0330889
2.37309 0.0330889
2.37309 0.0330889
2.37341 0.0334039
2.37341 0.0330844
2.37341 0.0330844
2.37485 0.074823
2.37539 0.0753603
2.37816 0.078137
2.37854 0.0785187
2.37886 0.0788382
2.37996 0.0799353
2.38258 0.0825642
2.3829 0.082876
2.38468 0.0846574
2.38646 0.0864464
2.38781 0.0877848
2.38903 0.089012
2.38935 0.0893258
2.38935 0.0893258
2.38967 0.0896453
2.38967 0.0896453
2.38999 0.0899648
2.39031 0.0902843
2.39031 0.0902843
2.39119 0.0911637
2.39151 0.0914832
2.39183 0.0918103
2.39286 0.0928376
2.39318 0.0931571
2.39318 0.0931571
2.39331 0.0332888
2.39331 0.0332888
2.39331 0.0332888
2.39344 0.0334172
2.39344 0.0330977
2.39344 0.0330977
2.39628 0.0962528
2.3966 0.0965723
2.39698 0.0969617
2.3991 0.0990776
2.40101 0.100983
2.405 0.104973
2.40731 0.107283
2.40893 0.108909
2.41006 0.110037
2.41038 0.110357
2.4131 0.113071
2.41323 0.0332175
2.41323 0.0332175
2.41323 0.0332175
2.41342 0.0334081
2.41342 0.0330885
2.41342 0.0330885
2.41395 0.113928
2.41549 0.11546
2.41926 0.119232
2.41958 0.119552
2.41993 0.119902
2.42025 0.120222
2.42057 0.120549
2.42138 0.121359
2.42668 0.126655
2.42722 0.127192
2.43332 0.0332976
2.43345 0.0331065
2.43345 0.0331065
2.43345 0.0331065
2.43377 0.0334215
2.43377 0.033102
2.43377 0.033102
2.4343 0.134277
2.43574 0.135717
2.43724 0.037219
2.43797 0.0379428
2.43944 0.139412
2.43976 0.139732
2.43976 0.0397327
2.44092 0.0409083
2.44155 0.0415226
2.44187 0.0418583
2.44219 0.0421616
2.44335 0.14332
2.44366 0.0436634
2.44398 0.0439599
2.44398 0.0439599
2.4443 0.044293
2.44462 0.0445989
2.44462 0.0446152
2.44522 0.0452146
2.44713 0.147103
2.44745 0.0474237
2.44777 0.147742
2.44837 0.0483426
2.45027 0.0502484
2.45072 0.0507073
2.4515 0.151478
2.45316 0.0531354
2.45348 0.153454
2.45361 0.0335891
2.45361 0.0335891
2.45361 0.0335891
2.45361 0.0335891
2.45361 0.0332696
2.45361 0.0332696
2.45374 0.033398
2.45602 0.056007
2.45652 0.0564969
2.46182 0.0617987
2.46214 0.0621125
2.46774 0.0677197
2.46806 0.168038
2.47311 0.0331022
2.47311 0.0331022
2.47311 0.0331022
2.47342 0.0334172
2.47342 0.0330977
2.47342 0.0330977
2.47486 0.0748363
2.47537 0.0753425
2.47817 0.0781503
2.47853 0.0785009
2.47884 0.0788204
2.47994 0.0799175
2.48256 0.082555
2.48288 0.0828582
2.4847 0.0846707
2.48645 0.0864373
2.48782 0.087798
2.48904 0.0890253
2.48936 0.0893391
2.48936 0.0893391
2.48968 0.0896586
2.48968 0.0896586
2.49 0.0899781
2.49032 0.0902976
2.49032 0.0902976
2.49117 0.0911459
2.49149 0.0914654
2.49181 0.0918012
2.49284 0.0928198
2.49316 0.0931393
2.49316 0.0931393
2.49329 0.033271
2.49329 0.033271
2.49329 0.033271
2.49342 0.0333994
2.49342 0.0330799
2.49342 0.0330799
2.49629 0.0962661
2.49661 0.0965856
2.49699 0.0969836
2.49912 0.0990909
2.50102 0.100997
2.50498 0.104955
2.50732 0.107297
2.50892 0.108891
2.51008 0.110051
2.51039 0.11037
2.51311 0.113085
2.51324 0.0332307
2.51324 0.0332307
2.51324 0.0332307
2.51343 0.0334213
2.51343 0.0331018
2.51343 0.0331018
2.51393 0.11391
2.5155 0.115474
2.51927 0.119246
2.51959 0.119565
2.51994 0.119916
2.52026 0.120235
2.52058 0.120571
2.5214 0.121372
2.52669 0.126668
2.52723 0.127205
2.5333 0.0332798
2.53343 0.0330887
2.53343 0.0330887
2.53343 0.0330887
2.53375 0.0334037
2.53375 0.0330842
2.53375 0.0330842
2.53428 0.13426
2.53572 0.135699
2.53726 0.0372323
2.53795 0.037925
2.53945 0.139426
2.53977 0.139745
2.53977 0.039746
2.54096 0.0409302
2.54156 0.0415359
2.54188 0.0418492
2.5422 0.0421749
2.54333 0.143302
2.54365 0.0436155
2.54397 0.0439421
2.54397 0.0439421
2.54429 0.0442562
2.5446 0.0445811
2.5446 0.0445749
2.54527 0.0452366
2.54714 0.147117
2.54746 0.047437
2.54778 0.147756
2.54838 0.0483559
2.55029 0.0502617
2.55073 0.0507154
2.55152 0.151491
2.55317 0.0531487
2.55349 0.153467
2.55362 0.0336024
2.55362 0.0336024
2.55362 0.0336024
2.55362 0.0336024
2.55362 0.0332829
2.55362 0.0332829
2.55375 0.0334113
2.55603 0.0559979
2.5565 0.0564791
2.56183 0.061812
2.56215 0.0621258
2.56776 0.067733
2.56808 0.168052
2.57309 0.0330844
2.57309 0.0330844
2.57309 0.0330844
2.5734 0.0333994
2.5734 0.0330799
2.5734 0.0330799
2.57484 0.0748185
2.57538 0.0753557
2.57816 0.0781325
2.57854 0.0785142
2.57886 0.0788337
2.57995 0.0799308
2.58261 0.0825769
2.58293 0.0829026
2.58468 0.0846529
2.58646 0.0864281
2.58784 0.0878113
2.58903 0.0890075
2.58934 0.0893213
2.58934 0.0893213
2.58966 0.0896408
2.58966 0.0896408
2.58998 0.0899603
2.5903 0.0902798
2.5903 0.0902798
2.59118 0.0911592
2.5915 0.0914787
2.59182 0.091792
2.59286 0.0928331
2.59318 0.0931526
2.59318 0.0931526
2.5933 0.0332843
2.5933 0.0332843
2.5933 0.0332843
2.59343 0.0334127
2.59343 0.0330932
2.59343 0.0330932
2.59627 0.0962483
2.59659 0.0965678
2.597 0.0969744
2.5991 0.0990731
2.601 0.100979
2.60499 0.104969
2.6073 0.107279
2.60893 0.108905
2.61006 0.110033
2.61038 0.110352
2.61309 0.113067
2.61322 0.0332129
2.61322 0.0332129
2.61322 0.0332129
2.61341 0.0334035
2.61341 0.033084
2.61341 0.033084
2.61395 0.113923
2.61548 0.115456
2.61925 0.119228
2.61957 0.119547
2.61995 0.119929
2.62027 0.120248
2.62059 0.120562
2.62141 0.121385
2.62667 0.12665
2.62721 0.127187
2.63332 0.0332931
2.63344 0.033102
2.63344 0.033102
2.63344 0.033102
2.63376 0.033417
2.63376 0.0330975
2.63376 0.0330975
2.6343 0.134273
2.63574 0.135712
2.63724 0.0372145
2.63796 0.0379383
2.63946 0.139439
2.63978 0.139758
2.63978 0.0397593
2.64094 0.040921
2.64157 0.0415491
2.64189 0.0418711
2.64221 0.0421882
2.64334 0.143316
2.64366 0.0436299
2.64398 0.0439554
2.64398 0.0439554
2.6443 0.0442816
2.64462 0.0445944
2.64462 0.0445968
2.64525 0.0452274
2.64712 0.147099
2.64744 0.0474192
2.64776 0.147738
2.64836 0.0483381
2.65027 0.0502439
2.65074 0.0507235
2.65153 0.151504
2.65315 0.0531309
2.65347 0.15345
2.6536 0.0335846
2.6536 0.0335846
2.6536 0.0335846
2.6536 0.0335846
2.6536 0.0332651
2.6536 0.0332651
2.65373 0.0333935
2.65601 0.0559887
2.65652 0.0564924
2.66181 0.0617942
2.66213 0.062108
2.66777 0.0677463
2.66809 0.168065
2.6731 0.0330977
2.6731 0.0330977
2.6731 0.0330977
2.67342 0.0334127
2.67342 0.0330932
2.67342 0.0330932
2.67485 0.0748318
2.67536 0.0753379
2.67817 0.0781458
2.67855 0.0785275
2.67887 0.078847
2.67997 0.0799441
2.68259 0.0825677
2.68291 0.0828848
2.68469 0.0846662
2.68644 0.0864189
2.68782 0.0877935
2.68904 0.0890207
2.68936 0.0893346
2.68936 0.0893346
2.68968 0.0896541
2.68968 0.0896541
2.69 0.0899736
2.69032 0.0902931
2.69032 0.0902931
2.6912 0.0911725
2.69151 0.091492
2.69183 0.0918139
2.69284 0.0928153
2.69316 0.0931348
2.69316 0.0931348
2.69329 0.0332665
2.69329 0.0332665
2.69329 0.0332665
2.69345 0.033426
2.69345 0.0331065
2.69345 0.0331065
2.69628 0.0962616
2.6966 0.0965811
2.69699 0.0969653
2.69911 0.0990863
2.70102 0.100992
2.70497 0.104951
2.70731 0.107292
2.70891 0.108887
2.71007 0.110046
2.71039 0.110366
2.7131 0.11308
2.71323 0.0332262
2.71323 0.0332262
2.71323 0.0332262
2.71342 0.0334168
2.71342 0.0330973
2.71342 0.0330973
2.71393 0.113905
2.71549 0.115469
2.71926 0.119241
2.71958 0.119561
2.71993 0.119911
2.72025 0.120231
2.72057 0.120553
2.72139 0.121367
2.72669 0.126663
2.72722 0.127201
2.7333 0.0332753
2.73343 0.0330842
2.73343 0.0330842
2.73343 0.0330842
2.73377 0.0334303
2.73377 0.0331108
2.73377 0.0331108
2.73428 0.134255
2.73572 0.135694
2.73725 0.0372277
2.73794 0.0379205
2.73944 0.139421
2.73976 0.139741
2.73976 0.0397415
2.74092 0.0409119
2.74155 0.0415313
2.74187 0.0418619
2.74219 0.0421703
2.74332 0.143298
2.74364 0.0436131
2.74396 0.0439376
2.74396 0.0439376
2.74428 0.0442759
2.7446 0.0445766
2.7446 0.0445877
2.74523 0.0452182
2.74714 0.147112
2.74745 0.0474324
2.74777 0.147751
2.74837 0.0483514
2.75028 0.0502572
2.75072 0.0507005
2.75151 0.151486
2.75317 0.0531442
2.75349 0.153463
2.75361 0.0335979
2.75361 0.0335979
2.75361 0.0335979
2.75361 0.0335979
2.75361 0.0332784
2.75361 0.0332784
2.75374 0.0334068
2.75599 0.0559795
2.7565 0.0564745
2.76182 0.0618075
2.76214 0.0621213
2.76775 0.0677285
2.76807 0.168047
2.77308 0.0330798
2.77308 0.0330798
2.77308 0.0330798
2.77343 0.033426
2.77343 0.0331065
2.77343 0.0331065
2.77484 0.074814
2.77537 0.0753512
2.77818 0.078159
2.77853 0.0785097
2.77885 0.0788292
2.77995 0.0799263
2.78257 0.0825586
2.78289 0.082867
2.7847 0.0846795
2.78645 0.0864409
2.78783 0.0878068
2.78905 0.089034
2.78937 0.0893478
2.78937 0.0893478
2.78969 0.0896673
2.78969 0.0896673
2.79001 0.0899869
2.79033 0.0903064
2.79033 0.0903064
2.79118 0.0911546
2.7915 0.0914741
2.79182 0.0918047
2.79285 0.0928286
2.79317 0.0931481
2.79317 0.0931481
2.7933 0.0332798
2.7933 0.0332798
2.7933 0.0332798
2.79343 0.0334082
2.79343 0.0330887
2.79343 0.0330887
2.7963 0.0962749
2.79662 0.0965944
2.79697 0.0969561
2.79912 0.0990996
2.801 0.100974
2.80499 0.104964
2.8073 0.107274
2.80892 0.1089
2.81005 0.110028
2.81037 0.110348
2.81312 0.113093
2.81324 0.0332395
2.81324 0.0332395
2.81324 0.0332395
2.81343 0.0334301
2.81343 0.0331106
2.81343 0.0331106
2.81394 0.113919
2.81547 0.115451
2.81928 0.119254
2.8196 0.119574
2.81992 0.119893
2.82023 0.120213
2.82055 0.120543
2.8214 0.121381
2.82667 0.126646
2.8272 0.127183
2.83331 0.0332886
2.83344 0.0330975
2.83344 0.0330975
2.83344 0.0330975
2.83375 0.0334125
2.83375 0.033093
2.83375 0.033093
2.83429 0.134268
2.83573 0.135708
2.83723 0.0372099
2.83796 0.0379338
2.83946 0.139434
2.83978 0.139754
2.83978 0.0397548
2.8409 0.0409027
2.84157 0.0415446
2.84189 0.0418839
2.8422 0.0421836
2.84333 0.143311
2.84365 0.0436274
2.84397 0.0439509
2.84397 0.0439509
2.84429 0.0442702
2.84461 0.0445899
2.84461 0.0446096
2.84521 0.045209
2.84715 0.147125
2.84747 0.0474457
2.84779 0.147764
2.84835 0.0483336
2.85029 0.0502705
2.85074 0.0507086
2.85152 0.1515
2.85315 0.0531264
2.85347 0.153445
2.8536 0.0335801
2.8536 0.0335801
2.8536 0.0335801
2.8536 0.0335801
2.8536 0.0332606
2.8536 0.0332606
2.85372 0.033389
2.856 0.0560014
2.85651 0.0564878
2.86181 0.0617897
2.86216 0.0621346
2.86776 0.0677418
2.86808 0.16806
2.87309 0.0330931
2.87309 0.0330931
2.87309 0.0330931
2.87341 0.0334081
2.87341 0.0330886
2.87341 0.0330886
2.87485 0.0748273
2.87539 0.0753645
2.87816 0.0781412
2.87854 0.0785229
2.87886 0.0788425
2.87996 0.0799396
2.88258 0.0825805
2.8829 0.0828803
2.88468 0.0846617
2.88643 0.0864317
2.88781 0.087789
2.88903 0.0890162
2.88935 0.08933
2.88935 0.08933
2.88967 0.0896495
2.88967 0.0896495
2.88999 0.089969
2.89031 0.0902885
2.89031 0.0902885
2.89119 0.0911679
2.89151 0.0914874
2.89183 0.0918267
2.89283 0.0928107
2.89315 0.0931302
2.89315 0.0931302
2.89328 0.033262
2.89328 0.033262
2.89328 0.033262
2.89344 0.0334214
2.89344 0.0331019
2.89344 0.0331019
2.89628 0.0962571
2.8966 0.0965766
2.89698 0.096978
2.8991 0.0990818
2.90101 0.100988
2.90497 0.104946
2.90731 0.107288
2.9089 0.108882
2.91006 0.110042
2.91038 0.110361
2.9131 0.113076
2.91323 0.0332217
2.91323 0.0332217
2.91323 0.0332217
2.91342 0.0334123
2.91342 0.0330928
2.91342 0.0330928
2.91395 0.113932
2.91549 0.115464
2.91926 0.119237
2.91958 0.119556
2.91993 0.119907
2.92025 0.120226
2.92057 0.120565
2.92138 0.121363
2.92668 0.126659
2.92722 0.127196
2.93332 0.0333019
2.93345 0.0331108
2.93345 0.0331108
2.93345 0.0331108
2.93377 0.0334258
2.93377 0.0331063
2.93377 0.0331063
2.9343 0.134282
2.93574 0.135721
2.93724 0.0372232
2.93794 0.037916
2.93944 0.139417
2.93976 0.139736
2.93976 0.0397369
2.94095 0.0409246
2.94155 0.0415268
2.94187 0.0418436
2.94219 0.0421658
2.94331 0.143293
2.94363 0.0436106
2.94395 0.043933
2.94395 0.043933
2.94427 0.0442645
2.94459 0.0445721
2.94459 0.0445693
2.94525 0.045231
2.94713 0.147108
2.94745 0.0474279
2.94777 0.147747
2.94837 0.0483469
2.95027 0.0502527
2.95072 0.0507168
2.9515 0.151482
2.95316 0.0531396
2.95348 0.153458
2.95361 0.0335934
2.95361 0.0335934
2.95361 0.0335934
2.95361 0.0335934
2.95361 0.0332739
2.95361 0.0332739
2.95374 0.0334023
2.95602 0.0559923
2.95649 0.05647
2.96182 0.061803
2.96214 0.0621168
2.96774 0.067724
2.96806 0.168043
2.97311 0.0331064
2.97311 0.0331064
2.97311 0.0331064
2.97342 0.0334214
2.97342 0.0331019
2.97342 0.0331019
2.97486 0.0748406
2.97537 0.0753467
2.97817 0.0781545
2.97853 0.0785051
2.97885 0.0788246
2.97994 0.0799217
2.98259 0.0825713
2.98291 0.0828936
2.9847 0.084675
2.98645 0.0864225
2.98782 0.0878023
2.98904 0.0890295
2.98936 0.0893433
2.98936 0.0893433
2.98968 0.0896628
2.98968 0.0896628
2.99 0.0899823
2.99032 0.0903018
2.99032 0.0903018
2.99117 0.0911501
2.99149 0.0914696
2.99181 0.0917864
2.99284 0.092824
2.99316 0.0931435
2.99316 0.0931435
2.99329 0.0332752
2.99329 0.0332752
2.99329 0.0332752
2.99342 0.0334036
2.99342 0.0330841
2.99342 0.0330841
2.99629 0.0962703
2.99661 0.0965899
2.99699 0.0969688
2.99912 0.0990951
3.00102 0.101001
3.00498 0.104964
3.00729 0.107274
3.00892 0.1089
3.01008 0.110059
3.0104 0.110378
3.01311 0.113093
3.01324 0.033239
3.01324 0.033239
3.01324 0.033239
3.01343 0.0334296
3.01343 0.0331101
3.01343 0.0331101
3.01394 0.113918
3.0155 0.115482
3.01927 0.119254
3.01959 0.119573
3.01994 0.119924
3.02026 0.120243
3.02058 0.12056
3.0214 0.12138
3.0267 0.126676
3.02723 0.127213
3.03331 0.033288
3.03375 0.0330885
3.03375 0.0330885
3.03428 0.134264
3.03572 0.135703
3.03726 0.0372365
3.03795 0.0379293
3.03942 0.139399
3.03974 0.139718
3.03974 0.0397191
3.04093 0.0409155
3.04156 0.0415401
3.04188 0.0418655
3.0422 0.0421791
3.04333 0.143307
3.04365 0.043625
3.04397 0.0439464
3.04397 0.0439464
3.04429 0.0442588
3.0446 0.0445854
3.0446 0.0445913
3.04527 0.0452529
3.04714 0.147121
3.04746 0.0474412
3.04778 0.14776
3.04838 0.0483602
3.05029 0.050266
3.05073 0.0507249
3.05152 0.151495
3.05317 0.053153
3.05349 0.153472
3.05362 0.0336067
3.05362 0.0336067
3.05362 0.0336067
3.05362 0.0336067
3.05362 0.0332872
3.05362 0.0332872
3.05375 0.0334156
3.05603 0.0560142
3.05653 0.0565144
3.0618 0.0617852
3.06215 0.0621301
3.06776 0.0677373
3.06808 0.168056
3.07312 0.0330886
3.07312 0.0330886
3.07312 0.0330886
3.07343 0.0334036
3.07343 0.0330841
3.07343 0.0330841
3.07484 0.0748228
3.07538 0.07536
3.07816 0.0781367
3.07854 0.0785184
3.07886 0.0788379
3.07995 0.0799351
3.08258 0.0825622
3.0829 0.0828758
3.08471 0.0846883
3.08646 0.0864445
3.08784 0.0878156
3.08903 0.0890117
3.08935 0.0893255
3.08935 0.0893255
3.08966 0.089645
3.08966 0.089645
3.08998 0.0899645
3.0903 0.090284
3.0903 0.090284
3.09118 0.0911634
3.0915 0.0914829
3.09182 0.0918084
3.09286 0.0928373
3.09318 0.0931568
3.09318 0.0931568
3.0933 0.0332886
3.0933 0.0332886
3.0933 0.0332886
3.09343 0.0334169
3.09343 0.0330974
3.09343 0.0330974
3.09627 0.0962526
3.09659 0.0965721
3.09697 0.0969597
3.0991 0.0990773
3.101 0.100983
3.10496 0.104942
3.1073 0.107283
3.10893 0.108909
3.11006 0.110037
3.11038 0.110357
3.11309 0.113071
3.11322 0.0332172
3.11322 0.0332172
3.11322 0.0332172
3.11341 0.0334078
3.11341 0.0330883
3.11341 0.0330883
3.11395 0.113927
3.11548 0.11546
3.11928 0.119263
3.1196 0.119583
3.11992 0.119902
3.12024 0.120222
3.12056 0.120547
3.12138 0.121358
3.12667 0.126654
3.12724 0.127223
3.13332 0.0332974
3.13344 0.0331062
3.13344 0.0331062
3.13344 0.0331062
3.13376 0.0334213
3.13376 0.0331018
3.13376 0.0331018
3.1343 0.134277
3.13574 0.135716
3.13724 0.0372187
3.13796 0.0379426
3.13943 0.139412
3.13975 0.139732
3.13975 0.0397324
3.14094 0.0409374
3.14154 0.0415223
3.14186 0.0418564
3.14218 0.0421613
3.14331 0.143289
3.14363 0.0436082
3.14395 0.0439285
3.14395 0.0439285
3.14427 0.0442531
3.14459 0.0445675
3.14459 0.0445821
3.14525 0.0452438
3.14712 0.147103
3.14744 0.0474234
3.14776 0.147742
3.14839 0.0483735
3.15027 0.0502482
3.15074 0.050733
3.1515 0.151477
3.15319 0.0531662
3.1535 0.153485
3.15363 0.03362
3.15363 0.03362
3.15363 0.03362
3.15363 0.03362
3.15363 0.0333005
3.15363 0.0333005
3.15376 0.0334289
3.15604 0.0560361
3.15652 0.0564966
3.16181 0.0617985
3.16216 0.0621434
3.16774 0.0677195
3.16806 0.168038
3.17313 0.0331019
3.17313 0.0331019
3.17313 0.0331019
3.17345 0.0334169
3.17345 0.0330974
3.17345 0.0330974
3.17482 0.074805
3.17536 0.0753422
3.17817 0.07815
3.17855 0.0785317
3.17887 0.0788512
3.18 0.0799794
3.18256 0.082553
3.18288 0.0828579
3.18469 0.0846704
3.18644 0.0864353
3.18785 0.0878289
3.18904 0.089025
3.18936 0.0893388
3.18936 0.0893388
3.18968 0.0896583
3.18968 0.0896583
3.19 0.0899778
3.19032 0.0902973
3.19032 0.0902973
3.1912 0.0911767
3.19152 0.0914962
3.19183 0.0918303
3.19284 0.0928195
3.19316 0.093139
3.19316 0.093139
3.19329 0.0332707
3.19329 0.0332707
3.19329 0.0332707
3.19345 0.0334302
3.19345 0.0331107
3.19345 0.0331107
3.19625 0.0962347
3.19657 0.0965542
3.19695 0.0969505
3.19908 0.0990595
3.20102 0.100996
3.20497 0.104955
3.20728 0.107265
3.20894 0.108922
3.21004 0.110019
3.21036 0.110339
3.21307 0.113053
3.2132 0.0331994
3.2132 0.0331994
3.2132 0.0331994
3.21342 0.0334211
3.21342 0.0331016
3.21342 0.0331016
3.21393 0.11391
3.21546 0.115442
3.2193 0.119276
3.21961 0.119596
3.21993 0.119915
3.22025 0.120235
3.22057 0.120569
3.22136 0.121341
3.22666 0.126637
3.22722 0.127205
3.2333 0.0332795
3.23343 0.0330884
3.23343 0.0330884
3.23343 0.0330884
3.23374 0.0334034
3.23374 0.0330839
3.23374 0.0330839
3.23428 0.134259
3.23572 0.135699
3.23725 0.037232
3.23794 0.0379248
3.23941 0.139394
3.23973 0.139714
3.23973 0.0397146
3.24095 0.0409282
3.24155 0.0415356
3.24187 0.0418472
3.24219 0.0421746
3.24329 0.143271
3.24361 0.0435975
3.24393 0.0439107
3.24393 0.0439107
3.24425 0.0442474
3.24457 0.0445497
3.24489 0.0448613
3.24527 0.045243
3.24711 0.147094
3.24743 0.0474141
3.24775 0.147733
3.24838 0.0483641
3.25029 0.0502699
3.25073 0.0507185
3.25149 0.151468
3.25317 0.0531569
3.25349 0.153476
3.25362 0.0336106
3.25362 0.0336106
3.25362 0.0336106
3.25362 0.0336106
3.25362 0.0332911
3.25362 0.0332911
3.25375 0.0334195
3.25606 0.0560354
3.25651 0.0564873
3.2618 0.0617891
3.26215 0.062134
3.26773 0.0677101
3.26805 0.168029
3.27312 0.0330926
3.27312 0.0330926
3.27312 0.0330926
3.27344 0.0334076
3.27344 0.0330881
3.27344 0.0330881
3.27481 0.0747956
3.27538 0.0753639
3.27816 0.0781407
3.27854 0.0785224
3.27886 0.0788419
3.27999 0.0799701
3.28258 0.0825523
3.2829 0.0828797
3.28468 0.0846611
3.28646 0.0864346
3.28784 0.0878195
3.28903 0.0890157
3.28935 0.0893295
3.28935 0.0893295
3.28967 0.089649
3.28967 0.089649
3.28999 0.0899685
3.29031 0.090288
3.29031 0.090288
3.29119 0.0911674
3.2915 0.0914869
3.29182 0.0917985
3.29283 0.0928102
3.29315 0.0931297
3.29315 0.0931297
3.29328 0.0332614
3.29328 0.0332614
3.29328 0.0332614
3.29344 0.0334209
3.29344 0.0331014
3.29344 0.0331014
3.29627 0.0962565
3.29659 0.096576
3.29698 0.0969498
3.2991 0.0990813
3.30101 0.100987
3.30496 0.104946
3.30727 0.107256
3.30893 0.108913
3.31006 0.110041
3.31038 0.110361
3.31309 0.113075
3.31322 0.0332211
3.31322 0.0332211
3.31322 0.0332211
3.31341 0.0334117
3.31341 0.0330922
3.31341 0.0330922
3.31392 0.1139
3.31545 0.115433
3.31929 0.119267
3.3196 0.119587
3.31992 0.119906
3.32024 0.120226
3.32056 0.120537
3.32138 0.121362
3.32665 0.126627
3.32724 0.127227
3.33332 0.0333013
3.33345 0.0331102
3.33345 0.0331102
3.33345 0.0331102
3.33376 0.0334252
3.33376 0.0331057
3.33376 0.0331057
3.3343 0.134281
3.33571 0.135689
3.33724 0.0372227
3.33793 0.0379154
3.33943 0.139416
3.33975 0.139736
3.33975 0.0397364
3.34094 0.0409275
3.34154 0.0415262
3.34186 0.0418465
3.34218 0.0421653
3.34331 0.143293
3.34363 0.0436203
3.34395 0.0439325
3.34395 0.0439325
3.34427 0.0442501
3.34459 0.0445715
3.34459 0.0445722
3.34525 0.0452339
3.34713 0.147107
3.34744 0.0474274
3.34776 0.147746
3.34839 0.0483774
3.35027 0.0502521
3.35074 0.0507266
3.3515 0.151481
3.35319 0.0531702
3.35351 0.153489
3.35364 0.0336239
3.35364 0.0336239
3.35364 0.0336239
3.35364 0.0336239
3.35364 0.0333044
3.35364 0.0333044
3.35376 0.0334328
3.35604 0.0560263
3.35652 0.0565006
3.36181 0.0618024
3.36216 0.0621473
3.36774 0.0677234
3.36806 0.168042
3.37313 0.0331059
3.37313 0.0331059
3.37313 0.0331059
3.37345 0.0334209
3.37345 0.0331014
3.37345 0.0331014
3.37483 0.0748089
3.37536 0.0753461
3.37814 0.0781229
3.37855 0.0785357
3.37887 0.0788552
3.37997 0.0799523
3.38259 0.0825742
3.38291 0.082893
3.38466 0.0846433
3.38644 0.0864254
3.38785 0.0878328
3.38904 0.0890289
3.38936 0.0893428
3.38936 0.0893428
3.38968 0.0896623
3.38968 0.0896623
3.39 0.0899818
3.39032 0.0903013
3.39032 0.0903013
3.3912 0.0911807
3.39152 0.0915002
3.39184 0.0918204
3.39284 0.0928235
3.39316 0.093143
3.39316 0.093143
3.39329 0.0332747
3.39329 0.0332747
3.39329 0.0332747
3.39342 0.0334031
3.39342 0.0330836
3.39342 0.0330836
3.39626 0.0962387
3.39658 0.0965582
3.39699 0.0969717
3.39911 0.0990945
3.40102 0.101
3.40498 0.104959
3.40729 0.107269
3.40894 0.108926
3.41004 0.110023
3.41036 0.110343
3.41307 0.113057
3.4132 0.0331722
3.4132 0.0331722
3.4132 0.0331722
3.41346 0.033425
3.41346 0.0331055
3.41346 0.0331055
3.41393 0.113914
3.41546 0.115446
3.41927 0.119249
3.41959 0.119569
3.41991 0.119888
3.42022 0.120208
3.42054 0.120528
3.42136 0.121344
3.42666 0.126641
3.42723 0.127209
3.4333 0.0332835
3.43343 0.0330924
3.43343 0.0330924
3.43343 0.0330924
3.43374 0.0334074
3.43374 0.0330879
3.43374 0.0330879
3.43428 0.134263
3.43572 0.135703
3.43725 0.0372359
3.43795 0.0379287
3.43942 0.139398
3.43973 0.139718
3.43973 0.0397186
3.44093 0.0409184
3.44156 0.0415395
3.44188 0.0418684
3.44219 0.0421785
3.44329 0.143275
3.44361 0.0436035
3.44393 0.0439147
3.44393 0.0439147
3.44425 0.0442444
3.44457 0.0445537
3.44489 0.0448826
3.44524 0.0452332
3.44711 0.147098
3.44743 0.047418
3.44775 0.147737
3.44838 0.0483681
3.45029 0.0502739
3.45073 0.0507121
3.45149 0.151472
3.45318 0.0531608
3.4535 0.15348
3.45363 0.0336146
3.45363 0.0336146
3.45363 0.0336146
3.45363 0.0336146
3.45363 0.0332951
3.45363 0.0332951
3.45375 0.0334235
3.45603 0.0560256
3.45651 0.0564912
3.4618 0.0617931
3.46215 0.062138
3.46773 0.0677141
3.46805 0.168033
3.47312 0.0330965
3.47312 0.0330965
3.47312 0.0330965
3.47344 0.0334115
3.47344 0.033092
3.47344 0.033092
3.47482 0.0747995
3.47535 0.0753368
3.47816 0.0781446
3.47854 0.0785263
3.47886 0.0788458
3.47999 0.079974
3.48258 0.0825735
3.4829 0.0828836
3.48468 0.084665
3.48643 0.0864247
3.48784 0.0878235
3.48903 0.0890196
3.48935 0.0893334
3.48935 0.0893334
3.48967 0.0896529
3.48967 0.0896529
3.48999 0.0899724
3.49031 0.0902919
3.49031 0.0902919
3.49119 0.0911713
3.49151 0.0914908
3.49183 0.0918197
3.49283 0.0928141
3.49315 0.0931336
3.49315 0.0931336
3.49328 0.0332653
3.49328 0.0332653
3.49328 0.0332653
3.49344 0.0334248
3.49344 0.0331053
3.49344 0.0331053
3.49628 0.0962604
3.4966 0.0965799
3.49698 0.096971
3.4991 0.0990852
3.50101 0.100991
3.50497 0.10495
3.50728 0.10726
3.50893 0.108917
3.51003 0.110014
3.51038 0.110365
3.51306 0.113048
3.51319 0.0331629
3.51319 0.0331629
3.51319 0.0331629
3.51345 0.0334157
3.51345 0.0330962
3.51345 0.0330962
3.51392 0.113904
3.51545 0.115437
3.51929 0.119271
3.51961 0.119591
3.51993 0.11991
3.52025 0.12023
3.52057 0.120558
3.52138 0.121366
3.52665 0.126631
3.52722 0.1272
3.53329 0.0332741
3.53342 0.033083
3.53342 0.033083
3.53342 0.033083
3.53376 0.0334291
3.53376 0.0331096
3.53376 0.0331096
3.5343 0.134285
3.53571 0.135693
3.53724 0.0372266
3.53793 0.0379193
3.53944 0.13942
3.53976 0.13974
3.53976 0.0397403
3.54095 0.0409177
3.54155 0.0415302
3.54187 0.0418366
3.54218 0.0421692
3.54331 0.143297
3.54363 0.0436263
3.54395 0.0439364
3.54395 0.0439364
3.54427 0.0442472
3.54459 0.0445754
3.54491 0.0448819
3.54526 0.0452325
3.5471 0.147088
3.54742 0.0474087
3.54774 0.147727
3.54837 0.0483587
3.55028 0.0502645
3.55076 0.0507286
3.55151 0.151494
3.55317 0.0531515
3.55349 0.15347
3.55361 0.0336052
3.55361 0.0336052
3.55361 0.0336052
3.55361 0.0336052
3.55361 0.0332857
3.55361 0.0332857
3.55374 0.0334141
3.55605 0.0560249
3.55653 0.056513
3.56182 0.0618148
3.56214 0.0621286
3.56775 0.0677358
3.56807 0.168055
3.57311 0.0330872
3.57311 0.0330872
3.57311 0.0330872
3.57343 0.0334022
3.57343 0.0330827
3.57343 0.0330827
3.57484 0.0748213
3.57537 0.0753585
3.57815 0.0781353
3.57853 0.078517
3.57885 0.0788365
3.57998 0.0799647
3.5826 0.0825728
3.58292 0.0829054
3.58467 0.0846557
3.58645 0.086424
3.58786 0.0878452
3.58902 0.0890103
3.58934 0.0893241
3.58934 0.0893241
3.58966 0.0896436
3.58966 0.0896436
3.58998 0.0899631
3.5903 0.0902826
3.5903 0.0902826
3.59118 0.091162
3.5915 0.0914815
3.59182 0.0917879
3.59285 0.0928359
3.59317 0.0931554
3.59317 0.0931554
3.5933 0.0332871
3.5933 0.0332871
3.5933 0.0332871
3.59343 0.0334155
3.59343 0.033096
3.59343 0.033096
3.59627 0.0962511
3.59659 0.0965706
3.597 0.0969703
3.59909 0.0990758
3.601 0.100982
3.60496 0.10494
3.60727 0.10725
3.60895 0.108939
3.61005 0.110036
3.61037 0.110355
3.61309 0.11307
3.61321 0.0331846
3.61321 0.0331846
3.61321 0.0331846
3.61344 0.0334063
3.61344 0.0330868
3.61344 0.0330868
3.61391 0.113895
3.61547 0.115458
3.61928 0.119262
3.6196 0.119581
3.61992 0.119901
3.62024 0.12022
3.62056 0.120527
3.62137 0.121357
3.62667 0.126653
3.62724 0.127221
3.63331 0.0332959
3.63344 0.0331048
3.63344 0.0331048
3.63344 0.0331048
3.63375 0.0334198
3.63375 0.0331003
3.63375 0.0331003
3.63429 0.134276
3.6357 0.135684
3.63723 0.0372172
3.63796 0.0379411
3.63943 0.139411
3.63975 0.13973
3.63975 0.039731
3.64094 0.0409169
3.64157 0.0415519
3.64189 0.041867
3.64221 0.0421909
3.6433 0.143287
3.64362 0.043618
3.64394 0.0439271
3.64394 0.0439271
3.64426 0.0442499
3.64458 0.0445661
3.6449 0.0448811
3.64525 0.0452318
3.64713 0.14711
3.64745 0.0474304
3.64776 0.147749
3.6484 0.0483805
3.65027 0.0502552
3.65074 0.0507141
3.6515 0.151484
3.65319 0.0531732
3.65351 0.153492
3.65364 0.033627
3.65364 0.033627
3.65364 0.033627
3.65364 0.033627
3.65364 0.0333075
3.65364 0.0333075
3.65376 0.0334359
3.65604 0.0560242
3.65652 0.0565036
3.66181 0.0618055
3.66217 0.0621504
3.66774 0.0677265
3.66806 0.168045
3.67313 0.0331089
3.67313 0.0331089
3.67313 0.0331089
3.67345 0.0334239
3.67345 0.0331044
3.67345 0.0331044
3.67483 0.074812
3.67536 0.0753492
3.67814 0.0781259
3.67855 0.0785387
3.67887 0.0788582
3.67997 0.0799553
3.68259 0.0825721
3.68291 0.0828961
3.68466 0.0846463
3.68644 0.0864233
3.68785 0.0878359
3.68904 0.089032
3.68936 0.0893458
3.68936 0.0893458
3.68968 0.0896653
3.68968 0.0896653
3.69 0.0899848
3.69032 0.0903043
3.69032 0.0903043
3.6912 0.0911837
3.69152 0.0915032
3.69184 0.0918183
3.69284 0.0928265
3.69316 0.093146
3.69316 0.093146
3.69329 0.0332777
3.69329 0.0332777
3.69329 0.0332777
3.69342 0.0334061
3.69342 0.0330866
3.69342 0.0330866
3.69626 0.0962417
3.69658 0.0965612
3.69699 0.0969696
3.69908 0.0990665
3.70102 0.101003
3.70495 0.104931
3.70729 0.107272
3.70894 0.108929
3.71004 0.110026
3.71036 0.110346
3.71308 0.11306
3.7132 0.0331753
3.7132 0.0331753
3.7132 0.0331753
3.71346 0.0334281
3.71346 0.0331086
3.71346 0.0331086
3.71393 0.113917
3.71546 0.115449
3.71927 0.119252
3.71959 0.119572
3.71991 0.119891
3.72023 0.120211
3.72055 0.120526
3.72136 0.121348
3.72666 0.126644
3.72723 0.127212
3.7333 0.0332865
3.73343 0.0330954
3.73343 0.0330954
3.73343 0.0330954
3.73374 0.0334104
3.73374 0.0330909
3.73374 0.0330909
3.73428 0.134266
3.73572 0.135706
3.73722 0.0372079
3.73795 0.0379318
3.73942 0.139401
3.73974 0.139721
3.73974 0.0397216
3.74093 0.0409162
3.74156 0.0415426
3.74188 0.0418663
3.7422 0.0421816
3.74329 0.143278
3.74361 0.0436097
3.74393 0.0439177
3.74393 0.0439177
3.74425 0.0442216
3.74457 0.0445567
3.74489 0.0448804
3.74524 0.0452311
3.74712 0.147101
3.74743 0.0474211
3.74775 0.14774
3.74839 0.0483711
3.75026 0.0502458
3.75073 0.0507307
3.75149 0.151475
3.75318 0.0531639
3.7535 0.153483
3.75363 0.0336176
3.75363 0.0336176
3.75363 0.0336176
3.75363 0.0336176
3.75363 0.0332981
3.75363 0.0332981
3.75375 0.0334265
3.75603 0.0560234
3.75651 0.0564943
3.7618 0.0617961
3.76215 0.062141
3.76773 0.0677171
3.76805 0.168036
3.77312 0.0330996
3.77312 0.0330996
3.77312 0.0330996
3.77344 0.0334146
3.77344 0.0330951
3.77344 0.0330951
3.77482 0.0748026
3.77535 0.0753398
3.77816 0.0781477
3.77854 0.0785294
3.77886 0.0788489
3.77996 0.079946
3.78258 0.0825714
3.7829 0.0828867
3.78465 0.084637
3.78643 0.0864226
3.78784 0.0878265
3.78903 0.0890227
3.78935 0.0893365
3.78935 0.0893365
3.78967 0.089656
3.78967 0.089656
3.78999 0.0899755
3.79031 0.090295
3.79031 0.090295
3.79119 0.0911744
3.79151 0.0914939
3.79183 0.0918176
3.79283 0.0928172
3.79315 0.0931367
3.79315 0.0931367
3.79328 0.0332684
3.79328 0.0332684
3.79328 0.0332684
3.79344 0.0334279
3.79344 0.0331084
3.79344 0.0331084
3.79625 0.0962324
3.79657 0.0965519
3.79698 0.0969689
3.79907 0.0990572
3.80101 0.100994
3.80497 0.104953
3.80728 0.107263
3.80893 0.10892
3.81003 0.110017
3.81035 0.110336
3.81306 0.113051
3.81319 0.0331659
3.81319 0.0331659
3.81319 0.0331659
3.81345 0.0334187
3.81345 0.0330992
3.81345 0.0330992
3.81392 0.113907
3.81545 0.11544
3.81929 0.119274
3.81961 0.119594
3.81993 0.119913
3.82025 0.120233
3.82057 0.120556
3.82138 0.121369
3.82665 0.126634
3.82722 0.127203
3.83329 0.0332772
3.83342 0.0330861
3.83342 0.0330861
3.83342 0.0330861
3.83373 0.0334011
3.83373 0.0330816
3.83373 0.0330816
3.83427 0.134257
3.83571 0.135696
3.83724 0.0372297
3.83794 0.0379224
3.83941 0.139392
3.83973 0.139711
3.83973 0.0397123
3.84092 0.0409155
3.84155 0.0415332
3.84187 0.0418656
3.84219 0.0421723
3.84331 0.1433
3.84363 0.0436325
3.84395 0.0439395
3.84395 0.0439395
3.84427 0.0442555
3.84459 0.0445785
3.84459 0.0445913
3.84522 0.0452219
3.84713 0.147114
3.84745 0.0474344
3.84777 0.147753
3.8484 0.0483844
3.85027 0.0502591
3.85072 0.0507077
3.8515 0.151488
3.85316 0.0531461
3.85348 0.153465
3.85361 0.0335998
3.85361 0.0335998
3.85361 0.0335998
3.85361 0.0335998
3.85361 0.0332803
3.85361 0.0332803
3.85374 0.0334087
3.85601 0.0560143
3.85652 0.0565076
3.86182 0.0618094
3.86217 0.0621543
3.86774 0.0677304
3.86806 0.168049
3.87311 0.0330818
3.87311 0.0330818
3.87311 0.0330818
3.87345 0.0334279
3.87345 0.0331084
3.87345 0.0331084
3.87483 0.0748159
3.87537 0.0753531
3.87814 0.0781299
3.87852 0.0785116
3.87884 0.0788311
3.87997 0.0799593
3.88256 0.0825622
3.88288 0.0828689
3.88466 0.0846503
3.88644 0.0864445
3.88785 0.0878398
3.88901 0.0890048
3.88933 0.0893186
3.88933 0.0893186
3.88965 0.0896382
3.88965 0.0896382
3.88997 0.0899577
3.89029 0.0902772
3.89061 0.0905967
3.89118 0.091165
3.8915 0.0914845
3.89182 0.0918169
3.89282 0.0928078
3.89314 0.0931273
3.89314 0.0931273
3.89327 0.033259
3.89327 0.033259
3.89327 0.033259
3.89343 0.0334185
3.89343 0.033099
3.89343 0.033099
3.89627 0.0962541
3.89659 0.0965737
3.89697 0.0969682
3.89909 0.0990789
3.901 0.100985
3.90496 0.104943
3.90727 0.107254
3.90892 0.108911
3.91005 0.110039
3.91037 0.110358
3.91309 0.113073
3.91321 0.0331877
3.91321 0.0331877
3.91321 0.0331877
3.91344 0.0334094
3.91344 0.0330899
3.91344 0.0330899
3.91391 0.113898
3.91547 0.115462
3.91928 0.119265
3.9196 0.119584
3.91992 0.119904
3.92024 0.120223
3.92056 0.120556
3.92137 0.12136
3.92664 0.126625
3.92724 0.127224
3.93331 0.033299
3.93344 0.0331078
3.93344 0.0331078
3.93344 0.0331078
3.93375 0.0334229
3.93375 0.0331033
3.93375 0.0331033
3.93429 0.134279
3.9357 0.135687
3.93723 0.0372203
3.93796 0.0379442
3.93943 0.139414
3.93975 0.139733
3.93975 0.039734
3.94094 0.0409148
3.94157 0.041555
3.94189 0.0418649
3.94221 0.042194
3.9433 0.14329
3.94362 0.0435931
3.94394 0.0439301
3.94394 0.0439301
3.94426 0.0442582
3.94458 0.0445691
3.9449 0.044879
3.94525 0.0452296
3.94713 0.147113
3.94745 0.0474335
3.94777 0.147752
3.9484 0.0483835
3.95027 0.0502582
3.95075 0.0507327
3.9515 0.151487
3.95316 0.0531452
3.95348 0.153464
3.95361 0.0335989
3.95361 0.0335989
3.95361 0.0335989
3.95361 0.0335989
3.95361 0.0332794
3.95361 0.0332794
3.95373 0.0334078
3.95604 0.056022
3.95652 0.0565067
3.96182 0.0618085
3.96217 0.0621534
3.96774 0.0677295
3.96806 0.168048
3.9731 0.0330809
3.9731 0.0330809
3.9731 0.0330809
3.97345 0.033427
3.97345 0.0331075
3.97345 0.0331075
3.97483 0.074815
3.97536 0.0753522
3.97814 0.078129
3.97852 0.0785107
3.97884 0.0788302
3.97997 0.0799584
3.98259 0.08257
3.98291 0.0828991
3.98466 0.0846494
3.98644 0.0864212
3.98785 0.0878389
3.98904 0.0890351
3.98936 0.0893489
3.98936 0.0893489
3.98968 0.0896684
3.98968 0.0896684
3.99 0.0899879
3.99032 0.0903074
3.99032 0.0903074
3.99117 0.0911557
3.99149 0.0914752
3.99181 0.0917851
3.99284 0.0928296
3.99316 0.0931491
3.99316 0.0931491
3.99329 0.0332808
3.99329 0.0332808
3.99329 0.0332808
3.99342 0.0334092
3.99342 0.0330897
3.99342 0.0330897
3.99626 0.0962448
3.99658 0.0965643
3.99699 0.0969675
3.99908 0.0990696
4.00099 0.100975
4.00495 0.104938
4.00729 0.107279
4.00895 0.108936
4.01005 0.110034
4.01037 0.110353
4.01308 0.113068
4.01321 0.0331824
4.01321 0.0331824
4.01321 0.0331824
4.01343 0.0334041
4.01343 0.0330846
4.01343 0.0330846
4.01394 0.113924
4.01547 0.115456
4.01927 0.119259
4.01959 0.119579
4.01991 0.119898
4.02023 0.120218
4.02055 0.120528
4.02137 0.121355
4.02666 0.126651
4.02723 0.127219
4.03331 0.0332937
4.03374 0.0330941
4.03374 0.0330941
4.03428 0.13427
4.03569 0.135678
4.03722 0.0372111
4.03795 0.037935
4.03942 0.139404
4.03974 0.139724
4.03974 0.0397248
4.04096 0.0409454
4.04156 0.0415458
4.04188 0.0418643
4.0422 0.0421848
4.04329 0.143281
4.04361 0.0435849
4.04393 0.0439209
4.04393 0.0439209
4.04425 0.04423
4.04457 0.0445599
4.04489 0.0448785
4.04527 0.0452602
4.04712 0.147104
4.04744 0.0474243
4.04776 0.147743
4.04839 0.0483743
4.05029 0.0502801
4.05077 0.0507495
4.05149 0.151478
4.05318 0.0531671
4.0535 0.153486
4.05363 0.0336208
4.05363 0.0336208
4.05363 0.0336208
4.05363 0.0336208
4.05363 0.0333013
4.05363 0.0333013
4.05375 0.0334297
4.05607 0.0560526
4.05654 0.0565286
4.06181 0.0617993
4.06219 0.0621753
4.06773 0.0677203
4.06805 0.168039
4.07313 0.0331028
4.07313 0.0331028
4.07313 0.0331028
4.07344 0.0334178
4.07344 0.0330983
4.07344 0.0330983
4.07482 0.0748058
4.07535 0.075343
4.07816 0.0781509
4.07854 0.0785326
4.07886 0.0788521
4.07999 0.0799803
4.08258 0.0825694
4.0829 0.0828899
4.08465 0.0846402
4.08643 0.0864206
4.08787 0.0878608
4.08903 0.0890259
4.08935 0.0893397
4.08935 0.0893397
4.08967 0.0896592
4.08967 0.0896592
4.08999 0.0899787
4.09031 0.0902982
4.09063 0.0906177
4.09117 0.0911549
4.09149 0.0914744
4.09181 0.091793
4.09284 0.0928288
4.09316 0.0931483
4.09316 0.0931483
4.09329 0.0332801
4.09329 0.0332801
4.09329 0.0332801
4.09342 0.0334084
4.09342 0.0330889
4.09342 0.0330889
4.09626 0.0962441
4.09658 0.0965636
4.09696 0.0969443
4.09908 0.0990688
4.10102 0.101006
4.10494 0.104933
4.10729 0.107275
4.10894 0.108932
4.11004 0.110029
4.11036 0.110348
4.11307 0.113063
4.1132 0.0331776
4.1132 0.0331776
4.1132 0.0331776
4.11346 0.0334304
4.11346 0.0331109
4.11346 0.0331109
4.11393 0.113919
4.11546 0.115451
4.1193 0.119286
4.11962 0.119605
4.11994 0.119925
4.12026 0.120244
4.12058 0.120563
4.12136 0.12135
4.12666 0.126646
4.12726 0.127245
4.1333 0.0332889
4.13343 0.0330977
4.13343 0.0330977
4.13343 0.0330977
4.13374 0.0334128
4.13374 0.0330933
4.13374 0.0330933
4.13428 0.134269
4.13572 0.135708
4.13722 0.0372102
4.13794 0.0379341
4.13938 0.139373
4.1397 0.139692
4.14002 0.0400123
4.14093 0.0409305
4.14153 0.0415223
4.14185 0.0418494
4.14217 0.0421613
4.14327 0.143258
4.14362 0.0435935
4.14394 0.0439285
4.14394 0.0439285
4.14426 0.0442497
4.14458 0.0445675
4.14458 0.0445752
4.14524 0.0452368
4.14711 0.147103
4.14743 0.0474234
4.14775 0.147742
4.14842 0.0484045
4.15029 0.0502792
4.15076 0.0507434
4.15149 0.151477
4.15318 0.0531662
4.1535 0.153485
4.15362 0.0336199
4.15362 0.0336199
4.15362 0.0336199
4.15362 0.0336199
4.15362 0.0333004
4.15362 0.0333004
4.15375 0.0334288
4.15606 0.0560603
4.15654 0.0565277
4.1618 0.0617984
4.16219 0.0621744
4.16773 0.0677194
4.16805 0.168038
4.17312 0.0331019
4.17312 0.0331019
4.17312 0.0331019
4.17344 0.0334169
4.17344 0.0330974
4.17344 0.0330974
4.17482 0.0748049
4.17535 0.0753422
4.17813 0.0781189
4.17854 0.0785317
4.17886 0.0788512
4.17999 0.0799794
4.18255 0.0825461
4.18287 0.0828579
4.18465 0.0846393
4.18643 0.0864284
4.18787 0.08786
4.18903 0.089025
4.18935 0.0893388
4.18935 0.0893388
4.18967 0.0896583
4.18967 0.0896583
4.18999 0.0899778
4.19031 0.0902973
4.19063 0.0906168
4.1912 0.0911851
4.19152 0.0915047
4.19183 0.0918318
4.19284 0.092828
4.19316 0.0931475
4.19316 0.0931475
4.19329 0.0332792
4.19329 0.0332792
4.19329 0.0332792
4.19341 0.0334076
4.19341 0.0330881
4.19341 0.0330881
4.19625 0.0962432
4.19657 0.0965627
4.19696 0.0969521
4.19908 0.0990679
4.20102 0.101005
4.20494 0.104932
4.20725 0.107243
4.20897 0.108962
4.21001 0.109997
4.21033 0.110316
4.21304 0.113031
4.21317 0.0331456
4.21317 0.0331456
4.21317 0.0331456
4.21345 0.0334295
4.21345 0.03311
4.21345 0.03311
4.2139 0.113887
4.21543 0.115419
4.2193 0.119285
4.21962 0.119604
4.21993 0.119924
4.22025 0.120243
4.22057 0.120571
4.22136 0.121349
4.22662 0.126614
4.22726 0.127245
4.2333 0.033288
4.23343 0.0330969
4.23343 0.0330969
4.23343 0.0330969
4.23374 0.0334119
4.23374 0.0330924
4.23374 0.0330924
4.23428 0.134268
4.23569 0.135676
4.23722 0.0372093
4.23794 0.0379332
4.23938 0.139372
4.2397 0.139691
4.24002 0.0400115
4.24096 0.0409382
4.24156 0.0415525
4.24188 0.0418572
4.2422 0.0421915
4.2433 0.143288
4.24362 0.0435997
4.24394 0.0439276
4.24394 0.0439276
4.24426 0.0442298
4.24458 0.0445666
4.2449 0.0448713
4.24528 0.0452531
4.24712 0.147111
4.24744 0.047431
4.24776 0.14775
4.24842 0.0484121
4.25027 0.0502557
4.25077 0.0507458
4.2515 0.151485
4.25318 0.0531738
4.2535 0.153492
4.25363 0.0336275
4.25363 0.0336275
4.25363 0.0336275
4.25363 0.0336275
4.25363 0.033308
4.25363 0.033308
4.25376 0.0334364
4.25607 0.0560455
4.25651 0.0565042
4.26181 0.061806
4.26216 0.0621509
4.26774 0.067727
4.26806 0.168046
4.27313 0.0331095
4.27313 0.0331095
4.27313 0.0331095
4.27345 0.0334245
4.27345 0.033105
4.27345 0.033105
4.27479 0.0747814
4.27536 0.0753497
4.27814 0.0781265
4.27855 0.0785393
4.27887 0.0788588
4.28 0.079987
4.28259 0.0825623
4.28291 0.0828966
4.28466 0.0846469
4.28647 0.0864446
4.28788 0.0878675
4.28904 0.0890326
4.28936 0.0893464
4.28936 0.0893464
4.28968 0.0896659
4.28968 0.0896659
4.29 0.0899854
4.29031 0.0903049
4.29063 0.0906244
4.2912 0.0911927
4.29152 0.0915122
4.29184 0.0918169
4.29285 0.0928355
4.29316 0.093155
4.29316 0.093155
4.29329 0.0332868
4.29329 0.0332868
4.29329 0.0332868
4.29342 0.0334151
4.29342 0.0330956
4.29342 0.0330956
4.29623 0.0962197
4.29655 0.0965392
4.29696 0.0969372
4.29905 0.0990444
4.30099 0.100981
4.30495 0.10494
4.30726 0.10725
4.30898 0.108969
4.31001 0.110004
4.31033 0.110324
4.31305 0.113038
4.31318 0.0331532
4.31318 0.0331532
4.31318 0.0331532
4.31343 0.033406
4.31343 0.0330865
4.31343 0.0330865
4.31387 0.113863
4.31544 0.115427
4.3193 0.119292
4.31962 0.119612
4.31994 0.119931
4.32026 0.120251
4.32058 0.120556
4.32134 0.121325
4.32663 0.126622
4.32723 0.127221
4.3333 0.0332956
4.33343 0.0331045
4.33343 0.0331045
4.33343 0.0331045
4.33375 0.0334195
4.33375 0.0331
4.33375 0.0331
4.33429 0.134275
4.33569 0.135684
4.33723 0.0372169
4.33795 0.0379408
4.33939 0.139379
4.33971 0.139699
4.33971 0.0396995
4.34096 0.040946
4.34156 0.0415516
4.34188 0.041865
4.3422 0.0421906
4.3433 0.143287
4.34362 0.0436019
4.34394 0.0439267
4.34394 0.0439267
4.34426 0.044241
4.34457 0.0445658
4.34489 0.0448791
4.34524 0.0452297
4.34712 0.14711
4.34744 0.0474301
4.34776 0.147749
4.34842 0.0484112
4.35026 0.0502548
4.35077 0.0507397
4.35149 0.151484
4.35318 0.0531729
4.3535 0.153492
4.35363 0.0336266
4.35363 0.0336266
4.35363 0.0336266
4.35363 0.0336266
4.35363 0.0333071
4.35363 0.0333071
4.35376 0.0334355
4.35607 0.0560532
4.35651 0.0565033
4.36181 0.0618051
4.36216 0.06215
4.36774 0.0677261
4.36805 0.168045
4.37313 0.0331086
4.37313 0.0331086
4.37313 0.0331086
4.37344 0.0334236
4.37344 0.0331041
4.37344 0.0331041
4.37479 0.0747805
4.37536 0.0753489
4.37813 0.0781256
4.37855 0.0785384
4.37887 0.0788579
4.38 0.0799861
4.38259 0.0825701
4.3829 0.0828957
4.38466 0.084646
4.38644 0.0864213
4.38788 0.0878667
4.38904 0.0890317
4.38935 0.0893455
4.38935 0.0893455
4.38967 0.089665
4.38967 0.089665
4.38999 0.0899845
4.39031 0.090304
4.39063 0.0906235
4.3912 0.0911918
4.39152 0.0915114
4.39184 0.0918247
4.39284 0.0928347
4.39316 0.0931542
4.39316 0.0931542
4.39329 0.0332859
4.39329 0.0332859
4.39329 0.0332859
4.39342 0.0334143
4.39342 0.0330948
4.39342 0.0330948
4.39623 0.0962188
4.39655 0.0965383
4.39696 0.0969449
4.39905 0.0990435
4.40099 0.10098
4.40495 0.104939
4.40726 0.107249
4.40898 0.108968
4.41001 0.110003
4.41033 0.110323
4.41305 0.113037
4.41317 0.0331523
4.41317 0.0331523
4.41317 0.0331523
4.41343 0.0334051
4.41343 0.0330856
4.41343 0.0330856
4.4139 0.113894
4.41544 0.115426
4.4193 0.119292
4.41962 0.119611
4.41994 0.119931
4.42026 0.12025
4.42058 0.120563
4.42136 0.121356
4.42663 0.126621
4.42726 0.127251
4.4333 0.0332947
4.43343 0.0331036
4.43343 0.0331036
4.43343 0.0331036
4.43375 0.0334186
4.43375 0.0330991
4.43375 0.0330991
4.43428 0.134275
4.43569 0.135683
4.43722 0.037216
4.43795 0.0379399
4.43939 0.139378
4.43971 0.139698
4.44003 0.0400182
4.44094 0.0409311
4.44154 0.0415281
4.44186 0.0418501
4.44218 0.0421671
4.44327 0.143263
4.44359 0.0435795
4.44391 0.0439032
4.44391 0.0439032
4.44423 0.0442296
4.44455 0.0445422
4.44487 0.0448642
4.44525 0.0452459
4.4471 0.147086
4.44741 0.0474066
4.44773 0.147725
4.4484 0.0483877
4.45027 0.0502624
4.45075 0.0507422
4.45147 0.151461
4.45319 0.0531805
4.45351 0.153499
4.45364 0.0336342
4.45364 0.0336342
4.45364 0.0336342
4.45364 0.0336342
4.45364 0.0333147
4.45364 0.0333147
4.45377 0.0334431
4.45608 0.0560694
4.45652 0.0565109
4.46182 0.0618127
4.46217 0.0621576
4.46774 0.0677337
4.46806 0.168052
4.4731 0.0330851
4.4731 0.0330851
4.4731 0.0330851
4.47345 0.0334312
4.47345 0.0331117
4.47345 0.0331117
4.4748 0.0747881
4.47536 0.0753564
4.47814 0.0781332
4.47855 0.078546
4.47887 0.0788655
4.48 0.0799937
4.48256 0.0825552
4.48288 0.0828722
4.48463 0.0846225
4.48644 0.0864375
4.48788 0.0878742
4.48904 0.0890393
4.48936 0.0893531
4.48936 0.0893531
4.48968 0.0896726
4.48968 0.0896726
4.49 0.0899921
4.49032 0.0903116
4.49064 0.0906311
4.49118 0.0911683
4.4915 0.0914878
4.49182 0.0918098
4.49282 0.0928111
4.49314 0.0931306
4.49314 0.0931306
4.49327 0.0332624
4.49327 0.0332624
4.49327 0.0332624
4.49343 0.0334219
4.49343 0.0331023
4.49343 0.0331023
4.49623 0.0962264
4.49655 0.0965459
4.49697 0.0969612
4.49909 0.0990822
4.501 0.100988
4.50492 0.104916
4.50727 0.107257
4.50895 0.108945
4.51002 0.110011
4.51034 0.11033
4.51305 0.113045
4.51318 0.0331599
4.51318 0.0331599
4.51318 0.0331599
4.51343 0.0334127
4.51343 0.0330932
4.51343 0.0330932
4.51388 0.11387
4.51544 0.115434
4.51928 0.119268
4.5196 0.119588
4.51992 0.119907
4.52023 0.120227
4.52055 0.120549
4.52134 0.121332
4.52664 0.126628
4.52724 0.127228
4.53331 0.0333023
4.53344 0.0331112
4.53344 0.0331112
4.53344 0.0331112
4.53375 0.0334262
4.53375 0.0331067
4.53375 0.0331067
4.53429 0.134282
4.5357 0.13569
4.53723 0.0372236
4.53795 0.0379475
4.53939 0.139386
4.53971 0.139705
4.53971 0.0397062
4.54097 0.0409389
4.54153 0.0415272
4.54185 0.0418267
4.54217 0.0421662
4.54327 0.143263
4.54359 0.0435796
4.54391 0.0439023
4.54391 0.0439023
4.54423 0.0442097
4.54455 0.0445414
4.54487 0.0448409
4.54528 0.0452537
4.54712 0.147116
4.54744 0.0474368
4.54776 0.147755
4.54839 0.0483868
4.55027 0.0502616
4.55074 0.0507361
4.55147 0.15146
4.55319 0.0531796
4.55351 0.153498
4.55363 0.0336334
4.55363 0.0336334
4.55363 0.0336334
4.55363 0.0336334
4.55363 0.0333138
4.55363 0.0333138
4.55376 0.0334422
4.55607 0.0560461
4.55652 0.05651
4.56181 0.0618118
4.56216 0.0621568
4.56771 0.0677017
4.56803 0.16802
4.5731 0.0330842
4.5731 0.0330842
4.5731 0.0330842
4.57345 0.0334303
4.57345 0.0331108
4.57345 0.0331108
4.57479 0.0747872
4.57536 0.0753556
4.57814 0.0781323
4.57855 0.0785451
4.57887 0.0788646
4.58 0.0799928
4.58259 0.0825629
4.58291 0.0829024
4.58463 0.0846216
4.58647 0.0864452
4.58788 0.0878734
4.58904 0.0890384
4.58936 0.0893522
4.58936 0.0893522
4.58968 0.0896717
4.58968 0.0896717
4.59 0.0899912
4.59032 0.0903107
4.59064 0.0906302
4.59117 0.0911674
4.59149 0.091487
4.59181 0.0917865
4.59282 0.0928103
4.59314 0.0931298
4.59314 0.0931298
4.59327 0.0332615
4.59327 0.0332615
4.59327 0.0332615
4.59343 0.033421
4.59343 0.0331015
4.59343 0.0331015
4.59623 0.0962255
4.59655 0.096545
4.59697 0.0969378
4.59906 0.0990502
4.60099 0.100987
4.60492 0.104915
4.60726 0.107256
4.60895 0.108944
4.61002 0.11001
4.61034 0.11033
4.61305 0.113044
4.61318 0.033159
4.61318 0.033159
4.61318 0.033159
4.61343 0.0334118
4.61343 0.0330923
4.61343 0.0330923
4.61388 0.113869
4.61544 0.115433
4.61927 0.119267
4.61959 0.119587
4.61991 0.119906
4.62023 0.120226
4.62055 0.120525
4.62134 0.121331
4.62663 0.126627
4.62723 0.127227
4.63331 0.0333014
4.63344 0.0331103
4.63344 0.0331103
4.63344 0.0331103
4.63375 0.0334253
4.63375 0.0331058
4.63375 0.0331058
4.63429 0.134281
4.6357 0.135689
4.63723 0.0372227
4.63795 0.0379466
4.63939 0.139385
4.63971 0.139705
4.63971 0.0397054
4.64096 0.0409467
4.64153 0.0415263
4.64185 0.0418345
4.64217 0.0421653
4.64327 0.143262
4.64359 0.0435798
4.64391 0.0439015
4.64391 0.0439015
4.64423 0.044221
4.64455 0.0445405
4.64487 0.0448486
4.64525 0.0452304
4.64712 0.147116
4.64744 0.0474359
4.64776 0.147755
4.64839 0.048386
4.65027 0.0502607
4.65074 0.05073
4.65147 0.151459
4.65319 0.0531787
4.6535 0.153497
4.65363 0.0336325
4.65363 0.0336325
4.65363 0.0336325
4.65363 0.0336325
4.65363 0.033313
4.65363 0.033313
4.65376 0.0334414
4.65607 0.0560539
4.65652 0.0565091
4.66181 0.061811
4.66216 0.0621559
4.66774 0.067732
4.66806 0.168051
4.6731 0.0330833
4.6731 0.0330833
4.6731 0.0330833
4.67345 0.0334294
4.67345 0.0331099
4.67345 0.0331099
4.67479 0.0747863
4.67536 0.0753547
4.67814 0.0781314
4.67855 0.0785442
4.67887 0.0788637
4.68 0.0799919
4.68259 0.0825707
4.68291 0.0829015
4.68466 0.0846518
4.68644 0.0864219
4.68788 0.0878725
4.68904 0.0890375
4.68936 0.0893513
4.68936 0.0893513
4.68968 0.0896708
4.68968 0.0896708
4.69 0.0899903
4.69032 0.0903098
4.69064 0.0906293
4.69117 0.0911666
4.69149 0.0914861
4.69181 0.0917942
4.69282 0.0928094
4.69314 0.0931289
4.69314 0.0931289
4.69326 0.0332606
4.69326 0.0332606
4.69326 0.0332606
4.69342 0.0334201
4.69342 0.0331006
4.69342 0.0331006
4.69623 0.0962246
4.69655 0.0965441
4.69696 0.0969456
4.69906 0.0990494
4.70099 0.100986
4.70492 0.104914
4.70726 0.107255
4.70895 0.108943
4.71002 0.110009
4.71034 0.110329
4.71305 0.113043
4.71318 0.0331581
4.71318 0.0331581
4.71318 0.0331581
4.71343 0.0334109
4.71343 0.0330914
4.71343 0.0330914
4.71387 0.113868
4.71544 0.115432
4.7193 0.119297
4.71962 0.119617
4.71994 0.119936
4.72026 0.120256
4.72058 0.120564
4.72134 0.12133
4.72663 0.126627
4.72723 0.127226
4.73331 0.0333005
4.73343 0.0331094
4.73343 0.0331094
4.73343 0.0331094
4.73375 0.0334244
4.73375 0.0331049
4.73375 0.0331049
4.73429 0.13428
4.7357 0.135688
4.73723 0.0372219
4.73795 0.0379457
4.73939 0.139384
4.73971 0.139704
4.73971 0.0397045
4.74093 0.0409233
4.74153 0.0415254
4.74185 0.0418423
4.74217 0.0421645
4.74327 0.143261
4.74359 0.0435799
4.74391 0.0439006
4.74391 0.0439006
4.74423 0.0442011
4.74455 0.0445396
4.74486 0.0448564
4.74525 0.0452381
4.74712 0.147115
4.74744 0.047435
4.74776 0.147754
4.74842 0.0484162
4.75027 0.0502598
4.75074 0.050724
4.75146 0.151458
4.75318 0.0531779
4.7535 0.153497
4.75363 0.0336005
4.75363 0.0336005
4.75363 0.0336005
4.75363 0.0336005
4.75363 0.033281
4.75363 0.033281
4.75376 0.0334094
4.75607 0.0560616
4.75651 0.0565082
4.76181 0.0618101
4.76216 0.062155
4.76771 0.0677
4.76803 0.168019
4.7731 0.0330824
4.7731 0.0330824
4.7731 0.0330824
4.77345 0.0334285
4.77345 0.033109
4.77345 0.033109
4.77479 0.0747855
4.77536 0.0753538
4.77814 0.0781305
4.77855 0.0785433
4.77887 0.0788628
4.78 0.0799911
4.78256 0.0825474
4.78288 0.0828696
4.78466 0.084651
4.78644 0.0864297
4.78788 0.0878716
4.78904 0.0890366
4.78936 0.0893504
4.78936 0.0893504
4.78968 0.0896699
4.78968 0.0896699
4.79 0.0899894
4.79031 0.0903089
4.79063 0.0906285
4.79117 0.0911657
4.79149 0.0914852
4.79181 0.091802
4.79281 0.0928085
4.79313 0.093128
4.79313 0.093128
4.79326 0.0332597
4.79326 0.0332597
4.79326 0.0332597
4.79342 0.0334192
4.79342 0.0330997
4.79342 0.0330997
4.79623 0.0962237
4.79655 0.0965432
4.79696 0.0969533
4.79905 0.0990485
4.80099 0.100985
4.80492 0.104913
4.80726 0.107254
4.80895 0.108942
4.81001 0.110008
4.81033 0.110328
4.81305 0.113042
4.81318 0.0331572
4.81318 0.0331572
4.81318 0.0331572
4.81343 0.03341
4.81343 0.0330905
4.81343 0.0330905
4.81387 0.113867
4.81544 0.115431
4.8193 0.119296
4.81962 0.119616
4.81994 0.119936
4.82026 0.120255
4.82058 0.120572
4.82134 0.121329
4.82663 0.126626
4.82723 0.127225
4.8333 0.0332996
4.83343 0.0331085
4.83343 0.0331085
4.83343 0.0331085
4.83375 0.0334235
4.83375 0.033104
4.83375 0.033104
4.83429 0.134279
4.83569 0.135688
4.83723 0.037221
4.83795 0.0379448
4.83939 0.139383
4.83971 0.139703
4.83971 0.0397036
4.84096 0.0409311
4.84153 0.0415246
4.84185 0.0418189
4.84217 0.0421636
4.84327 0.14326
4.84359 0.0435801
4.8439 0.0438997
4.8439 0.0438997
4.84422 0.0442123
4.84454 0.0445387
4.84486 0.0448331
4.84528 0.0452459
4.84712 0.147114
4.84744 0.0474341
4.84776 0.147753
4.84842 0.0484153
4.85026 0.0502589
4.85077 0.050749
4.85146 0.151457
4.85318 0.053177
4.8535 0.153496
4.85363 0.0335996
4.85363 0.0335996
4.85363 0.0335996
4.85363 0.0335996
4.85363 0.0332801
4.85363 0.0332801
4.85376 0.0334085
4.8561 0.0560694
4.85651 0.0565074
4.86184 0.0618092
4.86216 0.0621541
4.8677 0.0676991
4.86802 0.168018
4.8731 0.0330815
4.8731 0.0330815
4.8731 0.0330815
4.87344 0.0334277
4.87344 0.0331082
4.87344 0.0331082
4.87479 0.0747846
4.87536 0.0753529
4.87813 0.0781296
4.87855 0.0785425
4.87887 0.078862
4.88 0.0799902
4.88259 0.0825551
4.8829 0.0828998
4.88466 0.0846501
4.88647 0.0864374
4.88788 0.0878707
4.88907 0.0890357
4.88939 0.0893806
4.88939 0.0893806
4.88971 0.0897002
4.88971 0.0897002
4.89002 0.0900197
4.89034 0.0903392
4.89034 0.0903392
4.89119 0.0911874
4.89151 0.091507
4.89183 0.0918013
4.89284 0.0928303
4.89315 0.0931498
4.89315 0.0931498
4.89328 0.0332815
4.89328 0.0332815
4.89328 0.0332815
4.89341 0.0334099
4.89341 0.0330904
4.89341 0.0330904
4.89625 0.0962455
4.89657 0.096565
4.89698 0.0969526
4.89908 0.0990702
4.90098 0.100976
4.90494 0.104935
4.90725 0.107245
4.90897 0.108964
4.91 0.109999
4.91032 0.110318
4.91304 0.113033
4.91317 0.0331479
4.91317 0.0331479
4.91317 0.0331479
4.91342 0.0334007
4.91342 0.0330812
4.91342 0.0330812
4.91389 0.113889
4.91543 0.115422
4.91929 0.119287
4.91961 0.119607
4.91993 0.119926
4.92025 0.120246
4.92057 0.12054
4.92136 0.121351
4.92662 0.126616
4.92725 0.127247
4.93329 0.0332903
4.93342 0.0330992
4.93342 0.0330992
4.93342 0.0330992
4.93374 0.0334142
4.93374 0.0330947
4.93374 0.0330947
4.93428 0.13427
4.93568 0.135678
4.93722 0.0372116
4.93794 0.0379355
4.93938 0.139374
4.9397 0.139693
4.94002 0.0400138
4.94096 0.0409388
4.94153 0.0415237
4.94185 0.0418267
4.94217 0.0421627
4.94326 0.143259
4.94358 0.0435802
4.9439 0.0438988
4.9439 0.0438988
4.94422 0.0441924
4.94454 0.0445378
4.94486 0.0448408
4.94527 0.0452536
4.94712 0.147113
4.94744 0.0474333
4.94776 0.147752
4.94842 0.0484144
4.95026 0.050258
4.95077 0.050743
4.95146 0.151456
4.95318 0.0531761
4.9535 0.153495
4.95363 0.0335987
4.95363 0.0335987
4.95363 0.0335987
4.95363 0.0335987
4.95363 0.0332792
4.95363 0.0332792
4.95376 0.0334076
4.95607 0.056046
4.95651 0.0565065
4.96184 0.0618083
4.96216 0.0621532
4.9677 0.0676982
4.96802 0.168017
4.97313 0.0331118
4.97313 0.0331118
4.97313 0.0331118
4.97344 0.0334268
4.97344 0.0331073
4.97344 0.0331073
4.97479 0.0747837
4.97536 0.075352
4.97813 0.0781288
4.97855 0.0785416
4.97887 0.0788611
4.97999 0.0799893
4.98258 0.0825629
4.9829 0.0828989
4.98465 0.0846492
4.98647 0.0864452
4.98787 0.0878698
4.98906 0.0890349
4.98938 0.0893798
4.98938 0.0893798
4.9897 0.0896993
4.9897 0.0896993
4.99002 0.0900188
4.99034 0.0903383
4.99034 0.0903383
4.99119 0.0911866
4.99151 0.0915061
4.99183 0.0918091
4.99283 0.0928294
4.99315 0.0931489
4.99315 0.0931489
4.99328 0.0332806
4.99328 0.0332806
4.99328 0.0332806
4.99341 0.033409
4.99341 0.0330895
4.99341 0.0330895
4.99625 0.0962446
4.99657 0.0965641
4.99698 0.0969604
4.99907 0.0990694
5.00098 0.100975
5.00494 0.104938
5.00725 0.107248
5.00897 0.108967
5.01001 0.110002
5.01036 0.110353
5.01304 0.113036
5.01317 0.0331512
5.01317 0.0331512
5.01317 0.0331512
5.01345 0.0334351
5.01345 0.0331156
5.01345 0.0331156
5.0139 0.113893
5.01543 0.115425
5.01929 0.11929
5.01961 0.11961
5.01993 0.119929
5.02025 0.120249
5.02057 0.120552
5.02136 0.121355
5.02662 0.12662
5.02725 0.12725
5.0333 0.0332936
5.03374 0.033094
5.03374 0.033094
5.03427 0.134269
5.03568 0.135678
5.03725 0.0372421
5.03794 0.0379349
5.03941 0.139404
5.03973 0.139724
5.03973 0.0397247
5.04095 0.0409384
5.04155 0.0415457
5.04187 0.0418573
5.04219 0.0421847
5.04329 0.143281
5.0436 0.0436033
5.04392 0.0439208
5.04392 0.0439208
5.04424 0.0442266
5.04456 0.0445598
5.04488 0.0448715
5.04526 0.0452532
5.04711 0.147104
5.04743 0.0474242
5.04775 0.147743
5.04841 0.0484053
5.05028 0.05028
5.05079 0.0507598
5.05148 0.151478
5.0532 0.0531981
5.05352 0.153517
5.05365 0.0336207
5.05365 0.0336207
5.05365 0.0336207
5.05365 0.0336207
5.05365 0.0333012
5.05365 0.0333012
5.05378 0.0334296
5.05609 0.0560767
5.05653 0.0565285
5.06183 0.0617992
5.06218 0.0621752
5.06772 0.0677202
5.06804 0.168039
5.07312 0.0331027
5.07312 0.0331027
5.07312 0.0331027
5.07343 0.0334177
5.07343 0.0330982
5.07343 0.0330982
5.07481 0.0748057
5.07535 0.0753429
5.07812 0.0781197
5.07854 0.0785325
5.07886 0.078852
5.08001 0.0800113
5.08257 0.0825624
5.08289 0.0828898
5.08464 0.0846401
5.08646 0.0864447
5.0879 0.0878918
5.08905 0.0890258
5.08937 0.0893707
5.08937 0.0893707
5.08969 0.0896902
5.08969 0.0896902
5.09001 0.0900097
5.09033 0.0903292
5.09065 0.0906487
5.09119 0.0911859
5.09151 0.0915054
5.09183 0.0918171
5.09283 0.0928287
5.09315 0.0931482
5.09315 0.0931482
5.09328 0.03328
5.09328 0.03328
5.09328 0.03328
5.09341 0.0334083
5.09341 0.0330888
5.09341 0.0330888
5.09625 0.096244
5.09657 0.0965635
5.09695 0.0969373
5.09907 0.0990687
5.10101 0.101006
5.10494 0.104933
5.10725 0.107243
5.10897 0.108963
5.11 0.109997
5.11035 0.110348
5.11303 0.113031
5.11316 0.0331464
5.11316 0.0331464
5.11316 0.0331464
5.11345 0.0334303
5.11345 0.0331108
5.11345 0.0331108
5.11389 0.113888
5.11542 0.11542
5.11932 0.119317
5.11964 0.119636
5.11996 0.119956
5.12028 0.120275
5.1206 0.120587
5.12135 0.12135
5.12662 0.126615
5.12725 0.127245
5.13329 0.0332888
5.13342 0.0330976
5.13342 0.0330976
5.13342 0.0330976
5.13373 0.0334127
5.13373 0.0330932
5.13373 0.0330932
5.13427 0.134269
5.13568 0.135677
5.13721 0.0372101
5.13794 0.037934
5.13938 0.139372
5.1397 0.139692
5.14001 0.0400122
5.14096 0.0409546
5.14156 0.0415533
5.14188 0.0418735
5.14219 0.0421923
5.14326 0.143257
5.14364 0.043614
5.14396 0.0439595
5.14396 0.0439595
5.14428 0.0442773
5.1446 0.0445985
5.1446 0.0445993
5.14526 0.0452609
5.14711 0.147103
5.14743 0.0474233
5.14775 0.147742
5.14844 0.0484355
5.15028 0.0502791
5.15076 0.0507537
5.15148 0.151477
5.1532 0.0531972
5.15352 0.153516
5.15365 0.0336198
5.15365 0.0336198
5.15365 0.0336198
5.15365 0.0336198
5.15365 0.0333003
5.15365 0.0333003
5.15378 0.0334287
5.15609 0.0560844
5.15653 0.0565276
5.16183 0.0617983
5.16218 0.0621744
5.16769 0.0676882
5.16804 0.168038
5.17312 0.0331018
5.17312 0.0331018
5.17312 0.0331018
5.17343 0.0334168
5.17343 0.0330973
5.17343 0.0330973
5.17478 0.0747737
5.17534 0.0753421
5.17812 0.0781188
5.17853 0.0785316
5.17885 0.0788511
5.18001 0.0800104
5.18257 0.0825702
5.18289 0.0828889
5.18464 0.0846392
5.18642 0.0864214
5.18789 0.087891
5.18905 0.0890249
5.18937 0.0893698
5.18937 0.0893698
5.18969 0.0896893
5.18969 0.0896893
5.19001 0.0900088
5.19033 0.0903283
5.19065 0.0906478
5.19119 0.091185
5.19151 0.0915046
5.19183 0.0918248
5.19283 0.0928279
5.19315 0.0931474
5.19315 0.0931474
5.19328 0.033248
5.19328 0.033248
5.19328 0.033248
5.19344 0.0334075
5.19344 0.033088
5.19344 0.033088
5.19621 0.096212
5.19653 0.0965315
5.19695 0.0969451
5.19904 0.0990367
5.20101 0.101005
5.2049 0.104901
5.20725 0.107242
5.209 0.108993
5.21 0.109997
5.21032 0.110316
5.21303 0.113031
5.21316 0.0331455
5.21316 0.0331455
5.21316 0.0331455
5.21345 0.0334294
5.21345 0.0331099
5.21345 0.0331099
5.21386 0.113856
5.21542 0.115419
5.21932 0.119316
5.21964 0.119635
5.21996 0.119955
5.22028 0.120274
5.2206 0.120595
5.22132 0.121318
5.22662 0.126614
5.22725 0.127244
5.23329 0.0332879
5.23342 0.0330968
5.23342 0.0330968
5.23342 0.0330968
5.23373 0.0334118
5.23373 0.0330923
5.23373 0.0330923
5.23427 0.134268
5.23568 0.135676
5.23721 0.0372092
5.23793 0.0379331
5.23937 0.139372
5.23969 0.139691
5.24001 0.0400114
5.24095 0.0409313
5.24155 0.0415524
5.24187 0.0418502
5.24219 0.0421914
5.24326 0.143257
5.24361 0.0435891
5.24393 0.0439275
5.24393 0.0439275
5.24425 0.0442264
5.24457 0.0445665
5.24489 0.0448644
5.24527 0.0452461
5.24711 0.147111
5.24743 0.0474309
5.24775 0.14775
5.24844 0.0484431
5.25026 0.0502556
5.25076 0.0507561
5.25146 0.151454
5.25321 0.0532048
5.25353 0.153523
5.25365 0.0336274
5.25365 0.0336274
5.25365 0.0336274
5.25365 0.0336274
5.25365 0.0333079
5.25365 0.0333079
5.25378 0.0334363
5.25612 0.0561007
5.25654 0.0565352
5.26183 0.0618059
5.26218 0.0621819
5.2677 0.0676958
5.26802 0.168015
5.27312 0.0331094
5.27312 0.0331094
5.27312 0.0331094
5.27344 0.0334244
5.27344 0.0331049
5.27344 0.0331049
5.27478 0.0747813
5.27535 0.0753496
5.27813 0.0781264
5.27854 0.0785392
5.27886 0.0788587
5.28002 0.080018
5.28258 0.0825553
5.2829 0.0828965
5.28462 0.0846157
5.28646 0.0864376
5.2879 0.0878985
5.28906 0.0890325
5.28938 0.0893774
5.28938 0.0893774
5.2897 0.0896969
5.2897 0.0896969
5.29002 0.0900164
5.29034 0.0903359
5.29066 0.0906554
5.29119 0.0911926
5.29151 0.0915121
5.29183 0.09181
5.29284 0.0928354
5.29316 0.0931549
5.29316 0.0931549
5.29329 0.0332556
5.29329 0.0332556
5.29329 0.0332556
5.29344 0.0334151
5.29344 0.0330955
5.29344 0.0330955
5.29622 0.0962196
5.29654 0.0965391
5.29695 0.0969302
5.29905 0.0990443
5.30098 0.100981
5.30491 0.104909
5.30722 0.107219
5.30897 0.108969
5.31001 0.110004
5.31033 0.110324
5.31304 0.113038
5.31317 0.0331531
5.31317 0.0331531
5.31317 0.0331531
5.31342 0.0334059
5.31342 0.0330864
5.31342 0.0330864
5.31387 0.113863
5.31543 0.115427
5.31929 0.119292
5.31961 0.119612
5.31993 0.119931
5.32025 0.120251
5.32057 0.120549
5.32133 0.121325
5.32662 0.126621
5.32725 0.127252
5.3333 0.0332955
5.33342 0.0331044
5.33342 0.0331044
5.33342 0.0331044
5.33374 0.0334194
5.33374 0.0330999
5.33374 0.0330999
5.33428 0.134275
5.33569 0.135683
5.33722 0.0372168
5.33794 0.0379407
5.33938 0.139379
5.3397 0.139699
5.34002 0.0400189
5.34096 0.0409475
5.34153 0.0415289
5.34185 0.0418353
5.34217 0.0421679
5.34323 0.143233
5.34362 0.0435998
5.34394 0.0439351
5.34394 0.0439351
5.34426 0.0442461
5.34458 0.0445741
5.34489 0.0448806
5.34528 0.0452623
5.34712 0.147118
5.34744 0.0474385
5.34776 0.147757
5.34842 0.0484196
5.35026 0.0502632
5.35077 0.0507585
5.35146 0.151461
5.35321 0.0532124
5.35353 0.153531
5.35366 0.033635
5.35366 0.033635
5.35366 0.033635
5.35366 0.033635
5.35366 0.0333155
5.35366 0.0333155
5.35379 0.0334439
5.3561 0.0560858
5.35654 0.0565428
5.36184 0.0618135
5.36219 0.0621895
5.3677 0.0677034
5.36802 0.168022
5.3731 0.0330859
5.3731 0.0330859
5.3731 0.0330859
5.37344 0.033432
5.37344 0.0331125
5.37344 0.0331125
5.37479 0.0747889
5.37536 0.0753572
5.3781 0.0781028
5.37855 0.0785468
5.37887 0.0788663
5.38003 0.0800256
5.38259 0.0825715
5.3829 0.0829041
5.38462 0.0846233
5.38644 0.0864227
5.38791 0.0879061
5.38907 0.08904
5.38939 0.089385
5.38939 0.089385
5.38971 0.0897045
5.38971 0.0897045
5.39002 0.090024
5.39034 0.0903435
5.39066 0.090663
5.3912 0.0912002
5.39152 0.0915197
5.39184 0.0918262
5.39281 0.0928119
5.39313 0.0931314
5.39313 0.0931314
5.39326 0.033232
5.39326 0.033232
5.39326 0.033232
5.39345 0.0334226
5.39345 0.0331031
5.39345 0.0331031
5.39623 0.0962271
5.39655 0.0965466
5.39696 0.0969464
5.39905 0.0990519
5.40099 0.100989
5.40492 0.104916
5.40723 0.107227
5.40898 0.108977
5.40998 0.109981
5.4103 0.1103
5.41302 0.113015
5.41314 0.0331296
5.41314 0.0331296
5.41314 0.0331296
5.41343 0.0334135
5.41343 0.033094
5.41343 0.033094
5.41387 0.113871
5.4154 0.115403
5.4193 0.1193
5.41962 0.119619
5.41994 0.119939
5.42026 0.120258
5.42058 0.120565
5.42133 0.121333
5.4266 0.126598
5.42726 0.12726
5.4333 0.0333031
5.43343 0.0331119
5.43343 0.0331119
5.43343 0.0331119
5.43375 0.033427
5.43375 0.0331074
5.43375 0.0331074
5.43428 0.134283
5.43566 0.13566
5.43722 0.0372244
5.43795 0.0379483
5.43936 0.139356
5.43968 0.139675
5.44 0.0399954
5.44094 0.0409326
5.44154 0.0415365
5.44186 0.0418516
5.44218 0.0421755
5.44324 0.143241
5.44362 0.0436105
5.44394 0.0439427
5.44394 0.0439427
5.44426 0.0442346
5.44458 0.0445817
5.4449 0.0448968
5.44525 0.0452474
5.4471 0.147095
5.44742 0.0474149
5.44773 0.147734
5.44843 0.0484272
5.45027 0.0502708
5.45075 0.0507298
5.45147 0.151469
5.45319 0.0531889
5.45351 0.153508
5.45364 0.0336115
5.45364 0.0336115
5.45364 0.0336115
5.45364 0.0336115
5.45364 0.033292
5.45364 0.033292
5.45377 0.0334204
5.45611 0.056102
5.45652 0.0565192
5.46185 0.0618211
5.46217 0.062166
5.46771 0.067711
5.46803 0.16803
5.4731 0.0330934
5.4731 0.0330934
5.4731 0.0330934
5.47342 0.0334085
5.47342 0.0330889
5.47342 0.0330889
5.47477 0.0747654
5.47533 0.0753337
5.47811 0.0781104
5.47855 0.0785544
5.47887 0.0788739
5.48003 0.0800332
5.48256 0.0825567
5.48288 0.0828806
5.48463 0.0846309
5.48644 0.086439
5.48788 0.0878826
5.48904 0.0890165
5.48936 0.0893614
5.48936 0.0893614
5.48968 0.0896809
5.48968 0.0896809
5.49 0.0900005
5.49032 0.09032
5.49064 0.0906395
5.49118 0.0911767
5.4915 0.0914962
5.49182 0.0918113
5.49282 0.0928195
5.49314 0.093139
5.49314 0.093139
5.49327 0.0332396
5.49327 0.0332396
5.49327 0.0332396
5.49346 0.0334302
5.49346 0.0331107
5.49346 0.0331107
5.49623 0.0962347
5.49655 0.0965542
5.49694 0.0969315
5.49903 0.0990284
5.501 0.100996
5.50492 0.104924
5.50723 0.107234
5.50898 0.108984
5.50999 0.109988
5.51031 0.110308
5.51302 0.113022
5.51315 0.0331372
5.51315 0.0331372
5.51315 0.0331372
5.51343 0.0334211
5.51343 0.0331016
5.51343 0.0331016
5.51388 0.113878
5.51541 0.115411
5.51931 0.119307
5.51963 0.119627
5.51995 0.119947
5.52027 0.120266
5.52059 0.120581
5.52134 0.12134
5.52661 0.126606
5.52727 0.127267
5.53331 0.0332795
5.53344 0.0330884
5.53344 0.0330884
5.53344 0.0330884
5.53375 0.0334034
5.53375 0.0330839
5.53375 0.0330839
5.53426 0.134259
5.53567 0.135668
5.53726 0.037232
5.53796 0.0379247
5.53936 0.139363
5.53968 0.139683
5.54 0.0399719
5.54097 0.0409488
5.54157 0.041544
5.54189 0.0418678
5.54221 0.0421831
5.54325 0.143248
5.5436 0.0435941
5.54392 0.0438881
5.54392 0.0438881
5.54424 0.0442232
5.54456 0.0445271
5.54488 0.0448508
5.54529 0.0452636
5.54713 0.147133
5.54745 0.0474225
5.54777 0.147772
5.54847 0.0484348
5.55031 0.0502784
5.55075 0.0507323
5.55145 0.151445
5.55323 0.0531965
5.55323 0.153227
5.55336 0.0333307
5.55336 0.0333307
5.55336 0.0333307
5.55348 0.0334591
5.55348 0.0331396
5.55348 0.0331396
5.55614 0.0561098
5.55655 0.0565184
5.56184 0.0618202
5.5622 0.0621651
5.56774 0.0677101
5.56806 0.16806
5.5731 0.0330926
5.5731 0.0330926
5.5731 0.0330926
5.57342 0.0334076
5.57342 0.0330881
5.57342 0.0330881
5.57479 0.0747645
5.57539 0.0753639
5.57814 0.0781096
5.57858 0.0785535
5.5789 0.078873
5.58006 0.0800323
5.58259 0.0825644
5.58291 0.0828797
5.58466 0.08463
5.58644 0.0864156
5.58791 0.0878817
5.58904 0.0890156
5.58936 0.0893295
5.58936 0.0893295
5.58968 0.089649
5.58968 0.089649
5.59 0.0899685
5.59032 0.090288
5.59064 0.0906075
5.59121 0.0911758
5.59153 0.0914953
5.59185 0.0918191
5.59285 0.0928186
5.59317 0.0931381
5.59317 0.0931381
5.5933 0.0332698
5.5933 0.0332698
5.5933 0.0332698
5.59346 0.0334293
5.59346 0.0331098
5.59346 0.0331098
5.59626 0.0962338
5.59658 0.0965534
5.59697 0.0969393
5.59909 0.0990586
5.60103 0.100996
5.60495 0.104923
5.60726 0.107233
5.60901 0.108984
5.61002 0.109987
5.61034 0.110307
5.61305 0.113021
5.61318 0.0331674
5.61318 0.0331674
5.61318 0.0331674
5.61343 0.0334202
5.61343 0.0331007
5.61343 0.0331007
5.61388 0.113846
5.61544 0.11541
5.61934 0.119307
5.61966 0.119626
5.61998 0.119946
5.6203 0.120265
5.62062 0.120589
5.62137 0.12134
5.62664 0.126605
5.6273 0.127266
5.63331 0.0332787
5.63344 0.0330875
5.63344 0.0330875
5.63344 0.0330875
5.63375 0.0334026
5.63375 0.033083
5.63375 0.033083
5.63429 0.134258
5.6357 0.135667
5.63726 0.0372311
5.63795 0.0379239
5.63939 0.139362
5.63971 0.139682
5.64003 0.0400021
5.64097 0.0409566
5.64157 0.0415432
5.64189 0.0418755
5.64221 0.0421822
5.64328 0.143247
5.6436 0.0435963
5.64392 0.0438872
5.64392 0.0438872
5.64424 0.0442345
5.64456 0.0445262
5.64488 0.0448586
5.64526 0.0452403
5.64713 0.147101
5.64745 0.0474216
5.64777 0.14774
5.64846 0.0484339
5.65031 0.0502775
5.65078 0.0507573
5.65147 0.151444
5.65323 0.0531956
5.65354 0.153514
5.65367 0.0336493
5.65367 0.0336493
5.65367 0.0336493
5.65367 0.0336493
5.65367 0.0333298
5.65367 0.0333298
5.6538 0.0334582
5.65611 0.0560949
5.65656 0.056526
5.66185 0.0618278
5.6622 0.0621727
5.66775 0.0677177
5.66807 0.168036
5.67311 0.0331001
5.67311 0.0331001
5.67311 0.0331001
5.67342 0.0334152
5.67342 0.0330957
5.67342 0.0330957
5.6748 0.0747721
5.67537 0.0753404
5.67815 0.0781171
5.67859 0.0785611
5.67891 0.0788806
5.68004 0.0800088
5.68257 0.0825495
5.68292 0.0828873
5.68467 0.0846376
5.68645 0.0864318
5.68792 0.0878893
5.68905 0.0890232
5.68937 0.089337
5.68937 0.089337
5.68969 0.0896565
5.68969 0.0896565
5.69001 0.0899761
5.69033 0.0902956
5.69064 0.0906151
5.69121 0.0911834
5.69153 0.0915029
5.69185 0.0918353
5.69286 0.0928262
5.69318 0.0931457
5.69318 0.0931457
5.6933 0.0332774
5.6933 0.0332774
5.6933 0.0332774
5.69343 0.0334058
5.69343 0.0330863
5.69343 0.0330863
5.69624 0.0962103
5.69656 0.0965298
5.69697 0.0969555
5.69906 0.0990351
5.70103 0.101003
5.70493 0.1049
5.70727 0.107241
5.70902 0.108991
5.71002 0.109995
5.71034 0.110314
5.71306 0.113029
5.71319 0.033175
5.71319 0.033175
5.71319 0.033175
5.71344 0.0334278
5.71344 0.0331083
5.71344 0.0331083
5.71388 0.113854
5.71545 0.115418
5.71934 0.119314
5.71966 0.119634
5.71998 0.119953
5.7203 0.120273
5.72062 0.120605
5.72135 0.121316
5.72664 0.126612
5.7273 0.127274
5.73331 0.0332862
5.73344 0.0330951
5.73344 0.0330951
5.73344 0.0330951
5.73376 0.0334101
5.73376 0.0330906
5.73376 0.0330906
5.7343 0.134266
5.7357 0.135674
5.73727 0.0372387
5.73796 0.0379315
5.7394 0.13937
5.73972 0.139689
5.74004 0.0400097
5.74095 0.0409417
5.74158 0.0415507
5.7419 0.0418918
5.74222 0.0421898
5.74328 0.143255
5.74364 0.043607
5.74395 0.0439259
5.74395 0.0439259
5.74427 0.0442541
5.74459 0.0445649
5.74459 0.0445864
5.74526 0.0452481
5.74713 0.1471
5.74745 0.0474208
5.74777 0.147739
5.74846 0.048433
5.75031 0.0502766
5.75078 0.0507512
5.7515 0.151475
5.75322 0.0531947
5.75354 0.153513
5.75367 0.0336484
5.75367 0.0336484
5.75367 0.0336484
5.75367 0.0336484
5.75367 0.0333289
5.75367 0.0333289
5.7538 0.0334573
5.75611 0.0561027
5.75655 0.0565251
5.76185 0.0618269
5.7622 0.0621718
5.76775 0.0677168
5.76807 0.168036
5.77311 0.0330993
5.77311 0.0330993
5.77311 0.0330993
5.77342 0.0334143
5.77342 0.0330948
5.77342 0.0330948
5.7748 0.0747712
5.77537 0.0753395
5.77814 0.0781163
5.77859 0.0785602
5.77891 0.0788797
5.78004 0.0800079
5.78256 0.0825573
5.78292 0.0828864
5.78467 0.0846367
5.78645 0.0864396
5.78792 0.0878884
5.78905 0.0890224
5.78936 0.0893362
5.78936 0.0893362
5.78968 0.0896557
5.78968 0.0896557
5.79 0.0899752
5.79032 0.0902947
5.79064 0.0906142
5.79121 0.0911825
5.79153 0.091502
5.79185 0.0918431
5.79285 0.0928253
5.79317 0.0931448
5.79317 0.0931448
5.7933 0.0332766
5.7933 0.0332766
5.7933 0.0332766
5.79343 0.0334049
5.79343 0.0330854
5.79343 0.0330854
5.79624 0.0962094
5.79656 0.096529
5.79694 0.0969322
5.79906 0.0990342
5.80103 0.101002
5.80493 0.104899
5.80727 0.10724
5.80902 0.10899
5.81002 0.109994
5.81034 0.110314
5.81306 0.113028
5.81319 0.0331741
5.81319 0.0331741
5.81319 0.0331741
5.81344 0.0334269
5.81344 0.0331074
5.81344 0.0331074
5.81388 0.113853
5.81545 0.115417
5.81934 0.119313
5.81966 0.119633
5.81998 0.119952
5.8203 0.120272
5.82062 0.120613
5.82134 0.121315
5.82664 0.126611
5.8273 0.127273
5.83331 0.0332854
5.83344 0.0330942
5.83344 0.0330942
5.83344 0.0330942
5.83376 0.0334093
5.83376 0.0330898
5.83376 0.0330898
5.83429 0.134265
5.8357 0.135673
5.83727 0.0372378
5.83796 0.0379306
5.8394 0.139369
5.83972 0.139689
5.84004 0.0400088
5.84098 0.0409495
5.84158 0.0415499
5.8419 0.0418684
5.84222 0.0421889
5.84328 0.143254
5.84363 0.0436092
5.84395 0.043925
5.84395 0.043925
5.84427 0.0442654
5.84459 0.044564
5.84491 0.0448826
5.84529 0.0452643
5.84714 0.147108
5.84746 0.0474283
5.84778 0.147747
5.84847 0.0484406
5.85031 0.0502842
5.85076 0.0507536
5.85148 0.151451
5.85323 0.0532023
5.85355 0.153521
5.85368 0.033656
5.85368 0.033656
5.85368 0.033656
5.85368 0.033656
5.85368 0.0333365
5.85368 0.0333365
5.85381 0.0334649
5.85612 0.0560878
5.85656 0.0565327
5.86183 0.0618034
5.86221 0.0621794
5.86772 0.0676933
5.86804 0.168012
5.87311 0.0331069
5.87311 0.0331069
5.87311 0.0331069
5.87343 0.0334219
5.87343 0.0331024
5.87343 0.0331024
5.87481 0.0747788
5.87538 0.0753471
5.87815 0.0781238
5.87856 0.0785367
5.87888 0.0788562
5.88004 0.0800155
5.8826 0.0825735
5.88292 0.082894
5.88464 0.0846132
5.88645 0.0864247
5.88792 0.087896
5.88905 0.0890299
5.88937 0.0893437
5.88937 0.0893437
5.88969 0.0896633
5.88969 0.0896633
5.89001 0.0899828
5.89033 0.0903023
5.89065 0.0906218
5.89122 0.0911901
5.89154 0.0915096
5.89186 0.0918282
5.89286 0.0928329
5.89318 0.0931524
5.89318 0.0931524
5.89331 0.0332841
5.89331 0.0332841
5.89331 0.0332841
5.89344 0.0334125
5.89344 0.033093
5.89344 0.033093
5.89624 0.096217
5.89656 0.0965365
5.89698 0.0969484
5.89907 0.0990418
5.90101 0.100979
5.90493 0.104906
5.90724 0.107216
5.90903 0.108998
5.91003 0.110002
5.91035 0.110321
5.91306 0.113036
5.91319 0.0331817
5.91319 0.0331817
5.91319 0.0331817
5.91341 0.0334034
5.91341 0.0330839
5.91341 0.0330839
5.91389 0.113861
5.91545 0.115424
5.91935 0.119321
5.91967 0.11964
5.91999 0.11996
5.92031 0.120279
5.92063 0.120598
5.92135 0.121323
5.92665 0.126619
5.92728 0.127249
5.93332 0.0332929
5.93345 0.0331018
5.93345 0.0331018
5.93345 0.0331018
5.93376 0.0334168
5.93376 0.0330973
5.93376 0.0330973
5.9343 0.134273
5.93571 0.135681
5.93724 0.0372143
5.93797 0.0379382
5.9394 0.139377
5.93972 0.139696
5.94004 0.0400164
5.94095 0.0409346
5.94155 0.0415263
5.94187 0.0418536
5.94219 0.0421654
5.94326 0.143231
5.94361 0.0435888
5.94393 0.0439015
5.94393 0.0439015
5.94425 0.0442229
5.94457 0.0445405
5.94489 0.0448677
5.94527 0.0452494
5.94714 0.147116
5.94746 0.0474359
5.94778 0.147755
5.94844 0.0484171
5.95029 0.0502607
5.95076 0.0507561
5.95149 0.151459
5.95324 0.0532099
5.95356 0.153529
5.95368 0.0336636
5.95368 0.0336636
5.95368 0.0336636
5.95368 0.0336636
5.95368 0.0333441
5.95368 0.0333441
5.95381 0.0334725
5.95612 0.056104
5.95657 0.0565402
5.96183 0.061811
5.96221 0.062187
5.96773 0.0677009
5.96805 0.16802
5.97309 0.0330833
5.97309 0.0330833
5.97309 0.0330833
5.97344 0.0334295
5.97344 0.0331099
5.97344 0.0331099
5.97481 0.0747864
5.97538 0.0753547
5.97813 0.0781003
5.97857 0.0785442
5.97889 0.0788638
5.98005 0.0800231
5.98258 0.0825587
5.98293 0.0829016
5.98465 0.0846208
5.98646 0.086441
5.98793 0.0879036
5.98906 0.0890375
5.98938 0.0893513
5.98938 0.0893513
5.9897 0.0896708
5.9897 0.0896708
5.99002 0.0899903
5.99034 0.0903099
5.99066 0.0906294
5.99122 0.0911977
5.99154 0.0915172
5.99186 0.0918444
5.99284 0.0928094
5.99316 0.0931289
5.99316 0.0931289
5.99328 0.0332606
5.99328 0.0332606
5.99328 0.0332606
5.99344 0.0334201
5.99344 0.0331006
5.99344 0.0331006
5.99625 0.0962246
5.99657 0.0965441
5.99695 0.0969335
5.99908 0.0990494
6.00101 0.100986
6.00495 0.104918
6.00726 0.107228
6.00901 0.108979
6.01004 0.110014
6.01036 0.110333
6.01304 0.113016
6.01317 0.0331625
6.01317 0.0331625
6.01317 0.0331625
6.01342 0.0334153
6.01342 0.0330958
6.01342 0.0330958
6.0139 0.113873
6.01543 0.115405
6.01933 0.119302
6.01965 0.119621
6.01997 0.119941
6.02029 0.12026
6.02061 0.120587
6.02136 0.121335
6.02663 0.1266
6.02729 0.127261
6.03333 0.0333049
6.03377 0.0331053
6.03377 0.0331053
6.03431 0.134281
6.03568 0.135658
6.03725 0.0372222
6.03797 0.0379461
6.03941 0.139385
6.03973 0.139704
6.03973 0.0397049
6.04095 0.0409427
6.04158 0.0415569
6.0419 0.0418928
6.04222 0.0421959
6.04329 0.143261
6.04364 0.0436225
6.04396 0.0439321
6.04396 0.0439321
6.04428 0.0442655
6.0446 0.0445711
6.04492 0.0449069
6.0453 0.0452886
6.04714 0.147115
6.04746 0.0474354
6.04778 0.147754
6.04847 0.0484477
6.05029 0.0502602
6.05079 0.0507815
6.05149 0.151458
6.05324 0.0532093
6.05356 0.153528
6.05368 0.0336631
6.05368 0.0336631
6.05368 0.0336631
6.05368 0.0336631
6.05368 0.0333436
6.05368 0.0333436
6.05381 0.033472
6.05612 0.0561121
6.05657 0.0565397
6.06183 0.0618105
6.06221 0.0621865
6.06773 0.0677004
6.06805 0.168019
6.07312 0.0331139
6.07312 0.0331139
6.07312 0.0331139
6.07344 0.0334289
6.07344 0.0331094
6.07344 0.0331094
6.07481 0.0747858
6.07538 0.0753542
6.07813 0.0780998
6.0786 0.0785748
6.07892 0.0788943
6.08008 0.0800536
6.08258 0.0825668
6.08293 0.082901
6.08465 0.0846202
6.08643 0.086418
6.08793 0.0879031
6.08906 0.089037
6.08938 0.0893508
6.08938 0.0893508
6.0897 0.0896703
6.0897 0.0896703
6.09002 0.0899898
6.09034 0.0903093
6.09066 0.0906288
6.09122 0.0911972
6.09154 0.0915167
6.09186 0.0918525
6.09284 0.0928089
6.09315 0.0931284
6.09315 0.0931284
6.09328 0.0332601
6.09328 0.0332601
6.09328 0.0332601
6.09344 0.0334196
6.09344 0.0331001
6.09344 0.0331001
6.09625 0.0962241
6.09657 0.0965436
6.09695 0.0969417
6.09904 0.0990178
6.10101 0.100986
6.10494 0.104913
6.10728 0.107255
6.10903 0.109005
6.11003 0.110009
6.11035 0.110328
6.11304 0.113012
6.11317 0.0331576
6.11317 0.0331576
6.11317 0.0331576
6.11342 0.0334104
6.11342 0.0330909
6.11342 0.0330909
6.11389 0.113868
6.11543 0.1154
6.11935 0.119328
6.11967 0.119647
6.11999 0.119967
6.12031 0.120286
6.12063 0.120622
6.12136 0.12133
6.12665 0.126626
6.12731 0.127288
6.13333 0.0333
6.13345 0.0331089
6.13345 0.0331089
6.13345 0.0331089
6.13377 0.0334239
6.13377 0.0331044
6.13377 0.0331044
6.13431 0.13428
6.13571 0.135688
6.13725 0.0372214
6.13797 0.0379452
6.13938 0.139353
6.1397 0.139672
6.14002 0.0399924
6.14096 0.040959
6.14156 0.0415334
6.14188 0.0418779
6.1422 0.0421724
6.14326 0.143238
6.14365 0.0436332
6.14397 0.0439396
6.14397 0.0439396
6.14428 0.0442541
6.1446 0.0445787
6.1446 0.0446036
6.14527 0.0452653
6.14714 0.147114
6.14746 0.0474345
6.14778 0.147753
6.14847 0.0484468
6.15028 0.0502593
6.15076 0.0507443
6.15148 0.151457
6.15323 0.0532085
6.15355 0.153527
6.15368 0.0336622
6.15368 0.0336622
6.15368 0.0336622
6.15368 0.0336622
6.15368 0.0333427
6.15368 0.0333427
6.15381 0.0334711
6.15612 0.0561199
6.15656 0.0565388
6.16183 0.0618096
6.16221 0.0621856
6.16772 0.0676995
6.16804 0.168018
6.17312 0.033113
6.17312 0.033113
6.17312 0.033113
6.17343 0.033428
6.17343 0.0331085
6.17343 0.0331085
6.17478 0.0747539
6.17538 0.0753533
6.17812 0.0780989
6.1786 0.0785739
6.17892 0.0788935
6.18008 0.0800528
6.18254 0.0825434
6.18296 0.0829313
6.18464 0.0846194
6.18643 0.0864257
6.18796 0.0879333
6.18906 0.0890361
6.18938 0.0893499
6.18938 0.0893499
6.18969 0.0896694
6.18969 0.0896694
6.19001 0.0899889
6.19033 0.0903084
6.19065 0.090628
6.19122 0.0911963
6.19154 0.0915158
6.19186 0.0918603
6.19283 0.092808
6.19315 0.0931275
6.19315 0.0931275
6.19328 0.0332592
6.19328 0.0332592
6.19328 0.0332592
6.19344 0.0334187
6.19344 0.0330992
6.19344 0.0330992
6.19625 0.0962232
6.19657 0.0965427
6.19695 0.0969494
6.19904 0.0990169
6.20101 0.100985
6.20494 0.104912
6.20725 0.107223
6.20903 0.109004
6.21 0.109977
6.21032 0.110296
6.21304 0.113011
6.21316 0.0331567
6.21316 0.0331567
6.21316 0.0331567
6.21342 0.0334096
6.21342 0.03309
6.21342 0.03309
6.21389 0.113867
6.21542 0.1154
6.21935 0.119327
6.21967 0.119647
6.21999 0.119966
6.22031 0.120286
6.22063 0.12063
6.22132 0.121298
6.22662 0.126594
6.22731 0.127287
6.23332 0.0332991
6.23345 0.033108
6.23345 0.033108
6.23345 0.033108
6.23377 0.033423
6.23377 0.0331035
6.23377 0.0331035
6.2343 0.134279
6.23568 0.135656
6.23725 0.0372205
6.23797 0.0379443
6.23938 0.139352
6.2397 0.139671
6.24002 0.0399915
6.24096 0.0409356
6.24156 0.0415325
6.24188 0.0418546
6.2422 0.0421715
6.24326 0.143237
6.24364 0.0436394
6.24396 0.0439388
6.24396 0.0439388
6.24428 0.0442654
6.2446 0.0445778
6.24492 0.0448998
6.24527 0.0452504
6.24712 0.147091
6.24744 0.047411
6.24776 0.14773
6.24848 0.0484544
6.25029 0.0502669
6.25077 0.0507467
6.25149 0.151465
6.25324 0.0532161
6.25356 0.153535
6.25369 0.0336698
6.25369 0.0336698
6.25369 0.0336698
6.25369 0.0336698
6.25369 0.0333503
6.25369 0.0333503
6.25382 0.0334787
6.25616 0.0561361
6.25657 0.0565464
6.26184 0.0618172
6.26222 0.0621932
6.26773 0.0677071
6.26805 0.168026
6.27309 0.0330895
6.27309 0.0330895
6.27309 0.0330895
6.27341 0.0334045
6.27341 0.033085
6.27341 0.033085
6.27479 0.0747614
6.27539 0.0753609
6.27813 0.0781065
6.27858 0.0785504
6.27889 0.0788699
6.28009 0.0800604
6.28258 0.0825597
6.28296 0.0829389
6.28462 0.0845958
6.28646 0.086442
6.28793 0.0879098
6.28906 0.0890437
6.28938 0.0893575
6.28938 0.0893575
6.2897 0.089677
6.2897 0.089677
6.29002 0.0899965
6.29034 0.090316
6.29066 0.0906355
6.29123 0.0912039
6.29155 0.0915234
6.29187 0.0918454
6.29284 0.0928156
6.29316 0.0931351
6.29316 0.0931351
6.29329 0.0332668
6.29329 0.0332668
6.29329 0.0332668
6.29345 0.0334263
6.29345 0.0331068
6.29345 0.0331068
6.29622 0.0961997
6.29654 0.0965192
6.29696 0.0969345
6.29905 0.0990245
6.30102 0.100992
6.30491 0.104889
6.30725 0.10723
6.30904 0.109012
6.31001 0.109984
6.31033 0.110304
6.31304 0.113018
6.31317 0.0331643
6.31317 0.0331643
6.31317 0.0331643
6.31342 0.0334171
6.31342 0.0330976
6.31342 0.0330976
6.31387 0.113843
6.31543 0.115407
6.31936 0.119335
6.31968 0.119654
6.32 0.119974
6.32032 0.120293
6.32064 0.120615
6.32133 0.121305
6.32663 0.126602
6.32732 0.127294
6.3333 0.0332756
6.33343 0.0330845
6.33343 0.0330845
6.33343 0.0330845
6.33377 0.0334306
6.33377 0.0331111
6.33377 0.0331111
6.33431 0.134287
6.33569 0.135664
6.33725 0.0372281
6.33798 0.0379519
6.33938 0.139359
6.3397 0.139679
6.34002 0.0399991
6.34096 0.0409518
6.34156 0.0415401
6.34188 0.0418708
6.3422 0.0421791
6.34324 0.143213
6.34362 0.043619
6.34394 0.0439152
6.34394 0.0439152
6.34426 0.0442539
6.34458 0.0445543
6.3449 0.0448849
6.34528 0.0452666
6.34712 0.147098
6.34744 0.0474186
6.34776 0.147737
6.34849 0.048462
6.3503 0.0502745
6.35077 0.0507491
6.35147 0.151441
6.35325 0.0532236
6.35357 0.153542
6.3537 0.0336774
6.3537 0.0336774
6.3537 0.0336774
6.3537 0.0336774
6.3537 0.0333579
6.3537 0.0333579
6.35382 0.0334862
6.35613 0.0561213
6.35658 0.056554
6.36184 0.0618248
6.36222 0.0622008
6.36771 0.0676835
6.36803 0.168002
6.3731 0.0330971
6.3731 0.0330971
6.3731 0.0330971
6.37342 0.0334121
6.37342 0.0330926
6.37342 0.0330926
6.37479 0.074769
6.37536 0.0753374
6.37814 0.0781141
6.37858 0.078558
6.3789 0.0788775
6.38006 0.0800368
6.38256 0.0825448
6.38294 0.0829153
6.38463 0.0846034
6.38644 0.0864271
6.38794 0.0879174
6.38904 0.0890202
6.38936 0.089334
6.38936 0.089334
6.38968 0.0896535
6.38968 0.0896535
6.39 0.089973
6.39032 0.0902925
6.39064 0.090612
6.39124 0.0912115
6.39155 0.091531
6.39187 0.0918616
6.39285 0.0928232
6.39317 0.0931427
6.39317 0.0931427
6.39329 0.0332744
6.39329 0.0332744
6.39329 0.0332744
6.39342 0.0334028
6.39342 0.0330833
6.39342 0.0330833
6.39623 0.0962073
6.39655 0.0965268
6.39693 0.0969197
6.39906 0.099032
6.40102 0.101
6.40492 0.104897
6.40723 0.107207
6.40904 0.109019
6.41002 0.109992
6.41034 0.110311
6.41302 0.112995
6.41315 0.0331408
6.41315 0.0331408
6.41315 0.0331408
6.41343 0.0334247
6.41343 0.0331052
6.41343 0.0331052
6.41387 0.113851
6.41544 0.115415
6.41934 0.119311
6.41965 0.119631
6.41997 0.11995
6.42029 0.12027
6.42061 0.1206
6.42134 0.121313
6.42663 0.126609
6.42729 0.127271
6.43331 0.0332832
6.43343 0.0330921
6.43343 0.0330921
6.43343 0.0330921
6.43375 0.0334071
6.43375 0.0330876
6.43375 0.0330876
6.43429 0.134263
6.4357 0.135671
6.43726 0.0372357
6.43795 0.0379284
6.43936 0.139336
6.43968 0.139655
6.44 0.0399756
6.44094 0.040937
6.44157 0.0415477
6.44189 0.041887
6.44221 0.0421867
6.44324 0.143221
6.44366 0.0436297
6.44398 0.0439539
6.44398 0.0439539
6.4443 0.0442736
6.44462 0.044593
6.44462 0.0446128
6.44528 0.0452744
6.44712 0.147097
6.44744 0.0474177
6.44776 0.147736
6.44848 0.0484611
6.4503 0.0502736
6.45077 0.0507431
6.45146 0.151441
6.45325 0.0532228
6.45357 0.153541
6.45369 0.0336765
6.45369 0.0336765
6.45369 0.0336765
6.45369 0.0336765
6.45369 0.033357
6.45369 0.033357
6.45382 0.0334854
6.45613 0.056129
6.45658 0.0565531
6.46184 0.0618239
6.46222 0.0621999
6.46771 0.0676827
6.46803 0.168001
6.4731 0.0330962
6.4731 0.0330962
6.4731 0.0330962
6.47341 0.0334112
6.47341 0.0330917
6.47341 0.0330917
6.47479 0.0747681
6.47536 0.0753365
6.47814 0.0781132
6.47858 0.0785571
6.4789 0.0788766
6.48006 0.080036
6.48256 0.0825525
6.48294 0.0829145
6.48463 0.0846025
6.48644 0.0864348
6.48794 0.0879165
6.48904 0.0890193
6.48936 0.0893331
6.48936 0.0893331
6.48968 0.0896526
6.48968 0.0896526
6.49 0.0899721
6.49031 0.0902916
6.49063 0.0906111
6.49123 0.0912106
6.49155 0.0915301
6.49187 0.0918694
6.49285 0.0928223
6.49316 0.0931418
6.49316 0.0931418
6.49329 0.0332735
6.49329 0.0332735
6.49329 0.0332735
6.49345 0.033433
6.49345 0.0331135
6.49345 0.0331135
6.49623 0.0962064
6.49655 0.0965259
6.49693 0.0969274
6.49905 0.0990312
6.50102 0.100999
6.50492 0.104896
6.50723 0.107206
6.50904 0.109018
6.51001 0.109991
6.51033 0.110311
6.51302 0.112994
6.51315 0.0331399
6.51315 0.0331399
6.51315 0.0331399
6.51343 0.0334238
6.51343 0.0331043
6.51343 0.0331043
6.51387 0.11385
6.51544 0.115414
6.51933 0.11931
6.51965 0.11963
6.51997 0.119949
6.52029 0.120269
6.52061 0.120608
6.52134 0.121312
6.52663 0.126608
6.52732 0.127301
6.5333 0.0332823
6.53343 0.0330912
6.53343 0.0330912
6.53343 0.0330912
6.53375 0.0334062
6.53375 0.0330867
6.53375 0.0330867
6.53429 0.134262
6.53569 0.13567
6.53726 0.0372348
6.53795 0.0379275
6.53936 0.139335
6.53968 0.139654
6.54 0.0399747
6.54097 0.0409447
6.54157 0.0415468
6.54189 0.0418637
6.54221 0.0421858
6.54324 0.14322
6.54366 0.043632
6.54398 0.0439531
6.54398 0.0439531
6.54429 0.0442849
6.54461 0.0445921
6.54493 0.0449089
6.54528 0.0452595
6.54713 0.147105
6.54745 0.0474253
6.54777 0.147744
6.54849 0.0484687
6.5503 0.0502812
6.55075 0.0507455
6.55147 0.151448
6.55325 0.0532303
6.55325 0.15323
6.55338 0.0333646
6.55338 0.0333646
6.55338 0.0333646
6.55351 0.033493
6.55351 0.0331734
6.55351 0.0331734
6.55616 0.0561368
6.55657 0.0565522
6.56184 0.061823
6.56222 0.062199
6.5677 0.0676818
6.56802 0.168
6.5731 0.0330953
6.5731 0.0330953
6.5731 0.0330953
6.57341 0.0334104
6.57341 0.0330908
6.57341 0.0330908
6.57479 0.0747673
6.57536 0.0753356
6.57813 0.0781123
6.57858 0.0785563
6.5789 0.0788758
6.58006 0.0800351
6.58259 0.0825603
6.58294 0.0829136
6.58462 0.0846017
6.58647 0.0864426
6.58794 0.0879156
6.58903 0.0890184
6.58935 0.0893322
6.58935 0.0893322
6.58967 0.0896517
6.58967 0.0896517
6.58999 0.0899712
6.59031 0.0902908
6.59063 0.0906103
6.59123 0.0912097
6.59155 0.0915292
6.59187 0.0918461
6.59284 0.0928214
6.59316 0.0931409
6.59316 0.0931409
6.59329 0.0332726
6.59329 0.0332726
6.59329 0.0332726
6.59345 0.0334321
6.59345 0.0331126
6.59345 0.0331126
6.59623 0.0962055
6.59655 0.096525
6.59696 0.0969352
6.59905 0.0990303
6.60102 0.100998
6.60492 0.104895
6.60723 0.107205
6.60904 0.109017
6.61001 0.10999
6.61033 0.11031
6.61302 0.112993
6.61314 0.0331391
6.61314 0.0331391
6.61314 0.0331391
6.61343 0.033423
6.61343 0.0331035
6.61343 0.0331035
6.61387 0.113849
6.61544 0.115413
6.61936 0.119341
6.61968 0.11966
6.62 0.11998
6.62032 0.120299
6.62064 0.120616
6.62133 0.121311
6.62663 0.126607
6.62729 0.127269
6.6333 0.0332814
6.63343 0.0330903
6.63343 0.0330903
6.63343 0.0330903
6.63375 0.0334053
6.63375 0.0330858
6.63375 0.0330858
6.63428 0.134261
6.63569 0.135669
6.63726 0.0372339
6.63795 0.0379266
6.63936 0.139334
6.63968 0.139653
6.64 0.0399738
6.64097 0.0409525
6.64157 0.0415459
6.64189 0.0418714
6.64221 0.042185
6.64324 0.143219
6.64365 0.0436342
6.64397 0.0439522
6.64397 0.0439522
6.64429 0.044265
6.64461 0.0445912
6.64461 0.0445972
6.64527 0.0452588
6.64712 0.147096
6.64744 0.047416
6.64776 0.147735
6.64848 0.0484593
6.65029 0.0502718
6.65077 0.050762
6.65146 0.151439
6.65324 0.053221
6.65356 0.15354
6.65369 0.0336747
6.65369 0.0336747
6.65369 0.0336747
6.65369 0.0336747
6.65369 0.0333552
6.65369 0.0333552
6.65382 0.0334836
6.65616 0.0561445
6.65657 0.0565514
6.66184 0.0618221
6.66222 0.0621981
6.6677 0.0676809
6.66802 0.168
6.6731 0.0330945
6.6731 0.0330945
6.6731 0.0330945
6.67341 0.0334095
6.67341 0.03309
6.67341 0.03309
6.67479 0.0747664
6.67536 0.0753347
6.67813 0.0781114
6.67858 0.0785554
6.6789 0.0788749
6.68009 0.0800653
6.68258 0.0825681
6.68293 0.0829127
6.68462 0.0846008
6.68643 0.0864193
6.68794 0.0879147
6.68903 0.0890175
6.68935 0.0893314
6.68935 0.0893314
6.68967 0.0896509
6.68967 0.0896509
6.68999 0.0899704
6.69031 0.0902899
6.69063 0.0906094
6.69123 0.0912088
6.69155 0.0915283
6.69187 0.0918538
6.69284 0.0928205
6.69316 0.09314
6.69316 0.09314
6.69329 0.0332717
6.69329 0.0332717
6.69329 0.0332717
6.69345 0.0334312
6.69345 0.0331117
6.69345 0.0331117
6.69623 0.0962046
6.69655 0.0965241
6.69696 0.096943
6.69905 0.0990294
6.70102 0.100997
6.70492 0.104894
6.70723 0.107204
6.70904 0.109017
6.71001 0.109989
6.71033 0.110309
6.71301 0.112992
6.71314 0.0331382
6.71314 0.0331382
6.71314 0.0331382
6.71343 0.0334221
6.71343 0.0331026
6.71343 0.0331026
6.71387 0.113848
6.71543 0.115412
6.71936 0.11934
6.71968 0.119659
6.72 0.119979
6.72032 0.120298
6.72064 0.120624
6.72133 0.12131
6.72663 0.126607
6.72729 0.127268
6.7333 0.0332806
6.73343 0.0330894
6.73343 0.0330894
6.73343 0.0330894
6.73374 0.0334045
6.73374 0.0330849
6.73374 0.0330849
6.73428 0.13426
6.73569 0.135669
6.73725 0.037233
6.73795 0.0379258
6.73935 0.139333
6.73967 0.139653
6.73999 0.0399729
6.74097 0.0409602
6.74157 0.0415451
6.74189 0.0418792
6.7422 0.0421841
6.74324 0.143218
6.74365 0.0436364
6.74397 0.0439513
6.74397 0.0439513
6.74429 0.0442762
6.74461 0.0445903
6.74461 0.0446049
6.74527 0.0452666
6.74712 0.147095
6.74744 0.0474151
6.74776 0.147734
6.74848 0.0484584
6.75029 0.0502709
6.75077 0.050756
6.75146 0.151438
6.75324 0.0532201
6.75356 0.153539
6.75369 0.0336738
6.75369 0.0336738
6.75369 0.0336738
6.75369 0.0336738
6.75369 0.0333543
6.75369 0.0333543
6.75382 0.0334827
6.75613 0.0561212
6.75657 0.0565505
6.76184 0.0618212
6.76222 0.0621972
6.7677 0.06768
6.76802 0.167999
6.77309 0.0330936
6.77309 0.0330936
6.77309 0.0330936
6.77341 0.0334086
6.77341 0.0330891
6.77341 0.0330891
6.77479 0.0747655
6.77535 0.0753338
6.77813 0.0781106
6.77858 0.0785545
6.77889 0.078874
6.78008 0.0800644
6.78255 0.0825447
6.78293 0.0829118
6.78462 0.0845999
6.78643 0.086427
6.78793 0.0879139
6.78903 0.0890167
6.78935 0.0893305
6.78935 0.0893305
6.78967 0.08965
6.78967 0.08965
6.78999 0.0899695
6.79031 0.090289
6.79063 0.0906085
6.79123 0.0912079
6.79155 0.0915274
6.79187 0.0918616
6.79284 0.0928196
6.79316 0.0931392
6.79316 0.0931392
6.79329 0.0332709
6.79329 0.0332709
6.79329 0.0332709
6.79345 0.0334304
6.79345 0.0331109
6.79345 0.0331109
6.79622 0.0962038
6.79654 0.0965233
6.79693 0.0969196
6.79905 0.0990285
6.80102 0.100997
6.80491 0.104893
6.80722 0.107203
6.80904 0.109016
6.81001 0.109988
6.81033 0.110308
6.81301 0.112991
6.81314 0.0331373
6.81314 0.0331373
6.81314 0.0331373
6.81342 0.0334212
6.81342 0.0331017
6.81342 0.0331017
6.81387 0.113848
6.81543 0.115411
6.81936 0.119339
6.81968 0.119658
6.82 0.119978
6.82032 0.120297
6.82064 0.120631
6.82133 0.12131
6.82663 0.126606
6.82729 0.127267
6.8333 0.0332797
6.83343 0.0330886
6.83343 0.0330886
6.83343 0.0330886
6.83374 0.0334036
6.83374 0.0330841
6.83374 0.0330841
6.83431 0.134291
6.83569 0.135668
6.83725 0.0372321
6.83794 0.0379249
6.83935 0.139332
6.83967 0.139652
6.83999 0.039972
6.841 0.040968
6.84156 0.0415442
6.84188 0.0418558
6.8422 0.0421832
6.84324 0.143217
6.84365 0.0436387
6.84397 0.0439504
6.84397 0.0439504
6.84429 0.0442874
6.84461 0.0445894
6.84493 0.0449011
6.84528 0.0452517
6.84712 0.147102
6.84744 0.0474227
6.84776 0.147741
6.84849 0.048466
6.8503 0.0502785
6.85077 0.0507584
6.85147 0.151445
6.85325 0.0532277
6.85325 0.153227
6.85338 0.0333619
6.85338 0.0333619
6.85338 0.0333619
6.8535 0.0334903
6.8535 0.0331708
6.8535 0.0331708
6.85616 0.056129
6.85657 0.0565496
6.86183 0.0618204
6.86222 0.0621964
6.8677 0.0676791
6.86802 0.167998
6.87312 0.0330927
6.87312 0.0330927
6.87312 0.0330927
6.87344 0.0334077
6.87344 0.0330882
6.87344 0.0330882
6.87478 0.0747646
6.87538 0.0753641
6.87813 0.0781097
6.87857 0.0785536
6.87889 0.0788731
6.88008 0.0800635
6.88258 0.0825525
6.88296 0.082942
6.88462 0.084599
6.88646 0.0864348
6.88793 0.087913
6.88906 0.0890469
6.88938 0.0893607
6.88938 0.0893607
6.8897 0.0896802
6.8897 0.0896802
6.89002 0.0899997
6.89034 0.0903192
6.89066 0.0906387
6.89123 0.0912071
6.89155 0.0915266
6.89187 0.0918382
6.89284 0.0928188
6.89316 0.0931383
6.89316 0.0931383
6.89329 0.03327
6.89329 0.03327
6.89329 0.03327
6.89345 0.0334295
6.89345 0.03311
6.89345 0.03311
6.89622 0.0962029
6.89654 0.0965224
6.89695 0.0969274
6.89905 0.0990276
6.90102 0.100996
6.90491 0.104892
6.90725 0.107233
6.90903 0.109015
6.91001 0.109987
6.91033 0.110307
6.91301 0.11299
6.91314 0.0331364
6.91314 0.0331364
6.91314 0.0331364
6.91342 0.0334203
6.91342 0.0331008
6.91342 0.0331008
6.91387 0.113847
6.91543 0.11541
6.91936 0.119338
6.91968 0.119657
6.92 0.119977
6.92032 0.120296
6.92064 0.120608
6.92133 0.121309
6.92662 0.126605
6.92729 0.127266
6.9333 0.0332788
6.93343 0.0330877
6.93343 0.0330877
6.93343 0.0330877
6.93374 0.0334027
6.93374 0.0330832
6.93374 0.0330832
6.93431 0.13429
6.93569 0.135667
6.93725 0.0372312
6.93794 0.037924
6.93938 0.139362
6.9397 0.139682
6.94002 0.0400023
6.94096 0.0409447
6.94156 0.0415433
6.94188 0.0418636
6.9422 0.0421823
6.94324 0.143216
6.94365 0.0436409
6.94397 0.0439495
6.94397 0.0439495
6.94429 0.0442676
6.94461 0.0445885
6.94493 0.0449089
6.94528 0.0452595
6.94712 0.147101
6.94744 0.0474218
6.94776 0.14774
6.94848 0.0484651
6.9503 0.0502776
6.95077 0.0507523
6.95146 0.151445
6.95325 0.0532268
6.95357 0.153546
6.95369 0.0336805
6.95369 0.0336805
6.95369 0.0336805
6.95369 0.0336805
6.95369 0.033361
6.95369 0.033361
6.95382 0.0334894
6.95613 0.0561141
6.95658 0.0565572
6.96184 0.0618279
6.96222 0.0622039
6.96771 0.0676867
6.96803 0.168005
6.97313 0.0331003
6.97313 0.0331003
6.97313 0.0331003
6.97345 0.0334153
6.97345 0.0330958
6.97345 0.0330958
6.97479 0.0747722
6.97536 0.0753405
6.97811 0.0780862
6.97858 0.0785612
6.9789 0.0788807
6.98006 0.08004
6.98259 0.0825687
6.98294 0.0829185
6.98463 0.0846066
6.98644 0.0864199
6.98794 0.0879206
6.98904 0.0890234
6.98936 0.0893372
6.98936 0.0893372
6.98968 0.0896567
6.98968 0.0896567
6.99 0.0899762
6.99031 0.0902957
6.99063 0.0906152
6.99123 0.0912146
6.99155 0.0915342
6.99187 0.0918545
6.99285 0.0928264
6.99316 0.0931459
6.99316 0.0931459
6.99329 0.0332776
6.99329 0.0332776
6.99329 0.0332776
6.99342 0.033406
6.99342 0.0330865
6.99342 0.0330865
6.99623 0.0962105
6.99655 0.09653
6.99696 0.0969436
6.99905 0.0990352
7.00102 0.101003
7.00492 0.104904
7.00723 0.107214
7.00905 0.109027
7.00999 0.109968
7.01031 0.110288
7.01302 0.113002
7.01315 0.0331484
7.01315 0.0331484
7.01315 0.0331484
7.01343 0.0334323
7.01343 0.0331128
7.01343 0.0331128
7.01388 0.113859
7.01544 0.115422
7.01937 0.11935
7.01969 0.119669
7.02001 0.119989
7.02033 0.120308
7.02065 0.120629
7.02134 0.121321
7.0266 0.126586
7.02733 0.12731
7.03331 0.0332908
7.03375 0.0330912
7.03375 0.0330912
7.03429 0.134267
7.03569 0.135675
7.03726 0.0372393
7.03798 0.0379632
7.03936 0.139339
7.03968 0.139659
7.04 0.0399792
7.04097 0.0409614
7.04157 0.0415513
7.04189 0.0418803
7.04221 0.0421904
7.04324 0.143224
7.04366 0.0436521
7.04398 0.0439576
7.04398 0.0439576
7.0443 0.0442877
7.04461 0.0445966
7.04461 0.0446061
7.04528 0.0452677
7.04709 0.14707
7.04741 0.0473903
7.04773 0.147709
7.04848 0.0484647
7.0503 0.0502772
7.0508 0.0507778
7.05149 0.151475
7.05324 0.0532264
7.05356 0.153545
7.05369 0.0336801
7.05369 0.0336801
7.05369 0.0336801
7.05369 0.0336801
7.05369 0.0333606
7.05369 0.0333606
7.05382 0.033489
7.05616 0.0561534
7.05657 0.0565568
7.06184 0.0618275
7.06225 0.0622346
7.0677 0.0676863
7.06802 0.168005
7.07313 0.0330999
7.07313 0.0330999
7.07313 0.0330999
7.07344 0.0334149
7.07344 0.0330954
7.07344 0.0330954
7.07479 0.0747718
7.07536 0.0753401
7.07813 0.0781169
7.07858 0.0785608
7.0789 0.0788803
7.08009 0.0800707
7.08259 0.0825769
7.08297 0.0829492
7.08462 0.0846062
7.08644 0.0864281
7.08797 0.0879513
7.08904 0.089023
7.08935 0.0893368
7.08935 0.0893368
7.08967 0.0896563
7.08967 0.0896563
7.08999 0.0899758
7.09031 0.0902953
7.09063 0.0906148
7.09123 0.0912142
7.09155 0.0915337
7.09187 0.0918627
7.09284 0.0928259
7.09316 0.0931454
7.09316 0.0931454
7.09329 0.0332772
7.09329 0.0332772
7.09329 0.0332772
7.09342 0.0334055
7.09342 0.033086
7.09342 0.033086
7.09623 0.0962101
7.09655 0.0965296
7.09693 0.0969207
7.09905 0.0990348
7.10102 0.101003
7.10492 0.104899
7.10723 0.107209
7.10904 0.109022
7.10998 0.109964
7.11033 0.110314
7.11302 0.112998
7.11314 0.0331436
7.11314 0.0331436
7.11314 0.0331436
7.11343 0.0334275
7.11343 0.033108
7.11343 0.033108
7.11387 0.113854
7.1154 0.115386
7.11936 0.119345
7.11968 0.119665
7.12 0.119984
7.12032 0.120304
7.12064 0.120633
7.12133 0.121316
7.12663 0.126612
7.12732 0.127305
7.1333 0.033286
7.13343 0.0330948
7.13343 0.0330948
7.13343 0.0330948
7.13375 0.0334099
7.13375 0.0330904
7.13375 0.0330904
7.13428 0.134266
7.13569 0.135674
7.13726 0.0372384
7.13795 0.0379312
7.13936 0.139339
7.13968 0.139658
7.14 0.0399783
7.141 0.0409691
7.14157 0.0415505
7.14189 0.041857
7.14221 0.0421895
7.14321 0.143192
7.14365 0.0436543
7.14397 0.0439567
7.14397 0.0439567
7.14429 0.0442678
7.14461 0.0445957
7.14493 0.0449022
7.14531 0.0452839
7.14713 0.147109
7.14745 0.0474289
7.14777 0.147748
7.14852 0.0485034
7.1503 0.0502848
7.15081 0.0507802
7.15147 0.151452
7.15325 0.053234
7.15325 0.153233
7.15338 0.0333682
7.15338 0.0333682
7.15338 0.0333682
7.15351 0.0334966
7.15351 0.0331771
7.15351 0.0331771
7.15619 0.0561612
7.15657 0.0565559
7.16184 0.0618266
7.16222 0.0622027
7.1677 0.0676854
7.16802 0.168004
7.17313 0.033099
7.17313 0.033099
7.17313 0.033099
7.17344 0.033414
7.17344 0.0330945
7.17344 0.0330945
7.17476 0.0747398
7.17536 0.0753393
7.1781 0.0780849
7.17858 0.0785599
7.1789 0.0788794
7.18009 0.0800698
7.18258 0.0825536
7.18297 0.0829483
7.18462 0.0846053
7.18647 0.0864359
7.18797 0.0879504
7.18903 0.0890221
7.18935 0.0893359
7.18967 0.0896554
7.18967 0.0896554
7.18967 0.0896554
7.18999 0.0899749
7.19031 0.0902944
7.19063 0.0906139
7.19123 0.0912134
7.19155 0.0915329
7.19187 0.0918394
7.19284 0.0928251
7.19316 0.0931446
7.19316 0.0931446
7.19329 0.0332763
7.19329 0.0332763
7.19329 0.0332763
7.19342 0.0334047
7.19342 0.0330852
7.19342 0.0330852
7.19623 0.0962092
7.19655 0.0965287
7.19696 0.0969285
7.19902 0.0990028
7.20102 0.101002
7.20488 0.104867
7.20719 0.107177
7.20907 0.109052
7.20998 0.109963
7.2103 0.110282
7.21301 0.112997
7.21314 0.0331116
7.21314 0.0331116
7.21314 0.0331116
7.21346 0.0334266
7.21346 0.0331071
7.21346 0.0331071
7.21384 0.113822
7.2154 0.115385
7.21936 0.119344
7.21968 0.119664
7.22 0.119983
7.22032 0.120303
7.22064 0.120609
7.2213 0.121284
7.2266 0.12658
7.22732 0.127304
7.2333 0.0332851
7.23343 0.033094
7.23343 0.033094
7.23343 0.033094
7.23374 0.033409
7.23374 0.0330895
7.23374 0.0330895
7.23428 0.134265
7.23566 0.135642
7.23725 0.0372375
7.23795 0.0379303
7.23935 0.139338
7.23967 0.139657
7.23999 0.0399775
7.24097 0.0409458
7.24157 0.0415496
7.24189 0.0418647
7.24221 0.0421886
7.24321 0.143192
7.24368 0.0436605
7.244 0.0439869
7.244 0.0439869
7.24432 0.0443102
7.24464 0.0446259
7.24464 0.0446216
7.2453 0.0452832
7.24712 0.147099
7.24744 0.0474196
7.24776 0.147738
7.24851 0.0484941
7.25029 0.0502755
7.25077 0.0507657
7.25146 0.151442
7.25324 0.153224
7.25324 0.0532246
7.25337 0.0333589
7.25337 0.0333589
7.25337 0.0333589
7.2535 0.0334873
7.2535 0.0331677
7.2535 0.0331677
7.25618 0.0561605
7.25659 0.0565777
7.26183 0.0618173
7.26224 0.0622244
7.26769 0.0676761
7.26801 0.167995
7.27312 0.0330896
7.27312 0.0330896
7.27312 0.0330896
7.27343 0.0334047
7.27343 0.0330851
7.27343 0.0330851
7.27478 0.0747616
7.27538 0.075361
7.27809 0.0780755
7.2786 0.0785817
7.27892 0.0789012
7.28011 0.0800916
7.28257 0.0825529
7.28299 0.0829701
7.28461 0.084596
7.28646 0.0864352
7.28796 0.087941
7.28905 0.0890438
7.28937 0.0893576
7.28937 0.0893576
7.28969 0.0896771
7.28969 0.0896771
7.29001 0.0899966
7.29033 0.0903162
7.29065 0.0906357
7.29122 0.091204
7.29154 0.0915235
7.29186 0.0918386
7.29283 0.0928157
7.29315 0.0931352
7.29315 0.0931352
7.29328 0.0332669
7.29328 0.0332669
7.29328 0.0332669
7.29344 0.0334264
7.29344 0.0331069
7.29344 0.0331069
7.29622 0.0961998
7.29654 0.0965193
7.29695 0.0969278
7.29901 0.0989935
7.30101 0.100993
7.30491 0.104889
7.30722 0.107199
7.30906 0.109043
7.30997 0.109953
7.31029 0.110273
7.313 0.112987
7.31313 0.0331022
7.31313 0.0331022
7.31313 0.0331022
7.31345 0.0334173
7.31345 0.0330978
7.31345 0.0330978
7.31386 0.113844
7.31539 0.115376
7.31935 0.119335
7.31967 0.119654
7.31999 0.119974
7.32031 0.120293
7.32063 0.120608
7.32132 0.121306
7.32659 0.126571
7.32731 0.127294
7.33329 0.0332757
7.33342 0.0330846
7.33342 0.0330846
7.33342 0.0330846
7.33377 0.0334307
7.33377 0.0331112
7.33377 0.0331112
7.3343 0.134287
7.33568 0.135664
7.33724 0.0372282
7.33797 0.037952
7.33934 0.139328
7.33966 0.139648
7.33998 0.0399681
7.34099 0.0409762
7.34156 0.0415402
7.34188 0.041864
7.34219 0.0421793
7.34323 0.143213
7.34367 0.0436582
7.34399 0.0439776
7.34399 0.0439776
7.34431 0.0442818
7.34463 0.0446166
7.34463 0.0446209
7.34529 0.0452825
7.34711 0.14709
7.34743 0.0474103
7.34775 0.147729
7.3485 0.0484847
7.35031 0.0502972
7.35079 0.0507823
7.35145 0.151433
7.35326 0.153246
7.35326 0.0532464
7.35339 0.0333806
7.35339 0.0333806
7.35339 0.0333806
7.35352 0.033509
7.35352 0.0331895
7.35352 0.0331895
7.35617 0.0561598
7.35658 0.0565683
7.36185 0.0618391
7.36223 0.0622151
7.36771 0.0676978
7.36803 0.168017
7.37314 0.0331114
7.37314 0.0331114
7.37314 0.0331114
7.37345 0.0334264
7.37345 0.0331069
7.37345 0.0331069
7.37477 0.0747522
7.37537 0.0753517
7.37811 0.0780973
7.37859 0.0785723
7.37891 0.0788918
7.3801 0.0800822
7.38256 0.0825522
7.38298 0.0829607
7.3846 0.0845866
7.38645 0.0864345
7.38798 0.0879628
7.38904 0.0890345
7.38936 0.0893483
7.38936 0.0893483
7.38968 0.0896678
7.38968 0.0896678
7.39 0.0899873
7.39032 0.0903068
7.39064 0.0906263
7.39124 0.0912258
7.39156 0.0915453
7.39188 0.091869
7.39282 0.0928064
7.39314 0.0931259
7.39314 0.0931259
7.39327 0.0332576
7.39327 0.0332576
7.39327 0.0332576
7.39343 0.0334171
7.39343 0.0330976
7.39343 0.0330976
7.39621 0.0961905
7.39653 0.09651
7.39694 0.0969271
7.39903 0.0990152
7.401 0.100983
7.4049 0.10488
7.40721 0.10719
7.40905 0.109033
7.40999 0.109975
7.41031 0.110295
7.41299 0.112978
7.41312 0.0330929
7.41312 0.0330929
7.41312 0.0330929
7.41344 0.0334079
7.41344 0.0330884
7.41344 0.0330884
7.41385 0.113834
7.41538 0.115367
7.41937 0.119357
7.41969 0.119676
7.42001 0.119996
7.42033 0.120315
7.42065 0.120639
7.42131 0.121296
7.42661 0.126592
7.42733 0.127316
7.43331 0.0332975
7.43344 0.0331064
7.43344 0.0331064
7.43344 0.0331064
7.43376 0.0334214
7.43376 0.0331019
7.43376 0.0331019
7.43429 0.134277
7.43567 0.135654
7.43723 0.0372188
7.43796 0.0379427
7.43933 0.139319
7.43965 0.139638
7.43997 0.0399588
7.44095 0.0409444
7.44155 0.0415309
7.44187 0.0418633
7.44218 0.0421699
7.44322 0.143204
7.44366 0.043656
7.44398 0.0439682
7.44398 0.0439682
7.4443 0.0442846
7.44462 0.0446072
7.44462 0.0446202
7.44528 0.0452818
7.44713 0.147112
7.44745 0.047432
7.44777 0.147751
7.44849 0.0484754
7.4503 0.0502879
7.45078 0.0507678
7.45147 0.151455
7.45325 0.153236
7.45325 0.0532371
7.45338 0.0333713
7.45338 0.0333713
7.45338 0.0333713
7.45351 0.0334997
7.45351 0.0331802
7.45351 0.0331802
7.45616 0.0561591
7.45657 0.056559
7.46184 0.0618297
7.46222 0.0622057
7.4677 0.0676885
7.46802 0.168007
7.47313 0.033102
7.47313 0.033102
7.47313 0.033102
7.47344 0.0334171
7.47344 0.0330976
7.47344 0.0330976
7.47476 0.0747429
7.47536 0.0753423
7.4781 0.0780879
7.47858 0.078563
7.4789 0.0788825
7.48009 0.0800729
7.48255 0.0825515
7.48297 0.0829514
7.48462 0.0846084
7.48644 0.0864338
7.48797 0.0879534
7.48903 0.0890251
7.48935 0.0893389
7.48967 0.0896584
7.48967 0.0896584
7.48967 0.0896584
7.48999 0.089978
7.49031 0.0902975
7.49063 0.090617
7.49123 0.0912164
7.49155 0.0915359
7.49187 0.0918683
7.49284 0.0928281
7.49316 0.0931476
7.49316 0.0931476
7.49329 0.0332793
7.49329 0.0332793
7.49329 0.0332793
7.49342 0.0334077
7.49342 0.0330882
7.49342 0.0330882
7.4962 0.0961811
7.49652 0.0965006
7.49693 0.0969264
7.49902 0.0990059
7.50102 0.101005
7.50489 0.10487
7.5072 0.107181
7.50907 0.109055
7.50998 0.109966
7.5103 0.110285
7.51301 0.113
7.51314 0.0331147
7.51314 0.0331147
7.51314 0.0331147
7.51346 0.0334297
7.51346 0.0331102
7.51346 0.0331102
7.51384 0.113825
7.5154 0.115389
7.51936 0.119347
7.51968 0.119667
7.52 0.119986
7.52032 0.120306
7.52064 0.120638
7.5213 0.121287
7.5266 0.126583
7.52732 0.127307
7.5333 0.0332881
7.53343 0.033097
7.53343 0.033097
7.53343 0.033097
7.53375 0.033412
7.53375 0.0330925
7.53375 0.0330925
7.53428 0.134268
7.53566 0.135645
7.53725 0.0372406
7.53795 0.0379334
7.53936 0.139341
7.53968 0.13966
7.53999 0.0399805
7.541 0.0409748
7.54157 0.0415526
7.54189 0.0418626
7.54221 0.0421917
7.54321 0.143195
7.54368 0.0436537
7.544 0.04399
7.544 0.04399
7.54432 0.0443184
7.54464 0.044629
7.54464 0.0446195
7.5453 0.0452811
7.54712 0.147102
7.54744 0.0474227
7.54776 0.147741
7.54851 0.0484971
7.55029 0.0502785
7.5508 0.0507844
7.55146 0.151445
7.55324 0.153227
7.55324 0.0532277
7.55337 0.0333619
7.55337 0.0333619
7.55337 0.0333619
7.5535 0.0334903
7.5535 0.0331708
7.5535 0.0331708
7.55618 0.0561583
7.55656 0.0565496
7.56183 0.0618204
7.56224 0.0622275
7.56769 0.0676791
7.56801 0.167998
7.57312 0.0330927
7.57312 0.0330927
7.57312 0.0330927
7.57343 0.0334077
7.57343 0.0330882
7.57343 0.0330882
7.57475 0.0747335
7.57538 0.0753641
7.57809 0.0780786
7.57857 0.0785536
7.57889 0.0788731
7.58011 0.0800946
7.58257 0.0825508
7.58299 0.0829731
7.58461 0.084599
7.58646 0.0864331
7.58796 0.0879441
7.58906 0.0890469
7.58937 0.0893607
7.58937 0.0893607
7.58969 0.0896802
7.58969 0.0896802
7.59001 0.0899997
7.59033 0.0903192
7.59065 0.0906387
7.59122 0.0912071
7.59154 0.0915266
7.59186 0.0918365
7.59283 0.0928188
7.59315 0.0931383
7.59315 0.0931383
7.59328 0.03327
7.59328 0.03327
7.59328 0.03327
7.59344 0.0334295
7.59344 0.03311
7.59344 0.03311
7.59622 0.0962029
7.59654 0.0965224
7.59695 0.0969257
7.59901 0.0989965
7.60101 0.100996
7.60491 0.104892
7.60722 0.107202
7.60906 0.109046
7.60997 0.109956
7.61029 0.110276
7.613 0.11299
7.61313 0.0331053
7.61313 0.0331053
7.61313 0.0331053
7.61345 0.0334203
7.61345 0.0331008
7.61345 0.0331008
7.61383 0.113816
7.61539 0.115379
7.61935 0.119338
7.61967 0.119657
7.61999 0.119977
7.62031 0.120296
7.62063 0.120606
7.62132 0.121309
7.62659 0.126574
7.62731 0.127298
7.63329 0.0332788
7.63342 0.0330877
7.63342 0.0330877
7.63342 0.0330877
7.63377 0.0334338
7.63377 0.0331143
7.63377 0.0331143
7.6343 0.13429
7.63568 0.135667
7.63724 0.0372312
7.63797 0.0379551
7.63935 0.139331
7.63966 0.139651
7.63998 0.0399712
7.64099 0.0409741
7.64156 0.0415433
7.64188 0.0418619
7.6422 0.0421823
7.64323 0.143216
7.64367 0.0436515
7.64399 0.0439806
7.64399 0.0439806
7.64431 0.0442901
7.64463 0.0446197
7.64463 0.0446187
7.64529 0.0452804
7.64711 0.147093
7.64743 0.0474133
7.64775 0.147732
7.6485 0.0484878
7.65028 0.0502692
7.65079 0.0507698
7.65145 0.151436
7.65326 0.153249
7.65326 0.0532495
7.65339 0.0333837
7.65339 0.0333837
7.65339 0.0333837
7.65352 0.0335121
7.65352 0.0331926
7.65352 0.0331926
7.65617 0.0561576
7.65658 0.0565714
7.66185 0.0618421
7.66223 0.0622181
7.66768 0.0676698
7.668 0.167988
7.67314 0.0331145
7.67314 0.0331145
7.67314 0.0331145
7.67345 0.0334295
7.67345 0.03311
7.67345 0.03311
7.67477 0.0747553
7.67537 0.0753547
7.67811 0.0781003
7.67859 0.0785754
7.67891 0.0788949
7.6801 0.0800853
7.68256 0.0825501
7.68298 0.0829638
7.6846 0.0845897
7.68645 0.0864324
7.68798 0.0879658
7.68905 0.0890375
7.68936 0.0893513
7.68936 0.0893513
7.68968 0.0896709
7.68968 0.0896709
7.69 0.0899904
7.69032 0.0903099
7.69064 0.0906294
7.69121 0.0911977
7.69153 0.0915172
7.69185 0.0918358
7.69282 0.0928094
7.69314 0.0931289
7.69314 0.0931289
7.69327 0.0332606
7.69327 0.0332606
7.69327 0.0332606
7.69343 0.0334201
7.69343 0.0331006
7.69343 0.0331006
7.69621 0.0961935
7.69653 0.096513
7.69694 0.096925
7.69903 0.0990183
7.701 0.100986
7.7049 0.104883
7.70721 0.107193
7.70905 0.109037
7.70999 0.109978
7.71031 0.110298
7.71299 0.112981
7.71312 0.033096
7.71312 0.033096
7.71312 0.033096
7.71344 0.033411
7.71344 0.0330915
7.71344 0.0330915
7.71385 0.113837
7.71538 0.11537
7.71937 0.11936
7.71969 0.119679
7.72001 0.119999
7.72033 0.120318
7.72065 0.120637
7.72131 0.121299
7.72661 0.126595
7.72733 0.127319
7.73331 0.0333006
7.73344 0.0331094
7.73344 0.0331094
7.73344 0.0331094
7.73376 0.0334244
7.73376 0.0331049
7.73376 0.0331049
7.73429 0.13428
7.73567 0.135657
7.73723 0.0372219
7.73796 0.0379458
7.73934 0.139322
7.73965 0.139641
7.73997 0.0399618
7.74098 0.0409733
7.74155 0.041534
7.74187 0.0418612
7.74219 0.042173
7.74322 0.143207
7.74366 0.0436492
7.74398 0.0439713
7.74398 0.0439713
7.7443 0.0442928
7.74462 0.0446103
7.74462 0.044618
7.74528 0.0452797
7.7471 0.147084
7.74742 0.047404
7.74774 0.147723
7.74852 0.0485095
7.7503 0.0502909
7.75078 0.0507553
7.75144 0.151427
7.75325 0.153239
7.75325 0.0532401
7.75338 0.0333743
7.75338 0.0333743
7.75338 0.0333743
7.75351 0.0335027
7.75351 0.0331832
7.75351 0.0331832
7.75616 0.0561569
7.75657 0.056562
7.76184 0.0618328
7.76222 0.0622088
7.7677 0.0676915
7.76802 0.16801
7.77313 0.0331051
7.77313 0.0331051
7.77313 0.0331051
7.77344 0.0334201
7.77344 0.0331006
7.77344 0.0331006
7.77476 0.0747459
7.77536 0.0753454
7.7781 0.078091
7.77858 0.078566
7.7789 0.0788855
7.78009 0.0800759
7.78255 0.0825494
7.78297 0.0829544
7.78462 0.0846114
7.78644 0.0864317
7.78797 0.0879565
7.78903 0.0890282
7.78935 0.089342
7.78967 0.0896615
7.78967 0.0896615
7.78967 0.0896615
7.78999 0.089981
7.79031 0.0903005
7.79063 0.09062
7.79123 0.0912195
7.79155 0.091539
7.79187 0.0918662
7.79284 0.0928312
7.79316 0.0931507
7.79316 0.0931507
7.79329 0.0332824
7.79329 0.0332824
7.79329 0.0332824
7.79342 0.0334108
7.79342 0.0330913
7.79342 0.0330913
7.7962 0.0961842
7.79652 0.0965037
7.79693 0.0969242
7.79902 0.0990089
7.80102 0.101008
7.80489 0.104873
7.8072 0.107184
7.80904 0.109027
7.80998 0.109969
7.8103 0.110288
7.81298 0.112972
7.81311 0.0330866
7.81311 0.0330866
7.81311 0.0330866
7.81346 0.0334327
7.81346 0.0331132
7.81346 0.0331132
7.81384 0.113828
7.8154 0.115392
7.81936 0.11935
7.81968 0.11967
7.82 0.119989
7.82032 0.120309
7.82064 0.120636
7.8213 0.12129
7.8266 0.126586
7.82732 0.12731
7.8333 0.0332912
7.83343 0.0331001
7.83343 0.0331001
7.83343 0.0331001
7.83375 0.0334151
7.83375 0.0330956
7.83375 0.0330956
7.83428 0.134271
7.83566 0.135648
7.83726 0.0372437
7.83795 0.0379364
7.83933 0.139313
7.83964 0.139632
7.83996 0.0399525
7.841 0.0409726
7.84157 0.0415557
7.84189 0.0418605
7.84221 0.0421947
7.84321 0.143198
7.84365 0.0436469
7.84397 0.0439619
7.84397 0.0439619
7.84429 0.0442645
7.84461 0.044601
7.84493 0.0449057
7.84528 0.0452564
7.8471 0.147083
7.84741 0.0474031
7.84773 0.147722
7.84852 0.0485087
7.8503 0.0502901
7.85081 0.0507803
7.85144 0.151426
7.85325 0.153238
7.85325 0.0532392
7.85338 0.0333735
7.85338 0.0333735
7.85338 0.0333735
7.85351 0.0335018
7.85351 0.0331823
7.85351 0.0331823
7.85619 0.0561647
7.85657 0.0565611
7.86184 0.0618319
7.86222 0.0622079
7.8677 0.0676907
7.86802 0.168009
7.87313 0.0331042
7.87313 0.0331042
7.87313 0.0331042
7.87344 0.0334192
7.87344 0.0330997
7.87344 0.0330997
7.87476 0.0747451
7.87536 0.0753445
7.8781 0.0780901
7.87858 0.0785651
7.8789 0.0788846
7.88009 0.0800751
7.88258 0.0825571
7.88297 0.0829536
7.88462 0.0846105
7.88647 0.0864394
7.88797 0.0879556
7.88903 0.0890273
7.88935 0.0893411
7.88967 0.0896606
7.88967 0.0896606
7.88967 0.0896606
7.88999 0.0899801
7.89031 0.0902996
7.89063 0.0906191
7.89123 0.0912186
7.89155 0.0915381
7.89187 0.0918429
7.89284 0.0928303
7.89316 0.0931498
7.89316 0.0931498
7.89329 0.0332815
7.89329 0.0332815
7.89329 0.0332815
7.89342 0.0334099
7.89342 0.0330904
7.89342 0.0330904
7.89619 0.0961833
7.89651 0.0965028
7.89696 0.096932
7.89902 0.0990081
7.90102 0.101007
7.90488 0.104873
7.90719 0.107183
7.90904 0.109026
7.90998 0.109968
7.9103 0.110287
7.91301 0.113002
7.91314 0.0331168
7.91314 0.0331168
7.91314 0.0331168
7.91346 0.0334318
7.91346 0.0331123
7.91346 0.0331123
7.91384 0.113827
7.9154 0.115391
7.91936 0.119349
7.91968 0.119669
7.92 0.119988
7.92032 0.120308
7.92064 0.120613
7.9213 0.121289
7.9266 0.126585
7.92732 0.127309
7.9333 0.0332903
7.93343 0.0330992
7.93343 0.0330992
7.93343 0.0330992
7.93374 0.0334142
7.93374 0.0330947
7.93374 0.0330947
7.93428 0.13427
7.93566 0.135647
7.93725 0.0372428
7.93795 0.0379355
7.93935 0.139343
7.93967 0.139662
7.93999 0.0399827
7.94097 0.0409493
7.94157 0.0415548
7.94189 0.0418682
7.9422 0.0421938
7.94321 0.143197
7.94368 0.0436531
7.944 0.0439922
7.944 0.0439922
7.94432 0.0443068
7.94464 0.0446312
7.94464 0.0446251
7.94527 0.0452556
7.94712 0.147105
7.94744 0.0474248
7.94776 0.147744
7.94851 0.0484993
7.95029 0.0502807
7.95077 0.0507658
7.95146 0.151448
7.95324 0.153229
7.95324 0.0532299
7.95337 0.0333641
7.95337 0.0333641
7.95337 0.0333641
7.9535 0.0334925
7.9535 0.033173
7.9535 0.033173
7.95618 0.056164
7.95656 0.0565518
7.96183 0.0618225
7.96224 0.0622296
7.96769 0.0676813
7.96801 0.168
7.97312 0.0330949
7.97312 0.0330949
7.97312 0.0330949
7.97343 0.0334099
7.97343 0.0330904
7.97343 0.0330904
7.97475 0.0747357
7.97535 0.0753351
7.97809 0.0780808
7.97857 0.0785558
7.97889 0.0788753
7.98008 0.0800657
7.98257 0.0825564
7.98299 0.0829753
7.98461 0.0846012
7.98646 0.0864387
7.98796 0.0879463
7.98905 0.0890491
7.98937 0.0893629
7.98937 0.0893629
7.98969 0.0896824
7.98969 0.0896824
7.99001 0.0900019
7.99033 0.0903214
7.99065 0.0906409
7.99122 0.0912092
7.99154 0.0915287
7.99186 0.0918422
7.99283 0.0928209
7.99315 0.0931405
7.99315 0.0931405
7.99328 0.0332722
7.99328 0.0332722
7.99328 0.0332722
7.99344 0.0334317
7.99344 0.0331122
7.99344 0.0331122
7.99622 0.0962051
7.99654 0.0965246
7.99695 0.0969313
7.99901 0.0989987
8.00101 0.100998
8.00491 0.104899
8.00722 0.107209
8.00906 0.109053
8.00997 0.109963
8.01029 0.110283
8.01301 0.112997
8.01314 0.033112
8.01314 0.033112
8.01314 0.033112
8.01345 0.0334271
8.01345 0.0331075
8.01345 0.0331075
8.01383 0.113822
8.0154 0.115386
8.01936 0.119345
8.01967 0.119664
8.01999 0.119984
8.02031 0.120303
8.02063 0.120617
8.02133 0.121315
8.02659 0.12658
8.02732 0.127304
8.0333 0.0332855
8.03373 0.0330859
8.03373 0.0330859
8.0343 0.134292
8.03568 0.13567
8.03724 0.037234
8.03797 0.0379579
8.03934 0.139334
8.03966 0.139654
8.03998 0.0399739
8.04099 0.0409803
8.04156 0.0415461
8.04188 0.0418681
8.0422 0.0421851
8.04323 0.143219
8.0437 0.0436826
8.04402 0.0440145
8.04402 0.0440145
8.04434 0.0443413
8.04466 0.0446535
8.04466 0.0446561
8.04529 0.0452866
8.04708 0.147065
8.04739 0.047385
8.04771 0.147704
8.0485 0.0484905
8.05028 0.0502719
8.05079 0.050783
8.05148 0.15147
8.05326 0.153251
8.05326 0.0532522
8.05339 0.0333864
8.05339 0.0333864
8.05339 0.0333864
8.05352 0.0335148
8.05352 0.0331953
8.05352 0.0331953
8.0562 0.056195
8.05658 0.0565741
8.06185 0.0618449
8.06226 0.062252
8.06771 0.0677037
8.06803 0.168022
8.07311 0.0330861
8.07311 0.0330861
8.07311 0.0330861
8.07345 0.0334322
8.07345 0.0331127
8.07345 0.0331127
8.07477 0.074758
8.07537 0.0753575
8.07811 0.0781031
8.07859 0.0785781
8.07891 0.0788976
8.0801 0.0800881
8.08256 0.0825563
8.08298 0.0829666
8.0846 0.0845924
8.08645 0.0864386
8.08798 0.0879686
8.08904 0.0890403
8.08936 0.0893541
8.08936 0.0893541
8.08968 0.0896736
8.08968 0.0896736
8.09 0.0899931
8.09032 0.0903126
8.09064 0.0906321
8.09121 0.0912005
8.09153 0.09152
8.09185 0.091842
8.09282 0.0928122
8.09314 0.0931317
8.09346 0.0934512
8.09359 0.0335829
8.09359 0.0335829
8.09359 0.0335829
8.09359 0.0335829
8.09359 0.0332634
8.09359 0.0332634
8.09372 0.0333918
8.09621 0.0962048
8.09653 0.0965243
8.09692 0.0969085
8.09901 0.0989984
8.10101 0.100998
8.1049 0.104894
8.10721 0.107204
8.10909 0.109079
8.10997 0.109958
8.11029 0.110278
8.113 0.112992
8.11313 0.0331072
8.11313 0.0331072
8.11313 0.0331072
8.11345 0.0334222
8.11345 0.0331027
8.11345 0.0331027
8.11383 0.113817
8.11539 0.115381
8.11938 0.119371
8.1197 0.11969
8.12002 0.12001
8.12034 0.120329
8.12066 0.120651
8.12132 0.121311
8.12659 0.126576
8.12734 0.127331
8.13329 0.0332807
8.13342 0.0330896
8.13342 0.0330896
8.13342 0.0330896
8.13376 0.0334357
8.13376 0.0331162
8.13376 0.0331162
8.1343 0.134292
8.13568 0.135669
8.13724 0.0372331
8.13797 0.037957
8.13931 0.139302
8.13963 0.139622
8.13995 0.0399419
8.14099 0.0409569
8.14155 0.0415452
8.14187 0.0418448
8.14219 0.0421842
8.1432 0.143187
8.1437 0.0436888
8.14402 0.0440136
8.14402 0.0440136
8.14434 0.0443214
8.14466 0.0446526
8.14466 0.0446327
8.14532 0.0452944
8.1471 0.147095
8.14742 0.0474152
8.14774 0.147734
8.14853 0.0485208
8.15028 0.0502711
8.15079 0.0507769
8.15145 0.151438
8.15326 0.153251
8.15326 0.0532513
8.15339 0.0333856
8.15339 0.0333856
8.15339 0.0333856
8.15352 0.0335139
8.15352 0.0331944
8.15352 0.0331944
8.15623 0.0562027
8.15658 0.0565732
8.16185 0.061844
8.16226 0.0622511
8.16768 0.0676717
8.168 0.16799
8.17311 0.0330852
8.17311 0.0330852
8.17311 0.0330852
8.17345 0.0334313
8.17345 0.0331118
8.17345 0.0331118
8.17474 0.0747261
8.17537 0.0753566
8.17808 0.0780711
8.17859 0.0785772
8.17891 0.0788968
8.18013 0.0801183
8.18259 0.0825641
8.18301 0.0829968
8.1846 0.0845915
8.18644 0.0864152
8.18801 0.0879988
8.18904 0.0890394
8.18936 0.0893532
8.18968 0.0896727
8.18968 0.0896727
8.18968 0.0896727
8.19 0.0899922
8.19032 0.0903117
8.19064 0.0906313
8.19124 0.0912307
8.19156 0.0915502
8.19188 0.0918498
8.19282 0.0928113
8.19314 0.0931308
8.19346 0.0934503
8.19359 0.033582
8.19359 0.033582
8.19359 0.033582
8.19359 0.033582
8.19359 0.0332625
8.19359 0.0332625
8.19372 0.0333909
8.19618 0.0961728
8.1965 0.0964923
8.19695 0.0969163
8.19901 0.0989975
8.20101 0.100997
8.20487 0.104862
8.20718 0.107172
8.20909 0.109078
8.20997 0.109957
8.21029 0.110277
8.21297 0.11296
8.21313 0.0331063
8.21313 0.0331063
8.21313 0.0331063
8.21344 0.0334213
8.21344 0.0331018
8.21344 0.0331018
8.21383 0.113817
8.21539 0.11538
8.21938 0.11937
8.2197 0.119689
8.22002 0.120009
8.22034 0.120328
8.22066 0.120628
8.22129 0.121279
8.22658 0.126575
8.22734 0.12733
8.23329 0.0332798
8.23342 0.0330887
8.23342 0.0330887
8.23342 0.0330887
8.23376 0.0334348
8.23376 0.0331153
8.23376 0.0331153
8.2343 0.134291
8.23565 0.135637
8.23724 0.0372322
8.23796 0.0379561
8.23931 0.139301
8.23963 0.139621
8.23995 0.0399411
8.24098 0.0409647
8.24155 0.0415443
8.24187 0.0418525
8.24219 0.0421833
8.2432 0.143186
8.24367 0.0436639
8.24399 0.0439816
8.24399 0.0439816
8.24431 0.0443015
8.24463 0.0446207
8.24495 0.0449289
8.2453 0.0452795
8.24711 0.147102
8.24743 0.0474228
8.24775 0.147741
8.24854 0.0485283
8.25029 0.0502786
8.25079 0.0507793
8.25142 0.151415
8.25324 0.153227
8.25356 0.0535473
8.25368 0.0336815
8.25368 0.0336815
8.25368 0.0336815
8.25368 0.0336815
8.25368 0.033362
8.25368 0.033362
8.25381 0.0334904
8.25622 0.0561963
8.2566 0.0565893
8.26183 0.0618289
8.26224 0.0622361
8.2677 0.0676877
8.26802 0.168006
8.27312 0.0331013
8.27312 0.0331013
8.27312 0.0331013
8.27344 0.0334163
8.27344 0.0330968
8.27344 0.0330968
8.27475 0.0747421
8.27535 0.0753415
8.2781 0.0780872
8.27857 0.0785622
8.27889 0.0788817
8.28011 0.0801032
8.28258 0.0825576
8.28299 0.0829817
8.28458 0.0845765
8.28646 0.0864399
8.28799 0.0879838
8.28906 0.0890555
8.28938 0.0893693
8.28938 0.0893693
8.2897 0.0896888
8.2897 0.0896888
8.29002 0.0900083
8.29034 0.0903278
8.29066 0.0906473
8.29122 0.0912156
8.29154 0.0915352
8.29186 0.0918434
8.29284 0.0928273
8.29316 0.0931469
8.29316 0.0931469
8.29328 0.0332786
8.29328 0.0332786
8.29328 0.0332786
8.29341 0.033407
8.29341 0.0330875
8.29341 0.0330875
8.29619 0.0961804
8.29651 0.0964999
8.29695 0.0969325
8.29901 0.0990051
8.30101 0.101004
8.30488 0.10487
8.30719 0.10718
8.30909 0.109086
8.30994 0.109934
8.31029 0.110284
8.31298 0.112968
8.31314 0.0331139
8.31314 0.0331139
8.31314 0.0331139
8.31345 0.0334289
8.31345 0.0331094
8.31345 0.0331094
8.31383 0.113824
8.31537 0.115357
8.31939 0.119378
8.31971 0.119697
8.32002 0.120017
8.32034 0.120336
8.32066 0.120644
8.32129 0.121286
8.32659 0.126582
8.32735 0.127337
8.33329 0.0332874
8.33342 0.0330963
8.33342 0.0330963
8.33342 0.0330963
8.33374 0.0334113
8.33374 0.0330918
8.33374 0.0330918
8.33428 0.134267
8.33565 0.135644
8.33725 0.0372398
8.33794 0.0379326
8.33932 0.139309
8.33964 0.139628
8.33996 0.0399486
8.34099 0.0409809
8.34156 0.0415519
8.34188 0.0418688
8.3422 0.0421909
8.3432 0.143194
8.34371 0.0436785
8.34403 0.0440203
8.34403 0.0440203
8.34435 0.0443212
8.34467 0.0446593
8.34467 0.0446567
8.3453 0.0452873
8.34711 0.147102
8.34743 0.0474219
8.34775 0.147741
8.34854 0.0485275
8.35029 0.0502778
8.35079 0.0507733
8.35145 0.151445
8.35323 0.153226
8.35355 0.0535464
8.35368 0.0336807
8.35368 0.0336807
8.35368 0.0336807
8.35368 0.0336807
8.35368 0.0333612
8.35368 0.0333612
8.35381 0.0334895
8.35621 0.0562041
8.3566 0.0565884
8.36183 0.0618281
8.36224 0.0622352
8.36769 0.0676868
8.36801 0.168006
8.37312 0.0331004
8.37312 0.0331004
8.37312 0.0331004
8.37343 0.0334154
8.37343 0.0330959
8.37343 0.0330959
8.37475 0.0747412
8.37535 0.0753407
8.37809 0.0780863
8.37857 0.0785613
8.37889 0.0788808
8.38011 0.0801023
8.38258 0.0825654
8.38299 0.0829808
8.38458 0.0845756
8.38643 0.0864166
8.38799 0.0879829
8.38906 0.0890546
8.38938 0.0893684
8.38938 0.0893684
8.3897 0.0896879
8.3897 0.0896879
8.39001 0.0900074
8.39033 0.0903269
8.39065 0.0906464
8.39122 0.0912148
8.39154 0.0915343
8.39186 0.0918512
8.39283 0.0928265
8.39315 0.093146
8.39315 0.093146
8.39328 0.0332777
8.39328 0.0332777
8.39328 0.0332777
8.39341 0.0334061
8.39341 0.0330866
8.39341 0.0330866
8.39619 0.0961795
8.39651 0.096499
8.39692 0.0969092
8.39901 0.0990042
8.40101 0.101003
8.40488 0.104869
8.40719 0.107179
8.40909 0.109085
8.40994 0.109933
8.41029 0.110284
8.41297 0.112967
8.41313 0.033113
8.41313 0.033113
8.41313 0.033113
8.41345 0.033428
8.41345 0.0331085
8.41345 0.0331085
8.41383 0.113823
8.41536 0.115356
8.41938 0.119377
8.4197 0.119696
8.42002 0.120016
8.42034 0.120335
8.42066 0.120652
8.42129 0.121285
8.42659 0.126581
8.42734 0.127336
8.43329 0.0332865
8.43342 0.0330954
8.43342 0.0330954
8.43342 0.0330954
8.43374 0.0334104
8.43374 0.0330909
8.43374 0.0330909
8.43427 0.134266
8.43565 0.135643
8.43725 0.0372389
8.43794 0.0379317
8.43932 0.139308
8.43963 0.139627
8.43995 0.0399478
8.44096 0.0409576
8.44156 0.041551
8.44188 0.0418765
8.4422 0.04219
8.4432 0.143193
8.44371 0.0436848
8.44403 0.0440194
8.44403 0.0440194
8.44435 0.0443324
8.44467 0.0446585
8.44467 0.0446645
8.4453 0.045295
8.44711 0.147101
8.44743 0.047421
8.44775 0.14774
8.44853 0.0485266
8.45028 0.0502769
8.45079 0.0507672
8.45145 0.151444
8.45323 0.153225
8.45355 0.0535456
8.45368 0.0336798
8.45368 0.0336798
8.45368 0.0336798
8.45368 0.0336798
8.45368 0.0333603
8.45368 0.0333603
8.45381 0.0334887
8.45618 0.0561807
8.45659 0.0565875
8.46183 0.0618272
8.46224 0.0622343
8.46769 0.067686
8.46801 0.168005
8.47312 0.0330995
8.47312 0.0330995
8.47312 0.0330995
8.47343 0.0334145
8.47343 0.033095
8.47343 0.033095
8.47475 0.0747403
8.47535 0.0753398
8.47809 0.0780854
8.4786 0.0785915
8.47892 0.078911
8.48011 0.0801015
8.48254 0.0825421
8.48299 0.08298
8.48458 0.0845747
8.48643 0.0864244
8.48799 0.087982
8.48905 0.0890537
8.48937 0.0893675
8.48937 0.0893675
8.48969 0.089687
8.48969 0.089687
8.49001 0.0900065
8.49033 0.090326
8.49065 0.0906455
8.49122 0.0912139
8.49154 0.0915334
8.49186 0.0918589
8.49283 0.0928256
8.49315 0.0931451
8.49347 0.0934646
8.4936 0.0335963
8.4936 0.0335963
8.4936 0.0335963
8.4936 0.0335963
8.4936 0.0332768
8.4936 0.0332768
8.49373 0.0334052
8.49619 0.0961871
8.49651 0.0965066
8.4969 0.0968943
8.49899 0.0989807
8.50099 0.10098
8.50488 0.104876
8.50719 0.107186
8.50907 0.109061
8.50995 0.109941
8.51027 0.11026
8.51298 0.112975
8.51311 0.0330895
8.51311 0.0330895
8.51311 0.0330895
8.51346 0.0334356
8.51346 0.0331161
8.51346 0.0331161
8.51381 0.1138
8.51537 0.115363
8.51936 0.119353
8.51968 0.119673
8.52 0.119992
8.52032 0.120312
8.52064 0.120637
8.5213 0.121293
8.52656 0.126558
8.52732 0.127313
8.5333 0.0332941
8.53343 0.033103
8.53343 0.033103
8.53343 0.033103
8.53374 0.033418
8.53374 0.0330985
8.53374 0.0330985
8.53428 0.134274
8.53566 0.135651
8.53725 0.0372465
8.53795 0.0379393
8.53932 0.139316
8.53964 0.139635
8.53996 0.0399553
8.541 0.0409738
8.54156 0.0415586
8.54188 0.0418617
8.5422 0.0421976
8.54321 0.143201
8.54368 0.0436683
8.544 0.0439959
8.544 0.0439959
8.54432 0.044321
8.54464 0.0446349
8.54464 0.0446185
8.5453 0.0452802
8.54712 0.147108
8.54743 0.0474286
8.54775 0.147747
8.54854 0.0485342
8.55029 0.0502845
8.5508 0.0507696
8.55143 0.15142
8.55324 0.153233
8.55356 0.0535531
8.55369 0.0336874
8.55369 0.0336874
8.55369 0.0336874
8.55369 0.0336874
8.55369 0.0333679
8.55369 0.0333679
8.55382 0.0334963
8.55622 0.056197
8.5566 0.0565951
8.56183 0.0618348
8.56225 0.0622419
8.56767 0.0676624
8.56799 0.167981
8.57312 0.0331071
8.57312 0.0331071
8.57312 0.0331071
8.57344 0.0334221
8.57344 0.0331026
8.57344 0.0331026
8.57475 0.0747479
8.57535 0.0753474
8.57807 0.0780619
8.57857 0.078568
8.57889 0.0788875
8.58011 0.080109
8.58258 0.0825583
8.58299 0.0829875
8.58459 0.0845823
8.58646 0.0864406
8.588 0.0879896
8.58903 0.0890302
8.58938 0.0893751
8.58938 0.0893751
8.5897 0.0896946
8.5897 0.0896946
8.59002 0.0900141
8.59034 0.0903336
8.59066 0.0906531
8.59123 0.0912215
8.59155 0.091541
8.59187 0.091844
8.59284 0.0928332
8.59316 0.0931527
8.59316 0.0931527
8.59329 0.0332844
8.59329 0.0332844
8.59329 0.0332844
8.59342 0.0334128
8.59342 0.0330933
8.59342 0.0330933
8.59619 0.0961862
8.59651 0.0965057
8.59692 0.0969021
8.59899 0.0989798
8.60098 0.100979
8.60488 0.104875
8.60719 0.107186
8.60907 0.10906
8.60995 0.10994
8.6103 0.11029
8.61298 0.112974
8.61311 0.0330886
8.61311 0.0330886
8.61311 0.0330886
8.61345 0.0334347
8.61345 0.0331152
8.61345 0.0331152
8.6138 0.113799
8.61537 0.115362
8.61939 0.119383
8.61971 0.119703
8.62003 0.120022
8.62035 0.120342
8.62067 0.120645
8.6213 0.121292
8.62656 0.126557
8.62732 0.127312
8.6333 0.0332932
8.63343 0.0331021
8.63343 0.0331021
8.63343 0.0331021
8.63374 0.0334171
8.63374 0.0330976
8.63374 0.0330976
8.63428 0.134273
8.63566 0.13565
8.63725 0.0372457
8.63794 0.0379384
8.63932 0.139315
8.63964 0.139634
8.63996 0.0399545
8.64099 0.0409816
8.64156 0.0415577
8.64188 0.0418694
8.6422 0.0421967
8.64321 0.1432
8.64368 0.0436745
8.644 0.043995
8.644 0.043995
8.64432 0.0443011
8.64464 0.0446341
8.64464 0.0446263
8.6453 0.0452879
8.64711 0.147107
8.64743 0.0474277
8.64775 0.147746
8.64854 0.0485333
8.65029 0.0502836
8.65079 0.0507947
8.65143 0.151419
8.65324 0.153232
8.65356 0.0535523
8.65369 0.0336554
8.65369 0.0336554
8.65369 0.0336554
8.65369 0.0336554
8.65369 0.0333359
8.65369 0.0333359
8.65381 0.0334643
8.65622 0.0562047
8.6566 0.0565942
8.66186 0.0618339
8.66225 0.062241
8.66767 0.0676616
8.66799 0.16798
8.67312 0.0331062
8.67312 0.0331062
8.67312 0.0331062
8.67344 0.0334212
8.67344 0.0331017
8.67344 0.0331017
8.67475 0.074747
8.67535 0.0753465
8.6781 0.0780921
8.67857 0.0785671
8.67889 0.0788866
8.68011 0.0801082
8.68258 0.0825661
8.68299 0.0829867
8.68459 0.0845814
8.68643 0.0864172
8.68799 0.0879887
8.68906 0.0890293
8.68938 0.0893742
8.68938 0.0893742
8.6897 0.0896937
8.6897 0.0896937
8.69002 0.0900132
8.69034 0.0903327
8.69066 0.0906522
8.69123 0.0912206
8.69155 0.0915401
8.69186 0.0918518
8.69284 0.0928323
8.69316 0.0931518
8.69316 0.0931518
8.69329 0.0332835
8.69329 0.0332835
8.69329 0.0332835
8.69341 0.0334119
8.69341 0.0330924
8.69341 0.0330924
8.69619 0.0961853
8.69651 0.0965048
8.69692 0.0969098
8.69898 0.098979
8.70101 0.101009
8.70488 0.104875
8.70719 0.107185
8.70906 0.109059
8.70994 0.109939
8.71029 0.110289
8.71298 0.112973
8.71311 0.0330877
8.71311 0.0330877
8.71311 0.0330877
8.71345 0.0334338
8.71345 0.0331143
8.71345 0.0331143
8.7138 0.113798
8.71537 0.115362
8.71939 0.119382
8.71971 0.119702
8.72003 0.120022
8.72035 0.120341
8.72067 0.120653
8.7213 0.121291
8.72656 0.126556
8.72735 0.127342
8.7333 0.0332923
8.73342 0.0331012
8.73342 0.0331012
8.73342 0.0331012
8.73374 0.0334162
8.73374 0.0330967
8.73374 0.0330967
8.73428 0.134272
8.73565 0.135649
8.73725 0.0372448
8.73794 0.0379375
8.73932 0.139314
8.73964 0.139633
8.73996 0.0399536
8.74096 0.0409582
8.74156 0.0415568
8.74188 0.0418772
8.7422 0.0421958
8.7432 0.143199
8.74371 0.0436807
8.74371 0.0437058
8.74403 0.0440253
8.74435 0.0443435
8.74467 0.0446643
8.74467 0.0446651
8.7453 0.0452957
8.74711 0.147107
8.74743 0.0474268
8.74775 0.147746
8.74854 0.0485324
8.75029 0.0502827
8.75079 0.0507886
8.75142 0.151419
8.75324 0.153231
8.75356 0.0535514
8.75368 0.0336545
8.75368 0.0336545
8.75368 0.0336545
8.75368 0.0336545
8.75368 0.033335
8.75368 0.033335
8.75381 0.0334634
8.75618 0.0561814
8.7566 0.0565934
8.76186 0.061833
8.76224 0.0622401
8.76766 0.0676607
8.76798 0.167979
8.77312 0.0331053
8.77312 0.0331053
8.77312 0.0331053
8.77344 0.0334204
8.77344 0.0331009
8.77344 0.0331009
8.77475 0.0747462
8.77535 0.0753456
8.7781 0.0780912
8.77857 0.0785663
8.77889 0.0788858
8.78011 0.0801073
8.78255 0.0825427
8.78299 0.0829858
8.78458 0.0845806
8.78643 0.086425
8.78799 0.0879878
8.78906 0.0890284
8.78938 0.0893733
8.78938 0.0893733
8.7897 0.0896928
8.7897 0.0896928
8.79002 0.0900124
8.79034 0.0903319
8.79066 0.0906514
8.79122 0.0912197
8.79154 0.0915392
8.79186 0.0918596
8.79284 0.0928314
8.79316 0.0931509
8.79316 0.0931509
8.79328 0.0332826
8.79328 0.0332826
8.79328 0.0332826
8.79341 0.033411
8.79341 0.0330915
8.79341 0.0330915
8.79619 0.0961844
8.79651 0.0965039
8.79692 0.0969176
8.79898 0.0989781
8.80101 0.101008
8.80488 0.104874
8.80719 0.107184
8.80906 0.109059
8.80994 0.109938
8.81026 0.110257
8.81298 0.112972
8.8131 0.0330868
8.8131 0.0330868
8.8131 0.0330868
8.81345 0.033433
8.81345 0.0331135
8.81345 0.0331135
8.8138 0.113797
8.81537 0.115361
8.81939 0.119382
8.81971 0.119701
8.82002 0.120021
8.82034 0.12034
8.82066 0.12066
8.82129 0.12129
8.82656 0.126555
8.82735 0.127341
8.83329 0.0332914
8.83342 0.0331003
8.83342 0.0331003
8.83342 0.0331003
8.83374 0.0334153
8.83374 0.0330958
8.83374 0.0330958
8.83428 0.134271
8.83565 0.135648
8.83725 0.0372439
8.83794 0.0379366
8.83932 0.139313
8.83964 0.139632
8.83996 0.0399527
8.84099 0.040966
8.84156 0.0415559
8.84188 0.0418538
8.8422 0.042195
8.8432 0.143198
8.84371 0.0436869
8.84371 0.0437049
8.84403 0.0440244
8.84435 0.0443236
8.84467 0.0446634
8.84467 0.0446418
8.8453 0.0452723
8.84711 0.147106
8.84743 0.047426
8.84775 0.147745
8.84853 0.0485315
8.85029 0.0502818
8.85079 0.0507825
8.85142 0.151418
8.85323 0.15323
8.85355 0.0535505
8.85368 0.0336536
8.85368 0.0336536
8.85368 0.0336536
8.85368 0.0336536
8.85368 0.0333341
8.85368 0.0333341
8.85381 0.0334625
8.85621 0.0561891
8.8566 0.0565925
8.86186 0.0618321
8.86224 0.0622392
8.86766 0.0676598
8.86798 0.167978
8.87312 0.0331045
8.87312 0.0331045
8.87312 0.0331045
8.87343 0.0334195
8.87343 0.0331
8.87343 0.0331
8.87475 0.0747453
8.87535 0.0753447
8.87809 0.0780903
8.87857 0.0785654
8.87889 0.0788849
8.88011 0.0801064
8.88258 0.0825505
8.88299 0.0829849
8.88458 0.0845797
8.88646 0.0864328
8.88799 0.0879869
8.88906 0.0890275
8.88938 0.0893725
8.88938 0.0893725
8.8897 0.089692
8.8897 0.089692
8.89001 0.0900115
8.89033 0.090331
8.89065 0.0906505
8.89122 0.0912188
8.89154 0.0915383
8.89186 0.0918362
8.89283 0.0928305
8.89315 0.09315
8.89315 0.09315
8.89328 0.0332817
8.89328 0.0332817
8.89328 0.0332817
8.89341 0.0334101
8.89341 0.0330906
8.89341 0.0330906
8.89619 0.0961835
8.89651 0.096503
8.89692 0.0968942
8.89901 0.0990083
8.90101 0.101007
8.90488 0.104873
8.90719 0.107183
8.90906 0.109058
8.90994 0.109937
8.91029 0.110288
8.91297 0.112971
8.9131 0.033086
8.9131 0.033086
8.9131 0.033086
8.91345 0.0334321
8.91345 0.0331126
8.91345 0.0331126
8.9138 0.113796
8.91536 0.11536
8.91938 0.119381
8.9197 0.1197
8.92002 0.12002
8.92034 0.120339
8.92066 0.120637
8.92129 0.121289
8.92656 0.126554
8.92734 0.12734
8.93329 0.0332906
8.93342 0.0330994
8.93342 0.0330994
8.93342 0.0330994
8.93374 0.0334145
8.93374 0.0330949
8.93374 0.0330949
8.93427 0.13427
8.93565 0.135647
8.93725 0.037243
8.93794 0.0379358
8.93932 0.139312
8.93963 0.139632
8.93995 0.0399518
8.94099 0.0409737
8.94156 0.0415551
8.94188 0.0418616
8.9422 0.0421941
8.9432 0.143197
8.94368 0.043662
8.944 0.0439924
8.944 0.0439924
8.94431 0.0443037
8.94463 0.0446314
8.94463 0.0446184
8.9453 0.0452801
8.94711 0.147105
8.94743 0.0474251
8.94775 0.147744
8.94853 0.0485306
8.95028 0.0502809
8.95079 0.0507765
8.95142 0.151417
8.95323 0.153229
8.95355 0.0535496
8.95368 0.0336527
8.95368 0.0336527
8.95368 0.0336527
8.95368 0.0336527
8.95368 0.0333332
8.95368 0.0333332
8.95381 0.0334616
8.95621 0.0561969
8.95659 0.0565916
8.96186 0.0618312
8.96224 0.0622384
8.96769 0.06769
8.96801 0.168009
8.97312 0.0331036
8.97312 0.0331036
8.97312 0.0331036
8.97343 0.0334186
8.97343 0.0330991
8.97343 0.0330991
8.97475 0.0747444
8.97535 0.0753438
8.97809 0.0780895
8.97857 0.0785645
8.97889 0.078884
8.98011 0.0801055
8.98257 0.0825582
8.98299 0.082984
8.98458 0.0845788
8.98646 0.0864405
8.98799 0.0879861
8.98905 0.0890267
8.98937 0.0893716
8.98937 0.0893716
8.98969 0.0896911
8.98969 0.0896911
8.99001 0.0900106
8.99033 0.0903301
8.99065 0.0906496
8.99122 0.0912179
8.99154 0.0915375
8.99186 0.091844
8.99283 0.0928296
8.99315 0.0931492
8.99315 0.0931492
8.99328 0.0332498
8.99328 0.0332498
8.99328 0.0332498
8.99344 0.0334093
8.99344 0.0330898
8.99344 0.0330898
8.99619 0.0961827
8.9965 0.0965022
8.99692 0.096902
8.99901 0.0990074
9.00101 0.101007
9.00488 0.104877
9.00719 0.107187
9.0091 0.109093
9.00994 0.109941
9.01029 0.110291
9.01298 0.112975
9.01314 0.0331209
9.01314 0.0331209
9.01314 0.0331209
9.01345 0.0334359
9.01345 0.0331164
9.01345 0.0331164
9.0138 0.1138
9.01537 0.115364
9.01939 0.119385
9.01971 0.119704
9.02003 0.120024
9.02035 0.120343
9.02067 0.12065
9.0213 0.121293
9.02656 0.126558
9.02735 0.127344
9.0333 0.0332943
9.03374 0.0330948
9.03374 0.0330948
9.03427 0.13427
9.03565 0.135647
9.03724 0.0372428
9.03797 0.0379667
9.03931 0.139312
9.03963 0.139631
9.03995 0.0399516
9.04099 0.0409822
9.04156 0.0415549
9.04188 0.04187
9.0422 0.0421939
9.0432 0.143197
9.04371 0.0437
9.04403 0.0440233
9.04403 0.0440233
9.04434 0.0443156
9.04466 0.0446623
9.04466 0.044658
9.04529 0.0452885
9.04708 0.147073
9.0474 0.0473938
9.04772 0.147712
9.04853 0.0485305
9.05028 0.0502807
9.05082 0.0508022
9.05145 0.151448
9.05323 0.153229
9.05355 0.0535494
9.05368 0.0336525
9.05368 0.0336525
9.05368 0.0336525
9.05368 0.0336525
9.05368 0.033333
9.05368 0.033333
9.05381 0.0334614
9.05621 0.0562054
9.05659 0.0565914
9.06186 0.061831
9.06227 0.0622693
9.06769 0.0676898
9.06801 0.168009
9.07312 0.0331034
9.07312 0.0331034
9.07312 0.0331034
9.07343 0.0334184
9.07343 0.0330989
9.07343 0.0330989
9.07475 0.0747442
9.07535 0.0753437
9.07809 0.0780893
9.0786 0.0785954
9.07892 0.0789149
9.08014 0.0801364
9.08257 0.0825667
9.08302 0.0830149
9.08461 0.0846097
9.08642 0.0864179
9.08802 0.088017
9.08908 0.0890576
9.0894 0.0894025
9.0894 0.0894025
9.08972 0.089722
9.08972 0.089722
9.09004 0.0900415
9.09036 0.090361
9.09068 0.0906805
9.09122 0.0912178
9.09154 0.0915373
9.09186 0.0918524
9.09283 0.0928295
9.09315 0.093149
9.09347 0.0934685
9.0936 0.0335691
9.0936 0.0335691
9.0936 0.0335691
9.0936 0.0335691
9.0936 0.0332496
9.0936 0.0332496
9.09373 0.033378
9.09619 0.0961909
9.09651 0.0965104
9.09693 0.0969189
9.09899 0.0989846
9.10099 0.100984
9.10488 0.10488
9.10719 0.10719
9.1091 0.109096
9.10995 0.109944
9.11027 0.110264
9.11298 0.112978
9.11311 0.0330934
9.11311 0.0330934
9.11311 0.0330934
9.11342 0.0334084
9.11342 0.0330889
9.11342 0.0330889
9.11381 0.113804
9.11537 0.115367
9.11939 0.119388
9.11939 0.119388
9.1198 0.119801
9.12018 0.120183
9.1205 0.120498
9.12129 0.121288
9.12656 0.126553
9.12734 0.127339
9.13329 0.0332895
9.13342 0.0330984
9.13342 0.0330984
9.13342 0.0330984
9.13373 0.0334134
9.13373 0.0330939
9.13373 0.0330939
9.13427 0.134269
9.13565 0.135646
9.13724 0.0372419
9.13794 0.0379347
9.13928 0.13928
9.1396 0.139599
9.13992 0.0399196
9.14102 0.04099
9.14156 0.041554
9.14187 0.0418467
9.14219 0.042193
9.14317 0.143165
9.14374 0.043734
9.14374 0.0437063
9.14405 0.0440535
9.14437 0.044358
9.14469 0.0446926
9.14469 0.0446658
9.14532 0.0452963
9.14711 0.147104
9.14743 0.047424
9.14774 0.147743
9.14856 0.0485607
9.15028 0.0502799
9.15082 0.0507962
9.15142 0.151416
9.15323 0.153228
9.15355 0.0535486
9.15368 0.0336517
9.15368 0.0336517
9.15368 0.0336517
9.15368 0.0336517
9.15368 0.0333322
9.15368 0.0333322
9.15381 0.0334606
9.15627 0.0562442
9.15659 0.0565905
9.16186 0.0618302
9.16227 0.0622684
9.16766 0.0676578
9.16798 0.167977
9.17311 0.0331025
9.17311 0.0331025
9.17311 0.0331025
9.17343 0.0334175
9.17343 0.033098
9.17343 0.033098
9.17471 0.0747122
9.17534 0.0753428
9.17806 0.0780573
9.1786 0.0785945
9.17892 0.078914
9.18014 0.0801356
9.18257 0.0825433
9.18302 0.0830141
9.18458 0.0845777
9.18645 0.0864256
9.18802 0.0880161
9.18908 0.0890567
9.1894 0.0894016
9.1894 0.0894016
9.18972 0.0897211
9.18972 0.0897211
9.19004 0.0900406
9.19036 0.0903601
9.19068 0.0906796
9.19122 0.0912169
9.19154 0.0915364
9.19186 0.0918291
9.19283 0.0928286
9.19315 0.0931481
9.19347 0.0934676
9.1936 0.0335682
9.1936 0.0335682
9.1936 0.0335682
9.1936 0.0335682
9.1936 0.0332487
9.1936 0.0332487
9.19373 0.0333771
9.19616 0.0961589
9.19648 0.0964785
9.19692 0.0968956
9.19898 0.0989837
9.20098 0.100983
9.20485 0.104848
9.20716 0.107158
9.2091 0.109095
9.20994 0.109944
9.21026 0.110263
9.21295 0.112946
9.21311 0.0330925
9.21311 0.0330925
9.21311 0.0330925
9.21342 0.0334075
9.21342 0.033088
9.21342 0.033088
9.2138 0.113803
9.21534 0.115335
9.21939 0.119387
9.21939 0.119387
9.21977 0.119769
9.22018 0.120182
9.2205 0.120474
9.22126 0.121256
9.22655 0.126552
9.22734 0.127338
9.23329 0.0332886
9.23342 0.0330975
9.23342 0.0330975
9.23342 0.0330975
9.23373 0.0334125
9.23373 0.033093
9.23373 0.033093
9.23427 0.134268
9.23565 0.135645
9.23724 0.0372411
9.23793 0.0379338
9.23928 0.139279
9.2396 0.139598
9.23992 0.0399188
9.24098 0.0409666
9.24155 0.0415531
9.24187 0.0418545
9.24219 0.0421921
9.24317 0.143164
9.24373 0.0437125
9.24373 0.0437332
9.24405 0.0440527
9.24437 0.0443692
9.24469 0.0446917
9.24469 0.0446735
9.24532 0.0453041
9.2471 0.147103
9.24742 0.0474231
9.24774 0.147742
9.24856 0.0485598
9.25028 0.050279
9.25082 0.0507901
9.25142 0.151415
9.25323 0.153227
9.25355 0.0535477
9.25368 0.0336508
9.25368 0.0336508
9.25368 0.0336508
9.25368 0.0336508
9.25368 0.0333313
9.25368 0.0333313
9.2538 0.0334597
9.25624 0.0562209
9.25659 0.0565896
9.26185 0.0618293
9.26227 0.0622675
9.26766 0.067657
9.26798 0.167976
9.27311 0.0331016
9.27311 0.0331016
9.27311 0.0331016
9.27343 0.0334166
9.27343 0.0330971
9.27343 0.0330971
9.27471 0.0747113
9.27534 0.0753419
9.27806 0.0780564
9.27859 0.0785936
9.27891 0.0789132
9.28013 0.0801347
9.28257 0.0825511
9.28301 0.0830132
9.28458 0.0845768
9.28645 0.0864334
9.28802 0.0880152
9.28908 0.0890558
9.2894 0.0894007
9.2894 0.0894007
9.28972 0.0897202
9.28972 0.0897202
9.29004 0.0900397
9.29036 0.0903592
9.29068 0.0906788
9.29122 0.091216
9.29154 0.0915355
9.29186 0.0918368
9.29283 0.0928277
9.29315 0.0931472
9.29347 0.0934667
9.2936 0.0335673
9.2936 0.0335673
9.2936 0.0335673
9.2936 0.0335673
9.2936 0.0332478
9.2936 0.0332478
9.29372 0.0333762
9.29616 0.0961581
9.29648 0.0964776
9.29692 0.0969033
9.29898 0.0989828
9.30098 0.100982
9.30485 0.104847
9.30716 0.107157
9.30909 0.109094
9.30994 0.109943
9.31026 0.110262
9.31295 0.112946
9.31311 0.0330916
9.31311 0.0330916
9.31311 0.0330916
9.31342 0.0334066
9.31342 0.0330871
9.31342 0.0330871
9.3138 0.113802
9.31537 0.115365
9.31939 0.119386
9.31939 0.119386
9.31977 0.119768
9.32018 0.120181
9.3205 0.120482
9.32126 0.121255
9.32655 0.126552
9.32734 0.127338
9.33332 0.0332877
9.33345 0.0330966
9.33345 0.0330966
9.33345 0.0330966
9.33376 0.0334116
9.33376 0.0330921
9.33376 0.0330921
9.33427 0.134268
9.33564 0.135645
9.33727 0.0372402
9.33799 0.037964
9.33928 0.139278
9.3396 0.139598
9.33992 0.0398868
9.34098 0.0409744
9.34158 0.0415522
9.3419 0.0418933
9.34222 0.0421912
9.34316 0.143163
9.3437 0.0436876
9.34402 0.0439896
9.34402 0.0439896
9.34434 0.0443182
9.34466 0.0446286
9.34466 0.0446502
9.34529 0.0452807
9.3471 0.147102
9.34742 0.0473911
9.34774 0.147741
9.34859 0.0485589
9.35031 0.0502781
9.35081 0.050784
9.35141 0.151414
9.35323 0.153226
9.35355 0.0535157
9.35367 0.0336499
9.35367 0.0336499
9.35367 0.0336499
9.35367 0.0336499
9.35367 0.0333304
9.35367 0.0333304
9.3538 0.0334588
9.35624 0.0562286
9.35662 0.0565888
9.36185 0.0618284
9.3623 0.0622666
9.36769 0.0676561
9.36801 0.168006
9.37311 0.0331007
9.37311 0.0331007
9.37311 0.0331007
9.37343 0.0334158
9.37343 0.0330963
9.37343 0.0330963
9.37474 0.0747105
9.37537 0.075341
9.37809 0.0780555
9.37862 0.0785928
9.37894 0.0789123
9.38016 0.0801338
9.38257 0.0825589
9.38304 0.0830123
9.38461 0.084576
9.38642 0.0864101
9.38804 0.0880143
9.38908 0.0890549
9.3894 0.0893687
9.38972 0.0896882
9.38972 0.0896882
9.38972 0.0896882
9.39004 0.0900078
9.39036 0.0903273
9.39068 0.0906468
9.39128 0.0912462
9.3916 0.0915657
9.39192 0.0919068
9.39286 0.0928268
9.39318 0.0931463
9.3935 0.0934658
9.39362 0.0335975
9.39362 0.0335975
9.39362 0.0335975
9.39362 0.0335975
9.39362 0.033278
9.39362 0.033278
9.39375 0.0334064
9.39619 0.0961572
9.39651 0.0964767
9.39692 0.0969111
9.39901 0.0989819
9.40101 0.100981
9.40488 0.104846
9.40719 0.107157
9.40912 0.109094
9.40997 0.109942
9.41029 0.110261
9.41298 0.112945
9.4131 0.0330907
9.4131 0.0330907
9.4131 0.0330907
9.41345 0.0334368
9.41345 0.0331173
9.41345 0.0331173
9.41383 0.113801
9.4154 0.115365
9.41942 0.119385
9.41942 0.119385
9.41983 0.119798
9.42021 0.12018
9.42053 0.120521
9.42128 0.121254
9.42658 0.126551
9.42737 0.127337
9.43332 0.0332868
9.43344 0.0330957
9.43344 0.0330957
9.43344 0.0330957
9.43376 0.0334107
9.43376 0.0330912
9.43376 0.0330912
9.4343 0.134267
9.43567 0.135644
9.43727 0.0372393
9.43799 0.0379632
9.43931 0.139277
9.43963 0.139597
9.43995 0.039917
9.44101 0.0409821
9.44158 0.0415513
9.4419 0.04187
9.44222 0.0421904
9.44319 0.143162
9.4437 0.0436938
9.44402 0.0439887
9.44402 0.0439887
9.44434 0.0443294
9.44466 0.0446277
9.44466 0.0446268
9.44532 0.0452885
9.44713 0.147101
9.44745 0.0474214
9.44777 0.14774
9.44859 0.048558
9.45031 0.0502772
9.45081 0.0508091
9.45144 0.151413
9.45326 0.153226
9.45358 0.0535459
9.4537 0.0336801
9.4537 0.0336801
9.4537 0.0336801
9.4537 0.0336801
9.4537 0.0333606
9.4537 0.0333606
9.45383 0.033489
9.45627 0.0562364
9.45662 0.0565879
9.46185 0.0618275
9.4623 0.0622657
9.46768 0.0676552
9.468 0.167974
9.47311 0.0330999
9.47311 0.0330999
9.47311 0.0330999
9.47342 0.0334149
9.47342 0.0330954
9.47342 0.0330954
9.47474 0.0747096
9.47537 0.0753401
9.47808 0.0780546
9.47862 0.0785919
9.47894 0.0789114
9.48016 0.0801329
9.4826 0.0825666
9.48307 0.0830425
9.4846 0.0845751
9.48645 0.0864178
9.48804 0.0880135
9.48908 0.0890541
9.4894 0.0893679
9.48972 0.0896874
9.48972 0.0896874
9.48972 0.0896874
9.49004 0.0900069
9.49036 0.0903264
9.49068 0.0906459
9.49128 0.0912453
9.49159 0.0915648
9.49191 0.0918835
9.49286 0.0928259
9.49318 0.0931454
9.49349 0.0934649
9.49362 0.0335967
9.49362 0.0335967
9.49362 0.0335967
9.49362 0.0335967
9.49362 0.0332772
9.49362 0.0332772
9.49375 0.0334055
9.49619 0.0961563
9.49651 0.0964758
9.49692 0.0968878
9.49901 0.0989811
9.50104 0.101011
9.50488 0.104846
9.50719 0.107156
9.50912 0.109093
9.50997 0.109941
9.51029 0.11026
9.51297 0.112944
9.5131 0.0330898
9.5131 0.0330898
9.5131 0.0330898
9.51345 0.033436
9.51345 0.0331164
9.51345 0.0331164
9.51383 0.1138
9.51539 0.115364
9.51941 0.119385
9.51941 0.119385
9.51983 0.119797
9.52021 0.120179
9.52053 0.120498
9.52128 0.121254
9.52658 0.12655
9.52737 0.127336
9.53331 0.033286
9.53344 0.0330948
9.53344 0.0330948
9.53344 0.0330948
9.53376 0.0334099
9.53376 0.0330904
9.53376 0.0330904
9.5343 0.134266
9.53567 0.135643
9.53727 0.0372384
9.53799 0.0379623
9.53931 0.139276
9.53963 0.139596
9.53994 0.0399161
9.54101 0.0409899
9.54158 0.0415505
9.5419 0.0418777
9.54222 0.0421895
9.54319 0.143161
9.54373 0.0437
9.54405 0.0440189
9.54405 0.0440189
9.54437 0.0443406
9.54469 0.0446579
9.54469 0.0446657
9.54532 0.0452962
9.54713 0.1471
9.54745 0.0474205
9.54777 0.147739
9.54859 0.0485572
9.55031 0.0502763
9.55081 0.050803
9.55144 0.151412
9.55325 0.153225
9.55357 0.053545
9.5537 0.0336792
9.5537 0.0336792
9.5537 0.0336792
9.5537 0.0336792
9.5537 0.0333597
9.5537 0.0333597
9.55383 0.0334881
9.55627 0.0562442
9.55662 0.056587
9.56185 0.0618266
9.56229 0.0622649
9.56768 0.0676543
9.568 0.167973
9.57311 0.033099
9.57311 0.033099
9.57311 0.033099
9.57342 0.033414
9.57342 0.0330945
9.57342 0.0330945
9.57474 0.0747087
9.57537 0.0753393
9.57808 0.0780538
9.57862 0.078591
9.57894 0.0789105
9.58016 0.080132
9.58256 0.0825433
9.58307 0.0830416
9.5846 0.0845742
9.58645 0.0864256
9.58804 0.0880126
9.58908 0.0890532
9.5894 0.089367
9.58972 0.0896865
9.58972 0.0896865
9.58972 0.0896865
9.59003 0.090006
9.59035 0.0903255
9.59067 0.090645
9.59127 0.0912445
9.59159 0.091564
9.59191 0.0918912
9.59285 0.0928251
9.59317 0.0931446
9.59349 0.0934641
9.59362 0.0335958
9.59362 0.0335958
9.59362 0.0335958
9.59362 0.0335958
9.59362 0.0332763
9.59362 0.0332763
9.59375 0.0334047
9.59618 0.0961554
9.5965 0.0964749
9.59692 0.0968955
9.59901 0.0989802
9.60104 0.10101
9.60487 0.104845
9.60718 0.107155
9.60912 0.109092
9.60997 0.10994
9.61029 0.11026
9.61297 0.112943
9.6131 0.033089
9.6131 0.033089
9.6131 0.033089
9.61345 0.0334351
9.61345 0.0331156
9.61345 0.0331156
9.61383 0.113799
9.61539 0.115363
9.61941 0.119384
9.61941 0.119384
9.61983 0.119797
9.62021 0.120178
9.62053 0.120506
9.62128 0.121253
9.62658 0.126549
9.62739 0.127366
9.63331 0.0332851
9.63344 0.033094
9.63344 0.033094
9.63344 0.033094
9.63376 0.033409
9.63376 0.0330895
9.63376 0.0330895
9.63432 0.134296
9.63567 0.135642
9.63727 0.0372375
9.63799 0.0379614
9.6393 0.139275
9.63962 0.139595
9.63994 0.0399152
9.64098 0.0409666
9.64158 0.0415496
9.6419 0.0418855
9.64222 0.0421886
9.64319 0.14316
9.64373 0.0437062
9.64405 0.044018
9.64405 0.044018
9.64437 0.0443519
9.64469 0.044657
9.64469 0.0446735
9.64532 0.045304
9.64713 0.147099
9.64745 0.0474196
9.64777 0.147738
9.64858 0.0485563
9.65033 0.0503066
9.65081 0.050797
9.65144 0.151411
9.65325 0.153224
9.65357 0.0535441
9.6537 0.0336784
9.6537 0.0336784
9.6537 0.0336784
9.6537 0.0336784
9.6537 0.0333589
9.6537 0.0333589
9.65383 0.0334873
9.65623 0.0562208
9.65661 0.0565861
9.66188 0.0618569
9.66229 0.062264
9.66768 0.0676534
9.668 0.167972
9.67311 0.0330981
9.67311 0.0330981
9.67311 0.0330981
9.67342 0.0334131
9.67342 0.0330936
9.67342 0.0330936
9.67474 0.0747078
9.67537 0.0753384
9.67808 0.0780529
9.67862 0.0785901
9.67894 0.0789096
9.68016 0.0801311
9.68256 0.082551
9.68307 0.0830408
9.6846 0.0845733
9.68644 0.0864333
9.68804 0.0880117
9.68907 0.0890523
9.68939 0.0893661
9.68971 0.0896856
9.68971 0.0896856
9.68971 0.0896856
9.69003 0.0900051
9.69035 0.0903246
9.69067 0.0906441
9.69127 0.0912436
9.69159 0.0915631
9.69191 0.091899
9.69285 0.0928242
9.69317 0.0931437
9.69349 0.0934632
9.69362 0.0335949
9.69362 0.0335949
9.69362 0.0335949
9.69362 0.0335949
9.69362 0.0332754
9.69362 0.0332754
9.69375 0.0334038
9.69621 0.0961856
9.69653 0.0965052
9.69691 0.0969033
9.69901 0.0989793
9.70104 0.10101
9.70487 0.104844
9.70718 0.107154
9.70912 0.109091
9.70997 0.109939
9.71029 0.110259
9.71297 0.112942
9.7131 0.0330881
9.7131 0.0330881
9.7131 0.0330881
9.71344 0.0334342
9.71344 0.0331147
9.71344 0.0331147
9.71383 0.113798
9.71539 0.115362
9.71941 0.119383
9.71941 0.119383
9.71982 0.119796
9.72021 0.120177
9.72052 0.120513
9.72128 0.121252
9.72658 0.126548
9.72739 0.127365
9.73331 0.0332842
9.73344 0.0330931
9.73344 0.0330931
9.73344 0.0330931
9.73375 0.0334081
9.73375 0.0330886
9.73375 0.0330886
9.73432 0.134295
9.73567 0.135641
9.73726 0.0372367
9.73799 0.0379605
9.7393 0.139275
9.73962 0.139594
9.73994 0.0399144
9.74098 0.0409743
9.74158 0.0415487
9.7419 0.0418933
9.74221 0.0421877
9.74319 0.14316
9.74372 0.0437124
9.74404 0.0440171
9.74404 0.0440171
9.74436 0.0443631
9.74468 0.0446562
9.74468 0.0446812
9.74528 0.0452807
9.74713 0.147098
9.74745 0.0474187
9.74777 0.147737
9.74858 0.0485554
9.7503 0.0502746
9.75081 0.0507909
9.75144 0.15141
9.75325 0.153223
9.75357 0.0535433
9.7537 0.0336775
9.7537 0.0336775
9.7537 0.0336775
9.7537 0.0336775
9.7537 0.033358
9.7537 0.033358
9.75383 0.0334864
9.75623 0.0562286
9.75661 0.0565852
9.76188 0.061856
9.76229 0.0622631
9.76768 0.0676526
9.768 0.167971
9.7731 0.0330972
9.7731 0.0330972
9.7731 0.0330972
9.77342 0.0334122
9.77342 0.0330927
9.77342 0.0330927
9.77473 0.0747069
9.77536 0.0753375
9.77808 0.078052
9.77862 0.0785892
9.77894 0.0789087
9.78016 0.0801303
9.78256 0.0825588
9.78307 0.0830399
9.7846 0.0845724
9.78641 0.08641
9.78804 0.0880108
9.78907 0.0890514
9.78939 0.0893652
9.78971 0.0896847
9.78971 0.0896847
9.78971 0.0896847
9.79003 0.0900042
9.79035 0.0903237
9.79067 0.0906432
9.79127 0.0912427
9.79159 0.0915622
9.79191 0.0919068
9.79285 0.0928233
9.79317 0.0931428
9.79349 0.0934623
9.79362 0.033594
9.79362 0.033594
9.79362 0.033594
9.79362 0.033594
9.79362 0.0332745
9.79362 0.0332745
9.79375 0.0334029
9.79621 0.0961848
9.79653 0.0965043
9.79691 0.096911
9.79901 0.0989784
9.80104 0.101009
9.80487 0.104843
9.80718 0.107153
9.80912 0.10909
9.80997 0.109938
9.81029 0.110258
9.81297 0.112941
9.8131 0.0330872
9.8131 0.0330872
9.8131 0.0330872
9.81344 0.0334333
9.81344 0.0331138
9.81344 0.0331138
9.81382 0.113797
9.81539 0.115361
9.81941 0.119382
9.81941 0.119382
9.81982 0.119795
9.8202 0.120176
9.82052 0.120521
9.82128 0.121251
9.82657 0.126547
9.82739 0.127364
9.83331 0.0332833
9.83344 0.0330922
9.83344 0.0330922
9.83344 0.0330922
9.83375 0.0334072
9.83375 0.0330877
9.83375 0.0330877
9.83432 0.134294
9.83567 0.13564
9.83726 0.0372358
9.83799 0.0379596
9.83933 0.139305
9.83965 0.139624
9.83997 0.0399446
9.84101 0.0409821
9.84157 0.0415478
9.84189 0.0418699
9.84221 0.0421868
9.84319 0.143159
9.84369 0.0436875
9.84401 0.0439852
9.84401 0.0439852
9.84433 0.0443121
9.84465 0.0446242
9.84465 0.0446268
9.84531 0.0452884
9.84712 0.147098
9.84744 0.0474178
9.84776 0.147737
9.84858 0.0485545
9.8503 0.0502737
9.85081 0.0507848
9.85144 0.15141
9.85325 0.153222
9.85357 0.0535424
9.8537 0.0336766
9.8537 0.0336766
9.8537 0.0336766
9.8537 0.0336766
9.8537 0.0333571
9.8537 0.0333571
9.85383 0.0334855
9.85626 0.0562363
9.85661 0.0565844
9.86188 0.0618551
9.86229 0.0622622
9.86768 0.0676517
9.868 0.16797
9.8731 0.0330963
9.8731 0.0330963
9.8731 0.0330963
9.87342 0.0334114
9.87342 0.0330918
9.87342 0.0330918
9.87473 0.0747061
9.87536 0.0753366
9.87808 0.0780511
9.87861 0.0785884
9.87893 0.0789079
9.88016 0.0801294
9.88259 0.0825666
9.88307 0.083039
9.8846 0.0845716
9.88644 0.0864178
9.88804 0.0880099
9.88907 0.0890505
9.88939 0.0893643
9.88971 0.0896838
9.88971 0.0896838
9.88971 0.0896838
9.89003 0.0900034
9.89035 0.0903229
9.89067 0.0906424
9.89127 0.0912418
9.89159 0.0915613
9.89191 0.0918834
9.89285 0.0928224
9.89317 0.0931419
9.89349 0.0934614
9.89362 0.0335931
9.89362 0.0335931
9.89362 0.0335931
9.89362 0.0335931
9.89362 0.0332736
9.89362 0.0332736
9.89374 0.033402
9.89621 0.0961839
9.89653 0.0965034
9.89691 0.0968877
9.899 0.0989775
9.90103 0.101008
9.90487 0.104842
9.90718 0.107152
9.90912 0.109089
9.90996 0.109937
9.91028 0.110257
9.91297 0.11294
9.91313 0.0331174
9.91313 0.0331174
9.91313 0.0331174
9.91344 0.0334324
9.91344 0.0331129
9.91344 0.0331129
9.91382 0.113797
9.91539 0.11536
9.91941 0.119381
9.91941 0.119381
9.91982 0.119794
9.9202 0.120176
9.92052 0.120498
9.92131 0.121281
9.92657 0.126546
9.92739 0.127363
9.93331 0.0332824
9.93344 0.0330913
9.93344 0.0330913
9.93344 0.0330913
9.93375 0.0334063
9.93375 0.0330868
9.93375 0.0330868
9.93375 0.0330868
9.93432 0.134293
9.93567 0.135639
9.93726 0.0372349
9.93748 0.0331077
9.93799 0.0379627
9.9393 0.139277
9.93962 0.139596
9.93994 0.0399166
9.94098 0.0409627
9.94111 0.0332078
9.94158 0.0415549
9.9419 0.0418856
9.94222 0.0421939
9.94319 0.143166
9.94373 0.0437016
9.94405 0.0440233
9.94405 0.0440233
9.94437 0.0443624
9.94469 0.0446623
9.94469 0.0446736
9.94507 0.0331155
9.94538 0.0453703
9.94713 0.147109
9.94745 0.0474289
9.94777 0.147748
9.94856 0.0485344
9.94906 0.0330911
9.95031 0.0502887
9.95082 0.0507947
9.95145 0.151425
9.95326 0.153237
9.95358 0.0535574
9.95371 0.0336889
9.95371 0.0336889
9.95371 0.0336889
9.95371 0.0336889
9.95371 0.0333693
9.95371 0.0333693
9.95384 0.0334977
9.95384 0.0334977
9.95624 0.0562289
9.95662 0.0565994
9.95728 0.0331058
9.96186 0.061843
9.96228 0.0622501
9.96331 0.0330872
9.96729 0.0331138
9.9677 0.0676786
9.96802 0.167997
9.97123 0.0330951
9.9731 0.0330906
9.9731 0.0330906
9.9731 0.0330906
9.97345 0.0334367
9.97345 0.0331172
9.97345 0.0331172
9.97473 0.0747059
9.97536 0.0753364
9.97642 0.0330986
9.97808 0.0780549
9.97862 0.0785921
9.97894 0.0789116
9.98016 0.0801332
9.98044 0.0330968
9.98257 0.0825519
9.98304 0.0830156
9.9846 0.0845793
9.98473 0.0332733
9.98645 0.0864381
9.98805 0.0880217
9.98852 0.0330991
9.98906 0.0890351
9.98941 0.08938
9.98941 0.08938
9.98973 0.0896995
9.98973 0.0896995
9.99004 0.0900191
9.99036 0.0903386
9.99068 0.0906581
9.99125 0.0912264
9.99157 0.0915459
9.99189 0.0918767
9.99258 0.0331086
9.9929 0.0928732
9.99322 0.0931927
9.99322 0.0931927
9.99335 0.0333388
9.99335 0.0333388
9.99335 0.0333388
9.99348 0.0334671
9.99348 0.0331476
9.99348 0.0331476
9.99619 0.096164
9.99651 0.0964835
9.99692 0.0969076
9.99705 0.0333241
9.99902 0.0989927

