% time_sec delay_sec
0.110083 0.0100529
0.113389 0.0133584
0.114175 0.0141445
0.115801 0.0157704
0.120382 0.0203511
0.127109 0.0270781
0.127428 0.0273976
0.132102 0.0320716
0.135999 0.0359681
0.137687 0.0376562
0.138317 0.0382867
0.139539 0.0395083
0.141413 0.041383
0.144097 0.0440664
0.157791 0.0577606
0.158391 0.05836
0.161074 0.0610435
0.161393 0.061363
0.163766 0.0637353
0.164085 0.0640548
0.166116 0.0660851
0.166435 0.0664046
0.171047 0.0710164
0.173357 0.0733266
0.173677 0.0736461
0.176858 0.0768272
0.177395 0.0773644
0.179674 0.0796435
0.180927 0.0808961
0.182459 0.0824287
0.183276 0.0832458
0.184156 0.0841252
0.187088 0.0870575
0.187407 0.087377
0.187407 0.087377
0.187727 0.0876965
0.188513 0.0884825
0.188833 0.088802
0.188833 0.088802
0.189152 0.0891216
0.190871 0.0908407
0.191191 0.0911602
0.19179 0.0917597
0.192794 0.0927635
0.193393 0.0933629
0.194739 0.0947089
0.197329 0.097299
0.199111 0.0990804
0.199524 0.0994932
0.200745 0.100715
0.201625 0.101594
0.201944 0.101914
0.203072 0.103042
0.203454 0.103424
0.20452 0.10449
0.205306 0.105276
0.206123 0.106093
0.206474 0.106443
0.207602 0.107572
0.210068 0.0100605
0.211103 0.111072
0.213351 0.0133434
0.21367 0.11364
0.214021 0.11399
0.21434 0.014333
0.21466 0.114629
0.21529 0.11526
0.215796 0.0157892
0.21624 0.11621
0.217431 0.1174
0.218621 0.118591
0.218941 0.11891
0.220349 0.0203416
0.220668 0.120638
0.221112 0.121082
0.221649 0.121619
0.224986 0.124956
0.226736 0.126706
0.227087 0.0270798
0.227406 0.0273993
0.228784 0.128753
0.229103 0.129073
0.229423 0.129392
0.22996 0.129929
0.230279 0.130249
0.232092 0.0320846
0.232092 0.132061
0.235988 0.0359811
0.237676 0.0376691
0.238276 0.0382686
0.239528 0.0395212
0.241403 0.0413959
0.24334 0.14331
0.244064 0.0440567
0.250355 0.150325
0.257767 0.0577594
0.258366 0.0583588
0.261049 0.0610422
0.261369 0.0613617
0.263741 0.0637341
0.264061 0.0640536
0.266091 0.0660838
0.266411 0.0664034
0.271022 0.0710152
0.273333 0.0733254
0.273652 0.0736449
0.276833 0.076826
0.27737 0.0773632
0.279649 0.0796422
0.280902 0.0808949
0.282435 0.0824274
0.283252 0.0832446
0.284131 0.084124
0.287063 0.0870562
0.287383 0.0873757
0.287383 0.0873757
0.287702 0.0876952
0.288489 0.0884813
0.288808 0.0888008
0.288808 0.0888008
0.289128 0.0891203
0.290847 0.0908395
0.291166 0.091159
0.291766 0.0917585
0.292769 0.0927623
0.293369 0.0933617
0.294715 0.0947076
0.297305 0.0972977
0.299086 0.0990791
0.299499 0.099492
0.300721 0.100713
0.3016 0.101593
0.30192 0.101912
0.303048 0.103041
0.303429 0.103422
0.304495 0.104488
0.305282 0.105274
0.306099 0.106092
0.306449 0.106442
0.307578 0.10757
0.310074 0.0100593
0.311078 0.111071
0.313357 0.0133422
0.313677 0.11367
0.314027 0.11402
0.314347 0.0143318
0.314666 0.114659
0.315266 0.115259
0.315803 0.015788
0.316216 0.116209
0.317406 0.117399
0.318597 0.118589
0.318916 0.118909
0.320355 0.120348
0.320355 0.0203404
0.321079 0.121072
0.321648 0.12164
0.324984 0.124977
0.326703 0.126696
0.327085 0.0270701
0.327405 0.0273896
0.328751 0.128743
0.32907 0.129063
0.32939 0.129382
0.329927 0.12992
0.330246 0.130239
0.33209 0.132083
0.33209 0.0320749
0.335986 0.0359714
0.337674 0.0376594
0.338274 0.0382589
0.339527 0.0395115
0.341401 0.0413862
0.343307 0.1433
0.344093 0.0440781
0.350322 0.150315
0.357765 0.0577497
0.358395 0.0583802
0.361048 0.0610325
0.361367 0.061352
0.363739 0.0637244
0.364059 0.0640439
0.366089 0.0660742
0.366409 0.0663937
0.371052 0.0710366
0.373331 0.0733157
0.37365 0.0736352
0.376831 0.0768163
0.377369 0.0773535
0.379648 0.0796326
0.380931 0.0809163
0.382433 0.0824177
0.38325 0.0832349
0.384129 0.0841143
0.387062 0.0870465
0.387381 0.087366
0.387381 0.087366
0.387701 0.0876856
0.388518 0.0885027
0.388837 0.0888222
0.388837 0.0888222
0.389157 0.0891417
0.390845 0.0908298
0.391164 0.0911493
0.391795 0.0917799
0.392768 0.0927526
0.393398 0.0933831
0.394713 0.094698
0.397334 0.0973192
0.399084 0.0990694
0.399497 0.0994823
0.400719 0.100704
0.401629 0.101614
0.401949 0.101934
0.403046 0.103031
0.403428 0.103413
0.404494 0.104479
0.40528 0.105265
0.406097 0.106082
0.406447 0.106432
0.407576 0.107561
0.410072 0.0100496
0.411076 0.111061
0.413386 0.0133636
0.413706 0.113691
0.414025 0.11401
0.414345 0.0143221
0.414664 0.114649
0.415295 0.11528
0.415801 0.0157783
0.416214 0.116199
0.417404 0.117389
0.418595 0.11858
0.418914 0.118899
0.420354 0.120339
0.420354 0.0203307
0.421077 0.121062
0.421646 0.121631
0.424982 0.124967
0.426702 0.126687
0.427114 0.0270915
0.427434 0.027411
0.42878 0.128765
0.429099 0.129084
0.429419 0.129404
0.429956 0.129941
0.430276 0.130261
0.432088 0.132073
0.432088 0.0320652
0.435985 0.0359617
0.437673 0.0376498
0.438303 0.0382803
0.439525 0.0395018
0.44143 0.0414076
0.443305 0.14329
0.444091 0.0440684
0.450352 0.150337
0.457794 0.0577711
0.458393 0.0583705
0.461046 0.0610228
0.461365 0.0613424
0.463769 0.0637458
0.464088 0.0640653
0.466087 0.0660645
0.466407 0.066384
0.47105 0.0710269
0.473329 0.073306
0.473648 0.0736255
0.476861 0.0768377
0.477367 0.0773438
0.479677 0.079654
0.480929 0.0809066
0.482431 0.0824081
0.483279 0.0832563
0.484127 0.0841046
0.487091 0.087068
0.48741 0.0873875
0.48741 0.0873875
0.48773 0.087707
0.488516 0.088493
0.488835 0.0888125
0.488835 0.0888125
0.489155 0.089132
0.490843 0.0908201
0.491162 0.0911396
0.491793 0.0917702
0.492766 0.0927429
0.493396 0.0933734
0.494711 0.0946883
0.497332 0.0973095
0.499083 0.0990598
0.499527 0.0995037
0.500717 0.100694
0.501627 0.101605
0.501947 0.101924
0.503044 0.103021
0.503457 0.103434
0.504492 0.104469
0.505309 0.105286
0.506095 0.106072
0.506446 0.106423
0.507605 0.107582
0.510071 0.0100399
0.511074 0.111052
0.513385 0.0133539
0.513704 0.113681
0.514024 0.114001
0.514343 0.0143124
0.514663 0.11464
0.515293 0.11527
0.515799 0.0157686
0.516243 0.11622
0.517434 0.117411
0.518624 0.118601
0.518944 0.118921
0.520352 0.120329
0.520671 0.0206405
0.521115 0.121092
0.521652 0.12163
0.524989 0.124966
0.526708 0.126685
0.527121 0.0270903
0.52744 0.0274098
0.528786 0.128764
0.529106 0.129083
0.529425 0.129403
0.529963 0.12994
0.530282 0.130259
0.532095 0.132072
0.532095 0.032064
0.536022 0.0359915
0.537679 0.0376485
0.53831 0.0382791
0.539531 0.0395006
0.541437 0.0414064
0.543312 0.143289
0.544098 0.0440672
0.550358 0.150335
0.557801 0.0577699
0.5584 0.0583693
0.561083 0.0610527
0.561403 0.0613722
0.563775 0.0637446
0.564095 0.0640641
0.566094 0.0660632
0.566413 0.0663827
0.571056 0.0710257
0.573367 0.0733359
0.573686 0.0736554
0.576867 0.0768365
0.577373 0.0773426
0.579683 0.0796527
0.580936 0.0809054
0.582469 0.0824379
0.583286 0.0832551
0.584134 0.0841034
0.587097 0.0870667
0.587417 0.0873862
0.587417 0.0873862
0.587736 0.0877057
0.588522 0.0884918
0.588842 0.0888113
0.588842 0.0888113
0.589161 0.0891308
0.59085 0.0908189
0.591169 0.0911384
0.5918 0.091769
0.592772 0.0927417
0.593403 0.0933722
0.594718 0.094687
0.597339 0.0973082
0.599089 0.0990585
0.599533 0.0995025
0.600724 0.100693
0.601634 0.101603
0.601954 0.101923
0.603051 0.10302
0.603463 0.103433
0.604498 0.104468
0.605316 0.105285
0.606133 0.106102
0.606452 0.106422
0.607612 0.107581
0.610046 0.0100387
0.611081 0.11105
0.61336 0.0133527
0.61368 0.113649
0.61403 0.114
0.61435 0.0143423
0.614669 0.114639
0.6153 0.115269
0.615775 0.0157674
0.61625 0.116219
0.61744 0.11741
0.618631 0.1186
0.61895 0.118919
0.620358 0.0203509
0.620678 0.120647
0.621122 0.121091
0.621659 0.121628
0.624996 0.124965
0.626715 0.126684
0.627096 0.027089
0.627416 0.0274086
0.628793 0.128762
0.629112 0.129082
0.629432 0.129401
0.629969 0.129939
0.630289 0.130258
0.63207 0.0320628
0.63239 0.132359
0.635975 0.0359677
0.637663 0.0376558
0.638294 0.0382863
0.639515 0.0395078
0.64139 0.0413825
0.643327 0.143296
0.644082 0.0440744
0.650373 0.150343
0.657753 0.057746
0.658384 0.0583766
0.661036 0.0610289
0.661356 0.0613484
0.663728 0.0637207
0.664048 0.0640403
0.666078 0.0660705
0.666397 0.06639
0.67104 0.0710329
0.673319 0.073312
0.673639 0.0736315
0.67682 0.0768126
0.677357 0.0773498
0.679667 0.07966
0.68092 0.0809126
0.682421 0.0824141
0.683239 0.0832312
0.684118 0.0841106
0.687081 0.087074
0.687401 0.0873935
0.687401 0.0873935
0.68772 0.087713
0.688506 0.0884991
0.688826 0.0888186
0.688826 0.0888186
0.689145 0.0891381
0.690834 0.0908261
0.691153 0.0911457
0.691784 0.0917762
0.692756 0.0927489
0.693387 0.0933794
0.694702 0.0946943
0.697323 0.0973155
0.699073 0.0990658
0.699486 0.0994786
0.700708 0.1007
0.701618 0.101611
0.701937 0.10193
0.703035 0.103027
0.703416 0.103409
0.704482 0.104475
0.705268 0.105261
0.706086 0.106078
0.706436 0.106429
0.707564 0.107557
0.710061 0.0100459
0.711065 0.111058
0.713375 0.0133599
0.713695 0.113687
0.714014 0.114007
0.714334 0.0143184
0.714653 0.114646
0.715284 0.115276
0.71579 0.0157746
0.716234 0.116226
0.717393 0.117386
0.718615 0.118607
0.718934 0.118927
0.720342 0.120335
0.720342 0.020327
0.721097 0.12109
0.721634 0.121627
0.724971 0.124964
0.726721 0.126714
0.727103 0.0270878
0.727423 0.0274073
0.728768 0.128761
0.729088 0.129081
0.729408 0.1294
0.729945 0.129937
0.730264 0.130257
0.732077 0.132069
0.732077 0.0320615
0.736004 0.0359891
0.737661 0.0376461
0.738292 0.0382766
0.739513 0.0394981
0.741419 0.041404
0.743294 0.143286
0.74408 0.0440647
0.75034 0.150333
0.757783 0.0577674
0.758382 0.0583669
0.761065 0.0610503
0.761385 0.0613698
0.763757 0.0637422
0.764077 0.0640617
0.766107 0.0660919
0.766427 0.0664114
0.771038 0.0710233
0.773349 0.0733334
0.773668 0.0736529
0.776849 0.076834
0.777386 0.0773712
0.779666 0.0796503
0.780918 0.0809029
0.782451 0.0824355
0.783268 0.0832527
0.784116 0.0841009
0.787079 0.0870643
0.787399 0.0873838
0.787399 0.0873838
0.787719 0.0877033
0.788505 0.0884894
0.788824 0.0888089
0.788824 0.0888089
0.789144 0.0891284
0.790863 0.0908476
0.791182 0.0911671
0.791782 0.0917665
0.792786 0.0927703
0.793385 0.0933697
0.7947 0.0946846
0.797321 0.0973058
0.799102 0.0990872
0.799515 0.0995
0.800737 0.100722
0.801616 0.101601
0.801936 0.10192
0.803064 0.103049
0.803446 0.10343
0.80448 0.104465
0.805298 0.105282
0.806115 0.1061
0.806434 0.106419
0.807594 0.107578
0.810059 0.0100363
0.811063 0.111048
0.813373 0.0133502
0.813693 0.113678
0.814012 0.113997
0.814332 0.0143087
0.814651 0.114636
0.815282 0.115267
0.815788 0.0157649
0.816232 0.116217
0.817422 0.117407
0.818613 0.118598
0.818932 0.118917
0.820371 0.120356
0.820371 0.0203484
0.821095 0.12108
0.821633 0.121617
0.824969 0.124954
0.826719 0.126704
0.827101 0.0270781
0.827421 0.0273976
0.828767 0.128751
0.829086 0.129071
0.829406 0.12939
0.829943 0.129928
0.830262 0.130247
0.832075 0.13206
0.832394 0.0323713
0.836011 0.0359879
0.837699 0.037676
0.838298 0.0382754
0.83952 0.0394969
0.841426 0.0414027
0.843332 0.143316
0.844087 0.0440635
0.850347 0.150332
0.857789 0.0577662
0.858389 0.0583656
0.861072 0.0610491
0.861392 0.0613686
0.863764 0.0637409
0.864083 0.0640604
0.866114 0.0660907
0.866433 0.0664102
0.871045 0.071022
0.873355 0.0733322
0.873675 0.0736517
0.876856 0.0768328
0.877393 0.07737
0.879672 0.0796491
0.880925 0.0809017
0.882457 0.0824343
0.883274 0.0832514
0.884123 0.0840997
0.887086 0.0870631
0.887406 0.0873826
0.887406 0.0873826
0.887725 0.0877021
0.888511 0.0884881
0.888831 0.0888076
0.888831 0.0888076
0.88915 0.0891271
0.890869 0.0908463
0.891189 0.0911658
0.891788 0.0917653
0.892792 0.0927691
0.893392 0.0933685
0.894706 0.0946834
0.897328 0.0973046
0.899109 0.099086
0.899522 0.0994988
0.900743 0.10072
0.901623 0.1016
0.901942 0.101919
0.90307 0.103047
0.903452 0.103429
0.904487 0.104464
0.905304 0.105281
0.906121 0.106098
0.906441 0.106418
0.9076 0.107577
0.910066 0.010035
0.911101 0.111078
0.91338 0.013349
0.913699 0.113676
0.914019 0.113996
0.914338 0.0143075
0.914658 0.114635
0.915288 0.115265
0.915795 0.0157637
0.916238 0.116215
0.917429 0.117406
0.918619 0.118596
0.918939 0.118916
0.920378 0.120355
0.920378 0.0203472
0.921102 0.121079
0.921639 0.121616
0.924976 0.124953
0.926726 0.126703
0.927108 0.0270769
0.927427 0.0273964
0.928773 0.12875
0.929093 0.12907
0.929412 0.129389
0.929949 0.129926
0.930269 0.130246
0.932113 0.13209
0.932113 0.0320817
0.936009 0.0359782
0.937697 0.0376663
0.938297 0.0382657
0.939549 0.0395183
0.941424 0.041393
0.94333 0.143307
0.944085 0.0440538
0.950345 0.150322
0.957787 0.0577565
0.958387 0.0583559
0.96107 0.0610394
0.96139 0.0613589
0.963762 0.0637312
0.964082 0.0640507
0.966112 0.066081
0.966431 0.0664005
0.971043 0.0710123
0.973353 0.0733225
0.973673 0.073642
0.976854 0.0768231
0.977391 0.0773603
0.97967 0.0796394
0.980954 0.0809231
0.982455 0.0824246
0.983273 0.0832417
0.984152 0.0841211
0.987084 0.0870534
0.987404 0.0873729
0.987404 0.0873729
0.987723 0.0876924
0.98854 0.0885095
0.98886 0.0888291
0.98886 0.0888291
0.989179 0.0891486
0.990868 0.0908366
0.991187 0.0911562
0.991818 0.0917867
0.99279 0.0927594
0.99339 0.0933588
0.994736 0.0947048
0.997326 0.0972949
0.999107 0.0990763
0.99952 0.0994891
1.00074 0.100711
1.00162 0.10159
1.00194 0.101909
1.00307 0.103038
1.00345 0.103419
1.00451 0.104479
1.0053 0.105265
1.00611 0.106082
1.00646 0.106433
1.00759 0.107561
1.01006 0.01005
1.01109 0.111062
1.01337 0.0133639
1.01369 0.11366
1.01404 0.114011
1.01436 0.0143535
1.01468 0.11465
1.01528 0.115249
1.01579 0.0157786
1.01623 0.116199
1.01742 0.11739
1.01861 0.11858
1.01893 0.1189
1.02034 0.020331
1.02066 0.120627
1.0211 0.121071
1.02164 0.121608
1.02498 0.124945
1.02673 0.126695
1.02708 0.0270692
1.0274 0.0273887
1.02877 0.128742
1.02909 0.129062
1.02941 0.129381
1.02995 0.129919
1.03027 0.130238
1.03205 0.0320429
1.03237 0.132339
1.03596 0.0359478
1.03764 0.0376359
1.03824 0.0382354
1.0395 0.039488
1.04137 0.0413627
1.04334 0.143307
1.04403 0.0440235
1.05004 0.0100268
1.05004 0.0100268
1.05004 0.0100268
1.05036 0.150331
1.05068 0.0106658
1.05068 0.0103463
1.05068 0.0103463
1.05772 0.057712
1.05835 0.0583425
1.061 0.0609948
1.06132 0.0613143
1.06369 0.0636867
1.06401 0.0640062
1.06608 0.0660676
1.06639 0.0663871
1.07004 0.0100408
1.07004 0.0100408
1.07004 0.0100408
1.07036 0.0103603
1.07036 0.0100408
1.07036 0.0100408
1.07102 0.0710159
1.07333 0.073326
1.07365 0.0736455
1.0768 0.0767955
1.07734 0.0773327
1.07965 0.0796429
1.08087 0.0808644
1.0824 0.082397
1.08322 0.0832142
1.08413 0.0841246
1.08706 0.0870569
1.08706 0.0870569
1.08738 0.0873764
1.0877 0.0876959
1.08849 0.088482
1.08881 0.0888015
1.08881 0.0888015
1.08913 0.089121
1.09007 0.0100518
1.09007 0.0100518
1.09007 0.0100518
1.09039 0.0103713
1.09039 0.0100518
1.09039 0.0100518
1.09083 0.090826
1.09115 0.0911455
1.09178 0.091776
1.09276 0.0927487
1.09339 0.0933793
1.09467 0.094663
1.09732 0.0973153
1.09907 0.0990656
1.09945 0.0994473
1.10068 0.100669
1.10159 0.101579
1.10191 0.101899
1.103 0.102996
1.10342 0.103409
1.10445 0.104444
1.10527 0.105261
1.10609 0.106078
1.10641 0.106398
1.10756 0.107557
1.11003 0.0100261
1.11016 0.00983497
1.11016 0.00983497
1.11016 0.00983497
1.1105 0.0101811
1.1105 0.00986158
1.1105 0.00986158
1.11107 0.111065
1.11335 0.013348
1.11367 0.113664
1.11399 0.113983
1.11431 0.0142868
1.11463 0.114622
1.11523 0.115222
1.1158 0.0157741
1.11621 0.116203
1.1174 0.117393
1.11859 0.118584
1.11891 0.118903
1.12032 0.120312
1.12064 0.0206346
1.12105 0.121044
1.12159 0.121581
1.12496 0.124949
1.12671 0.126699
1.12709 0.0270844
1.12741 0.0274039
1.12875 0.128746
1.12907 0.129066
1.12939 0.129385
1.12993 0.129922
1.13025 0.130242
1.13038 0.0103487
1.13038 0.0103487
1.13038 0.0103487
1.13038 0.0103487
1.13038 0.0100292
1.13038 0.0100292
1.13051 0.0101576
1.13204 0.0320349
1.13236 0.132351
1.13594 0.0359399
1.13763 0.0376279
1.13826 0.0382585
1.13952 0.0394914
1.14136 0.0413547
1.14333 0.143319
1.14405 0.0440466
1.14987 0.00985605
1.14987 0.00985605
1.14987 0.00985605
1.15035 0.150338
1.15047 0.0104595
1.15047 0.01014
1.15047 0.01014
1.15773 0.0577261
1.15833 0.0583256
1.16101 0.061009
1.16133 0.0613285
1.1637 0.0637009
1.16402 0.0640204
1.16605 0.0660506
1.16637 0.0663701
1.16986 0.00986106
1.16986 0.00986106
1.16986 0.00986106
1.17018 0.0101761
1.17018 0.00985656
1.17018 0.00985656
1.17099 0.070993
1.17334 0.0733115
1.17365 0.0736507
1.17684 0.0768121
1.17734 0.0773379
1.17965 0.0796284
1.18087 0.0808696
1.18241 0.0824021
1.18322 0.0832193
1.18413 0.0841298
1.18707 0.087062
1.18707 0.087062
1.18739 0.0873816
1.18771 0.0876959
1.18846 0.088456
1.18878 0.0887755
1.18878 0.0887501
1.1891 0.089095
1.18985 0.00983202
1.18985 0.00983202
1.18985 0.00983202
1.1902 0.0101781
1.1902 0.00985863
1.1902 0.00985863
1.19083 0.0908222
1.19115 0.0911417
1.19178 0.0917722
1.19275 0.0927449
1.19338 0.0933755
1.19466 0.0946592
1.19732 0.0973115
1.1991 0.0990732
1.19948 0.0994549
1.2007 0.100676
1.20158 0.101576
1.2019 0.101895
1.203 0.102992
1.20341 0.103405
1.20444 0.10444
1.20526 0.105257
1.20608 0.106074
1.2064 0.106394
1.20756 0.107553
1.21005 0.0100506
1.21018 0.00985949
1.21018 0.00985949
1.21018 0.00985949
1.2105 0.0101745
1.2105 0.009855
1.2105 0.009855
1.21107 0.111062
1.21334 0.0133414
1.21366 0.11366
1.21398 0.11398
1.2143 0.0142973
1.21462 0.114599
1.21525 0.115249
1.21576 0.0157535
1.2162 0.116199
1.21742 0.117401
1.21858 0.11858
1.2189 0.1189
1.22031 0.120308
1.22063 0.020628
1.22104 0.12104
1.22161 0.121608
1.22495 0.124945
1.2267 0.126695
1.22708 0.0270778
1.2274 0.0273973
1.22875 0.128742
1.22907 0.129062
1.22939 0.129381
1.22992 0.129919
1.23024 0.130213
1.23037 0.0103421
1.23037 0.0103421
1.23037 0.0103421
1.23037 0.0103421
1.23037 0.0100226
1.23037 0.0100226
1.2305 0.010151
1.23206 0.0320594
1.23206 0.132059
1.23596 0.0359559
1.23765 0.037644
1.23825 0.0382434
1.23947 0.0394624
1.24137 0.0413708
1.24331 0.143307
1.24403 0.0440316
1.24986 0.009841
1.24986 0.009841
1.24986 0.009841
1.25033 0.150326
1.25046 0.0104444
1.25046 0.0101249
1.25046 0.0101249
1.25775 0.0577422
1.25834 0.0583416
1.261 0.0609939
1.26132 0.0613134
1.26369 0.0636858
1.26401 0.0640053
1.26607 0.0660667
1.26639 0.0663862
1.26988 0.00984601
1.26988 0.00984601
1.26988 0.00984601
1.27019 0.010161
1.27019 0.00984151
1.27019 0.00984151
1.27101 0.0709813
1.27332 0.0733135
1.27364 0.0736356
1.27679 0.076783
1.27733 0.0773228
1.27964 0.0796304
1.28086 0.0808545
1.28239 0.0823871
1.28321 0.0832043
1.28412 0.0841148
1.28705 0.087047
1.28737 0.0873665
1.28737 0.0873665
1.28737 0.0873508
1.28847 0.0884636
1.28879 0.0887831
1.28879 0.0887577
1.28911 0.0891026
1.28986 0.00983961
1.28986 0.00983961
1.28986 0.00983961
1.29017 0.0101546
1.29017 0.00983512
1.29017 0.00983512
1.29083 0.0908298
1.29115 0.0911493
1.29175 0.0917487
1.29272 0.0927214
1.29336 0.0933519
1.29467 0.0946668
1.29729 0.097288
1.29904 0.0990357
1.29945 0.0994485
1.30064 0.100639
1.30159 0.101583
1.30191 0.101903
1.303 0.103
1.30338 0.103381
1.30442 0.104416
1.30527 0.105265
1.30605 0.106051
1.30637 0.10637
1.30753 0.107529
1.31003 0.0100271
1.31016 0.00983598
1.31016 0.00983598
1.31016 0.00983598
1.3105 0.0101821
1.3105 0.00986259
1.3105 0.00986259
1.31104 0.111038
1.31335 0.013349
1.31367 0.113668
1.31399 0.113987
1.31431 0.0142909
1.31463 0.114624
1.31523 0.115226
1.3158 0.0157782
1.31618 0.116176
1.31737 0.117364
1.31859 0.118588
1.31891 0.118907
1.32032 0.120315
1.32064 0.0206356
1.32105 0.121048
1.32159 0.121585
1.32492 0.124921
1.32667 0.126672
1.32709 0.0270854
1.32741 0.0274049
1.32875 0.12875
1.32907 0.12907
1.32939 0.129389
1.3299 0.129895
1.33022 0.130189
1.33035 0.0103186
1.33035 0.0103186
1.33035 0.0103186
1.33035 0.0103186
1.33035 0.00999909
1.33035 0.00999909
1.33047 0.0101275
1.33204 0.0320359
1.33204 0.132035
1.33597 0.0359635
1.33762 0.0376205
1.33825 0.038251
1.33951 0.0394871
1.34138 0.0413784
1.34329 0.143283
1.34404 0.0440391
1.34986 0.00984858
1.34986 0.00984858
1.34986 0.00984858
1.35031 0.150303
1.35043 0.0104209
1.35043 0.0101014
1.35043 0.0101014
1.35772 0.0577187
1.35835 0.0583492
1.36104 0.0610326
1.36135 0.0613521
1.3637 0.0636934
1.36402 0.0640129
1.36608 0.0660742
1.3664 0.0663938
1.36988 0.00985359
1.36988 0.00985359
1.36988 0.00985359
1.3702 0.0101686
1.3702 0.0098491
1.3702 0.0098491
1.37114 0.0711166
1.37342 0.0734004
1.37374 0.0737365
1.37689 0.0768699
1.37736 0.0773615
1.37974 0.079721
1.3809 0.0808932
1.38243 0.0824258
1.38325 0.083243
1.38416 0.0841534
1.38706 0.0870546
1.38738 0.0873741
1.38738 0.0873741
1.3877 0.0876674
1.38851 0.0885108
1.38883 0.0888303
1.38883 0.0888049
1.38915 0.0891498
1.38987 0.00985566
1.38987 0.00985566
1.38987 0.00985566
1.39019 0.0101707
1.39019 0.00985117
1.39019 0.00985117
1.39085 0.0908458
1.39117 0.0911653
1.39183 0.091827
1.3928 0.0927997
1.3934 0.0933991
1.39469 0.0946828
1.39734 0.0973351
1.39915 0.0991311
1.39953 0.0995128
1.40072 0.100703
1.40163 0.10163
1.40195 0.10195
1.40302 0.103016
1.40346 0.10346
1.40447 0.104463
1.40531 0.105312
1.4061 0.106098
1.40642 0.106417
1.40761 0.107608
1.41004 0.0100431
1.41017 0.00985203
1.41017 0.00985203
1.41017 0.00985203
1.41049 0.010167
1.41049 0.00984754
1.41049 0.00984754
1.41109 0.111085
1.41337 0.0133651
1.41369 0.113684
1.41404 0.114034
1.41436 0.0143467
1.41468 0.114657
1.41528 0.115273
1.41578 0.0157718
1.41626 0.116254
1.41751 0.11749
1.41864 0.118635
1.41896 0.118954
1.42033 0.0203322
1.42065 0.120651
1.4211 0.121095
1.42163 0.121632
1.425 0.125
1.42672 0.126719
1.42707 0.0270703
1.42739 0.0273898
1.42874 0.128735
1.42906 0.129054
1.42941 0.129405
1.42998 0.129973
1.4303 0.130268
1.43042 0.0103969
1.43042 0.0103969
1.43042 0.0103969
1.43042 0.0103969
1.43042 0.0100774
1.43042 0.0100774
1.43055 0.0102057
1.43205 0.032052
1.43237 0.132371
1.43596 0.0359569
1.43765 0.037645
1.43825 0.0382444
1.4395 0.0394891
1.44137 0.0413718
1.44337 0.14337
1.44407 0.0440637
1.44985 0.009842
1.44985 0.009842
1.44985 0.009842
1.45017 0.010157
1.45017 0.00983751
1.45017 0.00983751
1.45049 0.150487
1.45774 0.0577432
1.45834 0.0583426
1.46103 0.061026
1.46135 0.0613456
1.46372 0.0637179
1.46404 0.0640374
1.4661 0.0660988
1.46642 0.0664183
1.46988 0.00984701
1.46988 0.00984701
1.46988 0.00984701
1.47019 0.010162
1.47019 0.00984251
1.47019 0.00984251
1.47116 0.0711359
1.47338 0.0733714
1.4737 0.0736989
1.47688 0.076872
1.47736 0.077355
1.47973 0.0797123
1.48089 0.0808866
1.48245 0.0824503
1.48324 0.0832364
1.48415 0.0841469
1.48708 0.0870791
1.48708 0.0870791
1.4874 0.0873986
1.48772 0.087704
1.48851 0.0885042
1.48883 0.0888237
1.48883 0.0887983
1.48914 0.0891432
1.48986 0.00984908
1.48986 0.00984908
1.48986 0.00984908
1.49018 0.0101641
1.49018 0.00984458
1.49018 0.00984458
1.49084 0.0908392
1.49116 0.0911587
1.49182 0.0918204
1.49279 0.0927931
1.49339 0.0933925
1.49471 0.0947074
1.49733 0.0973286
1.49914 0.0991331
1.49952 0.0995148
1.50071 0.100705
1.50163 0.101624
1.50194 0.101943
1.50301 0.103009
1.50345 0.103453
1.50446 0.104457
1.50531 0.105305
1.50609 0.106091
1.50641 0.106411
1.5076 0.107601
1.51004 0.0100366
1.51017 0.00984544
1.51017 0.00984544
1.51017 0.00984544
1.51048 0.0101605
1.51048 0.00984095
1.51048 0.00984095
1.51108 0.111079
1.51336 0.0133585
1.51368 0.113677
1.51403 0.114028
1.51435 0.0143488
1.51467 0.114659
1.51527 0.115266
1.51577 0.0157739
1.51625 0.116247
1.5175 0.117492
1.51863 0.118628
1.51895 0.118948
1.52036 0.0203567
1.52036 0.120356
1.52108 0.12108
1.52162 0.121617
1.52499 0.124985
1.52674 0.126735
1.52709 0.0270864
1.52741 0.0274059
1.52878 0.128782
1.5291 0.129102
1.52942 0.129421
1.52996 0.129958
1.53028 0.130252
1.53041 0.0103818
1.53041 0.0103818
1.53041 0.0103818
1.53041 0.0103818
1.53041 0.0100623
1.53041 0.0100623
1.53054 0.0101907
1.53204 0.0320369
1.53236 0.132356
1.53594 0.0359419
1.53763 0.03763
1.53826 0.0382605
1.53948 0.0394827
1.54139 0.0413878
1.54336 0.143355
1.54405 0.0440486
1.54987 0.00985805
1.54987 0.00985805
1.54987 0.00985805
1.55018 0.0101731
1.55018 0.00985356
1.55018 0.00985356
1.5505 0.150503
1.55776 0.0577592
1.55836 0.0583587
1.56101 0.061011
1.56133 0.0613305
1.5637 0.0637029
1.56402 0.0640224
1.56608 0.0660837
1.5664 0.0664032
1.56986 0.00983196
1.56986 0.00983196
1.56986 0.00983196
1.57021 0.0101781
1.57021 0.00985857
1.57021 0.00985857
1.57115 0.0711468
1.5734 0.0733961
1.57372 0.0737149
1.57687 0.0768656
1.57734 0.0773399
1.57974 0.0797263
1.58087 0.0808716
1.58244 0.0824353
1.58322 0.0832213
1.58413 0.0841318
1.5871 0.0870952
1.5871 0.0870952
1.58742 0.0874147
1.58773 0.0877321
1.58849 0.0884891
1.58881 0.0888086
1.58881 0.0887832
1.58913 0.0891281
1.58985 0.00983403
1.58985 0.00983403
1.58985 0.00983403
1.59019 0.0101801
1.59019 0.00986064
1.59019 0.00986064
1.59086 0.0908553
1.59118 0.0911748
1.59181 0.0918053
1.59278 0.092778
1.59341 0.0934086
1.59469 0.0946923
1.59735 0.0973446
1.59916 0.0991578
1.59951 0.0995084
1.60073 0.10073
1.60164 0.10164
1.60196 0.101959
1.60303 0.103025
1.60344 0.103438
1.60447 0.104473
1.60532 0.105321
1.60611 0.106107
1.60643 0.106427
1.60759 0.107586
1.61008 0.0100526
1.61021 0.0098615
1.61021 0.0098615
1.61021 0.0098615
1.61053 0.0101765
1.61053 0.00985701
1.61053 0.00985701
1.6111 0.111095
1.61337 0.0133434
1.61369 0.113693
1.61404 0.114044
1.61436 0.0143424
1.61468 0.114684
1.61525 0.115251
1.61579 0.0157675
1.61623 0.116232
1.61749 0.117486
1.61865 0.118644
1.61896 0.118964
1.62034 0.120341
1.62066 0.02063
1.62107 0.121073
1.62161 0.12161
1.62498 0.124978
1.62673 0.126728
1.62711 0.0270798
1.62743 0.0273993
1.62878 0.128776
1.6291 0.129095
1.62942 0.129415
1.62995 0.129952
1.63027 0.130246
1.6304 0.0103752
1.6304 0.0103752
1.6304 0.0103752
1.6304 0.0103752
1.6304 0.0100557
1.6304 0.0100557
1.63053 0.0101841
1.63209 0.0320615
1.63209 0.132092
1.63599 0.0359579
1.63768 0.037646
1.63828 0.0382454
1.63953 0.0395074
1.6414 0.0413728
1.64337 0.143371
1.6441 0.0440647
1.64985 0.009843
1.64985 0.009843
1.64985 0.009843
1.65017 0.010158
1.65017 0.00983851
1.65017 0.00983851
1.65049 0.150488
1.65778 0.0577442
1.65837 0.0583436
1.66106 0.061027
1.66138 0.0613466
1.66375 0.0637189
1.66407 0.0640384
1.66613 0.0660998
1.66645 0.0664193
1.66988 0.00984801
1.66988 0.00984801
1.66988 0.00984801
1.67019 0.010163
1.67019 0.00984352
1.67019 0.00984352
1.67113 0.0711265
1.67341 0.0733897
1.67373 0.0736999
1.67691 0.0768903
1.67739 0.077356
1.67973 0.0797092
1.68092 0.0808876
1.68248 0.0824513
1.68327 0.0832374
1.68418 0.0841479
1.68711 0.0870801
1.68711 0.0870801
1.68743 0.0873996
1.68775 0.0877292
1.68854 0.0885052
1.68886 0.0888247
1.68886 0.0888304
1.68918 0.0891442
1.68986 0.00985008
1.68986 0.00985008
1.68986 0.00985008
1.69018 0.0101651
1.69018 0.00984559
1.69018 0.00984559
1.69087 0.0908402
1.69119 0.0911597
1.69185 0.0918214
1.69283 0.0927941
1.69342 0.0933935
1.69474 0.0947084
1.69736 0.0973296
1.69917 0.0991514
1.69952 0.099502
1.70075 0.100724
1.70166 0.101625
1.70198 0.101944
1.70304 0.10301
1.70349 0.103454
1.70449 0.104458
1.70534 0.105306
1.70612 0.106092
1.70644 0.106412
1.70763 0.107602
1.71007 0.0100376
1.7102 0.00984645
1.7102 0.00984645
1.7102 0.00984645
1.71051 0.0101615
1.71051 0.00984195
1.71051 0.00984195
1.71111 0.11108
1.71339 0.0133595
1.71371 0.113678
1.71406 0.114029
1.71438 0.0143671
1.7147 0.114677
1.7153 0.115267
1.71577 0.0157611
1.71628 0.116248
1.7175 0.117479
1.71866 0.118629
1.71898 0.118949
1.72039 0.0203577
1.72039 0.120357
1.72111 0.121081
1.72165 0.121618
1.72502 0.124986
1.72677 0.126736
1.72712 0.0270874
1.72744 0.0274069
1.72881 0.128783
1.72913 0.129103
1.72945 0.129422
1.72999 0.129959
1.73031 0.130285
1.73044 0.0104139
1.73044 0.0104139
1.73044 0.0104139
1.73044 0.0104139
1.73044 0.0100944
1.73044 0.0100944
1.73057 0.0102228
1.73207 0.0320379
1.73239 0.132357
1.73597 0.0359429
1.73766 0.037631
1.73829 0.0382615
1.73951 0.039501
1.74142 0.0413888
1.74339 0.143356
1.74408 0.0440496
1.74987 0.00985905
1.74987 0.00985905
1.74987 0.00985905
1.75018 0.0101741
1.75018 0.00985456
1.75018 0.00985456
1.7505 0.150473
1.75779 0.0577602
1.75839 0.0583597
1.76104 0.061012
1.76136 0.0613315
1.76373 0.0637039
1.76405 0.0640234
1.76611 0.0660847
1.76643 0.0664042
1.76986 0.00983296
1.76986 0.00983296
1.76986 0.00983296
1.77021 0.0101791
1.77021 0.00985957
1.77021 0.00985957
1.77115 0.0711374
1.7734 0.0733833
1.77372 0.0736848
1.7769 0.0768839
1.77737 0.0773409
1.77974 0.0797231
1.7809 0.0808726
1.78247 0.0824363
1.78325 0.0832223
1.78416 0.0841328
1.78713 0.0870962
1.78713 0.0870962
1.78745 0.0874157
1.78777 0.0877574
1.78852 0.0884901
1.78884 0.0888096
1.78884 0.0888153
1.78916 0.0891291
1.78985 0.00983503
1.78985 0.00983503
1.78985 0.00983503
1.79019 0.0101811
1.79019 0.00986164
1.79019 0.00986164
1.79089 0.0908563
1.79121 0.0911758
1.79184 0.0918063
1.79281 0.092779
1.79344 0.0934096
1.79472 0.0946933
1.79738 0.0973456
1.79916 0.099145
1.79951 0.0994956
1.80073 0.100717
1.80167 0.101641
1.80199 0.10196
1.80306 0.103026
1.80347 0.103439
1.8045 0.104474
1.80535 0.105322
1.80614 0.106108
1.80646 0.106428
1.80762 0.107587
1.81008 0.0100536
1.81021 0.0098625
1.81021 0.0098625
1.81021 0.0098625
1.81053 0.0101775
1.81053 0.00985801
1.81053 0.00985801
1.81113 0.111096
1.81337 0.0133444
1.81369 0.113663
1.81408 0.114045
1.81439 0.0143918
1.81471 0.114702
1.81528 0.115252
1.81579 0.0157858
1.81626 0.116233
1.81749 0.117473
1.81868 0.118645
1.819 0.118965
1.82037 0.0203426
1.82037 0.120342
1.8211 0.121066
1.82166 0.121634
1.82503 0.125002
1.82675 0.126721
1.8271 0.0270723
1.82742 0.0273918
1.82883 0.128799
1.82915 0.129119
1.82947 0.129438
1.83001 0.129975
1.83033 0.130301
1.83045 0.01043
1.83045 0.01043
1.83045 0.01043
1.83045 0.01043
1.83045 0.0101105
1.83045 0.0101105
1.83058 0.0102389
1.83208 0.032054
1.8324 0.132373
1.83599 0.0359589
1.83768 0.037647
1.83828 0.0382464
1.8395 0.0394946
1.8414 0.0413738
1.8434 0.143372
1.8441 0.0440657
1.84985 0.009844
1.84985 0.009844
1.84985 0.009844
1.85017 0.010159
1.85017 0.00983951
1.85017 0.00983951
1.85049 0.150458
1.85777 0.0577452
1.85837 0.0583446
1.86106 0.0610281
1.86138 0.0613476
1.86375 0.0637199
1.86407 0.0640394
1.86613 0.0661008
1.86645 0.0664203
1.86988 0.00984901
1.86988 0.00984901
1.86988 0.00984901
1.87019 0.010164
1.87019 0.00984452
1.87019 0.00984452
1.87113 0.0711172
1.87338 0.0733769
1.8737 0.0736698
1.87688 0.0768775
1.87739 0.077357
1.87973 0.079706
1.88092 0.0808886
1.88248 0.0824523
1.88327 0.0832384
1.88418 0.0841489
1.88711 0.0870811
1.88711 0.0870811
1.88743 0.0874006
1.88775 0.0877233
1.88854 0.0885062
1.88886 0.0888257
1.88886 0.0888314
1.88917 0.0891452
1.88986 0.00985108
1.88986 0.00985108
1.88986 0.00985108
1.89018 0.0101661
1.89018 0.00984659
1.89018 0.00984659
1.89087 0.0908412
1.89119 0.0911607
1.89185 0.0918224
1.89282 0.0927951
1.89342 0.0933945
1.89474 0.0947094
1.89736 0.0973306
1.89914 0.0991386
1.89949 0.0994892
1.90071 0.100711
1.90166 0.101626
1.90197 0.101945
1.90304 0.103011
1.90348 0.103455
1.90449 0.104459
1.90534 0.105307
1.90612 0.106093
1.90644 0.106413
1.90763 0.107603
1.91007 0.0100386
1.9102 0.00984745
1.9102 0.00984745
1.9102 0.00984745
1.91051 0.0101625
1.91051 0.00984296
1.91051 0.00984296
1.91111 0.111081
1.91339 0.0133605
1.91371 0.113679
1.91406 0.11403
1.91438 0.0143543
1.9147 0.114695
1.9153 0.115268
1.9158 0.0157793
1.91628 0.116249
1.9175 0.117498
1.91866 0.11863
1.91898 0.11895
1.92039 0.0203587
1.92039 0.120358
1.92111 0.121082
1.92165 0.121619
1.92502 0.124987
1.92677 0.126737
1.92712 0.0270884
1.92744 0.0274079
1.92881 0.128784
1.92913 0.129104
1.92945 0.129423
1.92999 0.12996
1.93031 0.130286
1.93044 0.0104149
1.93044 0.0104149
1.93044 0.0104149
1.93044 0.0104149
1.93044 0.0100954
1.93044 0.0100954
1.93057 0.0102238
1.93207 0.0320389
1.93239 0.132358
1.93597 0.0359439
1.93766 0.037632
1.93829 0.0382625
1.93951 0.0394882
1.94142 0.0413898
1.94339 0.143357
1.94408 0.0440506
1.94987 0.00986006
1.94987 0.00986006
1.94987 0.00986006
1.95018 0.0101751
1.95018 0.00985556
1.95018 0.00985556
1.9505 0.150474
1.95776 0.0577301
1.95836 0.0583296
1.96104 0.061013
1.96136 0.0613325
1.96373 0.0637049
1.96405 0.0640244
1.96611 0.0660857
1.96643 0.0664052
1.96986 0.00983396
1.96986 0.00983396
1.96986 0.00983396
1.97021 0.0101801
1.97021 0.00986057
1.97021 0.00986057
1.97115 0.0711281
1.97343 0.0734016
1.97375 0.0737169
1.9769 0.076871
1.97737 0.0773419
1.97974 0.07972
1.9809 0.0808736
1.98247 0.0824373
1.98325 0.0832233
1.98416 0.0841338
1.98713 0.0870972
1.98713 0.0870972
1.98745 0.0874167
1.98776 0.0877515
1.98852 0.0884911
1.98884 0.0888106
1.98884 0.0888163
1.98916 0.0891301
1.98985 0.00983603
1.98985 0.00983603
1.98985 0.00983603
1.99019 0.0101821
1.99019 0.00986264
1.99019 0.00986264
1.99089 0.0908573
1.99121 0.0911768
1.99184 0.0918073
1.99281 0.09278
1.99344 0.0934106
1.99472 0.0946943
1.99738 0.0973466
1.99916 0.0991322
1.99954 0.0995139
2.00073 0.100704
2.00167 0.101642
2.00199 0.101961
2.00306 0.103027
2.00347 0.10344
2.0045 0.104469
2.00535 0.105317
2.00613 0.106103
2.00645 0.106422
2.00761 0.107582
2.01004 0.0100171
2.01017 0.00982601
2.01017 0.00982601
2.01017 0.00982601
2.01052 0.0101721
2.01052 0.00985263
2.01052 0.00985263
2.01112 0.11109
2.0134 0.0133701
2.01372 0.113689
2.01407 0.114039
2.01439 0.0143726
2.01471 0.114683
2.01528 0.115247
2.01578 0.0157665
2.01626 0.116228
2.01751 0.117485
2.01867 0.11864
2.01899 0.118959
2.02037 0.120336
2.02037 0.0203373
2.02109 0.12106
2.02163 0.121598
2.02502 0.124996
2.02674 0.126716
2.02713 0.0270981
2.02745 0.0274176
2.02879 0.128763
2.02911 0.129082
2.02943 0.129402
2.02997 0.129939
2.03029 0.130264
2.03042 0.0103935
2.03042 0.0103935
2.03042 0.0103935
2.03042 0.0103935
2.03042 0.010074
2.03042 0.010074
2.03054 0.0102024
2.03205 0.0320175
2.03236 0.132336
2.03595 0.0359224
2.03764 0.0376105
2.03827 0.0382411
2.03949 0.0394754
2.04137 0.0413373
2.0434 0.143367
2.04406 0.0440292
2.04985 0.00983862
2.04985 0.00983862
2.04985 0.00983862
2.05016 0.0101536
2.05016 0.00983413
2.05016 0.00983413
2.05048 0.150452
2.05774 0.0577087
2.05834 0.0583082
2.06102 0.0609916
2.06134 0.0613111
2.06371 0.0636834
2.06403 0.064003
2.06609 0.0660643
2.06641 0.0663838
2.06987 0.00984363
2.06987 0.00984363
2.06987 0.00984363
2.07018 0.0101586
2.07018 0.00983914
2.07018 0.00983914
2.07112 0.0711015
2.0734 0.0733888
2.07372 0.0736955
2.07687 0.0768583
2.07735 0.0773205
2.07972 0.0797057
2.08088 0.0808522
2.08244 0.0824158
2.08323 0.0832019
2.08417 0.0841435
2.0871 0.0870757
2.0871 0.0870757
2.08742 0.0873952
2.08774 0.0877421
2.0885 0.0884697
2.08882 0.0887892
2.08882 0.0887949
2.08914 0.0891087
2.08986 0.0098457
2.08986 0.0098457
2.08986 0.0098457
2.09017 0.0101607
2.09017 0.00984121
2.09017 0.00984121
2.09089 0.090867
2.09121 0.0911865
2.09184 0.091817
2.09282 0.0927897
2.09342 0.0933891
2.09467 0.0946418
2.09735 0.0973252
2.09913 0.0991194
2.09948 0.09947
2.10068 0.10066
2.10165 0.10162
2.10197 0.10194
2.103 0.102975
2.10345 0.103419
2.10445 0.104422
2.10533 0.105302
2.10612 0.106088
2.10644 0.106407
2.10759 0.107567
2.11006 0.0100332
2.11019 0.00984207
2.11019 0.00984207
2.11019 0.00984207
2.1105 0.0101571
2.1105 0.00983757
2.1105 0.00983757
2.11113 0.111106
2.11338 0.0133551
2.1137 0.113674
2.11405 0.114024
2.11437 0.0143662
2.11469 0.114676
2.11526 0.115232
2.11577 0.0157601
2.11624 0.116213
2.11749 0.117478
2.11868 0.118656
2.119 0.118975
2.12035 0.120321
2.12067 0.0206417
2.12108 0.121054
2.12162 0.121591
2.12502 0.12499
2.12677 0.12674
2.12712 0.0270915
2.12744 0.027411
2.12881 0.128787
2.12913 0.129107
2.12945 0.129426
2.12999 0.129963
2.13031 0.130289
2.13044 0.010418
2.13044 0.010418
2.13044 0.010418
2.13044 0.010418
2.13044 0.0100985
2.13044 0.0100985
2.13057 0.0102269
2.13204 0.0320109
2.13236 0.13233
2.13594 0.0359159
2.13763 0.0376039
2.13826 0.0382345
2.13948 0.0394775
2.14139 0.0413618
2.14339 0.14336
2.14405 0.0440226
2.14984 0.00983204
2.14984 0.00983204
2.14984 0.00983204
2.15015 0.0101471
2.15015 0.00982754
2.15015 0.00982754
2.15047 0.150446
2.15773 0.0577021
2.15833 0.0583016
2.16101 0.060985
2.16133 0.0613045
2.1637 0.0636769
2.16402 0.0639964
2.16612 0.0660888
2.16644 0.0664083
2.16986 0.00983705
2.16986 0.00983705
2.16986 0.00983705
2.17018 0.0101521
2.17018 0.00983255
2.17018 0.00983255
2.17115 0.0711208
2.1734 0.0733908
2.17372 0.0736889
2.17687 0.0768603
2.17734 0.0773139
2.17971 0.0797001
2.18087 0.0808456
2.18244 0.0824092
2.18322 0.0831953
2.18416 0.0841369
2.1871 0.0870691
2.18742 0.0873886
2.18742 0.0873886
2.18774 0.0877166
2.18849 0.0884631
2.18881 0.0887826
2.18881 0.0887883
2.18913 0.0891021
2.18985 0.00983912
2.18985 0.00983912
2.18985 0.00983912
2.19016 0.0101541
2.19016 0.00983462
2.19016 0.00983462
2.19089 0.0908604
2.19121 0.0911799
2.19184 0.0918104
2.19281 0.0927831
2.19344 0.0934137
2.19469 0.0946663
2.19738 0.0973497
2.19913 0.0991214
2.19948 0.099472
2.20067 0.100662
2.20164 0.101614
2.20196 0.101933
2.20303 0.102999
2.20347 0.103443
2.20444 0.104416
2.20532 0.105295
2.20611 0.106081
2.20643 0.106401
2.20762 0.107591
2.21005 0.0100266
2.21018 0.00983548
2.21018 0.00983548
2.21018 0.00983548
2.2105 0.0101505
2.2105 0.00983099
2.2105 0.00983099
2.21113 0.1111
2.21337 0.0133485
2.21369 0.113667
2.21404 0.114018
2.21436 0.0143371
2.21468 0.114678
2.21525 0.115225
2.21579 0.0157622
2.21626 0.116237
2.21749 0.11748
2.21868 0.118649
2.219 0.118969
2.22034 0.120315
2.22066 0.0206351
2.22107 0.121047
2.22161 0.121584
2.22501 0.124983
2.22676 0.126733
2.22711 0.0270849
2.22743 0.0274044
2.22881 0.128781
2.22913 0.1291
2.22945 0.12942
2.22998 0.129957
2.2303 0.130282
2.23043 0.0104114
2.23043 0.0104114
2.23043 0.0104114
2.23043 0.0104114
2.23043 0.0100919
2.23043 0.0100919
2.23056 0.0102203
2.23206 0.0320354
2.23238 0.132354
2.23597 0.0359404
2.23765 0.0376285
2.23825 0.0382279
2.23951 0.0394795
2.24138 0.0413552
2.24341 0.143385
2.24404 0.044016
2.24983 0.00982545
2.24983 0.00982545
2.24983 0.00982545
2.25018 0.0101716
2.25018 0.00985206
2.25018 0.00985206
2.2505 0.15047
2.25775 0.0577266
2.25832 0.058295
2.261 0.0609784
2.26136 0.061329
2.2637 0.0636703
2.26402 0.0639898
2.26611 0.0660822
2.26643 0.0664017
2.26985 0.00983046
2.26985 0.00983046
2.26985 0.00983046
2.27017 0.0101455
2.27017 0.00982597
2.27017 0.00982597
2.27111 0.071109
2.27342 0.0733929
2.27374 0.0737134
2.27689 0.0768624
2.27736 0.0773384
2.27971 0.0797006
2.28087 0.080839
2.28243 0.0824027
2.28321 0.0831887
2.28419 0.0841614
2.28709 0.0870626
2.28741 0.0873821
2.28741 0.0873821
2.28773 0.0877221
2.28851 0.0884876
2.28883 0.0888071
2.28883 0.0888128
2.28915 0.0891266
2.28984 0.00983253
2.28984 0.00983253
2.28984 0.00983253
2.29016 0.0101475
2.29016 0.00982804
2.29016 0.00982804
2.29088 0.0908538
2.2912 0.0911733
2.29186 0.0918349
2.2928 0.0927765
2.29343 0.0934071
2.29469 0.0946597
2.29737 0.0973431
2.29915 0.0991235
2.2995 0.0994741
2.30069 0.100665
2.30163 0.101607
2.30195 0.101927
2.30302 0.102993
2.30346 0.103437
2.30444 0.104409
2.30535 0.10532
2.3061 0.106075
2.30642 0.106394
2.30761 0.107585
2.31005 0.01002
2.31017 0.0098289
2.31017 0.0098289
2.31017 0.0098289
2.31049 0.0101439
2.31049 0.00982441
2.31049 0.00982441
2.31112 0.111093
2.3134 0.013373
2.31372 0.113692
2.31404 0.114011
2.31436 0.0143392
2.31468 0.114649
2.31524 0.115219
2.31578 0.0157643
2.31626 0.116231
2.31751 0.117482
2.31867 0.118643
2.31899 0.118962
2.32033 0.120308
2.32065 0.0206285
2.32107 0.121041
2.3216 0.121578
2.325 0.124977
2.32675 0.126727
2.3271 0.0270783
2.32742 0.0273978
2.3288 0.128774
2.32912 0.129094
2.32944 0.129413
2.32998 0.12995
2.3303 0.130276
2.33042 0.0104048
2.33042 0.0104048
2.33042 0.0104048
2.33042 0.0104048
2.33042 0.0100853
2.33042 0.0100853
2.33055 0.0102137
2.33205 0.0320289
2.33237 0.132348
2.33596 0.0359338
2.33765 0.0376219
2.33825 0.0382213
2.3395 0.0394816
2.34137 0.0413486
2.3434 0.143378
2.34403 0.0440094
2.34986 0.00984997
2.34986 0.00984997
2.34986 0.00984997
2.35017 0.010165
2.35017 0.00984548
2.35017 0.00984548
2.35049 0.150464
2.35775 0.0577201
2.35834 0.0583195
2.36103 0.0610029
2.36135 0.0613224
2.36369 0.0636637
2.36401 0.0639832
2.3661 0.0660756
2.36642 0.0663951
2.36988 0.00985498
2.36988 0.00985498
2.36988 0.00985498
2.37019 0.01017
2.37019 0.00985049
2.37019 0.00985049
2.37113 0.0711284
2.37341 0.0733949
2.37373 0.0737068
2.37688 0.0768644
2.37736 0.0773318
2.37973 0.0797262
2.38086 0.0808324
2.38245 0.0824272
2.38321 0.0831821
2.38418 0.0841548
2.38708 0.087056
2.3874 0.0873755
2.3874 0.0873755
2.38772 0.0876965
2.38851 0.0884811
2.38883 0.0888006
2.38883 0.0888063
2.38915 0.0891201
2.38983 0.00982595
2.38983 0.00982595
2.38983 0.00982595
2.39018 0.0101721
2.39018 0.00985256
2.39018 0.00985256
2.39087 0.0908472
2.39119 0.0911667
2.39185 0.0918284
2.3928 0.0927699
2.39343 0.0934005
2.39468 0.0946531
2.39736 0.0973365
2.39914 0.0991256
2.39949 0.0994762
2.40068 0.100667
2.40163 0.101601
2.40195 0.10192
2.40301 0.102986
2.40346 0.10343
2.40446 0.104434
2.40534 0.105313
2.40612 0.106099
2.40644 0.106419
2.4076 0.107578
2.41007 0.0100445
2.4102 0.00985342
2.4102 0.00985342
2.4102 0.00985342
2.41051 0.0101684
2.41051 0.00984893
2.41051 0.00984893
2.41111 0.111087
2.41339 0.0133664
2.41371 0.113685
2.41403 0.114005
2.41435 0.0143412
2.41467 0.114651
2.41524 0.115212
2.41577 0.0157663
2.41625 0.116224
2.4175 0.117485
2.41866 0.118636
2.41898 0.118956
2.42036 0.120333
2.42036 0.0203336
2.42108 0.121057
2.42162 0.121594
2.42502 0.124993
2.42674 0.126712
2.42712 0.0270944
2.42744 0.0274139
2.42882 0.12879
2.42913 0.12911
2.42945 0.129429
2.42999 0.129966
2.43031 0.130292
2.43044 0.0104209
2.43044 0.0104209
2.43044 0.0104209
2.43044 0.0104209
2.43044 0.0101014
2.43044 0.0101014
2.43057 0.0102298
2.43204 0.0320138
2.43236 0.132332
2.43594 0.0359187
2.43763 0.0376068
2.43826 0.0382374
2.43948 0.0394752
2.44136 0.0413336
2.44339 0.143363
2.44405 0.0440255
2.44984 0.00983492
2.44984 0.00983492
2.44984 0.00983492
2.45015 0.0101499
2.45015 0.00983043
2.45015 0.00983043
2.45047 0.150448
2.45773 0.057705
2.45833 0.0583045
2.46101 0.0609879
2.46133 0.0613074
2.4637 0.0636797
2.46402 0.0639993
2.46609 0.0660606
2.4664 0.0663801
2.46986 0.00983993
2.46986 0.00983993
2.46986 0.00983993
2.47018 0.0101549
2.47018 0.00983544
2.47018 0.00983544
2.47112 0.0711082
2.4734 0.0733885
2.47372 0.0736918
2.47687 0.076858
2.47734 0.0773168
2.47971 0.0797122
2.48087 0.0808485
2.48244 0.0824121
2.48322 0.0831982
2.48416 0.0841398
2.4871 0.087072
2.48742 0.0873915
2.48742 0.0873915
2.48774 0.0877247
2.48849 0.088466
2.48881 0.0887855
2.48881 0.0887912
2.48913 0.089105
2.48985 0.009842
2.48985 0.009842
2.48985 0.009842
2.49016 0.010157
2.49016 0.00983751
2.49016 0.00983751
2.49089 0.0908633
2.49121 0.0911828
2.49184 0.0918133
2.49281 0.092786
2.49344 0.0934165
2.49466 0.0946381
2.49738 0.0973526
2.49913 0.0991191
2.49948 0.0994698
2.50067 0.10066
2.50164 0.101617
2.50196 0.101936
2.503 0.102971
2.50344 0.103415
2.50444 0.104419
2.50532 0.105298
2.50611 0.106084
2.50643 0.106404
2.50762 0.107594
2.51005 0.0100295
2.51018 0.00983837
2.51018 0.00983837
2.51018 0.00983837
2.5105 0.0101534
2.5105 0.00983388
2.5105 0.00983388
2.51113 0.111103
2.51338 0.0133514
2.51369 0.11367
2.51405 0.114021
2.51436 0.0143348
2.51468 0.114676
2.51525 0.115228
2.51579 0.0157599
2.51626 0.11624
2.51749 0.117478
2.51868 0.118652
2.519 0.118972
2.52034 0.120318
2.52066 0.020638
2.52107 0.12105
2.52161 0.121587
2.52501 0.124986
2.52676 0.126736
2.52711 0.0270878
2.52743 0.0274073
2.52881 0.128784
2.52913 0.129103
2.52945 0.129423
2.52998 0.12996
2.5303 0.130285
2.53043 0.0104143
2.53043 0.0104143
2.53043 0.0104143
2.53043 0.0104143
2.53043 0.0100948
2.53043 0.0100948
2.53056 0.0102232
2.53206 0.0320383
2.53238 0.132357
2.53594 0.0359122
2.53766 0.0376313
2.53825 0.0382308
2.53951 0.0394772
2.54138 0.0413581
2.54338 0.143356
2.54404 0.0440189
2.54983 0.00982834
2.54983 0.00982834
2.54983 0.00982834
2.55018 0.0101745
2.55018 0.00985495
2.55018 0.00985495
2.5505 0.150473
2.55775 0.0577295
2.55832 0.0582979
2.561 0.0609813
2.56136 0.0613319
2.5637 0.0636732
2.56402 0.0639927
2.56611 0.0660851
2.56643 0.0664046
2.56985 0.00983335
2.56985 0.00983335
2.56985 0.00983335
2.57017 0.0101484
2.57017 0.00982885
2.57017 0.00982885
2.57114 0.0711275
2.57342 0.0733906
2.57374 0.0737163
2.57689 0.0768601
2.57737 0.0773413
2.57974 0.0797066
2.58087 0.0808419
2.58243 0.0824055
2.58322 0.0831916
2.58416 0.0841332
2.58709 0.0870654
2.58741 0.0873849
2.58741 0.0873849
2.58773 0.0876991
2.58851 0.0884905
2.58883 0.08881
2.58883 0.0888157
2.58915 0.0891295
2.58984 0.00983542
2.58984 0.00983542
2.58984 0.00983542
2.59016 0.0101504
2.59016 0.00983092
2.59016 0.00983092
2.59088 0.0908567
2.5912 0.0911762
2.59183 0.0918067
2.5928 0.0927794
2.59343 0.09341
2.59469 0.0946626
2.59737 0.097346
2.59915 0.0991212
2.5995 0.0994718
2.60069 0.100662
2.60163 0.10161
2.60195 0.10193
2.60302 0.102996
2.60346 0.103439
2.60444 0.104412
2.60535 0.105323
2.6061 0.106078
2.60642 0.106397
2.60761 0.107588
2.61005 0.0100229
2.61017 0.00983178
2.61017 0.00983178
2.61017 0.00983178
2.61049 0.0101468
2.61049 0.00982729
2.61049 0.00982729
2.61112 0.111096
2.6134 0.0133759
2.61372 0.113695
2.61404 0.114014
2.61436 0.0143369
2.61468 0.114647
2.61525 0.115221
2.61578 0.015762
2.61626 0.116234
2.61751 0.11748
2.61867 0.118646
2.61899 0.118965
2.62033 0.120311
2.62065 0.0206314
2.62107 0.121043
2.6216 0.121581
2.625 0.124979
2.62675 0.12673
2.6271 0.0270812
2.62742 0.0274007
2.6288 0.128777
2.62912 0.129096
2.62944 0.129416
2.62998 0.129953
2.6303 0.130278
2.63042 0.0104077
2.63042 0.0104077
2.63042 0.0104077
2.63042 0.0104077
2.63042 0.0100882
2.63042 0.0100882
2.63055 0.0102166
2.63205 0.0320317
2.63237 0.13235
2.63596 0.0359367
2.63765 0.0376248
2.63825 0.0382242
2.6395 0.0394793
2.64137 0.0413515
2.6434 0.143381
2.64404 0.0440123
2.64986 0.00985286
2.64986 0.00985286
2.64986 0.00985286
2.65017 0.0101679
2.65017 0.00984836
2.65017 0.00984836
2.65049 0.150466
2.65775 0.0577229
2.65835 0.0583224
2.661 0.0609747
2.66135 0.0613253
2.66369 0.0636666
2.66401 0.0639861
2.6661 0.0660785
2.66642 0.066398
2.66985 0.00982676
2.66985 0.00982676
2.66985 0.00982676
2.67019 0.0101729
2.67019 0.00985337
2.67019 0.00985337
2.67113 0.0711157
2.67341 0.0733927
2.67373 0.0737097
2.67688 0.0768621
2.67736 0.0773347
2.67973 0.0797011
2.68086 0.0808353
2.68245 0.0824301
2.68321 0.083185
2.68418 0.0841577
2.68708 0.0870589
2.6874 0.0873784
2.6874 0.0873784
2.68772 0.0877046
2.68851 0.0884839
2.68883 0.0888034
2.68883 0.0888091
2.68915 0.089123
2.68983 0.00982883
2.68983 0.00982883
2.68983 0.00982883
2.69018 0.010175
2.69018 0.00985544
2.69018 0.00985544
2.69087 0.0908501
2.69119 0.0911696
2.69185 0.0918312
2.6928 0.0927728
2.69343 0.0934034
2.69468 0.094656
2.69736 0.0973394
2.69914 0.0991233
2.69949 0.0994739
2.70068 0.100664
2.70163 0.101603
2.70195 0.101923
2.70301 0.102989
2.70346 0.103433
2.70446 0.104437
2.70534 0.105316
2.70609 0.106071
2.70641 0.106391
2.7076 0.107581
2.71004 0.0100163
2.71017 0.0098252
2.71017 0.0098252
2.71017 0.0098252
2.71051 0.0101713
2.71051 0.00985181
2.71051 0.00985181
2.71111 0.111089
2.71339 0.0133693
2.71371 0.113688
2.71403 0.114008
2.71435 0.0143389
2.71467 0.114649
2.71524 0.115215
2.71578 0.015764
2.71625 0.116227
2.7175 0.117482
2.71866 0.118639
2.71898 0.118959
2.72036 0.120336
2.72036 0.0203364
2.72108 0.121059
2.72162 0.121597
2.72502 0.124996
2.72674 0.126715
2.72712 0.0270972
2.72744 0.0274168
2.72882 0.128793
2.72914 0.129112
2.72945 0.129432
2.72996 0.129938
2.73028 0.130263
2.73041 0.0103927
2.73041 0.0103927
2.73041 0.0103927
2.73041 0.0103927
2.73041 0.0100732
2.73041 0.0100732
2.73054 0.0102016
2.73204 0.0320167
2.73236 0.132335
2.73594 0.0359216
2.73763 0.0376097
2.73823 0.0382091
2.73948 0.0394729
2.74136 0.0413365
2.74339 0.143366
2.74405 0.0440284
2.74984 0.00983781
2.74984 0.00983781
2.74984 0.00983781
2.75015 0.0101528
2.75015 0.00983331
2.75015 0.00983331
2.75047 0.150451
2.75773 0.0577079
2.75833 0.0583073
2.76101 0.0609908
2.76133 0.0613103
2.7637 0.0636826
2.76402 0.0640021
2.76609 0.0660635
2.76641 0.066383
2.76986 0.00984282
2.76986 0.00984282
2.76986 0.00984282
2.77018 0.0101578
2.77018 0.00983832
2.77018 0.00983832
2.77115 0.0711266
2.7734 0.0733862
2.77372 0.0736947
2.77687 0.0768557
2.77734 0.0773197
2.77975 0.0797182
2.78087 0.0808513
2.78244 0.082415
2.78322 0.0832011
2.78416 0.0841427
2.7871 0.0870749
2.78742 0.0873944
2.78742 0.0873944
2.78774 0.0877327
2.78849 0.0884689
2.78881 0.0887884
2.78881 0.0887941
2.78913 0.0891079
2.78985 0.00984489
2.78985 0.00984489
2.78985 0.00984489
2.79016 0.0101599
2.79016 0.00984039
2.79016 0.00984039
2.79089 0.0908661
2.79121 0.0911856
2.79184 0.0918162
2.79281 0.0927889
2.79341 0.0933883
2.79466 0.094641
2.79735 0.0973244
2.79913 0.0991169
2.79948 0.0994675
2.8007 0.100689
2.80164 0.101619
2.80196 0.101939
2.803 0.102974
2.80344 0.103418
2.80444 0.104422
2.80532 0.105301
2.80611 0.106087
2.80643 0.106407
2.80759 0.107566
2.81005 0.0100324
2.81018 0.00984125
2.81018 0.00984125
2.81018 0.00984125
2.8105 0.0101563
2.8105 0.00983676
2.8105 0.00983676
2.81113 0.111106
2.81338 0.0133543
2.8137 0.113673
2.81405 0.114024
2.81437 0.0143636
2.81468 0.114674
2.81525 0.115231
2.81576 0.0157576
2.81623 0.116212
2.81749 0.117476
2.81868 0.118655
2.819 0.118975
2.82034 0.120321
2.82066 0.0206409
2.82107 0.121053
2.82161 0.12159
2.82501 0.124989
2.82676 0.126739
2.82711 0.0270907
2.82743 0.0274102
2.82881 0.128786
2.82913 0.129106
2.82945 0.129425
2.82998 0.129963
2.8303 0.130288
2.83043 0.0104172
2.83043 0.0104172
2.83043 0.0104172
2.83043 0.0104172
2.83043 0.0100977
2.83043 0.0100977
2.83056 0.0102261
2.83203 0.0320101
2.83235 0.132329
2.83594 0.035915
2.83762 0.0376031
2.83825 0.0382337
2.83948 0.0394749
2.84138 0.041361
2.84338 0.143359
2.84404 0.0440218
2.84983 0.00983122
2.84983 0.00983122
2.84983 0.00983122
2.85015 0.0101462
2.85015 0.00982673
2.85015 0.00982673
2.85047 0.150445
2.85772 0.0577013
2.85832 0.0583008
2.86101 0.0609842
2.86132 0.0613037
2.8637 0.063676
2.86402 0.0639956
2.86611 0.066088
2.86643 0.0664075
2.86985 0.00983623
2.86985 0.00983623
2.86985 0.00983623
2.87017 0.0101512
2.87017 0.00983174
2.87017 0.00983174
2.87114 0.0711148
2.87339 0.0733883
2.87371 0.0736881
2.87686 0.0768578
2.87733 0.0773131
2.87974 0.0797126
2.88087 0.0808448
2.88243 0.0824084
2.88322 0.0831945
2.88416 0.0841361
2.88709 0.0870683
2.88741 0.0873878
2.88741 0.0873878
2.88773 0.0877072
2.88848 0.0884623
2.8888 0.0887818
2.8888 0.0887875
2.88912 0.0891013
2.88984 0.0098383
2.88984 0.0098383
2.88984 0.0098383
2.89016 0.0101533
2.89016 0.00983381
2.89016 0.00983381
2.89088 0.0908596
2.8912 0.0911791
2.89183 0.0918096
2.8928 0.0927823
2.89343 0.0934128
2.89469 0.0946655
2.89737 0.0973489
2.89912 0.0991189
2.89947 0.0994695
2.90069 0.100691
2.90163 0.101613
2.90195 0.101932
2.90299 0.102967
2.90346 0.103442
2.90444 0.104415
2.90532 0.105294
2.9061 0.10608
2.90642 0.1064
2.90761 0.10759
2.91005 0.0100258
2.91017 0.00983467
2.91017 0.00983467
2.91017 0.00983467
2.91049 0.0101497
2.91049 0.00983018
2.91049 0.00983018
2.91112 0.111099
2.91337 0.0133477
2.91369 0.113666
2.91404 0.114017
2.91436 0.0143346
2.91468 0.114676
2.91525 0.115224
2.91578 0.0157597
2.91626 0.116237
2.91748 0.117478
2.91867 0.118649
2.91899 0.118968
2.92034 0.120314
2.92065 0.0206343
2.92107 0.121046
2.9216 0.121584
2.925 0.124982
2.92675 0.126733
2.9271 0.0270841
2.92742 0.0274036
2.9288 0.12878
2.92912 0.129099
2.92944 0.129419
2.92998 0.129956
2.9303 0.130281
2.93043 0.0104106
2.93043 0.0104106
2.93043 0.0104106
2.93043 0.0104106
2.93043 0.0100911
2.93043 0.0100911
2.93055 0.0102195
2.93206 0.0320346
2.93237 0.132353
2.93596 0.0359396
2.93765 0.0376276
2.93825 0.0382271
2.9395 0.039477
2.94137 0.0413544
2.94341 0.143384
2.94404 0.0440152
2.94982 0.00982464
2.94982 0.00982464
2.94982 0.00982464
2.95017 0.0101708
2.95017 0.00985125
2.95017 0.00985125
2.95049 0.150469
2.95775 0.0577258
2.95831 0.0582942
2.961 0.0609776
2.96135 0.0613282
2.96369 0.0636695
2.96401 0.063989
2.9661 0.0660814
2.96642 0.0664009
2.96985 0.00982965
2.96985 0.00982965
2.96985 0.00982965
2.97016 0.0101447
2.97016 0.00982516
2.97016 0.00982516
2.9711 0.0711031
2.97341 0.0733904
2.97373 0.0737126
2.97688 0.0768598
2.97736 0.0773376
2.97973 0.0797071
2.98086 0.0808382
2.98242 0.0824018
2.98321 0.0831879
2.98418 0.0841606
2.98708 0.0870617
2.9874 0.0873812
2.9874 0.0873812
2.98772 0.0877127
2.98851 0.0884868
2.98883 0.0888063
2.98883 0.088812
2.98915 0.0891258
2.98983 0.00983172
2.98983 0.00983172
2.98983 0.00983172
2.99015 0.0101467
2.99015 0.00982723
2.99015 0.00982723
2.99087 0.090853
2.99119 0.0911725
2.99185 0.0918341
2.9928 0.0927757
2.99343 0.0934063
2.99468 0.0946589
2.99736 0.0973423
2.99914 0.099121
2.99949 0.0994716
3.00069 0.100662
3.00163 0.101606
3.00195 0.101926
3.00301 0.102992
3.00346 0.103436
3.00442 0.104402
3.00533 0.105313
3.00609 0.106068
3.00641 0.106387
3.00757 0.107546
3.01003 0.0100129
3.01016 0.0098218
3.01016 0.0098218
3.01016 0.0098218
3.01048 0.0101368
3.01048 0.00981731
3.01048 0.00981731
3.01111 0.111086
3.01339 0.0133659
3.01371 0.113685
3.01402 0.114004
3.01434 0.0143304
3.01466 0.11464
3.01523 0.115211
3.01577 0.0157554
3.01624 0.116224
3.0175 0.117474
3.01866 0.118636
3.01898 0.118955
3.02032 0.120301
3.02064 0.0206215
3.02105 0.121033
3.02159 0.121571
3.02499 0.124969
3.02677 0.126751
3.02709 0.0270712
3.02741 0.0273907
3.02879 0.128767
3.02911 0.129086
3.02943 0.129406
3.02996 0.129943
3.03028 0.130268
3.03041 0.0103977
3.03041 0.0103977
3.03041 0.0103977
3.03041 0.0103977
3.03041 0.0100782
3.03041 0.0100782
3.03054 0.0102066
3.03204 0.0320218
3.03236 0.13234
3.03595 0.0359267
3.03763 0.0376148
3.03823 0.0382142
3.03949 0.0394728
3.04133 0.0413104
3.04339 0.143371
3.04402 0.0440023
3.04987 0.00984288
3.04987 0.00984288
3.04987 0.00984288
3.05019 0.0101579
3.05019 0.00983839
3.05019 0.00983839
3.05051 0.150488
3.05773 0.057713
3.0583 0.0582813
3.06098 0.0609647
3.06133 0.0613153
3.06365 0.0636255
3.06396 0.063945
3.06609 0.0660685
3.06641 0.066388
3.06986 0.00984789
3.06986 0.00984789
3.06986 0.00984789
3.07018 0.0101629
3.07018 0.00984339
3.07018 0.00984339
3.07112 0.0711161
3.0734 0.0733861
3.07372 0.0736997
3.07687 0.0768556
3.07734 0.0773247
3.07972 0.0796952
3.08084 0.0808253
3.08244 0.0824201
3.08319 0.083175
3.08417 0.0841477
3.08707 0.0870489
3.08739 0.0873684
3.08739 0.0873684
3.08771 0.0876808
3.08849 0.088474
3.08881 0.0887992
3.08881 0.0887935
3.08913 0.089113
3.08982 0.00981885
3.08982 0.00981885
3.08982 0.00981885
3.09017 0.010165
3.09017 0.00984546
3.09017 0.00984546
3.09086 0.0908401
3.09118 0.0911596
3.09184 0.0918213
3.09278 0.0927629
3.09341 0.0933934
3.09463 0.0946149
3.09735 0.0973294
3.09913 0.0991167
3.09945 0.0994363
3.10064 0.100627
3.10161 0.101593
3.10193 0.101913
3.10297 0.102948
3.10344 0.103423
3.10442 0.104396
3.10533 0.105306
3.10608 0.106061
3.1064 0.106381
3.10759 0.107571
3.11006 0.0100374
3.11018 0.00984632
3.11018 0.00984632
3.11018 0.00984632
3.1105 0.0101613
3.1105 0.00984183
3.1105 0.00984183
3.1111 0.111079
3.11338 0.0133593
3.1137 0.113678
3.11402 0.113998
3.11434 0.0143324
3.11466 0.114642
3.11522 0.115205
3.11576 0.0157575
3.11624 0.116217
3.11749 0.117476
3.11865 0.118629
3.11897 0.118949
3.12031 0.120295
3.12063 0.0206149
3.12105 0.121027
3.12158 0.121564
3.12498 0.124963
3.12673 0.126713
3.12711 0.0270957
3.12743 0.0274152
3.12878 0.12876
3.1291 0.12908
3.12942 0.129399
3.12996 0.129937
3.13028 0.130262
3.1304 0.0103912
3.1304 0.0103912
3.1304 0.0103912
3.1304 0.0103912
3.1304 0.0100717
3.1304 0.0100717
3.13053 0.0102
3.13203 0.0320152
3.13235 0.132334
3.13591 0.035889
3.1376 0.0375771
3.13823 0.0382076
3.13945 0.0394437
3.14135 0.041335
3.14338 0.143364
3.14401 0.0439957
3.14987 0.0098363
3.14987 0.0098363
3.14987 0.0098363
3.15018 0.0101513
3.15018 0.0098318
3.15018 0.0098318
3.1505 0.150481
3.15769 0.0576753
3.15829 0.0582747
3.16098 0.0609581
3.16133 0.0613087
3.16364 0.0636189
3.16396 0.0639384
3.16608 0.066062
3.1664 0.0663815
3.16986 0.0098413
3.16986 0.0098413
3.16986 0.0098413
3.17017 0.0101563
3.17017 0.00983681
3.17017 0.00983681
3.17111 0.0711044
3.17339 0.0733882
3.17371 0.0736931
3.17683 0.0768266
3.17731 0.077287
3.17974 0.0797208
3.18084 0.0808187
3.1824 0.0823824
3.18319 0.0831685
3.18416 0.0841412
3.18706 0.0870423
3.18738 0.0873618
3.18738 0.0873618
3.1877 0.0876863
3.18846 0.0884363
3.18877 0.0887615
3.18877 0.0887558
3.18909 0.0890753
3.18984 0.00984337
3.18984 0.00984337
3.18984 0.00984337
3.19016 0.0101584
3.19016 0.00983888
3.19016 0.00983888
3.19088 0.0908646
3.1912 0.0911841
3.19183 0.0918147
3.19278 0.0927563
3.19344 0.0934179
3.19463 0.0946083
3.19737 0.097354
3.19912 0.0991188
3.19944 0.0994383
3.20063 0.100629
3.20161 0.101587
3.20193 0.101906
3.20296 0.102941
3.20344 0.103416
3.20441 0.104389
3.20532 0.105299
3.20607 0.106054
3.20639 0.106374
3.20758 0.107564
3.21005 0.0100309
3.21018 0.00983974
3.21018 0.00983974
3.21018 0.00983974
3.21049 0.0101548
3.21049 0.00983525
3.21049 0.00983525
3.21112 0.111104
3.21337 0.0133528
3.21369 0.113671
3.21401 0.113991
3.21433 0.0143034
3.21465 0.114645
3.21522 0.115198
3.21579 0.0157596
3.21623 0.116211
3.21748 0.117478
3.21867 0.118654
3.21899 0.118973
3.22031 0.120288
3.22063 0.0206083
3.22104 0.12102
3.22158 0.121558
3.22501 0.124987
3.22673 0.126707
3.22711 0.0270892
3.22743 0.0274087
3.2288 0.128785
3.2288 0.128785
3.2294 0.129384
3.22997 0.129953
3.23029 0.130278
3.23042 0.0104072
3.23042 0.0104072
3.23042 0.0104072
3.23042 0.0104072
3.23042 0.0100877
3.23042 0.0100877
3.23055 0.0102161
3.23202 0.0320001
3.23234 0.132319
3.23592 0.0359051
3.23761 0.0375931
3.23821 0.0381926
3.23946 0.0394373
3.24134 0.0413199
3.2434 0.14338
3.244 0.0439807
3.24985 0.00982124
3.24985 0.00982124
3.24985 0.00982124
3.2502 0.0101674
3.2502 0.00984785
3.2502 0.00984785
3.25052 0.150497
3.25771 0.0576913
3.25828 0.0582597
3.26096 0.0609431
3.26131 0.0612937
3.26365 0.063635
3.26397 0.0639545
3.26606 0.0660469
3.26638 0.0663664
3.26984 0.00982625
3.26984 0.00982625
3.26984 0.00982625
3.27016 0.0101413
3.27016 0.00982176
3.27016 0.00982176
3.2711 0.0710842
3.27341 0.0733818
3.27373 0.0737092
3.27688 0.0768513
3.27732 0.0773031
3.27972 0.0797128
3.28082 0.0808037
3.28242 0.0823984
3.28317 0.0831534
3.28418 0.0841572
3.28708 0.0870583
3.2874 0.0873779
3.2874 0.0873779
3.28772 0.0877145
3.28847 0.0884523
3.28879 0.0887775
3.28879 0.0887718
3.28911 0.0890913
3.28983 0.00982832
3.28983 0.00982832
3.28983 0.00982832
3.29014 0.0101433
3.29014 0.00982383
3.29014 0.00982383
3.29087 0.0908496
3.29119 0.0911691
3.29185 0.0918307
3.29279 0.0927723
3.29342 0.0934029
3.29464 0.0946244
3.29736 0.0973389
3.29914 0.0991124
3.29946 0.0994319
3.30065 0.100622
3.30162 0.101603
3.30194 0.101922
3.30298 0.102957
3.30342 0.103401
3.30439 0.104374
3.30533 0.105316
3.30609 0.10607
3.30641 0.10639
3.3076 0.10758
3.31003 0.0100158
3.31016 0.00982469
3.31016 0.00982469
3.31016 0.00982469
3.31048 0.0101397
3.31048 0.0098202
3.31048 0.0098202
3.31111 0.111089
3.31339 0.0133688
3.31371 0.113688
3.31403 0.114007
3.31434 0.0143281
3.31466 0.114638
3.3152 0.115183
3.31577 0.0157532
3.31624 0.116227
3.3175 0.117471
3.31866 0.118639
3.31898 0.118958
3.32032 0.120304
3.32064 0.0206243
3.32105 0.121036
3.32156 0.121542
3.32499 0.124972
3.32674 0.126723
3.32709 0.0270741
3.32741 0.0273936
3.32879 0.12877
3.32879 0.12877
3.32939 0.129369
3.32996 0.129938
3.33028 0.130263
3.3304 0.0103922
3.3304 0.0103922
3.3304 0.0103922
3.3304 0.0103922
3.3304 0.0100727
3.3304 0.0100727
3.33053 0.010201
3.332 0.0319851
3.33232 0.132304
3.33591 0.03589
3.3376 0.0375781
3.33823 0.0382086
3.33945 0.0394309
3.34135 0.041336
3.34338 0.143365
3.34401 0.0439967
3.34987 0.0098373
3.34987 0.0098373
3.34987 0.0098373
3.35018 0.0101523
3.35018 0.0098328
3.35018 0.0098328
3.3505 0.150482
3.35769 0.0576763
3.35829 0.0582757
3.36098 0.0609591
3.36133 0.0613097
3.36364 0.0636199
3.36396 0.0639394
3.36608 0.066063
3.3664 0.0663825
3.36986 0.00984231
3.36986 0.00984231
3.36986 0.00984231
3.37017 0.0101573
3.37017 0.00983781
3.37017 0.00983781
3.37111 0.071095
3.37342 0.0734065
3.37374 0.0737253
3.37686 0.0768449
3.37731 0.077288
3.37971 0.0796988
3.38081 0.0807886
3.3824 0.0823834
3.38319 0.0831695
3.38416 0.0841422
3.38706 0.0870433
3.38738 0.0873628
3.38738 0.0873628
3.3877 0.0876805
3.38845 0.0884373
3.38877 0.0887625
3.38877 0.0887568
3.38909 0.0890763
3.38988 0.00984438
3.38988 0.00984438
3.38988 0.00984438
3.39019 0.0101594
3.39019 0.00983988
3.39019 0.00983988
3.39088 0.0908656
3.3912 0.0911851
3.39183 0.0918157
3.39277 0.0927573
3.39344 0.0934189
3.39463 0.0946093
3.39737 0.097355
3.39912 0.099106
3.39944 0.0994255
3.40066 0.100647
3.40161 0.101588
3.40192 0.101907
3.40296 0.102942
3.40343 0.103417
3.40441 0.10439
3.40532 0.1053
3.40607 0.106055
3.40639 0.106375
3.40758 0.107565
3.41005 0.0100319
3.41018 0.00984074
3.41018 0.00984074
3.41018 0.00984074
3.41049 0.0101558
3.41049 0.00983625
3.41049 0.00983625
3.41112 0.111105
3.41337 0.0133538
3.41369 0.113672
3.41401 0.113992
3.41433 0.0143217
3.41465 0.114632
3.41522 0.115199
3.41575 0.0157467
3.41623 0.116212
3.41748 0.117465
3.41864 0.118624
3.41896 0.118943
3.42031 0.120289
3.42063 0.0206093
3.42104 0.121021
3.42158 0.121559
3.42501 0.124988
3.42672 0.126708
3.42711 0.0270902
3.42743 0.0274097
3.4288 0.128786
3.4288 0.128786
3.4294 0.129385
3.42997 0.129954
3.43029 0.130279
3.43042 0.0104082
3.43042 0.0104082
3.43042 0.0104082
3.43042 0.0104082
3.43042 0.0100887
3.43042 0.0100887
3.43055 0.0102171
3.43202 0.0320011
3.43234 0.13232
3.43592 0.0359061
3.43761 0.0375941
3.43821 0.0381936
3.43946 0.0394556
3.44134 0.0413209
3.4434 0.143381
3.444 0.0439817
3.44985 0.00982225
3.44985 0.00982225
3.44985 0.00982225
3.45016 0.0101373
3.45016 0.00981775
3.45016 0.00981775
3.45048 0.150467
3.45771 0.0576923
3.45828 0.0582607
3.46096 0.0609441
3.46131 0.0612947
3.46365 0.063636
3.46397 0.0639555
3.46606 0.0660479
3.46638 0.0663674
3.46984 0.00982726
3.46984 0.00982726
3.46984 0.00982726
3.47016 0.0101423
3.47016 0.00982276
3.47016 0.00982276
3.47113 0.0711059
3.47341 0.0734001
3.47373 0.0737102
3.47685 0.0768384
3.47732 0.0773041
3.47972 0.0797159
3.48082 0.0808047
3.48242 0.0823994
3.48317 0.0831544
3.48417 0.0841582
3.48708 0.0870593
3.4874 0.0873789
3.4874 0.0873789
3.48771 0.0877086
3.48847 0.0884533
3.48879 0.0887785
3.48879 0.0887728
3.48911 0.0890923
3.48986 0.00982932
3.48986 0.00982932
3.48986 0.00982932
3.49017 0.0101443
3.49017 0.00982483
3.49017 0.00982483
3.49087 0.0908506
3.49119 0.0911701
3.49185 0.0918317
3.49279 0.0927733
3.49342 0.0934039
3.49464 0.0946254
3.49736 0.0973399
3.49914 0.0991307
3.49946 0.0994502
3.50065 0.100641
3.50162 0.101604
3.50194 0.101923
3.50297 0.102958
3.50342 0.103402
3.50439 0.104375
3.50533 0.105317
3.50609 0.106071
3.50641 0.106391
3.5076 0.107581
3.51003 0.0100168
3.51016 0.00982569
3.51016 0.00982569
3.51016 0.00982569
3.51048 0.0101407
3.51048 0.0098212
3.51048 0.0098212
3.51111 0.11109
3.51339 0.0133698
3.5137 0.113689
3.51402 0.114008
3.51434 0.0143153
3.51466 0.114656
3.5152 0.115184
3.51577 0.0157403
3.51621 0.116197
3.51747 0.117459
3.51866 0.11864
3.51898 0.118959
3.52032 0.120305
3.52064 0.0206253
3.52105 0.121037
3.52156 0.121543
3.52499 0.124973
3.52674 0.126724
3.52709 0.0270751
3.52741 0.0273946
3.52879 0.128771
3.52879 0.128771
3.52939 0.12937
3.52995 0.129939
3.53027 0.130264
3.5304 0.0103932
3.5304 0.0103932
3.5304 0.0103932
3.5304 0.0103932
3.5304 0.0100737
3.5304 0.0100737
3.53053 0.010202
3.532 0.0319861
3.53232 0.132305
3.53591 0.035891
3.53759 0.0375791
3.53823 0.0382096
3.53948 0.0394492
3.54132 0.0413059
3.54338 0.143366
3.54401 0.0439977
3.54986 0.0098383
3.54986 0.0098383
3.54986 0.0098383
3.55018 0.0101533
3.55018 0.00983381
3.55018 0.00983381
3.5505 0.150483
3.55769 0.0576773
3.55829 0.0582767
3.56098 0.0609601
3.56133 0.0613108
3.56364 0.0636209
3.56396 0.0639404
3.56608 0.066064
3.5664 0.0663835
3.56986 0.00984331
3.56986 0.00984331
3.56986 0.00984331
3.57017 0.0101583
3.57017 0.00983882
3.57017 0.00983882
3.57111 0.0710857
3.57342 0.0733937
3.57374 0.0737263
3.57686 0.076832
3.5773 0.077289
3.57971 0.0797019
3.58081 0.0807896
3.5824 0.0823844
3.58315 0.0831394
3.58416 0.0841432
3.58706 0.0870443
3.58738 0.0873638
3.58738 0.0873638
3.5877 0.0876746
3.58845 0.0884383
3.58877 0.0887635
3.58877 0.0887578
3.58909 0.0890773
3.58987 0.00984538
3.58987 0.00984538
3.58987 0.00984538
3.59019 0.0101604
3.59019 0.00984089
3.59019 0.00984089
3.59088 0.0908666
3.5912 0.0911861
3.59183 0.0918167
3.59277 0.0927583
3.59344 0.0934199
3.59463 0.0946103
3.59734 0.0973249
3.59915 0.0991243
3.59947 0.0994438
3.60066 0.100634
3.6016 0.101589
3.60192 0.101908
3.60296 0.102943
3.60343 0.103418
3.60441 0.104391
3.60532 0.105301
3.60607 0.106056
3.60639 0.106376
3.60758 0.107566
3.61005 0.0100329
3.61018 0.00984175
3.61018 0.00984175
3.61018 0.00984175
3.61049 0.0101568
3.61049 0.00983725
3.61049 0.00983725
3.61112 0.111106
3.61337 0.0133548
3.61369 0.113673
3.61401 0.113993
3.61433 0.0143088
3.61468 0.11465
3.61522 0.1152
3.61578 0.015765
3.61623 0.116213
3.61748 0.117452
3.61864 0.118625
3.61896 0.118944
3.62031 0.12029
3.62063 0.0206103
3.62104 0.121022
3.62158 0.12156
3.625 0.124989
3.62672 0.126709
3.62711 0.0270912
3.62743 0.0274107
3.62877 0.128756
3.62909 0.129075
3.62941 0.129395
3.62995 0.129932
3.63027 0.130257
3.6304 0.0103866
3.6304 0.0103866
3.6304 0.0103866
3.6304 0.0103866
3.6304 0.0100671
3.6304 0.0100671
3.63052 0.0101955
3.63203 0.0320106
3.63234 0.132329
3.6359 0.0358844
3.63762 0.0376036
3.63822 0.0382031
3.63947 0.0394512
3.64135 0.0413304
3.64341 0.143391
3.64401 0.0439912
3.64986 0.00983171
3.64986 0.00983171
3.64986 0.00983171
3.65017 0.0101467
3.65017 0.00982722
3.65017 0.00982722
3.65049 0.150476
3.65769 0.0576707
3.65828 0.0582701
3.66097 0.0609536
3.66132 0.0613042
3.66366 0.0636454
3.66398 0.0639649
3.66607 0.0660574
3.66639 0.0663769
3.66985 0.00983672
3.66985 0.00983672
3.66985 0.00983672
3.67016 0.0101517
3.67016 0.00983223
3.67016 0.00983223
3.67114 0.071105
3.67341 0.0733957
3.67373 0.0737197
3.67685 0.0768341
3.67733 0.0773136
3.6797 0.0796964
3.68083 0.0808141
3.68239 0.0823778
3.68318 0.0831639
3.68418 0.0841677
3.68705 0.0870377
3.68737 0.0873572
3.68737 0.0873572
3.68769 0.0876801
3.68848 0.0884628
3.6888 0.088788
3.6888 0.0887823
3.68912 0.0891018
3.68987 0.00983879
3.68987 0.00983879
3.68987 0.00983879
3.69018 0.0101538
3.69018 0.0098343
3.69018 0.0098343
3.69087 0.09086
3.69119 0.0911796
3.69186 0.0918412
3.69277 0.0927517
3.69343 0.0934133
3.69462 0.0946038
3.69736 0.0973494
3.69915 0.0991263
3.69947 0.0994458
3.70066 0.100636
3.70163 0.101613
3.70195 0.101933
3.70295 0.102937
3.70343 0.103412
3.7044 0.104384
3.70531 0.105295
3.70606 0.10605
3.70638 0.106369
3.70757 0.10756
3.71004 0.0100263
3.71017 0.00983516
3.71017 0.00983516
3.71017 0.00983516
3.71048 0.0101502
3.71048 0.00983067
3.71048 0.00983067
3.71111 0.111099
3.71339 0.0133793
3.71371 0.113698
3.71403 0.114017
3.71435 0.014342
3.71467 0.114652
3.71521 0.115194
3.71578 0.0157671
3.71622 0.116206
3.71747 0.117454
3.71866 0.118649
3.71898 0.118969
3.7203 0.120283
3.72062 0.0206037
3.72103 0.121016
3.72157 0.121553
3.725 0.124983
3.72675 0.126733
3.7271 0.0270846
3.72742 0.0274041
3.7288 0.12878
3.7288 0.12878
3.72939 0.12938
3.72996 0.129948
3.73028 0.130273
3.73041 0.0104026
3.73041 0.0104026
3.73041 0.0104026
3.73041 0.0104026
3.73041 0.0100831
3.73041 0.0100831
3.73054 0.0102115
3.73201 0.0319955
3.73233 0.132314
3.73591 0.0359005
3.7376 0.0375886
3.7382 0.038188
3.73945 0.0394448
3.74133 0.0413153
3.74339 0.143376
3.74399 0.0439761
3.74987 0.00984777
3.74987 0.00984777
3.74987 0.00984777
3.75019 0.0101628
3.75019 0.00984328
3.75019 0.00984328
3.75051 0.150492
3.7577 0.0576868
3.7583 0.0582862
3.76098 0.0609696
3.7613 0.0612891
3.76364 0.0636304
3.76396 0.0639499
3.76606 0.0660423
3.76638 0.0663618
3.76983 0.00982167
3.76983 0.00982167
3.76983 0.00982167
3.77015 0.0101367
3.77015 0.00981718
3.77015 0.00981718
3.77109 0.0710848
3.7734 0.0733893
3.77372 0.0737046
3.77684 0.0768277
3.77731 0.0772985
3.77972 0.0797135
3.78081 0.0807991
3.78241 0.0823939
3.78316 0.0831488
3.78417 0.0841526
3.78707 0.0870538
3.78739 0.0873733
3.78739 0.0873733
3.78771 0.0876771
3.78846 0.0884477
3.78878 0.088773
3.78878 0.0887672
3.7891 0.0890868
3.78985 0.00982374
3.78985 0.00982374
3.78985 0.00982374
3.79017 0.0101388
3.79017 0.00981925
3.79017 0.00981925
3.79086 0.090845
3.79118 0.0911645
3.79184 0.0918262
3.79278 0.0927677
3.79344 0.0934294
3.79463 0.0946198
3.79735 0.0973343
3.79913 0.0991199
3.79945 0.0994394
3.80064 0.10063
3.80161 0.101598
3.80193 0.101918
3.80297 0.102953
3.80341 0.103397
3.80438 0.104369
3.80532 0.105311
3.80608 0.106066
3.8064 0.106385
3.80759 0.107576
3.81002 0.0100112
3.81015 0.00982011
3.81015 0.00982011
3.81015 0.00982011
3.8105 0.0101662
3.8105 0.00984672
3.8105 0.00984672
3.8111 0.111084
3.81338 0.0133642
3.8137 0.113683
3.81402 0.114002
3.81434 0.0143356
3.81466 0.114646
3.81522 0.11521
3.81576 0.0157607
3.81624 0.116222
3.81746 0.117448
3.81865 0.118634
3.81897 0.118954
3.82031 0.120299
3.82063 0.0206198
3.82105 0.121032
3.82155 0.121538
3.82498 0.124968
3.82673 0.126718
3.82711 0.0271006
3.82743 0.0274201
3.82878 0.128765
3.8291 0.129085
3.82942 0.129404
3.82996 0.129942
3.83027 0.130267
3.8304 0.010396
3.8304 0.010396
3.8304 0.010396
3.8304 0.010396
3.8304 0.0100765
3.8304 0.0100765
3.83053 0.0102049
3.832 0.031989
3.83232 0.132308
3.83591 0.0358939
3.8376 0.037582
3.83819 0.0381814
3.83945 0.0394469
3.84132 0.0413088
3.84338 0.143369
3.84401 0.0440006
3.84987 0.00984118
3.84987 0.00984118
3.84987 0.00984118
3.85018 0.0101562
3.85018 0.00983669
3.85018 0.00983669
3.8505 0.150486
3.85769 0.0576802
3.85829 0.0582796
3.86098 0.060963
3.86133 0.0613136
3.86364 0.0636238
3.86396 0.0639433
3.86608 0.0660668
3.8664 0.0663864
3.86986 0.00984619
3.86986 0.00984619
3.86986 0.00984619
3.87017 0.0101612
3.87017 0.0098417
3.87017 0.0098417
3.87111 0.0711041
3.87339 0.0733914
3.87371 0.073698
3.87683 0.0768297
3.87731 0.0772919
3.87971 0.0797079
3.88081 0.0807925
3.8824 0.0823873
3.88316 0.0831422
3.88416 0.084146
3.88706 0.0870472
3.88738 0.0873667
3.88738 0.0873667
3.8877 0.0876827
3.88845 0.0884412
3.88877 0.0887664
3.88877 0.0887607
3.88909 0.0890802
3.88984 0.00981716
3.88984 0.00981716
3.88984 0.00981716
3.89019 0.0101633
3.89019 0.00984377
3.89019 0.00984377
3.89088 0.0908695
3.8912 0.091189
3.89183 0.0918196
3.89277 0.0927612
3.89344 0.0934228
3.89463 0.0946132
3.89734 0.0973277
3.89912 0.099122
3.89944 0.0994415
3.90063 0.100632
3.9016 0.101592
3.90192 0.101911
3.90296 0.102946
3.90343 0.103421
3.90441 0.104394
3.90532 0.105304
3.90607 0.106059
3.90639 0.106379
3.90758 0.107569
3.91005 0.0100357
3.91018 0.00984463
3.91018 0.00984463
3.91018 0.00984463
3.91049 0.0101596
3.91049 0.00984014
3.91049 0.00984014
3.91112 0.111109
3.91337 0.0133577
3.91369 0.113676
3.91401 0.113996
3.91433 0.0143066
3.91465 0.114648
3.91522 0.115203
3.91578 0.0157627
3.91623 0.116215
3.91748 0.117481
3.91864 0.118627
3.91896 0.118947
3.92031 0.120293
3.92063 0.0206132
3.92104 0.121025
3.92158 0.121562
3.92497 0.124961
3.92672 0.126712
3.92711 0.027094
3.92743 0.0274135
3.9288 0.12879
3.9288 0.12879
3.9294 0.129389
3.92997 0.129958
3.93029 0.130283
3.93042 0.0104121
3.93042 0.0104121
3.93042 0.0104121
3.93042 0.0104121
3.93042 0.0100926
3.93042 0.0100926
3.93055 0.010221
3.93202 0.032005
3.93234 0.132324
3.93592 0.0359099
3.93761 0.037598
3.93821 0.0381975
3.93946 0.0394405
3.94134 0.0413248
3.9434 0.143385
3.944 0.0439856
3.94985 0.00982613
3.94985 0.00982613
3.94985 0.00982613
3.95016 0.0101411
3.95016 0.00982164
3.95016 0.00982164
3.95048 0.150471
3.95771 0.0576962
3.95828 0.0582646
3.96096 0.060948
3.96131 0.0612986
3.96365 0.0636399
3.96397 0.0639594
3.96606 0.0660518
3.96638 0.0663713
3.96984 0.00983114
3.96984 0.00983114
3.96984 0.00983114
3.97016 0.0101462
3.97016 0.00982665
3.97016 0.00982665
3.9711 0.0710839
3.97341 0.073385
3.97373 0.0737141
3.97688 0.0768544
3.97732 0.077308
3.97972 0.0796939
3.98082 0.0808086
3.98242 0.0824033
3.98317 0.0831583
3.98417 0.0841621
3.98708 0.0870632
3.9874 0.0873827
3.9874 0.0873827
3.98771 0.0877108
3.98847 0.0884572
3.98879 0.0887824
3.98879 0.0887767
3.98911 0.0890962
3.98986 0.00983321
3.98986 0.00983321
3.98986 0.00983321
3.99017 0.0101482
3.99017 0.00982872
3.99017 0.00982872
3.99087 0.0908545
3.99119 0.091174
3.99185 0.0918356
3.99279 0.0927772
3.99342 0.0934078
3.99464 0.0946293
3.99736 0.0973438
3.99914 0.0991156
3.99946 0.0994351
4.00065 0.100625
4.00159 0.101577
4.00191 0.101896
4.00294 0.102931
4.00342 0.103406
4.00438 0.104373
4.0053 0.105283
4.00608 0.106069
4.0064 0.106389
4.00756 0.107548
4.01003 0.0100145
4.01015 0.0098234
4.01015 0.0098234
4.01015 0.0098234
4.01047 0.0101384
4.01047 0.00981891
4.01047 0.00981891
4.01113 0.111119
4.01338 0.0133675
4.0137 0.113686
4.01402 0.114006
4.01434 0.0143251
4.01466 0.114635
4.01519 0.115182
4.01576 0.0157502
4.01621 0.116194
4.01749 0.117468
4.01865 0.118637
4.01897 0.118957
4.02028 0.120272
4.0206 0.020592
4.02102 0.121004
4.02155 0.121541
4.02498 0.124971
4.02676 0.126752
4.02708 0.0270728
4.0274 0.0273923
4.02878 0.128769
4.02878 0.128769
4.02938 0.129368
4.02995 0.129936
4.03027 0.130262
4.0304 0.0103909
4.0304 0.0103909
4.0304 0.0103909
4.0304 0.0103909
4.0304 0.0100714
4.0304 0.0100714
4.03052 0.0101998
4.032 0.0319838
4.03231 0.132302
4.0359 0.0358887
4.03759 0.0375768
4.03819 0.0381762
4.03944 0.0394279
4.04132 0.0413036
4.04338 0.143364
4.04401 0.0439955
4.04986 0.00983601
4.04986 0.00983601
4.04986 0.00983601
4.05017 0.010151
4.05017 0.00983152
4.05017 0.00983152
4.05049 0.150481
4.05769 0.057675
4.05825 0.0582433
4.06094 0.0609267
4.06132 0.0613085
4.0636 0.0635875
4.06392 0.063907
4.06607 0.0660617
4.06639 0.0663812
4.06985 0.00984102
4.06985 0.00984102
4.06985 0.00984102
4.07016 0.010156
4.07016 0.00983653
4.07016 0.00983653
4.07111 0.0710886
4.07338 0.0733724
4.0737 0.0736929
4.07685 0.0768419
4.0773 0.0772868
4.07973 0.0797048
4.0808 0.0807873
4.08239 0.0823821
4.08315 0.0831371
4.08415 0.0841409
4.08705 0.087042
4.08737 0.0873615
4.08737 0.0873615
4.08769 0.0876706
4.08845 0.088436
4.08877 0.0887612
4.08877 0.0887555
4.08909 0.089075
4.08984 0.00981199
4.08984 0.00981199
4.08984 0.00981199
4.09018 0.0101581
4.09018 0.0098386
4.09018 0.0098386
4.09088 0.0908643
4.0912 0.0911838
4.09183 0.0918144
4.09277 0.092756
4.0934 0.0933865
4.09459 0.0945769
4.09733 0.0973226
4.09912 0.099103
4.09943 0.0994225
4.10063 0.100613
4.1016 0.101587
4.10192 0.101906
4.10292 0.10291
4.1034 0.103385
4.10437 0.104358
4.10531 0.105299
4.10607 0.106054
4.10639 0.106374
4.10758 0.107564
4.11004 0.0100306
4.11017 0.00983946
4.11017 0.00983946
4.11017 0.00983946
4.11048 0.0101545
4.11048 0.00983496
4.11048 0.00983496
4.11108 0.111073
4.11339 0.0133836
4.11371 0.113702
4.11403 0.114022
4.11435 0.0143498
4.11467 0.11466
4.11518 0.115167
4.11575 0.0157437
4.11622 0.11621
4.11747 0.117462
4.11863 0.118622
4.11895 0.118942
4.1203 0.120288
4.12062 0.020608
4.121 0.120989
4.12154 0.121526
4.12497 0.124956
4.12672 0.126706
4.1271 0.0270889
4.12742 0.0274084
4.12876 0.128753
4.12876 0.128753
4.1294 0.129384
4.12996 0.129952
4.13028 0.130278
4.13041 0.0104069
4.13041 0.0104069
4.13041 0.0104069
4.13041 0.0104069
4.13041 0.0100874
4.13041 0.0100874
4.13054 0.0102158
4.13198 0.0319687
4.1323 0.132287
4.13588 0.0358737
4.13757 0.0375618
4.13817 0.0381612
4.13942 0.0394215
4.1413 0.0412885
4.14339 0.14338
4.14396 0.0439493
4.14984 0.00982096
4.14984 0.00982096
4.14984 0.00982096
4.15016 0.010136
4.15016 0.00981647
4.15016 0.00981647
4.15048 0.150466
4.15767 0.0576599
4.15824 0.0582283
4.16092 0.0609117
4.1613 0.0612934
4.16361 0.0636036
4.16393 0.0639231
4.16606 0.0660466
4.16638 0.0663661
4.16983 0.00982597
4.16983 0.00982597
4.16983 0.00982597
4.17015 0.010141
4.17015 0.00982147
4.17015 0.00982147
4.17109 0.0710684
4.1734 0.0733971
4.17372 0.0737089
4.17684 0.0768354
4.17728 0.0772717
4.17972 0.0796908
4.18078 0.0807723
4.18238 0.0823671
4.18313 0.083122
4.18417 0.0841569
4.18704 0.087027
4.18736 0.0873465
4.18736 0.0873465
4.18768 0.0876677
4.18843 0.0884209
4.18875 0.0887461
4.18875 0.0887404
4.18907 0.0890599
4.18985 0.00982804
4.18985 0.00982804
4.18985 0.00982804
4.19017 0.0101431
4.19017 0.00982354
4.19017 0.00982354
4.19086 0.0908493
4.19118 0.0911688
4.19184 0.0918304
4.19278 0.092772
4.19341 0.0934026
4.1946 0.094593
4.19735 0.0973386
4.1991 0.0990966
4.19942 0.0994161
4.20061 0.100607
4.20158 0.101572
4.2019 0.101891
4.20291 0.102895
4.20341 0.103401
4.20435 0.104343
4.20533 0.105315
4.20605 0.106039
4.20637 0.106359
4.20756 0.107549
4.21003 0.0100155
4.21015 0.0098244
4.21015 0.0098244
4.21015 0.0098244
4.21047 0.0101394
4.21047 0.00981991
4.21047 0.00981991
4.2111 0.111089
4.21338 0.0133685
4.2137 0.113687
4.21402 0.114007
4.21434 0.0143123
4.21466 0.114653
4.21516 0.115152
4.21576 0.0157373
4.21621 0.116195
4.21746 0.117456
4.21865 0.118638
4.21897 0.118958
4.22028 0.120273
4.2206 0.020593
4.22102 0.121005
4.22152 0.121511
4.22498 0.124972
4.22673 0.126722
4.22708 0.0270738
4.2274 0.0273933
4.22875 0.128738
4.22907 0.129058
4.22939 0.129377
4.22996 0.129946
4.23028 0.130271
4.2304 0.0104003
4.2304 0.0104003
4.2304 0.0104003
4.2304 0.0104003
4.2304 0.0100808
4.2304 0.0100808
4.23053 0.0102092
4.23197 0.0319622
4.23229 0.132281
4.23588 0.0358671
4.23757 0.0375552
4.2382 0.0381857
4.23945 0.0394235
4.24129 0.0412819
4.24338 0.143374
4.24398 0.0439738
4.24984 0.00981438
4.24984 0.00981438
4.24984 0.00981438
4.25018 0.0101605
4.25018 0.00984099
4.25018 0.00984099
4.2505 0.15049
4.25766 0.0576534
4.25823 0.0582217
4.26095 0.0609362
4.2613 0.0612868
4.26361 0.063597
4.26393 0.0639165
4.26605 0.06604
4.26637 0.0663595
4.26983 0.00981938
4.26983 0.00981938
4.26983 0.00981938
4.27014 0.0101344
4.27014 0.00981489
4.27014 0.00981489
4.27111 0.0710877
4.27342 0.0733991
4.27342 0.0734139
4.27685 0.076829
4.27727 0.0772567
4.27973 0.0797139
4.28077 0.0807572
4.28239 0.0823831
4.28312 0.083107
4.28418 0.084173
4.28702 0.0870119
4.28734 0.0873314
4.28734 0.0873314
4.28769 0.0876647
4.28845 0.088437
4.28877 0.0887622
4.28877 0.0887565
4.28909 0.089076
4.28984 0.00981299
4.28984 0.00981299
4.28984 0.00981299
4.29018 0.0101591
4.29018 0.0098396
4.29018 0.0098396
4.29088 0.0908653
4.29119 0.0911848
4.29183 0.0918154
4.29277 0.092757
4.29343 0.0934186
4.29459 0.0945779
4.29736 0.0973547
4.29911 0.0990902
4.29943 0.0994097
4.30062 0.1006
4.30157 0.101556
4.30189 0.101876
4.30292 0.102911
4.3034 0.103386
4.30437 0.104359
4.30531 0.1053
4.30607 0.106055
4.30638 0.106375
4.30757 0.107565
4.31004 0.0100316
4.31017 0.00984046
4.31017 0.00984046
4.31017 0.00984046
4.31048 0.0101555
4.31048 0.00983597
4.31048 0.00983597
4.31111 0.111105
4.31336 0.0133535
4.31368 0.113672
4.314 0.113992
4.31432 0.0143058
4.31464 0.114616
4.31515 0.115137
4.31575 0.0157309
4.31622 0.116211
4.31747 0.117449
4.31863 0.118623
4.31895 0.118943
4.32027 0.120258
4.32059 0.0205779
4.321 0.12099
4.32154 0.121527
4.32497 0.124957
4.32672 0.126707
4.3271 0.0270899
4.32742 0.0274094
4.32876 0.128754
4.32876 0.128754
4.32939 0.129385
4.32996 0.129953
4.33028 0.130279
4.33041 0.0104079
4.33041 0.0104079
4.33041 0.0104079
4.33041 0.0104079
4.33041 0.0100884
4.33041 0.0100884
4.33054 0.0102168
4.33198 0.0319697
4.3323 0.132288
4.33588 0.0358747
4.33757 0.0375628
4.33817 0.0381622
4.33942 0.0394087
4.3413 0.0412895
4.34339 0.143381
4.34396 0.0439503
4.34984 0.00982196
4.34984 0.00982196
4.34984 0.00982196
4.35016 0.010137
4.35016 0.00981747
4.35016 0.00981747
4.35048 0.150467
4.35767 0.0576609
4.35824 0.0582293
4.36092 0.0609127
4.3613 0.0612944
4.36361 0.0636046
4.36393 0.0639241
4.36606 0.0660476
4.36638 0.0663671
4.36983 0.00982697
4.36983 0.00982697
4.36983 0.00982697
4.37015 0.010142
4.37015 0.00982248
4.37015 0.00982248
4.37112 0.0710901
4.3734 0.0733843
4.37372 0.0737099
4.37684 0.0768226
4.37728 0.0772727
4.37972 0.079702
4.38078 0.0807733
4.38238 0.0823681
4.38313 0.083123
4.38417 0.0841579
4.38704 0.087028
4.38736 0.0873475
4.38736 0.0873475
4.38768 0.0876618
4.38843 0.0884219
4.38875 0.0887471
4.38875 0.0887414
4.38907 0.0890609
4.38985 0.00982904
4.38985 0.00982904
4.38985 0.00982904
4.39017 0.0101441
4.39017 0.00982455
4.39017 0.00982455
4.39086 0.0908503
4.39118 0.0911698
4.39184 0.0918314
4.39278 0.092773
4.39341 0.0934036
4.3946 0.094594
4.39735 0.0973396
4.39913 0.0991149
4.39945 0.0994344
4.40061 0.100594
4.40158 0.101573
4.4019 0.101892
4.4029 0.102896
4.40341 0.103402
4.40435 0.104344
4.40533 0.105316
4.40605 0.10604
4.40637 0.10636
4.40756 0.10755
4.41002 0.0100165
4.41015 0.00982541
4.41015 0.00982541
4.41015 0.00982541
4.41047 0.0101404
4.41047 0.00982091
4.41047 0.00982091
4.4111 0.11109
4.41338 0.0133695
4.4137 0.113688
4.41402 0.114008
4.41434 0.0143305
4.41466 0.114641
4.41516 0.115153
4.41576 0.0157556
4.41621 0.116196
4.41746 0.117443
4.41865 0.118639
4.41897 0.118959
4.42028 0.120274
4.4206 0.020594
4.42101 0.121006
4.42152 0.121512
4.42498 0.124973
4.42673 0.126723
4.42708 0.0270748
4.4274 0.0273943
4.42875 0.128739
4.42907 0.129059
4.42939 0.129378
4.42996 0.129947
4.43028 0.130272
4.4304 0.0104013
4.4304 0.0104013
4.4304 0.0104013
4.4304 0.0104013
4.4304 0.0100818
4.4304 0.0100818
4.43053 0.0102102
4.43197 0.0319632
4.43229 0.132282
4.43588 0.0358681
4.43756 0.0375562
4.43819 0.0381867
4.43942 0.0394107
4.44129 0.0412829
4.44341 0.143406
4.44398 0.0439748
4.44983 0.00981538
4.44983 0.00981538
4.44983 0.00981538
4.45015 0.0101304
4.45015 0.00981088
4.45015 0.00981088
4.45047 0.15046
4.45766 0.0576544
4.45823 0.0582227
4.46095 0.0609372
4.4613 0.0612878
4.46361 0.063598
4.46393 0.0639175
4.46605 0.066041
4.46637 0.0663605
4.46983 0.00982039
4.46983 0.00982039
4.46983 0.00982039
4.47014 0.0101354
4.47014 0.00981589
4.47014 0.00981589
4.47108 0.0710784
4.47339 0.0733863
4.47371 0.0737033
4.47683 0.0768247
4.47727 0.0772661
4.47971 0.0796965
4.48077 0.0807667
4.48237 0.0823615
4.48312 0.0831164
4.48416 0.0841513
4.48703 0.0870214
4.48735 0.0873409
4.48735 0.0873409
4.48767 0.0876673
4.48842 0.0884154
4.48874 0.0887406
4.48874 0.0887349
4.48906 0.0890544
4.48984 0.00982246
4.48984 0.00982246
4.48984 0.00982246
4.49016 0.0101375
4.49016 0.00981796
4.49016 0.00981796
4.49088 0.0908748
4.4912 0.0911943
4.49183 0.0918249
4.49277 0.0927665
4.49341 0.093397
4.4946 0.0945874
4.49734 0.097333
4.49909 0.0990858
4.49941 0.0994053
4.5006 0.100596
4.50157 0.101566
4.50189 0.101885
4.50293 0.10292
4.5034 0.103395
4.50435 0.104337
4.50532 0.10531
4.50604 0.106034
4.50636 0.106353
4.50755 0.107543
4.51002 0.0100099
4.51015 0.00981882
4.51015 0.00981882
4.51015 0.00981882
4.51046 0.0101338
4.51046 0.00981433
4.51046 0.00981433
4.51109 0.111083
4.51337 0.013363
4.51369 0.113682
4.51401 0.114001
4.51433 0.0143015
4.51465 0.114643
4.51515 0.115146
4.51579 0.0157577
4.5162 0.11619
4.51745 0.117445
4.51864 0.118633
4.51896 0.118952
4.52028 0.120267
4.52059 0.0205874
4.52101 0.120999
4.52151 0.121506
4.52497 0.124967
4.52673 0.126717
4.52711 0.0270993
4.52743 0.0274188
4.52877 0.128764
4.52877 0.128764
4.52937 0.129363
4.52994 0.129932
4.53026 0.130257
4.53039 0.0103863
4.53039 0.0103863
4.53039 0.0103863
4.53039 0.0103863
4.53039 0.0100668
4.53039 0.0100668
4.53052 0.0101952
4.53199 0.0319792
4.53231 0.132298
4.53589 0.0358841
4.53758 0.0375722
4.53818 0.0381717
4.53943 0.0394043
4.54131 0.041299
4.5434 0.143391
4.54397 0.0439598
4.54985 0.00983143
4.54985 0.00983143
4.54985 0.00983143
4.55016 0.0101464
4.55016 0.00982694
4.55016 0.00982694
4.55048 0.150476
4.55768 0.0576704
4.55825 0.0582388
4.56093 0.0609222
4.56131 0.0613039
4.56359 0.0635829
4.56391 0.0639024
4.56606 0.0660571
4.56638 0.0663766
4.56984 0.00983644
4.56984 0.00983644
4.56984 0.00983644
4.57016 0.0101515
4.57016 0.00983195
4.57016 0.00983195
4.5711 0.0710892
4.57341 0.0733799
4.57373 0.0737194
4.57685 0.0768183
4.57729 0.0772822
4.57972 0.0797135
4.58076 0.0807517
4.58238 0.0823775
4.58311 0.0831014
4.58417 0.0841674
4.58704 0.0870374
4.58736 0.0873569
4.58736 0.0873569
4.58768 0.0876643
4.58844 0.0884314
4.58876 0.0887566
4.58876 0.0887509
4.58908 0.0890704
4.58986 0.00983851
4.58986 0.00983851
4.58986 0.00983851
4.59017 0.0101535
4.59017 0.00983402
4.59017 0.00983402
4.59087 0.0908598
4.59119 0.0911793
4.59185 0.0918409
4.59276 0.0927514
4.59342 0.0934131
4.59458 0.0945724
4.59736 0.0973491
4.59914 0.0991105
4.59946 0.09943
4.60062 0.100589
4.60156 0.101551
4.60188 0.10187
4.60291 0.102905
4.60339 0.10338
4.60436 0.104353
4.6053 0.105295
4.60606 0.10605
4.60638 0.106369
4.60757 0.107559
4.61003 0.010026
4.61016 0.00983488
4.61016 0.00983488
4.61016 0.00983488
4.61048 0.0101499
4.61048 0.00983038
4.61048 0.00983038
4.61111 0.111099
4.61339 0.013379
4.61371 0.113698
4.61402 0.114017
4.61434 0.0143262
4.61466 0.114636
4.61517 0.115162
4.61577 0.0157513
4.61621 0.116206
4.61747 0.117438
4.61866 0.118649
4.61898 0.118968
4.62029 0.120283
4.62061 0.0206034
4.62099 0.120984
4.62153 0.121522
4.62499 0.124983
4.62671 0.126702
4.62709 0.0270843
4.62741 0.0274038
4.62876 0.128749
4.62908 0.129068
4.6294 0.129388
4.62993 0.129925
4.63025 0.13025
4.63038 0.0103797
4.63038 0.0103797
4.63038 0.0103797
4.63038 0.0103797
4.63038 0.0100602
4.63038 0.0100602
4.63051 0.0101886
4.63198 0.0319726
4.6323 0.132291
4.63588 0.0358776
4.63757 0.0375656
4.63817 0.0381651
4.63942 0.0394064
4.6413 0.0412924
4.64339 0.143384
4.64396 0.0439532
4.64984 0.00982485
4.64984 0.00982485
4.64984 0.00982485
4.65016 0.0101399
4.65016 0.00982035
4.65016 0.00982035
4.65048 0.15047
4.65767 0.0576638
4.65824 0.0582322
4.66092 0.0609156
4.6613 0.0612973
4.66361 0.0636075
4.66393 0.063927
4.66606 0.0660505
4.66638 0.06637
4.66983 0.00982986
4.66983 0.00982986
4.66983 0.00982986
4.67015 0.0101449
4.67015 0.00982536
4.67015 0.00982536
4.67109 0.0710775
4.6734 0.073382
4.67372 0.0737128
4.67684 0.0768203
4.67728 0.0772756
4.67972 0.079708
4.68078 0.0807762
4.68238 0.0823709
4.68313 0.0831259
4.68417 0.0841608
4.68704 0.0870308
4.68736 0.0873503
4.68736 0.0873503
4.68768 0.0876699
4.68843 0.0884248
4.68875 0.08875
4.68875 0.0887443
4.68907 0.0890638
4.68985 0.00983193
4.68985 0.00983193
4.68985 0.00983193
4.69017 0.0101469
4.69017 0.00982743
4.69017 0.00982743
4.69086 0.0908532
4.69118 0.0911727
4.69184 0.0918343
4.69275 0.0927448
4.69341 0.0934065
4.6946 0.0945969
4.69735 0.0973425
4.69913 0.0991126
4.69945 0.0994321
4.70061 0.100591
4.70158 0.101575
4.7019 0.101895
4.70291 0.102899
4.70341 0.103405
4.70435 0.104346
4.70529 0.105288
4.70605 0.106043
4.70637 0.106362
4.70756 0.107553
4.71003 0.0100194
4.71015 0.00982829
4.71015 0.00982829
4.71015 0.00982829
4.71047 0.0101433
4.71047 0.0098238
4.71047 0.0098238
4.7111 0.111093
4.71338 0.0133724
4.7137 0.113691
4.71402 0.114011
4.71434 0.0143282
4.71466 0.114638
4.71516 0.115156
4.71576 0.0157533
4.71621 0.116199
4.71746 0.11744
4.71865 0.118642
4.71897 0.118962
4.72028 0.120277
4.7206 0.0205968
4.72102 0.121009
4.72152 0.121515
4.72498 0.124976
4.72673 0.126726
4.72708 0.0270777
4.7274 0.0273972
4.72875 0.128742
4.72907 0.129062
4.72939 0.129381
4.72996 0.12995
4.73028 0.130275
4.7304 0.0103731
4.7304 0.0103731
4.7304 0.0103731
4.7304 0.0103731
4.7304 0.0100536
4.7304 0.0100536
4.73053 0.010182
4.73197 0.031966
4.73229 0.132285
4.73588 0.035871
4.73756 0.0375591
4.73816 0.0381585
4.73942 0.0394084
4.74129 0.0412858
4.74342 0.143409
4.74395 0.0439466
4.74984 0.00981826
4.74984 0.00981826
4.74984 0.00981826
4.75015 0.0101333
4.75015 0.00981377
4.75015 0.00981377
4.75047 0.150463
4.75766 0.0576572
4.75823 0.0582256
4.76095 0.0609401
4.7613 0.0612907
4.76361 0.0636009
4.76393 0.0639204
4.76605 0.0660439
4.76637 0.0663634
4.76983 0.00982327
4.76983 0.00982327
4.76983 0.00982327
4.77014 0.0101383
4.77014 0.00981878
4.77014 0.00981878
4.77108 0.0710657
4.77339 0.073384
4.77371 0.0737062
4.77683 0.0768224
4.77727 0.077269
4.77971 0.0797024
4.78078 0.0807696
4.78237 0.0823644
4.78313 0.0831193
4.78416 0.0841542
4.78703 0.0870243
4.78735 0.0873438
4.78735 0.0873438
4.7877 0.0876754
4.78842 0.0884182
4.78874 0.0887434
4.78874 0.0887377
4.78906 0.0890573
4.78984 0.00982534
4.78984 0.00982534
4.78984 0.00982534
4.79016 0.0101404
4.79016 0.00982085
4.79016 0.00982085
4.79085 0.0908466
4.79117 0.0911661
4.79183 0.0918278
4.79278 0.0927693
4.79341 0.0933999
4.7946 0.0945903
4.79734 0.0973359
4.79912 0.0991146
4.79944 0.0994341
4.8006 0.100593
4.80157 0.101569
4.80189 0.101888
4.80293 0.102923
4.8034 0.103398
4.80435 0.10434
4.80532 0.105313
4.80604 0.106036
4.80636 0.106356
4.80755 0.107546
4.81002 0.0100128
4.81015 0.00982171
4.81015 0.00982171
4.81015 0.00982171
4.81046 0.0101367
4.81046 0.00981722
4.81046 0.00981722
4.81109 0.111086
4.81337 0.0133658
4.81369 0.113685
4.81401 0.114004
4.81433 0.0142992
4.81465 0.11464
4.81515 0.115149
4.81579 0.0157554
4.8162 0.116193
4.81745 0.117442
4.81864 0.118636
4.81896 0.118955
4.82028 0.12027
4.8206 0.0205903
4.82101 0.121002
4.82151 0.121508
4.82498 0.124969
4.82673 0.12672
4.82711 0.0271022
4.82743 0.0274217
4.82877 0.128767
4.82877 0.128767
4.82937 0.129366
4.82994 0.129935
4.83026 0.13026
4.83039 0.0103581
4.83039 0.0103581
4.83039 0.0103581
4.83039 0.0103581
4.83039 0.0100386
4.83039 0.0100386
4.83052 0.010167
4.83199 0.0319821
4.83231 0.132301
4.83589 0.035887
4.83758 0.0375751
4.83818 0.0381746
4.83943 0.039402
4.84131 0.0413019
4.8434 0.143394
4.84397 0.0439627
4.84985 0.00983431
4.84985 0.00983431
4.84985 0.00983431
4.85017 0.0101493
4.85017 0.00982982
4.85017 0.00982982
4.85048 0.150479
4.85768 0.0576733
4.85825 0.0582416
4.86093 0.0609251
4.86131 0.0613068
4.86359 0.0635858
4.86391 0.0639053
4.86603 0.0660289
4.86635 0.0663484
4.86984 0.00983932
4.86984 0.00983932
4.86984 0.00983932
4.87016 0.0101543
4.87016 0.00983483
4.87016 0.00983483
4.8711 0.0710766
4.87341 0.0734028
4.87373 0.0736971
4.87685 0.076816
4.87729 0.0772851
4.87969 0.0796884
4.88076 0.0807545
4.88239 0.0823804
4.88311 0.0831043
4.88418 0.0841703
4.88705 0.0870403
4.88736 0.0873598
4.88736 0.0873598
4.88768 0.0876724
4.88844 0.0884343
4.88876 0.0887284
4.88876 0.0887538
4.88908 0.0890733
4.88983 0.00981029
4.88983 0.00981029
4.88983 0.00981029
4.89017 0.0101564
4.89017 0.0098369
4.89017 0.0098369
4.89087 0.0908626
4.89119 0.0911822
4.89185 0.0918438
4.89276 0.0927543
4.89342 0.0934159
4.89458 0.0945753
4.89736 0.097352
4.89914 0.0991082
4.89946 0.0994277
4.90062 0.100587
4.90156 0.101554
4.90188 0.101873
4.90291 0.102908
4.90339 0.103383
4.90436 0.104356
4.9053 0.105297
4.90606 0.106052
4.90638 0.106372
4.90757 0.107562
4.91003 0.0100289
4.91016 0.00983776
4.91016 0.00983776
4.91016 0.00983776
4.91048 0.0101528
4.91048 0.00983327
4.91048 0.00983327
4.91111 0.111102
4.91339 0.0133819
4.91371 0.113701
4.91403 0.11402
4.91434 0.0143239
4.91466 0.114634
4.91517 0.115165
4.91577 0.015749
4.91621 0.116209
4.9175 0.117467
4.91866 0.118652
4.91898 0.118971
4.92026 0.120255
4.92058 0.0205752
4.92099 0.120987
4.92153 0.121524
4.92496 0.124954
4.92671 0.126705
4.92709 0.0270872
4.92741 0.0274067
4.92876 0.128752
4.92876 0.128752
4.92939 0.129382
4.92996 0.129951
4.93028 0.130245
4.9304 0.0103741
4.9304 0.0103741
4.9304 0.0103741
4.9304 0.0103741
4.9304 0.0100546
4.9304 0.0100546
4.93053 0.010183
4.93197 0.031967
4.93229 0.132286
4.93588 0.035872
4.93756 0.0375601
4.93816 0.0381595
4.93945 0.0394267
4.94129 0.0412868
4.94338 0.143378
4.94395 0.0439476
4.94983 0.00981926
4.94983 0.00981926
4.94983 0.00981926
4.95015 0.0101343
4.95015 0.00981477
4.95015 0.00981477
4.95047 0.150464
4.95766 0.0576583
4.95823 0.0582266
4.96091 0.06091
4.9613 0.0612917
4.96361 0.0636019
4.96393 0.0639214
4.96605 0.0660449
4.96637 0.0663644
4.96983 0.00982427
4.96983 0.00982427
4.96983 0.00982427
4.97014 0.0101393
4.97014 0.00981978
4.97014 0.00981978
4.97111 0.0710875
4.97342 0.0734023
4.97342 0.0734188
4.97685 0.0768322
4.97727 0.0772615
4.9797 0.0796971
4.98077 0.0807621
4.98236 0.0823569
4.98312 0.0831119
4.98415 0.0841468
4.98702 0.0870168
4.98734 0.0873363
4.98734 0.0873363
4.98769 0.087661
4.98841 0.0884108
4.98873 0.0887049
4.98873 0.0887303
4.98905 0.0890498
4.98984 0.00981788
4.98984 0.00981788
4.98984 0.00981788
4.99015 0.0101329
4.99015 0.00981338
4.99015 0.00981338
4.99087 0.0908702
4.99119 0.0911897
4.99182 0.0918203
4.99277 0.0927619
4.99343 0.0934235
4.99459 0.0945828
4.99733 0.0973285
4.99911 0.0990933
4.99943 0.0994128
5.00062 0.100603
5.00157 0.101561
5.00189 0.101881
5.00292 0.102916
5.00339 0.103391
5.00433 0.104326
5.0053 0.105299
5.00606 0.106054
5.00638 0.106373
5.00754 0.107533
5.01 0.00999929
5.01013 0.00980817
5.01013 0.00980817
5.01013 0.00980817
5.01045 0.0101232
5.01045 0.00980368
5.01045 0.00980368
5.01111 0.111104
5.01336 0.0133523
5.01368 0.113671
5.01399 0.11399
5.01431 0.014303
5.01463 0.114613
5.01514 0.115136
5.01574 0.015728
5.01618 0.116179
5.01747 0.117446
5.01863 0.118622
5.01895 0.118942
5.02026 0.120256
5.02058 0.0205767
5.02099 0.120989
5.0215 0.121495
5.02496 0.124956
5.02671 0.126706
5.02709 0.0270887
5.02741 0.0274082
5.02873 0.128722
5.02905 0.129042
5.02937 0.129361
5.02993 0.12993
5.03025 0.130224
5.03038 0.010353
5.03038 0.010353
5.03038 0.010353
5.03038 0.010353
5.03038 0.0100335
5.03038 0.0100335
5.03051 0.0101619
5.03198 0.031977
5.0323 0.132296
5.03589 0.035882
5.03757 0.03757
5.03817 0.0381695
5.03943 0.0394142
5.04127 0.0412657
5.04339 0.143388
5.04396 0.0439576
5.04984 0.00982925
5.04984 0.00982925
5.04984 0.00982925
5.05016 0.0101443
5.05016 0.00982475
5.05016 0.00982475
5.05048 0.150474
5.05764 0.0576371
5.05821 0.0582055
5.06092 0.06092
5.06127 0.0612706
5.06358 0.0635808
5.0639 0.0639003
5.06603 0.0660238
5.06635 0.0663433
5.06983 0.00983426
5.06983 0.00983426
5.06983 0.00983426
5.07015 0.0101493
5.07015 0.00982976
5.07015 0.00982976
5.07109 0.0710612
5.0734 0.0733898
5.0734 0.0733977
5.07683 0.0768197
5.07727 0.0772715
5.07971 0.0797081
5.08074 0.080741
5.08237 0.0823669
5.08309 0.0830907
5.08416 0.0841567
5.08703 0.0870268
5.08735 0.0873463
5.08735 0.0873463
5.08767 0.087652
5.08842 0.0884208
5.08874 0.0887149
5.08874 0.0887403
5.08906 0.0890598
5.08984 0.00982786
5.08984 0.00982786
5.08984 0.00982786
5.09016 0.0101429
5.09016 0.00982337
5.09016 0.00982337
5.09085 0.0908491
5.09117 0.0911686
5.09183 0.0918303
5.09274 0.0927408
5.09341 0.0934024
5.09457 0.0945617
5.09734 0.0973384
5.09909 0.0990809
5.09941 0.0994004
5.10057 0.10056
5.10154 0.10154
5.10186 0.10186
5.10287 0.102864
5.10337 0.10337
5.10431 0.104311
5.10529 0.105284
5.10604 0.106039
5.10636 0.106358
5.10755 0.107549
5.11002 0.0100153
5.11015 0.00982423
5.11015 0.00982423
5.11015 0.00982423
5.11046 0.0101392
5.11046 0.00981973
5.11046 0.00981973
5.11109 0.111088
5.11337 0.0133684
5.11369 0.113687
5.11401 0.114007
5.11433 0.0143276
5.11465 0.114638
5.11512 0.115121
5.11572 0.0157216
5.1162 0.116195
5.11745 0.11744
5.11864 0.118638
5.11896 0.118958
5.12024 0.120241
5.12056 0.0205617
5.12098 0.120974
5.12148 0.12148
5.12498 0.124972
5.12673 0.126722
5.12708 0.0270736
5.1274 0.0273931
5.12871 0.128707
5.12903 0.129027
5.12938 0.129377
5.12995 0.129946
5.13027 0.13024
5.1304 0.0103691
5.1304 0.0103691
5.1304 0.0103691
5.1304 0.0103691
5.1304 0.0100496
5.1304 0.0100496
5.13053 0.0101779
5.13196 0.031962
5.13228 0.132281
5.13584 0.0358358
5.13756 0.037555
5.13813 0.0381233
5.13938 0.0393767
5.14125 0.0412507
5.14338 0.143373
5.14395 0.0439425
5.14983 0.0098142
5.14983 0.0098142
5.14983 0.0098142
5.15014 0.0101292
5.15014 0.0098097
5.15014 0.0098097
5.15046 0.150459
5.15762 0.0576221
5.15819 0.0581904
5.16091 0.0609049
5.16129 0.0612866
5.16357 0.0635657
5.16389 0.0638852
5.16604 0.0660399
5.16636 0.0663594
5.16985 0.0098192
5.16985 0.0098192
5.16985 0.0098192
5.17016 0.0101342
5.17016 0.00981471
5.17016 0.00981471
5.17108 0.071072
5.17339 0.0733826
5.17339 0.0733834
5.17682 0.0768133
5.17726 0.0772565
5.17972 0.0796961
5.18073 0.080726
5.18235 0.0823518
5.18308 0.0830757
5.18418 0.0841728
5.18701 0.0870117
5.18733 0.0873312
5.18733 0.0873312
5.18765 0.0876491
5.18841 0.0884057
5.18873 0.0886998
5.18873 0.0887252
5.18905 0.0890447
5.18983 0.00981281
5.18983 0.00981281
5.18983 0.00981281
5.19014 0.0101278
5.19014 0.00980831
5.19014 0.00980831
5.19087 0.0908652
5.19119 0.0911847
5.19185 0.0918463
5.19276 0.0927568
5.19342 0.0934185
5.19455 0.0945467
5.19736 0.0973545
5.19908 0.0990745
5.1994 0.099394
5.20056 0.100553
5.20156 0.101556
5.20188 0.101876
5.20288 0.10288
5.20339 0.103386
5.2043 0.104296
5.2053 0.1053
5.20603 0.106024
5.20635 0.106343
5.20754 0.107534
5.21 0.0100003
5.21013 0.00980917
5.21013 0.00980917
5.21013 0.00980917
5.21045 0.0101242
5.21045 0.00980468
5.21045 0.00980468
5.21111 0.111105
5.21339 0.0133844
5.21371 0.113703
5.21403 0.114023
5.21434 0.0143212
5.21466 0.114662
5.21511 0.115106
5.21577 0.0157463
5.21618 0.11618
5.21744 0.117433
5.21863 0.118623
5.21895 0.118943
5.22026 0.120257
5.22058 0.0205777
5.22099 0.12099
5.22147 0.121465
5.22496 0.124957
5.22671 0.126707
5.22709 0.0270897
5.22741 0.0274092
5.22873 0.128723
5.22905 0.129043
5.22936 0.129362
5.22993 0.129931
5.23025 0.130225
5.23038 0.010354
5.23038 0.010354
5.23038 0.010354
5.23038 0.010354
5.23038 0.0100345
5.23038 0.0100345
5.23051 0.0101629
5.23195 0.0319469
5.23227 0.132266
5.23585 0.0358519
5.23754 0.0375399
5.23814 0.0381394
5.23942 0.0394014
5.24127 0.0412667
5.24339 0.143389
5.24393 0.0439275
5.24984 0.00983025
5.24984 0.00983025
5.24984 0.00983025
5.25016 0.0101453
5.25016 0.00982576
5.25016 0.00982576
5.25048 0.150475
5.25761 0.057607
5.25821 0.0582065
5.26089 0.0608899
5.26127 0.0612716
5.26355 0.0635507
5.26387 0.0638702
5.26603 0.0660248
5.26635 0.0663443
5.26983 0.00980415
5.26983 0.00980415
5.26983 0.00980415
5.27018 0.0101503
5.27018 0.00983076
5.27018 0.00983076
5.27106 0.0710518
5.2734 0.0733987
5.27372 0.0736965
5.27684 0.0768154
5.27725 0.0772499
5.27972 0.0796966
5.28072 0.0807194
5.28235 0.0823452
5.28307 0.0830691
5.28417 0.0841662
5.28701 0.0870051
5.28733 0.0873246
5.28733 0.0873246
5.28768 0.0876546
5.2884 0.0883991
5.28872 0.0886932
5.28872 0.0887186
5.28904 0.0890381
5.28982 0.00980622
5.28982 0.00980622
5.28982 0.00980622
5.29017 0.0101523
5.29017 0.00983283
5.29017 0.00983283
5.29086 0.0908586
5.29118 0.0911781
5.29184 0.0918397
5.29275 0.0927502
5.29341 0.0934119
5.29454 0.0945401
5.29735 0.0973479
5.2991 0.0990765
5.29942 0.099396
5.30058 0.100555
5.30155 0.10155
5.30187 0.101869
5.30287 0.102873
5.30338 0.103379
5.30429 0.10429
5.3053 0.105293
5.30602 0.106017
5.30634 0.106337
5.30753 0.107527
5.31003 0.0100248
5.31015 0.00983369
5.31015 0.00983369
5.31015 0.00983369
5.31047 0.0101487
5.31047 0.0098292
5.31047 0.0098292
5.3111 0.111098
5.31338 0.0133778
5.3137 0.113697
5.31402 0.114016
5.31434 0.0143233
5.31466 0.114633
5.3151 0.115099
5.31576 0.0157484
5.31618 0.116173
5.31746 0.117435
5.31865 0.118648
5.31897 0.118967
5.32025 0.120251
5.32057 0.0205711
5.32098 0.120983
5.32149 0.121489
5.32495 0.12495
5.3267 0.126701
5.32708 0.0270831
5.3274 0.0274026
5.32872 0.128717
5.32904 0.129036
5.32939 0.129387
5.32993 0.129924
5.33025 0.130218
5.33037 0.0103474
5.33037 0.0103474
5.33037 0.0103474
5.33037 0.0103474
5.33037 0.0100279
5.33037 0.0100279
5.3305 0.0101563
5.33194 0.0319403
5.33226 0.132259
5.33585 0.0358453
5.33753 0.0375334
5.33813 0.0381328
5.33942 0.0394035
5.34126 0.0412601
5.34338 0.143383
5.34392 0.0439209
5.34984 0.00982367
5.34984 0.00982367
5.34984 0.00982367
5.35015 0.0101387
5.35015 0.00981917
5.35015 0.00981917
5.35047 0.150468
5.35763 0.0576315
5.3582 0.0581999
5.36088 0.0608833
5.36127 0.061265
5.36354 0.0635441
5.36386 0.0638636
5.36602 0.0660182
5.36634 0.0663377
5.36986 0.00982867
5.36986 0.00982867
5.36986 0.00982867
5.37017 0.0101437
5.37017 0.00982418
5.37017 0.00982418
5.37108 0.0710711
5.37339 0.0733921
5.37371 0.0736986
5.37683 0.0768174
5.37724 0.0772433
5.37971 0.0796932
5.38071 0.0807128
5.38234 0.0823387
5.38309 0.0830936
5.38416 0.0841596
5.387 0.0869986
5.38732 0.0873181
5.38732 0.0873181
5.38767 0.0876601
5.38839 0.0883925
5.38871 0.0886866
5.38871 0.088712
5.38903 0.0890315
5.38985 0.00983074
5.38985 0.00983074
5.38985 0.00983074
5.39016 0.0101458
5.39016 0.00982625
5.39016 0.00982625
5.39085 0.090852
5.39117 0.0911715
5.39183 0.0918332
5.39274 0.0927436
5.39341 0.0934053
5.39457 0.0945646
5.39734 0.0973413
5.39909 0.0990786
5.39941 0.0993981
5.40057 0.100557
5.40154 0.101543
5.40186 0.101863
5.40287 0.102866
5.40337 0.103373
5.40432 0.104314
5.40532 0.105318
5.40601 0.106011
5.40633 0.10633
5.40755 0.107552
5.41002 0.0100182
5.41015 0.00982711
5.41015 0.00982711
5.41015 0.00982711
5.41046 0.0101421
5.41046 0.00982262
5.41046 0.00982262
5.41109 0.111091
5.41337 0.0133712
5.41369 0.11369
5.41401 0.114009
5.41433 0.0143254
5.41465 0.114635
5.41512 0.115123
5.41575 0.0157504
5.4162 0.116198
5.41745 0.117438
5.41864 0.118641
5.41896 0.118961
5.42025 0.120244
5.42056 0.0205646
5.42098 0.120977
5.42148 0.121483
5.42498 0.124975
5.42673 0.126725
5.42708 0.0270765
5.4274 0.027396
5.42871 0.12871
5.42903 0.12903
5.42938 0.12938
5.42995 0.129949
5.43027 0.130243
5.4304 0.0103719
5.4304 0.0103719
5.4304 0.0103719
5.4304 0.0103719
5.4304 0.0100524
5.4304 0.0100524
5.43053 0.0101808
5.43196 0.0319649
5.43228 0.132284
5.43584 0.0358387
5.43753 0.0375268
5.43813 0.0381262
5.43938 0.0393744
5.44125 0.0412535
5.44338 0.143376
5.44395 0.0439454
5.44983 0.00981708
5.44983 0.00981708
5.44983 0.00981708
5.45014 0.0101321
5.45014 0.00981259
5.45014 0.00981259
5.45046 0.150462
5.45763 0.057625
5.45819 0.0581933
5.46091 0.0609078
5.46129 0.0612895
5.46357 0.0635686
5.46389 0.0638881
5.46601 0.0660116
5.46633 0.0663311
5.46985 0.00982209
5.46985 0.00982209
5.46985 0.00982209
5.47016 0.0101371
5.47016 0.0098176
5.47016 0.0098176
5.47108 0.0710594
5.47339 0.0733855
5.47371 0.0737006
5.47682 0.0768195
5.47724 0.0772367
5.4797 0.0796897
5.48071 0.0807062
5.48236 0.0823632
5.48309 0.083087
5.48415 0.084153
5.48699 0.086992
5.48731 0.0873115
5.48731 0.0873115
5.48769 0.0876656
5.48839 0.088386
5.48871 0.0886801
5.48871 0.0887055
5.48903 0.089025
5.48984 0.00982416
5.48984 0.00982416
5.48984 0.00982416
5.49015 0.0101392
5.49015 0.00981967
5.49015 0.00981967
5.49088 0.0908765
5.4912 0.091196
5.49183 0.0918266
5.49274 0.0927371
5.49343 0.0934298
5.49456 0.094558
5.49733 0.0973347
5.49909 0.0990806
5.4994 0.0994001
5.50056 0.100559
5.50154 0.101537
5.50186 0.101856
5.50286 0.10286
5.50337 0.103366
5.50431 0.104308
5.50531 0.105311
5.50604 0.106035
5.50635 0.106355
5.50755 0.107545
5.51004 0.0100116
5.51017 0.00982053
5.51017 0.00982053
5.51017 0.00982053
5.51049 0.0101355
5.51049 0.00981603
5.51049 0.00981603
5.51108 0.111085
5.5134 0.0133647
5.51371 0.113714
5.51403 0.114034
5.51435 0.0143274
5.51467 0.114669
5.51512 0.115117
5.51575 0.0157214
5.51619 0.116191
5.51744 0.11744
5.51863 0.118634
5.51895 0.118954
5.52024 0.120238
5.52056 0.0205269
5.521 0.121001
5.52148 0.121476
5.52497 0.124968
5.52672 0.126719
5.52713 0.027101
5.52745 0.0274205
5.52873 0.128735
5.52905 0.129054
5.52937 0.129374
5.52994 0.129942
5.53026 0.130236
5.53039 0.0103654
5.53039 0.0103654
5.53039 0.0103654
5.53039 0.0103654
5.53039 0.0100459
5.53039 0.0100459
5.53052 0.0101742
5.53199 0.0319583
5.53231 0.132308
5.53586 0.0358321
5.53758 0.0375513
5.53818 0.0381507
5.5394 0.0393765
5.54131 0.0412781
5.5434 0.143401
5.54397 0.0439388
5.54982 0.0098105
5.54982 0.0098105
5.54982 0.0098105
5.55014 0.0101255
5.55014 0.009806
5.55014 0.009806
5.55046 0.150455
5.55765 0.0576184
5.55822 0.0581867
5.56093 0.0609012
5.56131 0.0612829
5.56359 0.063562
5.56391 0.0638815
5.56607 0.0660362
5.56639 0.0663557
5.56984 0.00981551
5.56984 0.00981551
5.56984 0.00981551
5.57016 0.0101305
5.57016 0.00981101
5.57016 0.00981101
5.57107 0.0710476
5.57341 0.0733789
5.57341 0.0733832
5.57684 0.0768131
5.57728 0.0772528
5.57972 0.0797129
5.58075 0.0807223
5.58238 0.0823481
5.5831 0.083072
5.5842 0.0841691
5.58704 0.087008
5.58736 0.0873275
5.58736 0.0873275
5.58768 0.0876627
5.58843 0.088402
5.58875 0.0887272
5.58875 0.0887215
5.58907 0.089041
5.58982 0.00980911
5.58982 0.00980911
5.58982 0.00980911
5.59014 0.0101241
5.59014 0.00980462
5.59014 0.00980462
5.59089 0.0908615
5.59121 0.091181
5.59187 0.0918426
5.59278 0.0927531
5.59345 0.0934148
5.59457 0.094543
5.59738 0.0973508
5.59913 0.0991053
5.59945 0.0994248
5.60058 0.100553
5.60158 0.101553
5.6019 0.101872
5.60291 0.102876
5.60341 0.103382
5.60432 0.104293
5.60533 0.105296
5.60605 0.10602
5.60637 0.10634
5.60756 0.10753
5.61003 0.00999659
5.61015 0.00980548
5.61015 0.00980548
5.61015 0.00980548
5.6105 0.0101516
5.6105 0.00983209
5.6105 0.00983209
5.61113 0.111101
5.61341 0.0133807
5.61373 0.113699
5.61405 0.114019
5.61437 0.0143521
5.61469 0.114662
5.61513 0.115102
5.61576 0.0157461
5.61621 0.116176
5.61746 0.117433
5.61868 0.11865
5.619 0.11897
5.62028 0.120254
5.6206 0.020574
5.62099 0.120955
5.62152 0.121492
5.62498 0.124953
5.62673 0.126703
5.62712 0.027086
5.62744 0.0274055
5.62875 0.12872
5.62907 0.129039
5.62942 0.12939
5.62996 0.129927
5.63028 0.130252
5.63041 0.0103814
5.63041 0.0103814
5.63041 0.0103814
5.63041 0.0103814
5.63041 0.0100619
5.63041 0.0100619
5.63053 0.0101903
5.63197 0.0319432
5.63229 0.132262
5.63588 0.0358482
5.63757 0.0375362
5.63817 0.0381357
5.63942 0.0394012
5.64129 0.041263
5.64342 0.143386
5.64395 0.0439238
5.64984 0.00982655
5.64984 0.00982655
5.64984 0.00982655
5.65015 0.0101416
5.65015 0.00982206
5.65015 0.00982206
5.65047 0.15044
5.65766 0.0576344
5.65823 0.0582028
5.66092 0.0608862
5.6613 0.0612679
5.66358 0.063547
5.6639 0.0638665
5.66605 0.0660211
5.66637 0.0663406
5.66986 0.00983156
5.66986 0.00983156
5.66986 0.00983156
5.67017 0.0101466
5.67017 0.00982707
5.67017 0.00982707
5.67108 0.0710585
5.67342 0.0734079
5.67342 0.073395
5.67682 0.0768067
5.67727 0.0772377
5.6797 0.0797009
5.68074 0.0807072
5.68236 0.0823331
5.68312 0.083088
5.68418 0.084154
5.68702 0.086993
5.68734 0.0873125
5.68734 0.0873125
5.68766 0.0876597
5.68842 0.088387
5.68874 0.0887122
5.68874 0.0887065
5.68906 0.089026
5.68984 0.00982516
5.68984 0.00982516
5.68984 0.00982516
5.69015 0.0101402
5.69015 0.00982067
5.69015 0.00982067
5.69091 0.0908775
5.69123 0.091197
5.69186 0.0918276
5.69277 0.0927381
5.69346 0.0934308
5.69459 0.094559
5.69737 0.0973357
5.69912 0.0990989
5.69944 0.0994184
5.70056 0.100547
5.70157 0.101538
5.70189 0.101857
5.70289 0.102861
5.7034 0.103367
5.70434 0.104309
5.70534 0.105312
5.70607 0.106036
5.70639 0.106356
5.70758 0.107546
5.71004 0.0100126
5.71017 0.00982153
5.71017 0.00982153
5.71017 0.00982153
5.71048 0.0101365
5.71048 0.00981704
5.71048 0.00981704
5.71112 0.111086
5.71339 0.0133657
5.71371 0.113684
5.71403 0.114004
5.71435 0.0143457
5.71467 0.114656
5.71515 0.115118
5.71575 0.0157397
5.71622 0.116192
5.71744 0.117427
5.71866 0.118635
5.71898 0.118955
5.72027 0.120239
5.72059 0.020559
5.721 0.120971
5.72151 0.121477
5.725 0.124969
5.72675 0.12672
5.72713 0.027102
5.72745 0.0274215
5.72873 0.128704
5.72905 0.129024
5.7294 0.129375
5.72997 0.129943
5.73029 0.130268
5.73042 0.0103975
5.73042 0.0103975
5.73042 0.0103975
5.73042 0.0103975
5.73042 0.010078
5.73042 0.010078
5.73055 0.0102063
5.73199 0.0319593
5.73231 0.132278
5.73586 0.0358331
5.73758 0.0375523
5.73818 0.0381517
5.7394 0.0393948
5.74131 0.0412791
5.74343 0.143402
5.74397 0.0439398
5.74982 0.0098115
5.74982 0.0098115
5.74982 0.0098115
5.75014 0.0101265
5.75014 0.00980701
5.75014 0.00980701
5.75045 0.150425
5.75765 0.0576194
5.75822 0.0581877
5.76093 0.0609022
5.76131 0.061284
5.76359 0.063563
5.76391 0.0638825
5.76607 0.0660372
5.76639 0.0663567
5.76984 0.00981651
5.76984 0.00981651
5.76984 0.00981651
5.77016 0.0101315
5.77016 0.00981202
5.77016 0.00981202
5.7711 0.0710694
5.77341 0.0734015
5.77341 0.0733799
5.77681 0.0768003
5.77728 0.0772538
5.77972 0.079689
5.78075 0.0807233
5.78238 0.0823491
5.7831 0.083073
5.7842 0.0841701
5.78704 0.087009
5.78736 0.0873285
5.78736 0.0873285
5.78768 0.0876568
5.78843 0.088403
5.78875 0.0887282
5.78875 0.0887225
5.78907 0.089042
5.78982 0.00981011
5.78982 0.00981011
5.78982 0.00981011
5.79014 0.0101251
5.79014 0.00980562
5.79014 0.00980562
5.79089 0.0908625
5.79121 0.091182
5.79187 0.0918436
5.79278 0.0927541
5.79344 0.0934158
5.79457 0.094544
5.79738 0.0973518
5.7991 0.0990925
5.79942 0.099412
5.80058 0.100571
5.80158 0.101554
5.8019 0.101873
5.80291 0.102877
5.80341 0.103383
5.80432 0.104294
5.80533 0.105297
5.80605 0.106021
5.80637 0.106341
5.80756 0.107531
5.81003 0.00999759
5.81015 0.00980648
5.81015 0.00980648
5.81015 0.00980648
5.8105 0.0101526
5.8105 0.00983309
5.8105 0.00983309
5.81113 0.111102
5.81341 0.0133817
5.81373 0.1137
5.81405 0.11402
5.81437 0.0143393
5.81469 0.11468
5.81513 0.115103
5.81576 0.0157333
5.81621 0.116177
5.81746 0.117451
5.81865 0.11862
5.81897 0.11894
5.82028 0.120255
5.8206 0.020575
5.82098 0.120956
5.82152 0.121493
5.82498 0.124954
5.82673 0.126704
5.82711 0.027087
5.82743 0.0274065
5.82875 0.128721
5.82907 0.12904
5.82942 0.129391
5.82996 0.129928
5.83028 0.130253
5.8304 0.0103824
5.8304 0.0103824
5.8304 0.0103824
5.8304 0.0103824
5.8304 0.0100629
5.8304 0.0100629
5.83053 0.0101913
5.83197 0.0319442
5.83229 0.132263
5.83588 0.0358492
5.83757 0.0375372
5.83816 0.0381367
5.83942 0.0393884
5.84129 0.041264
5.84342 0.143387
5.84395 0.0439248
5.84984 0.00982755
5.84984 0.00982755
5.84984 0.00982755
5.85015 0.0101426
5.85015 0.00982306
5.85015 0.00982306
5.85047 0.150441
5.85766 0.0576354
5.85823 0.0582038
5.86092 0.0608872
5.8613 0.0612689
5.86358 0.063548
5.8639 0.0638675
5.86605 0.0660221
5.86637 0.0663416
5.86986 0.00983256
5.86986 0.00983256
5.86986 0.00983256
5.87017 0.0101476
5.87017 0.00982807
5.87017 0.00982807
5.87105 0.0710491
5.87342 0.073396
5.87342 0.0733951
5.87682 0.0767939
5.87727 0.0772387
5.87973 0.0797081
5.88074 0.0807082
5.88236 0.0823341
5.88312 0.083089
5.88418 0.084155
5.88702 0.086994
5.88734 0.0873135
5.88734 0.0873135
5.88766 0.0876539
5.88842 0.088388
5.88874 0.0887132
5.88874 0.0887075
5.88905 0.089027
5.88984 0.00982616
5.88984 0.00982616
5.88984 0.00982616
5.89015 0.0101412
5.89015 0.00982167
5.89015 0.00982167
5.89091 0.0908785
5.89123 0.091198
5.89186 0.0918286
5.89277 0.0927391
5.89346 0.0934318
5.89459 0.09456
5.89736 0.0973367
5.89911 0.0990861
5.89943 0.0994056
5.90059 0.100565
5.90157 0.101539
5.90189 0.101858
5.90289 0.102862
5.9034 0.103368
5.90434 0.10431
5.90534 0.105313
5.90607 0.106037
5.90638 0.106357
5.90758 0.107547
5.91004 0.0100136
5.91017 0.00982253
5.91017 0.00982253
5.91017 0.00982253
5.91048 0.0101375
5.91048 0.00981804
5.91048 0.00981804
5.91111 0.111087
5.91339 0.0133667
5.91371 0.113685
5.91403 0.114005
5.91435 0.0143329
5.91467 0.114643
5.91515 0.115119
5.91575 0.0157269
5.91622 0.116193
5.91747 0.117445
5.91866 0.118636
5.91898 0.118956
5.92027 0.12024
5.92059 0.02056
5.921 0.120972
5.92151 0.121478
5.925 0.12497
5.92675 0.126721
5.92713 0.027103
5.92745 0.0274226
5.92873 0.128705
5.92905 0.129025
5.9294 0.129376
5.92997 0.129944
5.93029 0.130269
5.93042 0.0103985
5.93042 0.0103985
5.93042 0.0103985
5.93042 0.0103985
5.93042 0.010079
5.93042 0.010079
5.93055 0.0102074
5.93199 0.0319603
5.93231 0.132279
5.93586 0.0358341
5.93758 0.0375533
5.93815 0.0381216
5.9394 0.039382
5.94128 0.041249
5.94343 0.143403
5.94397 0.0439408
5.94982 0.0098125
5.94982 0.0098125
5.94982 0.0098125
5.95013 0.0101275
5.95013 0.00980801
5.95013 0.00980801
5.95045 0.150426
5.95765 0.0576204
5.95822 0.0581887
5.96093 0.0609032
5.96131 0.061285
5.96359 0.063564
5.96391 0.0638835
5.96607 0.0660382
5.96638 0.0663577
5.96984 0.00981751
5.96984 0.00981751
5.96984 0.00981751
5.97016 0.0101325
5.97016 0.00981302
5.97016 0.00981302
5.97107 0.07106
5.97341 0.0733887
5.97341 0.073381
5.97684 0.0768186
5.97728 0.0772548
5.97972 0.0796962
5.98075 0.0807243
5.98238 0.0823501
5.9831 0.083074
5.9842 0.0841711
5.98704 0.08701
5.98736 0.0873295
5.98736 0.0873295
5.98768 0.0876509
5.98843 0.088404
5.98875 0.0887292
5.98875 0.0887235
5.98907 0.089043
5.98982 0.00981111
5.98982 0.00981111
5.98982 0.00981111
5.99014 0.0101261
5.99014 0.00980662
5.99014 0.00980662
5.99089 0.0908635
5.99121 0.091183
5.99187 0.0918446
5.99278 0.0927551
5.99344 0.0934168
5.99457 0.094545
5.99738 0.0973528
5.9991 0.0990797
5.99942 0.0993992
6.00058 0.100559
6.00158 0.101555
6.0019 0.101874
6.00291 0.102878
6.00341 0.103384
6.00432 0.104289
6.00532 0.105292
6.00604 0.106016
6.00636 0.106336
6.00755 0.107526
6.01002 0.00999263
6.01015 0.00980151
6.01015 0.00980151
6.01015 0.00980151
6.01046 0.0101165
6.01046 0.00979702
6.01046 0.00979702
6.01112 0.111097
6.0134 0.0133767
6.01372 0.113695
6.01404 0.114015
6.01436 0.0143516
6.01468 0.114662
6.01512 0.115098
6.01572 0.0157145
6.0162 0.116172
6.01742 0.117402
6.01864 0.118615
6.01896 0.118935
6.02025 0.120219
6.02057 0.020539
6.02098 0.120951
6.02148 0.121457
6.02498 0.124949
6.02673 0.126699
6.02711 0.027082
6.02743 0.0274015
6.02874 0.128716
6.02906 0.129035
6.02938 0.129355
6.02995 0.129923
6.03027 0.130248
6.0304 0.0103775
6.0304 0.0103775
6.0304 0.0103775
6.0304 0.0103775
6.0304 0.0100579
6.0304 0.0100579
6.03053 0.0101863
6.03197 0.0319393
6.03229 0.132258
6.03587 0.0358442
6.03756 0.0375323
6.03816 0.0381317
6.03938 0.0393696
6.04125 0.041228
6.04341 0.143382
6.04395 0.0439198
6.04983 0.00982259
6.04983 0.00982259
6.04983 0.00982259
6.05014 0.0101376
6.05014 0.0098181
6.05014 0.0098181
6.05046 0.150436
6.05763 0.0575994
6.05819 0.0581677
6.06091 0.0608822
6.06129 0.0612639
6.06354 0.0635119
6.06386 0.0638314
6.06604 0.0660171
6.06636 0.0663367
6.06985 0.0098276
6.06985 0.0098276
6.06985 0.0098276
6.07017 0.0101426
6.07017 0.0098231
6.07017 0.0098231
6.07108 0.0710649
6.07339 0.0733763
6.07371 0.0736794
6.07679 0.0767835
6.07727 0.0772422
6.0797 0.0796868
6.08074 0.0807117
6.08236 0.0823376
6.08309 0.0830614
6.08418 0.0841585
6.08702 0.0869975
6.08734 0.087317
6.08734 0.087317
6.08766 0.0876505
6.08842 0.0883915
6.08874 0.0887167
6.08874 0.088711
6.08906 0.0890305
6.08981 0.00979856
6.08981 0.00979856
6.08981 0.00979856
6.09015 0.0101447
6.09015 0.00982517
6.09015 0.00982517
6.09088 0.0908509
6.0912 0.0911704
6.09186 0.0918321
6.09277 0.0927426
6.09343 0.0934042
6.09456 0.0945324
6.09737 0.0973402
6.09909 0.0990758
6.09941 0.0993953
6.10053 0.100523
6.10157 0.101542
6.10189 0.101862
6.10286 0.102834
6.1034 0.103371
6.10431 0.104282
6.10531 0.105286
6.10604 0.10601
6.10636 0.106329
6.10755 0.10752
6.11004 0.0100172
6.11017 0.00982603
6.11017 0.00982603
6.11017 0.00982603
6.11049 0.010141
6.11049 0.00982154
6.11049 0.00982154
6.11112 0.11109
6.1134 0.0133702
6.11372 0.113689
6.11403 0.114008
6.11403 0.0140342
6.1146 0.114593
6.11511 0.115083
6.11574 0.0157392
6.11621 0.116188
6.11744 0.117426
6.11866 0.118631
6.11898 0.118951
6.12026 0.120235
6.12058 0.020555
6.12096 0.120936
6.12147 0.121442
6.12499 0.124965
6.12674 0.126716
6.12712 0.0270981
6.12712 0.0270981
6.12872 0.128692
6.12904 0.129012
6.12939 0.129362
6.12996 0.12993
6.13028 0.130256
6.1304 0.010385
6.1304 0.010385
6.1304 0.010385
6.1304 0.010385
6.1304 0.0100655
6.1304 0.0100655
6.13053 0.0101939
6.13197 0.0319468
6.13229 0.132266
6.13585 0.0358207
6.13753 0.0375088
6.13813 0.0381082
6.13936 0.0393547
6.14126 0.0412355
6.14342 0.143389
6.14392 0.0438963
6.1498 0.00979907
6.1498 0.00979907
6.1498 0.00979907
6.15015 0.0101452
6.15015 0.00982568
6.15015 0.00982568
6.15047 0.150444
6.1576 0.0575758
6.1582 0.0581753
6.16088 0.0608587
6.1613 0.0612715
6.16354 0.0635195
6.16386 0.063839
6.16605 0.0660247
6.16637 0.0663442
6.16983 0.00980408
6.16983 0.00980408
6.16983 0.00980408
6.17014 0.0101191
6.17014 0.00979959
6.17014 0.00979959
6.17105 0.0710362
6.17339 0.0733675
6.17339 0.0733925
6.17679 0.0767913
6.17724 0.0772102
6.1797 0.079689
6.18071 0.0806797
6.18236 0.0823367
6.18305 0.0830295
6.18421 0.0841888
6.18702 0.0869966
6.18734 0.0873161
6.18734 0.0873161
6.18769 0.0876617
6.18838 0.0883595
6.1887 0.0886847
6.1887 0.088679
6.18902 0.0889985
6.18981 0.00979768
6.18981 0.00979768
6.18981 0.00979768
6.19015 0.0101438
6.19015 0.00982429
6.19015 0.00982429
6.19091 0.0908811
6.19123 0.0912006
6.19186 0.0918312
6.19277 0.0927417
6.19346 0.0934344
6.19456 0.0945315
6.19736 0.0973394
6.19908 0.0990835
6.1994 0.099403
6.20053 0.100531
6.20157 0.101541
6.20189 0.101861
6.20286 0.102833
6.2034 0.103371
6.20428 0.10425
6.20531 0.105285
6.20603 0.106009
6.20635 0.106328
6.20754 0.107519
6.21004 0.0100163
6.21017 0.00982515
6.21017 0.00982515
6.21017 0.00982515
6.21048 0.0101402
6.21048 0.00982066
6.21048 0.00982066
6.21111 0.111089
6.21339 0.0133693
6.21371 0.113688
6.21403 0.114007
6.21435 0.0143303
6.21467 0.114671
6.21512 0.11509
6.21575 0.0157243
6.21619 0.116165
6.21744 0.117442
6.21866 0.118639
6.21898 0.118959
6.22024 0.120211
6.22056 0.0205315
6.22097 0.120943
6.22148 0.12145
6.22497 0.124942
6.22675 0.126723
6.2271 0.0270746
6.22742 0.0273941
6.2287 0.128677
6.22902 0.128996
6.2294 0.129378
6.22994 0.129915
6.23026 0.130241
6.23039 0.01037
6.23039 0.01037
6.23039 0.01037
6.23039 0.01037
6.23039 0.0100505
6.23039 0.0100505
6.23052 0.0101789
6.23196 0.0319318
6.23228 0.13225
6.23583 0.0358056
6.23755 0.0375248
6.23815 0.0381243
6.23937 0.0393483
6.24128 0.0412516
6.24343 0.143405
6.24394 0.0439124
6.24982 0.00981512
6.24982 0.00981512
6.24982 0.00981512
6.25013 0.0101301
6.25013 0.00981063
6.25013 0.00981063
6.25045 0.150429
6.25762 0.0575919
6.25818 0.0581602
6.2609 0.0608748
6.26128 0.0612565
6.26353 0.0635044
6.26385 0.0638239
6.26603 0.0660097
6.26635 0.0663292
6.26984 0.00982013
6.26984 0.00982013
6.26984 0.00982013
6.27016 0.0101351
6.27016 0.00981564
6.27016 0.00981564
6.27107 0.0710471
6.27338 0.0733525
6.2737 0.0736745
6.27682 0.0767934
6.27723 0.0772037
6.27969 0.0796895
6.2807 0.0806731
6.28235 0.0823301
6.28308 0.083054
6.28421 0.0841822
6.28701 0.08699
6.28733 0.0873095
6.28733 0.0873095
6.28768 0.0876672
6.28841 0.088384
6.28873 0.0887092
6.28873 0.0887035
6.28905 0.089023
6.28983 0.0098222
6.28983 0.0098222
6.28983 0.0098222
6.29014 0.0101372
6.29014 0.00981771
6.29014 0.00981771
6.2909 0.0908746
6.29122 0.0911941
6.29185 0.0918246
6.29276 0.0927351
6.29345 0.0934279
6.29455 0.094525
6.29739 0.0973639
6.29911 0.0990856
6.29943 0.0994051
6.30052 0.100502
6.30156 0.101535
6.30188 0.101854
6.30285 0.102827
6.30339 0.103364
6.3043 0.104275
6.3053 0.105278
6.30603 0.106002
6.30635 0.106322
6.30757 0.107543
6.31003 0.0100097
6.31016 0.00981857
6.31016 0.00981857
6.31016 0.00981857
6.31048 0.0101336
6.31048 0.00981408
6.31048 0.00981408
6.31111 0.111083
6.31339 0.0133627
6.31371 0.113681
6.31403 0.114001
6.31435 0.0143324
6.31466 0.114642
6.31511 0.115084
6.31574 0.0157264
6.31618 0.116158
6.31747 0.117445
6.31866 0.118632
6.31898 0.118952
6.32023 0.120205
6.32055 0.0205249
6.32096 0.120937
6.32147 0.121443
6.32499 0.124966
6.32674 0.126717
6.32712 0.0270991
6.32712 0.0270991
6.32872 0.128693
6.32904 0.129013
6.32939 0.129363
6.32996 0.129931
6.33028 0.130257
6.3304 0.010386
6.3304 0.010386
6.3304 0.010386
6.3304 0.010386
6.3304 0.0100665
6.3304 0.0100665
6.33053 0.0101949
6.33194 0.0319167
6.33226 0.132235
6.33585 0.0358217
6.33753 0.0375098
6.33813 0.0381092
6.33939 0.039373
6.34126 0.0412365
6.34342 0.14339
6.34392 0.0438973
6.3498 0.00980007
6.3498 0.00980007
6.3498 0.00980007
6.35015 0.0101462
6.35015 0.00982668
6.35015 0.00982668
6.35047 0.150445
6.3576 0.0575769
6.3582 0.0581763
6.36088 0.0608597
6.3613 0.0612725
6.36354 0.0635205
6.36386 0.06384
6.36605 0.0660257
6.36637 0.0663452
6.36983 0.00980508
6.36983 0.00980508
6.36983 0.00980508
6.37014 0.0101201
6.37014 0.00980059
6.37014 0.00980059
6.37105 0.0710269
6.37339 0.0733685
6.37371 0.0736992
6.3768 0.076787
6.37724 0.0772197
6.37971 0.0797087
6.38071 0.0806892
6.38234 0.0823151
6.38306 0.0830389
6.38419 0.0841671
6.387 0.086975
6.38732 0.0872945
6.38732 0.0872945
6.38767 0.0876643
6.38839 0.0883689
6.38871 0.0886942
6.38871 0.0886884
6.38903 0.089008
6.38981 0.00980715
6.38981 0.00980715
6.38981 0.00980715
6.39013 0.0101222
6.39013 0.00980266
6.39013 0.00980266
6.39088 0.0908595
6.3912 0.091179
6.39186 0.0918407
6.39274 0.09272
6.39344 0.0934128
6.39453 0.0945099
6.39737 0.0973488
6.39909 0.0990792
6.39941 0.0993987
6.40054 0.100527
6.40154 0.10152
6.40186 0.101839
6.40287 0.102843
6.40337 0.103349
6.40428 0.104259
6.40532 0.105294
6.40604 0.106018
6.40636 0.106338
6.40755 0.107528
6.41002 0.00999463
6.41015 0.00980352
6.41015 0.00980352
6.41015 0.00980352
6.41046 0.0101185
6.41046 0.00979902
6.41046 0.00979902
6.41112 0.111099
6.4134 0.0133787
6.41372 0.113697
6.41404 0.114017
6.41404 0.0140376
6.41461 0.114596
6.41512 0.115091
6.41575 0.0157426
6.41619 0.116166
6.41744 0.11743
6.41866 0.11864
6.41898 0.11896
6.42024 0.120212
6.42056 0.0205325
6.42097 0.120944
6.42147 0.121451
6.42497 0.124943
6.42672 0.126693
6.4271 0.0270756
6.42742 0.0273951
6.4287 0.128678
6.42902 0.128997
6.42937 0.129348
6.42994 0.129916
6.43026 0.130242
6.43039 0.010371
6.43039 0.010371
6.43039 0.010371
6.43039 0.010371
6.43039 0.0100515
6.43039 0.0100515
6.43052 0.0101799
6.43196 0.0319328
6.43228 0.132251
6.43583 0.0358066
6.43755 0.0375258
6.43812 0.0380942
6.43937 0.0393666
6.44124 0.0412215
6.44343 0.143406
6.44394 0.0439134
6.44982 0.00981613
6.44982 0.00981613
6.44982 0.00981613
6.45013 0.0101311
6.45013 0.00981163
6.45013 0.00981163
6.45045 0.15043
6.45762 0.0575929
6.45818 0.0581612
6.4609 0.0608758
6.46128 0.0612575
6.46353 0.0635054
6.46385 0.0638249
6.46603 0.0660107
6.46635 0.0663302
6.46984 0.00982113
6.46984 0.00982113
6.46984 0.00982113
6.47016 0.0101361
6.47016 0.00981664
6.47016 0.00981664
6.47107 0.0710378
6.47338 0.0733535
6.4737 0.0736928
6.47678 0.0767805
6.47723 0.0772047
6.47972 0.0796967
6.4807 0.0806741
6.48235 0.0823311
6.48308 0.083055
6.48421 0.0841832
6.48701 0.086991
6.48733 0.0873105
6.48733 0.0873105
6.48768 0.0876613
6.48841 0.088385
6.48873 0.0887102
6.48873 0.0887045
6.48905 0.089024
6.48983 0.0098232
6.48983 0.0098232
6.48983 0.0098232
6.49014 0.0101382
6.49014 0.00981871
6.49014 0.00981871
6.4909 0.0908756
6.49122 0.0911951
6.49185 0.0918256
6.49276 0.0927361
6.49345 0.0934289
6.49455 0.094526
6.49739 0.0973649
6.49908 0.0990728
6.4994 0.0993923
6.50052 0.10052
6.50156 0.101536
6.50188 0.101855
6.50285 0.102828
6.50339 0.103365
6.5043 0.104276
6.50533 0.10531
6.50603 0.106003
6.50635 0.106323
6.50757 0.107544
6.51003 0.0100107
6.51016 0.00981957
6.51016 0.00981957
6.51016 0.00981957
6.51048 0.0101346
6.51048 0.00981508
6.51048 0.00981508
6.51111 0.111084
6.51339 0.0133637
6.51371 0.113682
6.51402 0.114002
6.51434 0.0143196
6.51466 0.114661
6.51511 0.115085
6.51574 0.0157135
6.51618 0.116159
6.51743 0.117432
6.51866 0.118633
6.51898 0.118953
6.52023 0.120206
6.52055 0.0205259
6.52096 0.120938
6.52147 0.121444
6.52499 0.124967
6.52674 0.126718
6.52712 0.0271001
6.52712 0.0271001
6.52872 0.128694
6.52904 0.129014
6.52939 0.129364
6.52996 0.129932
6.53028 0.130258
6.5304 0.010387
6.5304 0.010387
6.5304 0.010387
6.5304 0.010387
6.5304 0.0100675
6.5304 0.0100675
6.53053 0.0101959
6.53194 0.0319177
6.53226 0.132236
6.53584 0.0358227
6.53753 0.0375108
6.53813 0.0381102
6.53939 0.0393602
6.54126 0.0412375
6.54341 0.143391
6.54392 0.0438983
6.5498 0.00980107
6.5498 0.00980107
6.5498 0.00980107
6.55015 0.0101472
6.55015 0.00982768
6.55015 0.00982768
6.55047 0.150446
6.5576 0.0575779
6.5582 0.0581773
6.56088 0.0608607
6.5613 0.0612735
6.56354 0.0635215
6.56386 0.063841
6.56605 0.0660267
6.56637 0.0663462
6.56982 0.00980608
6.56982 0.00980608
6.56982 0.00980608
6.57014 0.0101211
6.57014 0.00980159
6.57014 0.00980159
6.57105 0.0710486
6.57339 0.0733695
6.57371 0.0736864
6.5768 0.0767741
6.57724 0.0772207
6.57971 0.0796848
6.58071 0.0806902
6.58234 0.0823161
6.58306 0.0830399
6.58419 0.0841681
6.587 0.086976
6.58732 0.0872955
6.58732 0.0872955
6.58767 0.0876584
6.58839 0.0883699
6.58871 0.0886952
6.58871 0.0886895
6.58903 0.089009
6.58981 0.00980815
6.58981 0.00980815
6.58981 0.00980815
6.59013 0.0101232
6.59013 0.00980366
6.59013 0.00980366
6.59088 0.0908605
6.5912 0.09118
6.59186 0.0918417
6.59274 0.092721
6.59344 0.0934138
6.59453 0.0945109
6.59737 0.0973498
6.59909 0.0990664
6.59941 0.0993859
6.60054 0.100514
6.60154 0.101521
6.60186 0.10184
6.60287 0.102844
6.60337 0.10335
6.60428 0.10426
6.60532 0.105295
6.60604 0.106019
6.60636 0.106339
6.60755 0.107529
6.61002 0.00999564
6.61015 0.00980452
6.61015 0.00980452
6.61015 0.00980452
6.61046 0.0101195
6.61046 0.00980003
6.61046 0.00980003
6.61112 0.1111
6.6134 0.0133798
6.61372 0.113698
6.61404 0.114018
6.61436 0.0143443
6.61468 0.114654
6.61509 0.11507
6.61575 0.0157382
6.6162 0.116175
6.61745 0.117425
6.61867 0.11865
6.61899 0.118969
6.62024 0.120222
6.62056 0.020542
6.62098 0.120954
6.62145 0.121429
6.62497 0.124952
6.62672 0.126703
6.62711 0.027085
6.62743 0.0274045
6.62871 0.128687
6.62903 0.129007
6.62938 0.129358
6.62995 0.129926
6.63027 0.130251
6.6304 0.0103805
6.6304 0.0103805
6.6304 0.0103805
6.6304 0.0103805
6.6304 0.010061
6.6304 0.010061
6.63052 0.0101893
6.63196 0.0319423
6.63228 0.132261
6.63584 0.0358161
6.63753 0.0375042
6.63813 0.0381036
6.63938 0.0393622
6.64125 0.041231
6.64341 0.143385
6.64391 0.0438917
6.64983 0.00982559
6.64983 0.00982559
6.64983 0.00982559
6.65014 0.0101406
6.65014 0.0098211
6.65014 0.0098211
6.65046 0.150439
6.65762 0.0576024
6.65819 0.0581707
6.66088 0.0608541
6.66129 0.0612669
6.66354 0.0635149
6.66386 0.0638344
6.66604 0.0660202
6.66636 0.0663397
6.66982 0.0097995
6.66982 0.0097995
6.66982 0.0097995
6.67016 0.0101456
6.67016 0.00982611
6.67016 0.00982611
6.67104 0.0710369
6.67338 0.0733629
6.6737 0.0736884
6.67679 0.0767762
6.67724 0.0772141
6.67973 0.0797124
6.68071 0.0806836
6.68236 0.0823406
6.68305 0.0830333
6.68418 0.0841616
6.68699 0.0869694
6.68731 0.0872889
6.68731 0.0872889
6.68769 0.0876639
6.68838 0.0883634
6.6887 0.0886886
6.6887 0.0886829
6.68902 0.0890024
6.68981 0.00980157
6.68981 0.00980157
6.68981 0.00980157
6.69012 0.0101166
6.69012 0.00979708
6.69012 0.00979708
6.69088 0.0908539
6.69119 0.0911734
6.69186 0.0918351
6.69277 0.0927456
6.69343 0.0934072
6.69453 0.0945043
6.69736 0.0973433
6.69908 0.0990684
6.6994 0.0993879
6.70053 0.100516
6.70154 0.101514
6.70185 0.101833
6.70286 0.102837
6.70336 0.103343
6.70428 0.104254
6.70531 0.105289
6.70603 0.106013
6.70635 0.106332
6.70754 0.107523
6.71001 0.00998905
6.71014 0.00979794
6.71014 0.00979794
6.71014 0.00979794
6.71048 0.0101441
6.71048 0.00982455
6.71048 0.00982455
6.71111 0.111093
6.71339 0.0133732
6.71371 0.113692
6.71403 0.114011
6.71435 0.0143463
6.71467 0.114656
6.71512 0.115094
6.71575 0.0157403
6.71619 0.116169
6.71744 0.117427
6.71866 0.118643
6.71898 0.118962
6.72024 0.120215
6.72056 0.0205354
6.72097 0.120947
6.72147 0.121454
6.72497 0.124946
6.72672 0.126696
6.7271 0.0270785
6.72742 0.027398
6.7287 0.128681
6.72902 0.129
6.72937 0.129351
6.72994 0.129919
6.73026 0.130245
6.73039 0.0103739
6.73039 0.0103739
6.73039 0.0103739
6.73039 0.0103739
6.73039 0.0100544
6.73039 0.0100544
6.73052 0.0101828
6.73196 0.0319357
6.73228 0.132254
6.73583 0.0358095
6.73755 0.0375287
6.73812 0.038097
6.73937 0.0393643
6.74124 0.0412244
6.74343 0.143409
6.74394 0.0439163
6.74982 0.00981901
6.74982 0.00981901
6.74982 0.00981901
6.75013 0.010134
6.75013 0.00981452
6.75013 0.00981452
6.75045 0.150433
6.75762 0.0575958
6.75818 0.0581641
6.7609 0.0608786
6.76128 0.0612604
6.76353 0.0635083
6.76385 0.0638278
6.76603 0.0660136
6.76635 0.0663331
6.76984 0.00982402
6.76984 0.00982402
6.76984 0.00982402
6.77016 0.010139
6.77016 0.00981953
6.77016 0.00981953
6.77104 0.0710251
6.77338 0.0733564
6.7737 0.0736905
6.77678 0.0767783
6.77723 0.0772075
6.77972 0.079709
6.7807 0.080677
6.78235 0.082334
6.78305 0.0830268
6.78421 0.0841861
6.78701 0.0869939
6.78733 0.0873134
6.78733 0.0873134
6.78768 0.0876694
6.78841 0.0883879
6.78873 0.0887131
6.78873 0.0887074
6.78905 0.0890269
6.78983 0.00982609
6.78983 0.00982609
6.78983 0.00982609
6.79014 0.0101411
6.79014 0.0098216
6.79014 0.0098216
6.7909 0.0908784
6.79122 0.091198
6.79185 0.0918285
6.79276 0.092739
6.79345 0.0934317
6.79455 0.0945288
6.79736 0.0973367
6.79908 0.0990705
6.7994 0.09939
6.80052 0.100518
6.80153 0.101507
6.80185 0.101827
6.80285 0.102831
6.80339 0.103368
6.8043 0.104278
6.8053 0.105282
6.80603 0.106006
6.80635 0.106326
6.80754 0.107516
6.81003 0.0100136
6.81016 0.00982246
6.81016 0.00982246
6.81016 0.00982246
6.81048 0.0101375
6.81048 0.00981796
6.81048 0.00981796
6.81111 0.111087
6.81339 0.0133666
6.81371 0.113685
6.81403 0.114005
6.81434 0.0143173
6.81466 0.114658
6.81511 0.115088
6.81577 0.0157424
6.81618 0.116162
6.81744 0.117429
6.81866 0.118636
6.81898 0.118956
6.82023 0.120208
6.82055 0.0205288
6.82096 0.120941
6.82147 0.121447
6.82496 0.124939
6.82674 0.12672
6.82712 0.027103
6.82712 0.027103
6.82872 0.128697
6.82904 0.129016
6.82939 0.129367
6.82996 0.129935
6.83028 0.130261
6.8304 0.0103899
6.8304 0.0103899
6.8304 0.0103899
6.8304 0.0103899
6.8304 0.0100704
6.8304 0.0100704
6.83053 0.0101988
6.83194 0.0319206
6.83226 0.132239
6.83585 0.0358256
6.83753 0.0375136
6.83813 0.0381131
6.83939 0.0393579
6.84126 0.0412404
6.84341 0.143394
6.84392 0.0439012
6.84983 0.00980396
6.84983 0.00980396
6.84983 0.00980396
6.85015 0.010119
6.85015 0.00979947
6.85015 0.00979947
6.85047 0.150449
6.8576 0.0575807
6.8582 0.0581802
6.86088 0.0608636
6.8613 0.0612764
6.86354 0.0635244
6.86386 0.0638439
6.86602 0.0659985
6.86634 0.066318
6.86983 0.00980897
6.86983 0.00980897
6.86983 0.00980897
6.87014 0.010124
6.87014 0.00980447
6.87014 0.00980447
6.87105 0.071036
6.87339 0.0733724
6.87371 0.0736841
6.87683 0.0768029
6.87724 0.0772236
6.87971 0.079697
6.88071 0.0806931
6.88234 0.082319
6.88306 0.0830428
6.88419 0.084171
6.887 0.0869789
6.88732 0.0872984
6.88732 0.0872984
6.88767 0.0876665
6.88839 0.0883728
6.88871 0.088698
6.88871 0.0886923
6.88903 0.0890118
6.88981 0.00981104
6.88981 0.00981104
6.88981 0.00981104
6.89013 0.0101261
6.89013 0.00980654
6.89013 0.00980654
6.89088 0.0908634
6.8912 0.0911829
6.89186 0.0918446
6.89274 0.0927239
6.89344 0.0934167
6.89453 0.0945138
6.89737 0.0973527
6.89909 0.0990641
6.89941 0.0993836
6.90054 0.100512
6.90154 0.101523
6.90186 0.101843
6.90287 0.102847
6.90337 0.103353
6.90428 0.104263
6.90532 0.105298
6.90601 0.105991
6.90633 0.106311
6.90755 0.107532
6.91002 0.00999852
6.91015 0.0098074
6.91015 0.0098074
6.91015 0.0098074
6.91046 0.0101224
6.91046 0.00980291
6.91046 0.00980291
6.91112 0.111103
6.9134 0.0133826
6.91372 0.113701
6.91404 0.114021
6.91436 0.014342
6.91468 0.114652
6.91509 0.115073
6.91575 0.0157359
6.9162 0.116178
6.91745 0.117423
6.91864 0.118621
6.91896 0.118941
6.92024 0.120225
6.92056 0.0205448
6.92098 0.120957
6.92145 0.121432
6.92497 0.124955
6.92673 0.126705
6.92711 0.0270879
6.92743 0.0274074
6.92871 0.12869
6.92903 0.12901
6.92938 0.12936
6.92995 0.129929
6.93027 0.130254
6.9304 0.0103833
6.9304 0.0103833
6.9304 0.0103833
6.9304 0.0103833
6.9304 0.0100638
6.9304 0.0100638
6.93052 0.0101922
6.93193 0.031914
6.93225 0.132233
6.93584 0.035819
6.93753 0.0375071
6.93813 0.0381065
6.93938 0.0393599
6.94125 0.0412338
6.94341 0.143388
6.94391 0.0438946
6.94983 0.00979738
6.94983 0.00979738
6.94983 0.00979738
6.95017 0.0101435
6.95017 0.00982399
6.95017 0.00982399
6.95049 0.150473
6.95762 0.0576053
6.95819 0.0581736
6.96088 0.060857
6.96129 0.0612698
6.96354 0.0635178
6.96386 0.0638373
6.96604 0.066023
6.96636 0.0663425
6.96982 0.00980238
6.96982 0.00980238
6.96982 0.00980238
6.97013 0.0101174
6.97013 0.00979789
6.97013 0.00979789
6.97107 0.0710553
6.97338 0.0733658
6.9737 0.0736861
6.97679 0.0767739
6.97724 0.077217
6.9797 0.0796936
6.98071 0.0806865
6.98233 0.0823124
6.98306 0.0830362
6.98418 0.0841644
6.98699 0.0869723
6.98731 0.0872918
6.98731 0.0872918
6.98769 0.087672
6.98839 0.0883662
6.9887 0.0886915
6.9887 0.0886858
6.98902 0.0890053
6.98981 0.00980445
6.98981 0.00980445
6.98981 0.00980445
6.99012 0.0101195
6.99012 0.00979996
6.99012 0.00979996
6.99088 0.0908568
6.9912 0.0911763
6.99186 0.091838
6.99274 0.0927173
6.99343 0.0934101
6.99453 0.0945072
6.99737 0.0973461
6.99908 0.0990661
6.9994 0.0993856
7.00053 0.100514
7.00154 0.101517
7.00186 0.101836
7.00286 0.10284
7.00337 0.103346
7.00428 0.104257
7.0053 0.105286
7.00603 0.10601
7.00635 0.106329
7.00751 0.107488
7.01 0.00998608
7.01013 0.00979496
7.01013 0.00979496
7.01013 0.00979496
7.01045 0.01011
7.01045 0.00979047
7.01045 0.00979047
7.01111 0.11109
7.01339 0.0133702
7.01339 0.113369
7.01396 0.113938
7.01428 0.0142675
7.01463 0.114609
7.0151 0.115083
7.01573 0.0157237
7.01618 0.116157
7.01743 0.117411
7.01865 0.118631
7.01897 0.118951
7.02022 0.120204
7.02054 0.0205239
7.02095 0.120936
7.02146 0.121442
7.02495 0.124934
7.02673 0.126716
7.02709 0.027067
7.0274 0.0273865
7.02869 0.128669
7.02901 0.128989
7.02939 0.129371
7.02993 0.129908
7.03025 0.130233
7.03037 0.0103624
7.03037 0.0103624
7.03037 0.0103624
7.03037 0.0103624
7.03037 0.0100429
7.03037 0.0100429
7.0305 0.0101713
7.03194 0.0319242
7.03226 0.132243
7.03582 0.0357981
7.03754 0.0375173
7.0381 0.0380856
7.03936 0.0393477
7.04123 0.0412129
7.04342 0.143398
7.04392 0.0439048
7.04984 0.00980757
7.04984 0.00980757
7.04984 0.00980757
7.05015 0.0101226
7.05015 0.00980308
7.05015 0.00980308
7.05047 0.150452
7.0576 0.0575843
7.05817 0.0581527
7.06085 0.0608361
7.06127 0.0612489
7.06352 0.0634969
7.06383 0.0638164
7.06602 0.0660021
7.06634 0.0663216
7.06983 0.00981258
7.06983 0.00981258
7.06983 0.00981258
7.07014 0.0101276
7.07014 0.00980808
7.07014 0.00980808
7.07105 0.0710292
7.07336 0.0733449
7.07368 0.0736739
7.0768 0.0767927
7.07721 0.0771961
7.07968 0.0796758
7.08068 0.0806656
7.08234 0.0823226
7.08303 0.0830153
7.08419 0.0841746
7.087 0.0869825
7.08732 0.087302
7.08732 0.087302
7.08767 0.0876632
7.08839 0.0883764
7.08871 0.0887016
7.08871 0.0886959
7.08903 0.0890155
7.08982 0.00981465
7.08982 0.00981465
7.08982 0.00981465
7.09013 0.0101297
7.09013 0.00981015
7.09013 0.00981015
7.09089 0.090867
7.0912 0.0911865
7.09184 0.0918171
7.09275 0.0927275
7.09344 0.0934203
7.0945 0.0944863
7.09737 0.0973563
7.09906 0.0990539
7.09938 0.0993734
7.10048 0.10047
7.10155 0.101527
7.10186 0.101847
7.10284 0.102819
7.10337 0.103356
7.10425 0.104236
7.10532 0.105302
7.10601 0.105995
7.10633 0.106314
7.10752 0.107505
7.11002 0.0100021
7.11015 0.00981101
7.11015 0.00981101
7.11015 0.00981101
7.11046 0.010126
7.11046 0.00980652
7.11046 0.00980652
7.11109 0.111075
7.1134 0.113385
7.1134 0.0133862
7.11394 0.113923
7.11426 0.01423
7.11461 0.114602
7.11505 0.115037
7.11575 0.0157173
7.11619 0.116173
7.11744 0.117435
7.11863 0.118616
7.11895 0.118936
7.12021 0.120189
7.12053 0.0205089
7.12094 0.120921
7.12141 0.121396
7.12497 0.12495
7.12672 0.126701
7.1271 0.0270831
7.1271 0.0270831
7.12866 0.128646
7.12898 0.128965
7.12937 0.129347
7.12993 0.129915
7.13025 0.130241
7.13038 0.01037
7.13038 0.01037
7.13038 0.01037
7.13038 0.01037
7.13038 0.0100505
7.13038 0.0100505
7.13051 0.0101789
7.13192 0.0319007
7.13224 0.132219
7.13579 0.0357746
7.13751 0.0374937
7.13811 0.0380932
7.13936 0.0393328
7.14124 0.0412205
7.14339 0.143374
7.1439 0.0438813
7.14984 0.00981516
7.14984 0.00981516
7.14984 0.00981516
7.15016 0.0101302
7.15016 0.00981066
7.15016 0.00981066
7.15048 0.15046
7.15758 0.0575608
7.15815 0.0581292
7.16086 0.0608437
7.16127 0.0612565
7.16349 0.0634734
7.16381 0.0637929
7.16603 0.0660097
7.16635 0.0663292
7.16983 0.00982016
7.16983 0.00982016
7.16983 0.00982016
7.17015 0.0101352
7.17015 0.00981567
7.17015 0.00981567
7.17106 0.0710316
7.17337 0.0733525
7.17369 0.073659
7.17681 0.0767779
7.17722 0.0772037
7.17969 0.0796865
7.18066 0.0806421
7.18232 0.082299
7.18301 0.0829918
7.1842 0.0841822
7.18698 0.0869589
7.1873 0.0872785
7.1873 0.0872785
7.18768 0.0876518
7.18837 0.0883529
7.18869 0.0886781
7.18869 0.0886724
7.18901 0.0889919
7.18982 0.00979113
7.18982 0.00979113
7.18982 0.00979113
7.19017 0.0101372
7.19017 0.00981774
7.19017 0.00981774
7.19089 0.0908746
7.19121 0.0911941
7.19187 0.0918557
7.19275 0.0927351
7.19345 0.0934279
7.19451 0.0944939
7.19738 0.0973639
7.1991 0.0990701
7.19942 0.0993896
7.20052 0.100487
7.20152 0.101504
7.20184 0.101823
7.20281 0.102796
7.20335 0.103333
7.20423 0.104212
7.20533 0.105309
7.20599 0.105971
7.20631 0.106291
7.20753 0.107512
7.21003 0.0100097
7.21015 0.0098186
7.21015 0.0098186
7.21015 0.0098186
7.21047 0.0101336
7.21047 0.00981411
7.21047 0.00981411
7.2111 0.111083
7.21338 0.113362
7.2137 0.0136822
7.21402 0.114001
7.21434 0.0143169
7.21466 0.114627
7.21507 0.115053
7.21573 0.0157109
7.21618 0.116158
7.21746 0.117429
7.21865 0.118632
7.21897 0.118952
7.22022 0.120205
7.22054 0.0205249
7.22092 0.120906
7.22143 0.121412
7.22495 0.124935
7.22673 0.126717
7.22708 0.027068
7.2274 0.0273875
7.22869 0.12867
7.22901 0.12899
7.22939 0.129372
7.22993 0.129909
7.23025 0.130234
7.23037 0.0103634
7.23037 0.0103634
7.23037 0.0103634
7.23037 0.0103634
7.23037 0.0100439
7.23037 0.0100439
7.2305 0.0101723
7.23191 0.0318941
7.23223 0.132213
7.23582 0.0357991
7.2375 0.0374872
7.2381 0.0380866
7.23936 0.0393349
7.24123 0.0412139
7.24342 0.143399
7.24389 0.0438747
7.24984 0.00980857
7.24984 0.00980857
7.24984 0.00980857
7.25015 0.0101236
7.25015 0.00980408
7.25015 0.00980408
7.25047 0.150453
7.25757 0.0575542
7.25814 0.0581226
7.26085 0.0608371
7.26127 0.0612499
7.26348 0.0634668
7.2638 0.0637863
7.26602 0.0660031
7.26634 0.0663226
7.26983 0.00981358
7.26983 0.00981358
7.26983 0.00981358
7.27014 0.0101286
7.27014 0.00980909
7.27014 0.00980909
7.27102 0.0710199
7.27336 0.0733459
7.27368 0.0736611
7.2768 0.0767799
7.27721 0.0771971
7.27971 0.079687
7.28065 0.0806355
7.28231 0.0822925
7.28303 0.0830163
7.28419 0.0841756
7.28697 0.0869524
7.28729 0.0872719
7.28729 0.0872719
7.28767 0.0876573
7.28836 0.0883463
7.28868 0.0886715
7.28868 0.0886658
7.289 0.0889854
7.28985 0.00981565
7.28985 0.00981565
7.28985 0.00981565
7.29016 0.0101307
7.29016 0.00981116
7.29016 0.00981116
7.29088 0.090868
7.2912 0.0911875
7.29187 0.0918492
7.29275 0.0927285
7.29344 0.0934213
7.2945 0.0944873
7.29737 0.0973573
7.29909 0.0990722
7.29941 0.0993917
7.30051 0.100489
7.30151 0.101497
7.30183 0.101816
7.30281 0.102789
7.30334 0.103326
7.30425 0.104237
7.30532 0.105303
7.30601 0.105996
7.30633 0.106315
7.30752 0.107506
7.31002 0.0100031
7.31015 0.00981202
7.31015 0.00981202
7.31015 0.00981202
7.31046 0.010127
7.31046 0.00980752
7.31046 0.00980752
7.31112 0.111107
7.31337 0.113355
7.31369 0.0136757
7.31401 0.113994
7.31433 0.0143189
7.31465 0.114629
7.31506 0.115046
7.31572 0.0157129
7.31617 0.116152
7.31745 0.117431
7.31864 0.118626
7.31896 0.118945
7.32021 0.120198
7.32053 0.0205184
7.32092 0.120899
7.32142 0.121405
7.32498 0.12496
7.32673 0.12671
7.32711 0.0270925
7.32711 0.0270925
7.32867 0.128655
7.32899 0.128975
7.32937 0.129357
7.32994 0.129925
7.33026 0.13025
7.33039 0.0103795
7.33039 0.0103795
7.33039 0.0103795
7.33039 0.0103795
7.33039 0.01006
7.33039 0.01006
7.33052 0.0101884
7.33193 0.0319102
7.33225 0.132229
7.3358 0.035784
7.33752 0.0375032
7.33809 0.0380715
7.33934 0.0393284
7.34121 0.0411989
7.34343 0.143415
7.34388 0.0438597
7.34982 0.00979352
7.34982 0.00979352
7.34982 0.00979352
7.35017 0.0101396
7.35017 0.00982013
7.35017 0.00982013
7.35049 0.150469
7.35759 0.0575703
7.35815 0.0581386
7.36084 0.060822
7.36128 0.061266
7.3635 0.0634828
7.36382 0.0638023
7.366 0.0659881
7.36632 0.0663076
7.36981 0.00979853
7.36981 0.00979853
7.36981 0.00979853
7.37013 0.0101135
7.37013 0.00979404
7.37013 0.00979404
7.37104 0.0710308
7.37335 0.0733309
7.37367 0.0736546
7.37678 0.0767735
7.3772 0.0771821
7.37973 0.0797101
7.38067 0.0806515
7.38232 0.0823085
7.38302 0.0830013
7.38421 0.0841917
7.38698 0.0869684
7.3873 0.0872879
7.3873 0.0872879
7.38769 0.0876544
7.38838 0.0883624
7.3887 0.0886876
7.3887 0.0886819
7.38902 0.0890014
7.38983 0.0098006
7.38983 0.0098006
7.38983 0.0098006
7.39014 0.0101156
7.39014 0.00979611
7.39014 0.00979611
7.3909 0.0908841
7.39122 0.0912036
7.39185 0.0918341
7.39273 0.0927135
7.39345 0.0934374
7.39449 0.0944722
7.39736 0.0973423
7.39908 0.0990657
7.3994 0.0993853
7.40049 0.100482
7.40153 0.101513
7.40185 0.101832
7.40282 0.102805
7.40336 0.103342
7.40424 0.104222
7.4053 0.105288
7.406 0.105981
7.40632 0.1063
7.40754 0.107522
7.41 0.00998808
7.41013 0.00979697
7.41013 0.00979697
7.41013 0.00979697
7.41045 0.010112
7.41045 0.00979247
7.41045 0.00979247
7.41111 0.111092
7.41339 0.113371
7.41339 0.0133722
7.41392 0.113909
7.41424 0.0142419
7.41459 0.114583
7.41507 0.115054
7.41573 0.0157291
7.41618 0.116159
7.41743 0.117416
7.41865 0.118633
7.41897 0.118953
7.42022 0.120206
7.42054 0.0205259
7.42092 0.120907
7.42143 0.121413
7.42495 0.124936
7.42673 0.126718
7.42708 0.027069
7.4274 0.0273885
7.42869 0.128671
7.42901 0.128991
7.42936 0.129342
7.42993 0.12991
7.43025 0.130235
7.43037 0.0103644
7.43037 0.0103644
7.43037 0.0103644
7.43037 0.0103644
7.43037 0.0100449
7.43037 0.0100449
7.4305 0.0101733
7.43191 0.0318951
7.43223 0.132214
7.43581 0.0358001
7.4375 0.0374882
7.4381 0.0380876
7.43932 0.039322
7.44123 0.0412149
7.44342 0.1434
7.44389 0.0438757
7.44984 0.00980957
7.44984 0.00980957
7.44984 0.00980957
7.45015 0.0101246
7.45015 0.00980508
7.45015 0.00980508
7.45047 0.150454
7.45757 0.0575552
7.45814 0.0581236
7.46085 0.0608381
7.46127 0.0612509
7.46348 0.0634678
7.4638 0.0637873
7.46602 0.0660041
7.46634 0.0663236
7.46983 0.00981458
7.46983 0.00981458
7.46983 0.00981458
7.47014 0.0101296
7.47014 0.00981009
7.47014 0.00981009
7.47102 0.0710105
7.47336 0.0733469
7.47368 0.0736793
7.47677 0.0767671
7.47721 0.0771981
7.47971 0.0797021
7.48065 0.0806365
7.48231 0.0822935
7.48303 0.0830173
7.48419 0.0841766
7.48697 0.0869534
7.48729 0.0872729
7.48729 0.0872729
7.48767 0.0876514
7.48836 0.0883473
7.48868 0.0886725
7.48868 0.0886668
7.489 0.0889864
7.48985 0.00981665
7.48985 0.00981665
7.48985 0.00981665
7.49016 0.0101317
7.49016 0.00981216
7.49016 0.00981216
7.49088 0.090869
7.4912 0.0911885
7.49187 0.0918502
7.49274 0.0927295
7.49344 0.0934223
7.4945 0.0944883
7.49737 0.0973583
7.49906 0.0990593
7.49938 0.0993788
7.50048 0.100476
7.50151 0.101498
7.50183 0.101817
7.50281 0.10279
7.50334 0.103327
7.50425 0.104238
7.50532 0.105304
7.50601 0.105997
7.50633 0.106316
7.50752 0.107507
7.51002 0.0100041
7.51015 0.00981302
7.51015 0.00981302
7.51015 0.00981302
7.51046 0.010128
7.51046 0.00980853
7.51046 0.00980853
7.51112 0.111108
7.51337 0.113356
7.51369 0.0136767
7.51401 0.113995
7.51433 0.0143061
7.51465 0.114647
7.51506 0.115047
7.51575 0.0157312
7.51617 0.116153
7.51742 0.117418
7.51864 0.118627
7.51896 0.118946
7.52021 0.120199
7.52053 0.0205194
7.52092 0.1209
7.52142 0.121406
7.52494 0.12493
7.52673 0.126711
7.52711 0.0270935
7.52711 0.0270935
7.52867 0.128656
7.52899 0.128976
7.52937 0.129358
7.52994 0.129926
7.53026 0.130251
7.53039 0.0103805
7.53039 0.0103805
7.53039 0.0103805
7.53039 0.0103805
7.53039 0.010061
7.53039 0.010061
7.53052 0.0101894
7.53193 0.0319112
7.53224 0.13223
7.5358 0.035785
7.53752 0.0375042
7.53809 0.0380726
7.53937 0.0393467
7.54121 0.0411999
7.54343 0.143416
7.54387 0.0438607
7.54982 0.00979452
7.54982 0.00979452
7.54982 0.00979452
7.55017 0.0101406
7.55017 0.00982113
7.55017 0.00982113
7.55049 0.15047
7.55759 0.0575713
7.55815 0.0581396
7.56084 0.0608231
7.56128 0.061267
7.5635 0.0634838
7.56382 0.0638033
7.566 0.0659891
7.56632 0.0663086
7.56981 0.00979953
7.56981 0.00979953
7.56981 0.00979953
7.57013 0.0101145
7.57013 0.00979504
7.57013 0.00979504
7.57104 0.0710214
7.57335 0.0733319
7.57367 0.0736418
7.57678 0.0767607
7.5772 0.0771831
7.57973 0.0796942
7.58067 0.0806525
7.58232 0.0823095
7.58302 0.0830023
7.58421 0.0841927
7.58698 0.0869694
7.5873 0.0872889
7.5873 0.0872889
7.58765 0.0876485
7.58838 0.0883634
7.5887 0.0886886
7.5887 0.0886829
7.58902 0.0890024
7.58983 0.0098016
7.58983 0.0098016
7.58983 0.0098016
7.59014 0.0101166
7.59014 0.00979711
7.59014 0.00979711
7.5909 0.0908851
7.59122 0.0912046
7.59185 0.0918351
7.59273 0.0927145
7.59345 0.0934384
7.59449 0.0944733
7.59736 0.0973433
7.59908 0.0990529
7.5994 0.0993724
7.60049 0.10047
7.60153 0.101514
7.60185 0.101833
7.60282 0.102806
7.60336 0.103343
7.60424 0.104223
7.6053 0.105289
7.606 0.105982
7.60632 0.106301
7.60754 0.107523
7.61 0.00998908
7.61013 0.00979797
7.61013 0.00979797
7.61013 0.00979797
7.61045 0.010113
7.61045 0.00979347
7.61045 0.00979347
7.61111 0.111093
7.61339 0.113372
7.61339 0.0133732
7.61392 0.11391
7.61424 0.014229
7.61462 0.114601
7.61507 0.115055
7.61573 0.0157163
7.61617 0.11616
7.61746 0.117435
7.61865 0.118634
7.61897 0.118954
7.62022 0.120207
7.62054 0.0205269
7.62092 0.120908
7.62143 0.121414
7.62495 0.124937
7.62673 0.126719
7.62708 0.02707
7.6274 0.0273895
7.62866 0.128641
7.62897 0.128961
7.62936 0.129343
7.62992 0.129911
7.63024 0.130236
7.63037 0.0103654
7.63037 0.0103654
7.63037 0.0103654
7.63037 0.0103654
7.63037 0.0100459
7.63037 0.0100459
7.6305 0.0101743
7.63191 0.0318961
7.63223 0.132215
7.63581 0.0358011
7.6375 0.0374892
7.6381 0.0380886
7.63935 0.0393403
7.64123 0.0412159
7.64341 0.143401
7.64389 0.0438767
7.64983 0.00981058
7.64983 0.00981058
7.64983 0.00981058
7.65015 0.0101256
7.65015 0.00980608
7.65015 0.00980608
7.65047 0.150455
7.65757 0.0575563
7.65814 0.0581246
7.66085 0.0608391
7.66127 0.0612519
7.66348 0.0634688
7.6638 0.0637883
7.66602 0.0660051
7.66634 0.0663246
7.66983 0.00981558
7.66983 0.00981558
7.66983 0.00981558
7.67014 0.0101306
7.67014 0.00981109
7.67014 0.00981109
7.67105 0.0710323
7.67336 0.0733479
7.67368 0.0736665
7.6768 0.0767854
7.67721 0.0771991
7.67971 0.0796862
7.68065 0.0806375
7.68231 0.0822945
7.68303 0.0830183
7.68419 0.0841776
7.68697 0.0869544
7.68729 0.0872739
7.68729 0.0872739
7.68767 0.0876455
7.68836 0.0883483
7.68868 0.0886736
7.68868 0.0886678
7.689 0.0889874
7.68984 0.00981765
7.68984 0.00981765
7.68984 0.00981765
7.69016 0.0101327
7.69016 0.00981316
7.69016 0.00981316
7.69088 0.09087
7.6912 0.0911895
7.69186 0.0918512
7.69274 0.0927305
7.69344 0.0934233
7.6945 0.0944893
7.69737 0.0973593
7.69906 0.0990465
7.69938 0.099366
7.70048 0.100463
7.70151 0.101499
7.70183 0.101818
7.7028 0.102791
7.70334 0.103328
7.70425 0.104239
7.70532 0.105305
7.70601 0.105998
7.70633 0.106317
7.70752 0.107508
7.71002 0.0100051
7.71015 0.00981402
7.71015 0.00981402
7.71015 0.00981402
7.71046 0.010129
7.71046 0.00980953
7.71046 0.00980953
7.71109 0.111078
7.71337 0.113357
7.71369 0.0136777
7.71401 0.113996
7.71433 0.0143244
7.71465 0.114634
7.71506 0.115048
7.71572 0.0157184
7.71617 0.116154
7.71745 0.117437
7.71864 0.118628
7.71896 0.118947
7.72021 0.1202
7.72053 0.0205204
7.72091 0.120901
7.72142 0.121407
7.72494 0.124931
7.72673 0.126712
7.72711 0.0270945
7.72711 0.0270945
7.72867 0.128657
7.72899 0.128977
7.72937 0.129359
7.72994 0.129927
7.73026 0.130252
7.73039 0.0103815
7.73039 0.0103815
7.73039 0.0103815
7.73039 0.0103815
7.73039 0.010062
7.73039 0.010062
7.73052 0.0101904
7.73192 0.0319122
7.73224 0.132231
7.7358 0.035786
7.73752 0.0375052
7.73809 0.0380736
7.73934 0.0393339
7.74121 0.0412009
7.74343 0.143417
7.74387 0.0438617
7.74982 0.00979552
7.74982 0.00979552
7.74982 0.00979552
7.75013 0.0101105
7.75013 0.00979103
7.75013 0.00979103
7.75045 0.15044
7.75758 0.0575723
7.75815 0.0581406
7.76084 0.0608241
7.76128 0.061268
7.7635 0.0634848
7.76382 0.0638043
7.766 0.0659901
7.76632 0.0663096
7.76981 0.00980053
7.76981 0.00980053
7.76981 0.00980053
7.77012 0.0101155
7.77012 0.00979604
7.77012 0.00979604
7.77104 0.071012
7.77335 0.0733329
7.77366 0.0736601
7.77678 0.076779
7.7772 0.0771841
7.77972 0.0797094
7.78067 0.0806535
7.78232 0.0823105
7.78302 0.0830033
7.78421 0.0841937
7.78698 0.0869704
7.7873 0.0872899
7.7873 0.0872899
7.78765 0.0876426
7.78835 0.0883333
7.78867 0.0886585
7.78867 0.0886528
7.78898 0.0889723
7.78983 0.0098026
7.78983 0.0098026
7.78983 0.0098026
7.79014 0.0101176
7.79014 0.00979811
7.79014 0.00979811
7.79087 0.090855
7.79119 0.0911745
7.79185 0.0918361
7.79273 0.0927155
7.79345 0.0934394
7.79449 0.0944743
7.79736 0.0973443
7.79908 0.0990712
7.7994 0.0993907
7.80049 0.100488
7.80153 0.101515
7.80185 0.101834
7.80282 0.102807
7.80336 0.103344
7.80424 0.104224
7.8053 0.10529
7.80599 0.105983
7.80631 0.106302
7.80754 0.107524
7.81 0.00999009
7.81013 0.00979897
7.81013 0.00979897
7.81013 0.00979897
7.81045 0.010114
7.81045 0.00979448
7.81045 0.00979448
7.81111 0.111094
7.81339 0.113373
7.81339 0.0133742
7.81392 0.113911
7.81424 0.0142162
7.81459 0.114588
7.81504 0.115025
7.81576 0.0157346
7.81617 0.116161
7.81743 0.117422
7.81865 0.118635
7.81897 0.118955
7.82022 0.120208
7.82054 0.0205279
7.82092 0.120909
7.82143 0.121415
7.82495 0.124938
7.8267 0.126688
7.82708 0.027071
7.8274 0.0273905
7.82865 0.128642
7.82897 0.128962
7.82936 0.129344
7.82992 0.129912
7.83024 0.130237
7.83037 0.0103664
7.83037 0.0103664
7.83037 0.0103664
7.83037 0.0103664
7.83037 0.0100469
7.83037 0.0100469
7.8305 0.0101753
7.83191 0.0318971
7.83223 0.132216
7.83581 0.0358021
7.8375 0.0374902
7.8381 0.0380896
7.83935 0.0393275
7.84123 0.0412169
7.84341 0.143402
7.84389 0.0438777
7.84983 0.00981158
7.84983 0.00981158
7.84983 0.00981158
7.85015 0.0101266
7.85015 0.00980708
7.85015 0.00980708
7.85047 0.150456
7.85757 0.0575573
7.85814 0.0581256
7.86085 0.0608401
7.86126 0.0612529
7.86348 0.0634698
7.8638 0.0637893
7.86602 0.0660061
7.86634 0.0663256
7.86982 0.00981659
7.86982 0.00981659
7.86982 0.00981659
7.87014 0.0101316
7.87014 0.00981209
7.87014 0.00981209
7.87105 0.0710229
7.87336 0.0733489
7.87368 0.0736537
7.8768 0.0767726
7.87721 0.0772001
7.87971 0.0797014
7.88065 0.0806385
7.88231 0.0822955
7.88303 0.0830193
7.88419 0.0841786
7.88697 0.0869554
7.88729 0.0872749
7.88729 0.0872749
7.88767 0.0876396
7.88836 0.0883493
7.88868 0.0886746
7.88868 0.0886688
7.889 0.0889884
7.88984 0.00981866
7.88984 0.00981866
7.88984 0.00981866
7.89016 0.0101337
7.89016 0.00981416
7.89016 0.00981416
7.89088 0.090871
7.8912 0.0911905
7.89186 0.0918522
7.89274 0.0927315
7.89344 0.0934243
7.8945 0.0944903
7.89737 0.0973603
7.89909 0.0990648
7.89941 0.0993843
7.90051 0.100481
7.90151 0.1015
7.90183 0.101819
7.9028 0.102792
7.90334 0.103329
7.90425 0.10424
7.90532 0.105306
7.90601 0.105999
7.90633 0.106318
7.90752 0.107509
7.91002 0.0100061
7.91015 0.00981502
7.91015 0.00981502
7.91015 0.00981502
7.91046 0.01013
7.91046 0.00981053
7.91046 0.00981053
7.91109 0.111079
7.91337 0.113358
7.91369 0.0136787
7.91401 0.113997
7.91433 0.0143116
7.91465 0.114622
7.91506 0.115049
7.91572 0.0157056
7.91617 0.116155
7.91745 0.117424
7.91864 0.118629
7.91896 0.118948
7.92021 0.120201
7.92053 0.0205214
7.92091 0.120902
7.92142 0.121408
7.92494 0.124932
7.92672 0.126713
7.92711 0.0270955
7.92711 0.0270955
7.92867 0.128658
7.92899 0.128978
7.92937 0.12936
7.92994 0.129928
7.93026 0.130253
7.93039 0.0103825
7.93039 0.0103825
7.93039 0.0103825
7.93039 0.0103825
7.93039 0.010063
7.93039 0.010063
7.93052 0.0101914
7.93192 0.0319132
7.93224 0.132232
7.9358 0.035787
7.93749 0.0374751
7.93809 0.0380746
7.93934 0.0393211
7.94121 0.0412019
7.94343 0.143418
7.94387 0.0438627
7.94982 0.00979653
7.94982 0.00979653
7.94982 0.00979653
7.95013 0.0101115
7.95013 0.00979203
7.95013 0.00979203
7.95045 0.150441
7.95758 0.0575733
7.95815 0.0581416
7.96084 0.0608251
7.96128 0.061269
7.9635 0.0634858
7.96382 0.0638053
7.966 0.0659911
7.96632 0.0663106
7.96981 0.00980154
7.96981 0.00980154
7.96981 0.00980154
7.97012 0.0101165
7.97012 0.00979704
7.97012 0.00979704
7.97103 0.0710338
7.97334 0.0733339
7.97366 0.0736473
7.97678 0.0767662
7.9772 0.0771851
7.97972 0.0796934
7.98063 0.0806234
7.98232 0.0823115
7.98302 0.0830043
7.98421 0.0841947
7.98698 0.0869714
7.9873 0.0872909
7.9873 0.0872909
7.98768 0.0876678
7.98835 0.0883343
7.98866 0.0886595
7.98866 0.0886538
7.98898 0.0889733
7.98983 0.0098036
7.98983 0.0098036
7.98983 0.0098036
7.99014 0.0101186
7.99014 0.00979911
7.99014 0.00979911
7.99087 0.090856
7.99119 0.0911755
7.99185 0.0918371
7.99273 0.0927165
7.99345 0.0934404
7.99449 0.0944753
7.99736 0.0973453
7.99908 0.0990584
7.99939 0.0993779
8.00049 0.100475
8.00153 0.101516
8.00185 0.101835
8.00282 0.102808
8.00336 0.103345
8.00424 0.104225
8.0053 0.105285
8.00599 0.105978
8.00631 0.106297
8.0075 0.107488
8.01 0.00998534
8.01012 0.00979422
8.01012 0.00979422
8.01012 0.00979422
8.01044 0.0101092
8.01044 0.00978973
8.01044 0.00978973
8.0111 0.11109
8.01335 0.113338
8.01367 0.0136579
8.01399 0.113977
8.01431 0.0142994
8.01463 0.114609
8.01504 0.115028
8.01573 0.0157245
8.01618 0.116165
8.01743 0.117412
8.01865 0.118639
8.01897 0.118959
8.02019 0.12018
8.02051 0.0205006
8.02092 0.120913
8.0214 0.121388
8.02495 0.124942
8.0267 0.126692
8.02708 0.0270747
8.02708 0.0270747
8.02865 0.128638
8.02897 0.128957
8.02935 0.129339
8.02995 0.129938
8.03027 0.130263
8.0304 0.0103928
8.0304 0.0103928
8.0304 0.0103928
8.0304 0.0103928
8.0304 0.0100733
8.0304 0.0100733
8.03053 0.0102017
8.0319 0.0318924
8.03222 0.132211
8.03578 0.0357662
8.0375 0.0374854
8.03806 0.0380538
8.03935 0.03934
8.04122 0.0412122
8.04341 0.143397
8.04388 0.043873
8.04983 0.00980683
8.04983 0.00980683
8.04983 0.00980683
8.05014 0.0101218
8.05014 0.00980233
8.05014 0.00980233
8.05046 0.150452
8.05756 0.0575525
8.05813 0.0581208
8.06081 0.0608043
8.06126 0.0612482
8.06348 0.063465
8.06379 0.0637845
8.06601 0.0660014
8.06633 0.0663209
8.06982 0.00981183
8.06982 0.00981183
8.06982 0.00981183
8.07013 0.0101268
8.07013 0.00980734
8.07013 0.00980734
8.07101 0.0710078
8.07332 0.0733131
8.07364 0.0736351
8.07676 0.076754
8.07721 0.0771954
8.0797 0.0796797
8.08061 0.0806026
8.0823 0.0822907
8.08299 0.0829835
8.08418 0.0841739
8.08696 0.0869506
8.08728 0.0872701
8.08728 0.0872701
8.08766 0.0876591
8.08835 0.0883446
8.08867 0.0886698
8.08867 0.0886641
8.08899 0.0889836
8.08984 0.0098139
8.08984 0.0098139
8.08984 0.0098139
8.09015 0.0101289
8.09015 0.00980941
8.09015 0.00980941
8.09088 0.0908663
8.0912 0.0911858
8.09186 0.0918474
8.09274 0.0927268
8.09343 0.0934196
8.09446 0.0944545
8.09737 0.0973556
8.09905 0.0990462
8.09937 0.0993657
8.10044 0.100432
8.10151 0.101495
8.10182 0.101815
8.10277 0.102756
8.10333 0.103325
8.10421 0.104204
8.10531 0.105301
8.10597 0.105963
8.10629 0.106282
8.10751 0.107504
8.11001 0.0100014
8.11014 0.00981027
8.11014 0.00981027
8.11014 0.00981027
8.11045 0.0101253
8.11045 0.00980578
8.11045 0.00980578
8.11108 0.111075
8.11336 0.113354
8.11368 0.0136739
8.114 0.113993
8.11432 0.014293
8.11464 0.114634
8.11502 0.115013
8.11575 0.0157181
8.11616 0.11615
8.11741 0.117405
8.11863 0.118624
8.11895 0.118944
8.12018 0.120165
8.12049 0.0204855
8.12091 0.120898
8.12138 0.121373
8.12494 0.124927
8.12672 0.126708
8.12707 0.0270597
8.12739 0.0273792
8.12864 0.128631
8.12896 0.128951
8.12937 0.129363
8.12991 0.129901
8.13023 0.130226
8.13036 0.0103551
8.13036 0.0103551
8.13036 0.0103551
8.13036 0.0103551
8.13036 0.0100356
8.13036 0.0100356
8.13049 0.010164
8.13189 0.0318858
8.13221 0.132205
8.13577 0.0357596
8.13749 0.0374788
8.13806 0.0380472
8.13934 0.039311
8.14118 0.0411745
8.1434 0.143391
8.14384 0.0438353
8.14982 0.00980024
8.14982 0.00980024
8.14982 0.00980024
8.15014 0.0101153
8.15014 0.00979575
8.15014 0.00979575
8.15045 0.150445
8.15752 0.0575148
8.15812 0.0581143
8.16081 0.0607977
8.16125 0.0612416
8.16344 0.0634273
8.16376 0.0637468
8.166 0.0659948
8.16632 0.0663143
8.16981 0.00980525
8.16981 0.00980525
8.16981 0.00980525
8.17013 0.0101203
8.17013 0.00980076
8.17013 0.00980076
8.17101 0.0709961
8.17332 0.0733065
8.17364 0.0736061
8.17679 0.0767561
8.17717 0.0771577
8.17969 0.0796802
8.18061 0.0805961
8.18229 0.0822841
8.18299 0.0829769
8.18421 0.0841984
8.18695 0.086944
8.18727 0.0872635
8.18727 0.0872635
8.18769 0.0876646
8.18835 0.088338
8.18867 0.0886632
8.18867 0.0886575
8.18899 0.088977
8.18983 0.00980732
8.18983 0.00980732
8.18983 0.00980732
8.19014 0.0101223
8.19014 0.00980283
8.19014 0.00980283
8.19087 0.0908597
8.19119 0.0911792
8.19185 0.0918408
8.19273 0.0927202
8.19345 0.0934441
8.19446 0.0944479
8.19736 0.097349
8.19908 0.0990483
8.1994 0.0993678
8.20046 0.100434
8.2015 0.101489
8.20182 0.101808
8.20279 0.102781
8.20333 0.103318
8.20421 0.104197
8.2053 0.105295
8.20597 0.105956
8.20628 0.106276
8.20751 0.107497
8.21 0.00999481
8.21013 0.00980369
8.21013 0.00980369
8.21013 0.00980369
8.21045 0.0101187
8.21045 0.0097992
8.21045 0.0097992
8.21111 0.111099
8.21336 0.113347
8.21368 0.0136673
8.214 0.113986
8.21431 0.0142951
8.21463 0.114605
8.21502 0.115007
8.21574 0.0157202
8.21615 0.116143
8.21744 0.117407
8.21863 0.118618
8.21895 0.118937
8.22017 0.120159
8.22049 0.0204789
8.2209 0.120891
8.22138 0.121366
8.22496 0.124951
8.22671 0.126702
8.22706 0.0270531
8.22738 0.0273726
8.22863 0.128624
8.22895 0.128944
8.22937 0.129357
8.22993 0.129925
8.23025 0.13025
8.23038 0.0103796
8.23038 0.0103796
8.23038 0.0103796
8.23038 0.0103796
8.23038 0.0100601
8.23038 0.0100601
8.23051 0.0101885
8.23189 0.0318792
8.23221 0.132198
8.23576 0.0357531
8.23748 0.0374722
8.23805 0.0380406
8.23933 0.0393131
8.24118 0.0411679
8.24342 0.143415
8.24384 0.0438287
8.24981 0.00979366
8.24981 0.00979366
8.24981 0.00979366
8.25013 0.0101087
8.25013 0.00978917
8.25013 0.00978917
8.25045 0.150438
8.25755 0.0575393
8.25812 0.0581077
8.26083 0.0608222
8.26124 0.061235
8.26346 0.0634519
8.26378 0.0637714
8.266 0.0659882
8.26632 0.0663077
8.2698 0.00979867
8.2698 0.00979867
8.2698 0.00979867
8.27012 0.0101137
8.27012 0.00979417
8.27012 0.00979417
8.27103 0.0710154
8.27331 0.0732999
8.27363 0.0736081
8.27678 0.0767581
8.27716 0.0771511
8.27969 0.0796807
8.2806 0.0805895
8.28229 0.0822776
8.28298 0.0829703
8.2842 0.0841918
8.28695 0.0869374
8.28727 0.087257
8.28727 0.087257
8.28765 0.087639
8.28834 0.0883314
8.28866 0.0886566
8.28866 0.0886509
8.28898 0.0889704
8.28982 0.00980074
8.28982 0.00980074
8.28982 0.00980074
8.29014 0.0101158
8.29014 0.00979624
8.29014 0.00979624
8.29089 0.0908842
8.29121 0.0912037
8.29184 0.0918343
8.29272 0.0927136
8.29345 0.0934375
8.29445 0.0944413
8.29735 0.0973424
8.29907 0.0990503
8.29939 0.0993699
8.30046 0.100436
8.30149 0.101482
8.30181 0.101802
8.30278 0.102774
8.30332 0.103311
8.3042 0.104191
8.3053 0.105288
8.30599 0.105981
8.30631 0.1063
8.3075 0.107491
8.31 0.00998822
8.31012 0.0097971
8.31012 0.0097971
8.31012 0.0097971
8.31044 0.0101121
8.31044 0.00979261
8.31044 0.00979261
8.3111 0.111092
8.31335 0.11334
8.31367 0.0136607
8.31399 0.113979
8.31431 0.0142971
8.31463 0.114607
8.31501 0.115
8.31573 0.0157222
8.31615 0.116137
8.31743 0.117409
8.31865 0.118642
8.31897 0.118962
8.32016 0.120152
8.32048 0.0204723
8.32089 0.120884
8.32137 0.121359
8.32495 0.124945
8.3267 0.126695
8.32705 0.0270465
8.32737 0.027366
8.32863 0.128618
8.32895 0.128937
8.32936 0.12935
8.32993 0.129918
8.33025 0.130244
8.33037 0.010373
8.33037 0.010373
8.33037 0.010373
8.33037 0.010373
8.33037 0.0100535
8.33037 0.0100535
8.3305 0.0101819
8.33188 0.0318726
8.3322 0.132191
8.33579 0.0357776
8.33747 0.0374657
8.33804 0.038034
8.33933 0.0393151
8.3412 0.0411924
8.34342 0.143408
8.34386 0.0438532
8.34981 0.00978707
8.34981 0.00978707
8.34981 0.00978707
8.35015 0.0101332
8.35015 0.00981369
8.35015 0.00981369
8.35047 0.150463
8.35754 0.0575327
8.35811 0.0581011
8.36082 0.0608156
8.36124 0.0612284
8.36345 0.0634453
8.36377 0.0637648
8.36599 0.0659816
8.36631 0.0663011
8.3698 0.00979208
8.3698 0.00979208
8.3698 0.00979208
8.37011 0.0101071
8.37011 0.00978759
8.37011 0.00978759
8.37102 0.0710036
8.37333 0.0733244
8.37365 0.0736413
8.37677 0.0767602
8.37718 0.0771756
8.37971 0.0796812
8.38059 0.0805829
8.38228 0.082271
8.38297 0.0829637
8.38419 0.0841852
8.38694 0.0869309
8.38726 0.0872504
8.38726 0.0872504
8.38767 0.0876446
8.38833 0.0883248
8.38865 0.08865
8.38865 0.0886443
8.38897 0.0889639
8.38982 0.00979415
8.38982 0.00979415
8.38982 0.00979415
8.39013 0.0101092
8.39013 0.00978966
8.39013 0.00978966
8.39089 0.0908776
8.3912 0.0911971
8.39187 0.0918588
8.39271 0.092707
8.39344 0.0934309
8.39444 0.0944347
8.39737 0.0973669
8.39906 0.0990524
8.39938 0.0993719
8.40045 0.100438
8.40151 0.101507
8.40183 0.101826
8.40278 0.102768
8.40334 0.103336
8.40419 0.104184
8.40529 0.105281
8.40598 0.105974
8.4063 0.106294
8.40752 0.107515
8.40999 0.00998164
8.41012 0.00979052
8.41012 0.00979052
8.41012 0.00979052
8.41043 0.0101055
8.41043 0.00978603
8.41043 0.00978603
8.41109 0.111086
8.41334 0.113334
8.41366 0.0136542
8.41398 0.113973
8.4143 0.0142992
8.41462 0.114609
8.415 0.114994
8.41572 0.0157243
8.41614 0.11613
8.41742 0.117411
8.41864 0.118636
8.41896 0.118955
8.42018 0.120177
8.4205 0.0204969
8.42089 0.120878
8.42139 0.121384
8.42495 0.124938
8.4267 0.126689
8.42708 0.027071
8.4274 0.0273905
8.42862 0.128611
8.42894 0.128931
8.42935 0.129344
8.42992 0.129912
8.43024 0.130237
8.43037 0.0103665
8.43037 0.0103665
8.43037 0.0103665
8.43037 0.0103665
8.43037 0.010047
8.43037 0.010047
8.4305 0.0101753
8.43187 0.0318661
8.43219 0.132185
8.43578 0.035771
8.43747 0.0374591
8.43807 0.0380585
8.43932 0.0393172
8.44119 0.0411859
8.44341 0.143402
8.44385 0.0438466
8.44983 0.00981159
8.44983 0.00981159
8.44983 0.00981159
8.45014 0.0101266
8.45014 0.0098071
8.45014 0.0098071
8.45046 0.150456
8.45753 0.0575262
8.4581 0.0580945
8.46082 0.060809
8.46126 0.0612529
8.46345 0.0634387
8.46376 0.0637582
8.46598 0.065975
8.4663 0.0662946
8.46979 0.0097855
8.46979 0.0097855
8.46979 0.0097855
8.47014 0.0101316
8.47014 0.00981211
8.47014 0.00981211
8.47101 0.0709919
8.47332 0.0733178
8.47364 0.0736434
8.47676 0.0767622
8.47718 0.077169
8.4797 0.0796817
8.48061 0.0806074
8.4823 0.0822955
8.48296 0.0829571
8.48419 0.0841787
8.48693 0.0869243
8.48725 0.0872438
8.48725 0.0872438
8.48766 0.0876501
8.48832 0.0883183
8.48864 0.0886435
8.48864 0.0886378
8.48896 0.0889573
8.48981 0.00978757
8.48981 0.00978757
8.48981 0.00978757
8.49015 0.0101337
8.49015 0.00981418
8.49015 0.00981418
8.49088 0.090871
8.4912 0.0911905
8.49186 0.0918522
8.49271 0.0927005
8.49343 0.0934243
8.49447 0.0944592
8.49737 0.0973604
8.49906 0.0990545
8.49937 0.099374
8.50044 0.10044
8.50151 0.1015
8.50183 0.101819
8.50277 0.102761
8.50334 0.103329
8.50418 0.104178
8.50528 0.105275
8.50597 0.105968
8.50629 0.106287
8.50752 0.107509
8.50998 0.00997505
8.51011 0.00978394
8.51011 0.00978394
8.51011 0.00978394
8.51046 0.0101301
8.51046 0.00981055
8.51046 0.00981055
8.51109 0.111079
8.51333 0.113327
8.51365 0.0136476
8.51397 0.113966
8.51429 0.0142701
8.51461 0.114611
8.51502 0.115018
8.51575 0.0157263
8.51616 0.116155
8.51741 0.117413
8.51864 0.118629
8.51896 0.118948
8.52018 0.12017
8.5205 0.0204903
8.52088 0.120871
8.52138 0.121377
8.52494 0.124932
8.52672 0.126713
8.52707 0.0270645
8.52739 0.027384
8.52864 0.128636
8.52896 0.128955
8.52934 0.129337
8.52991 0.129905
8.53023 0.130231
8.53036 0.0103599
8.53036 0.0103599
8.53036 0.0103599
8.53036 0.0103599
8.53036 0.0100404
8.53036 0.0100404
8.53049 0.0101688
8.5319 0.0318906
8.53222 0.132209
8.53577 0.0357644
8.53746 0.0374525
8.53806 0.0380519
8.53934 0.0393192
8.54119 0.0411793
8.54343 0.143426
8.54385 0.04384
8.54982 0.00980501
8.54982 0.00980501
8.54982 0.00980501
8.55014 0.01012
8.55014 0.00980052
8.55014 0.00980052
8.55046 0.15045
8.55753 0.0575196
8.55809 0.0580879
8.56081 0.0608024
8.56125 0.0612464
8.56344 0.0634321
8.56376 0.0637516
8.56597 0.0659685
8.56629 0.066288
8.56981 0.00981002
8.56981 0.00981002
8.56981 0.00981002
8.57013 0.010125
8.57013 0.00980553
8.57013 0.00980553
8.57104 0.0710112
8.57332 0.0733113
8.57364 0.0736143
8.57679 0.0767643
8.57717 0.0771624
8.5797 0.0796822
8.58061 0.0806008
8.58229 0.0822889
8.58299 0.0829817
8.58421 0.0842032
8.58695 0.0869488
8.58727 0.0872683
8.58727 0.0872683
8.58766 0.0876556
8.58832 0.0883117
8.58864 0.0886369
8.58864 0.0886312
8.58896 0.0889507
8.58983 0.00981209
8.58983 0.00981209
8.58983 0.00981209
8.59015 0.0101271
8.59015 0.0098076
8.59015 0.0098076
8.59087 0.0908644
8.59119 0.091184
8.59185 0.0918456
8.59273 0.092725
8.59342 0.0934177
8.59446 0.0944526
8.59736 0.0973538
8.59908 0.0990565
8.5994 0.099376
8.60046 0.100442
8.6015 0.101493
8.60182 0.101813
8.60276 0.102754
8.60333 0.103323
8.60421 0.104202
8.60531 0.105299
8.60597 0.105961
8.60629 0.10628
8.60751 0.107502
8.61 0.00999957
8.61013 0.00980846
8.61013 0.00980846
8.61013 0.00980846
8.61045 0.0101235
8.61045 0.00980396
8.61045 0.00980396
8.61111 0.111104
8.61336 0.113352
8.61368 0.0136721
8.614 0.113991
8.61432 0.0143033
8.61464 0.114613
8.61502 0.115012
8.61571 0.0156973
8.61615 0.116148
8.61744 0.117415
8.61863 0.118622
8.61895 0.118942
8.62017 0.120163
8.62049 0.0204837
8.6209 0.120896
8.62138 0.121371
8.62493 0.124925
8.62671 0.126706
8.62706 0.0270579
8.62738 0.0273774
8.62864 0.128629
8.62895 0.128949
8.62937 0.129362
8.62994 0.12993
8.63026 0.130255
8.63038 0.0103533
8.63038 0.0103533
8.63038 0.0103533
8.63038 0.0103533
8.63038 0.0100338
8.63038 0.0100338
8.63051 0.0101622
8.63189 0.031884
8.63221 0.132203
8.63576 0.0357578
8.63748 0.037477
8.63805 0.0380454
8.63933 0.0393213
8.64118 0.0411727
8.64343 0.14342
8.64384 0.0438335
8.64981 0.00979843
8.64981 0.00979843
8.64981 0.00979843
8.65013 0.0101134
8.65013 0.00979393
8.65013 0.00979393
8.65045 0.150443
8.65755 0.0575441
8.65812 0.0581124
8.6608 0.0607959
8.66124 0.0612398
8.66346 0.0634566
8.66378 0.0637761
8.666 0.065993
8.66632 0.0663125
8.66981 0.00980343
8.66981 0.00980343
8.66981 0.00980343
8.67012 0.0101184
8.67012 0.00979894
8.67012 0.00979894
8.671 0.0709995
8.67331 0.0733047
8.67363 0.0736164
8.67678 0.0767663
8.67716 0.0771559
8.67969 0.0796827
8.6806 0.0805942
8.68229 0.0822823
8.68298 0.0829751
8.6842 0.0841966
8.68695 0.0869422
8.68727 0.0872617
8.68727 0.0872617
8.68768 0.0876611
8.68834 0.0883362
8.68866 0.0886303
8.68866 0.0886557
8.68898 0.0889752
8.68982 0.0098055
8.68982 0.0098055
8.68982 0.0098055
8.69014 0.0101205
8.69014 0.00980101
8.69014 0.00980101
8.69086 0.0908579
8.69118 0.0911774
8.69184 0.091839
8.69272 0.0927184
8.69345 0.0934423
8.69445 0.0944461
8.69735 0.0973472
8.69907 0.0990586
8.69939 0.0993781
8.70046 0.100444
8.70149 0.101487
8.70181 0.101806
8.70278 0.102779
8.70332 0.103316
8.7042 0.104196
8.7053 0.105293
8.70599 0.105985
8.70631 0.106305
8.7075 0.107495
8.71 0.00999299
8.71013 0.00980187
8.71013 0.00980187
8.71013 0.00980187
8.71044 0.0101169
8.71044 0.00979738
8.71044 0.00979738
8.7111 0.111097
8.71335 0.113345
8.71367 0.0136655
8.71399 0.113984
8.71431 0.0143054
8.71463 0.114615
8.71501 0.115005
8.7157 0.0156993
8.71615 0.116142
8.71743 0.117418
8.71865 0.118647
8.71897 0.118966
8.72016 0.120157
8.72048 0.0204771
8.72089 0.120889
8.72137 0.121364
8.72495 0.12495
8.7267 0.1267
8.72706 0.0270513
8.72738 0.0273708
8.72863 0.128623
8.72895 0.128942
8.72936 0.129355
8.72993 0.129923
8.73025 0.130217
8.73038 0.0103467
8.73038 0.0103467
8.73038 0.0103467
8.73038 0.0103467
8.73038 0.0100272
8.73038 0.0100272
8.7305 0.0101556
8.73188 0.0318774
8.7322 0.132196
8.73576 0.0357512
8.73747 0.0374704
8.73804 0.0380388
8.73933 0.0393233
8.74117 0.0411661
8.74342 0.143413
8.74386 0.043858
8.74981 0.00979184
8.74981 0.00979184
8.74981 0.00979184
8.75012 0.0101069
8.75012 0.00978735
8.75012 0.00978735
8.75044 0.150437
8.75754 0.0575375
8.75811 0.0581059
8.76082 0.0608204
8.76124 0.0612332
8.76345 0.06345
8.76377 0.0637695
8.76599 0.0659864
8.76631 0.0663059
8.7698 0.00979685
8.7698 0.00979685
8.7698 0.00979685
8.77011 0.0101119
8.77011 0.00979236
8.77011 0.00979236
8.77102 0.0710188
8.77333 0.0733292
8.77365 0.0736495
8.77677 0.0767684
8.77715 0.0771493
8.77971 0.0796832
8.78059 0.0805877
8.78228 0.0822757
8.78297 0.0829685
8.78419 0.08419
8.78694 0.0869356
8.78726 0.0872551
8.78726 0.0872551
8.78767 0.0876666
8.78833 0.0883296
8.78865 0.0886237
8.78865 0.0886491
8.78897 0.0889686
8.78982 0.00979892
8.78982 0.00979892
8.78982 0.00979892
8.79013 0.0101139
8.79013 0.00979443
8.79013 0.00979443
8.79089 0.0908824
8.79121 0.0912019
8.79187 0.0918635
8.79272 0.0927118
8.79344 0.0934357
8.79444 0.0944395
8.79738 0.0973717
8.79906 0.0990606
8.79938 0.0993801
8.80045 0.100446
8.80148 0.10148
8.8018 0.1018
8.80278 0.102772
8.80331 0.10331
8.80419 0.104189
8.80529 0.105286
8.80598 0.105979
8.8063 0.106298
8.80752 0.10752
8.80999 0.00998641
8.81012 0.00979529
8.81012 0.00979529
8.81012 0.00979529
8.81043 0.0101103
8.81043 0.00979079
8.81043 0.00979079
8.81109 0.111091
8.81334 0.113339
8.81366 0.0136589
8.81398 0.113978
8.8143 0.0142763
8.81462 0.114617
8.815 0.114998
8.81573 0.0157014
8.81614 0.116135
8.81742 0.11742
8.81864 0.11864
8.81896 0.11896
8.82019 0.120181
8.82051 0.0205016
8.82089 0.120883
8.82136 0.121358
8.82495 0.124943
8.82673 0.126724
8.82705 0.0270447
8.82737 0.0273642
8.82862 0.128616
8.82894 0.128936
8.82935 0.129348
8.82992 0.129917
8.83024 0.130211
8.83037 0.0103401
8.83037 0.0103401
8.83037 0.0103401
8.83037 0.0103401
8.83037 0.0100206
8.83037 0.0100206
8.8305 0.010149
8.83187 0.0318708
8.83219 0.13219
8.83578 0.0357758
8.83747 0.0374638
8.83807 0.0380633
8.83932 0.0392943
8.84119 0.0411906
8.84341 0.143407
8.84385 0.0438514
8.8498 0.00978526
8.8498 0.00978526
8.8498 0.00978526
8.85015 0.0101314
8.85015 0.00981187
8.85015 0.00981187
8.85047 0.150461
8.85753 0.0575309
8.8581 0.0580993
8.86082 0.0608138
8.86126 0.0612577
8.86345 0.0634435
8.86377 0.063763
8.86598 0.0659798
8.8663 0.0662993
8.86979 0.00979027
8.86979 0.00979027
8.86979 0.00979027
8.87011 0.0101053
8.87011 0.00978577
8.87011 0.00978577
8.87102 0.071007
8.87333 0.0733226
8.87365 0.0736205
8.87676 0.0767394
8.87718 0.0771738
8.87971 0.0796837
8.88062 0.0806122
8.88227 0.0822691
8.88297 0.0829619
8.88419 0.0841834
8.88693 0.086929
8.88725 0.0872486
8.88725 0.0872486
8.88766 0.0876411
8.88833 0.088323
8.88865 0.0886171
8.88865 0.0886425
8.88897 0.088962
8.88981 0.00979234
8.88981 0.00979234
8.88981 0.00979234
8.89012 0.0101074
8.89012 0.00978784
8.89012 0.00978784
8.89088 0.0908758
8.8912 0.0911953
8.89186 0.091857
8.89271 0.0927052
8.89343 0.0934291
8.89447 0.094464
8.89737 0.0973651
8.89906 0.0990316
8.89938 0.0993511
8.90047 0.100448
8.90151 0.101505
8.90183 0.101824
8.90277 0.102766
8.90334 0.103334
8.90419 0.104182
8.90528 0.10528
8.90598 0.105972
8.9063 0.106292
8.90752 0.107513
8.90998 0.00997982
8.91011 0.0097887
8.91011 0.0097887
8.91011 0.0097887
8.91043 0.0101037
8.91043 0.00978421
8.91043 0.00978421
8.91109 0.111084
8.91334 0.113332
8.91365 0.0136523
8.91397 0.113971
8.91429 0.0142784
8.91461 0.114588
8.915 0.114992
8.91572 0.0157035
8.91616 0.11616
8.91745 0.117422
8.91864 0.118634
8.91896 0.118953
8.92018 0.120175
8.9205 0.020495
8.92088 0.120876
8.92139 0.121382
8.92494 0.124936
8.92669 0.126687
8.92707 0.0270692
8.92739 0.0273887
8.92861 0.128609
8.92893 0.128929
8.92935 0.129342
8.92991 0.12991
8.93023 0.130204
8.93036 0.0103335
8.93036 0.0103335
8.93036 0.0103335
8.93036 0.0103335
8.93036 0.010014
8.93036 0.010014
8.93049 0.0101424
8.93187 0.0318642
8.93219 0.132183
8.93577 0.0357692
8.93746 0.0374573
8.93806 0.0380567
8.93931 0.0392964
8.94119 0.041184
8.9434 0.1434
8.94385 0.0438448
8.94982 0.00980978
8.94982 0.00980978
8.94982 0.00980978
8.95014 0.0101248
8.95014 0.00980529
8.95014 0.00980529
8.95046 0.150454
8.95753 0.0575243
8.9581 0.0580927
8.96081 0.0608072
8.96125 0.0612511
8.96344 0.0634369
8.96376 0.0637564
8.96598 0.0659732
8.9663 0.0662927
8.96985 0.00981479
8.96985 0.00981479
8.96985 0.00981479
8.97016 0.0101298
8.97016 0.00981029
8.97016 0.00981029
8.97101 0.0709953
8.97332 0.073316
8.97364 0.0736226
8.97676 0.0767414
8.97717 0.0771672
8.9797 0.0796843
8.98061 0.0806056
8.9823 0.0822937
8.98296 0.0829553
8.98418 0.0841768
8.98696 0.0869536
8.98728 0.0872731
8.98728 0.0872731
8.98766 0.0876466
8.98832 0.0883164
8.98864 0.0886105
8.98864 0.0886359
8.98896 0.0889555
8.9898 0.00978575
8.9898 0.00978575
8.9898 0.00978575
8.99015 0.0101319
8.99015 0.00981236
8.99015 0.00981236
8.99087 0.0908692
8.99119 0.0911887
8.99185 0.0918504
8.9927 0.0926986
8.99343 0.0934225
8.99446 0.0944574
8.99736 0.0973585
8.99905 0.0990337
8.99937 0.0993532
9.00047 0.10045
9.0015 0.101498
9.00182 0.101818
9.00276 0.102759
9.00333 0.103328
9.00418 0.104176
9.0053 0.105298
9.00596 0.10596
9.00628 0.10628
9.00747 0.10747
9.01 0.0099987
9.01013 0.00980758
9.01013 0.00980758
9.01013 0.00980758
9.01044 0.0101226
9.01044 0.00980309
9.01044 0.00980309
9.01111 0.111103
9.01332 0.11332
9.01364 0.0136401
9.01396 0.113959
9.01428 0.0142748
9.0146 0.114585
9.01498 0.11498
9.01571 0.0156999
9.01615 0.116147
9.01743 0.117418
9.01859 0.11859
9.01891 0.11891
9.02017 0.120162
9.02048 0.0204828
9.02087 0.120864
9.02137 0.12137
9.02493 0.124924
9.02671 0.126706
9.02706 0.027057
9.02738 0.0273765
9.0286 0.128597
9.02892 0.128917
9.02933 0.12933
9.02993 0.129929
9.03025 0.130223
9.03038 0.0103524
9.03038 0.0103524
9.03038 0.0103524
9.03038 0.0103524
9.03038 0.0100329
9.03038 0.0100329
9.03051 0.0101613
9.03188 0.0318831
9.0322 0.132202
9.03576 0.0357569
9.03745 0.037445
9.03805 0.0380445
9.0393 0.0392928
9.04117 0.0411718
9.04342 0.143419
9.04383 0.0438326
9.04981 0.00979755
9.04981 0.00979755
9.04981 0.00979755
9.05013 0.0101126
9.05013 0.00979306
9.05013 0.00979306
9.05044 0.150442
9.05751 0.0575121
9.05808 0.0580805
9.0608 0.060795
9.06124 0.0612389
9.06343 0.0634246
9.06375 0.0637442
9.06596 0.065961
9.06628 0.0662805
9.06983 0.00980256
9.06983 0.00980256
9.06983 0.00980256
9.07015 0.0101176
9.07015 0.00979806
9.07015 0.00979806
9.07103 0.071009
9.07331 0.0733038
9.07363 0.073619
9.07674 0.0767378
9.07716 0.077155
9.07968 0.0796791
9.08056 0.0805623
9.08228 0.0822814
9.08294 0.0829431
9.0842 0.0841957
9.08694 0.0869413
9.08726 0.0872608
9.08726 0.0872608
9.08768 0.0876465
9.08831 0.0883042
9.08863 0.0885983
9.08863 0.0886237
9.08895 0.0889432
9.08982 0.00980463
9.08982 0.00980463
9.08982 0.00980463
9.09013 0.0101196
9.09013 0.00980013
9.09013 0.00980013
9.09086 0.090857
9.09118 0.0911765
9.09184 0.0918381
9.09272 0.0927175
9.09341 0.0934103
9.09442 0.0944141
9.09735 0.0973463
9.09904 0.0990301
9.09936 0.0993496
9.10042 0.100416
9.10149 0.101486
9.10181 0.101805
9.10275 0.102747
9.10332 0.103315
9.10417 0.104164
9.10526 0.105261
9.10596 0.105953
9.10627 0.106273
9.1075 0.107495
9.10999 0.00999211
9.11012 0.00980099
9.11012 0.00980099
9.11012 0.00980099
9.11044 0.010116
9.11044 0.0097965
9.11044 0.0097965
9.1111 0.111096
9.11332 0.113313
9.11363 0.0136335
9.11395 0.113952
9.11427 0.0142457
9.11459 0.114587
9.11497 0.114973
9.11573 0.0157019
9.11614 0.116141
9.1174 0.117389
9.11862 0.118615
9.11894 0.118934
9.12016 0.120156
9.12048 0.0204762
9.12086 0.120857
9.12133 0.121332
9.12492 0.124918
9.1267 0.126699
9.12705 0.0270504
9.12737 0.0273699
9.12859 0.128591
9.12891 0.12891
9.12936 0.129354
9.12992 0.129922
9.13024 0.130216
9.13037 0.0103458
9.13037 0.0103458
9.13037 0.0103458
9.13037 0.0103458
9.13037 0.0100263
9.13037 0.0100263
9.1305 0.0101547
9.13185 0.0318454
9.13217 0.132164
9.13575 0.0357504
9.13744 0.0374384
9.13801 0.0380068
9.13932 0.0392948
9.14117 0.0411652
9.14341 0.143412
9.14383 0.043826
9.1498 0.00979097
9.1498 0.00979097
9.1498 0.00979097
9.15012 0.010106
9.15012 0.00978647
9.15012 0.00978647
9.15044 0.150436
9.15751 0.0575055
9.15807 0.0580739
9.16076 0.0607573
9.16123 0.0612323
9.16342 0.0634181
9.16374 0.0637376
9.16596 0.0659544
9.16627 0.0662739
9.16982 0.00979597
9.16982 0.00979597
9.16982 0.00979597
9.17014 0.010111
9.17014 0.00979148
9.17014 0.00979148
9.17102 0.0709972
9.1733 0.0732972
9.17362 0.0735899
9.17677 0.0767399
9.17715 0.0771484
9.17971 0.0796796
9.18056 0.0805557
9.18228 0.0822749
9.18294 0.0829365
9.18419 0.0841891
9.1869 0.0869036
9.18722 0.0872232
9.18722 0.0872232
9.18767 0.087652
9.1883 0.0882976
9.18862 0.0885917
9.18894 0.0889366
9.18894 0.0889366
9.18981 0.00979804
9.18981 0.00979804
9.18981 0.00979804
9.19013 0.0101131
9.19013 0.00979355
9.19013 0.00979355
9.19088 0.0908815
9.1912 0.091201
9.19186 0.0918627
9.19271 0.0927109
9.19344 0.0934348
9.19441 0.0944075
9.19737 0.0973708
9.19906 0.0990321
9.19938 0.0993516
9.20041 0.100387
9.20145 0.101448
9.2018 0.101799
9.20274 0.10274
9.20331 0.103309
9.20416 0.104157
9.20529 0.105285
9.20595 0.105947
9.20627 0.106266
9.20749 0.107488
9.20999 0.00998553
9.21011 0.00979441
9.21011 0.00979441
9.21011 0.00979441
9.21043 0.0101094
9.21043 0.00978992
9.21043 0.00978992
9.21109 0.11109
9.21331 0.113307
9.21363 0.0136269
9.21395 0.113946
9.21427 0.0142478
9.21459 0.114558
9.21497 0.114966
9.21572 0.015704
9.21614 0.116134
9.21742 0.117391
9.21864 0.118639
9.21896 0.118959
9.22015 0.120149
9.22047 0.0204696
9.22085 0.120851
9.22133 0.121326
9.22494 0.124942
9.22669 0.126692
9.22704 0.0270438
9.22736 0.0273633
9.22859 0.128584
9.2289 0.128904
9.22935 0.129347
9.22992 0.129916
9.23024 0.13021
9.23036 0.0103392
9.23036 0.0103392
9.23036 0.0103392
9.23036 0.0103392
9.23036 0.0100197
9.23036 0.0100197
9.23049 0.0101481
9.23184 0.0318388
9.23216 0.132158
9.23574 0.0357438
9.23743 0.0374319
9.23803 0.0380313
9.23932 0.0392969
9.24116 0.0411586
9.24341 0.143406
9.24382 0.0438194
9.2498 0.00978438
9.2498 0.00978438
9.2498 0.00978438
9.25011 0.0100994
9.25011 0.00977989
9.25011 0.00977989
9.25043 0.150429
9.2575 0.057499
9.25807 0.0580673
9.26078 0.0607818
9.26123 0.0612257
9.26341 0.0634115
9.26373 0.063731
9.26598 0.0659789
9.2663 0.0662984
9.26982 0.00978939
9.26982 0.00978939
9.26982 0.00978939
9.27013 0.0101044
9.27013 0.0097849
9.27013 0.0097849
9.27101 0.0709854
9.27329 0.0732906
9.27361 0.073592
9.27676 0.0767419
9.27714 0.0771418
9.2797 0.0796801
9.28055 0.0805491
9.28227 0.0822683
9.28293 0.0829299
9.28418 0.0841826
9.28693 0.0869282
9.28725 0.0872477
9.28725 0.0872477
9.28766 0.0876575
9.28832 0.0883221
9.28864 0.0886163
9.28864 0.0886417
9.28896 0.0889612
9.28981 0.00979146
9.28981 0.00979146
9.28981 0.00979146
9.29012 0.0101065
9.29012 0.00978697
9.29012 0.00978697
9.29088 0.0908749
9.29119 0.0911944
9.29186 0.0918561
9.2927 0.0927044
9.29343 0.0934282
9.2944 0.0944009
9.29736 0.0973642
9.29905 0.0990342
9.29937 0.0993537
9.30041 0.100389
9.30147 0.101473
9.30179 0.101792
9.30273 0.102734
9.3033 0.103302
9.30415 0.10415
9.30528 0.105279
9.30594 0.10594
9.30626 0.10626
9.30748 0.107481
9.31001 0.00997894
9.31014 0.00978783
9.31014 0.00978783
9.31014 0.00978783
9.31045 0.0101028
9.31045 0.00978333
9.31045 0.00978333
9.31108 0.111083
9.3133 0.1133
9.31362 0.0135893
9.31394 0.113939
9.31426 0.0142499
9.31458 0.11456
9.31496 0.11496
9.31571 0.015706
9.31613 0.116128
9.31741 0.117393
9.31863 0.118633
9.31895 0.118952
9.32014 0.120143
9.32046 0.020432
9.32084 0.120844
9.32132 0.121319
9.32494 0.124936
9.32669 0.126686
9.32707 0.0270372
9.32739 0.0273567
9.32858 0.128577
9.3289 0.128897
9.32934 0.129341
9.32991 0.129909
9.33023 0.130203
9.33036 0.0103327
9.33036 0.0103327
9.33036 0.0103327
9.33036 0.0103327
9.33036 0.0100132
9.33036 0.0100132
9.33049 0.0101415
9.33189 0.0318634
9.33221 0.132213
9.33577 0.0357372
9.33746 0.0374253
9.33806 0.0380247
9.33931 0.0392989
9.34118 0.0411521
9.34343 0.14343
9.34384 0.0438128
9.34979 0.0097778
9.34979 0.0097778
9.34979 0.0097778
9.35013 0.0101239
9.35013 0.00980441
9.35013 0.00980441
9.35045 0.150454
9.35752 0.0574924
9.35809 0.0580607
9.36081 0.0607752
9.36125 0.0612191
9.36344 0.0634049
9.36375 0.0637244
9.366 0.0659724
9.36632 0.0662919
9.36981 0.00978281
9.36981 0.00978281
9.36981 0.00978281
9.37012 0.0100978
9.37012 0.00977831
9.37012 0.00977831
9.371 0.0709737
9.37331 0.073284
9.37363 0.0736251
9.37675 0.076744
9.37717 0.0771352
9.37969 0.0796806
9.38057 0.0805425
9.38229 0.0822617
9.38295 0.0829233
9.38424 0.0842071
9.38695 0.0869216
9.38727 0.0872411
9.38727 0.0872411
9.38768 0.087663
9.38831 0.0882845
9.38863 0.0886097
9.38895 0.0889235
9.38895 0.0889235
9.3898 0.00978488
9.3898 0.00978488
9.3898 0.00978488
9.39011 0.0100999
9.39011 0.00978038
9.39011 0.00978038
9.3909 0.0908683
9.39122 0.0911878
9.39188 0.0918495
9.39273 0.0926978
9.39345 0.0934216
9.39446 0.0944254
9.39739 0.0973577
9.39905 0.0990362
9.39936 0.0993557
9.4004 0.100391
9.4015 0.101466
9.40182 0.101786
9.40276 0.102727
9.40333 0.103296
9.40417 0.104144
9.40533 0.105303
9.40596 0.105934
9.40628 0.106253
9.40754 0.107506
9.41 0.00997236
9.41013 0.00978124
9.41013 0.00978124
9.41013 0.00978124
9.41048 0.0101274
9.41048 0.00980785
9.41048 0.00980785
9.41114 0.111108
9.41336 0.113325
9.41367 0.0136449
9.41399 0.113964
9.41431 0.014283
9.41463 0.114624
9.41498 0.114953
9.41574 0.0157081
9.41615 0.116121
9.4174 0.117395
9.41866 0.118626
9.41898 0.118946
9.42017 0.120136
9.42049 0.0204565
9.4209 0.120868
9.42137 0.121344
9.42496 0.124929
9.42671 0.126679
9.42706 0.0270307
9.42738 0.0273502
9.42863 0.128602
9.42895 0.128921
9.42936 0.129334
9.42993 0.129903
9.43025 0.130228
9.43038 0.0103572
9.43038 0.0103572
9.43038 0.0103572
9.43038 0.0103572
9.43038 0.0100377
9.43038 0.0100377
9.43051 0.0101661
9.43189 0.0318568
9.43221 0.132175
9.43576 0.0357306
9.43748 0.0374498
9.43805 0.0380181
9.4393 0.0392699
9.44118 0.0411455
9.44345 0.143424
9.44384 0.0438062
9.44981 0.00980232
9.44981 0.00980232
9.44981 0.00980232
9.45013 0.0101173
9.45013 0.00979782
9.45013 0.00979782
9.45048 0.150447
9.45752 0.0574858
9.45808 0.0580541
9.4608 0.0607686
9.46127 0.0612437
9.46343 0.0633983
9.46375 0.0637178
9.466 0.0659658
9.46631 0.0662853
9.46983 0.00980733
9.46983 0.00980733
9.46983 0.00980733
9.47015 0.0101223
9.47015 0.00980283
9.47015 0.00980283
9.471 0.070993
9.47331 0.0732775
9.47363 0.0735961
9.47678 0.0767461
9.47716 0.0771286
9.47969 0.0796811
9.4806 0.080567
9.48228 0.0822551
9.48298 0.0829479
9.48423 0.0842005
9.48694 0.086915
9.48726 0.0872345
9.48726 0.0872345
9.48765 0.0876375
9.48834 0.088309
9.48866 0.0886342
9.48866 0.0886285
9.48898 0.088948
9.48979 0.00977829
9.48979 0.00977829
9.48979 0.00977829
9.49014 0.0101244
9.49014 0.0098049
9.49014 0.0098049
9.49089 0.0908618
9.49121 0.0911813
9.49187 0.0918429
9.49272 0.0926912
9.49348 0.0934461
9.49445 0.0944188
9.49738 0.0973511
9.49907 0.0990383
9.49939 0.0993578
9.50042 0.100393
9.50149 0.10146
9.50181 0.101779
9.50275 0.102721
9.50332 0.103289
9.5042 0.104168
9.50533 0.105297
9.50599 0.105958
9.50631 0.106278
9.50753 0.107499
9.51003 0.00999688
9.51015 0.00980576
9.51015 0.00980576
9.51015 0.00980576
9.51047 0.0101208
9.51047 0.00980127
9.51047 0.00980127
9.51113 0.111101
9.51335 0.113318
9.51367 0.0136383
9.51399 0.113957
9.51431 0.0142851
9.51463 0.114595
9.51501 0.114978
9.51573 0.0157102
9.51618 0.116145
9.51743 0.117397
9.51865 0.11862
9.51897 0.118939
9.52016 0.12013
9.52048 0.0204499
9.52089 0.120862
9.52137 0.121337
9.52495 0.124922
9.52673 0.126704
9.52705 0.0270241
9.52737 0.0273436
9.52863 0.128595
9.52894 0.128915
9.52939 0.129359
9.52993 0.129896
9.53025 0.130221
9.53037 0.0103506
9.53037 0.0103506
9.53037 0.0103506
9.53037 0.0103506
9.53037 0.0100311
9.53037 0.0100311
9.5305 0.0101595
9.53188 0.0318502
9.5322 0.132169
9.53575 0.035724
9.53747 0.0374432
9.53804 0.0380116
9.53929 0.039272
9.54117 0.0411389
9.54345 0.143417
9.54383 0.0437997
9.5498 0.00979573
9.5498 0.00979573
9.5498 0.00979573
9.55012 0.0101107
9.55012 0.00979124
9.55012 0.00979124
9.55047 0.15044
9.55754 0.0575103
9.55808 0.0580475
9.56079 0.0607621
9.56127 0.0612371
9.56342 0.0633917
9.56374 0.0637112
9.56599 0.0659592
9.56631 0.0662787
9.56983 0.00980074
9.56983 0.00980074
9.56983 0.00980074
9.57014 0.0101158
9.57014 0.00979625
9.57014 0.00979625
9.57099 0.0709813
9.57333 0.073302
9.57365 0.0736293
9.57677 0.0767481
9.57718 0.0771532
9.57971 0.0796816
9.58059 0.0805604
9.58228 0.0822485
9.58297 0.0829413
9.58422 0.0841939
9.58694 0.0869084
9.58726 0.0872279
9.58726 0.0872279
9.58767 0.087643
9.58833 0.0883024
9.58865 0.0886276
9.58897 0.0889414
9.58897 0.0889414
9.58981 0.00980281
9.58981 0.00980281
9.58981 0.00980281
9.59013 0.0101178
9.59013 0.00979832
9.59013 0.00979832
9.59092 0.0908863
9.59123 0.0912058
9.5919 0.0918674
9.59274 0.0927157
9.59347 0.0934396
9.59444 0.0944123
9.5974 0.0973756
9.59906 0.0990404
9.59938 0.0993599
9.60042 0.100395
9.60148 0.101453
9.6018 0.101772
9.60277 0.102745
9.60334 0.103314
9.60419 0.104162
9.60532 0.10529
9.60598 0.105952
9.6063 0.106271
9.60752 0.107493
9.61002 0.0099903
9.61015 0.00979918
9.61015 0.00979918
9.61015 0.00979918
9.61046 0.0101142
9.61046 0.00979469
9.61046 0.00979469
9.61112 0.111095
9.61334 0.113311
9.61366 0.0136317
9.61398 0.11395
9.6143 0.0142871
9.61462 0.114597
9.615 0.114971
9.61572 0.0157122
9.61617 0.116139
9.61742 0.117399
9.61867 0.118644
9.61899 0.118964
9.62018 0.120154
9.6205 0.0204744
9.62088 0.120855
9.62136 0.12133
9.62494 0.124916
9.62673 0.126697
9.62708 0.0270486
9.6274 0.0273681
9.62862 0.128589
9.62894 0.128908
9.62938 0.129352
9.62995 0.129921
9.63027 0.130246
9.6304 0.0103751
9.6304 0.0103751
9.6304 0.0103751
9.6304 0.0103751
9.6304 0.0100556
9.6304 0.0100556
9.63053 0.010184
9.63187 0.0318436
9.63219 0.132162
9.63578 0.0357485
9.63746 0.0374366
9.63806 0.0380361
9.63929 0.039274
9.64119 0.0411634
9.64344 0.143411
9.64385 0.0438242
9.6498 0.00978915
9.6498 0.00978915
9.6498 0.00978915
9.65011 0.0101042
9.65011 0.00978466
9.65011 0.00978466
9.65046 0.150434
9.65753 0.0575037
9.6581 0.0580721
9.66081 0.0607866
9.66126 0.0612305
9.66344 0.0634162
9.66376 0.0637358
9.66598 0.0659526
9.6663 0.0662721
9.66982 0.00979416
9.66982 0.00979416
9.66982 0.00979416
9.67013 0.0101092
9.67013 0.00978966
9.67013 0.00978966
9.67101 0.0710006
9.67332 0.0732954
9.67364 0.0736313
9.67676 0.0767502
9.67717 0.0771466
9.6797 0.0796821
9.68058 0.0805539
9.6823 0.082273
9.68296 0.0829347
9.68422 0.0841873
9.68696 0.0869329
9.68728 0.0872524
9.68728 0.0872524
9.68766 0.0876485
9.68832 0.0882958
9.68864 0.088621
9.68896 0.0889348
9.68896 0.0889348
9.68981 0.00979623
9.68981 0.00979623
9.68981 0.00979623
9.69012 0.0101112
9.69012 0.00979173
9.69012 0.00979173
9.69091 0.0908797
9.69123 0.0911992
9.69189 0.0918608
9.69274 0.0927091
9.69346 0.093433
9.69443 0.0944057
9.6974 0.097369
9.69905 0.0990424
9.69937 0.0993619
9.70041 0.100397
9.70151 0.101478
9.70183 0.101797
9.70277 0.102739
9.70333 0.103307
9.70418 0.104155
9.70531 0.105283
9.70597 0.105945
9.70629 0.106265
9.70751 0.107486
9.71001 0.00998371
9.71014 0.00979259
9.71014 0.00979259
9.71014 0.00979259
9.71045 0.0101076
9.71045 0.0097881
9.71045 0.0097881
9.71112 0.111088
9.71333 0.113305
9.71365 0.0136251
9.71397 0.113944
9.71429 0.0142892
9.71461 0.114599
9.71499 0.114965
9.71572 0.0157143
9.71616 0.116132
9.71741 0.117401
9.71867 0.118638
9.71899 0.118957
9.72018 0.120148
9.7205 0.0204678
9.72088 0.120849
9.72135 0.121324
9.72497 0.12494
9.72672 0.126691
9.72707 0.027042
9.72739 0.0273615
9.72861 0.128582
9.72893 0.128902
9.72937 0.129346
9.72994 0.129914
9.73026 0.130239
9.73039 0.0103685
9.73039 0.0103685
9.73039 0.0103685
9.73039 0.0103685
9.73039 0.010049
9.73039 0.010049
9.73052 0.0101774
9.73186 0.031837
9.73218 0.132156
9.73577 0.035742
9.73746 0.03743
9.73806 0.0380295
9.73928 0.0392761
9.74118 0.0411568
9.74346 0.143435
9.74384 0.0438176
9.74979 0.00978257
9.74979 0.00978257
9.74979 0.00978257
9.7501 0.0100976
9.7501 0.00977807
9.7501 0.00977807
9.75046 0.150427
9.75752 0.0574971
9.75809 0.0580655
9.76081 0.06078
9.76125 0.0612239
9.76344 0.0634097
9.76376 0.0637292
9.766 0.0659771
9.76632 0.0662966
9.76981 0.00978757
9.76981 0.00978757
9.76981 0.00978757
9.77013 0.0101026
9.77013 0.00978308
9.77013 0.00978308
9.77101 0.0709888
9.77332 0.0732888
9.77364 0.0736334
9.77672 0.0767211
9.77717 0.07714
9.7797 0.0796826
9.78057 0.0805473
9.78229 0.0822665
9.78296 0.0829281
9.78424 0.0842118
9.78695 0.0869264
9.78727 0.0872459
9.78727 0.0872459
9.78765 0.087654
9.78835 0.0883203
9.78867 0.0886455
9.78867 0.0886398
9.78899 0.0889593
9.7898 0.00978964
9.7898 0.00978964
9.7898 0.00978964
9.79011 0.0101047
9.79011 0.00978515
9.79011 0.00978515
9.7909 0.0908731
9.79122 0.0911926
9.79188 0.0918543
9.79273 0.0927025
9.79345 0.0934264
9.79446 0.0944302
9.79739 0.0973624
9.79905 0.0990445
9.79937 0.099364
9.8004 0.100399
9.8015 0.101471
9.80182 0.10179
9.80276 0.102732
9.80333 0.1033
9.80418 0.104149
9.8053 0.105277
9.80597 0.105938
9.80629 0.106258
9.80751 0.10748
9.81 0.00997713
9.81013 0.00978601
9.81013 0.00978601
9.81013 0.00978601
9.81045 0.010101
9.81045 0.00978152
9.81045 0.00978152
9.81111 0.111081
9.81333 0.113298
9.81364 0.0136185
9.81396 0.113937
9.81428 0.0142601
9.8146 0.114601
9.81499 0.114958
9.81574 0.0157163
9.81615 0.116126
9.81741 0.117403
9.81866 0.118631
9.81898 0.118951
9.82017 0.120141
9.82049 0.0204612
9.82087 0.120842
9.82134 0.121317
9.82496 0.124934
9.82671 0.126684
9.82706 0.0270354
9.82738 0.0273549
9.82863 0.128607
9.82895 0.128926
9.82937 0.129339
9.82993 0.129907
9.83025 0.130233
9.83038 0.0103619
9.83038 0.0103619
9.83038 0.0103619
9.83038 0.0103619
9.83038 0.0100424
9.83038 0.0100424
9.83051 0.0101708
9.83189 0.0318616
9.83221 0.13218
9.83576 0.0357354
9.83748 0.0374546
9.83805 0.0380229
9.8393 0.0392781
9.84118 0.0411502
9.84346 0.143428
9.84384 0.043811
9.84981 0.00980709
9.84981 0.00980709
9.84981 0.00980709
9.85013 0.0101221
9.85013 0.00980259
9.85013 0.00980259
9.85048 0.150452
9.85752 0.0574906
9.85809 0.0580589
9.8608 0.0607734
9.86124 0.0612173
9.86343 0.0634031
9.86375 0.0637226
9.866 0.0659705
9.86632 0.06629
9.8698 0.00978099
9.8698 0.00978099
9.8698 0.00978099
9.87015 0.0101271
9.87015 0.0098076
9.87015 0.0098076
9.871 0.0709771
9.87331 0.0732822
9.87363 0.0736043
9.87675 0.0767232
9.87716 0.0771334
9.87969 0.0796831
9.88057 0.0805407
9.88229 0.0822599
9.88295 0.0829215
9.88423 0.0842053
9.88695 0.0869198
9.88727 0.0872393
9.88727 0.0872393
9.88768 0.0876595
9.88834 0.0883137
9.88866 0.088639
9.88866 0.0886333
9.88898 0.0889528
9.88979 0.00978306
9.88979 0.00978306
9.88979 0.00978306
9.89011 0.0100981
9.89011 0.00977857
9.89011 0.00977857
9.89089 0.0908665
9.89121 0.091186
9.89187 0.0918477
9.89272 0.092696
9.89348 0.0934509
9.89445 0.0944236
9.89738 0.0973558
9.89907 0.0990465
9.89939 0.099366
9.90042 0.100401
9.90149 0.101464
9.90181 0.101784
9.90275 0.102725
9.90332 0.103294
9.90417 0.104142
9.9053 0.10527
9.90596 0.105932
9.90628 0.106251
9.90753 0.107504
9.91 0.00997054
9.91012 0.00977943
9.91012 0.00977943
9.91012 0.00977943
9.91047 0.0101255
9.91047 0.00980604
9.91047 0.00980604
9.91113 0.111106
9.9121 0.00977891
9.91332 0.113296
9.91364 0.0136159
9.91396 0.113935
9.91428 0.0142662
9.9146 0.114576
9.91498 0.114955
9.91571 0.0156913
9.91615 0.116123
9.9164 0.00977994
9.91744 0.117413
9.91866 0.118632
9.91898 0.118952
9.92017 0.120142
9.92049 0.0204626
9.92062 0.00987999
9.92094 0.12091
9.92135 0.121323
9.92418 0.00979912
9.92497 0.124943
9.92672 0.126693
9.92707 0.0270447
9.92739 0.0273642
9.92823 0.00979739
9.92865 0.12862
9.92897 0.12894
9.92938 0.129352
9.92995 0.129921
9.93027 0.130246
9.9304 0.010364
9.9304 0.010364
9.9304 0.010364
9.9304 0.010364
9.9304 0.0100445
9.9304 0.0100445
9.93052 0.0101729
9.93187 0.0318437
9.93219 0.132162
9.93257 0.00978098
9.93575 0.0357215
9.93628 0.00978495
9.93747 0.0374447
9.93804 0.038013
9.93929 0.0392769
9.94026 0.00980586
9.94117 0.0411443
9.94345 0.143423
9.94383 0.0438051
9.94635 0.00979566
9.94981 0.00979117
9.94981 0.00979117
9.94981 0.00979117
9.95013 0.0101062
9.95013 0.00978667
9.95013 0.00978667
9.95048 0.15045
9.95113 0.00979065
9.95459 0.00978616
9.95752 0.0574966
9.95809 0.0580649
9.9585 0.0097986
9.96081 0.0607834
9.96125 0.0612273
9.96278 0.00977993
9.96344 0.0634171
9.96376 0.0637366
9.96598 0.0659534
9.9663 0.0662729
9.96649 0.0097782
9.96982 0.00980482
9.96982 0.00980482
9.96982 0.00980482
9.97014 0.0101198
9.97014 0.00980032
9.97014 0.00980032
9.97051 0.00979583
9.97102 0.0709938
9.9733 0.073273
9.97362 0.0736038
9.97452 0.00978563
9.97674 0.0767266
9.97715 0.0771282
9.97865 0.00979807
9.97972 0.079689
9.9806 0.0805706
9.98228 0.0822586
9.98295 0.0829203
9.98423 0.084204
9.98495 0.00980481
9.98695 0.0869225
9.98727 0.087242
9.98727 0.087242
9.98765 0.0876433
9.98834 0.0883165
9.98866 0.0886417
9.98866 0.088636
9.98898 0.0889555
9.98914 0.00978891
9.9898 0.00978442
9.9898 0.00978442
9.9898 0.00978442
9.99011 0.0100994
9.99011 0.00977993
9.99011 0.00977993
9.9909 0.0908732
9.99122 0.0911927
9.99188 0.0918544
9.99273 0.0927027
9.99345 0.0934265
9.99383 0.00978667
9.99443 0.0944032
9.99739 0.0973665
9.99876 0.00979911
9.99908 0.0990698
9.9994 0.0993893

