% time_sec delay_sec
0.108782 0.00875182
0.112274 0.0122439
0.117882 0.0178511
0.119041 0.0190104
0.11964 0.0196099
0.122293 0.0222622
0.123017 0.022986
0.124673 0.024643
0.12745 0.0274197
0.132342 0.0323115
0.134932 0.0349016
0.135252 0.0352211
0.138091 0.0380601
0.138566 0.0385351
0.141684 0.041654
0.150589 0.0505582
0.152432 0.0524018
0.153249 0.053219
0.153569 0.0535385
0.156377 0.0563463
0.157132 0.0571013
0.16193 0.0618997
0.163494 0.0634634
0.168292 0.0682619
0.172344 0.0723139
0.172913 0.0728822
0.174756 0.0747258
0.175418 0.0753875
0.178692 0.0786619
0.179541 0.0795101
0.181042 0.0810116
0.181362 0.0813311
0.18221 0.0821794
0.183431 0.0834009
0.185151 0.0851201
0.185874 0.0858439
0.186349 0.086319
0.186669 0.0866385
0.189508 0.0894774
0.191787 0.0917565
0.192977 0.0929469
0.195319 0.0952881
0.196198 0.0961675
0.196517 0.096487
0.196837 0.0968065
0.196837 0.0968065
0.197685 0.0976548
0.198596 0.0985653
0.19932 0.0992892
0.199981 0.0999508
0.200581 0.10055
0.201771 0.101741
0.202962 0.102931
0.204432 0.104401
0.204751 0.104721
0.205289 0.105258
0.207443 0.107413
0.208198 0.108168
0.208767 0.00875941
0.209148 0.109118
0.212018 0.111988
0.212338 0.0123307
0.212968 0.112938
0.213288 0.113257
0.213607 0.113577
0.213607 0.113577
0.213927 0.113896
0.215864 0.115833
0.217023 0.116993
0.217685 0.117654
0.218004 0.0179971
0.219008 0.118978
0.219328 0.0193204
0.219647 0.0196399
0.220309 0.120278
0.222277 0.0222696
0.22297 0.0229624
0.223382 0.123352
0.223888 0.123858
0.224643 0.0246363
0.22602 0.12599
0.226931 0.126901
0.227437 0.0274299
0.227788 0.127757
0.228418 0.128388
0.229515 0.129485
0.231328 0.131297
0.232301 0.0322934
0.234922 0.0349146
0.235241 0.0352341
0.235996 0.135966
0.236751 0.136721
0.238066 0.0380589
0.238541 0.0385339
0.24166 0.0416527
0.244312 0.144282
0.250573 0.0505654
0.252416 0.052409
0.253233 0.0532262
0.253553 0.0535457
0.256361 0.0563535
0.257085 0.0570774
0.261914 0.061907
0.263478 0.0634706
0.268276 0.0682691
0.272328 0.0723211
0.272897 0.0728895
0.27474 0.0747331
0.275402 0.0753947
0.278645 0.078638
0.279525 0.0795174
0.280995 0.0809877
0.281314 0.0813072
0.282194 0.0821866
0.283415 0.0834081
0.285135 0.0851273
0.285858 0.0858512
0.286333 0.0863262
0.286653 0.0866457
0.289492 0.0894846
0.29174 0.0917326
0.292961 0.0929541
0.295303 0.0952954
0.296151 0.0961437
0.29647 0.0964632
0.29679 0.0967827
0.29679 0.0967827
0.297669 0.0976621
0.298549 0.0985414
0.299304 0.0992964
0.299965 0.0999581
0.300534 0.100526
0.301755 0.101748
0.302946 0.102938
0.304416 0.104409
0.304735 0.104728
0.305273 0.105265
0.307427 0.10742
0.308182 0.108175
0.308751 0.00873555
0.309132 0.109125
0.311971 0.111964
0.312291 0.0122757
0.312952 0.112945
0.313272 0.113265
0.313591 0.113584
0.313591 0.113584
0.313911 0.113904
0.315848 0.115841
0.317007 0.117
0.317669 0.117662
0.317988 0.0179733
0.318961 0.118954
0.31928 0.0192655
0.319631 0.0196161
0.320293 0.120286
0.322292 0.0222768
0.322985 0.0229696
0.323366 0.123359
0.323872 0.123865
0.324659 0.0246435
0.326004 0.125997
0.326915 0.126908
0.327421 0.0274061
0.327772 0.127765
0.328402 0.128395
0.329499 0.129492
0.331312 0.131305
0.332316 0.0323006
0.334937 0.0349218
0.335256 0.0352413
0.335949 0.135942
0.336735 0.136728
0.33805 0.038035
0.338525 0.03851
0.341675 0.04166
0.344296 0.144289
0.350588 0.0505727
0.352431 0.0524163
0.353248 0.0532334
0.353568 0.0535529
0.356376 0.0563608
0.3571 0.0570846
0.361929 0.0619142
0.363493 0.0634779
0.36826 0.0682453
0.372343 0.0723284
0.372881 0.0728656
0.374724 0.0747092
0.375386 0.0753708
0.37866 0.0786452
0.37954 0.0795246
0.38101 0.080995
0.381329 0.0813145
0.382209 0.0821939
0.383399 0.0833843
0.385118 0.0851035
0.385842 0.0858273
0.386348 0.0863334
0.386668 0.086653
0.389476 0.0894608
0.391755 0.0917398
0.392976 0.0929614
0.395318 0.0953026
0.396166 0.0961509
0.396485 0.0964704
0.396805 0.0967899
0.396805 0.0967899
0.397653 0.0976382
0.398564 0.0985487
0.399319 0.0993036
0.39998 0.0999653
0.400549 0.100534
0.40177 0.101755
0.402961 0.102946
0.404431 0.104416
0.40475 0.104735
0.405288 0.105273
0.407411 0.107396
0.408197 0.108182
0.408766 0.00874279
0.409147 0.109132
0.411986 0.111971
0.412306 0.0122829
0.412967 0.112952
0.413287 0.113272
0.413606 0.113591
0.413606 0.113591
0.413926 0.113911
0.415863 0.115848
0.416991 0.116976
0.417684 0.117669
0.418003 0.0179805
0.418976 0.118961
0.419296 0.0192727
0.419646 0.0196233
0.420277 0.120262
0.422307 0.0222841
0.423 0.0229768
0.423381 0.123366
0.423856 0.123841
0.424642 0.0246196
0.425988 0.125973
0.42693 0.126915
0.427436 0.0274133
0.427787 0.127772
0.428417 0.128402
0.429514 0.129499
0.431296 0.131281
0.432331 0.0323079
0.434921 0.034898
0.43524 0.0352175
0.435964 0.135949
0.43675 0.136735
0.438065 0.0380422
0.43854 0.0385173
0.44169 0.0416672
0.444311 0.144296
0.450603 0.0505799
0.452415 0.0523924
0.453232 0.0532096
0.453552 0.0535291
0.456391 0.056368
0.457115 0.0570919
0.461913 0.0618904
0.463508 0.0634851
0.468275 0.0682525
0.472358 0.0723356
0.472896 0.0728728
0.474739 0.0747164
0.475401 0.0753781
0.478675 0.0786525
0.479524 0.0795007
0.481025 0.0810022
0.481345 0.0813217
0.482193 0.08217
0.483414 0.0833915
0.485134 0.0851107
0.485857 0.0858346
0.486364 0.0863407
0.486683 0.0866602
0.489491 0.089468
0.49177 0.0917471
0.492991 0.0929686
0.495333 0.0953099
0.496181 0.0961581
0.4965 0.0964777
0.49682 0.0967972
0.49682 0.0967972
0.497668 0.0976454
0.498579 0.0985559
0.499334 0.0993109
0.499995 0.0999725
0.500564 0.100541
0.501754 0.101731
0.502945 0.102922
0.504415 0.104392
0.504734 0.104712
0.505303 0.10528
0.507426 0.107403
0.508181 0.108158
0.508781 0.00875003
0.509162 0.10914
0.512001 0.111979
0.512321 0.0122902
0.512983 0.11296
0.513302 0.113279
0.513622 0.113599
0.513622 0.113599
0.513941 0.113918
0.515847 0.115824
0.517006 0.116983
0.517668 0.117645
0.517987 0.0179566
0.518991 0.118968
0.519311 0.0192799
0.519661 0.0196306
0.520292 0.120269
0.522291 0.0222602
0.523015 0.0229841
0.523365 0.123343
0.523871 0.123849
0.524658 0.0246269
0.526003 0.125981
0.526945 0.126922
0.527451 0.0274205
0.527771 0.127748
0.528432 0.12841
0.529498 0.129476
0.531311 0.131288
0.532346 0.0323151
0.534936 0.0349052
0.535255 0.0352247
0.535979 0.135956
0.536734 0.136711
0.53808 0.0380495
0.538555 0.0385245
0.541674 0.0416434
0.544295 0.144272
0.550587 0.050556
0.55243 0.0523996
0.553247 0.0532168
0.553567 0.0535363
0.556375 0.0563442
0.55713 0.0570991
0.561928 0.0618976
0.563492 0.0634613
0.56829 0.0682597
0.572342 0.0723117
0.572911 0.0728801
0.574754 0.0747237
0.575416 0.0753853
0.57869 0.0786597
0.579539 0.079508
0.58104 0.0810094
0.58136 0.081329
0.582208 0.0821772
0.583429 0.0833988
0.585149 0.0851179
0.585872 0.0858418
0.586347 0.0863168
0.586667 0.0866363
0.589506 0.0894753
0.591785 0.0917543
0.592975 0.0929447
0.595348 0.0953171
0.596196 0.0961654
0.596516 0.0964849
0.596835 0.0968044
0.596835 0.0968044
0.597683 0.0976527
0.598594 0.0985632
0.599318 0.099287
0.599979 0.0999487
0.600579 0.100548
0.601769 0.101739
0.60296 0.102929
0.60443 0.104399
0.604749 0.104719
0.605318 0.105287
0.607441 0.107411
0.608196 0.108166
0.608765 0.00875727
0.609146 0.109116
0.612016 0.111986
0.612336 0.0123285
0.612966 0.112936
0.613286 0.113255
0.613605 0.113575
0.613605 0.113575
0.613925 0.113894
0.615862 0.115831
0.617021 0.116991
0.617683 0.117652
0.618002 0.017995
0.619006 0.118976
0.619326 0.0193183
0.619645 0.0196378
0.620307 0.120276
0.622275 0.0222675
0.622999 0.0229913
0.62338 0.12335
0.623887 0.123856
0.624642 0.0246341
0.626019 0.125988
0.62696 0.126929
0.627435 0.0274278
0.627786 0.127755
0.628416 0.128386
0.629513 0.129483
0.631326 0.131295
0.632299 0.0322912
0.63492 0.0349124
0.635239 0.035232
0.635994 0.135964
0.636749 0.136719
0.638064 0.0380567
0.638539 0.0385317
0.641658 0.0416506
0.64431 0.14428
0.650571 0.0505633
0.652414 0.0524069
0.653231 0.0532241
0.653551 0.0535436
0.656359 0.0563514
0.657083 0.0570753
0.661912 0.0619048
0.663476 0.0634685
0.668274 0.068267
0.672326 0.072319
0.672895 0.0728873
0.674738 0.0747309
0.6754 0.0753926
0.678674 0.078667
0.679523 0.0795152
0.680993 0.0809856
0.681312 0.0813051
0.682192 0.0821845
0.683413 0.083406
0.685133 0.0851252
0.685856 0.085849
0.686331 0.0863241
0.686651 0.0866436
0.68949 0.0894825
0.691769 0.0917616
0.692959 0.092952
0.695301 0.0952933
0.696149 0.0961415
0.696468 0.096461
0.696788 0.0967805
0.696788 0.0967805
0.697667 0.0976599
0.698578 0.0985704
0.699302 0.0992943
0.699963 0.0999559
0.700532 0.100524
0.701753 0.101746
0.702944 0.102936
0.704414 0.104407
0.704733 0.104726
0.705271 0.105263
0.707425 0.107418
0.70818 0.108173
0.708749 0.00873341
0.70913 0.109123
0.711969 0.111962
0.712289 0.0122736
0.71295 0.112943
0.71327 0.113263
0.713589 0.113582
0.713589 0.113582
0.713909 0.113902
0.715846 0.115838
0.717005 0.116998
0.717667 0.117659
0.717986 0.0179711
0.718959 0.118952
0.719279 0.0192633
0.719629 0.0196139
0.720291 0.120283
0.72229 0.0222747
0.722983 0.0229675
0.723364 0.123357
0.723871 0.123863
0.724657 0.0246414
0.726003 0.125995
0.726913 0.126906
0.72745 0.027435
0.72777 0.127762
0.7284 0.128393
0.729497 0.12949
0.73131 0.131303
0.732314 0.0322985
0.734935 0.0349197
0.735254 0.0352392
0.735978 0.135971
0.736733 0.136726
0.738048 0.0380329
0.738523 0.0385079
0.741673 0.0416579
0.744294 0.144287
0.750586 0.0505705
0.752429 0.0524141
0.753247 0.0532313
0.753566 0.0535508
0.756374 0.0563586
0.757098 0.0570825
0.761927 0.0619121
0.763491 0.0634757
0.768258 0.0682431
0.772341 0.0723262
0.772879 0.0728635
0.774753 0.0747382
0.775384 0.0753687
0.778658 0.0786431
0.779538 0.0795225
0.781008 0.0809928
0.781328 0.0813123
0.782207 0.0821917
0.783397 0.0833821
0.785117 0.0851013
0.78584 0.0858252
0.786347 0.0863313
0.786666 0.0866508
0.789505 0.0894898
0.791753 0.0917377
0.792974 0.0929592
0.795316 0.0953005
0.796164 0.0961488
0.796483 0.0964683
0.796803 0.0967878
0.796803 0.0967878
0.797682 0.0976672
0.798562 0.0985465
0.799317 0.0993015
0.799978 0.0999632
0.800547 0.100531
0.801768 0.101753
0.802959 0.102943
0.804429 0.104414
0.804749 0.104733
0.805286 0.105271
0.807409 0.107394
0.808195 0.10818
0.808764 0.00874065
0.809145 0.10913
0.811984 0.111969
0.812304 0.0122808
0.812966 0.11295
0.813285 0.11327
0.813605 0.113589
0.813605 0.113589
0.813924 0.113909
0.815861 0.115846
0.816989 0.116974
0.817682 0.117667
0.818001 0.0179784
0.818974 0.118959
0.819294 0.0192706
0.819644 0.0196212
0.820275 0.12026
0.822305 0.0222819
0.822998 0.0229747
0.823379 0.123364
0.823854 0.123839
0.824641 0.0246175
0.825986 0.125971
0.826928 0.126913
0.827434 0.0274112
0.827785 0.12777
0.828415 0.1284
0.829512 0.129497
0.831325 0.13131
0.832329 0.0323057
0.83495 0.0349269
0.835269 0.0352464
0.835962 0.135947
0.836748 0.136733
0.838063 0.0380401
0.838538 0.0385151
0.841688 0.0416651
0.844309 0.144294
0.850601 0.0505778
0.852413 0.0523903
0.85323 0.0532074
0.85355 0.0535269
0.856389 0.0563659
0.857113 0.0570897
0.861942 0.0619193
0.863506 0.063483
0.868273 0.0682504
0.872357 0.0723335
0.872894 0.0728707
0.874737 0.0747143
0.875399 0.075376
0.878673 0.0786503
0.879553 0.0795297
0.881023 0.0810001
0.881343 0.0813196
0.882191 0.0821679
0.883412 0.0833894
0.885132 0.0851086
0.885855 0.0858324
0.886362 0.0863386
0.886681 0.0866581
0.889489 0.0894659
0.891768 0.0917449
0.89299 0.0929665
0.895331 0.0953077
0.896179 0.096156
0.896499 0.0964755
0.896818 0.096795
0.896818 0.096795
0.897666 0.0976433
0.898577 0.0985538
0.899332 0.0993087
0.899993 0.0999704
0.900562 0.100539
0.901783 0.10176
0.902943 0.10292
0.904413 0.10439
0.904732 0.104709
0.905301 0.105278
0.907424 0.107401
0.908179 0.108156
0.908779 0.00874789
0.90916 0.109137
0.911999 0.111976
0.912319 0.012288
0.912981 0.112958
0.9133 0.113277
0.91362 0.113597
0.91362 0.113597
0.913939 0.113916
0.915845 0.115822
0.917004 0.116981
0.917666 0.117643
0.917985 0.0179545
0.918989 0.118966
0.919309 0.0192778
0.919659 0.0196284
0.92029 0.120267
0.922289 0.0222581
0.923013 0.0229819
0.923363 0.12334
0.92387 0.123847
0.924656 0.0246248
0.926002 0.125979
0.926943 0.12692
0.927449 0.0274184
0.927769 0.127746
0.92843 0.128407
0.929496 0.129473
0.931309 0.131286
0.932344 0.032313
0.934934 0.0349031
0.935253 0.0352226
0.935977 0.135954
0.936763 0.13674
0.938078 0.0380473
0.938553 0.0385224
0.941672 0.0416412
0.944293 0.14427
0.950585 0.0505539
0.952428 0.0523975
0.953246 0.0532147
0.953565 0.0535342
0.956404 0.0563731
0.957128 0.057097
0.961926 0.0618955
0.96349 0.0634591
0.968288 0.0682576
0.97234 0.0723096
0.972909 0.0728779
0.974752 0.0747215
0.975414 0.0753832
0.978688 0.0786576
0.979537 0.0795059
0.981038 0.0810073
0.981358 0.0813268
0.982206 0.0821751
0.983427 0.0833966
0.985147 0.0851158
0.985871 0.0858397
0.986346 0.0863147
0.986665 0.0866342
0.989504 0.0894731
0.991783 0.0917522
0.992973 0.0929426
0.995346 0.095315
0.996194 0.0961633
0.996514 0.0964828
0.996833 0.0968023
0.996833 0.0968023
0.997681 0.0976505
0.998592 0.098561
0.999316 0.0992849
0.999977 0.0999465
1.00058 0.100546
1.00177 0.101736
1.00296 0.102927
1.00443 0.104402
1.00475 0.104722
1.00532 0.10529
1.00744 0.107414
1.0082 0.108169
1.00877 0.00876045
1.00915 0.109119
1.01202 0.111989
1.01234 0.0123317
1.01297 0.112939
1.01329 0.113258
1.01361 0.113578
1.01361 0.113578
1.01393 0.113898
1.01587 0.115834
1.01702 0.116994
1.01769 0.117655
1.01801 0.0179982
1.01901 0.118979
1.01901 0.019002
1.01964 0.0196325
1.0203 0.120271
1.0223 0.0222933
1.02299 0.022986
1.02338 0.123344
1.02388 0.123851
1.02464 0.0246288
1.02601 0.125983
1.02696 0.126924
1.02743 0.0274225
1.02781 0.127781
1.02844 0.128411
1.02954 0.129509
1.03132 0.13129
1.03232 0.0323171
1.03491 0.0349072
1.03523 0.0352267
1.03602 0.135989
1.03678 0.136744
1.03806 0.0380514
1.03853 0.0385265
1.04165 0.0416453
1.04431 0.144274
1.04876 0.00874576
1.04876 0.00874576
1.04876 0.00874576
1.04908 0.00874576
1.04908 0.00874576
1.04908 0.00906526
1.0494 0.00874576
1.0494 0.00906526
1.0494 0.00874576
1.04972 0.00906526
1.04972 0.00874576
1.04972 0.00874576
1.0506 0.0505919
1.05241 0.0524044
1.05326 0.0532526
1.05358 0.0535721
1.05639 0.05638
1.05708 0.0570727
1.06191 0.0619023
1.0635 0.0634971
1.06827 0.0682645
1.06878 0.00875975
1.06878 0.00875975
1.06878 0.00875975
1.0691 0.00875975
1.0691 0.00875975
1.0691 0.00907926
1.06942 0.00875975
1.06942 0.00907926
1.06942 0.00875975
1.06974 0.00907926
1.06974 0.00875975
1.06974 0.00875975
1.07233 0.0723192
1.07286 0.0728565
1.07474 0.0747312
1.07537 0.0753617
1.07864 0.0786361
1.07955 0.0795466
1.08099 0.0809858
1.08131 0.0813053
1.08219 0.0821847
1.08341 0.0834062
1.0851 0.0850943
1.08586 0.0858493
1.08633 0.0863243
1.08665 0.0866438
1.08877 0.00875387
1.08877 0.00875387
1.08877 0.00875387
1.08909 0.00875387
1.08909 0.00875387
1.08909 0.00907338
1.08941 0.00875387
1.08941 0.00907338
1.08941 0.00875387
1.08973 0.0897259
1.08973 0.00907338
1.09174 0.0917335
1.09299 0.0929861
1.09533 0.0953274
1.09615 0.0961445
1.09647 0.096464
1.09679 0.0967835
1.09679 0.0967835
1.09764 0.0976318
1.09861 0.0986045
1.0993 0.0992973
1.1 0.09999
1.10053 0.100527
1.10173 0.101718
1.10292 0.102908
1.10442 0.10441
1.10474 0.104729
1.1053 0.105297
1.1074 0.10739
1.10818 0.108176
1.10878 0.00875923
1.10878 0.00875923
1.10878 0.00875923
1.10923 0.109223
1.10923 0.00888762
1.10923 0.00888762
1.10955 0.00888762
1.10955 0.00888762
1.10968 0.00933551
1.10968 0.0086965
1.10968 0.00901601
1.10968 0.0086965
1.11199 0.111981
1.11231 0.0122847
1.11297 0.112962
1.11329 0.113282
1.11361 0.113601
1.11361 0.113601
1.11393 0.113921
1.11583 0.115827
1.11699 0.116986
1.11769 0.117679
1.11801 0.0179968
1.11898 0.118971
1.1193 0.0192941
1.11962 0.0196168
1.12028 0.120272
1.12231 0.0223055
1.123 0.0229786
1.12335 0.123345
1.12386 0.123851
1.12465 0.0246411
1.12596 0.125952
1.1269 0.126894
1.12744 0.0274348
1.12776 0.127751
1.12842 0.128412
1.12858 0.00855307
1.12858 0.00855307
1.12858 0.00855307
1.12893 0.00857968
1.12893 0.00857968
1.12893 0.00889919
1.12924 0.00857519
1.12924 0.0088947
1.12924 0.00857519
1.12956 0.129552
1.12969 0.00902309
1.12969 0.00870358
1.12969 0.00870358
1.13128 0.131276
1.13232 0.0322944
1.13491 0.0349042
1.13523 0.0352237
1.13598 0.135975
1.13677 0.136761
1.13805 0.0380485
1.13853 0.0385235
1.14165 0.0416424
1.14427 0.14426
1.1486 0.00856603
1.1486 0.00856603
1.1486 0.00856603
1.14891 0.00856154
1.14891 0.00856154
1.14891 0.00888104
1.14923 0.00855704
1.14923 0.00887655
1.14923 0.00855704
1.14954 0.00887206
1.14954 0.00855255
1.14954 0.00855255
1.15061 0.0505823
1.15242 0.0524145
1.15324 0.0532317
1.15356 0.0535315
1.15636 0.056359
1.15709 0.0570829
1.16189 0.0618814
1.16348 0.0634762
1.16828 0.0682746
1.16856 0.00856205
1.16856 0.00856205
1.16856 0.00856205
1.16888 0.00855756
1.16888 0.00855756
1.16888 0.00887707
1.16919 0.00855307
1.16919 0.00887257
1.16919 0.00855307
1.16954 0.00889918
1.16954 0.00857968
1.16954 0.00857968
1.17232 0.0723114
1.17288 0.0728798
1.17476 0.0747545
1.17536 0.0753539
1.17863 0.0786283
1.17954 0.0795388
1.18101 0.0810091
1.18133 0.0813286
1.18221 0.082208
1.1834 0.0833984
1.18512 0.0850979
1.18588 0.0858529
1.18632 0.0863165
1.18664 0.086636
1.18857 0.00856931
1.18857 0.00856931
1.18857 0.00856931
1.18889 0.00856481
1.18889 0.00856481
1.18889 0.00888432
1.1892 0.00856032
1.1892 0.00887983
1.1892 0.00856032
1.18952 0.089518
1.18965 0.00900822
1.18965 0.00868871
1.18965 0.00868871
1.19174 0.0917388
1.193 0.0929914
1.19531 0.0953016
1.19615 0.0961499
1.19647 0.0964694
1.19679 0.0967692
1.19679 0.0967635
1.19764 0.0976372
1.19861 0.0986098
1.19931 0.0993026
1.2 0.0999954
1.20057 0.100544
1.20173 0.101723
1.20292 0.102913
1.20442 0.104395
1.20474 0.104734
1.20531 0.105303
1.2074 0.107395
1.20815 0.10815
1.20875 0.0087478
1.20888 0.00887619
1.20888 0.00887619
1.20888 0.00855669
1.20888 0.00855669
1.20888 0.00855669
1.2092 0.109197
1.20933 0.00868508
1.20933 0.00868508
1.20933 0.00900458
1.20952 0.00855617
1.20952 0.00887567
1.20952 0.00855617
1.21199 0.111982
1.21231 0.0122999
1.21297 0.112938
1.21329 0.113283
1.21361 0.113602
1.21361 0.113602
1.21393 0.113922
1.21583 0.115828
1.21699 0.116987
1.21768 0.11768
1.218 0.0179843
1.21898 0.118972
1.2193 0.0192922
1.21965 0.0196181
1.22028 0.120273
1.22231 0.0223036
1.223 0.0229938
1.22335 0.123346
1.22386 0.123852
1.22464 0.0246392
1.22596 0.125953
1.2269 0.126895
1.22744 0.0274328
1.22776 0.127752
1.22842 0.128413
1.22855 0.00853715
1.22855 0.00853715
1.22855 0.00853715
1.22855 0.00853715
1.22855 0.00840877
1.22855 0.00840877
1.22867 0.00853715
1.22867 0.00866555
1.22867 0.00866555
1.22867 0.00853715
1.22867 0.00853715
1.22867 0.00853715
1.22867 0.00853715
1.2295 0.129491
1.23128 0.131272
1.23231 0.0323056
1.23493 0.0349294
1.23525 0.0352489
1.23598 0.135972
1.23676 0.136758
1.23805 0.0380426
1.23855 0.0385487
1.24167 0.0416676
1.24429 0.144288
1.24859 0.00856808
1.24859 0.00856808
1.24859 0.00856808
1.2489 0.00856359
1.2489 0.00856359
1.2489 0.0088831
1.24922 0.0085591
1.24922 0.0088786
1.24922 0.0085591
1.24953 0.00887411
1.24953 0.0085546
1.24953 0.0085546
1.25057 0.0505625
1.25241 0.0524086
1.25323 0.0532258
1.25355 0.0535427
1.25636 0.0563532
1.25708 0.057077
1.26188 0.0618755
1.26347 0.0634703
1.26827 0.0682687
1.2684 0.00837748
1.2684 0.00837748
1.2684 0.00837748
1.2684 0.00837748
1.2684 0.00837748
1.26853 0.00850587
1.26853 0.00837748
1.26853 0.00837748
1.26853 0.00837748
1.26853 0.00837748
1.26853 0.00837748
1.2723 0.0723016
1.27287 0.0728699
1.27475 0.0747446
1.27538 0.0753751
1.27865 0.0786495
1.27953 0.0795289
1.281 0.0809993
1.28132 0.0813188
1.2822 0.0821982
1.28339 0.0833886
1.28508 0.0850741
1.28583 0.085829
1.28631 0.0863066
1.28663 0.0866262
1.28838 0.00837161
1.28838 0.00837161
1.28838 0.00837161
1.28838 0.00837161
1.28838 0.00837161
1.2885 0.00849999
1.2885 0.00837161
1.2885 0.00837161
1.2885 0.00837161
1.2885 0.00837161
1.2885 0.00837161
1.28948 0.089477
1.29173 0.091725
1.29298 0.0929776
1.29532 0.0953189
1.29614 0.096136
1.29646 0.0964555
1.29678 0.0967724
1.29678 0.0967496
1.29763 0.0976233
1.2986 0.098596
1.29929 0.0992888
1.30002 0.100013
1.30052 0.100516
1.30174 0.10174
1.3029 0.1029
1.30437 0.104367
1.30472 0.104721
1.30529 0.105289
1.30738 0.107381
1.30817 0.108167
1.30877 0.0087547
1.3089 0.00856358
1.3089 0.00856358
1.3089 0.00856358
1.3089 0.00856358
1.3089 0.00843519
1.3089 0.00843519
1.30922 0.109215
1.30935 0.00888309
1.30935 0.00901148
1.30935 0.00901148
1.30935 0.00888309
1.30935 0.00888309
1.30935 0.00888309
1.31197 0.111964
1.31229 0.0122681
1.31298 0.112951
1.3133 0.113296
1.31362 0.113616
1.31362 0.113616
1.31394 0.113935
1.31581 0.11581
1.31697 0.116969
1.3177 0.117693
1.31802 0.0179871
1.31896 0.118954
1.31928 0.0192744
1.31966 0.0196347
1.32026 0.120255
1.32229 0.0222858
1.32301 0.0229931
1.32336 0.123359
1.32384 0.123834
1.32465 0.0246525
1.32597 0.125966
1.32691 0.126908
1.32745 0.0274461
1.32777 0.127765
1.3284 0.128395
1.32853 0.00852643
1.32853 0.00852643
1.32853 0.00852643
1.32853 0.00852643
1.32853 0.00839803
1.32853 0.00839803
1.32866 0.00852643
1.32866 0.00865481
1.32866 0.00865481
1.32866 0.00852643
1.32866 0.00852643
1.32866 0.00852643
1.32866 0.00852643
1.32948 0.129473
1.33129 0.131286
1.33232 0.0323049
1.33495 0.0349427
1.33526 0.0352622
1.33599 0.135985
1.33674 0.13674
1.33806 0.0380559
1.33853 0.0385309
1.34165 0.0416498
1.34427 0.14427
1.34838 0.00837073
1.34838 0.00837073
1.34838 0.00837073
1.34838 0.00837073
1.34838 0.00837073
1.34851 0.00849912
1.34851 0.00837073
1.34851 0.00837073
1.34851 0.00837073
1.34851 0.00837073
1.34851 0.00837073
1.35061 0.0505889
1.35242 0.052418
1.35327 0.0532662
1.35359 0.0535692
1.3564 0.0563936
1.35709 0.0570863
1.36192 0.0619159
1.36351 0.0635107
1.36828 0.0682781
1.36841 0.00838472
1.36841 0.00838472
1.36841 0.00838472
1.36841 0.00838472
1.36841 0.00838472
1.36854 0.00851311
1.36854 0.00838472
1.36854 0.00838472
1.36854 0.00838472
1.36854 0.00838472
1.36854 0.00838472
1.37234 0.072342
1.37288 0.0728792
1.37476 0.0747539
1.37539 0.0753845
1.37866 0.0786588
1.37957 0.0795693
1.38104 0.0810397
1.38136 0.0813592
1.38221 0.0822075
1.38346 0.0834601
1.38521 0.0851938
1.38594 0.0859177
1.38635 0.0863471
1.38667 0.0866666
1.38838 0.00837885
1.38838 0.00837885
1.38838 0.00837885
1.38838 0.00837885
1.38838 0.00837885
1.38851 0.00850724
1.38851 0.00837885
1.38851 0.00837885
1.38851 0.00837885
1.38851 0.00837885
1.38851 0.00837885
1.38949 0.0894863
1.39177 0.0917654
1.39302 0.093018
1.3953 0.0952971
1.39612 0.0961142
1.39644 0.0964337
1.39682 0.0967901
1.39682 0.0967989
1.39767 0.0976637
1.39864 0.0986364
1.39933 0.0993292
1.40002 0.100022
1.40062 0.100605
1.40172 0.101718
1.40297 0.102971
1.40447 0.104456
1.40479 0.104792
1.40533 0.105329
1.40736 0.10736
1.40821 0.108208
1.40878 0.00876194
1.40891 0.00857082
1.40891 0.00857082
1.40891 0.00857082
1.40891 0.00857082
1.40891 0.00844243
1.40891 0.00844243
1.40923 0.109224
1.40935 0.00889033
1.40935 0.00901872
1.40935 0.00901872
1.40935 0.00889033
1.40935 0.00889033
1.40935 0.00889033
1.41201 0.112005
1.41233 0.0123171
1.41302 0.112992
1.41334 0.113337
1.41366 0.113656
1.41366 0.113656
1.41398 0.113976
1.41588 0.115881
1.41704 0.117041
1.4177 0.117702
1.41802 0.0180085
1.419 0.118995
1.41932 0.0193148
1.41967 0.0196388
1.4203 0.120295
1.4223 0.0222951
1.42302 0.023011
1.4234 0.1234
1.42385 0.123844
1.42463 0.0246307
1.42595 0.125945
1.42695 0.126948
1.42743 0.0274243
1.42775 0.127743
1.42844 0.128436
1.42857 0.00856477
1.42857 0.00856477
1.42857 0.00856477
1.42857 0.00856477
1.42857 0.00843638
1.42857 0.00843638
1.42869 0.00856477
1.42869 0.00869316
1.42869 0.00869316
1.42869 0.00856477
1.42869 0.00856477
1.42869 0.00856477
1.42869 0.00856477
1.42955 0.129545
1.43133 0.131326
1.43233 0.0323229
1.43492 0.0349209
1.43524 0.0352404
1.43603 0.136026
1.43675 0.13675
1.43807 0.0380652
1.43854 0.0385402
1.44166 0.0416591
1.44425 0.144248
1.44839 0.00837797
1.44839 0.00837797
1.44839 0.00837797
1.44839 0.00837797
1.44839 0.00837797
1.44852 0.00850636
1.44852 0.00837797
1.44852 0.00837797
1.44852 0.00837797
1.44852 0.00837797
1.44852 0.00837797
1.45062 0.0506068
1.45243 0.0524273
1.45325 0.0532444
1.45357 0.053556
1.45637 0.0563718
1.4571 0.0570956
1.46193 0.0619252
1.46349 0.0634889
1.46829 0.0682874
1.46842 0.00839197
1.46842 0.00839197
1.46842 0.00839197
1.46842 0.00839197
1.46842 0.00839197
1.46855 0.00852036
1.46855 0.00839197
1.46855 0.00839197
1.46855 0.00839197
1.46855 0.00839197
1.46855 0.00839197
1.47232 0.0723202
1.47289 0.0728885
1.47476 0.0747632
1.4754 0.0753938
1.47867 0.0786682
1.47955 0.0795475
1.48105 0.081049
1.48137 0.0813685
1.48222 0.0822168
1.48344 0.0834383
1.48519 0.0851806
1.48591 0.0859045
1.48636 0.0863564
1.48668 0.0866759
1.48839 0.00838609
1.48839 0.00838609
1.48839 0.00838609
1.48839 0.00838609
1.48839 0.00838609
1.48852 0.00851448
1.48852 0.00838609
1.48852 0.00838609
1.48852 0.00838609
1.48852 0.00838609
1.48852 0.00838609
1.48953 0.0895267
1.49178 0.0917747
1.49303 0.0930273
1.49537 0.0953686
1.49619 0.0961858
1.49651 0.0965053
1.49683 0.0967994
1.49683 0.0968168
1.49767 0.097673
1.49862 0.0986146
1.49934 0.0993385
1.50003 0.100031
1.5006 0.100592
1.50176 0.101759
1.50295 0.102949
1.50448 0.104474
1.5048 0.104801
1.50534 0.105339
1.50743 0.107431
1.50819 0.108186
1.50879 0.00876918
1.50892 0.00857807
1.50892 0.00857807
1.50892 0.00857807
1.50892 0.00857807
1.50892 0.00844968
1.50892 0.00844968
1.50923 0.109233
1.50936 0.00889757
1.50936 0.00902596
1.50936 0.00902596
1.50936 0.00889757
1.50936 0.00889757
1.50936 0.00889757
1.51202 0.112014
1.51234 0.0123351
1.51303 0.113001
1.51335 0.113346
1.51367 0.113665
1.51367 0.113665
1.51399 0.113985
1.51586 0.11586
1.51702 0.117019
1.51771 0.117712
1.51803 0.0180299
1.51901 0.119004
1.51901 0.0190046
1.51964 0.0196345
1.5203 0.120296
1.5223 0.0222959
1.52299 0.0229894
1.5234 0.123401
1.52391 0.123907
1.52463 0.0246315
1.52601 0.126008
1.52695 0.126949
1.52743 0.0274252
1.52781 0.127806
1.52844 0.128437
1.52857 0.00856355
1.52857 0.00856355
1.52857 0.00856355
1.52857 0.00856355
1.52857 0.00843516
1.52857 0.00843516
1.52869 0.00856355
1.52869 0.00869194
1.52869 0.00869194
1.52869 0.00856355
1.52869 0.00856355
1.52869 0.00856355
1.52869 0.00856355
1.52955 0.129546
1.53133 0.131327
1.53233 0.0323324
1.53492 0.0349218
1.53524 0.0352413
1.53603 0.136027
1.53678 0.136781
1.53807 0.038066
1.53854 0.038541
1.54166 0.0416599
1.54434 0.144343
1.54839 0.00837675
1.54839 0.00837675
1.54839 0.00837675
1.54839 0.00837675
1.54839 0.00837675
1.54852 0.00850514
1.54852 0.00837675
1.54852 0.00837675
1.54852 0.00837675
1.54852 0.00837675
1.54852 0.00837675
1.55059 0.0505852
1.55243 0.0524281
1.55325 0.0532453
1.55357 0.0535655
1.55637 0.0563726
1.5571 0.0570965
1.56193 0.0619261
1.56349 0.0634897
1.56829 0.0682882
1.56842 0.00839074
1.56842 0.00839074
1.56842 0.00839074
1.56842 0.00839074
1.56842 0.00839074
1.56855 0.00851913
1.56855 0.00839074
1.56855 0.00839074
1.56855 0.00839074
1.56855 0.00839074
1.56855 0.00839074
1.57232 0.072321
1.57289 0.0728894
1.57476 0.0747641
1.5754 0.0753946
1.57867 0.078669
1.57955 0.0795484
1.58105 0.0810498
1.58137 0.0813693
1.58222 0.0822176
1.58344 0.0834391
1.58519 0.0851901
1.58591 0.085914
1.58636 0.0863572
1.58668 0.0866767
1.58839 0.00838486
1.58839 0.00838486
1.58839 0.00838486
1.58839 0.00838486
1.58839 0.00838486
1.58852 0.00851325
1.58852 0.00838486
1.58852 0.00838486
1.58852 0.00838486
1.58852 0.00838486
1.58852 0.00838486
1.58953 0.0895276
1.59178 0.0917755
1.59303 0.0930282
1.59537 0.0953694
1.59619 0.0961866
1.59651 0.0965061
1.59683 0.0968263
1.59683 0.0968002
1.59767 0.0976739
1.59862 0.0986155
1.59934 0.0993393
1.60003 0.100032
1.6006 0.100601
1.60176 0.10176
1.60295 0.10295
1.60445 0.104452
1.60477 0.104771
1.60534 0.105339
1.60743 0.107432
1.60819 0.108187
1.60879 0.00876796
1.60892 0.00857684
1.60892 0.00857684
1.60892 0.00857684
1.60892 0.00857684
1.60892 0.00844845
1.60892 0.00844845
1.60923 0.109234
1.60936 0.00889635
1.60936 0.00902474
1.60936 0.00902474
1.60936 0.00889635
1.60936 0.00889635
1.60936 0.00889635
1.61202 0.112015
1.61234 0.0123135
1.61303 0.113002
1.61335 0.113347
1.61367 0.113666
1.61367 0.113666
1.61399 0.113986
1.61586 0.11586
1.61702 0.11702
1.61771 0.117712
1.61803 0.0180118
1.61901 0.119005
1.61932 0.0192939
1.61964 0.0196386
1.62031 0.120305
1.62234 0.0223053
1.62303 0.0230074
1.62338 0.123379
1.62389 0.123885
1.62467 0.0246408
1.62602 0.126017
1.62693 0.126928
1.62747 0.0274345
1.62779 0.127784
1.62845 0.128446
1.62858 0.00857079
1.62858 0.00857079
1.62858 0.00857079
1.62858 0.00857079
1.62858 0.0084424
1.62858 0.0084424
1.6287 0.00857079
1.6287 0.00869918
1.6287 0.00869918
1.6287 0.00857079
1.6287 0.00857079
1.6287 0.00857079
1.6287 0.00857079
1.62952 0.129524
1.63131 0.131305
1.63234 0.0323192
1.63496 0.0349311
1.63528 0.0352506
1.63601 0.136005
1.63679 0.136791
1.63808 0.0380442
1.63858 0.0385504
1.6417 0.0416692
1.64432 0.144321
1.6484 0.00838399
1.6484 0.00838399
1.6484 0.00838399
1.6484 0.00838399
1.6484 0.00838399
1.64853 0.00851238
1.64853 0.00838399
1.64853 0.00838399
1.64853 0.00838399
1.64853 0.00838399
1.64853 0.00838399
1.65062 0.0506032
1.65244 0.0524063
1.65329 0.0532546
1.65361 0.0535834
1.65641 0.0563819
1.65714 0.0571058
1.66194 0.0619043
1.66353 0.063499
1.66833 0.0682975
1.66846 0.00842909
1.66846 0.00842909
1.66846 0.00842909
1.66846 0.00842909
1.66846 0.00842909
1.66859 0.00855748
1.66859 0.00842909
1.66859 0.00842909
1.66859 0.00842909
1.66859 0.00842909
1.66859 0.00842909
1.67236 0.0723303
1.67293 0.0728987
1.6748 0.0747734
1.67543 0.0754039
1.67868 0.0786472
1.67959 0.0795577
1.68106 0.081028
1.68138 0.0813476
1.68226 0.0822269
1.68348 0.0834485
1.6852 0.085177
1.68595 0.0859319
1.68637 0.0863354
1.68669 0.0866549
1.68837 0.008361
1.68837 0.008361
1.68837 0.008361
1.68837 0.008361
1.68837 0.008361
1.6885 0.00848939
1.6885 0.008361
1.6885 0.008361
1.6885 0.008361
1.6885 0.008361
1.6885 0.008361
1.68957 0.0895369
1.69178 0.0917537
1.69304 0.0930064
1.69538 0.0953476
1.69623 0.0961959
1.69655 0.0965154
1.69687 0.0968406
1.69687 0.0968443
1.69771 0.0976832
1.69866 0.0986248
1.69935 0.0993175
1.70004 0.10001
1.70061 0.100588
1.7018 0.101769
1.70299 0.102959
1.70449 0.10447
1.70481 0.10478
1.70535 0.105318
1.70747 0.107441
1.70823 0.108196
1.70876 0.0087441
1.70889 0.00855298
1.70889 0.00855298
1.70889 0.00855298
1.70889 0.00855298
1.70889 0.00842459
1.70889 0.00842459
1.70902 0.00855298
1.70902 0.00868137
1.70902 0.00868137
1.70902 0.00855298
1.70902 0.00855298
1.70902 0.00855298
1.70934 0.10931
1.71202 0.111993
1.71234 0.0123314
1.71301 0.11298
1.71332 0.113294
1.71364 0.113613
1.71364 0.113613
1.71396 0.113933
1.7159 0.11587
1.71706 0.117029
1.71775 0.117722
1.71807 0.0180643
1.71905 0.119014
1.71905 0.0190148
1.71964 0.0196343
1.72034 0.120306
1.72234 0.0223061
1.72303 0.0230168
1.72341 0.12338
1.72392 0.123886
1.72467 0.0246417
1.72605 0.126018
1.72696 0.126928
1.72747 0.0274353
1.72782 0.127785
1.72848 0.128447
1.72861 0.00860067
1.72861 0.00860067
1.72861 0.00860067
1.72861 0.00860067
1.72861 0.00847228
1.72861 0.00847228
1.72873 0.00860067
1.72873 0.00872906
1.72873 0.00872906
1.72873 0.00860067
1.72873 0.00860067
1.72873 0.00860067
1.72873 0.00860067
1.72956 0.129525
1.73134 0.131306
1.73234 0.0323287
1.73496 0.0349319
1.73528 0.0352514
1.73604 0.136006
1.73682 0.136792
1.73808 0.0380451
1.73858 0.0385512
1.7417 0.0416701
1.74435 0.144322
1.7484 0.00838276
1.7484 0.00838276
1.7484 0.00838276
1.7484 0.00838276
1.7484 0.00838276
1.74853 0.00851115
1.74853 0.00838276
1.74853 0.00838276
1.74853 0.00838276
1.74853 0.00838276
1.74853 0.00838276
1.75062 0.0506127
1.75244 0.0524072
1.75329 0.0532554
1.75361 0.0535929
1.75641 0.0563828
1.75714 0.0571066
1.76194 0.0619051
1.76353 0.0634999
1.76833 0.0682984
1.76846 0.00842786
1.76846 0.00842786
1.76846 0.00842786
1.76846 0.00842786
1.76846 0.00842786
1.76859 0.00855625
1.76859 0.00842786
1.76859 0.00842786
1.76859 0.00842786
1.76859 0.00842786
1.76859 0.00842786
1.77236 0.0723312
1.77293 0.0728995
1.7748 0.0747742
1.77544 0.0754048
1.77868 0.0786481
1.77959 0.0795585
1.78106 0.0810289
1.78138 0.0813484
1.78226 0.0822278
1.78348 0.0834493
1.7852 0.0851865
1.78592 0.0859103
1.78637 0.0863363
1.78669 0.0866558
1.7884 0.00839088
1.7884 0.00839088
1.7884 0.00839088
1.7884 0.00839088
1.7884 0.00839088
1.78853 0.00851927
1.78853 0.00839088
1.78853 0.00839088
1.78853 0.00839088
1.78853 0.00839088
1.78853 0.00839088
1.78957 0.0895377
1.79178 0.0917546
1.79304 0.0930072
1.79538 0.0953485
1.79623 0.0961968
1.79655 0.0965163
1.79687 0.0968415
1.79687 0.0968538
1.79771 0.097684
1.79866 0.0986256
1.79935 0.0993184
1.80004 0.100011
1.80061 0.100597
1.8018 0.10177
1.80299 0.10296
1.80449 0.10448
1.80481 0.104781
1.80535 0.105319
1.80747 0.107442
1.80823 0.108197
1.8088 0.00877397
1.80892 0.00858286
1.80892 0.00858286
1.80892 0.00858286
1.80892 0.00858286
1.80892 0.00845447
1.80892 0.00845447
1.80924 0.109213
1.80937 0.00890237
1.80937 0.00903075
1.80937 0.00903075
1.80937 0.00890237
1.80937 0.00890237
1.80937 0.00890237
1.81202 0.111994
1.81234 0.0123409
1.81301 0.112981
1.81332 0.113295
1.81364 0.113614
1.81364 0.113614
1.81396 0.113934
1.8159 0.115871
1.81706 0.11703
1.81775 0.117723
1.81807 0.0180461
1.81905 0.119015
1.81905 0.0190156
1.81964 0.01963
1.82034 0.120307
1.82234 0.022307
1.823 0.0229952
1.82341 0.123381
1.82392 0.123887
1.82467 0.0246425
1.82605 0.126019
1.82696 0.126929
1.82747 0.0274362
1.82782 0.127786
1.82848 0.128448
1.82861 0.00859944
1.82861 0.00859944
1.82861 0.00859944
1.82861 0.00859944
1.82861 0.00847105
1.82861 0.00847105
1.82873 0.00859944
1.82873 0.00872783
1.82873 0.00872783
1.82873 0.00859944
1.82873 0.00859944
1.82873 0.00859944
1.82873 0.00859944
1.82956 0.129526
1.83134 0.131307
1.83231 0.0323071
1.83496 0.0349328
1.83528 0.0352523
1.83604 0.136006
1.83682 0.136792
1.83808 0.0380459
1.83858 0.038552
1.8417 0.0416709
1.84435 0.144322
1.8484 0.00838154
1.8484 0.00838154
1.8484 0.00838154
1.8484 0.00838154
1.8484 0.00838154
1.84853 0.00850993
1.84853 0.00838154
1.84853 0.00838154
1.84853 0.00838154
1.84853 0.00838154
1.84853 0.00838154
1.85059 0.050591
1.85244 0.052408
1.85329 0.0532563
1.85361 0.0536024
1.85641 0.0563836
1.85711 0.0570764
1.86194 0.061906
1.86353 0.0635007
1.86833 0.0682992
1.86846 0.00842664
1.86846 0.00842664
1.86846 0.00842664
1.86846 0.00842664
1.86846 0.00842664
1.86859 0.00855503
1.86859 0.00842664
1.86859 0.00842664
1.86859 0.00842664
1.86859 0.00842664
1.86859 0.00842664
1.87236 0.072332
1.87293 0.0729004
1.8748 0.0747751
1.8754 0.0753745
1.87868 0.0786489
1.87959 0.0795594
1.88106 0.0810297
1.88138 0.0813492
1.88226 0.0822286
1.88348 0.0834501
1.8852 0.085196
1.88592 0.0859198
1.88637 0.0863371
1.88669 0.0866566
1.8884 0.00838966
1.8884 0.00838966
1.8884 0.00838966
1.8884 0.00838966
1.8884 0.00838966
1.88853 0.00851805
1.88853 0.00838966
1.88853 0.00838966
1.88853 0.00838966
1.88853 0.00838966
1.88853 0.00838966
1.88957 0.0895386
1.89178 0.0917554
1.89304 0.0930081
1.89538 0.0953493
1.89623 0.0961976
1.89655 0.0965171
1.89687 0.0968632
1.89687 0.0968423
1.89771 0.0976849
1.89866 0.0986265
1.89935 0.0993192
1.90004 0.100012
1.90061 0.100607
1.9018 0.101771
1.90299 0.102961
1.90446 0.104458
1.90481 0.104782
1.90535 0.105319
1.90747 0.107443
1.90823 0.108198
1.9088 0.00877275
1.90892 0.00858163
1.90892 0.00858163
1.90892 0.00858163
1.90892 0.00858163
1.90892 0.00845324
1.90892 0.00845324
1.90924 0.109214
1.90937 0.00890114
1.90937 0.00902953
1.90937 0.00902953
1.90937 0.00890114
1.90937 0.00890114
1.90937 0.00890114
1.91202 0.111995
1.91234 0.0123193
1.91301 0.112982
1.91332 0.113295
1.91364 0.113615
1.91364 0.113615
1.91396 0.113934
1.9159 0.115871
1.91706 0.117031
1.91775 0.117723
1.91807 0.0180591
1.91905 0.119016
1.91905 0.0190165
1.91968 0.0196568
1.92034 0.120308
1.92234 0.0223078
1.92303 0.0230047
1.92341 0.123381
1.92392 0.123888
1.92467 0.0246434
1.92605 0.12602
1.92696 0.12693
1.92747 0.027437
1.92782 0.127787
1.92848 0.128448
1.92861 0.00859822
1.92861 0.00859822
1.92861 0.00859822
1.92861 0.00859822
1.92861 0.00846983
1.92861 0.00846983
1.92873 0.00859822
1.92873 0.00872661
1.92873 0.00872661
1.92873 0.00859822
1.92873 0.00859822
1.92873 0.00859822
1.92873 0.00859822
1.92956 0.129526
1.93134 0.131308
1.93234 0.0323166
1.93496 0.0349336
1.93528 0.0352531
1.93604 0.136007
1.93682 0.136793
1.93808 0.0380468
1.93858 0.0385529
1.9417 0.0416718
1.94435 0.144323
1.94859 0.00856694
1.94859 0.00856694
1.94859 0.00856694
1.9489 0.00856245
1.9489 0.00856245
1.9489 0.00888195
1.94922 0.00855795
1.94922 0.00887746
1.94922 0.00855795
1.94953 0.00887297
1.94953 0.00855346
1.94953 0.00855346
1.95063 0.0506045
1.95244 0.0524128
1.95329 0.0532611
1.95361 0.0535848
1.95642 0.0563884
1.95711 0.0570812
1.96194 0.0619108
1.96353 0.0635056
1.9683 0.0682729
1.96843 0.00840744
1.96843 0.00840744
1.96843 0.00840744
1.96843 0.00840744
1.96843 0.00840744
1.96856 0.00853583
1.96856 0.00840744
1.96856 0.00840744
1.96856 0.00840744
1.96856 0.00840744
1.96856 0.00840744
1.97237 0.0723368
1.9729 0.0728741
1.97478 0.0747488
1.97541 0.0753793
1.97868 0.0786537
1.97959 0.0795642
1.98106 0.0810346
1.98138 0.0813541
1.98226 0.0822334
1.98348 0.083455
1.9852 0.0851783
1.98596 0.0859333
1.98637 0.0863419
1.98669 0.0866614
1.98837 0.00837046
1.98837 0.00837046
1.98837 0.00837046
1.98837 0.00837046
1.98837 0.00837046
1.9885 0.00849885
1.9885 0.00837046
1.9885 0.00837046
1.9885 0.00837046
1.9885 0.00837046
1.9885 0.00837046
1.98957 0.0895434
1.99179 0.0917603
1.99304 0.0930129
1.99538 0.0953541
1.9962 0.0961713
1.99652 0.0964908
1.99684 0.096816
1.99684 0.0968145
1.99769 0.0976586
1.99866 0.0986313
1.99935 0.099324
2.00005 0.100017
2.00061 0.100589
2.0018 0.101776
2.00299 0.102966
2.0045 0.104477
2.00482 0.104792
2.00536 0.10533
2.00748 0.107453
2.00824 0.108208
2.00877 0.00875898
2.0089 0.00856786
2.0089 0.00856786
2.0089 0.00856786
2.0089 0.00840767
2.0089 0.00840767
2.0089 0.00856786
2.00922 0.109193
2.00935 0.00901576
2.00935 0.00901576
2.00935 0.00885557
2.00935 0.00885557
2.00935 0.00885557
2.00935 0.00869538
2.00935 0.00869538
2.01204 0.112009
2.01236 0.0123421
2.01302 0.112996
2.01334 0.11331
2.01366 0.113629
2.01366 0.113629
2.01398 0.113949
2.01591 0.115886
2.01707 0.117045
2.01777 0.117738
2.01809 0.0180854
2.01903 0.118999
2.01935 0.0193191
2.01967 0.0196432
2.02033 0.120299
2.02236 0.0223305
2.02305 0.023036
2.02343 0.123404
2.02394 0.12391
2.02469 0.024666
2.02604 0.126011
2.02698 0.126953
2.02746 0.0274286
2.02784 0.127809
2.02847 0.12844
2.0286 0.00859083
2.0286 0.00859083
2.0286 0.00859083
2.0286 0.00859083
2.0286 0.00846244
2.0286 0.00846244
2.02873 0.00859083
2.02873 0.00871922
2.02873 0.00871922
2.02873 0.00859083
2.02873 0.00859083
2.02873 0.00859083
2.02873 0.00859083
2.02958 0.129549
2.03136 0.13133
2.03233 0.0323168
2.03495 0.0349252
2.03527 0.0352447
2.03606 0.13603
2.03681 0.136785
2.0381 0.0380694
2.0386 0.0385756
2.04169 0.0416633
2.04437 0.144346
2.04861 0.00859066
2.04861 0.00859066
2.04861 0.00859066
2.04892 0.00858617
2.04892 0.00858617
2.04892 0.00890567
2.04924 0.00858167
2.04924 0.00890118
2.04924 0.00858167
2.04955 0.00889669
2.04955 0.00857718
2.04955 0.00857718
2.05062 0.0506047
2.05246 0.0524355
2.05331 0.0532838
2.05363 0.0536161
2.05641 0.05638
2.0571 0.0570728
2.06193 0.0619024
2.06352 0.0634971
2.06832 0.0682956
2.06845 0.00843116
2.06845 0.00843116
2.06845 0.00843116
2.06845 0.00843116
2.06845 0.00843116
2.06858 0.00855955
2.06858 0.00843116
2.06858 0.00843116
2.06858 0.00843116
2.06858 0.00843116
2.06858 0.00843116
2.07236 0.0723284
2.07289 0.0728657
2.0748 0.0747715
2.0754 0.0753709
2.07867 0.0786453
2.07961 0.0795869
2.08105 0.0810261
2.08137 0.0813456
2.08225 0.082225
2.08347 0.0834465
2.08519 0.0851785
2.08595 0.0859335
2.08636 0.0863335
2.08668 0.086653
2.0884 0.00839418
2.0884 0.00839418
2.0884 0.00839418
2.0884 0.00839418
2.0884 0.00839418
2.08852 0.00852257
2.08852 0.00839418
2.08852 0.00839418
2.08852 0.00839418
2.08852 0.00839418
2.08852 0.00839418
2.08956 0.089535
2.09178 0.0917518
2.09309 0.0930667
2.0954 0.0953768
2.09619 0.0961629
2.09651 0.0964824
2.09683 0.0968147
2.09683 0.0968076
2.09768 0.0976502
2.09868 0.098654
2.09937 0.0993467
2.1001 0.100071
2.1006 0.10059
2.10179 0.101767
2.10299 0.102958
2.10449 0.104472
2.10484 0.10481
2.10541 0.105378
2.10744 0.107408
2.10822 0.108194
2.10879 0.00877727
2.10892 0.00858616
2.10892 0.00858616
2.10892 0.00858616
2.10892 0.00858616
2.10892 0.00845777
2.10892 0.00845777
2.10905 0.00858616
2.10905 0.00871455
2.10905 0.00871455
2.10905 0.00858616
2.10905 0.00858616
2.10905 0.00858616
2.10937 0.109339
2.11202 0.111991
2.11234 0.012333
2.11303 0.113009
2.11335 0.113323
2.11367 0.113642
2.11367 0.113642
2.11399 0.113962
2.1159 0.115868
2.11705 0.117027
2.11778 0.117751
2.1181 0.0180797
2.11904 0.119012
2.11904 0.0190129
2.11967 0.0196428
2.12033 0.120304
2.12236 0.0223353
2.12302 0.0230184
2.12344 0.123409
2.12391 0.123884
2.12467 0.0246398
2.12604 0.126016
2.12695 0.126926
2.12746 0.0274334
2.12781 0.127783
2.12847 0.128445
2.1286 0.00857164
2.1286 0.00857164
2.1286 0.00857164
2.1286 0.00857164
2.1286 0.00844325
2.1286 0.00844325
2.12873 0.00857164
2.12873 0.00870003
2.12873 0.00870003
2.12873 0.00857164
2.12873 0.00857164
2.12873 0.00857164
2.12873 0.00857164
2.12955 0.129523
2.13133 0.131304
2.13234 0.0323302
2.13496 0.03493
2.13528 0.0352495
2.13606 0.136035
2.13685 0.136821
2.1381 0.0380743
2.13861 0.0385804
2.1417 0.0416682
2.14435 0.14432
2.14858 0.00857146
2.14858 0.00857146
2.14858 0.00857146
2.1489 0.00856697
2.1489 0.00856697
2.1489 0.00888648
2.14924 0.00859358
2.14924 0.00891309
2.14924 0.00859358
2.14956 0.00890859
2.14956 0.00858909
2.14956 0.00858909
2.15062 0.0506182
2.15247 0.0524403
2.15332 0.0532886
2.15364 0.0536296
2.15641 0.0563848
2.1571 0.0570776
2.16193 0.0619072
2.16353 0.063502
2.16833 0.0683004
2.16846 0.00844307
2.16846 0.00844307
2.16846 0.00844307
2.16846 0.00844307
2.16846 0.00844307
2.16858 0.00857146
2.16858 0.00844307
2.16858 0.00844307
2.16858 0.00844307
2.16858 0.00844307
2.16858 0.00844307
2.17236 0.0723332
2.1729 0.0728705
2.1748 0.0747763
2.1754 0.0753757
2.17868 0.0786501
2.17959 0.0795606
2.18106 0.081031
2.18138 0.0813505
2.18226 0.0822298
2.18348 0.0834514
2.18517 0.0851609
2.18592 0.0859159
2.18637 0.0863383
2.18668 0.0866578
2.1884 0.00837498
2.1884 0.00837498
2.1884 0.00837498
2.1884 0.00837498
2.1884 0.00837498
2.18853 0.00850337
2.18853 0.00837498
2.18853 0.00837498
2.18853 0.00837498
2.18853 0.00837498
2.18853 0.00837498
2.18957 0.0895398
2.19178 0.0917566
2.1931 0.0930715
2.19541 0.0953816
2.19619 0.0961677
2.19651 0.0964872
2.19683 0.0968282
2.19683 0.0968124
2.19768 0.097655
2.19869 0.0986588
2.19935 0.0993204
2.20007 0.100044
2.20061 0.100603
2.2018 0.101772
2.20299 0.102962
2.20446 0.104454
2.20484 0.104814
2.20541 0.105383
2.20744 0.107413
2.20823 0.108199
2.20876 0.00875808
2.20889 0.00856696
2.20889 0.00856696
2.20889 0.00856696
2.20889 0.00840677
2.20889 0.00840677
2.20889 0.00856696
2.20934 0.109313
2.20947 0.00898306
2.20947 0.00882288
2.20947 0.00882288
2.21203 0.112
2.21235 0.0123193
2.21301 0.112987
2.21333 0.113301
2.21365 0.11362
2.21365 0.11362
2.21397 0.11394
2.2159 0.115877
2.21706 0.117036
2.21779 0.11776
2.21811 0.0181006
2.21902 0.11899
2.21934 0.0193101
2.21966 0.0196549
2.22035 0.120322
2.22235 0.0223215
2.22304 0.0230132
2.22342 0.123395
2.2239 0.12387
2.22468 0.024657
2.22603 0.126002
2.22694 0.126913
2.22745 0.0274196
2.2278 0.127769
2.22846 0.128431
2.22859 0.00855883
2.22859 0.00855883
2.22859 0.00855883
2.22859 0.00855883
2.22859 0.00843044
2.22859 0.00843044
2.22871 0.00855883
2.22871 0.00868722
2.22871 0.00868722
2.22871 0.00855883
2.22871 0.00855883
2.22871 0.00855883
2.22871 0.00855883
2.22957 0.12954
2.23132 0.13129
2.23235 0.032325
2.23497 0.0349473
2.23529 0.0352668
2.23608 0.136052
2.23683 0.136807
2.23809 0.0380604
2.23859 0.0385666
2.24168 0.0416543
2.24436 0.144337
2.2486 0.00858976
2.2486 0.00858976
2.2486 0.00858976
2.24891 0.00858527
2.24891 0.00858527
2.24891 0.00890477
2.24923 0.00858077
2.24923 0.00890028
2.24923 0.00858077
2.24954 0.00889579
2.24954 0.00857628
2.24954 0.00857628
2.25064 0.050613
2.25245 0.0524265
2.2533 0.0532748
2.25362 0.0535933
2.25643 0.0564021
2.25709 0.0570638
2.26192 0.0618933
2.26355 0.0635192
2.26831 0.0682866
2.26844 0.00843026
2.26844 0.00843026
2.26844 0.00843026
2.26844 0.00843026
2.26844 0.00843026
2.26857 0.00855865
2.26857 0.00843026
2.26857 0.00843026
2.26857 0.00843026
2.26857 0.00843026
2.26857 0.00843026
2.27235 0.0723194
2.27291 0.0728877
2.27482 0.0747935
2.27542 0.075393
2.27869 0.0786674
2.2796 0.0795779
2.28107 0.0810482
2.28139 0.0813677
2.28227 0.0822471
2.28349 0.0834686
2.28521 0.0851868
2.28594 0.0859107
2.28635 0.0863245
2.28667 0.086644
2.28842 0.00839328
2.28842 0.00839328
2.28842 0.00839328
2.28842 0.00839328
2.28842 0.00839328
2.28854 0.00852167
2.28854 0.00839328
2.28854 0.00839328
2.28854 0.00839328
2.28854 0.00839328
2.28854 0.00839328
2.28955 0.089526
2.29177 0.0917428
2.29308 0.0930576
2.29539 0.0953678
2.29621 0.096185
2.29653 0.0965045
2.29685 0.096823
2.29685 0.0968297
2.2977 0.0976723
2.29867 0.098645
2.29936 0.0993377
2.30009 0.100062
2.30062 0.100598
2.30178 0.101758
2.30297 0.102949
2.30448 0.104449
2.30483 0.104801
2.3054 0.105369
2.30746 0.10743
2.30821 0.108185
2.30878 0.00877637
2.30891 0.00858526
2.30891 0.00858526
2.30891 0.00858526
2.30891 0.00842507
2.30891 0.00842507
2.30891 0.00858526
2.30936 0.10933
2.30948 0.00900136
2.30948 0.00884117
2.30948 0.00884117
2.31201 0.111986
2.31233 0.0123141
2.31302 0.113004
2.31334 0.113318
2.31366 0.113637
2.31366 0.113637
2.31398 0.113957
2.31589 0.115863
2.31705 0.117022
2.31777 0.117746
2.31809 0.0180677
2.31903 0.119007
2.31903 0.0190078
2.31963 0.0196274
2.32033 0.120299
2.32236 0.0223302
2.32305 0.0230306
2.32343 0.123404
2.32391 0.123879
2.32466 0.0246347
2.32604 0.126011
2.32695 0.126921
2.32745 0.0274284
2.3278 0.127778
2.32847 0.12844
2.32859 0.00856866
2.32859 0.00856866
2.32859 0.00856866
2.32859 0.00856866
2.32859 0.00844027
2.32859 0.00844027
2.32872 0.00856866
2.32872 0.00869705
2.32872 0.00869705
2.32872 0.00856866
2.32872 0.00856866
2.32872 0.00856866
2.32872 0.00856866
2.32954 0.129518
2.33133 0.131299
2.33233 0.0323114
2.33495 0.0349249
2.33527 0.0352445
2.33606 0.13603
2.33684 0.136816
2.33809 0.0380692
2.3386 0.0385753
2.34169 0.0416631
2.34434 0.144315
2.34857 0.00856849
2.34857 0.00856849
2.34857 0.00856849
2.34889 0.00856399
2.34889 0.00856399
2.34889 0.0088835
2.34924 0.0085906
2.34924 0.00891011
2.34924 0.0085906
2.34955 0.00890562
2.34955 0.00858611
2.34955 0.00858611
2.35062 0.0505993
2.35246 0.0524353
2.35331 0.0532836
2.35363 0.0536107
2.35641 0.0563798
2.3571 0.0570725
2.36193 0.0619021
2.36352 0.0634969
2.36832 0.0682954
2.36845 0.00844009
2.36845 0.00844009
2.36845 0.00844009
2.36845 0.00844009
2.36845 0.00844009
2.36858 0.00856848
2.36858 0.00844009
2.36858 0.00844009
2.36858 0.00844009
2.36858 0.00844009
2.36858 0.00844009
2.37235 0.0723282
2.37289 0.0728654
2.3748 0.0747712
2.3754 0.0753707
2.37867 0.0786451
2.37961 0.0795867
2.38108 0.081057
2.3814 0.0813765
2.38225 0.0822248
2.3835 0.0834774
2.38519 0.0851731
2.38595 0.0859281
2.38636 0.0863333
2.38668 0.0866528
2.38839 0.00837201
2.38839 0.00837201
2.38839 0.00837201
2.38839 0.00837201
2.38839 0.00837201
2.38852 0.0085004
2.38852 0.00837201
2.38852 0.00837201
2.38852 0.00837201
2.38852 0.00837201
2.38852 0.00837201
2.38956 0.0895347
2.39178 0.0917516
2.39309 0.0930664
2.3954 0.0953766
2.39619 0.0961627
2.39651 0.0964822
2.39683 0.0968093
2.39683 0.0968074
2.39768 0.09765
2.39868 0.0986537
2.39934 0.0993154
2.4001 0.10007
2.4006 0.100584
2.40179 0.101767
2.40298 0.102957
2.40448 0.104466
2.40483 0.104809
2.4054 0.105378
2.40743 0.107408
2.40822 0.108194
2.40876 0.0087551
2.40888 0.00856398
2.40888 0.00856398
2.40888 0.00856398
2.40888 0.0084038
2.40888 0.0084038
2.40888 0.00856398
2.40933 0.109308
2.40946 0.00898009
2.40946 0.0088199
2.40946 0.0088199
2.41202 0.111995
2.41234 0.0123315
2.41303 0.113013
2.41335 0.113327
2.41367 0.113646
2.41367 0.113646
2.41399 0.113966
2.4159 0.115872
2.41706 0.117031
2.41778 0.117755
2.4181 0.0180886
2.41904 0.119016
2.41904 0.0190166
2.41964 0.019631
2.42033 0.120308
2.42236 0.022339
2.42303 0.023017
2.42344 0.123413
2.42391 0.123888
2.42467 0.0246435
2.42601 0.125989
2.42696 0.12693
2.42746 0.0274372
2.42781 0.127787
2.42847 0.128449
2.4286 0.00857849
2.4286 0.00857849
2.4286 0.00857849
2.4286 0.00857849
2.4286 0.0084501
2.4286 0.0084501
2.42873 0.00857849
2.42873 0.00870688
2.42873 0.00870688
2.42873 0.00857849
2.42873 0.00857849
2.42873 0.00857849
2.42873 0.00857849
2.42955 0.129527
2.43133 0.131308
2.43234 0.0323288
2.43496 0.0349337
2.43528 0.0352532
2.43606 0.136038
2.43685 0.136825
2.43807 0.0380469
2.43861 0.0385841
2.4417 0.0416719
2.44435 0.144323
2.44858 0.00857832
2.44858 0.00857832
2.44858 0.00857832
2.4489 0.00857383
2.4489 0.00857383
2.4489 0.00889333
2.44921 0.00856933
2.44921 0.00888884
2.44921 0.00856933
2.44953 0.00888435
2.44953 0.00856484
2.44953 0.00856484
2.45062 0.0506167
2.45244 0.052413
2.45329 0.0532612
2.45361 0.053597
2.45641 0.0563886
2.45711 0.0570813
2.46194 0.0619109
2.46353 0.0635057
2.46833 0.0683042
2.46846 0.00844993
2.46846 0.00844993
2.46846 0.00844993
2.46846 0.00844993
2.46846 0.00844993
2.46859 0.00857831
2.46859 0.00844993
2.46859 0.00844993
2.46859 0.00844993
2.46859 0.00844993
2.46859 0.00844993
2.47233 0.0723059
2.4729 0.0728742
2.4748 0.07478
2.4754 0.0753795
2.47868 0.0786539
2.47959 0.0795643
2.48106 0.0810347
2.48138 0.0813542
2.48226 0.0822336
2.48348 0.0834551
2.48517 0.0851595
2.48592 0.0859144
2.48637 0.0863421
2.48669 0.0866616
2.4884 0.00838184
2.4884 0.00838184
2.4884 0.00838184
2.4884 0.00838184
2.4884 0.00838184
2.48853 0.00851023
2.48853 0.00838184
2.48853 0.00838184
2.48853 0.00838184
2.48853 0.00838184
2.48853 0.00838184
2.48957 0.0895435
2.49178 0.0917604
2.49307 0.0930441
2.49541 0.0953854
2.4962 0.0961715
2.49652 0.096491
2.49683 0.0968267
2.49683 0.0968162
2.49768 0.0976587
2.49869 0.0986625
2.49935 0.0993242
2.50007 0.100048
2.50061 0.100602
2.50177 0.101745
2.50296 0.102935
2.50446 0.104453
2.50484 0.104818
2.50541 0.105387
2.50744 0.107417
2.50823 0.108203
2.5088 0.00876493
2.50892 0.00857382
2.50892 0.00857382
2.50892 0.00857382
2.50892 0.00841363
2.50892 0.00841363
2.50892 0.00857382
2.50937 0.109347
2.5095 0.00898992
2.5095 0.00882973
2.5095 0.00882973
2.51203 0.112004
2.51235 0.0123179
2.51301 0.112991
2.51333 0.113304
2.51365 0.113624
2.51365 0.113624
2.51397 0.113943
2.5159 0.11588
2.51706 0.11704
2.51779 0.117763
2.51811 0.0180784
2.51902 0.118993
2.51934 0.0193138
2.51966 0.0196431
2.52035 0.120325
2.52235 0.0223252
2.52304 0.0230118
2.52342 0.123399
2.5239 0.123874
2.52468 0.0246608
2.52603 0.126006
2.52694 0.126916
2.52745 0.0274233
2.52783 0.127804
2.52846 0.128435
2.52859 0.00856569
2.52859 0.00856569
2.52859 0.00856569
2.52859 0.00856569
2.52859 0.0084373
2.52859 0.0084373
2.52872 0.00856569
2.52872 0.00869408
2.52872 0.00869408
2.52872 0.00856569
2.52872 0.00856569
2.52872 0.00856569
2.52872 0.00856569
2.52957 0.129544
2.53132 0.131294
2.53235 0.0323236
2.53497 0.034951
2.53529 0.0352705
2.53608 0.136056
2.53684 0.136811
2.53809 0.0380642
2.53859 0.0385703
2.54168 0.0416581
2.54433 0.14431
2.54857 0.00856551
2.54857 0.00856551
2.54857 0.00856551
2.54891 0.00859212
2.54891 0.00859212
2.54891 0.00891163
2.54923 0.00858763
2.54923 0.00890714
2.54923 0.00858763
2.54954 0.00890264
2.54954 0.00858314
2.54954 0.00858314
2.55064 0.0506115
2.55245 0.0524302
2.5533 0.0532785
2.55362 0.0535918
2.5564 0.0563747
2.55709 0.0570675
2.56192 0.0618971
2.56355 0.063523
2.56831 0.0682903
2.56844 0.00843712
2.56844 0.00843712
2.56844 0.00843712
2.56844 0.00843712
2.56844 0.00843712
2.56857 0.00856551
2.56857 0.00843712
2.56857 0.00843712
2.56857 0.00843712
2.56857 0.00843712
2.56857 0.00843712
2.57235 0.0723231
2.57288 0.0728604
2.57479 0.0747662
2.57539 0.0753656
2.57869 0.0786711
2.57961 0.0795816
2.58108 0.081052
2.5814 0.0813715
2.58224 0.0822197
2.5835 0.0834724
2.58522 0.0851854
2.58594 0.0859092
2.58635 0.0863282
2.58667 0.0866477
2.58842 0.00840014
2.58842 0.00840014
2.58842 0.00840014
2.58842 0.00840014
2.58842 0.00840014
2.58855 0.00852853
2.58855 0.00840014
2.58855 0.00840014
2.58855 0.00840014
2.58855 0.00840014
2.58855 0.00840014
2.58955 0.0895297
2.59177 0.0917465
2.59309 0.0930614
2.5954 0.0953715
2.59618 0.0961576
2.5965 0.0964771
2.59682 0.0967904
2.59682 0.0968023
2.5977 0.097676
2.59867 0.0986487
2.59937 0.0993414
2.60009 0.100065
2.60063 0.100596
2.60179 0.101762
2.60298 0.102952
2.60448 0.104448
2.60483 0.104804
2.6054 0.105373
2.60743 0.107403
2.60821 0.108189
2.60881 0.00878323
2.60894 0.00859211
2.60894 0.00859211
2.60894 0.00859211
2.60894 0.00843193
2.60894 0.00843193
2.60894 0.00859211
2.60926 0.109236
2.60939 0.00904001
2.60939 0.00904001
2.60939 0.00887982
2.60939 0.00887982
2.60939 0.00887982
2.60939 0.00871964
2.60939 0.00871964
2.61201 0.11199
2.61233 0.0123127
2.61303 0.113008
2.61335 0.113322
2.61366 0.113641
2.61366 0.113641
2.61398 0.113961
2.61589 0.115866
2.61705 0.117026
2.61777 0.11775
2.61809 0.0180767
2.61903 0.119011
2.61903 0.0190116
2.61967 0.0196467
2.62033 0.120303
2.62233 0.0223029
2.62305 0.0230292
2.62343 0.123408
2.62391 0.123883
2.62466 0.0246384
2.62604 0.126015
2.62695 0.126925
2.62746 0.0274321
2.62781 0.127782
2.62847 0.128444
2.6286 0.00857552
2.6286 0.00857552
2.6286 0.00857552
2.6286 0.00857552
2.6286 0.00844713
2.6286 0.00844713
2.62872 0.00857552
2.62872 0.00870391
2.62872 0.00870391
2.62872 0.00857552
2.62872 0.00857552
2.62872 0.00857552
2.62872 0.00857552
2.62955 0.129521
2.63133 0.131303
2.63236 0.032341
2.63495 0.0349287
2.63527 0.0352482
2.63606 0.136033
2.63684 0.13682
2.6381 0.038073
2.6386 0.0385791
2.64169 0.0416668
2.64434 0.144318
2.64858 0.00857534
2.64858 0.00857534
2.64858 0.00857534
2.64889 0.00857085
2.64889 0.00857085
2.64889 0.00889036
2.64921 0.00856636
2.64921 0.00888586
2.64921 0.00856636
2.64955 0.00891247
2.64955 0.00859297
2.64955 0.00859297
2.65062 0.0505979
2.65246 0.052439
2.65331 0.0532873
2.65363 0.0536093
2.65641 0.0563835
2.6571 0.0570763
2.66193 0.0619059
2.66352 0.0635006
2.66832 0.0682991
2.66845 0.00844695
2.66845 0.00844695
2.66845 0.00844695
2.66845 0.00844695
2.66845 0.00844695
2.66858 0.00857534
2.66858 0.00844695
2.66858 0.00844695
2.66858 0.00844695
2.66858 0.00844695
2.66858 0.00844695
2.67235 0.0723319
2.67289 0.0728692
2.6748 0.074775
2.6754 0.0753744
2.67867 0.0786488
2.67958 0.0795593
2.68105 0.0810296
2.68137 0.0813492
2.68225 0.0822285
2.68347 0.0834501
2.68519 0.0851717
2.68595 0.0859267
2.68636 0.086337
2.68668 0.0866565
2.68839 0.00837886
2.68839 0.00837886
2.68839 0.00837886
2.68839 0.00837886
2.68839 0.00837886
2.68852 0.00850725
2.68852 0.00837886
2.68852 0.00837886
2.68852 0.00837886
2.68852 0.00837886
2.68852 0.00837886
2.68956 0.0895385
2.69178 0.0917553
2.69309 0.0930702
2.6954 0.0953803
2.69619 0.0961664
2.69651 0.0964859
2.69683 0.0968079
2.69683 0.0968111
2.69768 0.0976537
2.69868 0.0986575
2.69934 0.0993191
2.70007 0.100043
2.7006 0.100583
2.70179 0.101771
2.70298 0.102961
2.70449 0.104465
2.70484 0.104813
2.7054 0.105381
2.70743 0.107412
2.70822 0.108198
2.70879 0.00876196
2.70892 0.00857084
2.70892 0.00857084
2.70892 0.00857084
2.70892 0.00841065
2.70892 0.00841065
2.70892 0.00857084
2.70937 0.109342
2.70949 0.00898694
2.70949 0.00882676
2.70949 0.00882676
2.71202 0.111999
2.71234 0.0123301
2.713 0.112986
2.71332 0.113299
2.71364 0.113619
2.71364 0.113619
2.71396 0.113938
2.7159 0.115875
2.71706 0.117035
2.71778 0.117758
2.7181 0.0180976
2.71901 0.118988
2.71933 0.0193088
2.71965 0.0196277
2.72034 0.12032
2.72234 0.0223201
2.72303 0.023024
2.72342 0.123394
2.72389 0.123869
2.72468 0.0246557
2.72602 0.126001
2.72693 0.126911
2.72747 0.0274494
2.72779 0.127768
2.72845 0.12843
2.72858 0.00856271
2.72858 0.00856271
2.72858 0.00856271
2.72858 0.00856271
2.72858 0.00843432
2.72858 0.00843432
2.72871 0.00856271
2.72871 0.0086911
2.72871 0.0086911
2.72871 0.00856271
2.72871 0.00856271
2.72871 0.00856271
2.72871 0.00856271
2.72956 0.129539
2.73131 0.131289
2.73235 0.0323358
2.73497 0.0349459
2.73529 0.0352655
2.73607 0.136051
2.73683 0.136806
2.73808 0.0380591
2.73859 0.0385652
2.74168 0.041653
2.74436 0.144336
2.74862 0.00859364
2.74862 0.00859364
2.74862 0.00859364
2.74894 0.00858915
2.74894 0.00858915
2.74894 0.00890865
2.74925 0.00858466
2.74925 0.00890416
2.74925 0.00858466
2.74957 0.00889967
2.74957 0.00858016
2.74957 0.00858016
2.75063 0.0506238
2.75245 0.0524252
2.7533 0.0532735
2.75362 0.0536041
2.75642 0.0564008
2.75712 0.0570935
2.76191 0.061892
2.76354 0.0635179
2.76831 0.0682853
2.76844 0.00843414
2.76844 0.00843414
2.76844 0.00843414
2.76844 0.00843414
2.76844 0.00843414
2.76856 0.00856253
2.76856 0.00843414
2.76856 0.00843414
2.76856 0.00843414
2.76856 0.00843414
2.76856 0.00843414
2.77234 0.0723181
2.77291 0.0728864
2.77481 0.0747922
2.77541 0.0753917
2.77869 0.0786661
2.7796 0.0795766
2.78107 0.0810469
2.78139 0.0813664
2.78227 0.0822458
2.78349 0.0834673
2.78518 0.0851665
2.78593 0.0859215
2.78635 0.0863232
2.78666 0.0866427
2.78841 0.00839716
2.78841 0.00839716
2.78841 0.00839716
2.78841 0.00839716
2.78841 0.00839716
2.78854 0.00852555
2.78854 0.00839716
2.78854 0.00839716
2.78854 0.00839716
2.78854 0.00839716
2.78854 0.00839716
2.78958 0.0895557
2.79176 0.0917415
2.79308 0.0930563
2.79539 0.0953665
2.79621 0.0961837
2.79653 0.0965032
2.79684 0.0968338
2.79684 0.0968284
2.79769 0.097671
2.7987 0.0986747
2.79936 0.0993364
2.80008 0.10006
2.80062 0.100609
2.80178 0.101757
2.80297 0.102947
2.80447 0.10446
2.80485 0.10483
2.80539 0.105368
2.80745 0.107429
2.80821 0.108184
2.80881 0.00878026
2.80893 0.00858914
2.80893 0.00858914
2.80893 0.00858914
2.80893 0.00842895
2.80893 0.00842895
2.80893 0.00858914
2.80938 0.10936
2.80951 0.00900524
2.80951 0.00884505
2.80951 0.00884505
2.81204 0.112016
2.81236 0.012356
2.81302 0.113003
2.81334 0.113317
2.81366 0.113636
2.81366 0.113636
2.81398 0.113956
2.81588 0.115861
2.81704 0.117021
2.81777 0.117745
2.81809 0.0180648
2.81903 0.119006
2.81903 0.0190065
2.81966 0.0196313
2.82035 0.120329
2.82235 0.0223289
2.82301 0.0230103
2.82342 0.123403
2.8239 0.123878
2.82465 0.0246334
2.82603 0.12601
2.82694 0.12692
2.82745 0.0274271
2.8278 0.127777
2.82846 0.128439
2.82859 0.00857254
2.82859 0.00857254
2.82859 0.00857254
2.82859 0.00857254
2.82859 0.00844415
2.82859 0.00844415
2.82872 0.00857254
2.82872 0.00870093
2.82872 0.00870093
2.82872 0.00857254
2.82872 0.00857254
2.82872 0.00857254
2.82872 0.00857254
2.82957 0.129548
2.83132 0.131298
2.83232 0.0323222
2.83494 0.0349236
2.83526 0.0352431
2.83608 0.136059
2.83684 0.136814
2.83809 0.0380679
2.8386 0.038574
2.84168 0.0416618
2.84434 0.144313
2.8486 0.00857237
2.8486 0.00857237
2.8486 0.00857237
2.84892 0.00856787
2.84892 0.00856787
2.84892 0.00888738
2.84923 0.00856338
2.84923 0.00888289
2.84923 0.00856338
2.84958 0.0089095
2.84958 0.00858999
2.84958 0.00858999
2.85061 0.0506101
2.85246 0.052434
2.8533 0.0532823
2.85362 0.0536215
2.8564 0.0563785
2.85709 0.0570712
2.86192 0.0619008
2.86355 0.0635267
2.86832 0.0682941
2.86844 0.00841287
2.86844 0.00841287
2.86844 0.00841287
2.86844 0.00841287
2.86844 0.00841287
2.86857 0.00854126
2.86857 0.00841287
2.86857 0.00841287
2.86857 0.00841287
2.86857 0.00841287
2.86857 0.00841287
2.87235 0.0723269
2.87289 0.0728641
2.87482 0.074801
2.87542 0.0754005
2.8787 0.0786749
2.87961 0.0795853
2.88105 0.0810246
2.88137 0.0813441
2.88224 0.0822235
2.8835 0.0834761
2.88519 0.0851839
2.88591 0.0859078
2.88635 0.086332
2.88667 0.0866515
2.88839 0.00837589
2.88839 0.00837589
2.88839 0.00837589
2.88839 0.00837589
2.88839 0.00837589
2.88852 0.00850428
2.88852 0.00837589
2.88852 0.00837589
2.88852 0.00837589
2.88852 0.00837589
2.88852 0.00837589
2.88955 0.0895334
2.89177 0.0917503
2.89309 0.0930651
2.8954 0.0953753
2.89618 0.0961614
2.8965 0.0964809
2.89682 0.0968201
2.89682 0.0968061
2.89767 0.0976486
2.89867 0.0986524
2.89937 0.0993452
2.90009 0.100069
2.9006 0.100595
2.90179 0.101766
2.90298 0.102956
2.90448 0.104477
2.90483 0.104808
2.9054 0.105376
2.90743 0.107407
2.90821 0.108193
2.90878 0.00875898
2.90891 0.00856787
2.90891 0.00856787
2.90891 0.00856787
2.90891 0.00840768
2.90891 0.00840768
2.90891 0.00856787
2.90936 0.109337
2.90949 0.00898397
2.90949 0.00882378
2.90949 0.00882378
2.91201 0.111994
2.91233 0.0123112
2.91303 0.113012
2.91335 0.113325
2.91367 0.113645
2.91367 0.113645
2.91399 0.113964
2.91589 0.11587
2.91705 0.11703
2.91777 0.117753
2.91809 0.0180857
2.91904 0.119014
2.91904 0.0190153
2.91964 0.0196349
2.92033 0.120307
2.92233 0.0223066
2.92305 0.0230278
2.9234 0.12338
2.92391 0.123886
2.92466 0.0246422
2.92601 0.125987
2.92695 0.126929
2.92746 0.0274358
2.92781 0.127786
2.92847 0.128447
2.9286 0.00858237
2.9286 0.00858237
2.9286 0.00858237
2.9286 0.00858237
2.9286 0.00845398
2.9286 0.00845398
2.92873 0.00858237
2.92873 0.00871076
2.92873 0.00871076
2.92873 0.00858237
2.92873 0.00858237
2.92873 0.00858237
2.92873 0.00858237
2.92955 0.129525
2.93133 0.131307
2.93236 0.0323396
2.93495 0.0349324
2.93527 0.0352519
2.93606 0.136037
2.93684 0.136823
2.93807 0.0380456
2.9386 0.0385828
2.94169 0.0416706
2.94434 0.144322
2.94861 0.0085822
2.94861 0.0085822
2.94861 0.0085822
2.94892 0.00857771
2.94892 0.00857771
2.94892 0.00889721
2.94924 0.00857321
2.94924 0.00889272
2.94924 0.00857321
2.94955 0.00888823
2.94955 0.00856872
2.94955 0.00856872
2.95062 0.0505964
2.95243 0.0524117
2.95328 0.0532599
2.9536 0.0535767
2.95641 0.0563873
2.9571 0.05708
2.96193 0.0619096
2.96352 0.0635044
2.96832 0.0683029
2.96845 0.0084227
2.96845 0.0084227
2.96845 0.0084227
2.96845 0.0084227
2.96845 0.0084227
2.96858 0.00855109
2.96858 0.0084227
2.96858 0.0084227
2.96858 0.0084227
2.96858 0.0084227
2.96858 0.0084227
2.97236 0.0723357
2.97289 0.0728729
2.9748 0.0747787
2.9754 0.0753782
2.97867 0.0786526
2.97958 0.079563
2.98105 0.0810334
2.98137 0.0813529
2.98225 0.0822323
2.98347 0.0834538
2.98519 0.0851703
2.98595 0.0859252
2.98636 0.0863408
2.98668 0.0866603
2.9884 0.00838572
2.9884 0.00838572
2.9884 0.00838572
2.9884 0.00838572
2.9884 0.00838572
2.98852 0.00851411
2.98852 0.00838572
2.98852 0.00838572
2.98852 0.00838572
2.98852 0.00838572
2.98852 0.00838572
2.98956 0.0895422
2.99178 0.0917591
2.99306 0.0930428
2.9954 0.0953841
2.99619 0.0961701
2.99651 0.0964897
2.99683 0.0968064
2.99683 0.0968149
2.99768 0.0976574
2.99868 0.0986612
2.99934 0.0993229
3.00007 0.100047
3.0006 0.100581
3.00176 0.101743
3.00299 0.102965
3.00449 0.104469
3.00484 0.104822
3.00541 0.105391
3.00744 0.107421
3.00823 0.108207
3.0088 0.00877434
3.00892 0.00858322
3.00892 0.00858322
3.00892 0.00858322
3.00892 0.00842304
3.00892 0.00842304
3.00892 0.00858322
3.00937 0.109352
3.0095 0.00899933
3.0095 0.00883914
3.0095 0.00883914
3.01203 0.112008
3.01235 0.0123342
3.01301 0.112995
3.01333 0.113309
3.01365 0.113628
3.01365 0.113628
3.01397 0.113948
3.0159 0.115885
3.01706 0.117044
3.01779 0.117768
3.01811 0.018081
3.01902 0.118998
3.01934 0.019318
3.01966 0.0196525
3.02032 0.120298
3.02235 0.0223294
3.02304 0.0230281
3.02342 0.123403
3.0239 0.123878
3.02468 0.024665
3.02603 0.12601
3.02694 0.126921
3.02748 0.0274586
3.0278 0.127777
3.02846 0.128439
3.02859 0.0085751
3.02859 0.0085751
3.02859 0.0085751
3.02859 0.0085751
3.02859 0.00844671
3.02859 0.00844671
3.02872 0.0085751
3.02872 0.00870349
3.02872 0.00870349
3.02872 0.0085751
3.02872 0.0085751
3.02872 0.0085751
3.02872 0.0085751
3.02957 0.129548
3.03132 0.131298
3.03235 0.0323399
3.03497 0.0349552
3.03529 0.0352747
3.03608 0.13606
3.03684 0.136815
3.03809 0.0380684
3.03859 0.0385745
3.04171 0.0416934
3.04437 0.144345
3.0486 0.00857492
3.0486 0.00857492
3.0486 0.00857492
3.04895 0.00860153
3.04895 0.00860153
3.04895 0.00892104
3.04926 0.00859704
3.04926 0.00891655
3.04926 0.00859704
3.04958 0.00891205
3.04958 0.00859255
3.04958 0.00859255
3.05064 0.0506279
3.05245 0.0524345
3.0533 0.0532827
3.05362 0.0536081
3.05643 0.0564101
3.05709 0.0570717
3.06192 0.0619013
3.06355 0.0635272
3.06835 0.0683257
3.06847 0.00844653
3.06847 0.00844653
3.06847 0.00844653
3.06847 0.00844653
3.06847 0.00844653
3.0686 0.00857492
3.0686 0.00844653
3.0686 0.00844653
3.0686 0.00844653
3.0686 0.00844653
3.0686 0.00844653
3.07235 0.0723274
3.07288 0.0728646
3.07479 0.0747704
3.07539 0.0753698
3.07866 0.0786442
3.07961 0.0795858
3.08104 0.0810251
3.08136 0.0813446
3.08224 0.082224
3.0835 0.0834766
3.08518 0.0851706
3.08594 0.0859255
3.08635 0.0863325
3.08667 0.086652
3.08842 0.00840955
3.08842 0.00840955
3.08842 0.00840955
3.08842 0.00840955
3.08842 0.00840955
3.08855 0.00853794
3.08855 0.00840955
3.08855 0.00840955
3.08855 0.00840955
3.08855 0.00840955
3.08855 0.00840955
3.08955 0.0895339
3.09177 0.0917508
3.09312 0.0930967
3.0954 0.0953758
3.09618 0.0961618
3.0965 0.0964813
3.09682 0.0968068
3.09714 0.0971261
3.09771 0.0976887
3.09871 0.0986925
3.09934 0.099323
3.1001 0.100078
3.1006 0.10059
3.10179 0.101775
3.10295 0.102934
3.10449 0.104472
3.10487 0.104848
3.10541 0.105385
3.10744 0.107416
3.10822 0.108202
3.10879 0.00877
3.10892 0.00857889
3.10892 0.00857889
3.10892 0.00857889
3.10892 0.00857889
3.10892 0.0084505
3.10892 0.0084505
3.10905 0.00857889
3.10905 0.00870728
3.10905 0.00870728
3.10905 0.00857889
3.10905 0.00857889
3.10905 0.00857889
3.10937 0.109346
3.11202 0.111999
3.11234 0.0123335
3.113 0.112985
3.11332 0.113299
3.11364 0.113619
3.11364 0.113619
3.11396 0.113938
3.11589 0.115875
3.11705 0.117035
3.11781 0.117789
3.11813 0.0181148
3.11904 0.119019
3.11904 0.0190203
3.11964 0.0196295
3.12033 0.120312
3.12236 0.0223427
3.12305 0.02305
3.1234 0.123385
3.12391 0.123891
3.12467 0.0246472
3.12601 0.125992
3.12692 0.126903
3.12746 0.0274408
3.12781 0.127791
3.12847 0.128452
3.1286 0.00859547
3.1286 0.00859547
3.1286 0.00859547
3.1286 0.00859547
3.1286 0.00846708
3.1286 0.00846708
3.12873 0.00859547
3.12873 0.00872386
3.12873 0.00872386
3.12873 0.00859547
3.12873 0.00859547
3.12873 0.00859547
3.12873 0.00859547
3.12955 0.12953
3.1313 0.13128
3.13234 0.0323308
3.13496 0.0349374
3.13528 0.0352569
3.13609 0.136073
3.13685 0.136828
3.13807 0.0380506
3.13861 0.0385878
3.14169 0.0416756
3.14435 0.144327
3.14861 0.00859529
3.14861 0.00859529
3.14861 0.00859529
3.14893 0.0085908
3.14893 0.0085908
3.14893 0.00891031
3.14924 0.00858631
3.14924 0.00890582
3.14924 0.00858631
3.14956 0.00890132
3.14956 0.00858182
3.14956 0.00858182
3.15062 0.0506187
3.15247 0.0524477
3.15331 0.053296
3.15363 0.0536301
3.15641 0.0563922
3.1571 0.057085
3.1619 0.0618835
3.16353 0.0635094
3.16833 0.0683078
3.16846 0.0084358
3.16846 0.0084358
3.16846 0.0084358
3.16846 0.0084358
3.16846 0.0084358
3.16858 0.00856419
3.16858 0.0084358
3.16858 0.0084358
3.16858 0.0084358
3.16858 0.0084358
3.16858 0.0084358
3.17233 0.0723095
3.1729 0.0728779
3.17483 0.0748148
3.17537 0.075352
3.17868 0.0786575
3.17962 0.0795991
3.18106 0.0810384
3.18138 0.0813579
3.18226 0.0822372
3.18351 0.0834899
3.18517 0.0851614
3.18592 0.0859164
3.18633 0.0863146
3.18665 0.0866341
3.18843 0.00839882
3.18843 0.00839882
3.18843 0.00839882
3.18843 0.00839882
3.18843 0.00839882
3.18856 0.00852721
3.18856 0.00839882
3.18856 0.00839882
3.18856 0.00839882
3.18856 0.00839882
3.18856 0.00839882
3.18957 0.0895472
3.19175 0.0917329
3.19313 0.09311
3.19541 0.095389
3.19616 0.096144
3.19648 0.0964635
3.1968 0.0967976
3.19712 0.0971082
3.19766 0.0976398
3.19872 0.0987058
3.19936 0.0993363
3.20011 0.100091
3.20059 0.100581
3.20178 0.101757
3.20297 0.102947
3.20447 0.104463
3.20488 0.104861
3.20542 0.105399
3.20742 0.107398
3.2082 0.108184
3.2088 0.00879038
3.20893 0.00859926
3.20893 0.00859926
3.20893 0.00859926
3.20893 0.00843907
3.20893 0.00843907
3.20893 0.00859926
3.20938 0.10936
3.20951 0.00901536
3.20951 0.00885517
3.20951 0.00885517
3.212 0.111985
3.21232 0.0122972
3.21302 0.113003
3.21334 0.113317
3.21365 0.113636
3.21365 0.113636
3.21397 0.113956
3.21588 0.115861
3.21704 0.117021
3.21779 0.117776
3.21811 0.0181131
3.21902 0.119006
3.21902 0.0190064
3.21965 0.0196416
3.22032 0.120298
3.22238 0.02236
3.22307 0.0230448
3.22342 0.123403
3.2239 0.123878
3.22468 0.0246644
3.226 0.125978
3.22694 0.12692
3.22744 0.027427
3.2278 0.127777
3.22846 0.128438
3.22859 0.00858266
3.22859 0.00858266
3.22859 0.00858266
3.22859 0.00858266
3.22859 0.00845427
3.22859 0.00845427
3.22871 0.00858266
3.22871 0.00871105
3.22871 0.00871105
3.22871 0.00858266
3.22871 0.00858266
3.22871 0.00858266
3.22871 0.00858266
3.22957 0.129547
3.23132 0.131298
3.23235 0.0323256
3.23497 0.0349547
3.23529 0.0352742
3.23608 0.136059
3.23686 0.136845
3.23809 0.0380678
3.23859 0.038574
3.24168 0.0416617
3.24433 0.144313
3.2486 0.00858249
3.2486 0.00858249
3.2486 0.00858249
3.24891 0.008578
3.24891 0.008578
3.24891 0.0088975
3.24926 0.00860461
3.24926 0.00892411
3.24926 0.00860461
3.24957 0.00891962
3.24957 0.00860011
3.24957 0.00860011
3.25064 0.0506135
3.25245 0.0524339
3.2533 0.0532822
3.25362 0.0535938
3.25643 0.0564095
3.25709 0.0570712
3.26192 0.0619007
3.26354 0.0635266
3.26834 0.0683251
3.26847 0.0084541
3.26847 0.0084541
3.26847 0.0084541
3.26847 0.0084541
3.26847 0.0084541
3.2686 0.00858249
3.2686 0.0084541
3.2686 0.0084541
3.2686 0.0084541
3.2686 0.0084541
3.2686 0.0084541
3.27234 0.0723268
3.27288 0.072864
3.27482 0.074801
3.27539 0.0753693
3.27866 0.0786437
3.27963 0.0796164
3.28104 0.0810245
3.28136 0.081344
3.28227 0.0822545
3.28349 0.083476
3.28518 0.0851562
3.28594 0.0859112
3.28635 0.0863319
3.28667 0.0866514
3.28842 0.00838601
3.28842 0.00838601
3.28842 0.00838601
3.28842 0.00838601
3.28842 0.00838601
3.28854 0.0085144
3.28854 0.00838601
3.28854 0.00838601
3.28854 0.00838601
3.28854 0.00838601
3.28854 0.00838601
3.28958 0.0895645
3.29177 0.0917502
3.29311 0.0930961
3.29539 0.0953752
3.29618 0.0961613
3.2965 0.0964808
3.29682 0.0967924
3.29714 0.0971255
3.29768 0.097657
3.29871 0.0986919
3.29934 0.0993225
3.30013 0.100109
3.30063 0.100607
3.30176 0.101743
3.30295 0.102933
3.30448 0.104458
3.30487 0.104848
3.30543 0.105416
3.30743 0.107415
3.30822 0.108201
3.30879 0.00877757
3.30892 0.00858645
3.30892 0.00858645
3.30892 0.00858645
3.30892 0.00842627
3.30892 0.00842627
3.30892 0.00858645
3.30936 0.109346
3.30949 0.00900256
3.30949 0.00884237
3.30949 0.00884237
3.31202 0.112002
3.31234 0.0123231
3.313 0.112989
3.31332 0.113303
3.31364 0.113622
3.31364 0.113622
3.31396 0.113942
3.3159 0.115879
3.31706 0.117038
3.31781 0.117793
3.31813 0.0181114
3.31901 0.118992
3.31933 0.0193121
3.31965 0.019631
3.32034 0.120324
3.32234 0.0223235
3.32306 0.0230481
3.32342 0.123397
3.32389 0.123872
3.32468 0.024659
3.32602 0.126004
3.32693 0.126915
3.32744 0.0274216
3.32782 0.127802
3.32848 0.128464
3.32861 0.00860943
3.32861 0.00860943
3.32861 0.00860943
3.32861 0.00860943
3.32861 0.00848104
3.32861 0.00848104
3.32874 0.00860943
3.32874 0.00873782
3.32874 0.00873782
3.32874 0.00860943
3.32874 0.00860943
3.32874 0.00860943
3.32874 0.00860943
3.32956 0.129542
3.33131 0.131292
3.33235 0.0323288
3.33497 0.0349493
3.33529 0.0352688
3.3361 0.136085
3.33686 0.13684
3.33808 0.0380624
3.33859 0.0385686
3.3417 0.0416874
3.34433 0.144308
3.34859 0.00857815
3.34859 0.00857815
3.34859 0.00857815
3.34894 0.00860476
3.34894 0.00860476
3.34894 0.00892427
3.34925 0.00860027
3.34925 0.00891977
3.34925 0.00860027
3.34957 0.00891528
3.34957 0.00859577
3.34957 0.00859577
3.35063 0.0506168
3.35245 0.0524285
3.35333 0.0533079
3.35364 0.0536281
3.35642 0.0564041
3.35708 0.0570658
3.36191 0.0618954
3.36354 0.0635212
3.36834 0.0683197
3.36847 0.00844976
3.36847 0.00844976
3.36847 0.00844976
3.36847 0.00844976
3.36847 0.00844976
3.36859 0.00857815
3.36859 0.00844976
3.36859 0.00844976
3.36859 0.00844976
3.36859 0.00844976
3.36859 0.00844976
3.37234 0.0723214
3.37288 0.0728587
3.37481 0.0747956
3.37538 0.0753639
3.37866 0.0786383
3.3796 0.0795799
3.38107 0.0810502
3.38139 0.0813697
3.38227 0.0822491
3.38349 0.0834706
3.38518 0.0851595
3.38593 0.0859144
3.38634 0.0863265
3.38666 0.086646
3.38844 0.00841278
3.38844 0.00841278
3.38844 0.00841278
3.38844 0.00841278
3.38844 0.00841278
3.38857 0.00854116
3.38857 0.00841278
3.38857 0.00841278
3.38857 0.00841278
3.38857 0.00841278
3.38857 0.00841278
3.38958 0.0895591
3.39176 0.0917448
3.39311 0.0930908
3.39542 0.0954009
3.39617 0.0961559
3.39649 0.0964754
3.39681 0.0967956
3.39713 0.0971201
3.39767 0.0976517
3.39873 0.0987177
3.39933 0.0993171
3.40012 0.100103
3.4006 0.100579
3.40175 0.101738
3.40295 0.102928
3.40448 0.104461
3.40489 0.104873
3.40543 0.105411
3.40743 0.10741
3.40821 0.108196
3.40878 0.00877323
3.40891 0.00858211
3.40891 0.00858211
3.40891 0.00858211
3.40891 0.00842193
3.40891 0.00842193
3.40891 0.00858211
3.40936 0.10934
3.40949 0.00899822
3.40949 0.00883803
3.40949 0.00883803
3.41201 0.111997
3.41233 0.0123263
3.41299 0.112984
3.41331 0.113297
3.41363 0.113617
3.41395 0.113936
3.41395 0.113936
3.41589 0.115873
3.41705 0.117033
3.4178 0.117788
3.41812 0.0181181
3.41903 0.119018
3.41903 0.0190183
3.41967 0.0196431
3.42033 0.12031
3.42236 0.0223407
3.42305 0.0230429
3.4234 0.123383
3.42388 0.123858
3.42466 0.0246452
3.42601 0.12599
3.42692 0.126901
3.42746 0.0274389
3.42781 0.127789
3.42847 0.12845
3.4286 0.00856552
3.4286 0.00856552
3.4286 0.00856552
3.4286 0.00856552
3.4286 0.00843713
3.4286 0.00843713
3.42872 0.00856552
3.42872 0.00869391
3.42872 0.00869391
3.42872 0.00856552
3.42872 0.00856552
3.42872 0.00856552
3.42872 0.00856552
3.42955 0.129528
3.43133 0.13131
3.43233 0.0323236
3.43495 0.0349354
3.43527 0.0352549
3.43609 0.136071
3.43687 0.136857
3.4381 0.0380797
3.4386 0.0385858
3.44169 0.0416736
3.44434 0.144325
3.44861 0.00859645
3.44861 0.00859645
3.44861 0.00859645
3.44892 0.00859196
3.44892 0.00859196
3.44892 0.00891146
3.44924 0.00858746
3.44924 0.00890697
3.44924 0.00858746
3.44955 0.00890248
3.44955 0.00858297
3.44955 0.00858297
3.45062 0.0506116
3.45246 0.0524458
3.45331 0.0532941
3.45363 0.0536229
3.45641 0.0563903
3.45707 0.0570519
3.4619 0.0618815
3.46355 0.0635385
3.46832 0.0683059
3.46845 0.00843695
3.46845 0.00843695
3.46845 0.00843695
3.46845 0.00843695
3.46845 0.00843695
3.46858 0.00856534
3.46858 0.00843695
3.46858 0.00843695
3.46858 0.00843695
3.46858 0.00843695
3.46858 0.00843695
3.47232 0.0723076
3.47289 0.0728759
3.47483 0.0748128
3.4754 0.0753812
3.47867 0.0786556
3.47961 0.0795971
3.48105 0.0810364
3.48137 0.0813559
3.48225 0.0822353
3.4835 0.0834879
3.48516 0.0851543
3.48592 0.0859092
3.48633 0.0863127
3.48665 0.0866322
3.48843 0.00839997
3.48843 0.00839997
3.48843 0.00839997
3.48843 0.00839997
3.48843 0.00839997
3.48855 0.00852836
3.48855 0.00839997
3.48855 0.00839997
3.48855 0.00839997
3.48855 0.00839997
3.48855 0.00839997
3.48956 0.0895452
3.49175 0.091731
3.49312 0.093108
3.4954 0.0953871
3.49619 0.0961732
3.49651 0.0964927
3.49683 0.0968215
3.49683 0.0968179
3.49768 0.0976604
3.49871 0.0986953
3.49934 0.0993259
3.50013 0.100112
3.5006 0.100596
3.50176 0.101746
3.50295 0.102937
3.50445 0.104448
3.50487 0.104851
3.50544 0.105419
3.50743 0.107418
3.50822 0.108205
3.50879 0.00878306
3.50892 0.00859195
3.50892 0.00859195
3.50892 0.00859195
3.50892 0.00843176
3.50892 0.00843176
3.50892 0.00859195
3.50937 0.109349
3.50949 0.00900805
3.50949 0.00884786
3.50949 0.00884786
3.51202 0.112005
3.51234 0.0123127
3.513 0.112992
3.51332 0.113306
3.51364 0.113626
3.51364 0.113626
3.51396 0.113945
3.5159 0.115882
3.51706 0.117041
3.51781 0.117796
3.51813 0.0181079
3.51901 0.118995
3.51933 0.0193155
3.51965 0.0196241
3.52031 0.120296
3.52234 0.0223269
3.52307 0.0230377
3.52342 0.123401
3.52389 0.123876
3.52468 0.0246625
3.52599 0.125976
3.52693 0.126918
3.52747 0.0274561
3.52779 0.127775
3.52845 0.128436
3.52858 0.00855271
3.52858 0.00855271
3.52858 0.00855271
3.52858 0.00855271
3.52858 0.00842432
3.52858 0.00842432
3.52871 0.00855271
3.52871 0.0086811
3.52871 0.0086811
3.52871 0.00855271
3.52871 0.00855271
3.52871 0.00855271
3.52871 0.00855271
3.52956 0.129545
3.53131 0.131296
3.53235 0.0323184
3.53497 0.0349527
3.53529 0.0352722
3.53607 0.136057
3.53686 0.136844
3.53808 0.0380659
3.53859 0.038572
3.54171 0.0416909
3.54436 0.144342
3.54859 0.00858364
3.54859 0.00858364
3.54859 0.00858364
3.54891 0.00857915
3.54891 0.00857915
3.54891 0.00889866
3.54922 0.00857466
3.54922 0.00889416
3.54922 0.00857466
3.54957 0.00892077
3.54957 0.00860127
3.54957 0.00860127
3.55063 0.0506064
3.55245 0.0524319
3.5533 0.0532802
3.55362 0.0535866
3.55642 0.0564075
3.55708 0.0570692
3.56191 0.0618988
3.56354 0.0635247
3.56834 0.0683231
3.56847 0.00845525
3.56847 0.00845525
3.56847 0.00845525
3.56847 0.00845525
3.56847 0.00845525
3.5686 0.00858364
3.5686 0.00845525
3.5686 0.00845525
3.5686 0.00845525
3.5686 0.00845525
3.5686 0.00845525
3.57234 0.0723248
3.57288 0.0728621
3.57481 0.074799
3.57538 0.0753673
3.57866 0.0786417
3.5796 0.0795833
3.58107 0.0810537
3.58139 0.0813732
3.58227 0.0822525
3.58349 0.0834741
3.58521 0.0851802
3.58596 0.0859351
3.58635 0.0863299
3.58666 0.0866494
3.58841 0.00838716
3.58841 0.00838716
3.58841 0.00838716
3.58841 0.00838716
3.58841 0.00838716
3.58854 0.00851555
3.58854 0.00838716
3.58854 0.00838716
3.58854 0.00838716
3.58854 0.00838716
3.58854 0.00838716
3.58958 0.0895625
3.59176 0.0917482
3.59311 0.0930942
3.59539 0.0953732
3.59617 0.0961593
3.59649 0.0964788
3.59681 0.0967852
3.59713 0.0971235
3.59767 0.0976551
3.59871 0.09869
3.59934 0.0993205
3.60012 0.100107
3.60063 0.1006
3.60176 0.101741
3.60295 0.102931
3.60448 0.104451
3.60489 0.104877
3.60543 0.105414
3.60743 0.107413
3.60821 0.108199
3.60878 0.00877872
3.60891 0.00858761
3.60891 0.00858761
3.60891 0.00858761
3.60891 0.00842742
3.60891 0.00842742
3.60891 0.00858761
3.60936 0.109344
3.60949 0.00900371
3.60949 0.00884352
3.60949 0.00884352
3.61202 0.112
3.61234 0.0123159
3.613 0.112987
3.61332 0.113301
3.61364 0.11362
3.61364 0.11362
3.61396 0.11394
3.61589 0.115877
3.61705 0.117036
3.61781 0.117791
3.61813 0.0181146
3.61901 0.11899
3.61932 0.0193101
3.61968 0.0196447
3.62034 0.120322
3.62234 0.0223215
3.62306 0.0230409
3.62341 0.123395
3.62389 0.12387
3.62467 0.0246571
3.62602 0.126002
3.62693 0.126913
3.62747 0.0274507
3.62778 0.127769
3.62848 0.128462
3.62861 0.00857948
3.62861 0.00857948
3.62861 0.00857948
3.62861 0.00857948
3.62861 0.00845109
3.62861 0.00845109
3.62873 0.00857948
3.62873 0.00870787
3.62873 0.00870787
3.62873 0.00857948
3.62873 0.00857948
3.62873 0.00857948
3.62873 0.00857948
3.62956 0.12954
3.63131 0.13129
3.63234 0.0323217
3.63496 0.0349473
3.63528 0.0352668
3.6361 0.136083
3.63685 0.136838
3.63808 0.0380605
3.63858 0.0385666
3.6417 0.0416855
3.64435 0.144337
3.64859 0.0085793
3.64859 0.0085793
3.64859 0.0085793
3.6489 0.00857481
3.6489 0.00857481
3.6489 0.00889432
3.64925 0.00860142
3.64925 0.00892093
3.64925 0.00860142
3.64956 0.00891644
3.64956 0.00859693
3.64956 0.00859693
3.65063 0.0506096
3.65244 0.0524266
3.65332 0.0533059
3.65364 0.053621
3.65642 0.0564022
3.65708 0.0570638
3.66191 0.0618934
3.66353 0.0635193
3.66833 0.0683178
3.66846 0.00845091
3.66846 0.00845091
3.66846 0.00845091
3.66846 0.00845091
3.66846 0.00845091
3.66859 0.0085793
3.66859 0.00845091
3.66859 0.00845091
3.66859 0.00845091
3.66859 0.00845091
3.66859 0.00845091
3.67233 0.0723195
3.67287 0.0728567
3.67481 0.0747936
3.67538 0.075362
3.67865 0.0786363
3.67962 0.079609
3.68106 0.0810483
3.68138 0.0813678
3.68226 0.0822472
3.68348 0.0834687
3.68517 0.0851523
3.68593 0.0859073
3.68634 0.0863246
3.68666 0.0866441
3.6884 0.00838282
3.6884 0.00838282
3.6884 0.00838282
3.6884 0.00838282
3.6884 0.00838282
3.68853 0.00851121
3.68853 0.00838282
3.68853 0.00838282
3.68853 0.00838282
3.68853 0.00838282
3.68853 0.00838282
3.68957 0.0895571
3.69176 0.0917429
3.6931 0.0930888
3.69541 0.095399
3.69617 0.0961539
3.69649 0.0964734
3.69681 0.0967885
3.69713 0.0971182
3.69766 0.0976497
3.69873 0.0987157
3.69933 0.0993151
3.70012 0.100101
3.70062 0.100603
3.70175 0.101736
3.70294 0.102926
3.70447 0.104454
3.70489 0.104871
3.70542 0.105409
3.70742 0.107408
3.70821 0.108194
3.70878 0.00877438
3.70891 0.00858327
3.70891 0.00858327
3.70891 0.00858327
3.70891 0.00842308
3.70891 0.00842308
3.70891 0.00858327
3.70935 0.109338
3.70948 0.00899937
3.70948 0.00883918
3.70948 0.00883918
3.71201 0.111995
3.71233 0.0123192
3.71299 0.112982
3.71331 0.113295
3.71363 0.113615
3.71363 0.113615
3.71395 0.113934
3.71589 0.115871
3.71705 0.117031
3.7178 0.117786
3.71812 0.0180902
3.71903 0.119016
3.71903 0.0190164
3.71963 0.0196256
3.72032 0.120308
3.72235 0.0223388
3.72305 0.0230357
3.72343 0.123412
3.72387 0.123856
3.72466 0.0246432
3.726 0.125988
3.72694 0.12693
3.72745 0.0274369
3.7278 0.127787
3.72846 0.128448
3.72859 0.00856667
3.72859 0.00856667
3.72859 0.00856667
3.72859 0.00856667
3.72859 0.00843828
3.72859 0.00843828
3.72872 0.00856667
3.72872 0.00869506
3.72872 0.00869506
3.72872 0.00856667
3.72872 0.00856667
3.72872 0.00856667
3.72872 0.00856667
3.72954 0.129526
3.73132 0.131308
3.73236 0.0323476
3.73495 0.0349335
3.73527 0.035253
3.73608 0.136069
3.73687 0.136855
3.73809 0.0380777
3.7386 0.0385839
3.74169 0.0416716
3.74434 0.144323
3.7486 0.0085976
3.7486 0.0085976
3.7486 0.0085976
3.74892 0.00859311
3.74892 0.00859311
3.74892 0.00891262
3.74923 0.00858862
3.74923 0.00890812
3.74923 0.00858862
3.74955 0.00890363
3.74955 0.00858412
3.74955 0.00858412
3.75065 0.0506355
3.75246 0.0524438
3.75331 0.0532921
3.75363 0.0536158
3.7564 0.0563883
3.7571 0.0570811
3.76189 0.0618796
3.76355 0.0635365
3.76832 0.0683039
3.76845 0.0084381
3.76845 0.0084381
3.76845 0.0084381
3.76845 0.0084381
3.76845 0.0084381
3.76857 0.00856649
3.76857 0.0084381
3.76857 0.0084381
3.76857 0.0084381
3.76857 0.0084381
3.76857 0.0084381
3.77232 0.0723056
3.77289 0.072874
3.77482 0.0748109
3.77539 0.0753792
3.77867 0.0786536
3.77961 0.0795952
3.78105 0.0810344
3.78137 0.0813539
3.78225 0.0822333
3.7835 0.0834859
3.78519 0.0851782
3.78594 0.0859332
3.78632 0.0863107
3.78664 0.0866302
3.78842 0.00840112
3.78842 0.00840112
3.78842 0.00840112
3.78842 0.00840112
3.78842 0.00840112
3.78855 0.00852951
3.78855 0.00840112
3.78855 0.00840112
3.78855 0.00840112
3.78855 0.00840112
3.78855 0.00840112
3.78956 0.0895433
3.79174 0.091729
3.79312 0.0931061
3.7954 0.0953851
3.79619 0.0961712
3.7965 0.0964907
3.79682 0.0968144
3.79682 0.0968159
3.79767 0.0976585
3.79871 0.0986934
3.79934 0.0993239
3.80012 0.10011
3.8006 0.100589
3.80176 0.101744
3.80295 0.102935
3.80448 0.104472
3.80486 0.104849
3.80543 0.105417
3.8074 0.107385
3.80822 0.108203
3.80878 0.00878422
3.80891 0.0085931
3.80891 0.0085931
3.80891 0.0085931
3.80891 0.00843291
3.80891 0.00843291
3.80891 0.0085931
3.80936 0.109347
3.80949 0.0090092
3.80949 0.00884901
3.80949 0.00884901
3.81202 0.112003
3.81234 0.0123366
3.813 0.11299
3.81332 0.113304
3.81364 0.113624
3.81364 0.113624
3.81396 0.113943
3.81589 0.11588
3.81705 0.117039
3.81781 0.117794
3.81813 0.0181111
3.81901 0.118993
3.81933 0.0193136
3.81965 0.0196377
3.82031 0.120294
3.82234 0.0223249
3.82303 0.0230305
3.82341 0.123399
3.82389 0.123874
3.82467 0.0246605
3.82602 0.126006
3.82693 0.126916
3.82744 0.0274231
3.82779 0.127773
3.82848 0.128466
3.82861 0.00858497
3.82861 0.00858497
3.82861 0.00858497
3.82861 0.00858497
3.82861 0.00845658
3.82861 0.00845658
3.82874 0.00858497
3.82874 0.00871336
3.82874 0.00871336
3.82874 0.00858497
3.82874 0.00858497
3.82874 0.00858497
3.82874 0.00858497
3.82956 0.129544
3.83131 0.131294
3.83234 0.0323424
3.83496 0.0349507
3.83528 0.0352702
3.8361 0.136087
3.83686 0.136842
3.83808 0.0380639
3.83858 0.03857
3.8417 0.0416889
3.84432 0.144309
3.84859 0.00858479
3.84859 0.00858479
3.84859 0.00858479
3.8489 0.0085803
3.8489 0.0085803
3.8489 0.00889981
3.84922 0.00857581
3.84922 0.00889532
3.84922 0.00857581
3.84956 0.00892193
3.84956 0.00860242
3.84956 0.00860242
3.85063 0.0506303
3.85244 0.05243
3.85332 0.0533094
3.85364 0.0536417
3.85642 0.0564056
3.85708 0.0570672
3.86191 0.0618968
3.86354 0.0635227
3.86833 0.0683212
3.86846 0.0084564
3.86846 0.0084564
3.86846 0.0084564
3.86846 0.0084564
3.86846 0.0084564
3.86859 0.00858479
3.86859 0.0084564
3.86859 0.0084564
3.86859 0.0084564
3.86859 0.0084564
3.86859 0.0084564
3.87234 0.0723229
3.87287 0.0728601
3.87481 0.074797
3.87538 0.0753654
3.87865 0.0786398
3.87959 0.0795813
3.88106 0.0810517
3.88138 0.0813712
3.88226 0.0822506
3.88349 0.0834721
3.88517 0.085173
3.88593 0.085928
3.88634 0.086328
3.88666 0.0866475
3.88841 0.00838832
3.88841 0.00838832
3.88841 0.00838832
3.88841 0.00838832
3.88841 0.00838832
3.88853 0.00851671
3.88853 0.00838832
3.88853 0.00838832
3.88853 0.00838832
3.88853 0.00838832
3.88853 0.00838832
3.88957 0.0895605
3.89176 0.0917463
3.89311 0.0930922
3.89542 0.0954024
3.89617 0.0961574
3.89649 0.0964769
3.89681 0.0968092
3.89713 0.0971216
3.89767 0.0976531
3.89873 0.0987191
3.89933 0.0993186
3.90012 0.100105
3.90059 0.100592
3.90175 0.101739
3.90294 0.102929
3.90448 0.104475
3.90489 0.104875
3.90543 0.105412
3.90742 0.107411
3.90821 0.108197
3.90881 0.00877988
3.90894 0.00858876
3.90894 0.00858876
3.90894 0.00858876
3.90894 0.00842857
3.90894 0.00842857
3.90894 0.00858876
3.90939 0.109373
3.90951 0.00900486
3.90951 0.00884467
3.90951 0.00884467
3.91201 0.111998
3.91233 0.0123088
3.91299 0.112985
3.91331 0.113299
3.91363 0.113618
3.91363 0.113618
3.91395 0.113938
3.91589 0.115875
3.91705 0.117034
3.9178 0.117789
3.91812 0.0181179
3.919 0.118988
3.91932 0.0193082
3.91964 0.0196272
3.92033 0.12032
3.92236 0.0223507
3.92306 0.0230338
3.92341 0.123393
3.92388 0.123868
3.92467 0.0246551
3.92601 0.126
3.92692 0.126911
3.92746 0.0274488
3.92778 0.127767
3.92847 0.12846
3.9286 0.00858063
3.9286 0.00858063
3.9286 0.00858063
3.9286 0.00858063
3.9286 0.00845224
3.9286 0.00845224
3.92873 0.00858063
3.92873 0.00870902
3.92873 0.00870902
3.92873 0.00858063
3.92873 0.00858063
3.92873 0.00858063
3.92873 0.00858063
3.92955 0.129538
3.9313 0.131288
3.93237 0.0323456
3.93496 0.0349454
3.93528 0.0352649
3.93609 0.136081
3.93685 0.136836
3.93807 0.0380585
3.93858 0.0385647
3.9417 0.0416835
3.94432 0.144304
3.94858 0.00858046
3.94858 0.00858046
3.94858 0.00858046
3.9489 0.00857596
3.9489 0.00857596
3.9489 0.00889547
3.94924 0.00860257
3.94924 0.00892208
3.94924 0.00860257
3.94956 0.00891759
3.94956 0.00859808
3.94956 0.00859808
3.95066 0.0506336
3.95247 0.0524557
3.95332 0.053304
3.95364 0.0536139
3.95641 0.0564002
3.95707 0.0570619
3.9619 0.0618914
3.96353 0.0635173
3.96833 0.0683158
3.96846 0.00845206
3.96846 0.00845206
3.96846 0.00845206
3.96846 0.00845206
3.96846 0.00845206
3.96858 0.00858045
3.96858 0.00845206
3.96858 0.00845206
3.96858 0.00845206
3.96858 0.00845206
3.96858 0.00845206
3.97233 0.0723175
3.97287 0.0728547
3.97484 0.0748228
3.9754 0.0753911
3.97865 0.0786344
3.97962 0.0796071
3.98106 0.0810463
3.98138 0.0813658
3.98226 0.0822452
3.98348 0.0834667
3.9852 0.0851763
3.98595 0.0859313
3.98633 0.0863226
3.98665 0.0866421
3.9884 0.00838398
3.9884 0.00838398
3.9884 0.00838398
3.9884 0.00838398
3.9884 0.00838398
3.98853 0.00851237
3.98853 0.00838398
3.98853 0.00838398
3.98853 0.00838398
3.98853 0.00838398
3.98853 0.00838398
3.98957 0.0895552
3.99175 0.0917409
3.9931 0.0930868
3.99541 0.095397
3.99616 0.096152
3.99648 0.0964715
3.9968 0.0967814
3.99712 0.0971162
3.99766 0.0976477
3.99873 0.0987137
3.99933 0.0993132
4.00011 0.100099
4.00062 0.100596
4.00175 0.101734
4.00294 0.102924
4.00447 0.104453
4.00489 0.104875
4.00542 0.105412
4.00742 0.107411
4.00821 0.108197
4.00881 0.00878117
4.00894 0.00859005
4.00894 0.00859005
4.00894 0.00859005
4.00894 0.00842987
4.00894 0.00842987
4.00894 0.00859005
4.00939 0.109373
4.00951 0.00900616
4.00951 0.00884597
4.00951 0.00884597
4.01201 0.111998
4.01233 0.0123177
4.01299 0.112985
4.01331 0.113299
4.01363 0.113619
4.01395 0.113938
4.01395 0.113938
4.01589 0.115875
4.01705 0.117034
4.0178 0.117789
4.01812 0.0180991
4.01903 0.119019
4.01903 0.01902
4.01966 0.0196449
4.02032 0.120311
4.02235 0.0223425
4.02308 0.0230653
4.02343 0.123416
4.02387 0.12386
4.02469 0.024678
4.026 0.125992
4.02695 0.126934
4.02745 0.0274406
4.0278 0.12779
4.02846 0.128452
4.02859 0.00857346
4.02859 0.00857346
4.02859 0.00857346
4.02859 0.00857346
4.02859 0.00844507
4.02859 0.00844507
4.02872 0.00857346
4.02872 0.00870185
4.02872 0.00870185
4.02872 0.00857346
4.02872 0.00857346
4.02872 0.00857346
4.02872 0.00857346
4.02954 0.12953
4.03132 0.131311
4.03236 0.0323461
4.03498 0.0349683
4.0353 0.0352878
4.03612 0.136104
4.03687 0.136859
4.03809 0.0380814
4.0386 0.0385875
4.04169 0.0416753
4.04434 0.144327
4.04864 0.00860439
4.04864 0.00860439
4.04864 0.00860439
4.04895 0.00859989
4.04895 0.00859989
4.04895 0.0089194
4.04927 0.0085954
4.04927 0.00891491
4.04927 0.0085954
4.04958 0.00891041
4.04958 0.00859091
4.04958 0.00859091
4.05065 0.050634
4.05246 0.0524475
4.05331 0.0532958
4.05363 0.0536143
4.05643 0.0564231
4.0571 0.0570847
4.06193 0.0619143
4.06355 0.0635402
4.06835 0.0683387
4.06848 0.00847599
4.06848 0.00847599
4.06848 0.00847599
4.06848 0.00847599
4.06848 0.00847599
4.06861 0.00860438
4.06861 0.00847599
4.06861 0.00847599
4.06861 0.00847599
4.06861 0.00847599
4.06861 0.00847599
4.07232 0.0723093
4.07289 0.0728776
4.07483 0.0748145
4.07536 0.0753518
4.07867 0.0786573
4.07964 0.07963
4.08105 0.0810381
4.08137 0.0813576
4.08225 0.082237
4.0835 0.0834896
4.08519 0.0851767
4.08594 0.0859317
4.08633 0.0863144
4.08665 0.0866339
4.08842 0.00840791
4.08842 0.00840791
4.08842 0.00840791
4.08842 0.00840791
4.08842 0.00840791
4.08855 0.0085363
4.08855 0.00840791
4.08855 0.00840791
4.08855 0.00840791
4.08855 0.00840791
4.08855 0.00840791
4.08956 0.089547
4.09174 0.0917327
4.09312 0.0931097
4.0954 0.0953888
4.09619 0.0961749
4.09651 0.0964944
4.09683 0.0968129
4.09714 0.0971391
4.09765 0.0976395
4.09875 0.0987366
4.09935 0.0993361
4.10013 0.100122
4.10061 0.100596
4.10177 0.101756
4.10296 0.102947
4.10449 0.104478
4.1049 0.104892
4.10544 0.10543
4.10741 0.107398
4.10823 0.108215
4.10883 0.00879947
4.10895 0.00860835
4.10895 0.00860835
4.10895 0.00860835
4.10895 0.00860835
4.10895 0.00847996
4.10895 0.00847996
4.10908 0.00860835
4.10908 0.00873674
4.10908 0.00873674
4.10908 0.00860835
4.10908 0.00860835
4.10908 0.00860835
4.1094 0.10939
4.11199 0.111981
4.11231 0.0123085
4.113 0.112998
4.11332 0.113312
4.11364 0.113632
4.11364 0.113632
4.11396 0.113951
4.1159 0.115888
4.11706 0.117048
4.11781 0.117803
4.11813 0.0181245
4.11901 0.0190022
4.11901 0.119001
4.11964 0.0196219
4.12034 0.120325
4.12237 0.0223557
4.12306 0.0230562
4.12341 0.123398
4.12388 0.123873
4.12467 0.0246602
4.12602 0.126005
4.12693 0.126916
4.12743 0.0274228
4.12778 0.127773
4.12848 0.128465
4.12861 0.00859383
4.12861 0.00859383
4.12861 0.00859383
4.12861 0.00859383
4.12861 0.00846544
4.12861 0.00846544
4.12873 0.00859383
4.12873 0.00872222
4.12873 0.00872222
4.12873 0.00859383
4.12873 0.00859383
4.12873 0.00859383
4.12873 0.00859383
4.12955 0.129543
4.13127 0.131262
4.13234 0.0323369
4.13496 0.0349504
4.13528 0.0352699
4.1361 0.136086
4.13688 0.136872
4.13807 0.0380636
4.13861 0.0386008
4.1417 0.0416886
4.14435 0.14434
4.14862 0.00859366
4.14862 0.00859366
4.14862 0.00859366
4.14893 0.00858916
4.14893 0.00858916
4.14893 0.00890867
4.14928 0.00861577
4.14928 0.00893528
4.14928 0.00861577
4.14959 0.00893079
4.14959 0.00861128
4.14959 0.00861128
4.15063 0.0506248
4.15244 0.0524297
4.15332 0.053309
4.15364 0.0536362
4.15642 0.0564053
4.15708 0.0570669
4.16191 0.0618965
4.16353 0.0635224
4.16833 0.0683209
4.16846 0.00843416
4.16846 0.00843416
4.16846 0.00843416
4.16846 0.00843416
4.16846 0.00843416
4.16859 0.00856255
4.16859 0.00843416
4.16859 0.00843416
4.16859 0.00843416
4.16859 0.00843416
4.16859 0.00843416
4.1723 0.0722915
4.17287 0.0728598
4.17484 0.0748278
4.17538 0.0753651
4.17865 0.0786395
4.17962 0.0796121
4.18106 0.0810514
4.18138 0.0813709
4.18226 0.0822503
4.18351 0.0835029
4.18517 0.0851675
4.18593 0.0859225
4.18631 0.0862966
4.18663 0.0866161
4.1884 0.00839718
4.1884 0.00839718
4.1884 0.00839718
4.1884 0.00839718
4.1884 0.00839718
4.18853 0.00852557
4.18853 0.00839718
4.18853 0.00839718
4.18853 0.00839718
4.18853 0.00839718
4.18853 0.00839718
4.18957 0.0895602
4.19173 0.0917149
4.19316 0.0931541
4.19541 0.0954021
4.19614 0.0961259
4.19646 0.0964455
4.19678 0.0967726
4.1971 0.0970902
4.19766 0.0976528
4.19876 0.0987499
4.19933 0.0993182
4.20015 0.100135
4.20059 0.100587
4.20175 0.101739
4.20294 0.102929
4.20447 0.104469
4.20492 0.104906
4.20545 0.105443
4.20739 0.10738
4.20821 0.108197
4.20881 0.00878874
4.20894 0.00859762
4.20894 0.00859762
4.20894 0.00859762
4.20894 0.00859762
4.20894 0.00846923
4.20894 0.00846923
4.20906 0.00859762
4.20906 0.00872601
4.20906 0.00872601
4.20906 0.00859762
4.20906 0.00859762
4.20906 0.00859762
4.20906 0.00846923
4.20938 0.109373
4.20938 0.00878874
4.212 0.111994
4.21232 0.0122993
4.21302 0.113012
4.21334 0.113326
4.21366 0.113645
4.21366 0.113645
4.21398 0.113965
4.21588 0.11587
4.21704 0.11703
4.21783 0.117816
4.21815 0.0181188
4.21903 0.0190155
4.21903 0.119015
4.21966 0.01963
4.22032 0.120307
4.22238 0.022369
4.2231 0.0230781
4.22342 0.123412
4.22387 0.123855
4.22468 0.0246735
4.22597 0.125956
4.22691 0.126898
4.22745 0.027436
4.22777 0.127755
4.22846 0.128447
4.22859 0.00857913
4.22859 0.00857913
4.22859 0.00857913
4.22859 0.00857913
4.22859 0.00845074
4.22859 0.00845074
4.22871 0.00857913
4.22871 0.00870752
4.22871 0.00870752
4.22871 0.00857913
4.22871 0.00857913
4.22871 0.00857913
4.22871 0.00857913
4.22954 0.129525
4.23129 0.131276
4.23235 0.0323277
4.23497 0.0349637
4.23529 0.0352832
4.23611 0.1361
4.2369 0.136886
4.23809 0.0380769
4.23859 0.038583
4.24168 0.0416708
4.24433 0.144322
4.24863 0.00861006
4.24863 0.00861006
4.24863 0.00861006
4.24894 0.00860556
4.24894 0.00860556
4.24894 0.00892507
4.24926 0.00860107
4.24926 0.00892058
4.24926 0.00860107
4.24957 0.00891609
4.24957 0.00859658
4.24957 0.00859658
4.25067 0.0506468
4.25245 0.052443
4.25333 0.0533223
4.25365 0.053627
4.25643 0.0564186
4.25706 0.0570491
4.26189 0.0618787
4.26355 0.0635357
4.26834 0.0683342
4.26847 0.00845056
4.26847 0.00845056
4.26847 0.00845056
4.26847 0.00845056
4.26847 0.00845056
4.2686 0.00857895
4.2686 0.00845056
4.2686 0.00845056
4.2686 0.00845056
4.2686 0.00845056
4.2686 0.00845056
4.27231 0.0723048
4.27288 0.0728731
4.27482 0.07481
4.27536 0.0753472
4.27863 0.0786216
4.27964 0.0796254
4.28104 0.0810336
4.28136 0.0813531
4.28227 0.0822636
4.28349 0.0834851
4.28518 0.0851584
4.28594 0.0859133
4.28632 0.0863098
4.28664 0.0866294
4.28842 0.00841358
4.28842 0.00841358
4.28842 0.00841358
4.28842 0.00841358
4.28842 0.00841358
4.28854 0.00854197
4.28854 0.00841358
4.28854 0.00841358
4.28854 0.00841358
4.28854 0.00841358
4.28854 0.00841358
4.28958 0.0895735
4.29174 0.0917282
4.29315 0.0931363
4.29543 0.0954154
4.29615 0.0961392
4.29647 0.0964587
4.29679 0.0967634
4.29711 0.0971035
4.29764 0.097635
4.29874 0.0987321
4.29934 0.0993315
4.30016 0.100149
4.3006 0.100578
4.30173 0.101721
4.30292 0.102911
4.30448 0.10446
4.30493 0.104919
4.30547 0.105456
4.3074 0.107393
4.30822 0.10821
4.30882 0.00880514
4.30895 0.00861402
4.30895 0.00861402
4.30895 0.00861402
4.30895 0.00845384
4.30895 0.00845384
4.30895 0.00861402
4.3094 0.109386
4.30952 0.00903012
4.30952 0.00886994
4.30952 0.00886994
4.31199 0.11198
4.31231 0.0122941
4.313 0.112998
4.31332 0.113312
4.31364 0.113631
4.31364 0.113631
4.31396 0.113951
4.31587 0.115857
4.31703 0.117016
4.31781 0.117802
4.31813 0.0181171
4.31901 0.0190017
4.31901 0.119001
4.31967 0.0196421
4.32033 0.120324
4.32236 0.0223552
4.32309 0.0230729
4.32341 0.123398
4.32385 0.123842
4.32467 0.0246596
4.32598 0.125974
4.32693 0.126915
4.32746 0.0274533
4.32778 0.127772
4.32847 0.128465
4.3286 0.00859743
4.3286 0.00859743
4.3286 0.00859743
4.3286 0.00859743
4.3286 0.00846904
4.3286 0.00846904
4.32873 0.00859743
4.32873 0.00872582
4.32873 0.00872582
4.32873 0.00859743
4.32873 0.00859743
4.32873 0.00859743
4.32873 0.00859743
4.32955 0.129543
4.33127 0.131262
4.33237 0.0323536
4.33496 0.0349499
4.33528 0.0352694
4.3361 0.136086
4.33688 0.136872
4.33807 0.038063
4.33861 0.0386003
4.3417 0.041688
4.34432 0.144308
4.34861 0.00859725
4.34861 0.00859725
4.34861 0.00859725
4.34893 0.00859276
4.34893 0.00859276
4.34893 0.00891227
4.34924 0.00858826
4.34924 0.00890777
4.34924 0.00858826
4.34959 0.00893438
4.34959 0.00861488
4.34959 0.00861488
4.35066 0.0506416
4.35244 0.0524291
4.35332 0.0533085
4.35364 0.0536218
4.35641 0.0564047
4.35708 0.0570664
4.3619 0.061896
4.36356 0.0635529
4.36833 0.0683203
4.36846 0.00843775
4.36846 0.00843775
4.36846 0.00843775
4.36846 0.00843775
4.36846 0.00843775
4.36859 0.00856614
4.36859 0.00843775
4.36859 0.00843775
4.36859 0.00843775
4.36859 0.00843775
4.36859 0.00843775
4.3723 0.0722909
4.37287 0.0728593
4.37484 0.0748273
4.37537 0.0753645
4.37865 0.0786389
4.37962 0.0796116
4.38106 0.0810508
4.38138 0.0813703
4.38226 0.0822497
4.38351 0.0835023
4.38517 0.0851532
4.38595 0.0859392
4.38631 0.086296
4.38662 0.0866155
4.3884 0.00840077
4.3884 0.00840077
4.3884 0.00840077
4.3884 0.00840077
4.3884 0.00840077
4.38853 0.00852916
4.38853 0.00840077
4.38853 0.00840077
4.38853 0.00840077
4.38853 0.00840077
4.38853 0.00840077
4.38957 0.0895597
4.39175 0.0917454
4.39316 0.0931536
4.39541 0.0954015
4.39613 0.0961254
4.39645 0.0964449
4.39677 0.0967582
4.39709 0.0970896
4.39766 0.0976522
4.39876 0.0987494
4.39933 0.0993177
4.40014 0.100135
4.40062 0.100604
4.40175 0.101738
4.40294 0.102929
4.40447 0.104455
4.40491 0.104905
4.40545 0.105442
4.40739 0.107379
4.40821 0.108196
4.4088 0.00879233
4.40893 0.00860122
4.40893 0.00860122
4.40893 0.00860122
4.40893 0.00844103
4.40893 0.00844103
4.40893 0.00860122
4.40938 0.109372
4.40951 0.00901732
4.40951 0.00885713
4.40951 0.00885713
4.41201 0.111997
4.41233 0.01232
4.41299 0.112984
4.41331 0.113298
4.41363 0.113617
4.41363 0.113617
4.41395 0.113937
4.41588 0.115874
4.41704 0.117033
4.41783 0.117819
4.41815 0.0181464
4.419 0.0189878
4.41932 0.119306
4.41964 0.0196315
4.42033 0.120319
4.42236 0.0223498
4.42308 0.0230761
4.4234 0.123392
4.42388 0.123867
4.42466 0.0246543
4.42598 0.125968
4.42692 0.12691
4.42746 0.0274479
4.42778 0.127767
4.42847 0.128459
4.4286 0.00859309
4.4286 0.00859309
4.4286 0.00859309
4.4286 0.00859309
4.4286 0.0084647
4.4286 0.0084647
4.42873 0.00859309
4.42873 0.00872148
4.42873 0.00872148
4.42873 0.00859309
4.42873 0.00859309
4.42873 0.00859309
4.42873 0.00859309
4.42955 0.129537
4.43127 0.131256
4.43233 0.0323258
4.43495 0.0349445
4.43527 0.035264
4.43612 0.136111
4.43688 0.136866
4.43807 0.0380577
4.4386 0.0385949
4.44169 0.0416827
4.44431 0.144303
4.44861 0.00859291
4.44861 0.00859291
4.44861 0.00859291
4.44892 0.00858842
4.44892 0.00858842
4.44892 0.00890793
4.44927 0.00861503
4.44927 0.00893454
4.44927 0.00861503
4.44958 0.00893004
4.44958 0.00861054
4.44958 0.00861054
4.45065 0.0506448
4.45246 0.0524548
4.45331 0.0533031
4.45363 0.0536251
4.45641 0.0563993
4.45707 0.057061
4.4619 0.0618906
4.46356 0.0635476
4.46832 0.0683149
4.46845 0.00843341
4.46845 0.00843341
4.46845 0.00843341
4.46845 0.00843341
4.46845 0.00843341
4.46858 0.00856181
4.46858 0.00843341
4.46858 0.00843341
4.46858 0.00843341
4.46858 0.00843341
4.46858 0.00843341
4.47229 0.0722855
4.47286 0.0728539
4.47483 0.0748219
4.47537 0.0753591
4.47864 0.0786335
4.47961 0.0796062
4.48105 0.0810455
4.48137 0.081365
4.48228 0.0822754
4.48351 0.083497
4.48516 0.0851564
4.48592 0.0859114
4.48633 0.0863217
4.48665 0.0866412
4.48843 0.00839643
4.48843 0.00839643
4.48843 0.00839643
4.48843 0.00839643
4.48843 0.00839643
4.48855 0.00852482
4.48855 0.00839643
4.48855 0.00839643
4.48855 0.00839643
4.48855 0.00839643
4.48855 0.00839643
4.48956 0.0895543
4.49175 0.09174
4.49316 0.0931482
4.4954 0.0953961
4.49616 0.0961511
4.49648 0.0964706
4.4968 0.0967926
4.49712 0.0971153
4.49766 0.0976469
4.49875 0.098744
4.49932 0.0993123
4.50014 0.100129
4.50058 0.100576
4.50174 0.101733
4.50293 0.102923
4.50446 0.104458
4.50491 0.1049
4.50545 0.105437
4.50741 0.107405
4.5082 0.108191
4.5088 0.00878799
4.50893 0.00859688
4.50893 0.00859688
4.50893 0.00859688
4.50893 0.00843669
4.50893 0.00843669
4.50893 0.00859688
4.50937 0.109367
4.5095 0.00901298
4.5095 0.00885279
4.5095 0.00885279
4.512 0.111992
4.51232 0.0122922
4.51301 0.11301
4.51333 0.113324
4.51365 0.113643
4.51365 0.113643
4.51397 0.113963
4.51588 0.115868
4.51704 0.117028
4.51782 0.117814
4.51814 0.0181221
4.51902 0.0190135
4.51902 0.119013
4.51965 0.0196436
4.52031 0.120305
4.52237 0.0223671
4.5231 0.0230709
4.52342 0.12341
4.52386 0.123854
4.52468 0.0246715
4.52599 0.125986
4.5269 0.126896
4.52744 0.0274341
4.52779 0.127784
4.52845 0.128446
4.52858 0.00858028
4.52858 0.00858028
4.52858 0.00858028
4.52858 0.00858028
4.52858 0.00845189
4.52858 0.00845189
4.52871 0.00858028
4.52871 0.00870867
4.52871 0.00870867
4.52871 0.00858028
4.52871 0.00858028
4.52871 0.00858028
4.52871 0.00858028
4.52953 0.129523
4.53128 0.131274
4.53238 0.0323517
4.53497 0.0349618
4.53529 0.0352813
4.53611 0.136098
4.53689 0.136884
4.53808 0.0380749
4.53859 0.0385811
4.54168 0.0416688
4.5443 0.144289
4.54862 0.00861121
4.54862 0.00861121
4.54862 0.00861121
4.54894 0.00860672
4.54894 0.00860672
4.54894 0.00892622
4.54925 0.00860222
4.54925 0.00892173
4.54925 0.00860222
4.54957 0.00891724
4.54957 0.00859773
4.54957 0.00859773
4.55067 0.0506396
4.55245 0.052441
4.55333 0.0533204
4.55365 0.0536199
4.55642 0.0564166
4.55705 0.0570472
4.56188 0.0618767
4.56354 0.0635337
4.56834 0.0683322
4.56847 0.00845171
4.56847 0.00845171
4.56847 0.00845171
4.56847 0.00845171
4.56847 0.00845171
4.5686 0.0085801
4.5686 0.00845171
4.5686 0.00845171
4.5686 0.00845171
4.5686 0.00845171
4.5686 0.00845171
4.57231 0.0723028
4.57285 0.07284
4.57482 0.0748081
4.57535 0.0753453
4.57863 0.0786197
4.57963 0.0796235
4.58104 0.0810316
4.58136 0.0813511
4.58227 0.0822616
4.58349 0.0834831
4.58518 0.0851512
4.58596 0.0859373
4.58632 0.0863079
4.58663 0.0866274
4.58844 0.00841473
4.58844 0.00841473
4.58844 0.00841473
4.58844 0.00841473
4.58844 0.00841473
4.58857 0.00854312
4.58857 0.00841473
4.58857 0.00841473
4.58857 0.00841473
4.58857 0.00841473
4.58857 0.00841473
4.58958 0.0895716
4.59173 0.0917262
4.59314 0.0931344
4.59542 0.0954134
4.59614 0.0961373
4.59646 0.0964568
4.59678 0.0967563
4.5971 0.0971015
4.59764 0.097633
4.59874 0.0987301
4.59934 0.0993296
4.60015 0.100147
4.60063 0.100602
4.60173 0.101719
4.60292 0.102909
4.60448 0.104453
4.60492 0.104917
4.60546 0.105454
4.6074 0.107391
4.60822 0.108208
4.60882 0.00880629
4.60894 0.00861517
4.60894 0.00861517
4.60894 0.00861517
4.60894 0.00861517
4.60894 0.00845499
4.60894 0.00845499
4.60907 0.00858338
4.60907 0.00874357
4.60907 0.00874357
4.60907 0.00858338
4.60907 0.00858338
4.60939 0.109384
4.61199 0.111978
4.6123 0.012287
4.613 0.112996
4.61332 0.11331
4.61364 0.113629
4.61364 0.113629
4.61396 0.113949
4.61586 0.115855
4.61705 0.117045
4.61784 0.117831
4.61816 0.0181514
4.61901 0.0189997
4.61901 0.118999
4.61964 0.0196246
4.62033 0.120322
4.62236 0.0223532
4.62308 0.0230657
4.6234 0.123396
4.62385 0.12384
4.62466 0.0246577
4.62598 0.125972
4.62692 0.126913
4.62746 0.0274513
4.62778 0.12777
4.62847 0.128463
4.6286 0.00859858
4.6286 0.00859858
4.6286 0.00859858
4.6286 0.00859858
4.6286 0.00847019
4.6286 0.00847019
4.62873 0.00859858
4.62873 0.00872697
4.62873 0.00872697
4.62873 0.00859858
4.62873 0.00859858
4.62873 0.00859858
4.62873 0.00859858
4.62955 0.129541
4.63127 0.13126
4.63236 0.0323465
4.63495 0.0349479
4.63527 0.0352674
4.63609 0.136084
4.63688 0.13687
4.63807 0.0380611
4.6386 0.0385983
4.64169 0.0416861
4.64431 0.144306
4.64861 0.0085984
4.64861 0.0085984
4.64861 0.0085984
4.64893 0.00859391
4.64893 0.00859391
4.64893 0.00891342
4.64924 0.00858942
4.64924 0.00890892
4.64924 0.00858942
4.64959 0.00893554
4.64959 0.00861603
4.64959 0.00861603
4.65065 0.0506344
4.65243 0.0524272
4.65331 0.0533065
4.65363 0.0536147
4.65641 0.0564028
4.65707 0.0570644
4.6619 0.061894
4.66356 0.063551
4.66832 0.0683184
4.66845 0.00843891
4.66845 0.00843891
4.66845 0.00843891
4.66845 0.00843891
4.66845 0.00843891
4.66858 0.0085673
4.66858 0.00843891
4.66858 0.00843891
4.66858 0.00843891
4.66858 0.00843891
4.66858 0.00843891
4.6723 0.072289
4.67286 0.0728573
4.67483 0.0748253
4.67537 0.0753625
4.67864 0.0786369
4.67962 0.0796096
4.68106 0.0810489
4.68137 0.0813684
4.68229 0.0822789
4.68351 0.0835004
4.68516 0.085146
4.68595 0.0859321
4.6863 0.086294
4.68665 0.0866447
4.68843 0.00840192
4.68843 0.00840192
4.68843 0.00840192
4.68843 0.00840192
4.68843 0.00840192
4.68856 0.00853032
4.68856 0.00840192
4.68856 0.00840192
4.68856 0.00840192
4.68856 0.00840192
4.68856 0.00840192
4.68956 0.0895577
4.69175 0.0917435
4.69316 0.0931516
4.69541 0.0953996
4.69613 0.0961234
4.69645 0.0964429
4.6968 0.0967822
4.69712 0.0971188
4.69766 0.0976503
4.69875 0.0987474
4.69932 0.0993157
4.70014 0.100133
4.70061 0.100597
4.70174 0.101736
4.70293 0.102927
4.70447 0.104448
4.70491 0.104903
4.70545 0.10544
4.70738 0.107377
4.7082 0.108194
4.7088 0.00879349
4.70893 0.00860237
4.70893 0.00860237
4.70893 0.00860237
4.70893 0.00860237
4.70893 0.00844218
4.70893 0.00844218
4.70906 0.00857057
4.70906 0.00873076
4.70906 0.00873076
4.70906 0.00857057
4.70906 0.00857057
4.70938 0.10937
4.712 0.111995
4.71232 0.0123129
4.71298 0.112982
4.7133 0.113296
4.71362 0.113615
4.71394 0.113935
4.71394 0.113935
4.71588 0.115872
4.71704 0.117031
4.71782 0.117817
4.71814 0.0181186
4.71902 0.019017
4.71902 0.119016
4.71965 0.0196367
4.72031 0.120308
4.72238 0.0223705
4.72307 0.0230605
4.72342 0.123413
4.72386 0.123857
4.72468 0.0246749
4.726 0.125989
4.72691 0.126899
4.72744 0.0274375
4.72776 0.127756
4.72846 0.128449
4.72858 0.00855467
4.72858 0.00855467
4.72858 0.00855467
4.72858 0.00855467
4.72858 0.00842628
4.72858 0.00842628
4.72871 0.00855467
4.72871 0.00868306
4.72871 0.00868306
4.72871 0.00855467
4.72871 0.00855467
4.72871 0.00855467
4.72871 0.00855467
4.72953 0.129527
4.73128 0.131277
4.73235 0.0323413
4.73494 0.0349341
4.73526 0.0352536
4.73611 0.136101
4.73689 0.136887
4.73808 0.0380783
4.73859 0.0385845
4.74168 0.0416722
4.74433 0.144324
4.7486 0.0085856
4.7486 0.0085856
4.7486 0.0085856
4.74894 0.00861221
4.74894 0.00861221
4.74894 0.00893172
4.74926 0.00860772
4.74926 0.00892722
4.74926 0.00860772
4.74957 0.00892273
4.74957 0.00860322
4.74957 0.00860322
4.75064 0.0506292
4.75245 0.0524444
4.75333 0.0533238
4.75365 0.0536406
4.75643 0.05642
4.75706 0.0570506
4.76189 0.0618802
4.76354 0.0635371
4.76834 0.0683356
4.76847 0.00845721
4.76847 0.00845721
4.76847 0.00845721
4.76847 0.00845721
4.76847 0.00845721
4.7686 0.00858559
4.7686 0.00845721
4.7686 0.00845721
4.7686 0.00845721
4.7686 0.00845721
4.7686 0.00845721
4.77231 0.0723062
4.77285 0.0728434
4.77482 0.0748115
4.77535 0.0753487
4.77863 0.0786231
4.77963 0.0796269
4.78104 0.081035
4.78136 0.0813545
4.78227 0.082265
4.78349 0.0834865
4.78518 0.0851719
4.78594 0.0859269
4.78632 0.0863113
4.78664 0.0866308
4.78844 0.00842022
4.78844 0.00842022
4.78844 0.00842022
4.78844 0.00842022
4.78844 0.00842022
4.78857 0.00854861
4.78857 0.00842022
4.78857 0.00842022
4.78857 0.00842022
4.78857 0.00842022
4.78857 0.00842022
4.78958 0.089575
4.79174 0.0917296
4.79314 0.0931378
4.79542 0.0954168
4.79615 0.0961407
4.79647 0.0964602
4.79679 0.096777
4.7971 0.0971049
4.79764 0.0976364
4.79874 0.0987335
4.79934 0.099333
4.80016 0.10015
4.8006 0.100591
4.80173 0.101722
4.80292 0.102913
4.80448 0.104474
4.80493 0.10492
4.80546 0.105458
4.8074 0.107394
4.80819 0.108181
4.80879 0.00878068
4.80891 0.00858956
4.80891 0.00858956
4.80891 0.00858956
4.80891 0.00858956
4.80891 0.00842938
4.80891 0.00842938
4.80904 0.00855777
4.80904 0.00871795
4.80904 0.00871795
4.80904 0.00855777
4.80904 0.00855777
4.80936 0.109356
4.81199 0.111981
4.81231 0.0122766
4.813 0.112999
4.81332 0.113313
4.81364 0.113633
4.81364 0.113633
4.81396 0.113952
4.81586 0.115858
4.81702 0.117017
4.81781 0.117803
4.81813 0.0181168
4.81901 0.0190031
4.81901 0.119002
4.81964 0.0196176
4.8203 0.120294
4.82236 0.0223566
4.82309 0.0230553
4.8234 0.123399
4.82385 0.123843
4.82467 0.0246611
4.82598 0.125975
4.82692 0.126917
4.82746 0.0274548
4.82778 0.127773
4.82847 0.128466
4.8286 0.00857297
4.8286 0.00857297
4.8286 0.00857297
4.8286 0.00857297
4.8286 0.00844458
4.8286 0.00844458
4.82873 0.00857297
4.82873 0.00870136
4.82873 0.00870136
4.82873 0.00857297
4.82873 0.00857297
4.82873 0.00857297
4.82873 0.00857297
4.82955 0.129544
4.83127 0.131263
4.83237 0.0323361
4.83496 0.0349513
4.83528 0.0352708
4.83609 0.136087
4.83688 0.136873
4.83807 0.0380645
4.83861 0.0386017
4.84166 0.0416584
4.84432 0.14431
4.84861 0.0086039
4.84861 0.0086039
4.84861 0.0086039
4.84893 0.0085994
4.84893 0.0085994
4.84893 0.00891891
4.84924 0.00859491
4.84924 0.00891442
4.84924 0.00859491
4.84956 0.00890992
4.84956 0.00859042
4.84956 0.00859042
4.85065 0.050624
4.85244 0.0524306
4.85331 0.0533099
4.85363 0.0536043
4.85641 0.0564062
4.85707 0.0570678
4.8619 0.0618974
4.86353 0.0635233
4.86833 0.0683218
4.86846 0.0084444
4.86846 0.0084444
4.86846 0.0084444
4.86846 0.0084444
4.86846 0.0084444
4.86858 0.00857279
4.86858 0.0084444
4.86858 0.0084444
4.86858 0.0084444
4.86858 0.0084444
4.86858 0.0084444
4.8723 0.0722924
4.87287 0.0728607
4.87483 0.0748287
4.87537 0.075366
4.87865 0.0786403
4.87962 0.079613
4.88106 0.0810523
4.88138 0.0813718
4.88226 0.0822512
4.88351 0.0835038
4.8852 0.0851667
4.88595 0.0859217
4.8863 0.0862975
4.88662 0.086617
4.88843 0.00840742
4.88843 0.00840742
4.88843 0.00840742
4.88843 0.00840742
4.88843 0.00840742
4.88856 0.00853581
4.88856 0.00840742
4.88856 0.00840742
4.88856 0.00840742
4.88856 0.00840742
4.88856 0.00840742
4.88957 0.0895611
4.89172 0.0917158
4.89316 0.093155
4.89541 0.095403
4.89613 0.0961268
4.89645 0.0964463
4.8968 0.0967718
4.89712 0.0970911
4.89766 0.0976537
4.89876 0.0987508
4.89932 0.0993191
4.90014 0.100136
4.90062 0.100586
4.90174 0.10174
4.90293 0.10293
4.9045 0.104468
4.90491 0.104906
4.90545 0.105444
4.90739 0.107381
4.9082 0.108198
4.9088 0.00879898
4.90893 0.00860786
4.90893 0.00860786
4.90893 0.00860786
4.90893 0.00860786
4.90893 0.00844767
4.90893 0.00844767
4.90906 0.00857607
4.90906 0.00873625
4.90906 0.00873625
4.90906 0.00857607
4.90906 0.00857607
4.90938 0.109374
4.912 0.111999
4.91232 0.0123025
4.91302 0.112986
4.91334 0.11333
4.91365 0.11365
4.91365 0.11365
4.91397 0.113969
4.91588 0.115875
4.91704 0.117035
4.91783 0.117821
4.91815 0.0181151
4.91899 0.0189893
4.91931 0.119308
4.91966 0.0196382
4.92033 0.12032
4.92236 0.0223513
4.92308 0.0230586
4.9234 0.123394
4.92387 0.123869
4.92466 0.0246557
4.92597 0.12597
4.92692 0.126911
4.92745 0.0274494
4.92777 0.127768
4.92847 0.128461
4.92859 0.00856863
4.92859 0.00856863
4.92859 0.00856863
4.92859 0.00856863
4.92859 0.00844024
4.92859 0.00844024
4.92872 0.00856863
4.92872 0.00869702
4.92872 0.00869702
4.92872 0.00856863
4.92872 0.00856863
4.92872 0.00856863
4.92872 0.00856863
4.92954 0.129539
4.93126 0.131258
4.93236 0.0323393
4.93495 0.034946
4.93527 0.0352655
4.93612 0.136113
4.93687 0.136868
4.93806 0.0380591
4.9386 0.0385964
4.94169 0.0416841
4.94431 0.144305
4.94861 0.00859956
4.94861 0.00859956
4.94861 0.00859956
4.94892 0.00859506
4.94892 0.00859506
4.94892 0.00891457
4.94924 0.00859057
4.94924 0.00891008
4.94924 0.00859057
4.94955 0.00890559
4.94955 0.00858608
4.94955 0.00858608
4.95065 0.0506273
4.95243 0.0524252
4.95331 0.0533046
4.95363 0.0536076
4.9564 0.0564008
4.95707 0.0570625
4.9619 0.061892
4.96355 0.063549
4.96832 0.0683164
4.96845 0.00844006
4.96845 0.00844006
4.96845 0.00844006
4.96845 0.00844006
4.96845 0.00844006
4.96858 0.00856845
4.96858 0.00844006
4.96858 0.00844006
4.96858 0.00844006
4.96858 0.00844006
4.96858 0.00844006
4.97229 0.072287
4.97286 0.0728553
4.97483 0.0748233
4.97536 0.0753606
4.97864 0.078635
4.97961 0.0796077
4.98105 0.0810469
4.98137 0.0813664
4.98228 0.0822769
4.9835 0.0834984
4.98519 0.08517
4.98595 0.085925
4.98633 0.0863232
4.98665 0.0866427
4.98842 0.00840308
4.98842 0.00840308
4.98842 0.00840308
4.98842 0.00840308
4.98842 0.00840308
4.98855 0.00853147
4.98855 0.00840308
4.98855 0.00840308
4.98855 0.00840308
4.98855 0.00840308
4.98855 0.00840308
4.98956 0.0895558
4.99175 0.0917415
4.99315 0.0931497
4.9954 0.0953976
4.99613 0.0961215
4.99645 0.096441
4.9968 0.0967751
4.99712 0.0970857
4.99765 0.0976483
4.99875 0.0987454
4.99932 0.0993138
5.00014 0.100131
5.00061 0.100589
5.00174 0.101734
5.00293 0.102925
5.0045 0.104477
5.00491 0.104907
5.00545 0.105444
5.00742 0.107412
5.0082 0.108198
5.0088 0.00880038
5.00893 0.00860926
5.00893 0.00860926
5.00893 0.00860926
5.00893 0.00860926
5.00893 0.00848087
5.00893 0.00848087
5.00906 0.00860926
5.00906 0.00873765
5.00906 0.00873765
5.00906 0.00860926
5.00906 0.00860926
5.00906 0.00860926
5.00906 0.00848087
5.00938 0.109374
5.00938 0.00880038
5.012 0.111995
5.01232 0.0123075
5.01304 0.113013
5.01336 0.113358
5.01368 0.113677
5.01368 0.113677
5.014 0.113997
5.01588 0.115872
5.01704 0.117031
5.01782 0.117817
5.01814 0.0181236
5.01902 0.119016
5.01902 0.0190168
5.01968 0.019652
5.02031 0.120308
5.02237 0.0223703
5.0231 0.0230863
5.02342 0.123413
5.02386 0.123857
5.02468 0.0246747
5.02599 0.125989
5.02693 0.12693
5.02744 0.0274373
5.02779 0.127787
5.02845 0.128449
5.02858 0.00855966
5.02858 0.00855966
5.02858 0.00855966
5.02858 0.00855966
5.02858 0.00843127
5.02858 0.00843127
5.02871 0.00855966
5.02871 0.00868805
5.02871 0.00868805
5.02871 0.00855966
5.02871 0.00855966
5.02871 0.00855966
5.02871 0.00855966
5.02956 0.129558
5.03128 0.131277
5.03235 0.0323359
5.03497 0.034965
5.03529 0.0352845
5.0361 0.136101
5.03689 0.136887
5.03808 0.0380781
5.03862 0.0386154
5.04168 0.041672
5.0443 0.144292
5.04862 0.0086217
5.04862 0.0086217
5.04862 0.0086217
5.04894 0.0086172
5.04894 0.0086172
5.04894 0.00893671
5.04925 0.00861271
5.04925 0.00893222
5.04925 0.00861271
5.04957 0.00892772
5.04957 0.00860822
5.04957 0.00860822
5.05067 0.0506549
5.05245 0.0524442
5.05333 0.0533236
5.05365 0.0536352
5.05642 0.0564198
5.05705 0.0570504
5.06191 0.0619111
5.06357 0.063568
5.06834 0.0683354
5.06847 0.0084622
5.06847 0.0084622
5.06847 0.0084622
5.06847 0.0084622
5.06847 0.0084622
5.0686 0.00859059
5.0686 0.0084622
5.0686 0.0084622
5.0686 0.0084622
5.0686 0.0084622
5.0686 0.0084622
5.07231 0.072306
5.07288 0.0728744
5.07481 0.0748113
5.07535 0.0753485
5.07866 0.078654
5.07963 0.0796267
5.08104 0.0810348
5.08136 0.0813543
5.08227 0.0822648
5.08349 0.0834863
5.08518 0.0851666
5.08593 0.0859215
5.08631 0.0863111
5.08663 0.0866306
5.08844 0.00842522
5.08844 0.00842522
5.08844 0.00842522
5.08844 0.00842522
5.08844 0.00842522
5.08857 0.00855361
5.08857 0.00842522
5.08857 0.00842522
5.08857 0.00842522
5.08857 0.00842522
5.08857 0.00842522
5.08958 0.0895748
5.09173 0.0917294
5.09317 0.0931687
5.09542 0.0954166
5.09614 0.0961405
5.09646 0.09646
5.09678 0.0967716
5.0971 0.0970736
5.09764 0.0976362
5.09877 0.0987645
5.09934 0.0993328
5.10015 0.10015
5.1006 0.100586
5.10173 0.101722
5.10292 0.102913
5.10448 0.104468
5.10495 0.104951
5.10549 0.105488
5.1074 0.107394
5.10821 0.108211
5.10885 0.00881678
5.10897 0.00862566
5.10897 0.00862566
5.10897 0.00862566
5.10897 0.00862566
5.10897 0.00849727
5.10897 0.00849727
5.1091 0.00862566
5.1091 0.00875405
5.1091 0.00875405
5.1091 0.00862566
5.1091 0.00862566
5.1091 0.00862566
5.10942 0.109418
5.11198 0.111977
5.1123 0.0122984
5.11302 0.112995
5.11334 0.11334
5.11366 0.11366
5.11366 0.11366
5.11398 0.113979
5.11589 0.115885
5.11705 0.117044
5.11783 0.11783
5.11815 0.018149
5.119 0.0189989
5.119 0.118998
5.11963 0.019629
5.12032 0.120321
5.12239 0.0223836
5.12308 0.0230771
5.1234 0.123395
5.12387 0.12387
5.12466 0.0246569
5.12597 0.125971
5.12692 0.126913
5.12745 0.0274506
5.12777 0.127769
5.12847 0.128462
5.12859 0.00858004
5.12859 0.00858004
5.12859 0.00858004
5.12859 0.00858004
5.12859 0.00845165
5.12859 0.00845165
5.12872 0.00858004
5.12872 0.00870843
5.12872 0.00870843
5.12872 0.00858004
5.12872 0.00858004
5.12872 0.00858004
5.12872 0.00858004
5.12954 0.12954
5.13126 0.131259
5.13236 0.0323578
5.13495 0.0349472
5.13527 0.0352667
5.13612 0.136114
5.1369 0.1369
5.13806 0.0380603
5.13863 0.0386287
5.14169 0.0416853
5.14431 0.144306
5.14864 0.00861096
5.14864 0.00861096
5.14864 0.00861096
5.14895 0.00860647
5.14895 0.00860647
5.14895 0.00892598
5.14927 0.00860198
5.14927 0.00892149
5.14927 0.00860198
5.14958 0.00891699
5.14958 0.00859749
5.14958 0.00859749
5.15065 0.0506458
5.15246 0.0524575
5.15334 0.0533369
5.15366 0.0536572
5.15644 0.0564331
5.15704 0.0570326
5.16186 0.0618621
5.16355 0.0635502
5.16835 0.0683487
5.16848 0.00845147
5.16848 0.00845147
5.16848 0.00845147
5.16848 0.00845147
5.16848 0.00845147
5.16861 0.00857986
5.16861 0.00845147
5.16861 0.00845147
5.16861 0.00845147
5.16861 0.00845147
5.16861 0.00845147
5.17229 0.0722882
5.17286 0.0728565
5.17486 0.0748557
5.17536 0.0753618
5.17864 0.0786362
5.17964 0.07964
5.18105 0.0810481
5.18137 0.0813676
5.18228 0.0822781
5.1835 0.0834996
5.18516 0.0851574
5.18591 0.0859123
5.1863 0.0862933
5.18662 0.0866128
5.18842 0.00841449
5.18842 0.00841449
5.18842 0.00841449
5.18842 0.00841449
5.18842 0.00841449
5.18855 0.00854288
5.18855 0.00841449
5.18855 0.00841449
5.18855 0.00841449
5.18855 0.00841449
5.18855 0.00841449
5.18959 0.0895881
5.19171 0.0917116
5.19318 0.093182
5.19543 0.0954299
5.19613 0.0961227
5.19644 0.0964422
5.19676 0.0967625
5.19708 0.0970558
5.19762 0.0976184
5.19878 0.0987777
5.19932 0.099315
5.20017 0.100163
5.20058 0.100577
5.20171 0.101704
5.20293 0.102926
5.20446 0.104459
5.20497 0.104964
5.2055 0.105502
5.20738 0.107376
5.2082 0.108194
5.20883 0.00880605
5.20896 0.00861493
5.20896 0.00861493
5.20896 0.00861493
5.20896 0.00861493
5.20896 0.00848654
5.20896 0.00848654
5.20908 0.00861493
5.20908 0.00874332
5.20908 0.00874332
5.20908 0.00861493
5.20908 0.00861493
5.20908 0.00861493
5.20908 0.00848654
5.2094 0.1094
5.2094 0.00880605
5.21199 0.111991
5.21231 0.0122892
5.21304 0.113009
5.21336 0.113353
5.21368 0.113673
5.21368 0.113673
5.21399 0.113992
5.21587 0.115867
5.21703 0.117026
5.21785 0.117844
5.21817 0.0181433
5.21901 0.0190122
5.21901 0.119011
5.21964 0.0196371
5.22031 0.120304
5.22237 0.0223658
5.22312 0.023099
5.22344 0.123439
5.22385 0.123852
5.22467 0.0246702
5.22596 0.125953
5.2269 0.126895
5.22743 0.0274328
5.22775 0.127751
5.22845 0.128444
5.22858 0.00856533
5.22858 0.00856533
5.22858 0.00856533
5.22858 0.00856533
5.22858 0.00843694
5.22858 0.00843694
5.2287 0.00856533
5.2287 0.00869372
5.2287 0.00869372
5.2287 0.00856533
5.2287 0.00856533
5.2287 0.00856533
5.2287 0.00856533
5.22956 0.129553
5.23127 0.131272
5.23237 0.0323487
5.23496 0.0349604
5.23528 0.03528
5.23613 0.136127
5.23692 0.136913
5.23808 0.0380736
5.23861 0.0386108
5.24167 0.0416675
5.24429 0.144288
5.24865 0.00862736
5.24865 0.00862736
5.24865 0.00862736
5.24896 0.00862287
5.24896 0.00862287
5.24896 0.00894238
5.24928 0.00861838
5.24928 0.00893789
5.24928 0.00861838
5.24959 0.00893339
5.24959 0.00861389
5.24959 0.00861389
5.25066 0.0506366
5.25244 0.0524397
5.25335 0.0533502
5.25367 0.053648
5.25642 0.0564153
5.25705 0.0570458
5.26188 0.0618754
5.26357 0.0635635
5.26833 0.0683309
5.26846 0.00843676
5.26846 0.00843676
5.26846 0.00843676
5.26846 0.00843676
5.26846 0.00843676
5.26859 0.00856515
5.26859 0.00843676
5.26859 0.00843676
5.26859 0.00843676
5.26859 0.00843676
5.26859 0.00843676
5.2723 0.0723015
5.27284 0.0728387
5.27484 0.0748378
5.27535 0.075344
5.27862 0.0786184
5.27962 0.0796222
5.28103 0.0810303
5.28135 0.0813498
5.28229 0.0822914
5.28351 0.0835129
5.28517 0.0851482
5.28596 0.0859343
5.28631 0.0863066
5.28663 0.0866261
5.28844 0.00843089
5.28844 0.00843089
5.28844 0.00843089
5.28844 0.00843089
5.28844 0.00843089
5.28856 0.00855928
5.28856 0.00843089
5.28856 0.00843089
5.28856 0.00843089
5.28856 0.00843089
5.28856 0.00843089
5.28957 0.0895702
5.29173 0.0917249
5.29317 0.0931641
5.29541 0.0954121
5.29614 0.096136
5.29646 0.0964555
5.29678 0.0967533
5.2971 0.0970691
5.29763 0.0976317
5.29879 0.098791
5.29933 0.0993283
5.30018 0.100177
5.30062 0.100599
5.30172 0.101718
5.30291 0.102908
5.30447 0.10445
5.30495 0.104947
5.30549 0.105484
5.30736 0.107359
5.30821 0.108207
5.30881 0.00879134
5.30894 0.00860023
5.30894 0.00860023
5.30894 0.00860023
5.30894 0.00860023
5.30894 0.00847184
5.30894 0.00847184
5.30906 0.00860023
5.30906 0.00872862
5.30906 0.00872862
5.30906 0.00860023
5.30906 0.00860023
5.30906 0.00860023
5.30906 0.00847184
5.30938 0.109383
5.30938 0.00879134
5.31197 0.111973
5.31229 0.01228
5.31302 0.112991
5.31334 0.113336
5.31366 0.113655
5.31366 0.113655
5.31398 0.113975
5.31588 0.11588
5.31704 0.11704
5.31786 0.117857
5.31818 0.0181687
5.319 0.0189944
5.319 0.118994
5.31966 0.0196452
5.32032 0.120317
5.32238 0.022379
5.3231 0.0230898
5.32342 0.123422
5.32384 0.123834
5.32468 0.0246835
5.32594 0.125935
5.32691 0.126908
5.32745 0.027446
5.32777 0.127765
5.32846 0.128457
5.32859 0.00858173
5.32859 0.00858173
5.32859 0.00858173
5.32859 0.00858173
5.32859 0.00845334
5.32859 0.00845334
5.32872 0.00858173
5.32872 0.00871012
5.32872 0.00871012
5.32872 0.00858173
5.32872 0.00858173
5.32872 0.00858173
5.32872 0.00858173
5.32954 0.129535
5.33126 0.131255
5.33235 0.0323395
5.33494 0.0349426
5.33526 0.0352621
5.33614 0.136141
5.3369 0.136896
5.33809 0.0380869
5.33863 0.0386241
5.34168 0.0416808
5.3443 0.144301
5.34863 0.00861266
5.34863 0.00861266
5.34863 0.00861266
5.34895 0.00860817
5.34895 0.00860817
5.34895 0.00892767
5.34926 0.00860367
5.34926 0.00892318
5.34926 0.00860367
5.34958 0.00891869
5.34958 0.00859918
5.34958 0.00859918
5.35067 0.0506585
5.35245 0.052453
5.35333 0.0533323
5.35365 0.0536388
5.35643 0.0564286
5.35703 0.057028
5.36189 0.0618887
5.36355 0.0635457
5.36835 0.0683442
5.36847 0.00845316
5.36847 0.00845316
5.36847 0.00845316
5.36847 0.00845316
5.36847 0.00845316
5.3686 0.00858155
5.3686 0.00845316
5.3686 0.00845316
5.3686 0.00845316
5.3686 0.00845316
5.3686 0.00845316
5.37228 0.0722837
5.37285 0.072852
5.37485 0.0748511
5.37536 0.0753573
5.37863 0.0786316
5.37964 0.0796354
5.38104 0.0810436
5.38136 0.0813631
5.38227 0.0822736
5.3835 0.0834951
5.38515 0.085139
5.38594 0.0859251
5.38629 0.0862888
5.38661 0.0866083
5.38842 0.00841618
5.38842 0.00841618
5.38842 0.00841618
5.38842 0.00841618
5.38842 0.00841618
5.38855 0.00854457
5.38855 0.00841618
5.38855 0.00841618
5.38855 0.00841618
5.38855 0.00841618
5.38855 0.00841618
5.38958 0.0895835
5.39171 0.0917071
5.39318 0.0931774
5.39543 0.0954254
5.39612 0.0961181
5.39644 0.0964376
5.39676 0.0967441
5.39708 0.0970513
5.39761 0.0976139
5.39877 0.0987732
5.39931 0.0993104
5.40016 0.100159
5.4006 0.10059
5.4017 0.1017
5.40292 0.102921
5.40449 0.104472
5.40496 0.10496
5.4055 0.105497
5.40737 0.107372
5.40819 0.108189
5.40882 0.00880774
5.40895 0.00861663
5.40895 0.00861663
5.40895 0.00861663
5.40895 0.00861663
5.40895 0.00848824
5.40895 0.00848824
5.40908 0.00861663
5.40908 0.00874502
5.40908 0.00874502
5.40908 0.00861663
5.40908 0.00861663
5.40908 0.00861663
5.4094 0.109396
5.41199 0.111986
5.41231 0.0123019
5.41303 0.113004
5.41335 0.113349
5.41367 0.113668
5.41367 0.113668
5.41399 0.113988
5.41586 0.115863
5.41702 0.117022
5.41784 0.117839
5.41816 0.0181319
5.41901 0.0190077
5.41901 0.119007
5.41964 0.0196223
5.4203 0.120299
5.42239 0.0223923
5.42309 0.0230807
5.4234 0.123404
5.42385 0.123848
5.42467 0.0246657
5.42595 0.125949
5.42689 0.12689
5.42746 0.0274593
5.42778 0.127778
5.42844 0.12844
5.42857 0.0085399
5.42857 0.0085399
5.42857 0.0085399
5.42857 0.0085399
5.42857 0.00841151
5.42857 0.00841151
5.4287 0.0085399
5.4287 0.00866829
5.4287 0.00866829
5.4287 0.0085399
5.4287 0.0085399
5.4287 0.0085399
5.4287 0.0085399
5.42955 0.129549
5.43127 0.131268
5.43233 0.0323303
5.43496 0.0349559
5.43528 0.0352754
5.43612 0.136123
5.43691 0.136909
5.43807 0.0380691
5.43861 0.0386063
5.44166 0.041663
5.44428 0.144283
5.44861 0.00860193
5.44861 0.00860193
5.44861 0.00860193
5.44893 0.00859744
5.44893 0.00859744
5.44893 0.00891695
5.44927 0.00862405
5.44927 0.00894356
5.44927 0.00862405
5.44959 0.00893906
5.44959 0.00861956
5.44959 0.00861956
5.45065 0.0506493
5.45244 0.0524351
5.45335 0.0533456
5.45367 0.0536607
5.45641 0.0564108
5.45704 0.0570413
5.46187 0.0618709
5.46356 0.063559
5.46836 0.0683575
5.46849 0.00847354
5.46849 0.00847354
5.46849 0.00847354
5.46849 0.00847354
5.46849 0.00847354
5.46861 0.00860193
5.46861 0.00847354
5.46861 0.00847354
5.46861 0.00847354
5.46861 0.00847354
5.46861 0.00847354
5.4723 0.072297
5.47283 0.0728342
5.47483 0.0748333
5.47534 0.0753394
5.47861 0.0786138
5.47965 0.0796487
5.48106 0.0810569
5.48138 0.0813764
5.48229 0.0822869
5.48351 0.0835084
5.48517 0.085161
5.48592 0.0859159
5.4863 0.086302
5.48662 0.0866216
5.48843 0.00840545
5.48843 0.00840545
5.48843 0.00840545
5.48843 0.00840545
5.48843 0.00840545
5.48856 0.00853384
5.48856 0.00840545
5.48856 0.00840545
5.48856 0.00840545
5.48856 0.00840545
5.48856 0.00840545
5.48957 0.0895657
5.49172 0.0917204
5.49319 0.0931907
5.49541 0.0954076
5.49613 0.0961314
5.49645 0.0964509
5.49677 0.096766
5.49709 0.0970645
5.49763 0.0976272
5.49879 0.0987865
5.49932 0.0993237
5.50017 0.100172
5.50058 0.10058
5.50171 0.101713
5.5029 0.102903
5.50447 0.104463
5.50494 0.104942
5.50548 0.105479
5.50735 0.107354
5.5082 0.108202
5.5088 0.00879701
5.50893 0.0086059
5.50893 0.0086059
5.50893 0.0086059
5.50893 0.0086059
5.50893 0.00847751
5.50893 0.00847751
5.50906 0.0086059
5.50906 0.00873429
5.50906 0.00873429
5.50906 0.0086059
5.50906 0.0086059
5.50906 0.0086059
5.50906 0.00847751
5.50938 0.109378
5.50938 0.00879701
5.51197 0.111968
5.51229 0.0122616
5.51301 0.112986
5.51333 0.113331
5.51365 0.113651
5.51365 0.113651
5.51397 0.11397
5.51588 0.115876
5.51704 0.117035
5.51785 0.117852
5.51817 0.0181572
5.51899 0.118989
5.51931 0.0192783
5.51966 0.0196388
5.52032 0.120321
5.52241 0.022383
5.52311 0.02308
5.52343 0.123426
5.52384 0.123838
5.52469 0.0246563
5.52594 0.125939
5.52688 0.126881
5.52748 0.02745
5.5278 0.1278
5.52846 0.128461
5.52859 0.00856477
5.52859 0.00856477
5.52859 0.00856477
5.52859 0.00856477
5.52859 0.00843637
5.52859 0.00843637
5.52872 0.00856477
5.52872 0.00869315
5.52872 0.00869315
5.52872 0.00856477
5.52872 0.00856477
5.52872 0.00856477
5.52872 0.00856477
5.52954 0.129539
5.53126 0.131259
5.53239 0.0323607
5.53498 0.0349466
5.5353 0.0352661
5.53611 0.136114
5.5369 0.1369
5.53809 0.0380597
5.53863 0.038597
5.54172 0.0416847
5.54431 0.144305
5.54863 0.0086268
5.54863 0.0086268
5.54863 0.0086268
5.54895 0.00862231
5.54895 0.00862231
5.54895 0.00894181
5.54926 0.00861781
5.54926 0.00893732
5.54926 0.00861781
5.54958 0.00893283
5.54958 0.00861332
5.54958 0.00861332
5.55067 0.0506486
5.55249 0.0524569
5.55337 0.0533363
5.55369 0.05366
5.55643 0.0564014
5.55706 0.057032
5.56189 0.0618615
5.56358 0.0635496
5.56838 0.0683481
5.56851 0.00849841
5.56851 0.00849841
5.56851 0.00849841
5.56851 0.00849841
5.56851 0.00849841
5.56864 0.00862679
5.56864 0.00849841
5.56864 0.00849841
5.56864 0.00849841
5.56864 0.00849841
5.56864 0.00849841
5.57232 0.0722876
5.57289 0.0728559
5.57489 0.0748551
5.57539 0.0753612
5.57867 0.0786356
5.57967 0.0796394
5.58108 0.0810475
5.5814 0.081367
5.58231 0.0822775
5.58353 0.083499
5.58519 0.0851603
5.58594 0.0859152
5.58632 0.0862927
5.58664 0.0866122
5.58845 0.00843032
5.58845 0.00843032
5.58845 0.00843032
5.58845 0.00843032
5.58845 0.00843032
5.58858 0.00855871
5.58858 0.00843032
5.58858 0.00843032
5.58858 0.00843032
5.58858 0.00843032
5.58858 0.00843032
5.58962 0.0895875
5.59174 0.091711
5.59321 0.0931814
5.59546 0.0954293
5.59615 0.0961221
5.59647 0.0964416
5.59679 0.0967653
5.59711 0.0970863
5.59765 0.0976178
5.59881 0.0987771
5.59934 0.0993144
5.60019 0.100163
5.60061 0.10058
5.60173 0.101704
5.60296 0.102925
5.60449 0.104462
5.60499 0.104964
5.60553 0.105501
5.60741 0.107376
5.60822 0.108193
5.60879 0.00879078
5.60892 0.00859966
5.60892 0.00859966
5.60892 0.00859966
5.60892 0.00859966
5.60892 0.00847127
5.60892 0.00847127
5.60905 0.00859966
5.60905 0.00872805
5.60905 0.00872805
5.60905 0.00859966
5.60905 0.00859966
5.60905 0.00859966
5.60905 0.00847127
5.6095 0.109466
5.61199 0.111963
5.61231 0.012296
5.61304 0.113012
5.61336 0.113326
5.61368 0.113645
5.61368 0.113645
5.614 0.113965
5.6159 0.115871
5.61706 0.11703
5.61788 0.117847
5.6182 0.0181951
5.61901 0.0189845
5.61933 0.119303
5.61965 0.0196283
5.62035 0.120315
5.62241 0.0223776
5.6231 0.0230832
5.62345 0.12342
5.62386 0.123833
5.62471 0.0246821
5.626 0.125965
5.62694 0.126907
5.62747 0.0274446
5.62779 0.127763
5.62849 0.128456
5.62861 0.00859361
5.62861 0.00859361
5.62861 0.00859361
5.62861 0.00859361
5.62861 0.00846522
5.62861 0.00846522
5.62874 0.00859361
5.62874 0.008722
5.62874 0.008722
5.62874 0.00859361
5.62874 0.00859361
5.62874 0.00859361
5.62874 0.00859361
5.62956 0.129534
5.63128 0.131253
5.63235 0.0323329
5.63497 0.0349412
5.63529 0.0352607
5.63617 0.136139
5.63692 0.136894
5.63812 0.0380855
5.63865 0.0386227
5.64171 0.0416793
5.64433 0.1443
5.64863 0.00862453
5.64863 0.00862453
5.64863 0.00862453
5.64894 0.00862004
5.64894 0.00862004
5.64894 0.00893955
5.64926 0.00861555
5.64926 0.00893506
5.64926 0.00861555
5.64957 0.00893056
5.64957 0.00861106
5.64957 0.00861106
5.65067 0.0506519
5.65248 0.0524515
5.65336 0.0533309
5.65368 0.0536633
5.65646 0.0564271
5.65706 0.0570266
5.66192 0.0618873
5.66357 0.0635442
5.66837 0.0683427
5.6685 0.00849614
5.6685 0.00849614
5.6685 0.00849614
5.6685 0.00849614
5.6685 0.00849614
5.66863 0.00862453
5.66863 0.00849614
5.66863 0.00849614
5.66863 0.00849614
5.66863 0.00849614
5.66863 0.00849614
5.67231 0.0722822
5.67288 0.0728506
5.67488 0.0748497
5.67539 0.0753558
5.67866 0.0786302
5.67966 0.079634
5.68107 0.0810421
5.68139 0.0813617
5.6823 0.0822721
5.68352 0.0834937
5.68518 0.0851635
5.68594 0.0859185
5.68632 0.0862873
5.68664 0.0866068
5.68844 0.00842806
5.68844 0.00842806
5.68844 0.00842806
5.68844 0.00842806
5.68844 0.00842806
5.68857 0.00855645
5.68857 0.00842806
5.68857 0.00842806
5.68857 0.00842806
5.68857 0.00842806
5.68857 0.00842806
5.68961 0.0895821
5.69174 0.0917056
5.69321 0.093176
5.69545 0.0954239
5.69615 0.0961167
5.69647 0.0964362
5.69679 0.0967686
5.6971 0.0970809
5.69767 0.0976436
5.6988 0.0987718
5.69934 0.099309
5.70022 0.100188
5.7006 0.100583
5.70173 0.101698
5.70295 0.10292
5.70448 0.104465
5.70499 0.104959
5.70553 0.105496
5.7074 0.10737
5.70822 0.108188
5.70882 0.00878851
5.70895 0.0085974
5.70895 0.0085974
5.70895 0.0085974
5.70895 0.0085974
5.70895 0.00846901
5.70895 0.00846901
5.70907 0.0085974
5.70907 0.00872579
5.70907 0.00872579
5.70907 0.0085974
5.70907 0.0085974
5.70907 0.0085974
5.70907 0.00846901
5.70952 0.109492
5.71202 0.111989
5.71234 0.0123304
5.71303 0.113007
5.71335 0.11332
5.71367 0.11364
5.71367 0.11364
5.71399 0.113959
5.71589 0.115865
5.71705 0.117024
5.71787 0.117842
5.71819 0.0181707
5.71904 0.0190102
5.71904 0.119009
5.71967 0.0196404
5.72033 0.120302
5.72239 0.0223638
5.72309 0.023078
5.72344 0.123406
5.72388 0.12385
5.7247 0.0246682
5.72598 0.125951
5.72692 0.126893
5.72746 0.0274308
5.72778 0.127749
5.72847 0.128442
5.7286 0.00858288
5.7286 0.00858288
5.7286 0.00858288
5.7286 0.00858288
5.7286 0.00845449
5.7286 0.00845449
5.72873 0.00858288
5.72873 0.00871127
5.72873 0.00871127
5.72873 0.00858288
5.72873 0.00858288
5.72873 0.00858288
5.72873 0.00858288
5.72958 0.129551
5.7313 0.13127
5.73237 0.0323588
5.73499 0.0349584
5.73531 0.035278
5.73615 0.136125
5.73694 0.136911
5.7381 0.0380716
5.73864 0.0386088
5.74169 0.0416655
5.74432 0.144286
5.74864 0.00861381
5.74864 0.00861381
5.74864 0.00861381
5.74896 0.00860931
5.74896 0.00860931
5.74896 0.00892882
5.74927 0.00860482
5.74927 0.00892433
5.74927 0.00860482
5.74959 0.00891983
5.74959 0.00860033
5.74959 0.00860033
5.75065 0.0506467
5.75247 0.0524377
5.75338 0.0533482
5.7537 0.0536892
5.75644 0.0564133
5.75707 0.0570438
5.7619 0.0618734
5.76359 0.0635615
5.76839 0.06836
5.76852 0.00851652
5.76852 0.00851652
5.76852 0.00851652
5.76852 0.00851652
5.76852 0.00851652
5.76865 0.00864491
5.76865 0.00851652
5.76865 0.00851652
5.76865 0.00851652
5.76865 0.00851652
5.76865 0.00851652
5.77233 0.0722995
5.77287 0.0728367
5.77486 0.0748358
5.77537 0.075342
5.77865 0.0786164
5.77965 0.0796202
5.78106 0.0810283
5.78138 0.0813478
5.78232 0.0822894
5.78354 0.0835109
5.78517 0.0851583
5.78592 0.0859133
5.78633 0.0863046
5.78665 0.0866241
5.78843 0.00841733
5.78843 0.00841733
5.78843 0.00841733
5.78843 0.00841733
5.78843 0.00841733
5.78856 0.00854572
5.78856 0.00841733
5.78856 0.00841733
5.78856 0.00841733
5.78856 0.00841733
5.78856 0.00841733
5.7896 0.0895682
5.79175 0.0917229
5.79322 0.0931932
5.79544 0.0954101
5.79616 0.096134
5.79648 0.0964535
5.7968 0.0967945
5.79712 0.0970982
5.79766 0.0976297
5.79882 0.098789
5.79935 0.0993263
5.8002 0.100175
5.80058 0.100578
5.80174 0.101716
5.80293 0.102906
5.80447 0.10446
5.80497 0.104945
5.80551 0.105482
5.80742 0.107388
5.80823 0.108205
5.80883 0.00880889
5.80896 0.00861777
5.80896 0.00861777
5.80896 0.00861777
5.80896 0.00861777
5.80896 0.00848938
5.80896 0.00848938
5.80909 0.00861777
5.80909 0.00874616
5.80909 0.00874616
5.80909 0.00861777
5.80909 0.00861777
5.80909 0.00861777
5.80909 0.00848938
5.80941 0.109381
5.80941 0.00880889
5.812 0.111971
5.81232 0.0122901
5.81301 0.112989
5.81333 0.113302
5.81365 0.113622
5.81365 0.113622
5.81397 0.113942
5.81591 0.115878
5.81707 0.117038
5.81788 0.117855
5.8182 0.0181961
5.81902 0.0189924
5.81902 0.118992
5.81962 0.0196174
5.82034 0.120315
5.8224 0.022377
5.82313 0.0231
5.82345 0.12342
5.82386 0.123832
5.82471 0.0246815
5.82599 0.125964
5.82693 0.126906
5.82747 0.027444
5.82779 0.127763
5.82848 0.128455
5.82861 0.00859928
5.82861 0.00859928
5.82861 0.00859928
5.82861 0.00859928
5.82861 0.00847089
5.82861 0.00847089
5.82874 0.00859928
5.82874 0.00872767
5.82874 0.00872767
5.82874 0.00859928
5.82874 0.00859928
5.82874 0.00859928
5.82874 0.00859928
5.82956 0.129533
5.83128 0.131253
5.83238 0.0323496
5.83497 0.0349406
5.83529 0.0352601
5.83617 0.136139
5.83692 0.136894
5.83811 0.0380849
5.83865 0.0386221
5.84171 0.0416788
5.84433 0.144299
5.84862 0.0085991
5.84862 0.0085991
5.84862 0.0085991
5.84897 0.00862571
5.84897 0.00862571
5.84897 0.00894522
5.84929 0.00862122
5.84929 0.00894073
5.84929 0.00862122
5.8496 0.00893623
5.8496 0.00861673
5.8496 0.00861673
5.85067 0.0506375
5.85248 0.052451
5.85336 0.0533303
5.85368 0.0536489
5.85645 0.0564266
5.85705 0.057026
5.86191 0.0618867
5.86357 0.0635437
5.86837 0.0683422
5.8685 0.00847071
5.8685 0.00847071
5.8685 0.00847071
5.8685 0.00847071
5.8685 0.00847071
5.86863 0.0085991
5.86863 0.00847071
5.86863 0.00847071
5.86863 0.00847071
5.86863 0.00847071
5.86863 0.00847071
5.87231 0.0722817
5.87288 0.07285
5.87488 0.0748491
5.87538 0.0753553
5.87866 0.0786296
5.87966 0.0796334
5.88107 0.0810416
5.88139 0.0813611
5.8823 0.0822716
5.88352 0.0834931
5.88518 0.0851491
5.88596 0.0859352
5.88631 0.0862868
5.88663 0.0866063
5.88844 0.00843373
5.88844 0.00843373
5.88844 0.00843373
5.88844 0.00843373
5.88844 0.00843373
5.88857 0.00856212
5.88857 0.00843373
5.88857 0.00843373
5.88857 0.00843373
5.88857 0.00843373
5.88857 0.00843373
5.88961 0.0895815
5.89173 0.0917051
5.8932 0.0931754
5.89545 0.0954234
5.89614 0.0961161
5.89646 0.0964356
5.89678 0.0967542
5.8971 0.0970804
5.89767 0.097643
5.8988 0.0987712
5.89934 0.0993084
5.90022 0.100188
5.90063 0.1006
5.90173 0.101698
5.90295 0.102919
5.90448 0.104451
5.90499 0.104958
5.90552 0.105495
5.9074 0.10737
5.90821 0.108187
5.90881 0.00879418
5.90894 0.00860307
5.90894 0.00860307
5.90894 0.00860307
5.90894 0.00860307
5.90894 0.00847468
5.90894 0.00847468
5.90907 0.00860307
5.90907 0.00873146
5.90907 0.00873146
5.90907 0.00860307
5.90907 0.00860307
5.90907 0.00860307
5.90907 0.00847468
5.90952 0.109491
5.91202 0.111988
5.91234 0.012316
5.91303 0.113006
5.91335 0.11332
5.91367 0.113639
5.91367 0.113639
5.91399 0.113959
5.91589 0.115865
5.91705 0.117024
5.91787 0.117841
5.91819 0.0181633
5.91904 0.0190097
5.91904 0.119009
5.91964 0.0196294
5.92033 0.120301
5.92242 0.0223943
5.92311 0.0230948
5.92343 0.123406
5.92388 0.12385
5.92469 0.0246677
5.92598 0.125951
5.92692 0.126892
5.92746 0.0274302
5.92778 0.127749
5.92847 0.128442
5.9286 0.00858855
5.9286 0.00858855
5.9286 0.00858855
5.9286 0.00858855
5.9286 0.00846016
5.9286 0.00846016
5.92873 0.00858855
5.92873 0.00871694
5.92873 0.00871694
5.92873 0.00858855
5.92873 0.00858855
5.92873 0.00858855
5.92873 0.00858855
5.92958 0.129551
5.9313 0.13127
5.93236 0.0323444
5.93498 0.0349579
5.9353 0.0352774
5.93615 0.136125
5.93694 0.136911
5.9381 0.0380711
5.93864 0.0386083
5.94169 0.0416649
5.94431 0.144285
5.94864 0.00861947
5.94864 0.00861947
5.94864 0.00861947
5.94896 0.00861498
5.94896 0.00861498
5.94896 0.00893449
5.94927 0.00861049
5.94927 0.00893
5.94927 0.00861049
5.94959 0.0089255
5.94959 0.008606
5.94959 0.008606
5.95065 0.0506323
5.95246 0.0524371
5.95337 0.0533476
5.95369 0.0536748
5.95644 0.0564127
5.95707 0.0570433
5.9619 0.0618729
5.96359 0.063561
5.96839 0.0683594
5.96851 0.00849108
5.96851 0.00849108
5.96851 0.00849108
5.96851 0.00849108
5.96851 0.00849108
5.96864 0.00861947
5.96864 0.00849108
5.96864 0.00849108
5.96864 0.00849108
5.96864 0.00849108
5.96864 0.00849108
5.97233 0.0722989
5.97286 0.0728362
5.97486 0.0748353
5.97537 0.0753414
5.97864 0.0786158
5.97965 0.0796196
5.98105 0.0810277
5.98137 0.0813473
5.98232 0.0822888
5.98354 0.0835104
5.98516 0.0851439
5.98595 0.08593
5.98633 0.086304
5.98665 0.0866235
5.98843 0.008423
5.98843 0.008423
5.98843 0.008423
5.98843 0.008423
5.98843 0.008423
5.98856 0.00855139
5.98856 0.008423
5.98856 0.008423
5.98856 0.008423
5.98856 0.008423
5.98856 0.008423
5.98959 0.0895677
5.99175 0.0917223
5.99322 0.0931927
5.99544 0.0954095
5.99616 0.0961334
5.99648 0.0964529
5.9968 0.0967801
5.99712 0.0970976
5.99766 0.0976292
5.99882 0.0987885
5.99935 0.0993257
6.0002 0.100174
6.00061 0.100594
6.00174 0.101715
6.00293 0.102905
6.00447 0.104452
6.00498 0.10495
6.00551 0.105487
6.00739 0.107362
6.00824 0.10821
6.00884 0.0088204
6.00897 0.00862928
6.00897 0.00862928
6.00897 0.00862928
6.00897 0.00862928
6.00897 0.00850089
6.00897 0.00850089
6.00909 0.00862928
6.00909 0.00875767
6.00909 0.00875767
6.00909 0.00862928
6.00909 0.00862928
6.00909 0.00862928
6.00909 0.00850089
6.00941 0.109386
6.00941 0.0088204
6.012 0.111976
6.01232 0.0123127
6.01302 0.112994
6.01333 0.113308
6.01365 0.113627
6.01365 0.113627
6.01397 0.113947
6.01591 0.115884
6.01707 0.117043
6.01789 0.11786
6.01821 0.0181945
6.01902 0.0189977
6.01934 0.119316
6.01966 0.0196519
6.02036 0.120329
6.02242 0.0223908
6.02311 0.0230999
6.02343 0.123402
6.02387 0.123846
6.02472 0.0246952
6.02597 0.125947
6.02692 0.126889
6.02748 0.0274578
6.0278 0.127776
6.0285 0.128469
6.02862 0.00861925
6.02862 0.00861925
6.02862 0.00861925
6.02862 0.00861925
6.02862 0.00849086
6.02862 0.00849086
6.02875 0.00861925
6.02875 0.00874764
6.02875 0.00874764
6.02875 0.00861925
6.02875 0.00861925
6.02875 0.00861925
6.02875 0.00861925
6.02957 0.129547
6.03129 0.131266
6.03236 0.0323495
6.03498 0.0349544
6.0353 0.0352739
6.03618 0.136152
6.03693 0.136907
6.03812 0.0380986
6.03866 0.0386359
6.04172 0.0416925
6.04431 0.144282
6.04864 0.00861908
6.04864 0.00861908
6.04864 0.00861908
6.04895 0.00861459
6.04895 0.00861459
6.04895 0.00893409
6.04927 0.00861009
6.04927 0.0089296
6.04927 0.00861009
6.04961 0.00895621
6.04961 0.0086367
6.04961 0.0086367
6.05068 0.0506686
6.05249 0.0524647
6.05337 0.0533441
6.05369 0.0536799
6.05647 0.0564403
6.05707 0.0570398
6.0619 0.0618694
6.06358 0.0635574
6.06838 0.0683559
6.06851 0.00849069
6.06851 0.00849069
6.06851 0.00849069
6.06851 0.00849069
6.06851 0.00849069
6.06864 0.00861908
6.06864 0.00849069
6.06864 0.00849069
6.06864 0.00849069
6.06864 0.00849069
6.06864 0.00849069
6.07232 0.0722954
6.07289 0.0728638
6.07489 0.0748629
6.07536 0.0753379
6.07867 0.0786434
6.07967 0.0796472
6.08108 0.0810553
6.0814 0.0813748
6.08231 0.0822853
6.08353 0.0835069
6.08516 0.0851491
6.08595 0.0859351
6.08633 0.0863005
6.08665 0.08662
6.08842 0.0084226
6.08842 0.0084226
6.08842 0.0084226
6.08842 0.0084226
6.08842 0.0084226
6.08855 0.00855099
6.08855 0.0084226
6.08855 0.0084226
6.08855 0.0084226
6.08855 0.0084226
6.08855 0.0084226
6.08962 0.0895953
6.09175 0.0917188
6.09325 0.0932203
6.09543 0.095406
6.09616 0.0961299
6.09648 0.0964494
6.0968 0.0967852
6.09711 0.0970941
6.09768 0.0976567
6.09884 0.0988161
6.09935 0.0993222
6.10023 0.100202
6.10061 0.1006
6.10174 0.101711
6.10293 0.102902
6.10446 0.104451
6.105 0.104972
6.10554 0.105509
6.10741 0.107384
6.10823 0.108201
6.10883 0.00881416
6.10895 0.00862304
6.10895 0.00862304
6.10895 0.00862304
6.10895 0.00862304
6.10895 0.00849465
6.10895 0.00849465
6.10908 0.00862304
6.10908 0.00875143
6.10908 0.00875143
6.10908 0.00862304
6.10908 0.00862304
6.10908 0.00862304
6.10943 0.109408
6.11199 0.111967
6.11231 0.012312
6.11304 0.113016
6.11336 0.11333
6.11368 0.113649
6.11368 0.113649
6.11399 0.113969
6.1159 0.115874
6.11706 0.117034
6.11791 0.117882
6.11823 0.0181972
6.11901 0.0189883
6.11933 0.119307
6.11965 0.0196373
6.12035 0.120319
6.12244 0.0224125
6.1231 0.0230992
6.12342 0.123393
6.12386 0.123837
6.12471 0.0246859
6.12596 0.125938
6.12691 0.126879
6.12747 0.0274484
6.12779 0.127767
6.12849 0.12846
6.12861 0.00858589
6.12861 0.00858589
6.12861 0.00858589
6.12861 0.00858589
6.12861 0.0084575
6.12861 0.0084575
6.12874 0.00858589
6.12874 0.00871428
6.12874 0.00871428
6.12874 0.00858589
6.12874 0.00858589
6.12874 0.00858589
6.12874 0.00858589
6.1296 0.129569
6.13128 0.131257
6.13235 0.0323488
6.135 0.0349761
6.13532 0.0352956
6.13617 0.136143
6.13696 0.136929
6.13811 0.0380893
6.13865 0.0386265
6.14171 0.0416832
6.14433 0.144304
6.14863 0.00861682
6.14863 0.00861682
6.14863 0.00861682
6.14894 0.00861232
6.14894 0.00861232
6.14894 0.00893183
6.14929 0.00863893
6.14929 0.00895844
6.14929 0.00863893
6.1496 0.00895395
6.1496 0.00863444
6.1496 0.00863444
6.15067 0.0506679
6.15248 0.0524554
6.15339 0.0533658
6.15371 0.0537103
6.15646 0.056431
6.15706 0.0570304
6.16189 0.06186
6.1636 0.0635792
6.16837 0.0683466
6.1685 0.00848842
6.1685 0.00848842
6.1685 0.00848842
6.1685 0.00848842
6.1685 0.00848842
6.16863 0.00861681
6.16863 0.00848842
6.16863 0.00848842
6.16863 0.00848842
6.16863 0.00848842
6.16863 0.00848842
6.17231 0.0722861
6.17285 0.0728233
6.17488 0.0748535
6.17535 0.0753286
6.17863 0.0786029
6.17969 0.0796689
6.18107 0.081046
6.18139 0.0813655
6.18233 0.0823071
6.18355 0.0835286
6.18515 0.0851484
6.18593 0.0859344
6.18632 0.0862912
6.18664 0.0866107
6.18844 0.00842034
6.18844 0.00842034
6.18844 0.00842034
6.18844 0.00842034
6.18844 0.00842034
6.18857 0.00854873
6.18857 0.00842034
6.18857 0.00842034
6.18857 0.00842034
6.18857 0.00842034
6.18857 0.00842034
6.18961 0.0895859
6.19173 0.0917095
6.19324 0.0932109
6.19545 0.0954278
6.19615 0.0961205
6.19647 0.09644
6.19679 0.0967845
6.1971 0.0970848
6.19764 0.0976163
6.19886 0.0988378
6.19934 0.0993128
6.20025 0.100223
6.2006 0.100599
6.20173 0.101702
6.20292 0.102893
6.20445 0.10445
6.20505 0.105025
6.20556 0.105531
6.20737 0.107343
6.20822 0.108191
6.20882 0.0088119
6.20894 0.00862078
6.20894 0.00862078
6.20894 0.00862078
6.20894 0.00862078
6.20894 0.00849239
6.20894 0.00849239
6.20907 0.00862078
6.20907 0.00874917
6.20907 0.00874917
6.20907 0.00862078
6.20907 0.00862078
6.20907 0.00862078
6.20907 0.00849239
6.20952 0.109496
6.21199 0.111961
6.21231 0.0122841
6.21303 0.11301
6.21335 0.113324
6.21367 0.113644
6.21367 0.113644
6.21399 0.113963
6.21589 0.115869
6.21705 0.117028
6.2179 0.117877
6.21822 0.018204
6.21901 0.018983
6.21933 0.119302
6.21965 0.0196268
6.22034 0.120314
6.22243 0.0224072
6.22312 0.0231024
6.22344 0.123419
6.22386 0.123831
6.22471 0.0246805
6.22596 0.125932
6.2269 0.126874
6.22747 0.0274431
6.22779 0.127762
6.22848 0.128455
6.22861 0.00858362
6.22861 0.00858362
6.22861 0.00858362
6.22861 0.00858362
6.22861 0.00845523
6.22861 0.00845523
6.22874 0.00858362
6.22874 0.00871201
6.22874 0.00871201
6.22874 0.00858362
6.22874 0.00858362
6.22874 0.00858362
6.22874 0.00858362
6.22959 0.129564
6.23128 0.131252
6.23237 0.0323521
6.235 0.0349708
6.23531 0.0352903
6.23619 0.136169
6.23695 0.136924
6.23811 0.0380839
6.23865 0.0386212
6.2417 0.0416778
6.24429 0.144267
6.24862 0.00861455
6.24862 0.00861455
6.24862 0.00861455
6.24894 0.00861006
6.24894 0.00861006
6.24894 0.00892957
6.24928 0.00863667
6.24928 0.00895618
6.24928 0.00863667
6.2496 0.00895168
6.2496 0.00863218
6.2496 0.00863218
6.25066 0.05064
6.25247 0.05245
6.25339 0.0533605
6.2537 0.0536825
6.25645 0.0564256
6.25705 0.057025
6.26191 0.0618857
6.2636 0.0635738
6.2684 0.0683723
6.26853 0.00851726
6.26853 0.00851726
6.26853 0.00851726
6.26853 0.00851726
6.26853 0.00851726
6.26865 0.00864565
6.26865 0.00851726
6.26865 0.00851726
6.26865 0.00851726
6.26865 0.00851726
6.26865 0.00851726
6.27231 0.0722807
6.27287 0.072849
6.27487 0.0748482
6.27535 0.0753232
6.27865 0.0786287
6.27969 0.0796636
6.28107 0.0810406
6.28138 0.0813601
6.28233 0.0823017
6.28355 0.0835232
6.28517 0.0851516
6.28596 0.0859377
6.28631 0.0862858
6.28663 0.0866053
6.28844 0.00841807
6.28844 0.00841807
6.28844 0.00841807
6.28844 0.00841807
6.28844 0.00841807
6.28857 0.00854646
6.28857 0.00841807
6.28857 0.00841807
6.28857 0.00841807
6.28857 0.00841807
6.28857 0.00841807
6.28961 0.0895806
6.29173 0.0917041
6.29323 0.0932056
6.29545 0.0954224
6.29614 0.0961152
6.29646 0.0964347
6.29678 0.0967567
6.2971 0.0970794
6.29764 0.0976109
6.29886 0.0988324
6.29933 0.0993075
6.30024 0.100218
6.30059 0.100571
6.30172 0.101697
6.30291 0.102887
6.30448 0.104453
6.30501 0.104988
6.30555 0.105525
6.30739 0.107369
6.30821 0.108186
6.30881 0.00880963
6.30894 0.00861852
6.30894 0.00861852
6.30894 0.00861852
6.30894 0.00861852
6.30894 0.00849013
6.30894 0.00849013
6.30907 0.00861852
6.30907 0.00874691
6.30907 0.00874691
6.30907 0.00861852
6.30907 0.00861852
6.30907 0.00861852
6.30907 0.00849013
6.30951 0.10949
6.31201 0.111987
6.31233 0.0123185
6.31302 0.113005
6.31334 0.113319
6.31366 0.113638
6.31366 0.113638
6.31398 0.113958
6.31589 0.115864
6.31705 0.117023
6.3179 0.117871
6.31822 0.0182107
6.31903 0.0190087
6.31903 0.119008
6.31966 0.0196389
6.32032 0.1203
6.32242 0.0223933
6.32311 0.0230972
6.32343 0.123405
6.32387 0.123849
6.32469 0.0246667
6.32594 0.125918
6.32692 0.126891
6.32745 0.0274292
6.3278 0.127779
6.32847 0.128441
6.32859 0.00857289
6.32859 0.00857289
6.32859 0.00857289
6.32859 0.00857289
6.32859 0.0084445
6.32859 0.0084445
6.32872 0.00857289
6.32872 0.00870128
6.32872 0.00870128
6.32872 0.00857289
6.32872 0.00857289
6.32872 0.00857289
6.32872 0.00857289
6.32957 0.12955
6.33126 0.131238
6.33236 0.0323469
6.33498 0.0349569
6.3353 0.0352764
6.33618 0.136155
6.33697 0.136941
6.33809 0.0380701
6.33866 0.0386384
6.34169 0.041664
6.34431 0.144284
6.34864 0.00863493
6.34864 0.00863493
6.34864 0.00863493
6.34895 0.00863043
6.34895 0.00863043
6.34895 0.00894994
6.34927 0.00862594
6.34927 0.00894545
6.34927 0.00862594
6.34958 0.00894096
6.34958 0.00862145
6.34958 0.00862145
6.35068 0.0506659
6.35246 0.0524361
6.35337 0.0533466
6.35369 0.0536773
6.35647 0.0564429
6.35707 0.0570423
6.3619 0.0618719
6.36358 0.06356
6.36838 0.0683585
6.36851 0.00850653
6.36851 0.00850653
6.36851 0.00850653
6.36851 0.00850653
6.36851 0.00850653
6.36864 0.00863492
6.36864 0.00850653
6.36864 0.00850653
6.36864 0.00850653
6.36864 0.00850653
6.36864 0.00850653
6.37229 0.0722668
6.37286 0.0728352
6.37489 0.0748654
6.37536 0.0753404
6.37864 0.0786148
6.37967 0.0796497
6.38108 0.0810579
6.3814 0.0813774
6.38231 0.0822879
6.38353 0.0835094
6.38516 0.0851464
6.38595 0.0859325
6.3863 0.0862719
6.38662 0.0865914
6.38845 0.00843845
6.38845 0.00843845
6.38845 0.00843845
6.38845 0.00843845
6.38845 0.00843845
6.38858 0.00856684
6.38858 0.00843845
6.38858 0.00843845
6.38858 0.00843845
6.38858 0.00843845
6.38858 0.00843845
6.38962 0.0895978
6.39175 0.0917214
6.39325 0.0932228
6.39546 0.0954397
6.39613 0.0961013
6.39644 0.0964208
6.39676 0.0967515
6.39708 0.0970655
6.39765 0.0976282
6.39884 0.0988186
6.39935 0.0993247
6.40023 0.100204
6.40061 0.100597
6.40174 0.101714
6.40293 0.102904
6.40446 0.104448
6.40503 0.105005
6.40557 0.105543
6.40738 0.107355
6.40823 0.108203
6.40886 0.00883001
6.40899 0.00863889
6.40899 0.00863889
6.40899 0.00863889
6.40899 0.00863889
6.40899 0.0085105
6.40899 0.0085105
6.40911 0.00863889
6.40911 0.00876728
6.40911 0.00876728
6.40911 0.00863889
6.40911 0.00863889
6.40911 0.00863889
6.40911 0.0085105
6.40956 0.109539
6.412 0.111973
6.41232 0.0123133
6.41301 0.112991
6.41333 0.113305
6.41365 0.113624
6.41365 0.113624
6.41397 0.113944
6.4159 0.115881
6.41706 0.11704
6.41791 0.117888
6.41823 0.018209
6.41902 0.0189948
6.41902 0.118994
6.41965 0.0196198
6.42034 0.120317
6.42243 0.0224106
6.4231 0.023092
6.42341 0.123391
6.42386 0.123835
6.42471 0.0246839
6.42596 0.125936
6.4269 0.126877
6.42747 0.0274465
6.42779 0.127765
6.42848 0.128458
6.42861 0.00859327
6.42861 0.00859327
6.42861 0.00859327
6.42861 0.00859327
6.42861 0.00846488
6.42861 0.00846488
6.42874 0.00859327
6.42874 0.00872166
6.42874 0.00872166
6.42874 0.00859327
6.42874 0.00859327
6.42874 0.00859327
6.42874 0.00859327
6.42956 0.129536
6.43128 0.131255
6.43234 0.0323417
6.435 0.0349742
6.43532 0.0352937
6.43616 0.136141
6.43695 0.136927
6.43811 0.0380873
6.43865 0.0386246
6.4417 0.0416812
6.44433 0.144302
6.44865 0.0086242
6.44865 0.0086242
6.44865 0.0086242
6.44897 0.0086197
6.44897 0.0086197
6.44897 0.00893921
6.44928 0.00861521
6.44928 0.00893472
6.44928 0.00861521
6.4496 0.00893022
6.4496 0.00861072
6.4496 0.00861072
6.45066 0.0506607
6.45248 0.0524534
6.45339 0.0533639
6.45371 0.0537032
6.45645 0.056429
6.45705 0.0570285
6.46191 0.0618891
6.4636 0.0635772
6.4684 0.0683757
6.46853 0.00852691
6.46853 0.00852691
6.46853 0.00852691
6.46853 0.00852691
6.46853 0.00852691
6.46866 0.0086553
6.46866 0.00852691
6.46866 0.00852691
6.46866 0.00852691
6.46866 0.00852691
6.46866 0.00852691
6.47231 0.0722841
6.47284 0.0728213
6.47487 0.0748516
6.47535 0.0753266
6.47862 0.078601
6.47969 0.079667
6.48107 0.081044
6.48139 0.0813635
6.48233 0.0823051
6.48355 0.0835266
6.48514 0.0851412
6.48593 0.0859273
6.48631 0.0862892
6.48663 0.0866087
6.48844 0.00842772
6.48844 0.00842772
6.48844 0.00842772
6.48844 0.00842772
6.48844 0.00842772
6.48857 0.00855611
6.48857 0.00842772
6.48857 0.00842772
6.48857 0.00842772
6.48857 0.00842772
6.48857 0.00842772
6.48961 0.089584
6.49173 0.0917075
6.49323 0.093209
6.49545 0.0954258
6.49614 0.0961186
6.49646 0.0964381
6.49678 0.0967774
6.4971 0.0970828
6.49764 0.0976143
6.49886 0.0988359
6.49933 0.0993109
6.50024 0.100221
6.5006 0.100592
6.50172 0.1017
6.50291 0.102891
6.50448 0.104474
6.50501 0.104992
6.50555 0.105529
6.50736 0.107341
6.50821 0.10819
6.50884 0.00881928
6.50897 0.00862816
6.50897 0.00862816
6.50897 0.00862816
6.50897 0.00862816
6.50897 0.00849977
6.50897 0.00849977
6.5091 0.00862816
6.5091 0.00875655
6.5091 0.00875655
6.5091 0.00862816
6.5091 0.00862816
6.5091 0.00862816
6.5091 0.00849977
6.50955 0.109525
6.51198 0.111959
6.5123 0.012277
6.51303 0.113008
6.51335 0.113322
6.51366 0.113642
6.51366 0.113642
6.51398 0.113961
6.51589 0.115867
6.51705 0.117026
6.5179 0.117875
6.51822 0.0182072
6.519 0.018981
6.51932 0.1193
6.51964 0.0196404
6.52033 0.120312
6.52243 0.0224052
6.52312 0.0230953
6.52344 0.123417
6.52385 0.123829
6.5247 0.0246786
6.52595 0.12593
6.52689 0.126872
6.52746 0.0274411
6.52778 0.12776
6.52848 0.128453
6.5286 0.00859101
6.5286 0.00859101
6.5286 0.00859101
6.5286 0.00859101
6.5286 0.00846261
6.5286 0.00846261
6.52873 0.00859101
6.52873 0.00871939
6.52873 0.00871939
6.52873 0.00859101
6.52873 0.00859101
6.52873 0.00859101
6.52873 0.00859101
6.52958 0.129562
6.53127 0.13125
6.53237 0.0323449
6.53499 0.0349688
6.53531 0.0352883
6.53619 0.136167
6.53694 0.136922
6.5381 0.038082
6.53864 0.0386192
6.5417 0.0416759
6.54432 0.144296
6.54865 0.00862193
6.54865 0.00862193
6.54865 0.00862193
6.54896 0.00861744
6.54896 0.00861744
6.54896 0.00893695
6.54928 0.00861295
6.54928 0.00893246
6.54928 0.00861295
6.54959 0.00892796
6.54959 0.00860845
6.54959 0.00860845
6.55069 0.050664
6.55247 0.052448
6.55338 0.0533585
6.5537 0.0536754
6.55645 0.0564236
6.55705 0.0570231
6.56187 0.0618527
6.56359 0.0635719
6.56839 0.0683703
6.56852 0.00849354
6.56852 0.00849354
6.56852 0.00849354
6.56852 0.00849354
6.56852 0.00849354
6.56865 0.00862193
6.56865 0.00849354
6.56865 0.00849354
6.56865 0.00849354
6.56865 0.00849354
6.56865 0.00849354
6.5723 0.0722787
6.57287 0.0728471
6.57487 0.0748462
6.57537 0.0753523
6.57865 0.0786267
6.57968 0.0796616
6.58106 0.0810386
6.58138 0.0813582
6.58232 0.0822997
6.58354 0.0835213
6.58517 0.0851445
6.58596 0.0859306
6.58631 0.0862838
6.58663 0.0866033
6.58843 0.00842546
6.58843 0.00842546
6.58843 0.00842546
6.58843 0.00842546
6.58843 0.00842546
6.58856 0.00855384
6.58856 0.00842546
6.58856 0.00842546
6.58856 0.00842546
6.58856 0.00842546
6.58856 0.00842546
6.5896 0.0895786
6.59172 0.0917021
6.59326 0.0932347
6.59544 0.0954204
6.59614 0.0961132
6.59645 0.0964327
6.59677 0.0967496
6.59709 0.0970774
6.59763 0.097609
6.59885 0.0988305
6.59933 0.0993055
6.60024 0.100216
6.60062 0.100595
6.60172 0.101695
6.60294 0.102916
6.60447 0.104446
6.60501 0.104986
6.60555 0.105523
6.60739 0.107367
6.60821 0.108184
6.60884 0.00881702
6.60897 0.0086259
6.60897 0.0086259
6.60897 0.0086259
6.60897 0.0086259
6.60897 0.00849751
6.60897 0.00849751
6.60909 0.0086259
6.60909 0.00875429
6.60909 0.00875429
6.60909 0.0086259
6.60909 0.0086259
6.60909 0.0086259
6.60909 0.00849751
6.60954 0.109519
6.61201 0.111985
6.61233 0.0123114
6.61302 0.113003
6.61334 0.113317
6.61366 0.113636
6.61366 0.113636
6.61398 0.113956
6.61588 0.115862
6.61704 0.117021
6.61789 0.117869
6.61821 0.0181829
6.61903 0.0190067
6.61903 0.119006
6.61963 0.0196214
6.62032 0.120298
6.62241 0.0223914
6.62314 0.0231212
6.62346 0.123434
6.62387 0.123847
6.62469 0.0246647
6.62597 0.125948
6.62691 0.126889
6.62748 0.0274584
6.6278 0.127777
6.62849 0.12847
6.62862 0.00861138
6.62862 0.00861138
6.62862 0.00861138
6.62862 0.00861138
6.62862 0.00848299
6.62862 0.00848299
6.62875 0.00861138
6.62875 0.00873977
6.62875 0.00873977
6.62875 0.00861138
6.62875 0.00861138
6.62875 0.00861138
6.62875 0.00861138
6.62957 0.129548
6.63126 0.131236
6.63236 0.0323397
6.63498 0.0349549
6.6353 0.0352745
6.63618 0.136153
6.63696 0.136939
6.63809 0.0380681
6.63866 0.0386365
6.64171 0.0416931
6.6443 0.144282
6.64863 0.0086112
6.64863 0.0086112
6.64863 0.0086112
6.64898 0.00863782
6.64898 0.00863782
6.64898 0.00895732
6.64929 0.00863332
6.64929 0.00895283
6.64929 0.00863332
6.64961 0.00894834
6.64961 0.00862883
6.64961 0.00862883
6.65067 0.0506588
6.65246 0.0524342
6.65337 0.0533447
6.65369 0.0536702
6.65646 0.0564409
6.65706 0.0570403
6.66189 0.0618699
6.66358 0.063558
6.66838 0.0683565
6.66851 0.00848281
6.66851 0.00848281
6.66851 0.00848281
6.66851 0.00848281
6.66851 0.00848281
6.66863 0.0086112
6.66863 0.00848281
6.66863 0.00848281
6.66863 0.00848281
6.66863 0.00848281
6.66863 0.00848281
6.67232 0.072296
6.67285 0.0728332
6.67488 0.0748634
6.67536 0.0753385
6.67863 0.0786129
6.67967 0.0796478
6.68108 0.0810559
6.6814 0.0813754
6.68231 0.0822859
6.68353 0.0835074
6.68515 0.0851393
6.68594 0.0859253
6.68629 0.08627
6.68664 0.0866206
6.68845 0.00844583
6.68845 0.00844583
6.68845 0.00844583
6.68845 0.00844583
6.68845 0.00844583
6.68858 0.00857422
6.68858 0.00844583
6.68858 0.00844583
6.68858 0.00844583
6.68858 0.00844583
6.68858 0.00844583
6.68962 0.0895959
6.69174 0.0917194
6.69324 0.0932209
6.69546 0.0954377
6.69615 0.0961305
6.69647 0.09645
6.69679 0.0967755
6.69711 0.0970947
6.69765 0.0976262
6.69884 0.0988166
6.69934 0.0993228
6.70022 0.100202
6.70061 0.10059
6.70173 0.101712
6.70292 0.102902
6.70446 0.104441
6.70502 0.105003
6.70556 0.105541
6.70737 0.107353
6.70822 0.108201
6.70882 0.00880629
6.70895 0.00861517
6.70895 0.00861517
6.70895 0.00861517
6.70895 0.00861517
6.70895 0.00848678
6.70895 0.00848678
6.70908 0.00861517
6.70908 0.00874356
6.70908 0.00874356
6.70908 0.00861517
6.70908 0.00861517
6.70908 0.00861517
6.70908 0.00848678
6.70953 0.109506
6.71199 0.111971
6.71231 0.0123062
6.713 0.112989
6.71332 0.113303
6.71364 0.113622
6.71364 0.113622
6.71396 0.113942
6.7159 0.115879
6.71706 0.117038
6.71791 0.117886
6.71823 0.0182122
6.71901 0.0189929
6.71933 0.119312
6.71965 0.0196419
6.72035 0.120324
6.72241 0.022386
6.7231 0.0230934
6.72342 0.123397
6.72386 0.123841
6.72471 0.0246904
6.72596 0.125942
6.72691 0.126884
6.72747 0.027453
6.72779 0.127772
6.72849 0.128464
6.72861 0.00860912
6.72861 0.00860912
6.72861 0.00860912
6.72861 0.00860912
6.72861 0.00848073
6.72861 0.00848073
6.72874 0.00860912
6.72874 0.00873751
6.72874 0.00873751
6.72874 0.00860912
6.72874 0.00860912
6.72874 0.00860912
6.72874 0.00860912
6.72956 0.129542
6.73125 0.13123
6.73235 0.032343
6.73497 0.0349496
6.73529 0.0352691
6.73617 0.136148
6.73696 0.136934
6.73811 0.0380938
6.73865 0.0386311
6.74171 0.0416877
6.7443 0.144277
6.74863 0.00860894
6.74863 0.00860894
6.74863 0.00860894
6.74897 0.00863555
6.74897 0.00863555
6.74897 0.00895506
6.74929 0.00863106
6.74929 0.00895057
6.74929 0.00863106
6.7496 0.00894607
6.7496 0.00862657
6.7496 0.00862657
6.75067 0.050662
6.75248 0.0524599
6.75339 0.0533704
6.75371 0.0537045
6.75646 0.0564355
6.75706 0.057035
6.76189 0.0618646
6.76357 0.0635526
6.76837 0.0683511
6.7685 0.00848055
6.7685 0.00848055
6.7685 0.00848055
6.7685 0.00848055
6.7685 0.00848055
6.76863 0.00860894
6.76863 0.00848055
6.76863 0.00848055
6.76863 0.00848055
6.76863 0.00848055
6.76863 0.00848055
6.77231 0.0722906
6.77285 0.0728278
6.77488 0.0748581
6.77535 0.0753331
6.77863 0.0786075
6.77966 0.0796424
6.78107 0.0810505
6.78139 0.08137
6.7823 0.0822805
6.78355 0.0835331
6.78515 0.0851425
6.78593 0.0859286
6.78632 0.0862957
6.78664 0.0866152
6.78844 0.00844357
6.78844 0.00844357
6.78844 0.00844357
6.78844 0.00844357
6.78844 0.00844357
6.78857 0.00857196
6.78857 0.00844357
6.78857 0.00844357
6.78857 0.00844357
6.78857 0.00844357
6.78857 0.00844357
6.78961 0.0895905
6.79173 0.091714
6.79324 0.0932155
6.79545 0.0954323
6.79611 0.096094
6.79643 0.0964135
6.79675 0.0967476
6.79707 0.0970582
6.79764 0.0976208
6.79886 0.0988424
6.79934 0.0993174
6.80022 0.100197
6.8006 0.100593
6.80173 0.101707
6.80292 0.102897
6.80445 0.104444
6.80502 0.104998
6.80556 0.105535
6.80737 0.107348
6.80822 0.108196
6.80882 0.00880402
6.80894 0.00861291
6.80894 0.00861291
6.80894 0.00861291
6.80894 0.00861291
6.80894 0.00848452
6.80894 0.00848452
6.80907 0.00861291
6.80907 0.0087413
6.80907 0.0087413
6.80907 0.00861291
6.80907 0.00861291
6.80907 0.00861291
6.80907 0.00848452
6.80952 0.1095
6.81199 0.111966
6.81231 0.0122783
6.81303 0.113015
6.81335 0.113329
6.81367 0.113648
6.81367 0.113648
6.81399 0.113968
6.81589 0.115874
6.81705 0.117033
6.8179 0.117881
6.81822 0.0182189
6.81901 0.0189875
6.81933 0.119306
6.81965 0.0196314
6.82034 0.120318
6.82243 0.0224117
6.82312 0.0230966
6.82344 0.123423
6.82386 0.123836
6.8247 0.0246851
6.82596 0.125937
6.8269 0.126878
6.82747 0.0274476
6.82779 0.127766
6.82848 0.128459
6.82861 0.00860685
6.82861 0.00860685
6.82861 0.00860685
6.82861 0.00860685
6.82861 0.00847846
6.82861 0.00847846
6.82874 0.00860685
6.82874 0.00873524
6.82874 0.00873524
6.82874 0.00860685
6.82874 0.00860685
6.82874 0.00860685
6.82874 0.00860685
6.82956 0.129537
6.83128 0.131256
6.83237 0.0323463
6.835 0.0349753
6.83531 0.0352948
6.83616 0.136142
6.83695 0.136928
6.83811 0.0380885
6.83865 0.0386257
6.8417 0.0416824
6.84429 0.144272
6.84865 0.00863778
6.84865 0.00863778
6.84865 0.00863778
6.84897 0.00863329
6.84897 0.00863329
6.84897 0.0089528
6.84928 0.0086288
6.84928 0.0089483
6.84928 0.0086288
6.8496 0.00894381
6.8496 0.0086243
6.8496 0.0086243
6.85069 0.0506653
6.85247 0.0524545
6.85338 0.053365
6.8537 0.0536767
6.85645 0.0564301
6.85705 0.0570296
6.86188 0.0618592
6.8636 0.0635784
6.86837 0.0683457
6.86849 0.00847829
6.86849 0.00847829
6.86849 0.00847829
6.86849 0.00847829
6.86849 0.00847829
6.86862 0.00860667
6.86862 0.00847829
6.86862 0.00847829
6.86862 0.00847829
6.86862 0.00847829
6.86862 0.00847829
6.87231 0.0722852
6.87284 0.0728225
6.87487 0.0748527
6.87535 0.0753277
6.87862 0.0786021
6.87969 0.0796681
6.88106 0.0810452
6.88138 0.0813647
6.88233 0.0823062
6.88355 0.0835278
6.88517 0.0851458
6.88596 0.0859319
6.88631 0.0862903
6.88663 0.0866098
6.88847 0.0084413
6.88847 0.0084413
6.88847 0.0084413
6.88847 0.0084413
6.88847 0.0084413
6.8886 0.00856969
6.8886 0.0084413
6.8886 0.0084413
6.8886 0.0084413
6.8886 0.0084413
6.8886 0.0084413
6.8896 0.0895851
6.89173 0.0917086
6.89323 0.0932101
6.89545 0.0954269
6.89614 0.0961197
6.89646 0.0964392
6.89678 0.0967509
6.8971 0.0970839
6.89764 0.0976155
6.89886 0.098837
6.89933 0.099312
6.90024 0.100222
6.90062 0.100596
6.90172 0.101701
6.90291 0.102892
6.90448 0.104448
6.90501 0.104993
6.90555 0.10553
6.90739 0.107373
6.90821 0.108191
6.90881 0.00880176
6.90894 0.00861064
6.90894 0.00861064
6.90894 0.00861064
6.90894 0.00861064
6.90894 0.00848225
6.90894 0.00848225
6.90907 0.00861064
6.90907 0.00873903
6.90907 0.00873903
6.90907 0.00861064
6.90907 0.00861064
6.90907 0.00861064
6.90907 0.00848225
6.90951 0.109495
6.91198 0.11196
6.9123 0.0122816
6.91302 0.11301
6.91334 0.113323
6.91366 0.113643
6.91366 0.113643
6.91398 0.113962
6.91589 0.115868
6.91705 0.117027
6.9179 0.117876
6.91822 0.0181946
6.919 0.0189821
6.91932 0.119301
6.91964 0.0196208
6.92033 0.120313
6.92243 0.0224063
6.92312 0.0230999
6.92344 0.123418
6.92385 0.123831
6.9247 0.0246797
6.92595 0.125931
6.92689 0.126873
6.92746 0.0274422
6.92778 0.127761
6.92847 0.128454
6.9286 0.00857349
6.9286 0.00857349
6.9286 0.00857349
6.9286 0.00857349
6.9286 0.0084451
6.9286 0.0084451
6.92873 0.00857349
6.92873 0.00870188
6.92873 0.00870188
6.92873 0.00857349
6.92873 0.00857349
6.92873 0.00857349
6.92873 0.00857349
6.92958 0.129563
6.93127 0.131251
6.93237 0.0323495
6.93499 0.0349699
6.93531 0.0352894
6.93619 0.136168
6.93694 0.136923
6.9381 0.0380831
6.93864 0.0386203
6.9417 0.041677
6.94432 0.144297
6.94864 0.00863552
6.94864 0.00863552
6.94864 0.00863552
6.94896 0.00863103
6.94896 0.00863103
6.94896 0.00895053
6.94927 0.00862653
6.94927 0.00894604
6.94927 0.00862653
6.94959 0.00894155
6.94959 0.00862204
6.94959 0.00862204
6.95069 0.0506686
6.95247 0.0524492
6.95338 0.0533596
6.9537 0.05368
6.95644 0.0564248
6.95704 0.0570242
6.96187 0.0618538
6.96359 0.063573
6.96839 0.0683715
6.96852 0.00850713
6.96852 0.00850713
6.96852 0.00850713
6.96852 0.00850713
6.96852 0.00850713
6.96865 0.00863552
6.96865 0.00850713
6.96865 0.00850713
6.96865 0.00850713
6.96865 0.00850713
6.96865 0.00850713
6.9723 0.0722799
6.97287 0.0728482
6.9749 0.0748784
6.97534 0.0753223
6.97865 0.0786278
6.97968 0.0796627
6.98106 0.0810398
6.98138 0.0813593
6.98232 0.0823009
6.98354 0.0835224
6.98517 0.0851491
6.98595 0.0859351
6.9863 0.0862849
6.98662 0.0866045
6.98846 0.00843904
6.98846 0.00843904
6.98846 0.00843904
6.98846 0.00843904
6.98846 0.00843904
6.98859 0.00856743
6.98859 0.00843904
6.98859 0.00843904
6.98859 0.00843904
6.98859 0.00843904
6.98859 0.00843904
6.9896 0.0895797
6.99172 0.0917033
6.99325 0.0932358
6.99544 0.0954216
6.99613 0.0961143
6.99645 0.0964338
6.99677 0.0967541
6.99709 0.0970786
6.99763 0.0976101
6.99885 0.0988316
6.99936 0.0993377
7.00024 0.100217
7.00062 0.1006
7.00171 0.101696
7.00294 0.102917
7.00447 0.104451
7.00501 0.104993
7.00555 0.10553
7.00736 0.107343
7.00821 0.108191
7.00881 0.00880544
7.00894 0.00861433
7.00894 0.00861433
7.00894 0.00861433
7.00894 0.00861433
7.00894 0.00848594
7.00894 0.00848594
7.00907 0.00861433
7.00907 0.00874271
7.00907 0.00874271
7.00907 0.00861433
7.00907 0.00861433
7.00907 0.00861433
7.00907 0.00848594
7.00951 0.109495
7.01201 0.111992
7.01233 0.0123219
7.01302 0.11301
7.01334 0.113324
7.01366 0.113643
7.01366 0.113643
7.01398 0.113963
7.01589 0.115869
7.01705 0.117028
7.01793 0.117907
7.01825 0.0182383
7.01903 0.0190138
7.01903 0.119013
7.01966 0.0196388
7.02032 0.120305
7.02242 0.0223984
7.02311 0.0231006
7.02343 0.12341
7.02387 0.123854
7.02472 0.0247029
7.02594 0.125924
7.02692 0.126896
7.02748 0.0274654
7.0278 0.127784
7.0285 0.128477
7.02862 0.00859981
7.02862 0.00859981
7.02862 0.00859981
7.02862 0.00859981
7.02862 0.00847141
7.02862 0.00847141
7.02875 0.00859981
7.02875 0.00872819
7.02875 0.00872819
7.02875 0.00859981
7.02875 0.00859981
7.02875 0.00859981
7.02875 0.00859981
7.02957 0.129555
7.03126 0.131243
7.03236 0.0323503
7.03498 0.034962
7.0353 0.0352815
7.03618 0.13616
7.03697 0.136946
7.03812 0.0381063
7.03866 0.0386435
7.04172 0.0417002
7.04431 0.144289
7.04864 0.00863073
7.04864 0.00863073
7.04864 0.00863073
7.04895 0.00862624
7.04895 0.00862624
7.04895 0.00894575
7.04927 0.00862175
7.04927 0.00894126
7.04927 0.00862175
7.04961 0.00896787
7.04961 0.00864836
7.04961 0.00864836
7.05068 0.0506693
7.05249 0.0524724
7.0534 0.0533828
7.05372 0.0537118
7.05647 0.056448
7.05707 0.0570474
7.0619 0.061877
7.06361 0.0635962
7.06841 0.0683947
7.06854 0.00853345
7.06854 0.00853345
7.06854 0.00853345
7.06854 0.00853345
7.06854 0.00853345
7.06867 0.00866183
7.06867 0.00853345
7.06867 0.00853345
7.06867 0.00853345
7.06867 0.00853345
7.06867 0.00853345
7.07229 0.072272
7.07286 0.0728403
7.07489 0.0748705
7.07536 0.0753455
7.07864 0.0786199
7.0797 0.0796859
7.08105 0.0810319
7.08137 0.0813514
7.08231 0.082293
7.08353 0.0835145
7.08516 0.0851498
7.08594 0.0859359
7.0863 0.086277
7.08661 0.0865966
7.08845 0.00843425
7.08845 0.00843425
7.08845 0.00843425
7.08845 0.00843425
7.08845 0.00843425
7.08858 0.00856265
7.08858 0.00843425
7.08858 0.00843425
7.08858 0.00843425
7.08858 0.00843425
7.08858 0.00843425
7.08962 0.0896029
7.09171 0.0916954
7.09328 0.093259
7.09546 0.0954448
7.09612 0.0961064
7.09644 0.0964259
7.09676 0.0967549
7.09708 0.0970707
7.09765 0.0976333
7.09887 0.0988548
7.09935 0.0993298
7.10026 0.10024
7.10061 0.1006
7.10174 0.101719
7.10293 0.10291
7.10446 0.104452
7.10506 0.105042
7.10557 0.105548
7.10738 0.10736
7.10823 0.108208
7.10883 0.00882582
7.10895 0.0086347
7.10895 0.0086347
7.10895 0.0086347
7.10895 0.0086347
7.10895 0.00850631
7.10895 0.00850631
7.10908 0.0086347
7.10908 0.00876309
7.10908 0.00876309
7.10908 0.0086347
7.10908 0.0086347
7.10908 0.0086347
7.1095 0.109478
7.11199 0.111974
7.11231 0.0122816
7.113 0.112992
7.11332 0.113306
7.11364 0.113626
7.11396 0.113945
7.11396 0.113945
7.1159 0.115882
7.11706 0.117041
7.11794 0.117921
7.11826 0.0182326
7.11901 0.018996
7.11933 0.119315
7.11965 0.0196243
7.12035 0.120327
7.12244 0.0224202
7.12316 0.023131
7.12348 0.123463
7.12386 0.123844
7.12471 0.0246935
7.12596 0.125945
7.12687 0.126856
7.12747 0.0274561
7.12779 0.127775
7.12849 0.128468
7.12861 0.00859754
7.12861 0.00859754
7.12861 0.00859754
7.12861 0.00859754
7.12861 0.00846915
7.12861 0.00846915
7.12874 0.00859754
7.12874 0.00872593
7.12874 0.00872593
7.12874 0.00859754
7.12874 0.00859754
7.12874 0.00859754
7.12874 0.00859754
7.12956 0.129545
7.13125 0.131234
7.13238 0.0323496
7.135 0.0349838
7.13532 0.0353033
7.1362 0.136182
7.13699 0.136968
7.13811 0.0380969
7.13865 0.0386342
7.14171 0.0416908
7.14433 0.144311
7.14866 0.00862847
7.14866 0.00862847
7.14866 0.00862847
7.14897 0.00862398
7.14897 0.00862398
7.14897 0.00894348
7.14932 0.00865059
7.14932 0.0089701
7.14932 0.00865059
7.14963 0.0089656
7.14963 0.0086461
7.14963 0.0086461
7.1507 0.0506686
7.15248 0.052463
7.15339 0.0533735
7.15371 0.05368
7.15646 0.0564386
7.15702 0.057007
7.16188 0.0618677
7.1636 0.0635868
7.1684 0.0683853
7.16853 0.00850008
7.16853 0.00850008
7.16853 0.00850008
7.16853 0.00850008
7.16853 0.00850008
7.16866 0.00862847
7.16866 0.00850008
7.16866 0.00850008
7.16866 0.00850008
7.16866 0.00850008
7.16866 0.00850008
7.17228 0.0722626
7.17285 0.0728309
7.17491 0.0748923
7.17532 0.0753051
7.17863 0.0786106
7.17969 0.0796766
7.18107 0.0810536
7.18139 0.0813731
7.18233 0.0823147
7.18355 0.0835362
7.18518 0.0851491
7.18597 0.0859352
7.18629 0.0862677
7.1866 0.0865872
7.18844 0.00843199
7.18844 0.00843199
7.18844 0.00843199
7.18844 0.00843199
7.18844 0.00843199
7.18857 0.00856038
7.18857 0.00843199
7.18857 0.00843199
7.18857 0.00843199
7.18857 0.00843199
7.18857 0.00843199
7.18961 0.0895936
7.1917 0.091686
7.19327 0.0932497
7.19545 0.0954354
7.19611 0.0960971
7.19643 0.0964166
7.19675 0.0967231
7.19707 0.0970613
7.19761 0.0975928
7.19889 0.0988766
7.19934 0.0993205
7.20028 0.100262
7.2006 0.100569
7.2017 0.101679
7.20292 0.1029
7.20448 0.104451
7.20505 0.105032
7.20559 0.105569
7.20734 0.10732
7.20822 0.108199
7.20885 0.00882355
7.20898 0.00863244
7.20898 0.00863244
7.20898 0.00863244
7.20898 0.00863244
7.20898 0.00850405
7.20898 0.00850405
7.2091 0.00863244
7.2091 0.00876083
7.2091 0.00876083
7.2091 0.00863244
7.2091 0.00863244
7.2091 0.00863244
7.20949 0.109468
7.21198 0.111965
7.2123 0.0122809
7.21303 0.113014
7.21335 0.113328
7.21366 0.113647
7.21366 0.113647
7.21398 0.113967
7.21589 0.115873
7.21705 0.117032
7.21793 0.117911
7.21825 0.0182354
7.219 0.0189866
7.21932 0.119305
7.21964 0.0196409
7.22033 0.120318
7.22243 0.0224108
7.22315 0.0231303
7.22347 0.123453
7.22385 0.123835
7.2247 0.0246842
7.22592 0.125905
7.22689 0.126878
7.22746 0.0274467
7.22778 0.127765
7.22848 0.128458
7.2286 0.00859528
7.2286 0.00859528
7.2286 0.00859528
7.2286 0.00859528
7.2286 0.00846689
7.2286 0.00846689
7.22873 0.00859528
7.22873 0.00872367
7.22873 0.00872367
7.22873 0.00859528
7.22873 0.00859528
7.22873 0.00859528
7.22873 0.00859528
7.22955 0.129536
7.23124 0.131224
7.23237 0.0323489
7.23499 0.0349744
7.23531 0.0352939
7.23619 0.136172
7.23698 0.136959
7.2381 0.0380876
7.23867 0.0386559
7.2417 0.0416815
7.24429 0.144271
7.24865 0.00862621
7.24865 0.00862621
7.24865 0.00862621
7.24896 0.00862172
7.24896 0.00862172
7.24896 0.00894122
7.24931 0.00864833
7.24931 0.00896783
7.24931 0.00864833
7.24962 0.00896334
7.24962 0.00864383
7.24962 0.00864383
7.25069 0.0506679
7.25247 0.0524537
7.25338 0.0533641
7.2537 0.0536793
7.25645 0.0564293
7.25705 0.0570287
7.26187 0.0618583
7.26359 0.0635775
7.26839 0.068376
7.26852 0.00849782
7.26852 0.00849782
7.26852 0.00849782
7.26852 0.00849782
7.26852 0.00849782
7.26865 0.0086262
7.26865 0.00849782
7.26865 0.00849782
7.26865 0.00849782
7.26865 0.00849782
7.26865 0.00849782
7.2723 0.0722844
7.27284 0.0728216
7.2749 0.0748829
7.27534 0.0753268
7.27862 0.0786012
7.27968 0.0796672
7.28106 0.0810443
7.28138 0.0813638
7.28232 0.0823054
7.28354 0.0835269
7.28517 0.0851484
7.28596 0.0859345
7.28627 0.0862583
7.28663 0.086609
7.28843 0.00842973
7.28843 0.00842973
7.28843 0.00842973
7.28843 0.00842973
7.28843 0.00842973
7.28856 0.00855812
7.28856 0.00842973
7.28856 0.00842973
7.28856 0.00842973
7.28856 0.00842973
7.28856 0.00842973
7.28963 0.0896153
7.29172 0.0917078
7.29329 0.0932714
7.29547 0.0954572
7.2961 0.0960877
7.29642 0.0964072
7.29674 0.0967224
7.29706 0.097052
7.29763 0.0976146
7.29888 0.0988672
7.29933 0.0993111
7.30027 0.100253
7.30062 0.100599
7.30169 0.101669
7.30291 0.102891
7.30447 0.10445
7.30507 0.105054
7.30558 0.10556
7.30736 0.107341
7.30821 0.10819
7.30884 0.00882129
7.30897 0.00863017
7.30897 0.00863017
7.30897 0.00863017
7.30897 0.00863017
7.30897 0.00850178
7.30897 0.00850178
7.30909 0.00863017
7.30909 0.00875856
7.30909 0.00875856
7.30909 0.00863017
7.30909 0.00863017
7.30909 0.00863017
7.30951 0.10949
7.31197 0.111956
7.31229 0.0122802
7.31302 0.113005
7.31333 0.113318
7.31365 0.113638
7.31365 0.113638
7.31397 0.113957
7.31588 0.115863
7.31704 0.117023
7.31795 0.117933
7.31827 0.0182381
7.31899 0.0189773
7.31931 0.119296
7.31963 0.0196263
7.32032 0.120308
7.32245 0.0224326
7.32314 0.0231296
7.32346 0.123444
7.32384 0.123826
7.32472 0.0247059
7.32594 0.125927
7.32688 0.126868
7.32745 0.0274374
7.32777 0.127756
7.32847 0.128449
7.32859 0.00859302
7.32859 0.00859302
7.32859 0.00859302
7.32859 0.00859302
7.32859 0.00846463
7.32859 0.00846463
7.32872 0.00859302
7.32872 0.00872141
7.32872 0.00872141
7.32872 0.00859302
7.32872 0.00859302
7.32872 0.00859302
7.32872 0.00859302
7.32957 0.129558
7.33126 0.131246
7.33236 0.0323481
7.33498 0.0349651
7.3353 0.0352846
7.33621 0.136194
7.33697 0.136949
7.33809 0.0380782
7.33866 0.0386466
7.34169 0.0416721
7.34428 0.144261
7.34864 0.00862394
7.34864 0.00862394
7.34864 0.00862394
7.34898 0.00865056
7.34898 0.00865056
7.34898 0.00897006
7.3493 0.00864606
7.3493 0.00896557
7.3493 0.00864606
7.34961 0.00896108
7.34961 0.00864157
7.34961 0.00864157
7.35068 0.0506672
7.35246 0.0524443
7.3534 0.0533859
7.35372 0.0537097
7.35647 0.056451
7.35704 0.0570194
7.36186 0.0618489
7.36358 0.0635681
7.36841 0.0683977
7.36854 0.00852666
7.36854 0.00852666
7.36854 0.00852666
7.36854 0.00852666
7.36854 0.00852666
7.36867 0.00865505
7.36867 0.00852666
7.36867 0.00852666
7.36867 0.00852666
7.36867 0.00852666
7.36867 0.00852666
7.37229 0.072275
7.37283 0.0728122
7.37489 0.0748736
7.37533 0.0753175
7.37861 0.0785919
7.3797 0.079689
7.38105 0.0810349
7.38137 0.0813544
7.38231 0.082296
7.38356 0.0835487
7.38516 0.0851477
7.38595 0.0859338
7.3863 0.0862801
7.38662 0.0865996
7.38849 0.00845857
7.38849 0.00845857
7.38849 0.00845857
7.38849 0.00845857
7.38849 0.00845857
7.38861 0.00858696
7.38861 0.00845857
7.38861 0.00845857
7.38861 0.00845857
7.38861 0.00845857
7.38861 0.00845857
7.38962 0.089606
7.39171 0.0916984
7.39328 0.0932621
7.39546 0.0954478
7.39613 0.0961095
7.39644 0.096429
7.39676 0.0967528
7.39708 0.0970737
7.39762 0.0976052
7.39887 0.0988579
7.39935 0.0993329
7.40026 0.100243
7.40061 0.100598
7.40171 0.101691
7.4029 0.102882
7.40446 0.104449
7.40506 0.105045
7.4056 0.105582
7.40735 0.107332
7.4082 0.10818
7.40883 0.00881903
7.40896 0.00862791
7.40896 0.00862791
7.40896 0.00862791
7.40896 0.00862791
7.40896 0.00849952
7.40896 0.00849952
7.40908 0.00862791
7.40908 0.0087563
7.40908 0.0087563
7.40908 0.00862791
7.40908 0.00862791
7.40908 0.00862791
7.4095 0.109481
7.41199 0.111977
7.41231 0.0123106
7.41301 0.112995
7.41332 0.113309
7.41364 0.113629
7.41396 0.113948
7.41396 0.113948
7.41587 0.115854
7.41706 0.117044
7.41794 0.117924
7.41826 0.0182409
7.41901 0.018999
7.41901 0.118998
7.41964 0.0196345
7.42034 0.120322
7.42243 0.0224148
7.42312 0.0231204
7.42344 0.123426
7.42385 0.123839
7.4247 0.0246881
7.42592 0.125909
7.4269 0.126882
7.42747 0.0274507
7.42779 0.127769
7.42848 0.128462
7.42861 0.00858229
7.42861 0.00858229
7.42861 0.00858229
7.42861 0.00858229
7.42861 0.0084539
7.42861 0.0084539
7.42873 0.00858229
7.42873 0.00871068
7.42873 0.00871068
7.42873 0.00858229
7.42873 0.00858229
7.42873 0.00858229
7.42873 0.00858229
7.42956 0.12954
7.43124 0.131228
7.43237 0.0323701
7.43499 0.0349784
7.43531 0.0352979
7.43619 0.136176
7.43698 0.136962
7.43811 0.0380915
7.43867 0.0386599
7.4417 0.0416854
7.44429 0.144275
7.44865 0.00864432
7.44865 0.00864432
7.44865 0.00864432
7.44896 0.00863983
7.44896 0.00863983
7.44896 0.00895933
7.44928 0.00863533
7.44928 0.00895484
7.44928 0.00863533
7.44959 0.00895035
7.44959 0.00863084
7.44959 0.00863084
7.45066 0.050658
7.45247 0.0524576
7.45338 0.0533681
7.4537 0.0537005
7.45645 0.0564332
7.45705 0.0570326
7.46188 0.0618622
7.4636 0.0635814
7.46839 0.0683799
7.46852 0.00851593
7.46852 0.00851593
7.46852 0.00851593
7.46852 0.00851593
7.46852 0.00851593
7.46865 0.00864432
7.46865 0.00851593
7.46865 0.00851593
7.46865 0.00851593
7.46865 0.00851593
7.46865 0.00851593
7.47227 0.0722572
7.47284 0.0728255
7.4749 0.0748869
7.47535 0.0753308
7.47862 0.0786052
7.47969 0.0796712
7.48106 0.0810482
7.48138 0.0813677
7.48232 0.0823093
7.48355 0.0835308
7.48514 0.0851385
7.48593 0.0859246
7.48628 0.0862623
7.4866 0.0865818
7.48847 0.00844784
7.48847 0.00844784
7.48847 0.00844784
7.48847 0.00844784
7.48847 0.00844784
7.4886 0.00857623
7.4886 0.00844784
7.4886 0.00844784
7.4886 0.00844784
7.4886 0.00844784
7.4886 0.00844784
7.48963 0.0896193
7.49173 0.0917117
7.49329 0.0932754
7.49548 0.0954611
7.49611 0.0960917
7.49643 0.0964112
7.49675 0.0967436
7.49707 0.0970559
7.49763 0.0976185
7.49889 0.0988711
7.49933 0.0993151
7.50027 0.100257
7.50059 0.100589
7.50169 0.101673
7.50291 0.102895
7.50444 0.10444
7.50507 0.105058
7.50558 0.105564
7.50736 0.107345
7.50821 0.108194
7.50887 0.0088394
7.509 0.00864828
7.509 0.00864828
7.509 0.00864828
7.509 0.00864828
7.509 0.00851989
7.509 0.00851989
7.50913 0.00864828
7.50913 0.00877667
7.50913 0.00877667
7.50913 0.00864828
7.50913 0.00864828
7.50913 0.00864828
7.50951 0.109494
7.51197 0.11196
7.51229 0.0122703
7.51302 0.113009
7.51334 0.113322
7.51366 0.113642
7.51366 0.113642
7.51398 0.113961
7.51588 0.115867
7.51704 0.117027
7.51792 0.117906
7.51824 0.0182352
7.519 0.0189812
7.51931 0.1193
7.51963 0.0196199
7.52033 0.120312
7.52245 0.0224365
7.52314 0.0231197
7.52346 0.123448
7.52384 0.12383
7.52469 0.0246788
7.52595 0.125931
7.52689 0.126872
7.52746 0.0274413
7.52777 0.12776
7.52847 0.128453
7.5286 0.00858002
7.5286 0.00858002
7.5286 0.00858002
7.5286 0.00858002
7.5286 0.00845163
7.5286 0.00845163
7.52872 0.00858002
7.52872 0.00870841
7.52872 0.00870841
7.52872 0.00858002
7.52872 0.00858002
7.52872 0.00858002
7.52872 0.00858002
7.52955 0.129531
7.53123 0.131219
7.53239 0.0323694
7.53498 0.034969
7.5353 0.0352885
7.53618 0.136167
7.53697 0.136953
7.5381 0.0380822
7.53866 0.0386505
7.54169 0.0416761
7.54431 0.144296
7.54867 0.00864206
7.54867 0.00864206
7.54867 0.00864206
7.54898 0.00863756
7.54898 0.00863756
7.54898 0.00895707
7.5493 0.00863307
7.5493 0.00895258
7.5493 0.00863307
7.54961 0.00894808
7.54961 0.00862858
7.54961 0.00862858
7.55068 0.0506573
7.55246 0.0524482
7.5534 0.0533898
7.55372 0.0536998
7.55644 0.0564239
7.55704 0.0570233
7.56187 0.0618529
7.56359 0.0635721
7.56838 0.0683706
7.56851 0.00848256
7.56851 0.00848256
7.56851 0.00848256
7.56851 0.00848256
7.56851 0.00848256
7.56864 0.00861095
7.56864 0.00848256
7.56864 0.00848256
7.56864 0.00848256
7.56864 0.00848256
7.56864 0.00848256
7.57229 0.0722789
7.57283 0.0728162
7.57489 0.0748775
7.57534 0.0753214
7.57861 0.0785958
7.57968 0.0796618
7.58105 0.0810389
7.58137 0.0813584
7.58231 0.0823
7.58354 0.0835215
7.58516 0.0851378
7.58595 0.0859239
7.5863 0.086284
7.58662 0.0866035
7.58846 0.00844558
7.58846 0.00844558
7.58846 0.00844558
7.58846 0.00844558
7.58846 0.00844558
7.58859 0.00857397
7.58859 0.00844558
7.58859 0.00844558
7.58859 0.00844558
7.58859 0.00844558
7.58859 0.00844558
7.58962 0.0896099
7.59172 0.0917024
7.59328 0.093266
7.59547 0.0954518
7.5961 0.0960823
7.59642 0.0964018
7.59674 0.0967118
7.59705 0.0970465
7.59762 0.0976092
7.59888 0.0988618
7.59932 0.0993057
7.60026 0.100247
7.60061 0.100588
7.60171 0.101695
7.6029 0.102885
7.60449 0.104471
7.60506 0.105049
7.60557 0.105555
7.60735 0.107336
7.6082 0.108184
7.60886 0.00883714
7.60899 0.00864602
7.60899 0.00864602
7.60899 0.00864602
7.60899 0.00864602
7.60899 0.00851763
7.60899 0.00851763
7.60912 0.00864602
7.60912 0.00877441
7.60912 0.00877441
7.60912 0.00864602
7.60912 0.00864602
7.60912 0.00864602
7.6095 0.109485
7.61196 0.11195
7.61228 0.0122696
7.61301 0.112999
7.61333 0.113313
7.61365 0.113633
7.61397 0.113952
7.61397 0.113952
7.61587 0.115858
7.61703 0.117017
7.61794 0.117928
7.61826 0.0182379
7.61902 0.019003
7.61902 0.119002
7.61965 0.019628
7.62034 0.120325
7.62243 0.0224187
7.62316 0.0231417
7.62348 0.123461
7.62383 0.123812
7.62471 0.0246921
7.62593 0.125913
7.6269 0.126885
7.62747 0.0274546
7.62779 0.127773
7.62848 0.128466
7.62861 0.0086004
7.62861 0.0086004
7.62861 0.0086004
7.62861 0.0086004
7.62861 0.00847201
7.62861 0.00847201
7.62874 0.0086004
7.62874 0.00872879
7.62874 0.00872879
7.62874 0.0086004
7.62874 0.0086004
7.62874 0.0086004
7.62874 0.0086004
7.62956 0.129544
7.63125 0.131232
7.63237 0.0323602
7.635 0.0349823
7.63532 0.0353018
7.63619 0.13618
7.63698 0.136966
7.63811 0.0380955
7.63865 0.0386327
7.6417 0.0416894
7.64429 0.144279
7.64865 0.00863133
7.64865 0.00863133
7.64865 0.00863133
7.64897 0.00862683
7.64897 0.00862683
7.64897 0.00894634
7.64928 0.00862234
7.64928 0.00894185
7.64928 0.00862234
7.64963 0.00896846
7.64963 0.00864895
7.64963 0.00864895
7.65069 0.0506792
7.65247 0.0524615
7.65339 0.053372
7.6537 0.0536906
7.65645 0.0564371
7.65702 0.0570055
7.66188 0.0618662
7.6636 0.0635854
7.6684 0.0683838
7.66853 0.00850293
7.66853 0.00850293
7.66853 0.00850293
7.66853 0.00850293
7.66853 0.00850293
7.66865 0.00863132
7.66865 0.00850293
7.66865 0.00850293
7.66865 0.00850293
7.66865 0.00850293
7.66865 0.00850293
7.67227 0.0722611
7.67284 0.0728295
7.67487 0.0748597
7.67535 0.0753347
7.67862 0.0786091
7.67969 0.0796751
7.68107 0.0810522
7.68138 0.0813717
7.68233 0.0823132
7.68355 0.0835348
7.68514 0.0851286
7.68593 0.0859147
7.68628 0.0862662
7.6866 0.0865857
7.68844 0.00843485
7.68844 0.00843485
7.68844 0.00843485
7.68844 0.00843485
7.68844 0.00843485
7.68857 0.00856324
7.68857 0.00843485
7.68857 0.00843485
7.68857 0.00843485
7.68857 0.00843485
7.68857 0.00843485
7.68961 0.0895921
7.69173 0.0917156
7.69326 0.0932482
7.69545 0.0954339
7.69611 0.0960956
7.69643 0.0964151
7.69675 0.0967337
7.69707 0.0970598
7.6976 0.0975914
7.69889 0.0988751
7.69933 0.099319
7.70027 0.100261
7.70059 0.100579
7.70169 0.101677
7.70291 0.102899
7.70448 0.104461
7.70504 0.105031
7.70558 0.105568
7.70733 0.107318
7.70821 0.108198
7.70884 0.00882641
7.70897 0.00863529
7.70897 0.00863529
7.70897 0.00863529
7.70897 0.00863529
7.70897 0.0085069
7.70897 0.0085069
7.7091 0.00863529
7.7091 0.00876368
7.7091 0.00876368
7.7091 0.00863529
7.7091 0.00863529
7.7091 0.00863529
7.70948 0.109467
7.71198 0.111963
7.7123 0.0122915
7.71302 0.113013
7.71334 0.113326
7.71366 0.113646
7.71366 0.113646
7.71398 0.113965
7.71588 0.115871
7.71704 0.11703
7.71792 0.11791
7.71824 0.0182322
7.719 0.0189851
7.71932 0.119304
7.71964 0.0196135
7.72033 0.120316
7.72242 0.0224094
7.72315 0.0231409
7.72347 0.123452
7.72385 0.123834
7.7247 0.0246827
7.72592 0.125903
7.72689 0.126876
7.72746 0.0274453
7.72778 0.127764
7.72847 0.128457
7.7286 0.00859813
7.7286 0.00859813
7.7286 0.00859813
7.7286 0.00859813
7.7286 0.00846974
7.7286 0.00846974
7.72873 0.00859813
7.72873 0.00872652
7.72873 0.00872652
7.72873 0.00859813
7.72873 0.00859813
7.72873 0.00859813
7.72873 0.00859813
7.72955 0.129535
7.73124 0.131223
7.73236 0.0323595
7.73499 0.0349729
7.7353 0.0352925
7.73618 0.136171
7.73697 0.136957
7.7381 0.0380861
7.73867 0.0386544
7.74169 0.04168
7.74428 0.144269
7.74864 0.00862906
7.74864 0.00862906
7.74864 0.00862906
7.74896 0.00862457
7.74896 0.00862457
7.74896 0.00894408
7.74927 0.00862008
7.74927 0.00893958
7.74927 0.00862008
7.74962 0.00896619
7.74962 0.00864669
7.74962 0.00864669
7.75068 0.0506785
7.75246 0.0524522
7.75341 0.0533938
7.75373 0.053721
7.75644 0.0564278
7.75704 0.0570272
7.76187 0.0618568
7.76359 0.063576
7.76839 0.0683745
7.76852 0.00850067
7.76852 0.00850067
7.76852 0.00850067
7.76852 0.00850067
7.76852 0.00850067
7.76864 0.00862906
7.76864 0.00850067
7.76864 0.00850067
7.76864 0.00850067
7.76864 0.00850067
7.76864 0.00850067
7.7723 0.0722829
7.77283 0.0728201
7.77489 0.0748814
7.77534 0.0753254
7.77861 0.0785998
7.77968 0.0796658
7.78106 0.0810428
7.78137 0.0813623
7.78232 0.0823039
7.78354 0.0835254
7.78513 0.0851279
7.78592 0.085914
7.7863 0.086288
7.78662 0.0866075
7.78846 0.00843258
7.78846 0.00843258
7.78846 0.00843258
7.78846 0.00843258
7.78846 0.00843258
7.78859 0.00856097
7.78859 0.00843258
7.78859 0.00843258
7.78859 0.00843258
7.78859 0.00843258
7.78859 0.00843258
7.78963 0.0896138
7.79172 0.0917063
7.79328 0.09327
7.79547 0.0954557
7.7961 0.0960862
7.79642 0.0964058
7.79674 0.096733
7.79706 0.0970505
7.79763 0.0976131
7.79888 0.0988657
7.79932 0.0993097
7.80026 0.100251
7.80058 0.100578
7.80171 0.101699
7.8029 0.102889
7.80447 0.104461
7.80506 0.105052
7.80557 0.105559
7.80735 0.10734
7.8082 0.108188
7.80883 0.00882415
7.80896 0.00863303
7.80896 0.00863303
7.80896 0.00863303
7.80896 0.00863303
7.80896 0.00850464
7.80896 0.00850464
7.80909 0.00863303
7.80909 0.00876142
7.80909 0.00876142
7.80909 0.00863303
7.80909 0.00863303
7.80909 0.00863303
7.8095 0.109488
7.81197 0.111954
7.81229 0.0122597
7.81301 0.113003
7.81333 0.113317
7.81365 0.113637
7.81365 0.113637
7.81397 0.113956
7.81587 0.115862
7.81703 0.117021
7.81794 0.117932
7.81826 0.018235
7.81899 0.0189758
7.81931 0.119294
7.81966 0.0196301
7.82032 0.120307
7.82244 0.0224311
7.82317 0.0231402
7.82349 0.123474
7.82384 0.123824
7.82468 0.0246734
7.82594 0.125925
7.82688 0.126867
7.82745 0.0274359
7.82777 0.127755
7.82846 0.128447
7.82859 0.00856477
7.82859 0.00856477
7.82859 0.00856477
7.82859 0.00856477
7.82859 0.00843638
7.82859 0.00843638
7.82872 0.00856477
7.82872 0.00869316
7.82872 0.00869316
7.82872 0.00856477
7.82872 0.00856477
7.82872 0.00856477
7.82872 0.00856477
7.82957 0.129556
7.83126 0.131244
7.83239 0.0323588
7.83498 0.0349636
7.83529 0.0352831
7.83621 0.136193
7.83696 0.136948
7.83809 0.0380768
7.83866 0.0386451
7.84168 0.0416707
7.84427 0.14426
7.84863 0.0086268
7.84863 0.0086268
7.84863 0.0086268
7.84895 0.00862231
7.84895 0.00862231
7.84895 0.00894181
7.84929 0.00864892
7.84929 0.00896843
7.84929 0.00864892
7.84961 0.00896393
7.84961 0.00864443
7.84961 0.00864443
7.8507 0.0506778
7.85245 0.0524428
7.8534 0.0533844
7.85372 0.0536892
7.85646 0.0564495
7.85703 0.0570179
7.86186 0.0618475
7.86358 0.0635667
7.86838 0.0683651
7.86851 0.00849841
7.86851 0.00849841
7.86851 0.00849841
7.86851 0.00849841
7.86851 0.00849841
7.86863 0.0086268
7.86863 0.00849841
7.86863 0.00849841
7.86863 0.00849841
7.86863 0.00849841
7.86863 0.00849841
7.87229 0.0722735
7.87282 0.0728108
7.87488 0.0748721
7.87533 0.075316
7.8786 0.0785904
7.8797 0.0796875
7.88105 0.0810334
7.88136 0.081353
7.88234 0.0823256
7.88356 0.0835472
7.88515 0.0851272
7.88597 0.0859444
7.88629 0.0862786
7.88661 0.0865981
7.88845 0.00843032
7.88845 0.00843032
7.88845 0.00843032
7.88845 0.00843032
7.88845 0.00843032
7.88858 0.00855871
7.88858 0.00843032
7.88858 0.00843032
7.88858 0.00843032
7.88858 0.00843032
7.88858 0.00843032
7.88962 0.0896045
7.89171 0.0916969
7.89327 0.0932606
7.89546 0.0954463
7.89612 0.096108
7.89644 0.0964275
7.89676 0.0967323
7.89708 0.0970722
7.89762 0.0976038
7.89887 0.0988564
7.89934 0.0993314
7.90025 0.100242
7.9006 0.100578
7.9017 0.10169
7.90289 0.10288
7.90449 0.10446
7.90505 0.105043
7.90559 0.10558
7.90734 0.107331
7.90819 0.108179
7.90885 0.00882188
7.90898 0.00863077
7.90898 0.00863077
7.90898 0.00863077
7.90898 0.00863077
7.90898 0.00850237
7.90898 0.00850237
7.90911 0.00863077
7.90911 0.00875915
7.90911 0.00875915
7.90911 0.00863077
7.90911 0.00863077
7.90911 0.00863077
7.90949 0.109479
7.91199 0.111976
7.91231 0.0122901
7.913 0.112994
7.91332 0.113308
7.91364 0.113627
7.91396 0.113947
7.91396 0.113947
7.91586 0.115852
7.91705 0.117043
7.91793 0.117922
7.91825 0.0182377
7.91901 0.0189975
7.91901 0.118997
7.91964 0.0196382
7.92033 0.12032
7.92242 0.0224133
7.92315 0.0231311
7.92347 0.123456
7.92385 0.123838
7.9247 0.0246866
7.92592 0.125907
7.92689 0.12688
7.92746 0.0274492
7.92778 0.127768
7.92847 0.128461
7.9286 0.00858514
7.9286 0.00858514
7.9286 0.00858514
7.9286 0.00858514
7.9286 0.00845675
7.9286 0.00845675
7.92873 0.00858514
7.92873 0.00871353
7.92873 0.00871353
7.92873 0.00858514
7.92873 0.00858514
7.92873 0.00858514
7.92873 0.00858514
7.92955 0.129539
7.93124 0.131227
7.93237 0.0323496
7.93499 0.0349769
7.93531 0.0352964
7.93619 0.136175
7.93697 0.136961
7.9381 0.03809
7.93867 0.0386584
7.94169 0.0416839
7.94428 0.144273
7.94867 0.00864717
7.94867 0.00864717
7.94867 0.00864717
7.94899 0.00864268
7.94899 0.00864268
7.94899 0.00896219
7.9493 0.00863819
7.9493 0.00895769
7.9493 0.00863819
7.94962 0.0089532
7.94962 0.0086337
7.94962 0.0086337
7.95069 0.0506686
7.95247 0.0524561
7.95338 0.0533666
7.9537 0.05368
7.95644 0.0564317
7.95704 0.0570312
7.96187 0.0618608
7.96359 0.0635799
7.96839 0.0683784
7.96852 0.00848768
7.96852 0.00848768
7.96852 0.00848768
7.96852 0.00848768
7.96852 0.00848768
7.96865 0.00861607
7.96865 0.00848768
7.96865 0.00848768
7.96865 0.00848768
7.96865 0.00848768
7.96865 0.00848768
7.9723 0.0722868
7.97283 0.072824
7.9749 0.0748854
7.97534 0.0753293
7.97861 0.0786037
7.97968 0.0796697
7.98106 0.0810467
7.98138 0.0813662
7.98232 0.0823078
7.98354 0.0835294
7.98517 0.0851491
7.98595 0.0859352
7.98627 0.0862608
7.98659 0.0865803
7.98846 0.00845069
7.98846 0.00845069
7.98846 0.00845069
7.98846 0.00845069
7.98846 0.00845069
7.98859 0.00857909
7.98859 0.00845069
7.98859 0.00845069
7.98859 0.00845069
7.98859 0.00845069
7.98859 0.00845069
7.98963 0.0896178
7.99169 0.0916791
7.99328 0.0932739
7.99547 0.0954596
7.9961 0.0960902
7.99642 0.0964097
7.99674 0.0967231
7.99706 0.0970544
7.99763 0.097617
7.99888 0.0988697
7.99932 0.0993136
8.00027 0.100255
8.00059 0.100569
8.00168 0.101672
8.0029 0.102893
8.00447 0.104451
8.00507 0.105062
8.00558 0.105569
8.00736 0.10735
8.00821 0.108198
8.00887 0.0088483
8.009 0.00865719
8.009 0.00865719
8.009 0.00865719
8.009 0.00865719
8.009 0.0085288
8.009 0.0085288
8.00913 0.00865719
8.00913 0.00878558
8.00913 0.00878558
8.00913 0.00865719
8.00913 0.00865719
8.00913 0.00865719
8.00951 0.109498
8.01197 0.111964
8.01229 0.012287
8.01302 0.113013
8.01334 0.113327
8.01366 0.113646
8.01366 0.113646
8.01398 0.113966
8.01588 0.115872
8.01704 0.117031
8.01795 0.117942
8.01795 0.0179497
8.01902 0.0190084
8.01902 0.119008
8.01965 0.0196439
8.02034 0.120331
8.02243 0.0224242
8.02316 0.0231506
8.02348 0.123467
8.02383 0.123817
8.02471 0.0246975
8.02593 0.125918
8.0269 0.126891
8.02747 0.0274601
8.02779 0.127779
8.02848 0.128472
8.02861 0.0086031
8.02861 0.0086031
8.02861 0.0086031
8.02861 0.0086031
8.02861 0.00847471
8.02861 0.00847471
8.02874 0.0086031
8.02874 0.00873149
8.02874 0.00873149
8.02874 0.0086031
8.02874 0.0086031
8.02874 0.0086031
8.02874 0.0086031
8.02956 0.129549
8.03125 0.131238
8.03238 0.0323691
8.035 0.0349877
8.03532 0.0353073
8.0362 0.136186
8.03698 0.136972
8.03811 0.0381009
8.03868 0.0386693
8.0417 0.0416948
8.04429 0.144284
8.04865 0.00863403
8.04865 0.00863403
8.04865 0.00863403
8.049 0.00866064
8.049 0.00866064
8.049 0.00898014
8.04931 0.00865614
8.04931 0.00897565
8.04931 0.00865614
8.04963 0.00897116
8.04963 0.00865165
8.04963 0.00865165
8.0507 0.0506881
8.05248 0.052467
8.05339 0.0533775
8.05371 0.0536995
8.05645 0.0564426
8.05702 0.0570109
8.06188 0.0618716
8.0636 0.0635908
8.0684 0.0683893
8.06853 0.00850563
8.06853 0.00850563
8.06853 0.00850563
8.06853 0.00850563
8.06853 0.00850563
8.06866 0.00863402
8.06866 0.00850563
8.06866 0.00850563
8.06866 0.00850563
8.06866 0.00850563
8.06866 0.00850563
8.07228 0.0722666
8.07284 0.0728349
8.07488 0.0748651
8.07535 0.0753402
8.07862 0.0786146
8.07972 0.0797117
8.08107 0.0810576
8.08139 0.0813771
8.08233 0.0823187
8.08355 0.0835402
8.08514 0.0851375
8.08593 0.0859236
8.08628 0.0862717
8.0866 0.0865912
8.08847 0.00846865
8.08847 0.00846865
8.08847 0.00846865
8.08847 0.00846865
8.08847 0.00846865
8.0886 0.00859704
8.0886 0.00846865
8.0886 0.00846865
8.0886 0.00846865
8.0886 0.00846865
8.0886 0.00846865
8.08961 0.0895975
8.0917 0.09169
8.09333 0.0933159
8.09548 0.0954705
8.09611 0.096101
8.09643 0.0964206
8.09675 0.0967426
8.09707 0.0970653
8.09761 0.0975968
8.09892 0.0989116
8.09933 0.0993245
8.10031 0.100297
8.10063 0.100619
8.10169 0.101683
8.10291 0.102904
8.10448 0.10447
8.10511 0.105098
8.10561 0.105605
8.10736 0.107355
8.10821 0.108203
8.10884 0.00882911
8.10897 0.00863799
8.10897 0.00863799
8.10897 0.00863799
8.10897 0.00863799
8.10897 0.0085096
8.10897 0.0085096
8.1091 0.00863799
8.1091 0.00876638
8.1091 0.00876638
8.1091 0.00863799
8.1091 0.00863799
8.1091 0.00863799
8.10951 0.109503
8.11198 0.111969
8.1123 0.0122693
8.11302 0.113018
8.11334 0.113332
8.11366 0.113651
8.11398 0.113971
8.11398 0.113971
8.11589 0.115877
8.11705 0.117036
8.11796 0.117946
8.11828 0.018255
8.119 0.0189906
8.11932 0.119309
8.11964 0.0196293
8.12033 0.120322
8.12246 0.0224459
8.12318 0.0231499
8.1235 0.123488
8.12385 0.123839
8.1247 0.0246882
8.12592 0.125909
8.12686 0.12685
8.12746 0.0274507
8.12778 0.127769
8.12847 0.128462
8.1286 0.00856973
8.1286 0.00856973
8.1286 0.00856973
8.1286 0.00856973
8.1286 0.00844134
8.1286 0.00844134
8.12873 0.00856973
8.12873 0.00869812
8.12873 0.00869812
8.12873 0.00856973
8.12873 0.00856973
8.12873 0.00856973
8.12873 0.00856973
8.12955 0.12954
8.13124 0.131228
8.1324 0.0323684
8.13499 0.0349784
8.13531 0.0352979
8.13622 0.136208
8.137 0.136994
8.1381 0.0380916
8.13867 0.0386599
8.14169 0.0416855
8.14428 0.144275
8.14867 0.00866287
8.14867 0.00866287
8.14867 0.00866287
8.14899 0.00865837
8.14899 0.00865837
8.14899 0.00897788
8.1493 0.00865388
8.1493 0.00897339
8.1493 0.00865388
8.14962 0.00896889
8.14962 0.00864939
8.14962 0.00864939
8.15072 0.0506874
8.15247 0.0524576
8.15341 0.0533992
8.15373 0.0536988
8.15644 0.0564332
8.15701 0.0570016
8.16187 0.0618623
8.16359 0.0635815
8.16839 0.0683799
8.16852 0.00850337
8.16852 0.00850337
8.16852 0.00850337
8.16852 0.00850337
8.16852 0.00850337
8.16865 0.00863176
8.16865 0.00850337
8.16865 0.00850337
8.16865 0.00850337
8.16865 0.00850337
8.16865 0.00850337
8.17227 0.0722572
8.17283 0.0728256
8.1749 0.0748869
8.17531 0.0752997
8.17861 0.0786052
8.17971 0.0797023
8.18106 0.0810483
8.18138 0.0813678
8.18235 0.0823404
8.18357 0.083562
8.18517 0.0851368
8.18595 0.0859229
8.18627 0.0862623
8.18659 0.0865818
8.18849 0.00846639
8.18849 0.00846639
8.18849 0.00846639
8.18849 0.00846639
8.18849 0.00846639
8.18862 0.00859478
8.18862 0.00846639
8.18862 0.00846639
8.18862 0.00846639
8.18862 0.00846639
8.18862 0.00846639
8.18963 0.0896193
8.19169 0.0916806
8.19332 0.0933065
8.19547 0.0954611
8.1961 0.0960917
8.19642 0.0964112
8.19674 0.0967108
8.19706 0.0970559
8.1976 0.0975875
8.19891 0.0989023
8.19932 0.0993151
8.2003 0.100288
8.20062 0.100587
8.20168 0.101673
8.2029 0.102895
8.20447 0.104439
8.2051 0.105089
8.2056 0.105595
8.20732 0.107314
8.2082 0.108194
8.20883 0.00882684
8.20896 0.00863573
8.20896 0.00863573
8.20896 0.00863573
8.20896 0.00863573
8.20896 0.00850734
8.20896 0.00850734
8.20909 0.00863573
8.20909 0.00876412
8.20909 0.00876412
8.20909 0.00863573
8.20909 0.00863573
8.20909 0.00863573
8.20953 0.109525
8.21197 0.11196
8.21229 0.0122686
8.21301 0.113009
8.21333 0.113322
8.21365 0.113642
8.21397 0.113961
8.21397 0.113961
8.21588 0.115867
8.21704 0.117027
8.21795 0.117937
8.21827 0.0182578
8.21899 0.0189812
8.21931 0.1193
8.21963 0.0196148
8.22032 0.120312
8.22244 0.0224366
8.22317 0.0231492
8.22349 0.123479
8.22381 0.123799
8.22472 0.0247099
8.22591 0.1259
8.22688 0.126872
8.22745 0.0274414
8.22777 0.12776
8.22846 0.128453
8.22859 0.00856747
8.22859 0.00856747
8.22859 0.00856747
8.22859 0.00856747
8.22859 0.00856747
8.22872 0.00869586
8.22872 0.00856747
8.22872 0.00856747
8.22872 0.00856747
8.22872 0.00856747
8.22872 0.00856747
8.22957 0.129562
8.23123 0.131219
8.23239 0.0323677
8.23498 0.034969
8.2353 0.0352886
8.23621 0.136198
8.23699 0.136984
8.23809 0.0380822
8.23866 0.0386505
8.24168 0.0416761
8.24427 0.144265
8.24866 0.0086606
8.24866 0.0086606
8.24866 0.0086606
8.24898 0.00865611
8.24898 0.00865611
8.24898 0.00897562
8.24929 0.00865162
8.24929 0.00897112
8.24929 0.00865162
8.24961 0.00896663
8.24961 0.00864712
8.24961 0.00864712
8.25071 0.0506867
8.25246 0.0524483
8.25343 0.053421
8.25375 0.0537292
8.25646 0.056455
8.257 0.0569922
8.26186 0.0618529
8.26361 0.0636032
8.26841 0.0684017
8.26854 0.00853221
8.26854 0.00853221
8.26854 0.00853221
8.26854 0.00853221
8.26854 0.00853221
8.26867 0.0086606
8.26867 0.00853221
8.26867 0.00853221
8.26867 0.00853221
8.26867 0.00853221
8.26867 0.00853221
8.27226 0.0722479
8.27282 0.0728162
8.27492 0.0749086
8.27533 0.0753215
8.2786 0.0785959
8.2797 0.079693
8.28105 0.0810389
8.28137 0.0813584
8.28234 0.0823311
8.28356 0.0835526
8.28516 0.0851361
8.28594 0.0859222
8.28626 0.086253
8.28658 0.0865725
8.28848 0.00846412
8.28848 0.00846412
8.28848 0.00846412
8.28848 0.00846412
8.28848 0.00846412
8.28861 0.00859251
8.28861 0.00846412
8.28861 0.00846412
8.28861 0.00846412
8.28861 0.00846412
8.28861 0.00846412
8.28962 0.0896099
8.29168 0.0916713
8.29331 0.0932972
8.29549 0.0954829
8.29609 0.0960823
8.29641 0.0964019
8.29673 0.0967101
8.29705 0.0970466
8.29762 0.0976092
8.29893 0.098924
8.29931 0.0993058
8.30029 0.100278
8.30061 0.100587
8.30167 0.101664
8.30289 0.102885
8.30449 0.104469
8.30509 0.10508
8.30563 0.105617
8.30731 0.107305
8.30819 0.108184
8.30885 0.00882458
8.30898 0.00863346
8.30898 0.00863346
8.30898 0.00863346
8.30898 0.00863346
8.30898 0.00850507
8.30898 0.00850507
8.30911 0.00863346
8.30911 0.00876185
8.30911 0.00876185
8.30911 0.00863346
8.30911 0.00863346
8.30911 0.00863346
8.30952 0.109516
8.31196 0.11195
8.31228 0.0122679
8.313 0.112999
8.31332 0.113313
8.31364 0.113633
8.31396 0.113952
8.31396 0.113952
8.31587 0.115858
8.31706 0.117048
8.31797 0.117959
8.31829 0.0182605
8.31898 0.0189719
8.3193 0.119291
8.31965 0.0196314
8.32031 0.120303
8.32247 0.0224583
8.32316 0.0231484
8.32348 0.12347
8.32383 0.12382
8.32471 0.0247006
8.3259 0.12589
8.32687 0.126863
8.32747 0.0274631
8.32779 0.127782
8.32848 0.128475
8.32861 0.00859631
8.32861 0.00859631
8.32861 0.00859631
8.32861 0.00859631
8.32861 0.00846792
8.32861 0.00846792
8.32874 0.00859631
8.32874 0.0087247
8.32874 0.0087247
8.32874 0.00859631
8.32874 0.00859631
8.32874 0.00859631
8.32874 0.00859631
8.32956 0.129552
8.33122 0.131209
8.33238 0.032367
8.335 0.0349908
8.33532 0.0353103
8.33623 0.13622
8.33698 0.136975
8.33808 0.0380729
8.33868 0.0386723
8.34171 0.0416979
8.34426 0.144256
8.34869 0.00865834
8.34869 0.00865834
8.34869 0.00865834
8.349 0.00865385
8.349 0.00865385
8.349 0.00897335
8.34932 0.00864935
8.34932 0.00896886
8.34932 0.00864935
8.34963 0.00896437
8.34963 0.00864486
8.34963 0.00864486
8.3507 0.050686
8.35248 0.05247
8.35342 0.0534116
8.35374 0.0537285
8.35645 0.0564456
8.35702 0.057014
8.36185 0.0618436
8.3636 0.0635939
8.3684 0.0683923
8.36853 0.00849884
8.36853 0.00849884
8.36853 0.00849884
8.36853 0.00849884
8.36853 0.00849884
8.36866 0.00862723
8.36866 0.00849884
8.36866 0.00849884
8.36866 0.00849884
8.36866 0.00849884
8.36866 0.00849884
8.37228 0.0722696
8.37281 0.0728069
8.37491 0.0748993
8.37532 0.0753121
8.37859 0.0785865
8.37969 0.0796836
8.38107 0.0810607
8.38139 0.0813802
8.38233 0.0823217
8.38355 0.0835433
8.38515 0.0851354
8.38593 0.0859215
8.38628 0.0862747
8.3866 0.0865942
8.38847 0.00846186
8.38847 0.00846186
8.38847 0.00846186
8.38847 0.00846186
8.38847 0.00846186
8.3886 0.00859025
8.3886 0.00846186
8.3886 0.00846186
8.3886 0.00846186
8.3886 0.00846186
8.3886 0.00846186
8.38964 0.0896317
8.3917 0.091693
8.3933 0.0932878
8.39548 0.0954736
8.39611 0.0961041
8.39643 0.0964236
8.39675 0.0967405
8.39707 0.0970683
8.39761 0.0975999
8.39892 0.0989147
8.39934 0.0993275
8.40031 0.1003
8.40063 0.100617
8.40169 0.101686
8.40288 0.102876
8.40448 0.104468
8.40511 0.105101
8.40562 0.105608
8.40733 0.107327
8.40821 0.108206
8.40888 0.00885342
8.409 0.00866231
8.409 0.00866231
8.409 0.00866231
8.409 0.00866231
8.409 0.00853391
8.409 0.00853391
8.40913 0.00866231
8.40913 0.00879069
8.40913 0.00879069
8.40913 0.00866231
8.40913 0.00866231
8.40913 0.00866231
8.40954 0.109537
8.41198 0.111972
8.4123 0.0122983
8.41302 0.113021
8.41334 0.113335
8.41366 0.113654
8.41398 0.113974
8.41398 0.113974
8.41589 0.11588
8.41705 0.117039
8.41796 0.117949
8.41828 0.0182633
8.419 0.0189937
8.419 0.118993
8.41966 0.0196395
8.42032 0.120316
8.42245 0.0224405
8.42314 0.0231393
8.42346 0.123452
8.42381 0.123803
8.42472 0.0247138
8.42591 0.125903
8.42685 0.126845
8.42745 0.0274453
8.42777 0.127764
8.42846 0.128457
8.42859 0.00858558
8.42859 0.00858558
8.42859 0.00858558
8.42859 0.00858558
8.42859 0.00845719
8.42859 0.00845719
8.42872 0.00858558
8.42872 0.00871397
8.42872 0.00871397
8.42872 0.00858558
8.42872 0.00858558
8.42872 0.00858558
8.42872 0.00858558
8.42954 0.129535
8.43123 0.131223
8.43236 0.0323578
8.43498 0.034973
8.4353 0.0352925
8.43621 0.136202
8.437 0.136988
8.43809 0.0380861
8.43866 0.0386545
8.44169 0.04168
8.44428 0.144269
8.44867 0.00864761
8.44867 0.00864761
8.44867 0.00864761
8.44898 0.00864312
8.44898 0.00864312
8.44898 0.00896262
8.4493 0.00863862
8.4493 0.00895813
8.4493 0.00863862
8.44961 0.00895364
8.44961 0.00863413
8.44961 0.00863413
8.45068 0.0506768
8.45246 0.0524522
8.4534 0.0533938
8.45372 0.0537193
8.45647 0.0564589
8.457 0.0569962
8.46186 0.0618569
8.46361 0.0636071
8.46841 0.0684056
8.46854 0.00851922
8.46854 0.00851922
8.46854 0.00851922
8.46854 0.00851922
8.46854 0.00851922
8.46867 0.00864761
8.46867 0.00851922
8.46867 0.00851922
8.46867 0.00851922
8.46867 0.00851922
8.46867 0.00851922
8.47226 0.0722518
8.47283 0.0728201
8.47489 0.0748815
8.4753 0.0752943
8.47861 0.0785998
8.4797 0.0796969
8.48105 0.0810428
8.48137 0.0813623
8.48234 0.082335
8.48356 0.0835566
8.48513 0.0851262
8.48594 0.0859434
8.48626 0.0862569
8.48658 0.0865764
8.48845 0.00845113
8.48845 0.00845113
8.48845 0.00845113
8.48845 0.00845113
8.48845 0.00845113
8.48858 0.00857952
8.48858 0.00845113
8.48858 0.00845113
8.48858 0.00845113
8.48858 0.00845113
8.48858 0.00845113
8.48962 0.0896139
8.49168 0.0916752
8.49331 0.0933011
8.49549 0.0954868
8.49609 0.0960863
8.49641 0.0964058
8.49673 0.0967313
8.49705 0.0970505
8.49762 0.0976131
8.4989 0.0988969
8.49932 0.0993097
8.50029 0.100282
8.50061 0.100608
8.50167 0.101668
8.5029 0.102889
8.50446 0.104459
8.50509 0.105084
8.50563 0.105621
8.50732 0.107309
8.5082 0.108188
8.50886 0.00884269
8.50899 0.00865157
8.50899 0.00865157
8.50899 0.00865157
8.50899 0.00865157
8.50899 0.00852318
8.50899 0.00852318
8.50911 0.00865157
8.50911 0.00877997
8.50911 0.00877997
8.50911 0.00865157
8.50911 0.00865157
8.50911 0.00865157
8.50953 0.10952
8.51196 0.111954
8.51228 0.012258
8.513 0.113003
8.51332 0.113317
8.51364 0.113637
8.51396 0.113956
8.51396 0.113956
8.51587 0.115862
8.51703 0.117021
8.51797 0.117963
8.51797 0.0179692
8.519 0.0189985
8.519 0.118998
8.51967 0.0196391
8.52033 0.120321
8.52245 0.0224453
8.52318 0.0231527
8.52349 0.123488
8.52381 0.123807
8.52469 0.0246876
8.52591 0.125908
8.52686 0.12685
8.52746 0.0274501
8.52778 0.127769
8.52847 0.128462
8.5286 0.00856638
8.5286 0.00856638
8.5286 0.00856638
8.5286 0.00856638
8.5286 0.00856638
8.52873 0.00869477
8.52873 0.00856638
8.52873 0.00856638
8.52873 0.00856638
8.52873 0.00856638
8.52873 0.00856638
8.52955 0.129539
8.53123 0.131228
8.53239 0.0323713
8.53498 0.0349778
8.5353 0.0352973
8.53621 0.136207
8.537 0.136993
8.5381 0.038091
8.53867 0.0386593
8.54169 0.0416849
8.54428 0.144274
8.54867 0.00865952
8.54867 0.00865952
8.54867 0.00865952
8.54899 0.00865502
8.54899 0.00865502
8.54899 0.00897453
8.5493 0.00865053
8.5493 0.00897004
8.5493 0.00865053
8.54962 0.00896555
8.54962 0.00864604
8.54962 0.00864604
8.55071 0.0506903
8.55246 0.052457
8.5534 0.0533986
8.55372 0.0537017
8.55644 0.0564326
8.55701 0.057001
8.56187 0.0618617
8.56362 0.063612
8.56839 0.0683793
8.56851 0.00850002
8.56851 0.00850002
8.56851 0.00850002
8.56851 0.00850002
8.56851 0.00850002
8.56864 0.00862841
8.56864 0.00850002
8.56864 0.00850002
8.56864 0.00850002
8.56864 0.00850002
8.56864 0.00850002
8.57226 0.0722566
8.57283 0.072825
8.57489 0.0748863
8.57531 0.0752991
8.57861 0.0786046
8.57971 0.0797017
8.58105 0.0810477
8.58137 0.0813672
8.58235 0.0823399
8.58357 0.0835614
8.58516 0.0851397
8.58595 0.0859258
8.58627 0.0862617
8.58659 0.0865812
8.58849 0.00846304
8.58849 0.00846304
8.58849 0.00846304
8.58849 0.00846304
8.58849 0.00846304
8.58862 0.00859143
8.58862 0.00846304
8.58862 0.00846304
8.58862 0.00846304
8.58862 0.00846304
8.58862 0.00846304
8.58962 0.0896187
8.59169 0.09168
8.59331 0.0933059
8.59547 0.0954606
8.5961 0.0960911
8.59642 0.0964106
8.59674 0.0967137
8.59706 0.0970553
8.59759 0.0975869
8.59891 0.0989017
8.59932 0.0993145
8.60029 0.100287
8.60061 0.10059
8.60168 0.101673
8.6029 0.102894
8.60446 0.104441
8.60509 0.105088
8.6056 0.105595
8.60732 0.107314
8.6082 0.108193
8.60883 0.0088235
8.60896 0.00863238
8.60896 0.00863238
8.60896 0.00863238
8.60896 0.00863238
8.60896 0.00850399
8.60896 0.00850399
8.60909 0.00863238
8.60909 0.00876077
8.60909 0.00876077
8.60909 0.00863238
8.60909 0.00863238
8.60909 0.00863238
8.60953 0.109524
8.61196 0.111959
8.61228 0.0122715
8.61301 0.113008
8.61333 0.113322
8.61365 0.113641
8.61397 0.113961
8.61397 0.113961
8.61587 0.115867
8.61703 0.117026
8.61797 0.117968
8.61797 0.017955
8.61898 0.0189722
8.6193 0.119291
8.61962 0.0196161
8.62031 0.120303
8.62246 0.0224586
8.62316 0.0231436
8.62348 0.12347
8.62383 0.123821
8.62471 0.0247008
8.6259 0.12589
8.62687 0.126863
8.62747 0.0274634
8.62779 0.127782
8.62848 0.128475
8.62861 0.00858675
8.62861 0.00858675
8.62861 0.00858675
8.62861 0.00858675
8.62861 0.00845836
8.62861 0.00845836
8.62874 0.00858675
8.62874 0.00871514
8.62874 0.00871514
8.62874 0.00858675
8.62874 0.00858675
8.62874 0.00858675
8.62874 0.00858675
8.62956 0.129553
8.63122 0.13121
8.63237 0.0323621
8.635 0.0349911
8.63532 0.0353106
8.63623 0.13622
8.63698 0.136975
8.63808 0.0380731
8.63868 0.0386726
8.6417 0.0416981
8.64426 0.144256
8.64865 0.00864879
8.64865 0.00864879
8.64865 0.00864879
8.64897 0.00864429
8.64897 0.00864429
8.64897 0.0089638
8.64928 0.0086398
8.64928 0.00895931
8.64928 0.0086398
8.6496 0.00895481
8.6496 0.00863531
8.6496 0.00863531
8.65069 0.0506811
8.65248 0.0524703
8.65342 0.0534119
8.65374 0.0537236
8.65645 0.0564459
8.65702 0.0570143
8.66185 0.0618439
8.6636 0.0635941
8.6684 0.0683926
8.66853 0.00852039
8.66853 0.00852039
8.66853 0.00852039
8.66853 0.00852039
8.66853 0.00852039
8.66865 0.00864878
8.66865 0.00852039
8.66865 0.00852039
8.66865 0.00852039
8.66865 0.00852039
8.66865 0.00852039
8.67228 0.0722699
8.67281 0.0728071
8.6749 0.0748996
8.67532 0.0753124
8.67859 0.0785868
8.67969 0.0796839
8.68107 0.0810609
8.68139 0.0813804
8.68233 0.082322
8.68355 0.0835436
8.68514 0.0851305
8.68593 0.0859166
8.68628 0.086275
8.6866 0.0865945
8.68847 0.00845231
8.68847 0.00845231
8.68847 0.00845231
8.68847 0.00845231
8.68847 0.00845231
8.6886 0.0085807
8.6886 0.00845231
8.6886 0.00845231
8.6886 0.00845231
8.6886 0.00845231
8.6886 0.00845231
8.68964 0.089632
8.6917 0.0916933
8.69329 0.0932881
8.69548 0.0954738
8.69608 0.0960733
8.6964 0.0963928
8.69672 0.0967045
8.69704 0.0970064
8.69761 0.0976001
8.69892 0.098915
8.69933 0.0993278
8.70031 0.1003
8.70063 0.100612
8.70169 0.101686
8.70288 0.102876
8.70448 0.104463
8.70511 0.105102
8.70561 0.105608
8.70733 0.107327
8.70821 0.108206
8.70887 0.00884387
8.709 0.00865275
8.709 0.00865275
8.709 0.00865275
8.709 0.00865275
8.709 0.00852436
8.709 0.00852436
8.70913 0.00865275
8.70913 0.00878114
8.70913 0.00878114
8.70913 0.00865275
8.70913 0.00865275
8.70913 0.00865275
8.70954 0.109538
8.71198 0.111972
8.7123 0.0122934
8.71305 0.113021
8.71337 0.113366
8.71369 0.113686
8.71369 0.113686
8.71401 0.114005
8.71589 0.11588
8.71704 0.117039
8.71795 0.11795
8.71827 0.0182688
8.719 0.0189939
8.719 0.118993
8.71963 0.0196243
8.72032 0.120316
8.72245 0.0224408
8.72314 0.0231344
8.72346 0.123452
8.72381 0.123803
8.72469 0.024683
8.72591 0.125904
8.72685 0.126845
8.72745 0.0274456
8.72777 0.127764
8.72846 0.128457
8.72859 0.00857602
8.72859 0.00857602
8.72859 0.00857602
8.72859 0.00857602
8.72859 0.00844763
8.72859 0.00844763
8.72872 0.00857602
8.72872 0.00870441
8.72872 0.00870441
8.72872 0.00857602
8.72872 0.00857602
8.72872 0.00857602
8.72872 0.00857602
8.72954 0.129535
8.73123 0.131223
8.73236 0.0323529
8.73498 0.0349733
8.7353 0.0352928
8.73621 0.136202
8.73699 0.136989
8.73809 0.0380864
8.73866 0.0386548
8.74168 0.0416803
8.74427 0.14427
8.74866 0.00863806
8.74866 0.00863806
8.74866 0.00863806
8.74898 0.00863356
8.74898 0.00863356
8.74898 0.00895307
8.74933 0.00866017
8.74933 0.00897968
8.74933 0.00866017
8.74964 0.00897519
8.74964 0.00865568
8.74964 0.00865568
8.75068 0.050672
8.75246 0.0524525
8.7534 0.0533941
8.75372 0.0537144
8.75646 0.0564592
8.757 0.0569964
8.76186 0.0618571
8.76361 0.0636074
8.76841 0.0684059
8.76854 0.00850966
8.76854 0.00850966
8.76854 0.00850966
8.76854 0.00850966
8.76854 0.00850966
8.76867 0.00863805
8.76867 0.00850966
8.76867 0.00850966
8.76867 0.00850966
8.76867 0.00850966
8.76867 0.00850966
8.77226 0.0722521
8.77282 0.0728204
8.77489 0.0748818
8.7753 0.0752946
8.7786 0.0786001
8.7797 0.0796972
8.78105 0.0810431
8.78137 0.0813626
8.78234 0.0823353
8.78356 0.0835568
8.78512 0.0851214
8.78594 0.0859385
8.78626 0.0862572
8.78658 0.0865767
8.78845 0.00844158
8.78845 0.00844158
8.78845 0.00844158
8.78845 0.00844158
8.78845 0.00844158
8.78858 0.00856997
8.78858 0.00844158
8.78858 0.00844158
8.78858 0.00844158
8.78858 0.00844158
8.78858 0.00844158
8.78962 0.0896142
8.79171 0.0917066
8.79331 0.0933014
8.79549 0.0954871
8.79609 0.0960866
8.79641 0.0964061
8.79673 0.0967264
8.79705 0.0970197
8.79762 0.0976134
8.7989 0.0988972
8.79931 0.09931
8.80029 0.100283
8.80061 0.100603
8.80167 0.101668
8.80289 0.10289
8.80446 0.104454
8.80509 0.105084
8.80563 0.105621
8.80731 0.107309
8.80819 0.108189
8.80885 0.00883314
8.80898 0.00864202
8.80898 0.00864202
8.80898 0.00864202
8.80898 0.00864202
8.80898 0.00851363
8.80898 0.00851363
8.80911 0.00864202
8.80911 0.00877041
8.80911 0.00877041
8.80911 0.00864202
8.80911 0.00864202
8.80911 0.00864202
8.80952 0.10952
8.81196 0.111954
8.81228 0.0122531
8.81303 0.113004
8.81335 0.113348
8.81367 0.113668
8.81367 0.113668
8.81399 0.113987
8.81587 0.115862
8.81703 0.117021
8.81797 0.117963
8.81829 0.0182631
8.81898 0.0189761
8.8193 0.119295
8.81965 0.0196408
8.82031 0.120307
8.82243 0.0224314
8.82316 0.0231337
8.82348 0.123474
8.82383 0.123825
8.82471 0.0247048
8.8259 0.125894
8.82687 0.126867
8.82744 0.0274362
8.82776 0.127755
8.82848 0.128479
8.82861 0.00860486
8.82861 0.00860486
8.82861 0.00860486
8.82861 0.00860486
8.82861 0.00847648
8.82861 0.00847648
8.82874 0.00860486
8.82874 0.00873326
8.82874 0.00873326
8.82874 0.00860486
8.82874 0.00860486
8.82874 0.00860486
8.82874 0.00860486
8.82956 0.129557
8.83122 0.131214
8.83238 0.0323522
8.83497 0.0349639
8.83529 0.0352834
8.83623 0.136224
8.83698 0.136979
8.83808 0.0380771
8.83868 0.0386765
8.84167 0.041671
8.84426 0.14426
8.84865 0.00863579
8.84865 0.00863579
8.84865 0.00863579
8.849 0.0086624
8.849 0.0086624
8.849 0.00898191
8.84932 0.00865791
8.84932 0.00897742
8.84932 0.00865791
8.84963 0.00897293
8.84963 0.00865342
8.84963 0.00865342
8.8507 0.0506712
8.85248 0.0524743
8.85342 0.0534158
8.85374 0.0537137
8.85645 0.0564499
8.85702 0.0570182
8.86185 0.0618478
8.8636 0.0635981
8.8684 0.0683966
8.86853 0.0085074
8.86853 0.0085074
8.86853 0.0085074
8.86853 0.0085074
8.86853 0.0085074
8.86866 0.00863579
8.86866 0.0085074
8.86866 0.0085074
8.86866 0.0085074
8.86866 0.0085074
8.86866 0.0085074
8.87228 0.0722738
8.87281 0.0728111
8.87491 0.0749035
8.87532 0.0753163
8.87859 0.0785907
8.87969 0.0796878
8.88107 0.0810649
8.88139 0.0813844
8.88233 0.082326
8.88355 0.0835475
8.88515 0.0851206
8.88596 0.0859378
8.88628 0.0862789
8.8866 0.0865984
8.88847 0.00847042
8.88847 0.00847042
8.88847 0.00847042
8.88847 0.00847042
8.88847 0.00847042
8.8886 0.00859881
8.8886 0.00847042
8.8886 0.00847042
8.8886 0.00847042
8.8886 0.00847042
8.8886 0.00847042
8.88961 0.0896048
8.89167 0.0916662
8.8933 0.093292
8.89548 0.0954778
8.89608 0.0960772
8.8964 0.0963967
8.89672 0.0966946
8.89704 0.0970103
8.89761 0.0976041
8.89892 0.0989189
8.89934 0.0993317
8.90031 0.100304
8.90063 0.100602
8.90166 0.101659
8.90288 0.10288
8.90448 0.104454
8.90511 0.105106
8.90562 0.105612
8.90733 0.107331
8.90821 0.10821
8.90884 0.00883088
8.90897 0.00863976
8.90897 0.00863976
8.90897 0.00863976
8.90897 0.00863976
8.90897 0.00851137
8.90897 0.00851137
8.9091 0.00863976
8.9091 0.00876815
8.9091 0.00876815
8.9091 0.00863976
8.9091 0.00863976
8.9091 0.00863976
8.90955 0.109542
8.91195 0.111945
8.91227 0.0122524
8.91305 0.113025
8.91337 0.11337
8.91369 0.11369
8.91369 0.11369
8.91401 0.114009
8.91589 0.115884
8.91705 0.117043
8.91796 0.117954
8.91828 0.0182658
8.919 0.0189979
8.919 0.118997
8.91963 0.0196178
8.92032 0.12032
8.92245 0.0224447
8.92317 0.0231556
8.92349 0.123487
8.92381 0.123807
8.92469 0.024687
8.92591 0.125908
8.92685 0.126849
8.92745 0.0274495
8.92777 0.127768
8.92846 0.128461
8.92859 0.00856303
8.92859 0.00856303
8.92859 0.00856303
8.92859 0.00856303
8.92859 0.00856303
8.92872 0.00869142
8.92872 0.00856303
8.92872 0.00856303
8.92872 0.00856303
8.92872 0.00856303
8.92872 0.00856303
8.92954 0.129539
8.93123 0.131227
8.93239 0.0323741
8.93498 0.0349772
8.9353 0.0352967
8.93621 0.136206
8.937 0.136992
8.93809 0.0380904
8.93866 0.0386587
8.94169 0.0416843
8.94428 0.144274
8.94867 0.00865617
8.94867 0.00865617
8.94867 0.00865617
8.94898 0.00865167
8.94898 0.00865167
8.94898 0.00897118
8.9493 0.00864718
8.9493 0.00896669
8.9493 0.00864718
8.94961 0.0089622
8.94961 0.00864269
8.94961 0.00864269
8.95071 0.0506932
8.95246 0.0524564
8.9534 0.053398
8.95372 0.0537046
8.95643 0.056432
8.957 0.0570004
8.96186 0.0618611
8.96358 0.0635803
8.96838 0.0683787
8.96851 0.00849667
8.96851 0.00849667
8.96851 0.00849667
8.96851 0.00849667
8.96851 0.00849667
8.96864 0.00862506
8.96864 0.00849667
8.96864 0.00849667
8.96864 0.00849667
8.96864 0.00849667
8.96864 0.00849667
8.97226 0.072256
8.97283 0.0728244
8.97489 0.0748857
8.9753 0.0752985
8.97861 0.078604
8.9797 0.0797011
8.98105 0.0810471
8.98137 0.0813666
8.98234 0.0823393
8.98356 0.0835608
8.98516 0.0851426
8.98594 0.0859286
8.98626 0.0862611
8.98658 0.0865806
8.98848 0.00845969
8.98848 0.00845969
8.98848 0.00845969
8.98848 0.00845969
8.98848 0.00845969
8.98861 0.00858808
8.98861 0.00845969
8.98861 0.00845969
8.98861 0.00845969
8.98861 0.00845969
8.98861 0.00845969
8.98962 0.0896181
8.99168 0.0916794
8.99331 0.0933053
8.99546 0.09546
8.99609 0.0960905
8.99641 0.09641
8.99673 0.0967165
8.99705 0.0970236
8.99759 0.0975863
8.9989 0.0989011
8.99932 0.0993139
9.00029 0.100287
9.00061 0.100593
9.00167 0.101672
9.0029 0.102894
9.00446 0.104444
9.0051 0.105094
9.0056 0.1056
9.00732 0.107319
9.0082 0.108199
9.00886 0.0088574
9.00899 0.00866628
9.00899 0.00866628
9.00899 0.00866628
9.00899 0.00866628
9.00899 0.00853789
9.00899 0.00853789
9.00912 0.00866628
9.00912 0.00879467
9.00912 0.00879467
9.00912 0.00866628
9.00912 0.00866628
9.00912 0.00866628
9.00953 0.10953
9.01197 0.111965
9.01229 0.0122805
9.01304 0.113014
9.01336 0.113359
9.01368 0.113678
9.01368 0.113678
9.014 0.113998
9.01587 0.115872
9.01703 0.117032
9.01798 0.117973
9.0183 0.0182663
9.01899 0.0189862
9.01931 0.119305
9.01966 0.0196406
9.02032 0.120317
9.02244 0.0224415
9.02317 0.023161
9.02349 0.123484
9.02384 0.123835
9.02472 0.0247149
9.02591 0.125904
9.02688 0.126877
9.02745 0.0274463
9.02777 0.127765
9.02846 0.128458
9.02859 0.00856692
9.02859 0.00856692
9.02859 0.00856692
9.02859 0.00856692
9.02859 0.00856692
9.02872 0.00869531
9.02872 0.00856692
9.02872 0.00856692
9.02872 0.00856692
9.02872 0.00856692
9.02872 0.00856692
9.02957 0.129567
9.03123 0.131224
9.03239 0.0323796
9.03498 0.034974
9.0353 0.0352935
9.03624 0.136234
9.03702 0.13702
9.03809 0.0380872
9.03869 0.0386866
9.04171 0.0417122
9.04424 0.144239
9.04866 0.00866006
9.04866 0.00866006
9.04866 0.00866006
9.04898 0.00865556
9.04898 0.00865556
9.04898 0.00897507
9.04929 0.00865107
9.04929 0.00897058
9.04929 0.00865107
9.04961 0.00896608
9.04961 0.00864658
9.04961 0.00864658
9.0507 0.0506986
9.05249 0.0524843
9.05343 0.0534259
9.05375 0.0537411
9.05646 0.05646
9.057 0.0569972
9.06186 0.0618579
9.06361 0.0636082
9.06841 0.0684066
9.06854 0.00853166
9.06854 0.00853166
9.06854 0.00853166
9.06854 0.00853166
9.06854 0.00853166
9.06867 0.00866005
9.06867 0.00853166
9.06867 0.00853166
9.06867 0.00853166
9.06867 0.00853166
9.06867 0.00853166
9.07225 0.0722528
9.07282 0.0728212
9.07488 0.0748825
9.07533 0.0753264
9.0786 0.0786008
9.07973 0.079729
9.08105 0.0810439
9.08137 0.0813634
9.08234 0.0823361
9.08356 0.0835576
9.08512 0.0851169
9.08594 0.0859341
9.08626 0.0862579
9.08658 0.0865774
9.08848 0.00846358
9.08848 0.00846358
9.08848 0.00846358
9.08848 0.00846358
9.08848 0.00846358
9.08861 0.00859197
9.08861 0.00846358
9.08861 0.00846358
9.08861 0.00846358
9.08861 0.00846358
9.08861 0.00846358
9.08962 0.0896149
9.09168 0.0916762
9.09334 0.0933332
9.09549 0.0954879
9.09609 0.0960873
9.09641 0.0964068
9.09673 0.096722
9.09705 0.0970204
9.09762 0.0976142
9.09893 0.098929
9.09931 0.0993107
9.10032 0.100315
9.10064 0.10063
9.10167 0.101669
9.10289 0.10289
9.10446 0.10445
9.10512 0.105116
9.10562 0.105622
9.10731 0.10731
9.10819 0.108189
9.10888 0.00885514
9.10901 0.00866402
9.10901 0.00866402
9.10901 0.00866402
9.10901 0.00866402
9.10901 0.00853563
9.10901 0.00853563
9.10914 0.00866402
9.10914 0.00879241
9.10914 0.00879241
9.10914 0.00866402
9.10914 0.00866402
9.10914 0.00866402
9.10958 0.109583
9.11196 0.111955
9.11228 0.0122487
9.11303 0.113004
9.11335 0.113349
9.11367 0.113669
9.11399 0.113988
9.11399 0.113988
9.11586 0.115863
9.11706 0.117053
9.118 0.117995
9.118 0.0179806
9.11897 0.0189684
9.11929 0.119287
9.11964 0.0196176
9.12033 0.12033
9.12246 0.0224548
9.12321 0.023183
9.12353 0.123528
9.12385 0.123848
9.1247 0.0246971
9.12592 0.125918
9.12686 0.126859
9.12746 0.0274596
9.12778 0.127778
9.12847 0.128471
9.1286 0.00858729
9.1286 0.00858729
9.1286 0.00858729
9.1286 0.00858729
9.1286 0.0084589
9.1286 0.0084589
9.12873 0.00858729
9.12873 0.00871568
9.12873 0.00871568
9.12873 0.00858729
9.12873 0.00858729
9.12873 0.00858729
9.12873 0.00858729
9.12955 0.129549
9.13121 0.131206
9.1324 0.0323704
9.13499 0.0349873
9.13531 0.0353068
9.13625 0.136248
9.137 0.137003
9.1381 0.0381005
9.13867 0.0386688
9.1417 0.0416943
9.14429 0.144284
9.14868 0.00864933
9.14868 0.00864933
9.14868 0.00864933
9.14899 0.00864483
9.14899 0.00864483
9.14899 0.00896434
9.14934 0.00867144
9.14934 0.00899095
9.14934 0.00867144
9.14965 0.00898646
9.14965 0.00866695
9.14965 0.00866695
9.15072 0.0506894
9.15247 0.0524665
9.15341 0.0534081
9.15373 0.0537008
9.15644 0.0564421
9.15698 0.0569794
9.16184 0.0618401
9.16359 0.0635903
9.16842 0.0684199
9.16855 0.00852093
9.16855 0.00852093
9.16855 0.00852093
9.16855 0.00852093
9.16855 0.00852093
9.16868 0.00864932
9.16868 0.00852093
9.16868 0.00852093
9.16868 0.00852093
9.16868 0.00852093
9.16868 0.00852093
9.17227 0.0722661
9.1728 0.0728034
9.17493 0.0749269
9.17531 0.0753086
9.17858 0.078583
9.17971 0.0797112
9.18106 0.0810571
9.18138 0.0813766
9.18235 0.0823493
9.18357 0.0835709
9.18514 0.0851077
9.18595 0.0859249
9.18627 0.0862712
9.18659 0.0865907
9.18849 0.00848395
9.18849 0.00848395
9.18849 0.00848395
9.18849 0.00848395
9.18849 0.00848395
9.18862 0.00861234
9.18862 0.00848395
9.18862 0.00848395
9.18862 0.00848395
9.18862 0.00848395
9.18862 0.00848395
9.18963 0.0896282
9.19166 0.0916584
9.19335 0.0933465
9.1955 0.0955011
9.19607 0.0960695
9.19639 0.096389
9.19671 0.0966817
9.19703 0.0970026
9.1976 0.0975963
9.19894 0.0989423
9.19933 0.099324
9.20033 0.100328
9.20065 0.100621
9.20165 0.101651
9.20287 0.102873
9.2045 0.104472
9.20516 0.10516
9.20564 0.105635
9.20729 0.107292
9.2082 0.108203
9.20887 0.00884441
9.20899 0.00865329
9.20899 0.00865329
9.20899 0.00865329
9.20899 0.00865329
9.20899 0.0085249
9.20899 0.0085249
9.20912 0.00865329
9.20912 0.00878168
9.20912 0.00878168
9.20912 0.00865329
9.20912 0.00865329
9.20912 0.00865329
9.20957 0.109565
9.21194 0.111937
9.21226 0.0122395
9.21304 0.113018
9.21336 0.113362
9.21368 0.113682
9.214 0.114001
9.214 0.114001
9.21588 0.115876
9.21704 0.117035
9.21798 0.0179749
9.21798 0.117977
9.21898 0.0189817
9.2193 0.1193
9.21965 0.0196257
9.22031 0.120313
9.22247 0.0224681
9.22319 0.0231738
9.22351 0.123511
9.22383 0.12383
9.22471 0.0247103
9.22587 0.125869
9.22684 0.126842
9.22744 0.0274418
9.22776 0.12776
9.22845 0.128453
9.22858 0.00857656
9.22858 0.00857656
9.22858 0.00857656
9.22858 0.00857656
9.22858 0.00857656
9.22871 0.00870495
9.22871 0.00857656
9.22871 0.00857656
9.22871 0.00857656
9.22871 0.00857656
9.22871 0.00857656
9.22956 0.129562
9.23119 0.131188
9.23238 0.0323612
9.23497 0.0349695
9.23529 0.035289
9.23623 0.13623
9.23702 0.137016
9.23808 0.0380826
9.23868 0.0386821
9.24168 0.0416765
9.24427 0.144266
9.24869 0.0086697
9.24869 0.0086697
9.24869 0.0086697
9.249 0.00866521
9.249 0.00866521
9.249 0.00898471
9.24932 0.00866071
9.24932 0.00898022
9.24932 0.00866071
9.24963 0.00897573
9.24963 0.00865622
9.24963 0.00865622
9.2507 0.0506803
9.25248 0.0524798
9.25342 0.0534214
9.25374 0.0537227
9.25646 0.0564554
9.25699 0.0569927
9.26185 0.0618533
9.2636 0.0636036
9.2684 0.0684021
9.26853 0.0085102
9.26853 0.0085102
9.26853 0.0085102
9.26853 0.0085102
9.26853 0.0085102
9.26866 0.00863859
9.26866 0.0085102
9.26866 0.0085102
9.26866 0.0085102
9.26866 0.0085102
9.26866 0.0085102
9.27225 0.0722483
9.27282 0.0728166
9.27491 0.0749091
9.27529 0.0752908
9.2786 0.0785963
9.27972 0.0797245
9.28104 0.0810393
9.28136 0.0813588
9.28233 0.0823315
9.28355 0.083553
9.28515 0.0851297
9.28597 0.0859468
9.28628 0.0862845
9.2866 0.086604
9.28847 0.00847322
9.28847 0.00847322
9.28847 0.00847322
9.28847 0.00847322
9.28847 0.00847322
9.2886 0.00860161
9.2886 0.00847322
9.2886 0.00847322
9.2886 0.00847322
9.2886 0.00847322
9.2886 0.00847322
9.28964 0.0896415
9.29167 0.0916717
9.29336 0.0933598
9.29548 0.0954833
9.29608 0.0960828
9.2964 0.0964023
9.29672 0.0967036
9.29704 0.0970159
9.29758 0.0975785
9.29896 0.0989556
9.29931 0.0993062
9.30034 0.100341
9.30066 0.100642
9.30166 0.101664
9.30289 0.102886
9.30448 0.104463
9.30514 0.105142
9.30565 0.105648
9.30731 0.107305
9.30819 0.108185
9.30888 0.00886478
9.30901 0.00867367
9.30901 0.00867367
9.30901 0.00867367
9.30901 0.00867367
9.30901 0.00854527
9.30901 0.00854527
9.30913 0.00867367
9.30913 0.00880205
9.30913 0.00880205
9.30913 0.00867367
9.30913 0.00867367
9.30913 0.00867367
9.30958 0.109578
9.31195 0.111951
9.31227 0.0122615
9.31303 0.113
9.31334 0.113345
9.31366 0.113664
9.31398 0.113984
9.31398 0.113984
9.31586 0.115858
9.31705 0.117049
9.31799 0.11799
9.31799 0.0179692
9.31899 0.118994
9.31931 0.0192834
9.31966 0.0196338
9.32033 0.120326
9.32248 0.0224503
9.32317 0.0231646
9.32349 0.123493
9.32381 0.123812
9.32475 0.0247236
9.32588 0.125882
9.32686 0.126855
9.32749 0.0274551
9.32781 0.127805
9.32847 0.128467
9.3286 0.00856583
9.3286 0.00856583
9.3286 0.00856583
9.3286 0.00856583
9.3286 0.00856583
9.32872 0.00869422
9.32872 0.00856583
9.32872 0.00856583
9.32872 0.00856583
9.32872 0.00856583
9.32872 0.00856583
9.32954 0.129544
9.3312 0.131201
9.33239 0.0323831
9.33501 0.0349828
9.33533 0.0353023
9.33624 0.136243
9.33703 0.137029
9.33813 0.0380959
9.33873 0.0386954
9.34172 0.0416898
9.34425 0.144248
9.34867 0.00865897
9.34867 0.00865897
9.34867 0.00865897
9.34898 0.00865448
9.34898 0.00865448
9.34898 0.00897398
9.3493 0.00864998
9.3493 0.00896949
9.3493 0.00864998
9.34961 0.008965
9.34961 0.00864549
9.34961 0.00864549
9.35071 0.0507022
9.35249 0.052462
9.35347 0.0534347
9.35378 0.0537758
9.3565 0.0564687
9.35704 0.0570059
9.36187 0.0618355
9.36365 0.0636169
9.36845 0.0684154
9.36857 0.00856168
9.36857 0.00856168
9.36857 0.00856168
9.36857 0.00856168
9.36857 0.00856168
9.3687 0.00869007
9.3687 0.00856168
9.3687 0.00856168
9.3687 0.00856168
9.3687 0.00856168
9.3687 0.00856168
9.37229 0.0722616
9.37283 0.0727988
9.37495 0.0749224
9.37533 0.0753041
9.37861 0.0785785
9.37974 0.0797067
9.38108 0.0810526
9.3814 0.0813721
9.38238 0.0823448
9.3836 0.0835663
9.38513 0.0851205
9.38595 0.0859377
9.38627 0.0862356
9.38662 0.0865862
9.38849 0.00846249
9.38849 0.00846249
9.38849 0.00846249
9.38849 0.00846249
9.38849 0.00846249
9.38862 0.00859088
9.38862 0.00846249
9.38862 0.00846249
9.38862 0.00846249
9.38862 0.00846249
9.38862 0.00846249
9.38969 0.0896548
9.39172 0.091685
9.39337 0.093342
9.39553 0.0954966
9.3961 0.096065
9.39641 0.0963845
9.39673 0.0967256
9.39705 0.0970292
9.39762 0.0975918
9.399 0.0989689
9.39935 0.0993195
9.40035 0.100323
9.40067 0.100664
9.40168 0.101647
9.4029 0.102868
9.40446 0.104453
9.40516 0.105125
9.40566 0.105631
9.40735 0.107319
9.40823 0.108198
9.40886 0.00885405
9.40899 0.00866294
9.40899 0.00866294
9.40899 0.00866294
9.40899 0.00866294
9.40899 0.00853454
9.40899 0.00853454
9.40912 0.00866294
9.40912 0.00879132
9.40912 0.00879132
9.40912 0.00866294
9.40912 0.00866294
9.40912 0.00866294
9.40962 0.109592
9.41199 0.111964
9.41231 0.0122834
9.41304 0.113013
9.41336 0.113327
9.41368 0.113646
9.414 0.113966
9.414 0.113966
9.4159 0.115872
9.41706 0.117031
9.418 0.0179946
9.418 0.117973
9.41901 0.0189771
9.41933 0.119296
9.41965 0.0196419
9.42034 0.120308
9.42249 0.0224636
9.42319 0.0231554
9.42351 0.123475
9.42383 0.123795
9.42474 0.0247058
9.42593 0.125895
9.42687 0.126837
9.4275 0.0274684
9.42782 0.127787
9.42851 0.12848
9.42864 0.00861731
9.42864 0.00861731
9.42864 0.00861731
9.42864 0.00861731
9.42864 0.00848892
9.42864 0.00848892
9.42877 0.00861731
9.42877 0.0087457
9.42877 0.0087457
9.42877 0.00861731
9.42877 0.00861731
9.42877 0.00861731
9.42877 0.00861731
9.42959 0.129558
9.43125 0.131215
9.4324 0.032374
9.43503 0.034996
9.43535 0.0353155
9.43626 0.136225
9.43704 0.137011
9.43811 0.0380781
9.43871 0.0386775
9.44173 0.0417031
9.44429 0.144261
9.44865 0.00864824
9.44865 0.00864824
9.44865 0.00864824
9.449 0.00867485
9.449 0.00867485
9.449 0.00899436
9.44931 0.00867036
9.44931 0.00898986
9.44931 0.00867036
9.44963 0.00898537
9.44963 0.00866587
9.44963 0.00866587
9.45072 0.050693
9.4525 0.0524753
9.45345 0.0534169
9.45377 0.0537355
9.45648 0.0564509
9.45702 0.0569881
9.46188 0.0618488
9.46363 0.0635991
9.46843 0.0683976
9.46856 0.00855095
9.46856 0.00855095
9.46856 0.00855095
9.46856 0.00855095
9.46856 0.00855095
9.46868 0.00867934
9.46868 0.00855095
9.46868 0.00855095
9.46868 0.00855095
9.46868 0.00855095
9.46868 0.00855095
9.47227 0.0722438
9.47284 0.0728121
9.47493 0.0749045
9.47532 0.0752863
9.47862 0.0785917
9.47975 0.07972
9.4811 0.0810659
9.48142 0.0813854
9.48236 0.082327
9.48358 0.0835485
9.48514 0.0851113
9.48596 0.0859285
9.48628 0.0862489
9.4866 0.0865684
9.4885 0.00848286
9.4885 0.00848286
9.4885 0.00848286
9.4885 0.00848286
9.4885 0.00848286
9.48863 0.00861125
9.48863 0.00848286
9.48863 0.00848286
9.48863 0.00848286
9.48863 0.00848286
9.48863 0.00848286
9.48967 0.0896369
9.4917 0.0916672
9.49338 0.0933553
9.49551 0.0954788
9.49611 0.0960782
9.49643 0.0963977
9.49675 0.0967164
9.49707 0.0970425
9.4976 0.097574
9.49898 0.098951
9.49936 0.0993328
9.50037 0.100337
9.50069 0.100655
9.50169 0.10166
9.50291 0.102881
9.50447 0.104444
9.50517 0.105138
9.50567 0.105644
9.50733 0.107301
9.50821 0.10818
9.50887 0.00884332
9.509 0.0086522
9.509 0.0086522
9.509 0.0086522
9.509 0.0086522
9.509 0.00852382
9.509 0.00852382
9.50913 0.0086522
9.50913 0.0087806
9.50913 0.0087806
9.50913 0.0086522
9.50913 0.0086522
9.50913 0.0086522
9.5096 0.109574
9.51198 0.111946
9.5123 0.0122742
9.51305 0.113026
9.51337 0.11334
9.51369 0.11366
9.51401 0.113979
9.51401 0.113979
9.51588 0.115854
9.51707 0.117044
9.51802 0.0179889
9.51802 0.117986
9.51902 0.0189904
9.51934 0.119309
9.51966 0.01965
9.52035 0.120321
9.52251 0.0224768
9.5232 0.0231774
9.52352 0.123488
9.52384 0.123808
9.52475 0.0247191
9.52594 0.125909
9.52688 0.12685
9.52748 0.0274505
9.5278 0.127769
9.52849 0.128462
9.52862 0.00860658
9.52862 0.00860658
9.52862 0.00860658
9.52862 0.00860658
9.52862 0.00847819
9.52862 0.00847819
9.52875 0.00860658
9.52875 0.00873497
9.52875 0.00873497
9.52875 0.00860658
9.52875 0.00860658
9.52875 0.00860658
9.52875 0.00860658
9.52957 0.12954
9.53123 0.131197
9.53239 0.0323648
9.53501 0.0349782
9.53533 0.0352977
9.53627 0.136239
9.53705 0.137025
9.53812 0.0380914
9.53872 0.0386908
9.54171 0.0416853
9.54427 0.144243
9.54869 0.00866861
9.54869 0.00866861
9.54869 0.00866861
9.54901 0.00866412
9.54901 0.00866412
9.54901 0.00898363
9.54932 0.00865963
9.54932 0.00897913
9.54932 0.00865963
9.54964 0.00897464
9.54964 0.00865513
9.54964 0.00865513
9.5507 0.0506838
9.55249 0.0524575
9.55346 0.0534302
9.55378 0.0537574
9.55649 0.0564642
9.55703 0.0570014
9.56186 0.061831
9.56364 0.0636124
9.56844 0.0684109
9.56857 0.00854022
9.56857 0.00854022
9.56857 0.00854022
9.56857 0.00854022
9.56857 0.00854022
9.5687 0.00866861
9.5687 0.00854022
9.5687 0.00854022
9.5687 0.00854022
9.5687 0.00854022
9.5687 0.00854022
9.57229 0.0722571
9.57282 0.0727943
9.57495 0.0749178
9.57533 0.0752995
9.5786 0.0785739
9.57973 0.0797021
9.58108 0.0810481
9.5814 0.0813676
9.58237 0.0823403
9.58359 0.0835618
9.58515 0.0851332
9.58597 0.0859504
9.58629 0.0862621
9.58661 0.0865817
9.58848 0.00847214
9.58848 0.00847214
9.58848 0.00847214
9.58848 0.00847214
9.58848 0.00847214
9.58861 0.00860052
9.58861 0.00847214
9.58861 0.00847214
9.58861 0.00847214
9.58861 0.00847214
9.58861 0.00847214
9.58965 0.0896191
9.59171 0.0916805
9.59337 0.0933374
9.59552 0.0954921
9.59609 0.0960604
9.59641 0.0963799
9.59673 0.0967072
9.59705 0.0970246
9.59762 0.0975873
9.59899 0.0989643
9.59934 0.0993149
9.60035 0.100319
9.60067 0.100646
9.60167 0.101642
9.60289 0.102864
9.60449 0.104466
9.60518 0.105151
9.60569 0.105657
9.60734 0.107314
9.60822 0.108194
9.60888 0.0088637
9.60901 0.00867258
9.60901 0.00867258
9.60901 0.00867258
9.60901 0.00867258
9.60901 0.00854419
9.60901 0.00854419
9.60914 0.00867258
9.60914 0.00880097
9.60914 0.00880097
9.60914 0.00867258
9.60914 0.00867258
9.60914 0.00867258
9.60962 0.109587
9.61199 0.111959
9.61231 0.0122961
9.61303 0.113008
9.61335 0.113322
9.61367 0.113642
9.61399 0.113961
9.61399 0.113961
9.6159 0.115867
9.61706 0.117026
9.618 0.0179831
9.61832 0.118288
9.61901 0.0189811
9.61933 0.1193
9.61965 0.0196355
9.62034 0.120312
9.6225 0.0224675
9.62319 0.0231767
9.62351 0.123479
9.62383 0.123798
9.62474 0.0247097
9.6259 0.125868
9.62687 0.126841
9.6275 0.0274723
9.62782 0.127791
9.62851 0.128484
9.62864 0.00863542
9.62864 0.00863542
9.62864 0.00863542
9.62864 0.00863542
9.62864 0.00850703
9.62864 0.00850703
9.62877 0.00863542
9.62877 0.00876381
9.62877 0.00876381
9.62877 0.00863542
9.62877 0.00863542
9.62877 0.00863542
9.62877 0.00863542
9.62959 0.129562
9.63122 0.131188
9.63238 0.0323641
9.635 0.0349689
9.63532 0.0352884
9.63626 0.136229
9.63704 0.137015
9.63811 0.038082
9.63871 0.0386815
9.6417 0.0416759
9.64429 0.144265
9.64868 0.00866635
9.64868 0.00866635
9.64868 0.00866635
9.649 0.00866186
9.649 0.00866186
9.649 0.00898136
9.64931 0.00865737
9.64931 0.00897687
9.64931 0.00865737
9.64963 0.00897238
9.64963 0.00865287
9.64963 0.00865287
9.65069 0.0506831
9.65251 0.0524792
9.65345 0.0534208
9.65377 0.0537567
9.65648 0.0564548
9.65702 0.0569921
9.66188 0.0618527
9.66363 0.063603
9.66843 0.0684015
9.66856 0.00853796
9.66856 0.00853796
9.66856 0.00853796
9.66856 0.00853796
9.66856 0.00853796
9.66869 0.00866635
9.66869 0.00853796
9.66869 0.00853796
9.66869 0.00853796
9.66869 0.00853796
9.66869 0.00853796
9.67228 0.0722477
9.67284 0.072816
9.67494 0.0749085
9.67532 0.0752902
9.67862 0.0785957
9.67975 0.0797239
9.68107 0.0810387
9.68139 0.0813582
9.68236 0.0823309
9.68358 0.0835524
9.68514 0.0851325
9.68593 0.0859186
9.68628 0.0862528
9.6866 0.0865723
9.68847 0.00846987
9.68847 0.00846987
9.68847 0.00846987
9.68847 0.00846987
9.68847 0.00846987
9.6886 0.00859826
9.6886 0.00846987
9.6886 0.00846987
9.6886 0.00846987
9.6886 0.00846987
9.6886 0.00846987
9.68967 0.0896409
9.6917 0.0916711
9.69339 0.0933592
9.69551 0.0954827
9.69611 0.0960822
9.69643 0.0964017
9.69675 0.0967376
9.69707 0.0970464
9.69761 0.0975779
9.69898 0.098955
9.69933 0.0993056
9.70037 0.10034
9.70069 0.100676
9.70169 0.101664
9.70291 0.102885
9.70448 0.104465
9.70517 0.105142
9.70568 0.105648
9.70733 0.107305
9.70821 0.108184
9.70887 0.00886143
9.709 0.00867032
9.709 0.00867032
9.709 0.00867032
9.709 0.00867032
9.709 0.00854193
9.709 0.00854193
9.70913 0.00867032
9.70913 0.00879871
9.70913 0.00879871
9.70913 0.00867032
9.70913 0.00867032
9.70913 0.00867032
9.70961 0.109578
9.71198 0.11195
9.7123 0.0122954
9.71302 0.112999
9.71334 0.113313
9.71366 0.113632
9.71398 0.113952
9.71398 0.113952
9.71589 0.115858
9.71708 0.117048
9.71799 0.0179859
9.71831 0.118278
9.719 0.0189717
9.71932 0.11929
9.71964 0.0196209
9.72033 0.120303
9.72249 0.0224581
9.72318 0.0231759
9.7235 0.12347
9.72382 0.123789
9.72473 0.0247004
9.72592 0.12589
9.72689 0.126863
9.72749 0.0274629
9.72781 0.127782
9.7285 0.128474
9.72863 0.00860206
9.72863 0.00860206
9.72863 0.00860206
9.72863 0.00860206
9.72863 0.00847367
9.72863 0.00847367
9.72876 0.00860206
9.72876 0.00873044
9.72876 0.00873044
9.72876 0.00860206
9.72876 0.00860206
9.72876 0.00860206
9.72876 0.00860206
9.72958 0.129552
9.73124 0.131209
9.73237 0.0323634
9.73502 0.0349906
9.73534 0.0353101
9.73628 0.136251
9.73703 0.137006
9.73813 0.0381038
9.7387 0.0386721
9.74172 0.0416977
9.74428 0.144256
9.74867 0.00866409
9.74867 0.00866409
9.74867 0.00866409
9.74899 0.00865959
9.74899 0.00865959
9.74899 0.0089791
9.7493 0.0086551
9.7493 0.00897461
9.7493 0.0086551
9.74962 0.00897012
9.74962 0.00865061
9.74962 0.00865061
9.75068 0.0506824
9.7525 0.0524699
9.75344 0.0534114
9.75376 0.053756
9.75647 0.0564455
9.75701 0.0569827
9.76187 0.0618434
9.76362 0.0635937
9.76842 0.0683922
9.76855 0.00853569
9.76855 0.00853569
9.76855 0.00853569
9.76855 0.00853569
9.76855 0.00853569
9.76868 0.00866409
9.76868 0.00853569
9.76868 0.00853569
9.76868 0.00853569
9.76868 0.00853569
9.76868 0.00853569
9.77227 0.0722384
9.77283 0.0728067
9.77493 0.0748991
9.77531 0.0752808
9.77861 0.0785863
9.77974 0.0797145
9.78109 0.0810605
9.78141 0.08138
9.78238 0.0823527
9.7836 0.0835742
9.78513 0.0851318
9.78592 0.0859179
9.78627 0.0862434
9.78659 0.0865629
9.78849 0.00846761
9.78849 0.00846761
9.78849 0.00846761
9.78849 0.00846761
9.78849 0.00846761
9.78862 0.008596
9.78862 0.00846761
9.78862 0.00846761
9.78862 0.00846761
9.78862 0.00846761
9.78862 0.00846761
9.78966 0.0896315
9.79169 0.0916618
9.79338 0.0933498
9.7955 0.0954734
9.7961 0.0960728
9.79642 0.0963923
9.79674 0.0967369
9.79706 0.097037
9.79763 0.0975997
9.79897 0.0989456
9.79935 0.0993273
9.80036 0.100331
9.80068 0.100676
9.80168 0.101654
9.8029 0.102876
9.80447 0.104465
9.80516 0.105132
9.80567 0.105639
9.80732 0.107295
9.80823 0.108206
9.80886 0.00885917
9.80899 0.00866805
9.80899 0.00866805
9.80899 0.00866805
9.80899 0.00866805
9.80899 0.00853966
9.80899 0.00853966
9.80912 0.00866805
9.80912 0.00879644
9.80912 0.00879644
9.80912 0.00866805
9.80912 0.00866805
9.80912 0.00866805
9.8096 0.109568
9.81197 0.111941
9.81229 0.0122636
9.81304 0.113021
9.81336 0.113335
9.81368 0.113654
9.814 0.113974
9.814 0.113974
9.81591 0.115879
9.81707 0.117039
9.81801 0.0179887
9.81801 0.11798
9.81901 0.018985
9.81933 0.119304
9.81965 0.019629
9.82034 0.120316
9.8225 0.0224714
9.82319 0.0231668
9.82351 0.123483
9.82383 0.123802
9.82474 0.0247137
9.8259 0.125872
9.82687 0.126845
9.82747 0.0274451
9.82779 0.127764
9.82848 0.128457
9.82861 0.00859133
9.82861 0.00859133
9.82861 0.00859133
9.82861 0.00859133
9.82861 0.00846293
9.82861 0.00846293
9.82874 0.00859133
9.82874 0.00871971
9.82874 0.00871971
9.82874 0.00859133
9.82874 0.00859133
9.82874 0.00859133
9.82874 0.00859133
9.82959 0.129566
9.83122 0.131191
9.83241 0.0323853
9.835 0.0349728
9.83532 0.0352923
9.83626 0.136233
9.83705 0.137019
9.83811 0.038086
9.83871 0.0386854
9.84171 0.0416799
9.8443 0.144269
9.84865 0.00865336
9.84865 0.00865336
9.84865 0.00865336
9.84897 0.00864887
9.84897 0.00864887
9.84897 0.00896837
9.84932 0.00867548
9.84932 0.00899498
9.84932 0.00867548
9.84963 0.00899049
9.84963 0.00867098
9.84963 0.00867098
9.85073 0.0507043
9.85251 0.0524831
9.85345 0.0534247
9.85377 0.0537468
9.85649 0.0564588
9.85702 0.056996
9.86188 0.0618567
9.86363 0.063607
9.86843 0.0684055
9.86856 0.00855607
9.86856 0.00855607
9.86856 0.00855607
9.86856 0.00855607
9.86856 0.00855607
9.86869 0.00868446
9.86869 0.00855607
9.86869 0.00855607
9.86869 0.00855607
9.86869 0.00855607
9.86869 0.00855607
9.87228 0.0722516
9.87285 0.07282
9.87494 0.0749124
9.87532 0.0752941
9.87863 0.0785996
9.87975 0.0797278
9.88107 0.0810427
9.88139 0.0813622
9.88236 0.0823349
9.88358 0.0835564
9.88515 0.0851226
9.88596 0.0859398
9.88628 0.0862567
9.8866 0.0865762
9.88847 0.00845688
9.88847 0.00845688
9.88847 0.00845688
9.88847 0.00845688
9.88847 0.00845688
9.8886 0.00858527
9.8886 0.00845688
9.8886 0.00845688
9.8886 0.00845688
9.8886 0.00845688
9.8886 0.00845688
9.88967 0.0896448
9.8917 0.091675
9.89336 0.093332
9.89551 0.0954867
9.89608 0.096055
9.8964 0.0963745
9.89672 0.0966966
9.89704 0.0970192
9.89761 0.0975819
9.89899 0.0989589
9.89934 0.0993095
9.90034 0.100313
9.90066 0.100635
9.90169 0.101668
9.90288 0.102858
9.90448 0.104456
9.90517 0.105146
9.90568 0.105652
9.90734 0.107309
9.90821 0.108188
9.90888 0.00884844
9.909 0.00865732
9.909 0.00865732
9.909 0.00865732
9.909 0.00865732
9.909 0.00852893
9.909 0.00852893
9.90913 0.00865732
9.90913 0.00878571
9.90913 0.00878571
9.90913 0.00865732
9.90913 0.00865732
9.90913 0.00865732
9.90961 0.109582
9.91198 0.111954
9.9123 0.0122855
9.9123 0.0090831
9.9123 0.0090831
9.91302 0.113003
9.91334 0.113317
9.91366 0.113636
9.91398 0.113956
9.91398 0.113956
9.91589 0.115862
9.91705 0.117021
9.91718 0.00856954
9.91718 0.00856954
9.91799 0.0179869
9.91831 0.118286
9.91901 0.0189796
9.91932 0.119298
9.91964 0.0196185
9.92034 0.120311
9.92124 0.00846482
9.92124 0.00846482
9.9225 0.02247
9.92319 0.023174
9.92351 0.123481
9.92383 0.123801
9.92474 0.0247123
9.92496 0.00847605
9.92496 0.00847605
9.9259 0.125875
9.92687 0.126847
9.92747 0.0274477
9.92779 0.127766
9.92852 0.12849
9.92865 0.0086428
9.92865 0.0086428
9.92865 0.0086428
9.92865 0.0086428
9.92865 0.00851441
9.92865 0.00851441
9.92877 0.0086428
9.92877 0.00877119
9.92877 0.00877119
9.92877 0.0086428
9.92877 0.0086428
9.92877 0.0086428
9.92877 0.0086428
9.92956 0.129537
9.92994 0.00846465
9.92994 0.00846465
9.93122 0.131198
9.93238 0.0323694
9.93304 0.00848158
9.93304 0.00848158
9.93501 0.0349833
9.93533 0.0353028
9.93627 0.136244
9.93706 0.13703
9.93722 0.00848434
9.93722 0.00848434
9.93813 0.0381005
9.93869 0.0386688
9.94116 0.00850128
9.94116 0.00850128
9.94172 0.0416983
9.94428 0.144257
9.94513 0.00845531
9.94513 0.00845531
9.94868 0.00867304
9.94868 0.00867304
9.94868 0.00867304
9.94899 0.00866855
9.94899 0.00866855
9.94899 0.00898805
9.94931 0.00866405
9.94931 0.00898356
9.94931 0.00866405
9.94962 0.00897907
9.94962 0.00865956
9.94962 0.00865956
9.94981 0.00846844
9.94981 0.00846844
9.95069 0.0506772
9.9525 0.0524785
9.95345 0.05342
9.95377 0.0537508
9.95536 0.00865783
9.95536 0.00865783
9.95648 0.056458
9.95702 0.0569953
9.95942 0.00848365
9.95942 0.00848365
9.96185 0.0618288
9.9632 0.00846101
9.9632 0.00846101
9.96364 0.0636142
9.96722 0.00846948
9.96722 0.00846948
9.96844 0.0684167
9.96857 0.00854015
9.96857 0.00854015
9.96857 0.00854015
9.96857 0.00854015
9.96857 0.00854015
9.9687 0.00866854
9.9687 0.00854015
9.9687 0.00854015
9.9687 0.00854015
9.9687 0.00854015
9.9687 0.00854015
9.97129 0.00847795
9.97129 0.00847795
9.97229 0.0722668
9.97283 0.0728041
9.97495 0.0749276
9.97533 0.0753093
9.97605 0.00848071
9.97605 0.00848071
9.97861 0.0785877
9.97943 0.00845807
9.97943 0.00845807
9.97975 0.0797199
9.98109 0.0810658
9.98141 0.0813853
9.98235 0.0823269
9.98357 0.0835484
9.98373 0.0084693
9.98373 0.0084693
9.98514 0.0851273
9.98596 0.0859445
9.98628 0.0862527
9.9866 0.0865722
9.98794 0.00847207
9.98794 0.00847207
9.9885 0.00847207
9.9885 0.00847207
9.9885 0.00847207
9.9885 0.00847207
9.9885 0.00847207
9.98863 0.00860046
9.98863 0.00847207
9.98863 0.00847207
9.98863 0.00847207
9.98863 0.00847207
9.98863 0.00847207
9.98967 0.0896448
9.9917 0.091675
9.99339 0.0933631
9.99436 0.00865299
9.99436 0.00865299
9.99552 0.0954906
9.99608 0.096059
9.9964 0.0963785
9.99672 0.0967092
9.99704 0.0970232
9.99761 0.0975858
9.99799 0.00848157
9.99799 0.00848157
9.99899 0.0989668
9.99934 0.0993174

